week,week_cat,cycle_id,direction,exit_type,max_position,pnl_ticks,net_pnl,ema_spread,d_ema9,d_spread,d2_ema9,seed_dt,seed_bar
2025-W40,WEAKEST,285,LONG,REVERSAL,1,40.0,196.5,-1.3818,-0.1571,0.0439,1.7893,2025-09-29 09:30:50,2641000
2025-W40,WEAKEST,286,SHORT,REVERSAL,1,40.0,196.5,1.3443,0.4617,0.1426,-1.8029,2025-09-29 09:31:22,2642500
2025-W40,WEAKEST,287,LONG,REVERSAL,1,41.0,201.5,4.2719,0.7967,0.0508,0.9883,2025-09-29 09:32:45,2646020
2025-W40,WEAKEST,288,LONG,REVERSAL,2,40.0,193.0,3.8336,0.1731,-0.2795,0.7067,2025-09-29 09:33:19,2647250
2025-W40,WEAKEST,289,LONG,REVERSAL,1,40.0,196.5,-1.0849,-0.8768,-0.4176,-1.7808,2025-09-29 09:36:49,2652959
2025-W40,WEAKEST,290,LONG,REVERSAL,2,42.0,203.0,2.6988,-0.1125,-0.3374,-0.0344,2025-09-29 09:38:08,2655428
2025-W40,WEAKEST,291,SHORT,HARD_STOP,2,-120.0,-607.0,5.9096,0.9396,-0.0272,-1.0474,2025-09-29 09:45:00,2668000
2025-W40,WEAKEST,292,LONG,REVERSAL,1,40.0,196.5,1.751,-0.6357,-0.5565,0.5964,2025-09-29 09:48:11,2676250
2025-W40,WEAKEST,293,SHORT,REVERSAL,1,40.0,196.5,3.9156,0.8274,0.1049,-0.4569,2025-09-29 09:50:35,2680750
2025-W40,WEAKEST,294,SHORT,REVERSAL,1,40.0,196.5,4.2893,1.6227,0.5447,-0.1557,2025-09-29 09:54:04,2687322
2025-W40,WEAKEST,295,LONG,REVERSAL,1,40.0,196.5,-2.3691,-2.0158,-0.9726,0.629,2025-09-29 09:55:36,2690250
2025-W40,WEAKEST,296,SHORT,REVERSAL,1,40.0,196.5,-0.9289,0.1365,0.1748,-0.7841,2025-09-29 09:57:31,2692760
2025-W40,WEAKEST,297,SHORT,REVERSAL,2,40.0,193.0,-0.8881,0.9074,0.6332,2.1482,2025-09-29 09:58:09,2693468
2025-W40,WEAKEST,298,SHORT,REVERSAL,1,40.0,196.5,6.4413,1.3656,0.1752,-1.0289,2025-09-29 10:08:00,2709000
2025-W40,WEAKEST,299,LONG,HARD_STOP,2,-120.0,-607.0,-1.2659,0.5669,0.4667,-0.2042,2025-09-29 10:14:34,2718804
2025-W40,WEAKEST,300,SHORT,HARD_STOP,2,-120.0,-607.0,-6.1025,0.1251,0.6853,0.4687,2025-09-29 10:20:54,2726272
2025-W40,WEAKEST,301,SHORT,REVERSAL,1,40.0,196.5,3.7726,-0.2554,-0.5305,-0.6861,2025-09-29 10:27:21,2733750
2025-W40,WEAKEST,302,LONG,REVERSAL,1,40.0,196.5,-2.7129,-0.2162,0.1416,1.4915,2025-09-29 10:33:31,2738750
2025-W40,WEAKEST,303,SHORT,REVERSAL,1,40.0,196.5,-0.2125,0.3149,0.2102,-1.4537,2025-09-29 10:35:11,2740000
2025-W40,WEAKEST,304,SHORT,REVERSAL,1,40.0,196.5,-0.0966,-0.696,-0.408,-1.8885,2025-09-29 10:52:40,2752750
2025-W40,WEAKEST,305,LONG,REVERSAL,1,41.0,201.5,-6.2501,-1.2552,-0.1281,-1.3112,2025-09-29 10:57:16,2757876
2025-W40,WEAKEST,306,SHORT,REVERSAL,1,40.0,196.5,1.3061,0.736,0.311,-0.684,2025-09-29 11:01:33,2762005
2025-W40,WEAKEST,307,SHORT,REVERSAL,1,40.0,196.5,-1.5029,-0.8068,-0.3338,-1.2983,2025-09-29 11:07:01,2765760
2025-W40,WEAKEST,308,SHORT,REVERSAL,1,40.0,196.5,-4.5696,-0.3836,0.2268,-0.8416,2025-09-29 11:10:37,2769500
2025-W40,WEAKEST,309,LONG,HARD_STOP,2,-120.0,-607.0,-6.9941,-0.9041,0.1569,1.351,2025-09-29 11:12:20,2772000
2025-W40,WEAKEST,310,SHORT,REVERSAL,1,40.0,196.5,-2.4542,0.084,0.2958,-1.5835,2025-09-29 11:16:46,2780000
2025-W40,WEAKEST,311,SHORT,REVERSAL,2,40.0,193.0,0.7755,0.2416,0.0674,-0.9354,2025-09-29 11:21:30,2788000
2025-W40,WEAKEST,312,SHORT,REVERSAL,1,40.0,196.5,-1.1066,-0.5592,-0.2249,-0.5477,2025-09-29 11:25:15,2793265
2025-W40,WEAKEST,313,LONG,REVERSAL,1,40.0,196.5,-3.6303,-0.563,0.0252,0.5783,2025-09-29 11:28:48,2797261
2025-W40,WEAKEST,314,SHORT,REVERSAL,1,41.0,201.5,-2.0618,-0.1628,0.1085,-1.1468,2025-09-29 11:30:17,2799050
2025-W40,WEAKEST,315,LONG,REVERSAL,1,40.0,196.5,-2.3767,-0.6495,-0.152,0.4749,2025-09-29 11:34:34,2804579
2025-W40,WEAKEST,316,LONG,REVERSAL,1,40.0,196.5,-0.5591,0.678,0.4627,0.643,2025-09-29 11:37:38,2809500
2025-W40,WEAKEST,317,LONG,REVERSAL,1,41.0,201.5,0.0765,-0.5412,-0.3324,0.6978,2025-09-29 11:40:51,2812750
2025-W40,WEAKEST,318,LONG,HARD_STOP,2,-120.0,-607.0,1.622,0.2619,-0.005,1.1845,2025-09-29 11:46:00,2817273
2025-W40,WEAKEST,319,SHORT,REVERSAL,1,40.0,196.5,-2.945,-0.0581,0.2596,-1.173,2025-09-29 11:51:30,2823000
2025-W40,WEAKEST,320,SHORT,REVERSAL,2,40.0,193.0,-2.5939,0.8445,0.7661,0.3514,2025-09-29 11:54:15,2826029
2025-W40,WEAKEST,321,LONG,REVERSAL,1,40.0,196.5,-1.8564,-0.6713,-0.2171,1.4178,2025-09-29 11:56:27,2828502
2025-W40,WEAKEST,322,SHORT,REVERSAL,1,40.0,196.5,3.452,1.1531,0.3467,-0.6633,2025-09-29 12:00:15,2831756
2025-W40,WEAKEST,323,LONG,REVERSAL,1,40.0,196.5,-4.3806,-0.7699,-0.0239,-0.5575,2025-09-29 12:04:11,2836026
2025-W40,WEAKEST,324,SHORT,REVERSAL,2,40.0,193.0,5.0996,0.8769,0.0162,0.9683,2025-09-29 12:12:00,2842196
2025-W40,WEAKEST,325,SHORT,REVERSAL,1,40.0,196.5,-1.53,1.1631,0.8509,-1.0408,2025-09-29 12:19:21,2850250
2025-W40,WEAKEST,326,SHORT,REVERSAL,2,40.0,193.0,2.6365,0.9392,0.2998,0.9527,2025-09-29 12:24:11,2853538
2025-W40,WEAKEST,327,SHORT,REVERSAL,1,40.0,196.5,-3.6081,-0.096,0.3032,-0.726,2025-09-29 12:46:23,2865750
2025-W40,WEAKEST,328,LONG,REVERSAL,1,40.0,196.5,-3.4307,-0.3407,0.1387,0.6477,2025-09-29 12:57:41,2872755
2025-W40,WEAKEST,329,LONG,HARD_STOP,2,-120.0,-607.0,-0.0706,0.2368,0.1492,0.8158,2025-09-29 13:00:22,2874869
2025-W40,WEAKEST,330,SHORT,REVERSAL,1,40.0,196.5,2.8804,1.1048,0.3748,-0.6512,2025-09-29 13:18:19,2889500
2025-W40,WEAKEST,331,SHORT,REVERSAL,1,42.0,206.5,0.9618,0.4488,0.1731,-0.1747,2025-09-29 13:24:11,2893010
2025-W40,WEAKEST,332,SHORT,REVERSAL,2,40.0,193.0,-0.8075,-0.128,0.004,0.532,2025-09-29 13:38:13,2901588
2025-W40,WEAKEST,333,SHORT,HARD_STOP,2,-120.0,-607.0,4.6016,1.147,0.2281,-0.9118,2025-09-29 13:52:59,2909250
2025-W40,WEAKEST,334,LONG,HARD_STOP,2,-120.0,-607.0,0.9076,0.3939,0.1456,-0.7235,2025-09-29 14:48:22,2937303
2025-W40,WEAKEST,335,LONG,REVERSAL,1,40.0,196.5,-5.5438,-1.3393,-0.2492,0.8973,2025-09-29 15:07:06,2947000
2025-W40,WEAKEST,336,LONG,REVERSAL,1,40.0,196.5,-3.668,0.2123,0.4942,1.2594,2025-09-29 15:16:53,2959250
2025-W40,WEAKEST,337,SHORT,REVERSAL,2,40.0,193.0,3.832,0.6127,-0.0156,-0.7782,2025-09-29 15:21:03,2964000
2025-W40,WEAKEST,338,SHORT,HARD_STOP,2,-120.0,-607.0,0.2605,-0.1302,-0.1042,-0.78,2025-09-29 15:35:07,2974500
2025-W40,WEAKEST,339,LONG,REVERSAL,1,40.0,196.5,-4.2214,-1.5473,-0.5062,1.3868,2025-09-30 09:30:39,3089000
2025-W40,WEAKEST,340,LONG,REVERSAL,2,40.0,193.0,-9.4163,-2.0436,-0.2845,0.0109,2025-09-30 09:33:45,3095250
2025-W40,WEAKEST,341,LONG,REVERSAL,1,40.0,196.5,-4.0571,0.0344,0.4264,1.2414,2025-09-30 09:35:42,3099751
2025-W40,WEAKEST,342,SHORT,REVERSAL,1,40.0,196.5,0.5829,0.4667,0.2217,-1.4292,2025-09-30 09:36:33,3101282
2025-W40,WEAKEST,343,LONG,REVERSAL,2,44.0,213.0,-3.6001,-1.9023,-0.7814,0.7881,2025-09-30 09:37:20,3102500
2025-W40,WEAKEST,344,SHORT,REVERSAL,1,40.0,196.5,-3.9817,-0.8014,-0.0827,-1.6746,2025-09-30 09:38:53,3106762
2025-W40,WEAKEST,345,SHORT,REVERSAL,1,40.0,196.5,2.5793,1.5226,0.6556,-0.8182,2025-09-30 09:40:30,3109500
2025-W40,WEAKEST,346,SHORT,REVERSAL,1,41.0,201.5,1.7146,-0.0215,-0.1844,1.3804,2025-09-30 09:41:43,3111373
2025-W40,WEAKEST,347,SHORT,HARD_STOP,2,-120.0,-607.0,4.9845,1.7468,0.5497,-1.0617,2025-09-30 09:44:02,3113750
2025-W40,WEAKEST,348,LONG,REVERSAL,2,40.0,193.0,5.4825,-0.5931,-0.9041,-0.2892,2025-09-30 09:46:07,3118766
2025-W40,WEAKEST,349,LONG,HARD_STOP,2,-120.0,-607.0,-5.3287,-0.8545,0.0202,-0.9114,2025-09-30 09:50:06,3124733
2025-W40,WEAKEST,350,LONG,REVERSAL,2,40.0,193.0,-8.4925,-0.9277,0.2926,-0.7681,2025-09-30 09:54:43,3131611
2025-W40,WEAKEST,351,SHORT,REVERSAL,1,40.0,196.5,7.0351,1.1269,-0.0274,-0.4067,2025-09-30 10:03:07,3146001
2025-W40,WEAKEST,352,LONG,REVERSAL,2,40.0,193.0,-4.4742,0.7197,0.8792,0.1326,2025-09-30 10:07:22,3154250
2025-W40,WEAKEST,353,LONG,REVERSAL,1,40.0,196.5,-3.2521,-0.9931,-0.2706,1.7483,2025-09-30 10:11:56,3159500
2025-W40,WEAKEST,354,SHORT,REVERSAL,1,40.0,196.5,2.7255,0.7141,0.1559,-1.241,2025-09-30 10:14:51,3162750
2025-W40,WEAKEST,355,SHORT,REVERSAL,2,40.0,193.0,0.0368,0.3944,0.233,-0.4736,2025-09-30 10:20:27,3169253
2025-W40,WEAKEST,356,LONG,REVERSAL,1,40.0,196.5,-3.7222,-1.5696,-0.5695,1.2049,2025-09-30 10:24:33,3173250
2025-W40,WEAKEST,357,LONG,REVERSAL,1,40.0,196.5,0.2621,0.9228,0.5275,0.4568,2025-09-30 10:27:51,3176518
2025-W40,WEAKEST,358,LONG,REVERSAL,1,42.0,206.5,2.4284,0.7582,0.2121,1.1855,2025-09-30 10:30:23,3178503
2025-W40,WEAKEST,359,SHORT,REVERSAL,1,40.0,196.5,8.3627,1.4842,0.0542,-1.0585,2025-09-30 10:31:44,3180750
2025-W40,WEAKEST,360,LONG,REVERSAL,1,40.0,196.5,2.1761,-0.9632,-0.7956,1.0533,2025-09-30 10:33:39,3182750
2025-W40,WEAKEST,361,LONG,HARD_STOP,2,-120.0,-607.0,-2.0608,-0.434,-0.0543,-1.0165,2025-09-30 10:36:27,3185522
2025-W40,WEAKEST,362,SHORT,HARD_STOP,2,-120.0,-607.0,-2.921,0.63,0.6701,-0.9075,2025-09-30 10:40:40,3191500
2025-W40,WEAKEST,363,LONG,REVERSAL,1,40.0,196.5,4.7976,1.3988,0.3595,1.0253,2025-09-30 10:42:18,3194000
2025-W40,WEAKEST,364,SHORT,HARD_STOP,2,-120.0,-607.0,6.0617,0.1938,-0.4899,-1.1735,2025-09-30 10:47:00,3198750
2025-W40,WEAKEST,365,LONG,REVERSAL,1,40.0,196.5,9.0156,0.6796,-0.4938,0.8926,2025-09-30 10:48:38,3202750
2025-W40,WEAKEST,366,SHORT,REVERSAL,1,40.0,196.5,7.0355,1.8724,0.4199,-0.2181,2025-09-30 10:55:46,3211500
2025-W40,WEAKEST,367,LONG,REVERSAL,1,40.0,196.5,0.9852,-1.093,-0.7543,0.4608,2025-09-30 10:56:28,3213528
2025-W40,WEAKEST,368,SHORT,REVERSAL,1,40.0,196.5,4.7331,1.2278,0.2634,-0.932,2025-09-30 11:00:33,3218250
2025-W40,WEAKEST,369,SHORT,REVERSAL,1,40.0,196.5,1.3372,1.0527,0.4979,-0.8257,2025-09-30 11:05:02,3223500
2025-W40,WEAKEST,370,SHORT,REVERSAL,1,40.0,196.5,-1.135,0.3329,0.3132,-1.5207,2025-09-30 11:12:33,3231000
2025-W40,WEAKEST,371,LONG,HARD_STOP,2,-120.0,-607.0,-0.9038,-1.085,-0.5606,-0.3538,2025-09-30 11:23:47,3246012
2025-W40,WEAKEST,372,LONG,REVERSAL,1,40.0,196.5,-10.2031,-2.6371,-0.5619,1.4718,2025-09-30 11:27:25,3250250
2025-W40,WEAKEST,373,SHORT,HARD_STOP,2,-120.0,-607.0,-0.4938,0.8293,0.5469,-0.3323,2025-09-30 11:29:26,3253501
2025-W40,WEAKEST,374,LONG,HARD_STOP,2,-120.0,-607.0,-2.3221,0.2697,0.394,-0.3799,2025-09-30 11:36:36,3262000
2025-W40,WEAKEST,375,SHORT,REVERSAL,2,40.0,193.0,7.49,1.7671,0.3112,1.3082,2025-09-30 11:50:35,3273654
2025-W40,WEAKEST,376,SHORT,REVERSAL,2,40.0,193.0,1.7254,0.0963,-0.1147,2.0384,2025-09-30 12:01:19,3283831
2025-W40,WEAKEST,377,LONG,REVERSAL,1,40.0,196.5,-5.1022,-2.1337,-0.77,1.1584,2025-09-30 12:08:40,3288267
2025-W40,WEAKEST,378,SHORT,REVERSAL,1,42.0,206.5,9.032,1.1146,-0.2345,-1.2786,2025-09-30 12:21:55,3298786
2025-W40,WEAKEST,379,LONG,REVERSAL,2,40.0,193.0,-1.1185,-1.5047,-0.7909,0.6262,2025-09-30 12:24:41,3301250
2025-W40,WEAKEST,380,LONG,REVERSAL,2,40.0,193.0,-1.2106,-0.4508,-0.1494,0.2377,2025-09-30 12:37:42,3307838
2025-W40,WEAKEST,381,LONG,HARD_STOP,2,-120.0,-607.0,-2.7993,-0.4599,0.004,-1.135,2025-09-30 12:53:23,3314935
2025-W40,WEAKEST,382,SHORT,REVERSAL,1,40.0,196.5,-5.0508,-0.2664,0.3452,-0.8709,2025-09-30 12:59:50,3318750
2025-W40,WEAKEST,383,SHORT,REVERSAL,1,40.0,196.5,-1.9826,-0.0763,0.1525,-0.6684,2025-09-30 13:09:39,3323778
2025-W40,WEAKEST,384,SHORT,REVERSAL,1,40.0,196.5,-0.0987,0.8061,0.4935,-1.2015,2025-09-30 13:16:22,3328500
2025-W40,WEAKEST,385,LONG,REVERSAL,1,40.0,196.5,-6.697,-1.4037,-0.1725,0.9759,2025-09-30 13:24:27,3333500
2025-W40,WEAKEST,386,LONG,REVERSAL,1,41.0,201.5,-5.1764,-0.1137,0.4494,1.4659,2025-09-30 13:27:51,3335500
2025-W40,WEAKEST,387,LONG,REVERSAL,1,40.0,196.5,-1.5542,-0.1101,0.0894,0.9025,2025-09-30 13:30:09,3337500
2025-W40,WEAKEST,388,SHORT,HARD_STOP,2,-120.0,-607.0,2.0619,0.9678,0.3745,-0.742,2025-09-30 13:40:41,3344750
2025-W40,WEAKEST,389,LONG,REVERSAL,2,40.0,193.0,-2.4693,-0.3287,0.0497,-0.0428,2025-09-30 13:57:43,3357757
2025-W40,WEAKEST,390,SHORT,HARD_STOP,2,-120.0,-607.0,6.6541,0.573,-0.3216,0.7942,2025-09-30 14:13:51,3368377
2025-W40,WEAKEST,391,LONG,REVERSAL,1,40.0,196.5,1.5254,0.9952,0.4446,1.0012,2025-09-30 14:20:13,3374750
2025-W40,WEAKEST,392,SHORT,HARD_STOP,2,-120.0,-607.0,3.5911,1.083,0.2907,-0.1458,2025-09-30 14:25:13,3377750
2025-W40,WEAKEST,393,LONG,REVERSAL,1,40.0,196.5,0.8533,-0.9287,-0.6425,-1.3303,2025-09-30 14:52:03,3394054
2025-W40,WEAKEST,394,LONG,REVERSAL,1,40.0,196.5,-4.1681,-1.1046,-0.246,-1.2238,2025-09-30 15:16:19,3407607
2025-W40,WEAKEST,395,SHORT,HARD_STOP,2,-120.0,-607.0,4.7692,0.7691,-0.0155,-0.5048,2025-09-30 15:25:42,3414000
2025-W40,WEAKEST,396,LONG,HARD_STOP,2,-120.0,-607.0,-0.689,-0.4732,-0.215,-0.8192,2025-09-30 15:37:38,3424350
2025-W40,WEAKEST,397,SHORT,EOD_FLATTEN,2,-106.0,-537.0,3.1074,0.2274,-0.1743,0.6931,2025-09-30 15:47:30,3433733
2025-W40,WEAKEST,398,LONG,REVERSAL,1,41.0,201.5,-4.5607,0.1021,0.5173,1.5995,2025-10-01 09:30:10,3579250
2025-W40,WEAKEST,399,LONG,REVERSAL,1,40.0,196.5,-6.6248,-1.1082,-0.0025,1.5896,2025-10-01 09:30:21,3580500
2025-W40,WEAKEST,400,SHORT,REVERSAL,1,40.0,196.5,12.7507,2.5234,0.239,-2.8183,2025-10-01 09:31:35,3585500
2025-W40,WEAKEST,401,SHORT,HARD_STOP,2,-120.0,-607.0,12.6139,1.8104,-0.1752,-0.8276,2025-10-01 09:31:49,3586500
2025-W40,WEAKEST,402,SHORT,REVERSAL,1,40.0,196.5,8.2007,0.7187,-0.3889,-1.6797,2025-10-01 09:34:06,3592750
2025-W40,WEAKEST,403,LONG,REVERSAL,1,40.0,196.5,1.7165,-1.2427,-0.9173,1.6232,2025-10-01 09:34:50,3594500
2025-W40,WEAKEST,404,LONG,REVERSAL,1,40.0,196.5,4.0822,0.8839,0.1221,1.279,2025-10-01 09:36:51,3598763
2025-W40,WEAKEST,405,LONG,REVERSAL,1,42.0,206.5,2.136,-0.4689,-0.495,1.1172,2025-10-01 09:37:59,3600500
2025-W40,WEAKEST,406,LONG,REVERSAL,2,40.0,193.0,2.1638,-0.1101,-0.2825,-1.035,2025-10-01 09:38:32,3601148
2025-W40,WEAKEST,407,LONG,HARD_STOP,2,-120.0,-607.0,-2.1918,-0.2826,0.0496,-1.4294,2025-10-01 09:46:35,3612966
2025-W40,WEAKEST,408,LONG,REVERSAL,1,40.0,196.5,-12.8518,-2.3534,-0.1269,1.8384,2025-10-01 09:49:03,3618002
2025-W40,WEAKEST,409,LONG,HARD_STOP,2,-120.0,-607.0,-12.1757,-1.4748,0.3327,0.9937,2025-10-01 09:49:28,3619500
2025-W40,WEAKEST,410,SHORT,HARD_STOP,2,-120.0,-607.0,-13.5369,-1.9995,0.154,0.1249,2025-10-01 09:50:03,3622116
2025-W40,WEAKEST,411,LONG,REVERSAL,1,40.0,196.5,2.869,0.8572,0.2274,0.8482,2025-10-01 09:51:25,3626250
2025-W40,WEAKEST,412,LONG,REVERSAL,1,40.0,196.5,2.3287,0.072,-0.1897,1.2945,2025-10-01 09:52:54,3628266
2025-W40,WEAKEST,413,SHORT,REVERSAL,1,40.0,196.5,6.6956,1.7542,0.383,-1.7511,2025-10-01 09:54:03,3630250
2025-W40,WEAKEST,414,SHORT,REVERSAL,1,40.0,196.5,7.212,-0.5314,-1.0401,0.6329,2025-10-01 09:57:46,3636488
2025-W40,WEAKEST,415,SHORT,REVERSAL,1,40.0,196.5,2.364,-1.1429,-0.9221,0.7232,2025-10-01 09:58:31,3637327
2025-W40,WEAKEST,416,LONG,REVERSAL,1,40.0,196.5,-6.2025,-0.5167,0.3102,3.1917,2025-10-01 09:59:40,3639250
2025-W40,WEAKEST,417,SHORT,REVERSAL,1,40.0,196.5,-6.2025,-0.5167,0.3102,3.1917,2025-10-01 09:59:46,3639426
2025-W40,WEAKEST,418,SHORT,REVERSAL,1,43.0,211.5,3.1824,0.9473,0.2501,-2.3618,2025-10-01 10:01:14,3642250
2025-W40,WEAKEST,419,LONG,REVERSAL,1,40.0,196.5,3.1824,0.9473,0.2501,-2.3618,2025-10-01 10:01:16,3642461
2025-W40,WEAKEST,420,SHORT,REVERSAL,1,40.0,196.5,5.6984,-0.4408,-0.8343,-0.4523,2025-10-01 10:05:42,3648508
2025-W40,WEAKEST,421,SHORT,REVERSAL,1,40.0,196.5,1.5084,-0.8131,-0.6387,-1.3592,2025-10-01 10:07:05,3650000
2025-W40,WEAKEST,422,LONG,REVERSAL,1,40.0,196.5,-1.9182,0.2453,0.339,2.2512,2025-10-01 10:08:46,3651759
2025-W40,WEAKEST,423,SHORT,HARD_STOP,2,-120.0,-607.0,4.7915,0.3865,-0.2472,-1.4091,2025-10-01 10:14:17,3657000
2025-W40,WEAKEST,424,SHORT,REVERSAL,1,40.0,196.5,8.3492,1.4061,0.0087,-0.789,2025-10-01 10:21:28,3666500
2025-W40,WEAKEST,425,SHORT,HARD_STOP,2,-120.0,-607.0,1.3407,-0.1879,-0.2468,-0.828,2025-10-01 10:23:50,3670500
2025-W40,WEAKEST,426,LONG,REVERSAL,1,40.0,196.5,1.2045,-0.3995,-0.3601,0.4124,2025-10-01 10:31:17,3679264
2025-W40,WEAKEST,427,LONG,REVERSAL,2,40.0,193.0,-3.0345,-0.2504,0.1532,-0.4999,2025-10-01 10:41:10,3691049
2025-W40,WEAKEST,428,SHORT,REVERSAL,1,40.0,196.5,2.2054,0.1503,-0.1303,-1.0376,2025-10-01 10:57:24,3704000
2025-W40,WEAKEST,429,LONG,REVERSAL,1,40.0,196.5,0.9026,-0.1783,-0.1972,0.4821,2025-10-01 10:59:42,3706083
2025-W40,WEAKEST,430,SHORT,REVERSAL,1,40.0,196.5,-0.0024,0.6975,0.4187,-1.0494,2025-10-01 11:07:05,3714500
2025-W40,WEAKEST,431,SHORT,REVERSAL,1,40.0,196.5,-0.5564,0.6264,0.4315,-1.0941,2025-10-01 11:15:03,3721250
2025-W40,WEAKEST,432,LONG,REVERSAL,1,40.0,196.5,-2.4882,-0.6567,-0.1452,0.7892,2025-10-01 11:16:57,3722671
2025-W40,WEAKEST,433,SHORT,REVERSAL,2,40.0,193.0,5.2194,0.2446,-0.3752,0.7514,2025-10-01 11:39:33,3739943
2025-W40,WEAKEST,434,SHORT,REVERSAL,1,40.0,196.5,-0.3794,-0.832,-0.4613,-0.167,2025-10-01 12:19:34,3762250
2025-W40,WEAKEST,435,SHORT,REVERSAL,1,40.0,196.5,2.3904,0.2192,-0.1075,0.6952,2025-10-01 12:33:15,3769050
2025-W40,WEAKEST,436,SHORT,HARD_STOP,2,-120.0,-607.0,0.557,0.2434,0.0904,-0.9359,2025-10-01 12:51:05,3776500
2025-W40,WEAKEST,437,LONG,REVERSAL,1,40.0,196.5,0.534,-0.5869,-0.4055,0.9592,2025-10-01 13:10:33,3788500
2025-W40,WEAKEST,438,LONG,REVERSAL,1,40.0,196.5,-0.1307,0.5299,0.331,-0.6325,2025-10-01 13:51:39,3809617
2025-W40,WEAKEST,439,SHORT,REVERSAL,1,41.0,201.5,8.2632,0.9747,-0.2415,-1.5562,2025-10-01 14:00:36,3815750
2025-W40,WEAKEST,440,LONG,REVERSAL,1,40.0,196.5,-2.9191,-2.0818,-0.9572,-0.0421,2025-10-01 14:03:01,3818977
2025-W40,WEAKEST,441,SHORT,REVERSAL,2,40.0,193.0,3.7445,0.2699,-0.2125,0.37,2025-10-01 14:10:49,3825082
2025-W40,WEAKEST,442,SHORT,REVERSAL,2,40.0,193.0,2.2745,0.6058,0.136,-0.214,2025-10-01 14:38:59,3839750
2025-W40,WEAKEST,443,SHORT,REVERSAL,1,40.0,196.5,1.1316,-0.3384,-0.3162,0.2096,2025-10-01 15:09:12,3854550
2025-W40,WEAKEST,444,LONG,REVERSAL,1,40.0,196.5,-2.2639,-0.8485,-0.2827,0.3996,2025-10-01 15:20:00,3859002
2025-W40,WEAKEST,445,LONG,REVERSAL,1,40.0,196.5,-0.3103,-0.8864,-0.5008,0.0341,2025-10-01 15:38:08,3868849
2025-W40,WEAKEST,446,LONG,HARD_STOP,2,-120.0,-607.0,-6.1157,-1.6041,-0.3509,0.8385,2025-10-02 09:30:07,3984250
2025-W40,WEAKEST,447,LONG,HARD_STOP,2,-120.0,-607.0,-4.4504,-0.8201,-0.047,1.08,2025-10-02 09:36:40,4001000
2025-W40,WEAKEST,448,LONG,REVERSAL,1,40.0,196.5,-7.3519,-1.2789,-0.0321,1.1947,2025-10-02 09:38:52,4006500
2025-W40,WEAKEST,449,SHORT,REVERSAL,1,42.0,206.5,-4.7806,0.3163,0.6678,-0.8291,2025-10-02 09:40:23,4010750
2025-W40,WEAKEST,450,LONG,REVERSAL,1,40.0,196.5,-7.8737,-1.7965,-0.2905,0.1366,2025-10-02 09:41:48,4014271
2025-W40,WEAKEST,451,LONG,REVERSAL,1,41.0,201.5,-5.159,-0.3362,0.3142,1.959,2025-10-02 09:42:37,4016250
2025-W40,WEAKEST,452,LONG,REVERSAL,1,40.0,196.5,-5.5672,-0.3843,0.3261,1.8461,2025-10-02 09:43:34,4017750
2025-W40,WEAKEST,453,SHORT,HARD_STOP,2,-120.0,-607.0,-2.6075,-0.159,0.1654,-0.5853,2025-10-02 09:45:15,4021000
2025-W40,WEAKEST,454,LONG,REVERSAL,1,40.0,196.5,3.3242,0.7391,0.111,1.1902,2025-10-02 09:46:33,4024501
2025-W40,WEAKEST,455,SHORT,REVERSAL,1,40.0,196.5,3.5725,-0.0012,-0.358,-1.2497,2025-10-02 09:47:38,4026500
2025-W40,WEAKEST,456,LONG,REVERSAL,1,40.0,196.5,-9.1973,-1.6589,-0.0756,1.6647,2025-10-02 09:49:36,4030500
2025-W40,WEAKEST,457,LONG,REVERSAL,1,40.0,196.5,-4.993,-0.1985,0.3802,-1.5129,2025-10-02 09:50:41,4033672
2025-W40,WEAKEST,458,LONG,REVERSAL,2,40.0,193.0,-0.8402,-0.6466,-0.3039,1.4741,2025-10-02 09:51:39,4035750
2025-W40,WEAKEST,459,SHORT,HARD_STOP,2,-120.0,-607.0,0.0627,0.7252,0.4288,-1.5563,2025-10-02 09:53:00,4038750
2025-W40,WEAKEST,460,SHORT,REVERSAL,1,40.0,196.5,6.3197,0.5137,-0.3237,0.8716,2025-10-02 10:00:11,4050653
2025-W40,WEAKEST,461,LONG,REVERSAL,1,40.0,196.5,1.3934,-1.226,-0.8749,1.119,2025-10-02 10:00:34,4051500
2025-W40,WEAKEST,462,LONG,REVERSAL,1,40.0,196.5,5.13,1.4041,0.3295,0.9615,2025-10-02 10:01:24,4053272
2025-W40,WEAKEST,463,LONG,REVERSAL,1,40.0,196.5,-6.9636,-1.0789,0.049,1.7072,2025-10-02 10:11:53,4068250
2025-W40,WEAKEST,464,SHORT,REVERSAL,1,40.0,196.5,3.7418,0.7757,0.0912,-1.3814,2025-10-02 10:16:52,4073500
2025-W40,WEAKEST,465,LONG,REVERSAL,1,40.0,196.5,-5.128,-1.2548,-0.2401,1.6887,2025-10-02 10:20:43,4078750
2025-W40,WEAKEST,466,SHORT,HARD_STOP,2,-120.0,-607.0,-2.0322,0.8965,0.7411,0.2134,2025-10-02 10:22:01,4080320
2025-W40,WEAKEST,467,SHORT,REVERSAL,1,40.0,196.5,5.7514,0.7617,-0.1181,-0.5654,2025-10-02 10:25:11,4084269
2025-W40,WEAKEST,468,SHORT,REVERSAL,1,40.0,196.5,2.4402,0.1214,-0.1712,-1.0303,2025-10-02 10:26:47,4086250
2025-W40,WEAKEST,469,SHORT,REVERSAL,1,40.0,196.5,0.1968,0.2302,0.1184,-0.6201,2025-10-02 10:30:12,4089751
2025-W40,WEAKEST,470,SHORT,REVERSAL,1,40.0,196.5,-2.1683,-0.7839,-0.2535,-1.2415,2025-10-02 10:32:26,4092500
2025-W40,WEAKEST,471,SHORT,REVERSAL,1,40.0,196.5,1.2056,1.2307,0.6178,-0.8077,2025-10-02 10:35:40,4096000
2025-W40,WEAKEST,472,SHORT,REVERSAL,1,40.0,196.5,-0.0158,-0.0499,-0.0284,1.5125,2025-10-02 10:36:40,4096913
2025-W40,WEAKEST,473,SHORT,REVERSAL,1,40.0,196.5,0.8764,-0.0348,-0.1085,-1.9913,2025-10-02 10:37:58,4097750
2025-W40,WEAKEST,474,LONG,HARD_STOP,2,-120.0,-607.0,-0.7256,-0.617,-0.2977,0.9043,2025-10-02 10:42:00,4100756
2025-W40,WEAKEST,475,LONG,REVERSAL,1,41.0,201.5,-8.4969,-1.2246,0.1149,1.1811,2025-10-02 10:46:32,4106500
2025-W40,WEAKEST,476,LONG,HARD_STOP,2,-120.0,-607.0,2.1034,0.4067,0.0337,0.4608,2025-10-02 10:49:44,4111505
2025-W40,WEAKEST,477,LONG,REVERSAL,1,40.0,196.5,-3.7003,-0.2626,0.2125,0.9406,2025-10-02 10:55:48,4117771
2025-W40,WEAKEST,478,SHORT,REVERSAL,1,40.0,196.5,-0.1566,0.7769,0.4818,-1.3817,2025-10-02 11:01:07,4124500
2025-W40,WEAKEST,479,LONG,REVERSAL,1,40.0,196.5,-6.1979,-1.1771,-0.0865,0.6693,2025-10-02 11:04:30,4129000
2025-W40,WEAKEST,480,SHORT,REVERSAL,1,40.0,196.5,7.8623,1.7805,0.2821,-0.6951,2025-10-02 11:07:42,4134277
2025-W40,WEAKEST,481,SHORT,REVERSAL,2,42.0,203.0,5.513,0.9603,0.0249,1.1974,2025-10-02 11:10:05,4136566
2025-W40,WEAKEST,482,LONG,REVERSAL,1,40.0,196.5,-2.905,-1.4359,-0.571,-1.141,2025-10-02 11:13:21,4141049
2025-W40,WEAKEST,483,SHORT,REVERSAL,1,40.0,196.5,-0.5824,0.0631,0.0961,-0.8283,2025-10-02 11:16:47,4144500
2025-W40,WEAKEST,484,SHORT,REVERSAL,1,40.0,196.5,3.0409,1.0707,0.3383,-0.8302,2025-10-02 11:23:07,4149250
2025-W40,WEAKEST,485,LONG,HARD_STOP,2,-120.0,-607.0,-3.3902,-1.0989,-0.3203,0.3372,2025-10-02 11:32:33,4157250
2025-W40,WEAKEST,486,LONG,REVERSAL,1,40.0,196.5,-8.5556,-1.3755,0.0302,0.9689,2025-10-02 11:37:38,4162056
2025-W40,WEAKEST,487,SHORT,HARD_STOP,2,-120.0,-607.0,-6.5346,-0.1522,0.5621,-0.2119,2025-10-02 11:38:12,4163004
2025-W40,WEAKEST,488,LONG,REVERSAL,1,40.0,196.5,2.1753,-0.0235,-0.2316,1.6309,2025-10-02 11:42:44,4168000
2025-W40,WEAKEST,489,LONG,REVERSAL,1,40.0,196.5,1.2292,0.2064,0.0009,1.6984,2025-10-02 11:43:41,4169000
2025-W40,WEAKEST,490,SHORT,HARD_STOP,2,-120.0,-607.0,5.7925,1.1723,0.1241,-0.3556,2025-10-02 11:53:05,4176750
2025-W40,WEAKEST,491,LONG,REVERSAL,1,40.0,196.5,-1.1294,-0.5905,-0.2413,1.4601,2025-10-02 12:21:41,4200000
2025-W40,WEAKEST,492,SHORT,REVERSAL,1,40.0,196.5,0.4789,0.3143,0.1407,-0.3911,2025-10-02 12:31:45,4205250
2025-W40,WEAKEST,493,SHORT,REVERSAL,1,40.0,196.5,-0.3803,0.0236,0.0522,-0.7559,2025-10-02 12:39:30,4208500
2025-W40,WEAKEST,494,SHORT,REVERSAL,1,40.0,196.5,5.4166,0.6974,-0.1232,0.5131,2025-10-02 12:55:48,4218680
2025-W40,WEAKEST,495,SHORT,HARD_STOP,2,-120.0,-607.0,2.023,0.5,0.0977,-0.625,2025-10-02 13:12:55,4226761
2025-W40,WEAKEST,496,LONG,REVERSAL,2,40.0,193.0,-1.3519,-0.5427,-0.1904,-1.2393,2025-10-02 13:49:15,4245317
2025-W40,WEAKEST,497,SHORT,HARD_STOP,2,-120.0,-607.0,0.8154,0.3039,0.1008,-1.076,2025-10-02 14:07:42,4253750
2025-W40,WEAKEST,498,LONG,REVERSAL,1,40.0,196.5,0.0197,-0.1328,-0.0817,-0.2168,2025-10-02 14:29:10,4263775
2025-W40,WEAKEST,499,SHORT,REVERSAL,1,40.0,196.5,1.8069,0.4281,0.0761,-0.7945,2025-10-02 15:26:48,4285500
2025-W40,WEAKEST,500,SHORT,REVERSAL,1,41.0,201.5,-1.1268,0.2202,0.2448,-0.4301,2025-10-03 09:33:58,4392750
2025-W40,WEAKEST,501,LONG,REVERSAL,2,40.0,193.0,-0.4441,0.4524,0.3159,1.0744,2025-10-03 09:35:17,4394500
2025-W40,WEAKEST,502,SHORT,REVERSAL,2,40.0,193.0,-0.3015,0.3693,0.2518,-1.0298,2025-10-03 09:37:25,4397064
2025-W40,WEAKEST,503,LONG,REVERSAL,2,40.0,193.0,-8.0284,-1.5482,-0.1261,0.637,2025-10-03 09:41:29,4404000
2025-W40,WEAKEST,504,SHORT,REVERSAL,1,40.0,196.5,6.7853,1.6253,0.2966,-1.0938,2025-10-03 09:47:29,4412000
2025-W40,WEAKEST,505,SHORT,REVERSAL,1,40.0,196.5,3.6039,1.1139,0.308,-0.466,2025-10-03 09:53:01,4417756
2025-W40,WEAKEST,506,LONG,REVERSAL,2,40.0,193.0,-6.0563,-1.7407,-0.4388,0.9977,2025-10-03 09:55:05,4420750
2025-W40,WEAKEST,507,LONG,HARD_STOP,2,-124.0,-627.0,-7.9013,-1.5223,-0.1232,-1.1819,2025-10-03 09:56:20,4422675
2025-W40,WEAKEST,508,SHORT,REVERSAL,1,40.0,196.5,-7.5959,-1.0062,0.1559,-0.9359,2025-10-03 10:00:14,4429000
2025-W40,WEAKEST,509,LONG,REVERSAL,2,40.0,193.0,-7.1464,-0.9247,0.1598,1.4187,2025-10-03 10:01:10,4431250
2025-W40,WEAKEST,510,LONG,REVERSAL,1,40.0,196.5,-7.7061,-1.8427,-0.335,-2.5393,2025-10-03 10:01:45,4432928
2025-W40,WEAKEST,511,LONG,REVERSAL,1,40.0,196.5,-3.6845,-0.6041,0.006,1.151,2025-10-03 10:02:50,4435000
2025-W40,WEAKEST,512,SHORT,REVERSAL,1,40.0,196.5,0.9222,0.6429,0.2935,-1.0357,2025-10-03 10:04:33,4437500
2025-W40,WEAKEST,513,LONG,REVERSAL,1,40.0,196.5,-4.7448,-0.9641,-0.104,1.241,2025-10-03 10:08:56,4442750
2025-W40,WEAKEST,514,LONG,REVERSAL,1,40.0,196.5,-1.5093,-0.6928,-0.2647,0.6732,2025-10-03 10:11:39,4447580
2025-W40,WEAKEST,515,SHORT,REVERSAL,2,40.0,193.0,2.857,0.4612,-0.009,-1.1153,2025-10-03 10:15:43,4452814
2025-W40,WEAKEST,516,LONG,REVERSAL,1,40.0,196.5,-4.1346,-0.9844,-0.1772,0.3711,2025-10-03 10:22:32,4461000
2025-W40,WEAKEST,517,SHORT,REVERSAL,1,40.0,196.5,2.634,1.0249,0.3516,-0.6312,2025-10-03 10:31:47,4472500
2025-W40,WEAKEST,518,LONG,REVERSAL,1,40.0,196.5,-1.0035,-0.8195,-0.3914,1.0799,2025-10-03 10:33:14,4473790
2025-W40,WEAKEST,519,SHORT,REVERSAL,1,40.0,196.5,-1.883,-0.4313,-0.0705,-0.3297,2025-10-03 10:44:33,4486250
2025-W40,WEAKEST,520,LONG,REVERSAL,1,40.0,196.5,-3.8779,-0.4626,0.1102,0.5532,2025-10-03 10:50:07,4491274
2025-W40,WEAKEST,521,SHORT,REVERSAL,1,40.0,196.5,3.7495,0.5093,-0.0694,-1.0023,2025-10-03 10:54:52,4495750
2025-W40,WEAKEST,522,LONG,REVERSAL,1,40.0,196.5,-2.1736,-0.0668,0.1773,1.0167,2025-10-03 11:05:15,4503500
2025-W40,WEAKEST,523,LONG,REVERSAL,1,40.0,196.5,-0.3834,-0.913,-0.5095,0.7908,2025-10-03 11:09:35,4507000
2025-W40,WEAKEST,524,LONG,REVERSAL,1,40.0,196.5,-4.2833,0.0854,0.4795,-0.7713,2025-10-03 11:41:19,4530227
2025-W40,WEAKEST,525,LONG,REVERSAL,1,40.0,196.5,0.275,-0.335,-0.2285,0.6463,2025-10-03 11:48:05,4534500
2025-W40,WEAKEST,526,SHORT,REVERSAL,1,40.0,196.5,6.2163,0.9506,-0.0513,-0.7376,2025-10-03 11:57:14,4541500
2025-W40,WEAKEST,527,SHORT,REVERSAL,1,40.0,196.5,2.4927,0.1588,-0.154,-0.5397,2025-10-03 12:03:44,4544787
2025-W40,WEAKEST,528,LONG,HARD_STOP,2,-120.0,-607.0,-3.702,-1.2478,-0.3785,1.1244,2025-10-03 13:00:18,4571257
2025-W40,WEAKEST,529,LONG,HARD_STOP,2,-120.0,-607.0,-10.1238,-0.5439,0.686,-0.6765,2025-10-03 13:03:27,4578139
2025-W40,WEAKEST,530,SHORT,REVERSAL,1,40.0,196.5,-4.3007,1.1404,1.1143,1.0899,2025-10-03 13:04:52,4582028
2025-W40,WEAKEST,531,LONG,REVERSAL,1,40.0,196.5,-6.8075,-1.2572,-0.0736,-0.7482,2025-10-03 13:06:01,4584944
2025-W40,WEAKEST,532,SHORT,REVERSAL,1,40.0,196.5,-3.6648,-0.3247,0.1717,-0.4813,2025-10-03 13:06:32,4586136
2025-W40,WEAKEST,533,SHORT,REVERSAL,2,40.0,193.0,5.9198,1.6645,0.4067,-0.5411,2025-10-03 13:07:38,4589250
2025-W40,WEAKEST,534,SHORT,REVERSAL,2,40.0,193.0,7.2346,0.7551,-0.2704,-1.4388,2025-10-03 13:12:04,4595500
2025-W40,WEAKEST,535,LONG,HARD_STOP,2,-120.0,-607.0,4.8048,-0.4098,-0.7264,0.4775,2025-10-03 13:14:22,4597773
2025-W40,WEAKEST,536,LONG,REVERSAL,1,40.0,196.5,-7.9804,-0.3586,0.5829,0.5897,2025-10-03 13:22:05,4606500
2025-W40,WEAKEST,537,LONG,REVERSAL,1,40.0,196.5,-5.544,-1.6465,-0.4335,0.0366,2025-10-03 13:30:15,4615386
2025-W40,WEAKEST,538,SHORT,REVERSAL,1,40.0,196.5,0.0949,-0.7076,-0.434,-1.3856,2025-10-03 13:36:05,4622500
2025-W40,WEAKEST,539,LONG,HARD_STOP,2,-120.0,-607.0,-0.4607,-0.3829,-0.1836,0.2832,2025-10-03 13:36:55,4623101
2025-W40,WEAKEST,540,LONG,HARD_STOP,2,-120.0,-607.0,-4.1439,-0.1226,0.3408,0.3432,2025-10-03 13:45:32,4631270
2025-W40,WEAKEST,541,LONG,HARD_STOP,2,-120.0,-607.0,-3.1175,0.1968,0.4298,1.7633,2025-10-03 13:49:41,4637750
2025-W40,WEAKEST,542,LONG,REVERSAL,1,40.0,196.5,-9.0367,-1.4104,0.0574,1.4776,2025-10-03 13:51:53,4641505
2025-W40,WEAKEST,543,LONG,REVERSAL,1,40.0,196.5,-8.5316,-0.8402,0.349,1.5851,2025-10-03 13:54:20,4647000
2025-W40,WEAKEST,544,SHORT,REVERSAL,2,40.0,193.0,6.3765,1.2161,0.092,1.2585,2025-10-03 13:56:04,4651399
2025-W40,WEAKEST,545,LONG,REVERSAL,1,40.0,196.5,5.0762,0.3926,-0.2721,0.6518,2025-10-03 13:57:56,4654504
2025-W40,WEAKEST,546,LONG,REVERSAL,1,40.0,196.5,4.7683,0.023,-0.463,-1.3183,2025-10-03 13:58:39,4655456
2025-W40,WEAKEST,547,SHORT,REVERSAL,1,40.0,196.5,4.7879,0.611,-0.1122,-0.6528,2025-10-03 13:59:20,4656251
2025-W40,WEAKEST,548,LONG,REVERSAL,2,40.0,193.0,-3.1366,-1.3599,-0.5023,0.715,2025-10-03 14:03:50,4662505
2025-W40,WEAKEST,549,SHORT,REVERSAL,1,40.0,196.5,-6.4662,-1.3342,-0.1539,-0.7915,2025-10-03 14:05:03,4664094
2025-W40,WEAKEST,550,LONG,REVERSAL,1,40.0,196.5,-3.8138,1.0401,1.0055,1.3025,2025-10-03 14:07:27,4667250
2025-W40,WEAKEST,551,SHORT,REVERSAL,1,40.0,196.5,0.2772,0.6511,0.3629,-2.8503,2025-10-03 14:09:19,4669001
2025-W40,WEAKEST,552,LONG,REVERSAL,1,40.0,196.5,0.2772,0.6511,0.3629,-2.8503,2025-10-03 14:09:25,4669139
2025-W40,WEAKEST,553,SHORT,REVERSAL,1,40.0,196.5,5.666,-0.1682,-0.6675,-0.583,2025-10-03 14:13:37,4674250
2025-W40,WEAKEST,554,SHORT,HARD_STOP,2,-120.0,-607.0,4.3832,-0.0176,-0.4489,0.5669,2025-10-03 14:14:35,4674905
2025-W40,WEAKEST,555,SHORT,HARD_STOP,2,-120.0,-607.0,3.2192,-0.2615,-0.4788,-1.0596,2025-10-03 14:21:21,4682500
2025-W40,WEAKEST,556,SHORT,REVERSAL,2,40.0,193.0,6.5662,1.1816,0.0523,-0.4829,2025-10-03 14:26:27,4687262
2025-W40,WEAKEST,557,LONG,REVERSAL,1,40.0,196.5,-9.2463,-2.0172,-0.2857,0.7543,2025-10-03 14:33:18,4695500
2025-W40,WEAKEST,558,SHORT,REVERSAL,1,40.0,196.5,-0.2996,0.3818,0.259,-1.2204,2025-10-03 14:38:06,4700000
2025-W40,WEAKEST,559,SHORT,REVERSAL,1,41.0,201.5,1.3306,0.4419,0.1321,-0.798,2025-10-03 14:43:53,4703250
2025-W40,WEAKEST,560,LONG,HARD_STOP,2,-120.0,-607.0,-1.915,-0.783,-0.2783,-1.5542,2025-10-03 14:48:22,4705360
2025-W40,WEAKEST,561,SHORT,HARD_STOP,2,-120.0,-607.0,-3.2502,0.0161,0.3347,-0.8165,2025-10-03 14:53:30,4710500
2025-W40,WEAKEST,562,SHORT,REVERSAL,1,40.0,196.5,4.0688,0.5573,-0.0725,-0.8268,2025-10-03 15:00:06,4715500
2025-W40,WEAKEST,563,LONG,REVERSAL,1,41.0,201.5,-0.0395,-0.1614,-0.0929,0.8529,2025-10-03 15:08:51,4721000
2025-W40,WEAKEST,564,LONG,REVERSAL,2,40.0,193.0,-1.3547,-1.1805,-0.5728,-1.7049,2025-10-03 15:16:45,4726175
2025-W40,WEAKEST,565,SHORT,REVERSAL,1,42.0,206.5,3.9607,1.1031,0.2658,-0.3383,2025-10-03 15:37:15,4735250
2025-W40,WEAKEST,566,SHORT,REVERSAL,1,40.0,196.5,3.3998,0.9295,0.2177,-0.3574,2025-10-03 15:41:58,4737517
2025-W40,WEAKEST,567,SHORT,EOD_FLATTEN,1,11.0,51.5,0.7787,0.1675,0.0226,-0.4794,2025-10-03 15:48:29,4740501
2025-W41,MID,568,LONG,REVERSAL,1,40.0,196.5,-3.5561,-2.429,-1.1018,0.9198,2025-10-06 09:30:18,4851017
2025-W41,MID,569,LONG,REVERSAL,2,40.0,193.0,-0.6181,-0.8928,-0.4739,-0.3393,2025-10-06 09:31:44,4855507
2025-W41,MID,570,LONG,REVERSAL,1,40.0,196.5,2.747,1.8149,0.8143,1.8588,2025-10-06 09:36:47,4867000
2025-W41,MID,571,LONG,REVERSAL,2,42.0,203.0,-4.9223,-2.5003,-1.008,0.0626,2025-10-06 09:39:24,4871250
2025-W41,MID,572,LONG,HARD_STOP,2,-120.0,-607.0,-3.9291,-1.2597,-0.3629,0.4399,2025-10-06 09:42:30,4876500
2025-W41,MID,573,LONG,REVERSAL,1,40.0,196.5,-9.8905,-1.0911,0.3344,1.0228,2025-10-06 09:44:06,4880750
2025-W41,MID,574,SHORT,REVERSAL,2,40.0,193.0,-1.737,0.7344,0.6143,-1.9336,2025-10-06 09:44:54,4882500
2025-W41,MID,575,LONG,REVERSAL,1,40.0,196.5,3.6738,0.7569,0.0868,0.5608,2025-10-06 09:45:58,4884761
2025-W41,MID,576,SHORT,REVERSAL,1,40.0,196.5,7.8457,1.3342,0.016,-1.0211,2025-10-06 09:47:13,4886750
2025-W41,MID,577,LONG,REVERSAL,1,40.0,196.5,-4.6674,-0.4563,0.1929,-1.5109,2025-10-06 09:52:07,4894047
2025-W41,MID,578,LONG,REVERSAL,2,40.0,193.0,0.4018,0.8398,0.4637,1.2276,2025-10-06 09:53:40,4895750
2025-W41,MID,579,SHORT,REVERSAL,1,40.0,196.5,-0.0668,0.8126,0.4942,-0.4531,2025-10-06 09:57:05,4899251
2025-W41,MID,580,SHORT,HARD_STOP,2,-121.0,-612.0,0.6776,0.9433,0.4982,-0.3608,2025-10-06 09:58:43,4901000
2025-W41,MID,581,LONG,REVERSAL,1,40.0,196.5,0.0084,0.5736,0.3433,0.4191,2025-10-06 10:03:19,4908500
2025-W41,MID,582,SHORT,REVERSAL,1,40.0,196.5,3.8162,-0.4856,-0.673,-0.0661,2025-10-06 10:06:00,4911750
2025-W41,MID,583,LONG,REVERSAL,1,40.0,196.5,-2.4265,-1.2752,-0.5225,1.3813,2025-10-06 10:08:40,4914262
2025-W41,MID,584,LONG,REVERSAL,1,40.0,196.5,-7.0067,-0.9881,0.1078,1.1845,2025-10-06 10:10:29,4916500
2025-W41,MID,585,SHORT,REVERSAL,1,40.0,196.5,1.8561,-0.2533,-0.3376,-1.9992,2025-10-06 10:13:51,4920250
2025-W41,MID,586,SHORT,REVERSAL,1,40.0,196.5,3.8731,1.0084,0.2177,-1.0021,2025-10-06 10:16:08,4922000
2025-W41,MID,587,LONG,REVERSAL,1,41.0,201.5,-3.0546,-0.6432,-0.0804,0.8483,2025-10-06 10:33:39,4938000
2025-W41,MID,588,LONG,REVERSAL,2,40.0,193.0,-2.6184,-0.9316,-0.2971,-1.7671,2025-10-06 10:34:59,4938685
2025-W41,MID,589,LONG,REVERSAL,1,40.0,196.5,-1.8223,0.4992,0.4817,1.3752,2025-10-06 10:37:49,4942004
2025-W41,MID,590,LONG,HARD_STOP,2,-120.0,-607.0,-0.4323,-0.4942,-0.2533,0.5611,2025-10-06 10:40:48,4945250
2025-W41,MID,591,SHORT,REVERSAL,1,40.0,196.5,6.6977,1.3487,0.1395,-1.1497,2025-10-06 10:49:11,4955500
2025-W41,MID,592,LONG,REVERSAL,1,40.0,196.5,-0.391,-0.2364,-0.1027,1.2466,2025-10-06 10:53:58,4960000
2025-W41,MID,593,SHORT,REVERSAL,1,40.0,196.5,3.8871,-0.0766,-0.4347,-1.1058,2025-10-06 11:08:52,4971250
2025-W41,MID,594,LONG,REVERSAL,1,40.0,196.5,-0.931,0.2122,0.2204,-0.5531,2025-10-06 11:22:51,4978892
2025-W41,MID,595,LONG,REVERSAL,1,40.0,196.5,0.3851,-0.6005,-0.3988,0.8376,2025-10-06 11:29:57,4982750
2025-W41,MID,596,SHORT,HARD_STOP,2,-120.0,-607.0,1.7465,0.4432,0.0913,-0.3608,2025-10-06 11:41:42,4988268
2025-W41,MID,597,SHORT,REVERSAL,2,40.0,193.0,5.1071,0.7751,-0.0457,-0.9438,2025-10-06 11:49:22,4994500
2025-W41,MID,598,SHORT,REVERSAL,1,40.0,196.5,2.2164,0.2824,-0.0522,0.5544,2025-10-06 11:58:10,5002765
2025-W41,MID,599,LONG,REVERSAL,1,40.0,196.5,-3.3846,0.1801,0.4465,1.58,2025-10-06 12:05:51,5008500
2025-W41,MID,600,LONG,REVERSAL,1,40.0,196.5,-3.4848,-0.6681,-0.0524,1.542,2025-10-06 12:10:05,5011000
2025-W41,MID,601,SHORT,REVERSAL,1,40.0,196.5,2.8002,0.3825,-0.0505,-1.1581,2025-10-06 12:25:01,5018250
2025-W41,MID,602,SHORT,REVERSAL,1,40.0,196.5,-0.3221,-0.0297,0.0144,-0.9301,2025-10-06 12:39:22,5023250
2025-W41,MID,603,SHORT,REVERSAL,1,40.0,196.5,-0.3345,0.0699,0.0754,-0.83,2025-10-06 12:43:03,5024500
2025-W41,MID,604,SHORT,REVERSAL,1,40.0,196.5,1.2275,-0.6857,-0.5342,0.7964,2025-10-06 13:27:45,5044561
2025-W41,MID,605,SHORT,HARD_STOP,2,-120.0,-607.0,-1.6711,-0.097,0.1089,-0.6008,2025-10-06 13:45:09,5054250
2025-W41,MID,606,LONG,HARD_STOP,2,-120.0,-607.0,-1.9418,-0.8767,-0.3318,-0.4683,2025-10-06 15:03:43,5089397
2025-W41,MID,607,LONG,REVERSAL,1,40.0,196.5,-1.8719,-0.2164,0.0573,0.4291,2025-10-07 09:31:15,5221004
2025-W41,MID,608,SHORT,HARD_STOP,2,-120.0,-607.0,2.6273,0.918,0.2881,-0.667,2025-10-07 09:35:01,5229000
2025-W41,MID,609,LONG,REVERSAL,1,40.0,196.5,4.5021,-0.2283,-0.5872,0.8696,2025-10-07 09:36:48,5232750
2025-W41,MID,610,LONG,REVERSAL,1,41.0,201.5,-0.8406,-0.9852,-0.5071,0.7463,2025-10-07 09:42:22,5239252
2025-W41,MID,611,LONG,REVERSAL,2,40.0,193.0,-0.9258,0.03,0.1106,0.7425,2025-10-07 09:44:11,5241750
2025-W41,MID,612,SHORT,REVERSAL,2,40.0,193.0,4.1642,1.3108,0.37,-0.2652,2025-10-07 09:55:17,5254000
2025-W41,MID,613,LONG,HARD_STOP,2,-120.0,-607.0,-0.1932,-0.8058,-0.4642,1.264,2025-10-07 09:57:35,5257500
2025-W41,MID,614,SHORT,HARD_STOP,2,-120.0,-607.0,-0.4845,0.8787,0.5757,0.9053,2025-10-07 10:06:24,5268886
2025-W41,MID,615,LONG,HARD_STOP,2,-120.0,-607.0,2.5917,-0.6228,-0.6329,0.3432,2025-10-07 10:12:44,5275500
2025-W41,MID,616,SHORT,REVERSAL,1,40.0,196.5,2.2719,0.0965,-0.1693,0.0384,2025-10-07 10:32:54,5293500
2025-W41,MID,617,LONG,REVERSAL,2,40.0,193.0,-5.7225,-2.1213,-0.7005,-0.0947,2025-10-07 10:35:54,5297308
2025-W41,MID,618,LONG,REVERSAL,1,40.0,196.5,-1.305,-0.0314,0.1117,1.0078,2025-10-07 10:39:25,5304500
2025-W41,MID,619,LONG,REVERSAL,1,40.0,196.5,0.3597,0.0187,-0.0247,1.8078,2025-10-07 10:42:13,5307750
2025-W41,MID,620,LONG,REVERSAL,1,40.0,196.5,-2.4267,-1.4126,-0.6049,-0.0219,2025-10-07 10:43:29,5309137
2025-W41,MID,621,LONG,HARD_STOP,2,-120.0,-607.0,-0.4428,0.4365,0.3062,-0.6091,2025-10-07 10:54:16,5320760
2025-W41,MID,622,LONG,HARD_STOP,2,-121.0,-612.0,-4.19,0.3121,0.6063,-0.828,2025-10-07 11:06:37,5345000
2025-W41,MID,623,SHORT,REVERSAL,1,40.0,196.5,-5.2081,0.1515,0.6117,2.5246,2025-10-07 11:07:03,5346718
2025-W41,MID,624,LONG,REVERSAL,1,40.0,196.5,-7.302,-1.8164,-0.3597,0.7666,2025-10-07 11:07:11,5347343
2025-W41,MID,625,LONG,REVERSAL,1,40.0,196.5,-0.962,0.6006,0.4566,2.2248,2025-10-07 11:08:04,5350250
2025-W41,MID,626,SHORT,REVERSAL,1,41.0,201.5,1.3405,0.6055,0.2293,-1.5889,2025-10-07 11:08:18,5351000
2025-W41,MID,627,SHORT,REVERSAL,1,40.0,196.5,0.9575,1.1475,0.5928,2.7131,2025-10-07 11:08:30,5351588
2025-W41,MID,628,LONG,REVERSAL,1,40.0,196.5,-8.2017,-0.8381,0.3173,1.2095,2025-10-07 11:09:43,5355750
2025-W41,MID,629,SHORT,REVERSAL,1,40.0,196.5,7.895,1.2593,-0.0339,-1.3773,2025-10-07 11:11:23,5361250
2025-W41,MID,630,SHORT,REVERSAL,1,40.0,196.5,5.2023,-0.7474,-0.9687,-1.5631,2025-10-07 11:14:11,5369000
2025-W41,MID,631,LONG,REVERSAL,1,40.0,196.5,-0.1078,-0.7764,-0.4551,0.8191,2025-10-07 11:15:20,5370776
2025-W41,MID,632,LONG,REVERSAL,2,40.0,193.0,0.8789,-0.9132,-0.6358,0.7908,2025-10-07 11:18:17,5376022
2025-W41,MID,633,SHORT,REVERSAL,1,40.0,196.5,0.5742,-0.3668,-0.2775,-0.8458,2025-10-07 11:23:50,5382750
2025-W41,MID,634,LONG,REVERSAL,1,40.0,196.5,-8.8613,-1.3201,0.0941,1.2675,2025-10-07 11:26:50,5387500
2025-W41,MID,635,SHORT,REVERSAL,1,41.0,201.5,-4.5345,0.0818,0.5025,-1.083,2025-10-07 11:27:43,5389506
2025-W41,MID,636,LONG,REVERSAL,1,40.0,196.5,-6.5894,-0.9794,0.0713,1.3073,2025-10-07 11:28:42,5391000
2025-W41,MID,637,LONG,REVERSAL,2,40.0,193.0,-4.5587,-0.9366,-0.1061,1.2966,2025-10-07 11:31:31,5395250
2025-W41,MID,638,LONG,REVERSAL,1,40.0,196.5,-0.8926,0.4134,0.3373,0.7091,2025-10-07 11:33:54,5400500
2025-W41,MID,639,LONG,HARD_STOP,2,-120.0,-607.0,-7.0428,-1.7415,-0.3406,0.9354,2025-10-07 11:36:43,5405000
2025-W41,MID,640,LONG,REVERSAL,1,40.0,196.5,-2.5754,0.1693,0.3591,2.0202,2025-10-07 11:40:17,5412250
2025-W41,MID,641,SHORT,REVERSAL,1,40.0,196.5,6.1568,1.8957,0.5217,-1.2239,2025-10-07 11:41:14,5414500
2025-W41,MID,642,SHORT,REVERSAL,1,40.0,196.5,6.1259,1.508,0.2922,-1.3145,2025-10-07 11:42:47,5417500
2025-W41,MID,643,LONG,HARD_STOP,2,-120.0,-607.0,0.693,-1.5374,-0.9917,1.5093,2025-10-07 11:44:33,5420250
2025-W41,MID,644,LONG,HARD_STOP,2,-122.0,-617.0,-7.6246,-0.652,0.3712,1.2255,2025-10-07 11:46:48,5423500
2025-W41,MID,645,LONG,REVERSAL,1,41.0,201.5,-9.1777,-1.1311,0.2391,0.8453,2025-10-07 11:48:27,5427500
2025-W41,MID,646,SHORT,REVERSAL,1,41.0,201.5,-1.6549,0.2281,0.3023,-1.932,2025-10-07 11:51:38,5433750
2025-W41,MID,647,LONG,REVERSAL,1,40.0,196.5,-1.6549,0.2281,0.3023,-1.932,2025-10-07 11:51:48,5433956
2025-W41,MID,648,SHORT,REVERSAL,1,40.0,196.5,3.3612,0.3931,-0.1003,-1.3483,2025-10-07 12:05:17,5451750
2025-W41,MID,649,LONG,REVERSAL,1,40.0,196.5,-6.5202,-0.3667,0.432,1.0292,2025-10-07 12:08:36,5458000
2025-W41,MID,650,SHORT,REVERSAL,1,41.0,201.5,-5.2709,-0.2447,0.3803,-0.7513,2025-10-07 12:09:27,5458632
2025-W41,MID,651,LONG,REVERSAL,1,40.0,196.5,-2.1498,-0.1741,0.1105,1.606,2025-10-07 12:13:15,5462250
2025-W41,MID,652,SHORT,REVERSAL,1,40.0,196.5,-3.2818,0.0328,0.3479,-1.4457,2025-10-07 12:20:43,5468250
2025-W41,MID,653,LONG,REVERSAL,1,40.0,196.5,-3.2818,0.0328,0.3479,-1.4457,2025-10-07 12:20:52,5468395
2025-W41,MID,654,SHORT,REVERSAL,1,40.0,196.5,3.7151,-0.4825,-0.661,1.4956,2025-10-07 12:28:21,5476551
2025-W41,MID,655,SHORT,HARD_STOP,2,-120.0,-607.0,-0.1992,-0.579,-0.3275,1.0822,2025-10-07 12:29:38,5477962
2025-W41,MID,656,SHORT,REVERSAL,1,41.0,201.5,7.6543,1.3619,0.0517,-1.3405,2025-10-07 12:37:42,5486250
2025-W41,MID,657,LONG,HARD_STOP,2,-120.0,-607.0,-3.426,-1.0732,-0.3013,-0.9192,2025-10-07 12:46:31,5493753
2025-W41,MID,658,LONG,REVERSAL,1,40.0,196.5,-4.7333,-0.051,0.4428,0.9502,2025-10-07 12:52:06,5499500
2025-W41,MID,659,LONG,REVERSAL,2,40.0,193.0,-4.4547,-0.7849,-0.0254,0.8212,2025-10-07 12:54:31,5501500
2025-W41,MID,660,LONG,REVERSAL,1,40.0,196.5,4.5703,1.8531,0.6548,1.2867,2025-10-07 13:03:01,5509043
2025-W41,MID,661,LONG,REVERSAL,1,42.0,206.5,1.9871,-0.3393,-0.4023,2.2098,2025-10-07 13:05:20,5510750
2025-W41,MID,662,LONG,REVERSAL,1,40.0,196.5,0.1494,0.241,0.1297,1.6272,2025-10-07 13:07:37,5512000
2025-W41,MID,663,SHORT,HARD_STOP,2,-120.0,-607.0,0.1494,0.241,0.1297,1.6272,2025-10-07 13:08:04,5512175
2025-W41,MID,664,LONG,REVERSAL,1,40.0,196.5,-4.1776,-1.4083,-0.4272,1.4146,2025-10-07 13:13:06,5517000
2025-W41,MID,665,LONG,REVERSAL,1,40.0,196.5,1.0323,-0.1813,-0.212,1.1703,2025-10-07 13:17:45,5520000
2025-W41,MID,666,LONG,REVERSAL,2,40.0,193.0,-1.8363,-0.35,-0.0264,-0.6,2025-10-07 13:26:38,5525268
2025-W41,MID,667,SHORT,REVERSAL,1,40.0,196.5,4.8461,1.119,0.1868,0.7203,2025-10-07 13:48:50,5535558
2025-W41,MID,668,LONG,REVERSAL,2,39.0,188.0,-4.011,-1.6905,-0.6132,1.0476,2025-10-07 13:50:56,5537500
2025-W41,MID,669,LONG,REVERSAL,2,40.0,193.0,-2.9074,-0.2125,0.1632,1.4281,2025-10-07 13:59:01,5542500
2025-W41,MID,670,LONG,REVERSAL,1,40.0,196.5,-0.3963,1.0237,0.6538,1.0566,2025-10-07 14:06:02,5549271
2025-W41,MID,671,SHORT,REVERSAL,1,41.0,201.5,4.8348,-0.1809,-0.592,-1.2048,2025-10-07 14:16:02,5556250
2025-W41,MID,672,SHORT,REVERSAL,1,40.0,196.5,-0.8976,-0.1626,-0.0078,-1.2093,2025-10-07 14:32:06,5564000
2025-W41,MID,673,LONG,REVERSAL,1,40.0,196.5,-0.9879,0.0482,0.1277,1.3005,2025-10-07 14:47:12,5570000
2025-W41,MID,674,LONG,REVERSAL,2,40.0,193.0,0.703,-0.6793,-0.4779,0.4823,2025-10-07 15:04:09,5577000
2025-W41,MID,675,LONG,REVERSAL,1,40.0,196.5,-2.8821,-0.8703,-0.234,0.4676,2025-10-07 15:11:03,5580500
2025-W41,MID,676,LONG,REVERSAL,1,40.0,196.5,-0.4159,0.2561,0.1952,-0.439,2025-10-07 15:26:08,5586494
2025-W41,MID,677,LONG,REVERSAL,1,40.0,196.5,0.6688,0.6039,0.2955,1.349,2025-10-08 09:30:09,5697000
2025-W41,MID,678,SHORT,HARD_STOP,2,-120.0,-607.0,4.1932,0.8482,0.0896,0.788,2025-10-08 09:31:19,5700356
2025-W41,MID,679,SHORT,REVERSAL,1,40.0,196.5,6.3338,0.8647,-0.1146,1.1588,2025-10-08 09:33:44,5706615
2025-W41,MID,680,LONG,REVERSAL,1,40.0,196.5,-0.6446,-0.143,-0.0213,1.4107,2025-10-08 09:35:08,5709750
2025-W41,MID,681,SHORT,HARD_STOP,2,-120.0,-607.0,2.4637,0.9214,0.3065,0.1447,2025-10-08 09:39:21,5716011
2025-W41,MID,682,LONG,REVERSAL,2,40.0,193.0,0.5736,-0.6809,-0.4659,1.0452,2025-10-08 09:41:10,5720750
2025-W41,MID,683,SHORT,REVERSAL,1,40.0,196.5,5.4599,-0.0213,-0.5588,-1.2447,2025-10-08 09:48:04,5732750
2025-W41,MID,684,LONG,REVERSAL,1,40.0,196.5,-2.1472,-1.3376,-0.5879,0.2094,2025-10-08 09:52:33,5740750
2025-W41,MID,685,SHORT,HARD_STOP,2,-120.0,-607.0,3.5729,0.8421,0.148,-0.4605,2025-10-08 09:56:04,5745250
2025-W41,MID,686,SHORT,REVERSAL,1,40.0,196.5,5.6681,1.7456,0.4805,-0.5614,2025-10-08 10:00:22,5752256
2025-W41,MID,687,SHORT,REVERSAL,1,40.0,196.5,5.6352,1.3889,0.2698,-0.4097,2025-10-08 10:01:44,5756510
2025-W41,MID,688,SHORT,HARD_STOP,2,-120.0,-607.0,2.5931,0.8374,0.2431,-0.3343,2025-10-08 10:05:28,5762500
2025-W41,MID,689,LONG,REVERSAL,2,40.0,193.0,0.1327,-0.3458,-0.2208,-0.351,2025-10-08 10:13:36,5773508
2025-W41,MID,690,LONG,REVERSAL,1,40.0,196.5,0.9653,0.5604,0.2397,0.2349,2025-10-08 10:26:10,5789500
2025-W41,MID,691,SHORT,REVERSAL,1,40.0,196.5,2.3612,-0.0344,-0.2568,-0.9289,2025-10-08 10:31:34,5795250
2025-W41,MID,692,LONG,REVERSAL,1,40.0,196.5,-4.0761,-0.82,-0.0844,1.08,2025-10-08 10:46:55,5808750
2025-W41,MID,693,LONG,REVERSAL,2,40.0,193.0,-2.8585,-0.8493,-0.2237,0.6498,2025-10-08 10:50:15,5812500
2025-W41,MID,694,SHORT,REVERSAL,2,40.0,193.0,1.4079,0.2558,0.0127,-0.5639,2025-10-08 11:03:48,5828001
2025-W41,MID,695,SHORT,REVERSAL,1,40.0,196.5,6.2792,0.1376,-0.5453,0.0906,2025-10-08 11:26:34,5845392
2025-W41,MID,696,LONG,REVERSAL,1,40.0,196.5,-0.9217,-0.284,-0.0782,0.6335,2025-10-08 11:34:21,5851260
2025-W41,MID,697,LONG,REVERSAL,1,40.0,196.5,0.4254,-0.3153,-0.2317,1.2663,2025-10-08 11:42:55,5855750
2025-W41,MID,698,SHORT,HARD_STOP,2,-120.0,-607.0,-1.123,-0.6332,-0.2676,-1.0292,2025-10-08 12:02:20,5867750
2025-W41,MID,699,LONG,HARD_STOP,2,-120.0,-607.0,-3.8232,-0.6277,0.0057,-1.0931,2025-10-08 12:27:14,5882882
2025-W41,MID,700,SHORT,REVERSAL,2,40.0,193.0,-1.5854,0.3061,0.3422,-0.3265,2025-10-08 12:52:36,5894092
2025-W41,MID,701,SHORT,HARD_STOP,2,-120.0,-607.0,0.3076,0.8658,0.4887,0.0335,2025-10-08 13:15:25,5904403
2025-W41,MID,702,LONG,REVERSAL,1,40.0,196.5,2.6489,-0.0719,-0.308,0.518,2025-10-08 13:50:57,5921250
2025-W41,MID,703,SHORT,REVERSAL,2,39.0,188.0,2.2566,0.5475,0.1028,0.8006,2025-10-08 14:10:50,5931960
2025-W41,MID,704,LONG,REVERSAL,2,40.0,193.0,-1.8172,-0.3166,-0.0083,-0.8583,2025-10-08 14:42:11,5948556
2025-W41,MID,705,SHORT,REVERSAL,1,41.0,201.5,2.4616,0.9901,0.3479,0.7525,2025-10-09 09:31:23,6099878
2025-W41,MID,706,LONG,REVERSAL,2,40.0,193.0,-2.7329,-1.2006,-0.447,-0.1374,2025-10-09 09:33:08,6103473
2025-W41,MID,707,LONG,REVERSAL,1,40.0,196.5,-3.2774,-0.6681,-0.0731,-0.583,2025-10-09 09:39:07,6113275
2025-W41,MID,708,SHORT,REVERSAL,1,40.0,196.5,-1.1822,0.684,0.5286,-0.3585,2025-10-09 09:39:47,6114098
2025-W41,MID,709,LONG,HARD_STOP,2,-120.0,-607.0,-1.8197,-0.1093,0.1164,1.0273,2025-10-09 09:40:28,6115253
2025-W41,MID,710,LONG,REVERSAL,1,40.0,196.5,-8.2034,-1.1651,0.1213,1.1038,2025-10-09 09:42:13,6119750
2025-W41,MID,711,SHORT,REVERSAL,1,40.0,196.5,5.5924,1.1295,0.1185,-0.4074,2025-10-09 09:51:20,6137004
2025-W41,MID,712,LONG,REVERSAL,1,40.0,196.5,-6.9193,-0.9241,0.1374,1.0435,2025-10-09 09:52:17,6140500
2025-W41,MID,713,LONG,REVERSAL,2,42.0,203.0,-5.1401,-0.3634,0.296,0.9658,2025-10-09 09:54:19,6144250
2025-W41,MID,714,SHORT,REVERSAL,1,40.0,196.5,3.1333,0.3673,-0.093,-0.1543,2025-10-09 09:59:23,6152500
2025-W41,MID,715,LONG,REVERSAL,1,40.0,196.5,-3.0026,-0.4642,0.0217,0.9285,2025-10-09 10:01:47,6155750
2025-W41,MID,716,SHORT,REVERSAL,1,40.0,196.5,2.6914,0.5156,0.0403,-0.6914,2025-10-09 10:07:26,6162000
2025-W41,MID,717,SHORT,REVERSAL,1,40.0,196.5,-1.4932,0.6007,0.5098,-0.5252,2025-10-09 10:10:10,6165500
2025-W41,MID,718,SHORT,REVERSAL,1,40.0,196.5,-0.1743,-0.294,-0.159,-0.989,2025-10-09 10:14:49,6169000
2025-W41,MID,719,LONG,REVERSAL,1,40.0,196.5,-2.5065,-0.5285,-0.0665,-0.8054,2025-10-09 10:17:46,6172547
2025-W41,MID,720,SHORT,REVERSAL,1,40.0,196.5,3.2816,0.9219,0.225,-1.3555,2025-10-09 10:23:42,6180750
2025-W41,MID,721,LONG,HARD_STOP,2,-120.0,-607.0,-2.6644,-0.8357,-0.235,1.0214,2025-10-09 10:27:30,6184500
2025-W41,MID,722,LONG,REVERSAL,1,40.0,196.5,-3.8311,-0.6002,0.023,0.4625,2025-10-09 10:36:26,6198754
2025-W41,MID,723,LONG,REVERSAL,2,40.0,193.0,-1.8903,-0.822,-0.3042,-1.107,2025-10-09 10:39:11,6201857
2025-W41,MID,724,LONG,REVERSAL,2,40.0,193.0,-3.4677,-1.0916,-0.3082,0.7104,2025-10-09 10:42:33,6207500
2025-W41,MID,725,SHORT,REVERSAL,1,40.0,196.5,3.2517,-0.2932,-0.5011,-1.6767,2025-10-09 10:47:19,6216000
2025-W41,MID,726,SHORT,HARD_STOP,2,-120.0,-607.0,4.9653,0.3281,-0.2997,0.668,2025-10-09 10:50:31,6221026
2025-W41,MID,727,SHORT,REVERSAL,1,40.0,196.5,3.6513,0.6725,0.0384,-0.7931,2025-10-09 11:00:16,6231750
2025-W41,MID,728,SHORT,REVERSAL,2,40.0,193.0,-1.9154,-0.6467,-0.1965,-0.4008,2025-10-09 11:03:17,6235514
2025-W41,MID,729,LONG,HARD_STOP,2,-120.0,-607.0,-2.4056,-0.4558,-0.0329,1.239,2025-10-09 11:20:25,6250250
2025-W41,MID,730,LONG,REVERSAL,1,40.0,196.5,-5.7373,-1.0383,-0.0493,1.3846,2025-10-09 11:34:46,6265000
2025-W41,MID,731,LONG,REVERSAL,1,40.0,196.5,0.061,-0.9432,-0.572,1.0483,2025-10-09 11:40:27,6272500
2025-W41,MID,732,SHORT,HARD_STOP,2,-120.0,-607.0,2.5915,1.1643,0.4394,-0.6661,2025-10-09 11:47:06,6277500
2025-W41,MID,733,SHORT,REVERSAL,1,40.0,196.5,4.3548,0.3069,-0.2513,-0.8267,2025-10-09 11:55:13,6287000
2025-W41,MID,734,SHORT,REVERSAL,1,40.0,196.5,-0.6956,-0.2911,-0.1051,0.0728,2025-10-09 12:10:41,6297516
2025-W41,MID,735,LONG,REVERSAL,2,40.0,193.0,-5.3373,-1.152,-0.1574,0.8505,2025-10-09 12:21:23,6303762
2025-W41,MID,736,SHORT,REVERSAL,1,40.0,196.5,1.1504,1.2195,0.6167,-0.3674,2025-10-09 12:25:24,6307263
2025-W41,MID,737,SHORT,REVERSAL,1,40.0,196.5,0.1789,-0.6841,-0.4284,-1.7665,2025-10-09 12:26:01,6308250
2025-W41,MID,738,SHORT,REVERSAL,1,40.0,196.5,0.7113,0.111,-0.0045,-0.7778,2025-10-09 12:36:36,6313750
2025-W41,MID,739,SHORT,REVERSAL,1,40.0,196.5,3.8436,0.5988,-0.0251,1.3503,2025-10-09 12:50:31,6325846
2025-W41,MID,740,LONG,HARD_STOP,2,-120.0,-607.0,-1.2126,-0.6803,-0.2869,1.2951,2025-10-09 12:53:28,6327765
2025-W41,MID,741,LONG,REVERSAL,1,40.0,196.5,-10.006,-1.466,0.121,1.3665,2025-10-09 12:58:12,6333250
2025-W41,MID,742,SHORT,REVERSAL,1,40.0,196.5,-0.3516,1.2972,0.8135,0.0507,2025-10-09 13:00:46,6337456
2025-W41,MID,743,SHORT,REVERSAL,1,40.0,196.5,-1.3624,-0.1602,0.0401,-1.2099,2025-10-09 13:03:28,6340250
2025-W41,MID,744,SHORT,REVERSAL,1,40.0,196.5,6.5108,1.5048,0.2518,-1.6262,2025-10-09 13:09:22,6346250
2025-W41,MID,745,LONG,HARD_STOP,2,-120.0,-607.0,1.831,-1.0068,-0.7872,0.9392,2025-10-09 13:10:25,6347500
2025-W41,MID,746,LONG,REVERSAL,1,40.0,196.5,-1.9971,0.6348,0.5806,0.6538,2025-10-09 13:19:08,6357305
2025-W41,MID,747,LONG,HARD_STOP,2,-120.0,-607.0,-2.2071,-1.0065,-0.3832,-0.2484,2025-10-09 13:25:53,6363250
2025-W41,MID,748,LONG,REVERSAL,2,44.0,213.0,-0.4923,-0.4726,-0.2344,0.3057,2025-10-09 13:34:33,6372500
2025-W41,MID,749,SHORT,REVERSAL,1,40.0,196.5,0.8935,-0.2907,-0.2637,-1.1148,2025-10-09 13:54:18,6386500
2025-W41,MID,750,LONG,REVERSAL,1,40.0,196.5,-5.3003,-0.9478,-0.0387,1.612,2025-10-09 14:06:48,6394000
2025-W41,MID,751,SHORT,REVERSAL,1,40.0,196.5,2.3134,0.1742,-0.1268,-0.8561,2025-10-09 14:23:09,6403500
2025-W41,MID,752,SHORT,REVERSAL,2,40.0,193.0,-3.144,-0.5264,-0.0015,-1.1809,2025-10-09 14:35:02,6410250
2025-W41,MID,753,SHORT,REVERSAL,1,40.0,196.5,1.7251,-0.4632,-0.4504,-1.6967,2025-10-09 14:51:03,6416500
2025-W41,MID,754,SHORT,REVERSAL,1,40.0,196.5,4.9487,1.0357,0.1265,-0.6964,2025-10-09 15:12:26,6428500
2025-W41,MID,755,SHORT,HARD_STOP,2,-120.0,-607.0,3.1554,1.1568,0.3785,-0.5392,2025-10-09 15:18:52,6434500
2025-W41,MID,756,LONG,EOD_FLATTEN,1,14.0,66.5,0.1397,0.1789,0.0934,0.7678,2025-10-09 15:45:20,6450250
2025-W41,MID,757,SHORT,HARD_STOP,2,-120.0,-607.0,-0.6318,0.0843,0.1137,-1.2086,2025-10-10 09:30:32,6555500
2025-W41,MID,758,LONG,REVERSAL,2,40.0,193.0,2.3727,-0.5705,-0.5796,0.3301,2025-10-10 09:32:54,6563500
2025-W41,MID,759,LONG,REVERSAL,1,40.0,196.5,0.8626,0.386,0.1454,1.591,2025-10-10 09:36:23,6569750
2025-W41,MID,760,SHORT,REVERSAL,2,40.0,193.0,7.7144,0.7403,-0.3273,0.2524,2025-10-10 09:38:09,6575000
2025-W41,MID,761,SHORT,REVERSAL,1,40.0,196.5,3.3803,0.4089,-0.0927,-0.7272,2025-10-10 09:40:00,6578250
2025-W41,MID,762,LONG,REVERSAL,1,40.0,196.5,-0.5834,0.2589,0.2137,1.1228,2025-10-10 09:41:18,6580782
2025-W41,MID,763,SHORT,REVERSAL,1,40.0,196.5,-0.0249,-0.0558,-0.031,1.8264,2025-10-10 09:48:34,6591783
2025-W41,MID,764,LONG,REVERSAL,2,40.0,193.0,-8.0407,-1.2314,0.0652,0.8704,2025-10-10 09:50:55,6597250
2025-W41,MID,765,LONG,REVERSAL,1,40.0,196.5,-0.8519,-0.5426,-0.2404,0.9481,2025-10-10 09:53:42,6602750
2025-W41,MID,766,SHORT,HARD_STOP,2,-120.0,-607.0,3.4483,1.4322,0.5145,1.142,2025-10-10 09:57:13,6607320
2025-W41,MID,767,LONG,REVERSAL,1,40.0,196.5,-10.4981,-2.8102,-0.6363,1.265,2025-10-10 10:01:32,6614500
2025-W41,MID,768,LONG,REVERSAL,1,40.0,196.5,-0.6685,-0.3466,-0.1411,0.7117,2025-10-10 10:05:12,6620258
2025-W41,MID,769,LONG,REVERSAL,1,40.0,196.5,-0.6283,0.0015,0.0637,0.6246,2025-10-10 10:06:27,6621525
2025-W41,MID,770,SHORT,REVERSAL,1,40.0,196.5,5.3468,1.4801,0.3534,-0.9325,2025-10-10 10:07:50,6623500
2025-W41,MID,771,LONG,REVERSAL,1,40.0,196.5,1.946,0.185,-0.0836,0.8913,2025-10-10 10:10:31,6626259
2025-W41,MID,772,LONG,REVERSAL,2,42.0,203.0,-6.6525,-1.0798,0.0174,0.9574,2025-10-10 10:16:16,6632750
2025-W41,MID,773,LONG,REVERSAL,1,40.0,196.5,-6.9095,-0.619,0.3195,0.7798,2025-10-10 10:17:20,6635000
2025-W41,MID,774,SHORT,HARD_STOP,2,-120.0,-607.0,2.9784,-0.0224,-0.3113,0.9431,2025-10-10 10:22:56,6642260
2025-W41,MID,775,LONG,REVERSAL,1,40.0,196.5,4.1811,0.6813,-0.0093,1.4547,2025-10-10 10:26:01,6646000
2025-W41,MID,776,LONG,REVERSAL,2,40.0,193.0,-1.022,-0.0221,0.0889,0.818,2025-10-10 10:33:45,6653250
2025-W41,MID,777,LONG,REVERSAL,1,40.0,196.5,-2.147,-0.7398,-0.2292,0.9975,2025-10-10 10:40:37,6659521
2025-W41,MID,778,SHORT,REVERSAL,1,40.0,196.5,5.4781,1.0551,0.0852,-0.7013,2025-10-10 10:48:00,6666250
2025-W41,MID,779,LONG,REVERSAL,1,40.0,196.5,-16.1989,-3.0711,-0.2228,2.3303,2025-10-10 10:57:57,6678000
2025-W41,MID,780,SHORT,REVERSAL,1,40.0,196.5,-16.1989,-3.0711,-0.2228,2.3303,2025-10-10 10:57:58,6678165
2025-W41,MID,781,SHORT,REVERSAL,1,43.0,211.5,-16.9674,-2.6932,0.0808,-1.5142,2025-10-10 10:58:00,6679500
2025-W41,MID,782,LONG,REVERSAL,1,40.0,196.5,-16.9674,-2.6932,0.0808,-1.5142,2025-10-10 10:58:00,6679670
2025-W41,MID,783,SHORT,REVERSAL,1,44.0,216.5,-12.15,-0.4159,0.9654,-1.021,2025-10-10 10:58:02,6680500
2025-W41,MID,784,LONG,REVERSAL,1,40.0,196.5,-9.135,-1.0181,0.3027,0.567,2025-10-10 10:58:07,6682000
2025-W41,MID,785,SHORT,REVERSAL,1,40.0,196.5,-9.135,-1.0181,0.3027,0.567,2025-10-10 10:58:07,6682104
2025-W41,MID,786,LONG,HARD_STOP,2,-120.0,-607.0,-9.135,-1.0181,0.3027,0.567,2025-10-10 10:58:08,6682224
2025-W41,MID,787,LONG,REVERSAL,1,40.0,196.5,-20.9148,-3.9606,-0.2849,3.4276,2025-10-10 10:58:17,6685000
2025-W41,MID,788,SHORT,REVERSAL,1,40.0,196.5,-4.35,1.2013,1.1558,-4.2378,2025-10-10 10:59:32,6695250
2025-W41,MID,789,LONG,REVERSAL,1,40.0,196.5,-4.35,1.2013,1.1558,-4.2378,2025-10-10 10:59:34,6695368
2025-W41,MID,790,SHORT,REVERSAL,2,39.0,188.0,3.635,2.2843,1.0071,-1.0086,2025-10-10 10:59:49,6696750
2025-W41,MID,791,LONG,REVERSAL,1,41.0,201.5,-9.5733,-3.3812,-1.0714,1.7203,2025-10-10 11:00:08,6699002
2025-W41,MID,792,LONG,HARD_STOP,2,-122.0,-617.0,-19.6447,-3.4962,-0.1333,-1.1884,2025-10-10 11:00:31,6702038
2025-W41,MID,793,LONG,REVERSAL,1,45.0,221.5,-10.1869,-2.2187,-0.3125,3.1797,2025-10-10 11:01:02,6705250
2025-W41,MID,794,SHORT,REVERSAL,1,43.0,211.5,-10.1869,-2.2187,-0.3125,3.1797,2025-10-10 11:01:02,6705272
2025-W41,MID,795,LONG,REVERSAL,1,40.0,196.5,-10.1869,-2.2187,-0.3125,3.1797,2025-10-10 11:01:03,6705335
2025-W41,MID,796,LONG,REVERSAL,1,42.0,206.5,-4.9733,1.3662,1.317,4.1585,2025-10-10 11:01:55,6709750
2025-W41,MID,797,SHORT,REVERSAL,1,41.0,201.5,-4.9733,1.3662,1.317,4.1585,2025-10-10 11:01:56,6709828
2025-W41,MID,798,LONG,REVERSAL,1,43.0,211.5,-11.4645,-2.3169,-0.2437,2.9542,2025-10-10 11:02:15,6711500
2025-W41,MID,799,SHORT,REVERSAL,1,43.0,211.5,-15.2978,-2.6199,-0.0422,-1.22,2025-10-10 11:02:30,6713000
2025-W41,MID,800,LONG,REVERSAL,2,41.0,198.0,-15.2978,-2.6199,-0.0422,-1.22,2025-10-10 11:02:33,6713144
2025-W41,MID,801,SHORT,REVERSAL,1,47.0,231.5,11.9149,2.0079,0.0133,-1.6895,2025-10-10 11:03:27,6719000
2025-W41,MID,802,LONG,REVERSAL,2,35.0,168.0,5.8935,-0.92,-1.1413,2.105,2025-10-10 11:03:36,6719750
2025-W41,MID,803,SHORT,HARD_STOP,2,-122.0,-617.0,5.8935,-0.92,-1.1413,2.105,2025-10-10 11:03:41,6719994
2025-W41,MID,804,LONG,REVERSAL,2,39.0,188.0,5.3449,-0.587,-0.8867,-2.9782,2025-10-10 11:03:50,6720516
2025-W41,MID,805,LONG,REVERSAL,2,40.0,193.0,-14.2005,-3.1476,-0.4685,-2.6506,2025-10-10 11:04:33,6724326
2025-W41,MID,806,SHORT,HARD_STOP,2,-120.0,-607.0,-14.4251,-1.0045,0.8398,3.3136,2025-10-10 11:04:40,6724868
2025-W41,MID,807,LONG,REVERSAL,1,43.0,211.5,-1.7489,0.9075,0.7194,3.3356,2025-10-10 11:05:02,6726750
2025-W41,MID,808,SHORT,HARD_STOP,2,-121.0,-612.0,-1.7489,0.9075,0.7194,3.3356,2025-10-10 11:05:05,6726975
2025-W41,MID,809,LONG,REVERSAL,1,40.0,196.5,7.8773,2.8908,0.9467,2.4648,2025-10-10 11:05:48,6730017
2025-W41,MID,810,SHORT,REVERSAL,1,49.0,241.5,9.1723,1.4601,-0.0412,-2.3025,2025-10-10 11:05:59,6730503
2025-W41,MID,811,LONG,HARD_STOP,2,-128.0,-647.0,8.9002,0.8756,-0.3647,-0.9689,2025-10-10 11:06:06,6731250
2025-W41,MID,812,SHORT,REVERSAL,1,40.0,196.5,9.8002,1.9316,0.179,-2.7954,2025-10-10 11:06:38,6733250
2025-W41,MID,813,LONG,REVERSAL,1,46.0,226.5,-4.6152,-2.9554,-1.3117,3.1138,2025-10-10 11:07:12,6735750
2025-W41,MID,814,SHORT,REVERSAL,1,40.0,196.5,-4.6152,-2.9554,-1.3117,3.1138,2025-10-10 11:07:14,6735906
2025-W41,MID,815,LONG,REVERSAL,1,42.0,206.5,-9.8019,-2.5829,-0.5696,1.7082,2025-10-10 11:07:26,6736750
2025-W41,MID,816,SHORT,REVERSAL,1,42.0,206.5,-9.8019,-2.5829,-0.5696,1.7082,2025-10-10 11:07:28,6736872
2025-W41,MID,817,SHORT,REVERSAL,1,41.0,201.5,-6.8508,0.0312,0.7038,-1.0703,2025-10-10 11:07:56,6738750
2025-W41,MID,818,SHORT,REVERSAL,1,42.0,206.5,-4.7305,-1.4402,-0.3911,-4.8275,2025-10-10 11:08:24,6740500
2025-W41,MID,819,LONG,REVERSAL,1,42.0,206.5,-4.7305,-1.4402,-0.3911,-4.8275,2025-10-10 11:08:28,6740728
2025-W41,MID,820,SHORT,REVERSAL,1,42.0,206.5,-5.8782,-1.3769,-0.2383,-1.9058,2025-10-10 11:08:45,6741750
2025-W41,MID,821,LONG,REVERSAL,2,45.0,218.0,-5.8782,-1.3769,-0.2383,-1.9058,2025-10-10 11:08:50,6741963
2025-W41,MID,822,SHORT,REVERSAL,1,42.0,206.5,-3.5614,0.0397,0.38,-4.4474,2025-10-10 11:09:08,6743250
2025-W41,MID,823,LONG,HARD_STOP,2,-120.0,-607.0,-3.5614,0.0397,0.38,-4.4474,2025-10-10 11:09:09,6743297
2025-W41,MID,824,SHORT,REVERSAL,1,45.0,221.5,-8.205,-3.4145,-1.2282,0.2911,2025-10-10 11:09:28,6744304
2025-W41,MID,825,LONG,REVERSAL,1,40.0,196.5,-8.205,-3.4145,-1.2282,0.2911,2025-10-10 11:09:30,6744455
2025-W41,MID,826,SHORT,REVERSAL,1,40.0,196.5,13.1089,2.6663,0.2889,-4.4791,2025-10-10 11:10:33,6748500
2025-W41,MID,827,LONG,REVERSAL,2,40.0,193.0,13.1089,2.6663,0.2889,-4.4791,2025-10-10 11:10:35,6748636
2025-W41,MID,828,LONG,REVERSAL,2,40.0,193.0,-2.8232,-2.7957,-1.3951,0.9489,2025-10-10 11:12:05,6754253
2025-W41,MID,829,LONG,REVERSAL,1,42.0,206.5,3.1688,-0.7594,-0.7725,1.1274,2025-10-10 11:14:49,6760756
2025-W41,MID,830,LONG,REVERSAL,2,45.0,218.0,-0.3513,-1.4576,-0.8394,-2.4481,2025-10-10 11:15:30,6762217
2025-W41,MID,831,LONG,REVERSAL,2,40.0,193.0,-12.514,-2.6556,-0.3419,1.4764,2025-10-10 11:16:56,6765750
2025-W41,MID,832,LONG,REVERSAL,1,41.0,201.5,-13.8912,-1.8983,0.2502,1.5371,2025-10-10 11:17:27,6767000
2025-W41,MID,833,LONG,REVERSAL,1,41.0,201.5,-12.7464,-1.9631,0.0968,-0.0717,2025-10-10 11:18:01,6768545
2025-W41,MID,834,SHORT,REVERSAL,1,40.0,196.5,-12.7464,-1.9631,0.0968,-0.0717,2025-10-10 11:18:01,6768584
2025-W41,MID,835,LONG,HARD_STOP,2,-120.0,-607.0,-12.7464,-1.9631,0.0968,-0.0717,2025-10-10 11:18:02,6768673
2025-W41,MID,836,SHORT,REVERSAL,1,40.0,196.5,-15.8097,-2.9686,-0.2002,-1.5078,2025-10-10 11:18:17,6770000
2025-W41,MID,837,LONG,HARD_STOP,2,-122.0,-617.0,-15.8097,-2.9686,-0.2002,-1.5078,2025-10-10 11:18:19,6770086
2025-W41,MID,838,LONG,REVERSAL,1,40.0,196.5,-19.4549,-2.5798,0.3976,1.3949,2025-10-10 11:18:44,6771801
2025-W41,MID,839,SHORT,REVERSAL,1,40.0,196.5,-16.5142,-2.6135,0.0833,-2.4091,2025-10-10 11:19:15,6773750
2025-W41,MID,840,LONG,HARD_STOP,2,-120.0,-607.0,-16.5142,-2.6135,0.0833,-2.4091,2025-10-10 11:19:17,6773870
2025-W41,MID,841,SHORT,REVERSAL,1,40.0,196.5,-4.9051,2.0328,1.7102,-1.3207,2025-10-10 11:19:48,6776000
2025-W41,MID,842,LONG,REVERSAL,1,40.0,196.5,-3.9359,-1.8544,-0.719,0.8386,2025-10-10 11:20:11,6777750
2025-W41,MID,843,LONG,REVERSAL,1,42.0,206.5,-10.021,-1.3804,0.1739,2.7201,2025-10-10 11:20:59,6781250
2025-W41,MID,844,SHORT,REVERSAL,1,40.0,196.5,-10.021,-1.3804,0.1739,2.7201,2025-10-10 11:21:00,6781360
2025-W41,MID,845,LONG,REVERSAL,1,40.0,196.5,-17.0561,-2.9649,-0.0733,1.9912,2025-10-10 11:21:15,6782750
2025-W41,MID,846,SHORT,REVERSAL,2,46.0,223.0,-13.0909,-0.5908,0.9546,-0.6648,2025-10-10 11:21:29,6783751
2025-W41,MID,847,LONG,REVERSAL,1,42.0,206.5,-8.5968,0.7061,1.2834,2.511,2025-10-10 11:22:24,6788000
2025-W41,MID,848,SHORT,HARD_STOP,2,-120.0,-607.0,-8.5968,0.7061,1.2834,2.511,2025-10-10 11:22:26,6788112
2025-W41,MID,849,LONG,REVERSAL,1,40.0,196.5,-1.2917,0.8292,0.6267,-3.3323,2025-10-10 11:22:43,6789060
2025-W41,MID,850,LONG,REVERSAL,1,44.0,216.5,2.0612,2.1321,1.0731,2.2795,2025-10-10 11:22:58,6790000
2025-W41,MID,851,SHORT,REVERSAL,1,40.0,196.5,2.0612,2.1321,1.0731,2.2795,2025-10-10 11:23:01,6790186
2025-W41,MID,852,LONG,REVERSAL,1,41.0,201.5,-1.9835,1.5749,1.1433,2.9188,2025-10-10 11:23:46,6793000
2025-W41,MID,853,SHORT,REVERSAL,1,41.0,201.5,-1.9835,1.5749,1.1433,2.9188,2025-10-10 11:23:47,6793088
2025-W41,MID,854,LONG,REVERSAL,1,42.0,206.5,-8.871,-2.6962,-0.7306,2.7365,2025-10-10 11:24:10,6794500
2025-W41,MID,855,LONG,HARD_STOP,2,-125.0,-632.0,-7.5645,-1.4931,-0.1394,1.6858,2025-10-10 11:24:39,6796250
2025-W41,MID,856,SHORT,REVERSAL,1,40.0,196.5,-7.9576,0.2021,0.917,-2.0505,2025-10-10 11:25:04,6798250
2025-W41,MID,857,LONG,REVERSAL,1,40.0,196.5,-7.9576,0.2021,0.917,-2.0505,2025-10-10 11:25:06,6798388
2025-W41,MID,858,LONG,REVERSAL,1,41.0,201.5,-8.8997,0.2984,1.069,2.5504,2025-10-10 11:25:34,6800250
2025-W41,MID,859,SHORT,REVERSAL,2,40.0,193.0,-8.8997,0.2984,1.069,2.5504,2025-10-10 11:25:39,6800493
2025-W41,MID,860,SHORT,REVERSAL,1,40.0,196.5,1.2039,2.3926,1.3152,-1.7231,2025-10-10 11:26:09,6802500
2025-W41,MID,861,SHORT,REVERSAL,1,40.0,196.5,9.3342,-0.7539,-1.3857,1.6885,2025-10-10 11:28:07,6809851
2025-W41,MID,862,LONG,REVERSAL,1,40.0,196.5,3.4184,-0.6364,-0.7237,2.4716,2025-10-10 11:28:21,6810750
2025-W41,MID,863,LONG,REVERSAL,2,38.0,183.0,-8.7525,0.426,1.1309,-1.294,2025-10-10 11:29:23,6814533
2025-W41,MID,864,LONG,HARD_STOP,2,-121.0,-612.0,-15.7928,-2.6999,-0.0406,1.4875,2025-10-10 11:30:18,6819000
2025-W41,MID,865,SHORT,REVERSAL,1,40.0,196.5,-11.5718,-1.0753,0.512,-0.6687,2025-10-10 11:31:00,6822635
2025-W41,MID,866,SHORT,REVERSAL,1,40.0,196.5,-8.5512,-0.4586,0.58,-1.7604,2025-10-10 11:31:09,6823250
2025-W41,MID,867,LONG,REVERSAL,1,40.0,196.5,-8.5512,-0.4586,0.58,-1.7604,2025-10-10 11:31:10,6823338
2025-W41,MID,868,LONG,REVERSAL,1,43.0,211.5,-12.0789,-3.2499,-0.742,0.5,2025-10-10 11:31:27,6824698
2025-W41,MID,869,LONG,REVERSAL,1,40.0,196.5,-16.0639,-2.3814,0.1776,1.5328,2025-10-10 11:32:50,6831260
2025-W41,MID,870,SHORT,REVERSAL,1,42.0,206.5,-12.8498,-1.6054,0.3218,-2.6612,2025-10-10 11:33:06,6832500
2025-W41,MID,871,LONG,REVERSAL,1,40.0,196.5,-12.8498,-1.6054,0.3218,-2.6612,2025-10-10 11:33:08,6832717
2025-W41,MID,872,SHORT,REVERSAL,1,43.0,211.5,2.7468,1.7321,0.7646,-1.9955,2025-10-10 11:33:36,6834750
2025-W41,MID,873,LONG,HARD_STOP,2,-122.0,-617.0,2.7468,1.7321,0.7646,-1.9955,2025-10-10 11:33:39,6834892
2025-W41,MID,874,LONG,REVERSAL,1,41.0,201.5,-2.9607,-1.4141,-0.5524,2.666,2025-10-10 11:33:59,6836000
2025-W41,MID,875,LONG,REVERSAL,1,42.0,206.5,-12.1179,-2.4309,-0.2467,2.7952,2025-10-10 11:34:18,6837500
2025-W41,MID,876,SHORT,REVERSAL,1,40.0,196.5,-12.1179,-2.4309,-0.2467,2.7952,2025-10-10 11:34:20,6837728
2025-W41,MID,877,SHORT,REVERSAL,1,41.0,201.5,5.7735,0.4193,-0.3258,-1.3548,2025-10-10 11:36:29,6846000
2025-W41,MID,878,SHORT,REVERSAL,1,40.0,196.5,5.0804,0.125,-0.4331,-1.7187,2025-10-10 11:37:20,6848750
2025-W41,MID,879,LONG,REVERSAL,1,42.0,206.5,5.0804,0.125,-0.4331,-1.7187,2025-10-10 11:37:22,6848849
2025-W41,MID,880,SHORT,REVERSAL,1,40.0,196.5,7.6787,0.6231,-0.394,-2.2808,2025-10-10 11:37:55,6850750
2025-W41,MID,881,LONG,REVERSAL,1,40.0,196.5,7.6787,0.6231,-0.394,-2.2808,2025-10-10 11:37:55,6850906
2025-W41,MID,882,SHORT,REVERSAL,1,40.0,196.5,1.3178,-0.1015,-0.1927,-0.5996,2025-10-10 11:38:27,6853009
2025-W41,MID,883,SHORT,REVERSAL,1,43.0,211.5,-8.2684,-3.9269,-1.5293,-3.8308,2025-10-10 11:38:52,6854500
2025-W41,MID,884,LONG,REVERSAL,2,58.0,283.0,-8.2684,-3.9269,-1.5293,-3.8308,2025-10-10 11:38:54,6854607
2025-W41,MID,885,LONG,HARD_STOP,2,-120.0,-607.0,-8.833,-2.6333,-0.6967,0.4083,2025-10-10 11:39:53,6857257
2025-W41,MID,886,LONG,REVERSAL,1,40.0,196.5,-13.8593,-0.2328,1.2462,4.1832,2025-10-10 11:40:27,6859750
2025-W41,MID,887,SHORT,REVERSAL,1,44.0,216.5,8.3149,1.735,0.2095,-1.6838,2025-10-10 11:41:59,6864500
2025-W41,MID,888,SHORT,HARD_STOP,2,-121.0,-612.0,11.3491,2.0737,0.1093,-0.9559,2025-10-10 11:44:14,6871500
2025-W41,MID,889,SHORT,HARD_STOP,2,-121.0,-612.0,15.695,3.0952,0.2876,-1.3363,2025-10-10 11:44:35,6873256
2025-W41,MID,890,SHORT,REVERSAL,1,40.0,196.5,18.488,2.7014,-0.228,-0.1753,2025-10-10 11:45:26,6877893
2025-W41,MID,891,SHORT,REVERSAL,1,41.0,201.5,1.5665,-1.8665,-1.2766,-2.3459,2025-10-10 11:46:01,6880250
2025-W41,MID,892,LONG,REVERSAL,1,40.0,196.5,1.5665,-1.8665,-1.2766,-2.3459,2025-10-10 11:46:02,6880465
2025-W41,MID,893,LONG,REVERSAL,1,40.0,196.5,2.2382,-0.5482,-0.5527,2.637,2025-10-10 11:46:45,6883000
2025-W41,MID,894,SHORT,REVERSAL,1,40.0,196.5,2.2382,-0.5482,-0.5527,2.637,2025-10-10 11:46:47,6883235
2025-W41,MID,895,SHORT,REVERSAL,1,40.0,196.5,-7.9623,-1.7524,-0.2552,-1.7494,2025-10-10 11:47:25,6885000
2025-W41,MID,896,LONG,REVERSAL,2,39.0,188.0,-7.9623,-1.7524,-0.2552,-1.7494,2025-10-10 11:47:30,6885217
2025-W41,MID,897,SHORT,REVERSAL,1,41.0,201.5,-7.9672,-0.6315,0.4178,1.4704,2025-10-10 11:47:37,6885513
2025-W41,MID,898,LONG,REVERSAL,1,47.0,231.5,-7.9672,-0.6315,0.4178,1.4704,2025-10-10 11:47:39,6885610
2025-W41,MID,899,SHORT,REVERSAL,1,43.0,211.5,-7.9672,-0.6315,0.4178,1.4704,2025-10-10 11:47:41,6885716
2025-W41,MID,900,LONG,REVERSAL,1,40.0,196.5,-14.2609,-3.1583,-0.4689,1.0396,2025-10-10 11:48:09,6887000
2025-W41,MID,901,SHORT,REVERSAL,1,40.0,196.5,-14.2609,-3.1583,-0.4689,1.0396,2025-10-10 11:48:10,6887052
2025-W41,MID,902,LONG,REVERSAL,1,40.0,196.5,-14.2609,-3.1583,-0.4689,1.0396,2025-10-10 11:48:12,6887171
2025-W41,MID,903,SHORT,REVERSAL,1,40.0,196.5,-0.0081,2.0771,1.2471,-1.1443,2025-10-10 11:48:58,6889500
2025-W41,MID,904,LONG,REVERSAL,1,43.0,211.5,1.7379,1.4184,0.6772,2.3329,2025-10-10 11:49:19,6890501
2025-W41,MID,905,SHORT,REVERSAL,1,41.0,201.5,1.7379,1.4184,0.6772,2.3329,2025-10-10 11:49:21,6890746
2025-W41,MID,906,LONG,REVERSAL,1,40.0,196.5,-1.0359,-0.7862,-0.3682,2.0716,2025-10-10 11:49:39,6891500
2025-W41,MID,907,SHORT,REVERSAL,2,44.0,213.0,-1.0359,-0.7862,-0.3682,2.0716,2025-10-10 11:49:44,6891728
2025-W41,MID,908,SHORT,REVERSAL,1,40.0,196.5,0.5671,1.5996,0.9031,2.6001,2025-10-10 11:50:12,6892960
2025-W41,MID,909,SHORT,REVERSAL,2,40.0,193.0,8.3118,-0.7106,-1.2576,0.9902,2025-10-10 11:51:45,6898008
2025-W41,MID,910,LONG,HARD_STOP,2,-120.0,-607.0,6.5193,-1.1248,-1.3268,-1.6563,2025-10-10 11:51:58,6898671
2025-W41,MID,911,LONG,REVERSAL,1,40.0,196.5,-2.1908,-0.2047,0.0962,-0.2613,2025-10-10 11:52:33,6900769
2025-W41,MID,912,SHORT,REVERSAL,2,39.0,188.0,-0.503,0.4592,0.3258,-0.4898,2025-10-10 11:52:51,6901500
2025-W41,MID,913,LONG,REVERSAL,1,40.0,196.5,2.1305,0.747,0.2351,1.3133,2025-10-10 11:53:27,6903000
2025-W41,MID,914,SHORT,REVERSAL,1,45.0,221.5,2.1305,0.747,0.2351,1.3133,2025-10-10 11:53:31,6903241
2025-W41,MID,915,LONG,REVERSAL,1,41.0,201.5,-5.6246,-1.3636,-0.2557,2.5284,2025-10-10 11:54:16,6905000
2025-W41,MID,916,LONG,REVERSAL,1,40.0,196.5,-11.2925,-1.9136,-0.0189,2.7909,2025-10-10 11:55:30,6908257
2025-W41,MID,917,SHORT,REVERSAL,2,51.0,248.0,-11.2925,-1.9136,-0.0189,2.7909,2025-10-10 11:55:36,6908471
2025-W41,MID,918,LONG,REVERSAL,1,40.0,196.5,-16.2191,-2.628,0.0451,1.407,2025-10-10 11:56:28,6911001
2025-W41,MID,919,SHORT,REVERSAL,1,40.0,196.5,-16.2191,-2.628,0.0451,1.407,2025-10-10 11:56:30,6911115
2025-W41,MID,920,LONG,REVERSAL,1,43.0,211.5,-11.1929,-1.4936,0.2231,1.1234,2025-10-10 11:58:08,6915000
2025-W41,MID,921,SHORT,REVERSAL,1,46.0,226.5,9.8415,3.1611,0.9125,-2.2278,2025-10-10 11:59:01,6917500
2025-W41,MID,922,LONG,REVERSAL,1,42.0,206.5,0.4705,-1.3807,-0.8755,2.2827,2025-10-10 12:00:05,6920250
2025-W41,MID,923,LONG,REVERSAL,2,39.0,188.0,-3.3029,-1.9029,-0.8115,1.1007,2025-10-10 12:00:19,6921010
2025-W41,MID,924,LONG,REVERSAL,1,41.0,201.5,-3.4069,-1.2446,-0.4061,-1.3763,2025-10-10 12:01:52,6924005
2025-W41,MID,925,LONG,REVERSAL,2,39.0,188.0,-5.0589,-1.7391,-0.5375,1.4973,2025-10-10 12:02:56,6926500
2025-W41,MID,926,SHORT,REVERSAL,1,43.0,211.5,-4.2442,0.1406,0.5088,-2.9727,2025-10-10 12:03:39,6928500
2025-W41,MID,927,LONG,HARD_STOP,2,-121.0,-612.0,-4.2442,0.1406,0.5088,-2.9727,2025-10-10 12:03:44,6928708
2025-W41,MID,928,SHORT,REVERSAL,1,40.0,196.5,-6.0257,-0.6351,0.2215,-3.4662,2025-10-10 12:04:28,6930500
2025-W41,MID,929,LONG,REVERSAL,1,40.0,196.5,-6.0257,-0.6351,0.2215,-3.4662,2025-10-10 12:04:33,6930659
2025-W41,MID,930,SHORT,HARD_STOP,2,-127.0,-642.0,3.7329,3.4632,1.7046,-0.1783,2025-10-10 12:05:09,6931752
2025-W41,MID,931,LONG,HARD_STOP,2,-120.0,-607.0,1.1652,-1.7587,-1.1717,0.8147,2025-10-10 12:06:23,6934753
2025-W41,MID,932,SHORT,HARD_STOP,2,-120.0,-607.0,-7.4631,-1.7929,-0.3294,1.5107,2025-10-10 12:07:11,6936321
2025-W41,MID,933,SHORT,REVERSAL,1,40.0,196.5,-1.2136,1.5188,1.0327,-1.5672,2025-10-10 12:07:45,6937250
2025-W41,MID,934,SHORT,REVERSAL,1,41.0,201.5,4.5382,-0.587,-0.806,-2.9158,2025-10-10 12:09:15,6940000
2025-W41,MID,935,LONG,REVERSAL,1,40.0,196.5,4.5382,-0.587,-0.806,-2.9158,2025-10-10 12:09:26,6940182
2025-W41,MID,936,SHORT,REVERSAL,1,42.0,206.5,7.4317,1.9469,0.425,-2.4867,2025-10-10 12:12:00,6945750
2025-W41,MID,937,LONG,REVERSAL,1,41.0,201.5,7.4317,1.9469,0.425,-2.4867,2025-10-10 12:12:03,6945906
2025-W41,MID,938,LONG,REVERSAL,1,40.0,196.5,6.9887,1.2088,0.0264,2.9478,2025-10-10 12:12:32,6947000
2025-W41,MID,939,SHORT,REVERSAL,1,40.0,196.5,6.9887,1.2088,0.0264,2.9478,2025-10-10 12:12:37,6947135
2025-W41,MID,940,SHORT,REVERSAL,1,40.0,196.5,5.2561,1.5978,0.4331,-1.1495,2025-10-10 12:13:45,6949000
2025-W41,MID,941,SHORT,REVERSAL,2,40.0,193.0,5.5772,1.9626,0.6198,1.6343,2025-10-10 12:14:06,6949615
2025-W41,MID,942,SHORT,REVERSAL,1,41.0,201.5,2.6513,-0.9521,-0.8364,1.0505,2025-10-10 12:15:34,6952050
2025-W41,MID,943,LONG,REVERSAL,1,41.0,201.5,1.0319,0.6845,0.3075,2.9539,2025-10-10 12:16:03,6952750
2025-W41,MID,944,SHORT,REVERSAL,1,44.0,216.5,1.0319,0.6845,0.3075,2.9539,2025-10-10 12:16:09,6952916
2025-W41,MID,945,LONG,REVERSAL,1,40.0,196.5,-9.8982,-1.7391,-0.0536,2.6848,2025-10-10 12:17:05,6954750
2025-W41,MID,946,SHORT,REVERSAL,1,40.0,196.5,-9.8982,-1.7391,-0.0536,2.6848,2025-10-10 12:17:07,6954927
2025-W41,MID,947,LONG,REVERSAL,1,40.0,196.5,-11.9359,-1.7124,0.1662,1.3656,2025-10-10 12:18:00,6956250
2025-W41,MID,948,SHORT,REVERSAL,1,41.0,201.5,-11.9359,-1.7124,0.1662,1.3656,2025-10-10 12:18:01,6956354
2025-W41,MID,949,SHORT,REVERSAL,1,40.0,196.5,-10.2837,-1.591,0.0738,-2.3523,2025-10-10 12:18:37,6957250
2025-W41,MID,950,LONG,REVERSAL,2,42.0,203.0,-10.2837,-1.591,0.0738,-2.3523,2025-10-10 12:18:48,6957464
2025-W41,MID,951,LONG,REVERSAL,1,40.0,196.5,0.0497,0.6608,0.3915,2.0848,2025-10-10 12:20:21,6960500
2025-W41,MID,952,SHORT,REVERSAL,1,40.0,196.5,0.0497,0.6608,0.3915,2.0848,2025-10-10 12:20:28,6960618
2025-W41,MID,953,SHORT,REVERSAL,1,42.0,206.5,19.2954,3.9881,0.4633,-1.1845,2025-10-10 12:23:35,6966755
2025-W41,MID,954,LONG,REVERSAL,1,41.0,201.5,13.4495,0.6928,-0.9293,2.1393,2025-10-10 12:24:13,6968000
2025-W41,MID,955,SHORT,REVERSAL,1,42.0,206.5,13.4495,0.6928,-0.9293,2.1393,2025-10-10 12:24:21,6968210
2025-W41,MID,956,LONG,REVERSAL,1,40.0,196.5,-2.5195,-3.2044,-1.6707,1.4261,2025-10-10 12:25:16,6969750
2025-W41,MID,957,SHORT,REVERSAL,2,42.0,203.0,-2.5195,-3.2044,-1.6707,1.4261,2025-10-10 12:25:23,6969891
2025-W41,MID,958,LONG,REVERSAL,1,40.0,196.5,-2.2132,-1.1206,-0.4511,-2.2198,2025-10-10 12:25:57,6970665
2025-W41,MID,959,SHORT,REVERSAL,1,40.0,196.5,-1.5963,-1.2749,-0.6053,-2.2438,2025-10-10 12:27:15,6972250
2025-W41,MID,960,LONG,REVERSAL,1,43.0,211.5,-1.5963,-1.2749,-0.6053,-2.2438,2025-10-10 12:27:29,6972412
2025-W41,MID,961,LONG,REVERSAL,1,40.0,196.5,-4.0009,-0.6404,0.0158,2.7226,2025-10-10 12:28:25,6973500
2025-W41,MID,962,SHORT,REVERSAL,1,40.0,196.5,-4.0009,-0.6404,0.0158,2.7226,2025-10-10 12:28:34,6973693
2025-W41,MID,963,LONG,REVERSAL,2,40.0,193.0,-11.5628,-2.1633,-0.1417,-1.3342,2025-10-10 12:35:05,6984304
2025-W41,MID,964,LONG,REVERSAL,1,40.0,196.5,-8.3877,-0.361,0.6222,-1.9723,2025-10-10 12:35:44,6986002
2025-W41,MID,965,LONG,REVERSAL,1,41.0,201.5,-1.8697,0.32,0.3789,0.295,2025-10-10 12:39:24,6991520
2025-W41,MID,966,SHORT,REVERSAL,1,41.0,201.5,0.8492,-0.1491,-0.1744,-1.7127,2025-10-10 12:40:35,6993250
2025-W41,MID,967,SHORT,REVERSAL,1,41.0,201.5,-3.3327,-1.3794,-0.4944,-1.9677,2025-10-10 12:42:02,6995500
2025-W41,MID,968,LONG,REVERSAL,1,40.0,196.5,-3.3327,-1.3794,-0.4944,-1.9677,2025-10-10 12:42:12,6995732
2025-W41,MID,969,LONG,HARD_STOP,2,-122.0,-617.0,-6.8425,-1.9365,-0.4777,1.2341,2025-10-10 12:42:54,6997000
2025-W41,MID,970,LONG,REVERSAL,1,40.0,196.5,-6.4079,-0.0483,0.6118,1.3246,2025-10-10 12:45:03,7001250
2025-W41,MID,971,LONG,HARD_STOP,2,-120.0,-607.0,-11.4227,-2.0169,-0.0679,1.4417,2025-10-10 12:48:25,7008250
2025-W41,MID,972,SHORT,REVERSAL,2,46.0,223.0,-6.7156,-0.0854,0.6203,-1.1036,2025-10-10 12:51:16,7013250
2025-W41,MID,973,LONG,REVERSAL,2,42.0,203.0,-4.915,-0.3332,0.2916,2.0208,2025-10-10 12:52:18,7015000
2025-W41,MID,974,SHORT,REVERSAL,1,40.0,196.5,-4.4388,0.1727,0.5475,-0.4807,2025-10-10 12:53:16,7016769
2025-W41,MID,975,LONG,REVERSAL,1,40.0,196.5,0.5242,0.0865,-0.0005,1.4784,2025-10-10 12:57:28,7022750
2025-W41,MID,976,SHORT,REVERSAL,1,40.0,196.5,0.5242,0.0865,-0.0005,1.4784,2025-10-10 12:57:32,7022863
2025-W41,MID,977,LONG,REVERSAL,1,40.0,196.5,-7.6468,-1.4914,-0.1301,1.1228,2025-10-10 12:59:03,7025250
2025-W41,MID,978,LONG,REVERSAL,1,40.0,196.5,-6.3548,-0.4896,0.3417,-0.5651,2025-10-10 12:59:31,7026109
2025-W41,MID,979,LONG,HARD_STOP,2,-120.0,-607.0,-4.7845,-0.4233,0.2245,-1.8317,2025-10-10 12:59:52,7026559
2025-W41,MID,980,SHORT,HARD_STOP,2,-120.0,-607.0,-6.5454,-0.2687,0.4933,3.4422,2025-10-10 13:00:11,7027417
2025-W41,MID,981,LONG,REVERSAL,1,40.0,196.5,-3.7115,-1.5414,-0.5537,2.7604,2025-10-10 13:01:15,7029250
2025-W41,MID,982,SHORT,REVERSAL,1,40.0,196.5,-3.7115,-1.5414,-0.5537,2.7604,2025-10-10 13:01:20,7029457
2025-W41,MID,983,LONG,REVERSAL,1,40.0,196.5,-10.1122,-1.7239,-0.0231,1.306,2025-10-10 13:03:03,7031750
2025-W41,MID,984,LONG,REVERSAL,2,42.0,203.0,-5.8538,-0.458,0.3106,-1.5105,2025-10-10 13:04:47,7034437
2025-W41,MID,985,SHORT,REVERSAL,1,40.0,196.5,12.3122,3.5499,0.8987,-1.325,2025-10-10 13:11:54,7044000
2025-W41,MID,986,SHORT,REVERSAL,1,41.0,201.5,8.6534,-0.1488,-0.9547,-1.2753,2025-10-10 13:12:34,7045253
2025-W41,MID,987,LONG,HARD_STOP,2,-122.0,-617.0,8.6534,-0.1488,-0.9547,-1.2753,2025-10-10 13:12:37,7045303
2025-W41,MID,988,LONG,REVERSAL,1,40.0,196.5,-6.8591,-1.1254,0.0107,0.7813,2025-10-10 13:14:42,7048750
2025-W41,MID,989,SHORT,REVERSAL,1,40.0,196.5,9.472,1.7073,0.0772,-0.0518,2025-10-10 13:18:02,7053736
2025-W41,MID,990,LONG,REVERSAL,1,41.0,201.5,2.0201,-1.6891,-1.2155,1.3598,2025-10-10 13:18:57,7055250
2025-W41,MID,991,SHORT,REVERSAL,1,41.0,201.5,10.9058,2.3715,0.3323,-1.2804,2025-10-10 13:23:18,7061500
2025-W41,MID,992,SHORT,REVERSAL,1,40.0,196.5,4.2462,0.7032,-0.0027,-0.6758,2025-10-10 13:26:22,7065250
2025-W41,MID,993,SHORT,HARD_STOP,2,-120.0,-607.0,3.8503,1.2501,0.365,1.9375,2025-10-10 13:26:50,7065773
2025-W41,MID,994,SHORT,REVERSAL,1,40.0,196.5,7.7026,1.7212,0.2624,-1.3053,2025-10-10 13:30:23,7072500
2025-W41,MID,995,SHORT,REVERSAL,1,40.0,196.5,-0.3651,-0.9323,-0.5228,-1.5169,2025-10-10 13:31:59,7075250
2025-W41,MID,996,LONG,REVERSAL,1,40.0,196.5,-0.3651,-0.9323,-0.5228,-1.5169,2025-10-10 13:32:08,7075475
2025-W41,MID,997,SHORT,HARD_STOP,2,-120.0,-607.0,1.4802,0.277,0.0182,-1.8818,2025-10-10 13:33:19,7077000
2025-W41,MID,998,SHORT,REVERSAL,1,40.0,196.5,2.1118,0.9863,0.3806,-1.1216,2025-10-10 13:41:13,7088750
2025-W41,MID,999,SHORT,REVERSAL,1,40.0,196.5,0.5365,0.6367,0.3284,2.8408,2025-10-10 13:42:53,7090437
2025-W41,MID,1000,SHORT,REVERSAL,1,40.0,196.5,-1.9713,-1.2771,-0.5691,-2.3682,2025-10-10 13:44:21,7092000
2025-W41,MID,1001,LONG,HARD_STOP,2,-120.0,-607.0,-1.9713,-1.2771,-0.5691,-2.3682,2025-10-10 13:44:31,7092183
2025-W41,MID,1002,LONG,REVERSAL,1,40.0,196.5,-15.836,-3.0354,-0.2376,1.1964,2025-10-10 13:46:44,7096000
2025-W41,MID,1003,SHORT,HARD_STOP,2,-120.0,-607.0,-8.8861,0.7872,1.3609,-1.3218,2025-10-10 13:47:17,7097500
2025-W41,MID,1004,SHORT,REVERSAL,1,40.0,196.5,5.1652,0.6255,-0.1412,-3.2189,2025-10-10 13:48:32,7100750
2025-W41,MID,1005,LONG,REVERSAL,2,40.0,193.0,5.1652,0.6255,-0.1412,-3.2189,2025-10-10 13:48:35,7100916
2025-W41,MID,1006,LONG,REVERSAL,1,40.0,196.5,3.3012,0.1134,-0.2621,-0.5909,2025-10-10 13:49:09,7101858
2025-W41,MID,1007,SHORT,REVERSAL,1,40.0,196.5,3.3012,0.1134,-0.2621,-0.5909,2025-10-10 13:49:15,7101961
2025-W41,MID,1008,LONG,REVERSAL,1,41.0,201.5,-1.7907,-0.7931,-0.2968,2.0733,2025-10-10 13:50:27,7103750
2025-W41,MID,1009,SHORT,REVERSAL,1,42.0,206.5,-3.3644,1.1033,0.9984,-1.2758,2025-10-10 13:55:34,7109500
2025-W41,MID,1010,LONG,REVERSAL,2,46.0,223.0,-3.6038,-2.5281,-1.1565,-1.243,2025-10-10 14:00:58,7115758
2025-W41,MID,1011,SHORT,REVERSAL,1,40.0,196.5,-3.0499,0.05,0.335,-1.1375,2025-10-10 14:02:46,7117756
2025-W41,MID,1012,SHORT,REVERSAL,2,44.0,213.0,-4.2123,-0.6345,0.0405,-0.5914,2025-10-10 14:03:42,7119003
2025-W41,MID,1013,LONG,REVERSAL,1,40.0,196.5,1.5762,-0.3577,-0.3722,3.0894,2025-10-10 14:09:39,7124500
2025-W41,MID,1014,SHORT,REVERSAL,2,40.0,193.0,1.5762,-0.3577,-0.3722,3.0894,2025-10-10 14:09:56,7124697
2025-W41,MID,1015,LONG,REVERSAL,2,40.0,193.0,-2.8777,-3.1849,-1.6232,1.2337,2025-10-10 14:18:17,7132000
2025-W41,MID,1016,SHORT,REVERSAL,1,40.0,196.5,8.4264,1.2225,-0.1091,-1.8681,2025-10-10 14:22:58,7137000
2025-W41,MID,1017,LONG,REVERSAL,1,40.0,196.5,5.1736,-0.5293,-0.8349,0.4448,2025-10-10 14:23:51,7138051
2025-W41,MID,1018,LONG,REVERSAL,1,41.0,201.5,3.4285,0.3127,-0.1552,1.4843,2025-10-10 14:26:08,7139750
2025-W41,MID,1019,LONG,REVERSAL,2,40.0,193.0,2.9873,-0.3999,-0.5387,-1.15,2025-10-10 14:27:06,7140430
2025-W41,MID,1020,LONG,REVERSAL,2,40.0,193.0,-3.8854,-1.8675,-0.7319,1.4669,2025-10-10 14:28:46,7141750
2025-W41,MID,1021,LONG,REVERSAL,2,40.0,193.0,-7.7013,-0.8107,0.2837,-0.8598,2025-10-10 14:30:12,7143545
2025-W41,MID,1022,LONG,REVERSAL,1,40.0,196.5,-8.922,-1.4417,0.0272,0.8604,2025-10-10 14:36:00,7148250
2025-W41,MID,1023,SHORT,REVERSAL,1,40.0,196.5,-4.8638,0.1725,0.5899,-1.1056,2025-10-10 14:38:31,7149753
2025-W41,MID,1024,LONG,REVERSAL,1,40.0,196.5,-4.2119,0.2103,0.5474,1.5099,2025-10-10 14:39:45,7150500
2025-W41,MID,1025,LONG,REVERSAL,1,40.0,196.5,-8.3761,-2.5081,-0.6673,1.502,2025-10-10 14:48:20,7158750
2025-W41,MID,1026,LONG,REVERSAL,1,40.0,196.5,-5.227,0.0954,0.5799,1.8511,2025-10-10 14:51:53,7163000
2025-W41,MID,1027,SHORT,REVERSAL,1,40.0,196.5,-5.227,0.0954,0.5799,1.8511,2025-10-10 14:52:05,7163220
2025-W41,MID,1028,LONG,REVERSAL,1,40.0,196.5,-7.0861,-0.4815,0.4197,-0.6296,2025-10-10 14:54:49,7168006
2025-W41,MID,1029,LONG,REVERSAL,2,40.0,193.0,1.9627,0.1753,-0.0911,1.1437,2025-10-10 14:56:47,7171250
2025-W41,MID,1030,LONG,REVERSAL,1,41.0,201.5,3.8887,-1.5862,-1.3406,0.6466,2025-10-10 15:01:15,7177500
2025-W41,MID,1031,SHORT,REVERSAL,1,40.0,196.5,2.4261,0.0763,-0.1968,-1.8316,2025-10-10 15:04:51,7181000
2025-W41,MID,1032,LONG,REVERSAL,2,40.0,193.0,-11.5838,-3.6756,-1.047,-0.1436,2025-10-10 15:12:02,7187473
2025-W41,MID,1033,SHORT,REVERSAL,1,41.0,201.5,-5.7426,0.5026,0.8758,-2.4381,2025-10-10 15:13:21,7189750
2025-W41,MID,1034,LONG,REVERSAL,1,40.0,196.5,-4.4782,0.7617,0.9048,1.0596,2025-10-10 15:13:57,7190391
2025-W41,MID,1035,SHORT,REVERSAL,1,40.0,196.5,0.9014,1.4912,0.8046,-0.8728,2025-10-10 15:16:07,7192841
2025-W41,MID,1036,LONG,HARD_STOP,2,-120.0,-607.0,-4.6813,-0.634,0.0877,-1.4665,2025-10-10 15:25:18,7201475
2025-W41,MID,1037,SHORT,REVERSAL,1,40.0,196.5,-0.2204,1.9743,1.2066,0.2564,2025-10-10 15:30:12,7208500
2025-W41,MID,1038,LONG,REVERSAL,2,40.0,193.0,-8.8085,-1.5418,-0.0442,1.1354,2025-10-10 15:35:23,7215250
2025-W41,MID,1039,LONG,HARD_STOP,2,-120.0,-607.0,-7.6267,-0.4439,0.4964,1.111,2025-10-10 15:37:22,7218250
2025-W41,MID,1040,SHORT,REVERSAL,1,40.0,196.5,-10.1546,-0.7823,0.5461,-0.6794,2025-10-10 15:39:08,7222000
2025-W41,MID,1041,LONG,REVERSAL,1,40.0,196.5,-9.2489,0.0893,0.9785,1.9152,2025-10-10 15:39:21,7222501
2025-W41,MID,1042,SHORT,HARD_STOP,2,-122.0,-617.0,-9.2489,0.0893,0.9785,1.9152,2025-10-10 15:39:27,7222705
2025-W41,MID,1043,SHORT,HARD_STOP,2,-121.0,-612.0,7.437,0.8856,-0.2123,-1.2839,2025-10-10 15:40:53,7226500
2025-W41,MID,1044,LONG,REVERSAL,1,42.0,206.5,5.5696,-0.9474,-1.1254,0.3619,2025-10-10 15:42:27,7230024
2025-W41,MID,1045,SHORT,REVERSAL,1,40.0,196.5,10.2441,0.4963,-0.7266,0.6259,2025-10-10 15:45:38,7235753
2025-W41,MID,1046,SHORT,REVERSAL,1,40.0,196.5,3.5294,0.8295,0.1448,-1.3949,2025-10-10 15:47:26,7239250
2025-W41,MID,1047,SHORT,REVERSAL,2,40.0,193.0,2.609,0.0693,-0.2193,0.2327,2025-10-10 15:48:30,7241252
2025-W46,GOOD,3159,SHORT,REVERSAL,1,40.0,196.5,9.26,1.3829,-0.0963,-1.0957,2025-11-10 09:31:10,18328750
2025-W46,GOOD,3160,SHORT,REVERSAL,1,40.0,196.5,3.3149,0.0815,-0.2826,-1.6454,2025-11-10 09:32:03,18331750
2025-W46,GOOD,3161,SHORT,REVERSAL,1,40.0,196.5,5.3384,1.2447,0.213,-0.4362,2025-11-10 09:35:52,18342250
2025-W46,GOOD,3162,SHORT,REVERSAL,1,40.0,196.5,2.1256,0.45,0.0575,-0.9875,2025-11-10 09:37:51,18346642
2025-W46,GOOD,3163,SHORT,REVERSAL,1,40.0,196.5,3.3103,0.6412,0.0537,-0.5353,2025-11-10 09:42:12,18355250
2025-W46,GOOD,3164,SHORT,REVERSAL,2,40.0,193.0,3.0228,-0.0379,-0.325,-0.678,2025-11-10 09:45:01,18362000
2025-W46,GOOD,3165,LONG,REVERSAL,1,40.0,196.5,-9.0379,-1.4978,0.0051,1.2494,2025-11-10 09:50:22,18374000
2025-W46,GOOD,3166,SHORT,REVERSAL,1,40.0,196.5,0.1686,1.47,0.8651,1.2575,2025-11-10 09:51:46,18377018
2025-W46,GOOD,3167,SHORT,REVERSAL,2,40.0,193.0,2.9661,1.4473,0.5718,1.4507,2025-11-10 09:55:14,18382032
2025-W46,GOOD,3168,LONG,REVERSAL,1,40.0,196.5,-2.2989,-0.2892,0.0564,0.8223,2025-11-10 10:03:49,18396003
2025-W46,GOOD,3169,LONG,REVERSAL,1,40.0,196.5,1.5447,0.6955,0.2628,1.8261,2025-11-10 10:05:04,18397750
2025-W46,GOOD,3170,SHORT,REVERSAL,2,42.0,203.0,1.5447,0.6955,0.2628,1.8261,2025-11-10 10:05:11,18397924
2025-W46,GOOD,3171,LONG,REVERSAL,1,40.0,196.5,-0.1289,0.0221,0.0261,2.1195,2025-11-10 10:09:29,18402500
2025-W46,GOOD,3172,LONG,REVERSAL,2,40.0,193.0,-0.61,-0.7243,-0.3736,1.8686,2025-11-10 10:13:31,18407250
2025-W46,GOOD,3173,SHORT,REVERSAL,1,40.0,196.5,-0.3782,0.8102,0.524,-1.5776,2025-11-10 10:16:45,18411500
2025-W46,GOOD,3174,SHORT,REVERSAL,1,40.0,196.5,5.496,1.3451,0.2575,-1.2738,2025-11-10 10:22:10,18418000
2025-W46,GOOD,3175,LONG,REVERSAL,1,40.0,196.5,2.8436,0.0468,-0.2563,0.7383,2025-11-10 10:27:10,18423527
2025-W46,GOOD,3176,LONG,REVERSAL,1,40.0,196.5,-2.3778,0.1144,0.3064,1.2839,2025-11-10 10:32:15,18429750
2025-W46,GOOD,3177,SHORT,REVERSAL,1,41.0,201.5,3.5042,0.8938,0.1858,-1.0359,2025-11-10 10:36:30,18433750
2025-W46,GOOD,3178,LONG,REVERSAL,2,40.0,193.0,-5.2839,-0.231,0.3898,1.1203,2025-11-10 10:40:47,18438750
2025-W46,GOOD,3179,LONG,HARD_STOP,2,-120.0,-607.0,-0.437,0.3171,0.234,1.0457,2025-11-10 10:47:02,18445016
2025-W46,GOOD,3180,LONG,HARD_STOP,2,-120.0,-607.0,-5.5502,-0.2348,0.4141,1.2462,2025-11-10 10:50:10,18449756
2025-W46,GOOD,3181,LONG,REVERSAL,2,44.0,213.0,-3.5591,0.8773,0.8823,-0.9068,2025-11-10 10:53:16,18459209
2025-W46,GOOD,3182,LONG,HARD_STOP,2,-121.0,-612.0,-3.1715,-0.4637,0.0389,-0.6966,2025-11-10 10:56:49,18466033
2025-W46,GOOD,3183,SHORT,REVERSAL,1,40.0,196.5,-5.2777,-0.5493,0.1982,-0.3002,2025-11-10 10:59:31,18470500
2025-W46,GOOD,3184,LONG,REVERSAL,1,40.0,196.5,-8.5997,-1.2699,0.098,1.63,2025-11-10 11:00:47,18474500
2025-W46,GOOD,3185,LONG,REVERSAL,1,40.0,196.5,-3.0122,-0.7815,-0.1677,1.2579,2025-11-10 11:02:40,18478500
2025-W46,GOOD,3186,LONG,HARD_STOP,2,-120.0,-607.0,-0.1489,-0.8863,-0.5169,0.7841,2025-11-10 11:04:46,18482000
2025-W46,GOOD,3187,SHORT,HARD_STOP,2,-120.0,-607.0,1.1477,-1.3948,-0.9517,-0.9013,2025-11-10 11:09:23,18493000
2025-W46,GOOD,3188,SHORT,REVERSAL,1,40.0,196.5,5.7485,1.095,0.0821,-0.7738,2025-11-10 11:12:23,18497250
2025-W46,GOOD,3189,SHORT,REVERSAL,1,40.0,196.5,-3.312,-1.387,-0.501,-1.3407,2025-11-10 11:13:31,18499750
2025-W46,GOOD,3190,SHORT,REVERSAL,1,40.0,196.5,-2.3453,-0.0162,0.2248,-0.5585,2025-11-10 11:14:15,18500500
2025-W46,GOOD,3191,SHORT,REVERSAL,1,40.0,196.5,-0.6053,0.7021,0.4818,-1.113,2025-11-10 11:16:03,18502750
2025-W46,GOOD,3192,LONG,REVERSAL,1,41.0,201.5,-3.501,-0.904,-0.1923,1.2885,2025-11-10 11:16:41,18503762
2025-W46,GOOD,3193,SHORT,REVERSAL,1,41.0,201.5,-3.6231,-0.9986,-0.2368,-0.6254,2025-11-10 11:17:07,18504294
2025-W46,GOOD,3194,LONG,REVERSAL,2,40.0,193.0,-2.6277,-1.9261,-0.8929,1.1065,2025-11-10 11:21:38,18509250
2025-W46,GOOD,3195,LONG,REVERSAL,1,42.0,206.5,-2.4018,0.1085,0.3053,2.2229,2025-11-10 11:24:30,18513500
2025-W46,GOOD,3196,SHORT,REVERSAL,1,41.0,201.5,-2.4018,0.1085,0.3053,2.2229,2025-11-10 11:24:38,18513657
2025-W46,GOOD,3197,SHORT,REVERSAL,1,40.0,196.5,3.573,0.3711,-0.1346,-0.2803,2025-11-10 11:33:03,18523500
2025-W46,GOOD,3198,LONG,REVERSAL,1,42.0,206.5,-4.1952,-0.1198,0.3476,1.6549,2025-11-10 11:36:54,18528000
2025-W46,GOOD,3199,LONG,REVERSAL,2,40.0,193.0,-3.3095,-0.3967,0.093,-1.1508,2025-11-10 11:37:40,18528620
2025-W46,GOOD,3200,SHORT,REVERSAL,1,40.0,196.5,0.3956,0.4029,0.2022,-0.9132,2025-11-10 11:42:35,18535250
2025-W46,GOOD,3201,LONG,REVERSAL,1,42.0,206.5,-3.2864,-0.5533,-0.0033,2.2633,2025-11-10 11:43:52,18536500
2025-W46,GOOD,3202,SHORT,REVERSAL,1,41.0,201.5,0.7399,1.5668,0.8661,-0.7042,2025-11-10 11:44:58,18537751
2025-W46,GOOD,3203,LONG,REVERSAL,1,40.0,196.5,-2.7019,-1.5529,-0.6616,1.0757,2025-11-10 11:46:45,18540250
2025-W46,GOOD,3204,SHORT,REVERSAL,1,40.0,196.5,-0.671,1.0109,0.6736,0.4348,2025-11-10 11:47:36,18541175
2025-W46,GOOD,3205,SHORT,REVERSAL,1,40.0,196.5,5.2138,0.8218,-0.0283,-1.893,2025-11-10 11:50:18,18544000
2025-W46,GOOD,3206,LONG,REVERSAL,2,40.0,193.0,1.1408,-0.731,-0.5527,1.6202,2025-11-10 11:50:56,18545000
2025-W46,GOOD,3207,SHORT,HARD_STOP,2,-120.0,-607.0,-2.9792,-1.0056,-0.3054,-0.3111,2025-11-10 11:55:12,18548602
2025-W46,GOOD,3208,SHORT,HARD_STOP,2,-120.0,-607.0,9.578,1.4661,-0.0781,-1.179,2025-11-10 11:58:46,18552250
2025-W46,GOOD,3209,LONG,REVERSAL,1,40.0,196.5,7.7472,0.545,-0.4477,0.5513,2025-11-10 12:01:28,18556250
2025-W46,GOOD,3210,SHORT,REVERSAL,1,40.0,196.5,10.0951,1.4449,-0.1426,-0.5487,2025-11-10 12:04:33,18560250
2025-W46,GOOD,3211,SHORT,REVERSAL,1,40.0,196.5,7.8014,1.4412,0.0846,-1.1103,2025-11-10 12:06:15,18562750
2025-W46,GOOD,3212,LONG,HARD_STOP,2,-120.0,-607.0,-2.4457,-1.5439,-0.6818,1.0735,2025-11-10 12:09:41,18566250
2025-W46,GOOD,3213,SHORT,REVERSAL,1,40.0,196.5,-6.2994,-0.3104,0.4437,-1.4224,2025-11-10 12:12:13,18569000
2025-W46,GOOD,3214,SHORT,REVERSAL,1,40.0,196.5,4.7453,1.1457,0.2129,-0.4114,2025-11-10 12:22:46,18578250
2025-W46,GOOD,3215,LONG,REVERSAL,1,40.0,196.5,-0.9485,-1.925,-1.0602,0.1063,2025-11-10 12:24:35,18579967
2025-W46,GOOD,3216,SHORT,REVERSAL,1,40.0,196.5,5.9713,0.9646,-0.0184,-1.8661,2025-11-10 12:38:39,18589750
2025-W46,GOOD,3217,SHORT,HARD_STOP,2,-120.0,-607.0,5.0177,-0.5604,-0.838,1.1401,2025-11-10 12:44:04,18594900
2025-W46,GOOD,3218,SHORT,REVERSAL,1,40.0,196.5,6.4664,1.3146,0.1421,-1.1411,2025-11-10 12:51:45,18601000
2025-W46,GOOD,3219,LONG,REVERSAL,1,40.0,196.5,2.0438,0.6096,0.1614,1.3476,2025-11-10 12:59:52,18608750
2025-W46,GOOD,3220,SHORT,REVERSAL,1,40.0,196.5,1.7912,0.3699,0.0428,-0.28,2025-11-10 13:16:51,18619024
2025-W46,GOOD,3221,LONG,REVERSAL,2,40.0,193.0,-0.3346,-0.4358,-0.228,0.609,2025-11-10 13:26:36,18624750
2025-W46,GOOD,3222,SHORT,REVERSAL,2,40.0,193.0,0.6008,0.9445,0.5066,-0.7361,2025-11-10 14:04:53,18649500
2025-W46,GOOD,3223,SHORT,HARD_STOP,2,-120.0,-607.0,2.3678,0.9096,0.309,-0.5399,2025-11-10 14:18:06,18657250
2025-W46,GOOD,3224,LONG,REVERSAL,1,40.0,196.5,-1.2003,-0.8348,-0.3809,-0.9788,2025-11-10 14:36:27,18667373
2025-W46,GOOD,3225,SHORT,REVERSAL,2,40.0,193.0,3.5626,0.4546,-0.0835,-0.8011,2025-11-10 14:44:31,18671750
2025-W46,GOOD,3226,SHORT,REVERSAL,2,40.0,193.0,0.109,0.1604,0.0853,0.8349,2025-11-10 15:04:02,18685657
2025-W46,GOOD,3227,SHORT,REVERSAL,1,41.0,201.5,-0.8724,0.457,0.3614,-0.3642,2025-11-10 15:20:03,18697750
2025-W46,GOOD,3228,LONG,REVERSAL,1,40.0,196.5,-2.9928,-1.2147,-0.4296,0.6787,2025-11-10 15:30:25,18705750
2025-W46,GOOD,3229,SHORT,HARD_STOP,2,-120.0,-607.0,2.3301,0.3937,0.0032,-0.9109,2025-11-10 15:43:03,18716755
2025-W46,GOOD,3230,SHORT,REVERSAL,1,42.0,206.5,3.9643,1.1777,0.3102,1.2681,2025-11-11 09:30:57,18864480
2025-W46,GOOD,3231,SHORT,REVERSAL,1,40.0,196.5,5.157,0.8168,-0.0256,0.5458,2025-11-11 09:33:05,18869438
2025-W46,GOOD,3232,SHORT,REVERSAL,1,40.0,196.5,5.8345,1.6634,0.4146,-0.7283,2025-11-11 09:37:09,18877000
2025-W46,GOOD,3233,LONG,REVERSAL,1,40.0,196.5,-3.5883,-2.0999,-0.9011,0.8375,2025-11-11 09:37:52,18879254
2025-W46,GOOD,3234,LONG,REVERSAL,2,40.0,193.0,-1.927,-0.4997,-0.1071,1.2499,2025-11-11 09:41:41,18885750
2025-W46,GOOD,3235,SHORT,REVERSAL,2,40.0,193.0,-4.3451,-0.1828,0.3248,-1.0793,2025-11-11 09:43:07,18888262
2025-W46,GOOD,3236,SHORT,REVERSAL,1,40.0,196.5,3.5208,0.4701,-0.07,-0.93,2025-11-11 09:46:26,18892250
2025-W46,GOOD,3237,LONG,REVERSAL,2,40.0,193.0,-10.0264,-1.6675,0.0022,0.8544,2025-11-11 09:50:15,18897750
2025-W46,GOOD,3238,LONG,REVERSAL,1,40.0,196.5,-4.4131,-1.1819,-0.2679,0.858,2025-11-11 09:51:38,18902000
2025-W46,GOOD,3239,LONG,REVERSAL,1,40.0,196.5,-1.8109,-0.9724,-0.4023,-0.0069,2025-11-11 09:53:14,18904250
2025-W46,GOOD,3240,SHORT,HARD_STOP,2,-120.0,-607.0,10.0569,2.2947,0.3711,-1.4487,2025-11-11 09:56:25,18909250
2025-W46,GOOD,3241,LONG,REVERSAL,2,40.0,193.0,2.787,-1.0225,-0.8922,-0.2444,2025-11-11 10:00:09,18915750
2025-W46,GOOD,3242,LONG,HARD_STOP,2,-121.0,-612.0,-3.436,-1.0701,-0.2984,1.08,2025-11-11 10:03:57,18921000
2025-W46,GOOD,3243,SHORT,REVERSAL,1,40.0,196.5,-5.8418,-0.4757,0.2988,-0.6936,2025-11-11 10:06:21,18924750
2025-W46,GOOD,3244,LONG,REVERSAL,1,40.0,196.5,-13.6141,-1.4685,0.4803,-0.3204,2025-11-11 10:06:51,18927299
2025-W46,GOOD,3245,LONG,REVERSAL,1,42.0,206.5,1.3985,0.2809,0.0287,1.9923,2025-11-11 10:09:31,18932250
2025-W46,GOOD,3246,SHORT,HARD_STOP,2,-121.0,-612.0,1.3985,0.2809,0.0287,1.9923,2025-11-11 10:09:43,18932483
2025-W46,GOOD,3247,LONG,REVERSAL,1,40.0,196.5,5.0195,-0.1033,-0.5639,1.1508,2025-11-11 10:10:45,18934500
2025-W46,GOOD,3248,LONG,REVERSAL,2,40.0,193.0,-1.0201,-1.1885,-0.6111,1.2971,2025-11-11 10:13:28,18937250
2025-W46,GOOD,3249,SHORT,REVERSAL,1,40.0,196.5,-3.4572,0.495,0.6427,-0.8738,2025-11-11 10:16:24,18941000
2025-W46,GOOD,3250,SHORT,REVERSAL,1,42.0,206.5,-2.1928,0.6137,0.5875,-1.1534,2025-11-11 10:18:11,18943000
2025-W46,GOOD,3251,SHORT,REVERSAL,1,40.0,196.5,-0.4754,1.4541,0.92,-1.4885,2025-11-11 10:20:37,18947000
2025-W46,GOOD,3252,LONG,REVERSAL,1,40.0,196.5,0.6102,0.3293,0.1365,1.5427,2025-11-11 10:22:13,18948750
2025-W46,GOOD,3253,SHORT,REVERSAL,1,40.0,196.5,3.5844,1.4226,0.4951,-1.1681,2025-11-11 10:22:43,18949500
2025-W46,GOOD,3254,SHORT,HARD_STOP,2,-120.0,-607.0,0.2986,-0.7157,-0.4593,1.0539,2025-11-11 10:23:34,18950552
2025-W46,GOOD,3255,LONG,REVERSAL,1,40.0,196.5,-5.8196,-1.1542,-0.1105,1.476,2025-11-11 10:28:48,18957000
2025-W46,GOOD,3256,LONG,REVERSAL,2,42.0,203.0,-3.8572,-0.823,-0.1081,-0.5443,2025-11-11 10:30:00,18958390
2025-W46,GOOD,3257,SHORT,REVERSAL,1,40.0,196.5,-1.9991,0.7588,0.6552,-0.4397,2025-11-11 10:30:51,18959802
2025-W46,GOOD,3258,LONG,REVERSAL,2,40.0,193.0,-7.8113,-1.6684,-0.2199,-0.7704,2025-11-11 10:33:46,18964431
2025-W46,GOOD,3259,SHORT,REVERSAL,1,41.0,201.5,-5.3239,-0.2401,0.3883,-0.1275,2025-11-11 10:36:17,18968594
2025-W46,GOOD,3260,LONG,REVERSAL,1,40.0,196.5,-5.1567,-0.3037,0.3335,0.8884,2025-11-11 10:36:38,18969001
2025-W46,GOOD,3261,SHORT,REVERSAL,1,40.0,196.5,-0.6382,-0.6985,-0.3553,-1.4504,2025-11-11 10:38:13,18971500
2025-W46,GOOD,3262,SHORT,REVERSAL,1,40.0,196.5,2.6064,1.3381,0.5423,-0.5845,2025-11-11 10:40:05,18973750
2025-W46,GOOD,3263,SHORT,HARD_STOP,2,-122.0,-617.0,2.3159,1.0964,0.4263,1.9759,2025-11-11 10:40:31,18974463
2025-W46,GOOD,3264,SHORT,REVERSAL,1,40.0,196.5,2.6497,0.3224,-0.0715,-1.0181,2025-11-11 10:45:08,18980500
2025-W46,GOOD,3265,LONG,REVERSAL,2,39.0,188.0,-3.3602,-1.6012,-0.6247,0.9628,2025-11-11 10:46:30,18982250
2025-W46,GOOD,3266,LONG,REVERSAL,1,40.0,196.5,-3.7243,0.5676,0.713,1.8581,2025-11-11 10:50:18,18986250
2025-W46,GOOD,3267,SHORT,REVERSAL,1,40.0,196.5,-4.2532,-0.0479,0.3966,-0.5505,2025-11-11 10:51:59,18988500
2025-W46,GOOD,3268,SHORT,HARD_STOP,2,-120.0,-607.0,-2.824,-0.1594,0.1867,-0.5226,2025-11-11 10:56:51,18993261
2025-W46,GOOD,3269,SHORT,HARD_STOP,2,-120.0,-607.0,5.3774,0.6101,-0.1717,-0.965,2025-11-11 11:00:15,18997250
2025-W46,GOOD,3270,SHORT,REVERSAL,1,40.0,196.5,0.8797,0.2394,0.0557,-1.6849,2025-11-11 11:05:48,19004500
2025-W46,GOOD,3271,LONG,REVERSAL,1,40.0,196.5,-0.4379,-0.1394,-0.0399,1.5974,2025-11-11 11:06:28,19005250
2025-W46,GOOD,3272,LONG,REVERSAL,1,40.0,196.5,-3.3027,-0.6801,-0.0778,1.2325,2025-11-11 11:09:48,19008500
2025-W46,GOOD,3273,LONG,REVERSAL,1,40.0,196.5,0.1959,-0.6422,-0.4049,1.0356,2025-11-11 11:13:54,19012750
2025-W46,GOOD,3274,LONG,REVERSAL,1,40.0,196.5,0.3981,0.0912,0.0149,0.2897,2025-11-11 11:16:43,19015003
2025-W46,GOOD,3275,SHORT,HARD_STOP,2,-120.0,-607.0,5.9435,0.746,-0.1467,0.751,2025-11-11 11:21:30,19021313
2025-W46,GOOD,3276,LONG,HARD_STOP,2,-122.0,-617.0,-11.747,-1.4477,0.3061,1.1744,2025-11-11 11:29:05,19033500
2025-W46,GOOD,3277,SHORT,HARD_STOP,2,-120.0,-607.0,-9.2686,-0.1485,0.8378,-1.0879,2025-11-11 11:30:42,19038250
2025-W46,GOOD,3278,LONG,REVERSAL,1,40.0,196.5,4.9254,1.163,0.2053,1.2092,2025-11-11 11:35:06,19044251
2025-W46,GOOD,3279,SHORT,REVERSAL,1,40.0,196.5,6.5606,1.5779,0.2907,-1.1445,2025-11-11 11:36:45,19046000
2025-W46,GOOD,3280,SHORT,REVERSAL,2,40.0,193.0,0.2137,1.2288,0.7159,0.0053,2025-11-11 11:42:09,19051000
2025-W46,GOOD,3281,LONG,REVERSAL,1,40.0,196.5,0.555,-0.8989,-0.5948,0.6622,2025-11-11 11:44:49,19053409
2025-W46,GOOD,3282,LONG,REVERSAL,1,40.0,196.5,-0.1984,-0.8422,-0.4855,-1.2269,2025-11-11 11:45:43,19054242
2025-W46,GOOD,3283,LONG,REVERSAL,1,40.0,196.5,-1.3767,-1.3935,-0.6984,1.7859,2025-11-11 11:50:44,19058250
2025-W46,GOOD,3284,SHORT,REVERSAL,1,40.0,196.5,-0.561,-0.8004,-0.4241,-2.4249,2025-11-11 11:51:49,19059250
2025-W46,GOOD,3285,LONG,REVERSAL,1,40.0,196.5,-0.561,-0.8004,-0.4241,-2.4249,2025-11-11 11:52:17,19059480
2025-W46,GOOD,3286,LONG,REVERSAL,1,41.0,201.5,-2.8247,-0.7125,-0.145,1.4281,2025-11-11 11:57:46,19063250
2025-W46,GOOD,3287,SHORT,HARD_STOP,2,-120.0,-607.0,2.986,0.9762,0.2871,-0.3691,2025-11-11 12:03:56,19068000
2025-W46,GOOD,3288,LONG,REVERSAL,2,40.0,193.0,8.6563,0.2824,-0.6962,0.8669,2025-11-11 12:07:10,19072250
2025-W46,GOOD,3289,SHORT,HARD_STOP,2,-123.0,-622.0,6.3016,0.7404,-0.1859,1.4399,2025-11-11 12:16:35,19080671
2025-W46,GOOD,3290,LONG,REVERSAL,2,40.0,193.0,6.5353,0.7496,-0.2038,-1.5624,2025-11-11 12:21:04,19083979
2025-W46,GOOD,3291,SHORT,REVERSAL,1,40.0,196.5,1.8421,0.4389,0.0791,-0.8597,2025-11-11 12:34:44,19094000
2025-W46,GOOD,3292,SHORT,HARD_STOP,2,-120.0,-607.0,1.0161,0.0709,-0.0591,1.1698,2025-11-11 12:36:12,19094699
2025-W46,GOOD,3293,LONG,REVERSAL,1,40.0,196.5,5.3379,1.2003,0.1864,1.3874,2025-11-11 12:50:21,19101767
2025-W46,GOOD,3294,SHORT,REVERSAL,2,40.0,193.0,7.3499,1.5088,0.1703,-1.0022,2025-11-11 12:52:49,19104500
2025-W46,GOOD,3295,SHORT,REVERSAL,1,40.0,196.5,6.4179,0.6361,-0.2601,-1.2215,2025-11-11 12:55:42,19108250
2025-W46,GOOD,3296,LONG,REVERSAL,1,40.0,196.5,-2.1868,-1.4711,-0.664,1.4928,2025-11-11 13:03:11,19114750
2025-W46,GOOD,3297,LONG,REVERSAL,1,40.0,196.5,0.639,0.2416,0.081,1.4396,2025-11-11 13:12:01,19119500
2025-W46,GOOD,3298,LONG,REVERSAL,1,40.0,196.5,1.2195,-0.2043,-0.2445,-1.6989,2025-11-11 13:14:18,19120474
2025-W46,GOOD,3299,SHORT,REVERSAL,1,40.0,196.5,8.6161,1.4157,-0.0122,-0.7914,2025-11-11 13:21:03,19126000
2025-W46,GOOD,3300,LONG,HARD_STOP,2,-120.0,-607.0,2.594,-0.5255,-0.5747,1.0064,2025-11-11 13:23:32,19128000
2025-W46,GOOD,3301,LONG,HARD_STOP,2,-120.0,-607.0,-1.7752,-0.5534,-0.1545,1.0759,2025-11-11 13:34:36,19137254
2025-W46,GOOD,3302,SHORT,HARD_STOP,2,-120.0,-607.0,-2.541,0.282,0.4233,-0.383,2025-11-11 13:38:22,19141250
2025-W46,GOOD,3303,LONG,REVERSAL,1,40.0,196.5,4.8149,-0.0129,-0.4893,1.0657,2025-11-11 13:43:26,19146000
2025-W46,GOOD,3304,SHORT,REVERSAL,1,40.0,196.5,5.9347,0.8756,-0.0681,-0.6564,2025-11-11 13:46:25,19148260
2025-W46,GOOD,3305,SHORT,REVERSAL,1,40.0,196.5,4.4005,-0.2197,-0.5718,-1.5701,2025-11-11 13:53:49,19154000
2025-W46,GOOD,3306,SHORT,REVERSAL,1,40.0,196.5,6.1146,1.2147,0.1174,-0.7412,2025-11-11 13:58:48,19157750
2025-W46,GOOD,3307,SHORT,REVERSAL,1,40.0,196.5,-5.0385,-0.0348,0.483,-0.1788,2025-11-11 14:08:31,19165075
2025-W46,GOOD,3308,SHORT,REVERSAL,1,40.0,196.5,-1.5039,-1.3237,-0.6438,-1.9191,2025-11-11 14:20:43,19172750
2025-W46,GOOD,3309,SHORT,REVERSAL,1,40.0,196.5,1.4474,0.7813,0.324,-0.8828,2025-11-11 14:27:44,19175500
2025-W46,GOOD,3310,SHORT,REVERSAL,1,41.0,201.5,-0.4982,0.2908,0.2243,-0.7602,2025-11-11 14:37:29,19180500
2025-W46,GOOD,3311,LONG,REVERSAL,1,40.0,196.5,-2.6034,-0.3249,0.0654,1.5812,2025-11-11 14:40:53,19182000
2025-W46,GOOD,3312,SHORT,REVERSAL,2,42.0,203.0,-0.445,0.6741,0.449,-0.9185,2025-11-11 14:47:20,19185000
2025-W46,GOOD,3313,LONG,REVERSAL,1,40.0,196.5,3.0089,0.4048,-0.058,-0.2887,2025-11-11 14:50:25,19186619
2025-W46,GOOD,3314,LONG,REVERSAL,2,40.0,193.0,3.6319,0.3105,-0.1769,-1.0776,2025-11-11 14:56:43,19188638
2025-W46,GOOD,3315,SHORT,REVERSAL,1,40.0,196.5,1.758,1.0918,0.4793,0.1646,2025-11-11 15:04:46,19191848
2025-W46,GOOD,3316,LONG,REVERSAL,1,41.0,201.5,-1.1626,0.2112,0.243,1.9472,2025-11-11 15:27:08,19202250
2025-W46,GOOD,3317,SHORT,REVERSAL,1,40.0,196.5,1.7002,1.2943,0.6066,-1.1986,2025-11-11 15:33:24,19206500
2025-W46,GOOD,3318,LONG,REVERSAL,1,40.0,196.5,-1.5205,0.2462,0.2997,1.9385,2025-11-11 15:40:02,19209500
2025-W46,GOOD,3319,LONG,REVERSAL,1,40.0,196.5,-1.1636,-0.3064,-0.0675,0.2016,2025-11-11 15:42:21,19210619
2025-W46,GOOD,3320,LONG,EOD_FLATTEN,1,6.0,26.5,0.258,-0.3292,-0.2233,0.6448,2025-11-11 15:46:43,19213000
2025-W46,GOOD,3321,LONG,HARD_STOP,2,-120.0,-607.0,-10.6176,-1.9386,-0.1014,1.7972,2025-11-12 09:30:49,19335000
2025-W46,GOOD,3322,LONG,REVERSAL,1,40.0,196.5,-9.8985,-0.1257,0.9144,2.2814,2025-11-12 09:32:02,19341000
2025-W46,GOOD,3323,SHORT,REVERSAL,1,40.0,196.5,-9.8985,-0.1257,0.9144,2.2814,2025-11-12 09:32:04,19341157
2025-W46,GOOD,3324,SHORT,REVERSAL,1,40.0,196.5,-0.9643,1.0157,0.7059,0.6211,2025-11-12 09:33:10,19344872
2025-W46,GOOD,3325,LONG,REVERSAL,1,40.0,196.5,-6.4573,-1.3003,-0.1344,-0.1749,2025-11-12 09:34:46,19349517
2025-W46,GOOD,3326,SHORT,REVERSAL,1,40.0,196.5,-0.7274,-0.3041,-0.1097,-1.299,2025-11-12 09:37:22,19355500
2025-W46,GOOD,3327,LONG,REVERSAL,1,41.0,201.5,-1.3523,-1.005,-0.4678,0.8137,2025-11-12 09:39:50,19360250
2025-W46,GOOD,3328,LONG,REVERSAL,2,40.0,193.0,-6.3315,-1.2671,-0.1271,1.0043,2025-11-12 09:41:04,19363250
2025-W46,GOOD,3329,LONG,REVERSAL,1,40.0,196.5,-4.045,-1.3033,-0.3775,1.2008,2025-11-12 09:44:42,19371000
2025-W46,GOOD,3330,LONG,REVERSAL,2,50.0,243.0,-3.511,-0.8685,-0.17,1.7171,2025-11-12 09:46:37,19374500
2025-W46,GOOD,3331,LONG,REVERSAL,2,40.0,193.0,-6.8086,-0.8638,0.1626,-1.3466,2025-11-12 09:48:58,19383687
2025-W46,GOOD,3332,LONG,REVERSAL,2,42.0,203.0,4.8721,1.7814,0.5816,1.3046,2025-11-12 09:51:01,19389008
2025-W46,GOOD,3333,SHORT,REVERSAL,1,41.0,201.5,6.1244,1.5108,0.294,-0.7527,2025-11-12 09:53:47,19393750
2025-W46,GOOD,3334,LONG,HARD_STOP,2,-120.0,-607.0,5.0183,0.6092,-0.1363,1.0977,2025-11-12 09:54:11,19394816
2025-W46,GOOD,3335,LONG,REVERSAL,2,39.0,188.0,-6.8138,-2.0355,-0.5399,1.0089,2025-11-12 09:55:18,19397500
2025-W46,GOOD,3336,LONG,REVERSAL,1,40.0,196.5,-3.7048,-0.0428,0.3448,1.5732,2025-11-12 09:56:40,19401000
2025-W46,GOOD,3337,LONG,REVERSAL,2,40.0,193.0,-2.4997,-0.8474,-0.2585,-2.9131,2025-11-12 09:57:09,19401691
2025-W46,GOOD,3338,SHORT,REVERSAL,1,40.0,196.5,4.7702,2.2014,0.8438,-1.3003,2025-11-12 09:58:52,19404500
2025-W46,GOOD,3339,SHORT,HARD_STOP,2,-120.0,-607.0,2.4878,-0.7477,-0.6974,1.7494,2025-11-12 10:02:09,19412826
2025-W46,GOOD,3340,SHORT,HARD_STOP,2,-120.0,-607.0,5.4088,1.066,0.0987,0.1085,2025-11-12 10:07:04,19421750
2025-W46,GOOD,3341,LONG,HARD_STOP,2,-120.0,-607.0,2.9337,0.0217,-0.2803,0.8071,2025-11-12 10:11:20,19429260
2025-W46,GOOD,3342,SHORT,REVERSAL,1,40.0,196.5,-8.4739,-1.1873,0.135,-1.0782,2025-11-12 10:13:03,19433000
2025-W46,GOOD,3343,LONG,REVERSAL,2,40.0,193.0,-12.548,-2.7412,-0.3899,0.1853,2025-11-12 10:13:32,19434511
2025-W46,GOOD,3344,LONG,REVERSAL,1,40.0,196.5,-6.2464,-1.0802,-0.0235,-2.8549,2025-11-12 10:15:42,19438680
2025-W46,GOOD,3345,LONG,REVERSAL,1,43.0,211.5,-4.1297,-0.1737,0.3088,-1.4566,2025-11-12 10:16:19,19439664
2025-W46,GOOD,3346,SHORT,REVERSAL,1,40.0,196.5,2.4614,1.6007,0.7143,1.0998,2025-11-12 10:17:02,19441057
2025-W46,GOOD,3347,LONG,REVERSAL,1,40.0,196.5,-0.7177,-0.2053,-0.0514,1.9888,2025-11-12 10:25:19,19452500
2025-W46,GOOD,3348,LONG,REVERSAL,1,40.0,196.5,-1.64,-0.0711,0.1213,1.3303,2025-11-12 10:25:58,19453282
2025-W46,GOOD,3349,LONG,REVERSAL,1,42.0,206.5,-0.3849,0.5099,0.3444,0.185,2025-11-12 10:27:44,19455039
2025-W46,GOOD,3350,SHORT,REVERSAL,1,40.0,196.5,6.6154,1.5692,0.28,-1.4548,2025-11-12 10:29:28,19457250
2025-W46,GOOD,3351,LONG,HARD_STOP,2,-120.0,-607.0,-7.3161,-0.519,0.4202,-0.3702,2025-11-12 10:35:25,19465781
2025-W46,GOOD,3352,SHORT,REVERSAL,2,40.0,193.0,5.8359,-0.7515,-1.0345,0.6254,2025-11-12 10:40:40,19479266
2025-W46,GOOD,3353,SHORT,REVERSAL,1,40.0,196.5,3.2722,0.1773,-0.2209,-0.7318,2025-11-12 10:43:21,19482500
2025-W46,GOOD,3354,SHORT,REVERSAL,1,40.0,196.5,3.2112,1.0048,0.2818,-0.5637,2025-11-12 10:45:12,19484500
2025-W46,GOOD,3355,SHORT,REVERSAL,1,40.0,196.5,-4.2472,-0.1097,0.3589,-0.3476,2025-11-12 10:48:13,19488520
2025-W46,GOOD,3356,SHORT,REVERSAL,1,40.0,196.5,-4.5393,-0.3679,0.2332,-1.4705,2025-11-12 10:50:04,19491000
2025-W46,GOOD,3357,SHORT,REVERSAL,1,40.0,196.5,-0.1518,0.068,0.056,-1.4545,2025-11-12 11:00:36,19507000
2025-W46,GOOD,3358,LONG,REVERSAL,2,40.0,193.0,-0.1518,0.068,0.056,-1.4545,2025-11-12 11:00:44,19507182
2025-W46,GOOD,3359,SHORT,REVERSAL,1,40.0,196.5,1.6616,0.5993,0.1934,-1.8373,2025-11-12 11:02:54,19509750
2025-W46,GOOD,3360,LONG,HARD_STOP,2,-120.0,-607.0,-3.4552,-1.2076,-0.379,1.0519,2025-11-12 11:10:16,19516500
2025-W46,GOOD,3361,LONG,REVERSAL,1,40.0,196.5,-9.1937,-1.5625,-0.0182,0.6406,2025-11-12 11:12:00,19520500
2025-W46,GOOD,3362,LONG,REVERSAL,1,40.0,196.5,-3.8911,-1.0766,-0.2568,-0.0434,2025-11-12 11:14:27,19524671
2025-W46,GOOD,3363,SHORT,REVERSAL,2,40.0,193.0,4.5318,1.4953,0.444,-1.4988,2025-11-12 11:15:22,19526500
2025-W46,GOOD,3364,SHORT,REVERSAL,2,40.0,193.0,2.1154,-0.9865,-0.8034,1.3091,2025-11-12 11:18:34,19531170
2025-W46,GOOD,3365,LONG,REVERSAL,1,41.0,201.5,3.3774,0.414,-0.0893,0.8965,2025-11-12 11:20:59,19533276
2025-W46,GOOD,3366,SHORT,REVERSAL,1,40.0,196.5,2.8673,0.1416,-0.2018,-0.9729,2025-11-12 11:22:53,19535000
2025-W46,GOOD,3367,SHORT,HARD_STOP,2,-120.0,-607.0,5.4824,0.9361,0.0134,-1.234,2025-11-12 11:28:01,19540037
2025-W46,GOOD,3368,SHORT,REVERSAL,1,40.0,196.5,2.7508,-0.8262,-0.7708,1.019,2025-11-12 11:33:35,19549068
2025-W46,GOOD,3369,SHORT,HARD_STOP,2,-120.0,-607.0,-4.5769,-1.5804,-0.4905,0.9576,2025-11-12 11:34:39,19551112
2025-W46,GOOD,3370,LONG,REVERSAL,2,40.0,193.0,-5.2768,-0.4132,0.2797,0.3533,2025-11-12 11:43:00,19559000
2025-W46,GOOD,3371,LONG,HARD_STOP,2,-120.0,-607.0,-10.5137,-1.7113,0.0246,1.0528,2025-11-12 11:47:21,19564000
2025-W46,GOOD,3372,SHORT,HARD_STOP,2,-122.0,-617.0,2.7511,1.4844,0.6155,-0.9336,2025-11-12 11:50:20,19570775
2025-W46,GOOD,3373,SHORT,REVERSAL,1,40.0,196.5,0.5532,-0.0616,-0.0923,-0.9221,2025-11-12 11:54:02,19576751
2025-W46,GOOD,3374,SHORT,HARD_STOP,2,-120.0,-607.0,-1.1538,-0.3775,-0.1112,1.2819,2025-11-12 11:55:05,19577720
2025-W46,GOOD,3375,LONG,REVERSAL,1,40.0,196.5,5.8879,1.0008,0.0117,-1.1877,2025-11-12 11:57:15,19580523
2025-W46,GOOD,3376,SHORT,REVERSAL,1,40.0,196.5,4.1615,1.7912,0.6586,-0.6978,2025-11-12 12:05:14,19589755
2025-W46,GOOD,3377,LONG,REVERSAL,1,40.0,196.5,-5.0438,-1.9013,-0.6364,2.1628,2025-11-12 12:10:11,19595250
2025-W46,GOOD,3378,SHORT,REVERSAL,1,40.0,196.5,2.0088,1.6836,0.8093,-1.3584,2025-11-12 12:12:07,19597750
2025-W46,GOOD,3379,SHORT,HARD_STOP,2,-120.0,-607.0,1.959,0.45,0.0741,0.7625,2025-11-12 12:13:12,19598647
2025-W46,GOOD,3380,LONG,HARD_STOP,2,-120.0,-607.0,2.9453,-1.0233,-0.9085,0.9433,2025-11-12 12:16:33,19602250
2025-W46,GOOD,3381,SHORT,REVERSAL,1,40.0,196.5,-7.6966,-1.0944,0.113,-0.6014,2025-11-12 12:18:21,19605022
2025-W46,GOOD,3382,LONG,REVERSAL,1,40.0,196.5,-7.4125,-0.4504,0.471,1.1751,2025-11-12 12:18:53,19605517
2025-W46,GOOD,3383,SHORT,REVERSAL,2,40.0,193.0,2.6914,0.5674,0.0713,0.7957,2025-11-12 12:24:35,19611073
2025-W46,GOOD,3384,LONG,REVERSAL,1,40.0,196.5,1.7957,0.3571,0.0347,2.7857,2025-11-12 12:26:11,19612500
2025-W46,GOOD,3385,SHORT,REVERSAL,1,40.0,196.5,1.7957,0.3571,0.0347,2.7857,2025-11-12 12:26:20,19612680
2025-W46,GOOD,3386,SHORT,HARD_STOP,2,-120.0,-607.0,2.7942,1.299,0.5,2.0502,2025-11-12 12:34:38,19618129
2025-W46,GOOD,3387,SHORT,REVERSAL,1,41.0,201.5,11.1567,1.8415,-0.0108,-0.8979,2025-11-12 12:39:08,19623500
2025-W46,GOOD,3388,SHORT,REVERSAL,2,40.0,193.0,9.378,0.9761,-0.3522,-0.869,2025-11-12 12:40:07,19624750
2025-W46,GOOD,3389,LONG,REVERSAL,1,40.0,196.5,-5.0159,0.0273,0.518,1.6807,2025-11-12 12:51:39,19639750
2025-W46,GOOD,3390,SHORT,REVERSAL,2,37.0,178.0,-5.0159,0.0273,0.518,1.6807,2025-11-12 12:51:49,19639891
2025-W46,GOOD,3391,SHORT,REVERSAL,1,42.0,206.5,0.6867,-0.3772,-0.295,-2.1557,2025-11-12 12:55:09,19642500
2025-W46,GOOD,3392,LONG,REVERSAL,1,40.0,196.5,0.6867,-0.3772,-0.295,-2.1557,2025-11-12 12:55:24,19642707
2025-W46,GOOD,3393,SHORT,REVERSAL,1,40.0,196.5,5.1572,0.7872,-0.0434,-2.0718,2025-11-12 12:57:20,19644500
2025-W46,GOOD,3394,SHORT,REVERSAL,1,40.0,196.5,10.9278,2.1884,0.2203,-0.4846,2025-11-12 12:58:37,19646750
2025-W46,GOOD,3395,LONG,REVERSAL,1,40.0,196.5,3.655,1.0778,0.2812,2.1055,2025-11-12 13:04:17,19651000
2025-W46,GOOD,3396,SHORT,REVERSAL,1,40.0,196.5,3.655,1.0778,0.2812,2.1055,2025-11-12 13:04:31,19651201
2025-W46,GOOD,3397,SHORT,REVERSAL,1,40.0,196.5,-3.2641,-0.0187,0.3152,-0.7453,2025-11-12 13:10:36,19656000
2025-W46,GOOD,3398,SHORT,REVERSAL,1,40.0,196.5,5.313,1.4396,0.3324,-1.1099,2025-11-12 13:15:47,19659500
2025-W46,GOOD,3399,LONG,REVERSAL,1,40.0,196.5,5.351,1.4391,0.3283,1.8277,2025-11-12 13:16:55,19660283
2025-W46,GOOD,3400,SHORT,REVERSAL,2,40.0,193.0,5.351,1.4391,0.3283,1.8277,2025-11-12 13:17:06,19660458
2025-W46,GOOD,3401,SHORT,REVERSAL,1,40.0,196.5,4.4965,-0.0454,-0.4769,-1.5512,2025-11-12 13:19:31,19662500
2025-W46,GOOD,3402,SHORT,REVERSAL,1,40.0,196.5,-1.9026,-0.1203,0.1181,-0.4699,2025-11-12 13:24:01,19665775
2025-W46,GOOD,3403,SHORT,REVERSAL,2,40.0,193.0,-1.5936,0.8798,0.6873,-0.72,2025-11-12 13:29:59,19669796
2025-W46,GOOD,3404,LONG,REVERSAL,1,40.0,196.5,0.0513,-0.1414,-0.09,0.9103,2025-11-12 13:36:29,19673750
2025-W46,GOOD,3405,LONG,HARD_STOP,2,-120.0,-607.0,-2.2087,-1.566,-0.7187,1.0165,2025-11-12 13:44:26,19679500
2025-W46,GOOD,3406,SHORT,REVERSAL,1,40.0,196.5,0.7376,1.3003,0.7064,-1.0126,2025-11-12 13:51:38,19685750
2025-W46,GOOD,3407,LONG,REVERSAL,1,40.0,196.5,1.8348,0.3468,0.0246,1.2258,2025-11-12 13:53:58,19687009
2025-W46,GOOD,3408,SHORT,REVERSAL,2,40.0,193.0,0.8082,0.3365,0.1211,-0.3341,2025-11-12 14:02:39,19690750
2025-W46,GOOD,3409,LONG,REVERSAL,1,41.0,201.5,-4.7648,-1.2943,-0.3001,1.2611,2025-11-12 14:07:32,19694000
2025-W46,GOOD,3410,SHORT,REVERSAL,1,40.0,196.5,0.0201,-0.362,-0.2192,-0.6595,2025-11-12 14:10:49,19696046
2025-W46,GOOD,3411,LONG,REVERSAL,2,40.0,193.0,-4.3548,0.1391,0.5189,-0.5973,2025-11-12 14:16:28,19700251
2025-W46,GOOD,3412,LONG,REVERSAL,1,40.0,196.5,-2.0087,-1.1926,-0.5147,-1.2018,2025-11-12 14:22:38,19704690
2025-W46,GOOD,3413,LONG,REVERSAL,1,40.0,196.5,-0.7631,-0.0786,0.0291,-1.3553,2025-11-12 14:23:38,19705399
2025-W46,GOOD,3414,LONG,REVERSAL,1,41.0,201.5,2.3992,1.4167,0.6101,1.8333,2025-11-12 14:26:10,19707002
2025-W46,GOOD,3415,LONG,HARD_STOP,2,-120.0,-607.0,-4.6443,-0.5817,0.1154,-1.1671,2025-11-12 14:30:10,19710171
2025-W46,GOOD,3416,SHORT,REVERSAL,1,40.0,196.5,5.6437,0.492,-0.2692,-1.4355,2025-11-12 14:37:27,19718500
2025-W46,GOOD,3417,SHORT,REVERSAL,2,40.0,193.0,2.0675,-0.6551,-0.5998,0.3513,2025-11-12 14:44:43,19722768
2025-W46,GOOD,3418,LONG,REVERSAL,1,40.0,196.5,-1.7752,-0.1622,0.0802,2.1656,2025-11-12 14:50:31,19725500
2025-W46,GOOD,3419,LONG,HARD_STOP,2,-120.0,-607.0,-3.8047,-0.7392,-0.0631,-1.4402,2025-11-12 15:00:00,19731933
2025-W46,GOOD,3420,SHORT,REVERSAL,1,40.0,196.5,-3.4682,0.3303,0.545,-0.7701,2025-11-12 15:04:40,19735250
2025-W46,GOOD,3421,SHORT,REVERSAL,1,40.0,196.5,-3.4019,0.6599,0.7362,-0.1025,2025-11-12 15:07:34,19738049
2025-W46,GOOD,3422,LONG,REVERSAL,1,40.0,196.5,-1.4884,0.1231,0.2227,1.6567,2025-11-12 15:16:11,19742000
2025-W46,GOOD,3423,SHORT,HARD_STOP,2,-120.0,-607.0,-1.4884,0.1231,0.2227,1.6567,2025-11-12 15:16:23,19742146
2025-W46,GOOD,3424,LONG,REVERSAL,1,41.0,201.5,3.9469,0.5047,-0.0918,1.3113,2025-11-12 15:20:36,19745250
2025-W46,GOOD,3425,SHORT,REVERSAL,2,40.0,193.0,7.961,1.0867,-0.1441,-1.8342,2025-11-12 15:32:03,19753500
2025-W46,GOOD,3426,LONG,REVERSAL,1,40.0,196.5,-6.0848,-1.655,-0.3845,1.1638,2025-11-12 15:38:46,19761000
2025-W46,GOOD,3427,LONG,REVERSAL,1,40.0,196.5,-1.135,1.0419,0.7386,-0.5105,2025-11-12 15:40:43,19762894
2025-W46,GOOD,3428,LONG,REVERSAL,2,40.0,193.0,1.3729,0.8911,0.3973,1.0897,2025-11-12 15:45:28,19765518
2025-W46,GOOD,3429,SHORT,REVERSAL,1,40.0,196.5,5.3033,1.7767,0.5357,-2.1942,2025-11-13 09:30:03,19928250
2025-W46,GOOD,3430,LONG,HARD_STOP,2,-120.0,-607.0,-1.0712,-0.9796,-0.4806,1.3699,2025-11-13 09:30:44,19931000
2025-W46,GOOD,3431,LONG,REVERSAL,1,40.0,196.5,-11.5432,-2.0661,-0.0854,1.329,2025-11-13 09:31:19,19933500
2025-W46,GOOD,3432,SHORT,REVERSAL,1,40.0,196.5,-7.1175,0.1057,0.7752,-1.2764,2025-11-13 09:31:39,19934762
2025-W46,GOOD,3433,LONG,REVERSAL,1,41.0,201.5,1.275,1.0349,0.4934,-0.0087,2025-11-13 09:32:13,19936685
2025-W46,GOOD,3434,SHORT,REVERSAL,1,40.0,196.5,-0.0413,-0.8928,-0.5316,-1.5268,2025-11-13 09:32:45,19938000
2025-W46,GOOD,3435,LONG,REVERSAL,2,40.0,193.0,-12.1766,-2.1815,-0.0913,1.1079,2025-11-13 09:35:24,19945750
2025-W46,GOOD,3436,LONG,REVERSAL,1,40.0,196.5,-11.2306,-1.3233,0.3291,-1.0442,2025-11-13 09:35:51,19947449
2025-W46,GOOD,3437,LONG,REVERSAL,1,40.0,196.5,-11.2102,-1.5117,0.214,0.5029,2025-11-13 09:37:22,19952000
2025-W46,GOOD,3438,SHORT,REVERSAL,1,40.0,196.5,-4.2588,-0.3174,0.2354,-0.8582,2025-11-13 09:38:16,19954520
2025-W46,GOOD,3439,LONG,REVERSAL,1,40.0,196.5,-6.7209,-1.0473,0.0437,1.6368,2025-11-13 09:40:09,19959750
2025-W46,GOOD,3440,SHORT,REVERSAL,2,40.0,193.0,-3.997,0.2804,0.5679,-1.3826,2025-11-13 09:40:34,19961000
2025-W46,GOOD,3441,SHORT,REVERSAL,1,40.0,196.5,-1.4184,1.2747,0.9066,-1.0687,2025-11-13 09:42:41,19967750
2025-W46,GOOD,3442,LONG,REVERSAL,1,40.0,196.5,-1.1688,-0.2919,-0.0583,-1.427,2025-11-13 09:46:09,19977570
2025-W46,GOOD,3443,SHORT,REVERSAL,1,41.0,201.5,2.4235,0.4056,0.001,-2.5389,2025-11-13 09:46:40,19978500
2025-W46,GOOD,3444,LONG,REVERSAL,1,40.0,196.5,2.4235,0.4056,0.001,-2.5389,2025-11-13 09:46:45,19978726
2025-W46,GOOD,3445,SHORT,REVERSAL,2,40.0,193.0,5.8782,1.4563,0.286,1.5734,2025-11-13 09:50:46,19987577
2025-W46,GOOD,3446,SHORT,HARD_STOP,2,-120.0,-607.0,4.3159,-0.3754,-0.6568,1.0313,2025-11-13 09:51:28,19988959
2025-W46,GOOD,3447,SHORT,REVERSAL,1,40.0,196.5,9.3633,1.0176,-0.3258,1.7456,2025-11-13 09:53:19,19994058
2025-W46,GOOD,3448,LONG,HARD_STOP,2,-120.0,-607.0,1.44,-1.3611,-0.9607,-0.6597,2025-11-13 09:54:25,19997000
2025-W46,GOOD,3449,SHORT,HARD_STOP,2,-120.0,-607.0,2.8472,0.9228,0.269,1.0193,2025-11-13 09:55:58,20000252
2025-W46,GOOD,3450,SHORT,REVERSAL,1,41.0,201.5,11.0633,2.871,0.6163,-0.5928,2025-11-13 09:57:08,20003058
2025-W46,GOOD,3451,LONG,HARD_STOP,2,-120.0,-607.0,-7.5837,-1.6724,-0.2451,-1.5194,2025-11-13 10:02:00,20012868
2025-W46,GOOD,3452,SHORT,REVERSAL,1,40.0,196.5,-11.684,-2.3,-0.2116,-1.1125,2025-11-13 10:02:47,20014797
2025-W46,GOOD,3453,LONG,REVERSAL,1,41.0,201.5,-7.0018,0.6872,1.1125,2.0782,2025-11-13 10:03:31,20016250
2025-W46,GOOD,3454,SHORT,REVERSAL,1,40.0,196.5,-7.0018,0.6872,1.1125,2.0782,2025-11-13 10:03:39,20016437
2025-W46,GOOD,3455,LONG,REVERSAL,1,40.0,196.5,-8.8952,-2.1704,-0.4127,1.1676,2025-11-13 10:04:41,20018250
2025-W46,GOOD,3456,SHORT,REVERSAL,1,40.0,196.5,-6.1668,-0.2392,0.4731,-1.9402,2025-11-13 10:05:05,20019000
2025-W46,GOOD,3457,SHORT,HARD_STOP,2,-120.0,-607.0,12.0796,1.634,-0.2275,-2.1585,2025-11-13 10:07:56,20024750
2025-W46,GOOD,3458,SHORT,REVERSAL,1,40.0,196.5,16.5206,2.3113,-0.2653,-3.4528,2025-11-13 10:08:42,20027000
2025-W46,GOOD,3459,LONG,REVERSAL,1,40.0,196.5,16.5206,2.3113,-0.2653,-3.4528,2025-11-13 10:08:42,20027214
2025-W46,GOOD,3460,LONG,REVERSAL,1,40.0,196.5,11.4601,1.0553,-0.5129,0.9862,2025-11-13 10:09:21,20029250
2025-W46,GOOD,3461,SHORT,HARD_STOP,2,-121.0,-612.0,1.4921,0.6192,0.2223,-1.0923,2025-11-13 10:12:03,20034254
2025-W46,GOOD,3462,SHORT,HARD_STOP,2,-120.0,-607.0,5.7484,0.8199,-0.0829,-0.3925,2025-11-13 10:15:53,20042250
2025-W46,GOOD,3463,LONG,REVERSAL,2,48.0,233.0,-1.1156,-2.1029,-1.1502,0.8382,2025-11-13 10:17:18,20046000
2025-W46,GOOD,3464,LONG,REVERSAL,1,40.0,196.5,-6.135,-1.1821,-0.0958,0.7955,2025-11-13 10:18:46,20049250
2025-W46,GOOD,3465,LONG,HARD_STOP,2,-120.0,-607.0,-8.4521,-0.6671,0.4449,-0.8332,2025-11-13 10:22:10,20056139
2025-W46,GOOD,3466,SHORT,REVERSAL,1,41.0,201.5,-4.8921,0.4234,0.7432,-2.1683,2025-11-13 10:23:39,20059500
2025-W46,GOOD,3467,SHORT,REVERSAL,1,40.0,196.5,0.5578,1.5087,0.8494,-1.1897,2025-11-13 10:24:31,20061000
2025-W46,GOOD,3468,LONG,REVERSAL,1,40.0,196.5,-7.2668,-1.915,-0.4223,0.6663,2025-11-13 10:28:17,20067250
2025-W46,GOOD,3469,LONG,REVERSAL,2,40.0,193.0,-2.7695,-0.0253,0.2618,0.6938,2025-11-13 10:30:02,20069500
2025-W46,GOOD,3470,LONG,REVERSAL,1,40.0,196.5,-14.7758,-2.3594,0.0619,1.3399,2025-11-13 10:34:40,20076750
2025-W46,GOOD,3471,SHORT,REVERSAL,1,40.0,196.5,-7.3267,-0.4179,0.4819,-1.458,2025-11-13 10:35:50,20079002
2025-W46,GOOD,3472,SHORT,REVERSAL,1,40.0,196.5,-2.839,-1.0855,-0.3674,-2.4786,2025-11-13 10:36:57,20081000
2025-W46,GOOD,3473,LONG,HARD_STOP,2,-120.0,-607.0,-2.839,-1.0855,-0.3674,-2.4786,2025-11-13 10:37:05,20081209
2025-W46,GOOD,3474,LONG,REVERSAL,1,40.0,196.5,-7.3442,0.0645,0.7731,1.0464,2025-11-13 10:38:38,20085000
2025-W46,GOOD,3475,LONG,REVERSAL,1,41.0,201.5,1.9571,-0.3818,-0.4248,1.0955,2025-11-13 10:40:15,20088017
2025-W46,GOOD,3476,SHORT,REVERSAL,1,40.0,196.5,4.4567,1.1962,0.272,-1.549,2025-11-13 10:41:02,20089250
2025-W46,GOOD,3477,LONG,REVERSAL,1,40.0,196.5,1.0942,-0.5856,-0.4608,1.9589,2025-11-13 10:41:25,20090000
2025-W46,GOOD,3478,LONG,REVERSAL,1,40.0,196.5,-5.7074,-1.2188,-0.1605,1.6797,2025-11-13 10:43:11,20092500
2025-W46,GOOD,3479,LONG,HARD_STOP,2,-120.0,-607.0,-5.2447,-0.9319,-0.0347,0.6705,2025-11-13 10:44:10,20094000
2025-W46,GOOD,3480,LONG,REVERSAL,2,40.0,193.0,-4.0015,-0.203,0.2784,1.2382,2025-11-13 10:49:13,20105000
2025-W46,GOOD,3481,LONG,REVERSAL,1,41.0,201.5,-1.6726,-0.4451,-0.0998,0.9863,2025-11-13 10:51:24,20109000
2025-W46,GOOD,3482,SHORT,REVERSAL,1,40.0,196.5,-1.6726,-0.4451,-0.0998,0.9863,2025-11-13 10:51:34,20109172
2025-W46,GOOD,3483,LONG,HARD_STOP,2,-120.0,-607.0,-1.8061,-0.3713,-0.0421,0.5303,2025-11-13 10:53:47,20112000
2025-W46,GOOD,3484,SHORT,REVERSAL,1,40.0,196.5,0.5952,0.5506,0.2708,-1.1376,2025-11-13 10:57:47,20120500
2025-W46,GOOD,3485,SHORT,HARD_STOP,2,-120.0,-607.0,2.5933,1.0247,0.3555,-1.3812,2025-11-13 10:58:20,20121500
2025-W46,GOOD,3486,LONG,REVERSAL,1,40.0,196.5,6.1169,0.4566,-0.3377,1.5733,2025-11-13 11:01:03,20128500
2025-W46,GOOD,3487,LONG,REVERSAL,1,40.0,196.5,1.9947,-0.6664,-0.5993,1.1041,2025-11-13 11:02:01,20130500
2025-W46,GOOD,3488,LONG,HARD_STOP,2,-121.0,-612.0,-1.6514,-0.7579,-0.2896,1.8145,2025-11-13 11:03:18,20132250
2025-W46,GOOD,3489,SHORT,REVERSAL,1,40.0,196.5,-8.1205,-2.152,-0.4792,2.538,2025-11-13 11:03:50,20133465
2025-W46,GOOD,3490,LONG,REVERSAL,2,42.0,203.0,-10.4028,-0.9763,0.4545,1.4941,2025-11-13 11:05:01,20135000
2025-W46,GOOD,3491,SHORT,REVERSAL,1,40.0,196.5,-10.4577,-0.6895,0.6321,2.4224,2025-11-13 11:05:56,20136235
2025-W46,GOOD,3492,SHORT,REVERSAL,1,40.0,196.5,-9.7557,-0.843,0.4698,0.6483,2025-11-13 11:06:33,20136829
2025-W46,GOOD,3493,LONG,REVERSAL,1,40.0,196.5,-10.9314,-1.3116,0.3062,2.0779,2025-11-13 11:06:55,20137500
2025-W46,GOOD,3494,LONG,REVERSAL,1,40.0,196.5,-2.7649,1.125,0.9515,0.2188,2025-11-13 11:08:30,20140269
2025-W46,GOOD,3495,LONG,REVERSAL,1,40.0,196.5,2.7262,0.1371,-0.1903,1.9657,2025-11-13 11:10:09,20142750
2025-W46,GOOD,3496,SHORT,REVERSAL,1,40.0,196.5,2.7262,0.1371,-0.1903,1.9657,2025-11-13 11:10:17,20142986
2025-W46,GOOD,3497,SHORT,REVERSAL,2,40.0,193.0,6.9178,2.2811,0.6769,-1.0078,2025-11-13 11:15:19,20148250
2025-W46,GOOD,3498,LONG,HARD_STOP,2,-120.0,-607.0,-0.5745,-2.353,-1.3544,2.3383,2025-11-13 11:16:21,20150500
2025-W46,GOOD,3499,LONG,REVERSAL,1,41.0,201.5,0.7362,0.2239,0.0607,2.069,2025-11-13 11:20:28,20156750
2025-W46,GOOD,3500,SHORT,REVERSAL,2,40.0,193.0,0.7362,0.2239,0.0607,2.069,2025-11-13 11:20:34,20156878
2025-W46,GOOD,3501,SHORT,REVERSAL,1,40.0,196.5,1.0679,0.7817,0.3622,2.4296,2025-11-13 11:21:37,20158134
2025-W46,GOOD,3502,SHORT,REVERSAL,1,40.0,196.5,3.5314,1.946,0.8145,-1.424,2025-11-13 11:28:32,20166500
2025-W46,GOOD,3503,SHORT,REVERSAL,2,43.0,208.0,5.2094,0.172,-0.4177,-1.7305,2025-11-13 11:29:45,20168000
2025-W46,GOOD,3504,SHORT,REVERSAL,1,40.0,196.5,3.6395,0.5029,-0.0622,-1.6882,2025-11-13 11:32:25,20171250
2025-W46,GOOD,3505,LONG,REVERSAL,1,40.0,196.5,3.6395,0.5029,-0.0622,-1.6882,2025-11-13 11:32:33,20171473
2025-W46,GOOD,3506,LONG,REVERSAL,1,40.0,196.5,3.377,1.2723,0.4257,0.0569,2025-11-13 11:33:49,20172823
2025-W46,GOOD,3507,SHORT,REVERSAL,1,40.0,196.5,8.0103,2.0468,0.427,-1.6992,2025-11-13 11:34:35,20174000
2025-W46,GOOD,3508,SHORT,REVERSAL,1,40.0,196.5,6.9455,0.8765,-0.1686,2.0309,2025-11-13 11:35:16,20175658
2025-W46,GOOD,3509,LONG,REVERSAL,1,40.0,196.5,-10.7228,-1.2503,0.3221,0.0001,2025-11-13 11:37:22,20179500
2025-W46,GOOD,3510,LONG,REVERSAL,2,40.0,193.0,-10.7765,-2.1509,-0.2129,-0.8998,2025-11-13 11:39:42,20182891
2025-W46,GOOD,3511,SHORT,REVERSAL,1,40.0,196.5,-3.9935,-0.5722,0.0561,-1.607,2025-11-13 11:42:12,20187250
2025-W46,GOOD,3512,LONG,REVERSAL,1,40.0,196.5,-1.1778,0.1885,0.2309,0.8279,2025-11-13 11:45:37,20191000
2025-W46,GOOD,3513,SHORT,REVERSAL,1,40.0,196.5,-1.1778,0.1885,0.2309,0.8279,2025-11-13 11:45:43,20191075
2025-W46,GOOD,3514,SHORT,REVERSAL,1,40.0,196.5,6.2802,2.5418,0.897,-2.0104,2025-11-13 11:51:23,20199000
2025-W46,GOOD,3515,SHORT,REVERSAL,1,40.0,196.5,-1.7446,-1.3595,-0.6412,-1.2226,2025-11-13 11:53:04,20201254
2025-W46,GOOD,3516,LONG,REVERSAL,2,41.0,198.0,-1.7446,-1.3595,-0.6412,-1.2226,2025-11-13 11:53:10,20201340
2025-W46,GOOD,3517,SHORT,REVERSAL,1,40.0,196.5,7.4758,1.3457,0.0598,-2.2739,2025-11-13 12:00:25,20208250
2025-W46,GOOD,3518,LONG,REVERSAL,1,40.0,196.5,7.4758,1.3457,0.0598,-2.2739,2025-11-13 12:00:28,20208357
2025-W46,GOOD,3519,SHORT,REVERSAL,1,40.0,196.5,6.4861,-0.0738,-0.6929,0.3934,2025-11-13 12:01:17,20209527
2025-W46,GOOD,3520,LONG,REVERSAL,1,41.0,201.5,0.2378,-1.7898,-1.0977,0.51,2025-11-13 12:02:11,20210503
2025-W46,GOOD,3521,SHORT,REVERSAL,1,40.0,196.5,0.2378,-1.7898,-1.0977,0.51,2025-11-13 12:02:15,20210585
2025-W46,GOOD,3522,LONG,REVERSAL,2,39.0,188.0,0.2378,-1.7898,-1.0977,0.51,2025-11-13 12:02:28,20210740
2025-W46,GOOD,3523,SHORT,HARD_STOP,2,-120.0,-607.0,3.1525,1.8004,0.765,-0.1376,2025-11-13 12:04:14,20212519
2025-W46,GOOD,3524,SHORT,REVERSAL,1,40.0,196.5,6.9791,1.8124,0.3895,-0.1406,2025-11-13 12:06:25,20215000
2025-W46,GOOD,3525,LONG,REVERSAL,1,42.0,206.5,6.7505,2.1199,0.5969,2.47,2025-11-13 12:07:10,20215551
2025-W46,GOOD,3526,SHORT,REVERSAL,2,42.0,203.0,6.7505,2.1199,0.5969,2.47,2025-11-13 12:07:15,20215649
2025-W46,GOOD,3527,LONG,REVERSAL,2,40.0,193.0,-11.8937,-2.1607,-0.107,0.6652,2025-11-13 12:10:44,20220088
2025-W46,GOOD,3528,SHORT,REVERSAL,1,40.0,196.5,-0.8992,1.1049,0.7529,-0.9012,2025-11-13 12:14:00,20224250
2025-W46,GOOD,3529,SHORT,HARD_STOP,2,-122.0,-617.0,-0.8017,0.9072,0.6245,2.0232,2025-11-13 12:15:03,20224972
2025-W46,GOOD,3530,LONG,REVERSAL,1,40.0,196.5,4.0964,0.4164,-0.1598,0.1459,2025-11-13 12:16:13,20226514
2025-W46,GOOD,3531,LONG,REVERSAL,1,41.0,201.5,4.5086,-0.0639,-0.4892,2.516,2025-11-13 12:18:43,20229500
2025-W46,GOOD,3532,SHORT,REVERSAL,2,46.0,223.0,4.5086,-0.0639,-0.4892,2.516,2025-11-13 12:18:53,20229736
2025-W46,GOOD,3533,LONG,REVERSAL,2,44.0,213.0,4.4258,-0.1709,-0.5451,-1.7698,2025-11-13 12:19:33,20230236
2025-W46,GOOD,3534,SHORT,REVERSAL,1,40.0,196.5,2.4735,0.1806,-0.139,2.7673,2025-11-13 12:20:06,20230688
2025-W46,GOOD,3535,SHORT,REVERSAL,1,40.0,196.5,5.5734,-0.2258,-0.6928,-2.3186,2025-11-13 12:25:58,20235750
2025-W46,GOOD,3536,SHORT,REVERSAL,2,39.0,188.0,6.1669,1.3091,0.1688,1.8602,2025-11-13 12:30:02,20239113
2025-W46,GOOD,3537,SHORT,REVERSAL,1,40.0,196.5,6.329,0.8959,-0.0954,0.3385,2025-11-13 12:31:45,20240781
2025-W46,GOOD,3538,LONG,REVERSAL,1,40.0,196.5,-3.5117,-2.0595,-0.8845,2.1399,2025-11-13 12:35:31,20244000
2025-W46,GOOD,3539,SHORT,REVERSAL,1,40.0,196.5,-3.5117,-2.0595,-0.8845,2.1399,2025-11-13 12:35:37,20244140
2025-W46,GOOD,3540,LONG,REVERSAL,1,43.0,211.5,-5.9895,-0.4565,0.3251,3.8016,2025-11-13 12:36:11,20244750
2025-W46,GOOD,3541,SHORT,REVERSAL,1,40.0,196.5,-5.9895,-0.4565,0.3251,3.8016,2025-11-13 12:36:23,20244962
2025-W46,GOOD,3542,SHORT,REVERSAL,1,40.0,196.5,-0.0625,2.1032,1.2682,1.5367,2025-11-13 12:39:39,20248153
2025-W46,GOOD,3543,LONG,REVERSAL,1,40.0,196.5,-5.8496,-2.6509,-1.0056,1.6002,2025-11-13 12:41:46,20250000
2025-W46,GOOD,3544,LONG,REVERSAL,1,41.0,201.5,-5.3749,-0.3722,0.3142,1.0931,2025-11-13 12:42:44,20251003
2025-W46,GOOD,3545,LONG,REVERSAL,1,40.0,196.5,-6.3954,-0.3506,0.4292,2.8376,2025-11-13 12:43:47,20251750
2025-W46,GOOD,3546,LONG,REVERSAL,1,40.0,196.5,-0.7019,-0.5203,-0.242,0.8801,2025-11-13 12:50:43,20261000
2025-W46,GOOD,3547,SHORT,REVERSAL,1,40.0,196.5,-3.0679,-0.3069,0.1226,-1.2358,2025-11-13 12:53:22,20264508
2025-W46,GOOD,3548,SHORT,REVERSAL,1,41.0,201.5,-2.2572,-1.1765,-0.4802,-3.1434,2025-11-13 12:56:45,20268500
2025-W46,GOOD,3549,LONG,HARD_STOP,2,-121.0,-612.0,-2.2572,-1.1765,-0.4802,-3.1434,2025-11-13 12:57:00,20268687
2025-W46,GOOD,3550,LONG,REVERSAL,1,40.0,196.5,-6.2678,-0.7454,0.1795,1.6864,2025-11-13 12:58:42,20271000
2025-W46,GOOD,3551,LONG,REVERSAL,1,40.0,196.5,2.1267,1.8183,0.8783,2.4829,2025-11-13 13:02:44,20275257
2025-W46,GOOD,3552,SHORT,REVERSAL,1,41.0,201.5,2.1267,1.8183,0.8783,2.4829,2025-11-13 13:03:00,20275476
2025-W46,GOOD,3553,SHORT,REVERSAL,1,42.0,206.5,-0.5542,-0.2547,-0.0974,-0.6863,2025-11-13 13:05:07,20277000
2025-W46,GOOD,3554,LONG,REVERSAL,1,40.0,196.5,2.132,0.5323,0.1062,2.3669,2025-11-13 13:07:38,20280000
2025-W46,GOOD,3555,SHORT,REVERSAL,1,41.0,201.5,2.132,0.5323,0.1062,2.3669,2025-11-13 13:07:46,20280169
2025-W46,GOOD,3556,SHORT,REVERSAL,1,40.0,196.5,-2.0109,-1.9768,-0.985,-1.8808,2025-11-13 13:09:09,20281250
2025-W46,GOOD,3557,LONG,REVERSAL,2,40.0,193.0,-2.0109,-1.9768,-0.985,-1.8808,2025-11-13 13:09:22,20281410
2025-W46,GOOD,3558,SHORT,REVERSAL,1,40.0,196.5,-6.2257,-1.2695,-0.1392,-1.6201,2025-11-13 13:10:55,20283310
2025-W46,GOOD,3559,LONG,REVERSAL,1,40.0,196.5,-6.2257,-1.2695,-0.1392,-1.6201,2025-11-13 13:11:06,20283481
2025-W46,GOOD,3560,LONG,HARD_STOP,2,-120.0,-607.0,1.0015,-0.4184,-0.3512,2.1046,2025-11-13 13:16:15,20289250
2025-W46,GOOD,3561,LONG,REVERSAL,1,40.0,196.5,-9.2624,-2.0235,-0.2879,0.9434,2025-11-13 13:17:56,20291501
2025-W46,GOOD,3562,LONG,REVERSAL,1,40.0,196.5,-7.1896,-0.9741,0.1345,0.8685,2025-11-13 13:19:30,20293250
2025-W46,GOOD,3563,LONG,REVERSAL,1,41.0,201.5,-2.967,1.2821,1.066,1.367,2025-11-13 13:22:46,20296750
2025-W46,GOOD,3564,SHORT,REVERSAL,2,46.0,223.0,-2.967,1.2821,1.066,1.367,2025-11-13 13:22:54,20296884
2025-W46,GOOD,3565,LONG,REVERSAL,1,42.0,206.5,-10.0607,-1.3898,0.1722,0.535,2025-11-13 13:26:41,20301525
2025-W46,GOOD,3566,LONG,REVERSAL,1,40.0,196.5,-6.9802,-0.5173,0.3877,-1.4957,2025-11-13 13:27:36,20302741
2025-W46,GOOD,3567,LONG,REVERSAL,1,40.0,196.5,-6.6482,-1.3203,-0.1274,0.8301,2025-11-13 13:28:55,20304250
2025-W46,GOOD,3568,LONG,REVERSAL,2,40.0,193.0,-2.4499,-0.159,0.1496,-0.1477,2025-11-13 13:30:09,20306144
2025-W46,GOOD,3569,SHORT,REVERSAL,1,41.0,201.5,-1.8686,1.2543,0.9395,2.1239,2025-11-13 13:33:16,20309671
2025-W46,GOOD,3570,LONG,REVERSAL,1,40.0,196.5,-7.074,-1.1487,0.0182,1.0997,2025-11-13 13:36:14,20313250
2025-W46,GOOD,3571,LONG,REVERSAL,2,40.0,193.0,-4.8991,-0.1981,0.3711,0.6745,2025-11-13 13:38:33,20317001
2025-W46,GOOD,3572,SHORT,REVERSAL,1,40.0,196.5,11.4255,2.6765,0.4634,-0.2941,2025-11-13 13:45:20,20325750
2025-W46,GOOD,3573,SHORT,REVERSAL,1,40.0,196.5,-0.2068,-1.1278,-0.656,-1.343,2025-11-13 13:49:34,20331250
2025-W46,GOOD,3574,LONG,REVERSAL,1,40.0,196.5,-1.7906,0.1079,0.2438,2.5355,2025-11-13 13:51:26,20332750
2025-W46,GOOD,3575,SHORT,REVERSAL,1,41.0,201.5,0.0883,0.0691,0.0326,-3.0173,2025-11-13 13:51:48,20333250
2025-W46,GOOD,3576,LONG,REVERSAL,2,40.0,193.0,0.0883,0.0691,0.0326,-3.0173,2025-11-13 13:52:02,20333469
2025-W46,GOOD,3577,SHORT,REVERSAL,1,40.0,196.5,-0.4477,0.4042,0.2873,1.8989,2025-11-13 13:52:22,20333954
2025-W46,GOOD,3578,SHORT,REVERSAL,1,40.0,196.5,0.0572,-0.5821,-0.355,-2.6045,2025-11-13 13:55:23,20336750
2025-W46,GOOD,3579,LONG,REVERSAL,2,40.0,193.0,0.0572,-0.5821,-0.355,-2.6045,2025-11-13 13:55:26,20336844
2025-W46,GOOD,3580,SHORT,REVERSAL,2,39.0,188.0,-0.9081,0.2174,0.2213,2.3831,2025-11-13 13:56:06,20337428
2025-W46,GOOD,3581,LONG,REVERSAL,1,42.0,206.5,-8.0214,-2.2503,-0.548,1.2501,2025-11-13 14:02:26,20344250
2025-W46,GOOD,3582,LONG,REVERSAL,2,38.0,183.0,-7.6376,-1.5302,-0.1544,-1.18,2025-11-13 14:03:06,20344938
2025-W46,GOOD,3583,LONG,REVERSAL,1,42.0,206.5,-0.4839,1.431,0.907,2.0172,2025-11-13 14:05:52,20347755
2025-W46,GOOD,3584,SHORT,REVERSAL,1,40.0,196.5,-0.4839,1.431,0.907,2.0172,2025-11-13 14:06:05,20347929
2025-W46,GOOD,3585,LONG,HARD_STOP,2,-120.0,-607.0,1.7069,0.3087,0.0145,-0.9522,2025-11-13 14:11:21,20352763
2025-W46,GOOD,3586,SHORT,REVERSAL,1,40.0,196.5,2.3028,0.8409,0.2743,-2.8977,2025-11-13 14:18:17,20357750
2025-W46,GOOD,3587,LONG,REVERSAL,1,40.0,196.5,2.3028,0.8409,0.2743,-2.8977,2025-11-13 14:18:26,20357921
2025-W46,GOOD,3588,SHORT,REVERSAL,1,41.0,201.5,1.5191,-1.3634,-0.9699,-0.7217,2025-11-13 14:20:08,20359344
2025-W46,GOOD,3589,LONG,REVERSAL,1,40.0,196.5,1.5191,-1.3634,-0.9699,-0.7217,2025-11-13 14:20:13,20359428
2025-W46,GOOD,3590,SHORT,HARD_STOP,2,-120.0,-607.0,7.8288,0.9016,-0.2419,1.8996,2025-11-13 14:24:21,20363780
2025-W46,GOOD,3591,SHORT,HARD_STOP,2,-121.0,-612.0,8.7329,-0.5303,-1.1915,-0.4299,2025-11-13 14:26:39,20367500
2025-W46,GOOD,3592,LONG,REVERSAL,1,40.0,196.5,-1.1411,-2.0061,-1.0896,-1.3735,2025-11-13 14:30:45,20372540
2025-W46,GOOD,3593,SHORT,REVERSAL,1,40.0,196.5,1.0333,1.2763,0.6624,-1.5691,2025-11-13 14:32:45,20374528
2025-W46,GOOD,3594,LONG,REVERSAL,2,40.0,193.0,-8.3398,-2.19,-0.48,-0.9525,2025-11-13 14:40:51,20383574
2025-W46,GOOD,3595,SHORT,REVERSAL,1,41.0,201.5,0.3265,1.5063,0.8711,-1.5641,2025-11-13 14:43:53,20386750
2025-W46,GOOD,3596,SHORT,REVERSAL,2,38.0,183.0,0.4843,1.434,0.812,2.579,2025-11-13 14:44:33,20387395
2025-W46,GOOD,3597,SHORT,REVERSAL,1,40.0,196.5,-0.0751,-0.8061,-0.4761,0.0765,2025-11-13 14:45:35,20388531
2025-W46,GOOD,3598,LONG,REVERSAL,1,40.0,196.5,-4.3781,-1.053,-0.194,1.4508,2025-11-13 14:46:48,20389750
2025-W46,GOOD,3599,SHORT,REVERSAL,1,40.0,196.5,-4.3781,-1.053,-0.194,1.4508,2025-11-13 14:47:05,20389960
2025-W46,GOOD,3600,LONG,REVERSAL,2,40.0,193.0,-6.3953,-1.5021,-0.2617,1.563,2025-11-13 14:47:53,20390750
2025-W46,GOOD,3601,LONG,HARD_STOP,2,-120.0,-607.0,-6.9353,-1.8124,-0.3939,-1.4219,2025-11-13 14:54:50,20396939
2025-W46,GOOD,3602,SHORT,REVERSAL,2,42.0,203.0,5.1319,0.6563,-0.1194,1.5859,2025-11-13 14:59:43,20403570
2025-W46,GOOD,3603,SHORT,REVERSAL,1,40.0,196.5,4.9062,0.7637,-0.0324,-2.3159,2025-11-13 15:11:39,20416500
2025-W46,GOOD,3604,LONG,REVERSAL,1,40.0,196.5,4.9062,0.7637,-0.0324,-2.3159,2025-11-13 15:11:47,20416634
2025-W46,GOOD,3605,LONG,REVERSAL,1,41.0,201.5,5.6143,0.8642,-0.0429,1.2839,2025-11-13 15:13:25,20418000
2025-W46,GOOD,3606,LONG,REVERSAL,1,40.0,196.5,-6.1747,-2.0589,-0.6179,1.6397,2025-11-13 15:18:07,20422250
2025-W46,GOOD,3607,LONG,REVERSAL,1,40.0,196.5,-11.3451,-1.8994,-0.0051,1.2874,2025-11-13 15:21:16,20425500
2025-W46,GOOD,3608,LONG,REVERSAL,1,40.0,196.5,-4.3577,-0.0483,0.4068,1.5121,2025-11-13 15:23:11,20427500
2025-W46,GOOD,3609,LONG,REVERSAL,1,40.0,196.5,-0.9738,-0.5157,-0.2121,1.0039,2025-11-13 15:25:38,20429500
2025-W46,GOOD,3610,SHORT,REVERSAL,1,40.0,196.5,11.1891,0.8525,-0.6074,-2.7131,2025-11-13 15:35:54,20440000
2025-W46,GOOD,3611,LONG,REVERSAL,2,41.0,198.0,11.1891,0.8525,-0.6074,-2.7131,2025-11-13 15:36:03,20440246
2025-W46,GOOD,3612,SHORT,REVERSAL,1,40.0,196.5,8.6899,0.8548,-0.3561,-1.3387,2025-11-13 15:41:12,20446000
2025-W46,GOOD,3613,LONG,REVERSAL,1,40.0,196.5,-3.7103,-1.1087,-0.2942,-0.5353,2025-11-13 15:44:08,20449552
2025-W46,GOOD,3614,LONG,REVERSAL,1,41.0,201.5,-0.459,0.8038,0.5282,1.9866,2025-11-13 15:46:35,20452250
2025-W46,GOOD,3615,SHORT,REVERSAL,2,42.0,203.0,-0.459,0.8038,0.5282,1.9866,2025-11-13 15:46:41,20452318
2025-W46,GOOD,3616,SHORT,REVERSAL,1,40.0,196.5,-1.4228,0.2414,0.2871,-1.5604,2025-11-14 09:30:01,20690500
2025-W46,GOOD,3617,LONG,REVERSAL,2,40.0,193.0,-5.9536,-3.4738,-1.4889,1.4935,2025-11-14 09:30:52,20695250
2025-W46,GOOD,3618,LONG,REVERSAL,2,39.0,188.0,-10.5978,-2.5322,-0.4596,-1.6169,2025-11-14 09:31:06,20696692
2025-W46,GOOD,3619,SHORT,REVERSAL,1,42.0,206.5,-10.6029,-1.1306,0.3819,1.3452,2025-11-14 09:31:14,20697215
2025-W46,GOOD,3620,LONG,HARD_STOP,2,-120.0,-607.0,-12.4795,-1.8981,0.1091,-2.213,2025-11-14 09:32:35,20702722
2025-W46,GOOD,3621,LONG,REVERSAL,1,40.0,196.5,-12.4243,-1.1232,0.5685,2.0308,2025-11-14 09:33:22,20705750
2025-W46,GOOD,3622,LONG,REVERSAL,1,40.0,196.5,-8.737,0.4469,1.1419,0.3258,2025-11-14 09:33:37,20706553
2025-W46,GOOD,3623,LONG,REVERSAL,1,40.0,196.5,-1.0297,0.5838,0.4533,1.2915,2025-11-14 09:34:17,20709000
2025-W46,GOOD,3624,LONG,REVERSAL,1,40.0,196.5,-1.6986,-0.3783,-0.0571,1.6571,2025-11-14 09:34:43,20710500
2025-W46,GOOD,3625,SHORT,REVERSAL,1,40.0,196.5,3.1285,1.9088,0.8324,-1.3522,2025-11-14 09:35:03,20711750
2025-W46,GOOD,3626,LONG,REVERSAL,1,41.0,201.5,3.1285,1.9088,0.8324,-1.3522,2025-11-14 09:35:05,20711910
2025-W46,GOOD,3627,SHORT,REVERSAL,1,40.0,196.5,29.2684,5.4724,0.3566,-2.9306,2025-11-14 09:36:20,20717750
2025-W46,GOOD,3628,SHORT,HARD_STOP,2,-120.0,-607.0,15.5987,0.4986,-1.2607,-1.8747,2025-11-14 09:36:51,20720250
2025-W46,GOOD,3629,SHORT,REVERSAL,1,40.0,196.5,3.9901,0.6352,-0.0179,-2.2213,2025-11-14 09:38:14,20725500
2025-W46,GOOD,3630,LONG,REVERSAL,1,41.0,201.5,3.9901,0.6352,-0.0179,-2.2213,2025-11-14 09:38:17,20725696
2025-W46,GOOD,3631,SHORT,REVERSAL,1,40.0,196.5,7.1718,1.5792,0.2304,-2.9573,2025-11-14 09:38:26,20726250
2025-W46,GOOD,3632,LONG,REVERSAL,1,42.0,206.5,1.5496,2.9015,1.5859,3.5246,2025-11-14 09:40:26,20734750
2025-W46,GOOD,3633,SHORT,REVERSAL,1,40.0,196.5,1.5496,2.9015,1.5859,3.5246,2025-11-14 09:40:31,20734994
2025-W46,GOOD,3634,SHORT,REVERSAL,1,40.0,196.5,4.2835,0.4829,-0.1386,-3.0582,2025-11-14 09:41:06,20737000
2025-W46,GOOD,3635,LONG,REVERSAL,1,40.0,196.5,4.2835,0.4829,-0.1386,-3.0582,2025-11-14 09:41:08,20737193
2025-W46,GOOD,3636,LONG,REVERSAL,1,40.0,196.5,8.6871,1.0801,-0.2207,1.23,2025-11-14 09:41:44,20739750
2025-W46,GOOD,3637,LONG,HARD_STOP,2,-122.0,-617.0,-2.9701,-1.4492,-0.5725,1.5498,2025-11-14 09:42:20,20742250
2025-W46,GOOD,3638,SHORT,HARD_STOP,2,-120.0,-607.0,-9.2147,-2.5224,-0.592,2.7556,2025-11-14 09:42:38,20743355
2025-W46,GOOD,3639,LONG,REVERSAL,1,40.0,196.5,-1.262,0.9806,0.7146,2.0673,2025-11-14 09:43:21,20745500
2025-W46,GOOD,3640,SHORT,HARD_STOP,2,-120.0,-607.0,-1.262,0.9806,0.7146,2.0673,2025-11-14 09:43:29,20745744
2025-W46,GOOD,3641,SHORT,REVERSAL,1,41.0,201.5,6.7838,2.1272,0.5979,-2.9693,2025-11-14 09:43:50,20746750
2025-W46,GOOD,3642,LONG,REVERSAL,1,40.0,196.5,6.7838,2.1272,0.5979,-2.9693,2025-11-14 09:43:52,20746863
2025-W46,GOOD,3643,LONG,REVERSAL,1,40.0,196.5,8.2204,0.5895,-0.4683,-0.0224,2025-11-14 09:44:13,20748250
2025-W46,GOOD,3644,SHORT,REVERSAL,2,40.0,193.0,5.4945,1.4749,0.3355,-0.8687,2025-11-14 09:45:23,20751411
2025-W46,GOOD,3645,SHORT,REVERSAL,2,40.0,193.0,7.4495,1.2162,-0.0153,-1.1165,2025-11-14 09:46:30,20755750
2025-W46,GOOD,3646,SHORT,REVERSAL,2,42.0,203.0,4.841,0.2212,-0.3514,1.7572,2025-11-14 09:47:14,20758625
2025-W46,GOOD,3647,SHORT,REVERSAL,1,40.0,196.5,7.6321,2.0505,0.4671,-0.7626,2025-11-14 09:47:46,20760000
2025-W46,GOOD,3648,SHORT,REVERSAL,1,40.0,196.5,10.6254,1.5598,-0.1266,-1.0775,2025-11-14 09:48:34,20763000
2025-W46,GOOD,3649,LONG,REVERSAL,2,40.0,193.0,1.1693,-1.2305,-0.8552,1.3076,2025-11-14 09:49:27,20766500
2025-W46,GOOD,3650,SHORT,REVERSAL,1,40.0,196.5,-2.1663,-0.7674,-0.2438,-2.2456,2025-11-14 09:50:11,20769500
2025-W46,GOOD,3651,LONG,HARD_STOP,2,-120.0,-607.0,-2.1663,-0.7674,-0.2438,-2.2456,2025-11-14 09:50:17,20769682
2025-W46,GOOD,3652,SHORT,REVERSAL,2,39.0,188.0,12.6558,2.4094,0.18,-2.0398,2025-11-14 09:52:13,20776250
2025-W46,GOOD,3653,SHORT,REVERSAL,1,40.0,196.5,13.7989,2.6873,0.2325,1.9532,2025-11-14 09:52:38,20777660
2025-W46,GOOD,3654,SHORT,REVERSAL,1,40.0,196.5,10.0713,0.8695,-0.4854,2.1576,2025-11-14 09:53:00,20778708
2025-W46,GOOD,3655,SHORT,REVERSAL,2,42.0,203.0,3.6739,-0.5202,-0.6795,1.13,2025-11-14 09:56:57,20791573
2025-W46,GOOD,3656,LONG,REVERSAL,1,40.0,196.5,0.798,-1.086,-0.7314,0.7715,2025-11-14 09:57:30,20793000
2025-W46,GOOD,3657,LONG,REVERSAL,1,40.0,196.5,0.5156,-0.3337,-0.2518,1.5209,2025-11-14 09:59:46,20798500
2025-W46,GOOD,3658,LONG,REVERSAL,1,40.0,196.5,-2.2823,-0.8416,-0.2767,1.3979,2025-11-14 10:00:10,20800000
2025-W46,GOOD,3659,LONG,REVERSAL,1,40.0,196.5,-8.5421,-0.4707,0.5718,2.5552,2025-11-14 10:01:50,20805000
2025-W46,GOOD,3660,SHORT,HARD_STOP,2,-121.0,-612.0,-8.5421,-0.4707,0.5718,2.5552,2025-11-14 10:01:54,20805215
2025-W46,GOOD,3661,LONG,REVERSAL,2,42.0,203.0,-2.6708,0.0199,0.279,-2.4425,2025-11-14 10:02:26,20806687
2025-W46,GOOD,3662,LONG,REVERSAL,1,41.0,201.5,2.5315,0.8692,0.2684,0.5327,2025-11-14 10:03:35,20809250
2025-W46,GOOD,3663,LONG,REVERSAL,1,40.0,196.5,-4.653,-2.1786,-0.8419,3.4197,2025-11-14 10:04:52,20812500
2025-W46,GOOD,3664,SHORT,REVERSAL,1,40.0,196.5,-4.653,-2.1786,-0.8419,3.4197,2025-11-14 10:04:54,20812629
2025-W46,GOOD,3665,SHORT,REVERSAL,2,44.0,213.0,-8.2999,-1.6036,-0.1322,0.2759,2025-11-14 10:05:10,20813507
2025-W46,GOOD,3666,LONG,REVERSAL,1,40.0,196.5,-7.3374,-1.8463,-0.374,-2.9134,2025-11-14 10:05:22,20814165
2025-W46,GOOD,3667,SHORT,REVERSAL,1,41.0,201.5,-1.0104,1.2144,0.8297,-2.6786,2025-11-14 10:05:58,20815750
2025-W46,GOOD,3668,LONG,REVERSAL,1,40.0,196.5,-1.0104,1.2144,0.8297,-2.6786,2025-11-14 10:06:01,20815908
2025-W46,GOOD,3669,SHORT,HARD_STOP,2,-120.0,-607.0,10.9513,3.4622,0.9822,-1.8656,2025-11-14 10:06:33,20818000
2025-W46,GOOD,3670,LONG,HARD_STOP,2,-120.0,-607.0,15.5979,2.307,-0.1756,-2.1393,2025-11-14 10:07:01,20819714
2025-W46,GOOD,3671,LONG,HARD_STOP,2,-120.0,-607.0,5.6796,-2.1067,-1.832,0.8392,2025-11-14 10:07:17,20820752
2025-W46,GOOD,3672,SHORT,REVERSAL,1,41.0,201.5,-4.0369,0.2118,0.5308,-1.8029,2025-11-14 10:08:48,20824000
2025-W46,GOOD,3673,LONG,REVERSAL,2,42.0,203.0,-4.0369,0.2118,0.5308,-1.8029,2025-11-14 10:08:52,20824158
2025-W46,GOOD,3674,SHORT,HARD_STOP,2,-120.0,-607.0,0.4496,1.5382,0.8779,-1.8845,2025-11-14 10:09:47,20826250
2025-W46,GOOD,3675,LONG,HARD_STOP,2,-120.0,-607.0,8.3823,1.4472,0.0301,-2.6118,2025-11-14 10:10:52,20829186
2025-W46,GOOD,3676,LONG,REVERSAL,1,40.0,196.5,-13.7099,-0.3795,1.1433,2.2824,2025-11-14 10:12:57,20835250
2025-W46,GOOD,3677,SHORT,REVERSAL,1,40.0,196.5,-13.7099,-0.3795,1.1433,2.2824,2025-11-14 10:13:01,20835443
2025-W46,GOOD,3678,LONG,REVERSAL,1,41.0,201.5,-10.5541,-0.7864,0.5836,0.5091,2025-11-14 10:13:35,20836593
2025-W46,GOOD,3679,LONG,REVERSAL,1,40.0,196.5,-6.9106,-0.0913,0.6363,-1.4772,2025-11-14 10:14:22,20838136
2025-W46,GOOD,3680,SHORT,HARD_STOP,2,-120.0,-607.0,7.9913,3.7656,1.4602,-1.6914,2025-11-14 10:15:11,20840000
2025-W46,GOOD,3681,SHORT,REVERSAL,1,40.0,196.5,19.2966,2.487,-0.4375,-1.7467,2025-11-14 10:16:51,20844500
2025-W46,GOOD,3682,LONG,REVERSAL,1,40.0,196.5,-6.8581,-2.8319,-1.0133,1.458,2025-11-14 10:19:44,20850500
2025-W46,GOOD,3683,LONG,REVERSAL,1,40.0,196.5,-6.2506,0.0264,0.6409,3.3684,2025-11-14 10:20:23,20852000
2025-W46,GOOD,3684,SHORT,HARD_STOP,2,-120.0,-607.0,-6.2506,0.0264,0.6409,3.3684,2025-11-14 10:20:25,20852132
2025-W46,GOOD,3685,LONG,HARD_STOP,2,-120.0,-607.0,-2.7175,0.7155,0.701,-1.7414,2025-11-14 10:20:59,20852997
2025-W46,GOOD,3686,SHORT,REVERSAL,1,48.0,236.5,3.1079,1.2833,0.4592,-2.1958,2025-11-14 10:22:47,20856250
2025-W46,GOOD,3687,LONG,REVERSAL,1,40.0,196.5,-6.2095,-0.9801,0.0329,1.995,2025-11-14 10:24:25,20859250
2025-W46,GOOD,3688,SHORT,REVERSAL,1,40.0,196.5,-5.3982,-2.2762,-0.8259,-2.6809,2025-11-14 10:25:19,20860752
2025-W46,GOOD,3689,LONG,REVERSAL,1,40.0,196.5,-5.3982,-2.2762,-0.8259,-2.6809,2025-11-14 10:25:26,20860971
2025-W46,GOOD,3690,LONG,REVERSAL,1,40.0,196.5,-6.2683,-0.628,0.2501,2.2195,2025-11-14 10:25:56,20861750
2025-W46,GOOD,3691,SHORT,HARD_STOP,2,-120.0,-607.0,9.4842,3.5377,1.1742,-1.6344,2025-11-14 10:26:53,20864000
2025-W46,GOOD,3692,SHORT,REVERSAL,2,40.0,193.0,18.4982,1.8576,-0.7353,-1.8394,2025-11-14 10:28:08,20868000
2025-W46,GOOD,3693,LONG,REVERSAL,1,40.0,196.5,2.8481,0.0054,-0.2816,0.8736,2025-11-14 10:29:42,20872250
2025-W46,GOOD,3694,LONG,REVERSAL,2,40.0,193.0,-4.3996,-1.1882,-0.273,1.7971,2025-11-14 10:31:32,20877000
2025-W46,GOOD,3695,SHORT,REVERSAL,1,40.0,196.5,0.1811,0.0813,0.0307,-2.0203,2025-11-14 10:32:45,20880000
2025-W46,GOOD,3696,LONG,REVERSAL,1,41.0,201.5,2.5727,0.7619,0.1999,2.872,2025-11-14 10:36:11,20886250
2025-W46,GOOD,3697,SHORT,REVERSAL,2,42.0,203.0,2.5727,0.7619,0.1999,2.872,2025-11-14 10:36:15,20886392
2025-W46,GOOD,3698,SHORT,REVERSAL,2,42.0,203.0,3.9614,1.7048,0.6268,0.4488,2025-11-14 10:37:25,20889070
2025-W46,GOOD,3699,LONG,REVERSAL,1,40.0,196.5,6.6685,0.1879,-0.5541,1.5155,2025-11-14 10:38:43,20893000
2025-W46,GOOD,3700,SHORT,REVERSAL,1,40.0,196.5,9.9782,2.3129,0.3899,-1.1407,2025-11-14 10:39:37,20895250
2025-W46,GOOD,3701,SHORT,REVERSAL,1,40.0,196.5,4.8105,0.4715,-0.1981,-1.8054,2025-11-14 10:44:29,20905750
2025-W46,GOOD,3702,SHORT,REVERSAL,1,40.0,196.5,4.2451,-0.5426,-0.7501,-2.6144,2025-11-14 10:44:53,20906500
2025-W46,GOOD,3703,LONG,REVERSAL,1,40.0,196.5,4.2451,-0.5426,-0.7501,-2.6144,2025-11-14 10:45:00,20906734
2025-W46,GOOD,3704,SHORT,HARD_STOP,2,-120.0,-607.0,11.0874,0.8738,-0.5844,0.5315,2025-11-14 10:47:02,20913594
2025-W46,GOOD,3705,LONG,REVERSAL,1,43.0,211.5,-1.5267,-0.6899,-0.2613,2.235,2025-11-14 10:49:06,20919000
2025-W46,GOOD,3706,SHORT,REVERSAL,1,40.0,196.5,-1.5267,-0.6899,-0.2613,2.235,2025-11-14 10:49:11,20919195
2025-W46,GOOD,3707,SHORT,REVERSAL,1,41.0,201.5,-1.9052,-0.7191,-0.2409,-1.3827,2025-11-14 10:52:40,20925252
2025-W46,GOOD,3708,SHORT,REVERSAL,1,40.0,196.5,-2.3474,-0.5302,-0.0834,0.4451,2025-11-14 10:53:06,20925833
2025-W46,GOOD,3709,LONG,HARD_STOP,2,-121.0,-612.0,-2.6685,-0.2869,0.0947,0.8842,2025-11-14 10:55:20,20929750
2025-W46,GOOD,3710,SHORT,REVERSAL,1,40.0,196.5,-3.6429,0.6204,0.7365,-1.4676,2025-11-14 10:57:24,20934000
2025-W46,GOOD,3711,SHORT,REVERSAL,1,41.0,201.5,7.8243,0.8087,-0.2972,0.6728,2025-11-14 11:00:35,20939877
2025-W46,GOOD,3712,LONG,HARD_STOP,2,-120.0,-607.0,2.5926,-1.1928,-0.9749,0.6732,2025-11-14 11:01:05,20940751
2025-W46,GOOD,3713,LONG,REVERSAL,1,41.0,201.5,-5.0224,-0.2194,0.3706,1.8049,2025-11-14 11:03:34,20944500
2025-W46,GOOD,3714,LONG,HARD_STOP,2,-120.0,-607.0,-11.4908,-2.9035,-0.593,-2.2741,2025-11-14 11:05:00,20946602
2025-W46,GOOD,3715,LONG,REVERSAL,2,39.0,188.0,-3.2604,-0.009,0.3206,1.6272,2025-11-14 11:07:15,20950500
2025-W46,GOOD,3716,SHORT,REVERSAL,2,40.0,193.0,6.9816,1.1139,-0.0298,1.409,2025-11-14 11:11:18,20955501
2025-W46,GOOD,3717,SHORT,REVERSAL,1,40.0,196.5,9.1698,2.4645,0.5617,-0.3661,2025-11-14 11:13:51,20958250
2025-W46,GOOD,3718,LONG,REVERSAL,1,40.0,196.5,2.436,-1.6147,-1.2124,0.4662,2025-11-14 11:14:48,20959500
2025-W46,GOOD,3719,SHORT,REVERSAL,1,40.0,196.5,3.9369,0.9006,0.1467,-1.1627,2025-11-14 11:15:38,20960500
2025-W46,GOOD,3720,SHORT,REVERSAL,1,40.0,196.5,10.7486,2.1332,0.2051,-0.8458,2025-11-14 11:17:55,20963307
2025-W46,GOOD,3721,SHORT,REVERSAL,2,40.0,193.0,8.9544,1.7582,0.1595,1.0605,2025-11-14 11:20:05,20966502
2025-W46,GOOD,3722,SHORT,REVERSAL,2,40.0,193.0,6.6233,1.4101,0.1837,-1.54,2025-11-14 11:22:01,20969250
2025-W46,GOOD,3723,SHORT,HARD_STOP,2,-120.0,-607.0,10.4171,2.2779,0.325,-1.4445,2025-11-14 11:23:10,20971500
2025-W46,GOOD,3724,LONG,REVERSAL,1,40.0,196.5,-5.212,-0.6504,0.131,-0.8999,2025-11-14 11:34:06,20989235
2025-W46,GOOD,3725,LONG,REVERSAL,1,42.0,206.5,-3.0944,-0.5946,-0.0473,-1.7888,2025-11-14 11:35:20,20990623
2025-W46,GOOD,3726,SHORT,HARD_STOP,2,-120.0,-607.0,3.003,1.6198,0.6716,-1.4674,2025-11-14 11:36:58,20992250
2025-W46,GOOD,3727,SHORT,REVERSAL,1,43.0,211.5,6.0087,0.4875,-0.3084,-1.9344,2025-11-14 11:40:20,20996000
2025-W46,GOOD,3728,LONG,REVERSAL,1,40.0,196.5,6.0087,0.4875,-0.3084,-1.9344,2025-11-14 11:40:27,20996147
2025-W46,GOOD,3729,LONG,REVERSAL,2,40.0,193.0,-7.7761,-0.6892,0.3641,-1.3277,2025-11-14 11:47:31,21005369
2025-W46,GOOD,3730,SHORT,HARD_STOP,2,-120.0,-607.0,-3.4284,1.197,1.061,-1.1117,2025-11-14 11:48:43,21007000
2025-W46,GOOD,3731,SHORT,REVERSAL,1,41.0,201.5,7.3123,2.1438,0.5551,-0.8485,2025-11-14 11:56:15,21015250
2025-W46,GOOD,3732,LONG,HARD_STOP,2,-122.0,-617.0,1.3086,0.0712,-0.0881,0.6072,2025-11-14 12:00:03,21019000
2025-W46,GOOD,3733,SHORT,REVERSAL,2,40.0,193.0,-2.7232,-1.7828,-0.7974,1.3207,2025-11-14 12:00:53,21020232
2025-W46,GOOD,3734,SHORT,REVERSAL,2,40.0,193.0,-0.8497,0.6487,0.4742,0.0253,2025-11-14 12:03:15,21022292
2025-W46,GOOD,3735,SHORT,REVERSAL,2,40.0,193.0,1.7344,0.2248,-0.0386,-1.6187,2025-11-14 12:05:51,21024500
2025-W46,GOOD,3736,SHORT,REVERSAL,1,42.0,206.5,-1.2409,-1.4888,-0.7692,-1.7528,2025-11-14 12:08:13,21027000
2025-W46,GOOD,3737,SHORT,HARD_STOP,2,-120.0,-607.0,2.2763,1.1982,0.4913,-1.2995,2025-11-14 12:09:07,21028000
2025-W46,GOOD,3738,SHORT,REVERSAL,1,40.0,196.5,10.9787,1.1158,-0.4284,-1.5915,2025-11-14 12:10:55,21031000
2025-W46,GOOD,3739,SHORT,REVERSAL,1,40.0,196.5,8.9603,0.7541,-0.4436,1.8115,2025-11-14 12:11:32,21031729
2025-W46,GOOD,3740,SHORT,REVERSAL,1,40.0,196.5,3.8498,0.3196,-0.1932,0.4201,2025-11-14 12:14:13,21034327
2025-W46,GOOD,3741,SHORT,REVERSAL,1,40.0,196.5,-0.8068,0.592,0.4359,-1.273,2025-11-14 12:16:56,21037750
2025-W46,GOOD,3742,LONG,REVERSAL,1,40.0,196.5,-1.6621,-0.0751,0.1211,1.3938,2025-11-14 12:18:16,21038818
2025-W46,GOOD,3743,LONG,REVERSAL,2,40.0,193.0,-1.6399,-0.7708,-0.2985,-1.2448,2025-11-14 12:31:18,21051528
2025-W46,GOOD,3744,LONG,REVERSAL,1,40.0,196.5,-1.0063,0.7731,0.5645,2.0567,2025-11-14 12:34:38,21055000
2025-W46,GOOD,3745,SHORT,REVERSAL,1,42.0,206.5,2.3308,0.6451,0.1539,-2.8488,2025-11-14 12:35:43,21056000
2025-W46,GOOD,3746,LONG,REVERSAL,1,40.0,196.5,2.3308,0.6451,0.1539,-2.8488,2025-11-14 12:36:02,21056247
2025-W46,GOOD,3747,SHORT,REVERSAL,1,41.0,201.5,10.274,1.7551,0.0257,-1.4388,2025-11-14 12:38:59,21059000
2025-W46,GOOD,3748,LONG,REVERSAL,1,41.0,201.5,0.2101,-1.6136,-0.9891,2.1534,2025-11-14 12:40:51,21061250
2025-W46,GOOD,3749,LONG,REVERSAL,2,40.0,193.0,-1.0694,-1.3327,-0.6927,-0.2918,2025-11-14 12:41:14,21061765
2025-W46,GOOD,3750,SHORT,REVERSAL,1,41.0,201.5,-5.0107,-0.4682,0.2201,-0.6954,2025-11-14 12:43:47,21064076
2025-W46,GOOD,3751,LONG,HARD_STOP,2,-120.0,-607.0,-4.69,-2.538,-1.0538,0.0095,2025-11-14 12:47:05,21067253
2025-W46,GOOD,3752,LONG,HARD_STOP,2,-120.0,-607.0,-10.8263,-1.6396,0.0989,0.7224,2025-11-14 12:49:27,21070507
2025-W46,GOOD,3753,LONG,REVERSAL,1,40.0,196.5,-12.4025,-2.6285,-0.3368,0.9071,2025-11-14 12:51:45,21075750
2025-W46,GOOD,3754,SHORT,HARD_STOP,2,-120.0,-607.0,0.9977,1.6984,0.9193,-1.4871,2025-11-14 12:52:50,21078000
2025-W46,GOOD,3755,SHORT,REVERSAL,1,40.0,196.5,3.5728,-0.4485,-0.6264,-1.2004,2025-11-14 12:55:48,21082000
2025-W46,GOOD,3756,SHORT,REVERSAL,1,40.0,196.5,1.9995,-0.3014,-0.3808,-2.4246,2025-11-14 12:57:08,21083500
2025-W46,GOOD,3757,LONG,HARD_STOP,2,-120.0,-607.0,1.9995,-0.3014,-0.3808,-2.4246,2025-11-14 12:57:21,21083715
2025-W46,GOOD,3758,LONG,REVERSAL,1,40.0,196.5,-4.3652,-0.661,0.0399,1.1028,2025-11-14 12:59:09,21085750
2025-W46,GOOD,3759,LONG,REVERSAL,1,40.0,196.5,-2.3169,-0.4804,-0.0566,-2.5674,2025-11-14 13:00:01,21086696
2025-W46,GOOD,3760,LONG,HARD_STOP,2,-122.0,-617.0,-7.2566,0.191,0.8403,-0.9227,2025-11-14 13:04:24,21095263
2025-W46,GOOD,3761,LONG,REVERSAL,1,40.0,196.5,-3.7872,0.7039,0.8011,1.074,2025-11-14 13:06:45,21099149
2025-W46,GOOD,3762,SHORT,REVERSAL,1,40.0,196.5,5.2978,-0.118,-0.6006,1.1545,2025-11-14 13:10:43,21105951
2025-W46,GOOD,3763,SHORT,REVERSAL,1,41.0,201.5,9.0843,3.0473,0.9199,-1.6993,2025-11-14 13:12:19,21108250
2025-W46,GOOD,3764,SHORT,REVERSAL,2,40.0,193.0,12.3642,1.6886,-0.2232,-0.0472,2025-11-14 13:13:03,21109788
2025-W46,GOOD,3765,LONG,REVERSAL,1,40.0,196.5,4.3568,-1.4147,-1.2845,2.1662,2025-11-14 13:15:29,21113000
2025-W46,GOOD,3766,SHORT,REVERSAL,1,40.0,196.5,3.511,-0.6354,-0.7323,-1.1536,2025-11-14 13:16:04,21113521
2025-W46,GOOD,3767,LONG,HARD_STOP,2,-120.0,-607.0,-9.5906,-2.7846,-0.7117,-1.3038,2025-11-14 13:18:16,21116315
2025-W46,GOOD,3768,LONG,REVERSAL,1,40.0,196.5,-11.712,-1.9197,0.0194,1.2924,2025-11-14 13:22:49,21121000
2025-W46,GOOD,3769,SHORT,REVERSAL,1,40.0,196.5,-2.1162,-0.1329,0.1319,-3.5293,2025-11-14 13:25:10,21123750
2025-W46,GOOD,3770,LONG,REVERSAL,2,39.0,188.0,-2.1162,-0.1329,0.1319,-3.5293,2025-11-14 13:25:15,21123866
2025-W46,GOOD,3771,SHORT,REVERSAL,1,41.0,201.5,3.4046,1.0483,0.2885,-1.6996,2025-11-14 13:28:52,21126750
2025-W46,GOOD,3772,SHORT,REVERSAL,1,42.0,206.5,6.1576,0.3498,-0.4059,-2.5249,2025-11-14 13:34:00,21132000
2025-W46,GOOD,3773,LONG,REVERSAL,2,39.0,188.0,6.1576,0.3498,-0.4059,-2.5249,2025-11-14 13:34:10,21132135
2025-W46,GOOD,3774,LONG,REVERSAL,1,40.0,196.5,-14.0303,-3.0596,-0.4327,1.5149,2025-11-14 13:38:12,21136000
2025-W46,GOOD,3775,LONG,REVERSAL,2,40.0,193.0,-7.5903,-0.5801,0.411,-0.48,2025-11-14 13:42:33,21140789
2025-W46,GOOD,3776,LONG,REVERSAL,1,40.0,196.5,-2.5852,-0.1259,0.183,2.5315,2025-11-14 13:46:32,21145750
2025-W46,GOOD,3777,SHORT,REVERSAL,1,41.0,201.5,-2.5852,-0.1259,0.183,2.5315,2025-11-14 13:46:49,21145997
2025-W46,GOOD,3778,SHORT,REVERSAL,2,42.0,203.0,4.1546,1.6735,0.5886,-1.9809,2025-11-14 13:50:09,21148750
2025-W46,GOOD,3779,SHORT,HARD_STOP,2,-120.0,-607.0,7.6215,1.8427,0.3435,1.2268,2025-11-14 13:51:09,21150224
2025-W46,GOOD,3780,LONG,REVERSAL,1,40.0,196.5,7.133,-0.5931,-1.0692,1.7108,2025-11-14 13:56:17,21156750
2025-W46,GOOD,3781,SHORT,REVERSAL,1,40.0,196.5,-0.5049,-0.0633,0.0125,-1.1092,2025-11-14 13:58:27,21159254
2025-W46,GOOD,3782,LONG,REVERSAL,1,40.0,196.5,-0.5049,-0.0633,0.0125,-1.1092,2025-11-14 13:58:38,21159394
2025-W46,GOOD,3783,SHORT,REVERSAL,1,41.0,201.5,0.4296,-0.2825,-0.2125,-1.6794,2025-11-14 14:00:08,21160500
2025-W46,GOOD,3784,SHORT,REVERSAL,1,40.0,196.5,0.262,0.219,0.1052,-1.9297,2025-11-14 14:02:24,21162750
2025-W46,GOOD,3785,LONG,REVERSAL,1,41.0,201.5,0.262,0.219,0.1052,-1.9297,2025-11-14 14:02:38,21162911
2025-W46,GOOD,3786,LONG,REVERSAL,1,40.0,196.5,-4.231,-1.8681,-0.6978,1.842,2025-11-14 14:04:45,21164500
2025-W46,GOOD,3787,SHORT,REVERSAL,1,40.0,196.5,-4.231,-1.8681,-0.6978,1.842,2025-11-14 14:05:01,21164697
2025-W46,GOOD,3788,SHORT,REVERSAL,1,40.0,196.5,-0.1028,1.1108,0.6768,-1.7777,2025-11-14 14:13:04,21171250
2025-W46,GOOD,3789,LONG,REVERSAL,1,40.0,196.5,3.6691,0.0551,-0.3339,1.6737,2025-11-14 14:17:45,21174500
2025-W46,GOOD,3790,SHORT,REVERSAL,1,41.0,201.5,13.3295,1.648,-0.3441,-2.0995,2025-11-14 14:23:42,21179250
2025-W46,GOOD,3791,SHORT,REVERSAL,1,40.0,196.5,3.1222,-1.973,-1.496,-2.4442,2025-11-14 14:26:21,21181750
2025-W46,GOOD,3792,LONG,REVERSAL,2,39.0,188.0,3.1222,-1.973,-1.496,-2.4442,2025-11-14 14:26:37,21181928
2025-W46,GOOD,3793,SHORT,REVERSAL,2,40.0,193.0,3.0321,1.4323,0.5562,0.8294,2025-11-14 14:29:59,21184266
2025-W46,GOOD,3794,SHORT,REVERSAL,1,40.0,196.5,-1.2032,-1.9104,-1.0259,-2.2724,2025-11-14 14:32:42,21186750
2025-W46,GOOD,3795,LONG,REVERSAL,1,40.0,196.5,-1.2032,-1.9104,-1.0259,-2.2724,2025-11-14 14:33:01,21186939
2025-W46,GOOD,3796,SHORT,REVERSAL,1,40.0,196.5,1.6881,0.1744,-0.0642,-1.2311,2025-11-14 14:43:04,21192753
2025-W46,GOOD,3797,LONG,REVERSAL,1,40.0,196.5,-1.4143,-1.5643,-0.7972,-0.8589,2025-11-14 14:49:58,21198297
2025-W46,GOOD,3798,SHORT,REVERSAL,1,40.0,196.5,2.6181,1.0049,0.3411,-2.1887,2025-11-14 14:51:36,21199500
2025-W46,GOOD,3799,LONG,REVERSAL,1,40.0,196.5,2.6181,1.0049,0.3411,-2.1887,2025-11-14 14:51:50,21199639
2025-W46,GOOD,3800,SHORT,REVERSAL,1,40.0,196.5,0.8561,1.2746,0.6791,-1.3186,2025-11-14 14:57:53,21203000
2025-W46,GOOD,3801,SHORT,REVERSAL,1,41.0,201.5,2.1238,1.2174,0.5181,0.3206,2025-11-14 15:00:01,21204612
2025-W46,GOOD,3802,SHORT,REVERSAL,1,40.0,196.5,6.0007,1.4812,0.2887,-1.6203,2025-11-14 15:02:22,21207500
2025-W46,GOOD,3803,LONG,REVERSAL,1,40.0,196.5,6.0007,1.4812,0.2887,-1.6203,2025-11-14 15:02:39,21207721
2025-W46,GOOD,3804,LONG,HARD_STOP,2,-122.0,-617.0,-4.325,0.9116,0.9795,-1.5404,2025-11-14 15:10:36,21214223
2025-W46,GOOD,3805,SHORT,REVERSAL,1,41.0,201.5,-7.7343,-1.4515,-0.0975,-2.4496,2025-11-14 15:17:00,21218750
2025-W46,GOOD,3806,LONG,HARD_STOP,2,-120.0,-607.0,-7.7343,-1.4515,-0.0975,-2.4496,2025-11-14 15:17:12,21218902
2025-W46,GOOD,3807,LONG,REVERSAL,1,40.0,196.5,-11.856,-2.6208,-0.3869,1.0927,2025-11-14 15:21:47,21223250
2025-W46,GOOD,3808,LONG,REVERSAL,1,40.0,196.5,-2.872,-1.0432,-0.3387,1.7608,2025-11-14 15:27:23,21228750
2025-W46,GOOD,3809,LONG,REVERSAL,1,43.0,211.5,-1.7561,0.0099,0.1815,-1.0025,2025-11-14 15:28:44,21229615
2025-W46,GOOD,3810,LONG,REVERSAL,1,42.0,206.5,-2.4476,-1.2052,-0.4783,-0.0112,2025-11-14 15:30:20,21230769
2025-W46,GOOD,3811,LONG,REVERSAL,1,40.0,196.5,-2.2813,-0.923,-0.3257,-1.8317,2025-11-14 15:31:27,21231618
2025-W46,GOOD,3812,SHORT,REVERSAL,2,39.0,188.0,1.4829,0.9199,0.4036,-1.98,2025-11-14 15:33:00,21233000
2025-W46,GOOD,3813,LONG,REVERSAL,1,40.0,196.5,4.2714,0.6595,-0.0314,1.2726,2025-11-14 15:34:50,21234775
2025-W46,GOOD,3814,SHORT,REVERSAL,1,40.0,196.5,4.8168,0.6521,-0.0904,-1.2255,2025-11-14 15:35:41,21235285
2025-W46,GOOD,3815,LONG,REVERSAL,1,40.0,196.5,-8.6631,-2.3082,-0.5186,0.202,2025-11-14 15:40:41,21240250
2025-W46,GOOD,3816,LONG,REVERSAL,1,41.0,201.5,-5.6714,-0.3033,0.3852,0.5133,2025-11-14 15:43:11,21242500
2025-W46,GOOD,3817,LONG,EOD_FLATTEN,1,11.0,51.5,-10.8717,-1.8845,-0.0436,1.3461,2025-11-14 15:49:38,21249250
2025-W47,BEST,3818,LONG,REVERSAL,1,41.0,201.5,-9.4162,0.019,0.953,2.8703,2025-11-17 09:30:00,21423000
2025-W47,BEST,3819,SHORT,REVERSAL,1,41.0,201.5,-9.4162,0.019,0.953,2.8703,2025-11-17 09:30:00,21423204
2025-W47,BEST,3820,LONG,REVERSAL,1,42.0,206.5,-9.3696,-0.7197,0.5051,1.3674,2025-11-17 09:30:08,21424516
2025-W47,BEST,3821,LONG,REVERSAL,2,39.0,188.0,-8.3848,-1.1022,0.1771,1.1506,2025-11-17 09:30:22,21426010
2025-W47,BEST,3822,SHORT,REVERSAL,1,40.0,196.5,19.4544,3.3417,0.0596,-2.1479,2025-11-17 09:32:13,21435000
2025-W47,BEST,3823,SHORT,REVERSAL,1,40.0,196.5,13.7845,0.9727,-0.7948,-1.8057,2025-11-17 09:33:08,21438500
2025-W47,BEST,3824,SHORT,REVERSAL,1,40.0,196.5,9.3506,1.4622,-0.0578,-1.178,2025-11-17 09:35:06,21444750
2025-W47,BEST,3825,SHORT,HARD_STOP,2,-121.0,-612.0,5.278,1.0198,0.0841,-0.5049,2025-11-17 09:35:48,21446750
2025-W47,BEST,3826,SHORT,REVERSAL,1,40.0,196.5,17.4456,2.7003,-0.1244,-1.3626,2025-11-17 09:37:42,21453000
2025-W47,BEST,3827,SHORT,REVERSAL,2,40.0,193.0,4.5724,0.8967,0.0808,-1.2867,2025-11-17 09:39:36,21457500
2025-W47,BEST,3828,LONG,REVERSAL,1,40.0,196.5,-0.2158,-0.4419,-0.2435,2.548,2025-11-17 09:41:52,21463000
2025-W47,BEST,3829,SHORT,REVERSAL,1,42.0,206.5,-0.2158,-0.4419,-0.2435,2.548,2025-11-17 09:41:57,21463209
2025-W47,BEST,3830,SHORT,HARD_STOP,2,-122.0,-617.0,7.6606,0.6575,-0.3716,-1.7894,2025-11-17 09:46:40,21474500
2025-W47,BEST,3831,SHORT,HARD_STOP,2,-120.0,-607.0,5.4522,0.1304,-0.467,-0.4076,2025-11-17 09:49:48,21480500
2025-W47,BEST,3832,LONG,REVERSAL,1,40.0,196.5,1.5972,0.5075,0.1448,1.3731,2025-11-17 09:54:54,21489750
2025-W47,BEST,3833,SHORT,REVERSAL,1,40.0,196.5,3.4056,-0.1004,-0.4008,-2.3499,2025-11-17 09:55:45,21491000
2025-W47,BEST,3834,LONG,HARD_STOP,2,-123.0,-622.0,3.4056,-0.1004,-0.4008,-2.3499,2025-11-17 09:55:49,21491152
2025-W47,BEST,3835,LONG,REVERSAL,1,40.0,196.5,-5.964,-1.2041,-0.1261,2.1135,2025-11-17 10:01:38,21502000
2025-W47,BEST,3836,SHORT,REVERSAL,1,40.0,196.5,-4.2571,-0.9005,-0.1146,-2.3999,2025-11-17 10:02:05,21502750
2025-W47,BEST,3837,LONG,REVERSAL,2,40.0,193.0,-4.2571,-0.9005,-0.1146,-2.3999,2025-11-17 10:02:18,21502995
2025-W47,BEST,3838,LONG,REVERSAL,1,40.0,196.5,-8.71,1.162,1.5682,-0.478,2025-11-17 10:05:11,21510255
2025-W47,BEST,3839,LONG,REVERSAL,1,41.0,201.5,-7.8399,-2.1182,-0.4869,1.717,2025-11-17 10:07:42,21515500
2025-W47,BEST,3840,LONG,HARD_STOP,2,-121.0,-612.0,-9.2717,-2.4268,-0.5289,-0.5183,2025-11-17 10:08:09,21516564
2025-W47,BEST,3841,LONG,REVERSAL,1,40.0,196.5,-15.0885,-3.0654,-0.3304,0.3288,2025-11-17 10:08:44,21518519
2025-W47,BEST,3842,LONG,REVERSAL,1,40.0,196.5,-11.3892,-0.4098,0.8931,1.9149,2025-11-17 10:09:40,21521000
2025-W47,BEST,3843,LONG,REVERSAL,1,40.0,196.5,-3.5507,1.1063,1.0188,-0.8391,2025-11-17 10:10:12,21522481
2025-W47,BEST,3844,SHORT,HARD_STOP,2,-122.0,-617.0,2.9996,1.9188,0.8513,-1.2297,2025-11-17 10:10:55,21523750
2025-W47,BEST,3845,SHORT,REVERSAL,1,40.0,196.5,12.7323,2.3115,0.1137,0.6721,2025-11-17 10:12:02,21526314
2025-W47,BEST,3846,LONG,REVERSAL,1,42.0,206.5,4.7944,-1.2611,-1.2361,2.0028,2025-11-17 10:13:25,21528500
2025-W47,BEST,3847,LONG,REVERSAL,1,40.0,196.5,-7.9799,-2.9836,-0.9921,0.9334,2025-11-17 10:17:34,21534500
2025-W47,BEST,3848,LONG,REVERSAL,1,40.0,196.5,-9.5542,-1.5883,0.0025,1.8346,2025-11-17 10:19:02,21537000
2025-W47,BEST,3849,LONG,REVERSAL,1,40.0,196.5,-14.0345,-1.6946,0.3867,2.1737,2025-11-17 10:19:53,21538750
2025-W47,BEST,3850,SHORT,REVERSAL,1,40.0,196.5,-1.0455,1.8322,1.2039,-2.0831,2025-11-17 10:20:38,21540750
2025-W47,BEST,3851,SHORT,REVERSAL,1,40.0,196.5,3.5189,2.3017,1.0291,-2.3879,2025-11-17 10:22:17,21543750
2025-W47,BEST,3852,SHORT,REVERSAL,2,40.0,193.0,6.5335,1.94,0.5106,-0.1725,2025-11-17 10:22:52,21544775
2025-W47,BEST,3853,SHORT,REVERSAL,1,40.0,196.5,-0.8676,1.3656,0.9061,-1.5289,2025-11-17 10:26:49,21551250
2025-W47,BEST,3854,SHORT,REVERSAL,2,41.0,198.0,11.7471,0.2389,-1.0314,0.6903,2025-11-17 10:29:33,21555789
2025-W47,BEST,3855,LONG,REVERSAL,2,38.0,183.0,8.4785,0.3129,-0.6601,0.4218,2025-11-17 10:30:32,21557313
2025-W47,BEST,3856,SHORT,REVERSAL,1,40.0,196.5,4.7986,-0.1638,-0.5782,-0.334,2025-11-17 10:31:06,21558324
2025-W47,BEST,3857,LONG,REVERSAL,2,44.0,213.0,4.7986,-0.1638,-0.5782,-0.334,2025-11-17 10:31:14,21558464
2025-W47,BEST,3858,LONG,HARD_STOP,2,-120.0,-607.0,2.0895,-1.1691,-0.9104,-2.3952,2025-11-17 10:31:52,21559299
2025-W47,BEST,3859,SHORT,REVERSAL,1,40.0,196.5,-0.9464,1.244,0.8411,-1.2485,2025-11-17 10:35:40,21566250
2025-W47,BEST,3860,LONG,REVERSAL,1,40.0,196.5,0.0841,0.9562,0.5653,0.261,2025-11-17 10:36:03,21566794
2025-W47,BEST,3861,LONG,REVERSAL,1,40.0,196.5,-1.0458,-0.5464,-0.2233,0.5116,2025-11-17 10:36:35,21567500
2025-W47,BEST,3862,SHORT,REVERSAL,1,41.0,201.5,-1.0458,-0.5464,-0.2233,0.5116,2025-11-17 10:36:45,21567685
2025-W47,BEST,3863,LONG,REVERSAL,1,40.0,196.5,-1.977,-1.2119,-0.5294,2.178,2025-11-17 10:38:44,21570750
2025-W47,BEST,3864,SHORT,REVERSAL,1,42.0,206.5,-1.977,-1.2119,-0.5294,2.178,2025-11-17 10:38:46,21570822
2025-W47,BEST,3865,SHORT,REVERSAL,1,40.0,196.5,-4.4789,-1.2365,-0.294,1.0591,2025-11-17 10:39:27,21571663
2025-W47,BEST,3866,SHORT,REVERSAL,1,41.0,201.5,-5.7065,-0.8325,0.0711,-1.2294,2025-11-17 10:40:45,21573250
2025-W47,BEST,3867,LONG,REVERSAL,2,40.0,193.0,-3.1586,0.2737,0.4801,-0.9434,2025-11-17 10:41:36,21574011
2025-W47,BEST,3868,SHORT,REVERSAL,1,40.0,196.5,-3.3945,0.0452,0.3666,1.6762,2025-11-17 10:42:07,21574607
2025-W47,BEST,3869,SHORT,REVERSAL,1,40.0,196.5,4.2291,2.4225,1.0306,-2.6056,2025-11-17 10:43:27,21576250
2025-W47,BEST,3870,LONG,REVERSAL,1,40.0,196.5,4.2291,2.4225,1.0306,-2.6056,2025-11-17 10:43:35,21576486
2025-W47,BEST,3871,SHORT,REVERSAL,2,40.0,193.0,10.9697,2.6245,0.4777,-1.9061,2025-11-17 10:44:11,21577500
2025-W47,BEST,3872,LONG,REVERSAL,1,40.0,196.5,8.8895,0.0479,-0.8602,0.1755,2025-11-17 10:45:47,21580000
2025-W47,BEST,3873,SHORT,REVERSAL,1,40.0,196.5,8.8984,1.547,0.0383,-1.2617,2025-11-17 10:48:34,21583750
2025-W47,BEST,3874,LONG,HARD_STOP,2,-122.0,-617.0,8.8984,1.547,0.0383,-1.2617,2025-11-17 10:48:38,21583869
2025-W47,BEST,3875,LONG,REVERSAL,1,40.0,196.5,-7.4425,-3.0279,-1.0725,2.132,2025-11-17 10:49:38,21585750
2025-W47,BEST,3876,LONG,REVERSAL,2,42.0,203.0,-7.9761,-0.9995,0.1979,-1.8751,2025-11-17 10:52:43,21589774
2025-W47,BEST,3877,SHORT,REVERSAL,1,40.0,196.5,1.249,2.7382,1.518,-1.6221,2025-11-17 10:53:12,21590750
2025-W47,BEST,3878,LONG,REVERSAL,1,41.0,201.5,-7.5461,-0.7721,0.2914,1.7555,2025-11-17 10:58:47,21596500
2025-W47,BEST,3879,LONG,REVERSAL,1,41.0,201.5,-10.2769,-0.106,0.9641,2.0265,2025-11-17 11:03:14,21603500
2025-W47,BEST,3880,SHORT,REVERSAL,1,40.0,196.5,-8.0309,-0.3478,0.5944,-1.663,2025-11-17 11:03:38,21604066
2025-W47,BEST,3881,LONG,REVERSAL,1,42.0,206.5,-8.0309,-0.3478,0.5944,-1.663,2025-11-17 11:03:45,21604215
2025-W47,BEST,3882,LONG,REVERSAL,1,41.0,201.5,-0.7184,0.4565,0.3458,0.9484,2025-11-17 11:05:21,21606000
2025-W47,BEST,3883,SHORT,REVERSAL,1,41.0,201.5,-0.7184,0.4565,0.3458,0.9484,2025-11-17 11:05:33,21606187
2025-W47,BEST,3884,LONG,REVERSAL,2,40.0,193.0,-9.8464,-0.9484,0.4156,-0.7004,2025-11-17 11:08:28,21610755
2025-W47,BEST,3885,SHORT,REVERSAL,1,40.0,196.5,-0.9002,1.9981,1.2889,-1.2495,2025-11-17 11:10:14,21613250
2025-W47,BEST,3886,SHORT,REVERSAL,1,40.0,196.5,0.1511,1.7788,1.0522,1.9303,2025-11-17 11:10:40,21613895
2025-W47,BEST,3887,LONG,HARD_STOP,2,-120.0,-607.0,-7.9332,-1.6799,-0.2146,1.1075,2025-11-17 11:15:05,21620000
2025-W47,BEST,3888,SHORT,REVERSAL,1,40.0,196.5,-7.3744,-0.7167,0.3074,-1.8208,2025-11-17 11:17:18,21624000
2025-W47,BEST,3889,LONG,REVERSAL,2,39.0,188.0,1.6655,0.4868,0.1255,1.3783,2025-11-17 11:18:55,21626750
2025-W47,BEST,3890,LONG,REVERSAL,1,40.0,196.5,-1.9356,0.0646,0.2323,-1.5161,2025-11-17 11:21:03,21629730
2025-W47,BEST,3891,SHORT,REVERSAL,2,40.0,193.0,1.4378,1.1857,0.5677,0.7036,2025-11-17 11:22:43,21631541
2025-W47,BEST,3892,SHORT,REVERSAL,1,40.0,196.5,6.8849,1.3807,0.1399,-1.4702,2025-11-17 11:23:38,21633000
2025-W47,BEST,3893,SHORT,REVERSAL,1,40.0,196.5,6.4048,1.0011,-0.0398,-1.1253,2025-11-17 11:24:39,21634250
2025-W47,BEST,3894,SHORT,HARD_STOP,2,-120.0,-607.0,4.945,0.9878,0.0982,-1.7469,2025-11-17 11:26:05,21636000
2025-W47,BEST,3895,SHORT,HARD_STOP,2,-120.0,-607.0,16.4536,2.4724,-0.1619,-1.1181,2025-11-17 11:28:36,21640250
2025-W47,BEST,3896,SHORT,REVERSAL,2,40.0,193.0,13.1414,1.5176,-0.4035,-1.0669,2025-11-17 11:31:53,21645512
2025-W47,BEST,3897,SHORT,REVERSAL,1,40.0,196.5,10.9048,1.0279,-0.4737,0.5555,2025-11-17 11:33:15,21647531
2025-W47,BEST,3898,SHORT,REVERSAL,1,42.0,206.5,3.9167,0.1265,-0.3158,-0.9691,2025-11-17 11:35:01,21649750
2025-W47,BEST,3899,SHORT,REVERSAL,2,40.0,193.0,4.7728,1.3028,0.3044,-1.3257,2025-11-17 11:36:29,21652000
2025-W47,BEST,3900,SHORT,REVERSAL,1,40.0,196.5,11.1397,1.4862,-0.2223,-1.9965,2025-11-17 11:41:26,21657750
2025-W47,BEST,3901,SHORT,REVERSAL,1,40.0,196.5,7.4534,1.0343,-0.1248,-0.0086,2025-11-17 11:42:43,21659356
2025-W47,BEST,3902,LONG,REVERSAL,1,40.0,196.5,2.2121,0.7772,0.2451,2.4307,2025-11-17 11:45:12,21662000
2025-W47,BEST,3903,SHORT,REVERSAL,2,40.0,193.0,2.2121,0.7772,0.2451,2.4307,2025-11-17 11:45:17,21662110
2025-W47,BEST,3904,LONG,REVERSAL,1,40.0,196.5,2.8039,0.5134,0.0276,1.1217,2025-11-17 11:46:23,21663500
2025-W47,BEST,3905,SHORT,HARD_STOP,2,-120.0,-607.0,3.3989,1.2532,0.4121,0.0617,2025-11-17 11:48:44,21665750
2025-W47,BEST,3906,SHORT,REVERSAL,1,40.0,196.5,7.8632,1.1713,-0.0836,-1.1053,2025-11-17 11:51:01,21669033
2025-W47,BEST,3907,SHORT,REVERSAL,1,41.0,201.5,6.7567,0.8268,-0.1796,-0.8317,2025-11-17 11:52:46,21671000
2025-W47,BEST,3908,LONG,REVERSAL,2,40.0,193.0,2.7825,-0.1629,-0.376,1.3532,2025-11-17 11:54:09,21672517
2025-W47,BEST,3909,SHORT,REVERSAL,2,42.0,203.0,5.2167,1.742,0.5235,-0.998,2025-11-17 11:57:34,21676250
2025-W47,BEST,3910,LONG,REVERSAL,1,40.0,196.5,0.3451,-0.9788,-0.6218,0.8072,2025-11-17 12:00:50,21680506
2025-W47,BEST,3911,SHORT,REVERSAL,1,40.0,196.5,-2.2144,0.9468,0.7895,-0.9242,2025-11-17 12:13:42,21691250
2025-W47,BEST,3912,SHORT,REVERSAL,1,40.0,196.5,-3.5956,-0.698,-0.0593,-2.138,2025-11-17 12:16:35,21693250
2025-W47,BEST,3913,LONG,HARD_STOP,2,-120.0,-607.0,-4.6085,-1.0979,-0.1979,0.3995,2025-11-17 12:18:06,21694250
2025-W47,BEST,3914,SHORT,REVERSAL,1,41.0,201.5,-6.6653,-0.4777,0.3799,-2.1931,2025-11-17 12:19:49,21696500
2025-W47,BEST,3915,SHORT,REVERSAL,1,41.0,201.5,2.6284,0.6533,0.1291,-1.1633,2025-11-17 12:23:54,21700500
2025-W47,BEST,3916,SHORT,REVERSAL,1,40.0,196.5,0.1635,-0.3399,-0.2203,-1.54,2025-11-17 12:26:34,21702501
2025-W47,BEST,3917,LONG,REVERSAL,2,42.0,203.0,0.1635,-0.3399,-0.2203,-1.54,2025-11-17 12:27:02,21702722
2025-W47,BEST,3918,SHORT,REVERSAL,1,40.0,196.5,1.2205,0.6419,0.2631,-1.973,2025-11-17 12:30:04,21705000
2025-W47,BEST,3919,SHORT,REVERSAL,1,41.0,201.5,0.5923,0.3608,0.1573,1.5973,2025-11-17 12:30:43,21705661
2025-W47,BEST,3920,SHORT,REVERSAL,1,42.0,206.5,4.268,0.9813,0.162,-1.8703,2025-11-17 12:35:29,21709000
2025-W47,BEST,3921,LONG,HARD_STOP,2,-121.0,-612.0,4.268,0.9813,0.162,-1.8703,2025-11-17 12:35:39,21709145
2025-W47,BEST,3922,LONG,REVERSAL,1,40.0,196.5,-13.5397,-1.3712,0.5312,2.4053,2025-11-17 12:41:18,21715500
2025-W47,BEST,3923,SHORT,REVERSAL,1,40.0,196.5,-7.8129,0.6046,1.1441,-1.4637,2025-11-17 12:42:23,21717000
2025-W47,BEST,3924,LONG,HARD_STOP,2,-121.0,-612.0,-7.4206,-1.3855,-0.0892,0.9714,2025-11-17 12:44:52,21719500
2025-W47,BEST,3925,LONG,HARD_STOP,2,-120.0,-607.0,-5.5631,-0.0908,0.5019,-1.3523,2025-11-17 12:53:27,21731447
2025-W47,BEST,3926,SHORT,REVERSAL,1,40.0,196.5,-5.0346,-0.6015,0.1425,-0.7871,2025-11-17 12:58:28,21736549
2025-W47,BEST,3927,LONG,HARD_STOP,2,-120.0,-607.0,-6.2602,-1.3148,-0.1629,0.3912,2025-11-17 12:59:19,21737500
2025-W47,BEST,3928,LONG,REVERSAL,2,40.0,193.0,-5.7296,-1.0147,-0.0359,-0.3088,2025-11-17 13:03:46,21744003
2025-W47,BEST,3929,LONG,REVERSAL,1,40.0,196.5,-2.038,0.1572,0.2981,0.8982,2025-11-17 13:12:48,21755000
2025-W47,BEST,3930,SHORT,REVERSAL,1,43.0,211.5,2.5439,2.0585,0.9807,0.5479,2025-11-17 13:14:29,21756534
2025-W47,BEST,3931,SHORT,REVERSAL,1,41.0,201.5,5.8709,1.6951,0.4299,-0.9863,2025-11-17 13:18:01,21760296
2025-W47,BEST,3932,SHORT,REVERSAL,2,40.0,193.0,4.0435,-0.1789,-0.5117,-0.8928,2025-11-17 13:19:00,21761250
2025-W47,BEST,3933,LONG,REVERSAL,1,40.0,196.5,-2.6248,0.1929,0.3782,1.3268,2025-11-17 13:26:31,21767250
2025-W47,BEST,3934,SHORT,REVERSAL,1,40.0,196.5,-1.7829,-0.3865,-0.0536,-1.5909,2025-11-17 13:27:15,21767751
2025-W47,BEST,3935,LONG,REVERSAL,2,42.0,203.0,-3.2552,-0.9478,-0.2432,0.737,2025-11-17 13:30:42,21770500
2025-W47,BEST,3936,LONG,REVERSAL,1,40.0,196.5,-3.092,-0.4138,0.0609,-1.0215,2025-11-17 13:33:45,21773505
2025-W47,BEST,3937,LONG,REVERSAL,1,40.0,196.5,-0.3984,-0.6964,-0.378,0.9241,2025-11-17 13:40:48,21778250
2025-W47,BEST,3938,SHORT,REVERSAL,1,40.0,196.5,3.76,1.9971,0.8223,-0.6868,2025-11-17 13:42:28,21779750
2025-W47,BEST,3939,SHORT,HARD_STOP,2,-120.0,-607.0,7.951,2.1744,0.5096,2.2689,2025-11-17 13:45:49,21783085
2025-W47,BEST,3940,LONG,REVERSAL,1,40.0,196.5,0.2075,-1.5908,-0.9752,1.3977,2025-11-17 13:49:46,21788500
2025-W47,BEST,3941,LONG,REVERSAL,1,40.0,196.5,-11.1688,-2.716,-0.5127,2.179,2025-11-17 13:51:49,21791000
2025-W47,BEST,3942,LONG,REVERSAL,1,40.0,196.5,-17.5163,-2.3287,0.3544,1.3947,2025-11-17 13:55:19,21795750
2025-W47,BEST,3943,SHORT,REVERSAL,1,40.0,196.5,-17.5163,-2.3287,0.3544,1.3947,2025-11-17 13:55:22,21795874
2025-W47,BEST,3944,LONG,REVERSAL,1,40.0,196.5,-13.4541,-1.0471,0.7172,1.5743,2025-11-17 13:59:04,21801750
2025-W47,BEST,3945,LONG,REVERSAL,1,40.0,196.5,-9.305,0.0431,0.9564,0.9892,2025-11-17 14:00:00,21802750
2025-W47,BEST,3946,LONG,HARD_STOP,2,-122.0,-617.0,-7.4548,-1.5385,-0.1776,1.6346,2025-11-17 14:02:44,21806500
2025-W47,BEST,3947,SHORT,REVERSAL,1,41.0,201.5,-4.8391,0.3772,0.7102,-1.5943,2025-11-17 14:04:56,21810500
2025-W47,BEST,3948,SHORT,REVERSAL,1,40.0,196.5,0.3754,0.9159,0.512,-2.4165,2025-11-17 14:06:26,21812250
2025-W47,BEST,3949,LONG,REVERSAL,2,40.0,193.0,0.3754,0.9159,0.512,-2.4165,2025-11-17 14:06:28,21812341
2025-W47,BEST,3950,LONG,REVERSAL,1,40.0,196.5,-7.0332,-1.2296,-0.0345,2.0574,2025-11-17 14:16:32,21824000
2025-W47,BEST,3951,SHORT,REVERSAL,1,40.0,196.5,-5.4705,-0.797,0.0689,-2.3633,2025-11-17 14:17:06,21824500
2025-W47,BEST,3952,LONG,HARD_STOP,2,-120.0,-607.0,-5.4705,-0.797,0.0689,-2.3633,2025-11-17 14:17:13,21824723
2025-W47,BEST,3953,SHORT,REVERSAL,1,40.0,196.5,-0.8115,0.1981,0.2,-0.987,2025-11-17 14:25:15,21831750
2025-W47,BEST,3954,SHORT,REVERSAL,1,40.0,196.5,-5.5979,0.2332,0.6997,-0.4958,2025-11-17 14:27:11,21834500
2025-W47,BEST,3955,LONG,HARD_STOP,2,-120.0,-607.0,0.4552,-2.8183,-1.7365,-0.0454,2025-11-17 14:31:14,21840250
2025-W47,BEST,3956,LONG,REVERSAL,1,40.0,196.5,-9.7875,-2.4096,-0.467,1.3524,2025-11-17 14:34:09,21843250
2025-W47,BEST,3957,SHORT,REVERSAL,1,42.0,206.5,-6.3025,-0.4501,0.3602,-1.95,2025-11-17 14:35:11,21844500
2025-W47,BEST,3958,LONG,REVERSAL,1,40.0,196.5,-6.3025,-0.4501,0.3602,-1.95,2025-11-17 14:35:23,21844624
2025-W47,BEST,3959,SHORT,REVERSAL,1,40.0,196.5,-1.8031,0.5616,0.5173,-2.0779,2025-11-17 14:36:13,21845500
2025-W47,BEST,3960,LONG,REVERSAL,1,41.0,201.5,-13.1986,-1.3832,0.4899,2.2833,2025-11-17 14:40:16,21850000
2025-W47,BEST,3961,SHORT,HARD_STOP,2,-120.0,-607.0,-3.1982,0.7153,0.749,-0.7413,2025-11-17 14:42:49,21853250
2025-W47,BEST,3962,LONG,HARD_STOP,2,-120.0,-607.0,-0.2753,-1.2163,-0.7022,1.4291,2025-11-17 14:46:04,21857250
2025-W47,BEST,3963,SHORT,REVERSAL,2,39.0,188.0,-0.3121,2.2397,1.375,0.9401,2025-11-17 14:49:46,21861398
2025-W47,BEST,3964,LONG,REVERSAL,2,40.0,193.0,-7.5849,-2.0565,-0.4754,-0.2984,2025-11-17 14:56:28,21868004
2025-W47,BEST,3965,LONG,REVERSAL,1,40.0,196.5,-5.1939,-0.0849,0.4685,1.9587,2025-11-17 15:03:01,21876250
2025-W47,BEST,3966,SHORT,REVERSAL,1,41.0,201.5,-5.1939,-0.0849,0.4685,1.9587,2025-11-17 15:03:05,21876339
2025-W47,BEST,3967,LONG,REVERSAL,1,40.0,196.5,-5.9493,-0.4872,0.3026,1.7468,2025-11-17 15:03:47,21877500
2025-W47,BEST,3968,SHORT,REVERSAL,1,40.0,196.5,7.755,0.8372,-0.2732,1.6032,2025-11-17 15:06:04,21880840
2025-W47,BEST,3969,LONG,REVERSAL,1,40.0,196.5,-1.4254,-1.4413,-0.7222,1.6103,2025-11-17 15:09:14,21884000
2025-W47,BEST,3970,LONG,REVERSAL,1,40.0,196.5,-7.3217,-2.3406,-0.6722,1.5226,2025-11-17 15:14:44,21890500
2025-W47,BEST,3971,SHORT,REVERSAL,2,40.0,193.0,-2.5885,1.2518,1.0099,-1.438,2025-11-17 15:15:35,21892000
2025-W47,BEST,3972,SHORT,HARD_STOP,2,-120.0,-607.0,3.9352,1.1723,0.3099,1.5194,2025-11-17 15:17:20,21893898
2025-W47,BEST,3973,LONG,HARD_STOP,2,-121.0,-612.0,-0.1741,-0.0694,-0.0242,-0.7952,2025-11-17 15:20:33,21898004
2025-W47,BEST,3974,SHORT,REVERSAL,1,40.0,196.5,5.1943,0.2688,-0.3582,-2.7547,2025-11-17 15:25:31,21903250
2025-W47,BEST,3975,LONG,REVERSAL,2,39.0,188.0,5.1943,0.2688,-0.3582,-2.7547,2025-11-17 15:25:35,21903369
2025-W47,BEST,3976,SHORT,REVERSAL,2,42.0,203.0,2.2138,-0.2477,-0.37,0.9994,2025-11-17 15:32:07,21910501
2025-W47,BEST,3977,SHORT,REVERSAL,2,40.0,193.0,-0.6821,2.2716,1.4312,-0.0679,2025-11-17 15:35:38,21914254
2025-W47,BEST,3978,SHORT,REVERSAL,1,40.0,196.5,8.0128,0.8283,-0.3043,-1.4571,2025-11-17 15:49:19,21928500
2025-W47,BEST,3979,LONG,REVERSAL,1,40.0,196.5,-1.546,0.3399,0.3586,1.7275,2025-11-18 09:30:00,22143251
2025-W47,BEST,3980,SHORT,HARD_STOP,2,-120.0,-607.0,-1.546,0.3399,0.3586,1.7275,2025-11-18 09:30:01,22143468
2025-W47,BEST,3981,LONG,REVERSAL,1,40.0,196.5,5.7403,1.3986,0.2651,2.5878,2025-11-18 09:30:20,22145750
2025-W47,BEST,3982,SHORT,HARD_STOP,2,-120.0,-607.0,5.7403,1.3986,0.2651,2.5878,2025-11-18 09:30:22,22145953
2025-W47,BEST,3983,LONG,REVERSAL,2,40.0,193.0,-14.5753,-3.6593,-0.738,1.4773,2025-11-18 09:31:16,22150750
2025-W47,BEST,3984,SHORT,REVERSAL,2,44.0,213.0,24.3597,5.0933,0.62,-2.2733,2025-11-18 09:32:35,22158500
2025-W47,BEST,3985,SHORT,REVERSAL,1,41.0,201.5,17.8925,1.5041,-0.8868,-2.876,2025-11-18 09:33:25,22163750
2025-W47,BEST,3986,LONG,REVERSAL,1,40.0,196.5,17.8925,1.5041,-0.8868,-2.876,2025-11-18 09:33:25,22163990
2025-W47,BEST,3987,LONG,REVERSAL,2,42.0,203.0,10.5383,-0.5333,-1.3738,1.4458,2025-11-18 09:33:37,22165000
2025-W47,BEST,3988,LONG,REVERSAL,1,45.0,221.5,-15.3628,-3.1419,-0.3489,1.973,2025-11-18 09:34:40,22169250
2025-W47,BEST,3989,SHORT,REVERSAL,1,40.0,196.5,-15.3628,-3.1419,-0.3489,1.973,2025-11-18 09:34:41,22169344
2025-W47,BEST,3990,LONG,REVERSAL,1,40.0,196.5,-12.634,-1.4142,0.4149,2.2285,2025-11-18 09:35:42,22172750
2025-W47,BEST,3991,SHORT,REVERSAL,2,40.0,193.0,-4.3587,0.7986,0.915,0.1754,2025-11-18 09:36:12,22174250
2025-W47,BEST,3992,SHORT,REVERSAL,1,42.0,206.5,6.9952,-0.1495,-0.7892,-2.4626,2025-11-18 09:37:46,22179000
2025-W47,BEST,3993,LONG,REVERSAL,1,40.0,196.5,4.9948,0.8943,0.0371,3.4639,2025-11-18 09:38:07,22179500
2025-W47,BEST,3994,SHORT,REVERSAL,2,40.0,193.0,4.9948,0.8943,0.0371,3.4639,2025-11-18 09:38:08,22179564
2025-W47,BEST,3995,LONG,REVERSAL,1,41.0,201.5,-6.2527,-3.689,-1.5881,0.4222,2025-11-18 09:38:47,22181250
2025-W47,BEST,3996,SHORT,REVERSAL,1,40.0,196.5,0.8068,2.1177,1.1899,-0.9669,2025-11-18 09:39:18,22182500
2025-W47,BEST,3997,LONG,REVERSAL,1,44.0,216.5,-11.0452,-1.7975,0.026,2.0119,2025-11-18 09:40:38,22185750
2025-W47,BEST,3998,LONG,HARD_STOP,2,-120.0,-607.0,-13.85,-1.4247,0.5302,0.9812,2025-11-18 09:42:44,22192150
2025-W47,BEST,3999,LONG,REVERSAL,1,40.0,196.5,-4.6733,-1.0497,-0.1625,0.8249,2025-11-18 09:43:51,22196501
2025-W47,BEST,4000,SHORT,REVERSAL,1,40.0,196.5,-4.6733,-1.0497,-0.1625,0.8249,2025-11-18 09:43:56,22196642
2025-W47,BEST,4001,LONG,REVERSAL,1,40.0,196.5,-5.3697,-0.0854,0.4857,2.3964,2025-11-18 09:44:14,22197250
2025-W47,BEST,4002,SHORT,REVERSAL,1,40.0,196.5,-5.3697,-0.0854,0.4857,2.3964,2025-11-18 09:44:17,22197397
2025-W47,BEST,4003,LONG,REVERSAL,2,40.0,193.0,-6.4763,-1.2221,-0.0856,0.9305,2025-11-18 09:44:53,22198500
2025-W47,BEST,4004,SHORT,REVERSAL,1,44.0,216.5,-0.1938,-2.3681,-1.4015,-3.8455,2025-11-18 09:46:39,22205500
2025-W47,BEST,4005,LONG,HARD_STOP,2,-125.0,-632.0,-0.1938,-2.3681,-1.4015,-3.8455,2025-11-18 09:46:44,22205715
2025-W47,BEST,4006,LONG,REVERSAL,1,40.0,196.5,-18.7516,-3.0428,0.0495,2.8857,2025-11-18 09:47:25,22208250
2025-W47,BEST,4007,LONG,REVERSAL,1,40.0,196.5,-18.7542,-2.2959,0.4979,1.5115,2025-11-18 09:47:36,22209000
2025-W47,BEST,4008,SHORT,REVERSAL,1,40.0,196.5,-8.4862,-0.3268,0.6525,-4.4808,2025-11-18 09:48:10,22210750
2025-W47,BEST,4009,LONG,REVERSAL,2,34.0,163.0,-8.4862,-0.3268,0.6525,-4.4808,2025-11-18 09:48:12,22210848
2025-W47,BEST,4010,LONG,REVERSAL,1,40.0,196.5,-5.3819,0.6254,0.9134,-1.2188,2025-11-18 09:50:52,22218730
2025-W47,BEST,4011,LONG,REVERSAL,2,40.0,193.0,-9.0014,-3.3201,-1.0919,-2.7325,2025-11-18 09:52:04,22222156
2025-W47,BEST,4012,SHORT,REVERSAL,1,41.0,201.5,-4.2519,1.1284,1.1023,1.2179,2025-11-18 09:53:01,22224754
2025-W47,BEST,4013,LONG,HARD_STOP,2,-120.0,-607.0,-4.0858,-1.7235,-0.6255,1.7434,2025-11-18 09:54:47,22229750
2025-W47,BEST,4014,SHORT,REVERSAL,1,40.0,196.5,-4.3198,-0.7529,-0.0197,-3.1868,2025-11-18 09:56:15,22234500
2025-W47,BEST,4015,LONG,REVERSAL,2,42.0,203.0,-4.3198,-0.7529,-0.0197,-3.1868,2025-11-18 09:56:16,22234551
2025-W47,BEST,4016,SHORT,REVERSAL,1,40.0,196.5,-1.9835,1.1127,0.8659,-0.6532,2025-11-18 09:57:02,22236657
2025-W47,BEST,4017,LONG,REVERSAL,1,41.0,201.5,5.7505,1.6152,0.3941,1.2837,2025-11-18 09:57:29,22238296
2025-W47,BEST,4018,SHORT,REVERSAL,1,40.0,196.5,7.2397,1.575,0.221,-0.7687,2025-11-18 09:57:44,22239000
2025-W47,BEST,4019,LONG,HARD_STOP,2,-120.0,-607.0,7.2397,1.575,0.221,-0.7687,2025-11-18 09:57:46,22239058
2025-W47,BEST,4020,LONG,HARD_STOP,2,-120.0,-607.0,-5.1757,-1.8389,-0.5857,1.3972,2025-11-18 09:58:49,22241750
2025-W47,BEST,4021,SHORT,REVERSAL,2,38.0,183.0,-1.6881,0.5621,0.5061,-0.953,2025-11-18 10:00:32,22246750
2025-W47,BEST,4022,LONG,REVERSAL,1,40.0,196.5,-16.9583,-3.226,-0.2398,1.3065,2025-11-18 10:02:17,22253000
2025-W47,BEST,4023,LONG,REVERSAL,1,40.0,196.5,-13.8992,-1.239,0.6465,0.6847,2025-11-18 10:02:29,22254000
2025-W47,BEST,4024,SHORT,REVERSAL,1,40.0,196.5,-6.1494,-0.9196,0.0632,-1.8951,2025-11-18 10:03:02,22256000
2025-W47,BEST,4025,LONG,REVERSAL,2,40.0,193.0,-6.1494,-0.9196,0.0632,-1.8951,2025-11-18 10:03:04,22256101
2025-W47,BEST,4026,LONG,REVERSAL,1,40.0,196.5,-8.8221,-1.9151,-0.2669,1.4163,2025-11-18 10:04:33,22261500
2025-W47,BEST,4027,LONG,REVERSAL,1,40.0,196.5,-7.2202,-0.8292,0.2245,1.0198,2025-11-18 10:05:12,22263500
2025-W47,BEST,4028,SHORT,HARD_STOP,2,-121.0,-612.0,-2.0552,0.314,0.3939,-1.9535,2025-11-18 10:05:30,22264750
2025-W47,BEST,4029,LONG,REVERSAL,1,42.0,206.5,5.3288,1.8837,0.5973,-1.7209,2025-11-18 10:05:53,22266241
2025-W47,BEST,4030,SHORT,REVERSAL,1,40.0,196.5,14.2216,2.288,-0.0494,-2.072,2025-11-18 10:06:10,22268000
2025-W47,BEST,4031,SHORT,REVERSAL,1,40.0,196.5,13.0138,1.4304,-0.4432,-0.5451,2025-11-18 10:06:26,22269020
2025-W47,BEST,4032,SHORT,REVERSAL,1,40.0,196.5,14.6981,0.9392,-0.9063,-2.1098,2025-11-18 10:07:39,22273750
2025-W47,BEST,4033,LONG,REVERSAL,2,45.0,218.0,14.6981,0.9392,-0.9063,-2.1098,2025-11-18 10:07:42,22273913
2025-W47,BEST,4034,LONG,REVERSAL,2,40.0,193.0,7.3689,-0.4789,-1.0242,-1.2553,2025-11-18 10:08:10,22275447
2025-W47,BEST,4035,SHORT,REVERSAL,1,41.0,201.5,7.2275,0.8544,-0.2101,-2.9636,2025-11-18 10:08:31,22277000
2025-W47,BEST,4036,LONG,REVERSAL,2,42.0,203.0,7.2275,0.8544,-0.2101,-2.9636,2025-11-18 10:08:34,22277228
2025-W47,BEST,4037,SHORT,REVERSAL,1,41.0,201.5,1.0371,-0.0283,-0.1207,-2.0554,2025-11-18 10:10:05,22280250
2025-W47,BEST,4038,LONG,REVERSAL,1,40.0,196.5,1.0371,-0.0283,-0.1207,-2.0554,2025-11-18 10:10:08,22280390
2025-W47,BEST,4039,LONG,HARD_STOP,2,-120.0,-607.0,-9.3047,-2.3426,-0.4751,-1.3518,2025-11-18 10:11:21,22284438
2025-W47,BEST,4040,LONG,REVERSAL,1,40.0,196.5,-17.6159,-2.8748,0.0367,2.4687,2025-11-18 10:11:55,22286250
2025-W47,BEST,4041,SHORT,REVERSAL,1,40.0,196.5,5.1639,2.4509,0.9541,-3.3002,2025-11-18 10:13:30,22290750
2025-W47,BEST,4042,LONG,REVERSAL,1,40.0,196.5,5.1639,2.4509,0.9541,-3.3002,2025-11-18 10:13:31,22290822
2025-W47,BEST,4043,LONG,REVERSAL,1,42.0,206.5,-15.8169,-3.2325,-0.3578,0.2456,2025-11-18 10:16:54,22299629
2025-W47,BEST,4044,LONG,REVERSAL,1,40.0,196.5,-13.1709,-1.9724,0.1337,1.1806,2025-11-18 10:17:40,22301500
2025-W47,BEST,4045,SHORT,HARD_STOP,2,-122.0,-617.0,-13.1709,-1.9724,0.1337,1.1806,2025-11-18 10:17:44,22301673
2025-W47,BEST,4046,SHORT,REVERSAL,1,40.0,196.5,-1.0153,2.313,1.4893,-2.2657,2025-11-18 10:18:16,22303000
2025-W47,BEST,4047,LONG,REVERSAL,1,40.0,196.5,-0.1031,0.9263,0.5661,1.2059,2025-11-18 10:18:34,22303805
2025-W47,BEST,4048,SHORT,REVERSAL,1,40.0,196.5,-0.1031,0.9263,0.5661,1.2059,2025-11-18 10:18:37,22303929
2025-W47,BEST,4049,SHORT,REVERSAL,1,44.0,216.5,6.7693,2.5896,0.8768,-1.5849,2025-11-18 10:19:32,22305521
2025-W47,BEST,4050,LONG,REVERSAL,1,40.0,196.5,6.7693,2.5896,0.8768,-1.5849,2025-11-18 10:19:35,22305693
2025-W47,BEST,4051,SHORT,REVERSAL,1,40.0,196.5,17.6436,3.6253,0.4108,-1.1563,2025-11-18 10:20:23,22307750
2025-W47,BEST,4052,LONG,REVERSAL,1,42.0,206.5,17.6436,3.6253,0.4108,-1.1563,2025-11-18 10:20:26,22307880
2025-W47,BEST,4053,SHORT,HARD_STOP,2,-120.0,-607.0,17.6436,3.6253,0.4108,-1.1563,2025-11-18 10:20:28,22307963
2025-W47,BEST,4054,LONG,REVERSAL,1,42.0,206.5,21.5397,2.3331,-0.7541,3.1042,2025-11-18 10:21:20,22311000
2025-W47,BEST,4055,SHORT,REVERSAL,2,40.0,193.0,21.5397,2.3331,-0.7541,3.1042,2025-11-18 10:21:21,22311078
2025-W47,BEST,4056,SHORT,REVERSAL,1,43.0,211.5,17.3848,0.452,-1.4673,-1.8005,2025-11-18 10:21:44,22312005
2025-W47,BEST,4057,LONG,REVERSAL,1,40.0,196.5,10.3036,-1.1526,-1.7219,1.7881,2025-11-18 10:22:00,22312750
2025-W47,BEST,4058,LONG,REVERSAL,2,45.0,218.0,7.9935,-0.5276,-1.1159,-0.0556,2025-11-18 10:22:11,22313260
2025-W47,BEST,4059,SHORT,REVERSAL,1,41.0,201.5,8.8811,1.7109,0.1384,-2.0527,2025-11-18 10:23:12,22315750
2025-W47,BEST,4060,SHORT,REVERSAL,1,41.0,201.5,10.5231,2.3736,0.3719,-0.4059,2025-11-18 10:23:44,22317941
2025-W47,BEST,4061,LONG,REVERSAL,1,40.0,196.5,6.6814,-0.2527,-0.8198,1.4382,2025-11-18 10:23:55,22318500
2025-W47,BEST,4062,SHORT,REVERSAL,1,40.0,196.5,6.6814,-0.2527,-0.8198,1.4382,2025-11-18 10:23:56,22318574
2025-W47,BEST,4063,LONG,REVERSAL,1,46.0,226.5,-12.9834,-3.5535,-0.8337,2.3259,2025-11-18 10:24:38,22320750
2025-W47,BEST,4064,LONG,REVERSAL,2,44.0,213.0,-5.6653,-0.4133,0.3186,1.2908,2025-11-18 10:25:43,22323000
2025-W47,BEST,4065,LONG,REVERSAL,2,42.0,203.0,-7.6105,-2.6127,-0.8066,-3.7843,2025-11-18 10:29:01,22330791
2025-W47,BEST,4066,SHORT,REVERSAL,1,40.0,196.5,0.8105,1.102,0.5801,-3.588,2025-11-18 10:30:42,22334000
2025-W47,BEST,4067,LONG,REVERSAL,2,39.0,188.0,0.8105,1.102,0.5801,-3.588,2025-11-18 10:30:44,22334098
2025-W47,BEST,4068,LONG,HARD_STOP,2,-120.0,-607.0,-3.7139,-3.4118,-1.6757,-1.272,2025-11-18 10:31:44,22336000
2025-W47,BEST,4069,SHORT,REVERSAL,1,40.0,196.5,-9.3367,-3.2709,-1.0288,1.9427,2025-11-18 10:32:01,22336849
2025-W47,BEST,4070,SHORT,REVERSAL,1,43.0,211.5,-7.1264,-1.0927,0.057,-3.0393,2025-11-18 10:32:15,22337500
2025-W47,BEST,4071,LONG,REVERSAL,1,41.0,201.5,-7.1264,-1.0927,0.057,-3.0393,2025-11-18 10:32:22,22337718
2025-W47,BEST,4072,LONG,HARD_STOP,2,-121.0,-612.0,-12.5472,-1.3372,0.4524,-2.2907,2025-11-18 10:34:54,22343846
2025-W47,BEST,4073,LONG,REVERSAL,2,42.0,203.0,-15.8558,-2.8615,-0.1313,2.2154,2025-11-18 10:35:20,22345000
2025-W47,BEST,4074,SHORT,REVERSAL,1,40.0,196.5,-14.5525,-1.1357,0.7738,2.7214,2025-11-18 10:36:01,22346908
2025-W47,BEST,4075,LONG,REVERSAL,1,46.0,226.5,-11.863,-1.0482,0.5574,0.9496,2025-11-18 10:36:38,22348500
2025-W47,BEST,4076,LONG,REVERSAL,1,41.0,201.5,-7.026,-2.9529,-1.0691,1.9882,2025-11-18 10:37:49,22351500
2025-W47,BEST,4077,SHORT,REVERSAL,2,42.0,203.0,-7.026,-2.9529,-1.0691,1.9882,2025-11-18 10:37:52,22351685
2025-W47,BEST,4078,SHORT,REVERSAL,1,41.0,201.5,-1.0592,0.2734,0.2699,-4.3183,2025-11-18 10:38:21,22352750
2025-W47,BEST,4079,LONG,REVERSAL,1,40.0,196.5,-1.0592,0.2734,0.2699,-4.3183,2025-11-18 10:38:23,22352836
2025-W47,BEST,4080,SHORT,REVERSAL,1,40.0,196.5,11.8244,3.9586,1.1928,-2.1772,2025-11-18 10:41:35,22358500
2025-W47,BEST,4081,LONG,REVERSAL,2,52.0,253.0,11.8244,3.9586,1.1928,-2.1772,2025-11-18 10:41:36,22358538
2025-W47,BEST,4082,LONG,REVERSAL,1,43.0,211.5,-7.868,-2.4509,-0.6838,2.3002,2025-11-18 10:44:07,22362500
2025-W47,BEST,4083,LONG,REVERSAL,1,40.0,196.5,-4.0863,-2.7594,-1.247,1.3774,2025-11-18 10:45:24,22365000
2025-W47,BEST,4084,SHORT,REVERSAL,1,41.0,201.5,-4.0863,-2.7594,-1.247,1.3774,2025-11-18 10:45:25,22365051
2025-W47,BEST,4085,SHORT,REVERSAL,1,44.0,216.5,-3.8919,-1.346,-0.4184,-1.7885,2025-11-18 10:45:51,22365500
2025-W47,BEST,4086,SHORT,REVERSAL,1,40.0,196.5,-1.3326,0.5057,0.4367,-1.8139,2025-11-18 10:47:31,22367766
2025-W47,BEST,4087,LONG,REVERSAL,2,42.0,203.0,-1.3326,0.5057,0.4367,-1.8139,2025-11-18 10:47:34,22367898
2025-W47,BEST,4088,LONG,REVERSAL,1,40.0,196.5,-8.6224,-2.5424,-0.6632,2.1356,2025-11-18 10:50:08,22371000
2025-W47,BEST,4089,SHORT,REVERSAL,1,40.0,196.5,-10.5526,-2.2237,-0.279,0.7434,2025-11-18 10:50:26,22371823
2025-W47,BEST,4090,SHORT,REVERSAL,1,43.0,211.5,9.1148,2.7999,0.7685,-3.7,2025-11-18 10:52:08,22375250
2025-W47,BEST,4091,LONG,REVERSAL,2,39.0,188.0,9.1148,2.7999,0.7685,-3.7,2025-11-18 10:52:13,22375421
2025-W47,BEST,4092,LONG,REVERSAL,1,40.0,196.5,0.0299,-2.9935,-1.7991,0.3109,2025-11-18 10:54:02,22377750
2025-W47,BEST,4093,SHORT,HARD_STOP,2,-120.0,-607.0,2.3451,0.5149,0.0745,-2.5037,2025-11-18 10:54:49,22379000
2025-W47,BEST,4094,LONG,REVERSAL,2,42.0,203.0,12.3242,2.5406,0.2919,-0.4476,2025-11-18 10:55:54,22380812
2025-W47,BEST,4095,LONG,REVERSAL,1,41.0,201.5,-0.9964,-3.2259,-1.8359,2.0565,2025-11-18 10:56:56,22382500
2025-W47,BEST,4096,LONG,REVERSAL,1,40.0,196.5,-13.2361,-3.2961,-0.654,1.199,2025-11-18 11:00:04,22386250
2025-W47,BEST,4097,LONG,REVERSAL,1,40.0,196.5,-16.1446,-2.0152,0.4053,3.7538,2025-11-18 11:01:37,22390250
2025-W47,BEST,4098,LONG,REVERSAL,1,40.0,196.5,-12.3178,0.9376,1.7943,0.7031,2025-11-18 11:02:18,22393025
2025-W47,BEST,4099,LONG,REVERSAL,1,42.0,206.5,-9.9361,-1.8063,-0.0902,2.0141,2025-11-18 11:03:04,22394750
2025-W47,BEST,4100,SHORT,REVERSAL,1,40.0,196.5,-2.025,0.5109,0.509,-3.0027,2025-11-18 11:03:52,22396500
2025-W47,BEST,4101,LONG,REVERSAL,2,40.0,193.0,-2.025,0.5109,0.509,-3.0027,2025-11-18 11:03:59,22396732
2025-W47,BEST,4102,LONG,REVERSAL,1,42.0,206.5,1.4084,0.2075,-0.0163,1.4481,2025-11-18 11:05:44,22399500
2025-W47,BEST,4103,SHORT,REVERSAL,2,42.0,203.0,1.4084,0.2075,-0.0163,1.4481,2025-11-18 11:05:54,22399677
2025-W47,BEST,4104,SHORT,REVERSAL,1,40.0,196.5,15.5266,3.9201,0.7994,-2.105,2025-11-18 11:07:26,22402750
2025-W47,BEST,4105,LONG,REVERSAL,1,41.0,201.5,15.5266,3.9201,0.7994,-2.105,2025-11-18 11:07:29,22402918
2025-W47,BEST,4106,SHORT,REVERSAL,1,40.0,196.5,17.4284,1.9843,-0.5523,-2.4336,2025-11-18 11:08:06,22404250
2025-W47,BEST,4107,SHORT,REVERSAL,1,40.0,196.5,17.2859,1.8948,-0.5917,-1.4112,2025-11-18 11:08:54,22405750
2025-W47,BEST,4108,SHORT,HARD_STOP,2,-120.0,-607.0,12.3974,-0.2438,-1.386,0.3735,2025-11-18 11:09:15,22406565
2025-W47,BEST,4109,SHORT,HARD_STOP,2,-125.0,-632.0,8.9252,0.1961,-0.7749,-0.6115,2025-11-18 11:11:01,22410250
2025-W47,BEST,4110,SHORT,REVERSAL,1,40.0,196.5,14.2162,1.443,-0.5558,-1.7358,2025-11-18 11:11:48,22412250
2025-W47,BEST,4111,SHORT,REVERSAL,1,40.0,196.5,5.1911,3.3598,1.4968,-1.3399,2025-11-18 11:18:38,22423750
2025-W47,BEST,4112,SHORT,HARD_STOP,2,-122.0,-617.0,7.6046,2.4006,0.6799,2.4624,2025-11-18 11:19:12,22424822
2025-W47,BEST,4113,LONG,REVERSAL,1,42.0,206.5,10.5183,2.5301,0.4663,1.7425,2025-11-18 11:20:00,22426000
2025-W47,BEST,4114,SHORT,REVERSAL,1,40.0,196.5,10.5183,2.5301,0.4663,1.7425,2025-11-18 11:20:06,22426160
2025-W47,BEST,4115,SHORT,REVERSAL,1,40.0,196.5,12.9339,1.7121,-0.2661,-2.053,2025-11-18 11:21:00,22427750
2025-W47,BEST,4116,SHORT,REVERSAL,1,40.0,196.5,8.9645,-0.1763,-1.0022,-1.8309,2025-11-18 11:21:37,22428750
2025-W47,BEST,4117,SHORT,REVERSAL,1,40.0,196.5,11.0303,2.7652,0.5561,-1.0038,2025-11-18 11:24:12,22432250
2025-W47,BEST,4118,SHORT,HARD_STOP,2,-120.0,-607.0,8.9315,0.6387,-0.5099,0.9653,2025-11-18 11:25:01,22433532
2025-W47,BEST,4119,SHORT,REVERSAL,2,40.0,193.0,10.799,1.1373,-0.3975,-1.2843,2025-11-18 11:28:25,22440250
2025-W47,BEST,4120,LONG,REVERSAL,1,40.0,196.5,9.021,0.8066,-0.4181,1.1734,2025-11-18 11:29:00,22441760
2025-W47,BEST,4121,SHORT,REVERSAL,1,40.0,196.5,8.2612,0.291,-0.6515,-1.3852,2025-11-18 11:29:25,22442598
2025-W47,BEST,4122,LONG,REVERSAL,2,40.0,193.0,8.2612,0.291,-0.6515,-1.3852,2025-11-18 11:29:30,22442748
2025-W47,BEST,4123,LONG,REVERSAL,1,41.0,201.5,-3.5107,-1.9247,-0.8038,2.1687,2025-11-18 11:35:02,22452500
2025-W47,BEST,4124,SHORT,REVERSAL,1,42.0,206.5,-3.5107,-1.9247,-0.8038,2.1687,2025-11-18 11:35:04,22452679
2025-W47,BEST,4125,LONG,REVERSAL,1,40.0,196.5,-1.7245,0.1901,0.2865,1.515,2025-11-18 11:36:32,22455000
2025-W47,BEST,4126,SHORT,HARD_STOP,2,-120.0,-607.0,-1.7245,0.1901,0.2865,1.515,2025-11-18 11:36:40,22455156
2025-W47,BEST,4127,LONG,REVERSAL,1,40.0,196.5,2.2891,1.4193,0.6227,-1.7923,2025-11-18 11:37:22,22455972
2025-W47,BEST,4128,SHORT,REVERSAL,1,40.0,196.5,8.9227,1.9752,0.2928,-1.6813,2025-11-18 11:38:54,22458250
2025-W47,BEST,4129,LONG,REVERSAL,1,40.0,196.5,-5.9156,-0.7498,0.1417,-2.9375,2025-11-18 11:41:00,22462053
2025-W47,BEST,4130,SHORT,REVERSAL,1,42.0,206.5,-5.9156,-0.7498,0.1417,-2.9375,2025-11-18 11:41:02,22462095
2025-W47,BEST,4131,LONG,REVERSAL,2,43.0,208.0,-5.9156,-0.7498,0.1417,-2.9375,2025-11-18 11:41:06,22462163
2025-W47,BEST,4132,SHORT,REVERSAL,1,43.0,211.5,6.1745,1.6611,0.3792,-1.2278,2025-11-18 11:43:41,22466250
2025-W47,BEST,4133,SHORT,REVERSAL,1,40.0,196.5,7.5962,1.0006,-0.1592,-3.3752,2025-11-18 11:45:24,22468250
2025-W47,BEST,4134,LONG,HARD_STOP,2,-120.0,-607.0,7.5962,1.0006,-0.1592,-3.3752,2025-11-18 11:45:25,22468318
2025-W47,BEST,4135,SHORT,REVERSAL,1,40.0,196.5,-2.1132,-2.9982,-1.5876,-4.313,2025-11-18 11:46:36,22470250
2025-W47,BEST,4136,LONG,REVERSAL,2,42.0,203.0,-2.1132,-2.9982,-1.5876,-4.313,2025-11-18 11:46:51,22470465
2025-W47,BEST,4137,SHORT,REVERSAL,1,41.0,201.5,-4.4089,-2.0188,-0.7704,1.1297,2025-11-18 11:47:00,22470796
2025-W47,BEST,4138,LONG,REVERSAL,1,44.0,216.5,-12.5434,-2.4952,-0.2428,1.9363,2025-11-18 11:47:51,22472250
2025-W47,BEST,4139,LONG,REVERSAL,2,40.0,193.0,0.7595,-1.1732,-0.7799,1.5433,2025-11-18 11:49:41,22476250
2025-W47,BEST,4140,LONG,REVERSAL,1,43.0,211.5,-5.2033,-1.6004,-0.4399,2.5876,2025-11-18 11:51:57,22478750
2025-W47,BEST,4141,SHORT,REVERSAL,1,41.0,201.5,-5.2033,-1.6004,-0.4399,2.5876,2025-11-18 11:52:03,22478846
2025-W47,BEST,4142,SHORT,REVERSAL,1,42.0,206.5,-6.6661,-1.1635,-0.0315,-1.3341,2025-11-18 11:53:04,22479750
2025-W47,BEST,4143,SHORT,REVERSAL,1,40.0,196.5,8.5328,1.6802,0.1549,-1.9826,2025-11-18 11:57:45,22484250
2025-W47,BEST,4144,LONG,HARD_STOP,2,-120.0,-607.0,8.5328,1.6802,0.1549,-1.9826,2025-11-18 11:57:53,22484340
2025-W47,BEST,4145,SHORT,REVERSAL,1,41.0,201.5,-0.4747,-1.081,-0.6011,-0.8548,2025-11-18 11:59:45,22486000
2025-W47,BEST,4146,SHORT,REVERSAL,1,40.0,196.5,-6.8878,1.4228,1.5425,-0.6682,2025-11-18 12:07:28,22493840
2025-W47,BEST,4147,SHORT,REVERSAL,1,40.0,196.5,-5.4341,-1.2896,-0.2304,-0.4276,2025-11-18 12:08:52,22495042
2025-W47,BEST,4148,SHORT,HARD_STOP,2,-120.0,-607.0,-6.968,-0.6975,0.2783,-0.0756,2025-11-18 12:09:59,22496250
2025-W47,BEST,4149,SHORT,REVERSAL,1,40.0,196.5,1.2781,1.1261,0.5479,-1.219,2025-11-18 12:13:12,22499500
2025-W47,BEST,4150,LONG,REVERSAL,1,40.0,196.5,-10.3603,-2.867,-0.6842,1.2167,2025-11-18 12:14:59,22501509
2025-W47,BEST,4151,SHORT,REVERSAL,1,43.0,211.5,-2.7882,0.6171,0.6491,-2.8418,2025-11-18 12:16:47,22503250
2025-W47,BEST,4152,LONG,REVERSAL,1,40.0,196.5,-10.0356,-2.9323,-0.7558,1.6706,2025-11-18 12:17:45,22504500
2025-W47,BEST,4153,SHORT,REVERSAL,1,40.0,196.5,1.5645,2.1291,1.121,-1.7823,2025-11-18 12:20:33,22508004
2025-W47,BEST,4154,LONG,REVERSAL,1,43.0,211.5,1.5645,2.1291,1.121,-1.7823,2025-11-18 12:20:39,22508163
2025-W47,BEST,4155,LONG,REVERSAL,2,40.0,193.0,-5.8667,-2.7778,-1.08,-2.4306,2025-11-18 12:23:44,22511401
2025-W47,BEST,4156,SHORT,REVERSAL,1,40.0,196.5,-7.3818,-1.9878,-0.4545,0.9344,2025-11-18 12:24:16,22511835
2025-W47,BEST,4157,LONG,REVERSAL,2,45.0,218.0,-16.1681,-4.1985,-0.9023,-1.9504,2025-11-18 12:28:05,22515593
2025-W47,BEST,4158,LONG,REVERSAL,1,42.0,206.5,-11.379,0.392,1.3731,3.277,2025-11-18 12:32:58,22521250
2025-W47,BEST,4159,SHORT,REVERSAL,2,40.0,193.0,-11.379,0.392,1.3731,3.277,2025-11-18 12:33:06,22521453
2025-W47,BEST,4160,SHORT,REVERSAL,1,40.0,196.5,11.745,1.3881,-0.3416,-2.4095,2025-11-18 12:37:38,22527500
2025-W47,BEST,4161,LONG,REVERSAL,1,44.0,216.5,11.745,1.3881,-0.3416,-2.4095,2025-11-18 12:37:49,22527717
2025-W47,BEST,4162,SHORT,REVERSAL,1,40.0,196.5,20.067,2.8704,-0.2845,-2.4676,2025-11-18 12:38:58,22529500
2025-W47,BEST,4163,SHORT,REVERSAL,2,44.0,213.0,23.6771,2.4568,-0.8936,1.6358,2025-11-18 12:41:05,22533313
2025-W47,BEST,4164,SHORT,HARD_STOP,2,-120.0,-607.0,19.579,2.0567,-0.7239,0.9233,2025-11-18 12:43:01,22536215
2025-W47,BEST,4165,LONG,REVERSAL,1,40.0,196.5,9.4471,-0.7571,-1.399,1.3143,2025-11-18 12:44:04,22538941
2025-W47,BEST,4166,SHORT,REVERSAL,1,40.0,196.5,7.4155,0.5602,-0.4054,-2.1401,2025-11-18 12:44:56,22540000
2025-W47,BEST,4167,LONG,HARD_STOP,2,-123.0,-622.0,7.4155,0.5602,-0.4054,-2.1401,2025-11-18 12:45:02,22540227
2025-W47,BEST,4168,SHORT,REVERSAL,1,41.0,201.5,8.3235,3.4768,1.2537,-1.2442,2025-11-18 12:48:35,22545429
2025-W47,BEST,4169,SHORT,HARD_STOP,2,-121.0,-612.0,0.2111,1.7196,1.0107,-1.3049,2025-11-18 12:52:48,22550250
2025-W47,BEST,4170,LONG,REVERSAL,1,41.0,201.5,6.6515,2.3428,0.7405,-2.0857,2025-11-18 12:53:26,22551468
2025-W47,BEST,4171,LONG,REVERSAL,1,40.0,196.5,2.2343,-1.0305,-0.8417,3.1326,2025-11-18 12:55:50,22554250
2025-W47,BEST,4172,SHORT,HARD_STOP,2,-122.0,-617.0,2.2343,-1.0305,-0.8417,3.1326,2025-11-18 12:55:54,22554467
2025-W47,BEST,4173,SHORT,REVERSAL,1,40.0,196.5,8.7168,1.1769,-0.1655,-3.4192,2025-11-18 12:56:57,22556000
2025-W47,BEST,4174,LONG,REVERSAL,1,40.0,196.5,8.7168,1.1769,-0.1655,-3.4192,2025-11-18 12:57:00,22556214
2025-W47,BEST,4175,SHORT,REVERSAL,1,40.0,196.5,11.5755,2.1945,0.1591,-1.2361,2025-11-18 12:57:36,22557008
2025-W47,BEST,4176,SHORT,REVERSAL,1,40.0,196.5,13.3169,2.0472,-0.1034,-1.4493,2025-11-18 12:58:18,22558250
2025-W47,BEST,4177,SHORT,REVERSAL,1,42.0,206.5,10.3223,0.2533,-0.8802,0.7492,2025-11-18 12:59:01,22559292
2025-W47,BEST,4178,LONG,REVERSAL,1,41.0,201.5,1.5167,-1.9285,-1.3088,1.2321,2025-11-18 12:59:50,22560508
2025-W47,BEST,4179,SHORT,REVERSAL,1,40.0,196.5,2.6497,0.0537,-0.2328,-1.3259,2025-11-18 13:01:34,22562500
2025-W47,BEST,4180,SHORT,REVERSAL,1,40.0,196.5,-2.0891,0.9015,0.7498,-0.6004,2025-11-18 13:03:25,22564500
2025-W47,BEST,4181,SHORT,REVERSAL,1,44.0,216.5,1.8145,0.772,0.2818,-2.818,2025-11-18 13:06:06,22566750
2025-W47,BEST,4182,LONG,REVERSAL,1,42.0,206.5,1.8145,0.772,0.2818,-2.818,2025-11-18 13:06:15,22566957
2025-W47,BEST,4183,SHORT,REVERSAL,1,40.0,196.5,6.4581,1.8485,0.4633,-0.9621,2025-11-18 13:07:19,22568000
2025-W47,BEST,4184,SHORT,REVERSAL,2,40.0,193.0,5.5634,0.8024,-0.0749,1.0494,2025-11-18 13:08:15,22568752
2025-W47,BEST,4185,SHORT,REVERSAL,1,40.0,196.5,2.3212,-0.2788,-0.3994,-1.4303,2025-11-18 13:12:22,22572000
2025-W47,BEST,4186,LONG,HARD_STOP,2,-120.0,-607.0,0.28,-1.1381,-0.7109,1.4095,2025-11-18 13:14:03,22573500
2025-W47,BEST,4187,LONG,REVERSAL,1,42.0,206.5,-9.6019,-2.2319,-0.379,1.7455,2025-11-18 13:15:35,22575340
2025-W47,BEST,4188,SHORT,REVERSAL,1,40.0,196.5,-9.6019,-2.2319,-0.379,1.7455,2025-11-18 13:15:39,22575416
2025-W47,BEST,4189,SHORT,REVERSAL,1,42.0,206.5,-1.6819,0.1905,0.2825,-2.7351,2025-11-18 13:18:48,22578500
2025-W47,BEST,4190,LONG,REVERSAL,1,40.0,196.5,-1.6819,0.1905,0.2825,-2.7351,2025-11-18 13:19:00,22578665
2025-W47,BEST,4191,LONG,REVERSAL,1,40.0,196.5,-6.5696,-1.7365,-0.385,3.4966,2025-11-18 13:20:56,22580250
2025-W47,BEST,4192,SHORT,REVERSAL,2,42.0,203.0,-6.5696,-1.7365,-0.385,3.4966,2025-11-18 13:21:02,22580415
2025-W47,BEST,4193,SHORT,REVERSAL,1,40.0,196.5,3.1582,1.8858,0.8157,-2.0965,2025-11-18 13:23:15,22582367
2025-W47,BEST,4194,LONG,REVERSAL,1,40.0,196.5,3.1582,1.8858,0.8157,-2.0965,2025-11-18 13:23:22,22582437
2025-W47,BEST,4195,SHORT,REVERSAL,1,40.0,196.5,4.3872,-1.1376,-1.1213,-4.4656,2025-11-18 13:24:45,22583500
2025-W47,BEST,4196,LONG,HARD_STOP,2,-120.0,-607.0,4.3872,-1.1376,-1.1213,-4.4656,2025-11-18 13:24:54,22583592
2025-W47,BEST,4197,SHORT,REVERSAL,1,44.0,216.5,-0.0733,2.0399,1.2312,-1.76,2025-11-18 13:30:28,22589000
2025-W47,BEST,4198,LONG,REVERSAL,2,42.0,203.0,-0.0733,2.0399,1.2312,-1.76,2025-11-18 13:30:37,22589151
2025-W47,BEST,4199,LONG,REVERSAL,1,43.0,211.5,6.7848,1.2483,0.0705,0.9379,2025-11-18 13:34:23,22592000
2025-W47,BEST,4200,SHORT,REVERSAL,1,41.0,201.5,6.7848,1.2483,0.0705,0.9379,2025-11-18 13:34:34,22592117
2025-W47,BEST,4201,LONG,REVERSAL,1,42.0,206.5,-11.3995,-3.42,-0.912,2.4175,2025-11-18 13:37:28,22594500
2025-W47,BEST,4202,LONG,REVERSAL,1,40.0,196.5,-11.2185,-2.8988,-0.6174,-2.4628,2025-11-18 13:38:01,22595049
2025-W47,BEST,4203,SHORT,REVERSAL,1,41.0,201.5,-1.6931,2.082,1.4185,-2.583,2025-11-18 13:39:24,22596250
2025-W47,BEST,4204,LONG,REVERSAL,1,42.0,206.5,-1.6931,2.082,1.4185,-2.583,2025-11-18 13:39:27,22596318
2025-W47,BEST,4205,SHORT,HARD_STOP,2,-121.0,-612.0,8.1065,4.1692,1.6909,-1.6048,2025-11-18 13:40:20,22597250
2025-W47,BEST,4206,LONG,HARD_STOP,2,-124.0,-627.0,13.233,2.2237,0.0109,-2.6809,2025-11-18 13:41:00,22598418
2025-W47,BEST,4207,LONG,REVERSAL,1,44.0,216.5,-4.6396,-0.0762,0.4182,1.2691,2025-11-18 13:44:57,22602750
2025-W47,BEST,4208,LONG,REVERSAL,1,41.0,201.5,-4.3951,-2.2677,-0.9211,-0.0581,2025-11-18 13:49:00,22605591
2025-W47,BEST,4209,SHORT,REVERSAL,1,40.0,196.5,0.0721,1.376,0.8184,-2.0315,2025-11-18 13:50:00,22606751
2025-W47,BEST,4210,LONG,REVERSAL,1,40.0,196.5,0.0721,1.376,0.8184,-2.0315,2025-11-18 13:50:06,22606860
2025-W47,BEST,4211,SHORT,REVERSAL,1,43.0,211.5,3.7518,1.5505,0.5551,-1.7001,2025-11-18 13:51:02,22607500
2025-W47,BEST,4212,LONG,REVERSAL,1,40.0,196.5,3.7518,1.5505,0.5551,-1.7001,2025-11-18 13:51:20,22607683
2025-W47,BEST,4213,SHORT,REVERSAL,1,40.0,196.5,11.9405,2.3907,0.2403,-1.9727,2025-11-18 13:52:33,22609250
2025-W47,BEST,4214,LONG,HARD_STOP,2,-120.0,-607.0,11.9405,2.3907,0.2403,-1.9727,2025-11-18 13:52:35,22609431
2025-W47,BEST,4215,LONG,REVERSAL,1,41.0,201.5,-14.2493,-2.7477,-0.2237,2.3119,2025-11-18 13:56:43,22613250
2025-W47,BEST,4216,SHORT,REVERSAL,1,40.0,196.5,-14.2493,-2.7477,-0.2237,2.3119,2025-11-18 13:56:44,22613437
2025-W47,BEST,4217,SHORT,REVERSAL,1,40.0,196.5,2.1135,-1.6876,-1.2239,-2.9531,2025-11-18 14:02:56,22621750
2025-W47,BEST,4218,LONG,HARD_STOP,2,-121.0,-612.0,2.1135,-1.6876,-1.2239,-2.9531,2025-11-18 14:03:04,22621884
2025-W47,BEST,4219,LONG,REVERSAL,1,41.0,201.5,-3.4145,-1.742,-0.7038,2.748,2025-11-18 14:03:39,22622535
2025-W47,BEST,4220,SHORT,REVERSAL,2,40.0,193.0,-3.4145,-1.742,-0.7038,2.748,2025-11-18 14:03:43,22622589
2025-W47,BEST,4221,SHORT,REVERSAL,1,41.0,201.5,-1.4798,0.893,0.6838,-0.9733,2025-11-18 14:05:24,22624000
2025-W47,BEST,4222,LONG,REVERSAL,1,41.0,201.5,-1.4798,0.893,0.6838,-0.9733,2025-11-18 14:05:42,22624190
2025-W47,BEST,4223,LONG,REVERSAL,1,40.0,196.5,3.5345,0.8027,0.1282,1.8618,2025-11-18 14:13:01,22629272
2025-W47,BEST,4224,LONG,REVERSAL,1,40.0,196.5,-3.2493,-1.6876,-0.6876,2.8594,2025-11-18 14:16:35,22632250
2025-W47,BEST,4225,SHORT,REVERSAL,1,40.0,196.5,5.6132,2.2952,0.8158,-3.5738,2025-11-18 14:20:10,22635000
2025-W47,BEST,4226,LONG,HARD_STOP,2,-122.0,-617.0,5.6132,2.2952,0.8158,-3.5738,2025-11-18 14:20:12,22635099
2025-W47,BEST,4227,SHORT,REVERSAL,1,40.0,196.5,-2.7988,-1.6182,-0.691,-1.8455,2025-11-18 14:22:35,22637000
2025-W47,BEST,4228,LONG,HARD_STOP,2,-120.0,-607.0,-2.7988,-1.6182,-0.691,-1.8455,2025-11-18 14:22:52,22637230
2025-W47,BEST,4229,LONG,REVERSAL,1,40.0,196.5,-7.7156,-1.338,-0.0312,3.147,2025-11-18 14:28:58,22641250
2025-W47,BEST,4230,SHORT,REVERSAL,2,40.0,193.0,-7.7156,-1.338,-0.0312,3.147,2025-11-18 14:29:10,22641474
2025-W47,BEST,4231,SHORT,REVERSAL,1,40.0,196.5,-4.5447,-0.0692,0.4129,-1.6702,2025-11-18 14:30:11,22642250
2025-W47,BEST,4232,SHORT,REVERSAL,1,42.0,206.5,14.2228,2.9545,0.3504,-2.4261,2025-11-18 14:37:26,22648500
2025-W47,BEST,4233,SHORT,REVERSAL,1,40.0,196.5,19.6394,2.0141,-0.7555,-1.6285,2025-11-18 14:40:17,22652272
2025-W47,BEST,4234,SHORT,REVERSAL,1,40.0,196.5,12.7756,-0.483,-1.5673,-2.0668,2025-11-18 14:41:03,22653500
2025-W47,BEST,4235,LONG,HARD_STOP,2,-127.0,-642.0,12.7756,-0.483,-1.5673,-2.0668,2025-11-18 14:41:24,22653729
2025-W47,BEST,4236,LONG,REVERSAL,1,40.0,196.5,-10.4943,-2.7317,-0.5896,3.4329,2025-11-18 14:44:41,22657250
2025-W47,BEST,4237,SHORT,HARD_STOP,2,-120.0,-607.0,-10.4943,-2.7317,-0.5896,3.4329,2025-11-18 14:44:51,22657471
2025-W47,BEST,4238,LONG,REVERSAL,1,43.0,211.5,-5.2298,0.6323,0.9024,-1.5956,2025-11-18 14:46:12,22658842
2025-W47,BEST,4239,SHORT,REVERSAL,1,40.0,196.5,8.1704,2.5978,0.7416,-3.4619,2025-11-18 14:47:54,22660500
2025-W47,BEST,4240,LONG,HARD_STOP,2,-122.0,-617.0,8.1704,2.5978,0.7416,-3.4619,2025-11-18 14:48:08,22660738
2025-W47,BEST,4241,SHORT,REVERSAL,1,41.0,201.5,3.8899,-0.7768,-0.8551,-1.7433,2025-11-18 14:49:10,22661750
2025-W47,BEST,4242,LONG,REVERSAL,2,44.0,213.0,3.8899,-0.7768,-0.8551,-1.7433,2025-11-18 14:49:26,22661995
2025-W47,BEST,4243,LONG,REVERSAL,1,40.0,196.5,-9.16,-1.9937,-0.2802,1.6859,2025-11-18 14:53:37,22665750
2025-W47,BEST,4244,SHORT,REVERSAL,1,40.0,196.5,-9.16,-1.9937,-0.2802,1.6859,2025-11-18 14:53:46,22665917
2025-W47,BEST,4245,SHORT,HARD_STOP,2,-120.0,-607.0,-8.3427,0.2477,0.9829,-1.7494,2025-11-18 14:55:50,22668500
2025-W47,BEST,4246,LONG,REVERSAL,1,40.0,196.5,2.3144,3.0502,1.5987,2.7375,2025-11-18 14:57:44,22670250
2025-W47,BEST,4247,SHORT,REVERSAL,2,40.0,193.0,2.3144,3.0502,1.5987,2.7375,2025-11-18 14:58:08,22670460
2025-W47,BEST,4248,LONG,REVERSAL,2,40.0,193.0,-10.3467,-0.8562,0.521,-1.3485,2025-11-18 15:06:49,22678662
2025-W47,BEST,4249,LONG,REVERSAL,1,40.0,196.5,-8.2507,0.8318,1.3242,2.9795,2025-11-18 15:09:01,22680000
2025-W47,BEST,4250,SHORT,REVERSAL,1,40.0,196.5,-8.2507,0.8318,1.3242,2.9795,2025-11-18 15:09:22,22680192
2025-W47,BEST,4251,SHORT,REVERSAL,1,42.0,206.5,-5.0825,0.5912,0.8629,-0.4603,2025-11-18 15:12:02,22682000
2025-W47,BEST,4252,SHORT,REVERSAL,1,41.0,201.5,-6.3925,-0.9176,0.0887,1.2919,2025-11-18 15:14:02,22683421
2025-W47,BEST,4253,LONG,REVERSAL,2,48.0,233.0,-0.59,-1.6436,-0.9271,0.7859,2025-11-18 15:18:53,22688018
2025-W47,BEST,4254,SHORT,REVERSAL,1,40.0,196.5,-4.9652,-1.9788,-0.6908,-0.5053,2025-11-18 15:20:21,22689023
2025-W47,BEST,4255,LONG,REVERSAL,1,42.0,206.5,-4.9652,-1.9788,-0.6908,-0.5053,2025-11-18 15:20:44,22689237
2025-W47,BEST,4256,SHORT,REVERSAL,1,40.0,196.5,-0.2519,1.8229,1.1189,-1.0807,2025-11-18 15:21:11,22689750
2025-W47,BEST,4257,LONG,REVERSAL,1,41.0,201.5,-0.2519,1.8229,1.1189,-1.0807,2025-11-18 15:21:32,22689943
2025-W47,BEST,4258,LONG,HARD_STOP,2,-120.0,-607.0,-1.8761,-0.8461,-0.3201,1.274,2025-11-18 15:23:14,22691000
2025-W47,BEST,4259,SHORT,REVERSAL,1,40.0,196.5,-8.0204,-2.677,-0.8041,2.0442,2025-11-18 15:24:44,22692203
2025-W47,BEST,4260,SHORT,REVERSAL,1,40.0,196.5,-10.9546,-0.5833,0.7455,-1.9792,2025-11-18 15:26:42,22694750
2025-W47,BEST,4261,LONG,HARD_STOP,2,-120.0,-607.0,-10.9546,-0.5833,0.7455,-1.9792,2025-11-18 15:26:50,22694919
2025-W47,BEST,4262,SHORT,REVERSAL,1,40.0,196.5,-2.0247,1.7537,1.2547,-3.1884,2025-11-18 15:29:16,22697750
2025-W47,BEST,4263,LONG,REVERSAL,1,40.0,196.5,-2.0247,1.7537,1.2547,-3.1884,2025-11-18 15:29:22,22697862
2025-W47,BEST,4264,SHORT,REVERSAL,1,40.0,196.5,5.47,2.5339,0.9733,-1.696,2025-11-18 15:30:02,22698775
2025-W47,BEST,4265,LONG,REVERSAL,1,43.0,211.5,4.008,0.5914,-0.046,1.7897,2025-11-18 15:30:24,22699532
2025-W47,BEST,4266,SHORT,HARD_STOP,2,-120.0,-607.0,4.008,0.5914,-0.046,1.7897,2025-11-18 15:30:33,22699633
2025-W47,BEST,4267,SHORT,REVERSAL,2,38.0,183.0,0.7164,2.5635,1.4664,-0.9534,2025-11-18 15:38:00,22705500
2025-W47,BEST,4268,SHORT,REVERSAL,1,43.0,211.5,2.1548,-0.6927,-0.6311,-1.6393,2025-11-18 15:40:29,22707500
2025-W47,BEST,4269,SHORT,REVERSAL,1,41.0,201.5,-0.7654,-1.2161,-0.6531,-1.3835,2025-11-18 15:41:21,22708500
2025-W47,BEST,4270,LONG,REVERSAL,1,40.0,196.5,-0.7654,-1.2161,-0.6531,-1.3835,2025-11-18 15:41:30,22708607
2025-W47,BEST,4271,SHORT,REVERSAL,1,40.0,196.5,-4.9871,-2.3176,-0.8919,-2.6081,2025-11-18 15:45:25,22711500
2025-W47,BEST,4272,LONG,REVERSAL,1,40.0,196.5,-4.9871,-2.3176,-0.8919,-2.6081,2025-11-18 15:45:32,22711633
2025-W47,BEST,4273,LONG,REVERSAL,1,41.0,201.5,-11.3691,-2.3887,-0.2963,1.2222,2025-11-18 15:46:57,22713500
2025-W47,BEST,4274,SHORT,REVERSAL,1,41.0,201.5,-5.9742,1.0914,1.2523,-0.5854,2025-11-18 15:47:52,22714750
2025-W47,BEST,4275,SHORT,REVERSAL,2,40.0,193.0,-5.1856,0.4785,0.8057,1.5054,2025-11-18 15:48:35,22715477
2025-W47,BEST,4276,SHORT,REVERSAL,1,40.0,196.5,0.7431,-0.562,-0.4115,-1.8595,2025-11-19 09:31:05,22895000
2025-W47,BEST,4277,LONG,REVERSAL,1,40.0,196.5,-0.648,0.1403,0.149,2.8399,2025-11-19 09:31:14,22895500
2025-W47,BEST,4278,SHORT,REVERSAL,1,40.0,196.5,-0.648,0.1403,0.149,2.8399,2025-11-19 09:31:17,22895617
2025-W47,BEST,4279,SHORT,HARD_STOP,2,-122.0,-617.0,5.0535,0.5822,-0.156,1.6669,2025-11-19 09:33:44,22902810
2025-W47,BEST,4280,LONG,REVERSAL,1,40.0,196.5,4.8783,-1.3495,-1.2975,1.3999,2025-11-19 09:34:35,22906000
2025-W47,BEST,4281,SHORT,REVERSAL,1,40.0,196.5,12.4459,1.5993,-0.285,-1.2123,2025-11-19 09:35:37,22909031
2025-W47,BEST,4282,LONG,REVERSAL,1,40.0,196.5,12.4459,1.5993,-0.285,-1.2123,2025-11-19 09:35:39,22909110
2025-W47,BEST,4283,SHORT,REVERSAL,1,43.0,211.5,9.3009,-0.1212,-1.0028,-0.6572,2025-11-19 09:36:38,22912000
2025-W47,BEST,4284,LONG,REVERSAL,1,41.0,201.5,9.3009,-0.1212,-1.0028,-0.6572,2025-11-19 09:36:42,22912114
2025-W47,BEST,4285,LONG,REVERSAL,1,40.0,196.5,5.708,-0.4661,-0.8504,0.7415,2025-11-19 09:37:01,22912750
2025-W47,BEST,4286,LONG,REVERSAL,2,39.0,188.0,5.9461,0.3642,-0.3761,0.4715,2025-11-19 09:37:52,22914250
2025-W47,BEST,4287,LONG,REVERSAL,1,40.0,196.5,-5.214,-3.0225,-1.2921,0.1306,2025-11-19 09:38:44,22916121
2025-W47,BEST,4288,SHORT,REVERSAL,2,39.0,188.0,-0.4894,1.9698,1.2308,-1.805,2025-11-19 09:39:40,22918000
2025-W47,BEST,4289,SHORT,HARD_STOP,2,-120.0,-607.0,2.3132,-0.4772,-0.5176,0.4318,2025-11-19 09:40:52,22920026
2025-W47,BEST,4290,SHORT,REVERSAL,1,42.0,206.5,9.0827,1.416,-0.0587,-2.0415,2025-11-19 09:41:31,22921750
2025-W47,BEST,4291,SHORT,REVERSAL,1,40.0,196.5,11.2169,1.8837,0.0085,-1.2209,2025-11-19 09:42:25,22923750
2025-W47,BEST,4292,SHORT,REVERSAL,1,40.0,196.5,8.7785,-0.0889,-0.9312,-1.6653,2025-11-19 09:42:59,22924755
2025-W47,BEST,4293,SHORT,REVERSAL,2,40.0,193.0,10.9299,1.2945,-0.3163,-1.7611,2025-11-19 09:44:24,22928000
2025-W47,BEST,4294,SHORT,REVERSAL,1,41.0,201.5,2.5094,2.4022,1.1904,-1.7255,2025-11-19 09:47:15,22936500
2025-W47,BEST,4295,SHORT,REVERSAL,1,40.0,196.5,5.3422,1.0456,0.0931,-1.1364,2025-11-19 09:49:05,22940000
2025-W47,BEST,4296,LONG,REVERSAL,1,41.0,201.5,-2.091,-0.9986,-0.3901,1.9372,2025-11-19 09:50:26,22943000
2025-W47,BEST,4297,SHORT,REVERSAL,1,41.0,201.5,0.6119,0.3757,0.1642,-2.0314,2025-11-19 09:51:18,22944500
2025-W47,BEST,4298,LONG,REVERSAL,1,41.0,201.5,0.6119,0.3757,0.1642,-2.0314,2025-11-19 09:51:26,22944722
2025-W47,BEST,4299,SHORT,HARD_STOP,2,-120.0,-607.0,8.6524,1.1001,-0.2052,1.975,2025-11-19 09:52:37,22948007
2025-W47,BEST,4300,SHORT,REVERSAL,1,40.0,196.5,10.4509,0.8854,-0.5139,-1.1588,2025-11-19 09:54:54,22953250
2025-W47,BEST,4301,SHORT,HARD_STOP,2,-122.0,-617.0,5.5195,-0.132,-0.6312,0.7205,2025-11-19 09:55:22,22954606
2025-W47,BEST,4302,SHORT,REVERSAL,1,40.0,196.5,5.1164,1.094,0.1448,-0.8985,2025-11-19 10:02:15,22972000
2025-W47,BEST,4303,SHORT,REVERSAL,1,40.0,196.5,7.6395,1.7599,0.292,1.2475,2025-11-19 10:04:03,22976153
2025-W47,BEST,4304,SHORT,REVERSAL,1,41.0,201.5,5.869,1.5945,0.3698,-0.5236,2025-11-19 10:06:18,22980756
2025-W47,BEST,4305,LONG,REVERSAL,2,40.0,193.0,-1.8781,-1.3123,-0.5996,-1.0469,2025-11-19 10:08:56,22985409
2025-W47,BEST,4306,LONG,REVERSAL,2,40.0,193.0,-4.8799,-1.5747,-0.4568,0.7062,2025-11-19 10:10:09,22988000
2025-W47,BEST,4307,LONG,REVERSAL,1,40.0,196.5,-5.7246,0.5129,0.8802,2.3093,2025-11-19 10:10:42,22989750
2025-W47,BEST,4308,SHORT,HARD_STOP,2,-121.0,-612.0,-5.7246,0.5129,0.8802,2.3093,2025-11-19 10:10:49,22989991
2025-W47,BEST,4309,SHORT,REVERSAL,1,41.0,201.5,8.6335,2.4803,0.6249,-0.8701,2025-11-19 10:11:36,22992254
2025-W47,BEST,4310,SHORT,HARD_STOP,2,-120.0,-607.0,3.7055,-0.4562,-0.6443,-1.136,2025-11-19 10:13:24,22995500
2025-W47,BEST,4311,SHORT,REVERSAL,1,40.0,196.5,6.6334,0.236,-0.5218,-1.4965,2025-11-19 10:16:44,23002750
2025-W47,BEST,4312,LONG,REVERSAL,2,40.0,193.0,-2.6391,-0.4772,-0.0224,0.5568,2025-11-19 10:19:45,23008250
2025-W47,BEST,4313,LONG,REVERSAL,1,40.0,196.5,-3.6245,0.4721,0.6457,-1.1805,2025-11-19 10:24:10,23016811
2025-W47,BEST,4314,LONG,REVERSAL,2,40.0,193.0,-1.2768,-2.0618,-1.1094,-1.6721,2025-11-19 10:25:46,23019829
2025-W47,BEST,4315,SHORT,REVERSAL,1,40.0,196.5,2.8816,1.3093,0.4974,-0.8273,2025-11-19 10:27:26,23022750
2025-W47,BEST,4316,LONG,REVERSAL,1,41.0,201.5,-4.0745,-0.5388,0.0841,3.2597,2025-11-19 10:31:03,23028250
2025-W47,BEST,4317,SHORT,REVERSAL,1,40.0,196.5,-4.0745,-0.5388,0.0841,3.2597,2025-11-19 10:31:07,23028379
2025-W47,BEST,4318,SHORT,REVERSAL,1,40.0,196.5,-0.6012,1.2374,0.8025,-1.4343,2025-11-19 10:32:06,23030033
2025-W47,BEST,4319,SHORT,REVERSAL,1,40.0,196.5,0.7363,0.2148,0.0553,-1.4912,2025-11-19 10:33:04,23031250
2025-W47,BEST,4320,LONG,REVERSAL,1,42.0,206.5,-6.5738,-0.6318,0.2783,1.9705,2025-11-19 10:35:33,23034265
2025-W47,BEST,4321,SHORT,REVERSAL,1,41.0,201.5,1.5335,1.5447,0.7735,-1.7612,2025-11-19 10:44:27,23045750
2025-W47,BEST,4322,LONG,REVERSAL,1,40.0,196.5,-3.8695,-1.1737,-0.3173,1.5434,2025-11-19 10:45:33,23047514
2025-W47,BEST,4323,LONG,HARD_STOP,2,-120.0,-607.0,-6.2743,0.2492,0.777,-1.1248,2025-11-19 10:51:19,23057144
2025-W47,BEST,4324,SHORT,REVERSAL,2,39.0,188.0,-6.3455,-0.2694,0.4729,-0.5577,2025-11-19 10:51:59,23058750
2025-W47,BEST,4325,LONG,HARD_STOP,2,-120.0,-607.0,-3.5273,-0.0419,0.3276,-1.7395,2025-11-19 10:52:27,23059746
2025-W47,BEST,4326,LONG,REVERSAL,1,40.0,196.5,-7.2237,-1.5148,-0.1865,1.2537,2025-11-19 10:53:39,23062750
2025-W47,BEST,4327,LONG,REVERSAL,2,40.0,193.0,-7.0329,-1.6412,-0.2814,1.8478,2025-11-19 10:55:19,23066750
2025-W47,BEST,4328,LONG,HARD_STOP,2,-120.0,-607.0,-8.766,-0.6524,0.4852,1.6631,2025-11-19 10:56:35,23070500
2025-W47,BEST,4329,SHORT,REVERSAL,1,40.0,196.5,-5.5376,0.2051,0.6768,-1.1138,2025-11-19 10:58:28,23076000
2025-W47,BEST,4330,LONG,REVERSAL,1,41.0,201.5,2.6032,-0.0248,-0.2752,1.2562,2025-11-19 11:00:36,23082000
2025-W47,BEST,4331,SHORT,REVERSAL,1,40.0,196.5,1.8237,-0.469,-0.4638,-1.8203,2025-11-19 11:00:55,23083000
2025-W47,BEST,4332,LONG,REVERSAL,1,40.0,196.5,1.8237,-0.469,-0.4638,-1.8203,2025-11-19 11:01:00,23083239
2025-W47,BEST,4333,LONG,REVERSAL,1,40.0,196.5,1.8944,-0.028,-0.2062,0.757,2025-11-19 11:02:05,23086006
2025-W47,BEST,4334,LONG,REVERSAL,1,40.0,196.5,-2.2426,-1.1872,-0.488,-1.0157,2025-11-19 11:03:40,23089293
2025-W47,BEST,4335,LONG,HARD_STOP,2,-120.0,-607.0,-0.5231,-0.5607,-0.2841,0.4527,2025-11-19 11:05:31,23092500
2025-W47,BEST,4336,SHORT,REVERSAL,1,40.0,196.5,0.5666,2.1393,1.2269,-0.9723,2025-11-19 11:07:22,23099250
2025-W47,BEST,4337,LONG,REVERSAL,1,42.0,206.5,3.4457,0.7544,0.1081,2.2489,2025-11-19 11:08:09,23101258
2025-W47,BEST,4338,SHORT,REVERSAL,1,40.0,196.5,3.4457,0.7544,0.1081,2.2489,2025-11-19 11:08:15,23101449
2025-W47,BEST,4339,LONG,REVERSAL,1,41.0,201.5,-5.5845,0.2764,0.7243,-0.6316,2025-11-19 11:11:02,23106837
2025-W47,BEST,4340,LONG,REVERSAL,1,40.0,196.5,-5.9806,0.2642,0.7566,0.9965,2025-11-19 11:12:30,23110315
2025-W47,BEST,4341,SHORT,REVERSAL,1,42.0,206.5,-3.5128,-0.3974,0.1128,-2.1507,2025-11-19 11:13:02,23111304
2025-W47,BEST,4342,LONG,REVERSAL,1,40.0,196.5,-3.5128,-0.3974,0.1128,-2.1507,2025-11-19 11:13:12,23111470
2025-W47,BEST,4343,LONG,REVERSAL,1,40.0,196.5,-1.4165,-0.8856,-0.3897,2.5964,2025-11-19 11:17:11,23118750
2025-W47,BEST,4344,SHORT,REVERSAL,2,40.0,193.0,-1.4165,-0.8856,-0.3897,2.5964,2025-11-19 11:17:19,23118984
2025-W47,BEST,4345,SHORT,REVERSAL,1,40.0,196.5,7.7385,1.5482,0.1551,0.8004,2025-11-19 11:21:49,23125893
2025-W47,BEST,4346,LONG,REVERSAL,2,42.0,203.0,-14.0032,-1.5442,0.4738,1.6361,2025-11-19 11:25:08,23131759
2025-W47,BEST,4347,SHORT,HARD_STOP,2,-123.0,-622.0,-7.6024,0.5333,1.0802,-0.6333,2025-11-19 11:26:28,23134500
2025-W47,BEST,4348,LONG,REVERSAL,2,42.0,203.0,-0.3686,-0.7539,-0.4155,-0.4365,2025-11-19 11:32:22,23142000
2025-W47,BEST,4349,LONG,REVERSAL,1,40.0,196.5,-2.4774,-0.816,-0.2419,1.2665,2025-11-19 11:33:02,23142750
2025-W47,BEST,4350,SHORT,REVERSAL,1,41.0,201.5,-2.4774,-0.816,-0.2419,1.2665,2025-11-19 11:33:12,23142930
2025-W47,BEST,4351,LONG,HARD_STOP,2,-120.0,-607.0,-8.0771,-1.4919,-0.0874,-0.3145,2025-11-19 11:36:04,23146962
2025-W47,BEST,4352,SHORT,REVERSAL,1,40.0,196.5,-3.2984,1.2023,1.0512,-1.4256,2025-11-19 11:37:16,23149750
2025-W47,BEST,4353,LONG,REVERSAL,1,40.0,196.5,-3.2984,1.2023,1.0512,-1.4256,2025-11-19 11:37:20,23149856
2025-W47,BEST,4354,SHORT,REVERSAL,1,41.0,201.5,0.1485,-0.7442,-0.4614,-2.9389,2025-11-19 11:38:43,23151500
2025-W47,BEST,4355,LONG,REVERSAL,1,41.0,201.5,0.1485,-0.7442,-0.4614,-2.9389,2025-11-19 11:38:46,23151588
2025-W47,BEST,4356,LONG,REVERSAL,2,40.0,193.0,-3.6873,-1.3755,-0.4566,-1.4061,2025-11-19 11:40:40,23153831
2025-W47,BEST,4357,SHORT,REVERSAL,1,40.0,196.5,4.8763,2.9967,1.3104,2.0633,2025-11-19 11:42:49,23156618
2025-W47,BEST,4358,LONG,REVERSAL,2,38.0,183.0,1.4455,-2.1856,-1.4559,-0.8286,2025-11-19 11:45:00,23159282
2025-W47,BEST,4359,SHORT,REVERSAL,1,43.0,211.5,2.0538,1.3515,0.6055,-2.2754,2025-11-19 11:46:14,23161000
2025-W47,BEST,4360,LONG,REVERSAL,1,45.0,221.5,2.0538,1.3515,0.6055,-2.2754,2025-11-19 11:46:17,23161078
2025-W47,BEST,4361,LONG,REVERSAL,1,40.0,196.5,-8.7142,-1.2671,0.1111,2.8793,2025-11-19 11:49:19,23164750
2025-W47,BEST,4362,SHORT,REVERSAL,2,40.0,193.0,-8.7142,-1.2671,0.1111,2.8793,2025-11-19 11:49:23,23164850
2025-W47,BEST,4363,SHORT,REVERSAL,1,40.0,196.5,-6.5157,-0.2748,0.4867,-1.2438,2025-11-19 11:50:00,23165510
2025-W47,BEST,4364,SHORT,REVERSAL,2,40.0,193.0,-6.2518,-0.0259,0.6097,1.694,2025-11-19 11:50:37,23166092
2025-W47,BEST,4365,SHORT,REVERSAL,2,40.0,193.0,1.3658,2.0088,1.0687,-1.0647,2025-11-19 11:53:03,23168250
2025-W47,BEST,4366,SHORT,REVERSAL,1,41.0,201.5,4.2207,0.6488,-0.0328,2.1503,2025-11-19 11:54:29,23169885
2025-W47,BEST,4367,SHORT,REVERSAL,1,40.0,196.5,6.6931,2.1914,0.6455,-0.8603,2025-11-19 11:57:38,23172750
2025-W47,BEST,4368,LONG,REVERSAL,1,41.0,201.5,-19.4055,-1.7182,0.9096,2.5546,2025-11-19 12:04:32,23182250
2025-W47,BEST,4369,SHORT,REVERSAL,1,40.0,196.5,-19.4055,-1.7182,0.9096,2.5546,2025-11-19 12:04:36,23182367
2025-W47,BEST,4370,LONG,REVERSAL,1,40.0,196.5,-1.1673,-0.9844,-0.4739,1.8711,2025-11-19 12:08:36,23188000
2025-W47,BEST,4371,SHORT,REVERSAL,1,42.0,206.5,-0.7988,-1.48,-0.8081,-3.4425,2025-11-19 12:09:08,23188500
2025-W47,BEST,4372,LONG,REVERSAL,1,40.0,196.5,-4.2662,-2.0474,-0.8018,-0.1756,2025-11-19 12:10:21,23189532
2025-W47,BEST,4373,LONG,REVERSAL,1,40.0,196.5,-3.2122,-0.3487,0.112,1.0872,2025-11-19 12:12:26,23191500
2025-W47,BEST,4374,SHORT,REVERSAL,1,40.0,196.5,-3.2122,-0.3487,0.112,1.0872,2025-11-19 12:12:36,23191696
2025-W47,BEST,4375,LONG,REVERSAL,1,41.0,201.5,-5.4553,0.3633,0.7635,3.0967,2025-11-19 12:14:16,23193500
2025-W47,BEST,4376,SHORT,REVERSAL,2,48.0,233.0,-5.4553,0.3633,0.7635,3.0967,2025-11-19 12:14:28,23193658
2025-W47,BEST,4377,LONG,REVERSAL,1,42.0,206.5,-1.1758,1.0744,0.7622,2.0439,2025-11-19 12:16:30,23195573
2025-W47,BEST,4378,SHORT,REVERSAL,2,39.0,188.0,-1.1758,1.0744,0.7622,2.0439,2025-11-19 12:16:43,23195711
2025-W47,BEST,4379,SHORT,REVERSAL,1,42.0,206.5,3.6674,0.8755,0.1586,-0.4689,2025-11-19 12:18:48,23197753
2025-W47,BEST,4380,LONG,REVERSAL,1,41.0,201.5,3.6674,0.8755,0.1586,-0.4689,2025-11-19 12:19:03,23197890
2025-W47,BEST,4381,LONG,REVERSAL,1,42.0,206.5,-0.7332,-0.8198,-0.4185,2.3299,2025-11-19 12:20:12,23198750
2025-W47,BEST,4382,LONG,REVERSAL,2,43.0,208.0,0.1993,-0.1522,-0.1113,0.9131,2025-11-19 12:22:07,23200500
2025-W47,BEST,4383,LONG,REVERSAL,1,42.0,206.5,0.5756,-0.0512,-0.0883,3.0753,2025-11-19 12:23:57,23202500
2025-W47,BEST,4384,SHORT,REVERSAL,1,47.0,231.5,0.5756,-0.0512,-0.0883,3.0753,2025-11-19 12:24:01,23202597
2025-W47,BEST,4385,SHORT,REVERSAL,2,42.0,203.0,4.4726,2.4507,1.0232,-1.6127,2025-11-19 12:28:33,23208754
2025-W47,BEST,4386,LONG,REVERSAL,1,40.0,196.5,6.7264,-0.0924,-0.7281,0.8356,2025-11-19 12:29:26,23210263
2025-W47,BEST,4387,SHORT,REVERSAL,1,40.0,196.5,1.2576,-0.407,-0.37,-0.0857,2025-11-19 12:30:58,23211750
2025-W47,BEST,4388,LONG,REVERSAL,1,40.0,196.5,-14.7688,-2.6377,-0.1058,0.9094,2025-11-19 12:37:38,23222250
2025-W47,BEST,4389,SHORT,REVERSAL,1,40.0,196.5,-8.4151,-0.0175,0.831,-1.8706,2025-11-19 12:38:19,23223527
2025-W47,BEST,4390,LONG,REVERSAL,1,41.0,201.5,-7.5658,-1.1684,0.0555,0.4171,2025-11-19 12:39:14,23224753
2025-W47,BEST,4391,SHORT,REVERSAL,1,40.0,196.5,-1.8053,1.7506,1.2309,-0.8752,2025-11-19 12:40:38,23226250
2025-W47,BEST,4392,SHORT,REVERSAL,1,40.0,196.5,16.9135,0.0198,-1.6795,0.745,2025-11-19 12:43:51,23232997
2025-W47,BEST,4393,LONG,REVERSAL,1,41.0,201.5,6.9519,0.8646,-0.1764,2.7839,2025-11-19 12:44:56,23234500
2025-W47,BEST,4394,SHORT,REVERSAL,1,40.0,196.5,6.9519,0.8646,-0.1764,2.7839,2025-11-19 12:45:03,23234687
2025-W47,BEST,4395,SHORT,REVERSAL,1,40.0,196.5,-4.3124,0.7384,0.8743,-2.3096,2025-11-19 12:46:09,23237250
2025-W47,BEST,4396,LONG,REVERSAL,2,42.0,203.0,-4.3124,0.7384,0.8743,-2.3096,2025-11-19 12:46:13,23237376
2025-W47,BEST,4397,SHORT,REVERSAL,2,39.0,188.0,-2.8978,1.5026,1.1913,1.8119,2025-11-19 12:46:37,23237763
2025-W47,BEST,4398,SHORT,REVERSAL,1,42.0,206.5,2.9903,2.3443,1.1075,-1.9611,2025-11-19 12:47:48,23238750
2025-W47,BEST,4399,LONG,REVERSAL,1,42.0,206.5,0.0589,-0.1754,-0.1111,2.3563,2025-11-19 12:48:56,23239750
2025-W47,BEST,4400,SHORT,REVERSAL,1,41.0,201.5,0.0589,-0.1754,-0.1111,2.3563,2025-11-19 12:49:01,23239813
2025-W47,BEST,4401,SHORT,REVERSAL,1,40.0,196.5,4.3504,2.1592,0.8605,-0.7273,2025-11-19 12:51:07,23241750
2025-W47,BEST,4402,LONG,REVERSAL,1,40.0,196.5,4.3504,2.1592,0.8605,-0.7273,2025-11-19 12:51:10,23241821
2025-W47,BEST,4403,LONG,REVERSAL,1,40.0,196.5,6.4801,1.7735,0.4161,-0.3184,2025-11-19 12:51:23,23242500
2025-W47,BEST,4404,SHORT,REVERSAL,1,40.0,196.5,11.0185,1.8621,0.0154,-1.403,2025-11-19 12:53:12,23244500
2025-W47,BEST,4405,SHORT,REVERSAL,1,40.0,196.5,7.8963,0.8175,-0.2991,2.1081,2025-11-19 12:54:10,23245535
2025-W47,BEST,4406,SHORT,REVERSAL,1,40.0,196.5,5.9873,0.3896,-0.365,-2.2849,2025-11-19 12:55:20,23246750
2025-W47,BEST,4407,LONG,REVERSAL,1,40.0,196.5,3.628,-0.6363,-0.7446,0.7841,2025-11-19 12:56:48,23248332
2025-W47,BEST,4408,LONG,HARD_STOP,2,-120.0,-607.0,2.7291,-1.6673,-1.2733,-2.9582,2025-11-19 12:57:27,23248797
2025-W47,BEST,4409,SHORT,REVERSAL,1,40.0,196.5,0.452,0.4068,0.1989,-2.1017,2025-11-19 13:01:00,23251750
2025-W47,BEST,4410,LONG,REVERSAL,1,40.0,196.5,0.452,0.4068,0.1989,-2.1017,2025-11-19 13:01:16,23251968
2025-W47,BEST,4411,SHORT,REVERSAL,1,41.0,201.5,6.8834,0.736,-0.2467,-2.4965,2025-11-19 13:05:03,23254750
2025-W47,BEST,4412,LONG,REVERSAL,2,42.0,203.0,6.8834,0.736,-0.2467,-2.4965,2025-11-19 13:05:10,23254859
2025-W47,BEST,4413,SHORT,REVERSAL,1,40.0,196.5,1.8487,2.4229,1.2689,-0.1057,2025-11-19 13:09:37,23259534
2025-W47,BEST,4414,LONG,REVERSAL,1,40.0,196.5,8.1038,0.4708,-0.5279,2.2573,2025-11-19 13:12:12,23262501
2025-W47,BEST,4415,SHORT,HARD_STOP,2,-120.0,-607.0,8.1038,0.4708,-0.5279,2.2573,2025-11-19 13:12:17,23262588
2025-W47,BEST,4416,LONG,REVERSAL,1,41.0,201.5,4.628,-0.8491,-0.9723,1.8373,2025-11-19 13:14:19,23264250
2025-W47,BEST,4417,LONG,REVERSAL,1,40.0,196.5,-1.5491,-2.2574,-1.1996,1.5644,2025-11-19 13:15:52,23265500
2025-W47,BEST,4418,SHORT,REVERSAL,1,40.0,196.5,-1.5491,-2.2574,-1.1996,1.5644,2025-11-19 13:16:02,23265637
2025-W47,BEST,4419,SHORT,REVERSAL,1,40.0,196.5,-5.855,-2.0793,-0.6621,-1.7302,2025-11-19 13:17:34,23267003
2025-W47,BEST,4420,LONG,REVERSAL,2,40.0,193.0,-5.855,-2.0793,-0.6621,-1.7302,2025-11-19 13:17:52,23267102
2025-W47,BEST,4421,SHORT,REVERSAL,1,40.0,196.5,-7.6947,-1.3966,-0.0685,1.4741,2025-11-19 13:18:39,23267910
2025-W47,BEST,4422,SHORT,HARD_STOP,2,-121.0,-612.0,-3.1116,2.1201,1.5832,0.595,2025-11-19 13:20:48,23270015
2025-W47,BEST,4423,LONG,REVERSAL,1,40.0,196.5,1.2544,-0.0501,-0.1555,1.2625,2025-11-19 13:26:20,23273500
2025-W47,BEST,4424,SHORT,REVERSAL,1,40.0,196.5,1.2544,-0.0501,-0.1555,1.2625,2025-11-19 13:26:29,23273577
2025-W47,BEST,4425,LONG,REVERSAL,1,40.0,196.5,-1.6938,-0.3808,-0.0591,0.6577,2025-11-19 13:33:00,23279750
2025-W47,BEST,4426,SHORT,HARD_STOP,2,-120.0,-607.0,7.5773,2.4867,0.7343,-1.4342,2025-11-19 13:35:57,23282000
2025-W47,BEST,4427,LONG,REVERSAL,1,40.0,196.5,2.7242,-1.7301,-1.3105,2.5575,2025-11-19 13:39:32,23287500
2025-W47,BEST,4428,SHORT,REVERSAL,1,41.0,201.5,1.5234,-2.1673,-1.4527,-3.0832,2025-11-19 13:40:01,23288000
2025-W47,BEST,4429,LONG,REVERSAL,2,42.0,203.0,1.5234,-2.1673,-1.4527,-3.0832,2025-11-19 13:40:16,23288193
2025-W47,BEST,4430,LONG,REVERSAL,1,40.0,196.5,-11.6732,-1.3562,0.3536,1.8391,2025-11-19 13:45:35,23292750
2025-W47,BEST,4431,LONG,REVERSAL,1,40.0,196.5,-10.2693,-1.1751,0.3219,2.2938,2025-11-19 13:49:11,23295000
2025-W47,BEST,4432,SHORT,REVERSAL,1,40.0,196.5,-10.2693,-1.1751,0.3219,2.2938,2025-11-19 13:49:33,23295246
2025-W47,BEST,4433,SHORT,REVERSAL,2,40.0,193.0,7.9749,3.2658,1.162,-2.129,2025-11-19 13:52:13,23297750
2025-W47,BEST,4434,SHORT,REVERSAL,1,40.0,196.5,14.2929,1.6076,-0.4647,0.3481,2025-11-19 13:58:06,23302057
2025-W47,BEST,4435,SHORT,REVERSAL,1,41.0,201.5,-3.8777,-0.8136,-0.1004,-0.4216,2025-11-19 14:00:53,23305314
2025-W47,BEST,4436,SHORT,REVERSAL,1,40.0,196.5,-2.7082,-0.7707,-0.1916,-2.6198,2025-11-19 14:01:27,23305750
2025-W47,BEST,4437,LONG,REVERSAL,1,40.0,196.5,-2.7082,-0.7707,-0.1916,-2.6198,2025-11-19 14:01:41,23305883
2025-W47,BEST,4438,LONG,REVERSAL,1,40.0,196.5,-4.2268,-1.2278,-0.314,1.307,2025-11-19 14:03:50,23307752
2025-W47,BEST,4439,SHORT,REVERSAL,1,41.0,201.5,-4.2268,-1.2278,-0.314,1.307,2025-11-19 14:04:00,23307878
2025-W47,BEST,4440,LONG,REVERSAL,1,40.0,196.5,-4.4708,0.4898,0.741,1.3775,2025-11-19 14:08:00,23312250
2025-W47,BEST,4441,LONG,REVERSAL,2,40.0,193.0,-0.1364,-1.5053,-0.8895,1.0013,2025-11-19 14:10:13,23314500
2025-W47,BEST,4442,SHORT,HARD_STOP,2,-123.0,-622.0,-2.1487,-0.6834,-0.1951,2.6708,2025-11-19 14:11:00,23315159
2025-W47,BEST,4443,LONG,REVERSAL,1,40.0,196.5,-11.7769,-1.2221,0.4444,-2.132,2025-11-19 14:28:31,23327298
2025-W47,BEST,4444,LONG,REVERSAL,1,40.0,196.5,-2.8978,-0.0855,0.2385,2.7089,2025-11-19 14:32:03,23330250
2025-W47,BEST,4445,SHORT,REVERSAL,1,40.0,196.5,-2.8978,-0.0855,0.2385,2.7089,2025-11-19 14:32:17,23330402
2025-W47,BEST,4446,LONG,REVERSAL,2,40.0,193.0,-4.1211,-0.8914,-0.1227,-1.3397,2025-11-19 14:38:48,23335031
2025-W47,BEST,4447,SHORT,REVERSAL,1,40.0,196.5,-3.9923,-0.0105,0.3929,-0.4974,2025-11-19 14:40:37,23336279
2025-W47,BEST,4448,SHORT,REVERSAL,1,40.0,196.5,4.7513,1.5142,0.4334,-1.6911,2025-11-19 14:45:25,23339500
2025-W47,BEST,4449,LONG,REVERSAL,2,40.0,193.0,4.7513,1.5142,0.4334,-1.6911,2025-11-19 14:45:32,23339612
2025-W47,BEST,4450,SHORT,HARD_STOP,2,-120.0,-607.0,18.6871,3.2707,0.0937,-1.1302,2025-11-19 14:54:41,23346620
2025-W47,BEST,4451,SHORT,REVERSAL,1,40.0,196.5,17.4663,0.9334,-1.1866,-1.3584,2025-11-19 14:56:00,23348250
2025-W47,BEST,4452,SHORT,REVERSAL,1,40.0,196.5,9.9842,-1.3738,-1.8227,-2.6565,2025-11-19 14:57:01,23349500
2025-W47,BEST,4453,LONG,HARD_STOP,2,-123.0,-622.0,9.9842,-1.3738,-1.8227,-2.6565,2025-11-19 14:57:11,23349626
2025-W47,BEST,4454,SHORT,HARD_STOP,2,-120.0,-607.0,-1.2058,-0.8049,-0.3624,1.7637,2025-11-19 15:02:43,23354806
2025-W47,BEST,4455,SHORT,REVERSAL,1,40.0,196.5,9.1022,1.8966,0.2277,-1.7241,2025-11-19 15:12:03,23359750
2025-W47,BEST,4456,SHORT,REVERSAL,1,43.0,211.5,15.0916,2.35,-0.0992,-1.5875,2025-11-19 15:16:58,23364250
2025-W47,BEST,4457,SHORT,REVERSAL,1,40.0,196.5,5.6234,1.1,0.0977,-0.525,2025-11-19 15:22:33,23373250
2025-W47,BEST,4458,LONG,REVERSAL,2,40.0,193.0,-7.8167,-2.6794,-0.8259,2.0448,2025-11-19 15:23:39,23375500
2025-W47,BEST,4459,LONG,REVERSAL,1,40.0,196.5,-7.5105,-0.5082,0.4461,1.3146,2025-11-19 15:25:48,23378500
2025-W47,BEST,4460,SHORT,REVERSAL,1,40.0,196.5,3.0721,1.831,0.7914,0.2297,2025-11-19 15:28:36,23381061
2025-W47,BEST,4461,SHORT,REVERSAL,2,40.0,193.0,-1.236,-0.2601,-0.0325,-0.935,2025-11-19 15:32:46,23385250
2025-W47,BEST,4462,SHORT,REVERSAL,1,40.0,196.5,5.98,2.086,0.6536,-0.334,2025-11-19 15:36:42,23388476
2025-W47,BEST,4463,SHORT,REVERSAL,1,40.0,196.5,14.1355,2.5048,0.0893,-1.1887,2025-11-19 15:38:19,23391000
2025-W47,BEST,4464,LONG,HARD_STOP,2,-121.0,-612.0,-4.9992,-0.3741,0.2755,-2.7815,2025-11-19 15:45:02,23398667
2025-W47,BEST,4465,LONG,REVERSAL,1,42.0,206.5,-13.7836,-2.8526,-0.3332,2.0256,2025-11-19 15:46:10,23400500
2025-W47,BEST,4466,LONG,REVERSAL,1,40.0,196.5,-8.9049,0.1515,0.9814,1.6496,2025-11-19 15:47:19,23402000
2025-W47,BEST,4467,LONG,REVERSAL,1,40.0,196.5,-5.9253,-2.5658,-0.947,1.7665,2025-11-20 09:30:21,23607000
2025-W47,BEST,4468,SHORT,REVERSAL,1,40.0,196.5,-5.9253,-2.5658,-0.947,1.7665,2025-11-20 09:30:23,23607198
2025-W47,BEST,4469,LONG,HARD_STOP,2,-120.0,-607.0,-10.0824,-2.6438,-0.578,1.0359,2025-11-20 09:30:34,23608000
2025-W47,BEST,4470,SHORT,REVERSAL,1,42.0,206.5,-3.7684,1.834,1.4772,-3.8335,2025-11-20 09:31:03,23610750
2025-W47,BEST,4471,SHORT,REVERSAL,2,39.0,188.0,2.4403,0.6474,0.1444,-0.3493,2025-11-20 09:31:59,23613524
2025-W47,BEST,4472,SHORT,REVERSAL,1,43.0,211.5,-2.7756,1.3054,1.0608,-1.5764,2025-11-20 09:32:59,23616500
2025-W47,BEST,4473,LONG,HARD_STOP,2,-120.0,-607.0,-2.7756,1.3054,1.0608,-1.5764,2025-11-20 09:33:04,23616648
2025-W47,BEST,4474,LONG,REVERSAL,1,40.0,196.5,-9.1972,-2.2828,-0.45,1.6957,2025-11-20 09:33:50,23618250
2025-W47,BEST,4475,SHORT,REVERSAL,1,42.0,206.5,4.015,1.4897,0.4923,-2.2474,2025-11-20 09:34:48,23620750
2025-W47,BEST,4476,LONG,REVERSAL,1,40.0,196.5,4.015,1.4897,0.4923,-2.2474,2025-11-20 09:34:53,23620909
2025-W47,BEST,4477,SHORT,REVERSAL,1,40.0,196.5,11.292,2.0432,0.0967,-2.5108,2025-11-20 09:35:22,23622250
2025-W47,BEST,4478,LONG,HARD_STOP,2,-120.0,-607.0,11.292,2.0432,0.0967,-2.5108,2025-11-20 09:35:26,23622444
2025-W47,BEST,4479,SHORT,REVERSAL,1,40.0,196.5,4.1768,2.2687,0.9436,-3.5672,2025-11-20 09:37:12,23626750
2025-W47,BEST,4480,LONG,REVERSAL,1,41.0,201.5,-1.2458,0.2608,0.281,3.6223,2025-11-20 09:39:34,23630500
2025-W47,BEST,4481,SHORT,HARD_STOP,2,-124.0,-627.0,-1.2458,0.2608,0.281,3.6223,2025-11-20 09:39:39,23630617
2025-W47,BEST,4482,LONG,REVERSAL,1,40.0,196.5,-14.6386,-2.9368,-0.2982,2.6717,2025-11-20 09:41:43,23635750
2025-W47,BEST,4483,SHORT,REVERSAL,1,41.0,201.5,-6.0219,0.8448,1.1091,-2.5862,2025-11-20 09:42:17,23637250
2025-W47,BEST,4484,LONG,REVERSAL,1,43.0,211.5,-6.0219,0.8448,1.1091,-2.5862,2025-11-20 09:42:27,23637498
2025-W47,BEST,4485,SHORT,REVERSAL,1,40.0,196.5,14.4734,3.0944,0.4093,-1.0861,2025-11-20 09:43:48,23640934
2025-W47,BEST,4486,SHORT,REVERSAL,1,40.0,196.5,4.0639,-1.1944,-1.123,-1.5139,2025-11-20 09:45:02,23643250
2025-W47,BEST,4487,LONG,HARD_STOP,2,-123.0,-622.0,4.0639,-1.1944,-1.123,-1.5139,2025-11-20 09:45:05,23643460
2025-W47,BEST,4488,SHORT,REVERSAL,1,40.0,196.5,-5.3241,-0.5338,0.2121,-2.1165,2025-11-20 09:45:57,23646000
2025-W47,BEST,4489,LONG,REVERSAL,1,40.0,196.5,-5.3241,-0.5338,0.2121,-2.1165,2025-11-20 09:46:02,23646201
2025-W47,BEST,4490,LONG,REVERSAL,1,40.0,196.5,-0.9182,1.5131,0.9997,3.2467,2025-11-20 09:46:47,23647500
2025-W47,BEST,4491,SHORT,HARD_STOP,2,-120.0,-607.0,-0.9182,1.5131,0.9997,3.2467,2025-11-20 09:46:52,23647658
2025-W47,BEST,4492,SHORT,REVERSAL,1,40.0,196.5,15.6243,2.4567,-0.0884,-1.3642,2025-11-20 09:48:01,23651253
2025-W47,BEST,4493,SHORT,REVERSAL,1,40.0,196.5,12.4294,0.6738,-0.8387,0.5815,2025-11-20 09:48:19,23652040
2025-W47,BEST,4494,LONG,HARD_STOP,2,-120.0,-607.0,0.7426,-1.275,-0.8393,1.5688,2025-11-20 09:49:22,23653750
2025-W47,BEST,4495,LONG,REVERSAL,1,41.0,201.5,-7.3858,-1.9991,-0.4609,2.6248,2025-11-20 09:49:53,23655021
2025-W47,BEST,4496,SHORT,HARD_STOP,2,-120.0,-607.0,-7.3858,-1.9991,-0.4609,2.6248,2025-11-20 09:49:55,23655205
2025-W47,BEST,4497,SHORT,REVERSAL,1,41.0,201.5,0.5733,1.7245,0.9774,-1.5561,2025-11-20 09:50:16,23656500
2025-W47,BEST,4498,LONG,REVERSAL,1,40.0,196.5,-0.3364,0.2369,0.1758,2.2533,2025-11-20 09:50:36,23657250
2025-W47,BEST,4499,SHORT,REVERSAL,1,41.0,201.5,4.6536,2.5699,1.0766,-0.2675,2025-11-20 09:51:49,23659690
2025-W47,BEST,4500,LONG,REVERSAL,2,40.0,193.0,0.4012,-1.2378,-0.7828,0.7469,2025-11-20 09:52:24,23661000
2025-W47,BEST,4501,SHORT,REVERSAL,1,40.0,196.5,2.1335,0.5352,0.1078,-1.8213,2025-11-20 09:53:24,23663512
2025-W47,BEST,4502,LONG,REVERSAL,1,40.0,196.5,2.1335,0.5352,0.1078,-1.8213,2025-11-20 09:53:30,23663656
2025-W47,BEST,4503,SHORT,REVERSAL,1,41.0,201.5,4.7549,0.8972,0.0628,-2.2868,2025-11-20 09:54:01,23664500
2025-W47,BEST,4504,LONG,REVERSAL,2,46.0,223.0,4.7549,0.8972,0.0628,-2.2868,2025-11-20 09:54:10,23664717
2025-W47,BEST,4505,LONG,REVERSAL,1,40.0,196.5,5.4475,1.794,0.5317,2.364,2025-11-20 09:55:53,23667500
2025-W47,BEST,4506,SHORT,HARD_STOP,2,-120.0,-607.0,5.4475,1.794,0.5317,2.364,2025-11-20 09:56:01,23667746
2025-W47,BEST,4507,SHORT,REVERSAL,1,40.0,196.5,9.9802,0.9878,-0.4053,-1.872,2025-11-20 09:56:38,23670000
2025-W47,BEST,4508,SHORT,HARD_STOP,2,-123.0,-622.0,-0.0779,0.0295,0.0255,1.4926,2025-11-20 09:59:45,23675624
2025-W47,BEST,4509,SHORT,REVERSAL,1,40.0,196.5,6.4039,0.639,-0.257,-0.5347,2025-11-20 10:00:24,23677567
2025-W47,BEST,4510,SHORT,REVERSAL,1,41.0,201.5,3.808,0.6681,0.0201,-0.917,2025-11-20 10:01:46,23680000
2025-W47,BEST,4511,SHORT,REVERSAL,1,40.0,196.5,-1.7551,0.9632,0.7534,-1.8033,2025-11-20 10:03:50,23684250
2025-W47,BEST,4512,LONG,REVERSAL,1,46.0,226.5,-8.2685,-1.3755,0.0016,5.2814,2025-11-20 10:05:28,23687500
2025-W47,BEST,4513,SHORT,REVERSAL,1,40.0,196.5,-8.2685,-1.3755,0.0016,5.2814,2025-11-20 10:05:29,23687654
2025-W47,BEST,4514,SHORT,REVERSAL,1,40.0,196.5,-11.6157,-2.4501,-0.3085,-1.3875,2025-11-20 10:05:59,23689000
2025-W47,BEST,4515,LONG,REVERSAL,1,40.0,196.5,-11.6157,-2.4501,-0.3085,-1.3875,2025-11-20 10:06:02,23689143
2025-W47,BEST,4516,LONG,REVERSAL,2,41.0,198.0,-13.6786,-1.8625,0.2504,-1.7219,2025-11-20 10:07:00,23691673
2025-W47,BEST,4517,LONG,REVERSAL,1,41.0,201.5,-10.0877,-0.8433,0.5028,2.0858,2025-11-20 10:08:17,23694500
2025-W47,BEST,4518,SHORT,REVERSAL,1,40.0,196.5,-4.8263,-0.6395,0.0989,-1.4651,2025-11-20 10:09:17,23696750
2025-W47,BEST,4519,LONG,REVERSAL,1,40.0,196.5,0.6815,-0.9843,-0.6588,0.1211,2025-11-20 10:11:00,23700000
2025-W47,BEST,4520,LONG,REVERSAL,1,40.0,196.5,-9.5137,-1.2894,0.1777,3.4474,2025-11-20 10:14:32,23705750
2025-W47,BEST,4521,SHORT,REVERSAL,2,40.0,193.0,-9.5137,-1.2894,0.1777,3.4474,2025-11-20 10:14:35,23705991
2025-W47,BEST,4522,SHORT,REVERSAL,2,40.0,193.0,-6.3724,0.002,0.6384,1.6245,2025-11-20 10:15:05,23707159
2025-W47,BEST,4523,LONG,REVERSAL,1,41.0,201.5,-5.923,-1.3286,-0.2048,1.2071,2025-11-20 10:16:31,23709500
2025-W47,BEST,4524,SHORT,REVERSAL,1,40.0,196.5,5.6925,-1.4248,-1.4241,-1.6438,2025-11-20 10:20:01,23715500
2025-W47,BEST,4525,SHORT,REVERSAL,1,41.0,201.5,-0.8385,-2.7888,-1.5894,-0.6778,2025-11-20 10:21:33,23717594
2025-W47,BEST,4526,SHORT,REVERSAL,1,40.0,196.5,11.2948,1.2303,-0.3913,-1.1201,2025-11-20 10:24:26,23721750
2025-W47,BEST,4527,SHORT,REVERSAL,1,40.0,196.5,2.8277,0.2407,-0.1384,-1.3102,2025-11-20 10:25:46,23724000
2025-W47,BEST,4528,LONG,REVERSAL,1,40.0,196.5,2.8277,0.2407,-0.1384,-1.3102,2025-11-20 10:25:48,23724071
2025-W47,BEST,4529,LONG,REVERSAL,1,40.0,196.5,2.0647,0.644,0.1799,1.9015,2025-11-20 10:26:14,23724500
2025-W47,BEST,4530,SHORT,REVERSAL,2,41.0,198.0,2.0647,0.644,0.1799,1.9015,2025-11-20 10:26:26,23724730
2025-W47,BEST,4531,LONG,REVERSAL,1,44.0,216.5,1.1263,-0.4267,-0.3687,0.9817,2025-11-20 10:28:17,23727501
2025-W47,BEST,4532,SHORT,REVERSAL,1,40.0,196.5,1.1263,-0.4267,-0.3687,0.9817,2025-11-20 10:28:25,23727610
2025-W47,BEST,4533,SHORT,REVERSAL,1,40.0,196.5,4.6616,1.7352,0.575,-0.9963,2025-11-20 10:29:13,23728500
2025-W47,BEST,4534,SHORT,REVERSAL,2,40.0,193.0,4.1618,0.8505,0.0941,1.1624,2025-11-20 10:29:55,23729155
2025-W47,BEST,4535,LONG,REVERSAL,1,40.0,196.5,4.6371,1.0011,0.1369,1.9372,2025-11-20 10:31:09,23731012
2025-W47,BEST,4536,SHORT,REVERSAL,2,40.0,193.0,4.6371,1.0011,0.1369,1.9372,2025-11-20 10:31:20,23731229
2025-W47,BEST,4537,SHORT,HARD_STOP,2,-120.0,-607.0,-1.917,0.1867,0.3037,-1.4217,2025-11-20 10:34:37,23735750
2025-W47,BEST,4538,SHORT,REVERSAL,1,40.0,196.5,10.3715,0.5113,-0.7304,-1.3153,2025-11-20 10:38:00,23741250
2025-W47,BEST,4539,LONG,REVERSAL,1,40.0,196.5,2.1837,-0.9653,-0.7976,2.6788,2025-11-20 10:38:47,23742500
2025-W47,BEST,4540,SHORT,REVERSAL,1,40.0,196.5,-1.6327,0.8682,0.6842,0.033,2025-11-20 10:42:16,23747000
2025-W47,BEST,4541,SHORT,HARD_STOP,2,-121.0,-612.0,-1.6663,0.6056,0.53,1.9111,2025-11-20 10:42:46,23747546
2025-W47,BEST,4542,LONG,REVERSAL,1,40.0,196.5,-6.7046,-1.0719,0.0273,1.2055,2025-11-20 10:46:52,23753515
2025-W47,BEST,4543,LONG,HARD_STOP,2,-120.0,-607.0,-5.8639,-0.676,0.1808,-0.7685,2025-11-20 10:47:16,23754205
2025-W47,BEST,4544,SHORT,REVERSAL,1,40.0,196.5,-9.1295,-0.7383,0.47,-1.3779,2025-11-20 10:49:22,23758500
2025-W47,BEST,4545,LONG,REVERSAL,1,40.0,196.5,-9.2689,-1.4236,0.0727,0.9184,2025-11-20 10:50:00,23759500
2025-W47,BEST,4546,LONG,REVERSAL,1,41.0,201.5,-5.6944,-0.2972,0.3911,1.6368,2025-11-20 10:51:14,23762000
2025-W47,BEST,4547,SHORT,REVERSAL,1,40.0,196.5,-5.6944,-0.2972,0.3911,1.6368,2025-11-20 10:51:23,23762204
2025-W47,BEST,4548,LONG,HARD_STOP,2,-120.0,-607.0,-8.8571,-1.7713,-0.1771,0.8178,2025-11-20 10:55:03,23768000
2025-W47,BEST,4549,SHORT,REVERSAL,1,40.0,196.5,-7.3614,-1.3648,-0.0827,-1.6588,2025-11-20 10:56:50,23772750
2025-W47,BEST,4550,LONG,REVERSAL,1,41.0,201.5,-7.3614,-1.3648,-0.0827,-1.6588,2025-11-20 10:56:56,23772925
2025-W47,BEST,4551,SHORT,REVERSAL,1,41.0,201.5,4.5564,1.5598,0.4803,-1.9525,2025-11-20 10:57:52,23775000
2025-W47,BEST,4552,LONG,HARD_STOP,2,-120.0,-607.0,0.5027,-1.0694,-0.6919,1.6423,2025-11-20 10:58:07,23775750
2025-W47,BEST,4553,LONG,REVERSAL,1,40.0,196.5,-2.1801,-0.7012,-0.2027,0.8628,2025-11-20 11:03:12,23789250
2025-W47,BEST,4554,LONG,REVERSAL,1,40.0,196.5,-0.1578,-0.846,-0.4918,1.274,2025-11-20 11:07:10,23800500
2025-W47,BEST,4555,LONG,HARD_STOP,2,-120.0,-607.0,-5.4675,-0.9326,-0.0128,-1.8918,2025-11-20 11:09:39,23805416
2025-W47,BEST,4556,LONG,REVERSAL,1,41.0,201.5,-8.5766,-1.12,0.1856,1.3425,2025-11-20 11:11:09,23809000
2025-W47,BEST,4557,SHORT,REVERSAL,1,40.0,196.5,-5.8335,-0.2394,0.4397,-2.0026,2025-11-20 11:11:30,23809752
2025-W47,BEST,4558,LONG,REVERSAL,1,40.0,196.5,-5.8335,-0.2394,0.4397,-2.0026,2025-11-20 11:11:39,23809989
2025-W47,BEST,4559,SHORT,REVERSAL,1,40.0,196.5,-2.1374,0.8694,0.7354,-1.4674,2025-11-20 11:11:57,23810500
2025-W47,BEST,4560,LONG,REVERSAL,1,40.0,196.5,-9.842,-2.7321,-0.6551,1.933,2025-11-20 11:12:33,23812250
2025-W47,BEST,4561,SHORT,REVERSAL,1,40.0,196.5,-2.303,0.9994,0.8299,-1.6248,2025-11-20 11:13:21,23815000
2025-W47,BEST,4562,LONG,HARD_STOP,2,-121.0,-612.0,-8.1467,-1.7024,-0.2067,0.7381,2025-11-20 11:14:55,23818502
2025-W47,BEST,4563,SHORT,REVERSAL,1,41.0,201.5,-11.1724,-1.3881,0.2844,-1.0905,2025-11-20 11:15:27,23821000
2025-W47,BEST,4564,LONG,HARD_STOP,2,-120.0,-607.0,-10.0142,-1.5469,0.0733,1.3867,2025-11-20 11:16:02,23822750
2025-W47,BEST,4565,SHORT,REVERSAL,2,40.0,193.0,1.464,0.1999,-0.0265,2.575,2025-11-20 11:18:14,23830582
2025-W47,BEST,4566,LONG,REVERSAL,1,40.0,196.5,-9.9587,-3.2013,-0.9249,2.3628,2025-11-20 11:18:52,23832750
2025-W47,BEST,4567,SHORT,REVERSAL,1,41.0,201.5,6.2004,1.0051,-0.017,-2.2513,2025-11-20 11:20:49,23839750
2025-W47,BEST,4568,SHORT,REVERSAL,1,43.0,211.5,3.861,-0.0208,-0.3986,-1.5573,2025-11-20 11:21:17,23841000
2025-W47,BEST,4569,LONG,REVERSAL,1,43.0,211.5,-5.2743,1.1738,1.2317,2.269,2025-11-20 11:23:28,23847500
2025-W47,BEST,4570,SHORT,REVERSAL,2,40.0,193.0,-5.2743,1.1738,1.2317,2.269,2025-11-20 11:23:32,23847616
2025-W47,BEST,4571,SHORT,REVERSAL,2,44.0,213.0,5.2803,2.595,1.029,2.0387,2025-11-20 11:25:55,23853510
2025-W47,BEST,4572,SHORT,REVERSAL,1,40.0,196.5,5.7106,-0.0452,-0.5982,-2.4262,2025-11-20 11:26:26,23855000
2025-W47,BEST,4573,LONG,REVERSAL,2,40.0,193.0,2.1743,-1.0912,-0.8721,0.3978,2025-11-20 11:26:44,23855750
2025-W47,BEST,4574,SHORT,REVERSAL,2,40.0,193.0,9.6448,0.3395,-0.7608,0.2901,2025-11-20 11:28:07,23860428
2025-W47,BEST,4575,LONG,REVERSAL,1,41.0,201.5,6.3502,-0.0706,-0.6774,1.0176,2025-11-20 11:28:28,23861251
2025-W47,BEST,4576,SHORT,REVERSAL,1,42.0,206.5,6.3502,-0.0706,-0.6774,1.0176,2025-11-20 11:28:28,23861312
2025-W47,BEST,4577,SHORT,REVERSAL,1,40.0,196.5,6.9782,0.5499,-0.3679,-2.075,2025-11-20 11:28:46,23862000
2025-W47,BEST,4578,LONG,HARD_STOP,2,-120.0,-607.0,-4.7398,-3.7533,-1.778,1.3758,2025-11-20 11:29:05,23863328
2025-W47,BEST,4579,LONG,REVERSAL,1,40.0,196.5,-14.3886,-2.4489,-0.0305,2.7997,2025-11-20 11:29:23,23864750
2025-W47,BEST,4580,SHORT,REVERSAL,1,40.0,196.5,-14.3886,-2.4489,-0.0305,2.7997,2025-11-20 11:29:27,23864971
2025-W47,BEST,4581,SHORT,REVERSAL,1,43.0,211.5,-1.2207,1.4957,1.0195,-3.0614,2025-11-20 11:31:01,23869000
2025-W47,BEST,4582,LONG,HARD_STOP,2,-124.0,-627.0,-1.2207,1.4957,1.0195,-3.0614,2025-11-20 11:31:05,23869184
2025-W47,BEST,4583,LONG,REVERSAL,1,40.0,196.5,-13.4358,-4.8551,-1.5695,-0.0987,2025-11-20 11:31:36,23870810
2025-W47,BEST,4584,SHORT,REVERSAL,1,40.0,196.5,-11.5747,-0.464,0.8791,-0.4465,2025-11-20 11:32:00,23872082
2025-W47,BEST,4585,SHORT,REVERSAL,1,40.0,196.5,-5.7914,1.1204,1.2514,-1.8426,2025-11-20 11:32:20,23872750
2025-W47,BEST,4586,SHORT,REVERSAL,1,40.0,196.5,-3.9963,0.9971,0.9979,0.5007,2025-11-20 11:32:47,23873339
2025-W47,BEST,4587,LONG,REVERSAL,1,47.0,231.5,-4.8116,-0.7878,0.0085,3.447,2025-11-20 11:34:40,23876250
2025-W47,BEST,4588,SHORT,REVERSAL,2,46.0,223.0,-4.8116,-0.7878,0.0085,3.447,2025-11-20 11:34:47,23876464
2025-W47,BEST,4589,LONG,HARD_STOP,2,-120.0,-607.0,-3.6529,0.3156,0.5547,-2.4539,2025-11-20 11:36:28,23881260
2025-W47,BEST,4590,SHORT,REVERSAL,1,43.0,211.5,-4.1832,0.2374,0.5607,-1.1843,2025-11-20 11:37:38,23883750
2025-W47,BEST,4591,LONG,REVERSAL,1,41.0,201.5,-7.1899,-1.3245,-0.0757,3.1436,2025-11-20 11:37:53,23884500
2025-W47,BEST,4592,SHORT,REVERSAL,1,40.0,196.5,-7.1899,-1.3245,-0.0757,3.1436,2025-11-20 11:37:59,23884732
2025-W47,BEST,4593,LONG,REVERSAL,1,40.0,196.5,-12.684,-2.2484,-0.0806,1.6246,2025-11-20 11:38:20,23886005
2025-W47,BEST,4594,SHORT,REVERSAL,1,40.0,196.5,1.9755,1.7242,0.8369,-1.931,2025-11-20 11:39:31,23890500
2025-W47,BEST,4595,SHORT,REVERSAL,1,43.0,211.5,-6.0781,-2.7981,-1.071,-2.488,2025-11-20 11:40:24,23893250
2025-W47,BEST,4596,LONG,HARD_STOP,2,-120.0,-607.0,-6.0781,-2.7981,-1.071,-2.488,2025-11-20 11:40:27,23893342
2025-W47,BEST,4597,LONG,REVERSAL,1,40.0,196.5,-11.95,-1.9904,0.0008,1.9351,2025-11-20 11:42:13,23897750
2025-W47,BEST,4598,SHORT,REVERSAL,1,41.0,201.5,5.5829,4.0906,1.8961,-1.8977,2025-11-20 11:43:15,23900250
2025-W47,BEST,4599,LONG,REVERSAL,1,40.0,196.5,5.5829,4.0906,1.8961,-1.8977,2025-11-20 11:43:17,23900356
2025-W47,BEST,4600,SHORT,REVERSAL,1,40.0,196.5,5.5829,4.0906,1.8961,-1.8977,2025-11-20 11:43:19,23900411
2025-W47,BEST,4601,LONG,REVERSAL,2,40.0,193.0,4.6805,-0.2817,-0.6371,0.7579,2025-11-20 11:43:38,23901250
2025-W47,BEST,4602,LONG,REVERSAL,1,41.0,201.5,-2.8278,-2.0748,-0.9621,3.5187,2025-11-20 11:44:20,23903000
2025-W47,BEST,4603,SHORT,REVERSAL,1,41.0,201.5,-2.8278,-2.0748,-0.9621,3.5187,2025-11-20 11:44:24,23903113
2025-W47,BEST,4604,LONG,REVERSAL,1,40.0,196.5,-14.1065,-2.068,0.1698,3.267,2025-11-20 11:45:10,23905500
2025-W47,BEST,4605,SHORT,HARD_STOP,2,-120.0,-607.0,-14.1065,-2.068,0.1698,3.267,2025-11-20 11:45:12,23905748
2025-W47,BEST,4606,LONG,REVERSAL,1,40.0,196.5,-5.1777,-0.4225,0.2642,2.9181,2025-11-20 11:46:48,23909750
2025-W47,BEST,4607,SHORT,REVERSAL,1,41.0,201.5,-5.1777,-0.4225,0.2642,2.9181,2025-11-20 11:46:52,23909952
2025-W47,BEST,4608,LONG,REVERSAL,1,45.0,221.5,-11.4739,-3.0655,-0.6919,2.3289,2025-11-20 11:47:07,23910750
2025-W47,BEST,4609,SHORT,REVERSAL,1,40.0,196.5,-11.0463,-2.5919,-0.4505,-2.2895,2025-11-20 11:47:16,23911253
2025-W47,BEST,4610,LONG,REVERSAL,1,41.0,201.5,-11.0463,-2.5919,-0.4505,-2.2895,2025-11-20 11:47:23,23911472
2025-W47,BEST,4611,SHORT,REVERSAL,1,40.0,196.5,6.2333,2.0334,0.5967,-2.1959,2025-11-20 11:48:27,23914250
2025-W47,BEST,4612,LONG,REVERSAL,1,40.0,196.5,-1.156,-2.4722,-1.3677,3.118,2025-11-20 11:49:35,23917750
2025-W47,BEST,4613,SHORT,REVERSAL,2,40.0,193.0,-1.156,-2.4722,-1.3677,3.118,2025-11-20 11:49:41,23917996
2025-W47,BEST,4614,LONG,REVERSAL,1,40.0,196.5,-0.0006,-0.0751,-0.045,0.8313,2025-11-20 11:50:19,23919750
2025-W47,BEST,4615,SHORT,REVERSAL,1,41.0,201.5,6.2738,2.8811,1.1013,-3.3453,2025-11-20 11:51:28,23922750
2025-W47,BEST,4616,LONG,REVERSAL,1,40.0,196.5,6.2738,2.8811,1.1013,-3.3453,2025-11-20 11:51:30,23922924
2025-W47,BEST,4617,LONG,REVERSAL,2,38.0,183.0,-26.3115,-4.4707,-0.0513,1.6802,2025-11-20 11:54:41,23932750
2025-W47,BEST,4618,SHORT,REVERSAL,1,40.0,196.5,-15.5419,-0.0209,1.5417,-0.8698,2025-11-20 11:55:17,23934773
2025-W47,BEST,4619,LONG,HARD_STOP,2,-120.0,-607.0,-15.5419,-0.0209,1.5417,-0.8698,2025-11-20 11:55:24,23934963
2025-W47,BEST,4620,SHORT,REVERSAL,1,40.0,196.5,-16.0875,-1.9887,0.4155,-1.6278,2025-11-20 11:56:01,23937250
2025-W47,BEST,4621,LONG,REVERSAL,2,47.0,228.0,-16.0875,-1.9887,0.4155,-1.6278,2025-11-20 11:56:05,23937373
2025-W47,BEST,4622,LONG,REVERSAL,2,35.0,168.0,-7.5599,-1.1976,0.0375,1.2369,2025-11-20 11:57:01,23940250
2025-W47,BEST,4623,LONG,REVERSAL,1,40.0,196.5,-10.9534,-2.5077,-0.4093,2.0644,2025-11-20 11:57:36,23942500
2025-W47,BEST,4624,SHORT,REVERSAL,1,41.0,201.5,-5.8479,1.0525,1.2163,-1.3256,2025-11-20 11:57:54,23943500
2025-W47,BEST,4625,LONG,HARD_STOP,2,-120.0,-607.0,-11.6581,-3.7589,-1.0895,0.5022,2025-11-20 11:58:09,23944500
2025-W47,BEST,4626,LONG,REVERSAL,1,40.0,196.5,-16.6413,-3.3038,-0.3182,1.0135,2025-11-20 11:58:25,23945768
2025-W47,BEST,4627,SHORT,REVERSAL,2,40.0,193.0,-2.482,1.8439,1.3545,-0.961,2025-11-20 11:59:51,23951250
2025-W47,BEST,4628,SHORT,REVERSAL,1,40.0,196.5,5.0312,1.5162,0.4066,-5.129,2025-11-20 12:00:12,23953250
2025-W47,BEST,4629,LONG,REVERSAL,1,41.0,201.5,5.0312,1.5162,0.4066,-5.129,2025-11-20 12:00:12,23953457
2025-W47,BEST,4630,SHORT,REVERSAL,2,40.0,193.0,15.7307,3.5119,0.5341,1.122,2025-11-20 12:00:23,23954809
2025-W47,BEST,4631,LONG,REVERSAL,1,42.0,206.5,12.2737,-0.2695,-1.3891,0.5049,2025-11-20 12:00:44,23956274
2025-W47,BEST,4632,LONG,REVERSAL,1,41.0,201.5,4.6901,-1.356,-1.2826,4.7765,2025-11-20 12:00:59,23957000
2025-W47,BEST,4633,SHORT,REVERSAL,1,41.0,201.5,4.6901,-1.356,-1.2826,4.7765,2025-11-20 12:01:02,23957148
2025-W47,BEST,4634,LONG,REVERSAL,1,42.0,206.5,-9.0477,-1.5449,-0.0222,-3.2388,2025-11-20 12:04:06,23966268
2025-W47,BEST,4635,SHORT,REVERSAL,1,40.0,196.5,-9.0477,-1.5449,-0.0222,-3.2388,2025-11-20 12:04:08,23966327
2025-W47,BEST,4636,LONG,REVERSAL,1,42.0,206.5,-9.0477,-1.5449,-0.0222,-3.2388,2025-11-20 12:04:13,23966458
2025-W47,BEST,4637,LONG,REVERSAL,1,42.0,206.5,-2.0827,2.1932,1.5242,2.5142,2025-11-20 12:04:32,23967250
2025-W47,BEST,4638,SHORT,REVERSAL,2,40.0,193.0,-2.0827,2.1932,1.5242,2.5142,2025-11-20 12:04:38,23967392
2025-W47,BEST,4639,LONG,REVERSAL,1,41.0,201.5,-4.3641,-0.8208,-0.056,2.6427,2025-11-20 12:05:22,23969000
2025-W47,BEST,4640,SHORT,REVERSAL,1,45.0,221.5,-4.3641,-0.8208,-0.056,2.6427,2025-11-20 12:05:22,23969037
2025-W47,BEST,4641,LONG,REVERSAL,1,47.0,231.5,-10.5066,-2.1599,-0.2453,2.4775,2025-11-20 12:06:01,23970500
2025-W47,BEST,4642,SHORT,REVERSAL,1,44.0,216.5,-7.8351,0.1361,0.8652,-0.2215,2025-11-20 12:06:20,23971250
2025-W47,BEST,4643,SHORT,REVERSAL,1,41.0,201.5,-15.7885,-0.8373,1.0765,-1.9157,2025-11-20 12:07:32,23975607
2025-W47,BEST,4644,SHORT,REVERSAL,1,41.0,201.5,-9.6688,-0.4167,0.7169,-4.2708,2025-11-20 12:07:46,23976250
2025-W47,BEST,4645,LONG,REVERSAL,2,40.0,193.0,-9.6688,-0.4167,0.7169,-4.2708,2025-11-20 12:07:47,23976271
2025-W47,BEST,4646,SHORT,REVERSAL,1,40.0,196.5,16.8145,3.1732,0.2224,-2.1683,2025-11-20 12:08:52,23979250
2025-W47,BEST,4647,LONG,HARD_STOP,2,-124.0,-627.0,16.8145,3.1732,0.2224,-2.1683,2025-11-20 12:09:00,23979403
2025-W47,BEST,4648,LONG,REVERSAL,1,41.0,201.5,-10.2091,-0.36,0.8049,3.4025,2025-11-20 12:11:12,23984250
2025-W47,BEST,4649,SHORT,REVERSAL,2,40.0,193.0,-10.2091,-0.36,0.8049,3.4025,2025-11-20 12:11:17,23984430
2025-W47,BEST,4650,LONG,REVERSAL,1,42.0,206.5,-16.4615,-0.1587,1.5509,3.7272,2025-11-20 12:12:17,23988750
2025-W47,BEST,4651,SHORT,REVERSAL,1,40.0,196.5,-16.4615,-0.1587,1.5509,3.7272,2025-11-20 12:12:20,23988938
2025-W47,BEST,4652,SHORT,HARD_STOP,2,-120.0,-607.0,-14.9303,-1.3593,0.6775,0.6523,2025-11-20 12:12:28,23989530
2025-W47,BEST,4653,LONG,REVERSAL,2,37.0,178.0,-2.6837,1.3429,1.0741,-1.5232,2025-11-20 12:13:02,23991251
2025-W47,BEST,4654,LONG,REVERSAL,1,42.0,206.5,-6.4717,-2.0109,-0.5594,0.9402,2025-11-20 12:13:33,23992501
2025-W47,BEST,4655,SHORT,REVERSAL,1,40.0,196.5,14.0969,5.6934,2.0064,-2.0484,2025-11-20 12:14:30,23995500
2025-W47,BEST,4656,SHORT,REVERSAL,1,41.0,201.5,15.6984,3.907,0.7744,2.7732,2025-11-20 12:14:46,23996356
2025-W47,BEST,4657,LONG,REVERSAL,1,41.0,201.5,5.1321,-0.9301,-1.0713,5.3575,2025-11-20 12:15:04,23997250
2025-W47,BEST,4658,SHORT,REVERSAL,2,50.0,243.0,5.1321,-0.9301,-1.0713,5.3575,2025-11-20 12:15:05,23997281
2025-W47,BEST,4659,LONG,REVERSAL,1,41.0,201.5,-4.7368,-3.0582,-1.3612,2.202,2025-11-20 12:15:20,23998250
2025-W47,BEST,4660,SHORT,REVERSAL,1,41.0,201.5,-4.7368,-3.0582,-1.3612,2.202,2025-11-20 12:15:21,23998321
2025-W47,BEST,4661,LONG,HARD_STOP,2,-125.0,-632.0,-11.5134,-1.9966,-0.0466,-3.3133,2025-11-20 12:17:06,24003803
2025-W47,BEST,4662,SHORT,REVERSAL,1,46.0,226.5,-10.8475,-0.7178,0.6541,1.1795,2025-11-20 12:17:21,24004441
2025-W47,BEST,4663,LONG,REVERSAL,1,40.0,196.5,-9.3742,-0.7081,0.5125,2.177,2025-11-20 12:18:03,24006000
2025-W47,BEST,4664,SHORT,REVERSAL,1,40.0,196.5,-9.3742,-0.7081,0.5125,2.177,2025-11-20 12:18:06,24006191
2025-W47,BEST,4665,SHORT,REVERSAL,1,44.0,216.5,-0.618,3.0165,1.8717,-1.6291,2025-11-20 12:18:47,24007750
2025-W47,BEST,4666,LONG,REVERSAL,1,42.0,206.5,-11.2582,-1.1545,0.4331,-1.5864,2025-11-20 12:21:00,24013746
2025-W47,BEST,4667,LONG,REVERSAL,1,43.0,211.5,7.086,-3.1356,-2.59,2.4714,2025-11-20 12:22:27,24018500
2025-W47,BEST,4668,LONG,REVERSAL,1,42.0,206.5,3.6249,0.6241,0.012,3.7815,2025-11-20 12:22:54,24019500
2025-W47,BEST,4669,SHORT,HARD_STOP,2,-123.0,-622.0,3.6249,0.6241,0.012,3.7815,2025-11-20 12:22:56,24019622
2025-W47,BEST,4670,SHORT,REVERSAL,1,41.0,201.5,7.8727,2.5695,0.7544,-1.5799,2025-11-20 12:23:09,24020250
2025-W47,BEST,4671,LONG,REVERSAL,1,40.0,196.5,7.8727,2.5695,0.7544,-1.5799,2025-11-20 12:23:13,24020368
2025-W47,BEST,4672,SHORT,REVERSAL,1,40.0,196.5,8.1043,1.4245,0.0443,-0.2311,2025-11-20 12:23:25,24020755
2025-W47,BEST,4673,SHORT,REVERSAL,1,41.0,201.5,8.0929,-0.4783,-1.0963,-3.8179,2025-11-20 12:23:41,24021250
2025-W47,BEST,4674,LONG,REVERSAL,1,44.0,216.5,8.0929,-0.4783,-1.0963,-3.8179,2025-11-20 12:23:47,24021445
2025-W47,BEST,4675,LONG,REVERSAL,1,42.0,206.5,1.8865,-2.4949,-1.6856,-0.3763,2025-11-20 12:24:34,24023503
2025-W47,BEST,4676,SHORT,REVERSAL,1,43.0,211.5,1.8865,-2.4949,-1.6856,-0.3763,2025-11-20 12:24:34,24023551
2025-W47,BEST,4677,LONG,REVERSAL,1,40.0,196.5,1.8865,-2.4949,-1.6856,-0.3763,2025-11-20 12:24:37,24023621
2025-W47,BEST,4678,LONG,REVERSAL,1,40.0,196.5,-12.9966,-1.3636,0.4815,2.7159,2025-11-20 12:25:23,24026000
2025-W47,BEST,4679,SHORT,REVERSAL,1,40.0,196.5,-12.9966,-1.3636,0.4815,2.7159,2025-11-20 12:25:25,24026090
2025-W47,BEST,4680,SHORT,HARD_STOP,2,-120.0,-607.0,9.7181,4.9633,2.0062,2.3217,2025-11-20 12:26:45,24029282
2025-W47,BEST,4681,SHORT,REVERSAL,1,41.0,201.5,18.1747,4.4886,0.8757,-1.6846,2025-11-20 12:27:14,24030250
2025-W47,BEST,4682,LONG,REVERSAL,1,41.0,201.5,18.1747,4.4886,0.8757,-1.6846,2025-11-20 12:27:16,24030369
2025-W47,BEST,4683,SHORT,REVERSAL,1,44.0,216.5,6.461,-1.6886,-1.6593,-1.1404,2025-11-20 12:28:29,24032778
2025-W47,BEST,4684,LONG,REVERSAL,1,44.0,216.5,6.461,-1.6886,-1.6593,-1.1404,2025-11-20 12:28:38,24032997
2025-W47,BEST,4685,LONG,REVERSAL,1,40.0,196.5,1.6342,-0.3263,-0.3592,3.4566,2025-11-20 12:29:12,24034000
2025-W47,BEST,4686,SHORT,REVERSAL,2,38.0,183.0,1.6342,-0.3263,-0.3592,3.4566,2025-11-20 12:29:18,24034184
2025-W47,BEST,4687,LONG,REVERSAL,1,42.0,206.5,-3.0429,-0.9431,-0.2615,3.9858,2025-11-20 12:29:34,24034750
2025-W47,BEST,4688,SHORT,HARD_STOP,2,-125.0,-632.0,-3.0429,-0.9431,-0.2615,3.9858,2025-11-20 12:29:42,24034898
2025-W47,BEST,4689,LONG,REVERSAL,1,41.0,201.5,5.8857,-0.2346,-0.7293,0.6836,2025-11-20 12:30:31,24037000
2025-W47,BEST,4690,SHORT,REVERSAL,1,40.0,196.5,5.2541,-0.1781,-0.6323,-1.268,2025-11-20 12:30:59,24037750
2025-W47,BEST,4691,LONG,REVERSAL,1,40.0,196.5,5.2541,-0.1781,-0.6323,-1.268,2025-11-20 12:31:03,24037907
2025-W47,BEST,4692,LONG,REVERSAL,1,40.0,196.5,0.103,-1.2252,-0.7454,3.3688,2025-11-20 12:31:18,24038500
2025-W47,BEST,4693,SHORT,REVERSAL,1,40.0,196.5,0.103,-1.2252,-0.7454,3.3688,2025-11-20 12:31:25,24038717
2025-W47,BEST,4694,SHORT,REVERSAL,1,41.0,201.5,-7.0763,0.5912,1.0623,0.6647,2025-11-20 12:32:08,24040256
2025-W47,BEST,4695,LONG,REVERSAL,1,40.0,196.5,-10.6535,-1.8863,-0.0664,4.1591,2025-11-20 12:32:47,24041250
2025-W47,BEST,4696,LONG,REVERSAL,1,43.0,211.5,-10.6535,-1.8863,-0.0664,4.1591,2025-11-20 12:32:52,24041390
2025-W47,BEST,4697,SHORT,REVERSAL,1,44.0,216.5,-10.6535,-1.8863,-0.0664,4.1591,2025-11-20 12:32:54,24041450
2025-W47,BEST,4698,LONG,HARD_STOP,2,-128.0,-647.0,-23.5417,-3.7835,0.0841,-0.8666,2025-11-20 12:35:37,24047121
2025-W47,BEST,4699,SHORT,REVERSAL,1,42.0,206.5,-16.7428,-0.6045,1.3116,-1.2864,2025-11-20 12:36:34,24049505
2025-W47,BEST,4700,LONG,REVERSAL,1,42.0,206.5,-16.7428,-0.6045,1.3116,-1.2864,2025-11-20 12:36:40,24049723
2025-W47,BEST,4701,LONG,REVERSAL,1,42.0,206.5,-8.4625,-1.6832,-0.1636,1.7958,2025-11-20 12:43:26,24062500
2025-W47,BEST,4702,SHORT,REVERSAL,1,45.0,221.5,-8.4625,-1.6832,-0.1636,1.7958,2025-11-20 12:43:30,24062578
2025-W47,BEST,4703,LONG,HARD_STOP,2,-124.0,-627.0,-8.4625,-1.6832,-0.1636,1.7958,2025-11-20 12:43:35,24062668
2025-W47,BEST,4704,SHORT,REVERSAL,2,40.0,193.0,-13.2824,-3.2018,-0.5928,1.9254,2025-11-20 12:44:01,24063489
2025-W47,BEST,4705,LONG,HARD_STOP,2,-124.0,-627.0,-13.8357,-2.1405,0.0993,-2.7774,2025-11-20 12:45:45,24066548
2025-W47,BEST,4706,LONG,REVERSAL,1,40.0,196.5,-5.6413,-1.5302,-0.354,3.1326,2025-11-20 12:47:45,24071000
2025-W47,BEST,4707,SHORT,HARD_STOP,2,-127.0,-642.0,-5.6413,-1.5302,-0.354,3.1326,2025-11-20 12:47:55,24071235
2025-W47,BEST,4708,LONG,REVERSAL,2,50.0,243.0,0.7448,-2.1218,-1.3475,0.3429,2025-11-20 12:50:27,24075501
2025-W47,BEST,4709,SHORT,REVERSAL,1,40.0,196.5,7.4237,2.8425,0.9631,-3.0231,2025-11-20 12:50:59,24076500
2025-W47,BEST,4710,LONG,REVERSAL,1,41.0,201.5,7.4237,2.8425,0.9631,-3.0231,2025-11-20 12:51:01,24076648
2025-W47,BEST,4711,LONG,REVERSAL,1,41.0,201.5,13.3321,2.8999,0.4067,3.025,2025-11-20 12:51:39,24078000
2025-W47,BEST,4712,SHORT,HARD_STOP,2,-120.0,-607.0,13.3321,2.8999,0.4067,3.025,2025-11-20 12:51:46,24078173
2025-W47,BEST,4713,LONG,HARD_STOP,2,-122.0,-617.0,17.1986,2.6734,-0.1158,-1.4808,2025-11-20 12:52:18,24079295
2025-W47,BEST,4714,LONG,HARD_STOP,2,-121.0,-612.0,1.1096,-2.6823,-1.7203,0.1706,2025-11-20 12:53:05,24081000
2025-W47,BEST,4715,LONG,REVERSAL,2,44.0,213.0,-11.4176,0.2677,1.3024,0.2456,2025-11-20 12:54:47,24084500
2025-W47,BEST,4716,LONG,REVERSAL,1,45.0,221.5,5.1089,1.1558,0.1826,0.0236,2025-11-20 12:56:21,24087052
2025-W47,BEST,4717,SHORT,HARD_STOP,2,-120.0,-607.0,5.1089,1.1558,0.1826,0.0236,2025-11-20 12:56:24,24087128
2025-W47,BEST,4718,SHORT,REVERSAL,1,48.0,236.5,10.6887,2.1054,0.1944,-1.7764,2025-11-20 12:58:51,24090516
2025-W47,BEST,4719,SHORT,REVERSAL,1,42.0,206.5,13.9197,2.85,0.318,-1.5875,2025-11-20 12:59:24,24091386
2025-W47,BEST,4720,LONG,HARD_STOP,2,-122.0,-617.0,13.9197,2.85,0.318,-1.5875,2025-11-20 12:59:26,24091466
2025-W47,BEST,4721,SHORT,REVERSAL,1,40.0,196.5,1.3905,-1.2019,-0.8602,-1.887,2025-11-20 13:00:20,24093250
2025-W47,BEST,4722,LONG,REVERSAL,1,41.0,201.5,1.3905,-1.2019,-0.8602,-1.887,2025-11-20 13:00:27,24093454
2025-W47,BEST,4723,SHORT,REVERSAL,2,39.0,188.0,10.9108,1.9681,0.0898,-1.867,2025-11-20 13:03:29,24099250
2025-W47,BEST,4724,LONG,REVERSAL,1,40.0,196.5,10.7631,0.4786,-0.7892,0.1928,2025-11-20 13:03:59,24100597
2025-W47,BEST,4725,LONG,REVERSAL,1,41.0,201.5,5.8142,-0.6188,-0.9527,1.0922,2025-11-20 13:04:35,24101500
2025-W47,BEST,4726,SHORT,REVERSAL,2,42.0,203.0,11.7309,2.3194,0.2185,-1.4548,2025-11-20 13:06:26,24104750
2025-W47,BEST,4727,SHORT,REVERSAL,1,42.0,206.5,12.0718,2.2313,0.1316,-1.3078,2025-11-20 13:12:19,24114000
2025-W47,BEST,4728,LONG,REVERSAL,1,40.0,196.5,12.0718,2.2313,0.1316,-1.3078,2025-11-20 13:12:28,24114192
2025-W47,BEST,4729,LONG,REVERSAL,1,43.0,211.5,-14.2894,-4.8632,-1.489,-0.0967,2025-11-20 13:16:53,24123966
2025-W47,BEST,4730,SHORT,REVERSAL,1,40.0,196.5,-11.8498,-1.9791,-0.0025,-4.0052,2025-11-20 13:17:12,24124750
2025-W47,BEST,4731,LONG,REVERSAL,1,47.0,231.5,-11.8498,-1.9791,-0.0025,-4.0052,2025-11-20 13:17:21,24124989
2025-W47,BEST,4732,LONG,REVERSAL,1,47.0,231.5,-11.2083,-0.3367,0.9188,2.1467,2025-11-20 13:17:33,24125250
2025-W47,BEST,4733,SHORT,REVERSAL,1,40.0,196.5,-11.2083,-0.3367,0.9188,2.1467,2025-11-20 13:17:35,24125298
2025-W47,BEST,4734,LONG,REVERSAL,2,39.0,188.0,-19.3566,-4.2769,-0.6305,-3.8058,2025-11-20 13:18:43,24127871
2025-W47,BEST,4735,SHORT,REVERSAL,1,43.0,211.5,3.4534,3.5673,1.795,-0.6418,2025-11-20 13:20:11,24130394
2025-W47,BEST,4736,LONG,REVERSAL,1,44.0,216.5,-4.1449,-0.9331,-0.1454,-1.3917,2025-11-20 13:22:16,24134042
2025-W47,BEST,4737,SHORT,REVERSAL,1,40.0,196.5,-4.1449,-0.9331,-0.1454,-1.3917,2025-11-20 13:22:18,24134068
2025-W47,BEST,4738,SHORT,REVERSAL,1,40.0,196.5,-4.3317,-3.1038,-1.4291,-5.7866,2025-11-20 13:22:59,24134750
2025-W47,BEST,4739,LONG,REVERSAL,2,53.0,258.0,-4.3317,-3.1038,-1.4291,-5.7866,2025-11-20 13:23:04,24134828
2025-W47,BEST,4740,LONG,REVERSAL,1,41.0,201.5,-0.6557,-1.1531,-0.6263,1.4758,2025-11-20 13:30:34,24145500
2025-W47,BEST,4741,SHORT,REVERSAL,1,44.0,216.5,2.3091,1.1269,0.4452,-0.4692,2025-11-20 13:31:11,24146793
2025-W47,BEST,4742,LONG,REVERSAL,2,42.0,203.0,-19.9351,-2.3475,0.585,1.3994,2025-11-20 13:33:59,24152250
2025-W47,BEST,4743,SHORT,HARD_STOP,2,-124.0,-627.0,-19.259,-1.0324,1.3064,3.4456,2025-11-20 13:34:18,24152947
2025-W47,BEST,4744,LONG,REVERSAL,1,42.0,206.5,-4.2021,-0.5324,0.1008,1.5081,2025-11-20 13:35:38,24155000
2025-W47,BEST,4745,SHORT,REVERSAL,1,40.0,196.5,-4.2021,-0.5324,0.1008,1.5081,2025-11-20 13:35:48,24155162
2025-W47,BEST,4746,SHORT,REVERSAL,1,40.0,196.5,-6.7271,-2.2146,-0.656,-0.3839,2025-11-20 13:36:15,24155773
2025-W47,BEST,4747,LONG,REVERSAL,2,38.0,183.0,-6.7271,-2.2146,-0.656,-0.3839,2025-11-20 13:36:31,24155991
2025-W47,BEST,4748,LONG,REVERSAL,1,40.0,196.5,-10.4144,-2.6695,-0.5603,-1.4576,2025-11-20 13:37:16,24156844
2025-W47,BEST,4749,LONG,REVERSAL,1,41.0,201.5,-13.7851,-1.5896,0.4248,3.0224,2025-11-20 13:46:00,24167000
2025-W47,BEST,4750,SHORT,REVERSAL,1,42.0,206.5,-13.7851,-1.5896,0.4248,3.0224,2025-11-20 13:46:07,24167194
2025-W47,BEST,4751,LONG,REVERSAL,1,41.0,201.5,-16.6838,-1.4287,0.8112,-1.4553,2025-11-20 13:50:33,24174148
2025-W47,BEST,4752,SHORT,REVERSAL,1,42.0,206.5,-8.2194,1.3761,1.6476,0.656,2025-11-20 13:51:34,24175529
2025-W47,BEST,4753,LONG,REVERSAL,1,40.0,196.5,-10.2687,-1.0287,0.4096,2.9447,2025-11-20 13:52:25,24176500
2025-W47,BEST,4754,SHORT,REVERSAL,2,40.0,193.0,-10.2687,-1.0287,0.4096,2.9447,2025-11-20 13:52:32,24176713
2025-W47,BEST,4755,SHORT,REVERSAL,1,40.0,196.5,-4.6233,-0.2732,0.2984,-1.2442,2025-11-20 13:54:29,24179000
2025-W47,BEST,4756,LONG,REVERSAL,2,42.0,203.0,-4.6233,-0.2732,0.2984,-1.2442,2025-11-20 13:54:31,24179048
2025-W47,BEST,4757,SHORT,REVERSAL,2,38.0,183.0,-2.9064,0.4554,0.5639,-1.3013,2025-11-20 13:57:01,24182000
2025-W47,BEST,4758,LONG,REVERSAL,1,40.0,196.5,4.5256,0.9769,0.1336,3.5683,2025-11-20 14:00:29,24187250
2025-W47,BEST,4759,SHORT,REVERSAL,1,41.0,201.5,4.5256,0.9769,0.1336,3.5683,2025-11-20 14:00:33,24187336
2025-W47,BEST,4760,LONG,REVERSAL,1,44.0,216.5,1.3584,0.0442,-0.1093,2.739,2025-11-20 14:01:10,24188000
2025-W47,BEST,4761,SHORT,REVERSAL,2,40.0,193.0,1.3584,0.0442,-0.1093,2.739,2025-11-20 14:01:17,24188134
2025-W47,BEST,4762,SHORT,REVERSAL,1,42.0,206.5,2.5025,0.3282,-0.0533,-1.7071,2025-11-20 14:02:13,24189250
2025-W47,BEST,4763,LONG,REVERSAL,2,39.0,188.0,2.5025,0.3282,-0.0533,-1.7071,2025-11-20 14:02:15,24189308
2025-W47,BEST,4764,LONG,REVERSAL,2,42.0,203.0,-5.4701,-3.596,-1.6106,0.024,2025-11-20 14:03:04,24190300
2025-W47,BEST,4765,SHORT,REVERSAL,1,40.0,196.5,-11.0221,-0.9064,0.5584,-1.8359,2025-11-20 14:04:16,24192500
2025-W47,BEST,4766,LONG,REVERSAL,2,40.0,193.0,-11.0221,-0.9064,0.5584,-1.8359,2025-11-20 14:04:17,24192601
2025-W47,BEST,4767,SHORT,REVERSAL,1,41.0,201.5,-5.9152,1.0107,1.1979,-2.6902,2025-11-20 14:05:33,24194250
2025-W47,BEST,4768,LONG,REVERSAL,1,40.0,196.5,-5.9152,1.0107,1.1979,-2.6902,2025-11-20 14:05:45,24194453
2025-W47,BEST,4769,SHORT,REVERSAL,1,40.0,196.5,-5.8623,-1.7266,-0.4497,-2.5684,2025-11-20 14:07:43,24196250
2025-W47,BEST,4770,LONG,REVERSAL,1,44.0,216.5,7.9435,0.4858,-0.5029,2.4411,2025-11-20 14:10:31,24200293
2025-W47,BEST,4771,SHORT,HARD_STOP,2,-120.0,-607.0,7.9435,0.4858,-0.5029,2.4411,2025-11-20 14:10:40,24200450
2025-W47,BEST,4772,LONG,REVERSAL,1,40.0,196.5,10.9226,1.5603,-0.1561,1.7349,2025-11-20 14:11:30,24201750
2025-W47,BEST,4773,SHORT,REVERSAL,1,40.0,196.5,10.9226,1.5603,-0.1561,1.7349,2025-11-20 14:11:33,24201800
2025-W47,BEST,4774,SHORT,REVERSAL,1,41.0,201.5,-0.8295,0.5385,0.406,-2.8221,2025-11-20 14:13:28,24204250
2025-W47,BEST,4775,LONG,REVERSAL,1,44.0,216.5,-0.8295,0.5385,0.406,-2.8221,2025-11-20 14:13:37,24204491
2025-W47,BEST,4776,LONG,REVERSAL,1,43.0,211.5,1.6058,0.0448,-0.1337,2.4888,2025-11-20 14:15:35,24206250
2025-W47,BEST,4777,SHORT,REVERSAL,1,40.0,196.5,1.6058,0.0448,-0.1337,2.4888,2025-11-20 14:15:46,24206367
2025-W47,BEST,4778,SHORT,REVERSAL,1,40.0,196.5,16.4343,2.8529,0.0683,-1.9007,2025-11-20 14:18:30,24209750
2025-W47,BEST,4779,SHORT,REVERSAL,2,39.0,188.0,12.1145,0.0947,-1.1546,0.7888,2025-11-20 14:18:58,24210511
2025-W47,BEST,4780,LONG,REVERSAL,1,42.0,206.5,2.8534,-2.2392,-1.6289,3.8723,2025-11-20 14:19:35,24211500
2025-W47,BEST,4781,LONG,REVERSAL,1,41.0,201.5,6.1491,1.857,0.4993,2.1607,2025-11-20 14:21:09,24213501
2025-W47,BEST,4782,SHORT,REVERSAL,2,40.0,193.0,6.1491,1.857,0.4993,2.1607,2025-11-20 14:21:14,24213629
2025-W47,BEST,4783,SHORT,REVERSAL,1,40.0,196.5,10.9059,3.298,0.8882,-3.1995,2025-11-20 14:27:21,24219750
2025-W47,BEST,4784,LONG,REVERSAL,1,40.0,196.5,10.9059,3.298,0.8882,-3.1995,2025-11-20 14:27:26,24219931
2025-W47,BEST,4785,LONG,REVERSAL,1,41.0,201.5,-5.1814,-2.8319,-1.181,4.3955,2025-11-20 14:30:55,24224250
2025-W47,BEST,4786,SHORT,REVERSAL,1,42.0,206.5,-5.1814,-2.8319,-1.181,4.3955,2025-11-20 14:30:58,24224397
2025-W47,BEST,4787,SHORT,REVERSAL,1,40.0,196.5,-12.3062,-3.2999,-0.7493,-0.4875,2025-11-20 14:31:54,24225500
2025-W47,BEST,4788,LONG,REVERSAL,1,40.0,196.5,-14.5624,-3.0171,-0.354,-0.2457,2025-11-20 14:34:30,24228254
2025-W47,BEST,4789,SHORT,REVERSAL,1,40.0,196.5,-2.559,1.1304,0.9341,-3.7826,2025-11-20 14:35:42,24229500
2025-W47,BEST,4790,LONG,REVERSAL,1,40.0,196.5,-3.5653,-3.1389,-1.5268,0.9097,2025-11-20 14:38:30,24232000
2025-W47,BEST,4791,LONG,REVERSAL,1,41.0,201.5,-5.6336,-0.3058,0.3799,3.0765,2025-11-20 14:40:46,24234250
2025-W47,BEST,4792,SHORT,REVERSAL,2,40.0,193.0,-5.6336,-0.3058,0.3799,3.0765,2025-11-20 14:40:48,24234335
2025-W47,BEST,4793,LONG,REVERSAL,1,41.0,201.5,-3.9594,-0.5825,0.0465,-2.0419,2025-11-20 14:42:05,24235335
2025-W47,BEST,4794,SHORT,REVERSAL,1,41.0,201.5,6.022,0.9978,-0.0035,-4.3119,2025-11-20 14:44:23,24238250
2025-W47,BEST,4795,LONG,REVERSAL,1,42.0,206.5,6.022,0.9978,-0.0035,-4.3119,2025-11-20 14:44:38,24238494
2025-W47,BEST,4796,LONG,REVERSAL,1,41.0,201.5,-4.0632,-0.6454,0.0191,-2.5262,2025-11-20 14:48:12,24241599
2025-W47,BEST,4797,LONG,REVERSAL,1,43.0,211.5,-2.8507,1.1317,0.9641,4.3421,2025-11-20 14:49:39,24242500
2025-W47,BEST,4798,SHORT,HARD_STOP,2,-122.0,-617.0,-2.8507,1.1317,0.9641,4.3421,2025-11-20 14:50:00,24242659
2025-W47,BEST,4799,SHORT,REVERSAL,1,42.0,206.5,4.1078,0.8755,0.1145,-1.7189,2025-11-20 14:52:18,24244750
2025-W47,BEST,4800,LONG,REVERSAL,1,41.0,201.5,4.1078,0.8755,0.1145,-1.7189,2025-11-20 14:52:26,24244895
2025-W47,BEST,4801,SHORT,REVERSAL,1,41.0,201.5,8.4719,1.5442,0.0793,-2.886,2025-11-20 14:53:22,24245750
2025-W47,BEST,4802,LONG,REVERSAL,2,44.0,213.0,8.4719,1.5442,0.0793,-2.886,2025-11-20 14:53:31,24245883
2025-W47,BEST,4803,SHORT,REVERSAL,1,40.0,196.5,15.4946,1.1052,-0.8864,-3.6513,2025-11-20 14:55:56,24248750
2025-W47,BEST,4804,LONG,HARD_STOP,2,-120.0,-607.0,15.4946,1.1052,-0.8864,-3.6513,2025-11-20 14:56:00,24248840
2025-W47,BEST,4805,SHORT,HARD_STOP,2,-122.0,-617.0,9.4577,3.0094,0.8599,1.8727,2025-11-20 14:57:24,24250566
2025-W47,BEST,4806,SHORT,REVERSAL,1,40.0,196.5,14.6278,1.8768,-0.3367,-2.1567,2025-11-20 14:58:22,24252000
2025-W47,BEST,4807,LONG,REVERSAL,1,40.0,196.5,-5.4539,-1.9105,-0.6009,2.7276,2025-11-20 15:01:14,24256250
2025-W47,BEST,4808,LONG,HARD_STOP,2,-120.0,-607.0,-5.7978,-1.6127,-0.3878,-0.7843,2025-11-20 15:01:31,24256750
2025-W47,BEST,4809,LONG,REVERSAL,2,40.0,193.0,-17.8233,-3.3277,-0.2143,-0.1056,2025-11-20 15:02:30,24258750
2025-W47,BEST,4810,LONG,REVERSAL,1,41.0,201.5,-17.9769,-2.3206,0.4053,-1.0448,2025-11-20 15:03:10,24259776
2025-W47,BEST,4811,SHORT,REVERSAL,1,40.0,196.5,-8.9699,0.6123,1.2644,-2.7156,2025-11-20 15:04:08,24260750
2025-W47,BEST,4812,LONG,REVERSAL,1,40.0,196.5,-11.2266,-2.6231,-0.4512,-1.1567,2025-11-20 15:05:12,24262017
2025-W47,BEST,4813,SHORT,REVERSAL,1,40.0,196.5,-11.2266,-2.6231,-0.4512,-1.1567,2025-11-20 15:05:14,24262072
2025-W47,BEST,4814,LONG,REVERSAL,1,40.0,196.5,-11.2266,-2.6231,-0.4512,-1.1567,2025-11-20 15:05:16,24262158
2025-W47,BEST,4815,SHORT,REVERSAL,1,40.0,196.5,2.6956,1.2173,0.4608,-4.7418,2025-11-20 15:06:54,24263750
2025-W47,BEST,4816,LONG,HARD_STOP,2,-120.0,-607.0,2.6956,1.2173,0.4608,-4.7418,2025-11-20 15:07:03,24263981
2025-W47,BEST,4817,SHORT,REVERSAL,1,43.0,211.5,-3.8598,-2.3705,-1.0363,-2.7199,2025-11-20 15:08:20,24265250
2025-W47,BEST,4818,LONG,REVERSAL,2,42.0,203.0,-3.8598,-2.3705,-1.0363,-2.7199,2025-11-20 15:08:29,24265379
2025-W47,BEST,4819,SHORT,REVERSAL,1,42.0,206.5,-4.3131,-0.9269,-0.1248,-1.4558,2025-11-20 15:10:41,24267000
2025-W47,BEST,4820,LONG,REVERSAL,1,40.0,196.5,-7.8846,-1.9166,-0.3615,1.6666,2025-11-20 15:11:40,24267761
2025-W47,BEST,4821,SHORT,REVERSAL,1,45.0,221.5,-7.8846,-1.9166,-0.3615,1.6666,2025-11-20 15:11:51,24267938
2025-W47,BEST,4822,SHORT,REVERSAL,2,44.0,213.0,-2.8405,1.4447,1.1509,-0.1112,2025-11-20 15:14:45,24270500
2025-W47,BEST,4823,SHORT,REVERSAL,1,43.0,211.5,6.2786,2.1577,0.6668,-4.9144,2025-11-20 15:16:02,24271750
2025-W47,BEST,4824,SHORT,REVERSAL,1,40.0,196.5,6.5328,2.0309,0.5653,1.5548,2025-11-20 15:16:33,24272278
2025-W47,BEST,4825,LONG,REVERSAL,1,41.0,201.5,5.1228,0.6218,-0.1392,1.032,2025-11-20 15:17:42,24273000
2025-W47,BEST,4826,SHORT,REVERSAL,2,40.0,193.0,5.4229,0.728,-0.1055,-0.8695,2025-11-20 15:18:19,24273523
2025-W47,BEST,4827,SHORT,REVERSAL,2,47.0,228.0,4.257,0.2859,-0.2542,1.0535,2025-11-20 15:19:02,24274010
2025-W47,BEST,4828,LONG,REVERSAL,1,40.0,196.5,-0.8715,1.1053,0.7503,-1.8388,2025-11-20 15:29:04,24283065
2025-W47,BEST,4829,SHORT,REVERSAL,1,40.0,196.5,4.6427,-0.0432,-0.4902,-2.1767,2025-11-20 15:31:31,24286000
2025-W47,BEST,4830,LONG,REVERSAL,1,40.0,196.5,-4.7364,-2.0811,-0.775,1.7078,2025-11-20 15:32:39,24287502
2025-W47,BEST,4831,LONG,REVERSAL,1,40.0,196.5,-13.245,-2.8459,-0.383,1.899,2025-11-20 15:41:04,24299000
2025-W47,BEST,4832,LONG,REVERSAL,2,40.0,193.0,-5.9405,0.5432,0.92,1.1767,2025-11-20 15:43:08,24302250
2025-W47,BEST,4833,SHORT,REVERSAL,1,40.0,196.5,-2.3336,0.45,0.5034,-1.175,2025-11-20 15:45:14,24304250
2025-W47,BEST,4834,LONG,REVERSAL,1,41.0,201.5,-9.0974,-3.8319,-1.3894,1.458,2025-11-20 15:46:44,24306500
2025-W47,BEST,4835,LONG,REVERSAL,1,41.0,201.5,-6.6041,0.0497,0.6902,1.0501,2025-11-20 15:48:50,24309295
2025-W47,BEST,4836,SHORT,REVERSAL,1,40.0,196.5,-6.6041,0.0497,0.6902,1.0501,2025-11-20 15:49:00,24309386
2025-W47,BEST,4837,LONG,REVERSAL,1,40.0,196.5,-5.0157,-1.9255,-0.6537,2.5439,2025-11-21 09:30:00,24596000
2025-W47,BEST,4838,SHORT,REVERSAL,1,40.0,196.5,17.9376,2.7255,-0.1584,-2.9314,2025-11-21 09:30:39,24601750
2025-W47,BEST,4839,LONG,HARD_STOP,2,-120.0,-607.0,17.9376,2.7255,-0.1584,-2.9314,2025-11-21 09:30:41,24601997
2025-W47,BEST,4840,LONG,REVERSAL,1,40.0,196.5,7.9545,-1.6944,-1.8121,1.2361,2025-11-21 09:30:56,24603262
2025-W47,BEST,4841,SHORT,REVERSAL,1,42.0,206.5,6.9664,-0.5795,-1.0444,-3.3551,2025-11-21 09:31:03,24604000
2025-W47,BEST,4842,LONG,REVERSAL,1,41.0,201.5,6.9664,-0.5795,-1.0444,-3.3551,2025-11-21 09:31:06,24604205
2025-W47,BEST,4843,SHORT,REVERSAL,1,42.0,206.5,5.7438,-0.8342,-1.0749,3.146,2025-11-21 09:32:55,24612382
2025-W47,BEST,4844,SHORT,HARD_STOP,2,-122.0,-617.0,2.3164,4.1414,2.2532,0.2771,2025-11-21 09:34:18,24617709
2025-W47,BEST,4845,LONG,REVERSAL,1,41.0,201.5,6.9012,-0.0143,-0.6987,1.8786,2025-11-21 09:34:57,24619500
2025-W47,BEST,4846,LONG,REVERSAL,2,48.0,233.0,-6.1167,-2.6634,-0.9864,1.3534,2025-11-21 09:35:26,24621250
2025-W47,BEST,4847,SHORT,REVERSAL,2,58.0,283.0,9.5877,3.7,1.2612,-1.8,2025-11-21 09:36:49,24625500
2025-W47,BEST,4848,SHORT,REVERSAL,1,42.0,206.5,11.7276,0.2905,-0.9984,-4.2601,2025-11-21 09:37:39,24627750
2025-W47,BEST,4849,LONG,HARD_STOP,2,-120.0,-607.0,11.7276,0.2905,-0.9984,-4.2601,2025-11-21 09:37:44,24627929
2025-W47,BEST,4850,LONG,REVERSAL,1,40.0,196.5,9.2469,0.3359,-0.7231,1.6035,2025-11-21 09:37:59,24628350
2025-W47,BEST,4851,LONG,REVERSAL,1,40.0,196.5,-13.9083,-1.9769,0.2047,-1.2558,2025-11-21 09:39:17,24632043
2025-W47,BEST,4852,SHORT,REVERSAL,1,40.0,196.5,15.2978,2.6344,0.0509,-0.8461,2025-11-21 09:41:34,24638250
2025-W47,BEST,4853,SHORT,REVERSAL,1,40.0,196.5,16.387,1.8834,-0.5087,-2.7208,2025-11-21 09:42:06,24639500
2025-W47,BEST,4854,LONG,HARD_STOP,2,-120.0,-607.0,16.387,1.8834,-0.5087,-2.7208,2025-11-21 09:42:12,24639728
2025-W47,BEST,4855,LONG,REVERSAL,1,49.0,241.5,-9.9198,-2.0968,-0.2661,1.5242,2025-11-21 09:43:08,24642252
2025-W47,BEST,4856,LONG,REVERSAL,2,40.0,193.0,-7.8243,-1.9121,-0.3648,1.353,2025-11-21 09:45:25,24645750
2025-W47,BEST,4857,LONG,HARD_STOP,2,-121.0,-612.0,-15.2445,-3.612,-0.6427,1.3405,2025-11-21 09:45:58,24647250
2025-W47,BEST,4858,SHORT,REVERSAL,2,40.0,193.0,-18.1147,-2.3654,0.3922,2.3414,2025-11-21 09:46:15,24648855
2025-W47,BEST,4859,LONG,REVERSAL,2,40.0,193.0,-14.913,-1.8474,0.3829,1.8994,2025-11-21 09:46:34,24650250
2025-W47,BEST,4860,LONG,REVERSAL,1,41.0,201.5,2.5022,-1.3906,-1.0846,1.4102,2025-11-21 09:47:42,24655250
2025-W47,BEST,4861,SHORT,REVERSAL,1,40.0,196.5,17.3555,3.3209,0.257,-2.2677,2025-11-21 09:48:23,24658000
2025-W47,BEST,4862,LONG,REVERSAL,1,44.0,216.5,3.135,0.9742,0.271,3.2564,2025-11-21 09:50:33,24664500
2025-W47,BEST,4863,SHORT,REVERSAL,2,40.0,193.0,3.135,0.9742,0.271,3.2564,2025-11-21 09:50:35,24664569
2025-W47,BEST,4864,SHORT,REVERSAL,1,42.0,206.5,2.4165,0.5254,0.0736,-3.5063,2025-11-21 09:51:44,24666750
2025-W47,BEST,4865,LONG,HARD_STOP,2,-120.0,-607.0,2.4165,0.5254,0.0736,-3.5063,2025-11-21 09:51:50,24666921
2025-W47,BEST,4866,SHORT,HARD_STOP,2,-120.0,-607.0,1.7309,1.7662,0.8867,4.2459,2025-11-21 09:52:09,24667394
2025-W47,BEST,4867,LONG,REVERSAL,1,41.0,201.5,6.8215,-0.0087,-0.6873,2.1897,2025-11-21 09:53:16,24669750
2025-W47,BEST,4868,SHORT,REVERSAL,2,50.0,243.0,6.8215,-0.0087,-0.6873,2.1897,2025-11-21 09:53:19,24669815
2025-W47,BEST,4869,SHORT,REVERSAL,1,42.0,206.5,20.6287,1.6959,-1.0453,-3.674,2025-11-21 09:54:50,24673000
2025-W47,BEST,4870,LONG,HARD_STOP,2,-120.0,-607.0,20.6287,1.6959,-1.0453,-3.674,2025-11-21 09:54:53,24673149
2025-W47,BEST,4871,SHORT,REVERSAL,1,42.0,206.5,13.8981,-0.8177,-1.8804,1.0169,2025-11-21 09:55:03,24673763
2025-W47,BEST,4872,LONG,HARD_STOP,2,-123.0,-622.0,8.5937,-0.8107,-1.3458,0.7027,2025-11-21 09:55:36,24674671
2025-W47,BEST,4873,LONG,REVERSAL,1,40.0,196.5,-8.5713,-4.2966,-1.7208,2.3242,2025-11-21 09:56:15,24676250
2025-W47,BEST,4874,SHORT,REVERSAL,1,43.0,211.5,-8.5713,-4.2966,-1.7208,2.3242,2025-11-21 09:56:16,24676326
2025-W47,BEST,4875,LONG,REVERSAL,1,41.0,201.5,-8.5713,-4.2966,-1.7208,2.3242,2025-11-21 09:56:18,24676434
2025-W47,BEST,4876,SHORT,REVERSAL,1,43.0,211.5,-8.5713,-4.2966,-1.7208,2.3242,2025-11-21 09:56:19,24676471
2025-W47,BEST,4877,LONG,REVERSAL,1,42.0,206.5,-19.7559,-5.4119,-1.2716,2.978,2025-11-21 09:56:34,24677250
2025-W47,BEST,4878,SHORT,REVERSAL,1,41.0,201.5,-8.035,-0.2441,0.657,-3.0015,2025-11-21 09:58:11,24680250
2025-W47,BEST,4879,LONG,REVERSAL,2,40.0,193.0,-8.035,-0.2441,0.657,-3.0015,2025-11-21 09:58:11,24680275
2025-W47,BEST,4880,SHORT,REVERSAL,1,42.0,206.5,-6.6138,0.9538,1.2336,1.9491,2025-11-21 09:58:35,24680853
2025-W47,BEST,4881,SHORT,REVERSAL,1,42.0,206.5,0.1707,2.3392,1.3865,-2.5848,2025-11-21 10:00:08,24682750
2025-W47,BEST,4882,SHORT,REVERSAL,2,42.0,203.0,0.1707,2.3392,1.3865,-2.5848,2025-11-21 10:00:10,24682804
2025-W47,BEST,4883,LONG,HARD_STOP,2,-120.0,-607.0,-15.5438,-4.8203,-1.3378,2.2051,2025-11-21 10:01:03,24685250
2025-W47,BEST,4884,LONG,REVERSAL,1,40.0,196.5,-18.4552,-1.2731,1.0817,2.0683,2025-11-21 10:01:32,24687500
2025-W47,BEST,4885,SHORT,REVERSAL,1,40.0,196.5,-18.4552,-1.2731,1.0817,2.0683,2025-11-21 10:01:35,24687629
2025-W47,BEST,4886,LONG,REVERSAL,1,40.0,196.5,-13.9558,-1.5245,0.4809,2.0686,2025-11-21 10:02:43,24691000
2025-W47,BEST,4887,SHORT,REVERSAL,1,40.0,196.5,-13.9558,-1.5245,0.4809,2.0686,2025-11-21 10:02:46,24691133
2025-W47,BEST,4888,SHORT,REVERSAL,1,40.0,196.5,-12.4753,-0.8973,0.7091,-1.2132,2025-11-21 10:03:18,24693000
2025-W47,BEST,4889,SHORT,REVERSAL,2,42.0,203.0,7.0131,1.8994,0.4383,-1.1623,2025-11-21 10:04:46,24697500
2025-W47,BEST,4890,SHORT,REVERSAL,1,40.0,196.5,15.6352,2.6044,-0.0009,-3.5261,2025-11-21 10:05:10,24699000
2025-W47,BEST,4891,LONG,REVERSAL,1,40.0,196.5,15.6352,2.6044,-0.0009,-3.5261,2025-11-21 10:05:12,24699130
2025-W47,BEST,4892,LONG,REVERSAL,1,42.0,206.5,14.505,1.5271,-0.5342,3.3682,2025-11-21 10:06:04,24701500
2025-W47,BEST,4893,SHORT,HARD_STOP,2,-120.0,-607.0,14.505,1.5271,-0.5342,3.3682,2025-11-21 10:06:05,24701697
2025-W47,BEST,4894,LONG,REVERSAL,1,40.0,196.5,15.7581,1.6538,-0.5836,0.8366,2025-11-21 10:06:33,24703500
2025-W47,BEST,4895,SHORT,REVERSAL,1,40.0,196.5,15.7581,1.6538,-0.5836,0.8366,2025-11-21 10:06:34,24703524
2025-W47,BEST,4896,LONG,REVERSAL,1,40.0,196.5,12.2971,1.3027,-0.4481,2.9243,2025-11-21 10:06:49,24704250
2025-W47,BEST,4897,SHORT,REVERSAL,2,39.0,188.0,12.2971,1.3027,-0.4481,2.9243,2025-11-21 10:06:53,24704352
2025-W47,BEST,4898,LONG,REVERSAL,1,43.0,211.5,4.1786,0.6341,-0.0374,5.7165,2025-11-21 10:07:26,24705500
2025-W47,BEST,4899,SHORT,REVERSAL,1,40.0,196.5,4.1786,0.6341,-0.0374,5.7165,2025-11-21 10:07:29,24705645
2025-W47,BEST,4900,LONG,REVERSAL,2,37.0,178.0,-6.2708,-0.108,0.5623,-3.2855,2025-11-21 10:11:40,24715722
2025-W47,BEST,4901,LONG,REVERSAL,1,44.0,216.5,-0.9493,0.7235,0.529,2.3191,2025-11-21 10:15:05,24722500
2025-W47,BEST,4902,SHORT,REVERSAL,1,43.0,211.5,2.1171,-1.4326,-1.0713,-2.0168,2025-11-21 10:15:48,24724265
2025-W47,BEST,4903,LONG,REVERSAL,2,51.0,248.0,2.1171,-1.4326,-1.0713,-2.0168,2025-11-21 10:15:54,24724414
2025-W47,BEST,4904,SHORT,REVERSAL,1,40.0,196.5,-4.0536,-2.7276,-1.2312,-0.0681,2025-11-21 10:16:16,24725273
2025-W47,BEST,4905,LONG,REVERSAL,1,41.0,201.5,-4.0536,-2.7276,-1.2312,-0.0681,2025-11-21 10:16:19,24725450
2025-W47,BEST,4906,SHORT,REVERSAL,1,43.0,211.5,-1.8202,-1.4052,-0.6611,-5.3987,2025-11-21 10:16:44,24726250
2025-W47,BEST,4907,LONG,HARD_STOP,2,-120.0,-607.0,-1.8202,-1.4052,-0.6611,-5.3987,2025-11-21 10:16:53,24726454
2025-W47,BEST,4908,LONG,REVERSAL,1,40.0,196.5,-14.7496,-3.1719,-0.4282,1.293,2025-11-21 10:17:35,24728500
2025-W47,BEST,4909,SHORT,REVERSAL,2,52.0,253.0,15.9428,3.047,0.2339,1.3007,2025-11-21 10:19:33,24733619
2025-W47,BEST,4910,LONG,HARD_STOP,2,-121.0,-612.0,-7.9159,-2.4646,-0.6872,-4.3214,2025-11-21 10:21:00,24736810
2025-W47,BEST,4911,SHORT,REVERSAL,1,40.0,196.5,-12.6565,-3.3034,-0.7164,-2.9866,2025-11-21 10:21:36,24738250
2025-W47,BEST,4912,LONG,HARD_STOP,2,-121.0,-612.0,-12.6565,-3.3034,-0.7164,-2.9866,2025-11-21 10:21:45,24738465
2025-W47,BEST,4913,SHORT,HARD_STOP,2,-120.0,-607.0,3.5694,3.4855,1.7343,1.0036,2025-11-21 10:22:40,24741485
2025-W47,BEST,4914,SHORT,REVERSAL,1,42.0,206.5,15.1628,4.5436,1.2099,-3.5109,2025-11-21 10:22:47,24742250
2025-W47,BEST,4915,LONG,REVERSAL,2,40.0,193.0,15.1628,4.5436,1.2099,-3.5109,2025-11-21 10:22:51,24742435
2025-W47,BEST,4916,SHORT,REVERSAL,1,43.0,211.5,15.4558,0.7676,-1.085,-2.8794,2025-11-21 10:23:50,24745250
2025-W47,BEST,4917,LONG,HARD_STOP,2,-122.0,-617.0,15.4558,0.7676,-1.085,-2.8794,2025-11-21 10:23:53,24745378
2025-W47,BEST,4918,LONG,REVERSAL,1,40.0,196.5,2.1265,-2.0603,-1.4488,2.8901,2025-11-21 10:24:20,24746580
2025-W47,BEST,4919,SHORT,HARD_STOP,2,-123.0,-622.0,2.1265,-2.0603,-1.4488,2.8901,2025-11-21 10:24:22,24746695
2025-W47,BEST,4920,SHORT,REVERSAL,1,40.0,196.5,5.9081,1.6311,0.3879,-3.2203,2025-11-21 10:24:34,24747250
2025-W47,BEST,4921,LONG,REVERSAL,1,43.0,211.5,5.9081,1.6311,0.3879,-3.2203,2025-11-21 10:24:39,24747438
2025-W47,BEST,4922,LONG,REVERSAL,1,40.0,196.5,11.9168,-2.1918,-2.5068,2.173,2025-11-21 10:25:42,24750750
2025-W47,BEST,4923,SHORT,REVERSAL,1,40.0,196.5,11.9168,-2.1918,-2.5068,2.173,2025-11-21 10:25:47,24750917
2025-W47,BEST,4924,LONG,REVERSAL,1,40.0,196.5,-13.8799,-2.5426,-0.1376,4.8857,2025-11-21 10:26:40,24753250
2025-W47,BEST,4925,SHORT,REVERSAL,2,37.0,178.0,-13.8799,-2.5426,-0.1376,4.8857,2025-11-21 10:26:44,24753355
2025-W47,BEST,4926,SHORT,REVERSAL,2,42.0,203.0,-13.4818,-1.3718,0.5251,1.6555,2025-11-21 10:27:05,24754064
2025-W47,BEST,4927,LONG,REVERSAL,1,41.0,201.5,-19.3948,-1.3242,1.145,-1.7315,2025-11-21 10:28:42,24757445
2025-W47,BEST,4928,LONG,REVERSAL,1,40.0,196.5,-18.5624,-2.3632,0.4383,2.3408,2025-11-21 10:29:00,24758250
2025-W47,BEST,4929,LONG,REVERSAL,2,40.0,193.0,-18.9501,-3.0719,0.0518,-0.1695,2025-11-21 10:29:23,24759003
2025-W47,BEST,4930,SHORT,REVERSAL,1,42.0,206.5,-15.7976,-1.7572,0.5254,0.8768,2025-11-21 10:30:09,24760609
2025-W47,BEST,4931,SHORT,REVERSAL,1,41.0,201.5,5.0333,0.5258,-0.1878,-3.0065,2025-11-21 10:32:38,24765767
2025-W47,BEST,4932,LONG,REVERSAL,2,44.0,213.0,5.0333,0.5258,-0.1878,-3.0065,2025-11-21 10:32:41,24765965
2025-W47,BEST,4933,LONG,REVERSAL,1,40.0,196.5,-10.3561,-1.8736,-0.0885,2.2184,2025-11-21 10:34:37,24769752
2025-W47,BEST,4934,SHORT,REVERSAL,1,40.0,196.5,-9.4869,-2.3391,-0.4548,-3.0402,2025-11-21 10:34:53,24770252
2025-W47,BEST,4935,LONG,HARD_STOP,2,-120.0,-607.0,-9.4869,-2.3391,-0.4548,-3.0402,2025-11-21 10:34:56,24770414
2025-W47,BEST,4936,SHORT,REVERSAL,1,40.0,196.5,-11.0646,-1.4581,0.2316,2.7395,2025-11-21 10:35:12,24771382
2025-W47,BEST,4937,LONG,REVERSAL,1,40.0,196.5,-13.9607,-1.0398,0.7722,3.26,2025-11-21 10:35:43,24773000
2025-W47,BEST,4938,SHORT,REVERSAL,1,41.0,201.5,-13.9607,-1.0398,0.7722,3.26,2025-11-21 10:35:43,24773129
2025-W47,BEST,4939,LONG,REVERSAL,1,40.0,196.5,-12.8931,-1.2433,0.5433,-0.6267,2025-11-21 10:36:11,24775011
2025-W47,BEST,4940,LONG,REVERSAL,1,40.0,196.5,-14.7162,-2.1136,0.2035,1.9659,2025-11-21 10:36:40,24776500
2025-W47,BEST,4941,LONG,REVERSAL,1,40.0,196.5,-16.69,-2.2024,0.3475,2.1756,2025-11-21 10:37:13,24778000
2025-W47,BEST,4942,SHORT,REVERSAL,1,41.0,201.5,-6.5547,1.4379,1.5182,-2.422,2025-11-21 10:37:36,24779250
2025-W47,BEST,4943,LONG,REVERSAL,1,41.0,201.5,-0.1346,1.5435,0.9396,-0.6359,2025-11-21 10:38:19,24781373
2025-W47,BEST,4944,SHORT,REVERSAL,1,42.0,206.5,5.0503,2.1563,0.7887,-2.1016,2025-11-21 10:38:40,24782000
2025-W47,BEST,4945,LONG,REVERSAL,1,40.0,196.5,-3.7004,-2.8572,-1.3443,0.0893,2025-11-21 10:39:25,24783750
2025-W47,BEST,4946,LONG,REVERSAL,2,40.0,193.0,-3.5492,-0.5809,0.0064,-0.7923,2025-11-21 10:39:52,24784510
2025-W47,BEST,4947,SHORT,REVERSAL,1,41.0,201.5,-0.2056,2.2751,1.3856,0.4937,2025-11-21 10:40:28,24786266
2025-W47,BEST,4948,LONG,REVERSAL,1,40.0,196.5,-0.2056,2.2751,1.3856,0.4937,2025-11-21 10:40:30,24786354
2025-W47,BEST,4949,SHORT,REVERSAL,2,40.0,193.0,-0.2056,2.2751,1.3856,0.4937,2025-11-21 10:40:31,24786411
2025-W47,BEST,4950,SHORT,REVERSAL,1,40.0,196.5,9.5371,3.139,0.9297,-2.0347,2025-11-21 10:41:30,24788750
2025-W47,BEST,4951,LONG,REVERSAL,2,41.0,198.0,9.5371,3.139,0.9297,-2.0347,2025-11-21 10:41:33,24788909
2025-W47,BEST,4952,LONG,REVERSAL,1,41.0,201.5,5.853,-0.5648,-0.9242,0.5162,2025-11-21 10:41:56,24789500
2025-W47,BEST,4953,LONG,REVERSAL,1,40.0,196.5,5.8414,2.4634,0.8939,5.1966,2025-11-21 10:42:28,24790500
2025-W47,BEST,4954,SHORT,REVERSAL,2,47.0,228.0,5.8414,2.4634,0.8939,5.1966,2025-11-21 10:42:35,24790682
2025-W47,BEST,4955,SHORT,REVERSAL,1,40.0,196.5,10.0089,2.4455,0.4664,-1.6739,2025-11-21 10:43:04,24791750
2025-W47,BEST,4956,SHORT,REVERSAL,2,39.0,188.0,10.0089,2.4455,0.4664,-1.6739,2025-11-21 10:43:14,24791994
2025-W47,BEST,4957,SHORT,REVERSAL,2,42.0,203.0,16.3617,3.521,0.4764,-2.3802,2025-11-21 10:44:13,24794500
2025-W47,BEST,4958,SHORT,REVERSAL,2,46.0,223.0,17.6347,2.0796,-0.5157,0.0426,2025-11-21 10:44:37,24795750
2025-W47,BEST,4959,SHORT,REVERSAL,1,43.0,211.5,6.5997,1.2954,0.1173,-3.5738,2025-11-21 10:45:37,24798250
2025-W47,BEST,4960,LONG,REVERSAL,2,39.0,188.0,6.5997,1.2954,0.1173,-3.5738,2025-11-21 10:45:40,24798413
2025-W47,BEST,4961,SHORT,REVERSAL,1,42.0,206.5,6.1548,-0.278,-0.7823,-2.493,2025-11-21 10:46:20,24799502
2025-W47,BEST,4962,LONG,REVERSAL,1,40.0,196.5,6.1548,-0.278,-0.7823,-2.493,2025-11-21 10:46:36,24799747
2025-W47,BEST,4963,SHORT,REVERSAL,1,42.0,206.5,11.6224,1.1473,-0.4738,-2.5368,2025-11-21 10:47:27,24801500
2025-W47,BEST,4964,LONG,REVERSAL,1,40.0,196.5,9.5006,0.2169,-0.8199,2.4458,2025-11-21 10:48:11,24803000
2025-W47,BEST,4965,SHORT,REVERSAL,1,40.0,196.5,9.5006,0.2169,-0.8199,2.4458,2025-11-21 10:48:13,24803052
2025-W47,BEST,4966,SHORT,REVERSAL,1,41.0,201.5,11.6385,3.2277,0.7727,-1.6819,2025-11-21 10:49:39,24805250
2025-W47,BEST,4967,LONG,REVERSAL,1,44.0,216.5,11.6385,3.2277,0.7727,-1.6819,2025-11-21 10:49:46,24805459
2025-W47,BEST,4968,SHORT,REVERSAL,1,40.0,196.5,4.923,1.0919,0.1628,-2.2105,2025-11-21 10:50:54,24807501
2025-W47,BEST,4969,LONG,REVERSAL,1,41.0,201.5,4.923,1.0919,0.1628,-2.2105,2025-11-21 10:50:56,24807561
2025-W47,BEST,4970,SHORT,REVERSAL,1,40.0,196.5,4.923,1.0919,0.1628,-2.2105,2025-11-21 10:50:58,24807608
2025-W47,BEST,4971,LONG,HARD_STOP,2,-121.0,-612.0,4.923,1.0919,0.1628,-2.2105,2025-11-21 10:51:07,24807745
2025-W47,BEST,4972,SHORT,REVERSAL,1,40.0,196.5,11.8419,4.5178,1.5265,-3.7545,2025-11-21 10:54:46,24813750
2025-W47,BEST,4973,SHORT,REVERSAL,1,42.0,206.5,11.8419,4.5178,1.5265,-3.7545,2025-11-21 10:54:49,24813955
2025-W47,BEST,4974,LONG,REVERSAL,1,41.0,201.5,-12.0079,-3.659,-0.9946,1.4147,2025-11-21 10:58:22,24819250
2025-W47,BEST,4975,SHORT,REVERSAL,1,45.0,221.5,-12.0079,-3.659,-0.9946,1.4147,2025-11-21 10:58:25,24819308
2025-W47,BEST,4976,LONG,REVERSAL,1,40.0,196.5,-12.0079,-3.659,-0.9946,1.4147,2025-11-21 10:58:29,24819350
2025-W47,BEST,4977,SHORT,REVERSAL,1,40.0,196.5,-8.7395,-1.2874,0.1015,-5.1157,2025-11-21 10:58:52,24820000
2025-W47,BEST,4978,LONG,REVERSAL,2,44.0,213.0,-8.7395,-1.2874,0.1015,-5.1157,2025-11-21 10:59:01,24820159
2025-W47,BEST,4979,LONG,REVERSAL,1,46.0,226.5,-7.7664,0.4636,1.0548,2.3841,2025-11-21 11:03:40,24826500
2025-W47,BEST,4980,SHORT,REVERSAL,1,49.0,241.5,-7.7664,0.4636,1.0548,2.3841,2025-11-21 11:03:52,24826625
2025-W47,BEST,4981,SHORT,REVERSAL,2,42.0,203.0,14.1706,0.6288,-1.0398,0.5928,2025-11-21 11:08:43,24834629
2025-W47,BEST,4982,SHORT,REVERSAL,1,40.0,196.5,13.3951,4.3138,1.2488,-2.5159,2025-11-21 11:13:24,24840750
2025-W47,BEST,4983,SHORT,REVERSAL,1,40.0,196.5,21.7982,4.6027,0.5818,2.0368,2025-11-21 11:22:24,24853667
2025-W47,BEST,4984,SHORT,REVERSAL,1,40.0,196.5,6.8116,-0.3693,-0.9027,-4.0327,2025-11-21 11:27:40,24860750
2025-W47,BEST,4985,LONG,REVERSAL,2,53.0,258.0,6.8116,-0.3693,-0.9027,-4.0327,2025-11-21 11:27:50,24860939
2025-W47,BEST,4986,LONG,REVERSAL,1,40.0,196.5,8.4991,2.2157,0.4795,0.0086,2025-11-21 11:29:02,24862164
2025-W47,BEST,4987,SHORT,REVERSAL,1,40.0,196.5,16.6217,2.3848,-0.2313,-1.7837,2025-11-21 11:30:13,24864750
2025-W47,BEST,4988,LONG,REVERSAL,1,43.0,211.5,16.6217,2.3848,-0.2313,-1.7837,2025-11-21 11:30:15,24864822
2025-W47,BEST,4989,LONG,REVERSAL,1,41.0,201.5,8.2219,-0.875,-1.3472,2.5312,2025-11-21 11:31:11,24866750
2025-W47,BEST,4990,SHORT,REVERSAL,1,40.0,196.5,8.2219,-0.875,-1.3472,2.5312,2025-11-21 11:31:14,24866872
2025-W47,BEST,4991,SHORT,REVERSAL,1,41.0,201.5,6.0148,1.1665,0.0984,-1.6666,2025-11-21 11:34:30,24872500
2025-W47,BEST,4992,LONG,HARD_STOP,2,-126.0,-637.0,6.0148,1.1665,0.0984,-1.6666,2025-11-21 11:34:33,24872614
2025-W47,BEST,4993,SHORT,REVERSAL,1,40.0,196.5,11.5228,1.1956,-0.4349,0.6386,2025-11-21 11:37:30,24876927
2025-W47,BEST,4994,SHORT,REVERSAL,1,40.0,196.5,6.4238,0.137,-0.5602,-1.7218,2025-11-21 11:38:40,24878750
2025-W47,BEST,4995,LONG,HARD_STOP,2,-120.0,-607.0,6.4238,0.137,-0.5602,-1.7218,2025-11-21 11:38:48,24878936
2025-W47,BEST,4996,SHORT,REVERSAL,1,40.0,196.5,0.2491,-1.2837,-0.7951,-0.8666,2025-11-21 11:39:40,24880000
2025-W47,BEST,4997,LONG,REVERSAL,1,40.0,196.5,0.2491,-1.2837,-0.7951,-0.8666,2025-11-21 11:39:47,24880131
2025-W47,BEST,4998,LONG,REVERSAL,1,41.0,201.5,1.934,1.0768,0.4527,0.1683,2025-11-21 11:40:27,24880758
2025-W47,BEST,4999,LONG,REVERSAL,2,38.0,183.0,-6.5348,-1.7859,-0.4181,0.009,2025-11-21 11:45:42,24886256
2025-W47,BEST,5000,SHORT,REVERSAL,1,42.0,206.5,-1.3402,1.5429,1.0598,-1.7607,2025-11-21 11:46:25,24887250
2025-W47,BEST,5001,LONG,REVERSAL,2,37.0,178.0,-1.3402,1.5429,1.0598,-1.7607,2025-11-21 11:46:32,24887421
2025-W47,BEST,5002,LONG,REVERSAL,1,41.0,201.5,-2.4243,-0.422,-0.0108,1.2305,2025-11-21 11:47:16,24888000
2025-W47,BEST,5003,SHORT,REVERSAL,2,42.0,203.0,-2.4243,-0.422,-0.0108,1.2305,2025-11-21 11:47:18,24888022
2025-W47,BEST,5004,SHORT,REVERSAL,2,36.0,173.0,8.72,0.4772,-0.5857,0.8182,2025-11-21 11:48:37,24890250
2025-W47,BEST,5005,SHORT,REVERSAL,1,41.0,201.5,10.4656,2.5961,0.5111,-1.399,2025-11-21 11:51:20,24893500
2025-W47,BEST,5006,SHORT,REVERSAL,1,40.0,196.5,7.7946,0.6199,-0.4075,0.47,2025-11-21 11:55:41,24900110
2025-W47,BEST,5007,SHORT,REVERSAL,1,40.0,196.5,7.5434,0.3868,-0.5223,-1.4092,2025-11-21 11:56:03,24900500
2025-W47,BEST,5008,SHORT,HARD_STOP,2,-120.0,-607.0,12.5881,2.4309,0.1997,0.0798,2025-11-21 11:57:46,24903603
2025-W47,BEST,5009,SHORT,REVERSAL,2,40.0,193.0,14.5744,1.6397,-0.4736,-1.2849,2025-11-21 11:59:28,24907250
2025-W47,BEST,5010,LONG,HARD_STOP,2,-120.0,-607.0,13.0471,0.56,-0.9687,-2.3275,2025-11-21 12:00:03,24908488
2025-W47,BEST,5011,LONG,REVERSAL,1,40.0,196.5,-5.0024,-2.3951,-0.9368,1.7238,2025-11-21 12:01:49,24912000
2025-W47,BEST,5012,LONG,REVERSAL,1,43.0,211.5,-7.9507,-1.6788,-0.2122,1.9197,2025-11-21 12:02:51,24913500
2025-W47,BEST,5013,SHORT,REVERSAL,2,40.0,193.0,3.4331,2.2852,1.0278,-1.0088,2025-11-21 12:04:43,24916250
2025-W47,BEST,5014,LONG,HARD_STOP,2,-121.0,-612.0,4.9958,0.5225,-0.186,-3.2556,2025-11-21 12:05:08,24916833
2025-W47,BEST,5015,SHORT,HARD_STOP,2,-120.0,-607.0,7.0035,2.002,0.5008,-1.1255,2025-11-21 12:09:09,24920750
2025-W47,BEST,5016,SHORT,REVERSAL,1,40.0,196.5,7.1632,-0.6719,-1.1194,-1.832,2025-11-21 12:10:37,24923021
2025-W47,BEST,5017,LONG,REVERSAL,1,46.0,226.5,7.1632,-0.6719,-1.1194,-1.832,2025-11-21 12:10:46,24923245
2025-W47,BEST,5018,LONG,REVERSAL,1,40.0,196.5,5.1331,0.107,-0.4491,0.5982,2025-11-21 12:11:54,24924250
2025-W47,BEST,5019,SHORT,REVERSAL,1,40.0,196.5,5.1331,0.107,-0.4491,0.5982,2025-11-21 12:12:00,24924297
2025-W47,BEST,5020,LONG,HARD_STOP,2,-121.0,-612.0,5.1331,0.107,-0.4491,0.5982,2025-11-21 12:12:02,24924340
2025-W47,BEST,5021,SHORT,REVERSAL,1,40.0,196.5,-0.9809,-1.4572,-0.7762,2.8643,2025-11-21 12:12:52,24925190
2025-W47,BEST,5022,SHORT,REVERSAL,1,40.0,196.5,-3.1474,-0.7126,-0.1128,-2.0719,2025-11-21 12:14:13,24926500
2025-W47,BEST,5023,LONG,REVERSAL,1,44.0,216.5,-3.1474,-0.7126,-0.1128,-2.0719,2025-11-21 12:14:21,24926698
2025-W47,BEST,5024,LONG,REVERSAL,1,40.0,196.5,-3.608,-0.3445,0.1541,2.3986,2025-11-21 12:15:38,24927750
2025-W47,BEST,5025,SHORT,REVERSAL,1,42.0,206.5,-3.608,-0.3445,0.1541,2.3986,2025-11-21 12:15:54,24927993
2025-W47,BEST,5026,SHORT,REVERSAL,1,41.0,201.5,-3.0792,1.2636,1.0661,-2.5034,2025-11-21 12:21:07,24934500
2025-W47,BEST,5027,LONG,REVERSAL,2,39.0,188.0,-3.0792,1.2636,1.0661,-2.5034,2025-11-21 12:21:11,24934594
2025-W47,BEST,5028,SHORT,REVERSAL,1,40.0,196.5,11.7629,3.0627,0.6613,-1.8907,2025-11-21 12:24:08,24937750
2025-W47,BEST,5029,SHORT,REVERSAL,1,40.0,196.5,11.3354,0.6049,-0.7706,-0.2137,2025-11-21 12:26:14,24940000
2025-W47,BEST,5030,SHORT,REVERSAL,1,40.0,196.5,8.5553,1.5391,0.0679,-2.9473,2025-11-21 12:33:02,24946000
2025-W47,BEST,5031,LONG,REVERSAL,1,40.0,196.5,8.5553,1.5391,0.0679,-2.9473,2025-11-21 12:33:13,24946232
2025-W47,BEST,5032,SHORT,REVERSAL,1,40.0,196.5,9.8059,0.9912,-0.3859,-2.1228,2025-11-21 12:34:08,24947000
2025-W47,BEST,5033,LONG,REVERSAL,1,40.0,196.5,8.6112,0.7544,-0.4085,0.5614,2025-11-21 12:35:00,24947676
2025-W47,BEST,5034,LONG,REVERSAL,1,40.0,196.5,8.3993,0.3028,-0.6582,-1.9507,2025-11-21 12:35:24,24948222
2025-W47,BEST,5035,SHORT,REVERSAL,1,45.0,221.5,8.1794,1.4271,0.0383,-1.2943,2025-11-21 12:37:07,24950000
2025-W47,BEST,5036,LONG,HARD_STOP,2,-120.0,-607.0,-4.2056,-0.5846,0.0698,-0.6039,2025-11-21 12:40:11,24953840
2025-W47,BEST,5037,SHORT,REVERSAL,1,41.0,201.5,6.5782,2.0436,0.5683,1.8641,2025-11-21 12:45:59,24958736
2025-W47,BEST,5038,LONG,HARD_STOP,2,-120.0,-607.0,-5.8316,-2.7878,-1.0895,-2.4906,2025-11-21 12:51:54,24963146
2025-W47,BEST,5039,SHORT,REVERSAL,1,40.0,196.5,-9.1067,-1.823,-0.1831,-2.1068,2025-11-21 12:53:13,24964500
2025-W47,BEST,5040,LONG,REVERSAL,1,40.0,196.5,-9.1067,-1.823,-0.1831,-2.1068,2025-11-21 12:53:29,24964745
2025-W47,BEST,5041,SHORT,REVERSAL,2,50.0,243.0,0.3799,2.9523,1.7334,-0.9256,2025-11-21 12:55:11,24966500
2025-W47,BEST,5042,LONG,REVERSAL,1,40.0,196.5,-4.79,-0.6182,0.1081,2.7171,2025-11-21 12:58:50,24969500
2025-W47,BEST,5043,SHORT,REVERSAL,2,40.0,193.0,-4.79,-0.6182,0.1081,2.7171,2025-11-21 12:59:09,24969738
2025-W47,BEST,5044,LONG,REVERSAL,1,40.0,196.5,-7.5,-1.993,-0.4458,1.4983,2025-11-21 13:03:33,24973500
2025-W47,BEST,5045,LONG,REVERSAL,2,40.0,193.0,-17.2089,-2.3068,0.3368,-1.4233,2025-11-21 13:05:07,24977025
2025-W47,BEST,5046,LONG,REVERSAL,2,41.0,198.0,-14.5137,-1.4244,0.5967,-1.0814,2025-11-21 13:05:29,24978219
2025-W47,BEST,5047,LONG,REVERSAL,2,39.0,188.0,-7.4688,-2.4026,-0.6947,-3.2744,2025-11-21 13:08:36,24982654
2025-W47,BEST,5048,SHORT,REVERSAL,1,42.0,206.5,-3.9178,0.8143,0.8804,-2.2036,2025-11-21 13:09:32,24983500
2025-W47,BEST,5049,LONG,HARD_STOP,2,-120.0,-607.0,-3.9178,0.8143,0.8804,-2.2036,2025-11-21 13:09:48,24983706
2025-W47,BEST,5050,SHORT,REVERSAL,1,40.0,196.5,-1.8612,0.3599,0.4021,-2.715,2025-11-21 13:13:23,24987500
2025-W47,BEST,5051,LONG,HARD_STOP,2,-120.0,-607.0,-1.8612,0.3599,0.4021,-2.715,2025-11-21 13:13:33,24987700
2025-W47,BEST,5052,SHORT,REVERSAL,1,41.0,201.5,0.9024,2.3539,1.3221,-1.276,2025-11-21 13:19:26,24994250
2025-W47,BEST,5053,SHORT,REVERSAL,1,41.0,201.5,1.6905,1.1565,0.5249,0.5234,2025-11-21 13:20:02,24994880
2025-W47,BEST,5054,LONG,REVERSAL,1,41.0,201.5,1.6905,1.1565,0.5249,0.5234,2025-11-21 13:20:02,24994913
2025-W47,BEST,5055,SHORT,HARD_STOP,2,-124.0,-627.0,1.6905,1.1565,0.5249,0.5234,2025-11-21 13:20:05,24994958
2025-W47,BEST,5056,SHORT,REVERSAL,1,40.0,196.5,11.4109,3.2849,0.8298,0.1163,2025-11-21 13:21:36,24997097
2025-W47,BEST,5057,LONG,REVERSAL,1,40.0,196.5,7.417,-1.0837,-1.3919,1.7084,2025-11-21 13:22:15,24998250
2025-W47,BEST,5058,LONG,REVERSAL,1,40.0,196.5,-1.0814,0.0841,0.1586,2.0415,2025-11-21 13:26:35,25001500
2025-W47,BEST,5059,SHORT,REVERSAL,1,40.0,196.5,13.2483,3.2981,0.654,-1.887,2025-11-21 13:30:48,25005000
2025-W47,BEST,5060,SHORT,REVERSAL,2,40.0,193.0,19.3151,3.5286,0.1856,-1.5071,2025-11-21 13:32:27,25007250
2025-W47,BEST,5061,LONG,REVERSAL,1,40.0,196.5,10.3712,-0.1652,-1.1362,3.5413,2025-11-21 13:33:53,25009000
2025-W47,BEST,5062,SHORT,HARD_STOP,2,-120.0,-607.0,10.3712,-0.1652,-1.1362,3.5413,2025-11-21 13:33:55,25009073
2025-W47,BEST,5063,SHORT,REVERSAL,2,42.0,203.0,14.1463,1.7548,-0.3617,1.3113,2025-11-21 13:38:28,25013167
2025-W47,BEST,5064,LONG,REVERSAL,1,40.0,196.5,9.3057,0.846,-0.423,3.101,2025-11-21 13:40:37,25015000
2025-W47,BEST,5065,SHORT,REVERSAL,1,42.0,206.5,9.3057,0.846,-0.423,3.101,2025-11-21 13:40:44,25015098
2025-W47,BEST,5066,SHORT,REVERSAL,1,40.0,196.5,10.4008,1.6471,-0.0518,-1.0368,2025-11-21 13:45:08,25018500
2025-W47,BEST,5067,SHORT,REVERSAL,1,41.0,201.5,5.8904,-1.2151,-1.3181,-2.9462,2025-11-21 13:46:39,25020000
2025-W47,BEST,5068,SHORT,HARD_STOP,2,-120.0,-607.0,19.9923,4.4217,0.6538,2.5196,2025-11-21 13:48:19,25023370
2025-W47,BEST,5069,SHORT,HARD_STOP,2,-124.0,-627.0,27.5387,6.0311,0.8648,-1.8828,2025-11-21 13:48:29,25024260
2025-W47,BEST,5070,LONG,HARD_STOP,2,-120.0,-607.0,30.7152,4.8579,-0.1568,-2.902,2025-11-21 13:48:40,25025228
2025-W47,BEST,5071,SHORT,REVERSAL,1,41.0,201.5,24.1598,1.9507,-1.2455,-1.1127,2025-11-21 13:48:49,25026251
2025-W47,BEST,5072,SHORT,HARD_STOP,2,-120.0,-607.0,20.4799,1.1585,-1.3529,1.3979,2025-11-21 13:49:00,25026892
2025-W47,BEST,5073,SHORT,REVERSAL,1,41.0,201.5,21.2433,1.6285,-1.1472,-3.4696,2025-11-21 13:49:17,25028000
2025-W47,BEST,5074,LONG,REVERSAL,1,44.0,216.5,11.2578,-0.4384,-1.3888,2.7346,2025-11-21 13:49:36,25029250
2025-W47,BEST,5075,SHORT,HARD_STOP,2,-122.0,-617.0,11.2578,-0.4384,-1.3888,2.7346,2025-11-21 13:49:40,25029433
2025-W47,BEST,5076,SHORT,REVERSAL,2,43.0,208.0,10.1651,-0.5044,-1.3191,0.3761,2025-11-21 13:50:57,25033313
2025-W47,BEST,5077,LONG,REVERSAL,1,40.0,196.5,3.6586,-0.9274,-0.9223,1.1069,2025-11-21 13:51:35,25034750
2025-W47,BEST,5078,LONG,REVERSAL,1,40.0,196.5,-5.1114,1.1253,1.1863,2.3437,2025-11-21 13:53:28,25039000
2025-W47,BEST,5079,SHORT,REVERSAL,1,40.0,196.5,-5.1114,1.1253,1.1863,2.3437,2025-11-21 13:53:36,25039166
2025-W47,BEST,5080,LONG,REVERSAL,1,42.0,206.5,-7.6323,-1.368,-0.0576,3.5295,2025-11-21 13:54:13,25040250
2025-W47,BEST,5081,SHORT,REVERSAL,1,40.0,196.5,-7.6323,-1.368,-0.0576,3.5295,2025-11-21 13:54:19,25040441
2025-W47,BEST,5082,LONG,REVERSAL,2,50.0,243.0,-8.8667,-3.1031,-0.9752,-2.7867,2025-11-21 13:58:04,25045643
2025-W47,BEST,5083,SHORT,REVERSAL,1,40.0,196.5,1.9945,2.2283,1.1375,-0.8071,2025-11-21 14:00:21,25048010
2025-W47,BEST,5084,LONG,REVERSAL,2,42.0,203.0,1.9945,2.2283,1.1375,-0.8071,2025-11-21 14:00:29,25048199
2025-W47,BEST,5085,SHORT,REVERSAL,1,41.0,201.5,6.5597,2.4313,0.8028,-0.9828,2025-11-21 14:03:45,25051500
2025-W47,BEST,5086,LONG,REVERSAL,1,41.0,201.5,6.5597,2.4313,0.8028,-0.9828,2025-11-21 14:03:48,25051566
2025-W47,BEST,5087,LONG,REVERSAL,1,40.0,196.5,8.8819,2.2268,0.4479,-0.1192,2025-11-21 14:04:29,25052276
2025-W47,BEST,5088,LONG,REVERSAL,1,40.0,196.5,8.5891,1.1499,-0.169,2.2125,2025-11-21 14:06:02,25054250
2025-W47,BEST,5089,SHORT,REVERSAL,2,48.0,233.0,8.5891,1.1499,-0.169,2.2125,2025-11-21 14:06:10,25054483
2025-W47,BEST,5090,SHORT,REVERSAL,1,41.0,201.5,11.8507,1.1817,-0.4761,-1.6079,2025-11-21 14:07:40,25056500
2025-W47,BEST,5091,LONG,REVERSAL,2,40.0,193.0,11.8507,1.1817,-0.4761,-1.6079,2025-11-21 14:07:45,25056634
2025-W47,BEST,5092,SHORT,REVERSAL,1,40.0,196.5,9.2705,2.1029,0.3347,-1.4007,2025-11-21 14:09:24,25058500
2025-W47,BEST,5093,SHORT,REVERSAL,1,40.0,196.5,8.0029,-0.2678,-0.961,-3.3705,2025-11-21 14:10:10,25059500
2025-W47,BEST,5094,LONG,REVERSAL,2,38.0,183.0,8.0029,-0.2678,-0.961,-3.3705,2025-11-21 14:10:16,25059595
2025-W47,BEST,5095,LONG,REVERSAL,1,41.0,201.5,-0.0409,0.4537,0.2763,3.3866,2025-11-21 14:18:14,25066250
2025-W47,BEST,5096,SHORT,HARD_STOP,2,-121.0,-612.0,-0.0409,0.4537,0.2763,3.3866,2025-11-21 14:18:19,25066319
2025-W47,BEST,5097,LONG,REVERSAL,1,40.0,196.5,6.1116,1.6439,0.3752,0.964,2025-11-21 14:19:59,25067750
2025-W47,BEST,5098,SHORT,REVERSAL,1,40.0,196.5,12.7032,1.8962,-0.1326,-0.974,2025-11-21 14:22:20,25070500
2025-W47,BEST,5099,LONG,REVERSAL,1,42.0,206.5,5.8404,-0.332,-0.7833,1.3955,2025-11-21 14:24:15,25072000
2025-W47,BEST,5100,SHORT,REVERSAL,1,40.0,196.5,6.6263,0.5864,-0.3108,-1.7716,2025-11-21 14:25:38,25073000
2025-W47,BEST,5101,LONG,REVERSAL,1,40.0,196.5,-2.3914,-1.9337,-0.9211,1.5459,2025-11-21 14:31:08,25077250
2025-W47,BEST,5102,LONG,REVERSAL,1,40.0,196.5,-13.3883,-1.0484,0.7098,3.1371,2025-11-21 14:33:32,25080750
2025-W47,BEST,5103,SHORT,REVERSAL,1,40.0,196.5,-13.3883,-1.0484,0.7098,3.1371,2025-11-21 14:33:40,25080924
2025-W47,BEST,5104,SHORT,REVERSAL,1,40.0,196.5,8.0445,2.1615,0.4924,0.0846,2025-11-21 14:40:19,25086542
2025-W47,BEST,5105,LONG,REVERSAL,1,44.0,216.5,-15.2907,-2.7327,-0.1106,1.6207,2025-11-21 14:44:24,25090500
2025-W47,BEST,5106,LONG,REVERSAL,1,40.0,196.5,-13.6088,-1.1273,0.6845,1.5318,2025-11-21 14:45:11,25091500
2025-W47,BEST,5107,SHORT,REVERSAL,1,41.0,201.5,-13.6088,-1.1273,0.6845,1.5318,2025-11-21 14:45:17,25091631
2025-W47,BEST,5108,LONG,REVERSAL,1,42.0,206.5,-13.9888,-2.1128,0.1312,1.5282,2025-11-21 14:46:26,25092750
2025-W47,BEST,5109,LONG,REVERSAL,1,41.0,201.5,-13.1921,-1.6381,0.3364,1.7845,2025-11-21 14:47:23,25094000
2025-W47,BEST,5110,LONG,REVERSAL,1,41.0,201.5,-8.7351,-2.371,-0.5491,1.9052,2025-11-21 14:57:18,25103000
2025-W47,BEST,5111,SHORT,REVERSAL,2,39.0,188.0,-8.7351,-2.371,-0.5491,1.9052,2025-11-21 14:57:36,25103218
2025-W47,BEST,5112,SHORT,HARD_STOP,2,-120.0,-607.0,-3.4791,1.1466,1.0359,-0.5366,2025-11-21 14:59:37,25104250
2025-W47,BEST,5113,LONG,REVERSAL,2,39.0,188.0,2.9258,1.5233,0.6214,-2.0683,2025-11-21 15:00:53,25105748
2025-W47,BEST,5114,LONG,REVERSAL,1,40.0,196.5,-1.9261,-1.8694,-0.929,0.3424,2025-11-21 15:05:09,25108000
2025-W47,BEST,5115,LONG,REVERSAL,1,40.0,196.5,-0.668,0.9264,0.6226,2.3309,2025-11-21 15:06:50,25109250
2025-W47,BEST,5116,SHORT,REVERSAL,1,40.0,196.5,-0.668,0.9264,0.6226,2.3309,2025-11-21 15:07:21,25109493
2025-W47,BEST,5117,SHORT,REVERSAL,2,48.0,233.0,0.1473,1.6123,0.9527,3.1594,2025-11-21 15:08:32,25110100
2025-W47,BEST,5118,SHORT,REVERSAL,1,43.0,211.5,3.1838,-0.3446,-0.5252,-2.1638,2025-11-21 15:15:18,25114500
2025-W47,BEST,5119,LONG,REVERSAL,1,43.0,211.5,3.1838,-0.3446,-0.5252,-2.1638,2025-11-21 15:15:29,25114580
2025-W47,BEST,5120,LONG,REVERSAL,1,42.0,206.5,4.8655,1.5015,0.4144,1.1246,2025-11-21 15:19:00,25116551
2025-W47,BEST,5121,SHORT,REVERSAL,1,41.0,201.5,4.8655,1.5015,0.4144,1.1246,2025-11-21 15:19:06,25116619
2025-W47,BEST,5122,SHORT,REVERSAL,1,41.0,201.5,2.0085,-0.4478,-0.4695,-0.8256,2025-11-21 15:20:52,25117750
2025-W47,BEST,5123,LONG,HARD_STOP,2,-120.0,-607.0,-6.6977,-3.3706,-1.3526,-0.1573,2025-11-21 15:23:46,25119526
2025-W47,BEST,5124,LONG,REVERSAL,1,42.0,206.5,-11.4257,-3.1138,-0.7257,1.9034,2025-11-21 15:24:17,25120304
2025-W47,BEST,5125,SHORT,REVERSAL,2,42.0,203.0,-11.4257,-3.1138,-0.7257,1.9034,2025-11-21 15:24:30,25120497
2025-W47,BEST,5126,LONG,REVERSAL,1,42.0,206.5,-7.7024,0.3082,0.9552,1.1104,2025-11-21 15:25:44,25121574
2025-W47,BEST,5127,LONG,HARD_STOP,2,-120.0,-607.0,-15.8358,-3.1727,-0.32,-2.1443,2025-11-21 15:29:00,25124624
2025-W47,BEST,5128,LONG,REVERSAL,1,40.0,196.5,-17.8673,-1.6022,0.8254,5.1505,2025-11-21 15:30:01,25125750
2025-W47,BEST,5129,SHORT,REVERSAL,1,40.0,196.5,-17.8673,-1.6022,0.8254,5.1505,2025-11-21 15:30:05,25125967
2025-W47,BEST,5130,LONG,REVERSAL,2,40.0,193.0,-16.4685,-0.9554,1.0736,1.4263,2025-11-21 15:30:15,25126269
2025-W47,BEST,5131,SHORT,REVERSAL,1,41.0,201.5,-13.9875,-2.2595,0.0431,-3.1851,2025-11-21 15:32:02,25129000
2025-W47,BEST,5132,LONG,REVERSAL,1,40.0,196.5,-13.9875,-2.2595,0.0431,-3.1851,2025-11-21 15:32:07,25129052
2025-W47,BEST,5133,SHORT,REVERSAL,1,41.0,201.5,1.7257,2.5616,1.3644,-2.8904,2025-11-21 15:33:47,25131250
2025-W47,BEST,5134,SHORT,REVERSAL,1,40.0,196.5,3.3503,0.2741,-0.1705,-1.006,2025-11-21 15:38:15,25137250
2025-W47,BEST,5135,LONG,REVERSAL,1,40.0,196.5,3.3503,0.2741,-0.1705,-1.006,2025-11-21 15:38:19,25137290
2025-W47,BEST,5136,LONG,REVERSAL,1,40.0,196.5,-8.3344,-1.6534,-0.1586,0.9134,2025-11-21 15:44:24,25142000
2025-W47,BEST,5137,SHORT,REVERSAL,2,40.0,193.0,1.1153,1.8219,0.9816,0.857,2025-11-21 15:45:59,25143750
2025-W47,BEST,5138,SHORT,REVERSAL,1,40.0,196.5,4.9204,0.6362,-0.1103,-0.5341,2025-11-21 15:49:12,25147014
2025-W47,BEST,5139,LONG,EOD_FLATTEN,1,-24.0,-123.5,4.9204,0.6362,-0.1103,-0.5341,2025-11-21 15:49:21,25147101
2025-W48,LOW,5140,SHORT,REVERSAL,1,40.0,196.5,1.6956,1.4081,0.6753,-1.6645,2025-11-24 09:30:06,25311750
2025-W48,LOW,5141,SHORT,REVERSAL,1,40.0,196.5,-1.2075,-1.4276,-0.7358,-1.7056,2025-11-24 09:30:19,25313000
2025-W48,LOW,5142,SHORT,REVERSAL,1,41.0,201.5,10.2387,2.9661,0.7558,-3.304,2025-11-24 09:31:06,25316000
2025-W48,LOW,5143,LONG,REVERSAL,1,40.0,196.5,10.2387,2.9661,0.7558,-3.304,2025-11-24 09:31:09,25316206
2025-W48,LOW,5144,LONG,REVERSAL,1,41.0,201.5,10.769,0.9709,-0.4944,1.3198,2025-11-24 09:31:25,25317503
2025-W48,LOW,5145,SHORT,REVERSAL,1,40.0,196.5,10.769,0.9709,-0.4944,1.3198,2025-11-24 09:31:28,25317632
2025-W48,LOW,5146,SHORT,REVERSAL,1,41.0,201.5,15.2739,2.2698,-0.1655,-1.4425,2025-11-24 09:35:09,25329250
2025-W48,LOW,5147,SHORT,REVERSAL,1,40.0,196.5,15.3572,2.1903,-0.2215,-1.9226,2025-11-24 09:35:38,25331250
2025-W48,LOW,5148,SHORT,REVERSAL,1,40.0,196.5,14.3229,1.8518,-0.3212,0.5996,2025-11-24 09:35:51,25331940
2025-W48,LOW,5149,LONG,REVERSAL,1,40.0,196.5,1.5407,-0.6389,-0.5374,2.2222,2025-11-24 09:36:22,25333750
2025-W48,LOW,5150,SHORT,REVERSAL,2,44.0,213.0,1.5407,-0.6389,-0.5374,2.2222,2025-11-24 09:36:24,25333846
2025-W48,LOW,5151,LONG,REVERSAL,1,41.0,201.5,-5.7863,-0.5727,0.235,3.0182,2025-11-24 09:38:07,25337500
2025-W48,LOW,5152,SHORT,REVERSAL,2,44.0,213.0,-5.7863,-0.5727,0.235,3.0182,2025-11-24 09:38:12,25337726
2025-W48,LOW,5153,LONG,HARD_STOP,2,-120.0,-607.0,-6.4748,-1.5025,-0.254,1.3131,2025-11-24 09:39:06,25339250
2025-W48,LOW,5154,LONG,REVERSAL,2,42.0,203.0,-11.5786,-2.498,-0.3409,0.687,2025-11-24 09:40:37,25343019
2025-W48,LOW,5155,LONG,REVERSAL,1,40.0,196.5,-11.5586,-2.4877,-0.3367,2.0594,2025-11-24 09:44:44,25351505
2025-W48,LOW,5156,SHORT,REVERSAL,1,40.0,196.5,-11.5586,-2.4877,-0.3367,2.0594,2025-11-24 09:44:47,25351636
2025-W48,LOW,5157,SHORT,REVERSAL,1,41.0,201.5,-1.3186,2.2164,1.4617,-1.7416,2025-11-24 09:45:21,25353260
2025-W48,LOW,5158,LONG,REVERSAL,1,41.0,201.5,0.4343,2.3185,1.3477,1.7954,2025-11-24 09:45:36,25353834
2025-W48,LOW,5159,LONG,REVERSAL,1,41.0,201.5,-0.3389,0.6132,0.4018,3.6592,2025-11-24 09:46:37,25355500
2025-W48,LOW,5160,SHORT,REVERSAL,1,40.0,196.5,-0.3389,0.6132,0.4018,3.6592,2025-11-24 09:46:47,25355741
2025-W48,LOW,5161,SHORT,REVERSAL,1,40.0,196.5,10.2655,0.9632,-0.4486,-2.8033,2025-11-24 09:48:20,25358500
2025-W48,LOW,5162,LONG,REVERSAL,1,40.0,196.5,-5.8584,-3.6542,-1.6067,2.7885,2025-11-24 09:49:28,25360500
2025-W48,LOW,5163,SHORT,REVERSAL,1,40.0,196.5,-5.8584,-3.6542,-1.6067,2.7885,2025-11-24 09:49:30,25360642
2025-W48,LOW,5164,LONG,REVERSAL,1,41.0,201.5,-18.42,-3.6111,-0.3247,1.7778,2025-11-24 09:50:15,25362588
2025-W48,LOW,5165,SHORT,REVERSAL,1,40.0,196.5,-16.8233,-1.653,0.6905,-1.0243,2025-11-24 09:50:36,25363799
2025-W48,LOW,5166,SHORT,REVERSAL,1,41.0,201.5,11.4374,1.7698,-0.0819,2.0576,2025-11-24 09:53:45,25370417
2025-W48,LOW,5167,LONG,REVERSAL,1,40.0,196.5,11.4374,1.7698,-0.0819,2.0576,2025-11-24 09:53:49,25370483
2025-W48,LOW,5168,SHORT,REVERSAL,1,40.0,196.5,13.6573,1.9921,-0.1705,-2.5605,2025-11-24 09:54:11,25371000
2025-W48,LOW,5169,LONG,HARD_STOP,2,-120.0,-607.0,13.6573,1.9921,-0.1705,-2.5605,2025-11-24 09:54:15,25371177
2025-W48,LOW,5170,SHORT,REVERSAL,1,40.0,196.5,1.118,-0.4903,-0.406,-3.6274,2025-11-24 09:57:04,25375500
2025-W48,LOW,5171,LONG,REVERSAL,2,40.0,193.0,1.118,-0.4903,-0.406,-3.6274,2025-11-24 09:57:15,25375666
2025-W48,LOW,5172,SHORT,REVERSAL,1,43.0,211.5,1.9652,-0.459,-0.4719,-2.6352,2025-11-24 09:57:48,25376250
2025-W48,LOW,5173,LONG,REVERSAL,1,47.0,231.5,1.9652,-0.459,-0.4719,-2.6352,2025-11-24 09:57:51,25376293
2025-W48,LOW,5174,SHORT,REVERSAL,1,41.0,201.5,1.9652,-0.459,-0.4719,-2.6352,2025-11-24 09:57:54,25376313
2025-W48,LOW,5175,LONG,REVERSAL,1,41.0,201.5,1.9652,-0.459,-0.4719,-2.6352,2025-11-24 09:58:01,25376456
2025-W48,LOW,5176,SHORT,REVERSAL,1,40.0,196.5,4.6026,-0.1039,-0.5226,-2.849,2025-11-24 09:59:32,25378250
2025-W48,LOW,5177,LONG,REVERSAL,1,40.0,196.5,4.6026,-0.1039,-0.5226,-2.849,2025-11-24 09:59:39,25378355
2025-W48,LOW,5178,SHORT,REVERSAL,2,40.0,193.0,12.9408,3.9681,1.0868,-1.5545,2025-11-24 10:00:03,25379500
2025-W48,LOW,5179,LONG,REVERSAL,1,41.0,201.5,13.5257,1.1472,-0.6643,-2.4743,2025-11-24 10:00:34,25381238
2025-W48,LOW,5180,LONG,REVERSAL,1,40.0,196.5,9.5464,1.228,-0.2178,2.818,2025-11-24 10:01:38,25383000
2025-W48,LOW,5181,SHORT,HARD_STOP,2,-120.0,-607.0,9.5464,1.228,-0.2178,2.818,2025-11-24 10:01:48,25383172
2025-W48,LOW,5182,SHORT,REVERSAL,1,41.0,201.5,11.161,1.4715,-0.2332,-0.5554,2025-11-24 10:02:41,25385513
2025-W48,LOW,5183,SHORT,REVERSAL,1,41.0,201.5,5.1616,0.4629,-0.2384,-0.8032,2025-11-24 10:05:06,25389250
2025-W48,LOW,5184,LONG,REVERSAL,1,41.0,201.5,5.1616,0.4629,-0.2384,-0.8032,2025-11-24 10:05:09,25389355
2025-W48,LOW,5185,LONG,REVERSAL,2,46.0,223.0,-3.7156,-2.2724,-0.9919,-2.5569,2025-11-24 10:07:59,25395403
2025-W48,LOW,5186,SHORT,REVERSAL,1,40.0,196.5,-8.2514,-2.2251,-0.5099,-3.6937,2025-11-24 10:10:07,25398500
2025-W48,LOW,5187,LONG,REVERSAL,2,40.0,193.0,-12.8087,-1.6788,0.2736,-3.5178,2025-11-24 10:12:02,25402057
2025-W48,LOW,5188,SHORT,REVERSAL,1,40.0,196.5,2.981,1.8285,0.799,-3.3321,2025-11-24 10:12:51,25404250
2025-W48,LOW,5189,LONG,REVERSAL,1,40.0,196.5,2.981,1.8285,0.799,-3.3321,2025-11-24 10:12:54,25404379
2025-W48,LOW,5190,SHORT,REVERSAL,2,39.0,188.0,11.8324,2.8545,0.5295,-2.0261,2025-11-24 10:14:36,25407250
2025-W48,LOW,5191,LONG,REVERSAL,1,40.0,196.5,10.4477,1.1998,-0.3249,2.0125,2025-11-24 10:15:33,25409001
2025-W48,LOW,5192,SHORT,REVERSAL,1,40.0,196.5,10.4477,1.1998,-0.3249,2.0125,2025-11-24 10:15:35,25409049
2025-W48,LOW,5193,LONG,REVERSAL,1,40.0,196.5,10.4477,1.1998,-0.3249,2.0125,2025-11-24 10:15:42,25409161
2025-W48,LOW,5194,SHORT,REVERSAL,1,40.0,196.5,10.4477,1.1998,-0.3249,2.0125,2025-11-24 10:15:44,25409231
2025-W48,LOW,5195,SHORT,REVERSAL,1,41.0,201.5,3.6958,1.1934,0.3465,-0.7358,2025-11-24 10:16:41,25410750
2025-W48,LOW,5196,SHORT,REVERSAL,1,41.0,201.5,-1.4466,-1.7156,-0.8847,-3.1961,2025-11-24 10:19:09,25413750
2025-W48,LOW,5197,LONG,HARD_STOP,2,-121.0,-612.0,-1.4466,-1.7156,-0.8847,-3.1961,2025-11-24 10:19:16,25413888
2025-W48,LOW,5198,SHORT,REVERSAL,2,39.0,188.0,0.4931,1.324,0.7451,0.169,2025-11-24 10:21:38,25417522
2025-W48,LOW,5199,SHORT,REVERSAL,1,40.0,196.5,5.6288,1.5224,0.3505,-2.3181,2025-11-24 10:23:10,25419500
2025-W48,LOW,5200,LONG,HARD_STOP,2,-120.0,-607.0,5.6288,1.5224,0.3505,-2.3181,2025-11-24 10:23:14,25419660
2025-W48,LOW,5201,LONG,REVERSAL,1,41.0,201.5,-9.0757,-3.0849,-0.9434,0.3962,2025-11-24 10:24:44,25422250
2025-W48,LOW,5202,LONG,REVERSAL,1,43.0,211.5,-9.8498,-0.7097,0.5592,2.0524,2025-11-24 10:25:19,25423750
2025-W48,LOW,5203,LONG,REVERSAL,1,40.0,196.5,-5.9773,-0.2455,0.4504,-1.8136,2025-11-24 10:26:01,25425025
2025-W48,LOW,5204,LONG,REVERSAL,1,40.0,196.5,-1.9095,-0.3348,-0.0099,-0.1038,2025-11-24 10:26:50,25426275
2025-W48,LOW,5205,SHORT,REVERSAL,2,40.0,193.0,6.1158,2.6257,0.9638,-0.4064,2025-11-24 10:27:22,25427522
2025-W48,LOW,5206,SHORT,REVERSAL,1,40.0,196.5,10.9081,1.9606,0.0856,-1.5527,2025-11-24 10:28:19,25429250
2025-W48,LOW,5207,LONG,REVERSAL,1,40.0,196.5,-0.8864,-1.331,-0.71,1.5203,2025-11-24 10:30:35,25432251
2025-W48,LOW,5208,LONG,REVERSAL,1,40.0,196.5,2.1668,-0.3186,-0.4078,2.0172,2025-11-24 10:37:32,25442011
2025-W48,LOW,5209,SHORT,REVERSAL,1,40.0,196.5,2.1668,-0.3186,-0.4078,2.0172,2025-11-24 10:37:38,25442149
2025-W48,LOW,5210,SHORT,REVERSAL,1,40.0,196.5,5.5156,1.1392,0.1319,-0.9098,2025-11-24 10:45:46,25453000
2025-W48,LOW,5211,SHORT,REVERSAL,1,40.0,196.5,0.8718,0.3313,0.1116,-0.7078,2025-11-24 10:49:42,25456764
2025-W48,LOW,5212,LONG,HARD_STOP,2,-120.0,-607.0,-4.0407,-1.0569,-0.23,0.3892,2025-11-24 10:54:48,25462500
2025-W48,LOW,5213,SHORT,HARD_STOP,2,-120.0,-607.0,1.47,1.4669,0.7332,-0.9292,2025-11-24 11:00:14,25468500
2025-W48,LOW,5214,SHORT,REVERSAL,2,39.0,188.0,6.6664,0.9448,-0.0997,-0.7987,2025-11-24 11:07:22,25476500
2025-W48,LOW,5215,SHORT,REVERSAL,1,41.0,201.5,4.7226,0.0153,-0.4631,1.9337,2025-11-24 11:10:39,25480479
2025-W48,LOW,5216,SHORT,REVERSAL,1,40.0,196.5,5.442,0.0183,-0.5332,0.1829,2025-11-24 11:13:26,25483506
2025-W48,LOW,5217,SHORT,REVERSAL,1,40.0,196.5,2.7557,0.5846,0.0752,0.6663,2025-11-24 11:17:54,25487726
2025-W48,LOW,5218,LONG,REVERSAL,1,40.0,196.5,-1.4767,-1.2005,-0.5726,0.9876,2025-11-24 11:29:42,25497000
2025-W48,LOW,5219,LONG,REVERSAL,1,40.0,196.5,-6.5215,-0.2326,0.5126,2.1831,2025-11-24 11:33:31,25500750
2025-W48,LOW,5220,SHORT,REVERSAL,1,40.0,196.5,-0.0016,0.8679,0.5209,-1.9045,2025-11-24 11:34:35,25502000
2025-W48,LOW,5221,LONG,REVERSAL,1,41.0,201.5,-1.9474,-0.6477,-0.1938,1.7869,2025-11-24 11:35:32,25502750
2025-W48,LOW,5222,LONG,REVERSAL,1,40.0,196.5,-1.31,-0.4345,-0.1297,-1.5164,2025-11-24 11:36:23,25503455
2025-W48,LOW,5223,SHORT,REVERSAL,1,41.0,201.5,6.2045,1.1089,0.0449,-0.5897,2025-11-24 11:45:44,25510758
2025-W48,LOW,5224,SHORT,REVERSAL,1,41.0,201.5,1.3231,1.4041,0.7102,-1.601,2025-11-24 12:00:23,25523000
2025-W48,LOW,5225,SHORT,REVERSAL,1,41.0,201.5,1.7127,1.5686,0.7699,2.0453,2025-11-24 12:01:19,25523713
2025-W48,LOW,5226,LONG,REVERSAL,1,40.0,196.5,-2.9384,0.2577,0.4484,1.6231,2025-11-24 12:04:48,25526750
2025-W48,LOW,5227,SHORT,REVERSAL,1,40.0,196.5,-2.9384,0.2577,0.4484,1.6231,2025-11-24 12:05:02,25526935
2025-W48,LOW,5228,SHORT,REVERSAL,1,40.0,196.5,-2.4004,-0.5824,-0.1094,-0.4794,2025-11-24 12:10:09,25530328
2025-W48,LOW,5229,SHORT,REVERSAL,1,40.0,196.5,-2.4739,0.3278,0.4441,1.9805,2025-11-24 12:11:28,25531178
2025-W48,LOW,5230,SHORT,HARD_STOP,2,-120.0,-607.0,7.7912,2.1033,0.4829,-1.4008,2025-11-24 12:16:48,25534750
2025-W48,LOW,5231,SHORT,REVERSAL,2,40.0,193.0,2.0421,0.218,-0.0734,-1.1795,2025-11-24 12:26:00,25541500
2025-W48,LOW,5232,SHORT,REVERSAL,1,40.0,196.5,3.7032,0.3381,-0.1675,-0.772,2025-11-24 12:33:17,25546030
2025-W48,LOW,5233,SHORT,HARD_STOP,2,-120.0,-607.0,2.1546,-0.297,-0.3937,-1.3007,2025-11-24 12:36:00,25547250
2025-W48,LOW,5234,LONG,REVERSAL,1,41.0,201.5,6.7604,1.1689,0.0253,-0.7922,2025-11-24 12:40:01,25552682
2025-W48,LOW,5235,SHORT,REVERSAL,1,40.0,196.5,7.9918,1.1868,-0.0871,-0.9217,2025-11-24 12:40:16,25553600
2025-W48,LOW,5236,LONG,REVERSAL,1,40.0,196.5,1.0171,-0.7472,-0.55,0.6243,2025-11-24 12:42:17,25557165
2025-W48,LOW,5237,LONG,REVERSAL,1,40.0,196.5,2.3541,0.4677,0.0452,1.1956,2025-11-24 12:49:05,25562500
2025-W48,LOW,5238,SHORT,REVERSAL,1,40.0,196.5,2.8522,1.0214,0.3276,-0.6928,2025-11-24 12:54:19,25566000
2025-W48,LOW,5239,LONG,REVERSAL,1,40.0,196.5,-1.8966,-0.9285,-0.3675,0.1696,2025-11-24 12:56:46,25567785
2025-W48,LOW,5240,SHORT,REVERSAL,2,40.0,193.0,2.1093,-0.0608,-0.2474,-1.2348,2025-11-24 13:06:01,25573000
2025-W48,LOW,5241,SHORT,REVERSAL,1,40.0,196.5,1.0953,0.5851,0.2415,-1.3963,2025-11-24 13:33:10,25591000
2025-W48,LOW,5242,SHORT,REVERSAL,1,41.0,201.5,0.3632,0.2492,0.1132,-1.5623,2025-11-24 13:36:43,25592750
2025-W48,LOW,5243,SHORT,REVERSAL,2,40.0,193.0,-0.8666,0.0712,0.1294,-0.3928,2025-11-24 13:42:09,25595760
2025-W48,LOW,5244,SHORT,REVERSAL,1,40.0,196.5,2.1262,0.8526,0.2989,-1.0256,2025-11-24 13:49:18,25598750
2025-W48,LOW,5245,SHORT,REVERSAL,1,40.0,196.5,1.191,0.1727,-0.0155,0.5193,2025-11-24 13:54:38,25601181
2025-W48,LOW,5246,SHORT,REVERSAL,2,40.0,193.0,3.7261,0.0644,-0.334,-0.5161,2025-11-24 14:03:20,25606000
2025-W48,LOW,5247,LONG,HARD_STOP,2,-120.0,-607.0,-2.0373,-0.5269,-0.1124,0.3817,2025-11-24 14:22:40,25615750
2025-W48,LOW,5248,LONG,REVERSAL,1,40.0,196.5,-5.5025,-0.4607,0.2738,0.8652,2025-11-24 14:34:41,25624000
2025-W48,LOW,5249,LONG,REVERSAL,2,42.0,203.0,0.7539,-1.315,-0.8644,-0.4213,2025-11-24 14:42:47,25631128
2025-W48,LOW,5250,SHORT,REVERSAL,2,40.0,193.0,-1.8641,0.5029,0.4881,-1.5632,2025-11-24 14:55:10,25638750
2025-W48,LOW,5251,SHORT,REVERSAL,1,41.0,201.5,1.4003,-0.0092,-0.1456,-1.4352,2025-11-24 14:57:53,25641750
2025-W48,LOW,5252,SHORT,HARD_STOP,2,-120.0,-607.0,1.1788,0.2091,0.0076,-0.6148,2025-11-24 15:00:08,25643500
2025-W48,LOW,5253,SHORT,REVERSAL,1,41.0,201.5,8.0287,1.4692,0.0787,-0.5548,2025-11-24 15:04:47,25647750
2025-W48,LOW,5254,SHORT,REVERSAL,1,40.0,196.5,2.7941,1.1652,0.4197,-0.7913,2025-11-24 15:13:29,25653750
2025-W48,LOW,5255,LONG,REVERSAL,1,41.0,201.5,-3.2681,-0.8755,-0.1985,0.4689,2025-11-24 15:30:16,25665761
2025-W48,LOW,5256,SHORT,REVERSAL,2,40.0,193.0,1.9012,1.0917,0.4649,-1.2104,2025-11-24 15:33:33,25668000
2025-W48,LOW,5257,LONG,REVERSAL,1,42.0,206.5,-2.4011,-0.4445,-0.0266,1.6736,2025-11-25 09:30:01,25845750
2025-W48,LOW,5258,LONG,REVERSAL,2,40.0,193.0,-6.3503,-1.3118,-0.1521,1.828,2025-11-25 09:30:28,25849250
2025-W48,LOW,5259,SHORT,REVERSAL,1,42.0,206.5,-0.9747,1.6064,1.0613,-3.0266,2025-11-25 09:31:08,25852500
2025-W48,LOW,5260,LONG,REVERSAL,2,40.0,193.0,-0.9747,1.6064,1.0613,-3.0266,2025-11-25 09:31:11,25852672
2025-W48,LOW,5261,LONG,REVERSAL,1,40.0,196.5,0.125,-0.2792,-0.18,-0.3052,2025-11-25 09:31:39,25854027
2025-W48,LOW,5262,LONG,REVERSAL,1,40.0,196.5,0.5898,0.8217,0.434,0.2321,2025-11-25 09:32:14,25855428
2025-W48,LOW,5263,LONG,REVERSAL,1,43.0,211.5,2.1982,1.6988,0.7995,2.6378,2025-11-25 09:32:55,25856750
2025-W48,LOW,5264,SHORT,REVERSAL,1,40.0,196.5,2.1982,1.6988,0.7995,2.6378,2025-11-25 09:33:00,25856939
2025-W48,LOW,5265,LONG,REVERSAL,1,40.0,196.5,0.7085,0.757,0.3834,2.8732,2025-11-25 09:33:23,25857757
2025-W48,LOW,5266,SHORT,HARD_STOP,2,-120.0,-607.0,0.7085,0.757,0.3834,2.8732,2025-11-25 09:33:28,25857966
2025-W48,LOW,5267,LONG,REVERSAL,1,40.0,196.5,-2.0322,-1.0045,-0.3995,1.7511,2025-11-25 09:37:16,25866500
2025-W48,LOW,5268,LONG,HARD_STOP,2,-120.0,-607.0,-9.4395,-2.7007,-0.6765,-2.0748,2025-11-25 09:40:11,25872376
2025-W48,LOW,5269,LONG,HARD_STOP,2,-120.0,-607.0,-7.0224,-1.3496,-0.1075,0.8374,2025-11-25 09:42:22,25879726
2025-W48,LOW,5270,LONG,REVERSAL,1,40.0,196.5,-12.5037,-2.1999,-0.0696,1.1125,2025-11-25 09:45:15,25891250
2025-W48,LOW,5271,LONG,REVERSAL,2,42.0,203.0,-8.5871,-1.7263,-0.1771,1.7441,2025-11-25 09:48:28,25904500
2025-W48,LOW,5272,LONG,REVERSAL,1,42.0,206.5,-9.0997,-1.6149,-0.059,1.6537,2025-11-25 09:49:28,25909251
2025-W48,LOW,5273,SHORT,REVERSAL,1,40.0,196.5,-9.0997,-1.6149,-0.059,1.6537,2025-11-25 09:49:28,25909348
2025-W48,LOW,5274,SHORT,REVERSAL,2,40.0,193.0,-0.6742,1.5537,0.9997,-2.1384,2025-11-25 09:50:28,25914250
2025-W48,LOW,5275,SHORT,REVERSAL,1,40.0,196.5,11.9533,1.283,-0.4255,-1.8833,2025-11-25 09:51:55,25920500
2025-W48,LOW,5276,SHORT,REVERSAL,1,40.0,196.5,5.2878,-1.0884,-1.1818,-0.3529,2025-11-25 09:53:10,25926026
2025-W48,LOW,5277,SHORT,REVERSAL,1,40.0,196.5,10.6373,3.428,0.993,-0.2945,2025-11-25 09:54:09,25928529
2025-W48,LOW,5278,SHORT,HARD_STOP,2,-120.0,-607.0,8.8257,0.8578,-0.3679,1.5981,2025-11-25 09:54:37,25929889
2025-W48,LOW,5279,LONG,REVERSAL,1,40.0,196.5,8.6963,0.3347,-0.6688,1.2913,2025-11-25 09:55:52,25933250
2025-W48,LOW,5280,LONG,REVERSAL,1,40.0,196.5,0.4874,-1.863,-1.1666,1.7783,2025-11-25 09:56:18,25934505
2025-W48,LOW,5281,SHORT,REVERSAL,1,40.0,196.5,10.4094,2.6284,0.5361,-2.4696,2025-11-25 09:57:31,25937250
2025-W48,LOW,5282,SHORT,REVERSAL,1,40.0,196.5,9.7302,0.416,-0.7234,-2.479,2025-11-25 09:58:12,25938750
2025-W48,LOW,5283,LONG,REVERSAL,1,40.0,196.5,9.7302,0.416,-0.7234,-2.479,2025-11-25 09:58:19,25938976
2025-W48,LOW,5284,LONG,REVERSAL,1,40.0,196.5,-8.7344,-1.2033,0.1514,-2.0117,2025-11-25 10:01:45,25948456
2025-W48,LOW,5285,LONG,REVERSAL,2,40.0,193.0,-18.435,-2.584,0.2931,1.0835,2025-11-25 10:02:48,25952500
2025-W48,LOW,5286,LONG,HARD_STOP,2,-120.0,-607.0,-14.687,-2.2704,0.1065,-1.2449,2025-11-25 10:04:01,25956265
2025-W48,LOW,5287,SHORT,REVERSAL,1,40.0,196.5,-8.6186,1.1387,1.5451,-1.6597,2025-11-25 10:04:32,25958020
2025-W48,LOW,5288,SHORT,REVERSAL,1,43.0,211.5,-7.0015,0.8488,1.2094,1.5378,2025-11-25 10:04:46,25958579
2025-W48,LOW,5289,SHORT,HARD_STOP,2,-122.0,-617.0,-5.5622,-0.1307,0.4778,1.7827,2025-11-25 10:05:11,25959652
2025-W48,LOW,5290,LONG,REVERSAL,1,41.0,201.5,11.1106,0.9415,-0.5461,1.7021,2025-11-25 10:06:04,25963500
2025-W48,LOW,5291,SHORT,REVERSAL,1,40.0,196.5,12.3501,1.9617,-0.058,1.1971,2025-11-25 10:07:31,25967770
2025-W48,LOW,5292,LONG,REVERSAL,1,45.0,221.5,11.4039,0.4955,-0.8431,-1.3739,2025-11-25 10:07:50,25968416
2025-W48,LOW,5293,SHORT,HARD_STOP,2,-120.0,-607.0,12.1256,1.4297,-0.3548,-1.8574,2025-11-25 10:08:05,25969000
2025-W48,LOW,5294,SHORT,REVERSAL,1,42.0,206.5,-1.3027,-2.415,-1.3187,-0.2088,2025-11-25 10:11:01,25975393
2025-W48,LOW,5295,LONG,REVERSAL,1,43.0,211.5,-15.3199,-1.6631,0.5341,3.2908,2025-11-25 10:11:34,25977750
2025-W48,LOW,5296,SHORT,REVERSAL,1,41.0,201.5,-15.3199,-1.6631,0.5341,3.2908,2025-11-25 10:11:37,25977945
2025-W48,LOW,5297,SHORT,REVERSAL,1,41.0,201.5,1.8885,1.2757,0.5766,-3.2564,2025-11-25 10:13:01,25980500
2025-W48,LOW,5298,LONG,REVERSAL,1,42.0,206.5,-3.707,-1.968,-0.8101,-0.633,2025-11-25 10:14:43,25983514
2025-W48,LOW,5299,LONG,REVERSAL,1,43.0,211.5,3.5434,2.7553,1.2988,3.7487,2025-11-25 10:16:39,25987000
2025-W48,LOW,5300,LONG,REVERSAL,1,47.0,231.5,2.6056,-0.9552,-0.8337,2.3013,2025-11-25 10:17:56,25989250
2025-W48,LOW,5301,SHORT,REVERSAL,1,40.0,196.5,2.6056,-0.9552,-0.8337,2.3013,2025-11-25 10:18:04,25989489
2025-W48,LOW,5302,SHORT,REVERSAL,1,40.0,196.5,5.0893,1.0022,0.0924,-2.0006,2025-11-25 10:19:07,25990750
2025-W48,LOW,5303,LONG,REVERSAL,1,40.0,196.5,5.0288,0.9049,0.0401,2.0238,2025-11-25 10:19:42,25991750
2025-W48,LOW,5304,SHORT,REVERSAL,2,46.0,223.0,5.0288,0.9049,0.0401,2.0238,2025-11-25 10:19:50,25991970
2025-W48,LOW,5305,LONG,REVERSAL,1,42.0,206.5,-0.8147,-0.7136,-0.3467,3.9284,2025-11-25 10:20:43,25993750
2025-W48,LOW,5306,SHORT,REVERSAL,1,43.0,211.5,-0.8147,-0.7136,-0.3467,3.9284,2025-11-25 10:20:44,25993791
2025-W48,LOW,5307,LONG,REVERSAL,1,43.0,211.5,-4.9995,-1.0656,-0.1394,-1.8586,2025-11-25 10:24:39,26001112
2025-W48,LOW,5308,LONG,REVERSAL,1,40.0,196.5,-0.8593,-0.496,-0.2116,4.3115,2025-11-25 10:27:42,26005750
2025-W48,LOW,5309,SHORT,REVERSAL,2,48.0,233.0,-0.8593,-0.496,-0.2116,4.3115,2025-11-25 10:27:43,26005794
2025-W48,LOW,5310,SHORT,REVERSAL,1,41.0,201.5,1.4294,0.1281,-0.0661,-3.0945,2025-11-25 10:28:20,26006500
2025-W48,LOW,5311,LONG,REVERSAL,1,40.0,196.5,1.4294,0.1281,-0.0661,-3.0945,2025-11-25 10:28:29,26006709
2025-W48,LOW,5312,SHORT,HARD_STOP,2,-121.0,-612.0,12.5976,1.9042,-0.1172,0.1489,2025-11-25 10:29:56,26008854
2025-W48,LOW,5313,LONG,REVERSAL,1,41.0,201.5,12.3716,0.8541,-0.7247,2.2865,2025-11-25 10:31:17,26012500
2025-W48,LOW,5314,SHORT,REVERSAL,2,40.0,193.0,12.3716,0.8541,-0.7247,2.2865,2025-11-25 10:31:20,26012574
2025-W48,LOW,5315,LONG,REVERSAL,1,40.0,196.5,-0.1386,-1.8092,-1.0716,1.3273,2025-11-25 10:33:02,26016000
2025-W48,LOW,5316,SHORT,REVERSAL,1,40.0,196.5,0.5981,0.0554,-0.0266,-1.8263,2025-11-25 10:33:39,26017000
2025-W48,LOW,5317,LONG,REVERSAL,1,41.0,201.5,0.5981,0.0554,-0.0266,-1.8263,2025-11-25 10:33:48,26017189
2025-W48,LOW,5318,LONG,HARD_STOP,2,-120.0,-607.0,1.3856,0.1963,-0.0208,-0.7991,2025-11-25 10:34:17,26017783
2025-W48,LOW,5319,SHORT,REVERSAL,1,40.0,196.5,1.0287,-0.6449,-0.4898,-0.0263,2025-11-25 10:39:00,26024661
2025-W48,LOW,5320,SHORT,REVERSAL,1,41.0,201.5,2.4871,1.0454,0.3785,0.0512,2025-11-25 10:41:55,26027500
2025-W48,LOW,5321,LONG,REVERSAL,1,41.0,201.5,2.4871,1.0454,0.3785,0.0512,2025-11-25 10:42:00,26027575
2025-W48,LOW,5322,SHORT,REVERSAL,1,40.0,196.5,2.4871,1.0454,0.3785,0.0512,2025-11-25 10:42:05,26027692
2025-W48,LOW,5323,SHORT,HARD_STOP,2,-120.0,-607.0,12.7534,2.8445,0.4313,-1.0236,2025-11-25 10:44:38,26031500
2025-W48,LOW,5324,LONG,REVERSAL,1,41.0,201.5,3.2069,-0.3446,-0.5275,1.8362,2025-11-25 10:47:45,26037750
2025-W48,LOW,5325,LONG,HARD_STOP,2,-120.0,-607.0,-3.0919,-2.1555,-0.9841,0.2889,2025-11-25 10:48:42,26039037
2025-W48,LOW,5326,SHORT,REVERSAL,1,40.0,196.5,-14.459,-1.9432,0.2799,-1.0767,2025-11-25 10:49:58,26042104
2025-W48,LOW,5327,LONG,REVERSAL,2,40.0,193.0,-14.459,-1.9432,0.2799,-1.0767,2025-11-25 10:50:01,26042245
2025-W48,LOW,5328,SHORT,REVERSAL,1,40.0,196.5,1.0173,2.0469,1.1264,0.3633,2025-11-25 10:53:05,26047767
2025-W48,LOW,5329,SHORT,REVERSAL,1,40.0,196.5,0.2556,-0.6517,-0.4166,-3.0871,2025-11-25 10:54:40,26049500
2025-W48,LOW,5330,LONG,REVERSAL,2,40.0,193.0,0.2556,-0.6517,-0.4166,-3.0871,2025-11-25 10:54:59,26049714
2025-W48,LOW,5331,SHORT,REVERSAL,1,40.0,196.5,-0.5098,0.1483,0.14,1.5254,2025-11-25 10:55:48,26050294
2025-W48,LOW,5332,SHORT,REVERSAL,1,40.0,196.5,8.3692,-0.0481,-0.8658,1.8245,2025-11-25 10:59:25,26054923
2025-W48,LOW,5333,LONG,REVERSAL,1,42.0,206.5,3.9917,-0.2946,-0.5759,2.3862,2025-11-25 11:00:00,26055500
2025-W48,LOW,5334,SHORT,REVERSAL,1,40.0,196.5,3.9917,-0.2946,-0.5759,2.3862,2025-11-25 11:00:03,26055692
2025-W48,LOW,5335,LONG,REVERSAL,1,40.0,196.5,-1.9473,-1.0999,-0.4652,1.2125,2025-11-25 11:01:30,26057000
2025-W48,LOW,5336,SHORT,REVERSAL,1,40.0,196.5,1.478,1.3226,0.6457,-2.3931,2025-11-25 11:04:42,26060250
2025-W48,LOW,5337,SHORT,REVERSAL,1,40.0,196.5,2.1909,2.3511,1.1916,-2.2753,2025-11-25 11:07:24,26063250
2025-W48,LOW,5338,LONG,REVERSAL,1,40.0,196.5,-5.3918,-0.5378,0.2165,1.6344,2025-11-25 11:10:41,26066250
2025-W48,LOW,5339,SHORT,HARD_STOP,2,-120.0,-607.0,13.1794,1.7886,-0.2448,-1.3846,2025-11-25 11:20:26,26074500
2025-W48,LOW,5340,SHORT,REVERSAL,1,40.0,196.5,15.4828,1.3896,-0.7145,-1.7849,2025-11-25 11:22:21,26077500
2025-W48,LOW,5341,LONG,REVERSAL,1,40.0,196.5,1.279,-1.6616,-1.1249,0.9154,2025-11-25 11:24:33,26080000
2025-W48,LOW,5342,LONG,REVERSAL,2,40.0,193.0,-3.0378,-1.8491,-0.8057,1.4623,2025-11-25 11:25:53,26081500
2025-W48,LOW,5343,LONG,REVERSAL,1,41.0,201.5,-1.287,0.1671,0.229,1.6457,2025-11-25 11:28:34,26084000
2025-W48,LOW,5344,LONG,REVERSAL,1,40.0,196.5,0.2737,-0.1374,-0.1098,0.9718,2025-11-25 11:32:01,26087000
2025-W48,LOW,5345,SHORT,REVERSAL,1,40.0,196.5,2.9245,0.7217,0.1406,-1.6179,2025-11-25 11:33:09,26088000
2025-W48,LOW,5346,SHORT,REVERSAL,1,41.0,201.5,1.0374,0.1583,-0.0087,-2.1021,2025-11-25 11:38:22,26092000
2025-W48,LOW,5347,LONG,REVERSAL,1,40.0,196.5,1.0374,0.1583,-0.0087,-2.1021,2025-11-25 11:38:38,26092159
2025-W48,LOW,5348,LONG,REVERSAL,1,40.0,196.5,-6.789,-2.6366,-0.9031,1.8467,2025-11-25 11:45:33,26098250
2025-W48,LOW,5349,SHORT,HARD_STOP,2,-120.0,-607.0,3.1609,2.1619,0.981,-1.103,2025-11-25 11:50:32,26102500
2025-W48,LOW,5350,SHORT,HARD_STOP,2,-120.0,-607.0,8.2217,0.8622,-0.3049,-0.5905,2025-11-25 11:55:51,26107000
2025-W48,LOW,5351,LONG,REVERSAL,2,40.0,193.0,1.9712,-0.7896,-0.6709,0.3849,2025-11-25 12:00:28,26112500
2025-W48,LOW,5352,SHORT,HARD_STOP,2,-120.0,-607.0,5.4939,-0.2022,-0.6707,0.9881,2025-11-25 12:07:18,26118521
2025-W48,LOW,5353,LONG,REVERSAL,1,41.0,201.5,0.3336,-0.8573,-0.5478,1.0268,2025-11-25 12:16:41,26125251
2025-W48,LOW,5354,SHORT,REVERSAL,2,40.0,193.0,8.4398,1.5849,0.107,-0.5837,2025-11-25 12:20:19,26129000
2025-W48,LOW,5355,SHORT,REVERSAL,1,40.0,196.5,10.3356,0.9351,-0.4725,-1.5463,2025-11-25 12:25:03,26134750
2025-W48,LOW,5356,LONG,REVERSAL,1,40.0,196.5,0.2585,-0.884,-0.5562,0.9085,2025-11-25 12:28:28,26138000
2025-W48,LOW,5357,SHORT,REVERSAL,2,40.0,193.0,7.4715,1.1263,-0.0714,-0.6566,2025-11-25 12:36:46,26146500
2025-W48,LOW,5358,LONG,REVERSAL,1,40.0,196.5,-2.2461,-0.8997,-0.3152,1.3499,2025-11-25 12:42:40,26152500
2025-W48,LOW,5359,LONG,HARD_STOP,2,-123.0,-622.0,-2.616,0.0689,0.303,0.4828,2025-11-25 12:55:25,26162250
2025-W48,LOW,5360,SHORT,REVERSAL,1,41.0,201.5,1.9433,1.206,0.5292,-1.114,2025-11-25 13:03:38,26169250
2025-W48,LOW,5361,LONG,REVERSAL,1,41.0,201.5,-1.1023,-1.3935,-0.7259,-0.3391,2025-11-25 13:15:40,26176215
2025-W48,LOW,5362,LONG,REVERSAL,1,41.0,201.5,4.6438,0.5981,-0.1055,0.7255,2025-11-25 13:27:46,26183060
2025-W48,LOW,5363,SHORT,REVERSAL,1,40.0,196.5,5.9493,1.2629,0.1628,-0.5032,2025-11-25 13:30:16,26184270
2025-W48,LOW,5364,SHORT,REVERSAL,1,40.0,196.5,4.0876,-0.3774,-0.6352,-1.5307,2025-11-25 13:33:27,26185750
2025-W48,LOW,5365,SHORT,REVERSAL,1,40.0,196.5,-1.799,-0.6887,-0.2333,-2.0153,2025-11-25 13:39:43,26188500
2025-W48,LOW,5366,LONG,REVERSAL,1,40.0,196.5,-1.799,-0.6887,-0.2333,-2.0153,2025-11-25 13:40:15,26188742
2025-W48,LOW,5367,SHORT,HARD_STOP,2,-121.0,-612.0,1.0832,0.6766,0.2976,-0.6066,2025-11-25 13:45:38,26190762
2025-W48,LOW,5368,LONG,REVERSAL,1,40.0,196.5,-4.2631,-1.1153,-0.2429,0.5288,2025-11-25 14:09:12,26203751
2025-W48,LOW,5369,LONG,HARD_STOP,2,-121.0,-612.0,-3.909,-0.7289,-0.0465,0.4947,2025-11-25 14:12:36,26205500
2025-W48,LOW,5370,SHORT,REVERSAL,1,40.0,196.5,-8.8863,-0.4028,0.6469,-2.0243,2025-11-25 14:19:39,26211250
2025-W48,LOW,5371,SHORT,REVERSAL,1,40.0,196.5,0.7878,1.7977,0.9998,-0.8869,2025-11-25 14:22:19,26213750
2025-W48,LOW,5372,LONG,REVERSAL,1,40.0,196.5,-0.7018,-0.6891,-0.3433,0.9223,2025-11-25 14:26:36,26216250
2025-W48,LOW,5373,LONG,HARD_STOP,2,-120.0,-607.0,0.1601,-0.4547,-0.2888,0.7387,2025-11-25 14:31:49,26218750
2025-W48,LOW,5374,SHORT,REVERSAL,1,40.0,196.5,2.1815,-0.0941,-0.2746,-0.6015,2025-11-25 14:47:10,26228000
2025-W48,LOW,5375,SHORT,HARD_STOP,2,-120.0,-607.0,4.8506,1.6208,0.4874,-1.1552,2025-11-25 14:51:07,26230250
2025-W48,LOW,5376,SHORT,HARD_STOP,2,-120.0,-607.0,9.0657,1.0851,-0.2555,-0.4588,2025-11-25 14:54:16,26233256
2025-W48,LOW,5377,SHORT,HARD_STOP,2,-120.0,-607.0,-0.6958,-0.5954,-0.2877,0.8363,2025-11-25 15:11:32,26244766
2025-W48,LOW,5378,SHORT,REVERSAL,2,40.0,193.0,3.8615,0.6446,0.0006,-0.4112,2025-11-25 15:34:37,26259750
2025-W48,LOW,5379,SHORT,REVERSAL,1,40.0,196.5,3.0173,0.6818,0.1073,0.0171,2025-11-25 15:38:46,26263272
2025-W48,LOW,5380,LONG,REVERSAL,1,44.0,216.5,3.6089,0.5724,-0.0174,2.2944,2025-11-26 09:30:03,26401750
2025-W48,LOW,5381,SHORT,REVERSAL,1,40.0,196.5,3.6089,0.5724,-0.0174,2.2944,2025-11-26 09:30:05,26401910
2025-W48,LOW,5382,LONG,REVERSAL,1,41.0,201.5,3.4336,0.9204,0.2089,2.5199,2025-11-26 09:31:46,26407500
2025-W48,LOW,5383,SHORT,REVERSAL,1,40.0,196.5,3.4336,0.9204,0.2089,2.5199,2025-11-26 09:31:52,26407670
2025-W48,LOW,5384,LONG,REVERSAL,1,40.0,196.5,-1.9949,-1.3468,-0.6086,1.3367,2025-11-26 09:34:08,26413500
2025-W48,LOW,5385,LONG,REVERSAL,1,41.0,201.5,-1.7238,-0.5352,-0.1487,0.3838,2025-11-26 09:35:26,26415750
2025-W48,LOW,5386,SHORT,REVERSAL,1,40.0,196.5,2.1512,0.3219,-0.022,-2.143,2025-11-26 09:36:14,26417250
2025-W48,LOW,5387,LONG,HARD_STOP,2,-120.0,-607.0,0.014,-0.125,-0.0764,0.7813,2025-11-26 09:37:17,26418760
2025-W48,LOW,5388,LONG,REVERSAL,1,40.0,196.5,-4.1344,-0.9095,-0.1322,-0.3976,2025-11-26 09:39:02,26424750
2025-W48,LOW,5389,LONG,REVERSAL,1,40.0,196.5,0.2201,1.1619,0.6751,-1.478,2025-11-26 09:39:43,26426172
2025-W48,LOW,5390,LONG,REVERSAL,2,40.0,193.0,3.4501,0.0701,-0.303,1.3575,2025-11-26 09:40:18,26427750
2025-W48,LOW,5391,LONG,REVERSAL,1,42.0,206.5,1.2729,0.7332,0.3126,2.7542,2025-11-26 09:41:25,26429250
2025-W48,LOW,5392,SHORT,REVERSAL,2,40.0,193.0,1.2729,0.7332,0.3126,2.7542,2025-11-26 09:41:27,26429335
2025-W48,LOW,5393,SHORT,REVERSAL,1,40.0,196.5,1.4858,1.0186,0.4626,-0.8172,2025-11-26 09:43:10,26432500
2025-W48,LOW,5394,SHORT,HARD_STOP,2,-120.0,-607.0,0.4804,-0.5164,-0.3579,0.5041,2025-11-26 09:44:04,26433644
2025-W48,LOW,5395,SHORT,REVERSAL,1,41.0,201.5,5.9163,1.3808,0.2368,-0.5952,2025-11-26 09:46:43,26438500
2025-W48,LOW,5396,SHORT,REVERSAL,2,40.0,193.0,2.8091,0.2828,-0.1112,-1.6957,2025-11-26 09:50:00,26442750
2025-W48,LOW,5397,LONG,REVERSAL,1,40.0,196.5,-6.7555,-0.311,0.489,0.8902,2025-11-26 09:52:46,26448500
2025-W48,LOW,5398,LONG,REVERSAL,1,40.0,196.5,-7.517,-1.3695,-0.07,1.5299,2025-11-26 09:55:12,26452000
2025-W48,LOW,5399,LONG,REVERSAL,2,40.0,193.0,-6.4092,-1.2452,-0.1062,-1.9387,2025-11-26 09:55:34,26452813
2025-W48,LOW,5400,LONG,REVERSAL,1,40.0,196.5,-9.6735,-1.4688,0.0861,1.4297,2025-11-26 09:56:35,26454750
2025-W48,LOW,5401,LONG,REVERSAL,1,40.0,196.5,-8.3074,-0.2648,0.6718,1.9412,2025-11-26 09:57:04,26455750
2025-W48,LOW,5402,LONG,REVERSAL,1,42.0,206.5,-13.6672,-2.0275,0.1502,1.8819,2025-11-26 10:00:04,26463000
2025-W48,LOW,5403,LONG,REVERSAL,1,40.0,196.5,-9.2395,-0.0422,0.8986,1.0731,2025-11-26 10:00:26,26464250
2025-W48,LOW,5404,SHORT,REVERSAL,1,40.0,196.5,8.8933,2.1809,0.4192,-0.0452,2025-11-26 10:03:14,26471317
2025-W48,LOW,5405,LONG,REVERSAL,1,40.0,196.5,-3.3559,-0.2801,0.1675,2.07,2025-11-26 10:05:03,26474750
2025-W48,LOW,5406,LONG,REVERSAL,1,41.0,201.5,-5.4515,-0.5423,0.2198,2.3231,2025-11-26 10:05:39,26475750
2025-W48,LOW,5407,SHORT,REVERSAL,1,40.0,196.5,-5.4515,-0.5423,0.2198,2.3231,2025-11-26 10:05:45,26475895
2025-W48,LOW,5408,SHORT,REVERSAL,1,41.0,201.5,-0.1008,1.7345,1.0508,-1.2461,2025-11-26 10:07:09,26478002
2025-W48,LOW,5409,LONG,REVERSAL,1,41.0,201.5,0.993,1.0301,0.5187,-0.0075,2025-11-26 10:07:31,26478590
2025-W48,LOW,5410,SHORT,HARD_STOP,2,-120.0,-607.0,7.6486,2.4972,0.7335,-1.1243,2025-11-26 10:08:18,26479750
2025-W48,LOW,5411,SHORT,REVERSAL,1,40.0,196.5,4.1466,-0.9273,-0.971,-1.3932,2025-11-26 10:10:27,26484250
2025-W48,LOW,5412,LONG,REVERSAL,1,40.0,196.5,-4.7432,-2.6683,-1.1266,0.9796,2025-11-26 10:11:07,26485500
2025-W48,LOW,5413,SHORT,REVERSAL,1,41.0,201.5,1.779,-0.1682,-0.2788,-2.2705,2025-11-26 10:17:39,26495750
2025-W48,LOW,5414,LONG,REVERSAL,1,40.0,196.5,1.779,-0.1682,-0.2788,-2.2705,2025-11-26 10:17:46,26495918
2025-W48,LOW,5415,LONG,REVERSAL,2,42.0,203.0,-0.4355,-1.3404,-0.7607,-0.0399,2025-11-26 10:20:31,26499500
2025-W48,LOW,5416,SHORT,REVERSAL,1,40.0,196.5,-1.2616,1.2316,0.8651,-0.8704,2025-11-26 10:25:37,26507250
2025-W48,LOW,5417,SHORT,HARD_STOP,2,-120.0,-607.0,4.7461,2.5135,1.0335,-1.5034,2025-11-26 10:26:27,26508500
2025-W48,LOW,5418,LONG,REVERSAL,1,42.0,206.5,6.0147,0.2302,-0.4634,2.3175,2025-11-26 10:28:25,26512250
2025-W48,LOW,5419,SHORT,REVERSAL,1,40.0,196.5,6.0147,0.2302,-0.4634,2.3175,2025-11-26 10:28:31,26512404
2025-W48,LOW,5420,SHORT,REVERSAL,1,40.0,196.5,4.5903,0.2715,-0.2961,-0.6304,2025-11-26 10:29:24,26513250
2025-W48,LOW,5421,SHORT,REVERSAL,2,40.0,193.0,2.9814,0.3664,-0.0783,-0.4041,2025-11-26 10:30:54,26514942
2025-W48,LOW,5422,SHORT,REVERSAL,1,40.0,196.5,9.3501,1.9523,0.2364,-0.9256,2025-11-26 10:35:07,26519250
2025-W48,LOW,5423,SHORT,REVERSAL,2,40.0,193.0,3.809,-0.0006,-0.3813,-2.1873,2025-11-26 10:38:11,26523000
2025-W48,LOW,5424,LONG,REVERSAL,1,40.0,196.5,-4.1481,-1.6945,-0.6019,1.6736,2025-11-26 10:42:12,26527500
2025-W48,LOW,5425,SHORT,REVERSAL,1,40.0,196.5,-3.1683,0.023,0.3306,-1.0682,2025-11-26 10:43:35,26529000
2025-W48,LOW,5426,SHORT,REVERSAL,1,40.0,196.5,-3.2678,-1.1225,-0.3467,-2.5319,2025-11-26 10:45:27,26530750
2025-W48,LOW,5427,LONG,HARD_STOP,2,-120.0,-607.0,-3.2678,-1.1225,-0.3467,-2.5319,2025-11-26 10:45:40,26530978
2025-W48,LOW,5428,SHORT,REVERSAL,1,40.0,196.5,-1.6916,1.2234,0.9032,-0.9934,2025-11-26 10:48:40,26534000
2025-W48,LOW,5429,SHORT,REVERSAL,1,41.0,201.5,6.8026,1.3142,0.1083,-0.9535,2025-11-26 10:55:06,26539250
2025-W48,LOW,5430,SHORT,HARD_STOP,2,-120.0,-607.0,9.0088,1.2727,-0.1372,-1.1307,2025-11-26 10:59:36,26543500
2025-W48,LOW,5431,LONG,REVERSAL,1,41.0,201.5,4.7957,0.168,-0.3788,0.333,2025-11-26 11:07:44,26553839
2025-W48,LOW,5432,LONG,REVERSAL,2,40.0,193.0,1.792,-0.3884,-0.4122,-1.0904,2025-11-26 11:11:29,26556966
2025-W48,LOW,5433,SHORT,HARD_STOP,2,-120.0,-607.0,2.0957,0.8545,0.3031,-1.2136,2025-11-26 11:33:05,26577500
2025-W48,LOW,5434,SHORT,REVERSAL,1,40.0,196.5,6.0287,0.9388,-0.0396,-1.0472,2025-11-26 11:41:48,26585750
2025-W48,LOW,5435,LONG,REVERSAL,1,40.0,196.5,-5.5366,-0.7401,0.1096,0.9975,2025-11-26 11:50:21,26594750
2025-W48,LOW,5436,SHORT,REVERSAL,2,40.0,193.0,-3.8449,0.2181,0.5153,-0.117,2025-11-26 11:51:26,26595944
2025-W48,LOW,5437,SHORT,REVERSAL,1,40.0,196.5,-2.5242,0.2707,0.4148,-1.0677,2025-11-26 12:06:14,26606000
2025-W48,LOW,5438,LONG,REVERSAL,1,40.0,196.5,-7.9551,-1.6594,-0.2001,-1.0852,2025-11-26 12:09:00,26609374
2025-W48,LOW,5439,LONG,REVERSAL,1,40.0,196.5,-2.889,0.7835,0.759,0.6166,2025-11-26 12:10:13,26610854
2025-W48,LOW,5440,LONG,REVERSAL,1,40.0,196.5,-0.9702,-0.5307,-0.2214,1.2577,2025-11-26 12:13:21,26613000
2025-W48,LOW,5441,LONG,REVERSAL,1,40.0,196.5,-2.6765,-1.1428,-0.418,1.0982,2025-11-26 12:19:13,26617000
2025-W48,LOW,5442,LONG,REVERSAL,1,40.0,196.5,0.6287,0.195,0.0541,0.3263,2025-11-26 12:22:29,26619250
2025-W48,LOW,5443,SHORT,REVERSAL,1,40.0,196.5,2.8036,0.019,-0.269,0.5578,2025-11-26 12:37:00,26627221
2025-W48,LOW,5444,SHORT,REVERSAL,1,40.0,196.5,6.456,1.6113,0.3212,-0.7778,2025-11-26 12:44:46,26631750
2025-W48,LOW,5445,LONG,REVERSAL,1,40.0,196.5,-3.316,-0.6053,-0.0316,0.6513,2025-11-26 12:53:14,26637000
2025-W48,LOW,5446,SHORT,REVERSAL,1,41.0,201.5,-1.579,0.6051,0.521,-0.6513,2025-11-26 12:57:07,26639080
2025-W48,LOW,5447,LONG,REVERSAL,1,40.0,196.5,-2.2313,-0.1205,0.1508,1.4676,2025-11-26 12:59:23,26640000
2025-W48,LOW,5448,LONG,REVERSAL,1,40.0,196.5,-9.308,-2.6798,-0.6771,2.0449,2025-11-26 13:09:16,26645750
2025-W48,LOW,5449,SHORT,REVERSAL,2,40.0,193.0,-6.2087,0.9374,1.1833,-1.8594,2025-11-26 13:09:58,26649750
2025-W48,LOW,5450,LONG,REVERSAL,1,40.0,196.5,1.2785,0.616,0.2417,2.1585,2025-11-26 13:13:12,26654750
2025-W48,LOW,5451,SHORT,REVERSAL,2,40.0,193.0,1.2785,0.616,0.2417,2.1585,2025-11-26 13:13:18,26654849
2025-W48,LOW,5452,SHORT,REVERSAL,1,40.0,196.5,5.538,2.5212,0.9589,-1.0053,2025-11-26 13:22:37,26662000
2025-W48,LOW,5453,LONG,REVERSAL,1,40.0,196.5,5.7089,-0.2352,-0.712,0.4338,2025-11-26 13:24:32,26663882
2025-W48,LOW,5454,LONG,REVERSAL,2,40.0,193.0,-7.0805,-0.8538,0.1957,-1.099,2025-11-26 13:36:40,26671379
2025-W48,LOW,5455,LONG,HARD_STOP,2,-120.0,-607.0,-0.3968,0.1331,0.1196,-0.7208,2025-11-26 13:42:30,26675549
2025-W48,LOW,5456,LONG,REVERSAL,1,41.0,201.5,-6.39,-1.4814,-0.2498,0.4328,2025-11-26 13:45:40,26677772
2025-W48,LOW,5457,SHORT,REVERSAL,1,40.0,196.5,6.8647,1.3283,0.1105,-1.5821,2025-11-26 13:50:19,26681500
2025-W48,LOW,5458,LONG,REVERSAL,2,40.0,193.0,2.5934,-0.5348,-0.5802,0.7587,2025-11-26 13:52:27,26683000
2025-W48,LOW,5459,SHORT,HARD_STOP,2,-120.0,-607.0,1.0162,0.9679,0.4791,-1.4295,2025-11-26 13:58:44,26687000
2025-W48,LOW,5460,LONG,REVERSAL,1,40.0,196.5,6.5489,1.1898,0.059,1.2651,2025-11-26 14:02:46,26689750
2025-W48,LOW,5461,LONG,REVERSAL,1,40.0,196.5,-2.4138,-1.7992,-0.8382,1.4498,2025-11-26 14:05:00,26691750
2025-W48,LOW,5462,LONG,REVERSAL,1,41.0,201.5,-3.7638,-0.6069,0.0122,1.0892,2025-11-26 14:09:06,26694250
2025-W48,LOW,5463,LONG,REVERSAL,1,40.0,196.5,-3.0014,-0.3584,0.0851,-0.9729,2025-11-26 14:10:31,26694930
2025-W48,LOW,5464,SHORT,REVERSAL,1,40.0,196.5,4.8282,0.4543,-0.2102,-1.2386,2025-11-26 14:18:01,26699250
2025-W48,LOW,5465,LONG,REVERSAL,1,40.0,196.5,3.1715,-0.2355,-0.4585,0.9339,2025-11-26 14:21:02,26701024
2025-W48,LOW,5466,LONG,REVERSAL,1,40.0,196.5,-4.2744,-1.2983,-0.3515,0.5746,2025-11-26 14:40:36,26712431
2025-W48,LOW,5467,LONG,REVERSAL,1,40.0,196.5,-1.7966,-0.1488,0.0904,0.9122,2025-11-26 14:44:01,26715000
2025-W48,LOW,5468,SHORT,REVERSAL,1,40.0,196.5,-2.5877,-0.3639,0.0404,-1.4715,2025-11-26 14:50:30,26718000
2025-W48,LOW,5469,SHORT,REVERSAL,1,40.0,196.5,1.3182,0.8605,0.3845,-1.0901,2025-11-26 14:54:34,26719750
2025-W48,LOW,5470,SHORT,REVERSAL,2,40.0,193.0,2.0823,0.4283,0.0487,0.7679,2025-11-26 15:00:21,26722356
2025-W48,LOW,5471,SHORT,REVERSAL,1,40.0,196.5,0.3455,0.0241,-0.0201,-0.381,2025-11-26 15:26:55,26736333
2025-W48,LOW,5472,LONG,EOD_FLATTEN,2,-52.0,-267.0,-3.5057,-0.6508,-0.0399,0.2877,2025-11-26 15:36:09,26740750
2025-W48,LOW,5473,LONG,REVERSAL,1,40.0,196.5,-1.9175,-0.1183,0.1208,-0.2829,2025-11-27 09:46:09,26814267
2025-W48,LOW,5474,LONG,REVERSAL,1,40.0,196.5,-1.7094,-0.2955,-0.0064,2.0739,2025-11-27 11:04:49,26820750
2025-W48,LOW,5475,SHORT,HARD_STOP,2,-123.0,-622.0,3.1867,1.2603,0.4375,-2.5651,2025-11-28 09:32:20,26839750
2025-W48,LOW,5476,LONG,REVERSAL,1,40.0,196.5,7.9577,0.787,-0.3236,-2.6343,2025-11-28 09:36:16,26842399
2025-W48,LOW,5477,LONG,HARD_STOP,2,-120.0,-607.0,-0.269,-1.9741,-1.1576,1.806,2025-11-28 09:39:50,26845000
2025-W48,LOW,5478,SHORT,REVERSAL,1,41.0,201.5,-13.7993,-4.1877,-1.1327,-1.0781,2025-11-28 09:41:23,26846750
2025-W48,LOW,5479,LONG,REVERSAL,1,41.0,201.5,-6.4608,-1.58,-0.3019,1.0825,2025-11-28 09:45:26,26849250
2025-W48,LOW,5480,LONG,REVERSAL,1,40.0,196.5,2.1145,-1.2792,-0.979,1.8198,2025-11-28 09:52:38,26853000
2025-W48,LOW,5481,SHORT,REVERSAL,1,40.0,196.5,1.875,-0.6087,-0.5527,-1.5353,2025-11-28 09:53:24,26853577
2025-W48,LOW,5482,LONG,REVERSAL,1,41.0,201.5,1.875,-0.6087,-0.5527,-1.5353,2025-11-28 09:53:35,26853720
2025-W48,LOW,5483,SHORT,REVERSAL,1,42.0,206.5,1.9253,0.0104,-0.1863,-1.1901,2025-11-28 09:55:24,26854390
2025-W48,LOW,5484,LONG,REVERSAL,2,42.0,203.0,2.6978,0.6233,0.1042,-0.3433,2025-11-28 09:57:05,26855059
2025-W48,LOW,5485,SHORT,REVERSAL,1,40.0,196.5,0.8949,0.6631,0.3083,-1.4158,2025-11-28 10:02:17,26856769
2025-W48,LOW,5486,SHORT,REVERSAL,1,41.0,201.5,-1.119,0.7857,0.5833,-1.3214,2025-11-28 10:07:33,26859000
2025-W48,LOW,5487,SHORT,REVERSAL,2,40.0,193.0,5.4351,1.877,0.5827,1.4057,2025-11-28 10:18:54,26862848
2025-W48,LOW,5488,LONG,HARD_STOP,2,-120.0,-607.0,1.8854,-1.4916,-1.0835,-0.1271,2025-11-28 10:22:35,26864250
2025-W48,LOW,5489,SHORT,HARD_STOP,2,-120.0,-607.0,-3.2249,0.3907,0.5569,0.2148,2025-11-28 10:32:03,26867750
2025-W48,LOW,5490,LONG,REVERSAL,1,40.0,196.5,1.7598,1.0464,0.4519,-2.2616,2025-11-28 10:34:46,26868900
2025-W48,LOW,5491,LONG,REVERSAL,1,42.0,206.5,1.0393,-0.5811,-0.4526,1.3328,2025-11-28 10:39:16,26870750
2025-W48,LOW,5492,SHORT,REVERSAL,1,40.0,196.5,7.8953,1.7164,0.2403,-1.3041,2025-11-28 10:51:03,26875000
2025-W48,LOW,5493,SHORT,REVERSAL,1,40.0,196.5,1.8288,0.997,0.4153,0.5008,2025-11-28 11:00:19,26879647
2025-W48,LOW,5494,SHORT,REVERSAL,2,42.0,203.0,1.9843,0.8042,0.2841,-1.2011,2025-11-28 11:04:02,26881250
2025-W48,LOW,5495,LONG,HARD_STOP,2,-120.0,-607.0,-2.4252,-1.2915,-0.5324,1.0104,2025-11-28 11:21:31,26888768
2025-W48,LOW,5496,SHORT,REVERSAL,1,40.0,196.5,-4.7891,1.5376,1.4015,0.3031,2025-11-28 11:29:49,26894275
2025-W48,LOW,5497,SHORT,REVERSAL,1,40.0,196.5,6.2843,1.389,0.205,-1.4097,2025-11-28 11:36:50,26897750
2025-W48,LOW,5498,LONG,REVERSAL,1,40.0,196.5,-2.6916,-1.8012,-0.8115,2.3253,2025-11-28 11:42:31,26900500
2025-W48,LOW,5499,SHORT,REVERSAL,1,40.0,196.5,5.5532,0.2424,-0.4099,0.6269,2025-11-28 11:54:31,26905515
2025-W48,LOW,5500,LONG,REVERSAL,1,41.0,201.5,-0.6695,-1.3015,-0.7139,0.9504,2025-11-28 12:01:31,26908661
2025-W48,LOW,5501,SHORT,REVERSAL,2,42.0,203.0,0.8716,1.269,0.6742,0.7453,2025-11-28 12:04:52,26909750
2025-W48,LOW,5502,SHORT,REVERSAL,1,40.0,196.5,-1.5711,0.1522,0.2484,-0.288,2025-11-28 12:21:16,26916505
2025-W48,LOW,5503,SHORT,REVERSAL,1,40.0,196.5,0.2733,0.5115,0.2795,-0.8779,2025-11-28 12:26:31,26918002
2025-W48,LOW,5504,LONG,REVERSAL,1,42.0,206.5,-3.6768,-0.3702,0.1456,1.3425,2025-11-28 12:34:06,26920500
2025-W48,LOW,5505,SHORT,REVERSAL,1,40.0,196.5,6.8719,1.6411,0.2975,-1.7853,2025-11-28 12:50:36,26929250
2025-W48,LOW,5506,SHORT,REVERSAL,1,40.0,196.5,6.6618,1.0165,-0.0563,-1.0041,2025-11-28 12:52:57,26931250
2025-W48,LOW,5507,SHORT,HARD_STOP,2,-121.0,-612.0,7.8704,1.8019,0.2941,-0.2005,2025-11-28 12:55:20,26933780
2025-W48,LOW,5508,LONG,REVERSAL,1,40.0,196.5,0.2991,-0.4066,-0.2739,1.9766,2025-11-28 13:00:06,26944500
2025-W48,LOW,5509,SHORT,REVERSAL,2,41.0,198.0,0.2991,-0.4066,-0.2739,1.9766,2025-11-28 13:00:07,26944671
