entry_date,entry_time,exit_date,exit_time,direction,entry_price,exit_price,exit_type,pnl_pts,pnl_dollar,win,std100,avg_range_10,band_width,mean_slope_10,abs_mean_slope_10,mean_slope_20,abs_mean_slope_20,band_width_change,band_width_calc,block_num,block_class
9/22/2025,09:30:25,9/22/2025,09:31:13,short,24823.0,24840.29,STOP,-17.2911,-349.82,0,17.291124,4.65,25.936686,0.3166250000002037,0.3166250000002037,0.3555000000000291,0.3555000000000291,3.831934149646301,25.387498251538005,1.0,LOW
9/22/2025,09:31:33,9/22/2025,09:33:22,short,24834.0,24854.96,STOP,-20.9632,-423.26,0,20.963198,5.7,31.444796,0.5623749999998836,0.5623749999998836,0.41893749999999275,0.41893749999999275,3.3455092882074524,31.180939314932097,1.0,LOW
9/22/2025,09:39:34,9/22/2025,09:44:11,long,24831.5,24848.15,TARGET,16.6514,329.03,1,11.100963,4.55,16.651444,0.37174999999988356,0.37174999999988356,0.4321250000000873,0.4321250000000873,-4.2745326333432345,17.327227080158732,1.0,LOW
9/22/2025,09:44:11,9/22/2025,09:48:03,short,24846.75,24855.25,STOP,-8.497,-173.94,0,8.496974,5.15,12.745461,0.06462499999979628,0.06462499999979628,0.03993749999990541,0.03993749999990541,-0.45030966184504706,12.5689963694685,1.0,LOW
9/22/2025,09:48:28,9/22/2025,09:51:46,short,24857.5,24866.28,STOP,-8.7796,-179.59,0,8.779628,5.275,13.169442,-0.004125000000203727,0.004125000000203727,0.006687500000043656,0.006687500000043656,0.059590558633667357,12.802831162939663,1.0,LOW
9/22/2025,10:11:01,9/22/2025,10:13:06,long,24862.75,24855.03,STOP,-7.7171,-158.34,0,7.717108,4.275,11.575661,0.16900000000023283,0.16900000000023283,0.2625625000000582,0.2625625000000582,-1.2844018161522488,11.664830347174323,1.0,LOW
9/22/2025,10:13:27,9/22/2025,10:17:09,long,24865.0,24876.8,TARGET,11.7982,231.96,1,7.865485,3.975,11.798227,-0.009749999999985447,0.009749999999985447,0.06050000000013824,0.06050000000013824,0.19507166640952356,11.663360918236167,1.0,LOW
9/22/2025,10:17:25,9/22/2025,10:21:30,short,24878.0,24886.1,STOP,-8.1024,-166.05,0,8.102413,4.15,12.15362,-0.042250000000058206,0.042250000000058206,-0.03637500000004366,0.03637500000004366,0.24452553675980937,12.088095635416515,1.0,LOW
9/22/2025,10:22:00,9/22/2025,10:27:30,short,24884.25,24892.62,STOP,-8.3748,-171.5,0,8.374776,3.775,12.562164,0.2178750000002765,0.2178750000002765,0.12143750000013824,0.12143750000013824,0.43768935400861686,12.374009945913944,1.0,LOW
9/22/2025,11:05:08,9/22/2025,11:12:14,long,24916.5,24909.16,STOP,-7.3395,-150.79,0,7.33951,3.35,11.009264,0.19550000000017462,0.19550000000017462,0.2905000000000655,0.2905000000000655,-2.12001501054465,11.552480915831595,1.0,LOW
9/22/2025,11:15:25,9/22/2025,11:17:26,long,24914.0,24907.28,STOP,-6.7208,-138.42,0,6.72085,3.9,10.081274,-0.07987499999981082,0.07987499999981082,-0.023312499999883586,0.023312499999883586,1.4893146339057477,9.917819096098457,1.0,LOW
9/22/2025,11:31:18,9/22/2025,11:33:51,short,24925.5,24913.55,TARGET,11.9478,234.96,1,7.965207,3.225,11.947811,0.0005000000001018634,0.0005000000001018634,-0.0476875000000291,0.0476875000000291,-0.06338028271233576,11.89980587834997,1.0,LOW
9/22/2025,11:34:18,9/22/2025,11:34:44,long,24912.75,24905.2,STOP,-7.5464,-154.93,0,7.546372,3.275,11.319557,-0.05437500000007276,0.05437500000007276,-0.03274999999994179,0.03274999999994179,-0.4266640414667986,11.478128131240982,1.0,LOW
9/22/2025,11:35:28,9/22/2025,11:36:26,long,24910.5,24904.23,STOP,-6.2658,-129.32,0,6.265786,5.15,9.398678,-0.29812500000007275,0.29812500000007275,-0.19593750000003637,0.19593750000003637,-1.799832355877573,9.397340803495727,1.0,LOW
9/22/2025,11:50:03,9/22/2025,11:55:48,short,24916.75,24907.67,TARGET,9.0835,177.67,1,6.055671,4.2,9.083506,-0.015250000000014552,0.015250000000014552,-0.05843750000003638,0.05843750000003638,-0.11558033337472295,8.80392554985757,1.0,LOW
9/22/2025,11:55:48,9/22/2025,12:00:28,long,24908.25,24916.5,REVERSAL,8.25,161.0,1,6.077193,4.075,9.11579,0.029124999999839928,0.029124999999839928,0.015562499999941793,0.015562499999941793,0.054311992384443286,8.877242632903823,1.0,LOW
9/22/2025,12:00:28,9/22/2025,12:01:11,short,24916.5,24922.48,STOP,-5.9826,-123.65,0,5.982589,4.0,8.973883,0.04387499999975262,0.04387499999975262,0.03374999999996362,0.03374999999996362,-0.23612818933164448,8.675408318379882,1.0,LOW
9/22/2025,12:01:11,9/22/2025,12:05:28,short,24921.75,24912.5,TARGET,9.2487,180.97,1,6.165819,3.625,9.248728,0.05424999999995635,0.05424999999995635,0.04025000000001455,0.04025000000001455,-0.015528468149947017,8.844653622428716,1.0,LOW
9/22/2025,12:05:51,9/22/2025,12:06:47,short,24920.0,24926.54,STOP,-6.5361,-134.72,0,6.53609,4.425,9.804135,-0.007250000000203727,0.007250000000203727,0.02312499999989086,0.02312499999989086,-0.045030889990583134,9.72253123469552,1.0,LOW
9/22/2025,12:13:22,9/22/2025,12:15:55,short,24946.0,24958.96,STOP,-12.9571,-263.14,0,12.957053,4.45,19.43558,0.3678749999999127,0.3678749999999127,0.37606250000008,0.37606250000008,3.1288246864854585,19.1999197285479,1.0,LOW
9/22/2025,13:13:45,9/22/2025,13:14:58,long,24981.75,24977.64,STOP,-4.1137,-86.27,0,4.113739,3.65,6.170609,0.06300000000010186,0.06300000000010186,0.0866874999999709,0.0866874999999709,-0.1991772336494657,6.016267007274483,2.0,MEDIUM
9/22/2025,13:16:29,9/22/2025,13:17:00,long,24982.0,24977.21,STOP,-4.7907,-99.81,0,4.79071,3.125,7.186065,-0.0538749999999709,0.0538749999999709,0.0025625000000218277,0.0025625000000218277,1.0351429547217146,6.9525203354914975,2.0,MEDIUM
9/22/2025,13:22:33,9/22/2025,13:32:49,short,24991.0,24995.98,STOP,-4.983,-103.66,0,4.983036,4.25,7.474554,-0.07199999999975262,0.07199999999975262,-0.06131249999998545,0.06131249999998545,0.18873197958306775,7.194456857205658,2.0,MEDIUM
9/22/2025,13:32:58,9/22/2025,13:33:35,short,24989.0,24981.75,TARGET,7.2532,141.06,1,4.835475,4.05,7.253213,0.08862499999995635,0.08862499999995635,0.08881249999994907,0.08881249999994907,-0.09611504755695055,6.912022214158258,2.0,MEDIUM
9/22/2025,13:33:35,9/22/2025,13:37:30,long,24981.75,24989.02,TARGET,7.2667,141.33,1,4.844463,4.2,7.266694,0.05812499999992724,0.05812499999992724,0.07606249999989814,0.07606249999989814,0.1137207345451472,6.918094272395276,2.0,MEDIUM
9/22/2025,13:37:30,9/22/2025,13:43:51,short,24988.75,24993.59,STOP,-4.8385,-100.77,0,4.838473,2.95,7.257709,-0.07937499999970896,0.07937499999970896,-0.015249999999832653,0.015249999999832653,0.08552721984749034,7.019563769996324,2.0,MEDIUM
9/22/2025,13:46:16,9/22/2025,13:48:13,short,24992.5,24997.95,STOP,-5.4494,-112.99,0,5.44939,3.05,8.174085,0.06574999999975262,0.06574999999975262,0.03168749999986176,0.03168749999986176,0.9596852675024907,7.923260085269696,2.0,MEDIUM
9/22/2025,13:57:37,9/22/2025,14:03:44,long,24984.25,24993.47,TARGET,9.2163,180.33,1,6.144169,3.6,9.216254,0.10687500000021828,0.10687500000021828,0.10043750000004366,0.10043750000004366,-0.5183433375625484,9.335065701784394,2.0,MEDIUM
9/22/2025,14:03:44,9/22/2025,14:11:25,short,24993.75,24998.91,STOP,-5.1628,-107.26,0,5.162814,2.925,7.744221,0.07275000000008731,0.07275000000008731,0.09056249999994179,0.09056249999994179,-0.7827576545313741,7.9821800791172235,2.0,MEDIUM
9/22/2025,14:13:51,9/22/2025,14:16:31,short,24998.75,25004.21,STOP,-5.4623,-113.25,0,5.462328,2.9,8.193492,0.10149999999994179,0.10149999999994179,0.0820625000000291,0.0820625000000291,0.7590222597498038,7.951172678808939,2.0,MEDIUM
9/22/2025,14:54:38,9/22/2025,14:57:16,long,25006.25,25014.11,TARGET,7.8593,153.19,1,5.239558,3.0,7.859337,0.1648750000000291,0.1648750000000291,0.20325000000011642,0.20325000000011642,-2.384402891636773,8.229394676181276,2.0,MEDIUM
9/22/2025,14:57:16,9/22/2025,15:11:19,short,25014.0,25018.72,STOP,-4.7244,-98.49,0,4.724405,3.175,7.086607,0.1321250000000873,0.1321250000000873,0.16700000000000728,0.16700000000000728,-2.6938876019685862,7.147560719311193,2.0,MEDIUM
9/22/2025,15:12:32,9/22/2025,15:12:55,short,25015.5,25019.76,STOP,-4.2632,-89.26,0,4.263241,2.825,6.394862,0.07137499999989813,0.07137499999989813,0.05756249999994907,0.05756249999994907,0.6292646426703952,6.241703580138939,2.0,MEDIUM
9/22/2025,15:33:50,9/22/2025,15:36:15,long,25010.75,25006.36,STOP,-4.391,-91.82,0,4.390999,3.625,6.586498,0.024500000000261934,0.024500000000261934,0.0398750000000291,0.0398750000000291,-0.041799341311865135,6.4677573855514865,2.0,MEDIUM
9/22/2025,15:40:13,9/22/2025,15:40:55,long,25003.0,24995.9,STOP,-7.1026,-146.05,0,7.102614,2.95,10.65392,-0.13337500000016006,0.13337500000016006,-0.1078750000000582,0.1078750000000582,2.8241329463753404,10.469899188060161,2.0,MEDIUM
9/23/2025,09:30:01,9/23/2025,09:31:29,long,24996.75,24988.45,STOP,-8.2983,-169.97,0,8.298307,4.525,12.447461,-0.1616249999999127,0.1616249999999127,-0.12993750000005094,0.12993750000005094,-2.6053709846673883,12.32849315845545,2.0,MEDIUM
9/23/2025,09:31:29,9/23/2025,09:32:41,long,24990.25,25001.35,TARGET,11.0981,217.96,1,7.398758,6.1,11.098137,-0.15249999999978173,0.15249999999978173,-0.1148750000000291,0.1148750000000291,-1.2434687897482508,10.930786248887413,2.0,MEDIUM
9/23/2025,09:32:41,9/23/2025,09:33:02,short,25000.5,24993.75,REVERSAL,6.75,131.0,1,7.417066,5.45,11.125599,-0.04637499999989814,0.04637499999989814,-0.09699999999993451,0.09699999999993451,0.11858209813269838,11.05691307080675,2.0,MEDIUM
9/23/2025,09:33:02,9/23/2025,09:34:01,long,24993.75,25004.28,TARGET,10.5309,206.62,1,7.020605,5.5,10.530908,0.033250000000043654,0.033250000000043654,-0.040562500000123694,0.040562500000123694,-0.47226872407751763,10.631197889168215,2.0,MEDIUM
9/23/2025,09:34:01,9/23/2025,09:34:43,short,25004.25,24995.87,TARGET,8.3815,163.63,1,5.587696,4.925,8.381544,0.1423750000001746,0.1423750000001746,0.05512500000004365,0.05512500000004365,-2.8712388555662454,8.17924961351768,2.0,MEDIUM
9/23/2025,09:34:43,9/23/2025,09:34:53,long,24996.75,24991.14,STOP,-5.613,-116.26,0,5.612987,4.5,8.419481,0.13412499999976718,0.13412499999976718,0.1054374999999709,0.1054374999999709,-1.6843870747847642,8.101163458546774,3.0,MEDIUM
9/23/2025,09:35:08,9/23/2025,09:35:23,long,24992.25,24986.41,STOP,-5.8427,-120.85,0,5.842664,4.625,8.763996,0.025374999999985447,0.025374999999985447,0.08250000000007277,0.08250000000007277,0.3197746723833017,8.37636076674586,3.0,MEDIUM
9/23/2025,09:52:43,9/23/2025,09:54:21,short,24967.5,24953.0,REVERSAL,14.5,286.0,1,10.785017,5.125,16.177526,-0.13937499999992725,0.13937499999992725,-0.18268750000006548,0.18268750000006548,-1.1268363892628237,16.48053259171688,3.0,MEDIUM
9/23/2025,09:54:21,9/23/2025,09:54:41,long,24953.0,24945.36,STOP,-7.6366,-156.73,0,7.63663,4.525,11.454945,-0.20112499999995634,0.20112499999995634,-0.17024999999994178,0.17024999999994178,-4.720802126470943,11.759730465245937,3.0,MEDIUM
9/23/2025,09:54:53,9/23/2025,09:55:08,long,24947.25,24940.32,STOP,-6.9289,-142.58,0,6.928932,4.975,10.393398,-0.2523750000000291,0.2523750000000291,-0.1975625000000946,0.1975625000000946,-4.655609090969794,10.315667383652304,3.0,MEDIUM
9/23/2025,10:05:35,9/23/2025,10:12:44,short,24954.5,24939.38,TARGET,15.1226,298.45,1,10.08172,4.725,15.122579,-0.2241249999999127,0.2241249999999127,-0.18324999999986175,0.18324999999986175,-1.2261384174376264,15.091293677223105,3.0,MEDIUM
9/23/2025,10:12:44,9/23/2025,10:13:02,long,24939.5,24951.04,TARGET,11.5358,226.72,1,7.690505,5.225,11.535758,0.06700000000018917,0.06700000000018917,-0.015749999999934518,0.015749999999934518,0.5501528873618629,11.254436623681029,3.0,MEDIUM
9/23/2025,10:13:02,9/23/2025,10:13:46,short,24952.0,24959.69,STOP,-7.6895,-157.79,0,7.689522,5.2,11.534283,0.02312500000007276,0.02312500000007276,0.012000000000080035,0.012000000000080035,0.06592233224215427,11.288377720354951,3.0,MEDIUM
9/23/2025,10:13:53,9/23/2025,10:15:45,short,24958.75,24946.69,TARGET,12.0572,237.14,1,8.038132,4.6,12.057198,0.03337500000016007,0.03337500000016007,0.051000000000021826,0.051000000000021826,0.3279648919050757,11.610633839208365,3.0,MEDIUM
9/23/2025,10:16:13,9/23/2025,10:18:18,short,24952.0,24959.93,STOP,-7.9286,-162.57,0,7.928576,4.625,11.892864,0.13487500000010186,0.13487500000010186,0.08575000000000728,0.08575000000000728,-0.11799366809844436,11.616577317511114,3.0,MEDIUM
9/23/2025,10:18:18,9/23/2025,10:22:07,short,24957.75,24946.42,TARGET,11.3333,222.67,1,7.555532,4.85,11.333298,0.14249999999992724,0.14249999999992724,0.13712499999983266,0.13712499999983266,-0.6482022903993041,11.325469554006315,3.0,MEDIUM
9/23/2025,10:22:07,9/23/2025,10:22:26,long,24949.25,24942.76,STOP,-6.4922,-133.84,0,6.49219,4.875,9.738284,0.09325000000026193,0.09325000000026193,0.15450000000000727,0.15450000000000727,-0.04436746911682121,9.636625761755644,3.0,MEDIUM
9/23/2025,10:22:26,9/23/2025,10:24:38,long,24943.75,24937.32,STOP,-6.4267,-132.53,0,6.426704,5.125,9.640056,0.058874999999898134,0.058874999999898134,0.14268749999991998,0.14268749999991998,-0.05073034550026456,9.558122696491735,3.0,MEDIUM
9/23/2025,10:27:31,9/23/2025,10:35:08,short,24957.75,24948.08,TARGET,9.6712,189.42,1,6.447453,4.85,9.671179,-0.06737499999981082,0.06737499999981082,-0.021187499999905414,0.021187499999905414,0.2907682132261744,9.276484464862797,3.0,MEDIUM
9/23/2025,10:35:23,9/23/2025,10:40:17,short,24957.75,24948.11,TARGET,9.6444,188.89,1,6.429568,4.4,9.644353,0.005999999999767169,0.005999999999767169,0.02318749999994907,0.02318749999994907,-0.28745284506717006,9.501580869848896,3.0,MEDIUM
9/23/2025,10:40:55,9/23/2025,10:41:31,short,24960.0,24966.39,STOP,-6.3883,-131.77,0,6.388276,5.05,9.582414,0.016250000000218277,0.016250000000218277,0.041687500000080036,0.041687500000080036,-0.0021565334952402537,9.203903875761743,3.0,MEDIUM
9/23/2025,10:42:41,9/23/2025,10:43:52,short,24967.25,24954.74,TARGET,12.5071,246.14,1,8.338069,3.325,12.507104,0.1469999999997526,0.1469999999997526,0.08793749999986175,0.08793749999986175,2.783904257251546,12.164148811067463,3.0,MEDIUM
9/23/2025,10:44:27,9/23/2025,10:47:23,long,24950.0,24941.57,STOP,-8.4349,-172.7,0,8.434874,3.9,12.652311,0.03275000000030559,0.03275000000030559,0.0898750000000291,0.0898750000000291,0.2968669591221271,12.46101577018959,3.0,MEDIUM
9/23/2025,10:48:03,9/23/2025,10:55:15,long,24947.75,24958.59,TARGET,10.8369,212.74,1,7.2246,4.625,10.836901,0.05687499999985448,0.05687499999985448,0.042437500000050934,0.042437500000050934,-1.490210263724828,10.683132911146652,3.0,MEDIUM
9/23/2025,10:55:31,9/23/2025,10:57:20,short,24960.5,24949.33,TARGET,11.1727,219.45,1,7.448444,3.975,11.172666,-0.037374999999883585,0.037374999999883585,-0.05687500000003638,0.05687500000003638,0.19008529381135375,11.086547916590243,3.0,MEDIUM
9/23/2025,10:57:20,9/23/2025,11:00:37,long,24948.0,24940.49,STOP,-7.506,-154.12,0,7.506002,3.725,11.259003,0.029124999999839928,0.029124999999839928,-0.030062499999985448,0.030062499999985448,0.11202788714918377,11.198179893044953,4.0,MEDIUM
9/23/2025,11:00:37,9/23/2025,11:09:56,long,24940.0,24950.75,REVERSAL,10.75,211.0,1,8.166892,3.925,12.250337,-0.08062500000014552,0.08062500000014552,-0.035375000000021826,0.035375000000021826,0.6846987822353743,11.95543393319952,4.0,MEDIUM
9/23/2025,11:09:56,9/23/2025,11:12:11,short,24950.75,24957.03,STOP,-6.2849,-129.7,0,6.284875,4.475,9.427312,-0.22212500000023283,0.22212500000023283,-0.23706250000013823,0.23706250000013823,-2.164249665787736,9.393031710323065,4.0,MEDIUM
9/23/2025,11:15:23,9/23/2025,11:17:57,short,24955.0,24963.25,STOP,-8.2501,-169.0,0,8.25012,3.9,12.37518,0.18149999999986904,0.18149999999986904,0.1038749999999709,0.1038749999999709,2.450244610185706,12.234180850134567,4.0,MEDIUM
9/23/2025,11:37:47,9/23/2025,11:39:43,long,24950.0,24942.14,STOP,-7.8647,-161.29,0,7.864716,4.0,11.797073,0.14162499999983993,0.14162499999983993,0.16193749999983992,0.16193749999983992,-1.7797583506602184,11.908907927654207,4.0,MEDIUM
9/23/2025,11:43:14,9/23/2025,11:46:20,long,24941.0,24955.69,TARGET,14.6895,289.79,1,9.792973,4.075,14.689459,-0.17562499999985448,0.17562499999985448,-0.07875000000003637,0.07875000000003637,4.055434256046432,14.520982441615505,4.0,MEDIUM
9/23/2025,11:47:30,9/23/2025,11:54:08,short,24960.0,24945.54,TARGET,14.4646,285.29,1,9.643082,3.625,14.464623,-0.07487499999988359,0.07487499999988359,-0.13524999999990542,0.13524999999990542,-0.33361640940854187,14.484937683915419,4.0,MEDIUM
9/23/2025,11:54:08,9/23/2025,12:06:52,long,24945.25,24936.26,STOP,-8.9892,-183.78,0,8.989192,4.85,13.483788,-0.1132499999999709,0.1132499999999709,-0.05437500000007276,0.05437500000007276,-0.8782364753555072,13.636278691563742,4.0,MEDIUM
9/23/2025,12:06:52,9/23/2025,12:08:23,long,24935.75,24928.19,STOP,-7.5644,-155.29,0,7.564408,3.725,11.346613,-0.1507499999999709,0.1507499999999709,-0.17143750000013824,0.17143750000013824,-0.09230701268214858,11.312464683237039,4.0,MEDIUM
9/23/2025,12:20:39,9/23/2025,12:29:00,short,24946.75,24929.16,TARGET,17.5888,347.78,1,11.725886,3.15,17.588829,-0.05537499999991269,0.05537499999991269,-0.04381250000005821,0.04381250000005821,-0.37876351261336794,17.64119178788029,4.0,MEDIUM
9/23/2025,12:29:00,9/23/2025,12:35:02,long,24929.25,24919.48,STOP,-9.7672,-199.34,0,9.767168,4.6,14.650752,-0.11875,0.11875,-0.09243750000005094,0.09243750000005094,-1.284673322917488,14.629083053729317,4.0,MEDIUM
9/23/2025,12:35:02,9/23/2025,12:35:11,long,24919.0,24932.42,TARGET,13.4196,264.39,1,8.946375,5.25,13.419562,-0.12625000000007275,0.12625000000007275,-0.12206249999999272,0.12206249999999272,-1.1388251920452923,13.234217657882235,4.0,MEDIUM
9/23/2025,12:35:11,9/23/2025,12:36:20,short,24935.25,24924.0,REVERSAL,11.25,221.0,1,9.009667,6.55,13.514501,-0.12574999999997089,0.12574999999997089,-0.13256249999994907,0.13256249999994907,-0.24898927066831789,13.501817006276656,4.0,MEDIUM
9/23/2025,12:36:20,9/23/2025,12:38:04,long,24924.0,24937.58,TARGET,13.5793,267.59,1,9.052835,6.875,13.579252,-0.08587499999994179,0.08587499999994179,-0.10274999999983266,0.10274999999983266,0.2713808833715827,13.477303494693684,4.0,MEDIUM
9/23/2025,12:38:04,9/23/2025,12:49:11,short,24941.0,24949.94,STOP,-8.9373,-182.75,0,8.937315,5.55,13.405973,0.008000000000174623,0.008000000000174623,-0.043375000000014555,0.043375000000014555,-0.014607974586539285,13.454365604004906,4.0,MEDIUM
9/23/2025,12:49:11,9/23/2025,12:53:52,short,24950.0,24938.74,TARGET,11.2573,221.15,1,7.50484,3.45,11.25726,0.13187499999985447,0.13187499999985447,0.13787499999998545,0.13787499999998545,0.4153170472250203,10.998014249905607,4.0,MEDIUM
9/23/2025,12:55:00,9/23/2025,12:55:34,long,24931.25,24923.87,STOP,-7.3798,-151.6,0,7.379812,4.525,11.069717,-0.023250000000189175,0.023250000000189175,0.043874999999934515,0.043874999999934515,-0.33275353962359944,11.171760765692254,4.0,MEDIUM
9/23/2025,12:56:27,9/23/2025,13:01:21,long,24926.25,24918.31,STOP,-7.941,-162.82,0,7.940974,4.15,11.911461,-0.21224999999976718,0.21224999999976718,-0.11774999999997818,0.11774999999997818,0.4804977197374569,11.65225848542971,4.0,MEDIUM
9/23/2025,13:47:18,9/23/2025,13:48:23,short,24818.5,24828.79,STOP,-10.2919,-209.84,0,10.291926,7.45,15.43789,-0.30349999999998545,0.30349999999998545,-0.32831249999999274,0.32831249999999274,-3.4454933258266465,15.83579581199674,4.0,MEDIUM
9/23/2025,13:50:03,9/23/2025,14:02:26,short,24831.5,24845.47,STOP,-13.9658,-283.32,0,13.965809,4.95,20.948713,0.21824999999989814,0.21824999999989814,0.1226875000000291,0.1226875000000291,4.805741186386664,20.44267344914991,4.0,MEDIUM
9/23/2025,14:03:41,9/23/2025,14:06:05,long,24820.75,24812.59,STOP,-8.1635,-167.27,0,8.163459,5.975,12.245189,0.3483750000003056,0.3483750000003056,0.3264375000000655,0.3264375000000655,-4.248028838584663,12.994782060857727,5.0,MEDIUM
9/23/2025,14:06:16,9/23/2025,14:10:08,long,24824.75,24816.43,STOP,-8.323,-170.46,0,8.323049,6.1,12.484574,-0.028125,0.028125,0.10712499999990541,0.10712499999990541,0.2903000628091803,12.069681094305075,5.0,MEDIUM
9/23/2025,14:26:35,9/23/2025,14:39:19,short,24823.75,24805.18,TARGET,18.5683,367.37,1,12.378882,4.325,18.568323,-0.20499999999992724,0.20499999999992724,-0.25112499999995636,0.25112499999995636,-1.8180318768678134,18.37366801037595,5.0,MEDIUM
9/23/2025,14:39:31,9/23/2025,14:47:41,long,24803.75,24820.8,TARGET,17.0549,337.1,1,11.369932,4.95,17.054898,0.02124999999978172,0.02124999999978172,0.053937499999847205,0.053937499999847205,0.24431493570706309,16.68865664674443,5.0,MEDIUM
9/23/2025,14:50:24,9/23/2025,14:53:34,long,24806.5,24796.13,STOP,-10.3666,-211.33,0,10.366568,4.45,15.549851,0.13962499999979627,0.13962499999979627,0.11143749999991996,0.11143749999991996,-1.2484462410603907,15.47452211010397,5.0,MEDIUM
9/23/2025,14:55:43,9/23/2025,14:57:15,long,24803.0,24792.26,STOP,-10.7444,-218.89,0,10.744417,6.575,16.116626,-0.11825000000026194,0.11825000000026194,-0.021625000000130967,0.021625000000130967,1.9669329517007519,15.973333046900226,5.0,MEDIUM
9/23/2025,15:11:41,9/23/2025,15:17:22,short,24809.0,24817.18,STOP,-8.1764,-167.53,0,8.176366,4.675,12.26455,-0.10162500000005821,0.10162500000005821,-0.21712499999994178,0.21712499999994178,-0.41438629247298486,11.950653748768962,5.0,MEDIUM
9/23/2025,15:20:12,9/23/2025,15:21:22,short,24817.25,24803.02,TARGET,14.2293,280.59,1,9.486182,4.025,14.229273,0.07137500000026194,0.07137500000026194,0.027687500000138244,0.027687500000138244,2.0287356538021424,14.03728433797873,5.0,MEDIUM
9/23/2025,15:27:20,9/23/2025,15:30:00,long,24793.5,24807.65,TARGET,14.1512,279.02,1,9.434132,5.125,14.151198,0.05687499999985448,0.05687499999985448,0.03968750000003638,0.03968750000003638,-0.4653244919222743,14.051247519015835,5.0,MEDIUM
9/23/2025,15:32:31,9/23/2025,15:40:35,short,24813.75,24822.23,STOP,-8.4773,-173.55,0,8.477344,4.375,12.716017,0.1342500000002474,0.1342500000002474,0.07506250000005821,0.07506250000005821,-1.464860163972979,12.519106279566302,5.0,MEDIUM
9/23/2025,15:40:35,9/23/2025,15:45:00,short,24822.75,24830.98,STOP,-8.232,-168.64,0,8.232026,4.325,12.348039,0.23387500000026193,0.23387500000026193,0.15993749999997817,0.15993749999997817,-0.6945376659243738,12.382322644937853,5.0,MEDIUM
9/24/2025,09:30:01,9/24/2025,09:30:07,short,24889.5,24899.21,STOP,-9.7068,-198.14,0,9.706834,5.05,14.56025,-0.2304999999996653,0.2304999999996653,-0.2264999999999418,0.2264999999999418,-2.3095901077788454,14.42487690970906,5.0,MEDIUM
9/24/2025,09:30:07,9/24/2025,09:30:36,short,24889.25,24876.0,REVERSAL,13.25,261.0,1,9.810159,5.675,14.715238,-0.15487499999981083,0.15487499999981083,-0.20687499999985448,0.20687499999985448,-1.91263114353203,14.4191146217058,5.0,MEDIUM
9/24/2025,09:30:36,9/24/2025,09:30:47,long,24876.0,24866.76,STOP,-9.2404,-188.81,0,9.240431,6.3,13.860647,-0.02750000000014552,0.02750000000014552,-0.1289999999999054,0.1289999999999054,-0.4430421037128447,13.981834805996215,5.0,MEDIUM
9/24/2025,09:31:00,9/24/2025,09:31:09,long,24872.0,24864.53,STOP,-7.4677,-153.35,0,7.467651,5.2,11.201477,-0.3148750000000291,0.3148750000000291,-0.17250000000003637,0.17250000000003637,-3.1046315825731146,11.356206377712772,5.0,MEDIUM
9/24/2025,09:42:54,9/24/2025,09:43:59,short,24846.0,24834.9,TARGET,11.1017,218.03,1,7.401103,6.375,11.101654,-0.2804999999996653,0.2804999999996653,-0.27449999999989816,0.27449999999989816,-4.381980040615568,11.512458667072615,5.0,MEDIUM
9/24/2025,09:43:59,9/24/2025,09:43:59,long,24830.75,24841.19,TARGET,10.4398,204.8,1,6.959854,6.375,10.439781,-0.12000000000007276,0.12000000000007276,-0.2000625000000582,0.2000625000000582,-2.2442950399038644,10.408382767464877,5.0,MEDIUM
9/24/2025,09:43:59,9/24/2025,09:45:51,long,24834.5,24827.58,STOP,-6.9172,-142.34,0,6.917223,6.975,10.375834,-0.12000000000007276,0.12000000000007276,-0.2000625000000582,0.2000625000000582,-2.2442950399038644,10.408382767464877,5.0,MEDIUM
9/24/2025,09:46:01,9/24/2025,09:46:36,long,24836.5,24829.39,STOP,-7.1116,-146.23,0,7.111566,5.15,10.667349,-0.018375000000014553,0.018375000000014553,-0.035812500000065486,0.035812500000065486,0.28209649695883243,10.456144888307822,5.0,MEDIUM
9/24/2025,09:59:34,9/24/2025,10:02:40,short,24823.75,24805.35,TARGET,18.3971,363.94,1,12.264704,5.35,18.397056,-0.21800000000002911,0.21800000000002911,-0.2665624999999636,0.2665624999999636,-2.8741029090962584,18.620249547485052,5.0,MEDIUM
9/24/2025,10:03:34,9/24/2025,10:03:48,short,24815.0,24823.62,STOP,-8.6217,-176.43,0,8.621682,5.9,12.932523,-0.14825000000018917,0.14825000000018917,-0.1483749999999418,0.1483749999999418,-2.3086634091580933,13.029704236934005,6.0,LOW
9/24/2025,10:05:20,9/24/2025,10:09:43,short,24830.75,24814.0,REVERSAL,16.75,331.0,1,12.837727,4.025,19.25659,0.2633750000000873,0.2633750000000873,0.16062499999989086,0.16062499999989086,4.171937381390293,18.940896692082813,6.0,LOW
9/24/2025,10:09:43,9/24/2025,10:14:13,long,24814.0,24826.5,REVERSAL,12.5,246.0,1,8.751098,5.35,13.126647,0.21837500000001456,0.21837500000001456,0.23175000000010187,0.23175000000010187,-2.940588634936173,13.4461198577857,6.0,LOW
9/24/2025,10:14:13,9/24/2025,10:17:02,short,24826.5,24834.71,STOP,-8.2143,-168.29,0,8.214345,6.3,12.321518,0.06137500000004366,0.06137500000004366,0.04862499999999272,0.04862499999999272,-0.7193105686411005,12.058354799864807,6.0,LOW
9/24/2025,10:17:14,9/24/2025,10:21:37,short,24832.0,24819.35,TARGET,12.6521,249.04,1,8.434727,5.35,12.65209,0.14825000000018917,0.14825000000018917,0.11368750000001455,0.11368750000001455,0.13446655517514117,12.190896817822399,6.0,LOW
9/24/2025,10:21:45,9/24/2025,10:31:24,long,24818.0,24825.75,REVERSAL,7.75,151.0,1,8.626,5.225,12.938999,0.13074999999989814,0.13074999999989814,0.13887500000000727,0.13887500000000727,-0.04092283300132138,13.18534558101986,6.0,LOW
9/24/2025,10:31:24,9/24/2025,10:32:10,short,24825.75,24814.91,TARGET,10.8446,212.89,1,7.229756,4.4,10.844634,-0.05925000000024738,0.05925000000024738,-0.11812500000014552,0.11812500000014552,-0.25602163679962864,10.540948293822572,6.0,LOW
9/24/2025,10:32:10,9/24/2025,10:32:35,long,24814.25,24807.09,STOP,-7.1607,-147.21,0,7.160719,5.075,10.741079,0.021875,0.021875,-0.07875000000003637,0.07875000000003637,-0.033958414536527926,10.444251356005942,6.0,LOW
9/24/2025,10:35:17,9/24/2025,10:41:32,long,24809.25,24799.31,STOP,-9.9398,-202.8,0,9.939801,5.025,14.909702,-0.15849999999991268,0.15849999999991268,-0.09981250000000727,0.09981250000000727,3.4462327339809153,14.755191089488832,6.0,LOW
9/24/2025,10:46:25,9/24/2025,10:49:25,short,24820.5,24828.68,STOP,-8.1829,-167.66,0,8.182928,4.65,12.274393,-0.21924999999973807,0.21924999999973807,-0.23249999999989085,0.23249999999989085,-2.4298144765106677,12.856172659585074,6.0,LOW
9/24/2025,10:49:30,9/24/2025,10:50:49,short,24825.5,24813.61,TARGET,11.8947,233.89,1,7.929803,4.825,11.894704,-0.035499999999956344,0.035499999999956344,-0.12075000000004366,0.12075000000004366,-0.8572330092337079,11.679380840477055,6.0,LOW
9/24/2025,10:50:49,9/24/2025,10:51:41,short,24819.25,24827.2,STOP,-7.9535,-163.07,0,7.95351,4.55,11.930265,0.02037499999969441,0.02037499999969441,-0.05625,0.05625,0.37464260713857556,11.77972832101357,6.0,LOW
9/24/2025,10:51:41,9/24/2025,10:53:44,short,24825.25,24813.15,TARGET,12.103,238.06,1,8.068645,4.9,12.102967,0.027375000000029105,0.027375000000029105,-0.03568750000013097,0.03568750000013097,0.45646346124175174,11.806769294072884,6.0,LOW
9/24/2025,10:54:35,9/24/2025,10:55:19,long,24806.0,24797.53,STOP,-8.4735,-173.47,0,8.473522,4.4,12.710282,0.012374999999883585,0.012374999999883585,0.02506250000005821,0.02506250000005821,0.42786957013942484,12.47599100630692,6.0,LOW
9/24/2025,10:55:31,9/24/2025,10:57:30,long,24799.25,24790.25,STOP,-8.9997,-183.99,0,8.999693,4.525,13.49954,-0.10125000000007275,0.10125000000007275,-0.02437499999996362,0.02437499999996362,0.6358729640326857,13.128930554272026,6.0,LOW
9/24/2025,11:20:03,9/24/2025,11:21:01,short,24794.5,24801.63,STOP,-7.1281,-146.56,0,7.128104,5.025,10.692156,-0.371875,0.371875,-0.3786874999999782,0.3786874999999782,-6.198038786716607,11.42552014947404,6.0,LOW
9/24/2025,11:21:01,9/24/2025,11:22:41,short,24797.0,24803.61,STOP,-6.6125,-136.25,0,6.612478,4.1,9.918717,-0.26712499999994177,0.26712499999994177,-0.328125,0.328125,-5.730363956734639,9.994270199594961,6.0,LOW
9/24/2025,11:31:28,9/24/2025,11:33:24,long,24785.75,24778.19,STOP,-7.5607,-155.21,0,7.560731,4.275,11.341096,-0.025,0.025,-0.0016250000000582077,0.0016250000000582077,-0.12965235214969972,11.173159296680133,6.0,LOW
9/24/2025,11:35:43,9/24/2025,11:39:06,long,24774.25,24764.04,STOP,-10.2063,-208.13,0,10.206333,4.575,15.309499,-0.2634999999998399,0.2634999999998399,-0.19018749999995635,0.19018749999995635,2.4285512574996364,15.085006644340163,6.0,LOW
9/24/2025,12:18:39,9/24/2025,12:21:26,short,24660.5,24673.65,STOP,-13.1498,-267.0,0,13.149792,4.675,19.724688,-0.2335000000002765,0.2335000000002765,-0.32993750000005095,0.32993750000005095,-2.798148668430432,20.06188897567769,6.0,LOW
9/24/2025,12:25:14,9/24/2025,12:27:44,short,24683.25,24702.02,STOP,-18.7687,-379.37,0,18.768726,4.2,28.153089,0.35412499999983993,0.35412499999983993,0.28343750000003637,0.28343750000003637,5.675341790279841,27.63130397907898,7.0,MEDIUM
9/24/2025,12:46:32,9/24/2025,12:47:09,long,24680.5,24692.61,TARGET,12.1103,238.21,1,8.073508,5.2,12.110261,0.2835000000002765,0.2835000000002765,0.3573750000001382,0.3573750000001382,-4.3226180569648065,12.587486319829022,7.0,MEDIUM
9/24/2025,12:47:33,9/24/2025,12:50:12,short,24695.0,24687.5,REVERSAL,7.5,146.0,1,7.297977,5.5,10.946966,0.19549999999981083,0.19549999999981083,0.29793749999989816,0.29793749999989816,-3.8174872480169757,11.22536064689831,7.0,MEDIUM
9/24/2025,12:50:12,9/24/2025,12:57:14,long,24687.5,24681.15,STOP,-6.3493,-130.99,0,6.349301,5.45,9.523951,0.17199999999975263,0.17199999999975263,0.22775000000001455,0.22775000000001455,-2.9942175250007015,9.59326879482832,7.0,MEDIUM
9/24/2025,12:58:00,9/24/2025,12:59:04,long,24685.5,24679.25,STOP,-6.2496,-128.99,0,6.2496,5.125,9.3744,-0.036624999999912686,0.036624999999912686,-0.009624999999869033,0.009624999999869033,0.25030084800040875,9.575674046383432,7.0,MEDIUM
9/24/2025,13:00:17,9/24/2025,13:01:38,short,24692.0,24698.16,STOP,-6.1615,-127.23,0,6.161539,4.975,9.242309,0.0008749999997235136,0.0008749999997235136,-0.009125000000130968,0.009125000000130968,-0.3169469864201613,9.193742278251941,7.0,MEDIUM
9/24/2025,13:01:38,9/24/2025,13:03:25,short,24696.5,24687.31,TARGET,9.191,179.82,1,6.127346,5.1,9.19102,0.04237500000017462,0.04237500000017462,-0.00031249999992724045,0.00031249999992724045,-0.5771301368307071,9.101854210095444,7.0,MEDIUM
9/24/2025,13:03:25,9/24/2025,13:04:14,long,24685.75,24694.55,TARGET,8.8041,172.08,1,5.869389,5.525,8.804083,0.007500000000072759,0.007500000000072759,-0.0002500000000509317,0.0002500000000509317,-0.5406766953067912,8.739966653673536,7.0,MEDIUM
9/24/2025,13:04:14,9/24/2025,13:06:52,short,24693.75,24699.61,STOP,-5.8643,-121.29,0,5.864309,5.8,8.796463,-0.028874999999970896,0.028874999999970896,-0.006062500000007276,0.006062500000007276,-0.521492045505692,8.607530071138259,7.0,MEDIUM
9/24/2025,13:06:52,9/24/2025,13:08:01,short,24700.75,24706.51,STOP,-5.7636,-119.27,0,5.763569,6.625,8.645353,-0.05462499999994179,0.05462499999994179,-0.01281249999992724,0.01281249999992724,-0.6391135850714509,8.41406657907884,7.0,MEDIUM
9/24/2025,13:45:51,9/24/2025,13:47:31,long,24719.25,24708.35,STOP,-10.9016,-222.03,0,10.901634,4.4,16.352451,-0.08649999999979627,0.08649999999979627,-0.050749999999970895,0.050749999999970895,-0.32730612054640673,16.38500561936665,7.0,MEDIUM
9/24/2025,13:47:31,9/24/2025,14:10:13,long,24708.5,24696.95,STOP,-11.5458,-234.92,0,11.545773,4.575,17.318659,-0.1452499999999418,0.1452499999999418,-0.10356250000004366,0.10356250000004366,0.48898934840118,16.995388225532526,7.0,MEDIUM
9/24/2025,14:15:43,9/24/2025,14:21:25,short,24711.25,24699.0,REVERSAL,12.25,241.0,1,10.249629,4.6,15.374444,-0.2861250000001746,0.2861250000001746,-0.41281250000010916,0.41281250000010916,-1.3255631208273133,15.681814436934294,7.0,MEDIUM
9/24/2025,14:21:25,9/24/2025,14:31:25,long,24699.0,24710.9,TARGET,11.9034,234.07,1,7.935573,4.6,11.903359,-0.1556250000001455,0.1556250000001455,-0.1703750000000582,0.1703750000000582,-2.507676487075372,11.976619477956831,7.0,MEDIUM
9/24/2025,14:31:25,9/24/2025,14:38:05,short,24710.25,24718.37,STOP,-8.1189,-166.38,0,8.118871,4.85,12.178307,-0.05837499999979627,0.05837499999979627,-0.07312499999989086,0.07312499999989086,-0.08323061827389644,12.084488763093269,7.0,MEDIUM
9/24/2025,14:41:41,9/24/2025,14:45:22,short,24715.25,24724.24,STOP,-8.9943,-183.89,0,8.99433,4.075,13.491495,0.11800000000002911,0.11800000000002911,0.04668750000000728,0.04668750000000728,2.16374659375815,13.315428083892444,7.0,MEDIUM
9/24/2025,15:15:00,9/24/2025,15:19:30,long,24717.0,24730.6,TARGET,13.598,267.96,1,9.065339,4.5,13.598008,0.21912499999998544,0.21912499999998544,0.2565000000000509,0.2565000000000509,-2.563561482713867,14.006915907384842,7.0,MEDIUM
9/24/2025,15:19:30,9/24/2025,15:24:15,short,24732.0,24724.75,REVERSAL,7.25,141.0,1,7.777665,4.475,11.666497,0.1336250000000291,0.1336250000000291,0.17637500000000728,0.17637500000000728,-2.174084826457081,11.832831080927761,7.0,MEDIUM
9/24/2025,15:24:15,9/24/2025,15:36:05,long,24724.75,24717.21,STOP,-7.5412,-154.82,0,7.54122,4.25,11.31183,0.09675000000024739,0.09675000000024739,0.115625,0.115625,-0.827264643230091,11.376884680176316,7.0,MEDIUM
9/24/2025,15:39:59,9/24/2025,15:42:17,long,24720.0,24713.1,STOP,-6.898,-141.96,0,6.897994,3.625,10.346991,0.009375,0.009375,0.028562499999861757,0.028562499999861757,-0.4289687329469132,10.196629347695374,7.0,MEDIUM
9/25/2025,09:30:00,9/25/2025,09:30:03,short,24571.25,24558.25,REVERSAL,13.0,256.0,1,11.185831,5.95,16.778747,-0.004499999999825377,0.004499999999825377,-0.04499999999989086,0.04499999999989086,-0.08502459242878047,16.59672439712564,8.0,MEDIUM
9/25/2025,09:30:03,9/25/2025,09:30:20,long,24558.25,24547.04,STOP,-11.206,-228.12,0,11.205998,6.5,16.808998,0.02125000000014552,0.02125000000014552,-0.03137499999993452,0.03137499999993452,0.31446007367528495,16.635352639697793,8.0,MEDIUM
9/25/2025,09:30:20,9/25/2025,09:30:27,long,24545.5,24534.12,STOP,-11.3785,-231.57,0,11.378512,7.775,17.067767,-0.01787499999991269,0.01787499999991269,-0.011187499999869033,0.011187499999869033,0.11632805357393039,16.71305245069957,8.0,MEDIUM
9/25/2025,09:46:48,9/25/2025,09:48:26,short,24462.0,24477.69,STOP,-15.6929,-317.86,0,15.692867,6.25,23.5393,-0.371625000000131,0.371625000000131,-0.36806250000008733,0.36806250000008733,-5.197377006310965,24.89379429472489,8.0,MEDIUM
9/25/2025,09:49:21,9/25/2025,09:50:08,short,24481.0,24500.23,STOP,-19.2271,-388.54,0,19.227119,4.525,28.840679,0.3897500000002765,0.3897500000002765,0.25356250000004366,0.25356250000004366,7.3601871644872965,28.397709363382184,8.0,MEDIUM
9/25/2025,09:52:26,9/25/2025,09:58:32,long,24456.75,24434.68,STOP,-22.0674,-445.35,0,22.067394,6.1,33.101092,0.4197499999998399,0.4197499999998399,0.5645000000000436,0.5645000000000436,-5.443599152515759,33.7869892010888,8.0,MEDIUM
9/25/2025,09:58:32,9/25/2025,10:00:01,long,24436.5,24470.35,TARGET,33.8519,673.04,1,22.567966,6.5,33.851949,-0.3782499999997526,0.3782499999997526,-0.32212499999986904,0.32212499999986904,1.4421462509361405,33.70927656854745,8.0,MEDIUM
9/25/2025,10:00:24,9/25/2025,10:01:03,long,24451.0,24465.75,REVERSAL,14.75,291.0,1,13.330766,9.75,19.996149,-0.5973749999997381,0.5973749999997381,-0.6235624999999345,0.6235624999999345,-9.7651213617239,22.24419740635986,8.0,MEDIUM
9/25/2025,10:01:03,9/25/2025,10:01:24,short,24465.75,24476.45,STOP,-10.6979,-217.96,0,10.697908,7.825,16.046861,-0.5532500000001164,0.5532500000001164,-0.6081250000001092,0.6081250000001092,-11.272311169486205,17.33260555341943,8.0,MEDIUM
9/25/2025,10:03:04,9/25/2025,10:03:55,short,24485.25,24501.69,STOP,-16.4366,-332.73,0,16.436609,7.0,24.654913,0.35374999999985446,0.35374999999985446,0.2625,0.2625,5.838144026916922,24.37972994754897,8.0,MEDIUM
9/25/2025,10:28:37,9/25/2025,10:32:07,long,24605.25,24626.48,TARGET,21.2282,420.56,1,14.152128,4.575,21.228192,0.19012500000026195,0.19012500000026195,0.3470624999999927,0.3470624999999927,-1.5660875812286612,21.282149061335744,8.0,MEDIUM
9/25/2025,10:32:07,9/25/2025,10:36:08,short,24629.75,24617.25,REVERSAL,12.5,246.0,1,10.847639,5.925,16.271459,0.22775000000001455,0.22775000000001455,0.19174999999995634,0.19174999999995634,-3.450108404965931,16.96095491233143,8.0,MEDIUM
9/25/2025,10:36:08,9/25/2025,10:36:36,long,24617.25,24609.04,STOP,-8.2125,-168.25,0,8.212513,5.275,12.318769,0.18500000000021827,0.18500000000021827,0.2405625000001237,0.2405625000001237,-1.5294259221641013,12.089142594442603,8.0,MEDIUM
9/25/2025,10:36:36,9/25/2025,10:38:12,long,24613.5,24625.98,TARGET,12.4774,245.55,1,8.318255,5.2,12.477383,0.08549999999995635,0.08549999999995635,0.1780000000000655,0.1780000000000655,-0.6791795907418923,12.161977941403066,8.0,MEDIUM
9/25/2025,10:38:22,9/25/2025,10:38:57,long,24619.5,24623.75,REVERSAL,4.25,81.0,1,8.364135,5.875,12.546202,-0.02099999999991269,0.02099999999991269,0.03225000000002183,0.03225000000002183,0.18032793170490358,12.34230587310797,8.0,MEDIUM
9/25/2025,10:38:57,9/25/2025,10:39:25,short,24623.75,24632.12,STOP,-8.3673,-171.35,0,8.367339,6.375,12.551009,-0.024125000000276488,0.024125000000276488,-0.005375000000094587,0.005375000000094587,0.11729202892482604,12.358477838820924,8.0,MEDIUM
9/25/2025,10:39:25,9/25/2025,10:40:18,short,24632.5,24619.94,TARGET,12.5594,247.19,1,8.372967,7.175,12.55945,-0.021125000000029103,0.021125000000029103,-0.015437500000007275,0.015437500000007275,0.06176739422538802,12.356698332028841,8.0,MEDIUM
9/25/2025,10:40:29,9/25/2025,10:40:43,short,24622.5,24614.5,REVERSAL,8.0,156.0,1,7.639354,6.25,11.459031,-0.04874999999992724,0.04874999999992724,-0.03599999999987631,0.03599999999987631,-0.7395338113951908,11.61538260183299,8.0,MEDIUM
9/25/2025,10:40:43,9/25/2025,10:41:49,long,24614.5,24625.66,TARGET,11.1608,219.22,1,7.440546,6.65,11.160818,-0.06149999999979627,0.06149999999979627,-0.04281250000003638,0.04281250000003638,-0.9712971700354505,11.387180668785474,8.0,MEDIUM
9/25/2025,10:42:03,9/25/2025,10:42:31,short,24631.0,24638.13,STOP,-7.1309,-146.62,0,7.130875,6.675,10.696312,-0.14350000000013097,0.14350000000013097,-0.07943749999994906,0.07943749999994906,-1.821203739203348,10.418950585874391,8.0,MEDIUM
9/25/2025,10:43:48,9/25/2025,10:45:22,short,24633.5,24619.83,TARGET,13.6748,269.5,1,9.116556,4.75,13.674835,0.15550000000002911,0.15550000000002911,0.03268749999988359,0.03268749999988359,2.94342243128542,13.394298287827072,9.0,MEDIUM
9/25/2025,10:46:37,9/25/2025,10:47:31,long,24618.75,24630.83,TARGET,12.0796,237.59,1,8.053065,5.175,12.079597,0.15412499999983992,0.15412499999983992,0.1501249999999345,0.1501249999999345,-1.6199143027627017,12.025614828041277,9.0,MEDIUM
9/25/2025,10:47:31,9/25/2025,10:47:57,short,24632.0,24639.97,STOP,-7.9742,-163.48,0,7.974232,5.625,11.961347,0.11412500000005821,0.11412500000005821,0.1311875000001237,0.1311875000001237,-1.827776502193533,11.620267856661643,9.0,MEDIUM
9/25/2025,10:50:07,9/25/2025,10:50:34,short,24644.25,24627.93,TARGET,16.321,322.42,1,10.880661,5.575,16.320991,0.32837500000023284,0.32837500000023284,0.24400000000005093,0.24400000000005093,2.6000729034191252,16.051334886000596,9.0,MEDIUM
9/25/2025,10:50:44,9/25/2025,10:55:05,long,24620.25,24636.65,TARGET,16.3972,323.94,1,10.931463,5.175,16.397194,0.1288749999999709,0.1288749999999709,0.22325000000000728,0.22325000000000728,0.8628550202636802,16.344901534360606,9.0,MEDIUM
9/25/2025,10:55:16,9/25/2025,10:56:03,short,24638.5,24648.41,STOP,-9.9058,-202.12,0,9.905789,6.075,14.858683,0.13849999999983992,0.13849999999983992,0.0616874999999709,0.0616874999999709,-1.6852642928036659,14.722265312803298,9.0,MEDIUM
9/25/2025,10:56:03,9/25/2025,10:58:59,short,24649.0,24633.79,TARGET,15.2096,300.19,1,10.13976,5.725,15.209639,0.15450000000018918,0.15450000000018918,0.12412500000009459,0.12412500000009459,-0.5964215745349417,14.784213019475828,9.0,MEDIUM
9/25/2025,11:00:11,9/25/2025,11:02:15,long,24630.0,24619.96,STOP,-10.0358,-204.72,0,10.035817,5.1,15.053725,0.11500000000014551,0.11500000000014551,0.1608749999999418,0.1608749999999418,-0.9031493092744522,14.816259114578173,9.0,MEDIUM
9/25/2025,11:02:15,9/25/2025,11:02:51,long,24620.25,24609.9,STOP,-10.3476,-210.95,0,10.347559,7.0,15.521338,-0.10974999999998544,0.10974999999998544,0.0026250000000800355,0.0026250000000800355,0.23308161216035117,15.049340726738524,9.0,MEDIUM
9/25/2025,11:11:25,9/25/2025,11:14:44,short,24633.0,24652.55,STOP,-19.5504,-395.01,0,19.550364,5.75,29.325545,-0.19174999999995634,0.19174999999995634,-0.2608125000000655,0.2608125000000655,0.3522308359724846,29.407797214220693,9.0,MEDIUM
9/25/2025,11:15:34,9/25/2025,11:24:10,short,24642.5,24613.34,TARGET,29.1584,579.17,1,19.438901,6.3,29.158351,0.058250000000043656,0.058250000000043656,-0.011187500000050931,0.011187500000050931,1.2866868905412971,29.032361206419452,9.0,MEDIUM
9/25/2025,11:25:13,9/25/2025,11:34:01,long,24607.0,24638.0,REVERSAL,31.0,616.0,1,21.725877,6.45,32.588816,0.013374999999723514,0.013374999999723514,0.10243749999990541,0.10243749999990541,-0.08464884546442875,32.68770619704345,9.0,MEDIUM
9/25/2025,11:34:01,9/25/2025,11:35:30,short,24638.0,24656.71,STOP,-18.7067,-378.13,0,18.706733,6.075,28.0601,-0.140625,0.140625,-0.059562499999992725,0.059562499999992725,-0.4819141871657777,28.34442535886331,9.0,MEDIUM
9/25/2025,11:35:44,9/25/2025,11:39:28,short,24648.5,24667.47,STOP,-18.9745,-383.49,0,18.974459,5.175,28.461689,0.01599999999998545,0.01599999999998545,-0.05599999999994907,0.05599999999994907,0.3971587682413116,28.638123233432257,9.0,MEDIUM
9/25/2025,11:58:31,9/25/2025,12:00:36,long,24668.5,24685.82,TARGET,17.3154,342.31,1,11.543633,5.7,17.31545,0.26812499999978173,0.26812499999978173,0.3630624999999782,0.3630624999999782,-3.9576024604979487,18.54822530551392,9.0,MEDIUM
9/25/2025,12:00:36,9/25/2025,12:01:02,short,24688.5,24675.56,TARGET,12.9412,254.82,1,8.627492,6.925,12.941238,0.2516250000000582,0.2516250000000582,0.2619375000000218,0.2619375000000218,-6.082202298630696,13.251803454482998,9.0,MEDIUM
9/25/2025,12:01:12,9/25/2025,12:01:58,long,24678.5,24689.0,REVERSAL,10.5,206.0,1,7.703218,7.15,11.554827,0.23187499999985448,0.23187499999985448,0.24431249999997817,0.24431249999997817,-4.934288473214242,12.032881532615821,9.0,MEDIUM
9/25/2025,12:01:58,9/25/2025,12:03:11,short,24689.0,24677.91,TARGET,11.0905,217.81,1,7.393648,7.175,11.090471,0.22362500000017463,0.22362500000017463,0.23600000000005822,0.23600000000005822,-4.649445473375984,11.136054743518253,9.0,MEDIUM
9/25/2025,12:03:11,9/25/2025,12:05:00,long,24675.5,24668.44,STOP,-7.0642,-145.28,0,7.064175,7.025,10.596263,0.21037500000020373,0.21037500000020373,0.23256250000013096,0.23256250000013096,-3.3120151086847365,10.307966636928018,9.0,MEDIUM
9/25/2025,12:06:04,9/25/2025,12:07:05,long,24682.0,24674.88,STOP,-7.122,-146.44,0,7.121964,7.0,10.682946,0.015874999999869032,0.015874999999869032,0.11825000000008004,0.11825000000008004,-0.19199766500438287,10.267462089071355,9.0,MEDIUM
9/25/2025,12:32:45,9/25/2025,12:39:09,short,24667.5,24646.39,TARGET,21.1085,418.17,1,14.072321,5.8,21.108482,-0.2577499999999418,0.2577499999999418,-0.3163124999999127,0.3163124999999127,-2.348440673560038,21.108036493264123,10.0,MEDIUM
9/25/2025,12:39:09,9/25/2025,12:40:19,long,24647.0,24634.22,STOP,-12.7835,-259.67,0,12.783528,7.85,19.175293,-0.15675000000010186,0.15675000000010186,-0.16218750000007276,0.16218750000007276,-1.6212548465093732,19.070192097048807,10.0,MEDIUM
9/25/2025,12:41:28,9/25/2025,13:13:12,long,24628.5,24639.75,REVERSAL,11.25,221.0,1,15.608606,7.05,23.412908,-0.43937499999992724,0.43937499999992724,-0.32837500000005093,0.32837500000005093,4.018910671926374,23.102682337010915,10.0,MEDIUM
9/25/2025,13:13:12,9/25/2025,13:15:01,short,24639.75,24622.6,TARGET,17.1502,339.0,1,11.433487,6.675,17.15023,-0.3078750000000582,0.3078750000000582,-0.2228124999999636,0.2228124999999636,-4.915490284385662,17.836678070153134,10.0,MEDIUM
9/25/2025,13:15:01,9/25/2025,13:15:20,long,24622.25,24615.39,STOP,-6.8615,-141.23,0,6.861521,7.95,10.292281,-0.2491250000002765,0.2491250000002765,-0.28231250000008,0.28231250000008,-7.156060533341613,10.155289118428161,10.0,MEDIUM
9/25/2025,13:16:27,9/25/2025,13:17:39,long,24622.75,24634.12,TARGET,11.3687,223.37,1,7.579104,7.05,11.368656,-0.18387499999989815,0.18387499999989815,-0.22056250000005093,0.22056250000005093,-0.6862697314003707,10.7765337209781,10.0,MEDIUM
9/25/2025,13:17:39,9/25/2025,13:18:32,short,24633.75,24622.63,TARGET,11.1231,218.46,1,7.415413,7.075,11.12312,-0.07599999999983993,0.07599999999983993,-0.16349999999983994,0.16349999999983994,1.0660363662734689,10.567441020472408,10.0,MEDIUM
9/25/2025,13:18:32,9/25/2025,13:19:19,long,24619.75,24612.34,STOP,-7.4098,-152.2,0,7.409759,7.125,11.114638,-0.00037499999998544806,0.00037499999998544806,-0.10443749999994907,0.10443749999994907,0.3117913894611526,10.608660400266245,10.0,MEDIUM
9/25/2025,13:25:10,9/25/2025,13:36:34,long,24582.25,24558.96,STOP,-23.2925,-469.85,0,23.292507,6.875,34.93876,-0.4921249999999418,0.4921249999999418,-0.5127500000000509,0.5127500000000509,6.671407724834097,34.543999601177696,10.0,MEDIUM
9/25/2025,14:10:12,9/25/2025,14:11:31,short,24498.75,24516.65,STOP,-17.9006,-362.01,0,17.900566,7.35,26.850849,-0.5107500000001892,0.5107500000001892,-0.5363750000000437,0.5363750000000437,-8.852988040021614,27.753128088458013,10.0,MEDIUM
9/25/2025,14:13:08,9/25/2025,14:15:11,short,24518.25,24535.38,STOP,-17.1251,-346.5,0,17.125109,6.225,25.687664,0.03312499999992724,0.03312499999992724,-0.10768750000006548,0.10768750000006548,0.9393578487355647,25.72254238749198,10.0,MEDIUM
9/25/2025,15:10:30,9/25/2025,15:11:10,long,24612.25,24627.5,TARGET,15.2451,300.9,1,10.163385,5.85,15.245078,-0.09324999999989814,0.09324999999989814,-0.0648124999999709,0.0648124999999709,-0.6345553415835425,15.117429902350613,10.0,MEDIUM
9/25/2025,15:11:10,9/25/2025,15:14:52,short,24629.75,24614.48,TARGET,15.2701,301.4,1,10.180097,7.075,15.270146,-0.05687500000021828,0.05687500000021828,-0.06981250000008003,0.06981250000008003,-0.19448842206992367,15.119276717879476,10.0,MEDIUM
9/25/2025,15:15:12,9/25/2025,15:23:48,long,24613.0,24603.24,STOP,-9.762,-199.24,0,9.76198,6.4,14.64297,0.0928749999999127,0.0928749999999127,0.011375000000043656,0.011375000000043656,-0.14124762551949743,14.99598857555224,10.0,MEDIUM
9/25/2025,15:25:31,9/25/2025,15:26:31,long,24611.5,24601.21,STOP,-10.2883,-209.77,0,10.288257,5.4,15.432385,-0.19112500000010185,0.19112500000010185,-0.11293750000004366,0.11293750000004366,3.3164655651187687,15.023619072455357,10.0,MEDIUM
9/26/2025,09:31:17,9/26/2025,09:32:18,long,24615.5,24661.72,TARGET,46.2203,920.41,1,30.813513,6.85,46.220269,-1.0891250000000583,1.0891250000000583,-1.0926874999999199,1.0926874999999199,4.440325541066095,46.765947541861905,10.0,MEDIUM
9/26/2025,09:32:26,9/26/2025,09:33:43,short,24672.5,24698.62,STOP,-26.1207,-526.41,0,26.120669,7.35,39.181004,-0.4352500000000873,0.4352500000000873,-0.6170625000000655,0.6170625000000655,-4.268798931983568,39.99793402939662,10.0,MEDIUM
9/26/2025,09:33:43,9/26/2025,09:41:29,short,24697.25,24665.75,REVERSAL,31.5,626.0,1,28.629523,5.65,42.944284,0.17287499999983993,0.17287499999983993,0.058874999999898134,0.058874999999898134,2.8495947852503036,42.460027116762404,10.0,MEDIUM
9/26/2025,09:41:29,9/26/2025,09:42:48,long,24665.75,24694.02,TARGET,28.2734,561.47,1,18.848954,8.175,28.273431,0.6965000000000146,0.6965000000000146,0.7633750000000873,0.7633750000000873,-14.495010787882876,29.958976213085784,10.0,MEDIUM
9/26/2025,09:42:48,9/26/2025,09:43:10,short,24696.25,24707.51,STOP,-11.2608,-229.22,0,11.260813,6.825,16.891219,0.4479999999999563,0.4479999999999563,0.5722499999999855,0.5722499999999855,-12.120406373615054,17.83856983947073,10.0,MEDIUM
9/26/2025,09:43:36,9/26/2025,09:43:54,short,24703.75,24688.69,TARGET,15.0573,297.15,1,10.038193,5.9,15.05729,0.4415000000000873,0.4415000000000873,0.45224999999991267,0.45224999999991267,-5.004781249450902,14.80476111790628,11.0,MEDIUM
9/26/2025,09:43:57,9/26/2025,09:44:16,long,24685.5,24675.71,STOP,-9.7924,-199.85,0,9.792368,7.025,14.688552,0.3663749999999709,0.3663749999999709,0.4086874999999054,0.4086874999999054,-2.51531569807711,14.392134059302464,11.0,MEDIUM
9/26/2025,09:44:16,9/26/2025,09:45:02,long,24674.5,24664.65,STOP,-9.8524,-201.05,0,9.852443,8.175,14.778664,0.24162500000020373,0.24162500000020373,0.35756249999994905,0.35756249999994905,-0.9778192880463692,14.224277024574068,11.0,MEDIUM
9/26/2025,09:47:01,9/26/2025,09:49:02,short,24694.5,24709.34,STOP,-14.8366,-300.73,0,14.836621,8.25,22.254931,-0.23887499999982537,0.23887499999982537,-0.30581249999995636,0.30581249999995636,0.5306348838378021,22.02510794584151,11.0,MEDIUM
9/26/2025,09:49:02,9/26/2025,09:50:59,short,24709.5,24685.43,TARGET,24.0721,477.44,1,16.048073,7.075,24.07211,0.1694999999999709,0.1694999999999709,0.07249999999985449,0.07249999999985449,1.138689344325222,23.62150309431745,11.0,MEDIUM
9/26/2025,09:53:48,9/26/2025,09:55:43,short,24697.5,24676.25,REVERSAL,21.25,421.0,1,16.438922,8.625,24.658383,0.07999999999992724,0.07999999999992724,-0.011375000000043656,0.011375000000043656,-0.3191491278023477,24.88037252220763,11.0,MEDIUM
9/26/2025,09:55:43,9/26/2025,09:56:44,long,24676.25,24697.75,REVERSAL,21.5,426.0,1,16.176202,7.8,24.264304,0.17112500000002911,0.17112500000002911,0.09974999999994907,0.09974999999994907,-0.7740571140099703,24.17871610640178,11.0,MEDIUM
9/26/2025,09:56:44,9/26/2025,09:59:54,short,24697.75,24713.7,STOP,-15.9541,-323.08,0,15.954082,7.1,23.931123,0.0008750000000873115,0.0008750000000873115,0.08812500000003638,0.08812500000003638,-0.39541943923722656,24.061120386602177,11.0,MEDIUM
9/26/2025,09:59:54,9/26/2025,10:00:14,short,24715.0,24731.47,STOP,-16.4687,-333.37,0,16.468747,7.1,24.70312,0.06462500000016007,0.06462500000016007,0.01712500000012369,0.01712500000012369,0.3873172695666369,24.366086585253626,11.0,MEDIUM
9/26/2025,10:03:27,9/26/2025,10:04:04,long,24693.75,24680.03,STOP,-13.7179,-278.36,0,13.717903,6.475,20.576855,0.37949999999982537,0.37949999999982537,0.5398750000000291,0.5398750000000291,-3.6714877092467475,20.3426611751763,11.0,MEDIUM
9/26/2025,10:04:04,9/26/2025,10:05:08,long,24683.75,24669.44,STOP,-14.3108,-290.22,0,14.310811,6.55,21.466217,-0.03424999999988358,0.03424999999988358,0.25756249999994907,0.25756249999994907,0.2896470963655915,21.029613438839583,11.0,MEDIUM
9/26/2025,10:35:50,9/26/2025,10:36:31,short,24559.5,24571.69,STOP,-12.1856,-247.71,0,12.185559,7.85,18.278339,-0.35587500000001454,0.35587500000001454,-0.3704999999999927,0.3704999999999927,-6.3002326287960635,18.425697688193154,11.0,MEDIUM
9/26/2025,10:36:46,9/26/2025,10:38:11,short,24565.75,24577.9,STOP,-12.1511,-247.02,0,12.151054,7.2,18.226581,-0.06925000000010187,0.06925000000010187,-0.2163749999999709,0.2163749999999709,-1.262491134019406,17.533665975518446,11.0,MEDIUM
9/26/2025,10:48:29,9/26/2025,10:49:46,long,24597.75,24574.26,STOP,-23.4893,-473.79,0,23.489293,7.225,35.233939,0.4614999999997963,0.4614999999997963,0.5141250000000582,0.5141250000000582,-7.8224572924067886,36.9791642720874,11.0,MEDIUM
9/26/2025,10:49:46,9/26/2025,11:03:41,long,24571.25,24589.25,REVERSAL,18.0,356.0,1,21.685634,7.8,32.528451,0.3332500000000437,0.3332500000000437,0.42162499999994907,0.42162499999994907,-7.001683973912527,32.579551896356726,11.0,MEDIUM
9/26/2025,11:03:41,9/26/2025,11:05:25,short,24589.25,24571.44,TARGET,17.8065,352.13,1,11.87099,7.475,17.806485,-0.3192499999997381,0.3192499999997381,-0.44637499999989816,0.44637499999989816,-3.36933253643954,18.020074823892692,11.0,MEDIUM
9/26/2025,11:05:35,9/26/2025,11:06:14,long,24572.0,24586.0,REVERSAL,14.0,276.0,1,11.169511,8.45,16.754266,-0.07349999999969441,0.07349999999969441,-0.1866249999999127,0.1866249999999127,-1.0247962587699426,16.59086293784991,11.0,MEDIUM
9/26/2025,11:06:14,9/26/2025,11:10:20,short,24586.0,24571.25,REVERSAL,14.75,291.0,1,11.159976,8.775,16.739964,-0.10599999999976717,0.10599999999976717,-0.1678125000000364,0.1678125000000364,-0.8717452367048182,16.329688786487388,11.0,MEDIUM
9/26/2025,11:10:20,9/26/2025,11:11:47,long,24571.25,24561.81,STOP,-9.4442,-192.88,0,9.444237,8.4,14.166356,0.2579999999998108,0.2579999999998108,0.10187499999992725,0.10187499999992725,-2.6353072926790944,13.773910514556633,11.0,MEDIUM
9/26/2025,11:12:56,9/26/2025,11:14:43,long,24565.0,24554.54,STOP,-10.4624,-213.25,0,10.462367,6.775,15.69355,-0.12512500000011642,0.12512500000011642,0.052062499999919964,0.052062499999919964,1.401527589485017,14.896074049386367,11.0,MEDIUM
9/26/2025,11:17:01,9/26/2025,11:18:08,short,24578.25,24589.37,STOP,-11.1208,-226.42,0,11.120776,6.725,16.681163,-0.29000000000014553,0.29000000000014553,-0.27087499999997816,0.27087499999997816,-1.0213499072048542,16.227075068158374,12.0,LOW
9/26/2025,11:18:08,9/26/2025,11:19:22,short,24589.0,24599.87,STOP,-10.8693,-221.39,0,10.869258,6.325,16.303887,-0.10999999999985448,0.10999999999985448,-0.22006249999994906,0.22006249999994906,-1.4173045589550313,15.75580915363885,12.0,LOW
9/26/2025,11:38:40,9/26/2025,11:44:14,long,24590.5,24616.07,TARGET,25.5717,507.43,1,17.047833,7.775,25.57175,0.43325000000004366,0.43325000000004366,0.5085000000000945,0.5085000000000945,-5.617366352476708,26.095185998683146,12.0,LOW
9/26/2025,11:45:03,9/26/2025,11:59:05,long,24594.0,24578.2,STOP,-15.7951,-319.9,0,15.795058,7.75,23.692587,0.07012500000018917,0.07012500000018917,0.059000000000014555,0.059000000000014555,-0.5108752930210159,23.804042208986992,12.0,LOW
9/26/2025,12:02:01,9/26/2025,12:04:01,long,24587.5,24574.59,STOP,-12.907,-262.14,0,12.906993,7.775,19.36049,-0.5331249999999272,0.5331249999999272,-0.4184999999999491,0.4184999999999491,0.02205414796307892,19.778119368223994,12.0,LOW
9/26/2025,12:14:21,9/26/2025,12:18:53,short,24602.0,24612.26,STOP,-10.255,-209.1,0,10.255022,9.3,15.382532,-0.2584999999999127,0.2584999999999127,-0.26474999999991267,0.26474999999991267,-1.9585605389813914,15.041080585420247,12.0,LOW
9/26/2025,12:26:17,9/26/2025,13:11:43,short,24673.5,24707.93,STOP,-34.4336,-692.67,0,34.433648,5.75,51.650472,0.7491249999999127,0.7491249999999127,0.6384374999999636,0.6384374999999636,9.756216247288485,50.55148460668458,12.0,LOW
9/26/2025,13:41:24,9/26/2025,13:43:43,long,24691.5,24705.12,TARGET,13.6185,268.37,1,9.078977,6.5,13.618465,0.25525000000016007,0.25525000000016007,0.30718749999996364,0.30718749999996364,-2.767140281633374,14.004714102043756,12.0,LOW
9/26/2025,13:43:43,9/26/2025,13:44:57,short,24706.25,24694.9,TARGET,11.3499,223.0,1,7.566621,6.125,11.349931,0.19625000000014553,0.19625000000014553,0.2758749999999054,0.2758749999999054,-2.8975891979500155,11.914231846355177,12.0,LOW
9/26/2025,13:44:57,9/26/2025,13:46:35,long,24695.5,24688.33,STOP,-7.1689,-147.38,0,7.168878,6.225,10.753318,0.20724999999983992,0.20724999999983992,0.2703125,0.2703125,-3.6949581927864905,10.85311015487972,12.0,LOW
9/26/2025,13:46:49,9/26/2025,13:53:12,long,24690.5,24683.33,STOP,-7.1658,-147.32,0,7.165841,5.65,10.748761,0.13937500000029104,0.13937500000029104,0.1790625000001455,0.1790625000001455,-2.79450710380814,10.438728835110213,12.0,LOW
9/26/2025,14:00:58,9/26/2025,14:05:28,short,24704.25,24687.3,TARGET,16.9518,335.04,1,11.301209,4.35,16.951813,-0.17174999999988358,0.17174999999988358,-0.18893750000006548,0.18893750000006548,-0.27494006598165655,16.9820409828986,12.0,LOW
9/26/2025,14:05:28,9/26/2025,14:10:08,long,24686.5,24674.79,STOP,-11.7068,-238.14,0,11.706773,5.7,17.560159,0.04762500000033469,0.04762500000033469,-0.05462499999994179,0.05462499999994179,0.48862897771982006,17.388443541202506,12.0,LOW
9/26/2025,14:10:08,9/26/2025,14:14:50,long,24675.0,24693.44,TARGET,18.4439,364.88,1,12.295934,5.65,18.443901,-0.10637500000011642,0.10637500000011642,-0.02937499999989086,0.02937499999989086,0.7455991687837873,18.134042709986293,12.0,LOW
9/26/2025,14:15:38,9/26/2025,14:24:48,short,24704.0,24715.58,STOP,-11.5839,-235.68,0,11.583948,5.85,17.375922,-0.21737499999981083,0.21737499999981083,-0.18537500000002183,0.18537500000002183,-1.168629929356186,17.319804724376247,12.0,LOW
9/26/2025,14:27:01,9/26/2025,14:40:24,short,24719.25,24734.28,STOP,-15.0291,-304.58,0,15.029133,4.375,22.5437,0.23700000000026195,0.23700000000026195,0.11212500000001455,0.11212500000001455,4.8731815256754984,22.028479355941062,12.0,LOW
9/26/2025,15:07:39,9/26/2025,15:15:16,long,24716.0,24708.47,STOP,-7.531,-154.62,0,7.531042,5.8,11.296564,0.20175000000017462,0.20175000000017462,0.3029375000000073,0.3029375000000073,-1.7666120312686182,11.55098182552565,12.0,LOW
9/26/2025,15:16:07,9/26/2025,15:17:56,long,24716.75,24721.75,REVERSAL,5.0,96.0,1,6.624426,6.05,9.93664,-0.026375000000189174,0.026375000000189174,0.06681249999983266,0.06681249999983266,-0.0004673332226268201,9.63874811499478,12.0,LOW
9/26/2025,15:17:56,9/26/2025,15:23:24,short,24721.75,24728.29,STOP,-6.5378,-134.76,0,6.537837,5.825,9.806756,-0.06599999999998545,0.06599999999998545,0.024187499999970895,0.024187499999970895,0.1356036097551261,9.481309928047931,12.0,LOW
9/26/2025,15:23:24,9/26/2025,15:30:29,short,24729.0,24719.34,TARGET,9.656,189.12,1,6.43734,5.175,9.65601,0.016250000000218277,0.016250000000218277,-0.005062499999985448,0.005062499999985448,-0.4230140152616908,9.215734099733089,12.0,LOW
9/26/2025,15:31:52,9/26/2025,15:35:41,long,24720.25,24713.47,STOP,-6.7787,-139.57,0,6.778689,4.55,10.168033,0.08274999999994179,0.08274999999994179,0.08974999999991269,0.08974999999991269,0.3510506183687756,9.962360984651081,13.0,MEDIUM
9/26/2025,15:35:41,9/26/2025,15:38:11,long,24714.75,24724.86,TARGET,10.1053,198.11,1,6.736837,4.625,10.105256,-0.024750000000130966,0.024750000000130966,0.05906249999989086,0.05906249999989086,-0.1788054301815052,9.903247144358971,13.0,MEDIUM
9/26/2025,15:38:11,9/26/2025,15:40:36,short,24724.5,24716.0,REVERSAL,8.5,166.0,1,6.342308,5.075,9.513462,-0.09375,0.09375,0.005249999999978172,0.005249999999978172,-0.42835200177368904,9.571196284720202,13.0,MEDIUM
9/26/2025,15:40:36,9/26/2025,15:41:54,long,24716.0,24725.25,TARGET,9.2487,180.97,1,6.165819,5.35,9.248728,-0.09987499999988358,0.09987499999988358,-0.03893750000006548,0.03893750000006548,-0.7984143449957841,9.136554602085265,13.0,MEDIUM
9/26/2025,15:41:54,9/26/2025,15:44:49,short,24724.5,24715.42,TARGET,9.0814,177.63,1,6.054273,5.4,9.081409,-0.10637499999975261,0.10637499999975261,-0.06556249999994179,0.06556249999994179,-1.0475601299614379,8.855687014397533,13.0,MEDIUM
9/26/2025,15:44:49,9/26/2025,15:47:19,long,24717.5,24711.6,STOP,-5.8992,-121.98,0,5.899165,5.025,8.848748,-0.06425000000017463,0.06425000000017463,-0.0790000000000873,0.0790000000000873,-0.8432972467883992,8.727899037931802,13.0,MEDIUM
9/29/2025,09:30:09,9/29/2025,09:32:31,long,24860.0,24884.64,TARGET,24.6436,488.87,1,16.429094,4.775,24.643641,-0.271875,0.271875,-0.23175000000010187,0.23175000000010187,4.071623225568633,24.53161015897581,13.0,MEDIUM
9/29/2025,09:37:04,9/29/2025,09:43:06,short,24883.5,24895.38,STOP,-11.8795,-241.59,0,11.879524,7.4,17.819287,-0.2888750000001892,0.2888750000001892,-0.26362499999995637,0.26362499999995637,-4.3621562249250445,18.90489054029782,13.0,MEDIUM
9/29/2025,09:46:33,9/29/2025,09:49:27,short,24924.75,24945.0,STOP,-20.2461,-408.92,0,20.246126,4.925,30.369189,0.5037499999998545,0.5037499999998545,0.49949999999989814,0.49949999999989814,5.829128476222127,29.94969124469136,13.0,MEDIUM
9/29/2025,10:01:04,9/29/2025,10:02:50,long,24933.0,24925.1,STOP,-7.8963,-161.93,0,7.896288,6.275,11.844432,0.19637499999989813,0.19637499999989813,0.20487499999999273,0.20487499999999273,0.21852056842212342,11.493708751478772,13.0,MEDIUM
9/29/2025,10:03:12,9/29/2025,10:03:46,long,24930.5,24922.5,STOP,-7.9955,-163.91,0,7.995459,6.4,11.993189,-0.023374999999941793,0.023374999999941793,0.022562500000094587,0.022562500000094587,0.32750602234108683,11.352809271886368,13.0,MEDIUM
9/29/2025,10:06:44,9/29/2025,10:07:50,short,24945.75,24954.9,STOP,-9.1536,-187.07,0,9.153569,4.525,13.730353,-0.11550000000024738,0.11550000000024738,-0.14562500000010914,0.14562500000010914,-0.039579539297974975,13.373838494001005,13.0,MEDIUM
9/29/2025,10:08:08,9/29/2025,10:08:47,short,24947.25,24956.53,STOP,-9.2806,-189.61,0,9.28064,5.575,13.92096,0.11349999999983992,0.11349999999983992,-0.017875000000094586,0.017875000000094586,0.4154961930119434,13.814870090188634,13.0,MEDIUM
9/29/2025,10:19:27,9/29/2025,10:20:02,long,24937.25,24923.43,STOP,-13.8242,-280.48,0,13.824226,6.25,20.736339,0.013499999999839928,0.013499999999839928,0.04693749999987631,0.04693749999987631,-0.5216101137693769,20.68058075606429,13.0,MEDIUM
9/29/2025,10:20:14,9/29/2025,10:22:01,long,24923.0,24944.51,TARGET,21.5059,426.12,1,14.337249,5.675,21.505874,0.01124999999992724,0.01124999999992724,-0.014749999999912689,0.014749999999912689,0.10925247953443673,21.16073656493738,13.0,MEDIUM
9/29/2025,10:23:31,9/29/2025,10:37:05,short,24959.5,24940.32,TARGET,19.1754,379.51,1,12.783614,4.975,19.17542,0.1967500000002474,0.1967500000002474,0.07668750000011641,0.07668750000011641,-2.3441112073822943,19.363309888536122,13.0,MEDIUM
9/29/2025,10:37:05,9/29/2025,10:41:36,long,24940.5,24954.5,REVERSAL,14.0,276.0,1,11.171183,6.15,16.756774,-0.07200000000011642,0.07200000000011642,-0.12143749999995634,0.12143749999995634,-0.5867728950980009,16.757091865638852,13.0,MEDIUM
9/29/2025,10:41:36,9/29/2025,10:52:53,short,24954.5,24947.25,REVERSAL,7.25,141.0,1,11.1967,5.275,16.795051,-0.10050000000010187,0.10050000000010187,-0.09393749999999272,0.09393749999999272,-0.05698720420137349,16.800942291573993,13.0,MEDIUM
9/29/2025,10:52:53,9/29/2025,10:54:19,long,24947.25,24940.51,STOP,-6.7393,-138.79,0,6.739256,5.075,10.108884,0.21887500000011642,0.21887500000011642,0.22412500000009458,0.22412500000009458,-4.434685163889165,10.240166254669424,13.0,MEDIUM
9/29/2025,10:59:46,9/29/2025,11:09:05,long,24929.75,24920.08,STOP,-9.6677,-197.35,0,9.667664,5.0,14.501496,-0.3180000000000291,0.3180000000000291,-0.3236875000000509,0.3236875000000509,1.3670278203549664,14.182628191718486,13.0,MEDIUM
9/29/2025,11:45:28,9/29/2025,11:46:34,short,24866.25,24853.9,TARGET,12.3548,243.1,1,8.236504,4.675,12.354756,-0.2572500000002037,0.2572500000002037,-0.2303750000000946,0.2303750000000946,-4.46154940338003,13.141381955738073,14.0,MEDIUM
9/29/2025,11:46:34,9/29/2025,11:48:55,long,24854.75,24847.18,STOP,-7.5741,-155.48,0,7.574053,4.725,11.361079,-0.21749999999992725,0.21749999999992725,-0.2405000000000655,0.2405000000000655,-4.6404395565857435,11.536455770819778,14.0,MEDIUM
9/29/2025,11:49:12,9/29/2025,11:50:15,long,24849.25,24842.61,STOP,-6.6372,-136.74,0,6.637215,4.75,9.955822,-0.18387499999989815,0.18387499999989815,-0.2006874999999127,0.2006874999999127,-1.6382745520445212,9.898181218775257,14.0,MEDIUM
9/29/2025,12:10:11,9/29/2025,12:14:19,short,24850.75,24860.77,STOP,-10.0195,-204.39,0,10.01948,4.675,15.02922,-0.21187500000014553,0.21187500000014553,-0.23712500000001455,0.23712500000001455,-0.40261764073588857,15.18012248214442,14.0,MEDIUM
9/29/2025,12:16:08,9/29/2025,12:17:20,short,24857.0,24841.97,TARGET,15.0263,296.53,1,10.017547,4.175,15.026321,0.09337500000001456,0.09337500000001456,0.011937500000021828,0.011937500000021828,2.008810594099259,14.517031043084145,14.0,MEDIUM
9/29/2025,12:17:37,9/29/2025,12:19:05,long,24834.25,24849.42,TARGET,15.1709,299.42,1,10.113945,5.25,15.170917,0.09099999999998545,0.09099999999998545,0.06450000000004366,0.06450000000004366,1.1718860988516369,14.843771649517677,14.0,MEDIUM
9/29/2025,12:19:54,9/29/2025,12:31:07,short,24849.25,24859.43,STOP,-10.1824,-207.65,0,10.182422,4.925,15.273633,0.006874999999854481,0.006874999999854481,0.035124999999970895,0.035124999999970895,0.22525535564658128,15.095977977634437,14.0,MEDIUM
9/29/2025,12:31:07,9/29/2025,12:44:07,short,24859.25,24844.75,REVERSAL,14.5,286.0,1,10.37832,5.475,15.56748,0.04049999999988359,0.04049999999988359,0.07168750000000727,0.07168750000000727,0.0051190870142168166,15.225222511763173,14.0,MEDIUM
9/29/2025,12:44:07,9/29/2025,12:45:20,long,24844.75,24836.79,STOP,-7.9576,-163.15,0,7.957573,4.825,11.93636,0.2415000000000873,0.2415000000000873,0.20868750000008732,0.20868750000008732,-2.044474920233819,12.477338974707635,14.0,MEDIUM
9/29/2025,12:46:04,9/29/2025,12:48:12,long,24843.5,24835.43,STOP,-8.0705,-165.41,0,8.070491,4.075,12.105736,0.05349999999998545,0.05349999999998545,0.15206249999991997,0.15206249999991997,-1.2740944686394577,11.910935458070583,14.0,MEDIUM
9/29/2025,13:18:02,9/29/2025,13:32:02,short,24835.0,24819.78,TARGET,15.2239,300.48,1,10.149241,5.3,15.223862,-0.3141250000000582,0.3141250000000582,-0.2911250000001019,0.2911250000001019,-4.172451469533941,15.255037821858869,14.0,MEDIUM
9/29/2025,13:32:07,9/29/2025,13:33:53,long,24817.75,24830.61,TARGET,12.8585,253.17,1,8.572303,4.525,12.858454,-0.001374999999825377,0.001374999999825377,-0.022687500000029105,0.022687500000029105,0.11739230591931005,12.656482319894845,14.0,MEDIUM
9/29/2025,13:33:53,9/29/2025,13:40:25,short,24830.5,24838.76,STOP,-8.2601,-169.2,0,8.260064,4.525,12.390095,-0.0898750000000291,0.0898750000000291,-0.03818749999991269,0.03818749999991269,-0.3658229676819822,12.307387608359551,14.0,MEDIUM
9/29/2025,13:41:20,9/29/2025,13:44:48,short,24836.0,24824.5,TARGET,11.4967,225.93,1,7.66447,4.875,11.496705,0.12849999999998546,0.12849999999998546,0.022937499999898137,0.022937499999898137,-0.509231052448742,11.649417780665742,14.0,MEDIUM
9/29/2025,13:47:10,9/29/2025,13:48:10,short,24833.25,24824.85,TARGET,8.3971,163.94,1,5.598071,4.475,8.397107,0.20087500000008732,0.20087500000008732,0.1797500000000582,0.1797500000000582,-3.2788465982525707,8.114889686734259,14.0,MEDIUM
9/29/2025,13:50:53,9/29/2025,13:52:00,short,24833.75,24839.13,STOP,-5.3796,-111.59,0,5.379644,4.7,8.069466,0.09249999999992724,0.09249999999992724,0.171875,0.171875,-1.194591521688281,7.604918365723172,14.0,MEDIUM
9/29/2025,13:57:13,9/29/2025,14:02:56,short,24841.0,24848.55,STOP,-7.5518,-155.04,0,7.551765,4.25,11.327647,0.18012499999967985,0.18012499999967985,0.12406249999985448,0.12406249999985448,2.8017319527923608,10.971554774623181,14.0,MEDIUM
9/29/2025,14:38:33,9/29/2025,14:40:32,long,24846.0,24837.0,STOP,-8.9996,-183.99,0,8.999612,4.5,13.499419,0.23300000000017462,0.23300000000017462,0.25187500000010915,0.25187500000010915,-3.6203667701911577,14.211281628703876,14.0,MEDIUM
9/29/2025,14:41:12,9/29/2025,15:00:06,long,24845.0,24836.71,STOP,-8.2852,-169.7,0,8.285151,4.25,12.427726,0.12212499999986903,0.12212499999986903,0.1827499999999418,0.1827499999999418,-2.8901674681115477,12.27099082678659,14.0,MEDIUM
9/29/2025,15:25:46,9/29/2025,15:47:05,short,24819.0,24833.2,STOP,-14.1977,-287.95,0,14.197742,4.125,21.296613,-0.28562500000007274,0.28562500000007274,-0.3488124999999854,0.3488124999999854,-4.59766768663059,21.601120222323008,14.0,MEDIUM
9/30/2025,09:30:03,9/30/2025,09:30:35,short,24830.0,24805.73,TARGET,24.2732,481.46,1,16.18215,6.05,24.273225,0.14112499999973807,0.14112499999973807,0.17212499999986902,0.17212499999986902,-0.7113450433093647,24.052356111019968,15.0,MEDIUM
9/30/2025,09:30:35,9/30/2025,09:33:13,long,24802.5,24788.07,STOP,-14.4265,-292.53,0,14.426456,7.25,21.639683,0.25999999999985446,0.25999999999985446,0.18675000000002911,0.18675000000002911,-2.223682107655513,22.03341180501264,15.0,MEDIUM
9/30/2025,09:35:14,9/30/2025,09:37:38,long,24774.25,24750.75,STOP,-23.5048,-474.1,0,23.504801,6.375,35.257201,-0.3998749999998836,0.3998749999998836,-0.3202499999999418,0.3202499999999418,7.601026858348021,34.39486466282008,15.0,MEDIUM
9/30/2025,09:44:08,9/30/2025,09:45:28,short,24783.25,24800.2,STOP,-16.9539,-343.08,0,16.953948,6.775,25.430923,-0.5112499999999273,0.5112499999999273,-0.5263750000000073,0.5263750000000073,-7.30723313986973,26.331655667264847,15.0,MEDIUM
9/30/2025,09:46:40,9/30/2025,09:49:32,short,24792.0,24768.0,TARGET,23.9951,475.9,1,15.996731,6.65,23.995096,0.052249999999912686,0.052249999999912686,-0.02368750000005093,0.02368750000005093,1.1179665069531133,23.745352116567187,15.0,MEDIUM
9/30/2025,09:51:59,9/30/2025,09:54:14,long,24760.0,24742.34,STOP,-17.6586,-357.17,0,17.658584,8.525,26.487876,-0.010374999999839929,0.010374999999839929,0.08225000000002183,0.08225000000002183,-0.0630890505355346,26.350350933120104,15.0,MEDIUM
9/30/2025,09:54:14,9/30/2025,09:55:03,long,24743.75,24725.9,STOP,-17.8491,-360.98,0,17.849085,7.025,26.773627,0.05799999999981083,0.05799999999981083,0.02381249999998545,0.02381249999998545,-0.8295678475924042,25.5207830855277,15.0,MEDIUM
9/30/2025,09:59:20,9/30/2025,10:02:05,short,24780.5,24802.59,STOP,-22.0944,-445.89,0,22.094423,6.525,33.141634,-0.051499999999941794,0.051499999999941794,-0.053562499999861755,0.053562499999861755,-0.4367638591540981,33.31742879890756,15.0,MEDIUM
9/30/2025,10:02:05,9/30/2025,10:05:20,short,24802.75,24771.23,TARGET,31.5245,626.49,1,21.016329,7.15,31.524494,-0.08862500000032014,0.08862500000032014,-0.08787499999998545,0.08787499999998545,-1.670709653707334,31.178388117956374,15.0,MEDIUM
9/30/2025,10:05:54,9/30/2025,10:06:21,short,24775.5,24762.25,REVERSAL,13.25,261.0,1,23.952487,7.55,35.92873,0.08624999999992725,0.08624999999992725,0.11437499999992724,0.11437499999992724,0.4322685112083633,35.83901718350249,15.0,MEDIUM
9/30/2025,10:06:21,9/30/2025,10:17:02,long,24762.25,24790.25,REVERSAL,28.0,556.0,1,23.974358,9.0,35.961536,0.06187500000014552,0.06187500000014552,0.09631250000002183,0.09631250000002183,0.14263281786445248,35.84482908311296,15.0,MEDIUM
9/30/2025,10:17:02,9/30/2025,10:24:26,short,24790.25,24765.09,TARGET,25.1551,499.1,1,16.770077,7.875,25.155115,0.0032499999997526174,0.0032499999997526174,0.04012499999989814,0.04012499999989814,0.05337178694049172,25.075431372231883,15.0,MEDIUM
9/30/2025,10:24:34,9/30/2025,10:27:29,long,24769.5,24779.75,REVERSAL,10.25,201.0,1,11.647139,7.625,17.470709,-0.2680000000000291,0.2680000000000291,-0.21625000000003639,0.21625000000003639,-5.3720435979289825,17.789362863477486,15.0,MEDIUM
9/30/2025,10:27:29,9/30/2025,10:30:44,short,24779.75,24791.04,STOP,-11.2869,-229.74,0,11.28692,7.35,16.93038,-0.15512500000004364,0.15512500000004364,-0.21156250000003637,0.21156250000003637,-0.9577144241549789,16.831648439322507,15.0,MEDIUM
9/30/2025,10:33:25,9/30/2025,10:38:12,short,24791.75,24771.46,TARGET,20.2879,401.76,1,13.525255,6.35,20.287883,0.4056250000001455,0.4056250000001455,0.3087499999999636,0.3087499999999636,2.7626135618533425,20.343245175513246,15.0,MEDIUM
9/30/2025,10:38:12,9/30/2025,10:39:01,long,24769.25,24758.64,STOP,-10.6057,-216.11,0,10.605748,7.0,15.908623,0.246875,0.246875,0.2833125000001019,0.2833125000001019,-3.3482058165958684,15.978867880179767,15.0,MEDIUM
9/30/2025,10:40:23,9/30/2025,10:41:57,long,24768.75,24787.97,TARGET,19.2245,380.49,1,12.816331,6.9,19.224497,-0.22712499999979627,0.22712499999979627,-0.08793750000004366,0.08793750000004366,2.9875091175553443,19.201019721942625,15.0,MEDIUM
9/30/2025,10:41:57,9/30/2025,10:45:21,short,24788.5,24801.36,STOP,-12.8627,-261.25,0,12.86272,7.725,19.29408,-0.1790000000000873,0.1790000000000873,-0.18487499999991996,0.18487499999991996,0.3093630860759653,19.329295064971742,15.0,MEDIUM
9/30/2025,10:45:21,9/30/2025,10:48:00,short,24801.5,24814.73,STOP,-13.229,-268.58,0,13.229035,6.825,19.843553,0.018125000000145518,0.018125000000145518,-0.002124999999978172,0.002124999999978172,0.17363512929059866,19.498410482528932,15.0,MEDIUM
9/30/2025,11:11:40,9/30/2025,11:12:32,long,24835.25,24850.01,TARGET,14.7646,291.29,1,9.843036,5.05,14.764553,0.18149999999986904,0.18149999999986904,0.20887499999989814,0.20887499999989814,-0.6182746984701506,15.18132017422903,15.0,MEDIUM
9/30/2025,11:12:32,9/30/2025,11:14:07,short,24852.0,24838.1,TARGET,13.9003,274.01,1,9.26688,5.275,13.90032,0.1452499999999418,0.1452499999999418,0.1600000000000364,0.1600000000000364,-1.86465207163603,13.879399384011784,16.0,LOW
9/30/2025,11:14:07,9/30/2025,11:14:47,long,24836.75,24827.99,STOP,-8.7616,-179.23,0,8.761594,6.175,13.142391,0.15137500000018916,0.15137500000018916,0.1664375000000291,0.1664375000000291,-2.0518993823913796,13.129420791837651,16.0,LOW
9/30/2025,11:21:19,9/30/2025,11:27:04,long,24802.25,24780.23,STOP,-22.0154,-444.31,0,22.015375,6.675,33.023062,-0.5681250000001455,0.5681250000001455,-0.4476249999999709,0.4476249999999709,6.374257684511058,32.793123282880465,16.0,LOW
9/30/2025,11:49:11,9/30/2025,11:50:01,short,24791.75,24802.2,STOP,-10.4484,-212.97,0,10.448446,6.25,15.672669,-0.24162499999983994,0.24162499999983994,-0.21906249999992725,0.21906249999992725,-1.916433608414291,15.732990453736669,16.0,LOW
9/30/2025,11:50:23,9/30/2025,11:51:30,short,24794.0,24805.04,STOP,-11.0407,-224.81,0,11.040721,4.775,16.561082,-0.025,0.025,-0.13856250000008002,0.13856250000008002,0.018168103530314283,16.21271279240389,16.0,LOW
9/30/2025,12:08:40,9/30/2025,12:19:50,long,24787.75,24810.75,REVERSAL,23.0,456.0,1,16.175662,7.675,24.263492,0.25062500000021826,0.25062500000021826,0.21375000000007277,0.21375000000007277,0.058945498079488345,24.415352960975795,16.0,LOW
9/30/2025,12:19:50,9/30/2025,12:20:57,short,24810.75,24821.47,STOP,-10.7239,-218.48,0,10.723944,7.125,16.085916,0.23312499999992725,0.23312499999992725,0.21743749999986903,0.21743749999986903,-3.6316940867552354,16.63008839967518,16.0,LOW
9/30/2025,12:23:03,9/30/2025,12:26:22,short,24829.0,24808.16,TARGET,20.8413,412.83,1,13.894215,5.825,20.841323,0.3458750000001601,0.3458750000001601,0.37649999999994177,0.37649999999994177,5.321319384027486,20.75615076855839,16.0,LOW
9/30/2025,12:30:14,9/30/2025,12:42:00,short,24819.25,24801.5,REVERSAL,17.75,351.0,1,13.297997,7.025,19.946996,0.125,0.125,0.17231250000004367,0.17231250000004367,-0.8527223212194883,20.10155987728396,16.0,LOW
9/30/2025,12:42:00,9/30/2025,12:58:06,long,24801.5,24788.04,STOP,-13.4571,-273.14,0,13.457121,5.575,20.185682,-0.03225000000020373,0.03225000000020373,0.0016249999998763087,0.0016249999998763087,-0.006557134642456219,20.294701904908965,16.0,LOW
9/30/2025,13:01:10,9/30/2025,13:11:04,long,24780.25,24762.98,STOP,-17.265,-349.3,0,17.265007,5.8,25.897511,-0.2422500000000582,0.2422500000000582,-0.14643749999995634,0.14643749999995634,4.4190524574808165,25.50263578144199,16.0,LOW
9/30/2025,13:45:16,9/30/2025,13:49:17,short,24762.0,24773.65,STOP,-11.6501,-237.0,0,11.650142,6.3,17.475214,-0.2545000000001892,0.2545000000001892,-0.29368750000012367,0.29368750000012367,-3.974768983396242,17.67273466107238,16.0,LOW
9/30/2025,13:55:22,9/30/2025,14:10:57,short,24785.5,24804.23,STOP,-18.7276,-378.55,0,18.727632,5.45,28.091449,0.2711250000000291,0.2711250000000291,0.24200000000000726,0.24200000000000726,5.744502898871737,27.70357987775138,16.0,LOW
9/30/2025,15:13:47,9/30/2025,15:15:29,long,24832.75,24824.68,STOP,-8.0703,-165.41,0,8.070258,4.475,12.105387,0.13175000000010187,0.13175000000010187,0.14974999999994906,0.14974999999994906,-0.8098663565570412,12.09352522028687,16.0,LOW
9/30/2025,15:15:52,9/30/2025,15:16:12,long,24830.75,24822.77,STOP,-7.9758,-163.52,0,7.975846,4.775,11.963769,0.06537500000013097,0.06537500000013097,0.103125,0.103125,-0.8986665960868194,11.964115972512328,16.0,LOW
9/30/2025,15:21:05,9/30/2025,15:21:52,short,24843.5,24849.56,STOP,-6.0603,-125.21,0,6.060257,4.4,9.090386,0.13575000000018916,0.13575000000018916,0.07906250000014552,0.07906250000014552,-2.6790521537011838,9.232394754739094,16.0,LOW
9/30/2025,15:23:28,9/30/2025,15:24:29,short,24845.0,24851.17,STOP,-6.1693,-127.39,0,6.169264,4.925,9.253896,0.17250000000021828,0.17250000000021828,0.1414375000000291,0.1414375000000291,-0.38712048836756985,9.225488676304996,16.0,LOW
9/30/2025,15:41:00,9/30/2025,15:46:32,long,24840.0,24861.59,TARGET,21.5885,427.77,1,14.392363,5.5,21.588544,0.16612500000010186,0.16612500000010186,0.1959999999999127,0.1959999999999127,-1.0313854168646586,21.4615436326738,16.0,LOW
10/1/2025,09:30:03,10/1/2025,09:30:08,long,24766.0,24755.18,STOP,-10.8246,-220.49,0,10.824628,6.175,16.236942,-0.14562499999992723,0.14562499999992723,0.025374999999985447,0.025374999999985447,1.9790485871852628,15.443824154572239,16.0,LOW
10/1/2025,09:30:11,10/1/2025,09:30:18,long,24762.25,24751.16,STOP,-11.092,-225.84,0,11.091973,6.0,16.63796,-0.19337500000001456,0.19337500000001456,-0.06237500000006548,0.06237500000006548,2.1584455116098162,16.07403149829385,16.0,LOW
10/1/2025,09:31:25,10/1/2025,09:31:33,short,24785.5,24798.63,STOP,-13.1317,-266.63,0,13.131737,7.425,19.697606,-0.19275000000016007,0.19275000000016007,-0.31443749999998544,0.31443749999998544,1.361000829621318,19.58626923235778,17.0,MEDIUM
10/1/2025,09:31:39,10/1/2025,09:32:50,short,24797.75,24811.9,STOP,-14.1501,-287.0,0,14.150146,8.0,21.225218,0.15512500000004364,0.15512500000004364,-0.11231250000000728,0.11231250000000728,1.2798053754388903,20.956436483445984,17.0,MEDIUM
10/1/2025,09:43:25,10/1/2025,09:44:02,long,24806.5,24829.52,TARGET,23.0182,456.36,1,15.345439,7.65,23.018159,0.6373750000002474,0.6373750000002474,0.6561875000001237,0.6561875000001237,-14.165110686694245,24.87765596496749,17.0,MEDIUM
10/1/2025,09:44:02,10/1/2025,09:45:35,short,24826.5,24809.0,REVERSAL,17.5,346.0,1,12.141797,7.6,18.212695,0.5735000000000582,0.5735000000000582,0.6198124999998982,0.6198124999998982,-15.396394438000044,18.8779214883588,17.0,MEDIUM
10/1/2025,09:45:35,10/1/2025,09:47:38,long,24809.0,24798.72,STOP,-10.283,-209.66,0,10.282965,8.175,15.424447,0.3696250000000873,0.3696250000000873,0.4891875000001164,0.4891875000001164,-6.643557519457488,14.956978431886114,17.0,MEDIUM
10/1/2025,09:50:29,10/1/2025,09:56:35,long,24747.25,24797.0,REVERSAL,49.75,991.0,1,33.776739,8.2,50.665108,-0.937999999999738,0.937999999999738,-0.8182499999998981,0.8182499999998981,9.54686511723461,50.08726759338175,17.0,MEDIUM
10/1/2025,09:56:35,10/1/2025,09:59:59,short,24797.0,24755.54,TARGET,41.4564,825.13,1,27.63759,7.15,41.456386,-0.3132499999999709,0.3132499999999709,-0.40831249999992,0.40831249999992,-3.235767255145305,42.13937655060293,17.0,MEDIUM
10/1/2025,10:00:21,10/1/2025,10:02:27,short,24784.0,24804.47,STOP,-20.4657,-413.31,0,20.465684,15.625,30.698526,-0.31062500000007276,0.31062500000007276,-0.25731249999989814,0.25731249999989814,-3.908043759924574,30.813751529871958,17.0,MEDIUM
10/1/2025,10:02:27,10/1/2025,10:03:38,short,24796.75,24818.69,STOP,-21.9426,-442.85,0,21.94261,8.8,32.913914,0.20799999999981084,0.20799999999981084,-0.016437500000029102,0.016437500000029102,1.7726145970427183,32.261226188155334,17.0,MEDIUM
10/1/2025,10:45:34,10/1/2025,10:51:13,long,24882.0,24896.91,TARGET,14.9147,294.29,1,9.943112,6.35,14.914667,0.16375000000007275,0.16375000000007275,0.17200000000011642,0.17200000000011642,-1.5318356545822294,15.154917818488189,17.0,MEDIUM
10/1/2025,10:51:13,10/1/2025,10:52:57,short,24897.25,24885.01,TARGET,12.2442,240.88,1,8.16277,6.15,12.244155,0.05062500000021828,0.05062500000021828,0.09487499999995634,0.09487499999995634,-0.6365422515516208,11.905683444899557,17.0,MEDIUM
10/1/2025,10:54:08,10/1/2025,11:00:32,short,24898.0,24906.1,STOP,-8.0969,-165.94,0,8.096896,6.375,12.145344,0.058625000000029105,0.058625000000029105,0.05631249999987631,0.05631249999987631,-0.02509339215454709,11.903804031525908,17.0,MEDIUM
10/1/2025,11:03:32,10/1/2025,11:12:04,short,24908.25,24892.8,TARGET,15.4498,305.0,1,10.299837,4.225,15.449756,0.12637500000018917,0.12637500000018917,0.14750000000003638,0.14750000000003638,3.0699646115703096,15.205763896561265,17.0,MEDIUM
10/1/2025,11:12:04,10/1/2025,11:19:18,long,24890.0,24879.33,STOP,-10.6696,-217.39,0,10.66961,5.4,16.004414,0.12924999999995634,0.12924999999995634,0.1390625,0.1390625,-0.13285495338088538,15.833730694181579,17.0,MEDIUM
10/1/2025,11:21:15,10/1/2025,11:31:05,long,24886.5,24902.98,TARGET,16.4801,325.6,1,10.986747,5.1,16.480121,-0.08850000000020372,0.08850000000020372,-0.011062499999934517,0.011062499999934517,1.5891752949385367,16.108106901542314,17.0,MEDIUM
10/1/2025,11:31:35,10/1/2025,11:36:09,short,24904.5,24916.22,STOP,-11.7175,-238.35,0,11.717545,5.175,17.576317,-0.07012499999982538,0.07012499999982538,-0.07956249999988359,0.07956249999988359,-0.3419191632117844,17.645891873072443,17.0,MEDIUM
10/1/2025,11:40:52,10/1/2025,11:55:43,short,24922.5,24937.96,STOP,-15.4578,-313.16,0,15.457761,4.675,23.186641,0.17712499999979628,0.17712499999979628,0.1766249999998763,0.1766249999998763,3.8902276237183884,22.745964614564556,17.0,MEDIUM
10/1/2025,12:21:30,10/1/2025,12:25:27,long,24932.25,24940.75,REVERSAL,8.5,166.0,1,6.416763,4.475,9.625145,0.16500000000014553,0.16500000000014553,0.2625,0.2625,-1.6369190199910495,9.437608180211399,17.0,MEDIUM
10/1/2025,12:25:27,10/1/2025,12:30:10,short,24940.75,24946.88,STOP,-6.1339,-126.68,0,6.133887,4.575,9.20083,0.059000000000014555,0.059000000000014555,0.15606250000000726,0.15606250000000726,-0.7397949189051758,8.9181879725915,17.0,MEDIUM
10/1/2025,12:32:49,10/1/2025,12:42:09,short,24947.5,24937.87,TARGET,9.6305,188.61,1,6.420308,4.325,9.630461,0.17362499999981082,0.17362499999981082,0.13643749999991997,0.13643749999991997,0.3716646468117766,9.195478910697219,17.0,MEDIUM
10/1/2025,12:43:14,10/1/2025,12:44:39,short,24942.75,24933.69,TARGET,9.0597,177.19,1,6.039795,4.625,9.059692,0.1655000000002474,0.1655000000002474,0.1695625000000291,0.1695625000000291,-0.9338786650117594,8.845471644828638,18.0,MEDIUM
10/1/2025,12:44:39,10/1/2025,12:47:30,long,24933.25,24942.24,TARGET,8.9949,175.9,1,5.996588,4.975,8.994882,0.15137500000018916,0.15137500000018916,0.16118750000005094,0.16118750000005094,-1.351663687967653,8.609619851588084,18.0,MEDIUM
10/1/2025,12:48:00,10/1/2025,12:48:58,short,24943.5,24939.5,REVERSAL,4.0,76.0,1,5.698909,4.825,8.548364,0.06400000000030559,0.06400000000030559,0.11781250000003637,0.11781250000003637,-0.9357731457354035,8.15886735331278,18.0,MEDIUM
10/1/2025,12:48:58,10/1/2025,12:50:34,long,24939.5,24944.75,REVERSAL,5.25,101.0,1,5.686049,4.45,8.529073,0.048875000000043654,0.048875000000043654,0.10012500000011641,0.10012500000011641,-0.48137334037960855,8.128246511208475,18.0,MEDIUM
10/1/2025,12:50:34,10/1/2025,12:57:52,short,24944.75,24950.32,STOP,-5.5725,-115.45,0,5.572479,4.8,8.358719,0.05475000000005821,0.05475000000005821,0.08875000000007276,0.08875000000007276,-0.5172547641828746,8.060559800754918,18.0,MEDIUM
10/1/2025,12:57:52,10/1/2025,12:58:59,short,24950.0,24955.4,STOP,-5.4001,-112.0,0,5.40013,4.1,8.100194,0.07825000000011642,0.07825000000011642,0.06650000000008731,0.06650000000008731,-0.4092984381969824,7.6512613625579355,18.0,MEDIUM
10/1/2025,13:42:04,10/1/2025,13:42:55,long,24971.0,24964.45,STOP,-6.5495,-134.99,0,6.549475,3.775,9.824213,0.25974999999998544,0.25974999999998544,0.32593749999996363,0.32593749999996363,-4.832157950152784,10.468454203201377,18.0,MEDIUM
10/1/2025,13:43:04,10/1/2025,13:51:21,long,24967.75,24976.2,TARGET,8.4502,165.0,1,5.633436,3.275,8.450154,0.17799999999988358,0.17799999999988358,0.28018749999992,0.28018749999992,-3.9982804774365555,8.768499924906497,18.0,MEDIUM
10/1/2025,13:51:46,10/1/2025,13:58:51,long,24972.5,24980.35,TARGET,7.846,152.92,1,5.230685,5.225,7.846028,0.02374999999992724,0.02374999999992724,0.07793750000000728,0.07793750000000728,-0.5530848287152033,7.598580115287806,18.0,MEDIUM
10/1/2025,13:58:51,10/1/2025,13:59:42,short,24980.25,24985.56,STOP,-5.3075,-110.15,0,5.307483,4.55,7.961224,-0.01787499999991269,0.01787499999991269,0.002937500000007276,0.002937500000007276,0.07698249521254397,7.67556261050035,18.0,MEDIUM
10/1/2025,13:59:42,10/1/2025,14:00:07,short,24984.25,24989.59,STOP,-5.3357,-110.71,0,5.335703,4.2,8.003554,-0.004500000000189175,0.004500000000189175,0.0002499999998690328,0.0002499999998690328,0.07958573723168438,7.688954963660595,18.0,MEDIUM
10/1/2025,14:03:00,10/1/2025,14:04:31,long,24979.0,24993.5,REVERSAL,14.5,286.0,1,10.033109,5.425,15.049663,0.14262500000004366,0.14262500000004366,0.2078750000000582,0.2078750000000582,1.8319163240248102,15.167616872403997,18.0,MEDIUM
10/1/2025,14:04:31,10/1/2025,14:05:28,short,24993.5,25003.55,STOP,-10.0544,-205.09,0,10.054376,5.825,15.081564,0.07324999999982537,0.07324999999982537,0.17293749999989813,0.17293749999989813,0.08808792575063862,15.090025656552486,18.0,MEDIUM
10/1/2025,14:05:34,10/1/2025,14:09:35,short,25001.0,25011.59,STOP,-10.5927,-215.85,0,10.59267,5.6,15.889004,0.11875,0.11875,0.14387499999993453,0.14387499999993453,0.5070287156523321,15.674168548440328,18.0,MEDIUM
10/1/2025,15:12:16,10/1/2025,15:21:30,long,25020.0,25013.31,STOP,-6.6853,-137.71,0,6.685338,3.95,10.028008,0.10237500000002911,0.10237500000002911,0.13893749999988358,0.13893749999988358,0.4070908560544897,10.054750688061638,18.0,MEDIUM
10/1/2025,15:28:36,10/1/2025,15:31:10,long,25017.5,25026.4,TARGET,8.9024,174.05,1,5.934903,4.175,8.902354,-0.00012499999975261743,0.00012499999975261743,0.0007499999999708961,0.0007499999999708961,-0.02622348780668915,8.761781640008138,18.0,MEDIUM
10/1/2025,15:31:51,10/1/2025,15:34:10,short,25027.25,25033.19,STOP,-5.9351,-122.7,0,5.935096,3.775,8.902645,0.0029999999998835845,0.0029999999998835845,0.0014375000000654836,0.0014375000000654836,0.02928978646599134,8.79107142647413,18.0,MEDIUM
10/1/2025,15:34:30,10/1/2025,15:37:42,short,25030.75,25021.6,TARGET,9.149,178.98,1,6.099357,3.8,9.149035,0.02437499999978172,0.02437499999978172,0.010687499999949068,0.010687499999949068,0.18052428783975571,8.97285917309398,18.0,MEDIUM
10/1/2025,15:37:42,10/1/2025,15:40:54,long,25019.75,25028.72,TARGET,8.968,175.36,1,5.978647,4.275,8.967971,0.007249999999839929,0.007249999999839929,0.008624999999847205,0.008624999999847205,0.06065922443042382,8.87128523609497,18.0,MEDIUM
10/1/2025,15:40:54,10/1/2025,15:41:38,short,25028.75,25019.71,TARGET,9.0409,176.82,1,6.02724,4.625,9.04086,-0.060124999999970896,0.060124999999970896,-0.019562500000029105,0.019562500000029105,-0.024068640941839803,8.933955910869466,18.0,MEDIUM
10/1/2025,15:41:38,10/1/2025,15:43:05,long,25020.25,25014.37,STOP,-5.8809,-121.62,0,5.880889,5.175,8.821333,-0.04375,0.04375,-0.03718749999989086,0.03718749999989086,-0.01790020858798158,8.878706614337332,19.0,MEDIUM
10/1/2025,15:43:05,10/1/2025,15:44:41,long,25013.25,25007.35,STOP,-5.8964,-121.93,0,5.89645,5.4,8.844675,-0.060499999999956346,0.060499999999956346,-0.05868750000008731,0.05868750000008731,-0.26034510918112375,8.6768656319287,19.0,MEDIUM
10/2/2025,09:30:00,10/2/2025,09:30:05,short,25166.5,25149.5,REVERSAL,17.0,336.0,1,16.561741,4.225,24.842612,0.5897499999999127,0.5897499999999127,0.61875,0.61875,-6.362846647160829,26.11196193585274,19.0,MEDIUM
10/2/2025,09:30:05,10/2/2025,09:32:28,long,25149.5,25135.9,STOP,-13.5958,-275.92,0,13.595768,4.3,20.393652,0.5173750000001747,0.5173750000001747,0.5579374999999345,0.5579374999999345,-8.183230198920501,21.360877512394122,19.0,MEDIUM
10/2/2025,09:33:00,10/2/2025,09:33:34,long,25143.0,25130.66,STOP,-12.3365,-250.73,0,12.336453,5.575,18.504679,-0.13137500000011643,0.13137500000011643,-0.051749999999992725,0.051749999999992725,2.194586946545339,17.96370818681534,19.0,MEDIUM
10/2/2025,09:53:34,10/2/2025,09:55:49,short,25051.75,25030.74,TARGET,21.0062,416.12,1,14.004163,7.225,21.006244,-0.22562499999985447,0.22562499999985447,-0.30487499999999274,0.30487499999999274,0.2878051419129726,20.72442452894126,19.0,MEDIUM
10/2/2025,09:55:49,10/2/2025,09:58:33,long,25028.0,25049.08,TARGET,21.0847,417.69,1,14.056451,7.325,21.084677,0.018499999999767168,0.018499999999767168,-0.02600000000002183,0.02600000000002183,0.11669678865927935,20.631040008407876,19.0,MEDIUM
10/2/2025,09:58:43,10/2/2025,09:59:11,short,25051.75,25066.36,STOP,-14.6134,-296.27,0,14.613375,6.975,21.920062,-0.19824999999982537,0.19824999999982537,-0.17606249999989815,0.17606249999989815,0.12980621666797632,21.77356319063295,19.0,MEDIUM
10/2/2025,09:59:23,10/2/2025,10:04:56,short,25060.75,25075.21,STOP,-14.4602,-293.2,0,14.460155,7.575,21.690232,-0.109375,0.109375,-0.1523750000000291,0.1523750000000291,-0.8363388543388623,21.450844310426177,19.0,MEDIUM
10/2/2025,10:11:41,10/2/2025,10:16:25,long,25046.75,25070.04,TARGET,23.2853,461.71,1,15.523538,7.625,23.285307,0.14375,0.14375,0.2451874999998836,0.2451874999998836,0.26416639999431624,23.128682984564144,19.0,MEDIUM
10/2/2025,10:16:25,10/2/2025,10:19:04,short,25072.75,25081.32,STOP,-8.5675,-175.35,0,8.567489,8.225,12.851234,0.3077499999999418,0.3077499999999418,0.26543750000000726,0.26543750000000726,-6.88462041444528,12.660267461498997,19.0,MEDIUM
10/2/2025,10:19:36,10/2/2025,10:19:53,short,25069.75,25061.5,REVERSAL,8.25,161.0,1,8.685593,7.8,13.028389,0.18525000000008732,0.18525000000008732,0.21706249999988358,0.21706249999988358,0.8353663621632048,13.303020393881397,19.0,MEDIUM
10/2/2025,10:19:53,10/2/2025,10:20:30,long,25061.5,25052.99,STOP,-8.5085,-174.17,0,8.50848,6.75,12.762719,0.21624999999985448,0.21624999999985448,0.20112499999995634,0.20112499999995634,-0.19821291323704493,12.45035083172201,19.0,MEDIUM
10/2/2025,10:20:30,10/2/2025,10:21:33,long,25052.0,25064.95,TARGET,12.9546,255.09,1,8.636421,7.45,12.954632,0.14350000000013097,0.14350000000013097,0.14818749999994907,0.14818749999994907,-0.5721494434678789,12.49427980062767,19.0,MEDIUM
10/2/2025,10:21:33,10/2/2025,10:23:07,long,25063.0,25074.75,REVERSAL,11.75,231.0,1,8.977611,6.975,13.466417,-0.06674999999995634,0.06674999999995634,0.06825000000008004,0.06825000000008004,0.8106559720031967,13.283349300740753,19.0,MEDIUM
10/2/2025,10:23:07,10/2/2025,10:23:40,short,25074.75,25083.65,STOP,-8.8984,-181.97,0,8.898432,7.45,13.347649,0.013125000000218278,0.013125000000218278,0.01593750000010914,0.01593750000010914,0.0025778027597311848,12.981561444507296,19.0,MEDIUM
10/2/2025,10:24:32,10/2/2025,10:27:33,short,25081.0,25090.78,STOP,-9.775,-199.5,0,9.775012,5.225,14.662519,0.09187499999970897,0.09187499999970897,0.028624999999919964,0.028624999999919964,1.1469111954905955,14.173000075687835,19.0,MEDIUM
10/2/2025,10:33:14,10/2/2025,10:35:33,long,25066.25,25080.0,REVERSAL,13.75,271.0,1,10.820924,6.825,16.231386,0.165625,0.165625,0.11893749999999273,0.11893749999999273,-0.827291517499237,16.78585841269852,19.0,MEDIUM
10/2/2025,10:35:33,10/2/2025,10:37:05,short,25080.0,25068.25,REVERSAL,11.75,231.0,1,10.112803,5.075,15.169204,0.1102500000000873,0.1102500000000873,0.13793750000004365,0.13793750000004365,-1.8545050735819029,14.931353339116617,19.0,MEDIUM
10/2/2025,10:37:05,10/2/2025,10:37:58,long,25068.25,25082.73,TARGET,14.481,285.62,1,9.653997,6.55,14.480995,0.13025000000016007,0.13025000000016007,0.14412499999998546,0.14412499999998546,-1.0550817911311512,14.20083174312876,19.0,MEDIUM
10/2/2025,10:37:58,10/2/2025,10:39:40,short,25079.0,25088.58,STOP,-9.5785,-195.57,0,9.57848,6.95,14.36772,0.13400000000001455,0.13400000000001455,0.13306249999986902,0.13306249999986902,-1.0847915616776724,14.026123533350017,20.0,MEDIUM
10/2/2025,10:39:40,10/2/2025,10:40:09,short,25088.75,25074.06,TARGET,14.6919,289.84,1,9.794584,7.1,14.691875,0.10299999999988359,0.10299999999988359,0.11206249999995635,0.11206249999995635,-0.3516814058321618,14.144406797230262,20.0,MEDIUM
10/2/2025,10:41:03,10/2/2025,10:42:33,short,25078.0,25065.75,REVERSAL,12.25,241.0,1,9.7795,7.125,14.66925,0.09912500000027649,0.09912500000027649,0.11656250000014552,0.11656250000014552,0.24892423098184757,14.275047764331864,20.0,MEDIUM
10/2/2025,10:42:33,10/2/2025,10:44:14,long,25065.75,25056.0,STOP,-9.7507,-199.01,0,9.750668,7.825,14.626002,0.03212500000008731,0.03212500000008731,0.07274999999990542,0.07274999999990542,0.09376677584033644,14.171193072771537,20.0,MEDIUM
10/2/2025,10:44:33,10/2/2025,10:45:24,long,25064.5,25055.15,STOP,-9.3485,-190.97,0,9.348496,7.775,14.022743,-0.022875000000203725,0.022875000000203725,0.014187499999934516,0.014187499999934516,-0.06738430838080767,14.15347642538559,20.0,MEDIUM
10/2/2025,11:07:27,10/2/2025,11:10:37,short,25034.75,25049.36,STOP,-14.6129,-296.26,0,14.612942,6.5,21.919413,-0.15262500000026194,0.15262500000026194,-0.32356250000011644,0.32356250000011644,0.3135334796829774,21.732135673134458,20.0,MEDIUM
10/2/2025,11:11:33,10/2/2025,11:24:39,short,25034.75,25047.89,STOP,-13.1428,-266.86,0,13.142779,5.35,19.714169,0.02974999999969441,0.02974999999969441,-0.05568750000002183,0.05568750000002183,0.6041339361915021,19.574948842687782,20.0,MEDIUM
10/2/2025,11:32:01,10/2/2025,11:35:37,long,25032.25,25024.14,STOP,-8.1088,-166.18,0,8.108808,6.725,12.163213,0.3653749999997672,0.3653749999997672,0.38262500000000726,0.38262500000000726,-6.435904225194468,12.82236316731577,20.0,MEDIUM
10/2/2025,11:35:37,10/2/2025,11:37:15,long,25028.25,25020.93,STOP,-7.3164,-150.33,0,7.31639,5.375,10.974586,0.07787500000013096,0.07787500000013096,0.22162499999994906,0.22162499999994906,-2.2146414190368358,10.607721748278934,20.0,MEDIUM
10/2/2025,11:41:13,10/2/2025,11:42:38,short,25038.75,25021.51,TARGET,17.2382,340.76,1,11.492109,6.25,17.238163,-0.10900000000001456,0.10900000000001456,-0.23581249999988357,0.23581249999988357,0.6293701271113648,17.235078774864455,20.0,MEDIUM
10/2/2025,11:42:38,10/2/2025,11:50:22,long,25022.75,25040.1,TARGET,17.3496,342.99,1,11.566429,5.85,17.349643,0.023875000000043656,0.023875000000043656,-0.10131250000013096,0.10131250000013096,0.04336287153041596,17.312138063354933,20.0,MEDIUM
10/2/2025,11:50:22,10/2/2025,11:52:49,short,25039.75,25051.37,STOP,-11.623,-236.46,0,11.62301,5.575,17.434515,-0.06212500000001455,0.06212500000001455,-0.04643749999995635,0.04643749999995635,0.11806089775634021,17.5840679610123,20.0,MEDIUM
10/2/2025,12:00:03,10/2/2025,12:21:20,short,25070.0,25052.75,REVERSAL,17.25,341.0,1,22.617675,4.625,33.926512,0.4821250000000873,0.4821250000000873,0.4053125000000364,0.4053125000000364,5.8861210760724205,33.65119037525818,20.0,MEDIUM
10/2/2025,12:21:20,10/2/2025,12:23:45,long,25052.75,25067.36,TARGET,14.6115,288.23,1,9.741023,6.1,14.611534,0.3061250000002474,0.3061250000002474,0.30250000000014554,0.30250000000014554,-5.48527990368995,14.974958264947816,20.0,MEDIUM
10/2/2025,12:23:45,10/2/2025,12:25:35,short,25069.5,25056.45,TARGET,13.0541,257.08,1,8.702721,5.775,13.054081,0.1649999999997817,0.1649999999997817,0.25974999999998544,0.25974999999998544,-2.995884443538973,13.283699641793739,20.0,MEDIUM
10/2/2025,12:25:35,10/2/2025,12:26:23,long,25054.75,25067.56,TARGET,12.8085,252.17,1,8.53899,6.0,12.808485,0.13687500000014552,0.13687500000014552,0.19256249999998545,0.19256249999998545,-1.775593350665929,12.82829389774227,20.0,MEDIUM
10/2/2025,12:30:26,10/2/2025,12:35:39,long,25060.75,25063.0,REVERSAL,2.25,41.0,1,8.518748,6.675,12.778122,0.01725000000005821,0.01725000000005821,0.07918749999989813,0.07918749999989813,-0.14787380830922459,12.795797179668753,20.0,MEDIUM
10/2/2025,12:35:39,10/2/2025,12:37:19,short,25063.0,25054.0,REVERSAL,9.0,176.0,1,8.24617,5.825,12.369255,-0.08149999999986904,0.08149999999986904,-0.013687499999832653,0.013687499999832653,-0.3240057308734414,12.463641869253776,20.0,MEDIUM
10/2/2025,12:37:19,10/2/2025,12:41:12,long,25054.0,25046.09,STOP,-7.9101,-162.2,0,7.910112,5.95,11.865168,-0.09899999999979628,0.09899999999979628,-0.051062499999898134,0.051062499999898134,-0.8058106413224309,11.988660600399992,20.0,MEDIUM
10/2/2025,12:42:08,10/2/2025,12:46:20,long,25054.0,25059.5,REVERSAL,5.5,106.0,1,7.304837,5.925,10.957256,-0.24825000000018918,0.24825000000018918,-0.2015000000001237,0.2015000000001237,0.10681191628353837,10.771654328308781,20.0,MEDIUM
10/2/2025,12:46:20,10/2/2025,12:47:10,short,25059.5,25051.0,REVERSAL,8.5,166.0,1,6.697934,5.675,10.046901,-0.16212500000001456,0.16212500000001456,-0.20118750000001456,0.20118750000001456,-0.5885126032237693,9.996562621279578,21.0,LOW
10/2/2025,12:47:10,10/2/2025,12:50:24,long,25051.0,25060.68,TARGET,9.6815,189.63,1,6.454361,5.725,9.681541,-0.14049999999988358,0.14049999999988358,-0.19437500000003638,0.19437500000003638,-1.2642103230116817,9.5074440052971,21.0,LOW
10/2/2025,12:50:24,10/2/2025,12:52:44,short,25064.0,25070.19,STOP,-6.1906,-127.81,0,6.190618,5.35,9.285927,-0.0680000000000291,0.0680000000000291,-0.12312499999989086,0.12312499999989086,-1.1725429147028201,9.033373061696139,21.0,LOW
10/2/2025,13:00:22,10/2/2025,13:11:57,short,25071.25,25079.89,STOP,-8.6433,-176.87,0,8.643282,4.05,12.964923,0.2077499999999418,0.2077499999999418,0.18012500000004367,0.18012500000004367,1.8059323044084579,12.71174338087738,21.0,LOW
10/2/2025,14:03:21,10/2/2025,14:07:26,long,25083.25,25094.47,TARGET,11.2219,220.44,1,7.481242,4.55,11.221862,0.1453750000000582,0.1453750000000582,0.18418750000000728,0.18418750000000728,-2.0037626831686186,11.252740198319993,21.0,LOW
10/2/2025,14:07:26,10/2/2025,14:11:14,short,25091.5,25098.3,STOP,-6.8027,-140.05,0,6.802655,5.125,10.203983,0.08712500000001455,0.08712500000001455,0.12674999999999273,0.12674999999999273,-1.3901897389865638,10.295422500846318,21.0,LOW
10/2/2025,14:11:14,10/2/2025,14:12:40,short,25099.5,25105.32,STOP,-5.8207,-120.41,0,5.820651,4.8,8.730976,0.1321250000000873,0.1321250000000873,0.12474999999994907,0.12474999999994907,-1.6862809208964489,9.012132567815513,21.0,LOW
10/2/2025,15:36:49,10/2/2025,15:40:36,long,25109.25,25103.23,STOP,-6.0162,-124.32,0,6.016217,3.825,9.024326,0.14400000000023283,0.14400000000023283,0.12468750000007275,0.12468750000007275,0.05356695578375614,9.151674122577296,21.0,LOW
10/2/2025,15:40:47,10/2/2025,15:41:34,long,25108.5,25102.79,STOP,-5.7116,-118.23,0,5.711609,4.4,8.567413,0.02775000000001455,0.02775000000001455,0.0844374999998763,0.0844374999998763,-0.4511830218685198,8.528918681554096,21.0,LOW
10/3/2025,09:30:27,10/3/2025,09:30:49,short,25143.0,25123.33,TARGET,19.6685,389.37,1,13.112309,4.925,19.668464,-0.39375,0.39375,-0.45881250000002183,0.45881250000002183,-7.807694134705013,20.495434896664698,21.0,LOW
10/3/2025,09:30:49,10/3/2025,09:31:23,long,25122.0,25139.8,TARGET,17.7988,351.98,1,11.865839,5.5,17.798758,-0.27924999999995637,0.27924999999995637,-0.40506249999998545,0.40506249999998545,-5.039453178581322,18.10219961007444,21.0,LOW
10/3/2025,09:31:23,10/3/2025,09:31:32,short,25142.25,25153.69,STOP,-11.4387,-232.77,0,11.438716,6.775,17.158074,-0.25212499999979626,0.25212499999979626,-0.3037500000000364,0.3037500000000364,-2.909006320652317,17.115535707110418,21.0,LOW
10/3/2025,09:32:42,10/3/2025,09:38:56,short,25148.5,25161.44,STOP,-12.936,-262.72,0,12.935999,5.575,19.403998,0.04962500000001455,0.04962500000001455,0.0006875000000945875,0.0006875000000945875,1.1613402585108084,19.11828796467673,21.0,LOW
10/3/2025,09:41:20,10/3/2025,09:41:45,long,25128.0,25116.58,STOP,-11.4186,-232.37,0,11.418608,7.325,17.127911,0.3430000000000291,0.3430000000000291,0.38950000000004364,0.38950000000004364,-0.7359895826153142,17.262450218303538,21.0,LOW
10/3/2025,09:42:03,10/3/2025,09:42:32,long,25128.25,25116.21,STOP,-12.0439,-244.88,0,12.043878,5.8,18.065817,-0.04425000000010186,0.04425000000010186,0.1101249999999709,0.1101249999999709,0.9673000057007641,17.635612839884757,21.0,LOW
10/3/2025,09:47:22,10/3/2025,09:53:13,short,25154.25,25166.81,STOP,-12.56,-255.2,0,12.560019,7.125,18.840028,0.09375,0.09375,-0.007500000000072759,0.007500000000072759,-0.9883332669126972,18.494952475875955,21.0,LOW
10/3/2025,09:53:22,10/3/2025,09:54:18,short,25157.25,25137.87,TARGET,19.3779,383.56,1,12.918621,5.5,19.377932,0.1430000000000291,0.1430000000000291,0.03412499999994907,0.03412499999994907,1.3327734598131435,18.91368664890305,21.0,LOW
10/3/2025,09:54:43,10/3/2025,09:55:45,long,25133.25,25120.21,STOP,-13.0408,-264.82,0,13.040781,6.375,19.561172,0.08374999999978172,0.08374999999978172,0.07849999999998544,0.07849999999998544,1.1122355222929663,19.262780218435683,21.0,LOW
10/3/2025,09:55:45,10/3/2025,09:56:46,long,25121.25,25107.7,STOP,-13.5543,-275.09,0,13.554335,6.375,20.331503,-0.06350000000020373,0.06350000000020373,0.04412499999998545,0.04412499999998545,0.5212908846342756,19.75955204594446,21.0,LOW
10/3/2025,10:15:13,10/3/2025,10:16:16,short,25083.0,25092.78,STOP,-9.78,-199.6,0,9.779978,7.1,14.669967,-0.29262500000004366,0.29262500000004366,-0.3641250000000582,0.3641250000000582,-5.612378838923117,14.950592281563448,21.0,LOW
10/3/2025,10:17:12,10/3/2025,10:19:36,short,25088.5,25073.53,TARGET,14.9699,295.4,1,9.979911,5.65,14.969866,0.031749999999738064,0.031749999999738064,-0.11018750000002911,0.11018750000002911,0.7711264190836218,14.590432513575614,22.0,MEDIUM
10/3/2025,10:21:52,10/3/2025,10:23:54,long,25073.0,25062.81,STOP,-10.1882,-207.76,0,10.188217,7.25,15.282326,0.0,0.0,0.03862500000013824,0.03862500000013824,-0.1684272768166828,14.938202605046548,22.0,MEDIUM
10/3/2025,10:23:54,10/3/2025,10:24:53,long,25064.0,25079.35,TARGET,15.3499,303.0,1,10.233241,7.4,15.349861,-0.03800000000010186,0.03800000000010186,-0.01062500000007276,0.01062500000007276,0.03258218160871351,14.992407526249451,22.0,MEDIUM
10/3/2025,10:25:58,10/3/2025,10:26:22,short,25085.0,25095.19,STOP,-10.1933,-207.87,0,10.19335,5.725,15.290024,-0.050500000000101866,0.050500000000101866,-0.05518749999991997,0.05518749999991997,0.03451041440146341,15.037836278499565,22.0,MEDIUM
10/3/2025,10:26:53,10/3/2025,10:37:20,short,25092.0,25103.97,STOP,-11.9689,-243.38,0,11.96887,4.925,17.953305,0.21537500000013096,0.21537500000013096,0.08243750000001455,0.08243750000001455,2.6763540533968317,17.714190331896397,22.0,MEDIUM
10/3/2025,10:50:05,10/3/2025,10:52:49,long,25099.25,25114.0,REVERSAL,14.75,291.0,1,12.348136,5.9,18.522205,0.18024999999979627,0.18024999999979627,0.2984375,0.2984375,-2.078986500054583,18.566275156852768,22.0,MEDIUM
10/3/2025,10:52:49,10/3/2025,11:00:49,short,25114.0,25114.25,REVERSAL,-0.25,-9.0,0,11.791873,6.175,17.68781,0.05650000000023283,0.05650000000023283,0.11837500000001455,0.11837500000001455,-0.41446710090779604,18.151808055944972,22.0,MEDIUM
10/3/2025,11:00:49,10/3/2025,11:01:36,long,25114.25,25106.51,STOP,-7.7401,-158.8,0,7.740115,5.725,11.610172,0.27524999999986904,0.27524999999986904,0.27431250000008733,0.27431250000008733,-3.454276281545132,12.04771807017761,22.0,MEDIUM
10/3/2025,11:01:36,10/3/2025,11:02:10,long,25109.25,25112.0,REVERSAL,2.75,51.0,1,7.350384,6.225,11.025577,0.2571250000000873,0.2571250000000873,0.2628749999999854,0.2628749999999854,-3.898326599701944,11.3478814810297,22.0,MEDIUM
10/3/2025,11:02:10,10/3/2025,11:02:44,short,25112.0,25107.0,REVERSAL,5.0,96.0,1,6.996515,6.675,10.494773,0.21737499999981083,0.21737499999981083,0.24649999999983266,0.24649999999983266,-3.4656243249205207,10.847603129396594,22.0,MEDIUM
10/3/2025,11:02:44,10/3/2025,11:05:47,long,25107.0,25117.33,TARGET,10.3335,202.67,1,6.889031,6.425,10.333547,0.18262500000018916,0.18262500000018916,0.2311875000001237,0.2311875000001237,-2.9432486185583357,10.35459315843422,22.0,MEDIUM
10/3/2025,11:05:47,10/3/2025,11:09:01,short,25115.75,25107.5,REVERSAL,8.25,161.0,1,6.95933,5.575,10.438995,0.0012500000000727595,0.0012500000000727595,0.10162500000005821,0.10162500000005821,-0.12581670525649713,10.426794321248606,22.0,MEDIUM
10/3/2025,11:09:01,10/3/2025,11:10:31,long,25107.5,25100.58,STOP,-6.9221,-142.44,0,6.9221,5.175,10.38315,0.010124999999970897,0.010124999999970897,0.0008125000000291039,0.0008125000000291039,-0.18477241581950032,10.24866174270882,22.0,MEDIUM
10/3/2025,11:10:36,10/3/2025,11:11:15,long,25105.0,25115.09,TARGET,10.0864,197.73,1,6.724289,5.325,10.086434,-0.06650000000008731,0.06650000000008731,-0.027937500000007276,0.027937500000007276,-0.4106094768362638,10.133850476060905,22.0,MEDIUM
10/3/2025,11:12:20,10/3/2025,11:13:25,short,25117.0,25123.49,STOP,-6.4871,-133.74,0,6.487073,5.95,9.73061,-0.12749999999978173,0.12749999999978173,-0.04856249999993452,0.04856249999993452,-0.9185104613502961,9.603046652847683,22.0,MEDIUM
10/3/2025,11:18:28,10/3/2025,11:21:30,short,25125.0,25133.66,STOP,-8.661,-177.22,0,8.661009,4.725,12.991513,0.1514999999999418,0.1514999999999418,0.11387500000000728,0.11387500000000728,2.3030956602619117,12.959802364127741,22.0,MEDIUM
10/3/2025,11:40:00,10/3/2025,11:40:13,long,25114.5,25104.78,STOP,-9.723,-198.46,0,9.723006,5.6,14.584509,0.18225000000020372,0.18225000000020372,0.16556250000012368,0.16556250000012368,-1.757864260796552,14.964447807904346,22.0,MEDIUM
10/3/2025,11:40:35,10/3/2025,11:50:13,long,25113.5,25128.31,TARGET,14.8054,292.11,1,9.87029,5.375,14.805435,0.06087500000030559,0.06087500000030559,0.12443750000002182,0.12443750000002182,-1.1073580762405069,14.68972118260784,22.0,MEDIUM
10/3/2025,11:53:22,10/3/2025,11:56:22,short,25135.25,25144.23,STOP,-8.983,-183.66,0,8.982969,4.375,13.474453,0.010249999999723513,0.010249999999723513,0.023374999999941793,0.023374999999941793,0.01800972521870392,13.425840476990093,22.0,MEDIUM
10/3/2025,11:56:38,10/3/2025,12:06:21,short,25144.75,25154.46,STOP,-9.7106,-198.21,0,9.71065,4.025,14.565975,0.08012500000004366,0.08012500000004366,0.04637500000008003,0.04637500000008003,0.8895104957813444,14.343118179264586,22.0,MEDIUM
10/3/2025,12:36:05,10/3/2025,12:40:25,long,25131.0,25122.38,STOP,-8.6223,-176.45,0,8.622347,4.45,12.933521,0.2630000000001019,0.2630000000001019,0.2523750000000291,0.2523750000000291,-3.8821861369569053,12.877156153782524,23.0,MEDIUM
10/3/2025,12:46:03,10/3/2025,12:50:02,long,25124.75,25115.84,STOP,-8.9071,-182.14,0,8.907052,4.575,13.360577,-0.07062500000029104,0.07062500000029104,-0.006750000000101864,0.006750000000101864,1.851337336181599,12.999859457755385,23.0,MEDIUM
10/3/2025,13:11:22,10/3/2025,13:19:58,short,25075.5,25041.5,REVERSAL,34.0,676.0,1,23.112323,5.725,34.668485,-0.5461250000000291,0.5461250000000291,-0.55362499999992,0.55362499999992,-8.851641724844058,35.90595868881651,23.0,MEDIUM
10/3/2025,13:19:58,10/3/2025,13:28:07,long,25041.5,25024.08,STOP,-17.4183,-352.37,0,17.418266,6.375,26.127398,0.04137499999997089,0.04137499999997089,-0.01531250000007276,0.01531250000007276,0.3839743984928994,25.836161289144403,23.0,MEDIUM
10/3/2025,13:28:28,10/3/2025,13:30:04,long,25036.75,25019.1,STOP,-17.6483,-356.97,0,17.648281,6.475,26.472421,-0.03374999999978172,0.03374999999978172,0.013062500000160071,0.013062500000160071,0.5254951326596853,26.128166946794714,23.0,MEDIUM
10/3/2025,13:59:08,10/3/2025,14:01:37,short,24980.5,24961.5,REVERSAL,19.0,376.0,1,20.637653,8.3,30.95648,-0.35187500000029104,0.35187500000029104,-0.4317500000001019,0.4317500000001019,-5.13650404641913,31.6896627722094,23.0,MEDIUM
10/3/2025,14:01:37,10/3/2025,14:02:18,long,24961.5,24977.0,REVERSAL,15.5,306.0,1,17.133713,8.8,25.700569,-0.24724999999998545,0.24724999999998545,-0.2898750000000291,0.2898750000000291,-2.443062204103235,26.232801387999746,23.0,MEDIUM
10/3/2025,14:02:18,10/3/2025,14:03:34,short,24977.0,24952.84,TARGET,24.1594,479.19,1,16.106243,8.525,24.159365,-0.2476249999999709,0.2476249999999709,-0.2703749999998763,0.2703749999998763,-2.3316996917134176,24.928643620976693,23.0,MEDIUM
10/3/2025,14:04:06,10/3/2025,14:06:28,long,24943.5,24929.06,STOP,-14.4444,-292.89,0,14.444392,8.575,21.666588,-0.2367500000000291,0.2367500000000291,-0.24418750000004366,0.24418750000004366,-3.39666576501169,22.250116829316,23.0,MEDIUM
10/3/2025,14:06:59,10/3/2025,14:08:11,long,24945.25,24929.99,STOP,-15.2626,-309.25,0,15.262604,7.85,22.893905,-0.3046249999999418,0.3046249999999418,-0.3151874999999563,0.3151874999999563,1.3811006714486176,22.875274698384246,23.0,MEDIUM
10/3/2025,14:10:46,10/3/2025,14:11:31,short,24966.75,24982.21,STOP,-15.462,-313.24,0,15.462014,10.125,23.193021,0.010749999999825377,0.010749999999825377,-0.1133125000000291,0.1133125000000291,-0.13095689407703048,23.35853090337926,23.0,MEDIUM
10/3/2025,14:11:47,10/3/2025,14:17:47,short,24982.5,24997.69,STOP,-15.1871,-307.74,0,15.187095,6.15,22.780643,0.3229999999999563,0.3229999999999563,0.11124999999992724,0.11124999999992724,-0.9482591402727465,22.905944901807388,23.0,MEDIUM
10/3/2025,14:40:19,10/3/2025,14:49:02,long,25011.75,24996.54,STOP,-15.2116,-308.23,0,15.211588,8.0,22.817382,0.34424999999973804,0.34424999999973804,0.31268749999999274,0.31268749999999274,-5.645950855466449,23.62082124046716,23.0,MEDIUM
10/3/2025,14:49:02,10/3/2025,14:52:37,long,24993.75,24980.62,STOP,-13.1278,-266.56,0,13.127756,7.675,19.691633,0.07049999999981083,0.07049999999981083,0.16918749999986177,0.16918749999986177,-1.0826961639939725,19.28846179906001,23.0,MEDIUM
10/3/2025,15:00:26,10/3/2025,15:02:28,short,25010.75,24999.0,REVERSAL,11.75,231.0,1,12.303125,5.375,18.454687,-0.2978749999998399,0.2978749999998399,-0.29099999999998544,0.29099999999998544,-4.884030958606189,19.108693658843908,23.0,MEDIUM
10/3/2025,15:02:28,10/3/2025,15:05:23,long,24999.0,25013.55,TARGET,14.5469,286.94,1,9.697916,6.575,14.546874,-0.2736249999998108,0.2736249999998108,-0.2889374999998836,0.2889374999998836,-5.648717954863798,15.162855872351361,23.0,MEDIUM
10/3/2025,15:05:23,10/3/2025,15:11:20,short,25012.0,25020.8,STOP,-8.8033,-180.07,0,8.803261,6.475,13.204891,-0.22999999999992723,0.22999999999992723,-0.2578125,0.2578125,-3.7475209481813216,12.834769866424143,23.0,MEDIUM
10/3/2025,15:12:26,10/3/2025,15:17:59,short,25017.5,25002.02,TARGET,15.4793,305.59,1,10.319509,5.725,15.479264,0.12099999999991269,0.12099999999991269,0.06449999999986175,0.06449999999986175,1.9176065299485785,14.79232119674009,23.0,MEDIUM
10/3/2025,15:21:27,10/3/2025,15:33:38,long,24999.75,25014.63,TARGET,14.8787,293.57,1,9.919104,6.2,14.878656,-0.06525000000001455,0.06525000000001455,-0.015437500000007275,0.015437500000007275,-0.4578414364207486,14.483506491165691,23.0,MEDIUM
10/3/2025,15:33:38,10/3/2025,15:41:36,short,25015.25,25023.98,STOP,-8.7318,-178.64,0,8.731808,6.125,13.097712,0.1421250000003056,0.1421250000003056,0.06206250000013824,0.06206250000013824,-1.658882243501699,12.840639693997792,23.0,MEDIUM
10/3/2025,15:42:59,10/3/2025,15:50:00,short,25019.25,25008.74,TARGET,10.5078,206.16,1,7.00521,5.025,10.507815,0.20737500000032014,0.20737500000032014,0.22693750000016735,0.22693750000016735,-0.6422783578622138,10.122182551067988,24.0,MEDIUM
10/6/2025,09:30:00,10/6/2025,09:30:12,short,25214.25,25191.86,TARGET,22.3937,443.87,1,14.92914,4.875,22.39371,0.6191249999999855,0.6191249999999855,0.5770000000000437,0.5770000000000437,-8.52092928265698,23.36889770586155,24.0,MEDIUM
10/6/2025,09:30:12,10/6/2025,09:31:12,long,25190.25,25210.19,TARGET,19.9423,394.85,1,13.294859,6.4,19.942288,0.49000000000014554,0.49000000000014554,0.5739375000001019,0.5739375000001019,-6.211562149692817,20.300635608839066,24.0,MEDIUM
10/6/2025,09:31:55,10/6/2025,09:32:11,long,25193.0,25182.06,STOP,-10.9354,-222.71,0,10.935404,7.7,16.403107,-0.20925000000024738,0.20925000000024738,-0.11368750000001455,0.11368750000001455,-2.568144060008798,17.406280194639947,24.0,MEDIUM
10/6/2025,09:34:01,10/6/2025,09:34:29,long,25182.0,25167.43,STOP,-14.5725,-295.45,0,14.572507,7.275,21.858761,-0.3611250000001746,0.3611250000001746,-0.39025000000001453,0.39025000000001453,5.552377254293123,21.460165513189324,24.0,MEDIUM
10/6/2025,09:47:41,10/6/2025,09:50:43,short,25169.75,25143.66,TARGET,26.0942,517.88,1,17.39613,6.4,26.094195,-0.06450000000004366,0.06450000000004366,-0.14118749999997818,0.14118749999997818,-0.7293803106515213,26.029641307399757,24.0,MEDIUM
10/6/2025,09:50:43,10/6/2025,09:59:03,long,25143.25,25159.0,REVERSAL,15.75,311.0,1,17.067195,9.025,25.600793,-0.03525000000008731,0.03525000000008731,-0.059000000000014555,0.059000000000014555,-0.2663692420260766,25.703702311720814,24.0,MEDIUM
10/6/2025,09:59:03,10/6/2025,10:00:47,short,25159.0,25171.19,STOP,-12.1884,-247.77,0,12.188441,7.975,18.282662,-0.20812499999992723,0.20812499999992723,-0.17999999999992725,0.17999999999992725,-2.1994784425361296,18.01322667541859,24.0,MEDIUM
10/6/2025,10:01:07,10/6/2025,10:01:49,short,25161.75,25144.2,TARGET,17.5543,347.09,1,11.702835,7.85,17.554253,0.29400000000023285,0.29400000000023285,0.11231250000000728,0.11231250000000728,-0.4074902524406703,17.626645132856577,24.0,MEDIUM
10/6/2025,10:01:49,10/6/2025,10:02:46,long,25148.5,25162.25,REVERSAL,13.75,271.0,1,9.909706,7.45,14.864559,0.3779999999998836,0.3779999999998836,0.2336249999998472,0.2336249999998472,-2.989626959865351,15.087893533595821,24.0,MEDIUM
10/6/2025,10:02:46,10/6/2025,10:04:20,short,25162.25,25171.6,STOP,-9.3548,-191.1,0,9.354837,7.15,14.032255,0.20725000000020372,0.20725000000020372,0.2655625000001237,0.2655625000001237,-3.7178847319623696,13.632891794011764,24.0,MEDIUM
10/6/2025,10:05:54,10/6/2025,10:08:33,short,25169.0,25152.77,TARGET,16.2345,320.69,1,10.822986,6.475,16.234479,0.16925000000010187,0.16925000000010187,0.14331250000013823,0.14331250000013823,2.1866235009353545,15.73536691809694,24.0,MEDIUM
10/6/2025,10:09:55,10/6/2025,10:12:19,long,25145.5,25162.15,TARGET,16.6452,328.9,1,11.096819,8.2,16.645229,-0.02662499999969441,0.02662499999969441,0.025374999999985447,0.025374999999985447,-0.12205032904283897,15.860606732115468,24.0,MEDIUM
10/6/2025,10:12:19,10/6/2025,10:20:57,short,25162.5,25173.53,STOP,-11.0303,-224.61,0,11.030261,7.65,16.545391,-0.021875,0.021875,-0.05193750000016735,0.05193750000016735,0.077251330143433,16.089140889924792,24.0,MEDIUM
10/6/2025,10:20:57,10/6/2025,10:24:15,short,25175.25,25159.96,TARGET,15.2872,301.74,1,10.191497,7.175,15.287246,0.2040000000000873,0.2040000000000873,0.15462499999994178,0.15462499999994178,-0.857702456194275,14.929452830515377,24.0,MEDIUM
10/6/2025,10:25:03,10/6/2025,10:28:42,long,25155.5,25144.79,STOP,-10.7074,-218.15,0,10.70742,6.525,16.06113,0.07987499999981082,0.07987499999981082,0.17037499999987632,0.17037499999987632,0.11959535900306584,15.741865121363565,24.0,MEDIUM
10/6/2025,10:28:42,10/6/2025,10:31:09,long,25145.0,25134.42,STOP,-10.5774,-215.55,0,10.577418,6.675,15.866127,-0.04500000000007276,0.04500000000007276,-0.009124999999949068,0.009124999999949068,-0.2734383668593594,15.477517029826647,24.0,MEDIUM
10/6/2025,10:48:18,10/6/2025,10:49:00,short,25142.75,25152.04,STOP,-9.2943,-189.89,0,9.294263,6.525,13.941394,-0.31612500000010185,0.31612500000010185,-0.36612500000010184,0.36612500000010184,-5.436382134957446,14.238865767156634,24.0,MEDIUM
10/6/2025,10:50:13,10/6/2025,10:54:55,short,25147.25,25133.49,TARGET,13.758,271.16,1,9.171994,4.15,13.757991,-0.023374999999941793,0.023374999999941793,-0.16975000000002183,0.16975000000002183,-0.45165642751898893,13.787209339637645,24.0,MEDIUM
10/6/2025,10:57:40,10/6/2025,10:59:43,short,25143.75,25152.65,STOP,-8.9027,-182.05,0,8.90267,6.075,13.354004,0.01025000000008731,0.01025000000008731,0.0006250000000363798,0.0006250000000363798,-0.06236909523061662,13.137533384184497,24.0,MEDIUM
10/6/2025,11:00:56,10/6/2025,11:04:03,short,25149.5,25159.53,STOP,-10.0254,-204.51,0,10.025374,4.825,15.038061,0.1736250000001746,0.1736250000001746,0.08725000000013097,0.08725000000013097,1.6205597450084728,14.735779452128387,25.0,MEDIUM
10/6/2025,12:09:58,10/6/2025,12:24:38,long,25186.25,25204.34,TARGET,18.0871,357.74,1,12.058071,4.95,18.087106,0.2899999999997817,0.2899999999997817,0.29668750000000726,0.29668750000000726,-3.9127916976111123,18.715784975490788,25.0,MEDIUM
10/6/2025,12:34:08,10/6/2025,12:35:36,long,25196.25,25188.14,STOP,-8.1065,-166.13,0,8.10648,4.8,12.159721,-0.00812499999992724,0.00812499999992724,0.016750000000138245,0.016750000000138245,-0.21220399080705832,12.201943655837347,25.0,MEDIUM
10/6/2025,12:35:36,10/6/2025,12:47:58,long,25189.25,25201.39,TARGET,12.1355,238.71,1,8.090343,5.35,12.135515,-0.05849999999991269,0.05849999999991269,-0.0011249999999563443,0.0011249999999563443,-0.09652217048710021,12.200455672272884,25.0,MEDIUM
10/6/2025,12:49:18,10/6/2025,12:53:07,long,25192.75,25200.5,REVERSAL,7.75,151.0,1,7.282374,5.075,10.923561,-0.1102500000000873,0.1102500000000873,-0.1211250000000291,0.1211250000000291,-0.8002041949925882,11.0630675254388,25.0,MEDIUM
10/6/2025,12:53:07,10/6/2025,13:05:25,short,25200.5,25191.02,TARGET,9.4847,185.69,1,6.323144,4.675,9.484716,-0.15137499999982537,0.15137499999982537,-0.12631249999994906,0.12631249999994906,-1.775070781017769,9.833074839550719,25.0,MEDIUM
10/6/2025,13:05:25,10/6/2025,13:10:26,long,25190.5,25185.57,STOP,-4.9304,-102.61,0,4.930423,5.275,7.395634,-0.06812499999978172,0.06812499999978172,-0.10724999999983993,0.10724999999983993,-1.5054262388730404,7.341225630322022,25.0,MEDIUM
10/6/2025,13:13:12,10/6/2025,13:15:45,long,25190.75,25185.67,STOP,-5.081,-105.62,0,5.081016,4.4,7.621523,-0.06575000000011641,0.06575000000011641,-0.06749999999992724,0.06749999999992724,0.38560641060488976,7.664082033405725,25.0,MEDIUM
10/6/2025,13:17:40,10/6/2025,13:20:11,short,25196.75,25201.74,STOP,-4.9926,-103.85,0,4.99262,4.9,7.488929,-0.06187499999978172,0.06187499999978172,-0.0609375,0.0609375,-0.15557696271545218,7.497397986530445,25.0,MEDIUM
10/6/2025,13:20:11,10/6/2025,13:20:52,short,25202.75,25207.63,STOP,-4.8823,-101.65,0,4.882286,5.125,7.323429,0.00812499999992724,0.00812499999992724,-0.03731250000000728,0.03731250000000728,-0.18420144941428163,7.307150335698148,25.0,MEDIUM
10/6/2025,14:56:57,10/6/2025,15:21:02,long,25232.0,25223.93,STOP,-8.0681,-165.36,0,8.068105,3.8,12.102158,0.15362499999973805,0.15362499999973805,0.14793749999989814,0.14793749999989814,-0.6026221763553998,12.263848271098631,25.0,MEDIUM
10/6/2025,15:25:04,10/6/2025,15:30:18,long,25227.25,25219.22,STOP,-8.0251,-164.5,0,8.025079,4.225,12.037619,-0.1319999999999709,0.1319999999999709,-0.05868749999990541,0.05868749999990541,2.387824570548686,11.771151174989619,25.0,MEDIUM
10/7/2025,09:30:18,10/7/2025,09:36:07,long,25222.75,25250.5,REVERSAL,27.75,551.0,1,18.922849,4.425,28.384274,0.5162499999998544,0.5162499999998544,0.5331874999999855,0.5331874999999855,-8.63755021910498,29.466817334962798,25.0,MEDIUM
10/7/2025,09:36:07,10/7/2025,09:36:22,short,25250.5,25263.25,STOP,-12.7494,-258.99,0,12.749396,5.8,19.124094,-0.15374999999985448,0.15374999999985448,-0.14699999999993452,0.14699999999993452,-1.3105620661364696,19.770549130293126,25.0,MEDIUM
10/7/2025,09:36:32,10/7/2025,09:45:35,short,25250.5,25232.72,TARGET,17.7774,351.55,1,11.851581,5.45,17.777372,-0.128125,0.128125,-0.13668750000015278,0.13668750000015278,-2.3655056727275863,18.20979420809425,25.0,MEDIUM
10/7/2025,09:45:35,10/7/2025,09:47:13,long,25236.0,25249.75,REVERSAL,13.75,271.0,1,9.931862,5.925,14.897792,0.11300000000010187,0.11300000000010187,0.08812500000003638,0.08812500000003638,-0.2624261104709831,14.911711763385078,25.0,MEDIUM
10/7/2025,09:47:13,10/7/2025,09:47:57,short,25249.75,25235.71,TARGET,14.0369,276.74,1,9.357915,5.7,14.036872,0.09625000000014552,0.09625000000014552,0.09750000000003638,0.09750000000003638,-1.3532567670240443,13.782282737566499,25.0,MEDIUM
10/7/2025,09:47:57,10/7/2025,09:49:54,long,25237.5,25250.57,TARGET,13.0654,257.31,1,8.710254,5.725,13.065381,0.14462500000008732,0.14462500000008732,0.1290624999999636,0.1290624999999636,-1.3014139365504143,12.935918326145913,25.0,MEDIUM
10/7/2025,09:49:54,10/7/2025,09:50:15,short,25248.0,25235.15,TARGET,12.8453,252.91,1,8.563558,6.4,12.845337,0.11074999999982538,0.11074999999982538,0.10962499999986904,0.10962499999986904,-1.2320444292758062,12.397760290198008,25.0,MEDIUM
10/7/2025,09:50:15,10/7/2025,09:54:24,long,25233.75,25246.65,TARGET,12.8954,253.91,1,8.596937,6.7,12.895405,0.07487499999988359,0.07487499999988359,0.10443749999994907,0.10443749999994907,-0.7842442742880955,12.444187329084588,25.0,MEDIUM
10/7/2025,09:54:29,10/7/2025,09:55:30,short,25250.75,25257.59,STOP,-6.8376,-140.75,0,6.837582,5.4,10.256373,0.10925000000024739,0.10925000000024739,0.07162500000013097,0.07162500000013097,-2.460212522767238,9.772609819499523,26.0,LOW
10/7/2025,09:56:30,10/7/2025,09:58:36,short,25253.75,25241.59,TARGET,12.1596,239.19,1,8.106431,4.55,12.159646,0.1641250000000582,0.1641250000000582,0.14349999999994906,0.14349999999994906,2.0150190763438456,11.55759170937239,26.0,LOW
10/7/2025,09:58:45,10/7/2025,10:00:55,long,25237.75,25249.43,TARGET,11.6761,229.52,1,7.784075,5.9,11.676112,-0.013875000000189175,0.013875000000189175,0.07512499999993452,0.07512499999993452,-0.3916375018295799,11.16595420754281,26.0,LOW
10/7/2025,10:01:33,10/7/2025,10:02:35,long,25240.75,25233.11,STOP,-7.6355,-156.71,0,7.63554,5.675,11.45331,-0.04575000000004366,0.04575000000004366,-0.03299999999999272,0.03299999999999272,-0.09438374243612557,11.182427112256946,26.0,LOW
10/7/2025,10:02:35,10/7/2025,10:03:38,long,25232.0,25224.46,STOP,-7.5358,-154.72,0,7.535791,5.5,11.303687,-0.07337499999994179,0.07337499999994179,-0.05443749999994907,0.05443749999994907,-0.32589069153385886,10.93334336531915,26.0,LOW
10/7/2025,10:09:58,10/7/2025,10:20:46,short,25249.25,25233.09,TARGET,16.1636,319.27,1,10.775754,5.7,16.163631,-0.026124999999956343,0.026124999999956343,-0.0671250000001237,0.0671250000001237,-0.21936357519305183,15.905761512009336,26.0,LOW
10/7/2025,10:20:46,10/7/2025,10:27:12,long,25233.75,25224.32,STOP,-9.4308,-192.62,0,9.430767,5.075,14.146151,-0.18387499999989815,0.18387499999989815,-0.09043750000000728,0.09043750000000728,-2.3175596741347864,14.487294957512864,26.0,LOW
10/7/2025,10:28:23,10/7/2025,10:35:53,long,25218.0,25206.07,STOP,-11.9324,-242.65,0,11.932377,4.625,17.898565,-0.2928750000002765,0.2928750000002765,-0.2123125000000073,0.2123125000000073,3.5069673860172124,17.623438437951226,26.0,LOW
10/7/2025,11:11:39,10/7/2025,11:20:36,short,25105.25,25124.31,STOP,-19.0561,-385.12,0,19.056084,7.375,28.584126,-0.5451249999998253,0.5451249999998253,-0.7242499999998472,0.7242499999998472,-8.920686577963018,29.671904038453228,26.0,LOW
10/7/2025,11:20:36,10/7/2025,11:26:02,short,25124.75,25098.0,REVERSAL,26.75,531.0,1,18.582317,7.875,27.873475,0.2205000000001746,0.2205000000001746,0.22068749999998544,0.22068749999998544,-0.24541699342349688,27.570475037812372,26.0,LOW
10/7/2025,11:26:02,10/7/2025,11:26:30,long,25098.0,25087.59,STOP,-10.4148,-212.3,0,10.414839,7.4,15.622258,0.3409999999999854,0.3409999999999854,0.43462500000005094,0.43462500000005094,-5.431528039435655,15.129946014145354,26.0,LOW
10/7/2025,11:27:38,10/7/2025,11:27:55,long,25091.0,25078.47,STOP,-12.5304,-254.61,0,12.530352,7.05,18.795528,-0.14987499999988357,0.14987499999988357,-0.02493749999994179,0.02493749999994179,3.0356050271768904,18.35498010896947,26.0,LOW
10/7/2025,11:42:39,10/7/2025,11:45:38,short,25055.75,25030.16,TARGET,25.5946,507.89,1,17.063059,8.025,25.594588,-0.30275000000001456,0.30275000000001456,-0.398687499999869,0.398687499999869,-3.3315760782609516,26.527537888334443,26.0,LOW
10/7/2025,11:45:38,10/7/2025,11:47:38,long,25024.0,25009.08,STOP,-14.9195,-302.39,0,14.919458,7.025,22.379187,-0.17200000000011642,0.17200000000011642,-0.1756875000000946,0.1756875000000946,-1.6619193483319172,22.675421827492215,26.0,LOW
10/7/2025,11:47:38,10/7/2025,11:48:25,long,25009.0,24993.39,STOP,-15.6051,-316.1,0,15.605136,7.675,23.407704,-0.32612499999995637,0.32612499999995637,-0.2608125000000655,0.2608125000000655,0.86024780187023,23.549389288902653,26.0,LOW
10/7/2025,11:57:52,10/7/2025,12:00:30,short,25025.75,25045.23,STOP,-19.481,-393.62,0,19.480964,6.75,29.221446,-0.2826249999998254,0.2826249999998254,-0.30812499999992726,0.30812499999992726,-2.740559579310819,29.943815761655195,26.0,LOW
10/7/2025,12:02:45,10/7/2025,12:11:16,short,25040.75,25021.5,REVERSAL,19.25,381.0,1,20.360571,6.5,30.540857,0.3196249999997235,0.3196249999997235,0.13081249999995634,0.13081249999995634,7.382437971392413,30.061306855146533,26.0,LOW
10/7/2025,12:11:16,10/7/2025,12:19:30,long,25021.5,25003.81,STOP,-17.6929,-357.86,0,17.692919,8.3,26.539378,0.2736249999998108,0.2736249999998108,0.27624999999989086,0.27624999999989086,-3.8912382701961583,26.724605619936913,26.0,LOW
10/7/2025,12:20:29,10/7/2025,12:22:56,long,25016.0,25000.67,STOP,-15.3311,-310.62,0,15.3311,7.625,22.99665,-0.09637500000026193,0.09637500000026193,0.043562500000007276,0.043562500000007276,2.0466971077639755,22.916015454047496,26.0,LOW
10/7/2025,12:25:34,10/7/2025,12:26:38,short,25037.0,25051.61,STOP,-14.6112,-296.22,0,14.611173,6.4,21.916759,-0.259375,0.259375,-0.2109375,0.2109375,-1.9785067452131955,22.494900307855627,26.0,LOW
10/7/2025,12:26:38,10/7/2025,12:29:20,short,25052.75,25030.97,TARGET,21.7776,431.55,1,14.518407,4.775,21.777611,-0.12200000000011642,0.12200000000011642,-0.19593750000003637,0.19593750000003637,-2.0902842908144628,21.501948579175433,27.0,MEDIUM
10/7/2025,12:29:24,10/7/2025,12:30:20,short,25036.5,25049.63,STOP,-13.1349,-266.7,0,13.134877,7.375,19.702316,-0.09112500000010186,0.09112500000010186,-0.057125000000087314,0.057125000000087314,-1.7509286517588691,20.24323856191336,27.0,MEDIUM
10/7/2025,12:31:36,10/7/2025,12:32:27,short,25046.75,25060.32,STOP,-13.5726,-275.45,0,13.572573,6.625,20.358859,-0.02787500000013097,0.02787500000013097,-0.0484375,0.0484375,-0.4321526047938029,20.05675541029072,27.0,MEDIUM
10/7/2025,12:49:18,10/7/2025,12:54:16,long,25047.75,25031.45,STOP,-16.3042,-330.08,0,16.304187,6.75,24.456281,0.428125,0.428125,0.5113750000000437,0.5113750000000437,-7.333265050125483,25.164139786221305,27.0,MEDIUM
10/7/2025,12:55:41,10/7/2025,12:58:08,long,25038.5,25021.06,STOP,-17.4381,-352.76,0,17.43815,6.55,26.157225,-0.10662499999998545,0.10662499999998545,-0.08474999999998545,0.08474999999998545,1.8239361909107608,26.30108368325996,27.0,MEDIUM
10/7/2025,13:10:44,10/7/2025,13:12:46,short,25056.0,25031.98,TARGET,24.021,476.42,1,16.013978,7.1,24.020967,-0.44249999999992723,0.44249999999992723,-0.3961250000000291,0.3961250000000291,-6.121210887973671,25.02228233006188,27.0,MEDIUM
10/7/2025,13:12:52,10/7/2025,13:13:58,long,25030.5,25045.75,REVERSAL,15.25,301.0,1,13.446378,5.825,20.169566,-0.22437499999978172,0.22437499999978172,-0.32006249999994907,0.32006249999994907,-3.9596225075436777,20.453961175748468,27.0,MEDIUM
10/7/2025,13:13:58,10/7/2025,13:15:21,short,25045.75,25057.39,STOP,-11.6414,-236.83,0,11.641395,6.7,17.462092,-0.32287500000020375,0.32287500000020375,-0.2931875000000218,0.2931875000000218,-4.101503511907421,18.07675632958385,27.0,MEDIUM
10/7/2025,13:15:21,10/7/2025,13:17:20,short,25057.0,25040.4,TARGET,16.6001,328.0,1,11.066721,6.475,16.600082,-0.2985000000000582,0.2985000000000582,-0.25656249999992725,0.25656249999992725,-4.245452918945809,16.625982543471117,27.0,MEDIUM
10/7/2025,13:17:20,10/7/2025,13:20:17,short,25040.0,25050.68,STOP,-10.6848,-217.7,0,10.684808,7.525,16.027212,-0.17512499999975262,0.17512499999975262,-0.22943749999994906,0.22943749999994906,-3.512109301799004,15.83015364062976,27.0,MEDIUM
10/7/2025,13:20:17,10/7/2025,13:23:28,short,25047.0,25057.25,STOP,-10.2453,-208.91,0,10.245285,7.0,15.367928,-0.09550000000017463,0.09550000000017463,-0.2055000000000291,0.2055000000000291,-1.9280024133277802,15.078590875160751,27.0,MEDIUM
10/7/2025,13:34:25,10/7/2025,13:37:32,long,25037.0,25025.53,STOP,-11.4666,-233.33,0,11.466609,6.425,17.199914,0.12937499999970897,0.12937499999970897,0.09025000000001455,0.09025000000001455,-0.4098682090251202,16.94505356376697,27.0,MEDIUM
10/7/2025,13:37:32,10/7/2025,13:45:59,long,25031.75,25047.57,TARGET,15.8219,312.44,1,10.54791,6.15,15.821865,0.08387500000026193,0.08387500000026193,0.10112500000013824,0.10112500000013824,-1.1482831704708616,16.021200778020127,27.0,MEDIUM
10/7/2025,13:47:10,10/7/2025,13:50:26,short,25052.25,25038.4,TARGET,13.855,273.1,1,9.23664,6.575,13.854961,0.02312499999970896,0.02312499999970896,0.07943749999994906,0.07943749999994906,-0.30860937281559586,13.239062142559447,27.0,MEDIUM
10/7/2025,13:50:26,10/7/2025,13:50:56,long,25034.0,25024.82,STOP,-9.1762,-187.52,0,9.176218,5.975,13.764326,0.10700000000033469,0.10700000000033469,0.07081250000010186,0.07081250000010186,0.05175222861672246,13.288644869410705,27.0,MEDIUM
10/7/2025,13:56:48,10/7/2025,13:58:50,long,25025.5,25013.95,STOP,-11.5468,-234.94,0,11.546834,6.125,17.320251,-0.3126250000001164,0.3126250000001164,-0.21506250000002183,0.21506250000002183,1.9366359140639364,16.73130009232799,27.0,MEDIUM
10/7/2025,14:12:06,10/7/2025,14:56:06,short,25036.0,25050.85,STOP,-14.8524,-301.05,0,14.852403,6.15,22.278604,-0.2288749999999709,0.2288749999999709,-0.3186875000001237,0.3186875000001237,-2.057544377564799,22.625138986274546,27.0,MEDIUM
10/7/2025,14:56:06,10/7/2025,15:10:10,short,25049.75,25035.1,TARGET,14.6452,288.9,1,9.763441,5.375,14.645161,0.4489999999997963,0.4489999999997963,0.35574999999989815,0.35574999999989815,-5.885132212345475,15.555647339318607,27.0,MEDIUM
10/7/2025,15:10:10,10/7/2025,15:19:00,long,25036.5,25046.71,TARGET,10.2092,200.18,1,6.806124,5.775,10.209185,0.007124999999723514,0.007124999999723514,0.14737499999991996,0.14737499999991996,-0.3273659308437935,9.748831519205932,27.0,MEDIUM
10/7/2025,15:19:00,10/7/2025,15:19:51,short,25045.75,25036.23,TARGET,9.5159,186.32,1,6.343924,5.625,9.515886,0.051124999999956344,0.051124999999956344,0.010812500000065483,0.010812500000065483,-0.9125840420149505,8.867181860271778,27.0,MEDIUM
10/7/2025,15:19:51,10/7/2025,15:35:39,long,25033.5,25043.09,TARGET,9.5934,187.87,1,6.395604,6.025,9.593406,0.07150000000001455,0.07150000000001455,0.01812499999996362,0.01812499999996362,-0.928170551314512,8.842513369751094,28.0,LOW
10/7/2025,15:36:11,10/7/2025,15:38:00,short,25043.25,25049.31,STOP,-6.0608,-125.22,0,6.060827,4.525,9.09124,0.03899999999994179,0.03899999999994179,0.013875000000007276,0.013875000000007276,-0.3795006743186171,8.480396851704365,28.0,LOW
10/7/2025,15:38:00,10/7/2025,15:41:29,short,25049.25,25055.44,STOP,-6.1939,-127.88,0,6.193857,3.9,9.290786,0.044750000000203724,0.044750000000203724,0.04025000000001455,0.04025000000001455,0.06647858301495901,8.627086996899237,28.0,LOW
10/8/2025,09:30:00,10/8/2025,09:31:02,short,25085.0,25099.07,STOP,-14.0688,-285.38,0,14.068776,6.6,21.103165,0.07587500000008732,0.07587500000008732,0.03318749999998545,0.03318749999998545,0.6127445306685573,21.21518906889223,28.0,LOW
10/8/2025,09:34:07,10/8/2025,09:40:00,short,25125.75,25149.53,STOP,-23.7751,-479.5,0,23.775091,5.7,35.662637,0.6918750000000727,0.6918750000000727,0.5255624999999782,0.5255624999999782,4.187459740937925,35.68882261612166,28.0,LOW
10/8/2025,09:44:08,10/8/2025,09:44:58,long,25117.5,25133.61,TARGET,16.1065,318.13,1,10.737678,6.05,16.106517,0.36912499999998544,0.36912499999998544,0.4359375,0.4359375,-6.47464235759875,16.73520590050006,28.0,LOW
10/8/2025,09:45:01,10/8/2025,09:45:59,short,25133.0,25142.17,STOP,-9.1745,-187.49,0,9.174496,5.55,13.761743,0.2527500000000146,0.2527500000000146,0.3452500000001237,0.3452500000001237,-5.08835409811951,14.130705305852654,28.0,LOW
10/8/2025,09:45:59,10/8/2025,09:47:18,short,25140.0,25148.52,STOP,-8.5179,-174.36,0,8.517882,4.975,12.776823,0.21949999999997089,0.21949999999997089,0.24874999999992725,0.24874999999992725,-2.1816785241247914,12.71197133622127,28.0,LOW
10/8/2025,10:18:51,10/8/2025,10:22:04,long,25206.0,25197.96,STOP,-8.0379,-164.76,0,8.037878,5.25,12.056816,0.25112499999995636,0.25112499999995636,0.2767499999999927,0.2767499999999927,-2.858824158163678,12.658380714152692,28.0,LOW
10/8/2025,10:24:09,10/8/2025,10:29:15,long,25199.5,25214.84,TARGET,15.3401,302.8,1,10.226748,5.175,15.340122,-0.1084999999999127,0.1084999999999127,-0.08112499999988358,0.08112499999988358,2.782762706529784,15.03126606606951,28.0,LOW
10/8/2025,10:29:30,10/8/2025,10:32:57,short,25214.5,25225.15,STOP,-10.6534,-217.07,0,10.653442,4.7,15.980162,-0.003750000000218279,0.003750000000218279,-0.04468749999996362,0.04468749999996362,-0.046574996550965864,15.813676295750604,28.0,LOW
10/8/2025,10:32:57,10/8/2025,10:35:10,short,25222.75,25207.97,TARGET,14.7813,291.63,1,9.854211,4.8,14.781317,-0.08174999999973806,0.08174999999973806,-0.035375000000021826,0.035375000000021826,-1.3223903575318623,14.661688636335333,28.0,LOW
10/8/2025,10:35:46,10/8/2025,10:37:43,long,25200.25,25214.27,TARGET,14.0234,276.47,1,9.348929,4.825,14.023394,-0.07525000000023283,0.07525000000023283,-0.07781250000007275,0.07781250000007275,-0.854578739008474,13.748421785618696,28.0,LOW
10/8/2025,10:38:02,10/8/2025,10:43:00,short,25212.0,25202.0,REVERSAL,10.0,196.0,1,9.328987,4.175,13.993481,-0.058250000000043656,0.058250000000043656,-0.06112499999999273,0.06112499999999273,-0.1153265042079692,13.742028165490465,28.0,LOW
10/8/2025,10:43:00,10/8/2025,10:46:42,long,25202.0,25193.05,STOP,-8.9465,-182.93,0,8.946502,5.05,13.419753,-0.05924999999988358,0.05924999999988358,-0.04212499999994179,0.04212499999994179,-0.5413383971138792,13.114190761270457,28.0,LOW
10/8/2025,10:46:42,10/8/2025,10:51:19,long,25190.0,25180.57,STOP,-9.4298,-192.6,0,9.429838,5.475,14.144757,-0.07200000000011642,0.07200000000011642,-0.08268750000006549,0.08268750000006549,0.3710988075945636,13.714398513829725,28.0,LOW
10/8/2025,11:01:00,10/8/2025,11:11:26,short,25201.25,25213.02,STOP,-11.7685,-239.37,0,11.768511,4.025,17.652766,-0.18187500000021828,0.18187500000021828,-0.27831249999999275,0.27831249999999275,-1.9632269548609642,17.441177419645914,28.0,LOW
10/8/2025,11:14:00,10/8/2025,11:24:40,short,25212.5,25224.88,STOP,-12.3779,-251.56,0,12.377872,4.1,18.566808,0.1835000000002765,0.1835000000002765,0.12831249999999272,0.12831249999999272,2.5683382088157316,17.915678444585126,28.0,LOW
10/8/2025,12:26:05,10/8/2025,12:31:04,long,25251.75,25243.99,STOP,-7.7644,-159.29,0,7.764437,3.875,11.646655,0.21425000000017463,0.21425000000017463,0.2673125000001164,0.2673125000001164,-2.0348895413299726,12.01839026452742,28.0,LOW
10/8/2025,12:33:26,10/8/2025,12:47:56,long,25248.5,25241.08,STOP,-7.4177,-152.35,0,7.417722,3.4,11.126583,-0.03649999999979627,0.03649999999979627,0.03293749999993452,0.03293749999993452,0.6644195974797196,10.866010521982526,28.0,LOW
10/8/2025,13:15:39,10/8/2025,13:18:35,short,25252.75,25259.0,STOP,-6.2486,-128.97,0,6.24865,3.625,9.372975,-0.2272499999999127,0.2272499999999127,-0.20812499999992723,0.20812499999992723,-3.6875322566445305,9.638695061192674,29.0,LOW
10/8/2025,13:19:35,10/8/2025,13:23:01,short,25253.5,25259.26,STOP,-5.7617,-119.23,0,5.761651,3.3,8.642476,-0.07687499999992724,0.07687499999992724,-0.1594375000000582,0.1594375000000582,-2.0234037621924763,8.403403329089915,29.0,LOW
10/8/2025,14:40:48,10/8/2025,14:49:35,long,25277.5,25269.94,STOP,-7.5596,-155.19,0,7.559637,4.55,11.339456,0.10299999999988359,0.10299999999988359,0.10237500000002911,0.10237500000002911,-0.48430609753716247,11.50250883528359,29.0,LOW
10/8/2025,14:51:57,10/8/2025,14:53:33,long,25277.25,25270.26,STOP,-6.9865,-143.73,0,6.98655,4.125,10.479824,-0.03400000000001455,0.03400000000001455,0.01625000000003638,0.01625000000003638,0.5441750828265111,10.338878109187112,29.0,LOW
10/8/2025,15:05:41,10/8/2025,15:13:53,short,25283.0,25291.01,STOP,-8.0086,-164.17,0,8.008559,3.125,12.012839,-0.11112499999981082,0.11112499999981082,-0.13268749999988358,0.13268749999988358,-0.6498282118146221,12.110941943679435,29.0,LOW
10/8/2025,15:13:53,10/8/2025,15:15:26,short,25292.0,25299.09,STOP,-7.0891,-145.78,0,7.089081,3.95,10.633621,-0.07999999999992724,0.07999999999992724,-0.08556249999983265,0.08556249999983265,-1.3214229232459669,10.549924600772679,29.0,LOW
10/9/2025,09:30:00,10/9/2025,09:30:02,short,25328.0,25318.55,TARGET,9.4482,184.96,1,6.298811,5.95,9.448217,0.25575000000026193,0.25575000000026193,0.1688750000001164,0.1688750000001164,-3.8533465208928064,9.412520371202582,29.0,LOW
10/9/2025,09:30:02,10/9/2025,09:30:08,long,25321.25,25314.97,STOP,-6.2765,-129.53,0,6.276481,5.9,9.414722,0.23875000000007277,0.23875000000007277,0.1898750000000291,0.1898750000000291,-3.645107737009237,8.975426322145836,29.0,LOW
10/9/2025,09:30:28,10/9/2025,09:30:32,long,25321.0,25314.51,STOP,-6.4931,-133.86,0,6.493066,7.025,9.739598,-0.09987499999988358,0.09987499999988358,0.07643750000006548,0.07643750000006548,0.43350776827488957,9.418771111759924,29.0,LOW
10/9/2025,09:31:01,10/9/2025,09:31:42,short,25331.5,25321.34,TARGET,10.1627,199.25,1,6.775137,8.025,10.162705,-0.10062499999985448,0.10062499999985448,-0.04556250000005093,0.04556250000005093,0.6630156215345551,9.814304804796762,29.0,LOW
10/9/2025,09:32:00,10/9/2025,09:32:03,long,25322.0,25315.8,STOP,-6.2029,-128.06,0,6.202872,6.975,9.304308,0.11574999999975262,0.11574999999975262,0.007562499999949068,0.007562499999949068,-0.966599700136836,8.847705104659926,29.0,LOW
10/9/2025,09:32:03,10/9/2025,09:33:06,long,25316.0,25309.75,STOP,-6.2516,-129.03,0,6.251629,7.375,9.377444,0.11925000000010186,0.11925000000010186,0.01687500000007276,0.01687500000007276,-0.93782885453885,8.843576530244642,29.0,LOW
10/9/2025,09:48:58,10/9/2025,09:51:25,short,25296.25,25312.73,STOP,-16.4831,-333.66,0,16.483092,5.425,24.724638,-0.26150000000016005,0.26150000000016005,-0.37925000000013825,0.37925000000013825,-1.5171524396197142,24.748370297330617,29.0,LOW
10/9/2025,09:51:45,10/9/2025,09:53:24,short,25296.5,25272.06,TARGET,24.4431,484.86,1,16.295379,6.475,24.443068,0.05625,0.05625,0.0012499999998908605,0.0012499999998908605,1.156707681112966,24.378975782727156,29.0,LOW
10/9/2025,09:53:24,10/9/2025,09:55:50,long,25268.0,25252.45,STOP,-15.5493,-314.99,0,15.549273,7.075,23.32391,-0.084375,0.084375,-0.08637500000004365,0.08637500000004365,-0.32445559523720746,23.208295624278573,29.0,LOW
10/9/2025,09:55:50,10/9/2025,09:56:56,long,25252.25,25275.85,TARGET,23.6032,468.06,1,15.735434,6.175,23.60315,0.016124999999738064,0.016124999999738064,-0.018812500000058206,0.018812500000058206,-0.19495935090427352,23.1802730097531,29.0,LOW
10/9/2025,09:58:24,10/9/2025,10:00:01,short,25293.0,25271.5,REVERSAL,21.5,426.0,1,15.70083,6.2,23.551245,0.14974999999976718,0.14974999999976718,0.0390625,0.0390625,-0.28607079995450846,23.814697986472474,29.0,LOW
10/9/2025,10:00:01,10/9/2025,10:07:24,long,25271.5,25287.25,REVERSAL,15.75,311.0,1,14.289667,7.2,21.4345,0.2446250000000873,0.2446250000000873,0.18225000000002184,0.18225000000002184,-2.392748477470249,21.63721410158268,29.0,LOW
10/9/2025,10:07:24,10/9/2025,10:08:21,short,25287.25,25271.24,TARGET,16.0105,316.21,1,10.673676,6.725,16.010515,-0.23400000000001456,0.23400000000001456,-0.22581250000002911,0.22581250000002911,-3.8094779726443306,16.778882302604003,29.0,LOW
10/9/2025,10:08:21,10/9/2025,10:15:46,long,25268.25,25259.65,STOP,-8.5958,-175.92,0,8.595811,6.225,12.893717,-0.24900000000016007,0.24900000000016007,-0.23387500000008005,0.23387500000008005,-5.897415842920722,13.032528550371605,29.0,LOW
10/9/2025,10:15:57,10/9/2025,10:21:13,long,25263.75,25255.28,STOP,-8.465,-173.3,0,8.465029,5.575,12.697544,0.010249999999723513,0.010249999999723513,-0.03068750000002183,0.03068750000002183,-0.03501710627289789,12.107247283379467,30.0,LOW
10/9/2025,10:23:39,10/9/2025,10:25:36,short,25272.75,25266.0,REVERSAL,6.75,131.0,1,8.792495,6.1,13.188743,-0.13137500000011643,0.13137500000011643,-0.23006249999998546,0.23006249999998546,0.6584606875479508,13.089494724888194,30.0,LOW
10/9/2025,10:25:36,10/9/2025,10:26:18,long,25266.0,25257.22,STOP,-8.7808,-179.62,0,8.780835,6.1,13.171253,0.029249999999956346,0.029249999999956346,-0.06075000000000728,0.06075000000000728,0.016932803428222343,13.11298909281009,30.0,LOW
10/9/2025,10:26:18,10/9/2025,10:29:22,long,25256.25,25247.53,STOP,-8.7235,-178.47,0,8.72351,6.2,13.085264,-0.006750000000101864,0.006750000000101864,-0.045812499999919966,0.045812499999919966,-0.0916309908156272,13.018023999725823,30.0,LOW
10/9/2025,10:49:15,10/9/2025,10:50:06,short,25226.5,25237.85,STOP,-11.3535,-231.07,0,11.353524,6.225,17.030286,-0.16775000000016008,0.16775000000016008,-0.2444375000000946,0.2444375000000946,-0.8129185530619552,17.374870319680262,30.0,LOW
10/9/2025,10:50:19,10/9/2025,10:52:25,short,25232.25,25242.47,STOP,-10.2214,-208.43,0,10.221447,4.675,15.33217,-0.07712499999979627,0.07712499999979627,-0.11906249999992724,0.11906249999992724,-2.061033946359693,15.191474415096202,30.0,LOW
10/9/2025,11:20:24,10/9/2025,11:21:46,long,25252.0,25244.42,STOP,-7.5765,-155.53,0,7.576452,5.3,11.364677,0.20424999999995636,0.20424999999995636,0.26918749999986175,0.26918749999986175,-2.150215703105234,11.478875113167907,30.0,LOW
10/9/2025,11:22:20,10/9/2025,11:23:32,long,25251.25,25244.53,STOP,-6.7194,-138.39,0,6.719436,5.7,10.079154,0.10574999999989813,0.10574999999989813,0.16462499999997818,0.16462499999997818,-2.1715801933704544,9.88216368467408,30.0,LOW
10/9/2025,11:46:53,10/9/2025,11:49:08,short,25231.0,25241.26,STOP,-10.261,-209.22,0,10.261012,5.875,15.391518,-0.32300000000032014,0.32300000000032014,-0.3876875000001746,0.3876875000001746,-4.044093293319037,15.924870107468237,30.0,LOW
10/9/2025,11:56:14,10/9/2025,12:20:22,short,25263.0,25252.25,REVERSAL,10.75,211.0,1,19.769074,4.3,29.653611,0.3931250000001455,0.3931250000001455,0.346875,0.346875,5.092025559207894,29.035699030542776,30.0,LOW
10/9/2025,12:20:22,10/9/2025,12:21:58,long,25252.25,25241.51,STOP,-10.7377,-218.75,0,10.737689,5.425,16.106534,0.434375,0.434375,0.46656249999996363,0.46656249999996363,-6.932126959490386,17.066622046129947,30.0,LOW
10/9/2025,12:24:17,10/9/2025,12:25:58,long,25254.5,25246.37,STOP,-8.1342,-166.68,0,8.134209,6.2,12.201313,0.046875,0.046875,0.19575000000004367,0.19575000000004367,-1.6814420997782147,12.276469981039837,30.0,LOW
10/9/2025,12:49:11,10/9/2025,12:53:06,short,25257.75,25239.96,TARGET,17.7936,351.87,1,11.862404,6.15,17.793605,-0.1641250000000582,0.1641250000000582,-0.2110624999999345,0.2110624999999345,-1.7081479927296357,17.832707736128533,30.0,LOW
10/9/2025,12:53:24,10/9/2025,12:54:53,long,25241.25,25230.68,STOP,-10.5674,-215.35,0,10.567441,5.9,15.851162,-0.14824999999982538,0.14824999999982538,-0.1507499999999709,0.1507499999999709,-1.964223507129038,15.705972011383771,30.0,LOW
10/9/2025,12:54:53,10/9/2025,12:57:37,long,25227.5,25216.25,STOP,-11.2451,-228.9,0,11.245072,6.575,16.867608,-0.15337500000023283,0.15337500000023283,-0.1360000000000582,0.1360000000000582,-1.2387694370318165,15.804758143547698,30.0,LOW
10/9/2025,13:20:37,10/9/2025,13:21:42,short,25211.25,25194.47,TARGET,16.7803,331.61,1,11.186882,6.45,16.780322,-0.10499999999992723,0.10499999999992723,-0.2585624999999709,0.2585624999999709,0.4106144162675083,16.40383597049839,30.0,LOW
10/9/2025,13:21:42,10/9/2025,13:26:22,long,25193.5,25182.23,STOP,-11.2716,-229.43,0,11.271618,6.175,16.907427,0.01787499999991269,0.01787499999991269,-0.1443750000000364,0.1443750000000364,0.18225727609062403,16.4779116754285,30.0,LOW
10/9/2025,13:26:42,10/9/2025,13:29:16,long,25184.25,25172.54,STOP,-11.7106,-238.21,0,11.710626,5.475,17.565938,-0.2085000000002765,0.2085000000002765,-0.11343750000014552,0.11343750000014552,0.43579600375018046,17.01836574876482,30.0,LOW
10/9/2025,13:37:37,10/9/2025,13:40:01,short,25194.0,25205.92,STOP,-11.9157,-242.31,0,11.915688,6.0,17.873532,-0.3084999999999127,0.3084999999999127,-0.3736875000000509,0.3736875000000509,-0.7691429730481687,17.57276784647809,30.0,LOW
10/9/2025,13:41:48,10/9/2025,13:50:23,short,25201.75,25214.77,STOP,-13.0217,-264.43,0,13.021715,5.6,19.532573,0.09949999999989814,0.09949999999989814,-0.02975000000005821,0.02975000000005821,1.8184904235759376,19.05296249964792,30.0,LOW
10/9/2025,14:06:34,10/9/2025,14:10:02,long,25184.0,25205.64,TARGET,21.6375,428.75,1,14.424998,6.3,21.637497,0.268999999999869,0.268999999999869,0.28468749999992726,0.28468749999992726,-1.9739594817785893,22.214419569846466,31.0,MEDIUM
10/9/2025,14:11:51,10/9/2025,14:16:42,short,25209.75,25222.47,STOP,-12.7246,-258.49,0,12.724607,6.0,19.08691,0.1733749999999418,0.1733749999999418,0.20387499999997089,0.20387499999997089,-1.6796285854520043,19.33753929977193,31.0,MEDIUM
10/9/2025,14:21:12,10/9/2025,14:21:45,short,25213.25,25222.99,STOP,-9.741,-198.82,0,9.740989,5.05,14.611484,0.32875000000021826,0.32875000000021826,0.38337499999997815,0.38337499999997815,1.5068893127972363,14.456488399553539,31.0,MEDIUM
10/10/2025,09:30:09,10/10/2025,09:30:38,long,25300.25,25317.23,TARGET,16.9797,335.59,1,11.319767,5.85,16.97965,0.2826249999998254,0.2826249999998254,0.3420000000000073,0.3420000000000073,-3.323165125257365,17.23243877071748,31.0,MEDIUM
10/10/2025,09:30:48,10/10/2025,09:31:01,short,25317.75,25327.74,STOP,-9.9912,-203.82,0,9.991225,5.75,14.986837,0.1305000000000291,0.1305000000000291,0.19731250000004366,0.19731250000004366,-2.1886512483836214,14.69542291015307,31.0,MEDIUM
10/10/2025,09:32:45,10/10/2025,09:37:17,short,25335.0,25349.65,STOP,-14.6465,-296.93,0,14.646502,5.3,21.969753,0.1547500000000582,0.1547500000000582,0.16924999999991996,0.16924999999991996,3.354434796721815,21.795379774284058,31.0,MEDIUM
10/10/2025,09:49:47,10/10/2025,09:50:48,long,25350.25,25337.81,STOP,-12.4424,-252.85,0,12.442378,6.35,18.663567,0.41212500000001456,0.41212500000001456,0.46618749999997816,0.46618749999997816,-5.665305910431691,19.209581236646336,31.0,MEDIUM
10/10/2025,09:52:22,10/10/2025,09:54:46,long,25345.5,25329.56,STOP,-15.9437,-322.87,0,15.943718,6.15,23.915577,-0.3474999999998545,0.3474999999998545,-0.21743750000005094,0.21743750000005094,5.558605581568308,23.721250166105904,31.0,MEDIUM
10/10/2025,10:00:03,10/10/2025,10:01:08,short,25365.5,25338.84,TARGET,26.6621,529.24,1,17.77474,7.35,26.662109,-0.0875,0.0875,-0.1242500000000291,0.1242500000000291,-0.7293334039344863,26.97534773799009,31.0,MEDIUM
10/10/2025,10:01:08,10/10/2025,10:01:31,long,25338.0,25321.66,STOP,-16.345,-330.9,0,16.34495,7.675,24.517425,-0.18650000000016007,0.18650000000016007,-0.13374999999996362,0.13374999999996362,-2.3167977226407217,25.096468067245894,31.0,MEDIUM
10/10/2025,10:01:43,10/10/2025,10:02:55,long,25321.0,25344.02,TARGET,23.017,456.34,1,15.344684,8.125,23.017026,-0.5354999999999563,0.5354999999999563,-0.3610000000000582,0.3610000000000582,-1.757125810987592,23.339342256258302,31.0,MEDIUM
10/10/2025,10:03:26,10/10/2025,10:07:39,long,25332.5,25350.67,TARGET,18.1657,359.31,1,12.11049,6.675,18.165735,-0.38699999999989815,0.38699999999989815,-0.4853124999999636,0.4853124999999636,-4.206122099378362,17.775734683843893,31.0,MEDIUM
10/10/2025,10:07:39,10/10/2025,10:13:22,short,25351.5,25333.28,TARGET,18.2167,360.33,1,12.14448,7.4,18.21672,-0.07062499999992725,0.07062499999992725,-0.13787499999998545,0.13787499999998545,0.09757818355199888,17.51083917408341,31.0,MEDIUM
10/10/2025,10:13:22,10/10/2025,10:16:05,long,25330.0,25317.74,STOP,-12.2613,-249.23,0,12.261347,7.9,18.39202,0.05875000000014552,0.05875000000014552,0.08618750000005093,0.08618750000005093,0.10680842486840447,17.60520688891384,31.0,MEDIUM
10/10/2025,10:18:07,10/10/2025,10:21:24,long,25320.5,25338.5,REVERSAL,18.0,356.0,1,14.174505,6.4,21.261758,-0.5229999999999564,0.5229999999999564,-0.4180000000000291,0.4180000000000291,0.4612588284858994,21.309494255015935,31.0,MEDIUM
10/10/2025,10:21:24,10/10/2025,10:25:30,short,25338.5,25351.48,STOP,-12.9849,-263.7,0,12.984919,5.9,19.477378,0.036999999999898135,0.036999999999898135,-0.18931250000005093,0.18931250000005093,-0.31052458525129367,19.003574255095913,31.0,MEDIUM
10/10/2025,10:25:30,10/10/2025,10:29:06,short,25350.5,25330.39,TARGET,20.111,398.22,1,13.40735,5.3,20.111024,0.02525000000023283,0.02525000000023283,0.06499999999996361,0.06499999999996361,0.28222911426416886,19.329063119021384,31.0,MEDIUM
10/10/2025,10:30:24,10/10/2025,10:36:34,short,25344.0,25323.97,TARGET,20.0332,396.66,1,13.355485,6.325,20.033227,-0.09837499999994179,0.09837499999994179,0.006437500000174623,0.006437500000174623,-1.1177061831314248,19.717246555754073,31.0,MEDIUM
10/10/2025,10:36:38,10/10/2025,10:37:26,long,25322.25,25341.31,TARGET,19.0558,377.12,1,12.703888,6.15,19.055832,-0.017625000000043654,0.017625000000043654,-0.03999999999996362,0.03999999999996362,-0.36889082926194305,18.638686531101005,31.0,MEDIUM
10/10/2025,10:37:26,10/10/2025,10:40:28,short,25341.75,25322.66,TARGET,19.0928,377.86,1,12.728511,5.85,19.092767,-0.011250000000291038,0.011250000000291038,-0.034812500000043656,0.034812500000043656,0.18242275496180582,18.771674119298748,31.0,MEDIUM
10/10/2025,10:40:28,10/10/2025,10:44:14,long,25323.75,25340.22,TARGET,16.4657,325.31,1,10.977138,5.775,16.465708,0.22224999999998546,0.22224999999998546,0.1054999999998472,0.1054999999998472,-2.181701301273872,16.589972818024876,32.0,MEDIUM
10/10/2025,10:45:25,10/10/2025,10:48:00,short,25343.5,25351.65,STOP,-8.1533,-167.07,0,8.153259,5.5,12.229888,0.10062499999985448,0.10062499999985448,0.11781250000003637,0.11781250000003637,-1.28482531775839,12.020208331312212,32.0,MEDIUM
10/10/2025,10:48:56,10/10/2025,10:52:46,short,25349.5,25335.69,TARGET,13.8109,272.22,1,9.207266,4.35,13.810899,0.12574999999997089,0.12574999999997089,0.12531249999992725,0.12531249999992725,1.373132013793139,13.499194523634324,32.0,MEDIUM
10/10/2025,10:53:34,10/10/2025,10:55:06,long,25333.0,25345.0,REVERSAL,12.0,236.0,1,9.139358,5.575,13.709037,-0.05062499999985448,0.05062499999985448,0.048500000000058205,0.048500000000058205,-0.3777143404287244,13.722452257836352,32.0,MEDIUM
10/10/2025,10:55:06,10/10/2025,10:57:53,short,25345.0,25331.62,TARGET,13.3813,263.63,1,8.92089,5.325,13.381335,-0.10137499999982538,0.10137499999982538,-0.019249999999919963,0.019249999999919963,-0.7922343773854834,13.233520517506943,32.0,MEDIUM
10/10/2025,10:57:53,10/10/2025,10:57:53,long,25330.0,25321.08,STOP,-8.9226,-182.45,0,8.922603,6.55,13.383905,-0.035124999999970895,0.035124999999970895,-0.050374999999985445,0.050374999999985445,-0.44181984579515365,13.217218639119418,32.0,MEDIUM
10/10/2025,10:58:25,10/10/2025,10:59:02,long,25225.5,25177.07,STOP,-48.4258,-972.52,0,48.425815,15.825,72.638722,-1.1737499999999272,1.1737499999999272,-1.019312499999978,1.019312499999978,19.292936254521322,71.53127482210684,32.0,MEDIUM
10/10/2025,11:05:44,10/10/2025,11:06:46,short,25064.25,25090.51,STOP,-26.2648,-529.3,0,26.264786,16.975,39.397179,-0.6082500000000437,0.6082500000000437,-0.7769374999999854,0.7769374999999854,-4.621977046784259,40.54099268983709,32.0,MEDIUM
10/10/2025,11:06:52,10/10/2025,11:07:04,short,25080.0,25044.85,TARGET,35.1514,699.03,1,23.434262,17.275,35.151392,-0.06762500000004365,0.06762500000004365,-0.20256250000002182,0.20256250000002182,-0.7270760832184777,34.55308308441476,32.0,MEDIUM
10/10/2025,11:07:04,10/10/2025,11:07:18,short,25051.0,25027.0,REVERSAL,24.0,476.0,1,23.05132,17.275,34.57698,-0.02375000000029104,0.02375000000029104,-0.13325000000004367,0.13325000000004367,-0.3822033454966487,34.31241094643099,32.0,MEDIUM
10/10/2025,11:07:18,10/10/2025,11:08:56,long,25027.0,25004.2,STOP,-22.8044,-460.09,0,22.80441,15.225,34.206614,-0.10712499999972351,0.10712499999972351,-0.11612499999991996,0.11612499999991996,-0.5615040480443483,33.59439397163368,32.0,MEDIUM
10/10/2025,11:09:00,10/10/2025,11:09:19,long,25026.5,25003.29,STOP,-23.2127,-468.25,0,23.212742,16.8,34.819112,-0.12150000000001455,0.12150000000001455,-0.05437499999989086,0.05437499999989086,0.7352649305029644,34.376207419933934,32.0,MEDIUM
10/10/2025,11:10:26,10/10/2025,11:10:59,short,25050.25,25074.8,STOP,-24.5479,-494.96,0,24.54794,14.75,36.82191,-0.4132499999999709,0.4132499999999709,-0.5076250000000073,0.5076250000000073,0.2884264859555685,36.30205016394409,32.0,MEDIUM
10/10/2025,11:11:25,10/10/2025,11:12:17,short,25066.0,25025.31,TARGET,40.6896,809.79,1,27.126424,14.775,40.689637,0.5193749999998545,0.5193749999998545,0.37381249999998545,0.37381249999998545,3.960092324311006,39.76108385444376,32.0,MEDIUM
10/10/2025,11:13:20,10/10/2025,11:13:44,short,25062.25,25089.03,STOP,-26.7754,-539.51,0,26.775358,13.5,40.163038,-0.18099999999976718,0.18099999999976718,-0.025374999999985447,0.025374999999985447,-1.0083008118747685,39.56206013063623,32.0,MEDIUM
10/10/2025,11:13:57,10/10/2025,11:16:19,short,25073.75,25034.76,TARGET,38.9857,775.71,1,25.990485,14.05,38.985728,-0.06450000000004366,0.06450000000004366,-0.1389375000000655,0.1389375000000655,-0.9136045734524458,38.853271983526774,32.0,MEDIUM
10/10/2025,11:16:29,10/10/2025,11:17:48,long,25022.5,24995.61,STOP,-26.8888,-541.78,0,26.888812,16.6,40.333218,0.22712499999979627,0.22712499999979627,0.22549999999991996,0.22549999999991996,0.3111971220576635,40.09210791030043,32.0,MEDIUM
10/10/2025,11:17:54,10/10/2025,11:18:17,long,24998.25,24970.18,STOP,-28.0694,-565.39,0,28.069381,12.525,42.104072,-0.07387500000004366,0.07387500000004366,0.00968749999992724,0.00968749999992724,1.1533838785033979,41.16686953402707,32.0,MEDIUM
10/10/2025,11:27:24,10/10/2025,11:28:51,short,24877.25,24838.94,TARGET,38.3109,762.22,1,25.540616,15.025,38.310924,-0.7122499999997671,0.7122499999997671,-0.9473749999999199,0.9473749999999199,-8.894773284712208,38.39307813295264,32.0,MEDIUM
10/10/2025,11:28:51,10/10/2025,11:30:02,long,24832.25,24807.36,STOP,-24.8907,-501.81,0,24.890664,11.6,37.335996,-0.06437500000029103,0.06437500000029103,-0.05187500000010914,0.05187500000010914,-0.746350796975257,36.662625099763396,32.0,MEDIUM
10/10/2025,11:30:02,10/10/2025,11:30:13,long,24803.75,24779.96,STOP,-23.7855,-479.71,0,23.785454,12.225,35.678181,-0.5179999999996653,0.5179999999996653,-0.45437499999989084,0.45437499999989084,-2.0818750071156913,34.68170913509913,33.0,MEDIUM
10/10/2025,11:35:17,10/10/2025,11:40:00,short,24760.5,24713.3,TARGET,47.1996,939.99,1,31.466396,13.125,47.199594,-0.953125,0.953125,-1.2010624999998982,1.2010624999998982,-13.164448440333125,48.28279458881667,33.0,MEDIUM
10/10/2025,11:40:00,10/10/2025,11:42:22,long,24711.75,24753.88,TARGET,42.1338,838.68,1,28.08923,15.35,42.133844,0.3296250000003056,0.3296250000003056,0.2406875000000582,0.2406875000000582,-2.983237516589213,41.53082799268707,33.0,MEDIUM
10/10/2025,11:42:29,10/10/2025,11:43:04,short,24768.75,24793.64,STOP,-24.8912,-501.82,0,24.891169,13.575,37.336754,0.30962500000023285,0.30962500000023285,0.24518750000006548,0.24518750000006548,-3.613707860505727,36.96133883725473,33.0,MEDIUM
10/10/2025,11:43:13,10/10/2025,11:44:16,short,24785.0,24812.58,STOP,-27.5758,-555.52,0,27.575819,13.05,41.363729,0.23325000000004364,0.23325000000004364,0.2452499999999418,0.2452499999999418,3.2605942194423037,40.42976422112104,33.0,MEDIUM
10/10/2025,11:54:11,10/10/2025,11:54:37,long,24840.75,24871.49,TARGET,30.7351,610.7,1,20.490097,13.525,30.735145,-0.08774999999986903,0.08774999999986903,-0.05412500000002183,0.05412500000002183,-1.2198974684042199,29.94731851131609,33.0,MEDIUM
10/10/2025,11:54:37,10/10/2025,11:55:02,short,24882.0,24851.33,TARGET,30.6748,609.5,1,20.449859,13.65,30.674788,-0.08712500000001455,0.08712500000001455,-0.08556250000001456,0.08556250000001456,-0.3202771011433363,30.028990437582642,33.0,MEDIUM
10/10/2025,11:55:08,10/10/2025,11:56:11,long,24831.25,24811.73,STOP,-19.5214,-394.43,0,19.521402,14.325,29.282102,-0.14349999999976717,0.14349999999976717,-0.11662500000002182,0.11662500000002182,-1.3338416038636751,28.616511438827942,33.0,MEDIUM
10/10/2025,11:58:23,10/10/2025,12:03:00,long,24800.0,24766.78,STOP,-33.2154,-668.31,0,33.215433,11.7,49.823149,-0.578125,0.578125,-0.4263124999999491,0.4263124999999491,9.488492946714274,49.1032487160298,33.0,MEDIUM
10/10/2025,12:05:22,10/10/2025,12:06:04,short,24799.25,24788.75,REVERSAL,10.5,206.0,1,19.938615,15.325,29.907922,-0.7941249999999854,0.7941249999999854,-0.8721874999999273,0.8721874999999273,-8.888709872838142,29.34867752683465,33.0,MEDIUM
10/10/2025,12:06:04,10/10/2025,12:06:40,long,24788.75,24770.63,STOP,-18.1208,-366.42,0,18.120765,14.75,27.181147,-0.3271250000001601,0.3271250000001601,-0.6218124999999418,0.6218124999999418,-6.252456523624602,26.33442451391182,33.0,MEDIUM
10/10/2025,12:06:40,10/10/2025,12:07:35,long,24766.25,24792.87,TARGET,26.6184,528.37,1,17.745611,14.25,26.618417,-0.28162499999998547,0.28162499999998547,-0.48412499999994907,0.48412499999994907,-3.5391751907499938,24.671075096978058,33.0,MEDIUM
10/10/2025,12:07:54,10/10/2025,12:08:26,long,24795.75,24809.25,REVERSAL,13.5,266.0,1,18.427119,13.125,27.640679,-0.23037499999991268,0.23037499999991268,-0.2611249999999927,0.2611249999999927,1.6946982231124323,26.351136616623997,33.0,MEDIUM
10/10/2025,12:08:26,10/10/2025,12:10:15,short,24809.25,24781.43,TARGET,27.8242,552.48,1,18.549478,13.675,27.824216,-0.15799999999981082,0.15799999999981082,-0.23818749999991268,0.23818749999991268,0.8208041702916731,26.245082068959704,33.0,MEDIUM
10/10/2025,12:10:15,10/10/2025,12:11:10,long,24775.75,24757.61,STOP,-18.1369,-366.74,0,18.136892,14.2,27.205338,0.10612500000024738,0.10612500000024738,0.024500000000080034,0.024500000000080034,-0.23055158915785867,26.176668344494765,33.0,MEDIUM
10/10/2025,12:11:15,10/10/2025,12:11:29,long,24766.0,24791.08,TARGET,25.0841,497.68,1,16.722741,9.65,25.084112,-0.4708750000001601,0.4708750000001601,-0.15181250000005092,0.15181250000005092,-2.633565839868485,23.628572595363774,33.0,MEDIUM
10/10/2025,12:11:33,10/10/2025,12:11:56,short,24799.0,24815.05,STOP,-16.0523,-325.05,0,16.052325,10.4,24.078488,-0.5232499999998254,0.5232499999998254,-0.23387499999989814,0.23387499999989814,-2.6880135561591487,23.274227595521047,33.0,MEDIUM
10/10/2025,12:12:27,10/10/2025,12:12:42,short,24794.0,24810.28,STOP,-16.2823,-329.65,0,16.282299,12.0,24.423449,-0.01900000000023283,0.01900000000023283,-0.2711250000000291,0.2711250000000291,-0.4827074233342188,22.79152017218683,33.0,MEDIUM
10/10/2025,12:16:38,10/10/2025,12:18:04,long,24776.75,24758.72,STOP,-18.0266,-364.53,0,18.026556,12.95,27.039834,0.2953749999996944,0.2953749999996944,0.2639374999998836,0.2639374999998836,-0.38643946425555953,26.107275694115543,33.0,MEDIUM
10/10/2025,12:18:23,10/10/2025,12:19:05,long,24768.25,24749.99,STOP,-18.2642,-369.28,0,18.264169,11.55,27.396253,-0.05699999999997089,0.05699999999997089,0.09962500000001455,0.09962500000001455,0.45110398978086863,26.04525748017562,33.0,MEDIUM
10/10/2025,12:23:02,10/10/2025,12:23:21,short,24809.25,24829.4,STOP,-20.1466,-406.93,0,20.146635,11.85,30.219952,-0.12250000000021828,0.12250000000021828,-0.11731250000011642,0.11731250000011642,-0.41874471304930694,29.390560380628493,34.0,MEDIUM
10/10/2025,12:24:13,10/10/2025,12:25:00,short,24835.25,24798.7,TARGET,36.554,727.08,1,24.369311,9.15,36.553967,0.5292499999999564,0.5292499999999564,0.21781250000003638,0.21781250000003638,6.414681256585773,35.992252318824576,34.0,MEDIUM
10/10/2025,12:25:38,10/10/2025,12:29:14,short,24815.75,24779.01,TARGET,36.7417,730.83,1,24.494466,12.375,36.741699,0.37612499999995636,0.37612499999995636,0.42599999999983995,0.42599999999983995,0.5709818724590576,36.360469367990916,34.0,MEDIUM
10/10/2025,12:30:22,10/10/2025,12:32:09,short,24806.5,24830.08,STOP,-23.5772,-475.54,0,23.577202,10.675,35.365804,-0.23162499999998545,0.23162499999998545,-0.1039375000000291,0.1039375000000291,-1.220073023594125,35.434993904782594,34.0,MEDIUM
10/10/2025,12:32:09,10/10/2025,12:34:08,short,24830.0,24793.23,TARGET,36.7671,731.34,1,24.511373,10.475,36.767059,0.08162499999998545,0.08162499999998545,-0.07299999999995635,0.07299999999995635,0.719826971283581,35.93684975289207,34.0,MEDIUM
10/10/2025,12:34:17,10/10/2025,12:35:12,long,24784.5,24761.5,STOP,-22.9986,-463.97,0,22.998633,11.8,34.497949,0.428125,0.428125,0.33237499999995634,0.33237499999995634,-1.8990512295754485,34.862854073657644,34.0,MEDIUM
10/10/2025,12:35:30,10/10/2025,12:36:25,long,24766.5,24800.65,TARGET,34.1455,678.91,1,22.763635,9.025,34.145453,-0.019499999999970895,0.019499999999970895,0.17243749999997818,0.17243749999997818,0.16904464700417066,33.79678675784075,34.0,MEDIUM
10/10/2025,12:37:30,10/10/2025,12:38:06,long,24786.5,24766.27,STOP,-20.2278,-408.56,0,20.227777,9.625,30.341666,0.22849999999998544,0.22849999999998544,0.0773750000000291,0.0773750000000291,-3.803809368534832,29.955543297890355,34.0,MEDIUM
10/10/2025,12:38:34,10/10/2025,12:42:48,long,24776.5,24755.0,STOP,-21.4954,-433.91,0,21.495436,9.525,32.243154,-0.08525000000008731,0.08525000000008731,0.04881249999998545,0.04881249999998545,1.139772241827199,31.59291154782446,34.0,MEDIUM
10/10/2025,13:11:50,10/10/2025,13:13:47,short,24662.75,24626.24,TARGET,36.5068,726.14,1,24.337853,10.8,36.50678,-0.4202499999999418,0.4202499999999418,-0.54793750000008,0.54793750000008,-0.6306325648548778,36.93959765447076,34.0,MEDIUM
10/10/2025,13:13:47,10/10/2025,13:15:34,long,24621.75,24651.05,TARGET,29.301,582.02,1,19.533968,11.05,29.300952,-0.36674999999995633,0.36674999999995633,-0.34012500000008006,0.34012500000008006,-5.903089225745628,30.74197374035108,34.0,MEDIUM
10/10/2025,13:15:34,10/10/2025,13:17:33,short,24651.75,24668.46,STOP,-16.708,-338.16,0,16.707957,11.475,25.061935,-0.3555000000000291,0.3555000000000291,-0.4516875000001164,0.4516875000001164,-2.696663184674591,25.021162858583104,34.0,MEDIUM
10/10/2025,13:18:43,10/10/2025,13:20:42,short,24649.0,24622.87,TARGET,26.1281,518.56,1,17.4187,9.375,26.12805,0.06987499999995635,0.06987499999995635,-0.005812499999956344,0.005812499999956344,1.36465689612697,25.82784702030686,34.0,MEDIUM
10/10/2025,13:20:42,10/10/2025,13:21:32,long,24623.75,24650.09,TARGET,26.3371,522.74,1,17.558071,9.6,26.337107,0.12162500000013096,0.12162500000013096,0.09150000000008732,0.09150000000008732,0.21708462513415938,26.179025476222346,34.0,MEDIUM
10/10/2025,13:21:32,10/10/2025,13:22:17,short,24650.0,24667.5,STOP,-17.5037,-354.07,0,17.503704,10.45,26.255556,0.10237500000002911,0.10237500000002911,0.11574999999993452,0.11574999999993452,-0.38000450032186706,25.95821435769158,34.0,MEDIUM
10/10/2025,13:24:27,10/10/2025,13:27:05,short,24668.5,24689.81,STOP,-21.3102,-430.2,0,21.310241,8.4,31.965361,0.5721250000002328,0.5721250000002328,0.3938125000000582,0.3938125000000582,4.627369469452628,31.366800538342897,34.0,MEDIUM
10/10/2025,13:44:52,10/10/2025,13:46:17,long,24707.25,24693.73,STOP,-13.5176,-274.35,0,13.517558,9.65,20.276337,0.37825000000011644,0.37825000000011644,0.49231249999993454,0.49231249999993454,-6.19305265183203,19.949852270488115,34.0,MEDIUM
10/10/2025,13:47:25,10/10/2025,13:52:22,long,24686.25,24665.21,STOP,-21.0437,-424.87,0,21.043741,8.5,31.565611,-0.3813749999997526,0.3813749999997526,-0.23081249999995634,0.23081249999995634,9.229712188130364,31.025355920966923,34.0,MEDIUM
10/10/2025,14:11:00,10/10/2025,14:11:13,short,24669.75,24659.75,REVERSAL,10.0,196.0,1,15.207839,11.375,22.811759,-0.23999999999978172,0.23999999999978172,-0.15493749999986903,0.15493749999986903,-2.4534740427459916,23.048674036626874,34.0,MEDIUM
10/10/2025,14:11:13,10/10/2025,14:13:51,long,24659.75,24679.5,REVERSAL,19.75,391.0,1,14.86225,11.875,22.293375,-0.2694999999999709,0.2694999999999709,-0.16156250000003639,0.16156250000003639,-3.1479015572533875,22.337031265504205,34.0,MEDIUM
10/10/2025,14:13:51,10/10/2025,14:14:36,short,24679.5,24691.28,STOP,-11.779,-239.58,0,11.779038,10.875,17.668556,-0.3655000000002474,0.3655000000002474,-0.29025000000001455,0.29025000000001455,-5.793525065692748,17.802420509207085,35.0,LOW
10/10/2025,14:17:46,10/10/2025,14:18:36,short,24682.25,24661.25,TARGET,20.998,415.96,1,13.998683,9.3,20.998024,0.15062500000021828,0.15062500000021828,-0.05499999999992724,0.05499999999992724,3.752064223235319,20.39935139878582,35.0,LOW
10/10/2025,14:18:36,10/10/2025,14:19:58,long,24660.25,24681.26,TARGET,21.0149,416.3,1,14.009942,10.6,21.014913,0.13087500000001456,0.13087500000001456,0.029249999999956346,0.029249999999956346,2.8385951210086944,20.58513159065679,35.0,LOW
10/10/2025,14:19:58,10/10/2025,14:20:44,short,24690.75,24704.83,STOP,-14.0767,-285.53,0,14.076687,12.275,21.115031,0.030500000000029105,0.030500000000029105,0.08175000000010187,0.08175000000010187,0.4814430123404243,20.585513523749977,35.0,LOW
10/10/2025,14:21:45,10/10/2025,14:22:25,short,24692.25,24708.86,STOP,-16.6086,-336.17,0,16.608639,10.775,24.912958,0.2978749999998399,0.2978749999998399,0.1641874999999345,0.1641874999999345,3.8944303743647204,24.479943898114698,35.0,LOW
10/10/2025,14:29:30,10/10/2025,14:34:35,long,24669.5,24650.08,STOP,-19.4169,-392.34,0,19.416864,9.15,29.125296,0.4013749999998254,0.4013749999998254,0.34937499999996363,0.34937499999996363,-1.0802813765702481,29.22798919028748,35.0,LOW
10/10/2025,14:37:09,10/10/2025,14:44:37,long,24651.75,24632.56,STOP,-19.194,-387.88,0,19.193953,9.4,28.790929,-0.1446249999997235,0.1446249999997235,-0.012937499999861757,0.012937499999861757,2.3993167360161536,27.873798393968237,35.0,LOW
10/10/2025,15:00:41,10/10/2025,15:02:37,short,24632.0,24596.08,TARGET,35.9231,714.46,1,23.948721,8.525,35.923082,-0.464375000000291,0.464375000000291,-0.6030000000000655,0.6030000000000655,-4.167523290721455,36.475626989231564,35.0,LOW
10/10/2025,15:04:35,10/10/2025,15:09:18,short,24622.25,24595.48,TARGET,26.7651,531.3,1,17.84337,10.125,26.765055,-0.27562499999985446,0.27562499999985446,-0.30718749999996364,0.30718749999996364,-3.854428571544087,27.968695668854608,35.0,LOW
10/10/2025,15:09:37,10/10/2025,15:11:45,long,24593.25,24578.98,STOP,-14.2737,-289.47,0,14.273729,8.75,21.410594,-0.11462500000016007,0.11462500000016007,-0.2123125000000073,0.2123125000000073,-1.7437831766192353,21.159964607561175,35.0,LOW
10/10/2025,15:13:03,10/10/2025,15:22:04,long,24574.75,24556.85,STOP,-17.8992,-361.98,0,17.899212,6.95,26.848817,-0.42874999999985447,0.42874999999985447,-0.3006874999999127,0.3006874999999127,5.056058963888624,26.069056850378182,35.0,LOW
10/10/2025,15:41:58,10/10/2025,15:44:47,short,24511.75,24538.43,STOP,-26.6764,-537.53,0,26.676387,8.4,40.01458,-0.5313750000001164,0.5313750000001164,-0.6447500000000218,0.6447500000000218,-6.389626147235397,40.627990239964454,35.0,LOW
10/10/2025,15:44:50,10/10/2025,15:50:11,short,24538.5,24502.05,TARGET,36.4492,724.98,1,24.299457,7.725,36.449185,-0.1194999999999709,0.1194999999999709,-0.16506250000002182,0.16506250000002182,-1.8893979496963595,36.505271656269,35.0,LOW
10/13/2025,09:30:00,10/13/2025,09:30:07,long,24826.5,24804.51,STOP,-21.994,-443.88,0,21.993989,7.575,32.990984,0.08337499999979628,0.08337499999979628,0.14899999999997818,0.14899999999997818,-0.892788980293652,33.426409328141176,35.0,LOW
10/13/2025,09:30:17,10/13/2025,09:33:05,long,24822.0,24803.34,STOP,-18.6551,-377.1,0,18.655076,9.125,27.982614,0.16574999999975262,0.16574999999975262,0.13562499999989086,0.13562499999989086,-5.0038987921577345,27.509038487822295,35.0,LOW
10/13/2025,09:41:00,10/13/2025,09:41:40,short,24771.75,24741.18,TARGET,30.5691,607.38,1,20.379414,9.175,30.569121,-0.7561249999998836,0.7561249999998836,-0.7558750000000145,0.7558750000000145,-11.414519631877589,31.83316796763004,35.0,LOW
10/13/2025,09:41:40,10/13/2025,09:42:32,long,24741.75,24767.46,TARGET,25.7134,510.27,1,17.14226,8.8,25.71339,-0.42299999999995636,0.42299999999995636,-0.6077499999999418,0.6077499999999418,-7.9996455526123675,26.024623606369882,35.0,LOW
10/13/2025,09:42:32,10/13/2025,09:42:57,short,24767.25,24780.95,STOP,-13.7014,-278.03,0,13.701437,9.125,20.552155,-0.4426250000000437,0.4426250000000437,-0.4444999999999709,0.4444999999999709,-5.234003604559437,21.252317648876843,35.0,LOW
10/13/2025,09:45:15,10/13/2025,09:47:35,short,24790.75,24815.96,STOP,-25.2071,-508.14,0,25.207084,9.575,37.810626,0.6545000000001892,0.6545000000001892,0.5685625000000073,0.5685625000000073,6.008805667394988,37.880826703148344,35.0,LOW
10/13/2025,10:12:23,10/13/2025,10:15:20,long,24883.5,24873.41,STOP,-10.0874,-205.75,0,10.087399,9.45,15.131099,0.38950000000004364,0.38950000000004364,0.4600000000000364,0.4600000000000364,-4.343522577700417,15.273210272265027,35.0,LOW
10/13/2025,10:15:28,10/13/2025,10:15:56,long,24887.25,24902.14,TARGET,14.8871,293.74,1,9.924741,8.3,14.887111,-0.018000000000029104,0.018000000000029104,0.049250000000029104,0.049250000000029104,0.10209754425697071,14.521251458601455,36.0,MEDIUM
10/13/2025,10:15:56,10/13/2025,10:16:59,short,24902.75,24887.86,TARGET,14.8883,293.77,1,9.92554,7.875,14.88831,-0.07250000000021828,0.07250000000021828,-0.014000000000123691,0.014000000000123691,0.2980514709354889,14.445242794044313,36.0,MEDIUM
10/13/2025,10:17:24,10/13/2025,10:19:45,long,24878.0,24868.18,STOP,-9.8219,-200.44,0,9.821851,9.9,14.732776,-0.06737499999981082,0.06737499999981082,-0.04268749999991996,0.04268749999991996,-0.25502215257335514,14.2662293060281,36.0,MEDIUM
10/13/2025,10:23:09,10/13/2025,10:32:37,long,24817.5,24844.5,REVERSAL,27.0,536.0,1,34.159726,7.725,51.239589,-0.9523750000000291,0.9523750000000291,-0.8795000000000073,0.8795000000000073,11.739984802419272,50.64185339899098,36.0,MEDIUM
10/13/2025,10:32:37,10/13/2025,10:35:08,short,24844.5,24866.2,STOP,-21.7,-438.0,0,21.69995,10.3,32.549926,-0.7042499999999563,0.7042499999999563,-0.7231249999998909,0.7231249999998909,-10.10345347804715,34.11930730651592,36.0,MEDIUM
10/13/2025,10:40:59,10/13/2025,10:45:00,short,24868.5,24828.04,TARGET,40.4589,805.18,1,26.972567,8.5,40.45885,0.7848749999997381,0.7848749999997381,0.6043125000000146,0.6043125000000146,3.9701445525806065,39.846545138475236,36.0,MEDIUM
10/13/2025,10:46:19,10/13/2025,10:50:02,long,24824.25,24799.37,STOP,-24.8777,-501.55,0,24.877708,10.2,37.316562,0.2796249999999418,0.2796249999999418,0.20062500000003639,0.20062500000003639,-2.6054495501581556,37.378613153154845,36.0,MEDIUM
10/13/2025,10:50:58,10/13/2025,10:52:12,long,24799.75,24772.97,STOP,-26.782,-539.64,0,26.781983,7.825,40.172974,-0.2586250000000291,0.2586250000000291,-0.13018749999991996,0.13018749999991996,4.785492718594718,39.24812333135013,36.0,MEDIUM
10/13/2025,11:07:01,10/13/2025,11:08:26,short,24762.75,24774.74,STOP,-11.9851,-243.7,0,11.985095,9.9,17.977642,-0.3186249999998836,0.3186249999998836,-0.4164375000000291,0.4164375000000291,-4.293582024274706,18.7298068470581,36.0,MEDIUM
10/13/2025,11:08:26,10/13/2025,11:08:55,short,24777.25,24788.47,STOP,-11.2218,-228.44,0,11.221777,9.95,16.832665,-0.31262499999975263,0.31262499999975263,-0.36831249999995636,0.36831249999995636,-5.109305181026723,16.452797510503853,36.0,MEDIUM
10/13/2025,11:42:08,10/13/2025,11:47:36,long,24861.75,24882.11,TARGET,20.3647,403.29,1,13.576435,7.0,20.364653,0.4432499999998981,0.4432499999998981,0.5966874999998254,0.5966874999998254,-7.339809234232639,21.719952067315845,36.0,MEDIUM
10/13/2025,11:47:36,10/13/2025,11:48:00,short,24883.5,24870.9,TARGET,12.6014,248.03,1,8.400966,7.1,12.601449,0.12712500000016008,0.12712500000016008,0.21062500000007275,0.21062500000007275,-2.6113291079606853,12.572784699634386,36.0,MEDIUM
10/13/2025,11:48:44,10/13/2025,11:49:33,long,24866.25,24879.12,TARGET,12.8711,253.42,1,8.580709,7.2,12.871064,0.09224999999969441,0.09224999999969441,0.11412499999987631,0.11412499999987631,-0.7406468845129037,12.625226580572466,36.0,MEDIUM
10/13/2025,11:49:59,10/13/2025,11:50:36,short,24884.75,24871.81,TARGET,12.9443,254.89,1,8.629528,6.95,12.944292,0.02125000000014552,0.02125000000014552,0.08062500000014552,0.08062500000014552,0.3019124880416264,12.694100261068055,36.0,MEDIUM
10/13/2025,11:50:36,10/13/2025,11:50:55,short,24873.25,24867.0,REVERSAL,6.25,121.0,1,8.604339,6.975,12.906509,-0.011375000000043656,0.011375000000043656,0.07299999999995635,0.07299999999995635,0.6360114837660689,12.770625042113569,36.0,MEDIUM
10/13/2025,11:50:55,10/13/2025,11:51:41,long,24867.0,24879.96,TARGET,12.9615,255.23,1,8.640987,7.35,12.96148,-0.01187500000014552,0.01187500000014552,0.06537499999994907,0.06537499999994907,0.5850551092258183,12.75521995040994,36.0,MEDIUM
10/13/2025,11:51:41,10/13/2025,11:57:09,short,24882.25,24890.9,STOP,-8.6487,-176.97,0,8.648662,7.525,12.972993,0.00025000000023283063,0.00025000000023283063,0.04624999999996362,0.04624999999996362,0.12606500576799817,12.751291586340464,36.0,MEDIUM
10/13/2025,12:00:43,10/13/2025,12:00:54,short,24883.25,24893.98,STOP,-10.7334,-218.67,0,10.733359,6.775,16.100039,0.20125000000007276,0.20125000000007276,0.14237499999999273,0.14237499999999273,2.5232531193906116,15.924181165168834,36.0,MEDIUM
10/13/2025,12:22:00,10/13/2025,12:22:04,long,24886.75,24874.08,STOP,-12.6663,-257.33,0,12.666299,7.075,18.999448,0.359624999999869,0.359624999999869,0.4180000000000291,0.4180000000000291,-3.1850698606078574,19.088580434556626,36.0,MEDIUM
10/13/2025,12:22:05,10/13/2025,12:23:42,long,24885.0,24899.0,REVERSAL,14.0,276.0,1,12.690385,9.45,19.035577,0.16775000000016008,0.16775000000016008,0.3409999999999854,0.3409999999999854,-1.64849702075049,19.052530560588302,36.0,MEDIUM
10/13/2025,12:23:42,10/13/2025,12:24:09,short,24899.0,24909.63,STOP,-10.6267,-216.53,0,10.626735,9.5,15.940103,0.15724999999983993,0.15724999999983993,0.1866249999999127,0.1866249999999127,-3.3647016266652567,15.55288758061664,37.0,LOW
10/13/2025,12:24:18,10/13/2025,12:27:32,short,24906.25,24917.09,STOP,-10.8427,-220.85,0,10.842745,11.1,16.264117,0.2982500000001892,0.2982500000001892,0.21356250000008004,0.21356250000008004,-0.08252606309987343,15.802302686269751,37.0,LOW
10/13/2025,12:41:03,10/13/2025,12:49:07,long,24893.25,24910.85,TARGET,17.5963,347.93,1,11.730851,5.425,17.596277,0.11837500000001455,0.11837500000001455,0.1944374999999127,0.1944374999999127,-1.0826843000823914,17.139944135011703,37.0,LOW
10/13/2025,12:49:07,10/13/2025,12:49:47,short,24912.5,24924.08,STOP,-11.5757,-235.51,0,11.575719,6.95,17.363579,-0.11774999999979627,0.11774999999979627,-0.08174999999991997,0.08174999999991997,-0.14088065920874726,16.910052408350296,37.0,LOW
10/13/2025,12:49:49,10/13/2025,12:51:37,short,24922.5,24934.72,STOP,-12.2244,-248.49,0,12.224417,7.85,18.336625,-0.01862500000024738,0.01862500000024738,-0.07337500000012369,0.07337500000012369,0.1096989954160641,17.115043564157855,37.0,LOW
10/13/2025,13:13:04,10/13/2025,13:41:16,long,24909.75,24890.0,STOP,-19.7493,-398.99,0,19.749255,6.1,29.623882,0.29324999999989815,0.29324999999989815,0.3023750000000291,0.3023750000000291,-1.66761315560397,30.269017551909695,37.0,LOW
10/13/2025,13:41:16,10/13/2025,13:53:32,long,24893.25,24910.0,REVERSAL,16.75,331.0,1,19.227404,6.925,28.841106,-0.5018749999999272,0.5018749999999272,-0.4324375000000146,0.4324375000000146,-1.4635734425534395,28.799028358016884,37.0,LOW
10/13/2025,13:53:32,10/13/2025,13:55:35,short,24910.0,24896.75,TARGET,13.2512,261.02,1,8.834122,6.1,13.251184,-0.4421249999999418,0.4421249999999418,-0.4953125,0.4953125,-8.473999254731945,13.418045653349795,37.0,LOW
10/13/2025,13:55:35,10/13/2025,13:57:32,long,24897.0,24909.47,TARGET,12.4732,245.46,1,8.315472,6.725,12.473207,-0.21899999999986902,0.21899999999986902,-0.35843749999985447,0.35843749999985447,-4.949161985278273,11.654452408680541,37.0,LOW
10/13/2025,13:57:32,10/13/2025,13:59:06,short,24915.0,24922.96,STOP,-7.9594,-163.19,0,7.959367,7.325,11.939051,-0.12200000000011642,0.12200000000011642,-0.26537499999994907,0.26537499999994907,-1.5380007024732407,11.295446570181003,37.0,LOW
10/13/2025,14:08:06,10/13/2025,14:17:00,short,24928.75,24941.3,STOP,-12.5523,-255.05,0,12.552336,5.55,18.828505,0.22974999999969442,0.22974999999969442,0.2046875,0.2046875,3.853523444761386,18.257160321020468,37.0,LOW
10/13/2025,14:42:10,10/13/2025,14:43:33,long,24920.5,24906.42,STOP,-14.0809,-285.62,0,14.080929,5.65,21.121394,0.3097499999999854,0.3097499999999854,0.38368750000008733,0.38368750000008733,-4.569019206458147,21.44059877477825,37.0,LOW
10/13/2025,14:44:31,10/13/2025,14:48:33,long,24920.75,24908.4,STOP,-12.3486,-250.97,0,12.348574,6.3,18.522861,0.10487499999981083,0.10487499999981083,0.2164999999999054,0.2164999999999054,-2.882756047345641,18.85997850778604,37.0,LOW
10/13/2025,15:16:20,10/13/2025,15:19:04,short,24920.0,24931.36,STOP,-11.3606,-231.21,0,11.360556,6.675,17.040833,-0.34174999999995637,0.34174999999995637,-0.38500000000003637,0.38500000000003637,-5.714344248926167,17.45023881797958,37.0,LOW
10/13/2025,15:25:41,10/13/2025,15:29:17,short,24934.25,24910.4,TARGET,23.8493,472.99,1,15.899515,4.975,23.849272,0.24812500000007276,0.24812500000007276,0.18643750000010187,0.18643750000010187,4.907047329859026,23.246013532854167,37.0,LOW
10/13/2025,15:39:46,10/13/2025,15:49:59,short,24930.0,24907.61,TARGET,22.3947,443.89,1,14.929832,5.55,22.394747,0.22099999999991268,0.22099999999991268,0.18237499999995635,0.18237499999995635,-1.1807673967594852,22.35634094368374,37.0,LOW
10/14/2025,09:30:00,10/14/2025,09:30:23,short,24635.5,24601.24,TARGET,34.2635,681.27,1,22.842304,8.25,34.263457,-0.08312499999992724,0.08312499999992724,-0.12137499999989813,0.12137499999989813,-1.0330847714987712,34.89262629911677,37.0,LOW
10/14/2025,09:30:23,10/14/2025,09:33:42,long,24598.25,24575.9,STOP,-22.3546,-451.09,0,22.3546,11.25,33.531899,-0.08162499999998545,0.08162499999998545,-0.08237499999995634,0.08237499999995634,-1.2710125794657614,33.62161371965101,37.0,LOW
10/14/2025,09:38:14,10/14/2025,09:43:19,long,24487.5,24445.3,STOP,-42.197,-847.94,0,42.197027,7.55,63.295541,-1.1881249999998544,1.1881249999998544,-1.1376249999999346,1.1376249999999346,5.415831397146526,62.9908812403166,37.0,LOW
10/14/2025,09:46:23,10/14/2025,09:52:25,short,24487.75,24513.9,STOP,-26.1539,-527.08,0,26.153916,7.575,39.230874,-0.4489999999997963,0.4489999999997963,-0.4851874999998472,0.4851874999998472,-6.352549084721133,39.7172104371635,37.0,LOW
10/14/2025,09:52:35,10/14/2025,09:53:23,short,24509.25,24531.66,STOP,-22.4083,-452.17,0,22.408318,11.475,33.612477,0.547374999999738,0.547374999999738,0.3421249999999418,0.3421249999999418,-1.8349633807324395,33.674927620075344,38.0,LOW
10/14/2025,10:47:56,10/14/2025,10:49:58,long,24700.0,24720.35,TARGET,20.3461,402.92,1,13.564084,7.25,20.346126,0.21525000000001454,0.21525000000001454,0.28306250000005095,0.28306250000005095,-0.4916599795066041,19.755130606024583,38.0,LOW
10/14/2025,10:50:18,10/14/2025,10:51:37,long,24709.5,24695.74,STOP,-13.7578,-279.16,0,13.757793,7.125,20.63669,-0.07874999999985448,0.07874999999985448,-0.06581249999999272,0.06581249999999272,0.04681430106094098,20.18587940038386,38.0,LOW
10/14/2025,10:51:37,10/14/2025,10:52:41,long,24695.75,24681.83,STOP,-13.9172,-282.34,0,13.917204,8.825,20.875806,-0.07162499999976717,0.07162499999976717,-0.07999999999992724,0.07999999999992724,-0.042248807480870454,20.239289761171587,38.0,LOW
10/14/2025,11:01:19,10/14/2025,11:03:44,short,24715.75,24732.4,STOP,-16.6473,-336.95,0,16.647308,7.9,24.970961,-0.2521250000001601,0.2521250000001601,-0.2928125000000364,0.2928125000000364,-1.8596504429904712,25.386130296189528,38.0,LOW
10/14/2025,11:07:30,10/14/2025,11:13:50,short,24742.0,24704.61,TARGET,37.3946,743.89,1,24.929754,6.95,37.394631,0.4758750000000873,0.4758750000000873,0.3134374999999636,0.3134374999999636,7.974065733787995,37.03421905877032,38.0,LOW
10/14/2025,11:15:58,10/14/2025,11:35:19,long,24701.75,24734.5,REVERSAL,32.75,651.0,1,22.500453,9.175,33.750679,0.3358749999999418,0.3358749999999418,0.28175000000010186,0.28175000000010186,-4.208409541238616,34.002221015400536,38.0,LOW
10/14/2025,11:35:19,10/14/2025,11:36:01,short,24734.5,24749.53,STOP,-15.0251,-304.5,0,15.025117,9.425,22.537676,-0.31674999999995634,0.31674999999995634,-0.26306249999997816,0.26306249999997816,-4.674997677275915,23.439051400861253,38.0,LOW
10/14/2025,11:38:34,10/14/2025,11:38:58,short,24729.75,24748.69,STOP,-18.9439,-382.88,0,18.94394,10.875,28.415909,0.24412499999998544,0.24412499999998544,0.050124999999934514,0.050124999999934514,6.201229307375055,27.936031597090984,38.0,LOW
10/14/2025,11:39:39,10/14/2025,11:41:18,long,24707.0,24736.39,TARGET,29.3915,583.83,1,19.594362,15.075,29.391543,0.0946250000000873,0.0946250000000873,0.18824999999997089,0.18824999999997089,0.6231050989115552,29.17282524610544,38.0,LOW
10/14/2025,11:41:18,10/14/2025,11:43:40,short,24740.25,24759.26,STOP,-19.0108,-384.22,0,19.01075,12.075,28.516125,0.14087500000023284,0.14087500000023284,0.07256250000009459,0.07256250000009459,-0.9755294795874754,28.34459450275703,38.0,LOW
10/14/2025,11:48:31,10/14/2025,11:52:00,short,24792.0,24819.81,STOP,-27.8098,-560.2,0,27.809782,8.125,41.714673,0.9205000000001746,0.9205000000001746,0.7885000000000219,0.7885000000000219,4.0377274300250505,40.92515793126063,38.0,LOW
10/14/2025,12:06:11,10/14/2025,12:07:10,long,24783.25,24764.34,STOP,-18.9082,-382.16,0,18.908197,7.175,28.362295,0.5736250000001746,0.5736250000001746,0.7111875000000509,0.7111875000000509,-11.86570265481669,30.931900557302487,38.0,LOW
10/14/2025,12:10:03,10/14/2025,12:15:22,long,24777.75,24803.75,TARGET,25.9984,515.97,1,17.33229,6.325,25.998435,-0.043375000000014555,0.043375000000014555,0.19437500000003638,0.19437500000003638,0.7312853741475465,26.058623276857922,38.0,LOW
10/14/2025,12:18:38,10/14/2025,12:19:42,short,24814.25,24832.1,STOP,-17.8451,-360.9,0,17.845069,7.35,26.767603,0.008874999999898136,0.008874999999898136,-0.022687500000029105,0.022687500000029105,-0.07712044650889993,26.7264325836545,38.0,LOW
10/14/2025,12:22:46,10/14/2025,12:37:00,short,24861.75,24895.3,STOP,-33.5532,-675.06,0,33.553232,6.85,50.329848,0.64375,0.64375,0.5263124999999491,0.5263124999999491,10.725682986745078,49.814410506293186,38.0,LOW
10/15/2025,09:30:01,10/15/2025,09:30:31,long,24984.75,24971.07,STOP,-13.6832,-277.66,0,13.683175,6.275,20.524762,0.5213749999998981,0.5213749999998981,0.47068749999998544,0.47068749999998544,-9.254149387137353,22.077048311277125,38.0,LOW
10/15/2025,09:31:05,10/15/2025,09:31:24,long,24984.25,24971.11,STOP,-13.1441,-266.88,0,13.144105,7.95,19.716158,-0.12849999999998546,0.12849999999998546,0.06037500000002183,0.06037500000002183,2.1089006904261893,19.17925312279754,38.0,LOW
10/15/2025,09:37:27,10/15/2025,09:37:47,short,24987.25,24963.31,TARGET,23.9401,474.8,1,15.960054,7.825,23.940081,-0.3485000000000582,0.3485000000000582,-0.3922500000000582,0.3922500000000582,-4.606449375729081,23.971560083518565,38.0,LOW
10/15/2025,09:37:47,10/15/2025,09:38:10,long,24971.0,24955.89,STOP,-15.1053,-306.11,0,15.105258,8.525,22.657887,-0.28387500000026195,0.28387500000026195,-0.34125000000003636,0.34125000000003636,-3.6951412986150842,22.762016065521152,38.0,LOW
10/15/2025,09:38:10,10/15/2025,09:38:27,long,24955.0,24940.75,STOP,-14.2537,-289.07,0,14.25375,8.8,21.380624,-0.28425000000024736,0.28425000000024736,-0.3485000000000582,0.3485000000000582,-3.329255396456638,21.631132546734463,39.0,MEDIUM
10/15/2025,09:43:05,10/15/2025,09:43:34,short,24967.75,24951.5,REVERSAL,16.25,321.0,1,14.328864,8.225,21.493296,-0.12374999999992724,0.12374999999992724,-0.17743750000008732,0.17743750000008732,-1.0154386611592763,21.15415711649118,39.0,MEDIUM
10/15/2025,09:43:34,10/15/2025,09:43:52,long,24951.5,24937.3,STOP,-14.1962,-287.92,0,14.196192,8.675,21.294288,-0.08800000000010186,0.08800000000010186,-0.11962500000008731,0.11962500000008731,-0.7397891984563216,20.97338978845393,39.0,MEDIUM
10/15/2025,09:43:52,10/15/2025,09:44:11,long,24942.0,24927.66,STOP,-14.3438,-290.88,0,14.343757,8.575,21.515636,-0.09000000000014552,0.09000000000014552,-0.1133125000000291,0.1133125000000291,-0.2379954626337124,21.04647691953827,39.0,MEDIUM
10/15/2025,09:45:17,10/15/2025,09:46:40,short,24973.5,24949.98,TARGET,23.5196,466.39,1,15.679723,8.675,23.519585,-0.30812499999992726,0.30812499999992726,-0.2811874999999418,0.2811874999999418,-0.06288425290394883,23.14496029761345,39.0,MEDIUM
10/15/2025,09:46:40,10/15/2025,09:47:52,long,24943.5,24926.57,STOP,-16.931,-342.62,0,16.930999,9.5,25.396498,0.1827499999999418,0.1827499999999418,-0.012125000000014551,0.012125000000014551,1.7990345917603356,25.181910339389315,39.0,MEDIUM
10/15/2025,09:49:23,10/15/2025,09:51:04,long,24913.25,24944.58,TARGET,31.3265,622.53,1,20.884338,9.125,31.326507,-0.36875,0.36875,-0.4576250000000073,0.4576250000000073,6.072287875467659,30.691266438922547,39.0,MEDIUM
10/15/2025,09:51:34,10/15/2025,09:53:00,short,24955.5,24977.38,STOP,-21.8845,-441.69,0,21.884546,8.475,32.82682,-0.15025000000023284,0.15025000000023284,-0.15400000000008732,0.15400000000008732,-0.06503584998800704,32.925702945628146,39.0,MEDIUM
10/15/2025,09:53:06,10/15/2025,09:55:14,short,24969.75,24991.92,STOP,-22.17,-447.4,0,22.169987,8.025,33.25498,0.030374999999912687,0.030374999999912687,-0.04462500000008731,0.04462500000008731,0.540170355839301,33.23533063030475,39.0,MEDIUM
10/15/2025,10:40:11,10/15/2025,10:40:26,long,25093.0,25107.16,TARGET,14.1566,279.13,1,9.43776,7.275,14.15664,0.2118749999997817,0.2118749999997817,0.21474999999991268,0.21474999999991268,-1.5731012226589574,13.735697503524996,39.0,MEDIUM
10/15/2025,10:40:26,10/15/2025,10:41:17,short,25106.0,25091.84,TARGET,14.1566,279.13,1,9.437747,7.675,14.156621,0.1748749999998836,0.1748749999998836,0.19118749999997817,0.19118749999997817,-1.3101719751804524,13.656520575612664,39.0,MEDIUM
10/15/2025,10:41:17,10/15/2025,10:42:24,long,25091.25,25105.23,TARGET,13.9764,275.53,1,9.317584,7.85,13.976376,0.10062499999985448,0.10062499999985448,0.1609375,0.1609375,-0.25887567554358704,13.580930615792967,39.0,MEDIUM
10/15/2025,10:43:11,10/15/2025,10:43:28,long,25096.75,25088.65,STOP,-8.0971,-165.94,0,8.097123,7.4,12.145684,0.08287499999969442,0.08287499999969442,0.1054374999999709,0.1054374999999709,-1.2850889391520681,12.39525776362338,39.0,MEDIUM
10/15/2025,10:43:28,10/15/2025,10:43:53,long,25088.0,25080.13,STOP,-7.8697,-161.39,0,7.869661,7.35,11.804492,0.10175000000017462,0.10175000000017462,0.10524999999997817,0.10524999999997817,-1.7651380610529408,11.91038389691622,39.0,MEDIUM
10/15/2025,10:47:30,10/15/2025,10:47:50,short,25105.75,25099.75,REVERSAL,6.0,116.0,1,6.951832,6.3,10.427748,0.06949999999997089,0.06949999999997089,0.08675000000002911,0.08675000000002911,-1.4126603868246228,10.021252996334834,39.0,MEDIUM
10/15/2025,10:47:50,10/15/2025,10:48:21,long,25099.75,25092.81,STOP,-6.9361,-142.72,0,6.936135,6.475,10.404203,0.07537499999998545,0.07537499999998545,0.09431249999997818,0.09431249999997818,-1.3582686164514577,9.957776639076208,39.0,MEDIUM
10/15/2025,10:49:06,10/15/2025,10:49:45,long,25094.5,25087.22,STOP,-7.2811,-149.62,0,7.28108,7.2,10.921619,0.017750000000160072,0.017750000000160072,0.03400000000001455,0.03400000000001455,-0.07146828941975691,10.402084047237734,39.0,MEDIUM
10/15/2025,10:58:52,10/15/2025,11:03:10,short,25104.25,25090.41,TARGET,13.8421,272.84,1,9.228088,7.8,13.842131,-0.09275000000016007,0.09275000000016007,-0.13262500000000726,0.13262500000000726,0.22255508127562784,13.485105429283959,39.0,MEDIUM
10/15/2025,11:03:10,10/15/2025,11:06:27,long,25089.5,25100.5,REVERSAL,11.0,216.0,1,8.438935,8.15,12.658403,-0.04049999999988359,0.04049999999988359,-0.04549999999999273,0.04549999999999273,-0.4368442213005732,12.443739308788704,39.0,MEDIUM
10/15/2025,11:06:27,10/15/2025,11:08:16,short,25100.5,25088.63,TARGET,11.8701,233.4,1,7.913426,7.225,11.87014,-0.17262499999997089,0.17262499999997089,-0.10950000000011642,0.10950000000011642,-0.5785540229176576,11.73918310632892,39.0,MEDIUM
10/15/2025,11:08:35,10/15/2025,11:11:27,long,25087.0,25079.42,STOP,-7.5784,-155.57,0,7.578444,8.2,11.367667,-0.1077499999999418,0.1077499999999418,-0.12325000000000727,0.12325000000000727,-0.8347045636759649,11.05766074065904,40.0,LOW
10/15/2025,11:13:32,10/15/2025,11:16:23,long,25074.25,25062.82,STOP,-11.4262,-232.52,0,11.426166,6.925,17.139249,-0.27537499999998544,0.27537499999998544,-0.20681249999997817,0.20681249999997817,4.771372713510848,16.833249180201726,40.0,LOW
10/15/2025,11:55:59,10/15/2025,12:02:20,short,24941.0,24965.09,STOP,-24.0944,-485.89,0,24.09438,7.075,36.14157,-0.28075000000026196,0.28075000000026196,-0.4952500000001237,0.4952500000001237,-2.387626128216368,36.21041035243454,40.0,LOW
10/15/2025,12:03:53,10/15/2025,12:08:11,short,24954.75,24979.22,STOP,-24.4715,-493.43,0,24.471501,7.275,36.707252,0.22287499999983992,0.22287499999983992,0.12318749999994907,0.12318749999994907,4.498731824807557,35.991687167530095,40.0,LOW
10/15/2025,12:17:02,10/15/2025,12:20:23,long,24939.0,24959.42,TARGET,20.4199,404.4,1,13.613252,9.325,20.419877,0.41362499999995633,0.41362499999995633,0.4679999999998472,0.4679999999998472,-4.7400448930747885,20.257828532951716,40.0,LOW
10/15/2025,12:21:13,10/15/2025,12:23:48,long,24940.25,24960.1,TARGET,19.8528,393.06,1,13.235198,9.375,19.852797,0.10412499999983993,0.10412499999983993,0.05906249999989086,0.05906249999989086,-1.0013128426643974,19.668966665337702,40.0,LOW
10/15/2025,12:23:48,10/15/2025,12:24:56,short,24960.0,24972.65,STOP,-12.6485,-256.97,0,12.648451,9.7,18.972677,0.11512499999989814,0.11512499999989814,0.07749999999996363,0.07749999999996363,-1.0827422391794599,18.933149450607353,40.0,LOW
10/15/2025,12:24:56,10/15/2025,12:25:45,short,24972.5,24985.09,STOP,-12.5903,-255.81,0,12.590324,9.2,18.885485,0.1421249999999418,0.1421249999999418,0.12312499999989086,0.12312499999989086,-1.226295577119732,18.44267108821797,40.0,LOW
10/15/2025,12:31:52,10/15/2025,12:34:50,long,24946.5,24931.1,STOP,-15.3996,-311.99,0,15.399647,11.15,23.09947,0.11387500000018917,0.11387500000018917,0.13443750000005822,0.13443750000005822,-0.6612309574075041,23.316554920059612,40.0,LOW
10/15/2025,12:34:50,10/15/2025,12:37:29,long,24931.25,24954.04,TARGET,22.7935,451.87,1,15.195692,7.625,22.793539,0.0773750000000291,0.0773750000000291,0.08974999999991269,0.08974999999991269,-1.32561891403018,22.171439057987598,40.0,LOW
10/15/2025,12:37:29,10/15/2025,12:37:59,long,24955.5,24966.25,REVERSAL,10.75,211.0,1,14.72785,9.475,22.091775,-0.2650000000001455,0.2650000000001455,-0.06812499999996362,0.06812499999996362,0.220878843671251,22.109657873161908,40.0,LOW
10/15/2025,12:37:59,10/15/2025,12:38:25,short,24966.25,24944.19,TARGET,22.0623,437.25,1,14.708231,9.5,22.062347,-0.27975000000005823,0.27975000000005823,-0.10118750000001456,0.10118750000001456,-0.2831856776620114,21.888253380325587,40.0,LOW
10/15/2025,12:38:25,10/15/2025,12:41:24,long,24945.75,24931.07,STOP,-14.68,-297.6,0,14.679982,10.325,22.019973,-0.2367500000000291,0.2367500000000291,-0.12537499999998544,0.12537499999998544,-0.8646197280412906,21.80384336797727,40.0,LOW
10/15/2025,12:41:24,10/15/2025,12:45:27,long,24932.5,24917.41,STOP,-15.0921,-305.84,0,15.092072,9.5,22.638107,-0.1023749999996653,0.1023749999996653,-0.1906874999998763,0.1906874999998763,0.12051210806022894,22.077402585774276,40.0,LOW
10/15/2025,13:19:04,10/15/2025,13:25:03,short,24748.5,24777.59,STOP,-29.0875,-585.75,0,29.08746,10.675,43.63119,-0.6512500000000727,0.6512500000000727,-0.7728750000000219,0.7728750000000219,-10.012176831172674,45.0898211520658,40.0,LOW
10/15/2025,13:25:40,10/15/2025,13:35:10,short,24767.5,24797.99,STOP,-30.4921,-613.84,0,30.49214,9.65,45.73821,0.3861249999998108,0.3861249999998108,0.21056250000001456,0.21056250000001456,5.662426524519823,44.92676218203431,40.0,LOW
10/15/2025,14:03:13,10/15/2025,14:12:54,long,24864.5,24896.15,TARGET,31.6476,628.95,1,21.098372,8.75,31.647559,0.5672500000000582,0.5672500000000582,0.729937500000051,0.729937500000051,-8.691258150674365,32.826070306909706,40.0,LOW
10/15/2025,14:12:54,10/15/2025,14:18:24,short,24904.75,24886.42,TARGET,18.3253,362.51,1,12.216866,9.825,18.325299,0.19174999999995634,0.19174999999995634,0.20725000000002183,0.20725000000002183,-2.7340876606588225,18.551877903497033,40.0,LOW
10/15/2025,14:19:01,10/15/2025,14:21:19,short,24894.0,24906.72,STOP,-12.7175,-258.35,0,12.71753,8.875,19.076295,0.125,0.125,0.18924999999999273,0.18924999999999273,0.9978892459074409,19.052666625981683,40.0,LOW
10/15/2025,14:21:19,10/15/2025,14:22:51,short,24904.75,24917.58,STOP,-12.831,-260.62,0,12.830987,10.4,19.24648,0.07587499999972351,0.07587499999972351,0.140625,0.140625,0.24683503757935554,19.112545718871424,40.0,LOW
10/15/2025,15:07:42,10/15/2025,15:16:22,long,24918.5,24941.95,TARGET,23.4506,465.01,1,15.633717,6.725,23.450576,0.2398750000000291,0.2398750000000291,0.2822500000000218,0.2822500000000218,-2.1242892986554054,24.266074811780403,41.0,HIGH
10/15/2025,15:16:22,10/15/2025,15:22:02,short,24941.5,24953.66,STOP,-12.1563,-247.13,0,12.156296,6.9,18.234444,0.06350000000020373,0.06350000000020373,0.10375000000003638,0.10375000000003638,-0.6618432693352005,17.874453674286716,41.0,HIGH
10/15/2025,15:22:31,10/15/2025,15:35:07,short,24942.75,24923.88,TARGET,18.8745,373.49,1,12.583003,7.425,18.874505,0.09700000000011641,0.09700000000011641,0.11800000000002911,0.11800000000002911,0.6479770369934386,18.4044070416801,41.0,HIGH
10/15/2025,15:35:07,10/15/2025,15:35:43,long,24926.25,24913.84,STOP,-12.415,-252.3,0,12.414957,6.575,18.622435,0.14262500000004366,0.14262500000004366,0.15812499999992724,0.15812499999992724,-0.6354792791406254,18.14758967611676,41.0,HIGH
10/15/2025,15:36:02,10/15/2025,15:36:48,long,24912.75,24899.62,STOP,-13.1259,-266.52,0,13.125905,5.9,19.688857,-0.07350000000005821,0.07350000000005821,0.06018750000002911,0.06018750000002911,0.6805089714877504,18.986078567666304,41.0,HIGH
10/16/2025,09:30:00,10/16/2025,09:30:55,long,25047.75,25072.62,TARGET,24.8704,493.41,1,16.580286,6.575,24.870428,-0.13412499999976718,0.13412499999976718,-0.014749999999912689,0.014749999999912689,0.820604182174506,24.806793988982143,41.0,HIGH
10/16/2025,09:31:30,10/16/2025,09:31:51,short,25080.25,25096.27,STOP,-16.0163,-324.33,0,16.016309,7.375,24.024463,0.12075000000004366,0.12075000000004366,-0.02587500000008731,0.02587500000008731,-0.9777615849728605,24.62847489963228,41.0,HIGH
10/16/2025,09:32:16,10/16/2025,09:36:03,short,25092.0,25067.85,TARGET,24.1473,478.95,1,16.098192,7.0,24.147288,0.5657499999997526,0.5657499999997526,0.4156874999998763,0.4156874999998763,0.5321503352255412,24.3966905302868,41.0,HIGH
10/16/2025,09:36:57,10/16/2025,09:38:15,long,25067.75,25086.25,REVERSAL,18.5,366.0,1,15.003895,8.7,22.505843,-0.0014999999999417923,0.0014999999999417923,-0.037062499999956346,0.037062499999956346,-0.14605787446194185,22.62996956083188,41.0,HIGH
10/16/2025,09:38:15,10/16/2025,09:39:51,short,25086.25,25063.59,TARGET,22.6631,449.26,1,15.108751,8.225,22.663126,-0.09575000000004366,0.09575000000004366,-0.04862499999999272,0.04862499999999272,0.06446269202736943,22.69443225285925,41.0,HIGH
10/16/2025,09:39:51,10/16/2025,09:40:30,long,25058.0,25043.32,STOP,-14.6782,-297.56,0,14.678199,9.675,22.017298,0.1686249999998836,0.1686249999998836,0.036437499999919964,0.036437499999919964,-0.445016076409793,22.249416176449458,41.0,HIGH
10/16/2025,09:42:00,10/16/2025,09:43:34,long,25059.25,25082.41,TARGET,23.1556,459.11,1,15.437084,8.8,23.155626,-0.06525000000001455,0.06525000000001455,-0.010750000000007276,0.010750000000007276,1.4992859598971329,22.87183566712285,41.0,HIGH
10/16/2025,09:43:34,10/16/2025,09:45:03,short,25083.0,25097.77,STOP,-14.7654,-299.31,0,14.765395,8.55,22.148092,-0.060874999999941795,0.060874999999941795,-0.07337499999994179,0.07337499999994179,-0.6942418057757003,22.489645983069728,41.0,HIGH
10/16/2025,09:46:33,10/16/2025,09:47:55,short,25101.25,25069.2,TARGET,32.0452,636.9,1,21.363457,7.1,32.045185,0.35374999999985446,0.35374999999985446,0.2860000000000582,0.2860000000000582,7.431601498318891,31.784446914244796,41.0,HIGH
10/16/2025,09:47:55,10/16/2025,09:50:04,long,25065.0,25042.73,STOP,-22.2658,-449.32,0,22.265797,8.175,33.398696,0.13624999999992723,0.13624999999992723,0.22712499999997818,0.22712499999997818,0.6141643735512616,33.46928815483241,41.0,HIGH
10/16/2025,09:50:04,10/16/2025,09:55:02,long,25036.75,25071.97,TARGET,35.2198,700.4,1,23.479844,8.7,35.219766,-0.1907500000001164,0.1907500000001164,-0.05475000000005821,0.05475000000005821,1.4948742221256524,34.499317098662075,41.0,HIGH
10/16/2025,09:56:16,10/16/2025,09:57:03,short,25093.5,25053.98,TARGET,39.522,786.44,1,26.347967,8.225,39.521951,-0.08925000000017462,0.08925000000017462,-0.07512500000011642,0.07512500000011642,-0.1951469638136487,39.636248183333414,41.0,HIGH
10/16/2025,09:57:03,10/16/2025,09:58:59,long,25055.25,25082.75,REVERSAL,27.5,546.0,1,25.442451,8.15,38.163677,-0.1469999999997526,0.1469999999997526,-0.11393749999988359,0.11393749999988359,-1.0476385903119336,38.639636600814015,41.0,HIGH
10/16/2025,09:58:59,10/16/2025,10:01:03,short,25082.75,25053.16,TARGET,29.5869,587.74,1,19.72462,10.575,29.58693,-0.5385000000002037,0.5385000000002037,-0.38712500000001454,0.38712500000001454,-7.053099012381111,31.167184076198296,41.0,HIGH
10/16/2025,10:01:03,10/16/2025,10:03:50,long,25054.5,25039.48,STOP,-15.0183,-304.37,0,15.018251,10.45,22.527377,-0.34500000000007275,0.34500000000007275,-0.43562500000007276,0.43562500000007276,-7.23519433591116,22.88539963933802,41.0,HIGH
10/16/2025,10:03:50,10/16/2025,10:04:47,long,25041.0,25062.48,TARGET,21.4835,425.67,1,14.322321,11.575,21.483481,-0.13500000000021828,0.13500000000021828,-0.2320625000000291,0.2320625000000291,-1.0848142040683868,21.354212719903984,42.0,LOW
10/16/2025,10:05:27,10/16/2025,10:05:59,short,25069.5,25083.89,STOP,-14.3855,-291.71,0,14.385516,10.475,21.578274,-0.050374999999985445,0.050374999999985445,-0.11337500000008731,0.11337500000008731,0.3169179249203111,21.623785689933595,42.0,LOW
10/16/2025,10:06:08,10/16/2025,10:07:16,short,25080.25,25059.83,TARGET,20.4224,404.45,1,13.614954,9.75,20.422431,0.2683750000000146,0.2683750000000146,0.032875000000058205,0.032875000000058205,-0.7714195125326988,20.891252866698647,42.0,LOW
10/16/2025,10:07:16,10/16/2025,10:11:08,long,25052.75,25040.16,STOP,-12.5865,-255.73,0,12.586484,9.925,18.879725,0.41837500000001454,0.41837500000001454,0.24181250000001456,0.24181250000001456,-2.633077492148864,18.7534893617557,42.0,LOW
10/16/2025,10:13:03,10/16/2025,10:13:46,long,25039.75,25023.48,STOP,-16.2666,-329.33,0,16.266645,8.7,24.399968,-0.5371250000000145,0.5371250000000145,-0.3781875000000582,0.3781875000000582,3.7604161889394554,23.833758636604728,42.0,LOW
10/16/2025,10:15:49,10/16/2025,10:16:45,short,25063.0,25079.39,STOP,-16.3903,-331.81,0,16.390296,9.175,24.585445,-0.22075000000004366,0.22075000000004366,-0.2696249999999054,0.2696249999999054,-0.5900855358751258,24.12041555092319,42.0,LOW
10/16/2025,10:16:45,10/16/2025,10:22:19,short,25078.5,25094.96,STOP,-16.4621,-333.24,0,16.462145,8.275,24.693218,-0.05687499999985448,0.05687499999985448,-0.13881249999994907,0.13881249999994907,-0.9030367714145804,23.536817152930315,42.0,LOW
10/16/2025,10:26:53,10/16/2025,10:30:00,long,25049.0,25087.28,TARGET,38.2794,761.59,1,25.5196,9.65,38.2794,0.36062500000007275,0.36062500000007275,0.3878749999999854,0.3878749999999854,-0.5761184623982274,38.16316323377945,42.0,LOW
10/16/2025,10:30:05,10/16/2025,10:35:43,short,25096.25,25114.38,STOP,-18.1345,-366.69,0,18.134457,9.4,27.201685,0.3566249999999854,0.3566249999999854,0.32018750000006546,0.32018750000006546,-5.516805773421954,27.74436182774375,42.0,LOW
10/16/2025,10:36:55,10/16/2025,10:41:23,short,25125.5,25146.61,STOP,-21.1128,-426.26,0,21.112823,7.925,31.669234,0.46512499999989815,0.46512499999989815,0.40131249999994906,0.40131249999994906,5.736043424506551,31.181390597653206,42.0,LOW
10/16/2025,10:47:59,10/16/2025,10:51:05,long,25132.0,25110.21,STOP,-21.791,-439.82,0,21.790958,7.15,32.686437,0.5007499999999709,0.5007499999999709,0.6779375000000073,0.6779375000000073,-6.134796054537638,33.665205509853,42.0,LOW
10/16/2025,10:51:16,10/16/2025,10:52:44,long,25125.25,25106.9,STOP,-18.3548,-371.1,0,18.354781,7.175,27.532171,-0.054499999999825376,0.054499999999825376,0.14162500000002182,0.14162500000002182,1.1459726103424508,27.262019090424054,42.0,LOW
10/16/2025,11:08:11,10/16/2025,11:15:47,short,25117.5,25103.5,REVERSAL,14.0,276.0,1,15.152548,9.1,22.728823,-0.3563750000001164,0.3563750000001164,-0.4577499999999418,0.4577499999999418,-0.0594543049721743,22.479830849025763,42.0,LOW
10/16/2025,11:15:47,10/16/2025,11:18:46,long,25103.5,25120.25,REVERSAL,16.75,331.0,1,14.849918,8.65,22.274877,0.047749999999723514,0.047749999999723514,-0.016500000000087313,0.016500000000087313,0.28261130757338293,21.422844104990105,42.0,LOW
10/16/2025,11:18:46,10/16/2025,11:22:02,short,25120.25,25105.0,REVERSAL,15.25,301.0,1,14.233387,7.925,21.350081,-0.15224999999991268,0.15224999999991268,-0.05225000000009459,0.05225000000009459,-0.5528737092072546,20.86997039578285,42.0,LOW
10/16/2025,11:22:02,10/16/2025,11:23:40,long,25105.0,25093.25,STOP,-11.7482,-238.96,0,11.748228,8.35,17.622341,-0.22150000000001455,0.22150000000001455,-0.178125,0.178125,-4.131478523503915,16.989846051926694,42.0,LOW
10/16/2025,11:23:40,10/16/2025,11:25:03,long,25090.75,25079.29,STOP,-11.4614,-233.23,0,11.46144,8.875,17.19216,-0.2290000000000873,0.2290000000000873,-0.20906250000007276,0.20906250000007276,-2.6004761990509806,16.092790248698783,42.0,LOW
10/16/2025,11:36:54,10/16/2025,11:40:24,short,25055.5,25025.5,REVERSAL,30.0,596.0,1,22.702248,9.0,34.053372,-0.6600000000002183,0.6600000000002183,-0.6416250000000219,0.6416250000000219,-12.044777908837098,36.53525519938386,42.0,LOW
10/16/2025,11:40:24,10/16/2025,11:40:35,long,25025.5,25008.96,STOP,-16.5396,-334.79,0,16.539606,10.9,24.809409,-0.24262500000004367,0.24262500000004367,-0.3459999999999127,0.3459999999999127,-4.964121126477533,25.670475937285097,42.0,LOW
10/16/2025,11:40:41,10/16/2025,11:41:11,long,25010.5,24993.87,STOP,-16.6289,-336.58,0,16.628891,10.45,24.943336,-0.32362500000017463,0.32362500000017463,-0.31837500000001456,0.31837500000001456,-3.236804835215551,25.201876402264546,42.0,LOW
10/16/2025,11:51:43,10/16/2025,11:54:17,short,25007.25,24981.75,REVERSAL,25.5,506.0,1,25.242674,11.375,37.864011,-0.4744999999998981,0.4744999999998981,-0.6305624999999054,0.6305624999999054,-6.1118662481151915,39.39442932904494,43.0,MEDIUM
10/16/2025,11:54:17,10/16/2025,11:56:42,long,24981.75,24967.92,STOP,-13.8277,-280.55,0,13.82769,9.775,20.741534,-0.6009999999998399,0.6009999999998399,-0.5569999999999709,0.5569999999999709,-14.817541276214584,21.78727956412463,43.0,MEDIUM
10/16/2025,11:57:29,10/16/2025,11:58:14,long,24969.5,24954.67,STOP,-14.8341,-300.68,0,14.834146,10.4,22.251218,-0.3763749999998254,0.3763749999998254,-0.40199999999986175,0.40199999999986175,3.4533076452794482,21.693628875009228,43.0,MEDIUM
10/16/2025,12:05:00,10/16/2025,12:11:20,short,24982.25,24956.75,REVERSAL,25.5,506.0,1,20.19356,11.9,30.290339,-0.2639999999999418,0.2639999999999418,-0.25631250000005823,0.25631250000005823,1.6950448290179665,30.07812838624381,43.0,MEDIUM
10/16/2025,12:11:20,10/16/2025,12:11:49,long,24956.75,24975.0,REVERSAL,18.25,361.0,1,13.714909,8.575,20.572363,-0.3308750000000146,0.3308750000000146,-0.2846875000001091,0.2846875000001091,-6.219494463129099,20.445910758449045,43.0,MEDIUM
10/16/2025,12:11:49,10/16/2025,12:12:07,short,24975.0,24988.24,STOP,-13.2426,-268.85,0,13.242578,9.65,19.863867,-0.3131249999998545,0.3131249999998545,-0.30518749999991995,0.30518749999991995,-4.809414140291803,19.685086352309813,43.0,MEDIUM
10/16/2025,12:13:13,10/16/2025,12:15:16,short,24974.75,24988.63,STOP,-13.8832,-281.66,0,13.88317,9.9,20.824755,-0.005500000000029104,0.005500000000029104,-0.1616249999999127,0.1616249999999127,0.1973659015267124,20.206121452617694,43.0,MEDIUM
10/16/2025,12:17:00,10/16/2025,12:18:27,long,24956.0,24941.66,STOP,-14.336,-290.72,0,14.335983,10.3,21.503974,0.1851249999999709,0.1851249999999709,0.17768749999995634,0.17768749999995634,0.6457488229042028,21.027923392339154,43.0,MEDIUM
10/16/2025,12:21:10,10/16/2025,12:26:20,long,24913.75,24885.17,STOP,-28.5805,-575.61,0,28.580457,9.675,42.870685,-0.5303749999999127,0.5303749999999127,-0.4788124999999127,0.4788124999999127,7.030529629307054,42.53347925646721,43.0,MEDIUM
10/16/2025,12:41:11,10/16/2025,12:45:00,short,24812.5,24783.48,TARGET,29.0221,576.44,1,19.348075,12.6,29.022113,-0.7978750000002037,0.7978750000002037,-0.8694375000000946,0.8694375000000946,-8.357579234402714,29.206934361232264,43.0,MEDIUM
10/16/2025,12:45:06,10/16/2025,12:45:40,long,24782.5,24765.14,STOP,-17.3583,-351.17,0,17.358293,13.6,26.03744,0.04575000000004366,0.04575000000004366,-0.05562499999996362,0.05562499999996362,-0.9735157371084853,26.055578446682453,43.0,MEDIUM
10/16/2025,12:45:40,10/16/2025,12:46:20,long,24763.25,24745.84,STOP,-17.4064,-352.13,0,17.406421,12.0,26.109631,0.09075000000011642,0.09075000000011642,-0.05462499999994179,0.05462499999994179,-0.23384053276306815,25.927744548403723,43.0,MEDIUM
10/16/2025,12:49:38,10/16/2025,12:50:08,short,24803.25,24823.25,STOP,-19.9993,-403.99,0,19.999264,15.45,29.998896,-0.13612499999981081,0.13612499999981081,-0.18018749999991995,0.18018749999991995,-1.4284833223147082,29.790275161363805,43.0,MEDIUM
10/16/2025,12:51:21,10/16/2025,12:53:52,short,24831.5,24858.73,STOP,-27.2251,-548.5,0,27.225105,8.3,40.837658,0.4591249999997672,0.4591249999997672,0.2986249999999927,0.2986249999999927,8.016776103720417,40.258966576155736,43.0,MEDIUM
10/16/2025,13:03:52,10/16/2025,13:08:38,long,24853.5,24903.97,TARGET,50.4719,1005.44,1,33.647956,10.65,50.471935,0.5851249999999709,0.5851249999999709,0.8569374999999126,0.8569374999999126,-8.275264965172859,51.03400559484754,43.0,MEDIUM
10/16/2025,13:08:38,10/16/2025,13:12:00,short,24893.75,24920.53,STOP,-26.7847,-539.69,0,26.784667,12.8,40.177,0.4102500000000873,0.4102500000000873,0.2998750000000655,0.2998750000000655,-3.746435400308009,40.59658989718518,43.0,MEDIUM
10/16/2025,13:12:00,10/16/2025,13:15:05,short,24916.0,24876.31,TARGET,39.6927,789.85,1,26.461774,14.175,39.692661,-0.06762500000004365,0.06762500000004365,0.022999999999956344,0.022999999999956344,-0.016634907006249477,39.406314394008334,43.0,MEDIUM
10/16/2025,13:16:10,10/16/2025,13:17:45,short,24904.5,24925.78,STOP,-21.2841,-429.68,0,21.284064,13.075,31.926096,-0.33474999999998545,0.33474999999998545,-0.22981249999993453,0.22981249999993453,-5.3371009204118,32.13306828163049,43.0,MEDIUM
10/16/2025,13:19:39,10/16/2025,13:21:26,short,24930.5,24883.66,TARGET,46.8434,932.87,1,31.228932,12.4,46.843399,0.7784999999999854,0.7784999999999854,0.4851875000000291,0.4851875000000291,10.69265967915959,46.11615534559591,43.0,MEDIUM
10/16/2025,13:21:26,10/16/2025,13:27:33,long,24876.5,24920.1,TARGET,43.5969,867.94,1,29.064619,12.725,43.596928,0.5928749999999127,0.5928749999999127,0.690874999999869,0.690874999999869,-2.6553819260994587,43.741348622406655,43.0,MEDIUM
10/16/2025,13:27:54,10/16/2025,13:30:25,short,24928.0,24950.02,STOP,-22.0237,-444.47,0,22.023725,12.725,33.035588,0.11124999999992724,0.11124999999992724,0.2527500000000146,0.2527500000000146,-1.045405135836134,32.49193519535936,44.0,MEDIUM
10/16/2025,13:30:25,10/16/2025,13:31:50,short,24949.5,24915.38,TARGET,34.1248,678.5,1,22.749891,11.75,34.124836,0.30812499999992726,0.30812499999992726,0.2030000000000655,0.2030000000000655,0.5373104282907448,33.05458097779438,44.0,MEDIUM
10/16/2025,13:32:34,10/16/2025,13:39:44,short,24931.25,24900.0,REVERSAL,31.25,621.0,1,22.095579,11.5,33.143369,0.46987499999995636,0.46987499999995636,0.40918750000000725,0.40918750000000725,-0.7026713854456901,32.68261474496018,44.0,MEDIUM
10/16/2025,13:39:44,10/16/2025,13:40:47,long,24900.0,24877.93,STOP,-22.0674,-445.35,0,22.067399,12.15,33.101099,0.1788749999999709,0.1788749999999709,0.20874999999996363,0.20874999999996363,0.1897737770485861,33.04697817944137,44.0,MEDIUM
10/16/2025,13:42:21,10/16/2025,13:45:35,long,24874.25,24848.81,STOP,-25.4403,-512.81,0,25.440266,11.325,38.160399,-0.19575000000004367,0.19575000000004367,-0.041625000000021825,0.041625000000021825,3.989006819859455,37.217724116141184,44.0,MEDIUM
10/16/2025,14:22:33,10/16/2025,14:26:05,short,24729.0,24687.0,REVERSAL,42.0,836.0,1,28.81741,11.375,43.226115,-0.7668750000000728,0.7668750000000728,-0.9733125000000655,0.9733125000000655,-8.410154985523,44.65271497285742,44.0,MEDIUM
10/16/2025,14:26:05,10/16/2025,14:30:03,long,24687.0,24712.77,TARGET,25.7708,511.42,1,17.18053,11.75,25.770795,-0.45112499999995637,0.45112499999995637,-0.4108749999999418,0.4108749999999418,-10.295181993497422,26.257432063020673,44.0,MEDIUM
10/16/2025,14:30:03,10/16/2025,14:30:33,short,24716.0,24689.89,TARGET,26.1097,518.19,1,17.406445,12.125,26.109667,-0.15187500000029103,0.15187500000029103,-0.24587500000016008,0.24587500000016008,0.3882868500862706,26.024551016144798,44.0,MEDIUM
10/16/2025,14:31:07,10/16/2025,14:31:40,long,24683.75,24666.33,STOP,-17.4209,-352.42,0,17.420885,13.775,26.131327,-0.1077499999999418,0.1077499999999418,-0.15799999999999273,0.15799999999999273,-0.07459418822402242,25.840126379382014,44.0,MEDIUM
10/16/2025,14:32:50,10/16/2025,14:33:59,long,24670.75,24650.56,STOP,-20.1938,-407.88,0,20.193843,11.3,30.290764,-0.21474999999991268,0.21474999999991268,-0.16156250000003639,0.16156250000003639,3.9221597236048567,29.95643968033206,44.0,MEDIUM
10/16/2025,14:35:53,10/16/2025,14:39:04,short,24703.5,24726.02,STOP,-22.5224,-454.45,0,22.522446,13.025,33.783669,-0.334375,0.334375,-0.2586250000000291,0.2586250000000291,1.2001195345903284,34.010372497459144,44.0,MEDIUM
10/16/2025,14:39:04,10/16/2025,14:43:24,short,24725.25,24748.16,STOP,-22.9146,-462.29,0,22.914613,11.4,34.371919,0.2869999999998981,0.2869999999998981,0.11537499999994907,0.11537499999994907,0.003394514571631646,33.838038539291325,44.0,MEDIUM
10/16/2025,15:13:10,10/16/2025,15:13:27,long,24768.5,24753.88,STOP,-14.615,-296.3,0,14.615013,10.05,21.922519,0.2428749999999127,0.2428749999999127,0.24556250000005092,0.24556250000005092,0.6983121814535522,21.09922607016471,44.0,MEDIUM
10/16/2025,15:13:39,10/16/2025,15:15:17,long,24763.75,24748.53,STOP,-15.2175,-308.35,0,15.21746,9.125,22.826191,-0.01912499999998545,0.01912499999998545,0.15912499999994906,0.15912499999994906,0.7757029870130765,21.881649894923008,44.0,MEDIUM
10/16/2025,15:36:23,10/16/2025,15:49:21,short,24765.5,24792.14,STOP,-26.6439,-536.88,0,26.643852,12.4,39.965778,-0.6512500000000727,0.6512500000000727,-0.6092500000000655,0.6092500000000655,-4.185246621386106,40.281781996545995,44.0,MEDIUM
10/17/2025,09:30:01,10/17/2025,09:30:04,long,24737.0,24758.57,TARGET,21.5715,427.43,1,14.381033,10.4,21.571549,-0.3576249999998254,0.3576249999998254,-0.4314374999999927,0.4314374999999927,-0.625593166729498,20.991010247394456,44.0,MEDIUM
10/17/2025,09:30:06,10/17/2025,09:30:21,short,24763.25,24741.88,TARGET,21.3711,423.42,1,14.247425,11.6,21.371137,-0.3200000000000728,0.3200000000000728,-0.40575000000008005,0.40575000000008005,-0.48330906002101415,21.11825438256698,44.0,MEDIUM
10/17/2025,09:30:21,10/17/2025,09:30:36,long,24736.0,24723.28,STOP,-12.7216,-258.43,0,12.7216,12.85,19.0824,-0.14437499999985448,0.14437499999985448,-0.25262500000008004,0.25262500000008004,-0.9285097427153808,20.120368975561565,44.0,MEDIUM
10/17/2025,09:31:16,10/17/2025,09:31:31,long,24720.5,24743.33,TARGET,22.8263,452.53,1,15.217527,12.6,22.82629,-0.4921249999999418,0.4921249999999418,-0.43012500000004367,0.43012500000004367,4.692516152730434,22.055181325209247,44.0,MEDIUM
10/17/2025,09:31:31,10/17/2025,09:31:34,long,24741.75,24751.75,REVERSAL,10.0,196.0,1,15.354034,12.65,23.031051,-0.37449999999989814,0.37449999999989814,-0.4264999999999418,0.4264999999999418,2.692604428172732,22.61689616279331,44.0,MEDIUM
10/17/2025,09:31:34,10/17/2025,09:32:37,short,24751.75,24767.05,STOP,-15.2959,-309.92,0,15.295854,12.125,22.943781,-0.34324999999989814,0.34324999999989814,-0.4069999999999709,0.4069999999999709,2.0520902477481755,22.586489321078574,45.0,MEDIUM
10/17/2025,09:32:49,10/17/2025,09:33:14,short,24746.25,24728.25,REVERSAL,18.0,356.0,1,15.450622,13.075,23.175933,0.02599999999983993,0.02599999999983993,-0.012874999999985448,0.012874999999985448,0.6455728370584737,23.05814438714254,45.0,MEDIUM
10/17/2025,09:33:14,10/17/2025,09:33:47,long,24728.25,24749.78,TARGET,21.5304,426.61,1,14.353614,13.05,21.53042,-0.02587500000008731,0.02587500000008731,-0.027375000000029105,0.027375000000029105,-0.3997871194606546,21.89774662791197,45.0,MEDIUM
10/17/2025,09:33:47,10/17/2025,09:34:00,short,24753.0,24767.35,STOP,-14.3481,-290.96,0,14.348083,12.725,21.522125,-0.21362499999995635,0.21362499999995635,-0.09381250000005821,0.09381250000005821,-1.9609400270096842,21.097204360132856,45.0,MEDIUM
10/17/2025,09:34:04,10/17/2025,09:34:26,short,24761.0,24775.78,STOP,-14.7766,-299.53,0,14.776614,12.85,22.164921,-0.11387500000018917,0.11387500000018917,-0.0390625,0.0390625,-1.1556299547030484,21.533801402337744,45.0,MEDIUM
10/17/2025,09:39:35,10/17/2025,09:43:47,long,24730.5,24702.28,STOP,-28.2196,-568.39,0,28.219649,10.85,42.329474,0.1601250000003347,0.1601250000003347,0.4046875,0.4046875,-0.5767075081181829,42.70370679106394,45.0,MEDIUM
10/17/2025,09:44:49,10/17/2025,09:48:11,long,24687.75,24743.1,TARGET,55.3506,1103.01,1,36.900379,8.675,55.350569,-0.5350000000002183,0.5350000000002183,-0.43800000000010186,0.43800000000010186,9.194637791786654,54.62184370937155,45.0,MEDIUM
10/17/2025,09:48:11,10/17/2025,09:51:04,short,24754.25,24789.28,STOP,-35.0256,-704.51,0,35.025627,13.9,52.538441,-0.5961249999996653,0.5961249999996653,-0.7279999999998836,0.7279999999998836,-3.3269993180256634,53.781233630087044,45.0,MEDIUM
10/17/2025,09:54:00,10/17/2025,10:00:05,short,24841.0,24805.5,REVERSAL,35.5,706.0,1,53.781926,6.375,80.672889,1.1933750000000145,1.1933750000000145,1.0226249999999708,1.0226249999999708,14.570641974830792,79.34586222876675,45.0,MEDIUM
10/17/2025,10:00:05,10/17/2025,10:02:33,long,24805.5,24860.5,REVERSAL,55.0,1096.0,1,37.665721,9.7,56.498581,1.1952499999999417,1.1952499999999417,1.3706874999999854,1.3706874999999854,-20.090318073888334,58.64707909897876,45.0,MEDIUM
10/17/2025,10:02:33,10/17/2025,10:09:07,short,24860.5,24817.82,TARGET,42.6774,849.55,1,28.451615,11.0,42.677422,0.36674999999995633,0.36674999999995633,0.2742500000000291,0.2742500000000291,-4.9328798279305985,43.44279035525474,45.0,MEDIUM
10/17/2025,10:09:07,10/17/2025,10:11:37,long,24828.5,24858.5,REVERSAL,30.0,596.0,1,28.03781,12.825,42.056715,-0.30724999999983993,0.30724999999983993,-0.06787499999991269,0.06787499999991269,-1.538729235758808,42.35870979158097,45.0,MEDIUM
10/17/2025,10:11:37,10/17/2025,10:12:00,short,24858.5,24883.9,STOP,-25.4008,-512.02,0,25.400808,14.125,38.101213,-0.49662499999976717,0.49662499999976717,-0.44681249999994177,0.44681249999994177,-3.9247672680988046,38.18485294035966,45.0,MEDIUM
10/17/2025,10:12:23,10/17/2025,10:13:16,short,24879.75,24907.61,STOP,-27.8642,-561.28,0,27.864233,12.0,41.796349,0.08224999999983992,0.08224999999983992,-0.2116249999999127,0.2116249999999127,2.0318449048974685,41.03900134200725,45.0,MEDIUM
10/17/2025,10:23:35,10/17/2025,10:25:13,long,24885.25,24926.87,TARGET,41.6238,828.48,1,27.749209,11.575,41.623814,0.6962500000001455,0.6962500000001455,0.6948750000001382,0.6948750000001382,-13.825617503325006,44.250898814057564,45.0,MEDIUM
10/17/2025,10:25:40,10/17/2025,10:27:37,long,24898.0,24928.3,TARGET,30.3027,602.05,1,20.201773,12.7,30.302659,0.5108749999999418,0.5108749999999418,0.6184999999999491,0.6184999999999491,-9.57585882403118,30.946217269924844,45.0,MEDIUM
10/17/2025,10:27:48,10/17/2025,10:28:03,short,24932.5,24904.2,TARGET,28.2996,561.99,1,18.866367,12.0,28.299551,0.2400000000001455,0.2400000000001455,0.3945625000000291,0.3945625000000291,-3.0631207002910443,28.20218601179128,45.0,MEDIUM
10/17/2025,10:28:03,10/17/2025,10:30:45,long,24907.5,24888.59,STOP,-18.9053,-382.11,0,18.905257,12.8,28.357885,0.2280000000002474,0.2280000000002474,0.32525000000005094,0.32525000000005094,-1.8871751007313797,28.227237417196353,45.0,MEDIUM
10/17/2025,10:30:45,10/17/2025,10:32:56,long,24888.0,24868.94,STOP,-19.0629,-385.26,0,19.062928,11.55,28.594392,-0.19662499999976718,0.19662499999976718,-0.04549999999999273,0.04549999999999273,-0.11944488573827172,28.206972468618382,45.0,MEDIUM
10/17/2025,10:48:00,10/17/2025,10:49:09,short,24842.25,24860.95,STOP,-18.7008,-378.02,0,18.700848,12.45,28.051272,-0.5014999999999418,0.5014999999999418,-0.6869375000000219,0.6869375000000219,-7.691396138105478,29.132340577507843,45.0,MEDIUM
10/17/2025,10:49:45,10/17/2025,10:50:22,short,24841.0,24858.82,STOP,-17.8177,-360.35,0,17.817687,10.975,26.726531,-0.1507499999999709,0.1507499999999709,-0.3462500000001455,0.3462500000001455,-3.6529751512501143,26.295974022068155,46.0,MEDIUM
10/17/2025,10:53:16,10/17/2025,10:53:30,long,24832.0,24840.25,REVERSAL,8.25,161.0,1,18.737671,12.825,28.106507,-0.005125000000043655,0.005125000000043655,0.05487499999999272,0.05487499999999272,-0.0008465742846013313,27.70775501513352,46.0,MEDIUM
10/17/2025,10:53:30,10/17/2025,10:54:55,short,24840.25,24812.06,TARGET,28.1881,559.76,1,18.79205,13.025,28.188075,-0.01899999999986903,0.01899999999986903,0.04600000000009459,0.04600000000009459,-0.03727828933714861,27.660157282722487,46.0,MEDIUM
10/17/2025,10:54:55,10/17/2025,10:56:00,long,24808.5,24789.51,STOP,-18.9894,-383.79,0,18.989427,13.05,28.484141,0.02287499999983993,0.02287499999983993,0.043687499999941794,0.043687499999941794,0.21145881613457007,27.909850318419497,46.0,MEDIUM
10/17/2025,10:58:47,10/17/2025,11:02:51,long,24773.0,24817.55,TARGET,44.5522,887.04,1,29.701483,9.325,44.552225,-0.3419999999998254,0.3419999999998254,-0.3716875000000073,0.3716875000000073,7.798538735118051,43.78896301280053,46.0,MEDIUM
10/17/2025,11:02:58,10/17/2025,11:12:04,short,24827.25,24778.96,TARGET,48.294,961.88,1,32.196005,12.4,48.294007,-0.240625,0.240625,-0.5088125000000219,0.5088125000000219,0.05890320489483969,48.400501673948035,46.0,MEDIUM
10/17/2025,11:12:04,10/17/2025,11:14:57,long,24776.5,24747.76,STOP,-28.7394,-578.79,0,28.739387,12.175,43.109081,-0.0898750000000291,0.0898750000000291,-0.08687500000014552,0.08687500000014552,-0.7049396696904466,42.965527777598865,46.0,MEDIUM
10/17/2025,11:15:11,10/17/2025,11:21:33,long,24756.0,24725.77,STOP,-30.2259,-608.52,0,30.22586,9.325,45.33879,-0.090625,0.090625,-0.0766249999998763,0.0766249999998763,1.9898409099552055,45.36806530959987,46.0,MEDIUM
10/17/2025,11:30:36,10/17/2025,11:31:21,short,24754.5,24725.74,TARGET,28.7625,571.25,1,19.175009,9.5,28.762514,-0.5477500000000873,0.5477500000000873,-0.7336875000000873,0.7336875000000873,-8.855646179765408,28.64614710862505,46.0,MEDIUM
10/17/2025,11:31:21,10/17/2025,11:33:56,long,24724.0,24705.65,STOP,-18.3477,-370.95,0,18.347715,11.2,27.521573,-0.3771250000001601,0.3771250000001601,-0.6399375000000873,0.6399375000000873,-5.675353519213452,27.181558857016093,46.0,MEDIUM
10/17/2025,11:33:56,10/17/2025,11:35:56,long,24715.5,24696.68,STOP,-18.822,-380.44,0,18.822002,12.375,28.233004,-0.32262500000033467,0.32262500000033467,-0.3273125000001528,0.3273125000001528,0.693800657647138,27.117168640617102,46.0,MEDIUM
10/17/2025,11:39:15,10/17/2025,11:39:44,short,24729.5,24747.19,STOP,-17.6858,-357.72,0,17.68582,9.325,26.52873,-0.3253749999999854,0.3253749999999854,-0.5100000000000364,0.5100000000000364,0.17100759895560813,26.21841140238793,46.0,MEDIUM
10/17/2025,11:39:44,10/17/2025,11:40:13,short,24751.75,24769.89,STOP,-18.1391,-366.78,0,18.139117,9.075,27.208676,-0.090625,0.090625,-0.32137500000008,0.32137500000008,0.5694320972607549,26.446444272270675,46.0,MEDIUM
10/17/2025,12:35:14,10/17/2025,12:37:31,long,24926.5,24951.93,TARGET,25.4256,504.51,1,16.950386,8.65,25.425578,0.2581249999999272,0.2581249999999272,0.3444999999999709,0.3444999999999709,-1.498721199971662,25.392214554772934,46.0,MEDIUM
10/17/2025,12:37:31,10/17/2025,12:38:45,short,24960.0,24936.04,TARGET,23.9649,475.3,1,15.976613,8.95,23.964919,0.1516250000000582,0.1516250000000582,0.21731250000011643,0.21731250000011643,-1.7522044445994638,23.786612038427894,46.0,MEDIUM
10/17/2025,12:39:28,10/17/2025,12:41:45,long,24932.25,24916.25,STOP,-16.001,-324.02,0,16.001011,11.05,24.001517,0.20962499999986903,0.20962499999986903,0.16737499999999272,0.16737499999999272,-1.0075804925894474,23.809472494097417,46.0,MEDIUM
10/17/2025,12:41:45,10/17/2025,12:45:18,long,24916.0,24899.74,STOP,-16.2595,-329.19,0,16.259524,9.85,24.389286,-0.03950000000004365,0.03950000000004365,0.0850624999999127,0.0850624999999127,0.0816126391299079,23.92093659789706,46.0,MEDIUM
10/17/2025,12:48:48,10/17/2025,12:50:23,short,24951.75,24970.65,STOP,-18.9027,-382.05,0,18.902724,9.7,28.354086,-0.022875000000203725,0.022875000000203725,-0.0453125,0.0453125,1.0736081520644696,27.87280993579473,46.0,MEDIUM
10/17/2025,12:50:23,10/17/2025,12:51:00,short,24972.0,24942.44,TARGET,29.562,587.24,1,19.708027,9.425,29.56204,0.1529999999998836,0.1529999999998836,0.00843750000003638,0.00843750000003638,0.502773190069739,28.622043508890016,46.0,MEDIUM
10/17/2025,12:51:00,10/17/2025,12:52:00,short,24946.75,24916.98,TARGET,29.7698,591.4,1,19.846554,10.1,29.769832,0.17712500000016007,0.17712500000016007,0.06012500000015279,0.06012500000015279,1.4797532752722553,29.36352145741197,46.0,MEDIUM
10/17/2025,12:52:00,10/17/2025,12:54:08,long,24914.75,24894.8,STOP,-19.9485,-402.97,0,19.948474,10.875,29.922711,0.09562499999992724,0.09562499999992724,0.08450000000011641,0.08450000000011641,1.246842062937354,29.330042004250053,47.0,LOW
10/17/2025,12:57:24,10/17/2025,13:11:03,long,24884.75,24859.9,STOP,-24.8511,-501.02,0,24.851144,9.075,37.276716,-0.8006250000002183,0.8006250000002183,-0.6307500000000801,0.6307500000000801,3.787747275435322,37.23672024852147,47.0,LOW
10/17/2025,13:33:00,10/17/2025,13:35:04,short,24885.5,24902.59,STOP,-17.0923,-345.85,0,17.092326,12.4,25.638489,-0.2538749999999709,0.2538749999999709,-0.22843749999992724,0.22843749999992724,-0.519880756483623,25.519097900471735,47.0,LOW
10/17/2025,13:38:15,10/17/2025,13:42:46,short,24889.75,24861.57,TARGET,28.1837,559.67,1,18.78911,9.9,28.183665,0.12924999999995634,0.12924999999995634,-0.006937500000094588,0.006937500000094588,2.975255380498666,27.6087596310133,47.0,LOW
10/17/2025,13:42:46,10/17/2025,13:45:24,long,24855.75,24837.51,STOP,-18.2436,-368.87,0,18.243605,12.65,27.365407,-0.06674999999995634,0.06674999999995634,0.03312500000010914,0.03312500000010914,-0.7284204625212354,26.943183269595544,47.0,LOW
10/17/2025,13:45:37,10/17/2025,13:49:05,long,24843.0,24871.84,TARGET,28.8414,572.83,1,19.227632,10.35,28.841449,-0.22012500000018917,0.22012500000018917,-0.1164375000000291,0.1164375000000291,0.9509507814970206,28.120659962858227,47.0,LOW
10/17/2025,13:50:07,10/17/2025,13:50:42,short,24891.0,24910.55,STOP,-19.5543,-395.09,0,19.554315,9.825,29.331472,-0.175,0.175,-0.18156249999992724,0.18156249999992724,0.12602609531700537,28.987510542637924,47.0,LOW
10/17/2025,13:51:14,10/17/2025,13:53:09,short,24904.0,24925.39,STOP,-21.3853,-431.71,0,21.385313,9.425,32.07797,0.22374999999992723,0.22374999999992723,0.01912499999998545,0.01912499999998545,2.5848883434492294,31.681194690261584,47.0,LOW
10/17/2025,14:41:54,10/17/2025,15:01:31,long,24987.5,25017.65,TARGET,30.1544,599.09,1,20.102911,8.775,30.154366,0.4491250000002765,0.4491250000002765,0.521625000000131,0.521625000000131,-4.247684841978192,30.57775873249698,47.0,LOW
10/17/2025,15:01:31,10/17/2025,15:10:57,short,25018.0,25030.2,STOP,-12.1954,-247.91,0,12.195408,9.275,18.293112,0.121875,0.121875,0.1789999999999054,0.1789999999999054,-2.0492812998024945,17.775451810007503,47.0,LOW
10/17/2025,15:15:33,10/17/2025,15:30:41,short,25036.5,25008.63,TARGET,27.8669,553.34,1,18.577905,7.075,27.866858,0.28450000000011644,0.28450000000011644,0.25825000000004367,0.25825000000004367,5.7542038827946485,27.286521285485527,47.0,LOW
10/17/2025,15:31:05,10/17/2025,15:32:40,long,25011.0,24991.54,STOP,-19.4622,-393.24,0,19.462197,6.2,29.193295,0.24274999999979627,0.24274999999979627,0.22993750000005092,0.22993750000005092,-2.106244904595542,29.647902723452688,47.0,LOW
10/17/2025,15:32:40,10/17/2025,15:35:00,long,24988.25,25016.62,TARGET,28.3718,563.44,1,18.914554,7.15,28.371832,0.11987499999995635,0.11987499999995635,0.18125,0.18125,-1.8225400245474397,28.907723185379083,47.0,LOW
10/17/2025,15:35:00,10/17/2025,15:45:13,long,25016.75,24998.51,STOP,-18.2353,-368.71,0,18.235254,7.95,27.35288,0.07087500000016007,0.07087500000016007,0.11462499999997817,0.11462499999997817,-1.5192559092155555,27.928918187527753,47.0,LOW
10/20/2025,09:30:01,10/20/2025,09:30:26,short,25131.25,25161.1,STOP,-29.8543,-601.09,0,29.854318,6.025,44.781476,0.43662499999991267,0.43662499999991267,0.5308124999999564,0.5308124999999564,-0.6054055290617271,46.42756374798519,47.0,LOW
10/20/2025,09:30:26,10/20/2025,09:31:10,short,25160.25,25186.45,STOP,-26.204,-528.08,0,26.203986,6.525,39.305979,0.9380000000001019,0.9380000000001019,0.6946874999999636,0.6946874999999636,-6.023989377571667,39.85290710451501,47.0,LOW
10/20/2025,09:44:52,10/20/2025,09:46:27,long,25189.25,25208.67,TARGET,19.4214,384.43,1,12.947611,8.8,19.421416,0.37625000000007275,0.37625000000007275,0.5321250000000873,0.5321250000000873,-6.224963241268728,19.865383162580695,47.0,LOW
10/20/2025,09:46:27,10/20/2025,09:49:28,short,25208.25,25219.59,STOP,-11.3439,-230.88,0,11.343891,8.65,17.015837,0.13450000000011642,0.13450000000011642,0.21774999999997818,0.21774999999997818,-1.874043610072384,17.308269503992364,47.0,LOW
10/20/2025,09:49:28,10/20/2025,09:51:15,short,25221.75,25232.65,STOP,-10.9042,-222.08,0,10.904156,7.475,16.356234,0.1766250000000582,0.1766250000000582,0.18649999999997818,0.18649999999997818,-0.6937200697756367,15.70999824261066,47.0,LOW
10/20/2025,10:15:12,10/20/2025,10:22:24,long,25222.75,25241.48,TARGET,18.7302,370.6,1,12.486788,6.05,18.730182,0.10675000000010186,0.10675000000010186,0.13956249999991996,0.13956249999991996,0.43972073060252015,18.63912473499444,47.0,LOW
10/20/2025,10:22:30,10/20/2025,10:25:38,short,25246.75,25256.72,STOP,-9.9659,-203.32,0,9.965948,7.8,14.948922,0.0016250000000582077,0.0016250000000582077,0.017625000000043654,0.017625000000043654,0.1336988273162838,14.60532123523804,48.0,MEDIUM
10/20/2025,10:25:41,10/20/2025,10:26:45,short,25255.0,25265.15,STOP,-10.153,-207.06,0,10.153035,5.325,15.229552,0.12824999999975262,0.12824999999975262,0.12393749999991996,0.12393749999991996,0.5257765035411914,14.584819513064062,48.0,MEDIUM
10/20/2025,11:13:18,10/20/2025,11:13:56,long,25303.5,25297.29,STOP,-6.2081,-128.16,0,6.20811,5.15,9.312164,0.18474999999998545,0.18474999999998545,0.20262500000008005,0.20262500000008005,-2.0027049180297283,9.241910425471744,48.0,MEDIUM
10/20/2025,11:15:41,10/20/2025,11:17:46,long,25301.25,25311.71,TARGET,10.461,205.22,1,6.973989,5.05,10.460984,-0.04937500000014552,0.04937500000014552,0.03143749999999272,0.03143749999999272,1.1611890770700342,10.044980333662739,48.0,MEDIUM
10/20/2025,11:18:08,10/20/2025,11:20:04,short,25313.5,25320.52,STOP,-7.0213,-144.43,0,7.021262,5.825,10.531894,-0.03837500000008731,0.03837500000008731,-0.029875000000174623,0.029875000000174623,0.68421725992666,10.27591288332322,48.0,MEDIUM
10/20/2025,11:20:42,10/20/2025,11:25:39,short,25318.0,25325.25,STOP,-7.2494,-148.99,0,7.249429,4.675,10.874143,0.12712500000016008,0.12712500000016008,0.035750000000007276,0.035750000000007276,0.31320964645006555,10.600847545415714,48.0,MEDIUM
10/20/2025,11:46:47,10/20/2025,11:47:30,long,25308.25,25319.5,REVERSAL,11.25,221.0,1,8.397989,5.375,12.596984,-0.004875000000174623,0.004875000000174623,0.02875000000003638,0.02875000000003638,0.01289492059552444,12.328925214519671,48.0,MEDIUM
10/20/2025,11:47:30,10/20/2025,11:48:10,short,25319.5,25327.88,STOP,-8.3782,-171.56,0,8.378178,5.35,12.567267,-0.02062499999992724,0.02062499999992724,0.018000000000029104,0.018000000000029104,0.013525511865619677,12.323685502321322,48.0,MEDIUM
10/20/2025,11:52:17,10/20/2025,11:52:19,short,25322.25,25318.75,REVERSAL,3.5,66.0,1,8.854301,6.275,13.281452,0.41212500000001456,0.41212500000001456,0.35381250000009457,0.35381250000009457,-0.20144592284274054,13.355465234358366,48.0,MEDIUM
10/20/2025,11:52:19,10/20/2025,11:52:20,long,25318.75,25325.75,REVERSAL,7.0,136.0,1,8.545812,7.825,12.818718,0.37849999999998546,0.37849999999998546,0.3573124999998981,0.3573124999998981,-1.0392083607751914,12.694986452498117,48.0,MEDIUM
10/20/2025,11:52:20,10/20/2025,11:52:25,short,25325.75,25312.99,TARGET,12.7631,251.26,1,8.50875,8.35,12.763124,0.3430000000000291,0.3430000000000291,0.3509374999999636,0.3509374999999636,-1.0910058682483292,12.479565538471663,48.0,MEDIUM
10/20/2025,11:52:29,10/20/2025,11:52:33,long,25321.25,25328.25,REVERSAL,7.0,136.0,1,8.618149,10.5,12.927224,0.17350000000005822,0.17350000000005822,0.29906249999985446,0.29906249999985446,-0.8782579298652138,12.495826572864889,48.0,MEDIUM
10/20/2025,11:52:33,10/20/2025,11:52:48,short,25328.25,25336.87,STOP,-8.6168,-176.34,0,8.616836,10.9,12.925255,0.13899999999994178,0.13899999999994178,0.281499999999869,0.281499999999869,-0.764251960938898,12.510475578918747,48.0,MEDIUM
10/20/2025,11:52:49,10/20/2025,11:53:11,short,25328.5,25315.44,TARGET,13.0634,257.27,1,8.708903,9.85,13.063355,0.05362500000010186,0.05362500000010186,0.21606250000004365,0.21606250000004365,-0.08834532613765944,12.606641126360458,48.0,MEDIUM
10/20/2025,11:53:11,10/20/2025,11:54:44,long,25314.5,25327.62,TARGET,13.1154,258.31,1,8.743585,8.85,13.115377,0.04375,0.04375,0.15581249999995633,0.15581249999995633,0.3157389838207685,12.629175723929713,48.0,MEDIUM
10/20/2025,11:54:44,10/20/2025,11:55:36,short,25326.25,25313.04,TARGET,13.2147,260.29,1,8.809802,8.225,13.214704,0.01462500000016007,0.01462500000016007,0.03156250000010914,0.03156250000010914,0.06918117526586798,12.705767186865739,48.0,MEDIUM
10/20/2025,11:55:36,10/20/2025,11:55:53,long,25313.5,25304.65,STOP,-8.8464,-180.93,0,8.846444,8.475,13.269666,-0.0071250000000873115,0.0071250000000873115,0.01912499999998545,0.01912499999998545,0.06876393162292693,12.698783604508932,48.0,MEDIUM
10/20/2025,11:56:23,10/20/2025,11:57:22,long,25316.0,25306.47,STOP,-9.5261,-194.52,0,9.526097,8.625,14.289146,-0.06750000000029104,0.06750000000029104,-0.025250000000050933,0.025250000000050933,1.052985834781774,13.767452247907553,48.0,MEDIUM
10/20/2025,12:27:35,10/20/2025,12:32:42,short,25315.75,25307.0,REVERSAL,8.75,171.0,1,7.51643,5.525,11.274645,-0.16574999999975262,0.16574999999975262,-0.13556250000001455,0.13556250000001455,-0.9820090392567167,11.088182658815178,48.0,MEDIUM
10/20/2025,12:32:42,10/20/2025,12:33:20,long,25307.0,25299.99,STOP,-7.0095,-144.19,0,7.009516,5.125,10.514274,-0.04400000000023283,0.04400000000023283,-0.10487499999999272,0.10487499999999272,-0.9451538551472005,10.143028803667978,48.0,MEDIUM
10/20/2025,12:33:20,10/20/2025,12:36:13,long,25299.25,25292.11,STOP,-7.1398,-146.8,0,7.139809,5.45,10.709714,-0.033625000000029104,0.033625000000029104,-0.0797500000000582,0.0797500000000582,-0.7599258253993053,10.162555906119554,49.0,MEDIUM
10/20/2025,12:41:37,10/20/2025,12:43:55,short,25310.0,25306.0,REVERSAL,4.0,76.0,1,6.987927,5.5,10.48189,-0.1790000000000873,0.1790000000000873,-0.121875,0.121875,-0.5147318724298664,10.26968366760083,49.0,MEDIUM
10/20/2025,12:43:55,10/20/2025,12:46:10,long,25306.0,25299.12,STOP,-6.8766,-141.53,0,6.876625,5.55,10.314937,-0.11612499999973806,0.11612499999973806,-0.14349999999994906,0.14349999999994906,-1.0866707842837489,9.91563059253472,49.0,MEDIUM
10/20/2025,12:46:10,10/20/2025,12:49:12,long,25300.25,25310.7,TARGET,10.4466,204.93,1,6.964414,5.425,10.446622,-0.07124999999978172,0.07124999999978172,-0.13112499999988358,0.13112499999988358,-0.36819551915283455,9.939850347679247,49.0,MEDIUM
10/20/2025,12:49:12,10/20/2025,12:58:01,short,25311.25,25317.76,STOP,-6.5072,-134.14,0,6.50716,5.75,9.760739,-0.10349999999998545,0.10349999999998545,-0.12593749999996362,0.12593749999996362,-0.41861371249381385,9.682616801081107,49.0,MEDIUM
10/20/2025,13:00:32,10/20/2025,13:01:03,short,25317.25,25323.07,STOP,-5.8229,-120.46,0,5.822892,5.025,8.734338,0.027249999999912688,0.027249999999912688,-0.049125000000094586,0.049125000000094586,0.27142060728007245,8.1954974780311,49.0,MEDIUM
10/20/2025,13:58:39,10/20/2025,14:02:31,long,25332.25,25342.75,REVERSAL,10.5,206.0,1,8.692064,4.375,13.038096,0.28037499999991267,0.28037499999991267,0.3626874999999927,0.3626874999999927,-4.493984570467507,13.570506509485025,49.0,MEDIUM
10/20/2025,14:02:31,10/20/2025,14:06:52,short,25342.75,25349.34,STOP,-6.5899,-135.8,0,6.589884,4.275,9.884826,0.2242499999996653,0.2242499999996653,0.2778124999998909,0.2778124999998909,-4.694683450139726,10.448264552062762,49.0,MEDIUM
10/20/2025,14:06:52,10/20/2025,14:18:44,short,25348.5,25339.97,TARGET,8.5275,166.55,1,5.684982,3.9,8.527474,0.22537499999998545,0.22537499999998545,0.2335624999999709,0.2335624999999709,-3.8650132997825306,8.567262895014752,49.0,MEDIUM
10/20/2025,14:18:44,10/20/2025,14:22:16,long,25339.0,25333.69,STOP,-5.3107,-110.21,0,5.310694,3.675,7.966042,0.13575000000018916,0.13575000000018916,0.1561874999999418,0.1561874999999418,-0.26813106547406385,8.214680761647335,49.0,MEDIUM
10/20/2025,14:22:33,10/20/2025,14:26:06,long,25340.0,25335.04,STOP,-4.9592,-103.18,0,4.95917,4.625,7.438755,0.08575000000018917,0.08575000000018917,0.11424999999999272,0.11424999999999272,-1.1903610054370954,7.548041205384772,49.0,MEDIUM
10/20/2025,15:29:12,10/20/2025,15:43:59,short,25323.75,25310.25,REVERSAL,13.5,266.0,1,9.806659,4.2,14.709989,-0.19674999999988357,0.19674999999988357,-0.26275000000005094,0.26275000000005094,-1.341078577137809,14.598452373841388,49.0,MEDIUM
10/20/2025,15:43:59,10/20/2025,15:48:22,long,25310.25,25324.72,TARGET,14.4733,285.47,1,9.648858,4.025,14.473288,0.07075000000004365,0.07075000000004365,0.032875000000058205,0.032875000000058205,-0.1322867800173846,14.21079772350613,49.0,MEDIUM
10/21/2025,09:30:01,10/21/2025,09:30:27,short,25302.0,25287.45,TARGET,14.5495,286.99,1,9.699678,5.125,14.549517,0.2,0.2,0.07275000000008731,0.07275000000008731,-2.8809917022658063,14.940138481957415,49.0,MEDIUM
10/21/2025,09:30:27,10/21/2025,09:31:28,long,25288.5,25279.12,STOP,-9.3775,-191.55,0,9.377521,5.3,14.066281,0.2148750000000291,0.2148750000000291,0.14918749999997089,0.14918749999997089,-1.8790281853843354,14.125362523153527,49.0,MEDIUM
10/21/2025,09:33:49,10/21/2025,09:36:04,long,25274.25,25289.25,REVERSAL,15.0,296.0,1,13.21718,6.325,19.82577,-0.4076250000001892,0.4076250000001892,-0.33081250000013823,0.33081250000013823,2.2514409835932305,19.68213409761009,49.0,MEDIUM
10/21/2025,09:36:04,10/21/2025,09:37:18,short,25289.25,25279.75,REVERSAL,9.5,186.0,1,11.212215,6.325,16.818323,-0.1757499999999709,0.1757499999999709,-0.26437499999992725,0.26437499999992725,-1.138341919322965,17.135313747129654,49.0,MEDIUM
10/21/2025,09:37:18,10/21/2025,09:38:04,long,25279.75,25285.5,REVERSAL,5.75,111.0,1,10.431443,6.2,15.647164,-0.15612499999988358,0.15612499999988358,-0.18031250000003637,0.18031250000003637,-2.0581389294701005,15.749471940917065,49.0,MEDIUM
10/21/2025,09:38:04,10/21/2025,09:39:08,short,25285.5,25280.75,REVERSAL,4.75,91.0,1,10.038924,6.225,15.058386,-0.16350000000020373,0.16350000000020373,-0.16575000000011642,0.16575000000011642,-1.8945417938884859,14.88164194524122,49.0,MEDIUM
10/21/2025,09:39:08,10/21/2025,09:40:14,long,25280.75,25270.72,STOP,-10.0313,-204.63,0,10.031342,6.15,15.047013,-0.11924999999973807,0.11924999999973807,-0.1336250000000291,0.1336250000000291,-1.1667470293741733,14.780943561041047,49.0,MEDIUM
10/21/2025,09:40:14,10/21/2025,09:41:23,long,25272.5,25262.47,STOP,-10.0286,-204.57,0,10.028565,6.075,15.042848,-0.0319999999999709,0.0319999999999709,-0.09381250000005821,0.09381250000005821,-0.1017781781960494,14.704350100325534,50.0,MEDIUM
10/21/2025,09:50:57,10/21/2025,09:55:14,short,25262.0,25238.8,TARGET,23.1975,459.95,1,15.464977,7.075,23.197466,-0.3904999999998836,0.3904999999998836,-0.4725000000000364,0.4725000000000364,-3.6989858527021227,23.76181905294419,50.0,MEDIUM
10/21/2025,09:55:14,10/21/2025,09:57:11,long,25230.25,25219.15,STOP,-11.0988,-225.98,0,11.098796,7.425,16.648194,-0.09362499999988358,0.09362499999988358,-0.14337500000001455,0.14337500000001455,-2.01221619777267,16.29574156473741,50.0,MEDIUM
10/21/2025,09:57:42,10/21/2025,10:05:59,long,25223.75,25244.21,TARGET,20.4644,405.29,1,13.642949,7.05,20.464424,-0.18712500000001456,0.18712500000001456,-0.15174999999999272,0.15174999999999272,2.985819552346932,20.30176070913818,50.0,MEDIUM
10/21/2025,10:05:59,10/21/2025,10:10:04,short,25246.5,25224.7,TARGET,21.7972,431.94,1,14.531491,7.85,21.797236,-0.062000000000261936,0.062000000000261936,-0.17318750000013097,0.17318750000013097,0.06987681987867944,21.892598115414486,50.0,MEDIUM
10/21/2025,10:10:04,10/21/2025,10:12:11,long,25222.75,25243.32,TARGET,20.5673,407.35,1,13.711509,7.6,20.567263,-0.11500000000014551,0.11500000000014551,0.019187499999861756,0.019187499999861756,-0.995967423367631,20.7964816011566,50.0,MEDIUM
10/21/2025,10:12:11,10/21/2025,10:14:36,short,25240.0,25251.47,STOP,-11.4749,-233.5,0,11.474891,7.575,17.212337,-0.2586249999996653,0.2586249999996653,-0.1868124999999054,0.1868124999999054,-2.814660368080947,17.981821233075653,50.0,MEDIUM
10/21/2025,10:16:05,10/21/2025,10:16:42,short,25240.75,25250.37,STOP,-9.6238,-196.48,0,9.623823,5.25,14.435734,0.0632499999999709,0.0632499999999709,-0.09831250000006549,0.09831250000006549,0.7912173493956516,14.162369487120284,50.0,MEDIUM
10/21/2025,10:26:29,10/21/2025,10:28:15,long,25242.5,25226.13,STOP,-16.3743,-331.49,0,16.374305,7.1,24.561458,0.3376249999997526,0.3376249999997526,0.42143749999995633,0.42143749999995633,-2.0220863332083816,24.95261667222038,50.0,MEDIUM
10/21/2025,10:29:15,10/21/2025,10:36:24,long,25219.75,25249.4,TARGET,29.6456,588.91,1,19.763711,6.975,29.645567,-0.1462500000001455,0.1462500000001455,-0.1078125,0.1078125,3.469936152250785,29.446182129486246,50.0,MEDIUM
10/21/2025,10:37:44,10/21/2025,10:54:26,short,25259.0,25282.05,STOP,-23.0511,-465.02,0,23.051147,6.325,34.57672,-0.19500000000007275,0.19500000000007275,-0.2195625000000291,0.2195625000000291,-1.5869944991914267,35.28362234304567,50.0,MEDIUM
10/21/2025,11:00:27,10/21/2025,11:15:20,short,25293.5,25278.5,REVERSAL,15.0,296.0,1,18.909398,4.85,28.364096,0.728374999999869,0.728374999999869,0.7309375000000727,0.7309375000000727,0.34175287208161365,28.5480517829592,50.0,MEDIUM
10/21/2025,11:15:20,10/21/2025,11:16:45,long,25278.5,25268.62,STOP,-9.8842,-201.68,0,9.884165,6.65,14.826248,0.34875000000029105,0.34875000000029105,0.4186250000000655,0.4186250000000655,-4.49156706519962,15.44989369326108,50.0,MEDIUM
10/21/2025,11:17:57,10/21/2025,11:30:02,long,25265.25,25283.43,TARGET,18.1837,359.67,1,12.122472,6.875,18.183707,-0.1532500000001164,0.1532500000001164,0.005812499999956344,0.005812499999956344,4.910568406687901,17.67230876523032,50.0,MEDIUM
10/21/2025,11:30:02,10/21/2025,11:37:22,short,25284.25,25266.85,TARGET,17.3992,343.98,1,11.599457,6.275,17.399185,-0.12999999999992723,0.12999999999992723,-0.21493750000008732,0.21493750000008732,-0.8864785605969239,16.982786549990575,50.0,MEDIUM
10/21/2025,11:37:22,10/21/2025,11:40:21,long,25268.0,25286.23,TARGET,18.2274,360.55,1,12.15162,6.975,18.22743,0.06149999999979627,0.06149999999979627,0.05962499999986903,0.05962499999986903,0.4136594965024436,17.933139217200974,50.0,MEDIUM
10/21/2025,11:40:21,10/21/2025,11:45:16,short,25285.75,25297.78,STOP,-12.0281,-244.56,0,12.028145,7.025,18.042218,-0.18774999999986902,0.18774999999986902,-0.10856249999997089,0.10856249999997089,0.10149706235636913,17.989369491833063,50.0,MEDIUM
10/21/2025,11:49:33,10/21/2025,11:51:23,short,25305.75,25320.59,STOP,-14.839,-300.78,0,14.838999,5.025,22.258499,0.4970000000001164,0.4970000000001164,0.43712500000001453,0.43712500000001453,3.5769915387320594,22.070259949178492,50.0,MEDIUM
10/21/2025,12:41:28,10/21/2025,12:42:58,long,25327.0,25333.5,REVERSAL,6.5,126.0,1,6.939944,5.6,10.409916,0.11737499999981083,0.11737499999981083,0.18381250000002183,0.18381250000002183,0.10529657606679699,10.570710897329457,50.0,MEDIUM
10/21/2025,12:42:58,10/21/2025,12:46:23,short,25333.5,25340.4,STOP,-6.8964,-141.93,0,6.896384,5.175,10.344577,0.08412500000013097,0.08412500000013097,0.14793750000008005,0.14793750000008005,-0.26398855425551915,10.38729760823364,50.0,MEDIUM
10/21/2025,12:46:23,10/21/2025,12:50:10,short,25339.75,25346.26,STOP,-6.5091,-134.18,0,6.509121,4.875,9.763681,0.11287499999998545,0.11287499999998545,0.13006249999998545,0.13006249999998545,-0.7985453136658975,9.842261606619061,51.0,MEDIUM
10/21/2025,12:52:15,10/21/2025,12:52:19,long,25325.25,25318.5,STOP,-6.7527,-139.05,0,6.752664,7.375,10.128996,0.07162500000013097,0.07162500000013097,0.13168750000004364,0.13168750000004364,0.6757113865509758,9.991520547427616,51.0,MEDIUM
10/21/2025,12:56:26,10/21/2025,12:58:48,long,25299.25,25283.74,STOP,-15.5125,-314.25,0,15.512492,8.475,23.268738,-0.31450000000004363,0.31450000000004363,-0.2649999999999636,0.2649999999999636,4.816850782433896,22.907614291228512,51.0,MEDIUM
10/21/2025,13:12:00,10/21/2025,13:18:56,short,25307.0,25276.94,TARGET,30.0644,597.29,1,20.042932,7.1,30.064398,-0.4555000000000291,0.4555000000000291,-0.47056250000005095,0.47056250000005095,-6.446367212126365,31.529483179853028,51.0,MEDIUM
10/21/2025,13:19:08,10/21/2025,13:30:08,long,25269.5,25292.65,TARGET,23.1512,459.02,1,15.434109,7.075,23.151163,-0.20587500000001455,0.20587500000001455,-0.25181250000005095,0.25181250000005095,-2.8803912244398155,22.74202993049138,51.0,MEDIUM
10/21/2025,13:30:08,10/21/2025,13:53:41,short,25291.5,25305.79,STOP,-14.2851,-289.7,0,14.285098,7.45,21.427647,-0.22325000000018919,0.22325000000018919,-0.22600000000002182,0.22600000000002182,-0.46315676864666244,20.77688727128021,51.0,MEDIUM
10/21/2025,13:53:41,10/21/2025,13:55:26,short,25304.25,25316.84,STOP,-12.5922,-255.84,0,12.59221,5.45,18.888315,0.12049999999981083,0.12049999999981083,0.1906874999998763,0.1906874999998763,0.8519405548414944,18.057575510390755,51.0,MEDIUM
10/21/2025,14:42:40,10/21/2025,14:50:59,long,25301.25,25313.56,TARGET,12.3089,242.18,1,8.205957,4.8,12.308935,0.2391250000000582,0.2391250000000582,0.29981250000000725,0.29981250000000725,-3.6510165794448373,12.088655694641,51.0,MEDIUM
10/21/2025,14:50:59,10/21/2025,14:53:19,short,25315.25,25304.86,TARGET,10.3936,203.87,1,6.929049,5.6,10.393573,0.10800000000017462,0.10800000000017462,0.13931250000005094,0.13931250000005094,-1.751913064078158,10.283110838630028,51.0,MEDIUM
10/21/2025,14:53:19,10/21/2025,14:58:05,long,25304.0,25313.95,TARGET,9.9471,194.94,1,6.631412,5.4,9.947117,0.14312500000014552,0.14312500000014552,0.10500000000010914,0.10500000000010914,-1.9947818059549842,9.840781293862891,51.0,MEDIUM
10/21/2025,14:59:47,10/21/2025,15:08:10,long,25305.25,25312.5,REVERSAL,7.25,141.0,1,6.487909,4.675,9.731864,0.062374999999883586,0.062374999999883586,0.1008125000000291,0.1008125000000291,-0.6794645232152643,9.347319737461923,51.0,MEDIUM
10/21/2025,15:08:10,10/21/2025,15:20:09,short,25312.5,25318.98,STOP,-6.4797,-133.59,0,6.479726,4.675,9.719589,-0.043000000000029105,0.043000000000029105,-0.004000000000087311,0.004000000000087311,0.02633611292160154,9.36506499618654,51.0,MEDIUM
10/21/2025,15:20:09,10/21/2025,15:27:16,short,25319.0,25309.4,TARGET,9.5979,187.96,1,6.398572,4.85,9.597857,-0.029499999999825378,0.029499999999825378,-0.03356249999997089,0.03356249999997089,-0.21869346648884935,9.142654732893062,51.0,MEDIUM
10/21/2025,15:29:15,10/21/2025,15:31:00,long,25306.0,25300.22,STOP,-5.7814,-119.63,0,5.781424,4.4,8.672137,0.15174999999981081,0.15174999999981081,0.07306250000001455,0.07306250000001455,-0.907302745881708,8.446456520387468,51.0,MEDIUM
10/21/2025,15:32:42,10/21/2025,15:44:51,long,25304.75,25313.02,TARGET,8.273,161.46,1,5.515329,4.5,8.272993,0.06837500000001455,0.06837500000001455,0.09781249999996362,0.09781249999996362,-1.5469543792556273,7.8626671047804795,51.0,MEDIUM
10/21/2025,15:44:51,10/21/2025,15:49:58,short,25314.0,25319.04,STOP,-5.0382,-104.76,0,5.038229,5.1,7.557343,-0.09825000000018917,0.09825000000018917,-0.05874999999996362,0.05874999999996362,-0.6009993466099246,7.334711791884551,51.0,MEDIUM
10/22/2025,09:30:00,10/22/2025,09:30:20,short,25263.5,25237.68,TARGET,25.8167,512.33,1,17.211155,6.225,25.816733,-0.26312500000021827,0.26312500000021827,-0.1443750000000364,0.1443750000000364,-6.015089679245563,27.08409252953514,51.0,MEDIUM
10/22/2025,09:30:20,10/22/2025,09:30:38,long,25238.75,25222.55,STOP,-16.2006,-328.01,0,16.200559,7.2,24.300838,-0.24662500000013096,0.24662500000013096,-0.23162499999998545,0.23162499999998545,-4.19407459308254,24.505977064794735,51.0,MEDIUM
10/22/2025,09:30:38,10/22/2025,09:33:44,long,25222.0,25205.52,STOP,-16.4833,-333.67,0,16.48328,6.3,24.72492,-0.12099999999991269,0.12099999999991269,-0.21137500000004367,0.21137500000004367,-0.6390620469672754,24.654814308296643,51.0,MEDIUM
10/22/2025,09:39:47,10/22/2025,09:41:26,short,25220.0,25238.17,STOP,-18.1655,-367.31,0,18.165535,6.85,27.248302,-0.6162499999998545,0.6162499999998545,-0.7068124999999782,0.7068124999999782,-10.629590493846347,28.175538179640828,51.0,MEDIUM
10/22/2025,09:42:25,10/22/2025,09:43:44,short,25232.0,25251.89,STOP,-19.8913,-401.83,0,19.89133,5.85,29.836995,0.21425000000017463,0.21425000000017463,0.11912499999998545,0.11912499999998545,4.262087142673668,29.58924164096525,52.0,LOW
10/22/2025,10:02:45,10/22/2025,10:05:00,long,25256.25,25244.95,STOP,-11.2981,-229.96,0,11.298147,6.2,16.94722,0.1827499999999418,0.1827499999999418,0.21206249999995636,0.21206249999995636,0.5819302109296878,17.030649591924043,52.0,LOW
10/22/2025,10:05:01,10/22/2025,10:08:33,long,25251.5,25268.08,TARGET,16.577,327.54,1,11.05136,7.425,16.577041,0.026625000000058206,0.026625000000058206,0.07825000000011642,0.07825000000011642,-0.35866253113684365,16.715442640917193,52.0,LOW
10/22/2025,10:09:45,10/22/2025,10:10:45,long,25253.75,25244.78,STOP,-8.9678,-183.36,0,8.967796,5.875,13.451694,0.11975000000020372,0.11975000000020372,0.09356250000000728,0.09356250000000728,-1.715272857410092,13.585587281045727,52.0,LOW
10/22/2025,10:15:32,10/22/2025,10:23:30,long,25219.75,25199.07,STOP,-20.6804,-417.61,0,20.680367,6.95,31.02055,-0.5767500000001746,0.5767500000001746,-0.5428750000000946,0.5428750000000946,7.921933590491641,30.752293659355406,52.0,LOW
10/22/2025,10:36:48,10/22/2025,10:38:14,short,25129.75,25107.16,TARGET,22.5916,447.83,1,15.061084,7.125,22.591626,-0.45249999999978174,0.45249999999978174,-0.57862499999992,0.57862499999992,-4.839994466086495,23.08812324000968,52.0,LOW
10/22/2025,10:38:14,10/22/2025,10:39:48,long,25103.75,25091.66,STOP,-12.091,-245.82,0,12.090987,8.3,18.136481,-0.22387500000004365,0.22387500000004365,-0.30431250000001453,0.30431250000001453,-4.119359480940567,17.808105122210293,52.0,LOW
10/22/2025,10:39:48,10/22/2025,10:40:46,long,25093.75,25112.02,TARGET,18.2656,361.31,1,12.177041,7.275,18.265561,-0.1898750000000291,0.1898750000000291,-0.20968749999992725,0.20968749999992725,-0.10691493708655742,17.432881029833002,52.0,LOW
10/22/2025,10:40:46,10/22/2025,10:41:04,short,25117.5,25101.64,TARGET,15.8566,313.13,1,10.571041,9.3,15.856561,-0.32512499999975264,0.32512499999975264,-0.2563124999998763,0.2563124999998763,-1.7212894306342292,15.70851815759196,52.0,LOW
10/22/2025,10:41:04,10/22/2025,10:42:15,long,25099.75,25089.28,STOP,-10.4724,-213.45,0,10.47241,9.725,15.708615,-0.28312499999992724,0.28312499999992724,-0.24293749999997089,0.24293749999997089,-2.5869825930137686,15.12627002398045,52.0,LOW
10/22/2025,10:42:31,10/22/2025,10:42:48,long,25088.5,25077.32,STOP,-11.1766,-227.53,0,11.176563,9.675,16.764845,-0.07362500000017462,0.07362500000017462,-0.18800000000010186,0.18800000000010186,0.6138419390081964,15.842303818999628,52.0,LOW
10/22/2025,10:48:59,10/22/2025,10:50:00,short,25101.25,25119.91,STOP,-18.6594,-377.19,0,18.659403,8.45,27.989104,-0.4080000000001746,0.4080000000001746,-0.4194999999999709,0.4194999999999709,-2.018780836787478,28.69461686525613,52.0,LOW
10/22/2025,10:51:30,10/22/2025,10:53:02,short,25117.75,25138.53,STOP,-20.7771,-419.54,0,20.777142,6.975,31.165713,0.19912499999991268,0.19912499999991268,0.0874374999999418,0.0874374999999418,3.8267235436501394,30.374725204010346,52.0,LOW
10/22/2025,11:10:38,10/22/2025,11:12:29,long,25150.25,25131.7,STOP,-18.5538,-375.08,0,18.553848,7.675,27.830772,0.27362500000017465,0.27362500000017465,0.36968749999996364,0.36968749999996364,-2.868378499941599,28.426957024969383,52.0,LOW
10/22/2025,11:13:47,10/22/2025,11:16:32,long,25146.25,25130.34,STOP,-15.9126,-322.25,0,15.912632,8.5,23.868949,0.022250000000349247,0.022250000000349247,0.11456250000010186,0.11456250000010186,-0.9057581553873568,23.90948091747616,52.0,LOW
10/22/2025,11:34:02,10/22/2025,11:35:12,short,25053.75,25023.28,TARGET,30.4688,605.38,1,20.312538,7.2,30.468808,-0.6868750000001456,0.6868750000001456,-0.8810625000000073,0.8810625000000073,-12.529700623087209,31.57633444806384,52.0,LOW
10/22/2025,11:35:12,10/22/2025,11:40:23,long,25023.5,25048.0,REVERSAL,24.5,486.0,1,17.144074,7.6,25.716111,-0.4892500000001746,0.4892500000001746,-0.6555000000000291,0.6555000000000291,-9.031576064931112,25.8474394177067,52.0,LOW
10/22/2025,11:40:23,10/22/2025,11:41:11,short,25048.0,25064.12,STOP,-16.1174,-326.35,0,16.117394,10.075,24.176091,-0.003874999999970896,0.003874999999970896,-0.08131250000005821,0.08131250000005821,-0.008021413992793214,23.764708367752682,52.0,LOW
10/22/2025,11:41:28,10/22/2025,11:44:17,short,25057.0,25073.64,STOP,-16.6393,-336.79,0,16.639309,8.55,24.958963,0.028750000000218278,0.028750000000218278,0.012437500000123692,0.012437500000123692,0.559430004532139,24.32413837228482,52.0,LOW
10/22/2025,12:01:32,10/22/2025,12:03:00,long,25085.75,25063.92,STOP,-21.8252,-440.5,0,21.825168,8.0,32.737752,0.60625,0.60625,0.6838750000000801,0.6838750000000801,-8.8563494648578,34.02431090201178,52.0,LOW
10/22/2025,12:03:00,10/22/2025,12:06:30,long,25062.75,25093.45,TARGET,30.6986,609.97,1,20.465745,8.35,30.698618,0.323750000000291,0.323750000000291,0.5091875000000072,0.5091875000000072,-6.3896316972194285,30.653471461009687,53.0,MEDIUM
10/22/2025,12:06:53,10/22/2025,12:09:23,long,25086.75,25069.53,STOP,-17.2164,-348.33,0,17.216433,9.85,25.82465,0.1665000000000873,0.1665000000000873,0.14356250000000728,0.14356250000000728,-3.607982217153122,26.383257272628164,53.0,MEDIUM
10/22/2025,12:10:19,10/22/2025,12:11:00,long,25068.25,25050.08,STOP,-18.1671,-367.34,0,18.167088,8.925,27.250633,-0.055249999999796275,0.055249999999796275,0.05737499999995634,0.05737499999995634,0.5805453312722229,26.39109934048119,53.0,MEDIUM
10/23/2025,09:30:30,10/23/2025,09:36:19,short,25026.75,25051.91,STOP,-25.1555,-507.11,0,25.155498,8.075,37.733247,0.7095000000001164,0.7095000000001164,0.5876874999999927,0.5876874999999927,3.12623230424321,37.444848462033335,53.0,MEDIUM
10/23/2025,09:36:19,10/23/2025,09:39:19,short,25051.75,25072.84,STOP,-21.0934,-425.87,0,21.093382,7.375,31.640073,0.7047500000000582,0.7047500000000582,0.5158124999999927,0.5158124999999927,-5.301651687797374,33.00372800120839,53.0,MEDIUM
10/23/2025,10:00:45,10/23/2025,10:03:31,long,25143.0,25162.65,TARGET,19.6502,389.0,1,13.10013,8.9,19.650195,0.48312499999992725,0.48312499999992725,0.48456249999999274,0.48456249999999274,-6.750223285240896,20.21878512935299,53.0,MEDIUM
10/23/2025,10:03:31,10/23/2025,10:04:35,short,25162.75,25149.57,TARGET,13.1797,259.59,1,8.786447,7.75,13.17967,0.15162499999969442,0.15162499999969442,0.23493749999997818,0.23493749999997818,-3.2429244868239735,12.85642912996726,53.0,MEDIUM
10/23/2025,10:04:35,10/23/2025,10:05:25,long,25149.5,25140.84,STOP,-8.6601,-177.2,0,8.66013,7.85,12.990195,0.15512500000004364,0.15512500000004364,0.159375,0.159375,-0.9730166337639368,12.417120698863592,53.0,MEDIUM
10/23/2025,10:05:30,10/23/2025,10:05:38,long,25154.75,25145.91,STOP,-8.8399,-180.8,0,8.83988,8.15,13.25982,0.0021249999997962734,0.0021249999997962734,0.08331249999991996,0.08331249999991996,0.3002926703399549,12.735341398695029,53.0,MEDIUM
10/23/2025,10:23:37,10/23/2025,10:24:42,short,25131.5,25146.71,STOP,-15.2055,-308.11,0,15.205483,6.45,22.808225,-0.1858750000003056,0.1858750000003056,-0.35143750000006546,0.35143750000006546,-0.9561091265708548,22.591596624553375,53.0,MEDIUM
10/23/2025,10:25:06,10/23/2025,10:26:32,short,25149.75,25167.9,STOP,-18.1529,-367.06,0,18.152923,8.075,27.229384,0.2913749999999709,0.2913749999999709,0.13962499999997818,0.13962499999997818,4.010826079010503,26.72687615881665,53.0,MEDIUM
10/23/2025,10:45:16,10/23/2025,10:45:51,long,25148.25,25170.2,TARGET,21.9466,434.93,1,14.631093,6.925,21.946639,0.30512500000004367,0.30512500000004367,0.49806250000001456,0.49806250000001456,-3.744076819944066,21.969880194006052,53.0,MEDIUM
10/23/2025,10:45:51,10/23/2025,10:47:05,short,25174.75,25189.25,STOP,-14.4998,-294.0,0,14.499832,9.425,21.749748,0.08787499999998545,0.08787499999998545,0.22093750000003637,0.22093750000003637,-1.1162269576264663,21.718183366057055,53.0,MEDIUM
10/23/2025,10:47:05,10/23/2025,10:52:32,short,25190.5,25167.9,TARGET,22.6044,448.09,1,15.069589,7.1,22.604383,0.24012499999989814,0.24012499999989814,0.1876249999999345,0.1876249999999345,0.33434609118472736,22.092703943950937,53.0,MEDIUM
10/23/2025,10:53:02,10/23/2025,10:59:19,long,25158.75,25180.64,TARGET,21.8853,433.71,1,14.59019,6.575,21.885285,0.32637500000018915,0.32637500000018915,0.34487499999995636,0.34487499999995636,-2.888133965775854,22.060954750617874,53.0,MEDIUM
10/23/2025,10:59:19,10/23/2025,11:02:06,short,25186.0,25166.93,TARGET,19.0741,377.48,1,12.716047,7.3,19.07407,-0.025124999999752616,0.025124999999752616,0.0461250000000291,0.0461250000000291,0.4529982491098572,18.792566362847758,53.0,MEDIUM
10/23/2025,11:03:02,10/23/2025,11:12:12,short,25183.25,25171.5,REVERSAL,11.75,231.0,1,12.839622,8.075,19.259433,-0.08575000000018917,0.08575000000018917,-0.013375000000087312,0.013375000000087312,-0.4896298678895725,19.000531823955058,53.0,MEDIUM
10/23/2025,11:12:12,10/23/2025,11:17:41,long,25171.5,25160.4,STOP,-11.1031,-226.06,0,11.103062,6.5,16.654592,0.2727500000000873,0.2727500000000873,0.2234375,0.2234375,-2.274339978629108,16.1862687119907,53.0,MEDIUM
10/23/2025,11:19:36,10/23/2025,11:20:30,long,25159.75,25148.28,STOP,-11.4716,-233.43,0,11.471611,6.375,17.207417,-0.3258749999997235,0.3258749999997235,-0.2516249999998763,0.2516249999998763,0.7280909020473558,16.648511231144663,53.0,MEDIUM
10/23/2025,11:28:44,10/23/2025,11:30:27,short,25180.0,25191.9,STOP,-11.9019,-242.04,0,11.901926,7.125,17.852889,-0.10424999999995635,0.10424999999995635,-0.005687500000021828,0.005687500000021828,-0.5977188453813582,17.7558628103944,53.0,MEDIUM
10/23/2025,11:31:05,10/23/2025,11:31:35,short,25191.25,25203.84,STOP,-12.5939,-255.88,0,12.593928,5.25,18.890892,0.05974999999998545,0.05974999999998545,-0.02681249999986903,0.02681249999986903,0.7412264200200518,18.28351248841151,54.0,LOW
10/23/2025,11:36:45,10/23/2025,11:43:50,long,25164.75,25149.16,STOP,-15.5871,-315.74,0,15.587122,6.5,23.380683,-0.004999999999927241,0.004999999999927241,0.07674999999999273,0.07674999999999273,0.11064788784932489,23.349811037836375,54.0,LOW
10/23/2025,11:43:50,10/23/2025,11:44:12,long,25147.0,25131.11,STOP,-15.8928,-321.86,0,15.892824,7.9,23.839237,-0.014624999999796273,0.014624999999796273,-0.03687499999996362,0.03687499999996362,0.08240254269178848,23.601682217301935,54.0,LOW
10/23/2025,11:52:15,10/23/2025,11:53:35,short,25177.75,25199.18,STOP,-21.4257,-432.51,0,21.425712,6.3,32.138569,-0.128125,0.128125,-0.11412500000005821,0.11412500000005821,-0.7540980233523911,32.63639734868531,54.0,LOW
10/23/2025,11:53:42,10/23/2025,11:56:44,short,25195.75,25216.18,STOP,-20.4302,-412.6,0,20.430198,5.425,30.645296,-0.10525000000016008,0.10525000000016008,-0.11668750000008003,0.11668750000008003,-1.9367270148425106,30.699670333842796,54.0,LOW
10/23/2025,12:25:11,10/23/2025,12:27:50,long,25203.0,25193.61,STOP,-9.3935,-191.87,0,9.393454,5.375,14.090181,0.175,0.175,0.3157499999999345,0.3157499999999345,-1.8923939474314242,14.049539483922787,54.0,LOW
10/23/2025,12:28:43,10/23/2025,12:32:23,long,25196.75,25212.34,TARGET,15.592,307.84,1,10.39468,6.425,15.59202,-0.09712499999986904,0.09712499999986904,0.020812500000101864,0.020812500000101864,1.4457036836827442,15.314210945066923,54.0,LOW
10/23/2025,12:32:47,10/23/2025,12:43:08,short,25217.75,25228.15,STOP,-10.3967,-211.93,0,10.396675,5.2,15.595012,-0.03862499999995635,0.03862499999995635,-0.06787499999991269,0.06787499999991269,0.13402315601644155,15.448234101083365,54.0,LOW
10/23/2025,12:43:42,10/23/2025,12:53:03,short,25226.25,25235.1,STOP,-8.8539,-181.08,0,8.85391,5.25,13.280865,0.19787499999983993,0.19787499999983993,0.19131249999991268,0.19131249999991268,0.06732842679060447,12.959960194028092,54.0,LOW
10/23/2025,13:08:01,10/23/2025,13:08:11,long,25207.5,25194.41,STOP,-13.0884,-265.77,0,13.088387,6.325,19.63258,0.29012499999989816,0.29012499999989816,0.28093749999989087,0.28093749999989087,-1.922428990138446,20.741892927122503,54.0,LOW
10/24/2025,09:30:00,10/24/2025,09:30:15,long,25459.25,25448.63,STOP,-10.615,-216.3,0,10.615004,5.3,15.922507,-0.2702500000003056,0.2702500000003056,-0.23431250000012369,0.23431250000012369,-4.265376778772531,15.849421944399651,54.0,LOW
10/24/2025,09:31:14,10/24/2025,09:31:30,long,25449.75,25436.28,STOP,-13.4685,-273.37,0,13.468492,7.675,20.202738,-0.37999999999992723,0.37999999999992723,-0.3662500000000364,0.3662500000000364,3.254765034341606,19.720260977591774,54.0,LOW
10/24/2025,09:33:56,10/24/2025,09:34:30,short,25473.75,25488.3,STOP,-14.5453,-294.91,0,14.545305,6.75,21.817958,-0.10099999999983993,0.10099999999983993,-0.17762499999989814,0.17762499999989814,-0.8421720378718653,21.369312354390605,54.0,LOW
10/24/2025,09:34:30,10/24/2025,09:36:38,short,25490.0,25505.27,STOP,-15.2674,-309.35,0,15.267436,5.875,22.901154,0.08400000000001455,0.08400000000001455,-0.03874999999989086,0.03874999999989086,0.5563411918269665,22.180019221950094,54.0,LOW
10/24/2025,09:47:29,10/24/2025,09:48:01,long,25500.0,25490.48,STOP,-9.5242,-194.48,0,9.524198,7.925,14.286297,0.37374999999992725,0.37374999999992725,0.4501250000001164,0.4501250000001164,-5.546247698059215,14.291911047649442,54.0,LOW
10/24/2025,09:51:06,10/24/2025,09:56:07,long,25477.75,25503.08,TARGET,25.3301,502.6,1,16.886762,6.6,25.330143,-0.53537499999984,0.53537499999984,-0.4011875000000146,0.4011875000000146,4.745384756490669,24.719540194434746,54.0,LOW
10/24/2025,09:56:22,10/24/2025,09:57:43,short,25508.5,25483.37,TARGET,25.1324,498.65,1,16.754939,7.175,25.132408,-0.17524999999986904,0.17524999999986904,-0.22600000000002182,0.22600000000002182,-0.4364103130800743,24.713860994291274,54.0,LOW
10/24/2025,09:57:43,10/24/2025,09:59:28,long,25489.0,25508.5,REVERSAL,19.5,386.0,1,16.35974,8.4,24.53961,-0.08924999999981083,0.08924999999981083,-0.1585624999999709,0.1585624999999709,-1.0494059325483818,23.948335723186528,54.0,LOW
10/24/2025,09:59:28,10/24/2025,10:00:56,short,25508.5,25524.05,STOP,-15.5479,-314.96,0,15.547936,9.15,23.321904,-0.12137499999989813,0.12137499999989813,-0.11450000000004365,0.11450000000004365,-0.6778903197975374,23.501738930876886,54.0,LOW
10/24/2025,10:01:04,10/24/2025,10:01:52,short,25513.5,25528.74,STOP,-15.238,-308.76,0,15.238041,8.225,22.857062,-0.017375000000174622,0.017375000000174622,-0.07450000000008003,0.07450000000008003,-0.30035552018082967,22.662152440358792,54.0,LOW
10/24/2025,10:20:26,10/24/2025,10:22:31,long,25514.5,25505.43,STOP,-9.0715,-185.43,0,9.071521,6.35,13.607282,0.2677500000001601,0.2677500000001601,0.28175000000010186,0.28175000000010186,-4.299143965946538,13.370094010710368,55.0,LOW
10/24/2025,10:23:44,10/24/2025,10:25:00,long,25513.75,25503.39,STOP,-10.3638,-211.28,0,10.363777,6.225,15.545665,-0.10724999999983993,0.10724999999983993,-0.03062499999996362,0.03062499999996362,1.4345545825757249,15.211942072334296,55.0,LOW
10/24/2025,10:39:36,10/24/2025,10:42:18,short,25511.5,25524.8,STOP,-13.2979,-269.96,0,13.297877,5.5,19.946815,-0.23237499999995634,0.23237499999995634,-0.3453750000000582,0.3453750000000582,-3.105506931956757,20.5777125741588,55.0,LOW
10/24/2025,10:45:31,10/24/2025,10:50:29,short,25528.5,25504.08,TARGET,24.423,484.46,1,16.281989,4.425,24.422983,0.2163749999999709,0.2163749999999709,0.1311250000000655,0.1311250000000655,4.235031675064498,24.005105617185936,55.0,LOW
10/24/2025,10:52:08,10/24/2025,10:53:20,long,25494.0,25476.73,STOP,-17.2683,-349.37,0,17.268324,5.7,25.902485,0.03087500000001455,0.03087500000001455,0.09875000000010914,0.09875000000010914,-0.32028780902525256,26.02996251769185,55.0,LOW
10/24/2025,10:56:14,10/24/2025,10:56:50,long,25472.5,25450.97,STOP,-21.5313,-434.63,0,21.53134,5.575,32.29701,-0.2763749999998254,0.2763749999998254,-0.18337499999997817,0.18337499999997817,4.943852889916929,32.02323397185293,55.0,LOW
10/24/2025,11:09:30,10/24/2025,11:14:21,short,25485.5,25500.22,STOP,-14.72,-298.4,0,14.720028,8.425,22.080042,-0.48924999999981084,0.48924999999981084,-0.5084999999999127,0.5084999999999127,-8.090567805525598,23.384026191927845,55.0,LOW
10/24/2025,11:19:31,10/24/2025,11:22:06,short,25512.25,25533.94,STOP,-21.6904,-437.81,0,21.69043,5.125,32.535646,0.4817500000001019,0.4817500000001019,0.41118750000005094,0.41118750000005094,6.0585492260677825,32.26711798782868,55.0,LOW
10/24/2025,11:42:21,10/24/2025,11:45:06,long,25525.0,25514.86,STOP,-10.1433,-206.87,0,10.143314,5.65,15.214971,0.41862499999988356,0.41862499999988356,0.4432499999998981,0.4432499999998981,-8.194819309328562,16.00151481421234,55.0,LOW
10/24/2025,11:45:09,10/24/2025,11:45:10,long,25518.0,25508.93,STOP,-9.0725,-185.45,0,9.07254,6.7,13.608809,0.12574999999997089,0.12574999999997089,0.27218749999992725,0.27218749999992725,-2.5751453569518414,13.426369457260497,55.0,LOW
10/27/2025,09:30:01,10/27/2025,09:30:06,long,25831.5,25840.5,REVERSAL,9.0,176.0,1,8.619185,6.9,12.928777,-0.08912500000005821,0.08912500000005821,-0.03212500000008731,0.03212500000008731,0.8913055030595025,12.550823366909594,55.0,LOW
10/27/2025,09:30:06,10/27/2025,09:30:10,short,25840.5,25849.01,STOP,-8.5064,-174.13,0,8.506402,7.5,12.759602,-0.12125000000014552,0.12125000000014552,-0.05200000000004366,0.05200000000004366,0.7995536149736715,12.463415052574074,55.0,LOW
10/27/2025,09:30:39,10/27/2025,09:30:58,short,25843.5,25852.49,STOP,-8.9859,-183.72,0,8.985896,7.375,13.478843,0.02275000000008731,0.02275000000008731,-0.051124999999956344,0.051124999999956344,0.5647815334307573,12.927100546952971,55.0,LOW
10/27/2025,09:34:16,10/27/2025,09:34:58,long,25830.25,25819.88,STOP,-10.3743,-211.49,0,10.374264,7.35,15.561396,0.10212499999979627,0.10212499999979627,0.1656874999998763,0.1656874999998763,-0.12850307992234633,15.36172235703916,55.0,LOW
10/27/2025,09:34:58,10/27/2025,09:35:07,long,25819.0,25808.2,STOP,-10.7952,-219.9,0,10.795237,6.85,16.192856,-0.037000000000261934,0.037000000000261934,0.06381249999994906,0.06381249999994906,0.5278915044795269,15.748790862572825,55.0,LOW
10/27/2025,09:38:46,10/27/2025,09:41:50,short,25842.25,25816.07,TARGET,26.1817,519.63,1,17.454456,6.775,26.181684,-0.020375000000058208,0.020375000000058208,-0.11962499999990542,0.11962499999990542,0.05009876923521972,26.16464232694895,55.0,LOW
10/27/2025,09:41:50,10/27/2025,09:44:19,long,25815.5,25837.25,REVERSAL,21.75,431.0,1,16.618262,7.375,24.927392,-0.13962500000016007,0.13962500000016007,-0.027687499999956344,0.027687499999956344,-1.0112699583389215,24.869884330082655,55.0,LOW
10/27/2025,09:44:19,10/27/2025,09:50:23,short,25837.25,25815.94,TARGET,21.3059,422.12,1,14.203917,7.725,21.305875,-0.3115000000001601,0.3115000000001601,-0.24131250000009458,0.24131250000009458,-3.200052717124059,21.713612119623654,55.0,LOW
10/27/2025,09:51:02,10/27/2025,09:52:21,long,25814.5,25833.41,TARGET,18.9102,374.2,1,12.606788,6.475,18.910182,-0.002125000000160071,0.002125000000160071,-0.029312500000014553,0.029312500000014553,-0.11561996168487454,18.835657643621417,55.0,LOW
10/27/2025,09:52:21,10/27/2025,09:55:16,short,25834.5,25845.55,STOP,-11.0522,-225.04,0,11.052227,7.5,16.578341,0.12287500000020372,0.12287500000020372,0.034812500000043656,0.034812500000043656,-1.6917713491142479,17.257201218488966,55.0,LOW
10/27/2025,09:56:29,10/27/2025,09:57:03,short,25836.25,25844.99,STOP,-8.7427,-178.85,0,8.742711,6.025,13.114067,0.3327500000003056,0.3327500000003056,0.3226875000000291,0.3226875000000291,-1.3420342810790622,13.00779594149133,56.0,LOW
10/27/2025,10:16:49,10/27/2025,10:17:38,long,25847.25,25838.18,STOP,-9.0653,-185.31,0,9.065306,6.275,13.597959,0.234375,0.234375,0.3165625000001455,0.3165625000001455,-3.379998962958176,13.538089531543136,56.0,LOW
10/27/2025,10:18:33,10/27/2025,10:19:50,long,25844.75,25835.8,STOP,-8.9506,-183.01,0,8.950637,6.9,13.425955,-0.0026250000002619343,0.0026250000002619343,0.11587499999986903,0.11587499999986903,0.06115947050768966,13.599249002050826,56.0,LOW
10/27/2025,10:28:31,10/27/2025,10:31:34,short,25860.0,25873.01,STOP,-13.0121,-264.24,0,13.012085,7.275,19.518128,-0.28412500000013097,0.28412500000013097,-0.2680625000000873,0.2680625000000873,-1.8790155075013857,19.51696194442259,56.0,LOW
10/27/2025,10:31:50,10/27/2025,10:33:07,short,25862.0,25874.74,STOP,-12.7411,-258.82,0,12.741106,6.95,19.111659,-0.004874999999810825,0.004874999999810825,-0.05962499999986903,0.05962499999986903,-0.15217778231948742,18.78731692557215,56.0,LOW
10/27/2025,10:52:05,10/27/2025,10:59:02,long,25865.25,25851.94,STOP,-13.3126,-270.25,0,13.312592,4.625,19.968889,0.3502500000002328,0.3502500000002328,0.38806250000016007,0.38806250000016007,-5.810892670922087,20.78211326573384,56.0,LOW
10/27/2025,11:00:03,10/27/2025,11:02:44,long,25865.0,25878.86,TARGET,13.8648,273.3,1,9.243199,5.225,13.864798,-0.07537499999998545,0.07537499999998545,0.008499999999912689,0.008499999999912689,1.8785456677755619,13.760798816211544,56.0,LOW
10/27/2025,11:03:23,10/27/2025,11:12:22,short,25882.75,25892.15,STOP,-9.3974,-191.95,0,9.39741,5.875,14.096115,-0.03237499999995634,0.03237499999995634,-0.05287499999994907,0.05287499999994907,0.1415691379503734,13.870747053897766,56.0,LOW
10/27/2025,11:12:48,10/27/2025,11:15:07,short,25886.5,25896.01,STOP,-9.5109,-194.22,0,9.510881,4.425,14.266321,0.015375000000130968,0.015375000000130968,0.0020000000000436557,0.0020000000000436557,0.49108706540994973,14.123733334126868,56.0,LOW
10/27/2025,11:54:22,10/27/2025,12:00:28,long,25889.75,25899.3,TARGET,9.5505,187.01,1,6.366991,4.3,9.550486,0.09462499999972351,0.09462499999972351,0.14474999999983992,0.14474999999983992,-0.7658433156175892,9.649632711144074,56.0,LOW
10/27/2025,12:00:57,10/27/2025,12:02:56,short,25899.0,25905.07,STOP,-6.0706,-125.41,0,6.070595,4.925,9.105892,0.031499999999869036,0.031499999999869036,0.04131249999991269,0.04131249999991269,-0.270353796045816,9.33316116089319,56.0,LOW
10/27/2025,12:02:56,10/27/2025,12:07:13,short,25904.5,25910.09,STOP,-5.5892,-115.78,0,5.589164,4.075,8.383745,0.10687499999985448,0.10687499999985448,0.06443749999998545,0.06443749999998545,-0.9650554317071673,8.585734871129226,56.0,LOW
10/27/2025,13:10:20,10/27/2025,13:10:52,long,25905.0,25900.67,STOP,-4.3327,-90.65,0,4.332693,3.925,6.499039,0.08225000000020373,0.08225000000020373,0.1383125000000291,0.1383125000000291,-0.3020967618709456,6.355958601730922,56.0,LOW
10/27/2025,13:10:59,10/27/2025,13:16:04,long,25907.0,25910.5,REVERSAL,3.5,66.0,1,4.4274,4.125,6.6411,0.02999999999992724,0.02999999999992724,0.10437499999989086,0.10437499999989086,-0.027558302148491975,6.460099031075974,56.0,LOW
10/27/2025,13:16:04,10/27/2025,13:18:17,short,25910.5,25903.84,TARGET,6.6616,129.23,1,4.441044,4.1,6.661565,-0.005875000000014552,0.005875000000014552,0.04681250000012369,0.04681250000012369,0.07020512000436341,6.4784528309019365,56.0,LOW
10/27/2025,13:18:17,10/27/2025,13:19:28,long,25905.25,25900.8,STOP,-4.4459,-92.92,0,4.445882,3.7,6.668823,-0.007624999999825377,0.007624999999825377,0.02181250000012369,0.02181250000012369,0.13309794845425316,6.4858138093614635,56.0,LOW
10/27/2025,13:19:28,10/27/2025,13:21:42,long,25900.5,25896.02,STOP,-4.4758,-93.52,0,4.475832,3.625,6.713747,0.002125000000160071,0.002125000000160071,0.00843750000003638,0.00843750000003638,0.04088103794678233,6.520601057885594,56.0,LOW
10/27/2025,13:36:48,10/27/2025,13:39:44,short,25911.0,25916.47,STOP,-5.4733,-113.47,0,5.473282,3.9,8.209923,-0.027000000000043656,0.027000000000043656,-0.03500000000003638,0.03500000000003638,0.20521243710786763,8.116266911757704,56.0,LOW
10/27/2025,13:39:44,10/27/2025,13:41:21,short,25914.0,25919.58,STOP,-5.5762,-115.52,0,5.576231,3.3,8.364346,-0.002750000000014552,0.002750000000014552,-0.014374999999927241,0.014374999999927241,0.01640135701861567,8.147857678410386,56.0,LOW
10/27/2025,15:15:01,10/27/2025,15:15:41,long,25928.75,25923.66,STOP,-5.0901,-105.8,0,5.090144,3.55,7.635216,0.075,0.075,0.07474999999994907,0.07474999999994907,-0.03025512037952449,7.438062397322079,56.0,LOW
10/27/2025,15:16:03,10/27/2025,15:22:19,long,25927.0,25921.62,STOP,-5.3812,-111.62,0,5.381205,3.225,8.071808,-0.010249999999723513,0.010249999999723513,0.048562500000116415,0.048562500000116415,0.3317024305752998,7.851066367529123,57.0,MEDIUM
10/27/2025,15:37:02,10/27/2025,15:37:14,short,25933.0,25939.13,STOP,-6.1287,-126.57,0,6.128695,2.7,9.193042,-0.06350000000020373,0.06350000000020373,-0.05887500000008004,0.05887500000008004,-0.0914110296843873,9.09523063926388,57.0,MEDIUM
10/27/2025,15:37:14,10/27/2025,15:37:28,short,25938.0,25944.17,STOP,-6.1679,-127.36,0,6.167889,3.25,9.251833,-0.039625000000160074,0.039625000000160074,-0.05125000000007276,0.05125000000007276,-0.06337799514323095,9.115633981316208,57.0,MEDIUM
10/28/2025,09:30:00,10/28/2025,09:30:04,short,26051.5,26069.99,STOP,-18.4931,-373.86,0,18.493097,5.725,27.739645,0.508875000000262,0.508875000000262,0.5355000000001382,0.5355000000001382,-1.3946217349058685,28.416602201335216,57.0,MEDIUM
10/28/2025,09:30:23,10/28/2025,09:31:15,short,26068.5,26087.88,STOP,-19.3836,-391.67,0,19.383584,7.275,29.075376,0.6193749999998545,0.6193749999998545,0.5662500000000363,0.5662500000000363,0.7276238721312112,28.87803529862692,57.0,MEDIUM
10/28/2025,09:35:45,10/28/2025,09:41:15,long,26051.75,26074.05,TARGET,22.3035,442.07,1,14.869,6.775,22.303499,0.3342499999998836,0.3342499999998836,0.47124999999996364,0.47124999999996364,-3.9647403602784337,22.44960413801354,57.0,MEDIUM
10/28/2025,09:42:36,10/28/2025,09:47:11,short,26078.0,26060.54,TARGET,17.4551,345.1,1,11.636741,5.925,17.455112,0.22787500000013097,0.22787500000013097,0.1858125000000655,0.1858125000000655,-2.32055334231406,17.611092174233107,57.0,MEDIUM
10/28/2025,09:47:11,10/28/2025,09:48:22,long,26059.5,26048.01,STOP,-11.4917,-233.83,0,11.491652,7.025,17.237478,0.042625000000043656,0.042625000000043656,0.10837499999997817,0.10837499999997817,0.03388021559361576,17.111811011414073,57.0,MEDIUM
10/28/2025,09:49:09,10/28/2025,09:51:00,long,26049.75,26037.54,STOP,-12.2113,-248.23,0,12.211258,6.35,18.316887,-0.35987500000010186,0.35987500000010186,-0.2273750000000291,0.2273750000000291,1.102052873991429,18.148478017761082,57.0,MEDIUM
10/28/2025,09:56:04,10/28/2025,09:57:50,short,26075.0,26053.31,TARGET,21.687,429.74,1,14.458026,6.75,21.687039,-0.09887500000004365,0.09887500000004365,-0.17681250000005094,0.17681250000005094,1.2987899472412217,21.210397156832954,57.0,MEDIUM
10/28/2025,09:59:44,10/28/2025,10:20:36,short,26068.25,26052.75,REVERSAL,15.5,306.0,1,15.200267,6.175,22.800401,-0.03600000000005821,0.03600000000005821,0.042437500000050934,0.042437500000050934,-0.22568331896987814,22.62731426745934,57.0,MEDIUM
10/28/2025,10:20:36,10/28/2025,10:27:04,long,26052.75,26042.56,STOP,-10.1926,-207.85,0,10.192638,6.2,15.288957,0.2334999999999127,0.2334999999999127,0.22856250000004366,0.22856250000004366,-3.774912268909656,15.415474583548818,57.0,MEDIUM
10/28/2025,10:34:26,10/28/2025,10:40:17,long,26034.25,26020.3,STOP,-13.9517,-283.03,0,13.951733,4.8,20.927599,-0.3748749999998836,0.3748749999998836,-0.33856250000008004,0.33856250000008004,4.136994859785954,20.699363516003302,57.0,MEDIUM
10/28/2025,10:49:18,10/28/2025,10:50:26,short,26041.75,26024.83,TARGET,16.9246,334.49,1,11.283035,5.05,16.924552,-0.25424999999995634,0.25424999999995634,-0.33374999999996363,0.33374999999996363,-3.094483175136304,17.191334162763347,57.0,MEDIUM
10/28/2025,10:50:26,10/28/2025,10:52:35,long,26028.25,26036.0,REVERSAL,7.75,151.0,1,10.066987,5.85,15.10048,-0.18074999999989813,0.18074999999989813,-0.27150000000001456,0.27150000000001456,-2.820475782647634,15.574570760936755,57.0,MEDIUM
10/28/2025,10:52:35,10/28/2025,10:54:51,short,26036.0,26045.75,STOP,-9.7462,-198.92,0,9.746182,6.15,14.619273,-0.16837500000001454,0.16837500000001454,-0.1991250000000946,0.1991250000000946,-2.2368704401292767,14.731900470133532,57.0,MEDIUM
10/28/2025,10:54:51,10/28/2025,11:08:07,short,26044.75,26054.22,STOP,-9.4651,-193.3,0,9.465126,5.525,14.19769,-0.08174999999973806,0.08174999999973806,-0.1359999999998763,0.1359999999998763,-0.9577229664275908,14.306555910850621,57.0,MEDIUM
10/28/2025,11:32:13,10/28/2025,11:33:15,long,26034.5,26028.38,STOP,-6.1203,-126.41,0,6.120343,5.5,9.180515,0.1538749999999709,0.1538749999999709,0.19724999999998544,0.19724999999998544,-2.087301148472479,8.791709807550419,57.0,MEDIUM
10/28/2025,11:36:04,10/28/2025,11:37:33,long,26030.0,26043.33,TARGET,13.3346,262.69,1,8.889748,6.0,13.334622,-0.11912499999998545,0.11912499999998545,-0.06412499999987631,0.06412499999987631,3.7113266117128205,13.002881541677827,57.0,MEDIUM
10/28/2025,11:37:43,10/28/2025,11:41:17,short,26046.75,26033.33,TARGET,13.4223,264.45,1,8.948205,5.85,13.422307,-0.10375000000021828,0.10375000000021828,-0.09181250000001455,0.09181250000001455,1.6738181855002985,13.207174551633052,57.0,MEDIUM
10/28/2025,11:41:17,10/28/2025,11:46:59,long,26035.0,26045.5,REVERSAL,10.5,206.0,1,9.203082,4.925,13.804623,0.10812499999992724,0.10812499999992724,0.018375000000014553,0.018375000000014553,0.3562621334121925,13.611011876247913,58.0,MEDIUM
10/28/2025,11:46:59,10/28/2025,11:56:12,short,26045.5,26054.49,STOP,-8.9864,-183.73,0,8.986371,4.8,13.479557,-0.08699999999989813,0.08699999999989813,-0.0009374999999636202,0.0009374999999636202,-0.38031002744418885,13.269333401756715,58.0,MEDIUM
10/28/2025,11:57:05,10/28/2025,11:59:46,short,26054.0,26063.33,STOP,-9.3342,-190.68,0,9.334163,5.0,14.001245,0.028250000000116415,0.028250000000116415,0.02806250000012369,0.02806250000012369,0.31688606594397584,13.594745370258206,58.0,MEDIUM
10/28/2025,12:31:59,10/28/2025,12:32:25,long,26085.25,26110.0,REVERSAL,24.75,491.0,1,20.160508,9.4,30.240761,0.39975000000013095,0.39975000000013095,0.5391875000001164,0.5391875000001164,0.5633058532992088,30.49593023213462,58.0,MEDIUM
10/28/2025,12:32:25,10/28/2025,12:47:35,short,26110.0,26129.78,STOP,-19.7835,-399.67,0,19.783539,9.925,29.675308,0.2257499999999709,0.2257499999999709,0.39412499999998546,0.39412499999998546,-0.5625076232151471,30.04044384499317,58.0,MEDIUM
10/28/2025,12:47:35,10/28/2025,12:59:18,short,26130.75,26109.03,TARGET,21.7202,430.4,1,14.480111,5.05,21.720167,0.46450000000004366,0.46450000000004366,0.37543749999986176,0.37543749999986176,-3.469609173114357,22.012188225027334,58.0,MEDIUM
10/28/2025,13:00:57,10/28/2025,13:10:16,short,26121.25,26104.58,TARGET,16.665,329.3,1,11.110018,4.975,16.665027,-0.10012500000011641,0.10012500000011641,0.0944999999999709,0.0944999999999709,-2.0060511673676515,16.90176946743943,58.0,MEDIUM
10/28/2025,13:10:16,10/28/2025,13:11:14,long,26105.5,26121.92,TARGET,16.4202,324.4,1,10.946825,4.75,16.420237,-0.015874999999869032,0.015874999999869032,-0.07462500000001455,0.07462500000001455,-0.08432002109188019,16.1656864053065,58.0,MEDIUM
10/28/2025,13:11:14,10/28/2025,13:11:57,short,26121.5,26131.42,STOP,-9.9199,-202.4,0,9.919929,4.9,14.879894,0.022624999999970898,0.022624999999970898,-0.0001249999999345164,0.0001249999999345164,-0.7190667483666111,15.60223919662372,58.0,MEDIUM
10/28/2025,13:13:11,10/28/2025,13:18:11,short,26129.5,26140.02,STOP,-10.5178,-214.36,0,10.517799,5.15,15.776699,0.2737499999999272,0.2737499999999272,0.14818749999994907,0.14818749999994907,-0.18598693300467062,15.41625226361905,58.0,MEDIUM
10/28/2025,15:03:16,10/28/2025,15:04:16,long,26181.75,26188.86,TARGET,7.1094,138.19,1,4.739618,4.575,7.109426,0.15287500000013096,0.15287500000013096,0.21612499999991996,0.21612499999991996,-1.777957608479328,6.946973158899997,58.0,MEDIUM
10/28/2025,15:04:16,10/28/2025,15:05:21,short,26190.0,26194.72,STOP,-4.7222,-98.44,0,4.722155,4.425,7.083233,0.11337499999972352,0.11337499999972352,0.1929999999998472,0.1929999999998472,-1.5954769687667891,6.840797099932983,58.0,MEDIUM
10/28/2025,15:15:28,10/28/2025,15:26:36,short,26204.25,26213.53,STOP,-9.2779,-189.56,0,9.277943,3.9,13.916914,0.24075000000011643,0.24075000000011643,0.25,0.25,2.4299376961635346,13.753198336177228,58.0,MEDIUM
10/28/2025,15:40:34,10/28/2025,15:41:06,long,26202.25,26191.75,STOP,-10.4985,-213.97,0,10.498458,4.0,15.747687,0.22162499999976717,0.22162499999976717,0.2737499999999272,0.2737499999999272,-2.840548401999687,16.33131521043733,58.0,MEDIUM
10/28/2025,15:42:56,10/28/2025,15:50:00,long,26191.75,26179.31,STOP,-12.4379,-252.76,0,12.437872,4.45,18.656807,-0.1544999999998254,0.1544999999998254,-0.04375,0.04375,3.070337671592606,18.238834807628535,58.0,MEDIUM
10/29/2025,09:30:02,10/29/2025,09:33:00,short,26280.25,26290.98,STOP,-10.7252,-218.5,0,10.725226,6.175,16.087839,0.10124999999970896,0.10124999999970896,0.1711249999998472,0.1711249999998472,-1.0173556453502712,15.987792281761564,58.0,MEDIUM
10/29/2025,09:33:06,10/29/2025,09:33:30,short,26279.0,26288.43,STOP,-9.4274,-192.55,0,9.427387,5.7,14.14108,0.041125000000101865,0.041125000000101865,-0.03412499999994907,0.03412499999994907,0.7369088347476254,13.966644997907062,58.0,MEDIUM
10/29/2025,09:37:12,10/29/2025,09:37:31,long,26267.5,26260.2,STOP,-7.2957,-149.91,0,7.295658,5.8,10.943486,0.09162499999983993,0.09162499999983993,0.16506250000002182,0.16506250000002182,-0.998297002841193,10.472851770076412,58.0,MEDIUM
10/29/2025,09:38:16,10/29/2025,09:39:10,long,26266.75,26279.18,TARGET,12.4276,244.55,1,8.285077,6.6,12.427615,-0.08024999999979628,0.08024999999979628,0.005687500000021828,0.005687500000021828,1.3324165451360042,11.805268315212416,58.0,MEDIUM
10/29/2025,09:39:30,10/29/2025,09:39:54,short,26282.5,26270.44,TARGET,12.0584,237.17,1,8.03891,6.25,12.058365,0.009000000000014552,0.009000000000014552,-0.013500000000021828,0.013500000000021828,0.17536043294442116,11.538041664355035,58.0,MEDIUM
10/29/2025,09:40:01,10/29/2025,09:41:33,long,26266.75,26278.29,TARGET,11.5386,226.77,1,7.692374,6.25,11.538561,0.10100000000020373,0.10100000000020373,0.007687500000065484,0.007687500000065484,-0.8386820017049512,11.081015542264247,59.0,MEDIUM
10/29/2025,09:41:49,10/29/2025,09:43:00,long,26273.0,26265.66,STOP,-7.3432,-150.86,0,7.343218,5.875,11.014827,0.00437500000007276,0.00437500000007276,0.05493750000005093,0.05493750000005093,-0.3278832375929124,10.572513370552295,59.0,MEDIUM
10/29/2025,09:43:00,10/29/2025,09:43:25,long,26263.5,26274.46,TARGET,10.9634,215.27,1,7.308955,6.475,10.963432,-0.058250000000043656,0.058250000000043656,0.003312499999992724,0.003312499999992724,-0.2885536481230915,10.318760973753161,59.0,MEDIUM
10/29/2025,09:43:40,10/29/2025,09:45:01,long,26272.25,26280.25,REVERSAL,8.0,156.0,1,7.292686,6.375,10.93903,-0.07550000000010186,0.07550000000010186,-0.02587500000008731,0.02587500000008731,-0.20540775842049364,10.41019901426257,59.0,MEDIUM
10/29/2025,09:45:01,10/29/2025,09:45:55,short,26280.25,26269.34,TARGET,10.9117,214.23,1,7.274442,6.225,10.911662,-0.029500000000189174,0.029500000000189174,-0.029125000000021828,0.029125000000021828,-0.050417267729663706,10.35436333665035,59.0,MEDIUM
10/29/2025,09:46:31,10/29/2025,09:47:02,short,26279.25,26286.45,STOP,-7.1991,-147.98,0,7.199067,6.45,10.798601,0.01675000000032014,0.01675000000032014,-0.006374999999934516,0.006374999999934516,0.029059410600625668,10.383422747250975,59.0,MEDIUM
10/29/2025,09:47:07,10/29/2025,09:48:08,short,26283.0,26272.01,TARGET,10.9901,215.8,1,7.326757,6.375,10.990136,0.006374999999752618,0.006374999999752618,0.008812500000021827,0.008812500000021827,-0.029894041439456842,10.363506053497645,59.0,MEDIUM
10/29/2025,09:48:40,10/29/2025,09:49:08,long,26267.0,26277.41,TARGET,10.4081,204.16,1,6.938721,5.1,10.408082,-0.044874999999956346,0.044874999999956346,-0.02124999999996362,0.02124999999996362,-0.5022380282899714,9.910128071981724,59.0,MEDIUM
10/29/2025,09:49:08,10/29/2025,09:50:58,short,26279.5,26269.56,TARGET,9.941,194.82,1,6.627346,5.625,9.941019,-0.11187499999978172,0.11187499999978172,-0.04681249999994179,0.04681249999994179,-1.2135152773919469,9.603757508904016,59.0,MEDIUM
10/29/2025,09:50:58,10/29/2025,09:51:14,long,26267.5,26277.15,TARGET,9.65,189.0,1,6.43334,5.475,9.650011,-0.04050000000024738,0.04050000000024738,-0.07618750000001455,0.07618750000001455,-0.6395896157042387,8.964167893199777,59.0,MEDIUM
10/29/2025,09:51:14,10/29/2025,09:51:19,short,26282.5,26289.01,STOP,-6.5069,-134.14,0,6.506925,6.275,9.760387,-0.033625000000029104,0.033625000000029104,-0.07712499999997817,0.07712499999997817,-0.29670278261679073,8.913993000695463,59.0,MEDIUM
10/29/2025,09:51:41,10/29/2025,09:52:24,short,26283.75,26291.38,STOP,-7.6274,-156.55,0,7.627424,7.45,11.441136,0.08212499999972352,0.08212499999972352,0.01499999999996362,0.01499999999996362,1.5535968311354456,10.530524282775302,59.0,MEDIUM
10/29/2025,10:04:31,10/29/2025,10:08:19,long,26288.75,26272.98,STOP,-15.7733,-319.47,0,15.773288,5.5,23.659932,0.1907500000001164,0.1907500000001164,0.3098125000000437,0.3098125000000437,-0.9124761664395713,24.02000052691152,59.0,MEDIUM
10/29/2025,10:08:50,10/29/2025,10:14:11,long,26277.75,26298.36,TARGET,20.6067,408.13,1,13.737791,5.6,20.606686,0.03237499999995634,0.03237499999995634,0.07531249999992724,0.07531249999992724,-0.7362884406631309,20.41598775452702,59.0,MEDIUM
10/29/2025,10:14:43,10/29/2025,10:27:16,long,26283.75,26293.25,REVERSAL,9.5,186.0,1,15.460402,5.8,23.190603,-0.04099999999998545,0.04099999999998545,-0.08243750000001455,0.08243750000001455,0.3059098258630293,23.2799424410244,59.0,MEDIUM
10/29/2025,10:27:16,10/29/2025,10:31:07,short,26293.25,26300.75,STOP,-7.4953,-153.91,0,7.49527,6.8,11.242905,-0.3391250000000582,0.3391250000000582,-0.2850000000000364,0.2850000000000364,-6.794486392795497,12.014029850481949,59.0,MEDIUM
10/29/2025,10:32:36,10/29/2025,10:34:22,short,26295.75,26302.99,STOP,-7.2425,-148.85,0,7.242487,5.725,10.863731,0.050749999999970895,0.050749999999970895,-0.08131250000005821,0.08131250000005821,0.5703037640555593,10.592420600883543,59.0,MEDIUM
10/29/2025,10:42:53,10/29/2025,10:44:02,long,26283.5,26275.44,STOP,-8.0618,-165.24,0,8.061793,5.6,12.092689,0.15,0.15,0.1875625000000582,0.1875625000000582,-0.6060326128246842,11.98934833981334,59.0,MEDIUM
10/29/2025,10:45:03,10/29/2025,10:46:19,long,26282.5,26274.39,STOP,-8.1074,-166.15,0,8.107396,5.175,12.161094,0.0,0.0,0.075,0.075,-0.1750832345675839,11.814265105245756,59.0,MEDIUM
10/29/2025,11:19:34,10/29/2025,11:24:06,short,26266.75,26276.64,STOP,-9.8856,-201.71,0,9.885561,5.175,14.828342,-0.07337499999994179,0.07337499999994179,-0.06731249999993452,0.06731249999993452,-0.07104275787502345,15.162167398950032,59.0,MEDIUM
10/29/2025,11:24:29,10/29/2025,11:28:33,short,26271.5,26256.86,TARGET,14.6415,288.83,1,9.761014,4.725,14.641521,-0.01862500000024738,0.01862500000024738,-0.05150000000012369,0.05150000000012369,-0.28307792458871894,14.366975376040571,60.0,MEDIUM
10/29/2025,11:29:56,10/29/2025,11:33:05,long,26250.25,26240.39,STOP,-9.8574,-201.15,0,9.857388,4.975,14.786082,-0.015874999999869032,0.015874999999869032,-0.0014374999998835846,0.0014374999998835846,-0.03422402839637506,14.448744978572776,60.0,MEDIUM
10/29/2025,11:33:05,10/29/2025,11:37:16,long,26244.0,26234.07,STOP,-9.927,-202.54,0,9.927007,6.525,14.890511,-0.14050000000024737,0.14050000000024737,-0.07818750000005821,0.07818750000005821,0.26793285499614505,14.716677833568921,60.0,MEDIUM
10/29/2025,12:20:10,10/29/2025,12:24:37,short,26237.0,26247.82,STOP,-10.8189,-220.38,0,10.818922,5.775,16.228383,-0.06762500000004365,0.06762500000004365,-0.13099999999994907,0.13099999999994907,-0.3605941572807456,15.94779077145071,60.0,MEDIUM
10/29/2025,12:29:46,10/29/2025,12:44:19,short,26246.0,26258.33,STOP,-12.3304,-250.61,0,12.330374,4.25,18.495561,0.08937499999992723,0.08937499999992723,0.03687499999996362,0.03687499999996362,2.0283297404241623,18.188589352100855,60.0,MEDIUM
10/29/2025,13:20:23,10/29/2025,13:23:07,long,26247.0,26239.83,STOP,-7.1739,-147.48,0,7.173868,5.15,10.760801,0.23237500000032013,0.23237500000032013,0.28993750000008733,0.28993750000008733,-2.330112494272802,11.24002252929858,60.0,MEDIUM
10/29/2025,13:34:24,10/29/2025,13:42:05,long,26234.5,26252.98,TARGET,18.4764,365.53,1,12.317594,5.8,18.476391,-0.23662499999991268,0.23662499999991268,-0.20493750000005093,0.20493750000005093,3.7131998872823253,18.279773617530186,60.0,MEDIUM
10/29/2025,13:47:44,10/29/2025,14:00:07,short,26258.5,26271.14,STOP,-12.635,-256.7,0,12.635035,5.75,18.952553,-0.0029999999998835845,0.0029999999998835845,-0.07931250000001455,0.07931250000001455,0.011808683091864225,18.977883619908155,60.0,MEDIUM
10/29/2025,14:00:38,10/29/2025,14:01:19,short,26273.0,26252.81,TARGET,20.1894,399.79,1,13.459633,15.375,20.189449,0.08025000000016007,0.08025000000016007,0.02587500000008731,0.02587500000008731,1.2644574162796332,19.97690425877,60.0,MEDIUM
10/29/2025,14:01:19,10/29/2025,14:01:53,short,26249.5,26263.03,STOP,-13.525,-274.5,0,13.525044,18.025,20.287566,0.16612499999973807,0.16612499999973807,0.05424999999995635,0.05424999999995635,2.0005700283040717,20.515341731913797,60.0,MEDIUM
10/29/2025,14:01:53,10/29/2025,14:02:49,short,26266.0,26245.64,TARGET,20.3588,403.18,1,13.572502,14.4,20.358753,0.12162500000013096,0.12162500000013096,0.04875000000010914,0.04875000000010914,1.7228113959243743,20.40586791197627,60.0,MEDIUM
10/29/2025,14:02:49,10/29/2025,14:03:02,short,26243.75,26237.25,REVERSAL,6.5,126.0,1,13.711802,13.375,20.567704,0.028999999999723514,0.028999999999723514,0.0688124999998763,0.0688124999998763,0.4936005605427276,20.625091148200102,60.0,MEDIUM
10/29/2025,14:03:02,10/29/2025,14:03:06,long,26237.25,26223.49,STOP,-13.7639,-279.28,0,13.763941,13.625,20.645911,0.008499999999912689,0.008499999999912689,0.07325000000000728,0.07325000000000728,0.27474981871658244,20.59203725977524,60.0,MEDIUM
10/29/2025,14:03:20,10/29/2025,14:05:09,long,26238.0,26223.86,STOP,-14.1398,-286.8,0,14.13984,13.325,21.20976,-0.07324999999982537,0.07324999999982537,0.04287500000009459,0.04287500000009459,0.6612502887514253,21.146144926241718,60.0,MEDIUM
10/29/2025,14:08:24,10/29/2025,14:12:48,short,26251.0,26228.56,TARGET,22.4428,444.86,1,14.961847,11.525,22.442771,-0.24187499999970896,0.24187499999970896,-0.2744375000000218,0.2744375000000218,-0.3408935819607777,22.32018574509305,60.0,MEDIUM
10/29/2025,14:12:48,10/29/2025,14:15:00,long,26228.0,26213.05,STOP,-14.9475,-302.95,0,14.94751,10.75,22.421266,-0.0796249999999418,0.0796249999999418,-0.16074999999982537,0.16074999999982537,-0.45989005556243967,21.86029568953061,60.0,MEDIUM
10/29/2025,14:15:33,10/29/2025,14:16:44,long,26217.25,26240.36,TARGET,23.1054,458.11,1,15.403632,11.4,23.105448,-0.05137500000018917,0.05137500000018917,-0.09256249999998545,0.09256249999998545,0.5446057346699966,22.392340267024274,60.0,MEDIUM
10/29/2025,14:18:19,10/29/2025,14:20:25,short,26255.25,26232.84,TARGET,22.4139,444.28,1,14.942592,10.075,22.413889,0.045249999999941795,0.045249999999941795,-0.01062500000007276,0.01062500000007276,-0.2540490812691054,21.85140901473201,60.0,MEDIUM
10/29/2025,14:20:25,10/29/2025,14:30:14,long,26232.5,26254.57,TARGET,22.0683,437.37,1,14.712185,8.25,22.068278,0.13962500000016007,0.13962500000016007,0.04343750000007276,0.04343750000007276,-0.957134660947915,21.520897842985157,60.0,MEDIUM
10/29/2025,14:30:14,10/29/2025,14:33:02,short,26255.75,26270.79,STOP,-15.0432,-304.86,0,15.043245,9.9,22.564867,-0.1453750000000582,0.1453750000000582,-0.0921249999999418,0.0921249999999418,-0.07125928910387458,21.7337859808369,60.0,MEDIUM
10/29/2025,14:35:07,10/29/2025,14:35:24,short,26260.75,26237.5,TARGET,23.2451,460.9,1,15.496717,9.65,23.245075,0.058250000000043656,0.058250000000043656,0.00656249999992724,0.00656249999992724,1.2783535969684685,22.400493648639213,61.0,MEDIUM
10/29/2025,14:35:26,10/29/2025,14:35:28,long,26224.5,26209.26,STOP,-15.2411,-308.82,0,15.241103,12.375,22.861655,-0.012374999999883585,0.012374999999883585,0.011437500000101863,0.011437500000101863,0.3040135182044281,22.281885572183334,61.0,MEDIUM
10/29/2025,14:35:41,10/29/2025,14:35:45,long,26190.5,26161.95,STOP,-28.5549,-575.1,0,28.554883,16.6,42.832325,-0.6887500000000728,0.6887500000000728,-0.4742500000000291,0.4742500000000291,16.76683253238192,40.954329286451,61.0,MEDIUM
10/29/2025,14:45:20,10/29/2025,14:47:49,short,26134.5,26089.43,TARGET,45.0723,897.45,1,30.048215,17.65,45.072323,-0.8493750000001455,0.8493750000001455,-0.6755000000001019,0.6755000000001019,-5.014811722712388,44.818157680554776,61.0,MEDIUM
10/29/2025,14:47:55,10/29/2025,14:48:17,long,26087.75,26116.0,REVERSAL,28.25,561.0,1,23.491297,16.6,35.236945,-0.22787500000013097,0.22787500000013097,-0.30725000000002184,0.30725000000002184,-3.697951020802357,35.03683754504342,61.0,MEDIUM
10/29/2025,14:48:17,10/29/2025,14:49:14,short,26116.0,26139.28,STOP,-23.2837,-469.67,0,23.283655,16.5,34.925483,-0.32400000000016005,0.32400000000016005,-0.3368749999999636,0.3368749999999636,-4.2287818916518205,34.17848558968714,61.0,MEDIUM
10/29/2025,14:49:14,10/29/2025,14:50:07,short,26126.25,26149.61,STOP,-23.3566,-471.13,0,23.356602,16.325,35.034903,-0.2413749999999709,0.2413749999999709,-0.23993750000008732,0.23993750000008732,-2.2477289452708646,33.55858491538376,61.0,MEDIUM
10/29/2025,15:02:11,10/29/2025,15:03:07,long,26148.5,26189.27,TARGET,40.769,811.38,1,27.179332,14.575,40.768997,0.6467500000002474,0.6467500000002474,0.7227500000000873,0.7227500000000873,-7.703479798487244,44.133030422664035,61.0,MEDIUM
10/29/2025,15:03:07,10/29/2025,15:03:24,long,26184.5,26162.17,STOP,-22.3267,-450.53,0,22.326665,16.025,33.489998,0.5731250000000727,0.5731250000000727,0.6823749999999563,0.6823749999999563,-13.832720511237582,34.678046613072354,61.0,MEDIUM
10/29/2025,15:03:24,10/29/2025,15:03:57,long,26151.0,26129.69,STOP,-21.3105,-430.21,0,21.310458,16.525,31.965687,0.5665000000000873,0.5665000000000873,0.6331249999999272,0.6331249999999272,-14.68497900486242,32.50588691211013,61.0,MEDIUM
10/29/2025,15:07:05,10/29/2025,15:18:07,short,26206.0,26168.54,TARGET,37.4636,745.27,1,24.975713,15.175,37.463569,0.12662500000005822,0.12662500000005822,-0.08125,0.08125,-0.49940240815664083,36.737413573940785,61.0,MEDIUM
10/29/2025,15:18:07,10/29/2025,15:19:11,long,26160.0,26197.08,TARGET,37.0756,737.51,1,24.717061,14.825,37.075591,-0.054499999999825376,0.054499999999825376,-0.10043750000004366,0.10043750000004366,-0.39829642290145273,36.39209663426482,61.0,MEDIUM
10/29/2025,15:19:11,10/29/2025,15:22:06,short,26198.5,26223.4,STOP,-24.8996,-501.99,0,24.899606,14.175,37.349409,-0.16775000000016008,0.16775000000016008,-0.11481250000015279,0.11481250000015279,-0.463914115290855,36.43252128579049,61.0,MEDIUM
10/29/2025,15:22:37,10/29/2025,15:29:54,short,26220.5,26180.63,TARGET,39.8655,793.31,1,26.576987,15.15,39.86548,0.09850000000005821,0.09850000000005821,0.025749999999970897,0.025749999999970897,1.8108333272007329,38.45811415069832,61.0,MEDIUM
10/29/2025,15:29:54,10/29/2025,15:30:32,long,26182.5,26207.21,TARGET,24.7069,490.14,1,16.471251,13.075,24.706877,0.7569999999999709,0.7569999999999709,0.7249374999999418,0.7249374999999418,-14.902448383171883,24.880562619936068,61.0,MEDIUM
10/29/2025,15:31:41,10/29/2025,15:33:36,long,26190.25,26174.54,STOP,-15.7115,-318.23,0,15.711504,13.825,23.567257,0.2834999999999127,0.2834999999999127,0.5798124999999346,0.5798124999999346,-6.043497573708606,22.94819223741161,61.0,MEDIUM
10/29/2025,15:34:33,10/29/2025,15:36:04,long,26180.0,26162.87,STOP,-17.1331,-346.66,0,17.133129,10.0,25.699694,-0.23387499999989814,0.23387499999989814,-0.005875000000014552,0.005875000000014552,1.9901573783841968,24.9100167388063,61.0,MEDIUM
10/29/2025,15:39:23,10/29/2025,15:42:14,short,26209.25,26179.08,TARGET,30.166,599.32,1,20.11064,9.85,30.16596,-0.10825000000004366,0.10825000000004366,-0.22287500000002183,0.22287500000002183,0.09085128630616524,29.764635127018956,61.0,MEDIUM
10/29/2025,15:42:14,10/29/2025,15:45:05,long,26180.0,26210.4,TARGET,30.3955,603.91,1,20.26367,11.175,30.395505,0.1375,0.1375,0.058937499999956344,0.058937499999956344,0.2852826557569834,30.184118881491926,61.0,MEDIUM
10/30/2025,09:30:01,10/30/2025,09:30:06,short,26117.5,26104.5,REVERSAL,13.0,256.0,1,11.738265,9.425,17.607398,-0.36699999999982535,0.36699999999982535,-0.3836874999999054,0.3836874999999054,-8.679071843389043,17.411812988843838,61.0,MEDIUM
10/30/2025,09:30:06,10/30/2025,09:30:18,long,26104.5,26092.91,STOP,-11.59,-235.8,0,11.589994,8.5,17.384992,-0.23837500000008732,0.23837500000008732,-0.35949999999993454,0.35949999999993454,-5.457828517474841,16.7730764341072,62.0,MEDIUM
10/30/2025,09:30:18,10/30/2025,09:30:22,long,26091.5,26079.83,STOP,-11.6703,-237.41,0,11.670281,8.5,17.505422,-0.1680000000000291,0.1680000000000291,-0.31212500000001453,0.31212500000001453,-2.410987144031928,16.738006625403337,62.0,MEDIUM
10/30/2025,09:43:23,10/30/2025,09:44:07,short,25984.5,25960.0,REVERSAL,24.5,486.0,1,18.107503,8.425,27.161254,-0.6132499999999709,0.6132499999999709,-0.7886249999999564,0.7886249999999564,-12.29812922151605,29.54524264655445,62.0,MEDIUM
10/30/2025,09:44:07,10/30/2025,09:44:51,long,25960.0,25978.52,TARGET,18.5153,366.31,1,12.343546,8.55,18.515318,-0.4456249999999272,0.4456249999999272,-0.5612499999999272,0.5612499999999272,-12.285795672876866,19.91242401345361,62.0,MEDIUM
10/30/2025,09:44:51,10/30/2025,09:44:52,short,25974.25,25984.53,STOP,-10.2833,-209.67,0,10.283307,8.55,15.42496,-0.3351249999999709,0.3351249999999709,-0.39006250000002185,0.39006250000002185,-5.993259101302236,15.202500872963576,62.0,MEDIUM
10/30/2025,09:44:52,10/30/2025,09:44:59,short,25985.0,25969.8,TARGET,15.1993,299.99,1,10.132875,8.8,15.199312,-0.2932500000002619,0.2932500000002619,-0.36943750000009457,0.36943750000009457,-4.800310345092875,15.112113668360735,62.0,MEDIUM
10/30/2025,09:49:55,10/30/2025,09:50:31,short,26058.75,26094.43,STOP,-35.6767,-717.53,0,35.676716,8.525,53.515074,1.0511249999999563,1.0511249999999563,0.9835624999999709,0.9835624999999709,8.911939546565662,52.825208389858396,62.0,MEDIUM
10/30/2025,09:51:39,10/30/2025,10:00:21,short,26102.25,26149.08,STOP,-46.8262,-940.52,0,46.826223,8.425,70.239334,1.3553749999999127,1.3553749999999127,1.2844999999999345,1.2844999999999345,8.199135814791688,69.65823722697426,62.0,MEDIUM
10/30/2025,10:03:25,10/30/2025,10:04:36,long,26116.5,26098.01,STOP,-18.4898,-373.8,0,18.489837,16.025,27.734755,0.406000000000131,0.406000000000131,0.6270624999999199,0.6270624999999199,-3.849383784678018,27.34679144104662,62.0,MEDIUM
10/30/2025,10:05:02,10/30/2025,10:05:28,long,26109.25,26136.14,TARGET,26.8871,533.74,1,17.924708,11.75,26.887062,0.06699999999982538,0.06699999999982538,0.15631249999987631,0.15631249999987631,-1.123602547607856,26.017983277418477,62.0,MEDIUM
10/30/2025,10:05:41,10/30/2025,10:08:08,short,26144.0,26133.25,REVERSAL,10.75,211.0,1,17.749872,10.825,26.624809,0.02312500000007276,0.02312500000007276,0.06993750000001456,0.06993750000001456,0.1383498162010781,25.92865613168859,62.0,MEDIUM
10/30/2025,10:08:08,10/30/2025,10:08:45,long,26133.25,26115.9,STOP,-17.3497,-350.99,0,17.349653,10.725,26.02448,0.015750000000116414,0.015750000000116414,0.14168750000008004,0.14168750000008004,0.30599267446352485,25.249988453263754,62.0,MEDIUM
10/30/2025,10:08:45,10/30/2025,10:09:06,long,26107.5,26089.92,STOP,-17.5753,-355.51,0,17.57528,11.2,26.36292,0.010375000000203726,0.010375000000203726,0.06618750000016008,0.06618750000016008,0.08888343137346766,25.19103402599908,62.0,MEDIUM
10/30/2025,10:31:53,10/30/2025,10:37:08,short,26061.0,26030.51,TARGET,30.4851,605.7,1,20.323374,12.05,30.485061,-0.46425000000017463,0.46425000000017463,-0.5075000000000728,0.5075000000000728,-6.207887737548866,32.11747672420896,62.0,MEDIUM
10/30/2025,10:37:16,10/30/2025,10:38:01,long,26023.75,26047.87,TARGET,24.1185,478.37,1,16.078987,10.4,24.11848,-0.06737500000017463,0.06737500000017463,-0.10225000000009458,0.10225000000009458,-1.0732332738424049,23.643627202659204,62.0,MEDIUM
10/30/2025,10:38:01,10/30/2025,10:39:20,short,26047.5,26028.25,REVERSAL,19.25,381.0,1,16.072067,11.15,24.108101,-0.2561249999998836,0.2561249999998836,-0.11037500000002183,0.11037500000002183,-1.6357184810088228,23.569888506975722,62.0,MEDIUM
10/30/2025,10:39:20,10/30/2025,10:40:02,long,26028.25,26052.36,TARGET,24.1147,478.29,1,16.076446,11.7,24.114668,-0.1400000000001455,0.1400000000001455,-0.13374999999996362,0.13374999999996362,-0.05963226868835747,23.5021922194045,62.0,MEDIUM
10/30/2025,10:40:02,10/30/2025,10:41:13,short,26051.0,26066.61,STOP,-15.6065,-316.13,0,15.606515,11.425,23.409773,-0.09512499999982538,0.09512499999982538,-0.18212499999990542,0.18212499999990542,-0.4035573170837594,23.153015877675656,62.0,MEDIUM
10/30/2025,10:44:46,10/30/2025,10:47:05,short,26082.25,26050.3,TARGET,31.9499,635.0,1,21.29995,6.95,31.949924,0.6796249999999417,0.6796249999999417,0.4656875000000582,0.4656875000000582,5.711025259447645,30.9868341620191,62.0,MEDIUM
10/30/2025,10:48:13,10/30/2025,10:51:32,long,26045.75,26027.5,STOP,-18.2518,-369.04,0,18.251849,9.85,27.377773,0.264375000000291,0.264375000000291,0.35743750000001456,0.35743750000001456,-2.705611170940049,27.951013028246674,62.0,MEDIUM
10/30/2025,10:57:20,10/30/2025,11:02:37,long,26001.5,26051.83,TARGET,50.3334,1002.67,1,33.555596,8.575,50.333394,-0.46062499999970896,0.46062499999970896,-0.5188124999998763,0.5188124999998763,7.426504540967166,49.585744857707624,63.0,MEDIUM
10/30/2025,11:02:37,10/30/2025,11:22:12,short,26049.5,26076.76,STOP,-27.2611,-549.22,0,27.261058,8.575,40.891587,-0.5611250000001746,0.5611250000001746,-0.5484375,0.5484375,-8.040159381161601,42.09473234064926,63.0,MEDIUM
10/30/2025,11:22:12,10/30/2025,11:32:40,short,26058.5,26038.0,REVERSAL,20.5,406.0,1,25.817411,10.675,38.726117,0.6161250000001018,0.6161250000001018,0.5056250000001455,0.5056250000001455,-0.6741590977575598,38.658246201144514,63.0,MEDIUM
10/30/2025,11:32:40,10/30/2025,11:36:39,long,26038.0,26024.24,STOP,-13.7619,-279.24,0,13.761943,7.8,20.642914,0.43624999999992725,0.43624999999992725,0.5659374999999273,0.5659374999999273,-7.109251023740388,20.64584645637243,63.0,MEDIUM
10/30/2025,11:42:07,10/30/2025,11:55:48,long,25993.0,26008.0,REVERSAL,15.0,296.0,1,30.227686,7.1,45.341528,-0.6426250000000436,0.6426250000000436,-0.5561250000000655,0.5561250000000655,10.23214455871215,44.675108096552805,63.0,MEDIUM
10/30/2025,11:55:48,10/30/2025,12:04:20,short,26008.0,26025.71,STOP,-17.7119,-358.24,0,17.711881,8.075,26.567821,-0.6233750000003055,0.6233750000003055,-0.6898125000001528,0.6898125000001528,-10.04453882641954,27.980627164874022,63.0,MEDIUM
10/30/2025,12:15:09,10/30/2025,12:33:23,short,26091.25,26063.5,REVERSAL,27.75,551.0,1,38.997732,5.25,58.496598,1.0627500000002328,1.0627500000002328,0.9144374999999855,0.9144374999999855,7.710589919619991,58.45825639577657,63.0,MEDIUM
10/30/2025,12:33:23,10/30/2025,12:35:41,long,26063.5,26047.46,STOP,-16.0441,-324.88,0,16.044087,7.2,24.06613,0.6382499999999709,0.6382499999999709,0.7885000000000219,0.7885000000000219,-15.312255783359568,25.155833269155885,63.0,MEDIUM
10/30/2025,12:39:25,10/30/2025,12:43:32,long,26053.75,26038.05,STOP,-15.6997,-317.99,0,15.699685,8.025,23.549528,-0.15099999999983993,0.15099999999983993,-0.05450000000000728,0.05450000000000728,3.182707095742529,23.366118482108035,63.0,MEDIUM
10/30/2025,12:55:27,10/30/2025,13:00:40,short,26074.75,26054.54,TARGET,20.2135,400.27,1,13.475694,8.25,20.21354,-0.31450000000004363,0.31450000000004363,-0.26912499999998546,0.26912499999998546,-2.386821253002825,20.479427368565766,63.0,MEDIUM
10/30/2025,13:00:40,10/30/2025,13:02:52,long,26055.0,26041.84,STOP,-13.1554,-267.11,0,13.155441,7.825,19.733161,-0.030750000000261936,0.030750000000261936,-0.16687500000007277,0.16687500000007277,-0.27325151646205725,19.945371042589944,63.0,MEDIUM
10/30/2025,13:04:00,10/30/2025,13:05:01,long,26043.5,26032.01,STOP,-11.4941,-233.88,0,11.494125,7.7,17.241187,-0.3668750000000728,0.3668750000000728,-0.19874999999992723,0.19874999999992723,-2.430222923548367,17.651627593836285,63.0,MEDIUM
10/30/2025,13:24:48,10/30/2025,14:06:02,short,26054.0,26046.0,REVERSAL,8.0,156.0,1,22.350254,6.075,33.525381,-0.2863750000000437,0.2863750000000437,-0.30656249999992724,0.30656249999992724,-1.947162122221826,33.37352497249388,63.0,MEDIUM
10/30/2025,14:06:02,10/30/2025,14:07:03,long,26046.0,26033.46,STOP,-12.5402,-254.8,0,12.540228,7.45,18.810342,0.40212500000016005,0.40212500000016005,0.4570625000000291,0.4570625000000291,-5.828520404902456,19.180376862225565,63.0,MEDIUM
10/30/2025,14:07:03,10/30/2025,14:12:34,long,26032.25,26019.99,STOP,-12.2634,-249.27,0,12.263381,7.4,18.395072,0.3257499999999709,0.3257499999999709,0.403125,0.403125,-5.835944921503174,18.019699586727853,63.0,MEDIUM
10/30/2025,14:47:31,10/30/2025,14:57:08,short,26007.5,25990.25,REVERSAL,17.25,341.0,1,12.235015,8.075,18.352523,-0.39375,0.39375,-0.5486249999999927,0.5486249999999927,-3.9153823558141347,18.990425483082593,63.0,MEDIUM
10/30/2025,14:57:08,10/30/2025,15:01:01,long,25990.25,25979.89,STOP,-10.3589,-211.18,0,10.358864,7.85,15.538296,0.09562499999992724,0.09562499999992724,-0.021437499999956346,0.021437499999956346,0.36434982569446994,15.23581806385715,63.0,MEDIUM
10/30/2025,15:02:50,10/30/2025,15:05:03,long,25978.0,25965.31,STOP,-12.6925,-257.85,0,12.69252,7.2,19.03878,-0.2025000000001455,0.2025000000001455,-0.17868749999997818,0.17868749999997818,2.753006917105619,18.301282616304704,63.0,MEDIUM
10/30/2025,15:31:02,10/30/2025,15:39:20,short,25945.25,25910.36,TARGET,34.8883,693.77,1,23.258882,7.35,34.888322,-0.42062499999992725,0.42062499999992725,-0.5494999999998982,0.5494999999998982,-5.056892297257598,35.86332086577299,63.0,MEDIUM
10/30/2025,15:39:20,10/30/2025,15:47:09,long,25911.75,25893.78,STOP,-17.9662,-363.32,0,17.966197,7.1,26.949295,-0.2663749999999709,0.2663749999999709,-0.2242499999998472,0.2242499999998472,-2.7887521027126816,27.38206243484056,63.0,MEDIUM
10/31/2025,09:30:00,10/31/2025,09:31:22,long,26191.5,26168.57,STOP,-22.931,-462.62,0,22.931013,5.75,34.39652,-0.2592499999998836,0.2592499999998836,-0.1735624999999345,0.1735624999999345,1.4763271962965447,34.33768345287346,64.0,MEDIUM
10/31/2025,09:32:26,10/31/2025,09:33:08,long,26175.75,26158.13,STOP,-17.6243,-356.49,0,17.624318,7.45,26.436478,-0.6268749999999272,0.6268749999999272,-0.7037500000000364,0.7037500000000364,1.9573895202963385,25.930228360985815,64.0,MEDIUM
10/31/2025,09:52:22,10/31/2025,09:52:52,short,26120.75,26109.25,REVERSAL,11.5,226.0,1,11.572198,8.875,17.358298,-0.29087499999986904,0.29087499999986904,-0.36837500000001455,0.36837500000001455,-2.8664231947783634,17.814050052462026,64.0,MEDIUM
10/31/2025,09:52:52,10/31/2025,09:53:19,long,26109.25,26124.79,TARGET,15.5441,306.88,1,10.362741,8.8,15.544111,-0.2553749999999127,0.2553749999999127,-0.3291250000000218,0.3291250000000218,-3.45911728510578,16.29734839295911,64.0,MEDIUM
10/31/2025,09:53:19,10/31/2025,09:54:15,short,26122.0,26107.38,TARGET,14.6246,288.49,1,9.749744,8.7,14.624615,-0.2717500000002474,0.2717500000002474,-0.3098750000001019,0.3098750000001019,-4.1381845816135225,14.692189628881337,64.0,MEDIUM
10/31/2025,09:54:15,10/31/2025,09:54:25,long,26102.25,26093.02,STOP,-9.2293,-188.59,0,9.229335,8.5,13.844002,-0.22324999999982537,0.22324999999982537,-0.24462499999990542,0.24462499999990542,-3.9179425281394025,13.543570629996612,64.0,MEDIUM
10/31/2025,09:54:41,10/31/2025,09:56:58,long,26110.25,26100.27,STOP,-9.9792,-203.58,0,9.97924,8.225,14.96886,-0.23449999999975263,0.23449999999975263,-0.24631249999983992,0.24631249999983992,0.3072913315955894,14.742860343949232,64.0,MEDIUM
10/31/2025,10:07:10,10/31/2025,10:08:48,short,26102.5,26115.71,STOP,-13.211,-268.22,0,13.210964,8.925,19.816446,-0.25824999999967985,0.25824999999967985,-0.3185625000000073,0.3185625000000073,-1.650984350598712,20.0257478799436,64.0,MEDIUM
10/31/2025,10:08:52,10/31/2025,10:11:15,short,26109.75,26091.23,TARGET,18.5211,366.42,1,12.347387,7.975,18.521081,-0.10450000000018918,0.10450000000018918,-0.1914375000000291,0.1914375000000291,-1.9298016052392306,18.378217464090213,64.0,MEDIUM
10/31/2025,10:12:47,10/31/2025,10:14:23,short,26100.25,26083.25,REVERSAL,17.0,336.0,1,11.405695,7.7,17.108542,-0.14975000000013097,0.14975000000013097,-0.05293750000000728,0.05293750000000728,-1.5588004537811315,17.044483370868505,64.0,MEDIUM
10/31/2025,10:14:23,10/31/2025,10:15:58,long,26083.25,26100.35,TARGET,17.1026,338.05,1,11.40172,8.7,17.10258,-0.004125000000203727,0.004125000000203727,-0.05362500000010186,0.05362500000010186,-0.7401432134519474,16.975866455957505,64.0,MEDIUM
10/31/2025,10:15:58,10/31/2025,10:18:45,short,26100.5,26112.07,STOP,-11.5728,-235.46,0,11.572833,8.275,17.35925,-0.053125,0.053125,-0.05512500000004365,0.05512500000004365,0.17195198892928687,17.215957825890815,64.0,MEDIUM
10/31/2025,10:18:45,10/31/2025,10:21:08,short,26113.0,26095.31,TARGET,17.6864,349.73,1,11.790966,8.625,17.686449,0.012125000000014551,0.012125000000014551,-0.013999999999941792,0.013999999999941792,0.12062934746225196,17.350362151518922,64.0,MEDIUM
10/31/2025,10:21:16,10/31/2025,10:21:51,long,26081.5,26069.1,STOP,-12.3985,-251.97,0,12.39846,9.225,18.597691,0.10437500000007276,0.10437500000007276,0.07243749999997817,0.07243749999997817,0.741545659923311,18.36328242340312,64.0,MEDIUM
10/31/2025,10:22:11,10/31/2025,10:23:52,long,26081.5,26101.9,TARGET,20.4041,404.08,1,13.602725,8.225,20.404087,-0.2726249999999709,0.2726249999999709,-0.08412499999994907,0.08412499999994907,1.7168244435921451,20.080106866995266,64.0,MEDIUM
10/31/2025,10:23:52,10/31/2025,10:27:34,short,26101.0,26113.72,STOP,-12.721,-258.42,0,12.720966,8.325,19.081449,0.028375000000232832,0.028375000000232832,-0.1179374999999709,0.1179374999999709,-0.3849457526933051,19.423756816420692,64.0,MEDIUM
10/31/2025,10:27:34,10/31/2025,10:30:29,short,26104.75,26116.65,STOP,-11.9001,-242.0,0,11.900142,8.6,17.850212,0.25724999999983994,0.25724999999983994,0.21531249999989086,0.21531249999989086,-1.160593967139448,17.219103156661813,64.0,MEDIUM
10/31/2025,11:05:22,10/31/2025,11:07:43,long,26162.75,26154.88,STOP,-7.871,-161.42,0,7.871021,6.6,11.806531,0.2304999999996653,0.2304999999996653,0.2865624999998545,0.2865624999998545,-3.1009757338502766,11.798939395277815,64.0,MEDIUM
10/31/2025,11:07:43,10/31/2025,11:08:39,long,26152.0,26162.35,TARGET,10.3464,202.93,1,6.897581,6.6,10.346371,0.15412499999983992,0.15412499999983992,0.23006249999998546,0.23006249999998546,-2.7867751318330463,10.419238207767307,64.0,MEDIUM
10/31/2025,11:08:39,10/31/2025,11:10:41,long,26156.5,26149.99,STOP,-6.5058,-134.12,0,6.505769,6.65,9.758653,0.1349999999998545,0.1349999999998545,0.1939374999999927,0.1939374999999927,-2.9726434586823363,9.467637721971512,64.0,MEDIUM
10/31/2025,11:11:32,10/31/2025,11:13:06,long,26159.75,26169.67,TARGET,9.9248,194.5,1,6.616559,7.1,9.924838,0.030374999999912687,0.030374999999912687,0.0922499999998763,0.0922499999998763,-0.9824774766156494,9.436760731151658,65.0,MEDIUM
10/31/2025,11:13:06,10/31/2025,11:13:37,short,26172.25,26162.34,TARGET,9.909,194.18,1,6.605999,6.925,9.908998,0.009375,0.009375,0.06712499999994179,0.06712499999994179,-0.015525546722310324,9.31578625513758,65.0,MEDIUM
10/31/2025,11:14:40,10/31/2025,11:16:28,short,26173.5,26180.27,STOP,-6.7661,-139.32,0,6.766082,6.2,10.149123,0.04462500000008731,0.04462500000008731,0.0375,0.0375,0.06048090488367741,9.497241636035335,65.0,MEDIUM
10/31/2025,11:20:29,10/31/2025,11:22:16,short,26169.0,26158.2,TARGET,10.8047,212.09,1,7.203112,5.7,10.804668,0.015625,0.015625,0.03193749999991269,0.03193749999991269,0.36539243495785456,10.24239233888144,65.0,MEDIUM
10/31/2025,11:22:16,10/31/2025,11:22:29,long,26163.75,26156.71,STOP,-7.0428,-144.86,0,7.042782,6.175,10.564173,0.009999999999854481,0.009999999999854481,0.018499999999949068,0.018499999999949068,0.4294528104300408,10.199518808269007,65.0,MEDIUM
10/31/2025,11:22:29,10/31/2025,11:25:10,long,26157.5,26150.44,STOP,-7.0607,-145.21,0,7.060721,6.4,10.591081,0.0004999999997380655,0.0004999999997380655,0.009562499999992724,0.009562499999992724,0.3633628949270502,10.12568316156931,65.0,MEDIUM
10/31/2025,11:45:19,10/31/2025,11:45:22,short,26133.0,26156.55,STOP,-23.5457,-474.91,0,23.545723,10.05,35.318584,-0.5639999999999418,0.5639999999999418,-0.7287500000000364,0.7287500000000364,-5.683793795374555,36.792004577887596,65.0,MEDIUM
10/31/2025,11:45:23,10/31/2025,11:46:50,short,26134.0,26099.55,TARGET,34.4542,685.08,1,22.969463,13.1,34.454194,-0.34412499999998547,0.34412499999998547,-0.5433750000000146,0.5433750000000146,-4.474134268128303,35.12153507265969,65.0,MEDIUM
10/31/2025,11:47:08,10/31/2025,11:48:30,long,26097.25,26075.85,STOP,-21.3974,-431.95,0,21.397411,10.1,32.096117,-0.178125,0.178125,-0.18225000000002184,0.18225000000002184,-1.512047439416456,32.164026679283836,65.0,MEDIUM
10/31/2025,11:48:47,10/31/2025,11:50:05,long,26081.0,26061.13,STOP,-19.8708,-401.42,0,19.870804,8.8,29.806206,-0.6041249999998399,0.6041249999998399,-0.43806249999997815,0.43806249999997815,-1.957605826355227,29.738399834749274,65.0,MEDIUM
10/31/2025,12:26:29,10/31/2025,12:41:03,short,26017.5,25985.5,REVERSAL,32.0,636.0,1,22.738057,6.675,34.107085,-0.3041250000002037,0.3041250000002037,-0.3820000000001528,0.3820000000001528,-3.2718376751168847,35.29902593032057,65.0,MEDIUM
10/31/2025,12:41:03,10/31/2025,12:51:35,long,25985.5,25963.61,STOP,-21.8909,-441.82,0,21.890863,8.3,32.836295,0.19737500000010186,0.19737500000010186,0.20712500000008732,0.20712500000008732,0.3494521520806728,33.10123991483676,65.0,MEDIUM
10/31/2025,12:52:13,10/31/2025,12:54:51,long,25975.75,25955.87,STOP,-19.8757,-401.51,0,19.875736,7.25,29.813604,-0.209375,0.209375,-0.04074999999993452,0.04074999999993452,3.359387616764817,29.262822244558073,65.0,MEDIUM
10/31/2025,13:26:25,10/31/2025,13:29:07,short,25922.75,25904.55,TARGET,18.2044,360.09,1,12.136257,6.725,18.204385,-0.2108749999999418,0.2108749999999418,-0.3584375000000364,0.3584375000000364,-1.770122625587316,18.017382295539395,65.0,MEDIUM
10/31/2025,13:29:07,10/31/2025,13:30:35,long,25902.75,25920.97,TARGET,18.2197,360.39,1,12.146475,7.55,18.219712,-0.021000000000276485,0.021000000000276485,-0.09312500000014552,0.09312500000014552,-0.1054573036120523,17.917302419878055,65.0,MEDIUM
10/31/2025,13:30:35,10/31/2025,13:31:22,short,25929.0,25940.56,STOP,-11.555,-235.1,0,11.555015,8.4,17.332522,-0.11437499999992724,0.11437499999992724,-0.07237499999991996,0.07237499999991996,-0.5503978588135396,17.372110907138918,65.0,MEDIUM
10/31/2025,13:33:03,10/31/2025,13:36:32,short,25931.5,25911.25,TARGET,20.2525,401.05,1,13.501656,6.325,20.252485,0.07587500000008732,0.07587500000008732,0.00968749999992724,0.00968749999992724,1.9475574694596318,19.70634369149669,65.0,MEDIUM
10/31/2025,13:36:42,10/31/2025,13:38:14,long,25898.75,25919.88,TARGET,21.1327,418.65,1,14.088448,8.475,21.132672,0.08000000000029103,0.08000000000029103,0.11212500000001455,0.11212500000001455,0.25642144949919654,20.57184954640899,65.0,MEDIUM
10/31/2025,13:41:45,10/31/2025,13:43:03,long,25907.75,25926.75,REVERSAL,19.0,376.0,1,14.170501,8.35,21.255752,-0.009125000000130968,0.009125000000130968,-0.019562500000029105,0.019562500000029105,-0.289942170285201,20.942704139788425,65.0,MEDIUM
10/31/2025,13:43:03,10/31/2025,13:43:48,short,25926.75,25940.77,STOP,-14.0227,-284.45,0,14.022737,8.7,21.034105,0.04387499999975262,0.04387499999975262,0.016062499999861757,0.016062499999861757,-0.43470693064288213,20.740090720111628,65.0,MEDIUM
10/31/2025,13:43:55,10/31/2025,13:45:19,short,25937.0,25951.09,STOP,-14.0911,-285.82,0,14.091065,7.25,21.136597,0.21225000000013097,0.21225000000013097,0.09118749999997817,0.09118749999997817,-0.4986846199032371,20.600950152070812,66.0,LOW
10/31/2025,14:49:25,10/31/2025,14:54:41,long,25995.75,25986.66,STOP,-9.0865,-185.73,0,9.086546,7.175,13.629819,0.20037499999998545,0.20037499999998545,0.2851875000000291,0.2851875000000291,-2.6103520771950084,13.854429856133825,66.0,LOW
10/31/2025,14:55:24,10/31/2025,14:56:15,long,25986.75,25977.42,STOP,-9.326,-190.52,0,9.326,5.525,13.989,-0.047124999999869036,0.047124999999869036,0.03374999999996362,0.03374999999996362,0.7836162418231734,13.599452672889193,66.0,LOW
10/31/2025,14:58:36,10/31/2025,14:59:04,short,26007.0,26016.42,STOP,-9.4236,-192.47,0,9.423574,7.125,14.135361,0.0461250000000291,0.0461250000000291,-0.005125000000043655,0.005125000000043655,-0.14651223579770978,13.944647426060522,66.0,LOW
10/31/2025,14:59:04,10/31/2025,15:00:25,short,26017.75,26003.34,TARGET,14.4074,284.15,1,9.604906,6.65,14.407359,0.10525000000016008,0.10525000000016008,0.00931250000012369,0.00931250000012369,-1.0111360352382253,13.93266717337825,66.0,LOW
10/31/2025,15:00:35,10/31/2025,15:02:13,short,26011.5,26021.59,STOP,-10.0852,-205.7,0,10.085226,6.25,15.127838,0.1102500000000873,0.1102500000000873,0.07818750000005821,0.07818750000005821,0.8612188029250287,14.80586622898555,66.0,LOW
10/31/2025,15:02:46,10/31/2025,15:03:36,short,26016.0,25999.77,TARGET,16.2344,320.69,1,10.822928,6.3,16.234392,0.05837499999979627,0.05837499999979627,0.09237499999999273,0.09237499999999273,0.969012668476223,15.772452410634482,66.0,LOW
10/31/2025,15:04:23,10/31/2025,15:05:31,short,26007.5,26018.22,STOP,-10.7182,-218.36,0,10.718165,6.3,16.077248,0.04087499999986903,0.04087499999986903,0.033625000000029104,0.033625000000029104,0.9831410330334833,15.90118130314772,66.0,LOW
10/31/2025,15:05:31,10/31/2025,15:08:13,short,26016.75,26027.6,STOP,-10.8514,-221.03,0,10.851411,6.875,16.277117,-0.013499999999839928,0.013499999999839928,0.022437499999978173,0.022437499999978173,0.05615461905721908,15.828607029691701,66.0,LOW
11/3/2025,09:30:00,11/3/2025,09:35:04,short,26246.25,26223.0,REVERSAL,23.25,461.0,1,29.535141,5.725,44.302712,0.7163749999999709,0.7163749999999709,0.6803125000000364,0.6803125000000364,-3.6535328506797953,44.92235610477988,66.0,LOW
11/3/2025,09:35:04,11/3/2025,09:35:54,long,26223.0,26206.88,STOP,-16.1218,-326.44,0,16.121774,6.575,24.182661,0.028125,0.028125,0.21381249999994906,0.21381249999994906,-0.0702219174589942,24.196232182574043,66.0,LOW
11/3/2025,09:36:04,11/3/2025,09:37:48,long,26211.75,26195.59,STOP,-16.1647,-327.29,0,16.164732,5.8,24.247098,0.016374999999970895,0.016374999999970895,0.022249999999985448,0.022249999999985448,-0.3168816927508864,23.879350489823157,66.0,LOW
11/3/2025,10:09:42,11/3/2025,10:12:53,short,26127.0,26142.97,STOP,-15.9689,-323.38,0,15.968933,6.875,23.953399,-0.15349999999998545,0.15349999999998545,-0.278125,0.278125,-0.7939035233804432,24.06236539142193,66.0,LOW
11/3/2025,10:13:43,11/3/2025,10:15:10,short,26142.75,26120.21,TARGET,22.538,446.76,1,15.025344,6.4,22.538017,0.09787499999983992,0.09787499999983992,-0.04412499999998545,0.04412499999998545,2.0737013482063453,22.822457026108022,66.0,LOW
11/3/2025,10:15:47,11/3/2025,10:16:25,long,26110.0,26095.31,STOP,-14.6936,-297.87,0,14.693573,7.3,22.04036,-0.08300000000017463,0.08300000000017463,0.015625,0.015625,-0.3474315753534185,22.54184270529766,66.0,LOW
11/3/2025,10:16:25,11/3/2025,10:16:43,long,26101.25,26086.41,STOP,-14.8375,-300.75,0,14.837523,6.425,22.256285,-0.23162499999998545,0.23162499999998545,-0.09593750000003638,0.09593750000003638,-0.62709841620849,22.233287485438215,66.0,LOW
11/3/2025,10:39:08,11/3/2025,10:40:03,short,26060.0,26082.5,STOP,-22.4985,-453.97,0,22.498506,7.325,33.747759,-0.4398750000000291,0.4398750000000291,-0.5608124999998836,0.5608124999998836,-6.737504773637021,34.293170930793835,66.0,LOW
11/3/2025,10:42:35,11/3/2025,10:44:26,short,26078.25,26098.02,STOP,-19.7715,-399.43,0,19.771541,6.45,29.657311,0.04874999999992724,0.04874999999992724,-0.11112499999999273,0.11112499999999273,1.3006844334068148,29.01428789469336,66.0,LOW
11/3/2025,11:00:41,11/3/2025,11:02:27,long,26076.25,26064.16,STOP,-12.0859,-245.72,0,12.085906,7.125,18.128859,0.26375000000007276,0.26375000000007276,0.3742500000000291,0.3742500000000291,0.30111888451027014,17.861493109042968,66.0,LOW
11/3/2025,11:02:27,11/3/2025,11:07:30,long,26066.0,26084.54,TARGET,18.5392,366.78,1,12.359481,8.95,18.539222,-0.021875,0.021875,0.18181249999997817,0.18181249999997817,0.17975570628271598,18.01662060163174,66.0,LOW
11/3/2025,11:08:06,11/3/2025,11:11:40,long,26066.5,26085.0,TARGET,18.4983,365.97,1,12.332225,9.6,18.498338,-0.14199999999982538,0.14199999999982538,-0.13093749999989085,0.13093749999989085,-0.5640547944365188,18.301958531469666,67.0,MEDIUM
11/3/2025,11:11:40,11/3/2025,11:12:42,short,26091.25,26073.19,TARGET,18.0613,357.23,1,12.040883,8.425,18.061325,-0.17162500000013098,0.17162500000013098,-0.14637500000008002,0.14637500000008002,-0.8350986059502645,17.69821549439163,67.0,MEDIUM
11/3/2025,11:13:05,11/3/2025,11:14:29,long,26068.0,26086.03,TARGET,18.0296,356.59,1,12.019726,8.75,18.029589,-0.024250000000029102,0.024250000000029102,-0.11362499999995634,0.11362499999995634,-0.3314831234666471,17.72241973407995,67.0,MEDIUM
11/3/2025,11:14:29,11/3/2025,11:16:17,short,26084.25,26068.0,REVERSAL,16.25,321.0,1,12.06441,8.425,18.096616,0.040750000000116415,0.040750000000116415,-0.06543750000000728,0.06543750000000728,0.1010183815881085,17.799233875979738,67.0,MEDIUM
11/3/2025,11:16:17,11/3/2025,11:17:52,long,26068.0,26085.65,TARGET,17.6528,349.06,1,11.768552,8.925,17.652828,0.0461250000000291,0.0461250000000291,-0.0018125000000509318,0.0018125000000509318,-0.16999724996211896,17.593021723431914,67.0,MEDIUM
11/3/2025,11:18:07,11/3/2025,11:23:05,short,26091.0,26101.77,STOP,-10.7736,-219.47,0,10.773618,9.1,16.160427,0.1327499999999418,0.1327499999999418,0.08193749999991269,0.08193749999991269,-1.6107645430446738,16.244265902892106,67.0,MEDIUM
11/3/2025,11:23:05,11/3/2025,11:25:15,short,26097.0,26080.01,TARGET,16.9916,335.83,1,11.327752,7.3,16.991628,0.11575000000011641,0.11575000000011641,0.15925000000006548,0.15925000000006548,0.41838801836456696,16.559352059495154,67.0,MEDIUM
11/3/2025,11:25:30,11/3/2025,11:26:28,long,26074.0,26062.56,STOP,-11.4429,-232.86,0,11.442885,8.05,17.164328,0.06949999999997089,0.06949999999997089,0.10981250000004365,0.10981250000004365,0.5231250960544074,16.93069709923943,67.0,MEDIUM
11/3/2025,11:28:34,11/3/2025,11:30:25,long,26061.75,26049.05,STOP,-12.7041,-258.08,0,12.704084,7.625,19.056126,-0.3601249999999709,0.3601249999999709,-0.17218749999992725,0.17218749999992725,2.098167374270396,19.281999193727103,67.0,MEDIUM
11/3/2025,11:33:27,11/3/2025,11:35:18,short,26085.25,26065.93,TARGET,19.3187,382.37,1,12.879145,7.2,19.318717,-0.10162500000005821,0.10162500000005821,-0.2819999999999709,0.2819999999999709,0.19904559363629915,19.288295714693632,67.0,MEDIUM
11/3/2025,11:35:18,11/3/2025,11:35:45,long,26069.75,26056.89,STOP,-12.8589,-261.18,0,12.858881,6.275,19.288321,0.10175000000017462,0.10175000000017462,-0.044562499999847204,0.044562499999847204,-0.023379998965808113,19.236138272506366,67.0,MEDIUM
11/3/2025,11:35:45,11/3/2025,11:38:37,long,26058.5,26077.96,TARGET,19.4583,385.17,1,12.972205,7.125,19.458307,0.07512500000011642,0.07512500000011642,-0.013249999999970896,0.013249999999970896,-0.012226921001289526,19.276068793692342,67.0,MEDIUM
11/3/2025,11:39:13,11/3/2025,11:48:20,short,26087.5,26067.8,TARGET,19.7041,390.08,1,13.136069,7.075,19.704104,-0.036999999999898135,0.036999999999898135,0.005062500000167347,0.005062500000167347,0.2146304881707728,19.565307651785297,67.0,MEDIUM
11/3/2025,11:48:20,11/3/2025,11:51:53,long,26067.0,26083.75,REVERSAL,16.75,331.0,1,13.799537,7.5,20.699306,0.06274999999986904,0.06274999999986904,0.0796875,0.0796875,0.3296289618293464,20.75679471886562,67.0,MEDIUM
11/3/2025,11:51:53,11/3/2025,11:54:31,short,26083.75,26096.55,STOP,-12.8024,-260.05,0,12.802411,7.625,19.203616,-0.25762499999982535,0.25762499999982535,-0.13556249999983266,0.13556249999983266,-0.9593828765814543,19.448374516210073,67.0,MEDIUM
11/3/2025,11:54:45,11/3/2025,11:56:28,short,26089.5,26101.89,STOP,-12.3889,-251.78,0,12.388851,6.625,18.583276,-0.10125000000007275,0.10125000000007275,-0.19118749999997817,0.19118749999997817,-1.6218672423781726,18.062580194527612,67.0,MEDIUM
11/3/2025,12:25:32,11/3/2025,12:26:08,long,26111.0,26096.16,STOP,-14.8377,-300.75,0,14.837664,6.15,22.256496,0.42637499999982537,0.42637499999982537,0.5444374999999126,0.5444374999999126,-3.226316336326448,22.651233754352404,67.0,MEDIUM
11/3/2025,12:26:08,11/3/2025,12:31:58,long,26096.0,26118.06,TARGET,22.0605,437.21,1,14.706982,6.3,22.060473,0.2982499999998254,0.2982499999998254,0.4757499999999709,0.4757499999999709,-3.106206398528588,21.972908389511314,67.0,MEDIUM
11/3/2025,12:32:45,11/3/2025,12:37:08,short,26129.0,26144.52,STOP,-15.525,-314.5,0,15.52498,6.1,23.28747,-0.07412499999991269,0.07412499999991269,-0.08931250000005093,0.08931250000005093,0.022081480417803334,23.200513285962643,67.0,MEDIUM
11/3/2025,12:37:39,11/3/2025,12:51:08,short,26142.0,26156.14,STOP,-14.1394,-286.79,0,14.139398,5.475,21.209097,0.44787500000020375,0.44787500000020375,0.2890000000001237,0.2890000000001237,-1.5365761128736999,21.4169307950647,67.0,MEDIUM
11/3/2025,13:28:53,11/3/2025,13:29:54,long,26138.25,26147.85,TARGET,9.5961,187.92,1,6.397423,5.975,9.596135,0.2932500000002619,0.2932500000002619,0.3713125000000218,0.3713125000000218,-6.92673195353688,9.894091833309098,68.0,HIGH
11/3/2025,13:29:54,11/3/2025,13:31:29,long,26145.5,26151.5,REVERSAL,6.0,116.0,1,6.173279,6.4,9.259918,0.2400000000001455,0.2400000000001455,0.3257499999999709,0.3257499999999709,-5.481448614248675,9.569768253587759,68.0,HIGH
11/3/2025,13:31:29,11/3/2025,13:32:40,short,26151.5,26157.3,STOP,-5.7998,-120.0,0,5.799754,6.475,8.699631,0.15962500000023283,0.15962500000023283,0.2731250000000728,0.2731250000000728,-3.3747467242389373,8.95632469649642,68.0,HIGH
11/3/2025,13:34:53,11/3/2025,13:35:17,short,26148.5,26154.59,STOP,-6.0926,-125.85,0,6.092621,5.9,9.138931,0.1553749999999127,0.1553749999999127,0.18500000000003639,0.18500000000003639,-0.3330338124570691,9.043998312512835,68.0,HIGH
11/3/2025,13:47:07,11/3/2025,13:51:14,long,26146.75,26140.7,STOP,-6.0543,-125.09,0,6.054263,5.0,9.081394,0.14799999999995633,0.14799999999995633,0.16612500000010186,0.16612500000010186,-0.5536105339241431,8.553450713581606,68.0,HIGH
11/3/2025,13:56:12,11/3/2025,13:59:08,long,26140.5,26131.99,STOP,-8.5088,-174.18,0,8.508773,6.9,12.76316,-0.19549999999981083,0.19549999999981083,-0.11987499999995635,0.11987499999995635,3.1095753005231046,12.434041145079131,68.0,HIGH
11/3/2025,14:52:45,11/3/2025,14:55:28,short,26107.75,26120.72,STOP,-12.9651,-263.3,0,12.96509,7.4,19.447636,-0.10262499999989813,0.10262499999989813,-0.1852499999999054,0.1852499999999054,-0.47826409832292427,19.442029470536568,68.0,HIGH
11/3/2025,14:55:28,11/3/2025,15:07:02,short,26122.5,26103.43,TARGET,19.0727,377.45,1,12.715161,6.175,19.072741,-0.05574999999989814,0.05574999999989814,-0.10212499999997818,0.10212499999997818,-0.8304614826341243,18.743262406631796,68.0,HIGH
11/3/2025,15:18:13,11/3/2025,15:23:59,short,26111.75,26097.25,REVERSAL,14.5,286.0,1,13.169998,7.2,19.754997,0.01624999999985448,0.01624999999985448,0.050562499999978174,0.050562499999978174,0.047048347577085536,19.7490623695519,68.0,HIGH
11/3/2025,15:23:59,11/3/2025,15:33:50,long,26097.25,26084.05,STOP,-13.1976,-267.95,0,13.197555,7.525,19.796333,0.015500000000247382,0.015500000000247382,0.03168750000004365,0.03168750000004365,-0.03750391982545764,19.7526662106844,68.0,HIGH
11/3/2025,15:36:55,11/3/2025,15:44:59,long,26091.5,26109.23,TARGET,17.7348,350.7,1,11.823203,6.05,17.734804,-0.08024999999979628,0.08024999999979628,0.0398124999999709,0.0398124999999709,1.7618902297410965,17.49630021729527,68.0,HIGH
11/3/2025,15:44:59,11/3/2025,15:47:06,short,26105.25,26088.48,TARGET,16.7672,331.34,1,11.178153,5.525,16.767229,-0.13400000000001455,0.13400000000001455,-0.10431250000001455,0.10431250000001455,-1.010771899010635,17.15654897041979,68.0,HIGH
11/4/2025,09:30:00,11/4/2025,09:30:17,short,25729.5,25711.0,REVERSAL,18.5,366.0,1,18.434686,8.15,27.652029,0.3006249999998545,0.3006249999998545,0.18337499999997817,0.18337499999997817,1.4594532325117768,27.746668189383634,68.0,HIGH
11/4/2025,09:30:17,11/4/2025,09:30:47,long,25711.0,25736.52,TARGET,25.5238,506.48,1,17.015865,8.825,25.523797,0.2389999999999418,0.2389999999999418,0.26981249999989815,0.26981249999989815,-1.9618906122907802,25.784777577092854,68.0,HIGH
11/4/2025,09:30:47,11/4/2025,09:31:31,short,25737.5,25753.96,STOP,-16.4614,-333.23,0,16.461432,8.825,24.692148,0.17825000000011643,0.17825000000011643,0.22762500000008004,0.22762500000008004,-2.0983412732354054,24.487155718494193,68.0,HIGH
11/4/2025,09:31:36,11/4/2025,09:32:13,short,25750.75,25725.29,TARGET,25.4613,505.23,1,16.974205,7.75,25.461308,0.3013750000001892,0.3013750000001892,0.23837500000008732,0.23837500000008732,0.2809594225307954,24.8213768557121,68.0,HIGH
11/4/2025,09:32:42,11/4/2025,09:33:04,long,25721.0,25704.99,STOP,-16.0093,-324.19,0,16.009334,8.575,24.014001,0.16450000000004367,0.16450000000004367,0.209375,0.209375,-0.9000060932443574,24.695565348348197,68.0,HIGH
11/4/2025,09:34:59,11/4/2025,09:36:51,long,25676.25,25714.95,TARGET,38.7,770.0,1,25.799985,7.675,38.699977,-0.662250000000131,0.662250000000131,-0.5349374999999782,0.5349374999999782,6.583437247860626,38.01250256550608,68.0,HIGH
11/4/2025,09:36:53,11/4/2025,09:38:18,short,25715.75,25682.75,REVERSAL,33.0,656.0,1,25.844817,8.625,38.767226,-0.44175000000032016,0.44175000000032016,-0.5413125000000946,0.5413125000000946,-1.7846310263051564,38.67332975582892,68.0,HIGH
11/4/2025,09:38:18,11/4/2025,09:40:20,long,25682.75,25702.75,REVERSAL,20.0,396.0,1,25.31561,9.55,37.973415,-0.17775000000001456,0.17775000000001456,-0.17531250000010914,0.17531250000010914,-0.5465639999741256,38.05606080442877,68.0,HIGH
11/4/2025,09:40:20,11/4/2025,09:40:50,short,25702.75,25720.98,STOP,-18.2252,-368.5,0,18.225248,9.075,27.337871,-0.5224999999998545,0.5224999999998545,-0.46387500000000725,0.46387500000000725,-7.761295068148645,28.888556681503555,69.0,LOW
11/4/2025,09:43:22,11/4/2025,09:50:44,short,25760.75,25792.12,STOP,-31.3653,-631.31,0,31.36528,7.875,47.04792,0.8767500000001747,0.8767500000001747,0.7290000000000874,0.7290000000000874,8.238940377880823,46.62986702779524,69.0,LOW
11/4/2025,10:06:51,11/4/2025,10:08:40,long,25853.75,25839.51,STOP,-14.2395,-288.79,0,14.23947,7.075,21.359205,0.4397499999999127,0.4397499999999127,0.5848124999998617,0.5848124999998617,-7.483872079175491,22.315221049274918,69.0,LOW
11/4/2025,10:09:21,11/4/2025,10:10:05,long,25852.5,25841.24,STOP,-11.2554,-229.11,0,11.255424,7.075,16.883136,0.016500000000087313,0.016500000000087313,0.18150000000005093,0.18150000000005093,-0.6076970115726752,16.21611675919466,69.0,LOW
11/4/2025,10:19:13,11/4/2025,10:19:38,short,25865.25,25878.71,STOP,-13.4551,-273.1,0,13.455057,8.1,20.182586,-0.22875000000021828,0.22875000000021828,-0.2149999999999636,0.2149999999999636,-1.7781703748829898,20.18459017872854,69.0,LOW
11/4/2025,10:19:48,11/4/2025,10:26:13,short,25871.25,25884.48,STOP,-13.2349,-268.7,0,13.234901,7.45,19.852351,-0.16549999999988357,0.16549999999988357,-0.19325000000008002,0.19325000000008002,-1.7494259257042408,19.405446283360256,69.0,LOW
11/4/2025,10:32:07,11/4/2025,10:39:12,long,25855.25,25875.73,TARGET,20.4818,405.64,1,13.654531,8.0,20.481797,0.20412500000020373,0.20412500000020373,0.2146875000000364,0.2146875000000364,-1.8448745430700093,20.809853766269217,69.0,LOW
11/4/2025,10:39:12,11/4/2025,10:41:23,short,25878.0,25888.46,STOP,-10.4612,-213.22,0,10.461201,8.35,15.691801,0.056750000000101865,0.056750000000101865,0.09625000000014552,0.09625000000014552,-0.4159391742506262,15.482784138507025,69.0,LOW
11/4/2025,10:41:51,11/4/2025,10:42:49,short,25886.0,25869.88,TARGET,16.1172,318.34,1,10.744824,6.9,16.117237,0.26150000000016005,0.26150000000016005,0.16481249999997089,0.16481249999997089,0.3922225844564391,15.861678362401923,69.0,LOW
11/4/2025,10:43:00,11/4/2025,10:45:03,short,25881.25,25865.5,TARGET,15.7527,311.05,1,10.501803,8.0,15.752705,0.27700000000004366,0.27700000000004366,0.22462500000001456,0.22462500000001456,-0.09567474742326709,15.490276444747202,69.0,LOW
11/4/2025,10:45:03,11/4/2025,10:46:04,long,25861.75,25851.11,STOP,-10.6372,-216.74,0,10.637165,7.075,15.955747,0.08325000000004365,0.08325000000004365,0.18412499999994908,0.18412499999994908,-0.05408460573952212,15.75919857608914,69.0,LOW
11/4/2025,10:46:13,11/4/2025,10:47:20,long,25852.25,25841.34,STOP,-10.9106,-222.21,0,10.910584,6.625,16.365876,-0.02437500000014552,0.02437500000014552,0.11062499999989087,0.11062499999989087,0.3443993139478927,16.004458149840154,69.0,LOW
11/4/2025,11:31:32,11/4/2025,11:33:13,short,25780.0,25760.53,TARGET,19.4709,385.42,1,12.980613,7.125,19.47092,-0.22550000000010187,0.22550000000010187,-0.3866249999999127,0.3866249999999127,-2.6799621408436956,19.920368450520062,69.0,LOW
11/4/2025,11:33:13,11/4/2025,11:36:03,long,25754.0,25773.13,TARGET,19.1326,378.65,1,12.75507,8.45,19.132605,-0.21750000000029104,0.21750000000029104,-0.25500000000010914,0.25500000000010914,-2.817687471877637,19.06112801546884,69.0,LOW
11/4/2025,11:36:03,11/4/2025,11:36:55,short,25773.5,25784.51,STOP,-11.0077,-224.15,0,11.007697,8.625,16.511546,-0.24737499999973805,0.24737499999973805,-0.23243750000001456,0.23243750000001456,-2.4675832677413467,16.67229089694789,69.0,LOW
11/4/2025,11:38:08,11/4/2025,11:38:23,short,25769.25,25780.4,STOP,-11.1506,-227.01,0,11.150611,7.225,16.725916,-0.05649999999986903,0.05649999999986903,-0.1421875,0.1421875,-0.7010564181534455,16.534014516302268,69.0,LOW
11/4/2025,11:40:47,11/4/2025,11:41:30,long,25757.25,25775.33,TARGET,18.0847,357.69,1,12.056435,8.225,18.084652,0.09950000000026193,0.09950000000026193,0.042374999999992724,0.042374999999992724,1.316354548269814,17.835609401672617,69.0,LOW
11/4/2025,11:41:30,11/4/2025,11:43:24,short,25778.0,25789.89,STOP,-11.8932,-241.86,0,11.893163,9.55,17.839744,-0.005749999999898137,0.005749999999898137,0.03099999999994907,0.03099999999994907,0.657405678978499,17.704045817202697,69.0,LOW
11/4/2025,11:44:30,11/4/2025,11:46:45,short,25777.25,25758.07,TARGET,19.1772,379.54,1,12.784819,7.65,19.177229,0.08412499999976716,0.08412499999976716,0.03918749999993452,0.03918749999993452,1.40668962593476,19.110735443137457,69.0,LOW
11/4/2025,11:46:45,11/4/2025,11:49:59,long,25753.5,25740.75,STOP,-12.7462,-258.92,0,12.746248,8.775,19.119373,-0.009375,0.009375,0.02368750000005093,0.02368750000005093,-0.13688042399847333,18.782968733228152,69.0,LOW
11/4/2025,11:50:54,11/4/2025,11:51:40,long,25746.5,25732.13,STOP,-14.3728,-291.46,0,14.372848,7.0,21.559271,-0.10925000000024739,0.10925000000024739,-0.0632500000001528,0.0632500000001528,2.0923339195417086,20.909889860540854,70.0,MEDIUM
11/4/2025,12:25:19,11/4/2025,12:40:22,short,25712.25,25675.44,TARGET,36.8101,732.2,1,24.54005,8.225,36.810075,-0.4453750000000582,0.4453750000000582,-0.51612499999992,0.51612499999992,-6.566338104891706,37.6526127026225,70.0,MEDIUM
11/4/2025,12:40:22,11/4/2025,12:48:09,long,25676.75,25710.74,TARGET,33.9862,675.72,1,22.657444,7.8,33.986166,0.1194999999999709,0.1194999999999709,0.04893749999991996,0.04893749999991996,-0.2509842882622735,34.50588609429521,70.0,MEDIUM
11/4/2025,12:48:09,11/4/2025,12:50:22,short,25704.75,25719.88,STOP,-15.1334,-306.67,0,15.133381,7.85,22.700071,0.23950000000004365,0.23950000000004365,0.2506249999998545,0.2506249999998545,-3.2066893344760032,22.62131310376828,70.0,MEDIUM
11/4/2025,12:50:22,11/4/2025,12:52:45,short,25724.5,25701.23,TARGET,23.2714,461.43,1,15.514267,7.475,23.2714,0.12062499999992723,0.12062499999992723,0.1829375000001164,0.1829375000001164,-0.1543020032231439,22.70212643045148,70.0,MEDIUM
11/4/2025,12:53:44,11/4/2025,12:55:34,long,25685.5,25670.86,STOP,-14.6428,-296.86,0,14.642791,8.15,21.964186,-0.10300000000024738,0.10300000000024738,0.02099999999991269,0.02099999999991269,-1.4502849774908135,22.313158804341505,70.0,MEDIUM
11/4/2025,12:55:45,11/4/2025,12:58:02,long,25678.5,25663.99,STOP,-14.5076,-294.15,0,14.507607,6.65,21.76141,-0.36674999999995633,0.36674999999995633,-0.18087500000001455,0.18087500000001455,-1.9807551371272645,21.19828758979116,70.0,MEDIUM
11/4/2025,13:23:32,11/4/2025,13:24:57,short,25660.75,25642.0,REVERSAL,18.75,371.0,1,15.193537,7.825,22.790306,-0.2789999999997235,0.2789999999997235,-0.5164375000000291,0.5164375000000291,-2.2277481241514394,23.00240066926267,70.0,MEDIUM
11/4/2025,13:24:57,11/4/2025,13:26:38,long,25642.0,25627.51,STOP,-14.4922,-293.84,0,14.492166,7.3,21.738249,-0.17287500000020373,0.17287500000020373,-0.3095000000001164,0.3095000000001164,-1.4373864087402772,22.285937121157446,70.0,MEDIUM
11/4/2025,13:29:15,11/4/2025,13:35:47,long,25629.0,25615.0,STOP,-13.9952,-283.9,0,13.99521,6.325,20.992815,-0.5057499999998981,0.5057499999998981,-0.40199999999986175,0.40199999999986175,0.4494923111728397,20.969251698904664,70.0,MEDIUM
11/4/2025,13:43:27,11/4/2025,13:44:43,short,25633.25,25646.44,STOP,-13.1928,-267.86,0,13.192776,6.725,19.789165,-0.3805000000000291,0.3805000000000291,-0.37150000000001454,0.37150000000001454,-3.1118687347250535,20.169725141390355,70.0,MEDIUM
11/4/2025,13:44:43,11/4/2025,13:50:49,short,25648.25,25661.5,STOP,-13.2484,-268.97,0,13.248414,7.1,19.872621,-0.20187499999992725,0.20187499999992725,-0.32856250000004367,0.32856250000004367,-2.487817555806231,19.965056382136126,70.0,MEDIUM
11/4/2025,14:09:34,11/4/2025,14:24:49,long,25643.5,25672.75,REVERSAL,29.25,581.0,1,20.401333,7.2,30.601999,0.3709999999999127,0.3709999999999127,0.43156250000010915,0.43156250000010915,-3.927409923585042,31.219876101952604,70.0,MEDIUM
11/4/2025,14:24:49,11/4/2025,14:27:59,short,25672.75,25655.92,TARGET,16.8253,332.51,1,11.216867,9.025,16.8253,0.11674999999995635,0.11674999999995635,0.11762500000004365,0.11762500000004365,-1.4817798279360872,17.047660039423477,70.0,MEDIUM
11/4/2025,14:27:59,11/4/2025,14:30:29,long,25661.5,25650.86,STOP,-10.6391,-216.78,0,10.639095,8.225,15.958643,0.22475000000013096,0.22475000000013096,0.15768750000006548,0.15768750000006548,-1.9611627127008795,15.421301647205368,70.0,MEDIUM
11/4/2025,14:30:29,11/4/2025,14:31:01,long,25649.5,25638.96,STOP,-10.5363,-214.73,0,10.536337,8.6,15.804506,-0.02562499999985448,0.02562499999985448,0.10200000000004365,0.10200000000004365,-0.33562429547178496,15.060471257390631,70.0,MEDIUM
11/4/2025,15:00:21,11/4/2025,15:14:06,short,25609.5,25624.6,STOP,-15.1008,-306.02,0,15.100843,8.1,22.651265,-0.33412500000013096,0.33412500000013096,-0.471875,0.471875,-4.513674140216743,23.04986711681091,70.0,MEDIUM
11/4/2025,15:17:36,11/4/2025,15:20:39,short,25619.75,25598.8,TARGET,20.9497,414.99,1,13.966463,7.025,20.949695,0.38475000000034926,0.38475000000034926,0.3322500000000218,0.3322500000000218,4.243910974405914,20.302749315816826,70.0,MEDIUM
11/4/2025,15:20:46,11/4/2025,15:22:09,long,25602.5,25589.26,STOP,-13.2417,-268.83,0,13.241679,6.7,19.862519,0.27524999999986904,0.27524999999986904,0.3087499999999636,0.3087499999999636,-0.5938535385900146,20.136591359898066,70.0,MEDIUM
11/4/2025,15:22:09,11/4/2025,15:27:40,long,25590.75,25609.94,TARGET,19.191,379.82,1,12.793999,6.375,19.190998,0.16450000000004367,0.16450000000004367,0.23943749999998545,0.23943749999998545,-2.2453073741444314,18.87767665634239,70.0,MEDIUM
11/4/2025,15:29:05,11/4/2025,15:31:09,short,25615.5,25597.76,TARGET,17.7361,350.72,1,11.824091,7.4,17.736136,0.08349999999991269,0.08349999999991269,0.06431249999986903,0.06431249999986903,-0.9106638314286286,17.534760115382216,71.0,MEDIUM
11/4/2025,15:31:09,11/4/2025,15:32:28,long,25598.5,25615.7,TARGET,17.2049,340.1,1,11.469933,7.475,17.2049,0.15,0.15,0.10956249999999272,0.10956249999999272,-0.28367089597921336,17.336505340359196,71.0,MEDIUM
11/4/2025,15:34:47,11/4/2025,15:36:01,long,25603.75,25621.0,TARGET,17.2539,341.08,1,11.502574,8.425,17.253862,0.07312500000007276,0.07312500000007276,0.11418749999993452,0.11418749999993452,-0.5499779255934705,17.059465154709134,71.0,MEDIUM
11/4/2025,15:36:01,11/4/2025,15:44:31,short,25621.75,25633.35,STOP,-11.5984,-235.97,0,11.598408,8.675,17.397612,0.030250000000160072,0.030250000000160072,0.09012500000008003,0.09012500000008003,-0.08524417092597503,17.085648523122185,71.0,MEDIUM
11/5/2025,09:30:02,11/5/2025,09:31:42,long,25551.75,25535.02,STOP,-16.7253,-338.51,0,16.725267,7.225,25.087901,0.10337499999986903,0.10337499999986903,0.15874999999996361,0.15874999999996361,-2.7000176002335543,25.042483430793855,71.0,MEDIUM
11/5/2025,09:32:06,11/5/2025,09:34:41,long,25536.25,25517.87,STOP,-18.3788,-371.58,0,18.378771,7.975,27.568156,-0.3946250000000873,0.3946250000000873,-0.14393749999999272,0.14393749999999272,2.8830542832078727,27.430401270944774,71.0,MEDIUM
11/5/2025,09:38:25,11/5/2025,09:39:37,short,25544.75,25565.65,STOP,-20.9049,-422.1,0,20.904907,8.625,31.35736,-0.17075000000004364,0.17075000000004364,-0.3888750000000073,0.3888750000000073,-1.133767727312538,31.293629541156925,71.0,MEDIUM
11/5/2025,09:39:50,11/5/2025,09:41:41,short,25557.0,25523.38,TARGET,33.6159,668.32,1,22.410581,8.375,33.615871,0.15212500000016008,0.15212500000016008,0.0319999999999709,0.0319999999999709,1.8572245338982398,33.222173290630785,71.0,MEDIUM
11/5/2025,09:42:13,11/5/2025,09:43:50,long,25519.5,25542.25,REVERSAL,22.75,451.0,1,19.481886,8.75,29.22283,-0.36287499999998546,0.36287499999998546,-0.16056250000001454,0.16056250000001454,-4.202623912377447,29.016453683703254,71.0,MEDIUM
11/5/2025,09:43:50,11/5/2025,09:46:24,short,25542.25,25561.87,STOP,-19.6171,-396.34,0,19.6171,8.425,29.42565,-0.16674999999995635,0.16674999999995635,-0.27381249999998547,0.27381249999998547,0.04334067499721783,28.948314538787102,71.0,MEDIUM
11/5/2025,09:46:28,11/5/2025,09:47:16,short,25564.5,25585.35,STOP,-20.8471,-420.94,0,20.84707,9.125,31.270605,0.12662500000005822,0.12662500000005822,0.05874999999996362,0.05874999999996362,1.2818115069517297,30.342028668127885,71.0,MEDIUM
11/5/2025,10:03:05,11/5/2025,10:03:53,long,25647.5,25673.23,TARGET,25.7318,510.64,1,17.154544,8.025,25.731816,0.46212500000001455,0.46212500000001455,0.5492500000000291,0.5492500000000291,-7.5107707952723395,26.44281189352149,71.0,MEDIUM
11/5/2025,10:04:22,11/5/2025,10:05:27,long,25655.5,25674.5,TARGET,18.9955,375.91,1,12.663642,8.825,18.995462,0.2849999999998545,0.2849999999998545,0.3358749999999418,0.3358749999999418,-5.405174984551536,20.022740615132754,71.0,MEDIUM
11/5/2025,10:05:27,11/5/2025,10:05:45,short,25676.75,25687.58,STOP,-10.8309,-220.62,0,10.830883,9.125,16.246324,0.22462500000001456,0.22462500000001456,0.2398124999999709,0.2398124999999709,-5.291330006687549,16.152422387468402,71.0,MEDIUM
11/5/2025,10:07:10,11/5/2025,10:07:47,short,25692.25,25669.06,TARGET,23.1929,459.86,1,15.461915,8.2,23.192873,0.4165000000000873,0.4165000000000873,0.34081249999999275,0.34081249999999275,5.035350373581789,22.717892233327532,71.0,MEDIUM
11/5/2025,10:10:03,11/5/2025,10:14:15,long,25660.75,25645.47,STOP,-15.2843,-309.69,0,15.284339,10.825,22.926509,-0.04937500000014552,0.04937500000014552,0.14549999999999272,0.14549999999999272,-0.08440871682979534,22.606047429067477,71.0,MEDIUM
11/5/2025,10:14:15,11/5/2025,10:19:15,long,25645.75,25670.25,TARGET,24.5004,486.01,1,16.333607,10.425,24.500411,-0.15699999999997089,0.15699999999997089,-0.18387500000008003,0.18387500000008003,0.6007688751571152,23.885431064989564,71.0,MEDIUM
11/5/2025,10:19:38,11/5/2025,10:20:28,long,25652.0,25635.01,STOP,-16.9909,-343.82,0,16.990928,9.2,25.486391,0.1,0.1,-0.015374999999949068,0.015374999999949068,-1.0387179394041048,25.09679103285542,71.0,MEDIUM
11/5/2025,10:20:42,11/5/2025,10:21:16,long,25647.0,25628.99,STOP,-18.0139,-364.28,0,18.013859,9.175,27.020788,-0.08162499999998545,0.08162499999998545,-0.023500000000058207,0.023500000000058207,0.9717187422534934,26.573751889163148,71.0,MEDIUM
11/5/2025,10:23:17,11/5/2025,10:26:22,short,25675.0,25693.54,STOP,-18.54,-374.8,0,18.539953,9.675,27.80993,-0.5047500000000582,0.5047500000000582,-0.4311249999998836,0.4311249999998836,-2.454133192931227,28.860200354095397,71.0,MEDIUM
11/5/2025,10:29:14,11/5/2025,10:41:14,short,25697.25,25722.58,STOP,-25.3344,-510.69,0,25.334376,7.55,38.001565,0.5082500000000436,0.5082500000000436,0.3790000000000873,0.3790000000000873,8.472508065588553,37.27658880385578,72.0,MEDIUM
11/5/2025,10:50:15,11/5/2025,10:51:28,long,25695.75,25713.49,TARGET,17.7402,350.8,1,11.826773,8.2,17.74016,0.06187500000014552,0.06187500000014552,0.19256250000016734,0.19256250000016734,1.3350275640787643,17.61933781343119,72.0,MEDIUM
11/5/2025,10:51:28,11/5/2025,10:52:20,short,25713.0,25695.26,TARGET,17.7404,350.81,1,11.826955,8.95,17.740433,-0.09124999999985448,0.09124999999985448,0.08350000000009458,0.08350000000009458,-0.20198932716407114,17.564732539639152,72.0,MEDIUM
11/5/2025,10:52:20,11/5/2025,10:55:30,long,25697.5,25686.17,STOP,-11.3272,-230.54,0,11.327172,9.05,16.990758,0.05237499999966531,0.05237499999966531,0.05712499999990541,0.05712499999990541,-0.7122963789188717,16.90704143451232,72.0,MEDIUM
11/5/2025,10:56:49,11/5/2025,10:58:34,long,25695.75,25712.24,TARGET,16.4851,325.7,1,10.990092,9.025,16.485138,0.0014999999999417923,0.0014999999999417923,0.08024999999997817,0.08024999999997817,0.3234462094099779,15.93446482896645,72.0,MEDIUM
11/5/2025,10:58:34,11/5/2025,11:00:41,short,25714.25,25705.25,REVERSAL,9.0,176.0,1,10.942492,10.625,16.413738,-0.06599999999998545,0.06599999999998545,-0.002124999999978172,0.002124999999978172,0.8140193155293183,16.025932785919156,72.0,MEDIUM
11/5/2025,11:00:41,11/5/2025,11:01:06,long,25705.25,25719.25,REVERSAL,14.0,276.0,1,11.137184,7.525,16.705777,0.12775000000001455,0.12775000000001455,0.05693749999991269,0.05693749999991269,0.5124539485602675,16.341818708516385,72.0,MEDIUM
11/5/2025,11:01:06,11/5/2025,11:01:34,short,25719.25,25730.28,STOP,-11.0293,-224.59,0,11.029284,8.425,16.543926,0.11624999999985448,0.11624999999985448,0.08168750000004366,0.08168750000004366,0.1287104228291298,16.09283701055459,72.0,MEDIUM
11/5/2025,11:02:03,11/5/2025,11:03:18,short,25722.0,25705.4,TARGET,16.6014,328.03,1,11.067605,9.075,16.601407,0.17837499999986903,0.17837499999986903,0.15512500000004364,0.15512500000004364,-0.30239978105753806,16.121970612409534,72.0,MEDIUM
11/5/2025,11:03:18,11/5/2025,11:03:38,long,25697.25,25686.08,STOP,-11.1667,-227.33,0,11.166707,9.75,16.750061,0.20212500000016007,0.20212500000016007,0.17231250000004367,0.17231250000004367,-0.28632328097506843,16.088683105487505,72.0,MEDIUM
11/5/2025,11:04:26,11/5/2025,11:04:53,long,25702.25,25710.75,REVERSAL,8.5,166.0,1,11.819351,10.475,17.729027,-0.03899999999994179,0.03899999999994179,0.0578125,0.0578125,1.3000682998376618,17.39216153959188,72.0,MEDIUM
11/5/2025,11:04:53,11/5/2025,11:06:03,short,25710.75,25722.39,STOP,-11.6352,-236.7,0,11.635204,11.025,17.452806,-0.09850000000005821,0.09850000000005821,0.03993749999990541,0.03993749999990541,1.1948485585987498,17.316819171008284,72.0,MEDIUM
11/5/2025,11:06:29,11/5/2025,11:07:43,short,25712.75,25700.0,REVERSAL,12.75,251.0,1,11.95245,10.525,17.928675,-0.06912499999998545,0.06912499999998545,0.004249999999956344,0.004249999999956344,0.3169487830569828,17.324892584021008,72.0,MEDIUM
11/5/2025,11:07:43,11/5/2025,11:13:27,long,25700.0,25688.02,STOP,-11.9791,-243.58,0,11.979131,10.7,17.968696,0.04400000000023283,0.04400000000023283,-0.04962500000001455,0.04962500000001455,0.32113087069937407,17.395423217855893,72.0,MEDIUM
11/5/2025,11:13:27,11/5/2025,11:14:32,long,25685.75,25673.61,STOP,-12.1429,-246.86,0,12.142943,10.15,18.214415,-0.17474999999976717,0.17474999999976717,-0.0984375,0.0984375,0.17795713754883735,17.633183434139998,72.0,MEDIUM
11/5/2025,11:24:09,11/5/2025,11:25:36,short,25705.75,25724.26,STOP,-18.5136,-374.27,0,18.513563,9.075,27.770345,-0.16362499999995633,0.16362499999995633,-0.2030624999999418,0.2030624999999418,0.04445419931609962,27.66603100691235,72.0,MEDIUM
11/5/2025,11:25:46,11/5/2025,11:29:05,short,25723.25,25741.69,STOP,-18.4441,-372.88,0,18.444088,6.625,27.666132,-0.04987500000024738,0.04987500000024738,-0.10675000000010186,0.10675000000010186,-0.7743913441846857,26.891639662727663,72.0,MEDIUM
11/5/2025,12:04:24,11/5/2025,12:08:50,long,25763.5,25751.53,STOP,-11.9666,-243.33,0,11.966598,7.45,17.949897,0.3546249999999418,0.3546249999999418,0.33312500000010914,0.33312500000010914,-5.042458815990571,18.69106446656707,72.0,MEDIUM
11/5/2025,12:12:03,11/5/2025,12:20:17,long,25761.5,25776.99,TARGET,15.4866,305.73,1,10.324432,6.95,15.486648,-0.1226249999999709,0.1226249999999709,0.028499999999985447,0.028499999999985447,3.5828739994829135,15.157662290687075,72.0,MEDIUM
11/5/2025,12:20:40,11/5/2025,12:27:30,short,25779.5,25789.91,STOP,-10.4101,-212.2,0,10.41011,6.4,15.615166,-0.03675000000002911,0.03675000000002911,-0.045249999999941795,0.045249999999941795,-0.14732827580361096,15.496803633419782,72.0,MEDIUM
11/5/2025,12:28:00,11/5/2025,12:31:26,short,25788.75,25800.02,STOP,-11.2746,-229.49,0,11.274567,6.075,16.911851,0.042250000000058206,0.042250000000058206,0.00437500000007276,0.00437500000007276,1.025063897224765,16.282918021698805,73.0,MEDIUM
11/5/2025,13:11:01,11/5/2025,13:14:05,long,25805.0,25817.4,TARGET,12.3993,243.99,1,8.266217,5.675,12.399326,0.20825000000004365,0.20825000000004365,0.29631250000002185,0.29631250000002185,-3.042942047168056,12.303059206508884,73.0,MEDIUM
11/5/2025,13:14:05,11/5/2025,13:15:42,short,25818.5,25826.21,STOP,-7.7089,-158.18,0,7.708873,5.225,11.563309,0.16225000000013096,0.16225000000013096,0.23393750000013824,0.23393750000013824,-2.6953165536911943,11.351387183075408,73.0,MEDIUM
11/5/2025,13:18:03,11/5/2025,13:25:44,short,25825.0,25814.99,TARGET,10.0135,196.27,1,6.675685,4.175,10.013528,0.2747499999997672,0.2747499999997672,0.21849999999994907,0.21849999999994907,-0.8235062040480887,10.52788097902732,73.0,MEDIUM
11/5/2025,13:25:44,11/5/2025,13:28:14,long,25811.5,25820.86,TARGET,9.3564,183.13,1,6.237613,5.775,9.35642,0.12174999999988359,0.12174999999988359,0.21168749999997089,0.21168749999997089,-0.09436499105170881,8.930365051395418,73.0,MEDIUM
11/5/2025,13:28:35,11/5/2025,13:29:10,short,25821.0,25827.25,STOP,-6.2537,-129.07,0,6.253707,5.8,9.38056,0.015499999999883584,0.015499999999883584,0.12474999999994907,0.12474999999994907,0.04758298994501864,8.911075020422858,73.0,MEDIUM
11/5/2025,13:30:08,11/5/2025,13:32:21,short,25826.0,25832.51,STOP,-6.5053,-134.11,0,6.505292,5.65,9.757937,0.004000000000087311,0.004000000000087311,0.08262500000000728,0.08262500000000728,0.2401236180632189,9.167958279447312,73.0,MEDIUM
11/5/2025,14:07:13,11/5/2025,14:10:57,long,25833.0,25856.68,TARGET,23.6764,469.53,1,15.784249,4.55,23.676374,0.17050000000017462,0.17050000000017462,0.25437500000007274,0.25437500000007274,-2.0256436825643327,23.97382745549916,73.0,MEDIUM
11/5/2025,14:11:36,11/5/2025,14:17:56,long,25843.5,25860.19,TARGET,16.6906,329.81,1,11.127096,5.6,16.690645,0.22000000000007275,0.22000000000007275,0.17399999999997817,0.17399999999997817,-3.326681764409642,17.0908439076411,73.0,MEDIUM
11/5/2025,14:17:56,11/5/2025,14:36:01,short,25857.0,25868.05,STOP,-11.0527,-225.05,0,11.052684,4.325,16.579026,-0.026750000000174624,0.026750000000174624,0.05412500000002183,0.05412500000002183,0.08879309717113415,16.585979802683966,73.0,MEDIUM
11/5/2025,14:36:01,11/5/2025,14:55:07,short,25866.0,25876.56,STOP,-10.5631,-215.26,0,10.563055,4.675,15.844582,-0.06525000000001455,0.06525000000001455,-0.043874999999934515,0.043874999999934515,-1.1252496931112361,15.724442066046318,73.0,MEDIUM
11/5/2025,15:05:37,11/5/2025,15:15:36,long,25855.0,25864.82,TARGET,9.8221,192.44,1,6.548089,4.575,9.822134,0.1913749999999709,0.1913749999999709,0.21856250000000726,0.21856250000000726,-1.5777415940689377,10.126475734711473,73.0,MEDIUM
11/5/2025,15:16:58,11/5/2025,15:17:50,long,25857.75,25851.77,STOP,-5.9771,-123.54,0,5.9771,4.175,8.96565,-0.006375000000116415,0.006375000000116415,0.0035625000000436557,0.0035625000000436557,-0.12330587361692658,8.74473133640776,73.0,MEDIUM
11/5/2025,15:21:43,11/5/2025,15:23:45,long,25852.75,25846.4,STOP,-6.3456,-130.91,0,6.345614,3.675,9.518421,-0.026375000000189174,0.026375000000189174,-0.016375000000152795,0.016375000000152795,0.5039392611633247,9.248670597571085,73.0,MEDIUM
11/6/2025,09:30:00,11/6/2025,09:35:18,long,25661.25,25624.28,STOP,-36.9656,-743.31,0,36.965601,7.1,55.448401,-1.331750000000102,1.331750000000102,-1.1956250000001092,1.1956250000001092,-5.646852951763293,56.54743344931536,73.0,MEDIUM
11/6/2025,09:35:46,11/6/2025,09:38:24,long,25625.25,25655.5,REVERSAL,30.25,601.0,1,24.080933,7.35,36.1214,-0.8698749999999563,0.8698749999999563,-0.7308750000000146,0.7308750000000146,-2.8943552160971038,36.53398576864316,73.0,MEDIUM
11/6/2025,09:38:24,11/6/2025,09:40:02,short,25655.5,25637.5,REVERSAL,18.0,356.0,1,14.316412,7.3,21.474618,-0.4857499999998254,0.4857499999998254,-0.5505624999999782,0.5505624999999782,-7.242595580280948,22.177835916434297,73.0,MEDIUM
11/6/2025,09:40:02,11/6/2025,09:40:53,long,25637.5,25625.22,STOP,-12.2778,-249.56,0,12.277845,8.075,18.416767,-0.1296249999999418,0.1296249999999418,-0.2775625000000218,0.2775625000000218,-2.126294242931163,19.198630813539605,73.0,MEDIUM
11/6/2025,09:42:14,11/6/2025,09:45:35,long,25607.75,25637.53,TARGET,29.7774,591.55,1,19.851614,7.7,29.777421,-0.512250000000131,0.512250000000131,-0.4374375000001237,0.4374375000001237,7.960442070132526,29.50899148629122,73.0,MEDIUM
11/6/2025,09:45:40,11/6/2025,09:47:27,short,25639.75,25660.0,STOP,-20.2467,-408.93,0,20.246728,8.825,30.370092,-0.2469999999997526,0.2469999999997526,-0.31993750000001453,0.31993750000001453,-1.0768022090514329,30.235548935992522,73.0,MEDIUM
11/6/2025,09:47:27,11/6/2025,09:50:31,short,25658.5,25626.46,TARGET,32.0394,636.79,1,21.359602,7.275,32.039404,0.11349999999983992,0.11349999999983992,0.08018749999991996,0.08018749999991996,0.9006455629416159,31.607077820041084,74.0,MEDIUM
11/6/2025,09:50:31,11/6/2025,09:51:08,long,25612.25,25590.07,STOP,-22.1753,-447.51,0,22.175326,9.6,33.262989,-0.20200000000004364,0.20200000000004364,-0.018125000000145518,0.018125000000145518,-2.5365131701501724,33.2608065102664,74.0,MEDIUM
11/6/2025,09:51:08,11/6/2025,09:51:49,long,25591.75,25568.35,STOP,-23.3991,-471.98,0,23.399057,7.525,35.098586,-0.3492500000000291,0.3492500000000291,-0.27531250000010915,0.27531250000010915,1.4166321654381093,34.574714055080356,74.0,MEDIUM
11/6/2025,10:10:10,11/6/2025,10:10:22,short,25466.0,25480.18,STOP,-14.1847,-287.69,0,14.184674,10.45,21.277011,-0.3983749999999418,0.3983749999999418,-0.46299999999992,0.46299999999992,-4.507954280274745,21.554793087138943,74.0,MEDIUM
11/6/2025,10:11:58,11/6/2025,10:12:48,short,25472.75,25445.72,TARGET,27.0308,536.62,1,18.020533,7.925,27.0308,0.2952499999999418,0.2952499999999418,0.1374374999999418,0.1374374999999418,4.685298308550692,26.532548887747367,74.0,MEDIUM
11/6/2025,10:12:53,11/6/2025,10:15:01,long,25437.0,25419.11,STOP,-17.8928,-361.86,0,17.892766,9.0,26.839149,0.25362500000010185,0.25362500000010185,0.2744375000000218,0.2744375000000218,0.09178922386441002,26.624338111611777,74.0,MEDIUM
11/6/2025,10:15:20,11/6/2025,10:16:10,long,25421.75,25450.69,TARGET,28.9397,574.79,1,19.293135,7.25,28.939703,-0.06374999999970896,0.06374999999970896,-0.03943749999998545,0.03943749999998545,1.5598126030242057,28.065472039348037,74.0,MEDIUM
11/6/2025,10:16:41,11/6/2025,10:17:19,short,25460.75,25480.86,STOP,-20.1072,-406.14,0,20.107185,8.425,30.160778,-0.13774999999986903,0.13774999999986903,-0.1875,0.1875,0.2524332578725783,29.912498989464247,74.0,MEDIUM
11/6/2025,10:17:23,11/6/2025,10:18:50,short,25480.0,25500.5,STOP,-20.4961,-413.92,0,20.496128,8.15,30.744192,0.0008750000000873115,0.0008750000000873115,-0.10524999999997817,0.10524999999997817,0.154714173764674,30.208100382994154,74.0,MEDIUM
11/6/2025,10:30:12,11/6/2025,10:32:32,long,25502.75,25486.0,STOP,-16.7547,-339.09,0,16.754667,7.8,25.132001,0.4228750000002037,0.4228750000002037,0.5459375000000364,0.5459375000000364,-6.572157771723777,25.596029282766867,74.0,MEDIUM
11/6/2025,10:38:09,11/6/2025,10:48:09,long,25369.25,25315.55,STOP,-53.6983,-1077.97,0,53.698313,8.325,80.547469,-1.6889999999999419,1.6889999999999419,-1.5972499999999854,1.5972499999999854,9.408709063595936,80.08749529930053,74.0,MEDIUM
11/6/2025,10:50:04,11/6/2025,10:50:19,short,25353.25,25332.63,TARGET,20.6196,408.39,1,13.746426,8.95,20.619639,-0.3923750000001746,0.3923750000001746,-0.40506249999998545,0.40506249999998545,-0.545923479552048,20.512485804647973,74.0,MEDIUM
11/6/2025,10:50:19,11/6/2025,10:51:28,long,25331.0,25351.72,TARGET,20.7246,410.49,1,13.81643,9.125,20.724646,-0.22487499999988358,0.22487499999988358,-0.3445625000000291,0.3445625000000291,-0.2645528242025641,20.28598934384933,74.0,MEDIUM
11/6/2025,10:51:28,11/6/2025,10:51:46,short,25347.25,25361.09,STOP,-13.8385,-280.77,0,13.83853,10.5,20.757794,-0.10062499999985448,0.10062499999985448,-0.18418750000000728,0.18418750000000728,0.10147039827736393,20.365748736894126,74.0,MEDIUM
11/6/2025,10:51:46,11/6/2025,10:52:14,short,25352.75,25332.24,TARGET,20.5065,406.13,1,13.671005,9.275,20.506507,-0.09562499999992724,0.09562499999992724,-0.12481250000000728,0.12481250000000728,-0.06570277301933558,20.244929921425825,74.0,MEDIUM
11/6/2025,10:52:14,11/6/2025,10:53:30,long,25328.5,25314.73,STOP,-13.7661,-279.32,0,13.766148,8.225,20.649221,-0.028125,0.028125,-0.05568750000002183,0.05568750000002183,-0.1317395643151933,20.277957955837593,74.0,MEDIUM
11/6/2025,10:54:07,11/6/2025,10:54:42,long,25315.75,25336.38,TARGET,20.6262,408.52,1,13.750777,8.7,20.626166,-0.4763750000001892,0.4763750000001892,-0.2935625000000073,0.2935625000000073,0.32416581639282427,20.94823122280847,74.0,MEDIUM
11/6/2025,10:54:59,11/6/2025,10:56:12,short,25344.75,25325.13,TARGET,19.6206,388.41,1,13.080391,9.075,19.620586,-0.42537499999998546,0.42537499999998546,-0.3699375000000146,0.3699375000000146,-1.6300885412573969,19.553146817254568,74.0,MEDIUM
11/6/2025,10:56:12,11/6/2025,10:56:32,long,25319.0,25305.56,STOP,-13.4437,-272.87,0,13.443712,12.525,20.165568,0.13862499999995634,0.13862499999995634,-0.14337500000001455,0.14337500000001455,0.2694903950907559,19.822637212345324,74.0,MEDIUM
11/6/2025,10:56:49,11/6/2025,10:59:32,long,25312.5,25297.95,STOP,-14.5466,-294.93,0,14.546585,9.775,21.819877,-0.05437500000007276,0.05437500000007276,-0.05187500000010914,0.05187500000010914,1.6559452178447636,21.274482805441618,74.0,MEDIUM
11/6/2025,11:01:03,11/6/2025,11:05:06,short,25341.0,25357.3,STOP,-16.3011,-330.02,0,16.301069,9.025,24.451603,-0.09012499999989813,0.09012499999989813,-0.24187499999989087,0.24187499999989087,0.3878785019962834,24.291465252866693,75.0,MEDIUM
11/6/2025,11:06:40,11/6/2025,11:07:37,short,25353.5,25324.11,TARGET,29.3891,583.78,1,19.592728,6.975,29.389092,0.2827500000003056,0.2827500000003056,0.16262500000011643,0.16262500000011643,4.738096367963038,28.577892150785587,75.0,MEDIUM
11/6/2025,11:08:23,11/6/2025,11:10:25,short,25346.25,25317.45,TARGET,28.8043,572.09,1,19.202886,10.55,28.804329,0.24587500000016008,0.24587500000016008,0.29325000000008006,0.29325000000008006,-0.6782159742792544,28.235711139566078,75.0,MEDIUM
11/6/2025,11:10:25,11/6/2025,11:14:02,long,25319.75,25347.0,REVERSAL,27.25,541.0,1,18.996927,11.0,28.49539,-0.07000000000007275,0.07000000000007275,0.0695625000000291,0.0695625000000291,-0.30751465372460984,27.96597618354457,75.0,MEDIUM
11/6/2025,11:14:02,11/6/2025,11:16:49,short,25347.0,25327.75,REVERSAL,19.25,381.0,1,17.718961,13.475,26.578441,0.1461250000000291,0.1461250000000291,0.034187500000007275,0.034187500000007275,-1.342358508817565,26.342524910140117,75.0,MEDIUM
11/6/2025,11:16:49,11/6/2025,11:18:52,long,25327.75,25313.67,STOP,-14.0827,-285.65,0,14.082705,12.175,21.124057,0.42725000000027646,0.42725000000027646,0.35900000000001453,0.35900000000001453,-3.849126081223776,20.640926616537804,75.0,MEDIUM
11/6/2025,11:19:50,11/6/2025,11:20:54,long,25310.75,25335.24,TARGET,24.4892,485.78,1,16.326105,10.725,24.489158,-0.21587499999986903,0.21587499999986903,-0.0109375,0.0109375,4.03683042748235,23.541284683413163,75.0,MEDIUM
11/6/2025,11:21:01,11/6/2025,11:22:29,long,25322.5,25305.83,STOP,-16.6703,-337.41,0,16.670254,12.625,25.005381,-0.1514999999999418,0.1514999999999418,-0.13174999999991996,0.13174999999991996,2.4475779304759726,24.350403091343324,75.0,MEDIUM
11/6/2025,11:23:27,11/6/2025,11:25:26,long,25300.5,25281.75,STOP,-18.7542,-379.08,0,18.754209,9.225,28.131313,-0.5163749999999709,0.5163749999999709,-0.2928750000000946,0.2928750000000946,2.9656075143589717,27.409571363072907,75.0,MEDIUM
11/6/2025,11:29:38,11/6/2025,11:32:10,short,25335.0,25304.01,TARGET,30.9908,615.82,1,20.660545,8.225,30.990818,-0.16612500000010186,0.16612500000010186,-0.3128124999999272,0.3128124999999272,0.38416820986796196,31.205586337373916,75.0,MEDIUM
11/6/2025,11:33:36,11/6/2025,11:34:52,short,25316.5,25301.75,REVERSAL,14.75,291.0,1,18.098053,11.275,27.14708,-0.2678749999999127,0.2678749999999127,-0.14099999999998544,0.14099999999998544,-3.164225474594552,28.093286350661373,75.0,MEDIUM
11/6/2025,11:34:52,11/6/2025,11:35:06,long,25301.75,25285.5,STOP,-16.2469,-328.94,0,16.246894,10.625,24.370341,-0.3444999999999709,0.3444999999999709,-0.2211875000000873,0.2211875000000873,-4.666529407046706,25.89838445786007,75.0,MEDIUM
11/6/2025,11:35:06,11/6/2025,11:35:31,long,25287.0,25271.59,STOP,-15.4067,-312.13,0,15.40671,10.35,23.110065,-0.40799999999981085,0.40799999999981085,-0.2740625000000364,0.2740625000000364,-6.03035391284541,24.05837914949765,75.0,MEDIUM
11/6/2025,11:52:14,11/6/2025,11:53:01,short,25266.5,25282.34,STOP,-15.8409,-320.82,0,15.840862,10.7,23.761293,-0.6461250000000291,0.6461250000000291,-0.7681250000001455,0.7681250000001455,-11.190905144036279,25.915292795507156,75.0,MEDIUM
11/6/2025,11:54:02,11/6/2025,11:54:41,short,25263.25,25276.69,STOP,-13.4445,-272.89,0,13.444481,9.1,20.166721,-0.034749999999985445,0.034749999999985445,-0.2880625000001601,0.2880625000001601,-2.160183830422646,19.759060065085855,75.0,MEDIUM
11/6/2025,11:55:11,11/6/2025,11:55:38,long,25246.25,25232.55,STOP,-13.7004,-278.01,0,13.700369,11.625,20.550554,0.10925000000024739,0.10925000000024739,-0.10450000000000728,0.10450000000000728,0.7389347679898961,20.147044676587665,75.0,MEDIUM
11/6/2025,11:55:38,11/6/2025,11:56:40,long,25235.0,25221.12,STOP,-13.8821,-281.64,0,13.882065,10.225,20.823097,0.023999999999796275,0.023999999999796275,-0.050562499999978174,0.050562499999978174,0.3313483334928513,20.11498365849986,75.0,MEDIUM
11/6/2025,12:00:03,11/6/2025,12:00:50,short,25247.0,25264.91,STOP,-17.9119,-362.24,0,17.911913,11.05,26.867869,-0.2985000000000582,0.2985000000000582,-0.3639999999999418,0.3639999999999418,1.3245302425906544,26.226345608119594,75.0,MEDIUM
11/6/2025,12:00:50,11/6/2025,12:07:31,short,25268.5,25241.41,TARGET,27.0942,537.88,1,18.062809,11.45,27.094213,-0.020375000000058208,0.020375000000058208,-0.16181250000008732,0.16181250000008732,0.28664163193321457,26.263134162356035,75.0,MEDIUM
11/6/2025,12:08:36,11/6/2025,12:09:20,long,25233.75,25263.79,TARGET,30.0395,596.79,1,20.026348,10.475,30.039522,0.1764999999999418,0.1764999999999418,0.21856250000000726,0.21856250000000726,0.170027552562118,29.31757540088737,75.0,MEDIUM
11/6/2025,12:09:20,11/6/2025,12:10:12,short,25274.25,25294.45,STOP,-20.2015,-408.03,0,20.201482,11.125,30.302223,0.07224999999998545,0.07224999999998545,0.1850624999999127,0.1850624999999127,-0.3510329965506145,29.354070398798527,76.0,LOW
11/6/2025,12:12:19,11/6/2025,12:15:11,short,25287.0,25248.3,TARGET,38.7008,770.02,1,25.800537,8.525,38.700806,0.271875,0.271875,0.23462500000005093,0.23462500000005093,5.3397063807890675,37.775406488033745,76.0,LOW
11/6/2025,12:16:30,11/6/2025,12:21:34,long,25247.75,25225.22,STOP,-22.5302,-454.6,0,22.5302,8.35,33.7953,0.3475000000002183,0.3475000000002183,0.33343750000003636,0.33343750000003636,-4.907504127662634,34.2589393520482,76.0,LOW
11/6/2025,12:23:00,11/6/2025,12:23:48,long,25240.5,25220.01,STOP,-20.4869,-413.74,0,20.486869,9.05,30.730304,-0.3135000000002037,0.3135000000002037,-0.06087500000012369,0.06087500000012369,5.36014342666676,30.327430193075365,76.0,LOW
11/6/2025,12:32:16,11/6/2025,12:38:41,short,25261.5,25283.02,STOP,-21.5235,-434.47,0,21.523473,10.6,32.285209,-0.540625,0.540625,-0.43862500000013827,0.43862500000013827,-7.69313039311389,33.22637810271702,76.0,LOW
11/6/2025,12:39:15,11/6/2025,12:43:38,short,25270.5,25292.02,STOP,-21.5187,-434.37,0,21.518681,8.15,32.278021,0.24512500000018916,0.24512500000018916,0.1188125000000582,0.1188125000000582,3.4458495213049574,31.846682777878264,76.0,LOW
11/6/2025,13:04:22,11/6/2025,13:05:07,long,25296.75,25272.28,STOP,-24.4737,-493.47,0,24.473722,7.85,36.710583,0.4899999999997817,0.4899999999997817,0.6045000000000073,0.6045000000000073,-5.173375912564389,38.76960185165809,76.0,LOW
11/6/2025,13:12:19,11/6/2025,13:24:03,long,25237.25,25291.0,REVERSAL,53.75,1071.0,1,42.267829,9.2,63.401744,-0.8381250000002183,0.8381250000002183,-0.7313750000001165,0.7313750000001165,9.891653419986419,62.458544519024194,76.0,LOW
11/6/2025,13:24:03,11/6/2025,13:25:55,short,25291.0,25321.78,STOP,-30.7836,-619.67,0,30.783568,9.05,46.175352,-0.7222499999999854,0.7222499999999854,-0.8539999999999054,0.8539999999999054,-9.776385537619788,47.79378715158177,76.0,LOW
11/6/2025,13:33:35,11/6/2025,13:36:54,short,25328.25,25366.69,STOP,-38.4403,-772.81,0,38.440268,8.675,57.660402,0.7603749999998399,0.7603749999998399,0.5527500000000145,0.5527500000000145,9.793711231376903,57.060167451550925,76.0,LOW
11/6/2025,13:55:47,11/6/2025,13:56:25,long,25333.25,25319.76,STOP,-13.4926,-273.85,0,13.492619,10.3,20.238929,0.3864999999997963,0.3864999999997963,0.6039375000000291,0.6039375000000291,-5.576067835011724,20.061920835497425,76.0,LOW
11/6/2025,13:58:46,11/6/2025,14:01:26,long,25326.0,25347.44,TARGET,21.4351,424.7,1,14.290071,9.25,21.435106,-0.04737500000010186,0.04737500000010186,0.06818750000002183,0.06818750000002183,1.1944064551337945,21.052974562345653,76.0,LOW
11/6/2025,14:01:56,11/6/2025,14:04:03,long,25334.25,25356.45,TARGET,22.1962,439.92,1,14.797482,9.575,22.196223,-0.07700000000004366,0.07700000000004366,-0.06825000000008004,0.06825000000008004,0.8766609599681416,22.031918590704812,76.0,LOW
11/6/2025,14:04:03,11/6/2025,14:05:08,short,25360.0,25375.05,STOP,-15.045,-304.9,0,15.045018,10.75,22.567527,-0.025874999999723515,0.025874999999723515,-0.05674999999991996,0.05674999999991996,0.1859436096916589,22.25949897779319,76.0,LOW
11/6/2025,14:08:03,11/6/2025,14:25:20,short,25381.0,25404.87,STOP,-23.87,-481.4,0,23.869951,7.6,35.804927,0.3848750000001019,0.3848750000001019,0.2954999999999927,0.2954999999999927,8.447252018117254,35.3884713747439,76.0,LOW
11/6/2025,14:41:46,11/6/2025,14:49:08,long,25390.5,25370.66,STOP,-19.8405,-400.81,0,19.840467,5.825,29.7607,0.23462500000023284,0.23462500000023284,0.30043750000004366,0.30043750000004366,-1.8685878640229312,29.476547096982383,76.0,LOW
11/7/2025,09:30:05,11/7/2025,09:30:38,long,25085.0,25069.21,STOP,-15.7929,-319.86,0,15.792854,9.1,23.68928,-0.20375000000021828,0.20375000000021828,-0.14906250000003637,0.14906250000003637,-3.075543318205355,23.474161560661607,76.0,LOW
11/7/2025,09:31:15,11/7/2025,09:35:12,long,25065.25,25043.99,STOP,-21.2635,-429.27,0,21.263543,8.275,31.895315,-0.2755000000001019,0.2755000000001019,-0.18093750000007275,0.18093750000007275,5.957280071437868,31.40821737915078,76.0,LOW
11/7/2025,09:43:17,11/7/2025,09:46:45,short,24979.0,24942.3,TARGET,36.7015,730.03,1,24.467679,10.325,36.701519,-0.8117500000000291,0.8117500000000291,-0.9251874999999927,0.9251874999999927,-14.19810613518429,38.72043869436784,76.0,LOW
11/7/2025,09:46:45,11/7/2025,09:48:28,long,24940.75,24969.85,TARGET,29.1027,578.05,1,19.401804,11.925,29.102706,0.18625000000029104,0.18625000000029104,0.01781250000003638,0.01781250000003638,2.360051834915179,29.10720408015993,76.0,LOW
11/7/2025,09:48:28,11/7/2025,09:48:47,short,24973.5,24993.08,STOP,-19.5783,-395.57,0,19.578281,10.975,29.367421,-0.05812500000029104,0.05812500000029104,0.016124999999919964,0.016124999999919964,0.1315861702550798,29.26285867010827,77.0,LOW
11/7/2025,09:48:53,11/7/2025,09:49:31,short,24991.0,24960.63,TARGET,30.365,603.3,1,20.243351,9.65,30.365027,0.11624999999985448,0.11624999999985448,0.06531249999989086,0.06531249999989086,1.093919205326884,30.116183884699566,77.0,LOW
11/7/2025,09:49:38,11/7/2025,09:50:00,long,24949.75,24930.6,STOP,-19.1538,-387.08,0,19.153802,9.675,28.730704,0.5027500000000146,0.5027500000000146,0.2343124999999418,0.2343124999999418,-0.14989513567417134,29.225555244635935,77.0,LOW
11/7/2025,09:50:00,11/7/2025,09:51:33,long,24945.5,24973.21,TARGET,27.7129,550.26,1,18.475294,11.2,27.71294,0.42862500000010184,0.42862500000010184,0.2724374999999782,0.2724374999999782,-2.3739698903035276,27.74221399439604,77.0,LOW
11/7/2025,09:51:33,11/7/2025,09:52:37,short,24977.5,24995.02,STOP,-17.5228,-354.46,0,17.522751,13.1,26.284127,0.09124999999985448,0.09124999999985448,0.21774999999997818,0.21774999999997818,-1.2103150027545162,25.91164093940852,77.0,LOW
11/7/2025,09:53:35,11/7/2025,09:55:42,short,24992.75,25012.22,STOP,-19.4685,-393.37,0,19.46854,12.025,29.202811,0.44962500000001454,0.44962500000001454,0.3295624999998836,0.3295624999998836,3.686278633787019,28.342335720938266,77.0,LOW
11/7/2025,10:00:41,11/7/2025,10:04:25,long,24967.0,24939.98,STOP,-27.0221,-544.44,0,27.022091,14.525,40.533136,0.4733750000003056,0.4733750000003056,0.4996875000000728,0.4996875000000728,-3.5094364153284303,41.18669971528203,77.0,LOW
11/7/2025,10:05:02,11/7/2025,10:06:06,long,24956.75,24930.15,STOP,-26.6003,-536.01,0,26.600341,10.475,39.900511,-0.16037499999983992,0.16037499999983992,0.013687500000014553,0.013687500000014553,3.080147257090978,39.52121284432835,77.0,LOW
11/7/2025,10:09:43,11/7/2025,10:10:25,short,24960.5,24991.12,STOP,-30.6244,-616.49,0,30.624385,9.85,45.936578,-0.8139999999999418,0.8139999999999418,-1.0458124999999199,1.0458124999999199,-11.968892516598729,46.91885449160764,77.0,LOW
11/7/2025,10:10:36,11/7/2025,10:11:15,short,24983.25,25014.58,STOP,-31.3343,-630.69,0,31.334303,11.125,47.001455,0.09637499999989814,0.09637499999989814,-0.22362499999999272,0.22362499999999272,1.8611454511082783,46.33845086161048,77.0,LOW
11/7/2025,10:22:06,11/7/2025,10:22:24,long,25006.0,25022.25,REVERSAL,16.25,321.0,1,12.551768,11.3,18.827652,0.3540000000000873,0.3540000000000873,0.41587500000005095,0.41587500000005095,-2.8560617038135696,18.138606190676906,77.0,LOW
11/7/2025,10:22:24,11/7/2025,10:22:45,short,25022.25,25034.8,STOP,-12.5473,-254.95,0,12.547309,11.075,18.820964,0.2748750000002474,0.2748750000002474,0.3485000000000582,0.3485000000000582,-1.6057377021947659,18.045945457816778,77.0,LOW
11/7/2025,10:22:55,11/7/2025,10:23:15,short,25023.75,25004.6,TARGET,19.149,378.98,1,12.765993,10.75,19.148989,0.19887499999967986,0.19887499999967986,0.30031249999992726,0.30031249999992726,-0.7797410499030306,18.292739117643784,77.0,LOW
11/7/2025,10:23:15,11/7/2025,10:23:26,long,25000.75,24988.04,STOP,-12.7114,-258.23,0,12.711431,10.825,19.067146,0.13712500000001454,0.13712500000001454,0.26981249999989815,0.26981249999989815,-0.3285400802627976,18.3990275734174,77.0,LOW
11/7/2025,10:25:46,11/7/2025,10:26:29,long,24985.5,25017.67,TARGET,32.1668,639.34,1,21.444556,10.475,32.166834,-0.4061249999998836,0.4061249999998836,-0.3406874999998763,0.3406874999998763,6.903357275475155,31.900200551132702,77.0,LOW
11/7/2025,10:26:29,11/7/2025,10:28:13,short,25021.25,24989.4,TARGET,31.8548,633.1,1,21.236557,11.175,31.854836,-0.20950000000011643,0.20950000000011643,-0.2767499999999927,0.2767499999999927,1.213434100429673,32.09545041356745,77.0,LOW
11/7/2025,10:28:38,11/7/2025,10:29:44,long,24983.5,24965.28,STOP,-18.2169,-368.34,0,18.216897,13.425,27.325345,-0.28725000000013096,0.28725000000013096,-0.21450000000004366,0.21450000000004366,-3.534399014186924,27.646837839263085,77.0,LOW
11/7/2025,10:30:11,11/7/2025,10:31:07,long,24973.5,24954.07,STOP,-19.4291,-392.58,0,19.429124,10.425,29.143686,-0.3568749999998545,0.3568749999998545,-0.32768749999995633,0.32768749999995633,1.516320200698214,28.79832673317448,77.0,LOW
11/7/2025,11:19:52,11/7/2025,11:23:17,short,24818.75,24839.49,STOP,-20.7351,-418.7,0,20.735124,7.275,31.102685,-0.4038749999999709,0.4038749999999709,-0.4036250000001019,0.4036250000001019,-5.039681689506914,32.115526559205975,77.0,LOW
11/7/2025,11:23:47,11/7/2025,11:26:35,short,24827.25,24800.61,TARGET,26.6356,528.71,1,17.757043,10.45,26.635564,-0.08149999999986904,0.08149999999986904,-0.09037499999994907,0.09037499999994907,-1.9437613321070337,26.360092405083854,77.0,LOW
11/7/2025,11:29:15,11/7/2025,11:34:27,long,24794.0,24819.9,TARGET,25.9032,514.06,1,17.268769,7.8,25.903153,-0.008000000000174623,0.008000000000174623,-0.026499999999941792,0.026499999999941792,-0.17370615136602652,25.94268843259762,78.0,LOW
11/7/2025,11:34:27,11/7/2025,11:35:36,short,24816.5,24796.25,REVERSAL,20.25,401.0,1,16.172528,10.8,24.258791,0.01624999999985448,0.01624999999985448,0.06618749999997817,0.06618749999997817,-0.17446783635704577,24.46632797454832,78.0,LOW
11/7/2025,11:35:36,11/7/2025,11:38:39,long,24796.25,24781.7,STOP,-14.5452,-294.9,0,14.545215,9.4,21.817822,0.2576250000001892,0.2576250000001892,0.14481250000008003,0.14481250000008003,-2.2650070821238835,22.351372365039275,78.0,LOW
11/7/2025,11:40:49,11/7/2025,11:41:41,long,24775.0,24756.66,STOP,-18.3366,-370.73,0,18.336633,6.475,27.50495,-0.3383750000000873,0.3383750000000873,-0.1499374999999418,0.1499374999999418,6.17245810705198,26.72072654860985,78.0,LOW
11/7/2025,11:51:23,11/7/2025,11:54:04,short,24798.25,24775.39,TARGET,22.8645,453.29,1,15.243006,9.925,22.864508,-0.328125,0.328125,-0.39793750000008005,0.39793750000008005,-0.9964793942645187,22.61932533448929,78.0,LOW
11/7/2025,11:54:04,11/7/2025,11:55:41,long,24774.75,24759.57,STOP,-15.1789,-307.58,0,15.178937,10.1,22.768405,-0.0007500000003346941,0.0007500000003346941,-0.14325000000008004,0.14325000000008004,-0.003686071211284059,22.60514449333965,78.0,LOW
11/7/2025,11:55:41,11/7/2025,11:56:56,long,24758.75,24743.38,STOP,-15.3661,-311.32,0,15.366054,8.3,23.049081,-0.21749999999992725,0.21749999999992725,-0.12012500000000728,0.12012500000000728,-0.17499264714477292,22.48609823147332,78.0,LOW
11/7/2025,12:13:52,11/7/2025,12:16:34,short,24768.0,24792.46,STOP,-24.4555,-493.11,0,24.455486,7.3,36.683228,-0.22324999999982537,0.22324999999982537,-0.44181250000001454,0.44181250000001454,-1.1683108585384687,36.66800391962285,78.0,LOW
11/7/2025,12:20:08,11/7/2025,12:20:56,short,24784.75,24809.52,STOP,-24.7737,-499.47,0,24.773683,8.7,37.160524,0.21387499999982537,0.21387499999982537,0.04074999999993452,0.04074999999993452,4.468859725672594,36.49670246156956,78.0,LOW
11/7/2025,12:38:47,11/7/2025,12:47:59,long,24812.75,24791.29,STOP,-21.4607,-433.21,0,21.460723,10.575,32.191084,0.7227500000000873,0.7227500000000873,0.8158124999999927,0.8158124999999927,-7.518958606677003,32.77866568348414,78.0,LOW
11/10/2025,09:30:04,11/10/2025,09:30:09,short,25541.0,25527.5,TARGET,13.4979,265.96,1,8.998573,6.85,13.49786,0.10050000000010187,0.10050000000010187,0.09362500000006549,0.09362500000006549,-1.2808994569749697,13.485909623752372,78.0,LOW
11/10/2025,09:30:09,11/10/2025,09:30:18,long,25527.5,25540.52,TARGET,13.0205,256.41,1,8.680307,6.575,13.02046,0.15900000000001455,0.15900000000001455,0.08649999999997818,0.08649999999997818,-2.1419923053289054,12.61850797299585,78.0,LOW
11/10/2025,09:30:25,11/10/2025,09:30:44,short,25548.5,25557.12,STOP,-8.6237,-176.47,0,8.62371,7.975,12.935565,0.12625000000007275,0.12625000000007275,0.12687500000010915,0.12687500000010915,-0.9777878651212646,12.330765748584607,78.0,LOW
11/10/2025,09:31:51,11/10/2025,09:32:00,short,25566.5,25581.02,STOP,-14.5167,-294.33,0,14.516682,7.875,21.775024,0.25187499999992724,0.25187499999992724,0.3101249999999709,0.3101249999999709,4.667037117955939,21.26567093934394,78.0,LOW
11/10/2025,09:48:43,11/10/2025,09:49:04,long,25615.25,25627.75,REVERSAL,12.5,246.0,1,12.860456,6.125,19.290683,0.30099999999983995,0.30099999999983995,0.3810625000000073,0.3810625000000073,-2.804538530452998,19.780977928986008,78.0,LOW
11/10/2025,09:49:04,11/10/2025,09:49:37,short,25627.75,25616.75,REVERSAL,11.0,216.0,1,11.806324,6.675,17.709485,0.27775000000001454,0.27775000000001454,0.3475624999999127,0.3475624999999127,-3.591134124541181,18.528005036664535,78.0,LOW
11/10/2025,09:49:37,11/10/2025,09:50:09,long,25616.75,25605.96,STOP,-10.7911,-219.82,0,10.791126,6.35,16.186689,0.25325000000011644,0.25325000000011644,0.28962499999997815,0.28962499999997815,-4.284148396812284,16.451684915116267,78.0,LOW
11/10/2025,09:51:17,11/10/2025,09:52:46,long,25607.25,25594.34,STOP,-12.9063,-262.13,0,12.906321,5.675,19.359482,-0.15349999999998545,0.15349999999998545,-0.008812500000021827,0.008812500000021827,3.7148447433625886,19.04930382770551,78.0,LOW
11/10/2025,09:57:15,11/10/2025,09:58:46,short,25633.5,25648.61,STOP,-15.113,-306.26,0,15.112986,7.575,22.669479,-0.05500000000029104,0.05500000000029104,-0.07825000000011642,0.07825000000011642,-0.2511075679790835,22.629317764560568,78.0,LOW
11/10/2025,09:59:45,11/10/2025,10:10:41,short,25638.25,25655.9,STOP,-17.6526,-357.05,0,17.652587,6.15,26.47888,0.13637500000004366,0.13637500000004366,0.0671250000001237,0.0671250000001237,2.994205874029845,26.109705990673348,78.0,LOW
11/10/2025,10:14:17,11/10/2025,10:14:48,long,25631.5,25621.47,STOP,-10.0336,-204.67,0,10.033631,7.6,15.050446,0.3653749999997672,0.3653749999997672,0.44825000000000725,0.44825000000000725,-3.464588569954289,15.242910508221078,79.0,MEDIUM
11/10/2025,10:15:05,11/10/2025,10:16:40,long,25627.75,25641.38,TARGET,13.6255,268.51,1,9.083698,6.925,13.625547,0.16462500000016006,0.16462500000016006,0.31975000000002185,0.31975000000002185,-3.2694220568171275,13.537288559989577,79.0,MEDIUM
11/10/2025,10:18:06,11/10/2025,10:18:23,long,25641.25,25636.0,REVERSAL,-5.25,-109.0,0,8.882509,7.675,13.323764,-0.04525000000030559,0.04525000000030559,0.027062499999919963,0.027062499999919963,0.03536573148384292,13.182070043024176,79.0,MEDIUM
11/10/2025,10:18:23,11/10/2025,10:18:36,short,25636.0,25630.75,REVERSAL,5.25,101.0,1,8.795267,7.675,13.1929,-0.05699999999997089,0.05699999999997089,0.011000000000058208,0.011000000000058208,-0.10188656721494027,13.072636335544125,79.0,MEDIUM
11/10/2025,10:18:36,11/10/2025,10:19:18,long,25630.75,25622.03,STOP,-8.7208,-178.42,0,8.720836,7.8,13.081254,-0.06262500000011642,0.06262500000011642,0.0007499999999708961,0.0007499999999708961,-0.27414957912159643,12.959708503013639,79.0,MEDIUM
11/10/2025,10:21:03,11/10/2025,10:24:59,short,25649.0,25658.63,STOP,-9.6289,-196.58,0,9.628928,7.475,14.443392,-0.13574999999982537,0.13574999999982537,-0.12687499999992724,0.12687499999992724,1.5699844628411235,14.067866517312215,79.0,MEDIUM
11/10/2025,10:25:57,11/10/2025,10:26:14,short,25651.5,25662.52,STOP,-11.0208,-224.42,0,11.020759,5.725,16.531138,0.26600000000034923,0.26600000000034923,0.21393750000006548,0.21393750000006548,1.6466321677812665,15.931201844419462,79.0,MEDIUM
11/10/2025,10:37:26,11/10/2025,10:38:46,long,25641.0,25629.91,STOP,-11.0892,-225.78,0,11.089212,6.45,16.633818,0.23312499999992725,0.23312499999992725,0.11293750000004366,0.11293750000004366,-0.938457844769971,16.433340720361635,79.0,MEDIUM
11/10/2025,10:38:46,11/10/2025,10:41:50,long,25629.0,25617.98,STOP,-11.0177,-224.35,0,11.017678,6.475,16.526516,0.13662499999991268,0.13662499999991268,0.14362500000006548,0.14362500000006548,-1.3193111418663097,15.964998438996089,79.0,MEDIUM
11/10/2025,11:08:28,11/10/2025,11:12:14,short,25519.75,25536.63,STOP,-16.876,-341.52,0,16.876032,6.2,25.314049,-0.3235000000000582,0.3235000000000582,-0.45593750000007277,0.45593750000007277,-3.699923142420868,25.36714632760165,79.0,MEDIUM
11/10/2025,11:12:42,11/10/2025,11:13:07,short,25530.25,25508.44,TARGET,21.813,432.26,1,14.542004,5.575,21.813005,0.11037500000020373,0.11037500000020373,0.00406249999996362,0.00406249999996362,2.2577224492912578,21.212220424482116,79.0,MEDIUM
11/10/2025,11:14:00,11/10/2025,11:16:42,short,25520.25,25506.0,REVERSAL,14.25,281.0,1,14.510099,7.75,21.765149,0.14050000000024737,0.14050000000024737,0.11362500000013824,0.11362500000013824,0.5899275319984731,21.50786878389357,79.0,MEDIUM
11/10/2025,11:16:42,11/10/2025,11:19:32,long,25506.0,25523.25,REVERSAL,17.25,341.0,1,14.519098,8.075,21.778648,0.05212499999979627,0.05212499999979627,0.08237499999995634,0.08237499999995634,0.001604124642511806,21.49081289626482,79.0,MEDIUM
11/10/2025,11:19:32,11/10/2025,11:21:19,short,25523.25,25501.32,TARGET,21.9269,434.54,1,14.617962,7.9,21.926943,-0.08612499999981083,0.08612499999981083,-0.015374999999949068,0.015374999999949068,0.08354955363997973,21.536040333853446,79.0,MEDIUM
11/10/2025,11:21:19,11/10/2025,11:22:30,long,25497.75,25484.19,STOP,-13.5595,-275.19,0,13.559456,8.425,20.339184,0.16362499999995633,0.16362499999995633,0.04556250000005093,0.04556250000005093,-0.7040954981721477,20.841273105341653,79.0,MEDIUM
11/10/2025,11:23:22,11/10/2025,11:32:06,long,25494.25,25513.14,TARGET,18.887,373.74,1,12.591335,6.775,18.887003,0.016749999999956345,0.016749999999956345,0.11837500000001455,0.11837500000001455,-0.41645489812831116,18.757474264593238,79.0,MEDIUM
11/10/2025,11:32:06,11/10/2025,11:34:30,short,25513.0,25494.06,TARGET,18.9381,374.76,1,12.62539,9.075,18.938085,-0.2610000000000582,0.2610000000000582,-0.2421875,0.2421875,-2.493332405346248,19.339425181866627,79.0,MEDIUM
11/10/2025,11:34:45,11/10/2025,11:35:30,long,25496.0,25485.31,STOP,-10.6858,-217.72,0,10.685826,7.75,16.028739,-0.11375000000007277,0.11375000000007277,-0.1834375000000364,0.1834375000000364,-1.8553574696577897,15.621600876748168,79.0,MEDIUM
11/10/2025,11:35:30,11/10/2025,11:40:24,long,25483.5,25472.75,STOP,-10.7474,-218.95,0,10.747396,8.65,16.121094,-0.09937500000014551,0.09937500000014551,-0.1836250000000291,0.1836250000000291,-0.8335514639083215,15.166755259101159,79.0,MEDIUM
11/10/2025,11:50:13,11/10/2025,11:50:44,short,25497.25,25476.58,TARGET,20.6669,409.34,1,13.777916,7.15,20.666874,-0.12775000000001455,0.12775000000001455,-0.14799999999995633,0.14799999999995633,-0.35867620430082425,19.937624676694067,79.0,MEDIUM
11/10/2025,11:50:44,11/10/2025,11:56:03,long,25474.5,25485.0,REVERSAL,10.5,206.0,1,13.789192,7.175,20.683788,-0.028499999999985447,0.028499999999985447,-0.11737499999999272,0.11737499999999272,-0.15831132890255972,20.063924826739836,80.0,HIGH
11/10/2025,11:56:03,11/10/2025,11:56:32,short,25485.0,25494.55,STOP,-9.5497,-194.99,0,9.549676,8.25,14.324515,-0.3436249999998836,0.3436249999998836,-0.2689374999999927,0.2689374999999927,-3.9163165085086433,15.199582616080473,80.0,HIGH
11/10/2025,12:05:02,11/10/2025,12:15:00,short,25550.5,25511.0,REVERSAL,39.5,786.0,1,29.211087,4.6,43.816631,0.7575000000000728,0.7575000000000728,0.712750000000051,0.712750000000051,9.238637227821158,43.399096658803614,80.0,HIGH
11/10/2025,12:15:00,11/10/2025,12:22:30,long,25511.0,25550.96,TARGET,39.9637,795.27,1,26.642466,8.325,39.963698,0.5178750000002765,0.5178750000002765,0.5134375000001455,0.5134375000001455,-6.087835045617936,41.52562782418502,80.0,HIGH
11/10/2025,12:22:49,11/10/2025,12:24:05,short,25548.5,25528.5,REVERSAL,20.0,396.0,1,14.87662,7.45,22.31493,0.311250000000291,0.311250000000291,0.3845625000001746,0.3845625000001746,-3.9473240525243014,22.6704876076548,80.0,HIGH
11/10/2025,12:24:05,11/10/2025,12:27:09,long,25528.5,25550.04,TARGET,21.5413,426.83,1,14.360845,8.15,21.541267,0.2944999999999709,0.2944999999999709,0.34174999999995637,0.34174999999995637,-2.8291912553330043,22.09133376561947,80.0,HIGH
11/10/2025,12:27:24,11/10/2025,12:28:04,short,25551.75,25565.65,STOP,-13.8956,-281.91,0,13.895561,7.85,20.843342,0.10637500000011642,0.10637500000011642,0.19506250000013098,0.19506250000013098,-0.8115240022142522,20.92831132802209,80.0,HIGH
11/10/2025,12:28:04,11/10/2025,12:36:30,short,25563.5,25577.6,STOP,-14.1042,-286.08,0,14.104177,7.375,21.156266,0.1580000000001746,0.1580000000001746,0.18893750000006548,0.18893750000006548,-0.42933969899371505,20.957972009525363,80.0,HIGH
11/10/2025,13:28:12,11/10/2025,13:31:26,long,25634.75,25646.63,TARGET,11.8844,233.69,1,7.922948,5.225,11.884422,0.3209999999999127,0.3209999999999127,0.35906249999989087,0.35906249999989087,-4.491283487885864,11.791102391853139,80.0,HIGH
11/10/2025,13:31:26,11/10/2025,13:31:45,short,25645.75,25652.26,STOP,-6.5127,-134.25,0,6.512728,5.275,9.769092,0.08912499999969441,0.08912499999969441,0.19200000000000728,0.19200000000000728,-1.797933578730344,9.793114704430383,80.0,HIGH
11/10/2025,13:31:45,11/10/2025,13:32:56,short,25652.75,25659.2,STOP,-6.4535,-133.07,0,6.453451,5.3,9.680176,0.10112499999995635,0.10112499999995635,0.18531249999996363,0.18531249999996363,-1.9516511986223097,9.535330520876306,80.0,HIGH
11/10/2025,13:59:06,11/10/2025,14:05:56,long,25648.25,25667.32,TARGET,19.072,377.44,1,12.714692,5.225,19.072038,0.07212499999986903,0.07212499999986903,0.15887500000008004,0.15887500000008004,-0.28442548547073443,18.877943302323573,80.0,HIGH
11/10/2025,14:06:10,11/10/2025,14:10:49,short,25671.75,25654.05,TARGET,17.6975,349.95,1,11.79835,6.125,17.697525,0.08025000000016007,0.08025000000016007,0.06206250000013824,0.06206250000013824,-0.5349556145796619,17.798578682739677,80.0,HIGH
11/10/2025,14:10:49,11/10/2025,14:10:56,long,25653.5,25667.0,TARGET,13.4982,265.96,1,8.998797,4.775,13.498196,0.346875,0.346875,0.21356250000008004,0.21356250000008004,-3.9553550728936493,13.843223609846028,80.0,HIGH
11/10/2025,14:11:06,11/10/2025,14:14:41,short,25672.5,25659.84,TARGET,12.6621,249.24,1,8.441417,5.9,12.662126,0.2683750000000146,0.2683750000000146,0.24025000000001456,0.24025000000001456,-4.134629448105716,12.68260078370815,80.0,HIGH
11/10/2025,14:15:05,11/10/2025,14:16:07,long,25658.5,25670.99,TARGET,12.492,245.84,1,8.327971,5.375,12.491956,0.12150000000001455,0.12150000000001455,0.2155624999999418,0.2155624999999418,-0.7985551319680475,12.347625818281525,80.0,HIGH
11/10/2025,14:16:07,11/10/2025,14:25:47,short,25673.0,25681.23,STOP,-8.2275,-168.55,0,8.227453,5.65,12.341179,0.09487499999995634,0.09487499999995634,0.18162499999998544,0.18162499999998544,-0.38231613038414025,12.30028465332401,80.0,HIGH
11/10/2025,14:29:49,11/10/2025,14:41:14,short,25685.25,25696.92,STOP,-11.6659,-237.32,0,11.665904,3.625,17.498856,0.22950000000018916,0.22950000000018916,0.15656250000010913,0.15656250000010913,3.7781201931897783,17.226928320726323,80.0,HIGH
11/10/2025,15:17:46,11/10/2025,15:19:41,long,25703.0,25714.13,TARGET,11.1278,218.56,1,7.418546,4.05,11.127818,0.16962500000008732,0.16962500000008732,0.2822500000000218,0.2822500000000218,-1.7798851172440422,11.377879709682844,80.0,HIGH
11/10/2025,15:21:27,11/10/2025,15:22:03,long,25706.25,25699.74,STOP,-6.5067,-134.13,0,6.506697,4.9,9.760045,0.12212499999986903,0.12212499999986903,0.14587499999997816,0.14587499999997816,-1.6112956373185874,9.766584072364257,80.0,HIGH
11/10/2025,15:22:56,11/10/2025,15:25:09,long,25702.25,25711.95,TARGET,9.7039,190.08,1,6.469252,4.475,9.703878,0.06924999999973806,0.06924999999973806,0.09562499999992724,0.09562499999992724,-0.8086791712050001,9.815652343061277,81.0,MEDIUM
11/10/2025,15:25:09,11/10/2025,15:25:20,long,25713.25,25717.25,REVERSAL,4.0,76.0,1,6.199139,5.2,9.298708,0.022999999999956344,0.022999999999956344,0.06493749999990542,0.06493749999990542,-0.46536492996680856,9.239417108498255,81.0,MEDIUM
11/10/2025,15:25:20,11/10/2025,15:29:31,short,25717.25,25707.92,TARGET,9.3329,182.66,1,6.221959,5.45,9.332939,0.031124999999883586,0.031124999999883586,0.061062499999934516,0.061062499999934516,-0.5888889389779557,9.214153497177534,81.0,MEDIUM
11/10/2025,15:29:31,11/10/2025,15:30:17,long,25706.0,25699.54,STOP,-6.4642,-133.28,0,6.464195,4.65,9.696293,0.03449999999975262,0.03449999999975262,0.04081249999999272,0.04081249999999272,0.2717311947787344,9.515644061933008,81.0,MEDIUM
11/10/2025,15:30:36,11/10/2025,15:34:43,long,25703.75,25713.96,TARGET,10.213,200.26,1,6.808642,5.4,10.212962,-0.039249999999810825,0.039249999999810825,0.00843750000003638,0.00843750000003638,0.40831853460995937,9.917689642819619,81.0,MEDIUM
11/10/2025,15:34:46,11/10/2025,15:36:17,long,25706.5,25716.61,TARGET,10.1061,198.12,1,6.737382,5.025,10.106073,0.01875,0.01875,-0.014187499999934516,0.014187499999934516,-0.3028743778215528,9.709691574134816,81.0,MEDIUM
11/10/2025,15:36:17,11/10/2025,15:37:05,short,25718.0,25724.8,STOP,-6.8017,-140.03,0,6.801726,5.3,10.202589,0.005624999999781721,0.005624999999781721,-0.013687500000014553,0.013687500000014553,-0.04780444562749331,9.735057552477345,81.0,MEDIUM
11/10/2025,15:40:02,11/10/2025,15:42:50,short,25727.75,25737.27,STOP,-9.5216,-194.43,0,9.521608,3.375,14.282412,0.18575000000018918,0.18575000000018918,0.14162500000002182,0.14162500000002182,3.250339676205355,13.779961533530983,81.0,MEDIUM
11/11/2025,09:30:19,11/11/2025,09:30:43,short,25612.75,25624.65,STOP,-11.8963,-241.93,0,11.896345,7.525,17.844518,-0.010499999999956345,0.010499999999956345,-0.07281250000014552,0.07281250000014552,-1.358029319266496,17.389436033799416,81.0,MEDIUM
11/11/2025,09:30:48,11/11/2025,09:32:43,short,25618.75,25631.09,STOP,-12.3389,-250.78,0,12.338926,6.55,18.508389,0.2226249999999709,0.2226249999999709,0.0875625000000582,0.0875625000000582,0.44666489822209954,17.970412071048663,81.0,MEDIUM
11/11/2025,09:34:28,11/11/2025,09:34:46,long,25605.75,25619.75,REVERSAL,14.0,276.0,1,11.723304,7.65,17.584956,0.35200000000004367,0.35200000000004367,0.3172499999998763,0.3172499999998763,-1.754084985335819,17.108992594832078,81.0,MEDIUM
11/11/2025,09:34:46,11/11/2025,09:36:58,short,25619.75,25631.51,STOP,-11.7589,-239.18,0,11.758948,7.275,17.638421,0.1983749999999418,0.1983749999999418,0.30687499999985446,0.30687499999985446,-0.8956754466515875,17.155138535676386,81.0,MEDIUM
11/11/2025,09:37:30,11/11/2025,09:37:48,short,25628.0,25610.6,TARGET,17.3974,343.95,1,11.598237,6.325,17.397355,0.3722499999999854,0.3722499999999854,0.3108125000000655,0.3108125000000655,1.0719992181265354,17.624067001937576,81.0,MEDIUM
11/11/2025,09:37:48,11/11/2025,09:38:38,long,25608.75,25624.51,TARGET,15.7601,311.2,1,10.506751,6.5,15.760127,0.355000000000291,0.355000000000291,0.33012500000004363,0.33012500000004363,0.5755317037789798,16.139708312742403,81.0,MEDIUM
11/11/2025,09:38:38,11/11/2025,09:40:00,short,25624.0,25611.5,REVERSAL,12.5,246.0,1,10.184561,8.525,15.276841,0.15424999999995634,0.15424999999995634,0.26312500000003636,0.26312500000003636,-2.4195238940879875,15.068914954769639,81.0,MEDIUM
11/11/2025,09:40:00,11/11/2025,09:40:27,long,25611.5,25601.32,STOP,-10.1782,-207.56,0,10.178181,8.175,15.267272,0.014125000000058207,0.014125000000058207,0.15181250000005092,0.15181250000005092,-0.19714886632249318,15.061082417804535,81.0,MEDIUM
11/11/2025,09:40:31,11/11/2025,09:41:13,long,25606.5,25622.22,TARGET,15.7246,310.49,1,10.483059,7.45,15.724588,-0.04137499999997089,0.04137499999997089,0.02399999999997817,0.02399999999997817,0.5789876023035863,15.653010794099005,81.0,MEDIUM
11/11/2025,09:41:31,11/11/2025,09:42:20,long,25606.0,25596.0,STOP,-9.9992,-203.98,0,9.99923,8.15,14.998845,0.03350000000027649,0.03350000000027649,0.012562500000058208,0.012562500000058208,-0.3006021139525039,14.835625280361159,81.0,MEDIUM
11/11/2025,09:43:05,11/11/2025,09:45:04,long,25600.5,25617.25,TARGET,16.7512,331.02,1,11.167457,7.25,16.751186,-0.07537499999998545,0.07537499999998545,-0.016437500000029102,0.016437500000029102,1.4879560140411208,16.291301853947108,81.0,MEDIUM
11/11/2025,09:46:02,11/11/2025,09:49:18,long,25610.5,25598.95,STOP,-11.5496,-234.99,0,11.549587,7.15,17.324381,-0.020000000000072758,0.020000000000072758,-0.09025000000001455,0.09025000000001455,0.21031777549433173,17.208944363248918,81.0,MEDIUM
11/11/2025,09:49:18,11/11/2025,09:49:31,long,25596.5,25585.36,STOP,-11.1353,-226.71,0,11.135258,8.425,16.702887,-0.1727500000000873,0.1727500000000873,-0.08806249999997817,0.08806249999997817,-0.7585815066009545,16.42989356213159,82.0,LOW
11/11/2025,09:56:16,11/11/2025,09:57:09,short,25607.5,25625.62,STOP,-18.1201,-366.4,0,18.120137,7.475,27.180206,-0.30112499999995634,0.30112499999995634,-0.35737499999995637,0.35737499999995637,-0.9184635196059894,26.55011201373844,82.0,LOW
11/11/2025,09:57:10,11/11/2025,10:05:23,short,25621.75,25594.11,TARGET,27.6369,548.74,1,18.424579,5.65,27.636869,0.005374999999912688,0.005374999999912688,-0.14787500000002182,0.14787500000002182,0.0543131845157383,26.604425198254177,82.0,LOW
11/11/2025,10:05:44,11/11/2025,10:06:38,long,25582.5,25561.3,STOP,-21.1951,-427.9,0,21.195079,7.725,31.792618,0.22550000000010187,0.22550000000010187,0.16856250000000728,0.16856250000000728,-1.5703778273093256,31.839505412215,82.0,LOW
11/11/2025,10:07:51,11/11/2025,10:20:04,long,25559.75,25534.39,STOP,-25.3568,-511.14,0,25.356831,8.9,38.035246,-0.21900000000023284,0.21900000000023284,-0.14956250000013824,0.14956250000013824,4.772711173121891,37.49476568293721,82.0,LOW
11/11/2025,10:25:18,11/11/2025,10:26:32,short,25574.25,25554.55,TARGET,19.7004,390.01,1,13.133625,8.85,19.700438,-0.09187500000007276,0.09187500000007276,-0.21781250000003638,0.21781250000003638,-1.362098934333961,19.522438553193624,82.0,LOW
11/11/2025,10:26:32,11/11/2025,10:28:47,long,25546.25,25533.19,STOP,-13.0601,-265.2,0,13.060116,7.525,19.590173,0.15799999999981082,0.15799999999981082,-0.02468750000007276,0.02468750000007276,-0.45280052713327024,19.33315449542132,82.0,LOW
11/11/2025,10:28:50,11/11/2025,10:30:11,long,25547.25,25533.27,STOP,-13.9814,-283.63,0,13.981447,7.875,20.972171,-0.20337499999986902,0.20337499999986902,-0.05637499999993452,0.05637499999993452,0.9383763120584199,20.483924800829552,82.0,LOW
11/11/2025,10:41:49,11/11/2025,10:46:23,short,25547.5,25519.05,TARGET,28.4513,565.03,1,18.967546,6.725,28.45132,-0.3405000000002474,0.3405000000002474,-0.37287500000002183,0.37287500000002183,-2.4645014366586153,28.980981405600595,82.0,LOW
11/11/2025,10:46:37,11/11/2025,10:51:21,long,25512.75,25499.52,STOP,-13.2321,-268.64,0,13.23214,7.95,19.84821,-0.15737499999995636,0.15737499999995636,-0.203125,0.203125,-2.215746068177136,20.193374370427243,82.0,LOW
11/11/2025,10:51:47,11/11/2025,10:55:17,long,25502.75,25490.46,STOP,-12.2939,-249.88,0,12.293927,7.1,18.440891,-0.30125000000007274,0.30125000000007274,-0.3131250000000364,0.3131250000000364,-0.10374068939394832,18.129868072923145,82.0,LOW
11/11/2025,11:01:46,11/11/2025,11:18:54,short,25528.25,25543.74,STOP,-15.4863,-313.73,0,15.486292,7.95,23.229437,0.02162499999976717,0.02162499999976717,-0.01031249999996362,0.01031249999996362,-0.06118584411471062,23.19204431724792,82.0,LOW
11/11/2025,11:25:13,11/11/2025,11:27:05,short,25577.25,25541.05,TARGET,36.2046,720.09,1,24.136374,4.525,36.204562,0.5305000000000291,0.5305000000000291,0.5308124999999564,0.5308124999999564,7.435147432283657,35.77448794551326,82.0,LOW
11/11/2025,11:27:25,11/11/2025,11:29:22,long,25532.0,25509.11,STOP,-22.8884,-461.77,0,22.888435,6.5,34.332653,0.2787499999998545,0.2787499999998545,0.3950624999999491,0.3950624999999491,-1.5047117573369917,34.44444761382192,82.0,LOW
11/11/2025,11:30:54,11/11/2025,11:43:04,long,25497.75,25531.0,REVERSAL,33.25,661.0,1,29.703668,5.85,44.555501,-0.3492500000000291,0.3492500000000291,-0.27306250000001453,0.27306250000001453,7.593267581368622,44.18682878306959,82.0,LOW
11/11/2025,11:43:04,11/11/2025,11:57:41,short,25531.0,25514.75,REVERSAL,16.25,321.0,1,19.652932,7.85,29.479398,-0.6856249999997089,0.6856249999997089,-0.63174999999992,0.63174999999992,-11.734025028073997,31.480868556856567,82.0,LOW
11/11/2025,11:57:41,11/11/2025,11:59:41,long,25514.75,25505.14,STOP,-9.6148,-196.3,0,9.614792,8.0,14.422187,0.3458750000001601,0.3458750000001601,0.23374999999996363,0.23374999999996363,-4.189437731070589,14.756264434716988,82.0,LOW
11/11/2025,12:00:05,11/11/2025,12:00:20,long,25521.0,25528.0,REVERSAL,7.0,136.0,1,8.301242,7.525,12.451864,0.22449999999989814,0.22449999999989814,0.2592500000000655,0.2592500000000655,-5.3376651868397715,12.338380731350718,82.0,LOW
11/11/2025,12:00:20,11/11/2025,12:01:37,short,25528.0,25536.21,STOP,-8.2127,-168.25,0,8.212696,7.725,12.319043,0.1974999999998545,0.1974999999998545,0.2591249999999491,0.2591249999999491,-4.827717899910606,12.07215213254674,82.0,LOW
11/11/2025,12:02:16,11/11/2025,12:02:44,short,25522.25,25524.75,REVERSAL,-2.5,-54.0,0,7.490901,7.7,11.236352,0.19900000000016008,0.19900000000016008,0.23418750000000726,0.23418750000000726,-1.7649333018597098,11.364213629961704,82.0,LOW
11/11/2025,12:02:44,11/11/2025,12:03:05,long,25524.75,25530.0,REVERSAL,5.25,101.0,1,7.340478,7.075,11.010717,0.21612500000010187,0.21612500000010187,0.2203125,0.2203125,-1.6063643648681882,10.73201636648253,83.0,MEDIUM
11/11/2025,12:03:05,11/11/2025,12:04:48,short,25530.0,25537.38,STOP,-7.384,-151.68,0,7.383967,6.9,11.075951,0.2101249999999709,0.2101249999999709,0.2038124999999127,0.2038124999999127,-1.4290692646748564,10.643082867871884,83.0,MEDIUM
11/11/2025,12:08:25,11/11/2025,12:15:13,short,25551.75,25568.98,STOP,-17.2271,-348.54,0,17.227111,6.6,25.840667,0.4532500000001164,0.4532500000001164,0.39431250000016005,0.39431250000016005,6.658439040170165,25.55280927103562,83.0,MEDIUM
11/11/2025,12:27:55,11/11/2025,12:38:00,long,25556.0,25579.25,REVERSAL,23.25,461.0,1,17.648761,6.85,26.473141,0.4606250000000728,0.4606250000000728,0.49468749999996364,0.49468749999996364,-7.667619989900235,27.247693289226223,83.0,MEDIUM
11/11/2025,12:38:00,11/11/2025,12:48:13,short,25579.25,25590.78,STOP,-11.5303,-234.61,0,11.530309,8.425,17.295463,0.22537500000034924,0.22537500000034924,0.3038125000000946,0.3038125000000946,-2.8811780112423406,17.018247637266178,83.0,MEDIUM
11/11/2025,12:50:19,11/11/2025,12:52:21,short,25591.5,25602.77,STOP,-11.2673,-229.35,0,11.267265,5.825,16.900897,0.3376249999997526,0.3376249999997526,0.2438749999999345,0.2438749999999345,0.07820433568496199,17.11346772266491,83.0,MEDIUM
11/11/2025,13:27:31,11/11/2025,13:28:39,long,25628.0,25649.24,TARGET,21.2419,420.84,1,14.161291,7.675,21.241936,0.20724999999983992,0.20724999999983992,0.36156250000003637,0.36156250000003637,-1.8391862396333778,21.24097267471834,83.0,MEDIUM
11/11/2025,13:28:39,11/11/2025,13:34:11,short,25648.5,25632.5,REVERSAL,16.0,316.0,1,14.037117,8.125,21.055675,0.1694999999999709,0.1694999999999709,0.26312500000003636,0.26312500000003636,-1.5618853606808578,20.690621753539617,83.0,MEDIUM
11/11/2025,13:34:11,11/11/2025,13:36:25,long,25632.5,25619.64,STOP,-12.8574,-261.15,0,12.857429,8.775,19.286143,0.21700000000018918,0.21700000000018918,0.1953750000000582,0.1953750000000582,-1.4963989978949108,18.952713278518452,83.0,MEDIUM
11/11/2025,13:37:18,11/11/2025,13:41:07,long,25631.5,25652.06,TARGET,20.5581,407.16,1,13.705409,7.775,20.558113,-0.08787499999998545,0.08787499999998545,0.059874999999919964,0.059874999999919964,1.6547006803936135,20.55465586067165,83.0,MEDIUM
11/11/2025,13:41:07,11/11/2025,13:45:13,short,25649.5,25663.26,STOP,-13.7636,-279.27,0,13.76362,7.425,20.645429,-0.03274999999994179,0.03274999999994179,-0.02412499999991269,0.02412499999991269,0.5181848686077295,20.328437010064995,83.0,MEDIUM
11/11/2025,13:45:13,11/11/2025,13:52:35,short,25663.5,25677.57,STOP,-14.0701,-285.4,0,14.070124,7.05,21.105187,0.20412499999983993,0.20412499999983993,0.15031249999992724,0.15031249999992724,0.06220551426004306,20.340974353061796,83.0,MEDIUM
11/11/2025,14:07:22,11/11/2025,14:15:50,long,25645.5,25673.33,TARGET,27.8312,552.62,1,18.554166,7.65,27.831249,0.3842500000002474,0.3842500000002474,0.29912500000009457,0.29912500000009457,-3.379272781579374,29.33038069862613,83.0,MEDIUM
11/11/2025,14:16:20,11/11/2025,14:18:10,short,25678.25,25660.75,TARGET,17.5019,346.04,1,11.66795,7.5,17.501926,0.18037500000027648,0.18037500000027648,0.21675000000013825,0.21675000000013825,-2.1661867956831635,17.62849537272699,83.0,MEDIUM
11/11/2025,14:18:10,11/11/2025,14:19:32,long,25665.5,25654.46,STOP,-11.0423,-224.85,0,11.042252,7.325,16.563377,0.18499999999985448,0.18499999999985448,0.20693749999991268,0.20693749999991268,-1.1790781919450986,16.971246876810557,83.0,MEDIUM
11/11/2025,14:19:32,11/11/2025,14:30:34,long,25656.5,25673.01,TARGET,16.5121,326.24,1,11.008048,6.6,16.512072,0.17712500000016007,0.17712500000016007,0.18649999999997818,0.18649999999997818,-1.2978682181619234,16.48349121476076,83.0,MEDIUM
11/11/2025,14:35:05,11/11/2025,14:45:49,long,25660.5,25649.58,STOP,-10.9239,-222.48,0,10.923942,5.875,16.385912,-0.060874999999941795,0.060874999999941795,-0.0319999999999709,0.0319999999999709,-0.3857498630153344,16.47073365534859,83.0,MEDIUM
11/11/2025,14:46:21,11/11/2025,14:48:02,long,25659.75,25666.75,REVERSAL,7.0,136.0,1,7.700724,6.725,11.551086,-0.3346250000002328,0.3346250000002328,-0.25668750000004364,0.25668750000004364,-4.220484469455625,11.192780449829803,83.0,MEDIUM
11/11/2025,14:48:02,11/11/2025,14:48:58,short,25666.75,25674.44,STOP,-7.6879,-157.76,0,7.687872,5.65,11.531807,-0.2169999999998254,0.2169999999998254,-0.23862499999995634,0.23862499999995634,-2.3448817149974825,11.070495940252574,83.0,MEDIUM
11/11/2025,14:49:11,11/11/2025,14:55:54,short,25670.5,25678.31,STOP,-7.808,-160.16,0,7.807981,6.225,11.711972,-0.07249999999985449,0.07249999999985449,-0.20049999999991996,0.20049999999991996,-0.3946246757934855,11.225905212244667,83.0,MEDIUM
11/11/2025,14:59:02,11/11/2025,15:01:03,long,25660.5,25670.5,REVERSAL,10.0,196.0,1,7.360681,6.375,11.041021,0.06775000000016007,0.06775000000016007,0.04437500000003638,0.04437500000003638,-0.4772514588931287,10.718826846712455,84.0,LOW
11/11/2025,15:01:03,11/11/2025,15:05:51,short,25670.5,25677.47,STOP,-6.9742,-143.48,0,6.974186,6.425,10.461279,0.10837500000016007,0.10837500000016007,0.05837500000016007,0.05837500000016007,-0.4794078261500623,10.483675064664794,84.0,LOW
11/11/2025,15:06:24,11/11/2025,15:12:41,short,25672.5,25678.97,STOP,-6.4675,-133.35,0,6.467466,6.3,9.701199,0.16299999999973808,0.16299999999973808,0.11906249999992724,0.11906249999992724,-1.4418222253710322,9.22722066715112,84.0,LOW
11/11/2025,15:19:48,11/11/2025,15:20:17,long,25669.0,25662.38,STOP,-6.6162,-136.32,0,6.616209,6.05,9.924313,0.031125000000247382,0.031125000000247382,0.04587500000016007,0.04587500000016007,-0.21609085196779176,9.588733865750797,84.0,LOW
11/11/2025,15:21:05,11/11/2025,15:22:10,long,25658.75,25652.23,STOP,-6.5184,-134.37,0,6.518383,6.975,9.777575,0.0375,0.0375,0.03737500000006548,0.03737500000006548,-0.23023589033346958,9.561839681024992,84.0,LOW
11/11/2025,15:33:21,11/11/2025,15:34:39,short,25664.75,25657.0,REVERSAL,7.75,151.0,1,8.194349,5.675,12.291523,-0.08874999999970896,0.08874999999970896,-0.09431249999997818,0.09431249999997818,1.518889567110154,11.84372360122581,84.0,LOW
11/11/2025,15:34:39,11/11/2025,15:39:45,long,25657.0,25648.86,STOP,-8.1373,-166.75,0,8.1373,5.825,12.20595,-0.04624999999978172,0.04624999999978172,-0.07668749999993452,0.07668749999993452,0.8836939097590779,11.771886487276328,84.0,LOW
11/11/2025,15:40:21,11/11/2025,15:41:21,long,25657.25,25649.0,STOP,-8.2487,-168.97,0,8.248674,6.0,12.373011,0.0006249999998544809,0.0006249999998544809,-0.02281249999996362,0.02281249999996362,0.001831702847219674,11.773718190123548,84.0,LOW
11/12/2025,09:30:00,11/12/2025,09:30:36,long,25770.0,25752.02,STOP,-17.9847,-363.69,0,17.984744,6.05,26.977116,0.28099999999976716,0.28099999999976716,0.11037500000002183,0.11037500000002183,-3.922869278901427,27.19806161558791,84.0,LOW
11/12/2025,09:32:51,11/12/2025,09:40:48,long,25701.75,25662.93,STOP,-38.8165,-780.33,0,38.816515,7.675,58.224772,-1.0217499999998836,1.0217499999998836,-0.9338749999998981,0.9338749999998981,7.049441389838734,57.82025328470071,84.0,LOW
11/12/2025,09:58:50,11/12/2025,10:00:12,short,25597.0,25609.95,STOP,-12.9464,-262.93,0,12.946431,9.225,19.419646,-0.22362500000017463,0.22362500000017463,-0.32293750000008004,0.32293750000008004,0.3988857544209168,19.005286619565567,84.0,LOW
11/12/2025,10:00:19,11/12/2025,10:01:09,short,25608.25,25621.28,STOP,-13.0285,-264.57,0,13.028526,8.425,19.54279,0.008250000000043656,0.008250000000043656,-0.04249999999992724,0.04249999999992724,-0.20799867099839986,18.841673235557955,84.0,LOW
11/12/2025,10:12:42,11/12/2025,10:13:26,long,25612.25,25596.98,STOP,-15.2668,-309.34,0,15.26678,7.7,22.90017,0.45562499999978173,0.45562499999978173,0.6047500000000582,0.6047500000000582,-4.0178375280393475,23.94346708779938,84.0,LOW
11/12/2025,10:14:45,11/12/2025,10:20:21,long,25595.5,25576.71,STOP,-18.7856,-379.71,0,18.78557,6.975,28.178355,-0.3196250000000873,0.3196250000000873,-0.1360000000000582,0.1360000000000582,4.774622312705713,27.89137843828005,84.0,LOW
11/12/2025,10:28:10,11/12/2025,10:29:20,short,25609.25,25620.08,STOP,-10.8251,-220.5,0,10.825057,9.325,16.237585,-0.5273750000000291,0.5273750000000291,-0.5048749999999927,0.5048749999999927,-10.678178989792194,17.40335028946748,84.0,LOW
11/13/2025,09:30:50,11/13/2025,09:31:10,long,25462.75,25442.18,STOP,-20.5703,-415.41,0,20.570321,9.975,30.855482,-0.4202499999999418,0.4202499999999418,-0.40874999999996364,0.40874999999996364,-4.72054921171798,32.64756028197589,84.0,LOW
11/13/2025,09:31:34,11/13/2025,09:33:34,long,25454.5,25470.75,REVERSAL,16.25,321.0,1,17.103076,8.775,25.654615,-0.7318749999998545,0.7318749999998545,-0.63956249999992,0.63956249999992,-3.469961922283993,25.776995170484533,84.0,LOW
11/13/2025,09:33:34,11/13/2025,09:33:46,short,25470.75,25453.25,REVERSAL,17.5,346.0,1,14.459041,10.45,21.688562,-0.22462500000001456,0.22462500000001456,-0.2951875000000655,0.2951875000000655,-1.1597609127570152,21.42699881743625,84.0,LOW
11/13/2025,09:33:46,11/13/2025,09:34:37,long,25453.25,25438.77,STOP,-14.4847,-293.69,0,14.484689,10.025,21.727034,-0.12162499999976717,0.12162499999976717,-0.23818749999991268,0.23818749999991268,-0.43265832967393436,21.432032745680928,84.0,LOW
11/13/2025,09:37:57,11/13/2025,09:42:06,long,25372.5,25334.5,STOP,-37.9978,-763.96,0,37.997801,8.3,56.996701,-1.1212499999997818,1.1212499999997818,-1.0613749999998618,1.0613749999998618,6.869404613090765,57.464197227689894,84.0,LOW
11/13/2025,09:49:15,11/13/2025,09:51:42,short,25337.5,25360.23,STOP,-22.7304,-458.61,0,22.730442,10.0,34.095662,-0.45162500000005823,0.45162500000005823,-0.484375,0.484375,-4.252892309150013,34.06230108488643,85.0,LOW
11/13/2025,09:53:36,11/13/2025,09:56:59,short,25374.0,25402.26,STOP,-28.2635,-569.27,0,28.263453,8.65,42.395179,0.4127500000002328,0.4127500000002328,0.36437500000010914,0.36437500000010914,8.443905288295156,41.45776101327593,85.0,LOW
11/13/2025,10:01:35,11/13/2025,10:02:32,long,25366.0,25347.53,STOP,-18.4729,-373.46,0,18.472896,9.55,27.709345,0.5826249999998254,0.5826249999998254,0.6693749999998545,0.6693749999998545,-7.706435072752768,28.151294526901246,85.0,LOW
11/13/2025,10:03:08,11/13/2025,10:04:29,long,25350.5,25333.71,STOP,-16.7871,-339.74,0,16.787112,8.35,25.180668,0.022249999999985448,0.022249999999985448,0.209375,0.209375,-0.768634922327557,24.37648443938368,85.0,LOW
11/14/2025,09:30:00,11/14/2025,09:30:09,long,24726.25,24744.0,REVERSAL,17.75,351.0,1,13.646597,7.775,20.469896,0.3952499999999418,0.3952499999999418,0.4871250000000146,0.4871250000000146,-9.028636920111989,20.537248867995036,85.0,LOW
11/14/2025,09:30:09,11/14/2025,09:30:12,short,24744.0,24757.49,STOP,-13.4932,-273.86,0,13.493159,9.625,20.239739,0.11062500000007276,0.11062500000007276,0.33343750000003636,0.33343750000003636,-1.7642105103686454,20.095586499209013,85.0,LOW
11/14/2025,09:30:14,11/14/2025,09:30:42,short,24750.0,24729.14,TARGET,20.8639,413.28,1,13.909263,10.5,20.863895,0.09150000000008732,0.09150000000008732,0.26337499999990543,0.26337499999990543,-0.224625795341737,20.464459495144578,85.0,LOW
11/14/2025,09:30:45,11/14/2025,09:30:51,long,24723.0,24709.69,STOP,-13.31,-270.2,0,13.310029,10.35,19.965043,0.23962500000016007,0.23962500000016007,0.16556250000012368,0.16556250000012368,-0.08730502849057942,20.377154466653998,85.0,LOW
11/14/2025,09:33:57,11/14/2025,09:35:41,long,24640.25,24698.57,TARGET,58.3166,1162.33,1,38.877756,8.95,58.316634,-1.163000000000102,1.163000000000102,-0.9773750000000291,0.9773750000000291,8.04647065730461,57.87601548587847,85.0,LOW
11/14/2025,09:35:41,11/14/2025,09:36:11,short,24710.5,24747.72,STOP,-37.2238,-748.48,0,37.223764,11.175,55.835646,-0.5659999999999854,0.5659999999999854,-0.7073125000000801,0.7073125000000801,-3.024379329204713,56.243668970265894,85.0,LOW
11/14/2025,09:37:35,11/14/2025,09:41:28,short,24775.0,24830.24,STOP,-55.2376,-1108.75,0,55.237575,11.425,82.856363,0.8686249999998836,0.8686249999998836,0.6154999999998836,0.6154999999998836,14.45796404666514,81.6249102755086,85.0,LOW
11/14/2025,09:42:32,11/14/2025,09:43:09,long,24784.25,24812.02,TARGET,27.774,551.48,1,18.51601,9.875,27.774015,0.7198749999999563,0.7198749999999563,1.052312499999971,1.052312499999971,-9.634093720233189,27.839992554284287,85.0,LOW
11/14/2025,09:43:09,11/14/2025,09:43:41,short,24807.25,24824.05,STOP,-16.8024,-340.05,0,16.802411,9.8,25.203617,0.23274999999994178,0.23274999999994178,0.5766874999999345,0.5766874999999345,-2.824843113465157,25.312634624651288,85.0,LOW
11/14/2025,09:43:41,11/14/2025,09:45:18,short,24828.5,24845.01,STOP,-16.5137,-334.27,0,16.51374,11.025,24.77061,0.31699999999982537,0.31699999999982537,0.35649999999986903,0.35649999999986903,-3.2998925139406836,24.196819338477162,85.0,LOW
11/14/2025,10:00:27,11/14/2025,10:00:36,long,24932.75,24921.01,STOP,-11.7425,-238.85,0,11.742524,10.65,17.613786,0.5771249999997963,0.5771249999997963,0.7154375000000073,0.7154375000000073,-12.059755413848531,17.991650540517078,85.0,LOW
11/14/2025,10:00:37,11/14/2025,10:00:41,long,24935.75,24924.23,STOP,-11.5246,-234.49,0,11.524607,11.0,17.286911,0.3046249999999418,0.3046249999999418,0.5635000000000219,0.5635000000000219,-5.918538624991978,17.294746409708075,85.0,LOW
11/14/2025,10:04:11,11/14/2025,10:04:36,short,24949.25,24926.47,TARGET,22.7831,451.66,1,15.188717,14.025,22.783075,0.026375000000189174,0.026375000000189174,-0.07687499999992724,0.07687499999992724,-0.1804751052181075,22.399771327212747,85.0,LOW
11/14/2025,10:04:36,11/14/2025,10:04:47,long,24924.0,24908.72,STOP,-15.2754,-309.51,0,15.275442,13.825,22.913163,0.09362500000024739,0.09362500000024739,-0.03599999999987631,0.03599999999987631,-0.5147672833408805,22.338774887297532,85.0,LOW
11/14/2025,10:05:18,11/14/2025,10:06:22,long,24909.5,24936.24,TARGET,26.7351,530.7,1,17.82338,11.75,26.73507,-0.2931250000001455,0.2931250000001455,-0.09675000000006548,0.09675000000006548,3.6315635917834435,25.969640283466926,85.0,LOW
11/14/2025,10:06:28,11/14/2025,10:06:45,short,24948.25,24965.3,STOP,-17.0538,-345.08,0,17.053805,11.7,25.580708,-0.36124999999992724,0.36124999999992724,-0.38874999999989085,0.38874999999989085,-1.7898570852229483,25.41593451191421,85.0,LOW
11/14/2025,10:07:04,11/14/2025,10:07:34,short,24956.75,24927.89,TARGET,28.8607,573.21,1,19.240494,9.825,28.860741,0.13000000000029105,0.13000000000029105,-0.09512500000000727,0.09512500000000727,3.0325834851556372,28.22427077493744,86.0,MEDIUM
11/14/2025,10:07:47,11/14/2025,10:09:39,long,24922.25,24935.5,REVERSAL,13.25,261.0,1,18.446607,11.175,27.669911,0.014875000000029105,0.014875000000029105,-0.0008125000000291039,0.0008125000000291039,1.2880914643786703,28.040064373454058,86.0,MEDIUM
11/14/2025,10:09:39,11/14/2025,10:10:18,short,24935.5,24952.43,STOP,-16.9309,-342.62,0,16.930869,12.225,25.396303,-0.2349999999998545,0.2349999999998545,-0.2615625000000364,0.2615625000000364,-1.1692995920593034,25.198923373693233,86.0,MEDIUM
11/14/2025,10:10:18,11/14/2025,10:10:38,short,24950.5,24967.85,STOP,-17.3519,-351.04,0,17.351927,10.575,26.027891,0.058250000000043656,0.058250000000043656,-0.10168749999993451,0.10168749999993451,0.3479342020098599,25.69297215246088,86.0,MEDIUM
11/14/2025,10:11:24,11/14/2025,10:12:07,long,24916.0,24897.88,STOP,-18.1162,-366.32,0,18.116249,11.3,27.174373,0.3491249999999127,0.3491249999999127,0.2282499999999345,0.2282499999999345,1.1000641116342074,26.941916174262523,86.0,MEDIUM
11/14/2025,10:14:35,11/14/2025,10:15:10,long,24874.5,24919.47,TARGET,44.9706,895.41,1,29.98042,9.525,44.97063,-0.48800000000010185,0.48800000000010185,-0.5311250000000655,0.5311250000000655,6.716314420305835,44.221323373552224,86.0,MEDIUM
11/14/2025,10:15:59,11/14/2025,10:16:49,short,24946.0,24976.3,STOP,-30.298,-609.96,0,30.297989,11.2,45.446984,0.031375000000116414,0.031375000000116414,-0.12193750000005821,0.12193750000005821,-0.08937725622300974,45.39514090781008,86.0,MEDIUM
11/14/2025,10:17:00,11/14/2025,10:19:40,short,24973.0,24927.31,TARGET,45.691,909.82,1,30.460677,10.275,45.691016,-0.006375000000116415,0.006375000000116415,0.012687499999992724,0.012687499999992724,-0.14427968778372247,45.28920891062421,86.0,MEDIUM
11/14/2025,10:20:46,11/14/2025,10:25:09,short,24950.5,24918.0,REVERSAL,32.5,646.0,1,34.843543,12.225,52.265315,0.009749999999985447,0.009749999999985447,0.16506249999983993,0.16506249999983993,-0.02902656020694394,51.9495519587236,86.0,MEDIUM
11/14/2025,10:25:09,11/14/2025,10:26:49,long,24918.0,24963.07,TARGET,45.068,897.36,1,30.045321,13.275,45.067982,0.4235000000000582,0.4235000000000582,0.33775000000005095,0.33775000000005095,-5.432578641458591,45.37856469825762,86.0,MEDIUM
11/14/2025,10:26:49,11/14/2025,10:27:15,short,24965.5,24985.83,STOP,-20.3281,-410.56,0,20.328102,13.125,30.492153,0.5426250000000437,0.5426250000000437,0.49331250000013827,0.49331250000013827,-11.876856703535857,31.387859787169454,86.0,MEDIUM
11/14/2025,10:29:14,11/14/2025,10:37:31,short,25009.0,25043.04,STOP,-34.0437,-684.87,0,34.0437,9.0,51.06555,0.4943750000002183,0.4943750000002183,0.5640000000001237,0.5640000000001237,9.395055010138954,50.03269513930391,86.0,MEDIUM
11/14/2025,10:55:37,11/14/2025,10:56:27,long,25128.5,25107.82,STOP,-20.6834,-417.67,0,20.683447,9.975,31.02517,0.5480000000003201,0.5480000000003201,0.6186875000001237,0.6186875000001237,-9.410497208172693,32.59043013867559,86.0,MEDIUM
11/14/2025,10:57:08,11/14/2025,10:59:03,long,25117.0,25143.16,TARGET,26.1606,519.21,1,17.440417,9.275,26.160626,0.10099999999983993,0.10099999999983993,0.27118749999990543,0.27118749999990543,-3.3964752229175303,25.86444421766936,86.0,MEDIUM
11/14/2025,10:59:03,11/14/2025,10:59:24,long,25144.5,25126.81,STOP,-17.6924,-357.85,0,17.692392,8.475,26.538588,-0.02212500000023283,0.02212500000023283,0.02749999999996362,0.02749999999996362,0.30663013296096153,26.099616860355745,86.0,MEDIUM
11/14/2025,10:59:24,11/14/2025,11:00:10,long,25130.25,25155.25,REVERSAL,25.0,496.0,1,17.760078,9.325,26.640117,-0.04212499999994179,0.04212499999994179,-0.017625000000043654,0.017625000000043654,0.31011016176682915,26.128166950863942,86.0,MEDIUM
11/14/2025,11:00:10,11/14/2025,11:01:40,short,25155.25,25128.73,TARGET,26.5189,526.38,1,17.679284,9.975,26.518927,-0.10987499999973807,0.10987499999973807,-0.06524999999983265,0.06524999999983265,-0.07265265490833883,26.04079486916666,86.0,MEDIUM
11/14/2025,11:01:40,11/14/2025,11:03:59,long,25127.0,25111.57,STOP,-15.4288,-312.58,0,15.428775,7.925,23.143163,-0.24987500000024737,0.24987500000024737,-0.17406250000003637,0.17406250000003637,-2.9741386590617687,23.110416476000406,86.0,MEDIUM
11/14/2025,11:06:30,11/14/2025,11:07:09,long,25102.5,25081.53,STOP,-20.9707,-423.41,0,20.970726,8.675,31.456089,-0.7726249999999709,0.7726249999999709,-0.6323749999999564,0.6323749999999564,5.223133066621134,31.226556893104075,86.0,MEDIUM
11/14/2025,11:13:21,11/14/2025,11:17:31,short,25134.5,25156.63,STOP,-22.1336,-446.67,0,22.133639,10.625,33.200458,0.03387499999989814,0.03387499999989814,-0.11781250000003637,0.11781250000003637,0.02411488678639273,32.71042369765003,86.0,MEDIUM
11/14/2025,11:18:03,11/14/2025,11:20:25,short,25156.25,25180.26,STOP,-24.0069,-484.14,0,24.00688,7.825,36.01032,0.10525000000016008,0.10525000000016008,0.0578125,0.0578125,2.139976584651933,35.48401248929002,87.0,LOW
11/14/2025,11:42:23,11/14/2025,11:43:49,long,25226.5,25211.47,STOP,-15.0339,-304.68,0,15.033891,7.65,22.550836,0.4471250000002328,0.4471250000002328,0.5284375000001091,0.5284375000001091,-0.826148123005769,22.370493057464156,87.0,LOW
11/14/2025,11:48:39,11/14/2025,11:50:01,long,25200.75,25233.33,TARGET,32.5783,647.57,1,21.718842,8.775,32.578263,-0.6950000000000728,0.6950000000000728,-0.6003125000001092,0.6003125000001092,2.154903278309579,32.10302153403088,87.0,LOW
11/14/2025,11:50:33,11/14/2025,12:06:44,short,25240.25,25261.69,STOP,-21.4443,-432.89,0,21.444268,9.025,32.166402,-0.2039999999997235,0.2039999999997235,-0.4266874999999345,0.4266874999999345,-0.5716498033315816,31.530355145415825,87.0,LOW
11/14/2025,12:06:44,11/14/2025,12:10:15,short,25260.25,25282.19,STOP,-21.9374,-442.75,0,21.937369,9.3,32.906053,0.058874999999898134,0.058874999999898134,-0.05431250000001455,0.05431250000001455,-0.2708796165027323,31.771338795911,87.0,LOW
11/14/2025,12:25:45,11/14/2025,12:26:22,long,25253.0,25237.77,STOP,-15.2319,-308.64,0,15.231935,8.475,22.847903,0.20499999999992724,0.20499999999992724,0.20062500000003639,0.20062500000003639,-1.8585556727298034,23.40493616770881,87.0,LOW
11/14/2025,12:26:22,11/14/2025,12:32:25,long,25245.75,25230.77,STOP,-14.9799,-303.6,0,14.979855,8.85,22.469783,0.16387499999982538,0.16387499999982538,0.2006874999999127,0.2006874999999127,-2.3556453583321932,22.519110809368126,87.0,LOW
11/14/2025,12:37:47,11/14/2025,12:38:54,short,25269.5,25283.91,STOP,-14.4078,-292.16,0,14.407805,10.075,21.611708,-0.3298750000001746,0.3298750000001746,-0.29256249999998546,0.29256249999998546,-2.5422860219324583,21.53113653034261,87.0,LOW
11/14/2025,12:39:04,11/14/2025,12:40:39,short,25274.5,25253.94,TARGET,20.5605,407.21,1,13.706981,7.7,20.560471,-0.13549999999995635,0.13549999999995635,-0.2366874999999709,0.2366874999999709,-1.9231613054909964,20.792868763716026,87.0,LOW
11/14/2025,12:40:58,11/14/2025,12:41:44,short,25262.75,25242.87,TARGET,19.8797,393.59,1,13.253131,8.5,19.879696,-0.05987499999973807,0.05987499999973807,-0.10625,0.10625,-1.1242690421050057,19.81497367923589,87.0,LOW
11/14/2025,12:41:44,11/14/2025,12:45:34,long,25248.25,25262.5,REVERSAL,14.25,281.0,1,13.122661,9.7,19.683991,-0.052250000000276485,0.052250000000276485,-0.06450000000004366,0.06450000000004366,-0.7101977474425745,19.73826643914303,87.0,LOW
11/14/2025,12:45:34,11/14/2025,12:46:12,short,25262.5,25243.96,TARGET,18.5445,366.89,1,12.362993,8.65,18.54449,-0.18337500000016008,0.18337500000016008,-0.16312500000003638,0.16312500000003638,-0.4494341576489518,18.620763992313258,87.0,LOW
11/14/2025,12:46:12,11/14/2025,12:46:45,long,25245.25,25232.95,STOP,-12.2966,-249.93,0,12.29659,9.5,18.444885,-0.15637500000011642,0.15637500000011642,-0.16512500000008004,0.16512500000008004,-0.6192801431956205,18.475501671860577,87.0,LOW
11/14/2025,12:46:45,11/14/2025,12:47:31,long,25236.25,25223.88,STOP,-12.366,-251.32,0,12.366047,8.975,18.549071,-0.15762500000018917,0.15762500000018917,-0.18299999999999272,0.18299999999999272,-0.5213263152220549,18.42720398450374,87.0,LOW
11/14/2025,13:11:56,11/14/2025,13:12:43,short,25182.5,25203.98,STOP,-21.4764,-433.53,0,21.476418,9.8,32.214627,-0.42874999999985447,0.42874999999985447,-0.44274999999997816,0.44274999999997816,-5.678404535805342,33.2434137285217,87.0,LOW
11/14/2025,13:15:22,11/14/2025,13:17:54,short,25201.0,25163.1,TARGET,37.8981,753.96,1,25.265374,9.325,37.898061,0.19162500000020372,0.19162500000020372,0.10537500000009459,0.10537500000009459,4.720001750218188,37.59524344595819,87.0,LOW
11/14/2025,13:20:58,11/14/2025,13:23:30,long,25151.0,25124.88,STOP,-26.1188,-526.38,0,26.118759,9.95,39.178138,0.0617500000000291,0.0617500000000291,0.08706249999995634,0.08706249999995634,-0.3202123193019446,39.465879252996906,87.0,LOW
11/14/2025,13:23:30,11/14/2025,13:29:47,long,25125.25,25165.33,TARGET,40.0793,797.59,1,26.719515,8.425,40.079272,-0.02900000000008731,0.02900000000008731,0.03181249999997817,0.03181249999997817,0.5417311975941175,39.5468595690545,87.0,LOW
11/14/2025,13:31:13,11/14/2025,13:37:58,long,25151.25,25125.25,STOP,-25.9974,-523.95,0,25.997409,11.9,38.996114,0.1610000000000582,0.1610000000000582,0.02937500000007276,0.02937500000007276,-0.5629839756982165,38.765719825521316,87.0,LOW
11/14/2025,13:39:46,11/14/2025,13:43:06,long,25119.0,25096.62,STOP,-22.381,-451.62,0,22.380963,8.475,33.571444,-0.9213749999998981,0.9213749999998981,-0.6782499999999345,0.6782499999999345,-3.5074817326418426,33.49034222348883,87.0,LOW
11/14/2025,13:51:52,11/14/2025,13:54:21,short,25158.0,25187.01,STOP,-29.0118,-584.24,0,29.011816,9.925,43.517724,-0.12837500000023283,0.12837500000023283,-0.2359375,0.2359375,-0.31361045482029937,43.09030785395815,88.0,LOW
11/14/2025,13:56:03,11/14/2025,14:05:40,short,25179.0,25131.85,TARGET,47.1533,939.07,1,31.43551,8.175,47.153266,0.20037499999998545,0.20037499999998545,0.09187499999989086,0.09187499999989086,4.33574335804348,46.96022083064939,88.0,LOW
11/14/2025,14:08:57,11/14/2025,14:15:49,long,25129.5,25173.45,TARGET,43.9483,874.97,1,29.298869,11.375,43.948304,0.465625,0.465625,0.4713749999998981,0.4713749999998981,-5.009061453627901,45.0789873014245,88.0,LOW
11/14/2025,14:15:49,11/14/2025,14:22:13,short,25173.75,25192.16,STOP,-18.4113,-372.23,0,18.411342,10.0,27.617012,0.5319999999999709,0.5319999999999709,0.4500625000000582,0.4500625000000582,-10.717165735087644,28.659079558467614,88.0,LOW
11/14/2025,14:25:21,11/14/2025,14:30:29,short,25193.75,25214.52,STOP,-20.7711,-419.42,0,20.771089,7.775,31.156634,0.27375000000029104,0.27375000000029104,0.24981250000000726,0.24981250000000726,6.7698571482670005,30.924094838061002,88.0,LOW
11/14/2025,15:07:34,11/14/2025,15:08:27,long,25209.75,25195.0,STOP,-14.753,-299.06,0,14.753012,8.15,22.129518,0.21112500000017462,0.21112500000017462,0.33168750000004366,0.33168750000004366,-0.6203315884416867,21.942386794026323,88.0,LOW
11/14/2025,15:08:27,11/14/2025,15:10:15,long,25198.25,25219.66,TARGET,21.4096,424.19,1,14.273036,8.175,21.409555,0.15174999999981081,0.15174999999981081,0.2838749999998981,0.2838749999998981,-1.3649702280471097,21.374293834881648,88.0,LOW
11/14/2025,15:10:30,11/14/2025,15:11:41,long,25210.5,25197.03,STOP,-13.47,-273.4,0,13.470028,7.2,20.205042,0.07899999999972351,0.07899999999972351,0.13556249999983266,0.13556249999983266,-1.6514572721169927,20.08822966390996,88.0,LOW
11/14/2025,15:23:37,11/14/2025,15:40:32,long,25147.0,25112.39,STOP,-34.611,-696.22,0,34.611029,8.85,51.916543,-0.8891250000000582,0.8891250000000582,-0.8071249999999054,0.8071249999999054,11.27465263657065,51.205299902480064,88.0,LOW
11/17/2025,09:31:03,11/17/2025,09:32:02,long,24978.0,25025.77,TARGET,47.7695,951.39,1,31.846312,7.7,47.769469,-0.7289999999997235,0.7289999999997235,-0.7693124999999782,0.7693124999999782,9.118063805562286,47.27637191365433,88.0,LOW
11/17/2025,09:32:02,11/17/2025,09:32:15,short,25033.5,25063.87,STOP,-30.3654,-611.31,0,30.36543,9.725,45.548146,-0.49887500000004364,0.49887500000004364,-0.5049999999999273,0.5049999999999273,-1.459123851146657,47.45156771729066,88.0,LOW
11/17/2025,09:32:23,11/17/2025,09:33:05,short,25050.75,25079.88,STOP,-29.126,-586.52,0,29.125984,9.975,43.688977,-0.17637499999982537,0.17637499999982537,-0.3376249999999345,0.3376249999999345,-3.4856565325724205,43.96591118471824,88.0,LOW
11/17/2025,09:57:43,11/17/2025,10:02:44,long,25198.25,25174.17,STOP,-24.0779,-485.56,0,24.077881,10.0,36.116822,0.3803749999999127,0.3803749999999127,0.5275625000000218,0.5275625000000218,-3.723110533308308,37.21215640948108,88.0,LOW
11/17/2025,10:05:06,11/17/2025,10:08:30,long,25130.25,25091.21,STOP,-39.043,-784.86,0,39.042988,11.0,58.564482,-1.2047500000000582,1.2047500000000582,-1.0283124999999926,1.0283124999999926,11.781476436114517,58.074362688859665,88.0,LOW
11/17/2025,10:13:44,11/17/2025,10:17:23,short,25141.0,25101.37,TARGET,39.6341,788.68,1,26.422741,12.05,39.634112,-0.54375,0.54375,-0.6532499999999345,0.6532499999999345,-9.594075456527364,40.96778893688294,88.0,LOW
11/17/2025,10:17:28,11/17/2025,10:19:02,long,25098.5,25074.61,STOP,-23.8857,-481.71,0,23.885692,12.325,35.828538,-0.026874999999927242,0.026874999999927242,-0.1407499999999345,0.1407499999999345,-0.14263881437491222,35.41127331750081,88.0,LOW
11/17/2025,10:19:02,11/17/2025,10:19:34,long,25088.0,25064.84,STOP,-23.1584,-467.17,0,23.158422,11.25,34.737633,-0.3696250000000873,0.3696250000000873,-0.20281250000007275,0.20281250000007275,-0.7695719505701106,34.6982477246296,88.0,LOW
11/17/2025,10:23:25,11/17/2025,10:24:53,short,25118.5,25098.5,REVERSAL,20.0,396.0,1,22.783396,9.15,34.175094,0.27937500000007276,0.27937500000007276,0.047937500000080034,0.047937500000080034,-2.0183434389152026,34.790189882715175,88.0,LOW
11/17/2025,10:24:53,11/17/2025,10:25:35,long,25098.5,25076.48,STOP,-22.0169,-444.34,0,22.016915,10.425,33.025372,0.34662500000013097,0.34662500000013097,0.29118749999997817,0.29118749999997817,-1.9434660195220204,33.1249075405655,88.0,LOW
11/17/2025,10:25:35,11/17/2025,10:27:36,long,25077.0,25110.72,TARGET,33.7239,670.48,1,22.48258,11.625,33.72387,0.10399999999972351,0.10399999999972351,0.24093749999992725,0.24093749999992725,-0.1371913605123325,33.32868360511485,88.0,LOW
11/17/2025,10:28:03,11/17/2025,10:28:52,short,25121.5,25142.0,STOP,-20.4973,-413.95,0,20.497295,11.55,30.745943,-0.3474999999998545,0.3474999999998545,-0.26306249999997816,0.26306249999997816,-3.199750569510549,31.040941341259504,89.0,MEDIUM
11/17/2025,10:29:25,11/17/2025,10:32:21,short,25137.5,25104.01,TARGET,33.4864,665.73,1,22.324288,9.15,33.486431,0.09450000000033469,0.09450000000033469,-0.1155624999999418,0.1155624999999418,2.3712278179264388,33.12227749752621,89.0,MEDIUM
11/17/2025,10:32:40,11/17/2025,10:44:07,long,25083.5,25114.75,REVERSAL,31.25,621.0,1,25.525516,11.225,38.288274,0.1592499999998836,0.1592499999998836,0.15718749999996362,0.15718749999996362,1.4731742004136663,38.16136022661931,89.0,MEDIUM
11/17/2025,10:44:07,11/17/2025,10:48:17,short,25114.75,25142.2,STOP,-27.4543,-553.09,0,27.454337,11.05,41.181505,-0.03687500000014552,0.03687500000014552,-0.12768750000013823,0.12768750000013823,0.42563787477592285,40.735200667772695,89.0,MEDIUM
11/17/2025,10:49:15,11/17/2025,10:50:51,short,25125.25,25089.35,TARGET,35.8992,713.98,1,23.932792,10.525,35.899188,-0.02962499999994179,0.02962499999994179,-0.12049999999999272,0.12049999999999272,-0.7119946140189128,35.43066307517602,89.0,MEDIUM
11/17/2025,10:50:57,11/17/2025,10:53:08,long,25083.5,25118.2,TARGET,34.7004,690.01,1,23.133582,11.075,34.700372,0.16812499999978173,0.16812499999978173,0.08524999999990542,0.08524999999990542,-0.6941591574625434,34.715152577412745,89.0,MEDIUM
11/17/2025,10:53:08,11/17/2025,10:56:17,short,25117.75,25085.75,REVERSAL,32.0,636.0,1,22.116094,12.95,33.174141,0.13862499999995634,0.13862499999995634,0.16606250000004366,0.16606250000004366,-1.726586436629475,32.62706210183855,89.0,MEDIUM
11/17/2025,10:56:17,11/17/2025,10:59:24,long,25085.75,25063.98,STOP,-21.7693,-439.39,0,21.769253,14.2,32.653879,0.20437500000007275,0.20437500000007275,0.18256249999994906,0.18256249999994906,-0.6079102061339228,31.926447511618264,89.0,MEDIUM
11/17/2025,10:59:30,11/17/2025,11:01:32,long,25073.5,25050.83,STOP,-22.6654,-457.31,0,22.665375,9.525,33.998062,-0.06162499999991269,0.06162499999991269,-0.03812500000003638,0.03812500000003638,1.0159681551196797,33.661930762723244,89.0,MEDIUM
11/17/2025,11:25:50,11/17/2025,11:26:36,short,24993.75,25013.27,STOP,-19.5164,-394.33,0,19.516378,10.55,29.274568,-0.28087500000001453,0.28087500000001453,-0.4548124999999345,0.4548124999999345,-3.3643862082671205,29.448963949511977,89.0,MEDIUM
11/17/2025,11:33:28,11/17/2025,11:40:57,short,25094.0,25146.18,STOP,-52.1833,-1047.67,0,52.183275,7.7,78.274913,1.3904999999998835,1.3904999999998835,1.1839374999999563,1.1839374999999563,10.919117127706272,77.46502372657153,89.0,MEDIUM
11/17/2025,12:10:41,11/17/2025,12:12:26,long,25165.5,25152.17,STOP,-13.3303,-270.61,0,13.330278,9.3,19.995417,0.3416249999998399,0.3416249999998399,0.30956249999999275,0.30956249999999275,-3.9368747551451904,20.238929621324807,89.0,MEDIUM
11/17/2025,12:13:07,11/17/2025,12:14:45,long,25170.0,25158.23,STOP,-11.7653,-239.31,0,11.765272,8.725,17.647908,0.13925000000017462,0.13925000000017462,0.24156249999996363,0.24156249999996363,-3.1226546478541977,17.58627273855734,89.0,MEDIUM
11/17/2025,12:35:19,11/17/2025,12:36:43,short,25163.25,25142.18,TARGET,21.074,417.48,1,14.049344,9.525,21.074016,-0.3619999999998981,0.3619999999998981,-0.386187499999869,0.386187499999869,-2.8009983647122,21.11762336435779,89.0,MEDIUM
11/17/2025,12:36:43,11/17/2025,12:37:31,long,25143.5,25130.26,STOP,-13.2416,-268.83,0,13.241572,8.975,19.862357,-0.24650000000001454,0.24650000000001454,-0.32068749999998547,0.32068749999998547,-2.8766174700357787,19.71702251323425,89.0,MEDIUM
11/17/2025,12:43:33,11/17/2025,12:45:00,long,25094.0,25071.17,STOP,-22.8284,-460.57,0,22.828368,9.35,34.242552,-0.7078750000000582,0.7078750000000582,-0.6854374999998981,0.6854374999998981,6.336072287241592,33.78173781656866,89.0,MEDIUM
11/17/2025,13:17:01,11/17/2025,13:21:20,short,24994.75,25010.68,STOP,-15.9282,-322.56,0,15.92816,9.3,23.89224,-0.44949999999989815,0.44949999999989815,-0.4901249999998981,0.4901249999998981,-5.038551967249461,24.726858665884933,89.0,MEDIUM
11/17/2025,13:22:11,11/17/2025,13:28:15,short,24994.25,24974.84,TARGET,19.4072,384.14,1,12.938154,9.5,19.40723,-0.05124999999970896,0.05124999999970896,-0.1538124999999127,0.1538124999999127,-1.3928224816330825,19.156818091744938,89.0,MEDIUM
11/17/2025,13:28:15,11/17/2025,13:29:01,long,24970.0,24988.7,TARGET,18.7029,370.06,1,12.46858,10.15,18.702869,0.10524999999979627,0.10524999999979627,0.034812500000043656,0.034812500000043656,-0.49488083657442417,18.37519868078977,89.0,MEDIUM
11/17/2025,13:30:08,11/17/2025,13:31:30,long,24973.5,24961.39,STOP,-12.1096,-246.19,0,12.109569,8.95,18.164353,0.054875000000174624,0.054875000000174624,0.06650000000008731,0.06650000000008731,-0.35020874463541674,18.000799394212077,89.0,MEDIUM
11/17/2025,13:31:54,11/17/2025,13:38:00,long,24963.0,24982.48,TARGET,19.4806,385.61,1,12.987056,7.925,19.480584,-0.003499999999985448,0.003499999999985448,0.02468749999989086,0.02468749999989086,0.3845305550633462,18.76608629257438,90.0,LOW
11/17/2025,13:39:01,11/17/2025,13:42:12,long,24973.5,24991.62,TARGET,18.1197,358.39,1,12.079812,9.4,18.119719,-0.028374999999869033,0.028374999999869033,-0.024812500000007277,0.024812500000007277,-0.6350453106710106,18.29408942280061,90.0,LOW
11/17/2025,13:42:12,11/17/2025,13:44:33,short,24989.0,25000.77,STOP,-11.7685,-239.37,0,11.76851,9.4,17.652764,-0.12437500000014552,0.12437500000014552,-0.07637500000000727,0.07637500000000727,-0.8611648927917095,17.4329245300089,90.0,LOW
11/17/2025,13:44:33,11/17/2025,13:46:00,short,25001.25,25013.17,STOP,-11.9236,-242.47,0,11.923559,9.125,17.885338,0.056750000000101865,0.056750000000101865,-0.059375,0.059375,-0.16693183629168828,17.448739465846856,90.0,LOW
11/17/2025,13:52:12,11/17/2025,13:55:04,long,24973.25,24948.94,STOP,-24.3091,-490.18,0,24.309087,8.975,36.463631,0.134375,0.134375,0.19593750000003637,0.19593750000003637,0.5255955185172141,36.01980614981737,90.0,LOW
11/17/2025,13:56:58,11/17/2025,13:58:02,long,24936.0,24902.49,STOP,-33.5072,-674.14,0,33.507195,7.95,50.260793,-0.3933750000000146,0.3933750000000146,-0.3280624999999418,0.3280624999999418,7.797748548331995,49.20376446178031,90.0,LOW
11/18/2025,09:30:00,11/18/2025,09:30:09,long,24719.75,24741.14,TARGET,21.3857,423.71,1,14.257138,10.625,21.385707,-0.3292500000003201,0.3292500000003201,-0.2796875,0.2796875,-0.14901830608312494,20.44329491256014,90.0,LOW
11/18/2025,09:30:09,11/18/2025,09:30:31,short,24741.0,24755.18,STOP,-14.1785,-287.57,0,14.178477,10.75,21.267716,-0.09200000000018918,0.09200000000018918,-0.22906250000014552,0.22906250000014552,0.20810120973210644,20.542777846594525,90.0,LOW
11/18/2025,09:30:44,11/18/2025,09:31:00,short,24743.0,24722.43,TARGET,20.5731,407.46,1,13.71543,11.5,20.573145,0.0617500000000291,0.0617500000000291,0.0398750000000291,0.0398750000000291,-0.33771418282280763,20.10735358981396,90.0,LOW
11/18/2025,09:31:00,11/18/2025,09:31:02,long,24723.0,24709.41,STOP,-13.59,-275.8,0,13.589988,10.375,20.384982,0.052625000000261934,0.052625000000261934,0.10106250000008003,0.10106250000008003,-0.11996389210341363,20.064015467506046,90.0,LOW
11/18/2025,09:31:02,11/18/2025,09:31:12,long,24709.5,24695.73,STOP,-13.7717,-279.43,0,13.77166,10.75,20.65749,0.06350000000020373,0.06350000000020373,0.0992500000000291,0.0992500000000291,-0.11440410673996482,20.012578716375096,90.0,LOW
11/18/2025,09:32:21,11/18/2025,09:32:29,short,24734.5,24757.28,STOP,-22.7785,-459.57,0,22.778512,11.025,34.167769,-0.43787499999998547,0.43787499999998547,-0.5565625000001091,0.5565625000001091,0.29372185899641323,34.173349615588265,90.0,LOW
11/18/2025,09:33:35,11/18/2025,09:34:47,short,24807.0,24738.45,TARGET,68.551,1367.02,1,45.70068,9.225,68.55102,1.001375000000189,1.001375000000189,0.7918125000000146,0.7918125000000146,14.370101807093576,67.34348170732189,90.0,LOW
11/18/2025,09:38:35,11/18/2025,09:40:36,long,24741.5,24712.83,STOP,-28.6701,-577.4,0,28.670068,15.6,43.005101,0.9139999999999417,0.9139999999999417,0.8748750000000655,0.8748750000000655,-15.505801284789044,44.64898674956498,90.0,LOW
11/18/2025,09:40:45,11/18/2025,09:41:54,long,24727.75,24698.2,STOP,-29.55,-595.0,0,29.549997,13.3,44.324995,-0.5607500000001892,0.5607500000001892,-0.2235625000001164,0.2235625000001164,3.091745061471549,43.32482570928204,90.0,LOW
11/18/2025,10:06:08,11/18/2025,10:07:17,short,24508.5,24540.69,STOP,-32.1903,-647.81,0,32.190321,10.275,48.285482,-0.7055000000000291,0.7055000000000291,-0.998187499999949,0.998187499999949,-8.30737297774327,49.10157680644008,90.0,LOW
11/18/2025,10:08:13,11/18/2025,10:10:26,short,24528.0,24561.05,STOP,-33.0476,-664.95,0,33.047588,9.775,49.571382,0.30187499999992723,0.30187499999992723,0.09856250000011642,0.09856250000011642,6.356389036518834,48.58634664146874,90.0,LOW
11/18/2025,10:11:39,11/18/2025,10:14:01,long,24479.75,24536.91,TARGET,57.16,1139.2,1,38.106686,11.95,57.160029,0.45249999999978174,0.45249999999978174,0.6321249999999055,0.6321249999999055,-2.978772134836049,58.03702850104378,90.0,LOW
11/18/2025,10:14:07,11/18/2025,10:15:18,short,24538.0,24504.75,REVERSAL,33.25,661.0,1,26.676716,11.7,40.015073,0.4307500000002619,0.4307500000002619,0.36737499999999274,0.36737499999999274,-5.095303404092448,39.93002581150243,90.0,LOW
11/18/2025,10:15:18,11/18/2025,10:16:11,long,24504.75,24478.2,STOP,-26.547,-534.94,0,26.546987,12.625,39.820481,0.2571250000000873,0.2571250000000873,0.34287499999991267,0.34287499999991267,-0.37389919995167276,39.53097153615329,90.0,LOW
11/18/2025,10:16:11,11/18/2025,10:16:46,long,24481.5,24453.82,STOP,-27.6773,-557.55,0,27.67728,11.825,41.51592,-0.25112499999995636,0.25112499999995636,0.023187500000130968,0.023187500000130968,1.490447589813563,41.04981467022119,91.0,MEDIUM
11/18/2025,10:20:03,11/18/2025,10:20:15,short,24502.5,24530.2,STOP,-27.7042,-558.08,0,27.704178,15.275,41.556267,-0.5825000000000727,0.5825000000000727,-0.7040000000000873,0.7040000000000873,-5.22146011676363,43.38861311769609,91.0,MEDIUM
11/18/2025,10:20:15,11/18/2025,10:20:47,short,24522.75,24549.52,STOP,-26.7743,-539.49,0,26.774346,14.7,40.161519,-0.5227500000000873,0.5227500000000873,-0.6133749999999054,0.6133749999999054,-7.9573779974578684,40.22484194500523,91.0,MEDIUM
11/18/2025,10:28:43,11/18/2025,10:32:36,long,24546.25,24586.69,TARGET,40.4357,804.71,1,26.95713,11.825,40.435695,1.047124999999869,1.047124999999869,1.2161874999999782,1.2161874999999782,-17.344909757730306,42.16273786266571,91.0,MEDIUM
11/18/2025,10:32:36,11/18/2025,10:33:33,short,24589.0,24559.48,TARGET,29.5224,586.45,1,19.681599,14.75,29.522399,-0.3242499999996653,0.3242499999996653,-0.17412499999991268,0.17412499999991268,3.4804759257622706,29.01562913256675,91.0,MEDIUM
11/18/2025,10:33:33,11/18/2025,10:34:18,long,24547.5,24527.82,STOP,-19.6822,-397.64,0,19.682246,14.525,29.523369,0.0641250000000582,0.0641250000000582,-0.15224999999991268,0.15224999999991268,0.1818007906719643,29.12739847483951,91.0,MEDIUM
11/18/2025,10:37:08,11/18/2025,10:41:49,long,24476.25,24535.7,TARGET,59.4486,1184.97,1,39.632387,13.075,59.448581,-0.9200000000000728,0.9200000000000728,-0.7947500000000218,0.7947500000000218,10.692218793002986,58.24300266123287,91.0,MEDIUM
11/18/2025,10:41:49,11/18/2025,10:42:50,short,24534.5,24485.25,REVERSAL,49.25,981.0,1,35.890236,17.5,53.835355,-0.5533750000002329,0.5533750000002329,-0.6641250000000583,0.6641250000000583,-2.5039439783487154,54.6319703890338,91.0,MEDIUM
11/18/2025,10:42:50,11/18/2025,10:50:07,long,24485.25,24451.93,STOP,-33.3249,-670.5,0,33.324946,16.65,49.987419,-0.45187499999992725,0.45187499999992725,-0.5460624999999709,0.5460624999999709,-6.261403692378472,50.037936294023034,91.0,MEDIUM
11/18/2025,10:51:04,11/18/2025,10:51:53,long,24457.75,24487.82,TARGET,30.0722,597.44,1,20.048114,11.925,30.072171,-0.3071250000000873,0.3071250000000873,-0.27399999999997815,0.27399999999997815,5.546627836638436,28.997765105280827,91.0,MEDIUM
11/18/2025,10:51:53,11/18/2025,10:52:01,long,24493.5,24500.25,REVERSAL,6.75,131.0,1,20.003074,15.425,30.004611,-0.14962500000001455,0.14962500000001455,-0.18931249999986904,0.18931249999986904,2.8788903498140357,29.44061068044983,91.0,MEDIUM
11/18/2025,10:52:01,11/18/2025,10:53:41,short,24500.25,24470.24,TARGET,30.0076,596.15,1,20.005044,15.7,30.007566,-0.11699999999982538,0.11699999999982538,-0.17987499999999274,0.17987499999999274,2.260681331164065,29.434358023197525,91.0,MEDIUM
11/18/2025,10:53:41,11/18/2025,10:54:53,long,24476.0,24499.75,REVERSAL,23.75,471.0,1,19.899092,18.05,29.848638,0.18287499999969442,0.18287499999969442,0.03293749999993452,0.03293749999993452,-0.3073767505230194,29.126981272674506,91.0,MEDIUM
11/18/2025,10:54:53,11/18/2025,10:55:34,short,24499.75,24519.87,STOP,-20.118,-406.36,0,20.117986,14.15,30.176979,-0.003499999999985448,0.003499999999985448,0.06100000000005821,0.06100000000005821,-0.02876194343038918,29.45805927245911,91.0,MEDIUM
11/18/2025,10:56:03,11/18/2025,10:56:44,short,24516.0,24483.81,TARGET,32.1948,639.9,1,21.463174,13.375,32.19476,0.23512499999997089,0.23512499999997089,0.15037499999998544,0.15037499999998544,1.8812446989970937,31.353790386153356,91.0,MEDIUM
11/18/2025,10:57:09,11/18/2025,10:58:24,short,24498.25,24474.75,REVERSAL,23.5,466.0,1,21.445807,15.35,32.16871,0.1788749999999709,0.1788749999999709,0.14137499999997089,0.14137499999997089,1.8272515048666733,31.978166619231445,91.0,MEDIUM
11/18/2025,10:58:24,11/18/2025,10:59:38,long,24474.75,24455.42,STOP,-19.3325,-390.65,0,19.332466,14.925,28.998698,-0.1775000000001455,0.1775000000001455,0.07681249999986903,0.07681249999986903,-2.3317734735990854,29.593414027857293,91.0,MEDIUM
11/18/2025,10:59:38,11/18/2025,11:01:19,long,24457.25,24438.01,STOP,-19.2381,-388.76,0,19.238122,13.375,28.857183,-0.37787500000013097,0.37787500000013097,-0.1180625000000873,0.1180625000000873,-4.023310046472151,27.850956005473826,91.0,MEDIUM
11/18/2025,11:07:34,11/18/2025,11:10:16,short,24475.75,24516.5,STOP,-40.7456,-818.91,0,40.745583,12.35,61.118374,-0.4708750000001601,0.4708750000001601,-0.5478750000000219,0.5478750000000219,-2.529329093349517,61.02106855262328,91.0,MEDIUM
11/18/2025,11:10:41,11/18/2025,11:11:37,short,24509.5,24549.02,STOP,-39.5189,-794.38,0,39.518924,12.525,59.278385,0.20687500000021827,0.20687500000021827,-0.027687499999956344,0.027687499999956344,4.772069141125989,58.17068937841957,91.0,MEDIUM
11/18/2025,11:39:49,11/18/2025,11:41:02,long,24639.5,24663.12,TARGET,23.6202,468.4,1,15.746772,10.2,23.620158,0.7047500000000582,0.7047500000000582,0.7940624999999273,0.7940624999999273,-6.785224089782755,24.09868267253173,92.0,MEDIUM
11/18/2025,11:41:02,11/18/2025,11:41:58,long,24644.5,24663.67,TARGET,19.171,379.42,1,12.780646,11.6,19.170968,0.2747499999997672,0.2747499999997672,0.52862499999992,0.52862499999992,-6.630752398274794,19.069195940597808,92.0,MEDIUM
11/18/2025,11:41:58,11/18/2025,11:42:04,short,24666.25,24678.92,STOP,-12.6749,-257.5,0,12.674901,12.75,19.012352,0.16500000000014553,0.16500000000014553,0.34268750000010184,0.34268750000010184,-3.6094347322419296,18.1508949272771,92.0,MEDIUM
11/18/2025,11:42:04,11/18/2025,11:42:15,short,24677.0,24657.8,TARGET,19.2017,380.03,1,12.801146,12.725,19.20172,0.1617500000000291,0.1617500000000291,0.301312500000131,0.301312500000131,-3.173503432384532,18.09721334451791,92.0,MEDIUM
11/18/2025,11:42:15,11/18/2025,11:42:37,short,24656.0,24668.77,STOP,-12.7736,-259.47,0,12.773581,12.725,19.160372,0.17449999999989813,0.17449999999989813,0.25037499999998547,0.25037499999998547,-1.8767387854030346,18.34412016076297,92.0,MEDIUM
11/18/2025,11:42:37,11/18/2025,11:43:28,short,24663.0,24675.65,STOP,-12.6452,-256.9,0,12.645241,12.05,18.967861,0.15450000000018918,0.15450000000018918,0.21462499999997817,0.21462499999997817,-0.999253678268829,18.06994226232898,92.0,MEDIUM
11/18/2025,11:46:41,11/18/2025,11:47:18,long,24647.0,24633.48,STOP,-13.521,-274.42,0,13.521003,12.825,20.281505,0.2648750000000291,0.2648750000000291,0.21075000000000726,0.21075000000000726,0.5714793739913979,19.57015935601692,92.0,MEDIUM
11/18/2025,11:48:13,11/18/2025,11:48:31,long,24637.0,24661.49,TARGET,24.4916,485.83,1,16.327751,11.5,24.491627,-0.24887500000004364,0.24887500000004364,-0.006937500000094588,0.006937500000094588,4.0652395622852,23.632117452569474,92.0,MEDIUM
11/18/2025,11:48:31,11/18/2025,11:48:32,long,24667.75,24664.0,REVERSAL,-3.75,-79.0,0,16.45285,11.8,24.679275,-0.3073749999999563,0.3073749999999563,-0.1110000000000582,0.1110000000000582,4.139557808473757,24.05959185810568,92.0,MEDIUM
11/18/2025,11:48:32,11/18/2025,11:49:29,short,24664.0,24639.31,TARGET,24.6902,489.8,1,16.460118,11.3,24.690177,-0.29162499999983993,0.29162499999983993,-0.12524999999986902,0.12524999999986902,3.854468262490272,24.059900703958377,92.0,MEDIUM
11/18/2025,11:49:29,11/18/2025,11:51:01,long,24636.75,24661.72,TARGET,24.9661,495.32,1,16.644094,13.95,24.966141,0.016500000000087313,0.016500000000087313,-0.14112499999991995,0.14112499999991995,0.27659222401367245,24.233857402628793,92.0,MEDIUM
11/18/2025,11:51:01,11/18/2025,11:51:07,short,24662.5,24646.25,REVERSAL,16.25,321.0,1,16.759425,14.975,25.139137,-0.10574999999989813,0.10574999999989813,-0.07993750000005093,0.07993750000005093,0.35558096996126665,24.71222289433492,92.0,MEDIUM
11/18/2025,11:51:07,11/18/2025,11:51:45,long,24646.25,24629.46,STOP,-16.789,-339.78,0,16.788974,16.35,25.183461,-0.08250000000007277,0.08250000000007277,-0.051000000000021826,0.051000000000021826,0.20096424542697378,24.5656266980183,92.0,MEDIUM
11/18/2025,11:54:12,11/18/2025,11:54:52,long,24628.0,24655.7,TARGET,27.7033,550.07,1,18.468897,16.825,27.703345,-0.20200000000004364,0.20200000000004364,-0.14225000000005822,0.14225000000005822,2.4354441616647264,27.001070859683026,92.0,MEDIUM
11/18/2025,11:55:01,11/18/2025,11:58:48,short,24670.0,24642.4,TARGET,27.5959,547.92,1,18.397282,15.725,27.595924,-0.2561250000002474,0.2561250000002474,-0.16218750000007276,0.16218750000007276,2.2252597140395665,27.202069714399933,92.0,MEDIUM
11/18/2025,11:58:48,11/18/2025,12:00:24,long,24639.0,24665.28,TARGET,26.2758,521.52,1,17.517174,15.775,26.27576,-0.07700000000004366,0.07700000000004366,-0.10506249999998545,0.10506249999998545,-1.6272625431893353,25.70566877397836,92.0,MEDIUM
11/18/2025,12:00:24,11/18/2025,12:02:41,short,24663.75,24680.87,STOP,-17.1235,-346.47,0,17.123536,14.05,25.685303,0.1321250000000873,0.1321250000000873,0.003687499999978172,0.003687499999978172,-0.20006204634296054,25.08541737601499,92.0,MEDIUM
11/18/2025,12:03:43,11/18/2025,12:05:13,short,24664.0,24648.0,REVERSAL,16.0,316.0,1,17.392459,14.975,26.088688,0.13375000000014553,0.13375000000014553,0.13299999999999274,0.13299999999999274,0.45399132180165935,25.699924503229468,92.0,MEDIUM
11/18/2025,12:05:13,11/18/2025,12:06:32,long,24648.0,24630.76,STOP,-17.2436,-348.87,0,17.243556,13.75,25.865334,0.014875000000029105,0.014875000000029105,0.09699999999993451,0.09699999999993451,0.6163874898037278,25.705564818806142,92.0,MEDIUM
11/18/2025,12:07:04,11/18/2025,12:08:58,long,24638.75,24621.17,STOP,-17.5776,-355.55,0,17.577559,12.2,26.366338,-0.4397499999999127,0.4397499999999127,-0.2124374999999418,0.2124374999999418,0.7426002907222724,26.448165109528414,92.0,MEDIUM
11/18/2025,12:38:10,11/18/2025,12:39:34,short,24593.0,24629.28,STOP,-36.2838,-729.68,0,36.28381,15.275,54.425715,-0.42637499999982537,0.42637499999982537,-0.6608749999999418,0.6608749999999418,-3.0335353184982523,55.297812613551855,93.0,MEDIUM
11/18/2025,12:43:53,11/18/2025,12:57:53,short,24698.5,24771.72,STOP,-73.2228,-1468.46,0,73.222847,12.175,109.83427,1.2482499999998253,1.2482499999998253,1.0146874999998545,1.0146874999998545,19.2982890971183,108.55416829767879,93.0,MEDIUM
11/18/2025,13:15:12,11/18/2025,13:20:39,long,24747.0,24727.57,STOP,-19.4327,-392.65,0,19.432746,13.75,29.149118,0.7231249999997089,0.7231249999997089,0.6043749999998909,0.6043749999998909,-8.939955622764934,30.605442456478563,93.0,MEDIUM
11/18/2025,13:21:39,11/18/2025,13:22:53,long,24749.25,24769.53,TARGET,20.2843,401.69,1,13.522851,13.65,20.284277,0.1641250000000582,0.1641250000000582,0.17112500000002911,0.17112500000002911,-3.797794672194396,19.361858739761516,93.0,MEDIUM
11/18/2025,13:23:00,11/18/2025,13:24:13,short,24766.75,24768.25,REVERSAL,-1.5,-34.0,0,13.605035,13.65,20.407552,-0.04437500000021828,0.04437500000021828,0.08962499999997817,0.08962499999997817,0.6457523423443696,19.686287769196838,93.0,MEDIUM
11/18/2025,13:24:13,11/18/2025,13:24:32,long,24768.25,24767.5,REVERSAL,-0.75,-19.0,0,13.410927,13.3,20.116391,-0.04500000000007276,0.04500000000007276,0.07206249999999273,0.07206249999999273,0.37356723786759005,19.56080592783729,93.0,MEDIUM
11/18/2025,13:24:32,11/18/2025,13:24:53,short,24767.5,24755.0,REVERSAL,12.5,246.0,1,13.292576,12.975,19.938864,-0.05612500000024738,0.05612500000024738,0.053999999999905415,0.053999999999905415,0.017918548724772165,19.379777288486288,93.0,MEDIUM
11/18/2025,13:24:53,11/18/2025,13:25:39,long,24755.0,24741.77,STOP,-13.2318,-268.64,0,13.23175,13.625,19.847626,-0.05087500000008731,0.05087500000008731,0.03443749999987631,0.03443749999987631,-0.19969598091647,19.286839306902436,93.0,MEDIUM
11/18/2025,13:27:19,11/18/2025,13:28:05,short,24773.0,24752.06,TARGET,20.9373,414.75,1,13.958188,14.45,20.937283,-0.1842499999998836,0.1842499999998836,-0.12018750000006548,0.12018750000006548,0.5166380785718907,19.89641536705818,93.0,MEDIUM
11/18/2025,13:28:05,11/18/2025,13:28:21,long,24761.5,24747.61,STOP,-13.8857,-281.71,0,13.885654,13.7,20.828482,-0.11450000000004365,0.11450000000004365,-0.10512500000004366,0.10512500000004366,0.9902454618883354,19.91819377303291,93.0,MEDIUM
11/18/2025,13:28:21,11/18/2025,13:29:22,long,24745.75,24731.81,STOP,-13.9353,-282.71,0,13.935346,14.5,20.903019,-0.08687500000014552,0.08687500000014552,-0.1069999999999709,0.1069999999999709,0.9619327501850456,19.926892233593147,93.0,MEDIUM
11/18/2025,13:32:56,11/18/2025,13:33:45,short,24768.25,24782.95,STOP,-14.6973,-297.95,0,14.697272,13.825,22.045909,-0.03675000000002911,0.03675000000002911,-0.06931249999997817,0.06931249999997817,0.5433919697550813,20.894875557758105,93.0,MEDIUM
11/18/2025,13:33:45,11/18/2025,13:35:47,short,24785.0,24762.39,TARGET,22.6147,448.29,1,15.076444,13.025,22.614665,0.043375000000014555,0.043375000000014555,-0.04968749999989086,0.04968749999989086,0.37782368323119897,21.191048844640857,93.0,MEDIUM
11/18/2025,13:36:05,11/18/2025,13:37:13,long,24743.25,24728.4,STOP,-14.8506,-301.01,0,14.850593,14.075,22.27589,0.06725000000005821,0.06725000000005821,0.015250000000014552,0.015250000000014552,0.5461975773921814,21.441073135150287,93.0,MEDIUM
11/18/2025,13:38:41,11/18/2025,13:40:00,long,24742.5,24767.19,TARGET,24.6877,489.75,1,16.458436,13.625,24.687654,-0.3797500000000582,0.3797500000000582,-0.15625,0.15625,2.5523403935769373,23.993413528727224,93.0,MEDIUM
11/18/2025,13:40:00,11/18/2025,13:40:16,short,24767.75,24783.5,STOP,-15.7483,-318.97,0,15.748274,14.65,23.622411,-0.36599999999998545,0.36599999999998545,-0.24656250000007277,0.24656250000007277,1.8481430529754412,23.223297242373107,93.0,MEDIUM
11/18/2025,13:42:09,11/18/2025,13:43:14,short,24772.25,24744.05,TARGET,28.1966,559.93,1,18.797748,10.95,28.196622,0.21112499999981083,0.21112499999981083,-0.032000000000152795,0.032000000000152795,4.473822817601359,27.53330957889211,93.0,MEDIUM
11/18/2025,13:43:14,11/18/2025,13:43:47,long,24740.5,24768.69,TARGET,28.1859,559.72,1,18.790592,13.15,28.185888,0.30137499999982537,0.30137499999982537,0.13081249999995634,0.13081249999995634,3.0458843940043607,27.574481471289367,93.0,MEDIUM
11/18/2025,13:45:07,11/18/2025,13:46:32,long,24759.75,24765.25,REVERSAL,5.5,106.0,1,18.844046,15.625,28.266069,0.02775000000001455,0.02775000000001455,0.16499999999996362,0.16499999999996362,-0.08262559687868176,27.64561757614082,93.0,MEDIUM
11/18/2025,13:46:32,11/18/2025,13:48:24,short,24765.25,24742.25,REVERSAL,23.0,456.0,1,18.917858,15.725,28.376787,0.03724999999976717,0.03724999999976717,0.11968749999996361,0.11968749999996361,-0.17085643275659734,27.616050599453903,93.0,MEDIUM
11/18/2025,13:48:24,11/18/2025,13:49:31,long,24742.25,24769.77,TARGET,27.5241,546.48,1,18.349368,16.225,27.524053,0.09025000000001455,0.09025000000001455,0.0734375,0.0734375,-0.4299357269535271,27.29048130811648,94.0,MEDIUM
11/18/2025,13:49:49,11/18/2025,13:51:32,short,24763.0,24781.43,STOP,-18.4254,-372.51,0,18.425441,13.725,27.638161,0.10525000000016008,0.10525000000016008,0.08375000000014551,0.08375000000014551,-0.8777121502397947,26.78219972856529,94.0,MEDIUM
11/18/2025,13:51:32,11/18/2025,13:55:01,short,24787.75,24759.62,TARGET,28.1311,558.62,1,18.75409,13.25,28.131135,0.04575000000004366,0.04575000000004366,0.07250000000003638,0.07250000000003638,-0.07554299475278725,26.91735933675585,94.0,MEDIUM
11/18/2025,13:55:51,11/18/2025,13:58:01,long,24736.75,24716.05,STOP,-20.6984,-417.97,0,20.698407,12.775,31.047611,0.20387499999997089,0.20387499999997089,0.22212500000005092,0.22212500000005092,0.4741424339478897,30.085303626702228,94.0,MEDIUM
11/18/2025,14:00:00,11/18/2025,14:01:08,long,24705.0,24748.47,TARGET,43.4699,865.4,1,28.979915,10.55,43.469872,-0.7043750000000728,0.7043750000000728,-0.44781249999996364,0.44781249999996364,8.519604518785684,42.199410742944906,94.0,MEDIUM
11/18/2025,14:01:49,11/18/2025,14:13:23,long,24729.5,24762.75,REVERSAL,33.25,661.0,1,28.981134,13.325,43.4717,0.05662499999998545,0.05662499999998545,-0.32281249999996364,0.32281249999996364,-0.24170723376507652,42.82242022600869,94.0,MEDIUM
11/18/2025,14:13:23,11/18/2025,14:16:07,short,24762.75,24723.2,TARGET,39.554,787.08,1,26.369354,14.6,39.554031,-0.1766250000000582,0.1766250000000582,-0.21887500000011642,0.21887500000011642,-0.8666766971162616,39.17842798640247,94.0,MEDIUM
11/18/2025,14:16:44,11/18/2025,14:19:09,long,24723.75,24750.75,REVERSAL,27.0,536.0,1,26.073487,14.225,39.11023,-0.06787499999991269,0.06787499999991269,-0.11681250000001456,0.11681250000001456,-0.17041732084140904,38.93546909410021,94.0,MEDIUM
11/18/2025,14:19:09,11/18/2025,14:23:07,short,24750.75,24717.58,TARGET,33.1682,659.36,1,22.112127,14.35,33.16819,-0.5467499999998836,0.5467499999998836,-0.27462500000001455,0.27462500000001455,-4.45548105888615,35.03896345869408,94.0,MEDIUM
11/18/2025,14:23:07,11/18/2025,14:25:19,long,24707.75,24733.6,TARGET,25.8494,512.99,1,17.232911,14.8,25.849367,-0.3132499999999709,0.3132499999999709,-0.4459375000000364,0.4459375000000364,-5.799154587383747,25.232907919699436,94.0,MEDIUM
11/18/2025,14:27:08,11/18/2025,14:28:44,long,24715.25,24697.98,STOP,-17.2729,-349.46,0,17.272866,13.125,25.909299,-0.0633750000000873,0.0633750000000873,-0.18575000000000727,0.18575000000000727,0.48227762910416416,25.78250783509983,94.0,MEDIUM
11/18/2025,14:29:20,11/18/2025,14:32:01,long,24706.0,24689.17,STOP,-16.8348,-340.7,0,16.834833,11.275,25.25225,0.08449999999975262,0.08449999999975262,-0.0585625000001528,0.0585625000001528,-1.2131500468196776,24.782578077663416,94.0,MEDIUM
11/18/2025,14:36:53,11/18/2025,14:37:27,short,24746.5,24765.21,STOP,-18.7051,-378.1,0,18.705052,11.85,28.057578,-0.18375000000014552,0.18375000000014552,-0.22600000000002182,0.22600000000002182,0.9159864413445078,27.562985476332123,94.0,MEDIUM
11/18/2025,14:37:37,11/18/2025,14:38:34,short,24740.25,24759.75,STOP,-19.4999,-394.0,0,19.499914,11.825,29.249871,0.18474999999998545,0.18474999999998545,-0.1289999999999054,0.1289999999999054,0.9712993986583136,28.70494247239485,94.0,MEDIUM
11/18/2025,14:53:34,11/18/2025,14:59:42,long,24732.75,24775.25,REVERSAL,42.5,846.0,1,32.639047,13.7,48.95857,0.3251250000001164,0.3251250000001164,0.4075624999999491,0.4075624999999491,-1.7219968692116865,48.74278225279989,94.0,MEDIUM
11/18/2025,14:59:42,11/18/2025,15:02:37,short,24775.25,24759.75,REVERSAL,15.5,306.0,1,24.13752,12.725,36.206279,0.5069999999999709,0.5069999999999709,0.3178749999999127,0.3178749999999127,-9.06732422782678,35.485647316673294,94.0,MEDIUM
11/18/2025,15:02:37,11/18/2025,15:04:39,long,24759.75,24735.59,STOP,-24.1618,-487.24,0,24.161834,13.1,36.242751,0.26137500000004366,0.26137500000004366,0.3813749999999345,0.3813749999999345,0.5822285499850821,34.99362458159508,94.0,MEDIUM
11/18/2025,15:04:39,11/18/2025,15:06:02,long,24735.25,24711.93,STOP,-23.3249,-470.5,0,23.324879,13.125,34.987318,-0.14325000000026195,0.14325000000026195,0.121875,0.121875,-1.2294407013316686,33.97536269995523,94.0,MEDIUM
11/19/2025,09:30:30,11/19/2025,09:32:09,long,24604.75,24575.32,STOP,-29.4343,-592.69,0,29.434297,10.475,44.151445,-0.6647499999999127,0.6647499999999127,-0.7078750000000582,0.7078750000000582,8.503334739088082,43.80368282152627,94.0,MEDIUM
11/19/2025,09:32:13,11/19/2025,09:33:55,long,24595.75,24627.25,REVERSAL,31.5,626.0,1,25.81464,11.475,38.721959,-0.815625,0.815625,-0.7771875000000363,0.7771875000000363,-0.688293586221775,39.213045866337296,94.0,MEDIUM
11/19/2025,09:33:55,11/19/2025,09:34:07,short,24627.25,24644.66,STOP,-17.4101,-352.2,0,17.410072,11.7,26.115108,-0.5146250000001601,0.5146250000001601,-0.6667500000001383,0.6667500000001383,-8.194903360763906,26.49592567998589,95.0,MEDIUM
11/19/2025,09:34:27,11/19/2025,09:35:05,short,24627.75,24645.53,STOP,-17.7774,-359.55,0,17.777426,10.15,26.666139,-0.04287499999991269,0.04287499999991269,-0.2991249999999127,0.2991249999999127,-0.763288827415721,26.447709133428795,95.0,MEDIUM
11/19/2025,10:10:11,11/19/2025,10:11:05,long,24901.0,24923.35,TARGET,22.3528,443.06,1,14.901856,7.8,22.352784,0.4352499999997235,0.4352499999997235,0.5721874999999272,0.5721874999999272,-6.218388599219399,22.26896624635481,95.0,MEDIUM
11/19/2025,10:11:05,11/19/2025,10:11:29,short,24933.0,24947.34,STOP,-14.345,-290.9,0,14.344968,8.125,21.517453,0.09525000000030559,0.09525000000030559,0.26525000000001453,0.26525000000001453,-1.1494656238643621,21.11950062249045,95.0,MEDIUM
11/19/2025,10:12:38,11/19/2025,10:15:03,short,24941.25,24955.87,STOP,-14.6219,-296.44,0,14.621929,6.8,21.932894,0.5321250000000873,0.5321250000000873,0.3577499999999418,0.3577499999999418,0.3482960449214225,21.47449424605219,95.0,MEDIUM
11/19/2025,10:23:01,11/19/2025,10:24:43,long,24940.5,24964.27,TARGET,23.7666,471.33,1,15.844404,8.325,23.766607,0.5296249999999418,0.5296249999999418,0.43968750000003637,0.43968750000003637,-6.530228005342334,25.943494933135103,95.0,MEDIUM
11/19/2025,10:24:43,11/19/2025,10:25:20,short,24959.0,24947.25,REVERSAL,11.75,231.0,1,13.169449,9.325,19.754173,0.13087500000001456,0.13087500000001456,0.3172500000000582,0.3172500000000582,-3.5552532698025665,20.000645861620217,95.0,MEDIUM
11/19/2025,10:25:20,11/19/2025,10:27:23,long,24947.25,24966.69,TARGET,19.4409,384.82,1,12.960585,9.925,19.440878,0.13662499999991268,0.13662499999991268,0.21068749999994907,0.21068749999994907,-0.7411666970956148,19.61811719763444,95.0,MEDIUM
11/19/2025,10:28:25,11/19/2025,10:29:27,long,24946.75,24965.25,TARGET,18.4995,365.99,1,12.333019,9.25,18.499529,0.06624999999985448,0.06624999999985448,0.057625000000007275,0.057625000000007275,-0.7257513640978743,18.324115547243522,95.0,MEDIUM
11/19/2025,10:29:27,11/19/2025,10:30:30,short,24961.75,24943.3,TARGET,18.4492,364.98,1,12.299495,9.5,18.449242,-0.10687500000021828,0.10687500000021828,-0.022375000000101862,0.022375000000101862,0.28696892785220385,18.634997612464694,95.0,MEDIUM
11/19/2025,10:30:30,11/19/2025,10:31:03,long,24944.25,24932.83,STOP,-11.4196,-232.39,0,11.419638,10.45,17.129457,-0.1461250000000291,0.1461250000000291,-0.07606249999989814,0.07606249999989814,-1.307066815913263,17.309015084795973,95.0,MEDIUM
11/19/2025,10:31:38,11/19/2025,10:32:00,long,24939.75,24955.57,TARGET,15.8243,312.49,1,10.549506,10.925,15.824258,-0.35625,0.35625,-0.2563750000001164,0.2563750000001164,-1.7536276409369975,15.774241817469196,95.0,MEDIUM
11/19/2025,10:32:25,11/19/2025,10:32:34,long,24935.0,24950.43,TARGET,15.4324,304.65,1,10.288265,9.8,15.432398,-0.31399999999994177,0.31399999999994177,-0.2682499999998981,0.2682499999998981,-1.3305414338787642,15.235328624558576,95.0,MEDIUM
11/19/2025,10:32:34,11/19/2025,10:33:35,long,24953.25,24942.96,STOP,-10.2886,-209.77,0,10.288609,10.625,15.432913,-0.2982499999998254,0.2982499999998254,-0.27399999999997815,0.27399999999997815,-1.1339037556472888,15.272698632720196,95.0,MEDIUM
11/19/2025,10:33:35,11/19/2025,10:34:15,long,24943.5,24933.19,STOP,-10.3092,-210.18,0,10.309164,10.775,15.463746,-0.1397499999999127,0.1397499999999127,-0.24799999999995634,0.24799999999995634,-0.465956671089069,15.308285146380127,95.0,MEDIUM
11/19/2025,11:05:11,11/19/2025,11:05:30,short,24776.5,24761.6,TARGET,14.8973,293.95,1,9.931547,9.475,14.89732,-0.4519999999996799,0.4519999999996799,-0.4467499999998836,0.4467499999998836,-8.587469543672055,15.379838045311045,95.0,MEDIUM
11/19/2025,11:05:30,11/19/2025,11:05:54,long,24761.75,24752.59,STOP,-9.1623,-187.25,0,9.162251,9.525,13.743377,-0.38937499999992725,0.38937499999992725,-0.403125,0.403125,-8.215922570405738,14.061086317021356,95.0,MEDIUM
11/19/2025,11:07:13,11/19/2025,11:10:20,long,24743.0,24724.15,STOP,-18.8503,-381.01,0,18.850251,9.375,28.275377,-0.4493749999997817,0.4493749999997817,-0.49437499999985446,0.49437499999985446,6.149570012319003,27.867623565332522,95.0,MEDIUM
11/19/2025,11:20:10,11/19/2025,11:21:14,short,24733.5,24747.17,STOP,-13.6671,-277.34,0,13.667145,10.85,20.500717,-0.056375000000116415,0.056375000000116415,-0.11512500000008004,0.11512500000008004,0.7161435922604049,19.800282225118167,95.0,MEDIUM
11/19/2025,11:21:14,11/19/2025,11:23:04,short,24746.25,24725.89,TARGET,20.3554,403.11,1,13.570246,9.775,20.355369,0.018249999999898136,0.018249999999898136,-0.021062499999970896,0.021062499999970896,0.10351962669699333,19.915417310429387,95.0,MEDIUM
11/19/2025,11:23:04,11/19/2025,11:23:17,short,24724.5,24704.25,REVERSAL,20.25,401.0,1,13.789098,10.375,20.683647,0.02824999999975262,0.02824999999975262,0.023249999999825376,0.023249999999825376,0.6457251578917784,20.561142468321165,96.0,HIGH
11/19/2025,11:23:17,11/19/2025,11:24:35,long,24704.25,24690.68,STOP,-13.5697,-275.39,0,13.569695,10.775,20.354542,-0.011999999999898137,0.011999999999898137,0.0018750000001091394,0.0018750000001091394,0.18950329807771382,20.028666531061372,96.0,HIGH
11/19/2025,11:26:51,11/19/2025,11:28:13,long,24687.75,24721.15,TARGET,33.3999,664.0,1,22.26662,10.925,33.399929,-0.3704999999998108,0.3704999999998108,-0.35987499999991995,0.35987499999991995,6.204212471104064,33.106156959475186,96.0,HIGH
11/19/2025,11:29:02,11/19/2025,11:35:30,long,24695.5,24672.91,STOP,-22.592,-455.84,0,22.591992,12.85,33.887989,-0.015000000000145518,0.015000000000145518,-0.1436875000001237,0.1436875000001237,0.18194272653986587,33.694125214030755,96.0,HIGH
11/19/2025,11:35:30,11/19/2025,11:43:52,long,24669.0,24702.5,REVERSAL,33.5,666.0,1,22.457077,10.0,33.685616,-0.24337500000001455,0.24337500000001455,-0.2622499999999491,0.2622499999999491,0.2607083025038719,33.038743840333055,96.0,HIGH
11/19/2025,11:43:52,11/19/2025,11:44:47,short,24702.5,24675.97,TARGET,26.5257,526.51,1,17.683824,11.925,26.525735,0.07599999999983993,0.07599999999983993,-0.1743125000000873,0.1743125000000873,-0.273443244518603,25.855355701372588,96.0,HIGH
11/19/2025,11:44:47,11/19/2025,11:46:39,long,24681.75,24701.5,REVERSAL,19.75,391.0,1,17.357495,12.25,26.036242,0.1586250000000291,0.1586250000000291,-0.04362499999988358,0.04362499999988358,-0.5650729953644102,25.563043950758463,96.0,HIGH
11/19/2025,11:46:39,11/19/2025,11:47:55,short,24701.5,24675.61,TARGET,25.8944,513.89,1,17.262949,11.625,25.894423,-0.0875,0.0875,0.035562500000014555,0.035562500000014555,-0.17036571321846594,25.392678237539997,96.0,HIGH
11/19/2025,11:48:03,11/19/2025,11:48:40,long,24681.0,24665.21,STOP,-15.7901,-319.8,0,15.790108,13.3,23.685161,-0.175,0.175,-0.0632499999999709,0.0632499999999709,-2.403736526463341,23.32714810903881,96.0,HIGH
11/19/2025,11:48:40,11/19/2025,11:53:01,long,24659.75,24683.33,TARGET,23.5842,467.68,1,15.722788,13.25,23.584182,-0.20999999999985447,0.20999999999985447,-0.12912500000002183,0.12912500000002183,-2.6472285186864077,22.927386319587878,96.0,HIGH
11/19/2025,11:53:30,11/19/2025,11:55:15,short,24690.5,24670.59,TARGET,19.9142,394.28,1,13.276139,11.9,19.914209,-0.27400000000016006,0.27400000000016006,-0.37762500000008004,0.37762500000008004,-1.428816421954533,19.50254938883979,96.0,HIGH
11/19/2025,11:55:33,11/19/2025,11:55:42,long,24677.25,24665.12,STOP,-12.128,-246.56,0,12.128016,13.1,18.192024,-0.12462499999965075,0.12462499999965075,-0.23343749999985447,0.23343749999985447,-2.2895505707818273,17.44292684357536,96.0,HIGH
11/19/2025,11:55:42,11/19/2025,11:56:00,long,24680.0,24690.25,REVERSAL,10.25,201.0,1,12.116492,13.65,18.174738,-0.12200000000011642,0.12200000000011642,-0.21312500000003637,0.21312500000003637,-2.1649911274443276,17.43900197575065,96.0,HIGH
11/19/2025,11:56:00,11/19/2025,11:56:50,short,24690.25,24671.98,TARGET,18.2694,361.39,1,12.179631,13.7,18.269446,-0.11474999999991269,0.11474999999991269,-0.19437500000003638,0.19437500000003638,-2.055499193839271,17.447050195000518,96.0,HIGH
11/19/2025,11:57:08,11/19/2025,11:59:29,short,24697.5,24709.97,STOP,-12.4717,-253.43,0,12.471693,14.825,18.707539,-0.012374999999883585,0.012374999999883585,-0.11062499999989087,0.11062499999989087,-0.40022766144713273,17.690906377593535,96.0,HIGH
11/19/2025,12:01:05,11/19/2025,12:02:27,short,24711.5,24686.08,TARGET,25.4179,504.36,1,16.945279,10.025,25.417918,0.3522499999999127,0.3522499999999127,0.3219375000000582,0.3219375000000582,5.340423619295386,24.29090711461071,96.0,HIGH
11/19/2025,12:03:28,11/19/2025,12:03:57,long,24665.25,24648.64,STOP,-16.6072,-336.14,0,16.607177,13.15,24.910765,0.27625000000007277,0.27625000000007277,0.3142499999999927,0.3142499999999927,0.09526341978384067,24.38617053439455,96.0,HIGH
11/19/2025,12:06:11,11/19/2025,12:14:15,long,24630.5,24600.69,STOP,-29.8092,-600.18,0,29.809221,10.7,44.713831,-0.6948749999999564,0.6948749999999564,-0.5742500000000291,0.5742500000000291,11.168207160443139,43.68760015268554,96.0,HIGH
11/19/2025,12:28:19,11/19/2025,12:28:57,short,24631.75,24645.06,STOP,-13.3066,-270.13,0,13.306595,12.225,19.959892,-0.22912499999983993,0.22912499999983993,-0.42231249999986176,0.42231249999986176,2.0347894558796256,19.72431624938524,96.0,HIGH
11/19/2025,12:29:09,11/19/2025,12:30:16,short,24629.25,24608.87,TARGET,20.3829,403.66,1,13.58862,11.875,20.38293,0.09749999999985448,0.09749999999985448,-0.15437500000007276,0.15437500000007276,0.9308416596304703,20.161290266868484,96.0,HIGH
11/19/2025,12:30:16,11/19/2025,12:31:02,long,24609.25,24628.93,TARGET,19.6793,389.59,1,13.119533,11.3,19.6793,0.12199999999975261,0.12199999999975261,-0.05356250000004366,0.05356250000004366,0.15983725521882874,19.88415350460407,97.0,HIGH
11/19/2025,12:31:02,11/19/2025,12:31:31,short,24623.75,24611.25,REVERSAL,12.5,246.0,1,12.53502,11.925,18.80253,-0.08462499999986903,0.08462499999986903,-0.04656249999989086,0.04656249999989086,-1.1172033692869867,18.588407011552466,97.0,HIGH
11/19/2025,12:31:31,11/19/2025,12:31:50,long,24611.25,24629.79,TARGET,18.5375,366.75,1,12.358366,11.925,18.53755,-0.17112500000002911,0.17112500000002911,-0.03681250000008731,0.03681250000008731,-1.992807915886818,18.168482350981666,97.0,HIGH
11/19/2025,12:32:04,11/19/2025,12:32:21,short,24617.5,24605.75,REVERSAL,11.75,231.0,1,12.295712,14.575,18.443567,-0.19900000000016008,0.19900000000016008,-0.030125000000043655,0.030125000000043655,-2.262303374503521,17.845120774473767,97.0,HIGH
11/19/2025,12:32:21,11/19/2025,12:32:38,long,24605.75,24593.5,STOP,-12.2456,-248.91,0,12.245637,14.825,18.368455,-0.20149999999994178,0.20149999999994178,-0.03099999999994907,0.03099999999994907,-2.2607231367430707,17.80527806789243,97.0,HIGH
11/19/2025,12:40:10,11/19/2025,12:42:10,long,24527.75,24588.88,TARGET,61.1345,1218.69,1,40.756331,10.95,61.134497,-0.9997500000001309,0.9997500000001309,-1.022687500000029,1.022687500000029,6.776309670214076,60.35803875132649,97.0,HIGH
11/19/2025,12:42:23,11/19/2025,12:43:12,short,24598.25,24636.34,STOP,-38.0854,-765.71,0,38.085442,10.125,57.128163,-0.5027500000000146,0.5027500000000146,-0.7850000000000363,0.7850000000000363,-3.1670872217870922,57.276300878721884,97.0,HIGH
11/19/2025,12:43:12,11/19/2025,12:45:42,short,24636.75,24577.02,TARGET,59.7251,1190.5,1,39.816729,9.175,59.725093,0.04912499999991269,0.04912499999991269,-0.3523750000000291,0.3523750000000291,0.6897197095991885,58.72026158261599,97.0,HIGH
11/19/2025,12:46:05,11/19/2025,12:52:55,short,24611.25,24649.07,STOP,-37.82,-760.4,0,37.82001,14.225,56.730015,-0.2976249999999709,0.2976249999999709,-0.11812499999996362,0.11812499999996362,-3.7825828227833256,57.33051662656065,97.0,HIGH
11/19/2025,12:52:55,11/19/2025,13:07:22,short,24650.0,24615.75,REVERSAL,34.25,681.0,1,42.024911,12.4,63.037366,0.6251250000001164,0.6251250000001164,0.42843750000010916,0.42843750000010916,4.179179798744954,62.24880347751356,97.0,HIGH
11/19/2025,13:07:22,11/19/2025,13:08:11,long,24615.75,24644.75,REVERSAL,29.0,576.0,1,21.390774,12.9,32.086161,0.22549999999973808,0.22549999999973808,0.4928125000000364,0.4928125000000364,1.5512887570845244,30.78511363962472,97.0,HIGH
11/19/2025,13:08:11,11/19/2025,13:11:28,short,24644.75,24666.19,STOP,-21.4375,-432.75,0,21.437475,12.75,32.156213,0.0016250000000582077,0.0016250000000582077,0.26781250000003637,0.26781250000003637,0.4512416918473541,30.872019734491225,97.0,HIGH
11/19/2025,13:12:09,11/19/2025,13:13:10,short,24663.0,24682.47,STOP,-19.4671,-393.34,0,19.467088,10.425,29.200631,0.7080000000001746,0.7080000000001746,0.42712499999997816,0.42712499999997816,-2.4345732497311587,28.83395962181166,97.0,HIGH
11/19/2025,13:17:56,11/19/2025,13:19:14,long,24635.0,24619.59,STOP,-15.4127,-312.25,0,15.412721,12.675,23.119082,0.41862499999988356,0.41862499999988356,0.5340000000000146,0.5340000000000146,-5.467554464908755,22.52486506835285,97.0,HIGH
11/19/2025,13:19:55,11/19/2025,13:21:28,long,24632.25,24655.92,TARGET,23.6664,469.33,1,15.777615,12.175,23.666422,0.02587500000008731,0.02587500000008731,0.26281250000010914,0.26281250000010914,-0.2603392185781459,22.958731136768165,97.0,HIGH
11/19/2025,13:21:28,11/19/2025,13:23:30,short,24665.25,24641.42,TARGET,23.8288,472.58,1,15.885858,12.375,23.828787,-0.0632499999999709,0.0632499999999709,0.10756249999994907,0.10756249999994907,0.9048168676517001,23.0352601704614,97.0,HIGH
11/19/2025,13:24:57,11/19/2025,13:27:15,short,24660.25,24636.22,TARGET,24.0273,476.55,1,16.018217,13.65,24.027325,0.11062500000007276,0.11062500000007276,0.021312500000021828,0.021312500000021828,0.13663374520891125,23.21043273361601,97.0,HIGH
11/19/2025,13:27:15,11/19/2025,13:27:42,long,24633.75,24617.94,STOP,-15.8103,-320.21,0,15.810341,13.475,23.715511,0.05400000000008731,0.05400000000008731,0.05625,0.05625,0.011140418243755335,23.215232072518575,97.0,HIGH
11/19/2025,13:30:32,11/19/2025,13:35:48,long,24619.0,24649.32,TARGET,30.316,602.32,1,20.210661,11.95,30.315992,-0.2752500000002328,0.2752500000002328,-0.12612500000013824,0.12612500000013824,5.633272160687483,29.503813990035574,97.0,HIGH
11/19/2025,13:35:54,11/19/2025,13:37:09,short,24654.75,24675.83,STOP,-21.0758,-425.52,0,21.075791,11.225,31.613687,-0.2400000000001455,0.2400000000001455,-0.2844375000000582,0.2844375000000582,0.3836936165663971,31.64542438374928,97.0,HIGH
11/19/2025,13:37:47,11/19/2025,13:38:14,short,24677.0,24699.34,STOP,-22.3404,-450.81,0,22.340434,11.725,33.510651,0.3555000000000291,0.3555000000000291,0.020562500000050932,0.020562500000050932,1.3662020921380886,33.007063651571556,98.0,MEDIUM
11/19/2025,13:43:35,11/19/2025,13:51:47,long,24624.0,24663.5,TARGET,39.4965,785.93,1,26.331024,14.125,39.496536,-0.06850000000013097,0.06850000000013097,0.003562499999861757,0.003562499999861757,-0.5473994364086678,39.74649356726851,98.0,MEDIUM
11/19/2025,13:51:47,11/19/2025,13:56:09,short,24664.25,24692.0,STOP,-27.749,-558.98,0,27.748998,13.625,41.623497,-0.2598750000001019,0.2598750000001019,-0.1759374999999636,0.1759374999999636,0.9722075571035447,41.89265470157525,98.0,MEDIUM
11/19/2025,13:56:09,11/19/2025,14:00:24,short,24696.0,24653.85,TARGET,42.1496,838.99,1,28.099717,12.725,42.149575,0.4005000000001019,0.4005000000001019,0.14343750000007277,0.14343750000007277,0.252374975153586,42.31933404808753,98.0,MEDIUM
11/19/2025,14:01:21,11/19/2025,14:06:13,short,24659.5,24639.75,REVERSAL,19.75,391.0,1,25.505536,15.825,38.258304,0.49199999999982535,0.49199999999982535,0.6725624999999127,0.6725624999999127,-3.4543417199704294,38.920658122792844,98.0,MEDIUM
11/19/2025,14:06:13,11/19/2025,14:09:18,long,24639.75,24670.5,REVERSAL,30.75,611.0,1,23.602894,12.125,35.404341,-0.2986250000001746,0.2986250000001746,-0.011625000000094587,0.011625000000094587,-1.7631879189005133,36.27549119620371,98.0,MEDIUM
11/19/2025,14:09:18,11/19/2025,14:10:21,short,24670.5,24637.28,TARGET,33.2189,660.38,1,22.14593,12.3,33.218895,-0.3102499999997235,0.3102499999997235,-0.3609999999998763,0.3609999999998763,-2.0056768213594367,33.25044451642042,98.0,MEDIUM
11/19/2025,14:10:21,11/19/2025,14:14:42,long,24637.75,24670.97,TARGET,33.2244,660.49,1,22.149577,12.0,33.224365,-0.11075000000018917,0.11075000000018917,-0.29912500000009457,0.29912500000009457,-0.4293044329895608,33.263491113827705,98.0,MEDIUM
11/19/2025,14:14:42,11/19/2025,14:16:46,short,24673.5,24641.64,TARGET,31.8644,633.29,1,21.242955,13.225,31.864432,0.12700000000004366,0.12700000000004366,0.014812499999970896,0.014812499999970896,-0.8902730252841025,32.408979801276786,98.0,MEDIUM
11/19/2025,14:16:46,11/19/2025,14:25:33,long,24635.25,24615.23,STOP,-20.0205,-404.41,0,20.02053,14.7,30.030795,0.3232499999998254,0.3232499999998254,0.1531874999998763,0.1531874999998763,-2.7009798331977493,30.247244618030123,98.0,MEDIUM
11/19/2025,14:30:12,11/19/2025,14:32:44,long,24607.0,24582.32,STOP,-24.6829,-497.66,0,24.682931,11.225,37.024396,-1.0083749999997962,1.0083749999997962,-0.8234999999998763,0.8234999999998763,3.2796383033292287,37.30161541091295,98.0,MEDIUM
11/19/2025,14:50:55,11/19/2025,14:51:51,short,24620.75,24643.51,STOP,-22.7632,-459.26,0,22.763248,12.275,34.144872,-0.5825000000000727,0.5825000000000727,-0.5739999999999782,0.5739999999999782,-6.765130745205269,35.30761150150186,98.0,MEDIUM
11/19/2025,14:57:27,11/19/2025,15:11:16,short,24659.25,24695.07,STOP,-35.8249,-720.5,0,35.824939,11.95,53.737408,0.6078750000000582,0.6078750000000582,0.40850000000009457,0.40850000000009457,12.820179157846972,52.953825708825846,98.0,MEDIUM
11/19/2025,15:40:38,11/19/2025,15:45:43,long,24761.5,24742.19,STOP,-19.3112,-390.22,0,19.311229,10.55,28.966844,0.05437500000007276,0.05437500000007276,0.3365625000000364,0.3365625000000364,1.1570412274476105,28.99497037007293,98.0,MEDIUM
11/20/2025,09:30:02,11/20/2025,09:30:16,short,25240.0,25211.61,TARGET,28.3858,563.72,1,18.923886,8.75,28.38583,0.23537499999983993,0.23537499999983993,0.15674999999991995,0.15674999999991995,-2.8947892524278664,28.546921787720184,98.0,MEDIUM
11/20/2025,09:30:16,11/20/2025,09:30:18,long,25209.25,25192.99,STOP,-16.2638,-329.28,0,16.263773,11.575,24.39566,0.4023750000000291,0.4023750000000291,0.3132499999999709,0.3132499999999709,-4.739462627517657,25.20652331069757,98.0,MEDIUM
11/20/2025,09:31:01,11/20/2025,09:32:22,long,25200.0,25177.73,STOP,-22.2695,-449.39,0,22.269536,10.9,33.404304,-0.43412499999976717,0.43412499999976717,-0.13231249999989814,0.13231249999989814,8.66423403633392,32.90542232110219,98.0,MEDIUM
11/20/2025,09:35:12,11/20/2025,09:36:07,short,25215.5,25183.41,TARGET,32.091,637.82,1,21.393997,13.875,32.090996,-0.1758749999997235,0.1758749999997235,-0.390625,0.390625,0.05530272881514264,31.556237227159976,98.0,MEDIUM
11/20/2025,09:36:07,11/20/2025,09:37:01,long,25184.5,25214.25,REVERSAL,29.75,591.0,1,20.623629,11.175,30.935443,-0.10012500000011641,0.10012500000011641,-0.11762500000004365,0.11762500000004365,-1.2414701838326145,30.360535919496645,98.0,MEDIUM
11/20/2025,09:37:01,11/20/2025,09:39:30,short,25214.25,25184.93,TARGET,29.3244,582.49,1,19.549593,15.525,29.324389,-0.3135000000002037,0.3135000000002037,-0.18012500000004367,0.18012500000004367,-1.6654488928812583,29.074812579804394,98.0,MEDIUM
11/20/2025,09:39:50,11/20/2025,09:40:20,short,25209.75,25226.3,STOP,-16.5468,-334.94,0,16.546769,14.175,24.820154,-0.2358749999999418,0.2358749999999418,-0.1741874999999709,0.1741874999999709,-4.101268989886172,24.080108595368742,99.0,LOW
11/20/2025,09:40:32,11/20/2025,09:40:57,short,25206.25,25180.02,TARGET,26.2276,520.55,1,17.485093,14.025,26.227639,-0.04237499999981083,0.04237499999981083,-0.07462500000001455,0.07462500000001455,-0.9571779820501796,24.98104928031253,99.0,LOW
11/20/2025,09:40:57,11/20/2025,09:41:27,long,25186.75,25169.37,STOP,-17.3756,-351.51,0,17.375604,13.825,26.063405,0.10037499999998545,0.10037499999998545,-0.06774999999997817,0.06774999999997817,0.8999661345869612,24.980074729955703,99.0,LOW
11/20/2025,09:41:27,11/20/2025,09:41:40,long,25170.25,25153.75,STOP,-16.4976,-333.95,0,16.497579,15.275,24.746369,0.1790000000000873,0.1790000000000873,0.018250000000080036,0.018250000000080036,-1.0787359696621586,23.30888277727892,99.0,LOW
11/20/2025,09:43:18,11/20/2025,09:43:31,short,25205.75,25225.14,STOP,-19.3944,-391.89,0,19.394406,14.1,29.091608,-0.2001250000001164,0.2001250000001164,-0.2155624999999418,0.2155624999999418,0.15181445535484528,27.82398026591929,99.0,LOW
11/20/2025,09:44:04,11/20/2025,09:45:31,short,25216.25,25184.64,TARGET,31.6142,628.28,1,21.076131,10.975,31.614197,0.3547500000000582,0.3547500000000582,0.06656249999996362,0.06656249999996362,2.5706821787965914,30.497171708788382,99.0,LOW
11/20/2025,09:45:31,11/20/2025,09:46:28,long,25182.75,25211.66,TARGET,28.9057,574.11,1,19.270475,11.85,28.905713,0.32924999999995636,0.32924999999995636,0.3882499999999709,0.3882499999999709,-2.653012982026546,28.062672035520656,99.0,LOW
11/20/2025,09:46:28,11/20/2025,09:47:09,short,25210.5,25229.78,STOP,-19.2833,-389.67,0,19.283318,13.875,28.924978,-0.05737499999995634,0.05737499999995634,0.17368750000005093,0.17368750000005093,0.26006042057681,28.32523036818213,99.0,LOW
11/20/2025,09:47:09,11/20/2025,09:47:55,short,25229.25,25248.46,STOP,-19.2139,-388.28,0,19.213907,15.325,28.82086,-0.09437499999985448,0.09437499999985448,0.005125000000043655,0.005125000000043655,-0.6523252272616844,27.74487123699332,99.0,LOW
11/20/2025,10:05:15,11/20/2025,10:05:26,long,25264.25,25246.76,STOP,-17.4863,-353.73,0,17.486305,10.2,26.229458,0.3693750000002183,0.3693750000002183,0.3566249999999854,0.3566249999999854,-2.8035884842405636,26.507340854448742,99.0,LOW
11/20/2025,10:05:26,11/20/2025,10:05:49,long,25244.75,25228.23,STOP,-16.5247,-334.49,0,16.524673,10.8,24.78701,0.3766250000000582,0.3766250000000582,0.3610624999999345,0.3610624999999345,-4.5418861214093695,24.678582894681128,99.0,LOW
11/20/2025,10:18:01,11/20/2025,10:18:24,short,25214.75,25233.83,STOP,-19.0781,-385.56,0,19.07811,11.0,28.617165,-0.9194999999999709,0.9194999999999709,-0.9322500000000218,0.9322500000000218,-13.506306110721457,29.568269605368105,99.0,LOW
11/20/2025,10:19:30,11/20/2025,10:19:52,short,25205.0,25221.94,STOP,-16.9396,-342.79,0,16.939583,11.075,25.409375,-0.11624999999985448,0.11624999999985448,-0.48125,0.48125,-3.4623661570563833,25.0837174978046,99.0,LOW
11/20/2025,10:46:24,11/20/2025,10:48:09,long,25274.5,25258.66,STOP,-15.8389,-320.78,0,15.838857,8.1,23.758286,0.3845000000001164,0.3845000000001164,0.4641874999999345,0.4641874999999345,-2.637814999564725,24.260679682981056,99.0,LOW
11/20/2025,10:48:09,11/20/2025,10:48:25,long,25254.75,25239.51,STOP,-15.2442,-308.88,0,15.244247,9.2,22.866371,0.1016249999996944,0.1016249999996944,0.23374999999996363,0.23374999999996363,-1.4921920156833117,22.361005650606913,99.0,LOW
11/20/2025,11:27:13,11/20/2025,11:27:46,short,24949.0,24968.54,STOP,-19.5371,-394.74,0,19.537107,12.15,29.305661,-0.43000000000029104,0.43000000000029104,-0.40125000000007277,0.40125000000007277,-5.581990113177991,28.972849943335735,99.0,LOW
11/20/2025,11:27:57,11/20/2025,11:29:02,short,24960.25,24928.37,TARGET,31.875,633.5,1,21.250029,9.525,31.875044,0.19325000000026193,0.19325000000026193,-0.11837500000001455,0.11837500000001455,2.3350833523109706,31.307933295646706,99.0,LOW
11/20/2025,11:29:11,11/20/2025,11:30:00,long,24919.0,24896.84,STOP,-22.1628,-447.26,0,22.16285,12.625,33.244274,-0.0375,0.0375,0.1314374999999927,0.1314374999999927,0.4589280293535438,33.250925905993185,99.0,LOW
11/20/2025,11:30:21,11/20/2025,11:30:54,long,24893.75,24927.76,TARGET,34.0066,676.13,1,22.67106,11.225,34.00659,-0.5886250000003201,0.5886250000003201,-0.4905000000000655,0.4905000000000655,0.9373018338920076,33.458808001098134,99.0,LOW
11/20/2025,11:31:10,11/20/2025,11:31:30,long,24896.25,24873.26,STOP,-22.9923,-463.85,0,22.992262,14.15,34.488393,-0.3616249999999127,0.3616249999999127,-0.4701874999998836,0.4701874999998836,1.3258470522354102,34.0500581495522,99.0,LOW
11/20/2025,11:32:13,11/20/2025,11:34:36,long,24887.25,24857.86,STOP,-29.3937,-591.87,0,29.39368,12.1,44.090519,-0.4398750000000291,0.4398750000000291,-0.308062499999869,0.308062499999869,8.805370798912897,43.136530866808044,100.0,HIGH
11/20/2025,11:48:57,11/20/2025,11:49:31,short,24776.0,24738.92,TARGET,37.0814,737.63,1,24.720927,16.65,37.08139,-0.4671249999999418,0.4671249999999418,-0.5443124999999782,0.5443124999999782,-3.7440780166150063,38.32246201011104,100.0,HIGH
11/20/2025,11:49:31,11/20/2025,11:50:45,long,24734.0,24765.75,TARGET,31.7457,630.91,1,21.163807,13.6,31.74571,-0.42687499999992723,0.42687499999992723,-0.4185625000000073,0.4185625000000073,-8.717657051898332,31.923262216068938,100.0,HIGH
11/20/2025,11:50:45,11/20/2025,11:50:58,short,24767.5,24737.84,TARGET,29.6581,589.16,1,19.772079,13.7,29.658119,-0.2171250000003056,0.2171250000003056,-0.3124375000001237,0.3124375000001237,-1.8300216364719262,29.26537840073162,100.0,HIGH
11/20/2025,11:51:03,11/20/2025,11:51:20,long,24750.25,24772.75,REVERSAL,22.5,446.0,1,19.819437,14.95,29.729156,-0.1351249999999709,0.1351249999999709,-0.25824999999986176,0.25824999999986176,-1.0906363609170775,29.183023808713962,100.0,HIGH
11/20/2025,11:51:20,11/20/2025,11:51:50,short,24772.75,24792.71,STOP,-19.9636,-403.27,0,19.963631,16.125,29.945447,-0.13125,0.13125,-0.21143749999991995,0.21143749999991995,-0.8836516866347921,29.1665936550463,100.0,HIGH
11/20/2025,11:52:06,11/20/2025,11:52:31,short,24784.5,24750.91,TARGET,33.5861,667.72,1,22.390732,11.65,33.586098,0.3303749999999127,0.3303749999999127,0.09956249999995634,0.09956249999995634,4.07597959371644,33.24257324876274,100.0,HIGH
11/20/2025,11:52:47,11/20/2025,11:53:04,long,24733.75,24764.38,TARGET,30.6343,608.69,1,20.422864,11.775,30.634296,-0.1860000000000582,0.1860000000000582,0.06393749999988359,0.06393749999988359,-2.4601398079947003,30.493667621026276,100.0,HIGH
11/20/2025,11:53:08,11/20/2025,11:53:32,short,24757.5,24732.75,REVERSAL,24.75,491.0,1,20.602776,13.45,30.904164,-0.2782500000001164,0.2782500000001164,-0.03968750000003638,0.03968750000003638,-2.449912018358937,30.101418251484077,100.0,HIGH
11/20/2025,11:53:32,11/20/2025,11:54:10,long,24732.75,24712.14,STOP,-20.6131,-416.26,0,20.613069,15.125,30.919604,-0.2273750000000291,0.2273750000000291,-0.08425000000006548,0.08425000000006548,-1.4685423588783344,30.12548443708468,100.0,HIGH
11/20/2025,11:56:27,11/20/2025,11:58:15,long,24615.75,24555.06,STOP,-60.6945,-1217.89,0,60.694453,13.225,91.041679,-1.2123749999998836,1.2123749999998836,-1.0394999999998618,1.0394999999998618,16.669681979388656,89.56236121042303,100.0,HIGH
11/20/2025,12:01:39,11/20/2025,12:03:49,short,24611.5,24562.54,TARGET,48.9633,975.27,1,32.64217,16.425,48.963255,-0.6858749999999418,0.6858749999999418,-0.8593125000001237,0.8593125000001237,-9.142942531948293,50.557567720201476,100.0,HIGH
11/20/2025,12:03:49,11/20/2025,12:04:16,long,24554.25,24598.01,TARGET,43.7553,871.11,1,29.170177,14.6,43.755265,-0.12725000000027648,0.12725000000027648,-0.1258125000000291,0.1258125000000291,-1.5016593231816202,43.9357742575888,100.0,HIGH
11/20/2025,12:04:16,11/20/2025,12:05:19,short,24608.25,24564.78,TARGET,43.4707,865.41,1,28.980435,18.725,43.470652,-0.24487499999995635,0.24487499999995635,-0.16231250000000727,0.16231250000000727,-1.5500447352027535,43.548264242851225,100.0,HIGH
11/20/2025,12:05:48,11/20/2025,12:06:44,long,24569.0,24540.1,STOP,-28.8996,-581.99,0,28.899578,15.75,43.349367,0.00462500000030559,0.00462500000030559,-0.09656249999989086,0.09656249999989086,-0.02960833392134532,43.476350812007894,100.0,HIGH
11/20/2025,12:06:44,11/20/2025,12:07:05,long,24533.75,24505.42,STOP,-28.3332,-570.66,0,28.333211,16.775,42.499816,0.1241249999999127,0.1241249999999127,0.06437500000010914,0.06437500000010914,-1.7630374401972304,41.71331337181066,100.0,HIGH
11/20/2025,12:21:54,11/20/2025,12:25:00,short,24461.75,24411.05,TARGET,50.7039,1010.08,1,33.802568,16.725,50.703852,-0.389375000000291,0.389375000000291,-0.5331250000001091,0.5331250000001091,0.15254845960021157,49.92845863319532,100.0,HIGH
11/20/2025,12:25:03,11/20/2025,12:26:22,long,24404.25,24437.5,REVERSAL,33.25,661.0,1,25.567217,14.625,38.350825,-0.09949999999989814,0.09949999999989814,-0.2436874999999418,0.2436874999999418,-1.2281560709202637,38.22362780093348,100.0,HIGH
11/20/2025,12:26:22,11/20/2025,12:26:29,short,24437.5,24463.79,STOP,-26.293,-529.86,0,26.293043,16.175,39.439565,-0.09549999999981082,0.09549999999981082,-0.1633749999999054,0.1633749999999054,0.7753924759535309,38.65638436952538,100.0,HIGH
11/20/2025,12:26:29,11/20/2025,12:27:04,short,24464.0,24490.62,STOP,-26.6232,-536.46,0,26.623238,17.4,39.934857,-0.04787500000020373,0.04787500000020373,-0.14750000000003638,0.14750000000003638,0.7108437242390195,38.668355126349944,100.0,HIGH
11/20/2025,12:31:46,11/20/2025,12:33:05,long,24427.75,24401.88,STOP,-25.8698,-521.4,0,25.869811,19.3,38.804716,0.8606250000000728,0.8606250000000728,0.6524375000000873,0.6524375000000873,-9.024480762351295,38.97838563603778,101.0,MEDIUM
11/20/2025,12:33:25,11/20/2025,12:34:09,long,24419.75,24394.24,STOP,-25.5071,-514.14,0,25.507143,18.2,38.260715,-0.0461250000000291,0.0461250000000291,0.3530000000000655,0.3530000000000655,-0.32716716883760455,37.39469472810975,101.0,MEDIUM
11/20/2025,12:39:55,11/20/2025,12:43:42,short,24448.0,24371.82,TARGET,76.1773,1519.55,1,50.784854,12.725,76.177281,-0.46837499999965077,0.46837499999965077,-0.4609375,0.4609375,-4.749321843896865,76.8668874922492,101.0,MEDIUM
11/20/2025,12:43:42,11/20/2025,12:45:58,long,24367.5,24327.5,STOP,-40.0049,-804.1,0,40.004906,15.175,60.007359,-0.7139999999999418,0.7139999999999418,-0.48856250000008006,0.48856250000008006,-9.946677752653436,61.70520468173917,101.0,MEDIUM
11/20/2025,12:45:58,11/20/2025,12:50:54,long,24321.25,24378.09,TARGET,56.8353,1132.71,1,37.890176,15.7,56.835265,-0.7861250000001746,0.7861250000001746,-0.7958125000001018,0.7958125000001018,-1.2562699930855885,55.90711263281906,101.0,MEDIUM
11/20/2025,12:52:02,11/20/2025,12:53:17,short,24412.0,24351.95,TARGET,60.0508,1197.02,1,40.033889,14.725,60.050834,0.1904999999998836,0.1904999999998836,0.1603124999999636,0.1603124999999636,-0.4888613900106975,59.36866866408609,101.0,MEDIUM
11/20/2025,12:53:21,11/20/2025,12:55:49,long,24346.5,24377.0,REVERSAL,30.5,606.0,1,35.199068,13.175,52.798602,-0.4783750000002328,0.4783750000002328,-0.15025000000005093,0.15025000000005093,-5.969688607158474,53.579190654843146,101.0,MEDIUM
11/20/2025,12:55:49,11/20/2025,12:57:11,short,24377.0,24403.66,STOP,-26.6585,-537.17,0,26.658547,16.025,39.98782,-0.9573749999999563,0.9573749999999563,-0.9086250000000291,0.9086250000000291,-11.033519226770665,39.76674820600951,101.0,MEDIUM
11/20/2025,12:57:18,11/20/2025,12:58:15,short,24374.75,24400.39,STOP,-25.6359,-516.72,0,25.635864,19.725,38.453796,-0.15187500000029103,0.15187500000029103,-0.5546250000001237,0.5546250000001237,-2.647498410859612,37.1192497951499,101.0,MEDIUM
11/20/2025,13:18:00,11/20/2025,13:21:10,long,24486.5,24550.33,TARGET,63.8266,1272.53,1,42.551059,16.875,63.826588,0.7771249999997962,0.7771249999997962,1.05625,1.05625,-8.196611063964355,65.53950002089837,101.0,MEDIUM
11/20/2025,13:21:26,11/20/2025,13:24:49,long,24504.25,24471.56,STOP,-32.6949,-657.9,0,32.694913,17.025,49.04237,0.5130000000001018,0.5130000000001018,0.4100000000000364,0.4100000000000364,-5.468369007905686,49.59820679879394,101.0,MEDIUM
11/20/2025,13:24:49,11/20/2025,13:32:03,long,24476.5,24513.5,REVERSAL,37.0,736.0,1,33.590532,16.975,50.385798,-0.07674999999981083,0.07674999999981083,0.034375,0.034375,1.0980266906590828,49.35712893397077,101.0,MEDIUM
11/20/2025,13:32:03,11/20/2025,13:32:38,short,24513.5,24488.32,TARGET,25.1807,499.61,1,16.787125,16.225,25.180688,-0.6416250000002037,0.6416250000002037,-0.7512500000000728,0.7512500000000728,-12.664456304577048,24.389565239447467,101.0,MEDIUM
11/20/2025,13:32:38,11/20/2025,13:32:56,long,24484.0,24467.28,STOP,-16.7165,-338.33,0,16.716451,17.525,25.074676,-0.4452499999999418,0.4452499999999418,-0.6529999999998836,0.6529999999998836,-9.341754122957507,23.800924497100542,101.0,MEDIUM
11/20/2025,13:34:38,11/20/2025,13:36:19,long,24447.75,24418.98,STOP,-28.7691,-579.38,0,28.76913,13.9,43.153696,-0.5638750000001892,0.5638750000001892,-0.5752500000000509,0.5752500000000509,14.100787670502413,42.66075127573944,101.0,MEDIUM
11/20/2025,14:09:58,11/20/2025,14:10:22,short,24281.75,24248.36,TARGET,33.388,663.76,1,22.258661,16.325,33.387991,-0.33337500000016007,0.33337500000016007,-0.5753125000001091,0.5753125000001091,2.314692204562377,32.40828977264242,101.0,MEDIUM
11/20/2025,14:10:45,11/20/2025,14:12:26,short,24279.75,24246.6,TARGET,33.1485,658.97,1,22.098982,16.175,33.148473,-0.1235000000000582,0.1235000000000582,-0.39318750000002184,0.39318750000002184,0.3219202349025778,32.26606868615631,101.0,MEDIUM
11/20/2025,14:12:26,11/20/2025,14:13:19,long,24236.25,24270.6,TARGET,34.3545,683.09,1,22.902977,15.075,34.354466,0.08112499999988358,0.08112499999988358,-0.025562499999978172,0.025562499999978172,0.7989772663600476,33.1847101458433,101.0,MEDIUM
11/20/2025,14:14:18,11/20/2025,14:17:51,short,24275.0,24298.19,STOP,-23.1943,-467.89,0,23.194331,16.0,34.791496,-0.07224999999998545,0.07224999999998545,0.0034375000001091393,0.0034375000001091393,0.40433004681093365,33.693224787121835,101.0,MEDIUM
11/20/2025,14:19:17,11/20/2025,14:20:01,short,24282.25,24308.22,STOP,-25.9662,-523.32,0,25.9662,15.85,38.949299,0.16087500000030558,0.16087500000030558,0.14662500000013096,0.14662500000013096,3.728373945352871,38.111925127051066,101.0,MEDIUM
11/20/2025,14:32:19,11/20/2025,14:37:23,long,24274.75,24321.82,TARGET,47.0655,937.31,1,31.377011,14.6,47.065516,0.453374999999869,0.453374999999869,0.8668125000000145,0.8668125000000145,-2.55342379450655,46.71054862833882,102.0,HIGH
11/20/2025,14:38:08,11/20/2025,14:42:50,long,24285.0,24324.15,TARGET,39.1492,778.98,1,26.099466,20.075,39.149199,0.38999999999978174,0.38999999999978174,0.3094999999999345,0.3094999999999345,-4.117567112874212,38.92503468785449,102.0,HIGH
11/20/2025,14:42:50,11/20/2025,14:43:21,short,24327.0,24287.89,TARGET,39.1098,778.2,1,26.073211,15.65,39.109816,-0.23462500000023284,0.23462500000023284,-0.07025000000012369,0.07025000000012369,1.4864551973337257,38.47389146868029,102.0,HIGH
11/20/2025,14:43:21,11/20/2025,14:44:14,long,24286.0,24325.12,TARGET,39.1154,778.31,1,26.076931,17.75,39.115396,-0.02050000000017462,0.02050000000017462,-0.057625000000007275,0.057625000000007275,0.40023542338065,38.206654893498325,102.0,HIGH
11/20/2025,14:44:14,11/20/2025,14:46:30,short,24321.25,24281.97,TARGET,39.2839,781.68,1,26.189234,18.075,39.283851,0.07762500000026193,0.07762500000026193,-0.10556249999990541,0.10556249999990541,-0.05010589442328239,38.34889549491611,102.0,HIGH
11/20/2025,14:46:30,11/20/2025,14:50:42,long,24275.0,24314.58,TARGET,39.5837,787.67,1,26.389138,17.925,39.583707,-0.00625,0.00625,0.018624999999883585,0.018624999999883585,0.19376072349267304,38.48735087031959,102.0,HIGH
11/20/2025,14:51:27,11/20/2025,14:52:59,long,24309.25,24322.5,REVERSAL,13.25,261.0,1,26.128162,18.025,39.192244,0.01749999999992724,0.01749999999992724,-0.05400000000008731,0.05400000000008731,-0.8035727740691385,38.50630503123505,102.0,HIGH
11/20/2025,14:52:59,11/20/2025,14:54:14,short,24322.5,24347.15,STOP,-24.648,-496.96,0,24.648029,16.975,36.972043,-0.18637500000004364,0.18637500000004364,-0.10112499999995635,0.10112499999995635,-1.5775509627226754,36.97079988594543,102.0,HIGH
11/20/2025,14:56:41,11/20/2025,14:57:12,short,24341.5,24366.92,STOP,-25.4177,-512.35,0,25.417695,12.2,38.126542,0.24187500000007275,0.24187500000007275,-0.018312499999956343,0.018312499999956343,5.317265834258961,36.515985148104576,102.0,HIGH
11/20/2025,15:02:25,11/20/2025,15:21:43,long,24299.25,24341.75,REVERSAL,42.5,846.0,1,36.173521,14.2,54.260281,0.43462500000023285,0.43462500000023285,0.5645625000001019,0.5645625000001019,-2.7931380951102014,54.44193279346418,102.0,HIGH
11/20/2025,15:21:43,11/20/2025,15:23:31,short,24341.75,24295.5,REVERSAL,46.25,921.0,1,33.224919,14.125,49.837379,-0.4013749999998254,0.4013749999998254,-0.36087499999994177,0.36087499999994177,-2.459158903983379,50.50135716414695,102.0,HIGH
11/20/2025,15:23:31,11/20/2025,15:24:36,long,24295.5,24266.57,STOP,-28.928,-582.56,0,28.928009,16.35,43.392014,-0.46387500000018916,0.46387500000018916,-0.44650000000001455,0.44650000000001455,-7.26706968338636,44.72162621143409,102.0,HIGH
11/20/2025,15:24:54,11/20/2025,15:26:50,long,24273.0,24248.79,STOP,-24.2116,-488.23,0,24.211629,16.05,36.317443,-0.8139999999999418,0.8139999999999418,-0.6046875,0.6046875,-12.173682766285083,37.583071409152794,102.0,HIGH
11/21/2025,09:30:02,11/21/2025,09:30:20,long,24193.5,24229.89,TARGET,36.3854,723.71,1,24.256951,10.425,36.385426,-0.5363750000000437,0.5363750000000437,-0.3376249999999345,0.3376249999999345,2.0909106491920966,36.367466197487985,102.0,HIGH
11/21/2025,09:30:20,11/21/2025,09:30:30,short,24234.75,24255.77,STOP,-21.0236,-424.47,0,21.023629,10.55,31.535443,-0.5485000000000582,0.5485000000000582,-0.542437500000051,0.542437500000051,-3.705558983349775,32.66190721413821,102.0,HIGH
11/21/2025,09:30:32,11/21/2025,09:30:36,short,24248.25,24269.5,STOP,-21.2507,-429.01,0,21.250717,10.825,31.876075,-0.18337499999979628,0.18337499999979628,-0.40812499999992724,0.40812499999992724,-2.563872043576559,31.870433022595904,102.0,HIGH
11/21/2025,09:31:36,11/21/2025,09:32:12,long,24197.0,24234.82,TARGET,37.8221,752.44,1,25.214735,15.2,37.822103,0.12150000000001455,0.12150000000001455,0.14793750000008005,0.14793750000008005,1.2147056619681535,37.61429535187856,102.0,HIGH
11/21/2025,09:32:12,11/21/2025,09:32:21,short,24243.0,24266.85,STOP,-23.8538,-481.08,0,23.853844,14.325,35.780766,-0.42062499999992725,0.42062499999992725,-0.17087499999997818,0.17087499999997818,-1.5366648656018498,36.18047783255403,102.0,HIGH
11/21/2025,09:32:40,11/21/2025,09:33:10,short,24254.25,24214.79,TARGET,39.4611,785.22,1,26.307418,13.675,39.461127,0.1712500000001455,0.1712500000001455,-0.11737499999999272,0.11737499999999272,2.4136868736361237,38.98228584511259,102.0,HIGH
11/21/2025,09:33:15,11/21/2025,09:33:33,long,24198.25,24172.36,STOP,-25.8902,-521.8,0,25.890223,15.7,38.835335,0.31399999999994177,0.31399999999994177,0.14918749999997089,0.14918749999997089,1.184903423873429,39.05088665971163,102.0,HIGH
11/21/2025,09:33:44,11/21/2025,09:34:20,long,24188.25,24231.26,TARGET,43.0137,856.27,1,28.675832,13.1,43.013749,-0.1586250000000291,0.1586250000000291,0.0844375000000582,0.0844375000000582,3.1126132697249034,42.425715975626396,103.0,HIGH
11/21/2025,09:34:20,11/21/2025,09:35:04,short,24252.5,24210.11,TARGET,42.3882,843.76,1,28.258793,17.775,42.388189,-0.03162499999998545,0.03162499999998545,-0.02843749999992724,0.02843749999992724,1.333288158635007,42.19576819203588,103.0,HIGH
11/21/2025,09:35:08,11/21/2025,09:35:40,long,24208.75,24181.1,STOP,-27.6494,-556.99,0,27.649441,14.175,41.474161,0.37462500000001453,0.37462500000001453,0.17150000000001456,0.17150000000001456,-0.8722627258035516,41.32350546623233,103.0,HIGH
11/21/2025,09:35:45,11/21/2025,09:36:33,long,24188.25,24229.58,TARGET,41.333,822.66,1,27.555306,13.85,41.332959,0.10524999999979627,0.10524999999979627,0.24793749999989814,0.24793749999989814,-1.0947040753318973,40.56855538965129,103.0,HIGH
11/21/2025,09:36:45,11/21/2025,09:38:19,short,24249.75,24208.05,TARGET,41.7034,830.07,1,27.802246,18.175,41.703369,-0.09724999999998545,0.09724999999998545,-0.04462500000008731,0.04462500000008731,0.087267372948169,41.20053699778854,103.0,HIGH
11/21/2025,09:38:32,11/21/2025,09:40:01,long,24191.5,24165.92,STOP,-25.5808,-515.62,0,25.580781,17.575,38.371171,-0.14487499999995634,0.14487499999995634,-0.1314374999999927,0.1314374999999927,-1.4064408213245372,37.97983730251107,103.0,HIGH
11/21/2025,09:40:14,11/21/2025,09:40:54,long,24173.75,24218.52,TARGET,44.7675,891.35,1,29.845026,13.425,44.76754,-0.312749999999869,0.312749999999869,-0.33299999999999275,0.33299999999999275,4.0020117602322856,43.767121832156306,103.0,HIGH
11/21/2025,09:40:56,11/21/2025,09:42:04,short,24237.75,24264.9,STOP,-27.153,-547.06,0,27.152994,13.85,40.729491,-0.6421250000003056,0.6421250000003056,-0.42956250000006546,0.42956250000006546,-1.7852994980882642,40.56263620146391,103.0,HIGH
11/21/2025,09:42:07,11/21/2025,09:42:27,short,24247.75,24205.13,TARGET,42.6234,848.47,1,28.415608,17.025,42.623412,0.2826250000001892,0.2826250000001892,-0.13024999999997816,0.13024999999997816,1.6747111982653635,41.64932048254992,103.0,HIGH
11/21/2025,09:42:38,11/21/2025,09:45:27,long,24197.5,24170.59,STOP,-26.9128,-542.26,0,26.912805,16.825,40.369207,0.5227500000000873,0.5227500000000873,0.17906249999996363,0.17906249999996363,-0.37321127355795625,39.91360927805579,103.0,HIGH
11/21/2025,09:45:27,11/21/2025,09:45:55,long,24173.75,24146.59,STOP,-27.1609,-547.22,0,27.160921,17.625,40.741382,-0.32787499999976716,0.32787499999976716,-0.2663124999999127,0.2663124999999127,-0.4133825248814844,39.5994117490227,103.0,HIGH
11/21/2025,09:48:21,11/21/2025,09:53:33,short,24205.0,24244.68,STOP,-39.6781,-797.56,0,39.678052,13.75,59.517079,-0.18912500000005822,0.18912500000005822,-0.49437500000003637,0.49437500000003637,0.5221944119614221,59.20938458930024,103.0,HIGH
11/21/2025,09:55:13,11/21/2025,09:56:28,short,24267.5,24195.2,TARGET,72.3026,1442.05,1,48.201743,13.925,72.302614,1.3729999999999563,1.3729999999999563,0.9373125000000073,0.9373125000000073,12.081685780003824,71.51098285877994,103.0,HIGH
11/21/2025,09:56:31,11/21/2025,10:01:06,long,24177.5,24136.95,STOP,-40.5489,-814.98,0,40.54893,15.925,60.823395,1.1866249999999128,1.1866249999999128,1.292749999999978,1.292749999999978,-9.61342830917421,62.601224974119546,103.0,HIGH
11/21/2025,10:03:15,11/21/2025,10:05:15,long,24100.0,24188.08,TARGET,88.0847,1757.69,1,58.723109,9.75,88.084664,-1.0472499999999854,1.0472499999999854,-0.93075000000008,0.93075000000008,14.821410748382135,86.39892446984874,103.0,HIGH
11/21/2025,10:05:23,11/21/2025,10:08:27,short,24187.75,24122.34,TARGET,65.406,1304.12,1,43.604005,15.325,65.406007,-1.1901249999998982,1.1901249999998982,-1.259124999999949,1.259124999999949,-19.22291642991135,68.34617600585145,103.0,HIGH
11/21/2025,10:08:27,11/21/2025,10:09:38,long,24129.5,24174.25,REVERSAL,44.75,891.0,1,39.299355,18.45,58.949033,-0.3303749999999127,0.3303749999999127,-0.11075000000000727,0.11075000000000727,-2.8771795239490316,59.59344685582831,103.0,HIGH
11/21/2025,10:09:38,11/21/2025,10:10:05,short,24174.25,24118.22,TARGET,56.0274,1116.55,1,37.351587,17.275,56.02738,-0.3711250000000291,0.3711250000000291,-0.38775000000005094,0.38775000000005094,-3.5312666665315646,55.35843484724821,103.0,HIGH
11/21/2025,10:10:05,11/21/2025,10:17:01,long,24111.25,24073.81,STOP,-37.4442,-752.88,0,37.444208,19.475,56.166313,0.07274999999972351,0.07274999999972351,-0.28212500000008733,0.28212500000008733,-0.07549011399276395,55.459249331677846,103.0,HIGH
11/21/2025,10:17:01,11/21/2025,10:19:03,long,24071.0,24126.81,TARGET,55.8146,1112.29,1,37.209701,18.725,55.814552,-0.7602500000000874,0.7602500000000874,-0.5123750000000655,0.5123750000000655,-0.5973847529335856,55.35280348367973,103.0,HIGH
11/21/2025,10:19:03,11/21/2025,10:20:14,short,24120.5,24080.08,TARGET,40.4248,804.5,1,26.949842,16.225,40.424763,-0.9136250000003201,0.9136250000003201,-1.195062500000131,1.195062500000131,-7.940414400824501,39.90706535992074,104.0,LOW
11/21/2025,10:20:14,11/21/2025,10:21:07,long,24084.75,24059.0,STOP,-25.7486,-518.97,0,25.748553,16.3,38.622829,-0.12024999999994179,0.12024999999994179,-0.516937500000131,0.516937500000131,-1.7448966038546843,38.16216875606606,104.0,LOW
11/21/2025,10:21:31,11/21/2025,10:21:38,long,24069.75,24045.49,STOP,-24.2551,-489.1,0,24.255066,13.825,36.382599,-0.6692500000001018,0.6692500000001018,-0.48968750000003636,0.48968750000003636,-1.397127956206063,35.39067049570238,104.0,LOW
11/21/2025,10:22:40,11/21/2025,10:23:25,short,24115.5,24141.58,STOP,-26.076,-525.52,0,26.076012,18.725,39.114018,-0.5263750000001892,0.5263750000001892,-0.5551250000000436,0.5551250000000436,1.756717878943718,39.03309332098807,104.0,LOW
11/21/2025,10:23:32,11/21/2025,10:24:43,short,24126.25,24153.61,STOP,-27.3593,-551.19,0,27.359296,18.2,41.038945,0.16537500000013097,0.16537500000013097,-0.11418749999993452,0.11418749999993452,1.83095814276723,40.5300836805267,104.0,LOW
11/21/2025,10:27:40,11/21/2025,10:28:56,long,24083.5,24043.72,STOP,-39.7763,-799.53,0,39.77632,17.95,59.66448,0.5036250000001019,0.5036250000001019,0.5803125000000364,0.5803125000000364,-4.185362441607808,59.641381265350404,104.0,LOW
11/21/2025,10:28:56,11/21/2025,10:35:08,long,24041.75,23999.68,STOP,-42.0656,-845.31,0,42.065569,15.8,63.098354,-0.3459999999999127,0.3459999999999127,0.0555000000000291,0.0555000000000291,2.7433742318612673,62.01493758963505,104.0,LOW
11/21/2025,10:42:57,11/21/2025,10:44:06,short,23999.0,24030.15,STOP,-31.1519,-627.04,0,31.151873,17.675,46.72781,-0.8243750000001455,0.8243750000001455,-0.8543125000000146,0.8543125000000146,-13.083016743224931,48.87065124121545,104.0,LOW
11/21/2025,10:45:05,11/21/2025,10:45:32,short,24004.25,24034.07,STOP,-29.8246,-600.49,0,29.824551,14.975,44.736826,0.2421250000003056,0.2421250000003056,-0.03624999999992724,0.03624999999992724,7.057758868143864,44.22092315785625,104.0,LOW
11/21/2025,10:57:44,11/21/2025,11:01:55,long,24036.75,24012.64,STOP,-24.113,-486.26,0,24.112976,19.625,36.169464,0.7087499999997817,0.7087499999997817,0.8733125000000654,0.8733125000000654,-8.898643099817427,35.556590248240745,104.0,LOW
11/21/2025,11:03:07,11/21/2025,11:04:27,long,24002.75,23972.82,STOP,-29.9259,-602.52,0,29.925942,16.5,44.888914,-0.4703749999996944,0.4703749999996944,-0.2279375000000073,0.2279375000000073,8.078593627372904,42.73535271243653,104.0,LOW
11/21/2025,11:10:05,11/21/2025,11:18:43,short,24057.75,23997.48,TARGET,60.2662,1201.32,1,40.177477,17.2,60.266215,-0.05049999999973807,0.05049999999973807,-0.3703125,0.3703125,-0.20036510349797254,59.65536333284247,104.0,LOW
11/21/2025,11:18:55,11/21/2025,11:20:33,long,24002.75,24056.75,REVERSAL,54.0,1076.0,1,38.78894,16.7,58.18341,0.04399999999986903,0.04399999999986903,0.17749999999996363,0.17749999999996363,1.3820233934338333,57.76108277484562,104.0,LOW
11/21/2025,11:20:33,11/21/2025,11:21:41,short,24056.75,24095.37,STOP,-38.6248,-776.5,0,38.62479,19.2,57.937185,0.051499999999941794,0.051499999999941794,0.08587499999994179,0.08587499999994179,-0.14744150522351163,57.506991812529975,104.0,LOW
11/21/2025,11:21:41,11/21/2025,11:24:39,short,24093.25,24133.29,STOP,-40.0439,-804.88,0,40.043912,17.425,60.065867,0.53125,0.53125,0.2305000000000291,0.2305000000000291,1.5459268437817286,59.147587087806755,104.0,LOW
11/21/2025,12:15:31,11/21/2025,12:18:40,long,24349.5,24356.0,REVERSAL,6.5,126.0,1,16.213999,12.475,24.320999,0.514375000000291,0.514375000000291,0.68700000000008,0.68700000000008,-8.375505317451811,24.91903825087929,104.0,LOW
11/21/2025,12:18:40,11/21/2025,12:19:03,short,24356.0,24332.89,TARGET,23.1067,458.13,1,15.404466,13.375,23.106699,-0.0021249999997962734,0.0021249999997962734,0.1795625000000655,0.1795625000000655,-0.5958929385912164,22.59407074184274,104.0,LOW
11/21/2025,12:19:03,11/21/2025,12:19:58,long,24333.25,24317.73,STOP,-15.524,-314.48,0,15.524001,14.55,23.286002,-0.006124999999883585,0.006124999999883585,0.15900000000001455,0.15900000000001455,-0.34378271234090363,22.616802602488267,104.0,LOW
11/21/2025,12:20:55,11/21/2025,12:21:25,long,24340.25,24323.0,STOP,-17.2462,-348.92,0,17.246225,11.325,25.869337,-0.46587499999986903,0.46587499999986903,-0.250249999999869,0.250249999999869,2.824051226521984,25.46854813137333,104.0,LOW
11/21/2025,12:23:16,11/21/2025,12:23:55,short,24359.5,24377.21,STOP,-17.7112,-358.22,0,17.711233,12.6,26.56685,-0.12762500000026195,0.12762500000026195,-0.29675000000006546,0.29675000000006546,0.7246246926257989,26.193172823999127,104.0,LOW
11/21/2025,12:23:55,11/21/2025,12:27:15,short,24379.75,24352.81,TARGET,26.9382,534.76,1,17.958803,12.25,26.938204,-0.016624999999839928,0.016624999999839928,-0.20487499999999273,0.20487499999999273,0.4919575057810661,26.16337468189409,105.0,MEDIUM
11/21/2025,12:28:12,11/21/2025,12:30:04,long,24342.0,24359.75,REVERSAL,17.75,351.0,1,19.060092,13.475,28.590138,0.18887500000018917,0.18887500000018917,0.3467500000000655,0.3467500000000655,1.2531716201267962,28.43644300006626,105.0,MEDIUM
11/21/2025,12:30:04,11/21/2025,12:31:08,short,24359.75,24378.67,STOP,-18.9164,-382.33,0,18.916444,13.4,28.374667,0.02412499999991269,0.02412499999991269,0.21118749999986902,0.21118749999986902,-0.23643367054932085,28.1998874465962,105.0,MEDIUM
11/21/2025,12:31:08,11/21/2025,12:32:58,short,24378.0,24397.13,STOP,-19.1301,-386.6,0,19.130103,13.075,28.695155,0.0976249999999709,0.0976249999999709,0.14325000000008004,0.14325000000008004,-0.16513890998473713,28.27130409008152,105.0,MEDIUM
11/21/2025,12:41:06,11/21/2025,12:42:45,long,24345.5,24382.44,TARGET,36.9402,734.8,1,24.626818,12.15,36.940227,0.24750000000021827,0.24750000000021827,0.2804374999999709,0.2804374999999709,-0.7019627176946344,36.52401429218163,105.0,MEDIUM
11/21/2025,12:42:45,11/21/2025,12:46:27,short,24385.5,24359.0,REVERSAL,26.5,526.0,1,24.373805,14.225,36.560707,0.12487499999988358,0.12487499999988358,0.16431249999986902,0.16431249999986902,-0.524038858513947,36.386625924247085,105.0,MEDIUM
11/21/2025,12:46:27,11/21/2025,12:48:16,long,24359.0,24388.66,TARGET,29.6647,589.29,1,19.77648,12.85,29.66472,0.6762500000000727,0.6762500000000727,0.4038124999999127,0.4038124999999127,-6.649420200422512,29.649024133530048,105.0,MEDIUM
11/21/2025,12:48:16,11/21/2025,12:50:25,short,24387.5,24364.5,REVERSAL,23.0,456.0,1,17.190051,17.45,25.785076,0.5725000000002183,0.5725000000002183,0.47093750000003637,0.47093750000003637,-8.217863566252028,26.039074412698874,105.0,MEDIUM
11/21/2025,12:50:25,11/21/2025,12:51:52,long,24364.5,24348.11,STOP,-16.3946,-331.89,0,16.394605,14.975,24.591907,0.4297500000000582,0.4297500000000582,0.54168750000008,0.54168750000008,-5.0412265873475235,24.041708578575914,105.0,MEDIUM
11/21/2025,12:51:52,11/21/2025,12:54:07,long,24349.25,24332.36,STOP,-16.8946,-341.89,0,16.89463,12.8,25.341945,0.1782499999997526,0.1782499999997526,0.35818749999998545,0.35818749999998545,-1.0484161129035101,24.30915314864273,105.0,MEDIUM
11/21/2025,12:55:37,11/21/2025,12:56:06,short,24386.0,24358.27,TARGET,27.7296,550.59,1,18.486416,12.55,27.729624,-0.140625,0.140625,-0.16837500000001454,0.16837500000001454,0.9494060526002883,26.977563567614858,105.0,MEDIUM
11/21/2025,12:56:06,11/21/2025,12:58:24,long,24357.75,24339.79,STOP,-17.96,-363.2,0,17.959976,14.45,26.939963,-0.010750000000189174,0.010750000000189174,-0.14268750000010186,0.14268750000010186,0.16417476331432823,26.594162371932953,105.0,MEDIUM
11/21/2025,12:59:13,11/21/2025,13:01:06,long,24349.75,24330.77,STOP,-18.9818,-383.64,0,18.981843,12.575,28.472765,-0.038124999999854484,0.038124999999854484,-0.024437500000021827,0.024437500000021827,0.3269302629827422,26.921092634915695,105.0,MEDIUM
11/21/2025,13:25:39,11/21/2025,13:26:49,short,24262.25,24231.25,TARGET,31.0025,616.05,1,20.668315,14.75,31.002472,-0.668999999999869,0.668999999999869,-0.7214374999999563,0.7214374999999563,-11.031226356020554,31.306869814269128,105.0,MEDIUM
11/21/2025,13:26:49,11/21/2025,13:29:42,long,24231.25,24261.61,TARGET,30.3567,603.13,1,20.237802,16.975,30.356703,-0.5092500000002473,0.5092500000002473,-0.627875000000131,0.627875000000131,-7.359903241998694,30.391678249189653,105.0,MEDIUM
11/21/2025,13:29:42,11/21/2025,13:30:27,short,24266.75,24285.96,STOP,-19.2127,-388.25,0,19.212679,18.8,28.819018,-0.28925000000017465,0.28925000000017465,-0.47912500000002184,0.47912500000002184,-2.9656447039078664,28.34122511036126,105.0,MEDIUM
11/21/2025,13:40:30,11/21/2025,13:48:12,short,24362.0,24411.45,STOP,-49.4473,-992.95,0,49.447287,12.95,74.170931,1.281999999999971,1.281999999999971,1.1177499999999783,1.1177499999999783,11.586058585719158,73.84794852201121,105.0,MEDIUM
11/21/2025,13:57:13,11/21/2025,14:04:40,long,24459.75,24523.65,TARGET,63.9024,1274.05,1,42.601575,17.075,63.902363,1.053125,1.053125,1.1426875000001018,1.1426875000001018,-16.33823223046403,66.98746329762466,105.0,MEDIUM
11/21/2025,14:04:40,11/21/2025,14:07:16,short,24524.25,24549.73,STOP,-25.4795,-513.59,0,25.479535,14.65,38.219303,0.044499999999970896,0.044499999999970896,0.11893749999999273,0.11893749999999273,-0.060143575769814106,37.61493160878477,105.0,MEDIUM
11/21/2025,14:07:16,11/21/2025,14:20:31,short,24548.75,24574.71,STOP,-25.9561,-523.12,0,25.956051,13.05,38.934077,0.14337500000001455,0.14337500000001455,0.1,0.1,1.0147019797479402,38.701889869927086,105.0,MEDIUM
11/21/2025,14:32:47,11/21/2025,14:33:27,long,24541.75,24520.92,STOP,-20.8341,-420.68,0,20.834137,10.05,31.251205,0.46225000000013095,0.46225000000013095,0.6764375000000655,0.6764375000000655,-4.142013731312382,31.895997110362224,106.0,HIGH
11/21/2025,14:33:38,11/21/2025,14:36:19,long,24534.75,24566.38,TARGET,31.6258,628.52,1,21.083883,9.85,31.625824,0.12324999999982537,0.12324999999982537,0.37006249999994906,0.37006249999994906,-1.6783561414270238,31.347014200355474,106.0,HIGH
11/21/2025,14:40:00,11/21/2025,14:41:28,short,24580.25,24547.94,TARGET,32.3148,642.3,1,21.543229,11.8,32.314844,0.13837500000008732,0.13837500000008732,0.022437499999978173,0.022437499999978173,-0.4344369447994083,32.29675583972734,106.0,HIGH
11/21/2025,14:41:28,11/21/2025,14:43:20,long,24540.75,24520.08,STOP,-20.6719,-417.44,0,20.671861,12.425,31.007792,0.2863750000000437,0.2863750000000437,0.1563749999999345,0.1563749999999345,-1.2978943490290398,31.458446351619752,106.0,HIGH
11/21/2025,14:48:01,11/21/2025,14:53:24,long,24502.0,24469.04,STOP,-32.9613,-663.23,0,32.961253,11.4,49.44188,-0.7959999999999127,0.7959999999999127,-0.5788124999999127,0.5788124999999127,10.08174308263851,49.09826690211027,106.0,HIGH
11/21/2025,15:16:54,11/21/2025,15:23:28,short,24479.75,24450.29,TARGET,29.4615,585.23,1,19.641009,13.25,29.461513,-0.5345000000001164,0.5345000000001164,-0.7179374999999709,0.7179374999999709,-9.300673087257735,29.932878055150603,106.0,HIGH
11/21/2025,15:23:28,11/21/2025,15:24:02,long,24454.25,24436.3,STOP,-17.9483,-362.97,0,17.948254,13.725,26.922381,-0.11624999999985448,0.11624999999985448,-0.20731249999989815,0.20731249999989815,-1.4381681484079394,26.96108381040026,106.0,HIGH
11/21/2025,15:24:53,11/21/2025,15:25:18,long,24457.5,24441.15,STOP,-16.3495,-330.99,0,16.349505,12.0,24.524258,-0.4382499999999709,0.4382499999999709,-0.2857500000000073,0.2857500000000073,-2.1650026101251427,25.016367605917733,106.0,HIGH
11/24/2025,09:30:00,11/24/2025,09:30:04,long,24531.25,24544.0,REVERSAL,12.75,251.0,1,17.416282,8.8,26.124423,0.41525000000001455,0.41525000000001455,0.5203750000000582,0.5203750000000582,-8.255892191022092,26.558946574396003,106.0,HIGH
11/24/2025,09:30:04,11/24/2025,09:30:12,short,24544.0,24520.75,REVERSAL,23.25,461.0,1,16.85924,9.55,25.28886,0.33400000000001456,0.33400000000001456,0.4461250000000291,0.4461250000000291,-6.011563308368711,25.56426417202929,106.0,HIGH
11/24/2025,09:30:12,11/24/2025,09:30:41,long,24520.75,24545.21,TARGET,24.4567,485.13,1,16.3045,11.95,24.45675,0.31287499999998547,0.31287499999998547,0.40837499999997817,0.40837499999997817,-3.9582202924287486,24.39805176791259,106.0,HIGH
11/24/2025,09:30:44,11/24/2025,09:31:01,short,24548.5,24564.73,STOP,-16.2277,-328.55,0,16.227691,13.675,24.341537,0.008249999999679857,0.008249999999679857,0.1655624999999418,0.1655624999999418,-0.6178815449965462,24.103480179730326,106.0,HIGH
11/24/2025,09:35:54,11/24/2025,09:40:30,short,24705.25,24632.25,REVERSAL,73.0,1456.0,1,63.98887,8.375,95.983305,1.483625000000029,1.483625000000029,1.4399999999999635,1.4399999999999635,13.853192883204883,95.20225217111191,106.0,HIGH
11/24/2025,09:40:30,11/24/2025,09:42:09,long,24632.25,24686.65,TARGET,54.4014,1084.03,1,36.267597,10.925,54.401396,0.8518749999999272,0.8518749999999272,1.1290624999999637,1.1290624999999637,-13.8707426533418,56.77196621488982,106.0,HIGH
11/24/2025,09:42:26,11/24/2025,09:43:09,short,24684.5,24647.5,TARGET,37.0006,736.01,1,24.667091,14.025,37.000637,0.44974999999976717,0.44974999999976717,0.504437499999949,0.504437499999949,-7.126269414348805,37.41854013399462,106.0,HIGH
11/24/2025,09:43:09,11/24/2025,09:44:26,long,24643.25,24619.73,STOP,-23.5167,-474.33,0,23.516682,15.525,35.275024,0.4446250000000873,0.4446250000000873,0.44481250000008005,0.44481250000008005,-4.591625101220146,35.45655328164551,106.0,HIGH
11/24/2025,09:45:06,11/24/2025,09:47:50,long,24644.75,24682.75,REVERSAL,38.0,756.0,1,27.904901,14.15,41.857351,-0.34574999999967987,0.34574999999967987,-0.09637499999989814,0.09637499999989814,5.791690687938775,41.31666171130219,106.0,HIGH
11/24/2025,09:47:50,11/24/2025,09:49:09,short,24682.75,24646.73,TARGET,36.0247,716.49,1,24.016439,16.8,36.024658,-0.6128749999999854,0.6128749999999854,-0.5098125000000436,0.5098125000000436,-5.396765053493027,36.03828630396642,106.0,HIGH
11/24/2025,09:49:09,11/24/2025,09:49:37,long,24638.75,24617.7,STOP,-21.054,-425.08,0,21.05401,15.9,31.581014,-0.2583749999997963,0.2583749999997963,-0.44262499999986177,0.44262499999986177,-4.439743605464649,32.15502533515039,106.0,HIGH
11/24/2025,09:50:57,11/24/2025,09:52:03,long,24607.0,24646.38,TARGET,39.3821,783.64,1,26.254726,12.825,39.382088,-0.8930000000000291,0.8930000000000291,-0.7860625000001165,0.7860625000001165,7.431530105220503,38.54479095819979,106.0,HIGH
11/24/2025,09:52:47,11/24/2025,09:54:05,short,24650.75,24678.17,STOP,-27.4193,-552.39,0,27.419334,15.25,41.129002,-0.0952499999999418,0.0952499999999418,-0.3398750000000291,0.3398750000000291,0.15401403927342017,40.74354209588108,107.0,MEDIUM
11/24/2025,09:54:05,11/24/2025,09:54:44,short,24679.5,24637.39,TARGET,42.1068,838.14,1,28.071172,15.95,42.106759,0.1414999999997235,0.1414999999997235,-0.06193750000002183,0.06193750000002183,0.5695167982622849,41.29248308477964,107.0,MEDIUM
11/24/2025,09:55:28,11/24/2025,09:58:19,short,24642.0,24667.68,STOP,-25.675,-517.5,0,25.675014,13.975,38.51252,-0.27062499999992723,0.27062499999992723,-0.06456250000010186,0.06456250000010186,-3.2663304765986396,38.026152608181,107.0,MEDIUM
11/24/2025,09:58:19,11/24/2025,10:00:00,short,24666.5,24692.38,STOP,-25.8777,-521.55,0,25.877744,14.225,38.816616,0.14887499999967985,0.14887499999967985,-0.05943750000005821,0.05943750000005821,-0.043819424532713924,37.63663555840344,107.0,MEDIUM
11/24/2025,10:11:00,11/24/2025,10:14:32,long,24690.0,24737.32,TARGET,47.3194,942.39,1,31.546267,15.425,47.319401,0.7369999999998982,0.7369999999998982,0.6910624999998618,0.6910624999998618,-10.764832765834093,48.72203088348357,107.0,MEDIUM
11/24/2025,10:14:32,11/24/2025,10:19:49,short,24738.5,24701.22,TARGET,37.2834,741.67,1,24.855592,13.1,37.283388,0.10687499999985448,0.10687499999985448,0.15143750000006548,0.15143750000006548,-0.6021851216983052,36.975069544675115,107.0,MEDIUM
11/24/2025,10:19:49,11/24/2025,10:21:51,long,24700.0,24736.91,TARGET,36.9061,734.12,1,24.604051,12.675,36.906076,-0.1422499999996944,0.1422499999996944,-0.0921875,0.0921875,-0.7110650686902673,36.67455615231064,107.0,MEDIUM
11/24/2025,10:21:51,11/24/2025,10:24:15,short,24736.0,24705.23,TARGET,30.7728,611.46,1,20.515186,15.25,30.772779,-0.42612499999995634,0.42612499999995634,-0.3326875000000655,0.3326875000000655,-5.601861532450258,30.727337375055598,107.0,MEDIUM
11/24/2025,10:24:30,11/24/2025,10:25:20,long,24701.75,24681.53,STOP,-20.2238,-408.48,0,20.223779,11.025,30.335669,-0.004999999999927241,0.004999999999927241,-0.12124999999996362,0.12124999999996362,0.46531967966448207,29.636473805661858,107.0,MEDIUM
11/24/2025,10:25:20,11/24/2025,10:27:08,long,24692.0,24723.48,TARGET,31.4825,625.65,1,20.988334,11.575,31.4825,-0.18137500000011642,0.18137500000011642,-0.11056250000001455,0.11056250000001455,0.965300094068084,30.55458255329006,107.0,MEDIUM
11/24/2025,10:27:11,11/24/2025,10:28:17,short,24731.5,24749.02,STOP,-17.5165,-354.33,0,17.516488,14.25,26.274732,0.23887500000018919,0.23887500000018919,0.0234375,0.0234375,-4.412834714018786,26.57763367181964,107.0,MEDIUM
11/24/2025,10:28:43,11/24/2025,10:30:08,short,24740.25,24715.6,TARGET,24.6518,489.04,1,16.434555,9.675,24.651833,0.4498750000002474,0.4498750000002474,0.37181250000012367,0.37181250000012367,-2.235254443665635,23.706604734413816,107.0,MEDIUM
11/24/2025,10:30:47,11/24/2025,10:31:07,short,24729.75,24746.09,STOP,-16.3406,-330.81,0,16.340588,13.55,24.510882,0.09700000000011641,0.09700000000011641,0.2623125000000073,0.2623125000000073,0.03924718618917211,23.929849553452346,107.0,MEDIUM
11/24/2025,10:31:07,11/24/2025,10:34:46,short,24744.75,24761.12,STOP,-16.3748,-331.5,0,16.374779,13.7,24.562169,0.021875,0.021875,0.19581249999991995,0.19581249999991995,-0.3087984745052381,23.7352469296252,107.0,MEDIUM
11/24/2025,10:55:04,11/24/2025,11:01:33,long,24777.5,24801.62,TARGET,24.1207,478.41,1,16.080481,8.625,24.120722,0.42374999999992724,0.42374999999992724,0.5065624999999272,0.5065624999999272,-6.729868874858809,24.261719300247726,107.0,MEDIUM
11/24/2025,11:01:51,11/24/2025,11:02:29,short,24798.75,24809.95,STOP,-11.2008,-228.02,0,11.200802,8.65,16.801203,0.15587500000001456,0.15587500000001456,0.1454375000001164,0.1454375000001164,-3.1853655588537357,16.39521860611177,107.0,MEDIUM
11/24/2025,11:02:29,11/24/2025,11:02:57,short,24811.0,24822.35,STOP,-11.3535,-231.07,0,11.353473,8.975,17.03021,0.12687499999992724,0.12687499999992724,0.14875000000010913,0.14875000000010913,-1.7443760279176033,16.425370480286976,107.0,MEDIUM
11/24/2025,11:32:03,11/24/2025,11:34:11,long,24849.25,24868.68,TARGET,19.43,384.6,1,12.953342,7.975,19.430013,0.37825000000011644,0.37825000000011644,0.5180000000000291,0.5180000000000291,-4.584845118272497,19.688933944771534,107.0,MEDIUM
11/24/2025,11:34:11,11/24/2025,11:35:02,short,24871.0,24855.82,TARGET,15.1806,299.61,1,10.120383,7.25,15.180574,0.1724999999998545,0.1724999999998545,0.27537499999998544,0.27537499999998544,-4.358367126495811,15.330566818275724,107.0,MEDIUM
11/24/2025,11:35:02,11/24/2025,11:35:21,long,24857.25,24847.68,STOP,-9.5723,-195.45,0,9.572336,7.8,14.358504,0.19949999999989815,0.19949999999989815,0.2592499999998836,0.2592499999998836,-4.155462627058723,14.278234607742649,107.0,MEDIUM
11/24/2025,11:35:21,11/24/2025,11:41:20,long,24852.0,24866.28,TARGET,14.2836,281.67,1,9.52237,8.2,14.283555,0.19174999999995634,0.19174999999995634,0.24831249999988358,0.24831249999988358,-3.7747884195789254,14.003158145895643,108.0,MEDIUM
11/24/2025,11:41:20,11/24/2025,11:45:36,short,24872.25,24881.03,STOP,-8.7766,-179.53,0,8.776629,8.725,13.164944,0.035499999999956344,0.035499999999956344,0.06712499999994179,0.06712499999994179,-0.7359973077881357,12.602844555843095,108.0,MEDIUM
11/24/2025,11:46:36,11/24/2025,11:49:34,short,24885.25,24869.24,TARGET,16.0062,316.12,1,10.670776,6.025,16.006165,0.21587500000023283,0.21587500000023283,0.1570000000001528,0.1570000000001528,1.7623787314914452,15.291369483026319,108.0,MEDIUM
11/24/2025,11:49:34,11/24/2025,11:53:28,short,24867.5,24878.43,STOP,-10.9258,-222.52,0,10.925768,7.75,16.388652,0.16237499999988358,0.16237499999988358,0.16631249999991268,0.16631249999991268,1.7111523261802741,16.037564673769374,108.0,MEDIUM
11/24/2025,11:53:28,11/24/2025,11:55:06,short,24878.25,24861.76,TARGET,16.4937,325.87,1,10.995789,7.625,16.493683,-0.022375000000101862,0.022375000000101862,0.041625000000021825,0.041625000000021825,-0.0014937668434846785,16.037727531893836,108.0,MEDIUM
11/24/2025,11:55:06,11/24/2025,11:57:46,long,24858.0,24846.99,STOP,-11.0089,-224.18,0,11.00887,7.025,16.513305,-0.020375000000058208,0.020375000000058208,0.012874999999985448,0.012874999999985448,0.04594594468125379,16.096973877831395,108.0,MEDIUM
11/24/2025,11:59:10,11/24/2025,12:00:12,long,24844.75,24864.4,TARGET,19.6547,389.09,1,13.103105,6.9,19.654657,-0.29324999999989815,0.29324999999989815,-0.1876249999999345,0.1876249999999345,2.67761538092757,19.032842443178822,108.0,MEDIUM
11/24/2025,12:00:45,11/24/2025,12:03:00,long,24856.0,24842.8,STOP,-13.2032,-268.06,0,13.203242,7.65,19.804863,-0.18300000000017463,0.18300000000017463,-0.19912499999991268,0.19912499999991268,1.3309933567684809,19.506218064316897,108.0,MEDIUM
11/24/2025,12:03:00,11/24/2025,12:13:16,long,24842.5,24829.32,STOP,-13.1843,-267.69,0,13.184323,8.125,19.776484,-0.01937499999985448,0.01937499999985448,-0.14668750000000727,0.14668750000000727,-0.2776466051867388,19.27560383640058,108.0,MEDIUM
11/24/2025,12:16:20,11/24/2025,12:22:16,short,24869.75,24885.64,STOP,-15.8929,-321.86,0,15.892859,7.325,23.839289,-0.3006249999998545,0.3006249999998545,-0.23318749999998545,0.23318749999998545,-0.21162701330633382,23.61097912172164,108.0,MEDIUM
11/24/2025,12:23:11,11/24/2025,12:30:11,short,24877.5,24892.61,STOP,-15.1057,-306.11,0,15.105673,7.525,22.65851,0.02937499999970896,0.02937499999970896,-0.038812500000130964,0.038812500000130964,0.7411925785625328,22.0039624014858,108.0,MEDIUM
11/24/2025,13:30:01,11/24/2025,13:31:45,long,24922.0,24935.3,TARGET,13.2992,261.98,1,8.866133,6.05,13.2992,0.07837500000023283,0.07837500000023283,0.1453125,0.1453125,-0.2071817679679171,12.985083652215607,108.0,MEDIUM
11/24/2025,13:32:00,11/24/2025,13:34:21,long,24934.75,24925.51,STOP,-9.2406,-188.81,0,9.240582,6.425,13.860873,-0.030250000000160072,0.030250000000160072,0.02406250000003638,0.02406250000003638,0.5751873108554602,13.560270963071067,108.0,MEDIUM
11/24/2025,13:34:21,11/24/2025,13:49:02,long,24926.0,24939.76,TARGET,13.7554,271.11,1,9.170297,6.8,13.755446,0.014500000000043655,0.014500000000043655,-0.005562500000087312,0.005562500000087312,-0.06678817646359825,13.565399659060226,108.0,MEDIUM
11/24/2025,13:49:02,11/24/2025,13:54:01,short,24940.75,24928.26,TARGET,12.4867,245.73,1,8.324474,6.7,12.486712,0.002750000000014552,0.002750000000014552,0.021124999999847204,0.021124999999847204,0.07106388041722767,12.056866342666009,108.0,MEDIUM
11/24/2025,13:54:01,11/24/2025,13:59:04,long,24934.5,24926.2,STOP,-8.3011,-170.02,0,8.301078,6.3,12.451617,0.00912499999976717,0.00912499999976717,0.003874999999970896,0.003874999999970896,0.019178920249904863,12.072560442403908,108.0,MEDIUM
11/24/2025,13:59:04,11/24/2025,14:01:01,long,24926.0,24936.74,TARGET,10.7358,210.72,1,7.157175,7.375,10.735762,-0.12875000000021827,0.12875000000021827,-0.05756249999994907,0.05756249999994907,-1.4672828017743385,10.61105688127233,108.0,MEDIUM
11/24/2025,14:01:01,11/24/2025,14:01:46,short,24935.5,24942.12,STOP,-6.6208,-136.42,0,6.620818,7.125,9.931226,-0.17362499999981082,0.17362499999981082,-0.09962500000001455,0.09962500000001455,-2.1857325668140604,9.736637682797049,108.0,MEDIUM
11/24/2025,14:03:08,11/24/2025,14:06:32,short,24943.5,24950.69,STOP,-7.1918,-147.84,0,7.191843,6.05,10.787764,0.00012500000011641532,0.00012500000011641532,-0.0718124999999418,0.0718124999999418,0.005110811308041363,10.351675610212157,108.0,MEDIUM
11/24/2025,14:27:08,11/24/2025,14:30:45,long,24932.5,24922.85,STOP,-9.6537,-197.07,0,9.653715,6.175,14.480573,0.11537500000013097,0.11537500000013097,0.17487500000006548,0.17487500000006548,-0.6281969484508689,14.28467311773783,108.0,MEDIUM
11/24/2025,14:36:53,11/24/2025,14:39:26,long,24913.5,24936.43,TARGET,22.9282,454.56,1,15.285453,6.35,22.928179,-0.24874999999992725,0.24874999999992725,-0.20762500000000728,0.20762500000000728,4.180981861234777,22.470424384625822,109.0,MEDIUM
11/24/2025,14:41:58,11/24/2025,14:45:43,long,24921.5,24906.2,STOP,-15.2989,-309.98,0,15.298883,5.925,22.948324,-0.05462499999994179,0.05462499999994179,-0.09731249999986176,0.09731249999986176,-0.23397473970703686,22.858879078138255,109.0,MEDIUM
11/24/2025,14:45:43,11/24/2025,15:01:18,long,24906.5,24923.5,REVERSAL,17.0,336.0,1,15.442489,6.525,23.163734,-0.2469999999997526,0.2469999999997526,-0.14137499999997089,0.14137499999997089,0.15615387284395155,23.099876641793717,109.0,MEDIUM
11/24/2025,15:01:18,11/24/2025,15:03:01,short,24923.5,24932.21,STOP,-8.7096,-178.19,0,8.709553,6.05,13.06433,-0.18974999999991268,0.18974999999991268,-0.22899999999990542,0.22899999999990542,-2.456221617144916,13.125565346466228,109.0,MEDIUM
11/24/2025,15:03:01,11/24/2025,15:03:39,short,24931.25,24940.1,STOP,-8.8468,-180.94,0,8.846786,5.625,13.270179,-0.07862500000010186,0.07862500000010186,-0.15906250000007277,0.15906250000007277,-1.3690671669119094,12.798572132042873,109.0,MEDIUM
11/24/2025,15:26:26,11/24/2025,15:33:12,long,24926.0,24946.69,TARGET,20.6892,409.78,1,13.792823,6.65,20.689235,0.37525000000023284,0.37525000000023284,0.36825000000008,0.36825000000008,-3.6695044214745565,21.601600839115285,109.0,MEDIUM
11/24/2025,15:33:12,11/24/2025,15:44:09,short,24947.5,24957.49,STOP,-9.9923,-203.85,0,9.992263,6.575,14.988394,0.19487499999995633,0.19487499999995633,0.2139999999999418,0.2139999999999418,-3.468082643024365,15.646532790098073,109.0,MEDIUM
11/25/2025,09:30:00,11/25/2025,09:30:25,long,24852.5,24830.66,STOP,-21.8377,-440.75,0,21.837742,7.375,32.756613,-0.8532500000001164,0.8532500000001164,-0.7177499999999781,0.7177499999999781,-5.879962459813704,34.81034916387553,109.0,MEDIUM
11/25/2025,09:31:01,11/25/2025,09:34:06,long,24832.0,24860.25,REVERSAL,28.25,561.0,1,21.298544,6.525,31.947816,-0.5917499999999564,0.5917499999999564,-0.5431249999999637,0.5431249999999637,3.9602091734941,31.54551051278289,109.0,MEDIUM
11/25/2025,09:34:06,11/25/2025,09:35:02,short,24860.25,24841.12,TARGET,19.1263,378.53,1,12.750862,10.95,19.126293,-0.4254999999997381,0.4254999999997381,-0.50568749999984,0.50568749999984,-4.84539399032186,19.407585791002223,109.0,MEDIUM
11/25/2025,09:35:38,11/25/2025,09:35:42,short,24854.25,24866.07,STOP,-11.8216,-240.43,0,11.82165,9.875,17.732474,-0.090625,0.090625,-0.21368750000001455,0.21368750000001455,-0.6615849215089966,17.184354997858712,109.0,MEDIUM
11/25/2025,09:35:42,11/25/2025,09:36:00,short,24861.5,24873.35,STOP,-11.8519,-241.04,0,11.851873,10.275,17.77781,-0.07762500000026193,0.07762500000026193,-0.19418750000004364,0.19418750000004364,-0.5626333214274943,17.175962983766606,109.0,MEDIUM
11/25/2025,09:37:24,11/25/2025,09:38:01,long,24839.75,24853.75,REVERSAL,14.0,276.0,1,12.306109,9.925,18.459164,-0.01875,0.01875,-0.0016874999999345163,0.0016874999999345163,-0.015793398532153446,17.766449260737463,109.0,MEDIUM
11/25/2025,09:38:01,11/25/2025,09:39:41,short,24853.75,24837.5,REVERSAL,16.25,321.0,1,12.304262,10.375,18.456393,-0.08299999999981082,0.08299999999981082,-0.02593749999996362,0.02593749999996362,-0.25812402128601875,17.6093389443469,109.0,MEDIUM
11/25/2025,09:39:41,11/25/2025,09:40:01,long,24837.5,24825.32,STOP,-12.1849,-247.7,0,12.184903,11.95,18.277355,-0.032999999999810826,0.032999999999810826,-0.06062499999989086,0.06062499999989086,-0.20377032375021287,17.39622999553179,109.0,MEDIUM
11/25/2025,09:44:04,11/25/2025,09:45:05,long,24751.5,24706.95,STOP,-44.5546,-895.09,0,44.554601,8.5,66.831902,-1.2166250000002037,1.2166250000002037,-1.0983750000001238,1.0983750000001238,10.140981354914913,66.5841447731257,109.0,MEDIUM
11/25/2025,09:51:16,11/25/2025,09:52:02,short,24681.25,24706.74,STOP,-25.4927,-513.85,0,25.492713,8.5,38.239069,-0.3815000000002328,0.3815000000002328,-0.6306249999999636,0.6306249999999636,-3.6624501790991175,38.362712917170185,109.0,MEDIUM
11/25/2025,09:52:12,11/25/2025,09:52:51,short,24696.75,24724.37,STOP,-27.6231,-556.46,0,27.623126,9.175,41.434689,0.17775000000001456,0.17775000000001456,0.016062499999861757,0.016062499999861757,3.161049442027398,40.98885139139209,109.0,MEDIUM
11/25/2025,10:02:11,11/25/2025,10:02:34,long,24742.5,24713.2,STOP,-29.298,-589.96,0,29.297977,12.325,43.946966,0.5900000000001455,0.5900000000001455,0.7375,0.7375,-7.492083973445233,45.22528594307196,109.0,MEDIUM
11/25/2025,10:04:29,11/25/2025,10:07:16,long,24691.0,24758.54,TARGET,67.5449,1346.9,1,45.029948,11.425,67.544923,-0.900249999999869,0.900249999999869,-0.6665624999999636,0.6665624999999636,14.641281252870584,66.92180528603926,109.0,MEDIUM
11/25/2025,10:07:16,11/25/2025,10:15:34,short,24759.0,24724.75,REVERSAL,34.25,681.0,1,41.579012,12.3,62.368518,-0.7971250000002328,0.7971250000002328,-0.6881875000000945,0.6881875000000945,-9.031305807550993,64.78203994649024,110.0,HIGH
11/25/2025,10:15:34,11/25/2025,10:16:25,long,24724.75,24760.59,TARGET,35.8417,712.83,1,23.894447,13.5,35.841671,0.578125,0.578125,0.6889375000000655,0.6889375000000655,-10.48285923311039,37.634709711022126,110.0,HIGH
11/25/2025,10:16:25,11/25/2025,10:17:52,short,24764.5,24738.0,REVERSAL,26.5,526.0,1,21.33819,15.375,32.007286,0.49412499999998544,0.49412499999998544,0.60674999999992,0.60674999999992,-10.57092609352646,32.23740566318493,110.0,HIGH
11/25/2025,10:17:52,11/25/2025,10:18:42,long,24738.0,24766.25,REVERSAL,28.25,561.0,1,20.57936,17.575,30.86904,0.28712500000001456,0.28712500000001456,0.387250000000131,0.387250000000131,-1.3808944803792613,30.409763777089793,110.0,HIGH
11/25/2025,10:18:42,11/25/2025,10:21:41,short,24766.25,24737.11,TARGET,29.1372,578.74,1,19.424813,14.625,29.137219,0.3085000000002765,0.3085000000002765,0.3071250000000873,0.3071250000000873,-2.3812723617581106,28.632878791537628,110.0,HIGH
11/25/2025,10:21:41,11/25/2025,10:21:55,long,24745.75,24770.0,REVERSAL,24.25,481.0,1,18.788556,15.825,28.182833,-0.0922500000000582,0.0922500000000582,0.06912499999998545,0.06912499999998545,-0.7010114278368036,27.97644220057138,110.0,HIGH
11/25/2025,10:21:55,11/25/2025,10:22:15,short,24770.0,24741.96,TARGET,28.0405,556.81,1,18.693652,16.575,28.040478,-0.15550000000002911,0.15550000000002911,0.025437499999861758,0.025437499999861758,-1.3821182509905725,27.516672322477085,110.0,HIGH
11/25/2025,10:22:15,11/25/2025,10:22:49,long,24737.75,24719.2,STOP,-18.5537,-375.07,0,18.553737,16.475,27.830605,-0.2055000000000291,0.2055000000000291,-0.027312500000152794,0.027312500000152794,-2.0767464967297364,26.886869749678503,110.0,HIGH
11/25/2025,10:22:49,11/25/2025,10:25:29,long,24719.0,24747.52,TARGET,28.5237,566.47,1,19.015832,15.775,28.523748,-0.31399999999994177,0.31399999999994177,-0.16112499999999272,0.16112499999999272,-1.4090661142391205,27.226472537630155,110.0,HIGH
11/25/2025,10:25:50,11/25/2025,10:26:21,long,24721.0,24748.53,TARGET,27.5304,546.61,1,18.353613,14.675,27.53042,-0.06749999999992724,0.06749999999992724,-0.31981249999989814,0.31981249999989814,0.4129730424085878,26.901596525745816,110.0,HIGH
11/25/2025,10:26:28,11/25/2025,10:26:56,short,24754.5,24730.75,REVERSAL,23.75,471.0,1,18.231486,14.45,27.347228,0.11099999999969441,0.11099999999969441,-0.1523750000000291,0.1523750000000291,-1.150121552963551,26.398471568881227,110.0,HIGH
11/25/2025,10:26:56,11/25/2025,10:28:35,long,24730.75,24752.75,REVERSAL,22.0,436.0,1,18.161549,12.7,27.242324,0.16974999999983992,0.16974999999983992,-0.017625000000043654,0.017625000000043654,-1.082000992733171,26.35688326585825,110.0,HIGH
11/25/2025,10:28:35,11/25/2025,10:29:00,short,24752.75,24770.64,STOP,-17.89,-361.8,0,17.889976,13.875,26.834963,-0.14562499999992723,0.14562499999992723,0.006750000000101864,0.006750000000101864,-0.40267401820086235,26.014896861279333,110.0,HIGH
11/25/2025,10:29:37,11/25/2025,10:30:03,short,24775.5,24795.17,STOP,-19.6705,-397.41,0,19.670527,10.275,29.50579,0.12449999999989814,0.12449999999989814,0.0578125,0.0578125,1.4983881237867998,28.229282440561654,110.0,HIGH
11/25/2025,10:49:36,11/25/2025,10:51:05,long,24800.25,24770.48,STOP,-29.7721,-599.44,0,29.772059,9.225,44.658088,0.11099999999969441,0.11099999999969441,0.2856249999998909,0.2856249999998909,0.24968297771410164,44.835003865807096,110.0,HIGH
11/25/2025,10:51:05,11/25/2025,10:57:41,long,24772.75,24818.34,TARGET,45.5859,907.72,1,30.390596,12.025,45.585895,-0.1110000000000582,0.1110000000000582,-0.024437500000021827,0.024437500000021827,0.9014114232111865,45.83756132611235,110.0,HIGH
11/25/2025,11:01:35,11/25/2025,11:07:15,long,24804.5,24819.75,REVERSAL,15.25,301.0,1,31.323826,13.975,46.985739,-0.1944999999999709,0.1944999999999709,0.035750000000007276,0.035750000000007276,-0.3343159873033983,46.67828036540634,110.0,HIGH
11/25/2025,11:07:15,11/25/2025,11:09:11,short,24819.75,24791.41,TARGET,28.3436,562.87,1,18.895729,12.2,28.343593,-0.7148750000000291,0.7148750000000291,-0.67400000000016,0.67400000000016,-10.520913119897493,29.269614889279353,110.0,HIGH
11/25/2025,11:09:24,11/25/2025,11:13:24,long,24784.0,24808.51,TARGET,24.5063,486.13,1,16.337523,11.775,24.506284,-0.43187499999985446,0.43187499999985446,-0.5550624999999855,0.5550624999999855,-8.746114306135858,23.77530232525512,110.0,HIGH
11/25/2025,11:13:24,11/25/2025,11:14:25,short,24798.0,24787.25,REVERSAL,10.75,211.0,1,16.38264,11.625,24.57396,-0.09837499999994179,0.09837499999994179,-0.22374999999992723,0.22374999999992723,0.4220966295774815,23.560124607949348,110.0,HIGH
11/25/2025,11:14:25,11/25/2025,11:17:18,long,24787.25,24806.75,REVERSAL,19.5,386.0,1,16.349124,10.8,24.523687,-0.030500000000029105,0.030500000000029105,-0.1765625,0.1765625,0.23446636443600966,23.478974756844444,111.0,LOW
11/25/2025,11:17:18,11/25/2025,11:18:55,short,24806.75,24821.6,STOP,-14.8536,-301.07,0,14.853577,10.2,22.280366,0.1375,0.1375,0.05349999999998545,0.05349999999998545,-2.0589123430238914,21.420062413820553,111.0,LOW
11/25/2025,11:23:02,11/25/2025,11:41:57,short,24855.0,24883.17,STOP,-28.1719,-567.44,0,28.171936,8.375,42.257904,0.6702499999999418,0.6702499999999418,0.6191249999999855,0.6191249999999855,10.94792369937803,41.22855310136445,111.0,LOW
11/25/2025,11:45:18,11/25/2025,11:50:07,long,24847.5,24866.82,TARGET,19.3165,382.33,1,12.877669,8.225,19.316504,0.700249999999869,0.700249999999869,0.7879374999998617,0.7879374999998617,-10.676739429645181,19.358910030391662,111.0,LOW
11/25/2025,11:50:07,11/25/2025,11:51:44,short,24870.5,24882.57,STOP,-12.0716,-245.43,0,12.071631,10.125,18.107446,-0.05750000000007276,0.05750000000007276,0.12224999999998545,0.12224999999998545,-0.008280142457898876,17.53679929127661,111.0,LOW
11/25/2025,11:59:26,11/25/2025,12:00:15,short,24900.75,24920.23,STOP,-19.4797,-393.59,0,19.479709,6.075,29.219564,0.5657500000001164,0.5657500000001164,0.5545625000000655,0.5545625000000655,4.498809056320688,29.138490532199896,111.0,LOW
11/25/2025,12:47:38,11/25/2025,12:58:00,long,25017.75,24998.35,STOP,-19.3956,-391.91,0,19.395562,6.925,29.093343,0.46725000000005823,0.46725000000005823,0.5588125000000218,0.5588125000000218,-5.059321394426085,29.6155083487452,111.0,LOW
11/25/2025,13:01:07,11/25/2025,13:24:22,long,25000.5,25017.75,REVERSAL,17.25,341.0,1,19.980521,7.425,29.970782,-0.2476249999999709,0.2476249999999709,-0.08293750000011642,0.08293750000011642,5.544955793273871,29.375716811007266,111.0,LOW
11/25/2025,13:24:22,11/25/2025,13:40:27,short,25017.75,25000.73,TARGET,17.0216,336.43,1,11.347747,8.3,17.021621,-0.3537500000002183,0.3537500000002183,-0.3864999999999782,0.3864999999999782,-4.5746842604397,17.038150194887617,111.0,LOW
11/25/2025,13:40:48,11/25/2025,13:44:51,short,25011.75,25022.58,STOP,-10.8318,-220.64,0,10.831754,7.2,16.247631,-0.015750000000116414,0.015750000000116414,-0.013187500000094587,0.013187500000094587,-0.3046653466575151,15.962778424162977,111.0,LOW
11/25/2025,13:44:51,11/25/2025,13:47:00,short,25021.25,25031.51,STOP,-10.2557,-209.11,0,10.2557,7.95,15.383549,0.11575000000011641,0.11575000000011641,0.04074999999993452,0.04074999999993452,-0.3328667457059922,15.577330018328768,111.0,LOW
11/25/2025,14:04:02,11/25/2025,14:16:23,long,25008.5,24993.93,STOP,-14.5671,-295.34,0,14.567102,6.925,21.850653,0.234375,0.234375,0.2460624999999709,0.2460624999999709,-0.9939455518842841,22.120029942960926,111.0,LOW
11/25/2025,14:21:48,11/25/2025,14:37:23,long,24981.25,24957.66,STOP,-23.5888,-475.78,0,23.588754,8.025,35.383131,-0.43449999999975264,0.43449999999975264,-0.44168749999989815,0.44168749999989815,6.734625917376434,35.006779531750865,111.0,LOW
11/25/2025,14:52:02,11/25/2025,14:53:03,short,24984.25,24998.4,STOP,-14.1521,-287.04,0,14.152097,7.05,21.228146,-0.41212500000001456,0.41212500000001456,-0.46749999999992725,0.46749999999992725,-5.2573783255293804,21.79653224257657,111.0,LOW
11/25/2025,15:05:56,11/25/2025,15:31:10,short,25034.0,25062.66,STOP,-28.655,-577.1,0,28.655003,6.1,42.982505,0.5233749999999417,0.5233749999999417,0.5194375000000946,0.5194375000000946,7.700636124087801,42.090986575192005,111.0,LOW
11/26/2025,09:30:13,11/26/2025,09:30:20,short,25215.25,25227.89,STOP,-12.6368,-256.74,0,12.636845,7.825,18.955267,0.4293750000000728,0.4293750000000728,0.42518750000017463,0.42518750000017463,1.3751753370819806,18.923956676112724,111.0,LOW
11/26/2025,09:30:33,11/26/2025,09:30:40,short,25210.5,25223.55,STOP,-13.0501,-265.0,0,13.050118,9.925,19.575176,0.37999999999992723,0.37999999999992723,0.39737499999992,0.39737499999992,1.1132511937017107,19.30424497884329,111.0,LOW
11/26/2025,09:37:53,11/26/2025,09:38:03,long,25220.75,25204.03,STOP,-16.7227,-338.45,0,16.722734,9.625,25.0841,0.5246250000000146,0.5246250000000146,0.5391249999998763,0.5391249999998763,-5.866182457199933,26.08271227908981,111.0,LOW
11/26/2025,09:38:30,11/26/2025,09:40:05,long,25209.0,25236.72,TARGET,27.7238,550.48,1,18.482513,8.325,27.723769,-0.060874999999941795,0.060874999999941795,0.21525000000001454,0.21525000000001454,1.7713056780283267,27.088864372948848,111.0,LOW
11/26/2025,09:40:15,11/26/2025,09:42:30,long,25214.75,25195.8,STOP,-18.9541,-383.08,0,18.954091,8.825,28.431137,-0.01312499999985448,0.01312499999985448,-0.024562499999956345,0.024562499999956345,0.489088609263284,28.04644737022285,111.0,LOW
11/26/2025,09:42:36,11/26/2025,09:44:57,long,25212.0,25241.58,TARGET,29.5826,587.65,1,19.721764,11.3,29.582646,-0.2048750000001746,0.2048750000001746,-0.09406250000010914,0.09406250000010914,0.8784823283034591,29.11574539383219,112.0,MEDIUM
11/26/2025,09:44:57,11/26/2025,09:47:14,short,25241.0,25260.43,STOP,-19.4346,-392.69,0,19.434559,9.75,29.151838,-0.19512500000018917,0.19512500000018917,-0.22993750000005092,0.22993750000005092,-0.16273630361638425,29.396777225314025,112.0,MEDIUM
11/26/2025,09:47:31,11/26/2025,09:50:50,short,25249.0,25268.12,STOP,-19.1234,-386.47,0,19.123431,9.075,28.685146,0.08687500000014552,0.08687500000014552,-0.004437499999949068,0.004437499999949068,1.3991331823196766,28.350291853293637,112.0,MEDIUM
11/26/2025,09:54:09,11/26/2025,09:55:08,long,25235.75,25217.0,STOP,-18.7543,-379.09,0,18.754289,10.05,28.131434,0.2907499999997526,0.2907499999997526,0.3684999999999491,0.3684999999999491,-3.2207580008863026,27.97057351589722,112.0,MEDIUM
11/26/2025,09:55:08,11/26/2025,09:56:32,long,25215.25,25196.42,STOP,-18.8337,-380.67,0,18.833741,10.775,28.250612,0.19674999999988357,0.19674999999988357,0.24493750000001455,0.24493750000001455,-2.5933071753971646,27.470155290263875,112.0,MEDIUM
11/26/2025,10:08:00,11/26/2025,10:08:54,short,25192.75,25211.82,STOP,-19.0722,-385.44,0,19.072178,10.9,28.608267,-0.4952500000003056,0.4952500000003056,-0.5913125000000946,0.5913125000000946,-5.543308033486433,29.141622255472,112.0,MEDIUM
11/26/2025,10:10:10,11/26/2025,10:13:41,short,25206.5,25176.25,TARGET,30.2458,600.92,1,20.163874,8.1,30.245811,0.049250000000029104,0.049250000000029104,-0.01031249999996362,0.01031249999996362,1.1057011745498926,29.59593798830646,112.0,MEDIUM
11/26/2025,10:14:36,11/26/2025,10:16:50,long,25170.0,25195.97,TARGET,25.9749,515.5,1,17.316588,10.225,25.974882,0.3797500000000582,0.3797500000000582,0.34400000000005093,0.34400000000005093,-4.6016789509053275,25.720042700796895,112.0,MEDIUM
11/26/2025,10:16:59,11/26/2025,10:18:00,long,25172.5,25196.28,TARGET,23.7777,471.55,1,15.851797,9.85,23.777696,0.016624999999839928,0.016624999999839928,0.12118750000008731,0.12118750000008731,-0.2675705137452553,23.019235640092305,112.0,MEDIUM
11/26/2025,10:18:00,11/26/2025,10:18:16,short,25196.75,25173.06,TARGET,23.6868,469.74,1,15.791172,10.0,23.686758,-0.0032500000001164154,0.0032500000001164154,0.06437499999992724,0.06437499999992724,0.03015530821702228,23.01650253930374,112.0,MEDIUM
11/26/2025,10:18:16,11/26/2025,10:18:57,long,25169.25,25193.0,TARGET,23.7453,470.91,1,15.830207,11.625,23.745311,-0.01087500000030559,0.01087500000030559,0.03781249999992724,0.03781249999992724,-0.06773523415399296,22.940544755680484,112.0,MEDIUM
11/26/2025,10:20:01,11/26/2025,10:20:33,short,25189.25,25178.5,REVERSAL,10.75,211.0,1,15.589213,10.4,23.38382,-0.0008750000000873115,0.0008750000000873115,-0.0016250000000582077,0.0016250000000582077,-0.23377173210416657,22.756997782895084,112.0,MEDIUM
11/26/2025,10:20:33,11/26/2025,10:21:25,long,25178.5,25163.11,STOP,-15.3851,-311.7,0,15.385052,10.275,23.077578,0.08562500000007275,0.08562500000007275,0.015750000000116414,0.015750000000116414,-0.48558973158136354,22.55854590935766,112.0,MEDIUM
11/26/2025,10:21:25,11/26/2025,10:23:38,long,25168.5,25153.63,STOP,-14.8746,-301.49,0,14.874617,10.1,22.311925,0.11262500000011641,0.11262500000011641,0.03337499999997817,0.03337499999997817,-0.9626610236926112,22.059023031294334,112.0,MEDIUM
11/26/2025,10:26:19,11/26/2025,10:27:01,short,25189.5,25203.52,STOP,-14.0231,-284.46,0,14.023145,10.975,21.034718,-0.5292499999999564,0.5292499999999564,-0.4089374999999563,0.4089374999999563,-2.5593411489811295,21.017161124612027,112.0,MEDIUM
11/26/2025,10:27:08,11/26/2025,10:27:25,short,25191.75,25205.28,STOP,-13.5268,-274.54,0,13.526763,9.65,20.290145,-0.22275000000008732,0.22275000000008732,-0.3772499999999127,0.3772499999999127,-3.0698656827848225,19.095504121348263,112.0,MEDIUM
11/26/2025,10:47:01,11/26/2025,10:50:36,long,25207.25,25230.0,REVERSAL,22.75,451.0,1,19.574453,10.125,29.36168,0.6282500000001164,0.6282500000001164,0.5999375000001237,0.5999375000001237,-9.825567245443565,30.6604546028217,112.0,MEDIUM
11/26/2025,10:50:36,11/26/2025,10:54:37,short,25230.0,25245.44,STOP,-15.4363,-312.73,0,15.436295,8.25,23.154443,0.27087499999979625,0.27087499999979625,0.40593749999989087,0.40593749999989087,-3.557451875785169,22.920562157736796,112.0,MEDIUM
11/26/2025,10:54:37,11/26/2025,10:57:22,short,25243.25,25256.81,STOP,-13.5621,-275.24,0,13.562097,8.725,20.343145,0.39012499999989814,0.39012499999989814,0.3227500000000873,0.3227500000000873,-2.4144360544582497,20.382342772411555,112.0,MEDIUM
11/26/2025,12:04:00,11/26/2025,12:04:43,long,25344.5,25335.6,STOP,-8.9028,-182.06,0,8.902835,5.925,13.354252,0.24787499999983992,0.24787499999983992,0.321875,0.321875,-3.653760302600391,13.560225891741359,112.0,MEDIUM
11/26/2025,12:05:00,11/26/2025,12:08:11,long,25338.5,25329.06,STOP,-9.4405,-192.81,0,9.440496,6.225,14.160744,0.0773750000000291,0.0773750000000291,0.20256250000002182,0.20256250000002182,-1.0448817908097254,13.880084411869646,113.0,HIGH
11/26/2025,12:30:02,11/26/2025,12:43:46,short,25347.25,25359.75,STOP,-12.5019,-254.04,0,12.501869,7.775,18.752803,-0.1397500000002765,0.1397500000002765,-0.10431250000001455,0.10431250000001455,-1.0999187929282392,18.977114929144413,113.0,HIGH
11/26/2025,12:48:32,11/26/2025,12:50:09,short,25357.25,25337.13,TARGET,20.1167,398.33,1,13.411125,4.55,20.116688,0.33250000000007274,0.33250000000007274,0.21681250000001456,0.21681250000001456,4.434480260251609,20.259399466446002,113.0,HIGH
11/26/2025,12:51:25,11/26/2025,12:59:08,short,25349.0,25337.5,REVERSAL,11.5,226.0,1,12.937237,6.075,19.405855,0.24975000000013098,0.24975000000013098,0.27631249999994906,0.27631249999994906,-0.7201079467295877,19.427925871529606,113.0,HIGH
11/26/2025,12:59:08,11/26/2025,13:01:34,long,25337.5,25350.25,REVERSAL,12.75,251.0,1,11.462736,6.125,17.194104,0.18250000000007277,0.18250000000007277,0.1585000000000946,0.1585000000000946,-1.9296287029303727,17.444579850654463,113.0,HIGH
11/26/2025,13:01:34,11/26/2025,13:09:13,short,25350.25,25333.74,TARGET,16.5132,326.26,1,11.008768,6.225,16.513152,0.17612499999995634,0.17612499999995634,0.1476249999999709,0.1476249999999709,-1.9572846332231144,16.885975377824337,113.0,HIGH
11/26/2025,13:09:13,11/26/2025,13:09:14,long,25333.25,25325.0,STOP,-8.2522,-169.04,0,8.252159,6.925,12.378238,0.22462500000001456,0.22462500000001456,0.20749999999989086,0.20749999999989086,-3.326528097473611,12.446169732794615,113.0,HIGH
11/26/2025,13:10:02,11/26/2025,13:11:39,long,25318.5,25299.58,STOP,-18.9212,-382.42,0,18.921155,10.75,28.381732,-0.43012500000004367,0.43012500000004367,-0.33275000000012367,0.33275000000012367,9.32809752671918,28.453426541228062,113.0,HIGH
11/26/2025,13:22:11,11/26/2025,13:26:46,short,25341.25,25357.54,STOP,-16.2868,-329.74,0,16.286824,8.075,24.430235,-0.28087500000001453,0.28087500000001453,-0.3329374999999345,0.3329374999999345,-1.0064608777964672,24.79278290616464,113.0,HIGH
11/26/2025,13:28:11,11/26/2025,13:32:08,short,25351.25,25325.29,TARGET,25.9577,515.15,1,17.305129,7.1,25.957694,0.038874999999825376,0.038874999999825376,0.0015625,0.0015625,0.823869025156295,25.971097074188453,113.0,HIGH
11/26/2025,13:33:20,11/26/2025,13:44:24,long,25311.5,25295.76,STOP,-15.739,-318.78,0,15.739045,6.675,23.608567,-0.19025000000001455,0.19025000000001455,-0.06743750000005093,0.06743750000005093,-2.1081358507197336,24.01469571975739,113.0,HIGH
11/26/2025,13:46:09,11/26/2025,13:50:09,long,25304.0,25329.52,TARGET,25.5215,506.43,1,17.014358,7.225,25.521537,-0.19099999999998546,0.19099999999998546,-0.06331250000002911,0.06331250000002911,3.066194033996908,25.017839865028506,113.0,HIGH
11/26/2025,13:52:55,11/26/2025,14:00:53,long,25306.0,25330.25,REVERSAL,24.25,481.0,1,17.221487,6.625,25.832231,-0.0928749999999127,0.0928749999999127,-0.11756249999998544,0.11756249999998544,-0.44184602364803993,25.482780499757975,113.0,HIGH
11/26/2025,14:00:53,11/26/2025,14:04:50,short,25330.25,25306.18,TARGET,24.0691,477.38,1,16.046079,6.9,24.069118,-0.24724999999998545,0.24724999999998545,-0.17093749999985447,0.17093749999985447,-1.7914013879533286,24.343003177679435,113.0,HIGH
11/26/2025,14:06:19,11/26/2025,14:12:05,long,25306.0,25319.5,REVERSAL,13.5,266.0,1,10.88533,8.35,16.327994,-0.2784999999999854,0.2784999999999854,-0.21337499999990542,0.21337499999990542,-6.082043362038867,16.303910892493263,113.0,HIGH
11/26/2025,14:12:05,11/26/2025,14:14:03,short,25319.5,25330.47,STOP,-10.9677,-223.35,0,10.967721,7.525,16.451581,-0.052999999999883585,0.052999999999883585,-0.15768749999988357,0.15768749999988357,0.1437312797069623,16.094505600799245,113.0,HIGH
11/26/2025,14:14:16,11/26/2025,14:19:59,short,25330.0,25341.32,STOP,-11.3153,-230.31,0,11.315278,6.8,16.972918,0.08525000000008731,0.08525000000008731,-0.014937500000087311,0.014937500000087311,0.5359188141142894,16.519731973654068,113.0,HIGH
11/26/2025,14:35:28,11/26/2025,15:01:18,long,25315.75,25338.56,TARGET,22.813,452.26,1,15.208694,7.1,22.813041,0.26612499999973804,0.26612499999973804,0.3173124999999345,0.3173124999999345,2.048156517717647,22.98877288357388,113.0,HIGH
11/26/2025,15:01:18,11/26/2025,15:07:19,short,25339.5,25324.01,TARGET,15.4885,305.77,1,10.325658,6.625,15.488487,0.0726249999999709,0.0726249999999709,0.11018750000002911,0.11018750000002911,-1.0560386594665339,14.946602271139657,113.0,HIGH
11/26/2025,15:07:19,11/26/2025,15:09:45,long,25320.0,25335.6,TARGET,15.6008,308.02,1,10.40054,5.95,15.600809,0.007624999999825377,0.007624999999825377,0.0383125000000291,0.0383125000000291,0.10887536993531377,15.134802763110287,113.0,HIGH
11/26/2025,15:09:45,11/26/2025,15:12:11,short,25340.25,25350.59,STOP,-10.339,-210.78,0,10.339017,6.1,15.508526,-0.06974999999983993,0.06974999999983993,0.002124999999978172,0.002124999999978172,0.02164573738877351,15.219898094363074,114.0,MEDIUM
11/26/2025,15:19:02,11/26/2025,15:38:14,short,25349.5,25331.2,TARGET,18.2965,361.93,1,12.197675,5.5,18.296512,0.057124999999723515,0.057124999999723515,0.053187499999876306,0.053187499999876306,1.5432510159068507,17.795184458292713,114.0,MEDIUM
11/26/2025,15:40:02,11/26/2025,15:49:50,long,25332.0,25320.52,STOP,-11.4794,-233.59,0,11.479385,5.15,17.219077,0.13737500000024738,0.13737500000024738,0.16375000000007275,0.16375000000007275,-1.7219851586748653,17.523936036509365,114.0,MEDIUM
11/27/2025,09:30:09,11/27/2025,09:36:05,long,25311.0,25301.0,STOP,-9.9986,-203.97,0,9.998606,7.45,14.997909,-0.21599999999998545,0.21599999999998545,-0.19856249999993453,0.19856249999993453,0.11802614178400006,14.568991911066458,114.0,MEDIUM
11/27/2025,09:36:05,11/27/2025,09:39:02,long,25299.0,25289.35,STOP,-9.6505,-197.01,0,9.650494,8.05,14.47574,-0.12637500000018917,0.12637500000018917,-0.1663125000000946,0.1663125000000946,-0.3923880321201558,14.510099334301088,114.0,MEDIUM
11/28/2025,09:30:00,11/28/2025,09:34:04,short,25356.75,25388.92,STOP,-32.172,-647.44,0,32.172004,11.85,48.258005,0.581499999999869,0.581499999999869,0.6886875000000146,0.6886875000000146,4.225024309801427,47.666617311973425,114.0,MEDIUM
11/28/2025,09:34:04,11/28/2025,09:37:41,short,25387.75,25421.3,STOP,-33.5541,-675.08,0,33.554103,11.175,50.331155,0.7829999999998108,0.7829999999998108,0.6729374999998982,0.6729374999998982,1.7465987713431943,49.62577998857209,114.0,MEDIUM
11/28/2025,10:04:55,11/28/2025,10:14:10,long,25367.25,25381.75,REVERSAL,14.5,286.0,1,15.630069,10.8,23.445104,0.2631249999998545,0.2631249999998545,0.3346250000000509,0.3346250000000509,-2.914524924731321,23.150241974336936,114.0,MEDIUM
11/28/2025,10:14:10,11/28/2025,10:19:04,short,25381.75,25397.07,STOP,-15.3243,-310.49,0,15.324261,10.25,22.986391,-0.06537500000013097,0.06537500000013097,0.014437499999985448,0.014437499999985448,-0.14864532171316114,23.210768151010363,114.0,MEDIUM
11/28/2025,10:19:04,11/28/2025,10:26:22,short,25395.0,25372.0,TARGET,22.9961,455.92,1,15.330701,9.425,22.996052,0.18312499999992723,0.18312499999992723,0.03150000000005093,0.03150000000005093,-0.2248292774527627,22.98469560117698,114.0,MEDIUM
11/28/2025,10:26:55,11/28/2025,10:34:01,long,25368.5,25389.0,REVERSAL,20.5,406.0,1,15.305615,10.325,22.958422,0.17062499999992725,0.17062499999992725,0.17687499999992723,0.17687499999992723,-0.08763688335550412,22.897058717821476,114.0,MEDIUM
11/28/2025,10:34:01,11/28/2025,10:49:48,short,25389.0,25401.95,STOP,-12.9509,-263.02,0,12.95092,9.275,19.426379,-0.2852500000000873,0.2852500000000873,-0.10268749999995634,0.10268749999995634,-2.1842024348211204,20.802686730438307,114.0,MEDIUM
11/28/2025,10:56:50,11/28/2025,11:03:55,short,25403.0,25417.47,STOP,-14.4716,-293.43,0,14.471572,6.775,21.707358,0.27125000000014554,0.27125000000014554,0.31837500000001456,0.31837500000001456,5.284834943737771,21.531847769589824,114.0,MEDIUM
11/28/2025,11:26:00,11/28/2025,11:26:57,long,25394.5,25375.85,STOP,-18.6545,-377.09,0,18.654514,6.65,27.981771,0.26512499999989814,0.26512499999989814,0.31237500000006546,0.31237500000006546,-2.481636217638801,28.553989611679192,114.0,MEDIUM
11/28/2025,11:26:57,11/28/2025,11:33:34,long,25375.0,25401.79,TARGET,26.7876,531.75,1,17.858415,7.15,26.787622,0.2551250000000437,0.2551250000000437,0.2795624999998836,0.2795624999998836,-3.6102801672238023,27.202461849939326,114.0,MEDIUM
11/28/2025,11:38:56,11/28/2025,11:41:42,short,25418.0,25394.4,TARGET,23.602,468.04,1,15.73465,7.025,23.601975,0.2078750000000582,0.2078750000000582,0.11731250000011642,0.11731250000011642,-2.131262912410211,23.664184891987073,114.0,MEDIUM
11/28/2025,11:41:42,11/28/2025,11:47:58,long,25393.5,25417.17,TARGET,23.6674,469.35,1,15.778263,7.025,23.667394,0.16662499999983993,0.16662499999983993,0.15375000000003639,0.15375000000003639,-1.1199497629449482,23.424450221765806,114.0,MEDIUM
11/28/2025,11:47:58,11/28/2025,12:07:26,short,25419.0,25434.98,STOP,-15.9805,-323.61,0,15.980475,7.775,23.970712,-0.13875000000007276,0.13875000000007276,0.02681250000005093,0.02681250000005093,0.32852449682920337,23.735455765197727,114.0,MEDIUM
11/28/2025,12:07:26,11/28/2025,12:30:16,short,25435.0,25410.37,TARGET,24.6291,488.58,1,16.419373,7.55,24.62906,-0.08562500000007275,0.08562500000007275,-0.025562499999978172,0.025562499999978172,-1.06750153360451,24.20786228014537,114.0,MEDIUM
11/28/2025,12:34:01,11/28/2025,12:39:31,long,25415.5,25404.23,STOP,-11.2746,-229.49,0,11.274569,7.65,16.911853,0.3641250000000582,0.3641250000000582,0.3587500000001455,0.3587500000001455,-5.920420301054087,17.157957138799155,114.0,MEDIUM
11/28/2025,12:39:31,11/28/2025,12:50:00,long,25402.25,25418.13,TARGET,15.8765,313.53,1,10.584347,8.05,15.87652,0.1805000000000291,0.1805000000000291,0.2984375,0.2984375,-3.3451646189955593,15.128508571042007,115.0,LOW
11/28/2025,12:50:05,11/28/2025,12:50:33,short,25426.25,25436.66,STOP,-10.4112,-212.22,0,10.411199,6.625,15.616799,-0.02374999999992724,0.02374999999992724,-0.009812500000043656,0.009812500000043656,0.42394498475272613,15.139821330141032,115.0,LOW
11/28/2025,12:50:33,11/28/2025,12:55:00,short,25430.5,25441.17,STOP,-10.6678,-217.36,0,10.667797,7.0,16.001696,0.016125000000101863,0.016125000000101863,0.021500000000014553,0.021500000000014553,0.4879732520075759,15.37159790960022,115.0,LOW
12/1/2025,09:30:01,12/1/2025,09:30:11,short,25267.75,25285.9,STOP,-18.1467,-366.93,0,18.146741,8.175,27.220112,0.15250000000014552,0.15250000000014552,0.12481250000000728,0.12481250000000728,-0.5006080538593238,27.0173877974969,115.0,LOW
12/1/2025,09:30:35,12/1/2025,09:31:42,short,25280.0,25256.57,TARGET,23.4343,464.69,1,15.6229,10.175,23.43435,0.55,0.55,0.37537499999998547,0.37537499999998547,-2.9739329707857323,23.75305930796751,115.0,LOW
12/1/2025,09:31:51,12/1/2025,09:32:29,long,25249.0,25234.65,STOP,-14.3501,-291.0,0,14.350078,8.825,21.525116,0.28374999999978173,0.28374999999978173,0.4124374999999418,0.4124374999999418,-1.5376198744499803,21.295803822123883,115.0,LOW
12/1/2025,09:32:33,12/1/2025,09:32:44,long,25245.25,25267.93,TARGET,22.6763,449.53,1,15.11756,9.9,22.67634,-0.034875000000101866,0.034875000000101866,0.14343749999989086,0.14343749999989086,0.6342141183059944,22.046489807808932,115.0,LOW
12/1/2025,09:33:08,12/1/2025,09:33:26,short,25272.0,25286.3,STOP,-14.3012,-290.02,0,14.301225,9.675,21.451837,0.050500000000101866,0.050500000000101866,0.043687499999941794,0.043687499999941794,-0.29090123295455683,21.20937426221286,115.0,LOW
12/1/2025,09:33:37,12/1/2025,09:34:57,short,25287.0,25301.54,STOP,-14.5442,-294.88,0,14.544214,10.275,21.81632,0.2672500000000582,0.2672500000000582,0.09775000000008731,0.09775000000008731,-1.0949980987958199,21.135024848390195,115.0,LOW
12/1/2025,09:39:54,12/1/2025,09:41:05,long,25263.0,25243.2,STOP,-19.7969,-399.94,0,19.79691,9.425,29.695365,0.2654999999998836,0.2654999999998836,0.3716875000000073,0.3716875000000073,-2.220482681078167,29.168718646427493,115.0,LOW
12/1/2025,09:41:27,12/1/2025,09:43:31,long,25238.5,25214.73,STOP,-23.7729,-479.46,0,23.772923,10.6,35.659384,-0.3350000000002183,0.3350000000002183,-0.2186250000000655,0.2186250000000655,4.758629204172756,34.874617337157275,115.0,LOW
12/1/2025,09:46:52,12/1/2025,09:48:00,short,25290.5,25320.08,STOP,-29.5768,-595.54,0,29.576815,8.45,44.365222,-0.12700000000004366,0.12700000000004366,-0.25974999999998544,0.25974999999998544,-1.2970528954212242,44.01981507334087,115.0,LOW
12/1/2025,09:48:37,12/1/2025,09:54:27,short,25307.75,25338.81,STOP,-31.0584,-625.17,0,31.058398,7.775,46.587597,0.08387499999989814,0.08387499999989814,0.04093749999992724,0.04093749999992724,2.112970404362585,46.32191751628025,115.0,LOW
12/1/2025,10:05:02,12/1/2025,10:06:24,long,25334.75,25361.11,TARGET,26.3637,523.27,1,17.575829,8.975,26.363744,0.3407500000001164,0.3407500000001164,0.44818749999994906,0.44818749999994906,-4.798066721174223,26.574249801064056,115.0,LOW
12/1/2025,10:06:34,12/1/2025,10:07:35,short,25357.75,25371.45,STOP,-13.6951,-277.9,0,13.695132,9.55,20.542699,0.3099999999998545,0.3099999999998545,0.3253749999999854,0.3253749999999854,-5.824079013520841,20.750170787543215,115.0,LOW
12/1/2025,10:07:35,12/1/2025,10:10:08,short,25370.5,25352.35,TARGET,18.1471,358.94,1,12.098089,9.4,18.147133,0.3822500000002037,0.3822500000002037,0.32562500000003636,0.32562500000003636,-6.401214728045467,17.9336193041386,115.0,LOW
12/1/2025,10:10:08,12/1/2025,10:10:27,long,25352.0,25367.3,TARGET,15.3011,302.02,1,10.200765,8.725,15.301147,0.23950000000004365,0.23950000000004365,0.3077499999999418,0.3077499999999418,-1.7988862882893848,14.725091629576458,115.0,LOW
12/1/2025,10:10:27,12/1/2025,10:10:50,short,25361.75,25371.93,STOP,-10.1843,-207.69,0,10.184282,9.45,15.276423,0.1680000000000291,0.1680000000000291,0.27562500000003637,0.27562500000003637,-1.231145823453259,14.591562871124404,115.0,LOW
12/1/2025,10:10:50,12/1/2025,10:11:42,short,25373.75,25358.31,TARGET,15.4407,304.81,1,10.293777,9.6,15.440666,0.10837499999979627,0.10837499999979627,0.24812499999989085,0.24812499999989085,-0.7711811173865186,14.578816441672966,115.0,LOW
12/1/2025,10:11:42,12/1/2025,10:13:33,short,25368.25,25378.39,STOP,-10.1444,-206.89,0,10.144398,9.9,15.216598,0.02787500000013097,0.02787500000013097,0.1336875000000873,0.1336875000000873,-0.07397919686094312,14.651112432715514,115.0,LOW
12/1/2025,10:14:04,12/1/2025,10:14:39,short,25366.5,25354.0,REVERSAL,12.5,246.0,1,11.527078,8.1,17.290617,0.16612499999973807,0.16612499999973807,0.07012500000000728,0.07012500000000728,2.3234199148764354,16.55901806203608,116.0,MEDIUM
12/1/2025,10:14:39,12/1/2025,10:15:05,long,25354.0,25343.13,STOP,-10.873,-221.46,0,10.873046,7.5,16.309568,0.2163749999999709,0.2163749999999709,0.11106249999993452,0.11106249999993452,0.8905475501932685,15.652156389199536,116.0,MEDIUM
12/1/2025,10:15:08,12/1/2025,10:15:59,long,25348.25,25337.11,STOP,-11.1421,-226.84,0,11.142106,7.075,16.713159,0.0476249999999709,0.0476249999999709,0.10687499999985448,0.10687499999985448,-0.7475539726572862,15.811464089378795,116.0,MEDIUM
12/1/2025,10:16:59,12/1/2025,10:17:15,short,25367.0,25349.82,TARGET,17.1763,339.53,1,11.450835,9.85,17.176252,-0.17112500000002911,0.17112500000002911,-0.07906250000014552,0.07906250000014552,0.6022314873818644,16.525484354722124,116.0,MEDIUM
12/1/2025,10:17:15,12/1/2025,10:18:38,long,25349.75,25366.74,TARGET,16.9863,335.73,1,11.324188,10.125,16.986281,-0.15524999999979627,0.15524999999979627,-0.11424999999999272,0.11424999999999272,0.22229044373692375,16.302850561343156,116.0,MEDIUM
12/1/2025,10:18:38,12/1/2025,10:20:07,short,25367.25,25353.5,REVERSAL,13.75,271.0,1,11.22937,10.175,16.844055,-0.1077499999999418,0.1077499999999418,-0.1539375000000291,0.1539375000000291,-0.5484352269432442,16.048965811353842,116.0,MEDIUM
12/1/2025,10:20:07,12/1/2025,10:20:52,long,25353.5,25342.42,STOP,-11.0799,-225.6,0,11.079932,10.05,16.619898,0.02275000000008731,0.02275000000008731,-0.07399999999997817,0.07399999999997817,-0.05311970444154568,16.116092048985227,116.0,MEDIUM
12/1/2025,10:20:52,12/1/2025,10:21:34,long,25341.25,25330.18,STOP,-11.0731,-225.46,0,11.07315,10.425,16.609725,0.06974999999983993,0.06974999999983993,-0.01900000000005093,0.01900000000005093,-0.08575082845474213,15.9632149828991,116.0,MEDIUM
12/1/2025,10:39:00,12/1/2025,10:40:06,short,25336.0,25354.17,STOP,-18.1738,-367.48,0,18.173789,9.375,27.260683,-0.20812499999992723,0.20812499999992723,-0.28018750000010184,0.28018750000010184,-1.736859400470081,26.877805014556138,116.0,MEDIUM
12/1/2025,10:40:31,12/1/2025,10:51:20,short,25343.5,25363.44,STOP,-19.9411,-402.82,0,19.941083,7.975,29.911624,0.18962500000016008,0.18962500000016008,-0.003125,0.003125,2.734024376661452,29.11512286888955,116.0,MEDIUM
12/1/2025,11:07:20,12/1/2025,11:12:01,long,25370.75,25343.41,STOP,-27.3371,-550.74,0,27.337087,6.05,41.00563,0.4961250000000291,0.4961250000000291,0.6505624999999782,0.6505624999999782,-5.713340771307834,42.21669523811131,116.0,MEDIUM
12/2/2025,09:30:00,12/2/2025,09:30:34,long,25489.0,25474.83,STOP,-14.1728,-287.46,0,14.172808,6.6,21.259211,0.020249999999941794,0.020249999999941794,0.10718749999996362,0.10718749999996362,0.10556876432528739,21.011428152913844,116.0,MEDIUM
12/2/2025,09:30:34,12/2/2025,09:32:19,long,25480.5,25500.86,TARGET,20.363,403.26,1,13.57534,8.125,20.36301,0.04425000000010186,0.04425000000010186,0.024187499999970895,0.024187499999970895,-0.4793352500696457,20.557496613196676,116.0,MEDIUM
12/2/2025,09:32:23,12/2/2025,09:33:29,short,25502.75,25514.44,STOP,-11.6895,-237.79,0,11.6895,8.1,17.534249,0.14587499999979628,0.14587499999979628,0.07162499999994906,0.07162499999994906,-3.2047350429499453,17.123237283503276,116.0,MEDIUM
12/2/2025,09:33:29,12/2/2025,09:35:02,short,25515.25,25527.2,STOP,-11.949,-242.98,0,11.948974,7.125,17.923461,0.065625,0.065625,0.10574999999989813,0.10574999999989813,0.17575798530589282,17.29899526880917,116.0,MEDIUM
12/2/2025,09:46:07,12/2/2025,09:47:57,long,25573.5,25596.6,TARGET,23.1048,458.1,1,15.403221,9.25,23.104832,0.6213749999998981,0.6213749999998981,0.68125,0.68125,-9.74948572321727,24.54538466409317,116.0,MEDIUM
12/2/2025,09:47:57,12/2/2025,09:48:27,short,25599.5,25586.41,TARGET,13.0924,257.85,1,8.728251,9.725,13.092377,0.30112500000032016,0.30112500000032016,0.40718750000014553,0.40718750000014553,-8.600005240795653,12.888628430436118,116.0,MEDIUM
12/2/2025,09:48:27,12/2/2025,09:48:35,long,25588.5,25580.2,STOP,-8.3034,-170.07,0,8.303386,9.575,12.45508,0.24925000000002911,0.24925000000002911,0.3403124999998909,0.3403124999998909,-6.0476118890308115,12.19916745966242,116.0,MEDIUM
12/2/2025,09:48:35,12/2/2025,09:48:47,long,25579.5,25571.19,STOP,-8.3145,-170.29,0,8.314549,9.325,12.471823,0.23487499999973807,0.23487499999973807,0.3144999999998618,0.3144999999998618,-5.376582744805157,11.976251769772505,116.0,MEDIUM
12/2/2025,09:50:48,12/2/2025,09:51:32,short,25599.0,25585.35,TARGET,13.6521,269.04,1,9.101408,9.05,13.652111,-0.10487500000017462,0.10487500000017462,-0.012437499999941792,0.012437499999941792,0.7236060196802825,13.206521016698572,116.0,MEDIUM
12/2/2025,09:51:32,12/2/2025,09:51:49,long,25587.5,25601.14,TARGET,13.6408,268.82,1,9.093864,9.5,13.640797,-0.06724999999969442,0.06724999999969442,-0.05249999999996362,0.05249999999996362,-0.08522939836858079,13.213138017010627,117.0,MEDIUM
12/2/2025,09:51:49,12/2/2025,09:52:54,short,25604.25,25590.44,TARGET,13.809,272.18,1,9.20601,9.45,13.809015,-0.04650000000001455,0.04650000000001455,-0.06749999999992724,0.06749999999992724,-0.2117090449878134,13.208341832171332,117.0,MEDIUM
12/2/2025,09:52:54,12/2/2025,09:53:01,short,25588.0,25575.25,REVERSAL,12.75,251.0,1,9.498087,8.35,14.24713,0.06674999999995634,0.06674999999995634,-0.0002499999998690328,0.0002499999998690328,0.580799501989878,13.793937519000504,117.0,MEDIUM
12/2/2025,09:53:01,12/2/2025,09:53:27,long,25575.25,25565.64,STOP,-9.6129,-196.26,0,9.612935,8.55,14.419403,0.06700000000018917,0.06700000000018917,0.003125,0.003125,0.5572603325704542,13.763101167812412,117.0,MEDIUM
12/2/2025,09:54:03,12/2/2025,09:54:31,long,25580.75,25570.9,STOP,-9.8536,-201.07,0,9.853594,8.55,14.780391,-0.3071250000000873,0.3071250000000873,-0.12006249999994907,0.12006249999994907,0.9657997155722935,14.728900883384705,117.0,MEDIUM
12/2/2025,09:57:54,12/2/2025,10:00:29,short,25595.5,25605.61,STOP,-10.1105,-206.21,0,10.110491,8.75,15.165736,-0.07450000000026194,0.07450000000026194,-0.13643750000010185,0.13643750000010185,0.24252707806484963,14.827564235374131,117.0,MEDIUM
12/2/2025,10:03:12,12/2/2025,10:11:06,short,25637.75,25611.25,REVERSAL,26.5,526.0,1,22.891302,5.675,34.336953,0.5962499999997817,0.5962499999997817,0.5173124999999346,0.5173124999999346,5.7364835561257195,33.822353986220065,117.0,MEDIUM
12/2/2025,10:11:06,12/2/2025,10:14:57,long,25611.25,25640.0,TARGET,28.7477,570.95,1,19.165117,7.95,28.747676,0.5153749999997672,0.5153749999997672,0.6269999999998618,0.6269999999998618,-6.68489568563588,29.908145111950844,117.0,MEDIUM
12/2/2025,10:14:57,12/2/2025,10:16:23,short,25640.5,25633.0,REVERSAL,7.5,146.0,1,10.054901,7.925,15.082351,0.31775000000016007,0.31775000000016007,0.3145625000001019,0.3145625000001019,-6.034152753397866,15.458846549400992,117.0,MEDIUM
12/2/2025,10:16:23,12/2/2025,10:18:46,long,25633.0,25623.7,STOP,-9.2959,-189.92,0,9.295905,7.4,13.943858,0.24012500000026193,0.24012500000026193,0.2883125000000291,0.2883125000000291,-3.36398915392218,13.521513759996736,117.0,MEDIUM
12/2/2025,10:18:46,12/2/2025,10:19:17,long,25626.75,25617.53,STOP,-9.2246,-188.49,0,9.224572,7.775,13.836858,0.071875,0.071875,0.1733749999999418,0.1733749999999418,-0.5594941025849849,13.297621694939632,117.0,MEDIUM
12/2/2025,10:23:53,12/2/2025,10:25:10,short,25635.25,25646.29,STOP,-11.0355,-224.71,0,11.035528,7.55,16.553291,-0.09675000000024739,0.09675000000024739,-0.1672500000000582,0.1672500000000582,0.7045817388031796,16.42732993778686,117.0,MEDIUM
12/2/2025,10:25:10,12/2/2025,10:25:58,short,25641.0,25624.66,TARGET,16.3426,322.85,1,10.895089,5.975,16.342634,-0.03125,0.03125,-0.1133125000000291,0.1133125000000291,-0.31242089775215476,16.10870209644316,117.0,MEDIUM
12/2/2025,10:26:34,12/2/2025,10:26:46,long,25626.75,25616.05,STOP,-10.6986,-217.97,0,10.698638,7.475,16.047957,-0.03899999999994179,0.03899999999994179,-0.04456250000002911,0.04456250000002911,-0.29803529800849304,15.952263077537495,117.0,MEDIUM
12/2/2025,10:26:46,12/2/2025,10:28:12,long,25615.0,25604.21,STOP,-10.7945,-219.89,0,10.794519,8.05,16.191779,-0.039624999999796275,0.039624999999796275,-0.04174999999995634,0.04174999999995634,-0.1775810892196361,15.965744886948368,117.0,MEDIUM
12/2/2025,10:40:10,12/2/2025,10:40:42,short,25573.0,25588.21,STOP,-15.2129,-308.26,0,15.212859,8.75,22.819288,-0.6485000000000583,0.6485000000000583,-0.7078125,0.7078125,-12.318862669439362,24.4595981514913,117.0,MEDIUM
12/2/2025,10:47:30,12/2/2025,10:50:01,short,25628.0,25656.72,STOP,-28.7232,-578.46,0,28.723238,6.625,43.084857,0.6493750000001455,0.6493750000001455,0.5921249999999418,0.5921249999999418,5.632299903100112,42.14621847188733,117.0,MEDIUM
12/2/2025,11:00:04,12/2/2025,11:01:56,long,25622.0,25652.67,TARGET,30.6721,609.44,1,20.448059,7.775,30.672089,0.8023750000000291,0.8023750000000291,0.8614999999999782,0.8614999999999782,-13.420455181807377,32.39594765634147,117.0,MEDIUM
12/2/2025,11:01:56,12/2/2025,11:05:01,short,25657.25,25647.25,REVERSAL,10.0,196.0,1,14.113278,7.925,21.169917,0.3176250000000437,0.3176250000000437,0.4236249999999927,0.4236249999999927,-5.236257632892144,21.468437683899456,117.0,MEDIUM
12/2/2025,11:05:01,12/2/2025,11:05:41,long,25647.25,25635.8,STOP,-11.4528,-233.06,0,11.452841,7.7,17.179262,0.34262500000004364,0.34262500000004364,0.3415000000000873,0.3415000000000873,-2.7927101075844547,17.44124254685262,117.0,MEDIUM
12/2/2025,11:05:41,12/2/2025,11:05:56,long,25632.0,25621.11,STOP,-10.8893,-221.79,0,10.88925,8.025,16.333876,0.2941249999999854,0.2941249999999854,0.32393750000010185,0.32393750000010185,-3.280344726314812,16.39152485809919,118.0,LOW
12/2/2025,11:35:40,12/2/2025,11:37:15,short,25467.0,25483.71,STOP,-16.713,-338.26,0,16.713037,9.275,25.069555,-0.3566249999999854,0.3566249999999854,-0.5329375000001164,0.5329375000001164,-4.1844220452834975,24.889944962831727,118.0,LOW
12/2/2025,11:42:00,12/2/2025,11:55:26,short,25503.5,25532.18,STOP,-28.6779,-577.56,0,28.677928,6.75,43.016892,0.530750000000262,0.530750000000262,0.43431250000012367,0.43431250000012367,9.132549230845164,41.793521640864455,118.0,LOW
12/2/2025,12:51:04,12/2/2025,12:52:14,long,25589.0,25579.91,STOP,-9.0883,-185.77,0,9.088282,7.725,13.632423,0.3709999999999127,0.3709999999999127,0.4483125000000655,0.4483125000000655,-7.403341661687792,14.132800889767081,118.0,LOW
12/2/2025,13:00:26,12/2/2025,13:07:06,long,25524.5,25575.66,TARGET,51.1602,1019.2,1,34.106811,7.275,51.160216,-0.9668750000000728,0.9668750000000728,-0.8155000000000655,0.8155000000000655,9.017067745354296,51.14941278472082,118.0,LOW
12/2/2025,13:07:20,12/2/2025,13:35:24,short,25572.0,25551.75,REVERSAL,20.25,401.0,1,29.897732,7.6,44.846598,-0.4725000000002183,0.4725000000002183,-0.5511875000000146,0.5511875000000146,-4.207558183782162,45.37562901817699,118.0,LOW
12/2/2025,13:35:24,12/2/2025,13:37:19,long,25551.75,25537.65,STOP,-14.0997,-285.99,0,14.099668,8.4,21.149503,0.4587499999997817,0.4587499999997817,0.40362499999991996,0.40362499999991996,-7.0867487055873575,21.430322711668342,118.0,LOW
12/2/2025,13:37:41,12/2/2025,13:40:46,long,25544.5,25531.99,STOP,-12.5102,-254.2,0,12.510191,9.175,18.765286,0.29375,0.29375,0.3710624999999709,0.3710624999999709,-6.690727449526154,18.891806917228795,118.0,LOW
12/2/2025,13:47:56,12/2/2025,13:52:10,short,25563.5,25574.51,STOP,-11.0099,-224.2,0,11.009903,7.05,16.514855,-0.10200000000004365,0.10200000000004365,-0.04656250000007276,0.04656250000007276,-0.847125602219176,16.547664753589263,118.0,LOW
12/2/2025,13:56:04,12/2/2025,14:00:00,short,25568.25,25581.2,STOP,-12.948,-262.96,0,12.947958,6.525,19.421937,0.32487499999988356,0.32487499999988356,0.2203125,0.2203125,2.722399335168209,19.405267669747175,118.0,LOW
12/2/2025,14:24:00,12/2/2025,14:30:42,long,25564.75,25591.12,TARGET,26.3686,523.37,1,17.57908,8.175,26.368621,0.3806249999997817,0.3806249999997817,0.4709999999999127,0.4709999999999127,-5.056814642866314,27.254013451875394,118.0,LOW
12/2/2025,14:30:51,12/2/2025,14:43:57,short,25599.0,25584.5,REVERSAL,14.5,286.0,1,13.952357,6.625,20.928536,0.24887500000004364,0.24887500000004364,0.2646875000000364,0.2646875000000364,-3.6082624068320257,21.176085587066915,118.0,LOW
12/2/2025,14:43:57,12/2/2025,14:48:19,long,25584.5,25603.38,TARGET,18.8831,373.66,1,12.588744,6.725,18.883116,0.23924999999981084,0.23924999999981084,0.25993749999997817,0.25993749999997817,-1.0804386470600704,19.159672204611645,118.0,LOW
12/2/2025,14:48:19,12/2/2025,14:50:40,short,25604.25,25615.83,STOP,-11.5773,-235.55,0,11.577278,7.6,17.365917,0.1647499999999127,0.1647499999999127,0.20187499999992725,0.20187499999992725,-2.641923369514128,16.903272903975076,118.0,LOW
12/2/2025,14:54:19,12/2/2025,14:59:00,short,25623.75,25640.99,STOP,-17.2378,-348.76,0,17.237796,5.4,25.856694,0.2991249999999127,0.2991249999999127,0.25,0.25,5.927603866376707,24.99401318768903,118.0,LOW
12/2/2025,15:36:37,12/2/2025,15:37:28,long,25626.75,25619.83,STOP,-6.9249,-142.5,0,6.924945,5.875,10.387418,0.40037499999998544,0.40037499999998544,0.4192500000001019,0.4192500000001019,-7.080066896858183,11.12708272768032,118.0,LOW
12/2/2025,15:37:28,12/2/2025,15:38:49,long,25624.25,25618.16,STOP,-6.0894,-125.79,0,6.089423,6.0,9.134134,0.3389999999999418,0.3389999999999418,0.41056250000001454,0.41056250000001454,-7.119961208510775,9.658358617934619,118.0,LOW
12/3/2025,09:30:05,12/3/2025,09:31:29,short,25478.0,25497.2,STOP,-19.1955,-387.91,0,19.195495,9.075,28.793242,-0.0005000000001018634,0.0005000000001018634,-0.16668749999989813,0.16668749999989813,-0.6982050066894487,27.900284778877666,118.0,LOW
12/3/2025,09:31:29,12/3/2025,09:31:38,short,25496.5,25514.68,STOP,-18.1786,-367.57,0,18.17861,11.6,27.267915,0.2733749999999418,0.2733749999999418,0.21893749999999274,0.21893749999999274,-2.2797755390760095,26.184649703259165,118.0,LOW
12/3/2025,09:34:59,12/3/2025,09:35:21,long,25471.5,25503.67,TARGET,32.1666,639.33,1,21.444371,12.45,32.166557,0.41300000000010184,0.41300000000010184,0.63799999999992,0.63799999999992,-1.6051462538971748,32.428671936529625,118.0,LOW
12/3/2025,09:35:39,12/3/2025,09:36:45,long,25489.75,25510.5,REVERSAL,20.75,411.0,1,19.263611,13.725,28.895417,0.2337500000001455,0.2337500000001455,0.39249999999992724,0.39249999999992724,-2.9772267598675484,29.545465483031826,119.0,MEDIUM
12/3/2025,09:36:45,12/3/2025,09:38:29,short,25510.5,25483.58,TARGET,26.9225,534.45,1,17.948342,15.3,26.922513,0.21949999999997089,0.21949999999997089,0.22456249999995634,0.22456249999995634,-2.62508824009479,27.305178952929147,119.0,MEDIUM
12/3/2025,09:38:29,12/3/2025,09:39:14,long,25494.25,25476.78,STOP,-17.4659,-353.32,0,17.465898,14.325,26.198847,0.19037499999976717,0.19037499999976717,0.20756249999994908,0.20756249999994908,-0.7968677058562967,26.22349655117789,119.0,MEDIUM
12/3/2025,09:39:14,12/3/2025,09:39:44,long,25472.0,25454.3,STOP,-17.7049,-358.1,0,17.704872,16.125,26.557308,0.016374999999970895,0.016374999999970895,0.17012500000000727,0.17012500000000727,0.06735651843176527,26.31679345894502,119.0,MEDIUM
12/3/2025,09:41:08,12/3/2025,09:42:01,short,25512.25,25485.0,REVERSAL,27.25,541.0,1,18.698131,13.025,28.047196,0.046749999999883586,0.046749999999883586,-0.08099999999994907,0.08099999999994907,-0.37436640894913964,28.33718513093528,119.0,MEDIUM
12/3/2025,09:42:01,12/3/2025,09:44:25,long,25485.0,25467.42,STOP,-17.5824,-355.65,0,17.582357,13.75,26.373535,0.297124999999869,0.297124999999869,0.08612499999999272,0.08612499999999272,-2.690473910840346,26.46234754173944,119.0,MEDIUM
12/3/2025,09:44:25,12/3/2025,09:46:02,long,25471.5,25498.04,TARGET,26.5433,526.87,1,17.695523,12.425,26.543284,-0.24499999999970895,0.24499999999970895,-0.01124999999992724,0.01124999999992724,-0.2310813783922825,26.206170851361954,119.0,MEDIUM
12/3/2025,09:46:07,12/3/2025,09:46:27,short,25495.75,25476.75,REVERSAL,19.0,376.0,1,15.992927,13.4,23.989391,-0.3146250000001601,0.3146250000001601,-0.2798124999999345,0.2798124999999345,-1.1283329480276976,25.077837903334256,119.0,MEDIUM
12/3/2025,09:46:27,12/3/2025,09:46:59,long,25476.75,25499.96,TARGET,23.2131,460.26,1,15.475384,14.1,23.213076,-0.3397500000002765,0.3397500000002765,-0.2853750000000218,0.2853750000000218,-3.015642972777691,23.62379745468049,119.0,MEDIUM
12/3/2025,09:46:59,12/3/2025,09:47:08,short,25481.0,25495.75,STOP,-14.7495,-298.99,0,14.74946,15.425,22.12419,-0.355000000000291,0.355000000000291,-0.27525000000005095,0.27525000000005095,-3.9925007385628923,22.881641083024444,119.0,MEDIUM
12/3/2025,09:47:08,12/3/2025,09:48:45,short,25493.25,25482.5,REVERSAL,10.75,211.0,1,14.378994,15.975,21.568491,-0.35175000000017465,0.35175000000017465,-0.2716875000000073,0.2716875000000073,-4.589433217775824,22.28553532205087,119.0,MEDIUM
12/3/2025,09:48:45,12/3/2025,09:48:58,long,25482.5,25470.13,STOP,-12.3732,-251.46,0,12.373233,14.6,18.55985,-0.29562499999992725,0.29562499999992725,-0.3176875000001019,0.3176875000001019,-4.976114993954795,18.647682460725694,119.0,MEDIUM
12/3/2025,09:48:58,12/3/2025,09:51:35,long,25469.25,25487.88,TARGET,18.6295,368.59,1,12.419686,13.95,18.629529,-0.3007499999999709,0.3007499999999709,-0.32625000000007276,0.32625000000007276,-5.165072216684447,17.99908258214137,119.0,MEDIUM
12/3/2025,09:52:05,12/3/2025,09:52:48,long,25477.75,25464.53,STOP,-13.2184,-268.37,0,13.218406,14.275,19.827609,-0.12024999999994179,0.12024999999994179,-0.17531249999992723,0.17531249999992723,0.44055949799072636,18.82912281146307,119.0,MEDIUM
12/3/2025,09:52:48,12/3/2025,09:53:08,long,25463.5,25450.11,STOP,-13.3871,-271.74,0,13.387138,12.65,20.080707,-0.13837500000008732,0.13837500000008732,-0.1443750000000364,0.1443750000000364,0.18450322072178693,18.733130557411403,119.0,MEDIUM
12/3/2025,09:54:33,12/3/2025,09:59:58,short,25488.0,25504.35,STOP,-16.3549,-331.1,0,16.354919,13.475,24.532378,-0.39500000000007274,0.39500000000007274,-0.4113124999999854,0.4113124999999854,2.708866966003029,23.662013665798252,119.0,MEDIUM
12/3/2025,10:00:24,12/3/2025,10:01:00,short,25506.25,25524.35,STOP,-18.1026,-366.05,0,18.102555,16.4,27.153833,0.17950000000018917,0.17950000000018917,0.0695625000000291,0.0695625000000291,3.73445949877015,25.93752572735159,119.0,MEDIUM
12/3/2025,10:10:00,12/3/2025,10:17:22,long,25507.0,25547.62,TARGET,40.6194,808.39,1,27.079612,10.075,40.619418,0.7306249999997817,0.7306249999997817,0.7539999999999054,0.7539999999999054,-11.303781682812428,41.14184339223874,119.0,MEDIUM
12/3/2025,10:17:31,12/3/2025,10:21:54,short,25552.25,25522.09,TARGET,30.1589,599.18,1,20.105923,8.125,30.158885,-0.08162500000034925,0.08162500000034925,-0.0648750000000291,0.0648750000000291,0.02533001676659552,30.303501698700043,119.0,MEDIUM
12/3/2025,10:22:00,12/3/2025,10:22:20,long,25514.25,25500.15,STOP,-14.0994,-285.99,0,14.09944,9.25,21.149161,-0.26237499999988356,0.26237499999988356,-0.23956249999991996,0.23956249999991996,-4.298485337877526,20.759261590312207,119.0,MEDIUM
12/3/2025,10:22:26,12/3/2025,10:23:12,long,25519.75,25536.75,REVERSAL,17.0,336.0,1,14.540549,8.75,21.810824,-0.24387500000011642,0.24387500000011642,-0.2741250000000946,0.2741250000000946,-0.7131686625085294,21.348541888919897,120.0,MEDIUM
12/3/2025,10:23:12,12/3/2025,10:24:40,short,25536.75,25551.24,STOP,-14.4913,-293.83,0,14.491251,7.725,21.736877,-0.17462500000001455,0.17462500000001455,-0.21849999999994907,0.21849999999994907,0.5739125168892798,21.333174107201486,120.0,MEDIUM
12/3/2025,10:24:40,12/3/2025,10:29:14,short,25550.25,25528.05,TARGET,22.1988,439.98,1,14.799208,7.5,22.198813,0.00625,0.00625,-0.11618750000016007,0.11618750000016007,0.22136673221700676,21.63325839128286,120.0,MEDIUM
12/3/2025,10:29:56,12/3/2025,10:32:05,long,25522.5,25506.9,STOP,-15.6049,-316.1,0,15.604928,11.25,23.407392,0.12537499999998544,0.12537499999998544,0.16931249999997816,0.16931249999997816,0.5539991475197077,23.35133523493418,120.0,MEDIUM
12/3/2025,10:32:29,12/3/2025,10:33:01,long,25514.75,25536.11,TARGET,21.3644,423.29,1,14.242923,10.35,21.364384,0.04125000000021828,0.04125000000021828,0.07000000000007275,0.07000000000007275,-0.8829299326705815,21.45646687804948,120.0,MEDIUM
12/3/2025,10:33:03,12/3/2025,10:33:07,short,25555.25,25569.1,STOP,-13.8549,-281.1,0,13.854918,10.55,20.782377,0.0726249999999709,0.0726249999999709,0.08937500000010914,0.08937500000010914,-1.1625550350012333,20.53298896070728,120.0,MEDIUM
12/3/2025,10:33:39,12/3/2025,10:33:58,short,25552.0,25570.49,STOP,-18.4873,-373.75,0,18.487334,11.25,27.731001,0.2682499999998981,0.2682499999998981,0.32768749999995633,0.32768749999995633,4.920315795274412,27.72593242490975,120.0,MEDIUM
12/3/2025,10:52:25,12/3/2025,10:54:00,long,25575.0,25565.02,STOP,-9.9804,-203.61,0,9.980387,8.425,14.97058,0.19674999999988357,0.19674999999988357,0.24237499999999274,0.24237499999999274,-2.049414956173081,15.08579380180073,120.0,MEDIUM
12/3/2025,10:55:12,12/3/2025,10:56:13,long,25572.0,25561.6,STOP,-10.3962,-211.92,0,10.396236,8.725,15.594354,0.014500000000043655,0.014500000000043655,0.10562499999996362,0.10562499999996362,-0.1126963860650978,14.973097415735632,120.0,MEDIUM
12/3/2025,11:02:14,12/3/2025,11:06:59,short,25590.5,25571.68,TARGET,18.8156,372.31,1,12.543706,8.225,18.81556,-0.16687500000007277,0.16687500000007277,-0.18387500000008003,0.18387500000008003,-0.5807161213367031,18.425986753738577,120.0,MEDIUM
12/3/2025,11:06:59,12/3/2025,11:08:05,long,25577.0,25564.77,STOP,-12.2333,-248.67,0,12.233278,7.925,18.349918,0.16237499999988358,0.16237499999988358,0.03387499999989814,0.03387499999989814,-0.36603527121698676,17.721275050315732,120.0,MEDIUM
12/3/2025,11:08:05,12/3/2025,11:09:19,long,25570.5,25558.12,STOP,-12.3845,-251.69,0,12.384505,8.375,18.576758,0.08912500000005821,0.08912500000005821,0.04418750000004366,0.04418750000004366,-0.4506157554114978,17.83098629812573,120.0,MEDIUM
12/3/2025,11:19:22,12/3/2025,11:22:40,short,25576.25,25549.38,TARGET,26.8694,533.39,1,17.912925,7.75,26.869387,-0.2600000000002183,0.2600000000002183,-0.3798125000001164,0.3798125000001164,-2.5195315289165876,26.979413631431903,120.0,MEDIUM
12/3/2025,11:22:40,12/3/2025,11:30:18,long,25551.25,25565.25,REVERSAL,14.0,276.0,1,18.134519,8.85,27.201778,0.019250000000101863,0.019250000000101863,-0.09518750000006548,0.09518750000006548,0.19125202566585742,26.756217070831507,120.0,MEDIUM
12/3/2025,11:30:18,12/3/2025,11:31:19,short,25565.25,25582.72,STOP,-17.4747,-353.49,0,17.474742,8.3,26.212113,-0.16937500000021827,0.16937500000021827,-0.1304375000001528,0.1304375000001528,-1.1454050258657062,26.25581502071615,120.0,MEDIUM
12/3/2025,11:31:19,12/3/2025,11:33:22,short,25583.5,25600.32,STOP,-16.8214,-340.43,0,16.821378,7.825,25.232067,-0.17162500000013098,0.17162500000013098,-0.14631250000002183,0.14631250000002183,-2.396514254764959,24.899683019042087,120.0,MEDIUM
12/3/2025,11:53:04,12/3/2025,11:55:08,long,25575.5,25554.54,STOP,-20.9597,-423.19,0,20.959748,7.2,31.439622,0.29162499999983993,0.29162499999983993,0.26518749999995633,0.26518749999995633,-4.695377252743285,31.6874504534144,120.0,MEDIUM
12/3/2025,11:58:55,12/3/2025,12:04:20,long,25551.5,25589.22,TARGET,37.7236,750.47,1,25.149056,7.175,37.723583,-0.31137500000004364,0.31137500000004364,-0.16818750000002183,0.16818750000002183,7.218432762559161,36.70274790449515,120.0,MEDIUM
12/3/2025,12:06:51,12/3/2025,12:12:33,long,25560.0,25582.25,REVERSAL,22.25,441.0,1,23.17868,8.25,34.768021,-0.2467499999998836,0.2467499999998836,-0.2899999999999636,0.2899999999999636,-2.1458252948136547,34.970580715045,120.0,MEDIUM
12/3/2025,12:12:33,12/3/2025,12:14:50,short,25582.25,25600.06,STOP,-17.8099,-360.2,0,17.809895,9.775,26.714843,-0.42337499999994177,0.42337499999994177,-0.47124999999996364,0.47124999999996364,-5.011241706241364,27.30208603616144,120.0,MEDIUM
12/3/2025,12:14:50,12/3/2025,12:21:11,short,25598.75,25615.69,STOP,-16.943,-342.86,0,16.942993,7.65,25.414489,-0.21825000000026193,0.21825000000026193,-0.34493750000001455,0.34493750000001455,-3.711299963356705,25.91639912384449,121.0,MEDIUM
12/3/2025,13:20:01,12/3/2025,13:29:09,long,25615.5,25627.76,TARGET,12.2632,241.26,1,8.175489,4.9,12.263233,0.058874999999898134,0.058874999999898134,0.03968750000003638,0.03968750000003638,0.5516567972599891,12.082202285661607,121.0,MEDIUM
12/3/2025,13:29:09,12/3/2025,13:30:03,short,25625.5,25632.23,STOP,-6.7345,-138.69,0,6.734461,5.15,10.101692,0.11474999999991269,0.11474999999991269,0.060124999999970896,0.060124999999970896,-1.8343492332278988,10.165395490523297,121.0,MEDIUM
12/3/2025,13:30:03,12/3/2025,13:39:54,short,25635.0,25641.74,STOP,-6.7385,-138.77,0,6.738548,5.6,10.107822,0.13862499999995634,0.13862499999995634,0.07600000000002183,0.07600000000002183,-2.0202165910875305,9.84509925072523,121.0,MEDIUM
12/3/2025,13:58:04,12/3/2025,14:01:05,long,25629.5,25642.75,REVERSAL,13.25,261.0,1,11.370164,4.675,17.055246,0.06300000000010186,0.06300000000010186,0.12643749999988357,0.12643749999988357,0.37752546853493385,16.707703950102946,121.0,MEDIUM
12/3/2025,14:01:05,12/3/2025,14:26:46,short,25642.75,25653.89,STOP,-11.1439,-226.88,0,11.143939,4.95,16.715908,0.03799999999973806,0.03799999999973806,0.05849999999991269,0.05849999999991269,-0.35518339201676596,16.337524208947695,121.0,MEDIUM
12/3/2025,14:27:34,12/3/2025,14:43:24,short,25650.75,25657.7,STOP,-6.9465,-142.93,0,6.946537,4.575,10.419805,0.17675000000017463,0.17675000000017463,0.21750000000010913,0.21750000000010913,-0.6168494546606063,10.306088700815538,121.0,MEDIUM
12/3/2025,15:38:07,12/3/2025,15:41:07,long,25673.0,25672.0,REVERSAL,-1.0,-24.0,0,6.196311,4.25,9.294467,0.17837499999986903,0.17837499999986903,0.24493750000001455,0.24493750000001455,-3.021346332377494,9.775201211190499,121.0,MEDIUM
12/3/2025,15:41:07,12/3/2025,15:44:05,short,25672.0,25677.59,STOP,-5.587,-115.74,0,5.587041,5.2,8.380561,0.1553749999999127,0.1553749999999127,0.1906875000000582,0.1906875000000582,-3.046514582658874,8.617530266518132,121.0,MEDIUM
12/3/2025,15:44:05,12/3/2025,15:45:07,short,25675.75,25680.88,STOP,-5.128,-106.56,0,5.127965,4.85,7.691947,0.11674999999995635,0.11674999999995635,0.1475624999999127,0.1475624999999127,-2.104094397961555,7.671106813228944,121.0,MEDIUM
12/4/2025,09:30:00,12/4/2025,09:31:01,short,25700.5,25660.5,REVERSAL,40.0,796.0,1,32.207761,7.05,48.311642,0.403125,0.403125,0.4789375000000291,0.4789375000000291,1.4503905608106606,48.03988409900349,121.0,MEDIUM
12/4/2025,09:31:01,12/4/2025,09:33:46,long,25660.5,25630.55,STOP,-29.9473,-602.95,0,29.947304,8.175,44.920956,0.26774999999979626,0.26774999999979626,0.31599999999998546,0.31599999999998546,-2.6465949553914214,45.19800859860298,121.0,MEDIUM
12/4/2025,09:35:09,12/4/2025,09:40:05,long,25578.75,25632.0,REVERSAL,53.25,1061.0,1,46.237816,10.05,69.356724,-1.4595000000001164,1.4595000000001164,-1.433062500000051,1.433062500000051,8.936784871866664,68.91344565980656,121.0,MEDIUM
12/4/2025,09:40:05,12/4/2025,09:42:20,short,25632.0,25592.81,TARGET,39.1882,779.76,1,26.125455,11.825,39.188182,-0.4412500000002183,0.4412500000002183,-0.5576875000000655,0.5576875000000655,-5.912161005321771,39.32845277052461,121.0,MEDIUM
12/4/2025,09:42:21,12/4/2025,09:51:44,long,25588.5,25567.76,STOP,-20.7435,-418.87,0,20.743472,11.025,31.115208,-0.3392499999998108,0.3392499999998108,-0.2491249999999127,0.2491249999999127,-4.9799371052317305,30.857629669802787,121.0,MEDIUM
12/4/2025,09:52:41,12/4/2025,09:53:51,long,25587.25,25569.67,STOP,-17.5831,-355.66,0,17.583063,11.3,26.374594,-0.33262499999982537,0.33262499999982537,-0.34156249999996363,0.34156249999996363,2.751575893218753,25.797401949484023,121.0,MEDIUM
12/4/2025,10:08:52,12/4/2025,10:10:14,short,25583.5,25563.0,TARGET,20.5032,406.06,1,13.668817,8.775,20.503226,-0.17862499999973808,0.17862499999973808,-0.18575000000000727,0.18575000000000727,-0.8229003325594455,20.480216668963216,121.0,MEDIUM
12/4/2025,10:10:40,12/4/2025,10:13:20,long,25560.0,25547.42,STOP,-12.5826,-255.65,0,12.582622,9.6,18.873933,-0.13962500000016007,0.13962500000016007,-0.15912499999994906,0.15912499999994906,-2.262361768667546,18.21785490029567,121.0,MEDIUM
12/4/2025,10:13:25,12/4/2025,10:14:27,long,25558.25,25576.9,TARGET,18.6483,368.97,1,12.432202,8.95,18.648303,-0.1452499999999418,0.1452499999999418,-0.16331250000002911,0.16331250000002911,0.22176502668564524,18.151514578414453,121.0,MEDIUM
12/4/2025,10:14:27,12/4/2025,10:15:08,short,25576.25,25557.75,TARGET,18.4974,365.95,1,12.331578,8.075,18.497367,-0.16150000000016007,0.16150000000016007,-0.16681250000001455,0.16681250000001455,-0.28525714444216277,17.851104477469015,121.0,MEDIUM
12/4/2025,10:15:08,12/4/2025,10:16:21,long,25555.5,25570.5,REVERSAL,15.0,296.0,1,11.416201,8.125,17.124302,-0.15375000000021827,0.15375000000021827,-0.14237499999999273,0.14237499999999273,-1.0153050989360324,17.126083532856104,122.0,MEDIUM
12/4/2025,10:16:21,12/4/2025,10:16:50,short,25570.5,25579.82,STOP,-9.3195,-190.39,0,9.319489,8.9,13.979233,-0.26875,0.26875,-0.21512500000008003,0.21512500000008003,-4.021929050049977,13.829175427419038,122.0,MEDIUM
12/4/2025,10:17:13,12/4/2025,10:17:35,short,25577.75,25587.43,STOP,-9.677,-197.54,0,9.676974,7.95,14.51546,-0.2288749999999709,0.2288749999999709,-0.1913125000000946,0.1913125000000946,-3.454411516245873,13.67167201661023,122.0,MEDIUM
12/4/2025,10:24:14,12/4/2025,10:25:22,long,25561.75,25551.38,STOP,-10.3711,-211.42,0,10.371091,8.15,15.556636,0.20600000000013097,0.20600000000013097,0.22593749999996363,0.22593749999996363,1.0768874940229516,14.85697386869374,122.0,MEDIUM
12/4/2025,10:26:53,12/4/2025,10:28:11,long,25542.0,25570.95,TARGET,28.9461,574.92,1,19.297373,8.8,28.94606,-0.3523750000000291,0.3523750000000291,-0.3722499999999854,0.3722499999999854,5.013374937666551,28.577246279784447,122.0,MEDIUM
12/4/2025,10:28:17,12/4/2025,10:30:00,short,25576.0,25594.75,STOP,-18.7519,-379.04,0,18.751903,8.75,28.127855,-0.24737500000010187,0.24737500000010187,-0.2998750000000655,0.2998750000000655,-0.7534493662745874,27.82379691350986,122.0,MEDIUM
12/4/2025,10:30:00,12/4/2025,10:36:55,short,25587.5,25607.78,STOP,-20.279,-409.58,0,20.278991,6.675,30.418486,0.2328749999996944,0.2328749999996944,0.04699999999993452,0.04699999999993452,1.9183139414996653,29.912991473813523,122.0,MEDIUM
12/4/2025,10:47:45,12/4/2025,10:50:57,long,25597.25,25579.6,STOP,-17.6473,-356.95,0,17.647262,6.625,26.470894,0.6581249999999272,0.6581249999999272,0.8194999999999709,0.8194999999999709,-10.805648980981367,27.67214012999191,122.0,MEDIUM
12/4/2025,10:51:01,12/4/2025,10:52:09,long,25582.5,25566.42,STOP,-16.0769,-325.54,0,16.076864,8.725,24.115297,-0.018375000000014553,0.018375000000014553,0.08262500000000728,0.08262500000000728,0.397514197340314,23.891481309101856,122.0,MEDIUM
12/4/2025,11:14:12,12/4/2025,11:21:13,short,25560.0,25579.77,STOP,-19.7716,-399.43,0,19.771615,7.925,29.657423,-0.41700000000018916,0.41700000000018916,-0.3946250000000873,0.3946250000000873,-5.413152228708963,30.234646436832808,122.0,MEDIUM
12/4/2025,11:25:53,12/4/2025,11:39:27,short,25578.75,25577.0,REVERSAL,1.75,31.0,1,23.504896,6.125,35.257344,0.5363750000000437,0.5363750000000437,0.3813750000001164,0.3813750000001164,5.718872893181171,35.148481454582495,122.0,MEDIUM
12/4/2025,11:39:27,12/4/2025,11:44:09,long,25577.0,25564.58,STOP,-12.4215,-252.43,0,12.421477,8.125,18.632216,0.3427500000001601,0.3427500000001601,0.4116874999999709,0.4116874999999709,-2.645423163821164,19.390074394565918,122.0,MEDIUM
12/4/2025,11:44:28,12/4/2025,11:45:44,long,25568.75,25581.71,TARGET,12.9635,255.27,1,8.642365,7.15,12.963547,0.14437500000021827,0.14437500000021827,0.20962500000005094,0.20962500000005094,-3.410734240277847,12.560076623766502,122.0,MEDIUM
12/4/2025,11:45:57,12/4/2025,11:46:08,long,25583.25,25587.5,REVERSAL,4.25,81.0,1,8.501669,7.525,12.752503,0.07687500000029104,0.07687500000029104,0.16981250000008002,0.16981250000008002,-1.7804224921844707,12.398064305215396,122.0,MEDIUM
12/4/2025,11:46:08,12/4/2025,11:46:34,short,25587.5,25595.97,STOP,-8.4654,-173.31,0,8.465363,7.525,12.698044,0.07712500000016007,0.07712500000016007,0.16112499999999272,0.16112499999999272,-1.7014442916891888,12.302118919445277,122.0,MEDIUM
12/4/2025,11:54:06,12/4/2025,11:57:54,short,25626.25,25646.55,STOP,-20.2996,-409.99,0,20.299628,5.225,30.449442,0.5944999999999709,0.5944999999999709,0.45724999999983995,0.45724999999983995,6.215836893366156,29.98628822397182,122.0,MEDIUM
12/4/2025,12:09:09,12/4/2025,12:37:27,long,25604.75,25622.25,REVERSAL,17.5,346.0,1,21.221521,6.35,31.832282,0.4641250000000582,0.4641250000000582,0.49437500000003637,0.49437500000003637,-6.126414907632693,33.26609827758463,122.0,MEDIUM
12/4/2025,12:37:27,12/4/2025,12:39:52,short,25622.25,25603.78,TARGET,18.4698,365.4,1,12.31323,4.975,18.469845,-0.32612499999995637,0.32612499999995637,-0.41049999999995634,0.41049999999995634,-3.715685452019926,18.943384808572873,122.0,MEDIUM
12/4/2025,12:39:52,12/4/2025,12:54:52,long,25601.0,25617.09,TARGET,16.0913,317.83,1,10.727503,5.75,16.091254,-0.2628749999999854,0.2628749999999854,-0.3616874999999709,0.3616874999999709,-4.902793108848929,16.155632765486843,122.0,MEDIUM
12/4/2025,12:54:52,12/4/2025,13:05:31,short,25619.5,25604.47,TARGET,15.0298,296.6,1,10.019879,5.725,15.029818,-0.0071250000000873115,0.0071250000000873115,-0.02306250000001455,0.02306250000001455,0.04791804955045542,14.73780068612207,122.0,MEDIUM
12/4/2025,13:05:31,12/4/2025,13:05:58,long,25601.75,25593.59,STOP,-8.1556,-167.11,0,8.155595,5.775,12.233392,-0.07237500000010186,0.07237500000010186,-0.07862500000010186,0.07862500000010186,-1.0372008911787418,12.110435806770177,123.0,MEDIUM
12/4/2025,13:09:34,12/4/2025,13:11:07,long,25592.0,25580.67,STOP,-11.3316,-230.63,0,11.331607,5.15,16.997411,-0.24624999999978173,0.24624999999978173,-0.21181249999990542,0.21181249999990542,4.244070734448025,16.81323658943156,123.0,MEDIUM
12/4/2025,13:15:52,12/4/2025,13:29:29,short,25612.5,25624.31,STOP,-11.8144,-240.29,0,11.814397,5.4,17.721595,0.006624999999985448,0.006624999999985448,-0.11131249999998545,0.11131249999998545,0.29728375853820665,18.000838026117144,123.0,MEDIUM
12/4/2025,13:29:55,12/4/2025,13:40:59,short,25623.25,25605.07,TARGET,18.1801,359.6,1,12.120089,5.7,18.180134,0.11862499999988359,0.11862499999988359,0.03712499999983265,0.03712499999983265,0.8697854327734973,18.06781100852973,123.0,MEDIUM
12/4/2025,13:41:17,12/4/2025,14:13:16,long,25599.25,25585.73,STOP,-13.5248,-274.5,0,13.524838,5.675,20.287257,-0.047749999999723514,0.047749999999723514,0.0351250000001528,0.0351250000001528,-0.2965277436939644,20.379264034594065,123.0,MEDIUM
12/4/2025,14:14:02,12/4/2025,14:15:35,long,25594.25,25583.87,STOP,-10.3821,-211.64,0,10.382082,5.45,15.573122,-0.17124999999978172,0.17124999999978172,-0.12612499999995636,0.12612499999995636,1.563892101924539,15.18468218457758,123.0,MEDIUM
12/4/2025,14:32:21,12/4/2025,14:34:58,short,25550.5,25574.51,STOP,-24.0056,-484.11,0,24.005634,7.45,36.008451,-0.5401249999998982,0.5401249999998982,-0.5590000000000146,0.5590000000000146,-8.439378148491407,37.096101384598136,123.0,MEDIUM
12/4/2025,14:38:13,12/4/2025,15:01:25,short,25596.5,25585.75,REVERSAL,10.75,211.0,1,33.156077,5.775,49.734116,0.675,0.675,0.4633749999999054,0.4633749999999054,11.10841509788402,49.07829811515177,123.0,MEDIUM
12/4/2025,15:01:25,12/4/2025,15:04:36,long,25585.75,25574.3,STOP,-11.4484,-232.97,0,11.448445,6.35,17.172668,0.5318749999998544,0.5318749999998544,0.5397499999999127,0.5397499999999127,-11.718868815713321,19.268823697377904,123.0,MEDIUM
12/4/2025,15:09:29,12/4/2025,15:13:12,long,25572.25,25591.5,TARGET,19.251,381.02,1,12.834002,6.4,19.251004,-0.41362499999995633,0.41362499999995633,-0.2509374999999636,0.2509374999999636,5.234131448577475,19.291051525448182,123.0,MEDIUM
12/4/2025,15:17:02,12/4/2025,15:25:04,long,25577.25,25564.64,STOP,-12.6121,-256.24,0,12.61208,6.075,18.91812,0.002375000000029104,0.002375000000029104,-0.07256249999991268,0.07256249999991268,-0.007217888827021568,18.916643065564248,123.0,MEDIUM
12/4/2025,15:25:04,12/4/2025,15:33:21,long,25567.0,25578.75,REVERSAL,11.75,231.0,1,11.855822,5.725,17.783734,-0.24349999999976718,0.24349999999976718,-0.20743749999983266,0.20743749999983266,-1.1427788995644512,18.045174509733965,123.0,MEDIUM
12/4/2025,15:33:21,12/4/2025,15:35:25,short,25578.75,25570.25,REVERSAL,8.5,166.0,1,9.032722,6.35,13.549083,-0.259375,0.259375,-0.25293750000000725,0.25293750000000725,-2.524663290883826,13.900528672840021,123.0,MEDIUM
12/4/2025,15:35:25,12/4/2025,15:48:00,long,25570.25,25583.41,TARGET,13.1616,259.23,1,8.77443,6.25,13.161645,-0.18337499999979628,0.18337499999979628,-0.21587499999986903,0.21587499999986903,-2.7613876815581477,13.246837608201098,123.0,MEDIUM
12/5/2025,09:31:29,12/5/2025,09:39:39,short,25763.5,25732.5,REVERSAL,31.0,616.0,1,55.996878,7.475,83.995317,1.5450000000000728,1.5450000000000728,1.3165624999999637,1.3165624999999637,10.438619866188674,83.68516984381613,123.0,MEDIUM
12/5/2025,09:39:39,12/5/2025,09:40:33,long,25732.5,25714.61,STOP,-17.8918,-361.84,0,17.891771,9.075,26.837656,0.7833749999997963,0.7833749999997963,0.9235624999999346,0.9235624999999346,-14.530446244666894,28.917115323768048,123.0,MEDIUM
12/5/2025,09:42:48,12/5/2025,09:48:44,long,25709.75,25742.5,REVERSAL,32.75,651.0,1,27.486247,11.2,41.229371,-0.6745000000002619,0.6745000000002619,-0.48474999999998547,0.48474999999998547,8.948303900879779,40.92900674031635,123.0,MEDIUM
12/5/2025,09:48:44,12/5/2025,09:52:07,short,25742.5,25766.47,STOP,-23.9718,-483.44,0,23.971804,10.325,35.957706,-0.32075000000004367,0.32075000000004367,-0.3548124999999345,0.3548124999999345,-3.90208905152533,36.546834431631424,123.0,MEDIUM
12/5/2025,09:55:26,12/5/2025,10:05:23,short,25786.75,25820.92,STOP,-34.1699,-687.4,0,34.16994,6.575,51.25491,0.7196249999997235,0.7196249999997235,0.5271249999999782,0.5271249999999782,8.919448784036419,50.960447937375065,123.0,MEDIUM
12/5/2025,10:27:03,12/5/2025,10:31:57,long,25838.25,25854.5,REVERSAL,16.25,321.0,1,11.710351,5.3,17.565526,0.29000000000014553,0.29000000000014553,0.3675625000001673,0.3675625000001673,-2.4234231358726674,17.486277460743775,123.0,MEDIUM
12/5/2025,10:31:57,12/5/2025,10:35:53,short,25854.5,25841.55,TARGET,12.9478,254.96,1,8.631838,6.25,12.947756,0.15987499999973806,0.15987499999973806,0.12056249999986904,0.12056249999986904,-3.046299100310261,13.003372961662528,124.0,LOW
12/5/2025,10:35:53,12/5/2025,10:38:37,long,25841.25,25832.76,STOP,-8.4855,-173.71,0,8.485479,6.45,12.728218,0.1305000000000291,0.1305000000000291,0.1593124999999418,0.1593124999999418,-0.24104209674633736,12.363093830395808,124.0,LOW
12/5/2025,10:39:14,12/5/2025,10:40:32,long,25840.75,25831.96,STOP,-8.7887,-179.77,0,8.78868,5.9,13.18302,-0.1538749999999709,0.1538749999999709,-0.038250000000152794,0.038250000000152794,0.3943454796271251,12.885735082126272,124.0,LOW
12/5/2025,11:06:08,12/5/2025,11:07:14,short,25758.0,25737.46,TARGET,20.5405,406.81,1,13.693678,8.875,20.540517,-0.1845000000001164,0.1845000000001164,-0.26712499999994177,0.26712499999994177,-1.2582553019159057,20.73025302102144,124.0,LOW
12/5/2025,11:07:14,12/5/2025,11:11:00,long,25734.75,25722.13,STOP,-12.6224,-256.45,0,12.622425,8.275,18.933638,-0.18175000000010186,0.18175000000010186,-0.2306249999999636,0.2306249999999636,-1.6942535148210638,19.60480238819146,124.0,LOW
12/5/2025,11:11:15,12/5/2025,11:14:30,long,25723.5,25712.05,STOP,-11.4534,-233.07,0,11.453367,9.675,17.180051,-0.2741249999999127,0.2741249999999127,-0.3212499999999636,0.3212499999999636,1.2828085545046477,16.433459548724446,124.0,LOW
12/5/2025,11:22:47,12/5/2025,11:28:20,short,25730.0,25702.78,TARGET,27.2239,540.48,1,18.149294,6.725,27.223941,-0.29162500000020375,0.29162500000020375,-0.42762500000008,0.42762500000008,-2.7054152147975934,27.55863220927573,124.0,LOW
12/5/2025,11:28:20,12/5/2025,11:30:37,long,25701.75,25687.66,STOP,-14.0884,-285.77,0,14.088382,9.025,21.132573,-0.0639999999999418,0.0639999999999418,-0.15843750000003637,0.15843750000003637,-0.8348777206941307,20.923465337346695,124.0,LOW
12/5/2025,11:30:37,12/5/2025,11:31:15,long,25687.75,25673.78,STOP,-13.9664,-283.33,0,13.96636,7.0,20.94954,-0.24787499999983992,0.24787499999983992,-0.21975000000002182,0.21975000000002182,-0.052028436712767245,20.491031481800242,124.0,LOW
12/5/2025,11:43:40,12/5/2025,11:52:05,short,25701.25,25721.02,STOP,-19.7741,-399.48,0,19.774121,7.95,29.661182,-0.33849999999983993,0.33849999999983993,-0.32856249999986176,0.32856249999986176,-3.3835242164399126,29.64705281359714,124.0,LOW
12/5/2025,11:59:32,12/5/2025,12:10:57,short,25741.75,25705.75,REVERSAL,36.0,716.0,1,25.37234,5.625,38.058509,0.7203750000000582,0.7203750000000582,0.7244375000000218,0.7244375000000218,7.182015418727808,37.829616699093336,124.0,LOW
12/5/2025,12:10:57,12/5/2025,12:31:23,long,25705.75,25687.79,STOP,-17.9573,-363.15,0,17.957342,7.925,26.936012,0.1680000000000291,0.1680000000000291,0.25349999999998546,0.25349999999998546,-2.0500577643384545,27.287227667085972,124.0,LOW
12/5/2025,12:31:23,12/5/2025,12:36:43,long,25686.75,25668.56,STOP,-18.1948,-367.9,0,18.194779,7.7,27.292169,-0.37350000000005823,0.37350000000005823,-0.3008750000000873,0.3008750000000873,0.3642984744476365,27.529542481587733,124.0,LOW
12/5/2025,12:46:19,12/5/2025,12:47:38,short,25698.75,25710.12,STOP,-11.3723,-231.45,0,11.372341,6.25,17.058512,-0.32900000000008733,0.32900000000008733,-0.30450000000000726,0.30450000000000726,-4.6806087502181875,17.528396171522402,124.0,LOW
12/5/2025,12:47:38,12/5/2025,12:51:27,short,25708.5,25719.44,STOP,-10.9367,-222.73,0,10.936663,6.45,16.404995,-0.253125,0.253125,-0.30187499999992723,0.30187499999992723,-3.993391761207814,16.44582615482698,124.0,LOW
12/5/2025,13:21:18,12/5/2025,13:26:15,long,25712.75,25731.5,REVERSAL,18.75,371.0,1,15.750107,5.825,23.62516,0.3851249999999709,0.3851249999999709,0.41606250000004363,0.41606250000004363,-5.316196612761342,24.07694930127606,124.0,LOW
12/5/2025,13:26:15,12/5/2025,13:29:02,short,25731.5,25743.21,STOP,-11.7084,-238.17,0,11.70839,5.175,17.562585,0.2742500000000291,0.2742500000000291,0.24650000000001454,0.24650000000001454,-5.15970531173782,18.11674368406893,124.0,LOW
12/5/2025,13:31:38,12/5/2025,13:33:29,short,25741.25,25752.17,STOP,-10.9189,-222.38,0,10.918886,4.475,16.378329,0.4226249999999709,0.4226249999999709,0.396875,0.396875,0.9701725340653233,16.23551919473092,124.0,LOW
12/5/2025,13:51:07,12/5/2025,14:43:45,long,25720.5,25706.44,STOP,-14.0605,-285.21,0,14.060533,6.2,21.0908,0.005875000000014552,0.005875000000014552,0.034187500000007275,0.034187500000007275,-0.019124672556316114,20.730636049463442,124.0,LOW
12/5/2025,14:48:28,12/5/2025,14:50:30,long,25709.0,25720.29,TARGET,11.2885,221.77,1,7.525644,5.55,11.288466,-0.19799999999995635,0.19799999999995635,-0.15093750000014552,0.15093750000014552,1.1538258073216774,11.053411090795946,124.0,LOW
12/5/2025,14:51:51,12/5/2025,14:56:47,short,25727.0,25734.27,STOP,-7.2722,-149.44,0,7.272246,4.55,10.90837,-0.16375000000007275,0.16375000000007275,-0.16112499999999272,0.16112499999999272,0.23238281744781197,10.747160486996322,125.0,MEDIUM
12/5/2025,15:01:26,12/5/2025,15:10:00,short,25730.75,25716.78,TARGET,13.9721,275.44,1,9.314734,5.0,13.972101,0.14662499999976716,0.14662499999976716,0.10599999999994907,0.10599999999994907,2.3114667635298076,13.768940431426536,125.0,MEDIUM
12/5/2025,15:10:00,12/5/2025,15:16:01,long,25715.5,25728.54,TARGET,13.0413,256.83,1,8.694226,5.15,13.041339,0.02625000000007276,0.02625000000007276,0.022437499999978173,0.022437499999978173,-0.5866606362871103,12.853353758782085,125.0,MEDIUM
12/5/2025,15:16:31,12/5/2025,15:19:34,short,25731.25,25739.7,STOP,-8.4468,-172.94,0,8.446764,5.225,12.670146,0.053749999999854484,0.053749999999854484,0.044624999999905414,0.044624999999905414,-0.5176418545958299,12.471549828333412,125.0,MEDIUM
12/5/2025,15:20:01,12/5/2025,15:25:36,short,25731.5,25718.39,TARGET,13.1068,258.14,1,8.73787,4.6,13.106805,0.09200000000018918,0.09200000000018918,0.042374999999992724,0.042374999999992724,-0.005802794257151689,12.841126380146108,125.0,MEDIUM
12/5/2025,15:25:36,12/5/2025,15:41:56,long,25718.0,25709.45,STOP,-8.5466,-174.93,0,8.54665,4.7,12.819975,0.06974999999983993,0.06974999999983993,0.08087500000001455,0.08087500000001455,-0.11719208360639755,12.72393429653971,125.0,MEDIUM
12/5/2025,15:42:58,12/5/2025,15:45:53,long,25717.25,25710.01,STOP,-7.2393,-148.79,0,7.239255,4.65,10.858883,0.04400000000023283,0.04400000000023283,0.05262500000008004,0.05262500000008004,-1.122032463296728,10.661984381034026,125.0,MEDIUM
12/8/2025,09:30:00,12/8/2025,09:30:12,long,25783.0,25804.41,TARGET,21.4106,424.21,1,14.27373,6.95,21.410595,0.10812499999992724,0.10812499999992724,0.17162499999994907,0.17162499999994907,-2.096538445267157,20.904748782044557,125.0,MEDIUM
12/8/2025,09:30:15,12/8/2025,09:30:38,short,25811.75,25825.51,STOP,-13.7601,-279.2,0,13.760137,8.275,20.640205,0.00625,0.00625,0.08118750000012369,0.08118750000012369,-0.06128916190131051,20.78454849880902,125.0,MEDIUM
12/8/2025,09:30:38,12/8/2025,09:31:03,short,25823.0,25835.74,STOP,-12.74,-258.8,0,12.740041,7.275,19.110062,0.3255000000001019,0.3255000000001019,0.15443749999994907,0.15443749999994907,-2.333966246519477,19.04318830780989,125.0,MEDIUM
12/8/2025,09:39:34,12/8/2025,09:40:05,long,25808.75,25790.25,STOP,-18.5003,-374.01,0,18.500283,8.4,27.750424,0.12200000000011642,0.12200000000011642,0.07162499999994906,0.07162499999994906,-1.3540086219236187,28.177908799997844,125.0,MEDIUM
12/8/2025,09:40:07,12/8/2025,09:42:02,long,25800.75,25783.08,STOP,-17.6659,-357.32,0,17.665867,8.35,26.498801,0.1772499999999127,0.1772499999999127,0.1125,0.1125,-2.8653832751411237,26.4285412694268,125.0,MEDIUM
12/8/2025,10:02:20,12/8/2025,10:05:29,short,25772.75,25748.75,REVERSAL,24.0,476.0,1,17.980701,8.775,26.971052,-0.5506249999998545,0.5506249999998545,-0.48418750000000726,0.48418750000000726,-5.896523222820754,28.162670460906362,125.0,MEDIUM
12/8/2025,10:05:29,12/8/2025,10:07:06,long,25748.75,25760.5,REVERSAL,11.75,231.0,1,11.809927,7.575,17.71489,-0.3171250000003056,0.3171250000003056,-0.37537499999998547,0.37537499999998547,-7.158076817733701,18.062273877042358,125.0,MEDIUM
12/8/2025,10:07:06,12/8/2025,10:08:28,short,25760.5,25771.89,STOP,-11.3907,-231.81,0,11.390688,8.5,17.086032,-0.2798749999998108,0.2798749999998108,-0.296875,0.296875,-5.398477363870619,16.57279865395101,125.0,MEDIUM
12/8/2025,10:08:28,12/8/2025,10:09:05,short,25775.5,25757.95,TARGET,17.5475,346.95,1,11.698349,7.725,17.547523,-0.07150000000001455,0.07150000000001455,-0.19431250000016007,0.19431250000016007,-1.2895264636916401,16.772747413350718,125.0,MEDIUM
12/8/2025,10:09:31,12/8/2025,10:10:26,long,25754.25,25743.08,STOP,-11.1724,-227.45,0,11.172447,8.025,16.75867,0.13699999999989815,0.13699999999989815,-0.07143749999995634,0.07143749999995634,0.12623801518367372,16.699036669134685,125.0,MEDIUM
12/8/2025,10:10:26,12/8/2025,10:11:07,long,25751.25,25741.3,STOP,-9.9524,-203.05,0,9.952438,8.125,14.928657,0.18525000000008732,0.18525000000008732,0.03056250000008731,0.03056250000008731,-1.712856399517925,14.98128848441942,125.0,MEDIUM
12/8/2025,10:33:51,12/8/2025,10:44:16,short,25721.25,25687.95,TARGET,33.3022,662.04,1,22.20147,6.85,33.302205,-0.24099999999998545,0.24099999999998545,-0.37081250000010185,0.37081250000010185,-2.280899638601454,33.705013933260204,125.0,MEDIUM
12/8/2025,10:44:32,12/8/2025,10:51:51,long,25689.5,25674.69,STOP,-14.8097,-300.19,0,14.809747,7.0,22.214621,-0.2764999999999418,0.2764999999999418,-0.2533124999999927,0.2533124999999927,-2.90768774150963,22.530815682155218,125.0,MEDIUM
12/8/2025,10:51:51,12/8/2025,10:56:06,long,25672.5,25657.65,STOP,-14.8493,-300.99,0,14.849295,7.375,22.273943,-0.12374999999992724,0.12374999999992724,-0.12093750000003638,0.12093750000003638,0.26565017318722184,22.057217911225113,126.0,MEDIUM
12/8/2025,11:20:07,12/8/2025,11:23:49,short,25654.5,25666.0,STOP,-11.5041,-234.08,0,11.504125,7.375,17.256188,-0.20025000000023283,0.20025000000023283,-0.29887500000004363,0.29887500000004363,-0.22253204762868606,17.44318331073004,126.0,MEDIUM
12/8/2025,11:24:53,12/8/2025,11:27:04,short,25655.25,25641.3,TARGET,13.9461,274.92,1,9.297412,6.6,13.946118,0.06287499999998544,0.06287499999998544,-0.07443750000002183,0.07443750000002183,1.4708938744430426,13.470700891482444,126.0,MEDIUM
12/8/2025,11:27:04,12/8/2025,11:28:09,long,25639.5,25653.32,TARGET,13.8214,272.43,1,9.214281,6.875,13.821421,0.11387499999982538,0.11387499999982538,0.0804374999999709,0.0804374999999709,0.21163276150431187,13.510212198281977,126.0,MEDIUM
12/8/2025,11:28:09,12/8/2025,11:30:24,short,25658.75,25667.67,STOP,-8.9174,-182.35,0,8.917425,7.075,13.376138,0.11712499999994179,0.11712499999994179,0.10068750000009459,0.10068750000009459,-0.5429979259077982,13.069742956282896,126.0,MEDIUM
12/8/2025,11:31:11,12/8/2025,11:33:55,short,25653.75,25640.5,REVERSAL,13.25,261.0,1,9.752377,6.225,14.628565,0.20625,0.20625,0.16768749999991997,0.16768749999991997,1.3159256917115378,14.211332449923386,126.0,MEDIUM
12/8/2025,11:33:55,12/8/2025,11:36:34,long,25640.5,25654.22,TARGET,13.7223,270.45,1,9.148203,6.675,13.722305,0.08762499999975262,0.08762499999975262,0.15056249999997817,0.15056249999997817,-0.6332727048747984,13.41504132075563,126.0,MEDIUM
12/8/2025,11:39:21,12/8/2025,11:41:02,long,25645.0,25656.25,REVERSAL,11.25,221.0,1,9.069265,7.725,13.603898,-0.07162499999976717,0.07162499999976717,-0.013687500000014553,0.013687500000014553,-0.2490909720402712,13.24189017367608,126.0,MEDIUM
12/8/2025,11:41:02,12/8/2025,11:41:50,short,25656.25,25642.65,TARGET,13.5955,267.91,1,9.063683,7.575,13.595525,-0.05137499999982538,0.05137499999982538,-0.03268749999988359,0.03268749999988359,-0.39541663824947904,13.221425523431595,126.0,MEDIUM
12/8/2025,11:41:50,12/8/2025,11:52:32,long,25646.25,25637.21,STOP,-9.0448,-184.9,0,9.044781,8.1,13.567172,-0.03375000000014552,0.03375000000014552,-0.03712500000001455,0.03712500000001455,-0.36076284421400473,13.231362287578367,126.0,MEDIUM
12/8/2025,11:53:40,12/8/2025,11:56:00,long,25644.5,25636.78,STOP,-7.7217,-158.43,0,7.721672,6.75,11.582509,0.048875000000043654,0.048875000000043654,0.07831249999999272,0.07831249999999272,-0.7813187666241639,11.117416297949948,126.0,MEDIUM
12/8/2025,12:08:54,12/8/2025,12:11:06,short,25639.75,25627.75,REVERSAL,12.0,236.0,1,13.642656,6.825,20.463984,-0.11937500000021828,0.11937500000021828,-0.28450000000011644,0.28450000000011644,-0.5310222889069252,20.27168414603391,126.0,MEDIUM
12/8/2025,12:11:06,12/8/2025,12:14:10,long,25627.75,25614.25,STOP,-13.4968,-273.94,0,13.496752,6.225,20.245128,-0.04237500000017462,0.04237500000017462,-0.1563749999999345,0.1563749999999345,-0.21857675879583383,20.211147119587103,126.0,MEDIUM
12/8/2025,12:14:10,12/8/2025,12:26:34,long,25619.25,25605.83,STOP,-13.4158,-272.32,0,13.415848,7.125,20.123772,-0.20375000000021828,0.20375000000021828,-0.12212500000005093,0.12212500000005093,-0.4267507414177629,19.821739202775323,126.0,MEDIUM
12/8/2025,12:31:37,12/8/2025,12:42:20,short,25629.0,25639.48,STOP,-10.477,-213.54,0,10.476962,5.05,15.715442,-0.23325000000004364,0.23325000000004364,-0.2917499999999563,0.2917499999999563,-2.0924164544457007,15.85817108204045,126.0,MEDIUM
12/8/2025,12:42:20,12/8/2025,12:43:48,short,25639.5,25624.67,TARGET,14.835,292.7,1,9.889987,6.0,14.834981,0.15287500000013096,0.15287500000013096,0.04518750000006548,0.04518750000006548,-0.6849500371825084,14.82018689145705,126.0,MEDIUM
12/8/2025,12:45:06,12/8/2025,12:47:55,long,25617.5,25632.12,TARGET,14.6229,288.46,1,9.748582,4.95,14.622873,0.18099999999976718,0.18099999999976718,0.13118749999994178,0.13118749999994178,-0.5685194612807933,14.47314565593635,126.0,MEDIUM
12/8/2025,12:47:55,12/8/2025,12:49:32,short,25629.5,25639.15,STOP,-9.6459,-196.92,0,9.645886,5.2,14.46883,-0.03537500000020373,0.03537500000020373,0.09506249999994906,0.09506249999994906,-0.12874019696016248,14.447698552852355,126.0,MEDIUM
12/8/2025,12:51:33,12/8/2025,12:52:59,short,25639.5,25649.51,STOP,-10.0057,-204.11,0,10.005662,5.1,15.008493,0.01087500000030559,0.01087500000030559,-0.02156249999989086,0.02156249999989086,0.28411904115030495,14.636630447627212,126.0,MEDIUM
12/8/2025,13:17:54,12/8/2025,13:21:55,long,25670.25,25681.92,TARGET,11.6709,229.42,1,7.780567,7.35,11.670851,0.348124999999709,0.348124999999709,0.3820624999998472,0.3820624999998472,-5.751028804976169,11.876491943259115,126.0,MEDIUM
12/8/2025,13:21:55,12/8/2025,13:22:26,short,25677.25,25676.5,REVERSAL,0.75,11.0,1,7.129234,6.8,10.693851,0.06987500000032014,0.06987500000032014,0.20900000000001456,0.20900000000001456,-1.455693564039418,10.420798379219697,127.0,MEDIUM
12/8/2025,13:22:26,12/8/2025,13:23:41,long,25676.5,25681.5,REVERSAL,5.0,96.0,1,7.129609,6.95,10.694413,0.05537499999991269,0.05537499999991269,0.1921875,0.1921875,-1.1329889590760445,10.430455526806387,127.0,MEDIUM
12/8/2025,13:23:41,12/8/2025,13:24:44,short,25681.5,25670.85,TARGET,10.6506,209.01,1,7.100413,6.925,10.65062,0.023500000000058207,0.023500000000058207,0.15512499999986176,0.15512499999986176,-0.6124051816010141,10.41925183239111,127.0,MEDIUM
12/8/2025,13:24:44,12/8/2025,13:25:15,long,25672.25,25665.13,STOP,-7.1188,-146.38,0,7.118803,7.35,10.678204,-0.004500000000189175,0.004500000000189175,0.09906250000003639,0.09906250000003639,-0.19753127164453232,10.37217423578976,127.0,MEDIUM
12/8/2025,13:25:15,12/8/2025,13:26:14,long,25665.25,25658.04,STOP,-7.2147,-148.29,0,7.214662,7.6,10.821993,-0.014875000000029105,0.014875000000029105,0.07556249999997817,0.07556249999997817,-0.1034772778248243,10.381474523997662,127.0,MEDIUM
12/8/2025,14:22:06,12/8/2025,14:57:30,short,25610.0,25594.0,REVERSAL,16.0,316.0,1,16.10064,6.4,24.15096,-0.22537499999998545,0.22537499999998545,-0.3485624999999345,0.3485624999999345,-2.8130943387571463,24.8044536824398,127.0,MEDIUM
12/8/2025,14:57:30,12/8/2025,15:05:02,long,25594.0,25583.88,STOP,-10.1201,-206.4,0,10.120086,5.725,15.18013,0.2078750000000582,0.2078750000000582,0.24562499999992723,0.24562499999992723,-0.5859895204306351,14.9799008060382,127.0,MEDIUM
12/8/2025,15:08:17,12/8/2025,15:15:35,long,25594.5,25607.55,TARGET,13.0491,256.98,1,8.699376,5.8,13.049065,-0.0476249999999709,0.0476249999999709,0.037062499999956346,0.037062499999956346,0.8094968636526758,12.705030959442357,127.0,MEDIUM
12/8/2025,15:15:35,12/8/2025,15:17:29,short,25607.75,25594.77,TARGET,12.9825,255.65,1,8.654983,5.95,12.982474,-0.02562499999985448,0.02562499999985448,-0.051375000000007276,0.051375000000007276,-0.041089504693532675,12.793387042604124,127.0,MEDIUM
12/8/2025,15:17:29,12/8/2025,15:20:59,long,25596.5,25609.36,TARGET,12.8579,253.16,1,8.571951,5.775,12.857927,0.037374999999883585,0.037374999999883585,-0.02281249999996362,0.02281249999996362,-0.19522740047461618,12.703809458135666,127.0,MEDIUM
12/8/2025,15:20:59,12/8/2025,15:26:18,short,25610.0,25597.13,TARGET,12.8661,253.32,1,8.577396,6.375,12.866094,0.058250000000043656,0.058250000000043656,0.009499999999934516,0.009499999999934516,-0.16700524063397815,12.665655002876074,127.0,MEDIUM
12/8/2025,15:26:30,12/8/2025,15:29:41,short,25608.0,25616.51,STOP,-8.507,-174.14,0,8.507045,5.575,12.760568,0.03762500000011641,0.03762500000011641,0.047937500000080034,0.047937500000080034,0.015797845236276586,12.68145284811235,127.0,MEDIUM
12/8/2025,15:30:01,12/8/2025,15:34:25,short,25612.5,25599.86,TARGET,12.6438,248.88,1,8.429197,5.725,12.643796,-0.018249999999898136,0.018249999999898136,0.023624999999992725,0.023624999999992725,-0.10115524035687962,12.658918176807694,127.0,MEDIUM
12/8/2025,15:35:15,12/8/2025,15:36:52,long,25591.75,25604.45,TARGET,12.7037,250.07,1,8.469157,4.825,12.703735,0.0014999999999417923,0.0014999999999417923,6.250000005820766e-05,6.250000005820766e-05,0.1303618758232865,12.548460575557275,127.0,MEDIUM
12/8/2025,15:40:31,12/8/2025,15:43:17,short,25607.0,25614.92,STOP,-7.9163,-162.33,0,7.916257,6.625,11.874385,-0.057875000000058206,0.057875000000058206,-0.04125000000003638,0.04125000000003638,-0.5170987508362099,12.10612045990878,127.0,MEDIUM
12/8/2025,15:44:25,12/8/2025,15:50:35,short,25611.25,25619.0,STOP,-7.7549,-159.1,0,7.7549,5.1,11.63235,-0.05925000000024738,0.05925000000024738,-0.04975000000013097,0.04975000000013097,-1.067688641890566,11.320172525158494,127.0,MEDIUM
12/9/2025,09:30:00,12/9/2025,09:31:02,long,25618.5,25593.83,STOP,-24.6693,-497.39,0,24.669325,8.225,37.003988,-0.46049999999995633,0.46049999999995633,-0.3638124999999491,0.3638124999999491,2.893794152328965,36.83466952618882,127.0,MEDIUM
12/9/2025,09:31:02,12/9/2025,09:31:29,long,25594.25,25571.69,STOP,-22.5633,-455.27,0,22.56333,8.9,33.844995,-0.43562500000007276,0.43562500000007276,-0.3868749999999636,0.3868749999999636,-0.9790704334002669,34.28866823057545,127.0,MEDIUM
12/9/2025,09:35:51,12/9/2025,09:37:42,short,25600.75,25617.88,STOP,-17.1347,-346.69,0,17.134734,9.325,25.702101,-0.25012499999975263,0.25012499999975263,-0.30887499999989815,0.30887499999989815,-1.3581023509676768,25.85336819262742,127.0,MEDIUM
12/9/2025,09:37:42,12/9/2025,09:38:59,short,25618.25,25635.28,STOP,-17.033,-344.66,0,17.03303,8.2,25.549545,-0.06287499999998544,0.06287499999998544,-0.08999999999996362,0.08999999999996362,-0.49669708410258906,25.106695882863715,127.0,MEDIUM
12/9/2025,09:47:57,12/9/2025,09:50:32,long,25601.0,25625.87,TARGET,24.8745,493.49,1,16.582978,9.15,24.874467,0.34125000000021827,0.34125000000021827,0.3869375000000218,0.3869375000000218,-2.47194920031108,26.03337692942786,128.0,HIGH
12/9/2025,09:51:00,12/9/2025,09:52:13,short,25628.75,25616.25,REVERSAL,12.5,246.0,1,13.260382,8.8,19.890573,0.1953750000000582,0.1953750000000582,0.2381875000000946,0.2381875000000946,-2.833226148963977,19.954217730968473,128.0,HIGH
12/9/2025,09:52:13,12/9/2025,09:53:55,long,25616.25,25603.85,STOP,-12.4026,-252.05,0,12.402627,8.975,18.60394,0.20024999999986903,0.20024999999986903,0.21968749999996362,0.21968749999996362,-2.0077871891719283,18.83273071821207,128.0,HIGH
12/9/2025,09:54:12,12/9/2025,09:55:58,long,25603.0,25620.88,TARGET,17.8758,353.52,1,11.917186,9.125,17.875779,0.1444999999999709,0.1444999999999709,0.17481250000000728,0.17481250000000728,-2.184495938541783,17.433895008498144,128.0,HIGH
12/9/2025,09:57:21,12/9/2025,09:59:11,long,25612.0,25625.5,REVERSAL,13.5,266.0,1,12.089432,9.8,18.134148,-0.07224999999998545,0.07224999999998545,-0.009437500000058208,0.009437500000058208,0.2826461575572843,18.074975123312118,128.0,HIGH
12/9/2025,09:59:11,12/9/2025,09:59:53,short,25625.5,25610.0,REVERSAL,15.5,306.0,1,11.13909,8.05,16.708635,-0.13862499999995634,0.13862499999995634,-0.11531249999989086,0.11531249999989086,-1.2907515343692495,16.96522845174999,128.0,HIGH
12/9/2025,09:59:53,12/9/2025,10:00:01,long,25610.0,25626.2,TARGET,16.1971,319.94,1,10.798097,8.775,16.197146,-0.18100000000013097,0.18100000000013097,-0.12600000000002182,0.12600000000002182,-2.0275792294116286,16.203576471971704,128.0,HIGH
12/9/2025,10:00:04,12/9/2025,10:00:35,short,25624.75,25634.98,STOP,-10.2322,-208.64,0,10.232183,10.8,15.348274,-0.19562499999992725,0.19562499999992725,-0.13393749999995636,0.13393749999995636,-2.3875865235461387,15.68738859976598,128.0,HIGH
12/9/2025,10:01:46,12/9/2025,10:02:04,short,25627.75,25636.85,STOP,-9.1018,-186.04,0,9.101786,7.4,13.652678,-0.11049999999995634,0.11049999999995634,-0.14987500000006548,0.14987500000006548,-3.157001026104192,12.801408136830736,128.0,HIGH
12/9/2025,10:15:37,12/9/2025,10:17:40,long,25632.0,25644.0,REVERSAL,12.0,236.0,1,13.439642,7.05,20.159463,0.2540000000000873,0.2540000000000873,0.20918750000000727,0.20918750000000727,-2.20139972094864,20.295623737120998,128.0,HIGH
12/9/2025,10:17:40,12/9/2025,10:18:59,short,25644.0,25628.5,REVERSAL,15.5,306.0,1,11.928203,7.525,17.892304,0.246875,0.246875,0.2375,0.2375,-3.8384141173193242,17.746616170137152,128.0,HIGH
12/9/2025,10:18:59,12/9/2025,10:24:11,long,25628.5,25645.5,TARGET,17.003,336.06,1,11.335364,7.425,17.003045,0.2266250000000582,0.2266250000000582,0.23799999999991997,0.23799999999991997,-2.8422247721249327,17.111536652960584,128.0,HIGH
12/9/2025,10:24:11,12/9/2025,10:27:07,short,25646.5,25632.0,REVERSAL,14.5,286.0,1,9.998125,6.9,14.997187,0.08250000000007277,0.08250000000007277,0.13012500000004365,0.13012500000004365,-0.9069342687410362,14.58431644113694,128.0,HIGH
12/9/2025,10:27:07,12/9/2025,10:28:47,long,25632.0,25646.25,TARGET,14.2483,280.97,1,9.498883,6.45,14.248324,0.07200000000011642,0.07200000000011642,0.07725000000009459,0.07725000000009459,-0.13204146577937514,14.452274975357565,128.0,HIGH
12/9/2025,10:28:47,12/9/2025,10:29:34,short,25649.5,25656.5,STOP,-7.0022,-144.04,0,7.002207,6.5,10.50331,-0.22675000000017462,0.22675000000017462,-0.06368750000001455,0.06368750000001455,-4.378453467433857,10.341711340172868,128.0,HIGH
12/9/2025,10:32:09,12/9/2025,10:34:37,short,25648.0,25657.74,STOP,-9.745,-198.9,0,9.744981,6.275,14.617471,0.2523750000000291,0.2523750000000291,0.14562499999992723,0.14562499999992723,2.609117481777144,14.26251079999194,128.0,HIGH
12/9/2025,10:47:51,12/9/2025,10:50:22,long,25643.5,25660.93,TARGET,17.4278,344.56,1,11.618524,5.125,17.427786,0.253125,0.253125,0.31537499999994906,0.31537499999994906,-1.5217816629766183,17.843508769592106,128.0,HIGH
12/9/2025,10:50:36,12/9/2025,10:51:25,short,25667.0,25678.05,STOP,-11.0516,-225.03,0,11.051612,5.5,16.577418,0.03187500000021828,0.03187500000021828,0.05087500000008731,0.05087500000008731,-0.3100212806385194,17.107968756768916,128.0,HIGH
12/9/2025,10:52:13,12/9/2025,10:55:02,short,25669.75,25681.16,STOP,-11.4106,-232.21,0,11.410592,5.275,17.115889,0.30275000000001456,0.30275000000001456,0.13687500000014552,0.13687500000014552,-0.7958407630978677,16.875460720368398,128.0,HIGH
12/9/2025,11:31:19,12/9/2025,11:33:00,long,25686.0,25696.91,TARGET,10.9064,214.13,1,7.270961,5.725,10.906441,0.20525000000016008,0.20525000000016008,0.2366250000000946,0.2366250000000946,-2.9672228137774646,11.090088821716403,128.0,HIGH
12/9/2025,11:33:30,12/9/2025,11:33:58,short,25699.75,25705.92,STOP,-6.1717,-127.43,0,6.171735,4.975,9.257603,0.13624999999992723,0.13624999999992723,0.17718750000003639,0.17718750000003639,-2.2392251943819463,9.476775351703086,129.0,MEDIUM
12/9/2025,11:36:13,12/9/2025,11:40:08,short,25702.75,25692.2,TARGET,10.552,207.04,1,7.034646,4.15,10.55197,0.19912499999991268,0.19912499999991268,0.16975000000002183,0.16975000000002183,1.2125765616688096,10.322818310977361,129.0,MEDIUM
12/9/2025,11:40:31,12/9/2025,11:42:14,long,25689.0,25681.96,STOP,-7.0413,-144.83,0,7.041251,4.7,10.561877,0.046625000000130964,0.046625000000130964,0.10212499999997818,0.10212499999997818,-0.16265122588964687,10.361239973551264,129.0,MEDIUM
12/9/2025,11:45:10,12/9/2025,11:48:45,long,25679.25,25693.81,TARGET,14.5603,287.21,1,9.70686,4.75,14.56029,-0.12687499999992724,0.12687499999992724,-0.08837500000008731,0.08837500000008731,3.1510073630139157,14.194278358204212,129.0,MEDIUM
12/9/2025,11:50:01,12/9/2025,11:51:42,short,25699.25,25709.08,STOP,-9.8265,-200.53,0,9.826524,4.175,14.739786,-0.13662499999991268,0.13662499999991268,-0.15112499999995635,0.15112499999995635,-0.6216166309453612,14.722587529648536,129.0,MEDIUM
12/9/2025,11:51:42,12/9/2025,12:03:02,short,25707.25,25717.58,STOP,-10.3251,-210.5,0,10.325106,3.775,15.487659,0.03499999999985448,0.03499999999985448,-0.08025000000016007,0.08025000000016007,0.4234771067963621,15.200272843113673,129.0,MEDIUM
12/9/2025,12:20:12,12/9/2025,12:55:15,long,25699.25,25709.75,REVERSAL,10.5,206.0,1,12.921348,4.775,19.382021,0.3817499999997381,0.3817499999997381,0.3804374999999709,0.3804374999999709,-5.17053645916538,20.085345135800527,129.0,MEDIUM
12/9/2025,12:55:15,12/9/2025,12:56:03,short,25709.75,25698.63,TARGET,11.1187,218.37,1,7.412446,5.025,11.118668,-0.2257499999999709,0.2257499999999709,-0.26031249999996364,0.26031249999996364,-2.9873796832746145,11.195987722237795,129.0,MEDIUM
12/9/2025,12:56:03,12/9/2025,12:57:37,long,25703.25,25710.5,REVERSAL,7.25,141.0,1,6.832139,5.4,10.248209,-0.1913749999999709,0.1913749999999709,-0.24562499999992723,0.24562499999992723,-2.801906192130337,10.2203136361614,129.0,MEDIUM
12/9/2025,12:57:37,12/9/2025,12:59:20,short,25710.5,25716.87,STOP,-6.3701,-131.4,0,6.370131,6.1,9.555196,-0.16875,0.16875,-0.2298125000001164,0.2298125000001164,-2.6892633765969176,9.57288776390735,129.0,MEDIUM
12/9/2025,13:06:35,12/9/2025,13:11:16,short,25718.25,25706.3,TARGET,11.9462,234.92,1,7.964152,4.325,11.946229,0.18912500000005822,0.18912500000005822,0.08081250000013825,0.08081250000013825,2.793883158547434,11.588023997497592,129.0,MEDIUM
12/9/2025,13:12:40,12/9/2025,13:17:20,short,25717.25,25725.35,STOP,-8.1031,-166.06,0,8.103093,5.25,12.15464,0.08675000000002911,0.08675000000002911,0.15181250000005092,0.15181250000005092,0.14290102648647007,11.709899495189365,129.0,MEDIUM
12/9/2025,13:19:04,12/9/2025,13:38:13,short,25723.75,25709.75,REVERSAL,14.0,276.0,1,9.791104,4.35,14.686657,0.14987499999988357,0.14987499999988357,0.09818749999994907,0.09818749999994907,2.209072189291657,14.244024206250367,129.0,MEDIUM
12/9/2025,13:38:13,12/9/2025,13:45:02,long,25709.75,25701.24,STOP,-8.5057,-174.11,0,8.505696,5.075,12.758544,0.19125000000021827,0.19125000000021827,0.19681250000012368,0.19681250000012368,-2.128725327968386,13.15494415931579,129.0,MEDIUM
12/9/2025,13:48:08,12/9/2025,13:51:08,long,25704.0,25718.22,TARGET,14.2221,280.44,1,9.481393,5.325,14.22209,-0.1280000000002474,0.1280000000002474,-0.042437500000050934,0.042437500000050934,3.215836368342419,13.935551194158396,129.0,MEDIUM
12/9/2025,13:52:46,12/9/2025,13:53:43,short,25724.75,25734.14,STOP,-9.3923,-191.85,0,9.392288,4.25,14.088432,-0.05437499999970896,0.05437499999970896,-0.0867499999998472,0.0867499999998472,-0.31659977708718046,13.903890341616354,129.0,MEDIUM
12/9/2025,13:53:55,12/9/2025,14:00:56,short,25730.0,25714.97,TARGET,15.0333,296.67,1,10.022219,4.15,15.033328,0.045124999999825374,0.045124999999825374,-0.004249999999956344,0.004249999999956344,0.6809219785842515,14.718409294844992,129.0,MEDIUM
12/9/2025,14:02:06,12/9/2025,14:07:59,long,25710.0,25699.24,STOP,-10.7591,-219.18,0,10.759104,4.225,16.138656,-0.04137499999997089,0.04137499999997089,0.029249999999956346,0.029249999999956346,-0.2564247758827136,16.1396624143654,129.0,MEDIUM
12/9/2025,14:07:59,12/9/2025,14:19:00,long,25699.5,25715.78,TARGET,16.2837,321.67,1,10.85578,4.85,16.283671,-0.14650000000001456,0.14650000000001456,-0.10668750000004365,0.10668750000004365,-0.06403644347378545,16.20230103029263,129.0,MEDIUM
12/9/2025,14:30:29,12/9/2025,14:36:06,long,25711.5,25701.7,STOP,-9.8048,-200.1,0,9.804834,4.375,14.707251,0.14437499999985448,0.14437499999985448,0.10249999999996362,0.10249999999996362,-2.1691513568376983,14.644162213812148,129.0,MEDIUM
12/9/2025,14:36:06,12/9/2025,14:44:12,long,25701.0,25690.99,STOP,-10.0141,-204.28,0,10.014071,4.775,15.021107,-0.02124999999978172,0.02124999999978172,0.06906250000010913,0.06906250000010913,0.06496743731715426,14.755768652826145,130.0,MEDIUM
12/9/2025,15:07:01,12/9/2025,15:15:00,short,25709.0,25699.12,TARGET,9.88,193.6,1,6.586646,4.575,9.879968,-0.07762500000026193,0.07762500000026193,-0.09293749999997089,0.09293749999997089,-0.3485481593758273,9.825867365758217,130.0,MEDIUM
12/9/2025,15:15:00,12/9/2025,15:20:19,long,25698.75,25708.74,TARGET,9.99,195.8,1,6.659998,4.125,9.989996,0.016125000000101863,0.016125000000101863,-0.005875000000014552,0.005875000000014552,0.040339928403192005,9.938236773735348,130.0,MEDIUM
12/9/2025,15:20:19,12/9/2025,15:25:06,short,25707.0,25699.5,REVERSAL,7.5,146.0,1,6.658923,4.375,9.988384,-0.0021249999997962734,0.0021249999997962734,0.013562500000080035,0.013562500000080035,0.013803080451840088,9.961113798016049,130.0,MEDIUM
12/9/2025,15:25:06,12/9/2025,15:34:07,long,25699.5,25693.08,STOP,-6.4244,-132.49,0,6.424435,3.975,9.636653,-0.023500000000058207,0.023500000000058207,-0.014875000000029105,0.014875000000029105,-0.22439114269005422,9.73509545674305,130.0,MEDIUM
12/9/2025,15:35:42,12/9/2025,15:39:12,long,25693.5,25701.94,TARGET,8.4418,164.84,1,5.627879,3.9,8.441819,-0.17174999999988358,0.17174999999988358,-0.15137500000000728,0.15137500000000728,-0.5826892798365773,8.527824347478472,130.0,MEDIUM
12/9/2025,15:39:47,12/9/2025,15:41:24,short,25702.25,25696.25,REVERSAL,6.0,116.0,1,5.437469,4.5,8.156203,-0.1523750000000291,0.1523750000000291,-0.14349999999994906,0.14349999999994906,-0.5434655748035331,7.971473404865061,130.0,MEDIUM
12/9/2025,15:41:24,12/9/2025,15:44:40,long,25696.25,25704.35,TARGET,8.1023,158.05,1,5.401548,4.875,8.102322,-0.09712500000023283,0.09712500000023283,-0.1289375000000291,0.1289375000000291,-0.6841712856011499,7.935666334741545,130.0,MEDIUM
12/9/2025,15:44:40,12/9/2025,15:47:14,short,25708.5,25700.33,TARGET,8.1653,159.31,1,5.443502,5.0,8.165254,-0.04124999999985448,0.04124999999985448,-0.10912499999994907,0.10912499999994907,-0.23062946361075376,7.873413379518944,130.0,MEDIUM
12/10/2025,09:30:00,12/10/2025,09:31:46,long,25641.25,25621.82,STOP,-19.432,-392.64,0,19.431954,6.925,29.147932,-0.11637499999997089,0.11637499999997089,-0.06987499999995635,0.06987499999995635,0.21939904338375982,28.59604745764093,130.0,MEDIUM
12/10/2025,09:32:22,12/10/2025,09:35:03,long,25626.0,25603.79,STOP,-22.208,-448.16,0,22.208012,8.875,33.312019,-0.15287499999976717,0.15287499999976717,-0.09106250000004365,0.09106250000004365,2.8228423678306314,32.772919837348454,130.0,MEDIUM
12/10/2025,09:38:07,12/10/2025,09:47:03,short,25637.25,25661.68,STOP,-24.4328,-492.66,0,24.432826,7.975,36.649238,-0.44474999999983994,0.44474999999983994,-0.5776874999999564,0.5776874999999564,-3.241664461443591,36.83423453357902,130.0,MEDIUM
12/10/2025,09:47:03,12/10/2025,09:52:38,short,25661.75,25629.25,REVERSAL,32.5,646.0,1,25.53691,7.875,38.305364,0.26224999999976717,0.26224999999976717,0.2541250000000218,0.2541250000000218,3.6093347354153877,37.07413008172151,130.0,MEDIUM
12/10/2025,09:52:38,12/10/2025,09:53:09,long,25629.25,25614.53,STOP,-14.7193,-298.39,0,14.719328,9.625,22.078992,0.4958749999997963,0.4958749999997963,0.5840624999998909,0.5840624999998909,-8.447662606030413,22.161680780354764,130.0,MEDIUM
12/10/2025,09:53:16,12/10/2025,09:55:18,long,25627.25,25612.73,STOP,-14.5152,-294.3,0,14.515245,8.525,21.772868,0.23849999999983992,0.23849999999983992,0.4480625000000146,0.4480625000000146,-4.624967387238751,20.813299769192326,130.0,MEDIUM
12/10/2025,10:05:48,12/10/2025,10:19:35,short,25636.75,25652.21,STOP,-15.4573,-313.15,0,15.45732,7.375,23.18598,-0.34437500000021826,0.34437500000021826,-0.35812500000010916,0.35812500000010916,-6.008024984382519,23.73341666561033,130.0,MEDIUM
12/10/2025,10:19:54,12/10/2025,10:26:18,short,25646.0,25627.62,TARGET,18.3817,363.63,1,12.254459,7.25,18.381689,0.4556250000001455,0.4556250000001455,0.28175000000010186,0.28175000000010186,-3.2545829427770094,18.068669789992132,130.0,MEDIUM
12/10/2025,10:26:35,12/10/2025,10:30:06,long,25624.5,25641.35,TARGET,16.8509,333.02,1,11.23391,7.675,16.850864,0.20212499999979627,0.20212499999979627,0.276812499999869,0.276812499999869,0.42750606423887305,16.46183212010208,130.0,MEDIUM
12/10/2025,10:30:25,12/10/2025,10:32:28,short,25639.25,25631.5,REVERSAL,7.75,151.0,1,8.644977,6.475,12.967465,0.17462500000001455,0.17462500000001455,0.15324999999993452,0.15324999999993452,-2.935677476180743,13.467308211724188,130.0,MEDIUM
12/10/2025,10:32:28,12/10/2025,10:33:19,long,25631.5,25623.55,STOP,-7.9546,-163.09,0,7.954552,6.375,11.931828,0.21499999999978173,0.21499999999978173,0.14750000000003638,0.14750000000003638,-3.5621097797382433,11.78436641260597,130.0,MEDIUM
12/10/2025,10:33:19,12/10/2025,10:34:30,long,25623.5,25615.49,STOP,-8.0068,-164.14,0,8.006824,6.45,12.010235,0.17512499999975262,0.17512499999975262,0.15100000000002184,0.15100000000002184,-2.8909944311134605,11.504738980918647,131.0,MEDIUM
12/10/2025,10:49:03,12/10/2025,10:53:59,short,25613.25,25582.01,TARGET,31.2373,620.75,1,20.824866,6.175,31.237298,-0.5298750000001746,0.5298750000001746,-0.5168125000000146,0.5168125000000146,-6.287105448089228,32.055026971653724,131.0,MEDIUM
12/10/2025,10:53:59,12/10/2025,10:55:12,long,25580.75,25566.11,STOP,-14.6429,-296.86,0,14.642892,7.75,21.964337,-0.3501250000001164,0.3501250000001164,-0.24281250000003637,0.24281250000003637,-5.5246814144871195,22.425325876479533,131.0,MEDIUM
12/10/2025,10:56:06,12/10/2025,11:00:15,long,25562.5,25544.44,STOP,-18.0632,-365.26,0,18.063178,5.225,27.094767,-0.31362499999995636,0.31362499999995636,-0.2944375000000946,0.2944375000000946,4.185775286830619,26.891913993967457,131.0,MEDIUM
12/10/2025,11:09:10,12/10/2025,11:11:49,short,25580.0,25599.13,STOP,-19.1268,-386.54,0,19.126816,6.325,28.690224,-0.5443749999998545,0.5443749999998545,-0.4939374999999927,0.4939374999999927,-9.047869680149777,30.32087886671312,131.0,MEDIUM
12/10/2025,11:20:04,12/10/2025,11:44:09,short,25633.25,25621.5,REVERSAL,11.75,231.0,1,31.860882,5.925,47.791323,0.6746250000000146,0.6746250000000146,0.6144374999999854,0.6144374999999854,8.660163845891304,47.051255137390484,131.0,MEDIUM
12/10/2025,11:44:09,12/10/2025,11:50:39,long,25621.5,25642.94,TARGET,21.4393,424.79,1,14.292878,5.95,21.439316,0.4396250000001601,0.4396250000001601,0.566937499999949,0.566937499999949,-8.48993436113793,22.330882718964123,131.0,MEDIUM
12/10/2025,11:50:39,12/10/2025,11:54:31,short,25641.0,25650.59,STOP,-9.5857,-195.71,0,9.585711,5.375,14.378566,0.2046249999999418,0.2046249999999418,0.1773749999998472,0.1773749999998472,-3.3946443611646977,14.742628497672825,131.0,MEDIUM
12/10/2025,11:55:15,12/10/2025,12:09:02,short,25650.25,25635.3,TARGET,14.9466,294.93,1,9.964373,5.425,14.946559,0.19249999999992723,0.19249999999992723,0.20793749999993452,0.20793749999993452,0.22984042189969145,14.698593460095742,131.0,MEDIUM
12/10/2025,12:10:08,12/10/2025,12:20:06,long,25630.75,25619.44,STOP,-11.3083,-230.17,0,11.308349,5.425,16.962523,0.01725000000005821,0.01725000000005821,0.06918750000004366,0.06918750000004366,-0.273187428990493,16.99122629916973,131.0,MEDIUM
12/10/2025,12:20:06,12/10/2025,12:25:21,long,25621.75,25639.32,TARGET,17.5677,347.35,1,11.711815,5.475,17.567722,-0.1491249999999127,0.1491249999999127,-0.15293750000000728,0.15293750000000728,0.10713596416315951,17.472276209079574,131.0,MEDIUM
12/10/2025,12:26:12,12/10/2025,12:36:46,long,25622.5,25640.46,TARGET,17.9602,355.2,1,11.973486,6.0,17.960229,-0.042250000000058206,0.042250000000058206,-0.10931249999994179,0.10931249999994179,0.20331250802854584,18.151812041445837,131.0,MEDIUM
12/10/2025,12:37:38,12/10/2025,12:39:16,short,25648.75,25632.91,TARGET,15.8356,312.71,1,10.557049,6.075,15.835573,0.11662499999983993,0.11662499999983993,0.08699999999989813,0.08699999999989813,-1.8506079812105405,15.901405624678986,131.0,MEDIUM
12/10/2025,12:42:07,12/10/2025,12:49:34,long,25627.0,25642.96,TARGET,15.9581,315.16,1,10.638733,6.675,15.9581,0.08450000000011641,0.08450000000011641,0.08587500000012369,0.08587500000012369,-0.4239688848874472,15.950590741919292,131.0,MEDIUM
12/10/2025,12:49:34,12/10/2025,12:51:08,short,25645.5,25655.63,STOP,-10.1314,-206.63,0,10.13138,5.8,15.197071,-0.13549999999995635,0.13549999999995635,-0.03812500000003638,0.03812500000003638,-0.5534402739985964,15.417441739498114,131.0,MEDIUM
12/10/2025,12:52:03,12/10/2025,12:53:03,short,25649.75,25660.0,STOP,-10.2516,-209.03,0,10.25164,5.85,15.37746,-0.03862499999995635,0.03862499999995635,-0.0718124999999418,0.0718124999999418,-0.2726990171860866,15.511476089419538,131.0,MEDIUM
12/10/2025,13:18:53,12/10/2025,13:21:02,long,25644.0,25628.82,STOP,-15.184,-307.68,0,15.183991,5.725,22.775986,0.23187500000021827,0.23187500000021827,0.24481250000008004,0.24481250000008004,-2.3043260835085064,22.87886662802306,131.0,MEDIUM
12/10/2025,13:21:02,12/10/2025,13:25:03,long,25631.75,25616.89,STOP,-14.8569,-301.14,0,14.856888,5.8,22.285332,0.13187499999985447,0.13187499999985447,0.21999999999989087,0.21999999999989087,-1.6165075320392113,22.376730725358325,131.0,MEDIUM
12/10/2025,14:00:06,12/10/2025,14:00:19,short,25648.0,25665.11,STOP,-17.1127,-346.25,0,17.112728,12.3,25.669093,-0.4568749999998545,0.4568749999998545,-0.4392499999999927,0.4392499999999927,-3.0346986777135534,25.676334373955374,131.0,MEDIUM
12/10/2025,14:01:38,12/10/2025,14:02:59,short,25685.0,25635.64,TARGET,49.3586,983.17,1,32.905757,15.325,49.358635,0.4827500000003056,0.4827500000003056,0.3658750000000509,0.3658750000000509,11.797640122582173,48.1891398052334,131.0,MEDIUM
12/10/2025,14:04:02,12/10/2025,14:06:47,short,25665.75,25699.86,STOP,-34.1052,-686.1,0,34.105225,13.2,51.157837,0.33012500000004363,0.33012500000004363,0.37374999999992725,0.37374999999992725,0.15903486399982114,51.04141017952607,132.0,HIGH
12/10/2025,14:07:29,12/10/2025,14:19:01,short,25710.75,25694.0,REVERSAL,16.75,331.0,1,37.204279,10.525,55.806418,0.9748749999998836,0.9748749999998836,0.8088125000000218,0.8088125000000218,7.103866701511407,55.19241084621051,132.0,HIGH
12/10/2025,14:19:01,12/10/2025,14:24:02,long,25694.0,25671.84,STOP,-22.1596,-447.19,0,22.159633,8.7,33.23945,0.5897499999999127,0.5897499999999127,0.52393749999992,0.52393749999992,-7.5203627414132015,34.22481503584876,132.0,HIGH
12/10/2025,14:29:20,12/10/2025,14:31:57,long,25652.0,25693.64,TARGET,41.6359,828.72,1,27.757299,9.825,41.635949,-0.8033750000002329,0.8033750000002329,-0.6965625000000728,0.6965625000000728,8.276438600961932,41.71226054969247,132.0,HIGH
12/10/2025,14:32:32,12/10/2025,14:34:04,short,25705.0,25730.89,STOP,-25.8891,-521.78,0,25.889053,10.35,38.83358,-0.1866250000002765,0.1866250000002765,-0.3320000000001528,0.3320000000001528,-0.22537864423594556,38.964580850548586,132.0,HIGH
12/10/2025,14:35:03,12/10/2025,14:35:31,short,25734.0,25765.62,STOP,-31.6201,-636.4,0,31.620096,10.3,47.430144,0.30574999999989816,0.30574999999989816,0.16187499999996363,0.16187499999996363,7.157054377133662,46.776788923766176,132.0,HIGH
12/10/2025,14:40:07,12/10/2025,14:40:22,long,25690.0,25731.44,TARGET,41.4439,824.88,1,27.629289,14.4,41.443934,0.8017499999998108,0.8017499999998108,0.7762499999998909,0.7762499999998909,-10.814449114082024,42.42011286605175,132.0,HIGH
12/10/2025,14:40:32,12/10/2025,14:40:49,long,25699.0,25675.88,STOP,-23.1186,-466.37,0,23.118608,16.1,34.677912,0.34162500000020374,0.34162500000020374,0.5716875000000072,0.5716875000000072,-7.362832439114165,35.05728042693759,132.0,HIGH
12/10/2025,14:42:46,12/10/2025,14:45:37,long,25662.0,25717.5,REVERSAL,55.5,1106.0,1,44.804579,15.275,67.206869,-1.147124999999869,1.147124999999869,-0.9364999999999781,0.9364999999999781,11.565671058241122,66.50694170149082,132.0,HIGH
12/10/2025,14:45:37,12/10/2025,14:52:23,short,25717.5,25754.79,STOP,-37.2931,-749.86,0,37.293087,13.825,55.939631,-0.8418750000000728,0.8418750000000728,-0.9251249999999345,0.9251249999999345,-9.167578702873357,56.329478280483954,132.0,HIGH
12/10/2025,14:54:40,12/10/2025,14:58:41,short,25781.25,25828.18,STOP,-46.9301,-942.6,0,46.930112,8.175,70.395168,1.4586250000000291,1.4586250000000291,1.1869999999998981,1.1869999999998981,9.23856233550871,70.26880570956841,132.0,HIGH
12/10/2025,15:23:10,12/10/2025,15:25:25,long,25833.5,25850.81,TARGET,17.3119,342.24,1,11.541236,9.525,17.311853,0.45999999999985447,0.45999999999985447,0.45506249999998544,0.45506249999998544,-6.9765541017156245,17.502606408101766,132.0,HIGH
12/10/2025,15:25:25,12/10/2025,15:28:34,short,25852.25,25837.75,REVERSAL,14.5,286.0,1,11.101713,9.725,16.652569,0.06387499999982538,0.06387499999982538,0.2784999999999854,0.2784999999999854,-1.528712057864027,16.334741745572682,132.0,HIGH
12/10/2025,15:28:34,12/10/2025,15:32:19,long,25837.75,25853.79,TARGET,16.0446,316.89,1,10.696367,7.425,16.044551,0.1360000000000582,0.1360000000000582,0.11537499999994907,0.11537499999994907,-0.1979568588419376,16.125143109670006,132.0,HIGH
12/10/2025,15:32:19,12/10/2025,15:36:27,short,25854.0,25846.5,REVERSAL,7.5,146.0,1,9.593246,9.15,14.389869,0.08950000000004366,0.08950000000004366,0.12125000000014552,0.12125000000014552,-2.0624142517167137,13.820801530175778,132.0,HIGH
12/10/2025,15:36:27,12/10/2025,15:37:56,long,25846.5,25854.75,REVERSAL,8.25,161.0,1,8.753422,7.1,13.130133,0.16025000000008732,0.16025000000008732,0.12012500000000728,0.12012500000000728,-0.5590593086324684,13.249588687526362,132.0,HIGH
12/10/2025,15:37:56,12/10/2025,15:39:36,short,25854.75,25845.75,REVERSAL,9.0,176.0,1,8.345262,6.825,12.517893,0.16087500000030558,0.16087500000030558,0.1235000000000582,0.1235000000000582,-1.9319998402589817,12.096175272027374,132.0,HIGH
12/10/2025,15:39:36,12/10/2025,15:40:12,long,25845.75,25847.25,REVERSAL,1.5,26.0,1,8.372967,7.1,12.55945,0.12012499999982537,0.12012499999982537,0.13643749999991997,0.13643749999991997,-1.5079689853150136,12.017880066647145,132.0,HIGH
12/10/2025,15:40:12,12/10/2025,15:40:39,short,25847.25,25842.25,REVERSAL,5.0,96.0,1,8.332636,6.975,12.498954,0.08962499999979627,0.08962499999979627,0.12493749999994179,0.12493749999994179,-1.230619945563479,12.018968741962883,132.0,HIGH
12/10/2025,15:40:39,12/10/2025,15:47:53,long,25842.25,25833.93,STOP,-8.317,-170.34,0,8.31702,7.075,12.47553,0.0726250000003347,0.0726250000003347,0.1179375000001528,0.1179375000001528,-0.9758712605325819,12.008194951113435,132.0,HIGH
12/11/2025,09:30:00,12/11/2025,09:30:05,long,25642.5,25625.72,STOP,-16.7805,-339.61,0,16.780532,7.075,25.170798,0.12387500000004366,0.12387500000004366,0.3171875,0.3171875,-2.1689308251260115,24.677302176397042,133.0,LOW
12/11/2025,09:31:48,12/11/2025,09:34:39,long,25600.0,25572.47,STOP,-27.5343,-554.69,0,27.534328,7.85,41.301492,-0.9032500000001165,0.9032500000001165,-0.9033124999999927,0.9033124999999927,5.434819638199663,41.00529599415829,133.0,LOW
12/11/2025,09:37:54,12/11/2025,09:38:00,short,25596.0,25606.75,STOP,-10.7463,-218.93,0,10.746272,9.8,16.119408,-0.3308750000000146,0.3308750000000146,-0.3920624999998836,0.3920624999998836,-5.3164382304345565,16.2699941221203,133.0,LOW
12/11/2025,09:38:28,12/11/2025,09:39:00,short,25604.0,25617.14,STOP,-13.136,-266.72,0,13.135968,7.45,19.703952,0.1788749999999709,0.1788749999999709,-0.0656874999998763,0.0656874999998763,3.195289344769183,19.205462311404986,133.0,LOW
12/11/2025,09:39:43,12/11/2025,09:40:02,long,25592.0,25578.8,STOP,-13.1964,-267.93,0,13.196419,9.725,19.794629,0.1430000000000291,0.1430000000000291,0.1718124999999418,0.1718124999999418,0.07820987585104078,19.368287306545078,133.0,LOW
12/11/2025,09:40:02,12/11/2025,09:42:09,long,25577.5,25564.11,STOP,-13.3931,-271.86,0,13.393099,10.1,20.089648,0.0976249999999709,0.0976249999999709,0.14125000000003637,0.14125000000003637,0.1314591233034541,19.467351728033478,133.0,LOW
12/11/2025,09:42:57,12/11/2025,09:43:04,short,25598.75,25580.0,REVERSAL,18.75,371.0,1,14.899068,9.3,22.348602,-0.14162500000020373,0.14162500000020373,-0.17637500000000728,0.17637500000000728,1.7074298180995733,22.098412358532435,133.0,LOW
12/11/2025,09:43:04,12/11/2025,09:45:31,long,25580.0,25565.07,STOP,-14.9348,-302.7,0,14.934766,10.35,22.402148,-0.01124999999992724,0.01124999999992724,-0.15056249999997817,0.15056249999997817,0.5528065595995564,22.114540717676633,133.0,LOW
12/11/2025,09:46:05,12/11/2025,09:46:51,long,25565.75,25547.44,STOP,-18.3103,-370.21,0,18.310279,7.475,27.465419,-0.4264999999999418,0.4264999999999418,-0.20068750000009458,0.20068750000009458,5.4679785118763995,26.935730720128277,133.0,LOW
12/11/2025,10:02:53,12/11/2025,10:03:11,short,25433.5,25449.26,STOP,-15.7623,-319.25,0,15.76227,8.175,23.643405,-0.25249999999978173,0.25249999999978173,-0.34324999999989814,0.34324999999989814,-1.7844548405772755,23.70566097827063,133.0,LOW
12/12/2025,09:30:34,12/12/2025,09:34:18,long,25545.0,25582.67,TARGET,37.6735,749.47,1,25.115657,7.675,37.673486,-0.2917499999999563,0.2917499999999563,-0.1790000000000873,0.1790000000000873,6.010969867797364,37.19031042600544,133.0,LOW
12/12/2025,09:34:18,12/12/2025,09:37:14,short,25583.25,25603.83,STOP,-20.577,-415.54,0,20.57699,8.225,30.865484,-0.4879999999997381,0.4879999999997381,-0.49674999999988356,0.49674999999988356,-8.089591388773599,32.668818742479175,133.0,LOW
12/12/2025,09:38:11,12/12/2025,09:39:21,short,25596.0,25616.67,STOP,-20.6683,-417.37,0,20.668255,5.95,31.002383,0.4116249999999127,0.4116249999999127,0.25349999999998546,0.25349999999998546,5.712091759187139,30.768723269973627,133.0,LOW
12/12/2025,09:41:07,12/12/2025,09:44:11,long,25571.75,25551.81,STOP,-19.9438,-402.88,0,19.943772,11.925,29.915657,0.6504999999997381,0.6504999999997381,0.6382499999999709,0.6382499999999709,0.19973131141583167,31.557041314061898,133.0,LOW
12/12/2025,09:44:48,12/12/2025,09:47:03,long,25555.0,25537.24,STOP,-17.7641,-359.28,0,17.764137,7.45,26.646206,-0.04162499999983993,0.04162499999983993,0.036624999999912686,0.036624999999912686,0.9427700114459654,25.757438438201962,133.0,LOW
12/12/2025,09:52:38,12/12/2025,10:00:39,short,25554.0,25523.05,TARGET,30.9452,614.9,1,20.630147,9.3,30.945221,-0.340625,0.340625,-0.5938125000000583,0.5938125000000583,-3.0794108342960342,31.811859187866332,133.0,LOW
12/12/2025,10:00:39,12/12/2025,10:03:00,long,25529.0,25510.11,STOP,-18.8854,-381.71,0,18.885357,8.3,28.328036,0.0632499999999709,0.0632499999999709,0.06293750000004365,0.06293750000004365,0.32010662604025697,28.363302292767237,133.0,LOW
12/12/2025,10:05:24,12/12/2025,10:07:08,long,25489.75,25463.01,STOP,-26.7409,-538.82,0,26.740897,6.675,40.111345,-0.5917499999999564,0.5917499999999564,-0.39174999999995636,0.39174999999995636,8.603881079772663,39.602461498480054,133.0,LOW
12/12/2025,10:18:05,12/12/2025,10:19:29,short,25447.25,25439.0,REVERSAL,8.25,161.0,1,14.205435,8.85,21.308152,-0.35762500000018915,0.35762500000018915,-0.49231249999993454,0.49231249999993454,-1.8047927791836322,21.591975150601687,133.0,LOW
12/12/2025,10:19:29,12/12/2025,10:21:04,long,25439.0,25425.42,STOP,-13.575,-275.5,0,13.575024,8.8,20.362536,-0.15849999999991268,0.15849999999991268,-0.2727499999999054,0.2727499999999054,-1.5765068933804223,20.204684485053,133.0,LOW
12/12/2025,10:21:04,12/12/2025,10:21:25,long,25421.75,25408.02,STOP,-13.7285,-278.57,0,13.72852,10.275,20.592781,-0.02937500000007276,0.02937500000007276,-0.1024375000000873,0.1024375000000873,-0.02313047767758647,20.18443403748929,134.0,MEDIUM
12/12/2025,10:32:59,12/12/2025,10:44:53,short,25356.5,25380.43,STOP,-23.9301,-482.6,0,23.930133,6.925,35.895199,-0.3951250000001892,0.3951250000001892,-0.5971875000001091,0.5971875000001091,-5.160362912940293,36.416852482117754,134.0,MEDIUM
12/12/2025,10:46:36,12/12/2025,10:51:03,short,25388.25,25361.28,TARGET,26.9707,535.41,1,17.980499,7.475,26.970749,0.346875,0.346875,0.3685625000000073,0.3685625000000073,5.0528222282285284,26.05083780492837,134.0,MEDIUM
12/12/2025,10:51:03,12/12/2025,10:54:22,long,25356.25,25339.7,STOP,-16.5469,-334.94,0,16.546922,8.725,24.820383,0.33650000000016006,0.33650000000016006,0.41350000000002185,0.41350000000002185,-2.270045982078152,24.280067167885775,134.0,MEDIUM
12/12/2025,10:54:22,12/12/2025,10:55:09,long,25339.75,25321.51,STOP,-18.2372,-368.74,0,18.237224,9.525,27.355836,-0.11037500000020373,0.11037500000020373,-0.13031250000003639,0.13031250000003639,1.0033150265178001,26.530897238402883,134.0,MEDIUM
12/12/2025,11:13:01,12/12/2025,11:13:56,short,25218.0,25189.14,TARGET,28.8593,573.19,1,19.239552,11.0,28.859328,-0.5386249999999564,0.5386249999999564,-0.7433125000001383,0.7433125000001383,-8.58332586082011,28.661373466318167,134.0,MEDIUM
12/12/2025,11:14:03,12/12/2025,11:15:11,long,25195.0,25210.25,REVERSAL,15.25,301.0,1,17.809243,12.25,26.713864,-0.29737499999973804,0.29737499999973804,-0.5267499999999927,0.5267499999999927,-5.0005868917441845,26.325682027917658,134.0,MEDIUM
12/12/2025,11:15:11,12/12/2025,11:15:55,short,25210.25,25227.64,STOP,-17.3907,-351.81,0,17.390686,14.075,26.08603,-0.25049999999973804,0.25049999999973804,-0.35212499999997815,0.35212499999997815,-2.359109208246494,25.34032638863959,134.0,MEDIUM
12/12/2025,11:15:55,12/12/2025,11:16:41,short,25224.25,25197.43,TARGET,26.8224,532.45,1,17.881586,13.025,26.822378,-0.05275000000001455,0.05275000000001455,-0.1680000000000291,0.1680000000000291,-0.4289141790721338,25.7051829648031,134.0,MEDIUM
12/12/2025,11:18:40,12/12/2025,11:19:08,long,25189.0,25172.24,STOP,-16.761,-339.22,0,16.760975,11.75,25.141462,0.1889999999999418,0.1889999999999418,0.17056250000005094,0.17056250000005094,-1.4950117869379689,24.393324699836587,134.0,MEDIUM
12/12/2025,11:19:13,12/12/2025,11:21:01,long,25180.75,25163.29,STOP,-17.4595,-353.19,0,17.459474,10.65,26.189211,0.05499999999992724,0.05499999999992724,0.14812499999989087,0.14812499999989087,-0.4671781026874342,25.04329518380016,134.0,MEDIUM
12/12/2025,11:26:06,12/12/2025,11:29:29,short,25197.25,25223.1,STOP,-25.8541,-521.08,0,25.854061,10.325,38.781092,0.003749999999854481,0.003749999999854481,-0.1469375000000582,0.1469375000000582,-0.2868248480045352,38.458973863721916,134.0,MEDIUM
12/12/2025,11:30:01,12/12/2025,11:32:38,short,25205.25,25167.43,TARGET,37.8234,752.47,1,25.215632,7.925,37.823449,0.051124999999956344,0.051124999999956344,-0.009937499999978172,0.009937499999978172,1.1512780199567985,37.249027407602696,134.0,MEDIUM
12/12/2025,11:34:18,12/12/2025,11:38:09,long,25159.0,25133.48,STOP,-25.5193,-514.39,0,25.519267,9.1,38.2789,-0.00812499999992724,0.00812499999992724,0.03956249999991997,0.03956249999991997,-0.7277426889269165,38.18579072275424,134.0,MEDIUM
12/12/2025,11:39:01,12/12/2025,11:43:57,long,25140.25,25182.4,TARGET,42.154,839.08,1,28.102671,7.8,42.154006,-0.3088750000002619,0.3088750000002619,-0.1773750000000291,0.1773750000000291,7.162935643117095,41.43207968179966,134.0,MEDIUM
12/12/2025,11:44:04,12/12/2025,11:55:46,short,25180.25,25138.82,TARGET,41.4307,824.61,1,27.62044,12.35,41.430661,-0.3736250000001746,0.3736250000001746,-0.3563125000000582,0.3563125000000582,-2.7099734270462434,42.36543750478465,134.0,MEDIUM
12/12/2025,11:55:46,12/12/2025,11:56:44,long,25137.25,25163.66,TARGET,26.4138,524.28,1,17.609195,9.8,26.413793,-0.08725000000013097,0.08725000000013097,-0.13612499999999272,0.13612499999999272,-0.3694983439151258,26.039342711788258,134.0,MEDIUM
12/12/2025,11:56:44,12/12/2025,12:00:12,short,25166.25,25183.8,STOP,-17.5455,-354.91,0,17.54549,10.55,26.318235,-0.06599999999998545,0.06599999999998545,-0.10499999999992723,0.10499999999992723,-0.021193611478743435,26.04718586699446,134.0,MEDIUM
12/12/2025,12:04:55,12/12/2025,12:06:34,short,25217.25,25242.39,STOP,-25.135,-506.7,0,25.135003,8.925,37.702504,0.5721250000002328,0.5721250000002328,0.5610000000000582,0.5610000000000582,6.976206922776569,36.65942432090684,134.0,MEDIUM
12/12/2025,12:26:26,12/12/2025,12:30:20,long,25235.25,25211.71,STOP,-23.538,-474.76,0,23.538003,6.85,35.307004,0.4396250000001601,0.4396250000001601,0.7368749999999636,0.7368749999999636,-5.141982214029092,35.9955270660075,134.0,MEDIUM
12/12/2025,12:32:20,12/12/2025,12:38:39,long,25215.25,25256.21,TARGET,40.9635,815.27,1,27.309029,8.025,40.963544,-0.3991249999999127,0.3991249999999127,-0.1993749999999636,0.1993749999999636,6.755380345856906,40.039189786589375,,UNKNOWN
12/12/2025,12:39:02,12/12/2025,12:46:47,short,25268.75,25297.17,STOP,-28.422,-572.44,0,28.422036,8.3,42.633054,-0.08125,0.08125,-0.1444999999999709,0.1444999999999709,-0.12356685016116131,42.61070374789139,,UNKNOWN
12/12/2025,12:50:20,12/12/2025,13:12:00,short,25291.0,25322.27,STOP,-31.2717,-629.43,0,31.271654,7.525,46.907482,0.38125,0.38125,0.19168750000008003,0.19168750000008003,6.948362881467382,46.32674314803088,,UNKNOWN
12/12/2025,13:24:10,12/12/2025,13:57:37,long,25309.0,25284.84,STOP,-24.1579,-487.16,0,24.157879,8.35,36.236819,0.47024999999994177,0.47024999999994177,0.5049999999999273,0.5049999999999273,-7.73563314735852,36.70119381786501,,UNKNOWN
12/12/2025,14:03:28,12/12/2025,14:12:52,long,25273.75,25250.2,STOP,-23.5454,-474.91,0,23.545371,7.775,35.318056,-0.5301250000000437,0.5301250000000437,-0.46818750000002185,0.46818750000002185,7.634153037034466,34.579972515319994,,UNKNOWN
