cycle_id,watch_start_dt,watch_price,watch_high,watch_low,watch_bars,seed_bar,exit_bar,seed_dt,exit_dt,direction,seed_price,avg_entry_price,exit_price,exit_type,depth,max_position,pnl_ticks,pnl_dollars,bars_held,mfe_ticks,mae_ticks,tick_rate_ratio,session_range_ratio,price_displacement,sr_acceleration
285,2025-09-29 09:30:00,24850.75,24870.0,24848.25,4059,2641000,2641652,2025-09-29 09:30:50,2025-09-29 09:31:03,LONG,24851.75,24851.75,24861.75,REVERSAL,0,1,40.0,200.0,652,40.0,0.0,,87.0,-29.5,
286,2025-09-29 09:31:03,24861.75,24872.75,24860.5,848,2642500,2642778,2025-09-29 09:31:22,2025-09-29 09:31:29,SHORT,24872.75,24872.75,24862.75,REVERSAL,0,1,40.0,200.0,278,40.0,2.0,0.5789473684210525,100.0,48.0,
287,2025-09-29 09:31:29,24862.75,24885.5,24860.75,3242,2646020,2646525,2025-09-29 09:32:45,2025-09-29 09:33:01,LONG,24873.0,24873.0,24883.25,REVERSAL,0,1,41.0,205.0,505,41.0,5.0,1.0239277652370204,149.0,24.5,
288,2025-09-29 09:33:01,24883.25,24887.25,24875.75,725,2647250,2652601,2025-09-29 09:33:19,2025-09-29 09:36:37,LONG,24876.0,24871.0,24876.0,REVERSAL,1,2,40.0,200.0,5351,38.0,40.0,0.712895880770027,156.0,33.0,
289,2025-09-29 09:36:37,24876.0,24880.0,24870.0,358,2652959,2653548,2025-09-29 09:36:49,2025-09-29 09:37:08,LONG,24870.0,24870.0,24880.0,REVERSAL,0,1,40.0,200.0,589,40.0,7.0,0.520673098093323,156.0,9.0,
290,2025-09-29 09:37:08,24880.0,24892.5,24879.0,1880,2655428,2656783,2025-09-29 09:38:08,2025-09-29 09:39:01,LONG,24880.75,24875.75,24881.0,REVERSAL,1,2,42.0,210.0,1355,29.0,40.0,0.4901491795799459,177.0,41.5,
291,2025-09-29 09:39:01,24881.0,24919.75,24867.0,11217,2668000,2674459,2025-09-29 09:45:00,2025-09-29 09:47:24,SHORT,24919.25,24924.25,24939.25,HARD_STOP,1,2,-120.0,-600.0,6459,20.0,60.0,0.6914245120639742,286.0,141.0,
292,2025-09-29 09:47:24,24939.25,24944.0,24926.75,1791,2676250,2676740,2025-09-29 09:48:11,2025-09-29 09:48:31,LONG,24929.0,24929.0,24939.0,REVERSAL,0,1,40.0,200.0,490,40.0,5.0,1.0194864978858762,383.0,131.5,
293,2025-09-29 09:48:31,24939.0,24950.75,24935.25,4010,2680750,2681270,2025-09-29 09:50:35,2025-09-29 09:50:55,SHORT,24950.75,24950.75,24940.75,REVERSAL,0,1,40.0,200.0,520,40.0,4.0,0.6421088432504013,414.0,203.0,
294,2025-09-29 09:50:55,24940.75,24954.5,24921.5,6052,2687322,2689508,2025-09-29 09:54:04,2025-09-29 09:55:26,SHORT,24953.5,24953.5,24943.5,REVERSAL,0,1,40.0,200.0,2186,40.0,8.0,2.6122099139295822,426.0,208.0,
295,2025-09-29 09:55:26,24943.5,24944.5,24931.75,742,2690250,2691445,2025-09-29 09:55:36,2025-09-29 09:56:20,LONG,24931.75,24931.75,24941.75,REVERSAL,0,1,40.0,200.0,1195,40.0,8.0,2.6134202034091447,429.0,119.5,0.0
296,2025-09-29 09:56:20,24941.75,24945.25,24932.25,1315,2692760,2693231,2025-09-29 09:57:31,2025-09-29 09:57:56,SHORT,24943.25,24943.25,24933.25,REVERSAL,0,1,40.0,200.0,471,40.0,12.0,0.3343355576142998,429.0,165.5,0.0
297,2025-09-29 09:57:56,24933.25,24941.75,24931.75,237,2693468,2697232,2025-09-29 09:58:09,2025-09-29 10:00:50,SHORT,24941.75,24946.75,24941.75,REVERSAL,1,2,40.0,200.0,3764,37.0,50.0,0.3841076947658034,429.0,159.5,0.0
298,2025-09-29 10:00:50,24941.75,24956.25,24920.0,11768,2709000,2709841,2025-09-29 10:08:00,2025-09-29 10:08:26,SHORT,24956.25,24956.25,24946.25,REVERSAL,0,1,40.0,200.0,841,40.0,7.0,0.7144069213922104,444.0,210.0,0.0
299,2025-09-29 10:08:26,24946.25,24975.5,24944.25,8963,2718804,2723766,2025-09-29 10:14:34,2025-09-29 10:19:30,LONG,24954.75,24949.75,24934.75,HARD_STOP,1,2,-120.0,-600.0,4962,27.0,60.0,0.44613516729630953,509.0,171.5,0.0
300,2025-09-29 10:19:30,24934.75,24938.0,24917.5,2506,2726272,2728572,2025-09-29 10:20:54,2025-09-29 10:22:14,SHORT,24928.0,24933.0,24948.0,HARD_STOP,1,2,-120.0,-600.0,2300,11.0,60.0,0.7482114377679792,509.0,64.5,0.0
301,2025-09-29 10:22:14,24948.0,24969.25,24943.75,5178,2733750,2734862,2025-09-29 10:27:21,2025-09-29 10:29:15,SHORT,24965.0,24965.0,24955.0,REVERSAL,0,1,40.0,200.0,1112,40.0,3.0,0.26988608343338893,509.0,212.5,0.0
302,2025-09-29 10:29:15,24955.0,24959.25,24943.0,3888,2738750,2739232,2025-09-29 10:33:31,2025-09-29 10:34:05,LONG,24943.0,24943.0,24953.0,REVERSAL,0,1,40.0,200.0,482,40.0,0.0,0.32030299636140147,509.0,124.5,0.0
303,2025-09-29 10:34:05,24953.0,24960.5,24948.5,768,2740000,2740320,2025-09-29 10:35:11,2025-09-29 10:35:16,SHORT,24959.5,24959.5,24949.5,REVERSAL,0,1,40.0,200.0,320,40.0,6.0,0.20817324011728863,509.0,190.5,0.0
304,2025-09-29 10:35:16,24949.5,24960.0,24935.5,12430,2752750,2753102,2025-09-29 10:52:40,2025-09-29 10:53:15,SHORT,24958.0,24958.0,24948.0,REVERSAL,0,1,40.0,200.0,352,40.0,3.0,0.3268202535247023,509.0,184.5,0.0
305,2025-09-29 10:53:15,24948.0,24950.0,24924.0,4774,2757876,2761053,2025-09-29 10:57:16,2025-09-29 11:00:36,LONG,24926.5,24926.5,24936.75,REVERSAL,0,1,41.0,205.0,3177,41.0,16.0,0.5353791961666582,509.0,58.5,0.0
306,2025-09-29 11:00:36,24936.75,24941.0,24931.0,952,2762005,2764918,2025-09-29 11:01:33,2025-09-29 11:06:15,SHORT,24941.0,24941.0,24931.0,REVERSAL,0,1,40.0,200.0,2913,40.0,7.0,0.41687556439733064,509.0,116.5,0.007142857142857145
307,2025-09-29 11:06:15,24931.0,24935.25,24925.25,842,2765760,2766324,2025-09-29 11:07:01,2025-09-29 11:08:01,SHORT,24935.25,24935.25,24925.25,REVERSAL,0,1,40.0,200.0,564,40.0,2.0,0.9024824651446676,509.0,93.5,0.013636363636363641
308,2025-09-29 11:08:01,24925.25,24928.75,24906.25,3176,2769500,2770403,2025-09-29 11:10:37,2025-09-29 11:11:34,SHORT,24918.5,24918.5,24908.5,REVERSAL,0,1,40.0,200.0,903,40.0,4.0,0.9012550886625575,509.0,26.5,0.019565217391304346
309,2025-09-29 11:11:34,24908.5,24909.25,24894.5,1597,2772000,2779477,2025-09-29 11:12:20,2025-09-29 11:16:31,LONG,24894.75,24889.75,24874.75,HARD_STOP,1,2,-120.0,-600.0,7477,29.0,60.0,1.8040814944131642,509.0,-68.5,0.024999999999999994
310,2025-09-29 11:16:31,24874.75,24889.75,24874.25,523,2780000,2781037,2025-09-29 11:16:46,2025-09-29 11:17:31,SHORT,24889.25,24889.25,24879.25,REVERSAL,0,1,40.0,200.0,1037,40.0,2.0,1.0242698734443878,509.0,-90.5,0.04000000000000001
311,2025-09-29 11:17:31,24879.25,24885.25,24862.25,6963,2788000,2792083,2025-09-29 11:21:30,2025-09-29 11:24:28,SHORT,24882.25,24887.25,24882.25,REVERSAL,1,2,40.0,200.0,4083,29.0,40.0,0.4221975605032108,509.0,-118.5,0.046153846153846156
312,2025-09-29 11:24:28,24882.25,24884.75,24871.0,1182,2793265,2793814,2025-09-29 11:25:15,2025-09-29 11:25:43,SHORT,24882.25,24882.25,24872.25,REVERSAL,0,1,40.0,200.0,549,40.0,0.0,1.2057896545626532,509.0,-118.5,0.0018518518518518545
313,2025-09-29 11:25:43,24872.25,24877.25,24862.25,3447,2797261,2799050,2025-09-29 11:28:48,2025-09-29 11:30:17,LONG,24864.0,24864.0,24874.0,REVERSAL,0,1,40.0,200.0,1789,40.0,9.0,0.38416262646236604,509.0,-191.5,0.007142857142857145
314,2025-09-29 11:30:17,24874.0,24874.0,24874.0,0,2799050,2799399,2025-09-29 11:30:17,2025-09-29 11:30:29,SHORT,24874.0,24874.0,24863.75,REVERSAL,0,1,41.0,205.0,349,41.0,0.0,1.2179618343331537,509.0,-151.5,0.012068965517241376
315,2025-09-29 11:30:29,24863.75,24873.25,24852.5,5180,2804579,2805014,2025-09-29 11:34:34,2025-09-29 11:35:04,LONG,24853.5,24853.5,24863.5,REVERSAL,0,1,40.0,200.0,435,40.0,2.0,0.5653934699567995,509.0,-233.5,0.016666666666666663
316,2025-09-29 11:35:04,24863.5,24866.0,24839.75,4486,2809500,2810700,2025-09-29 11:37:38,2025-09-29 11:38:44,LONG,24852.75,24852.75,24862.75,REVERSAL,0,1,40.0,200.0,1200,40.0,5.0,0.9111431675256704,543.0,-219.5,0.02096774193548387
317,2025-09-29 11:38:44,24862.75,24866.0,24852.0,2050,2812750,2814053,2025-09-29 11:40:51,2025-09-29 11:42:34,LONG,24852.0,24852.0,24862.25,REVERSAL,0,1,41.0,205.0,1303,41.0,7.0,0.5249043571011471,543.0,-222.5,0.024999999999999994
318,2025-09-29 11:42:34,24862.25,24869.0,24852.0,3220,2817273,2821761,2025-09-29 11:46:00,2025-09-29 11:50:29,LONG,24859.0,24854.0,24839.0,HARD_STOP,1,2,-120.0,-600.0,4488,24.0,60.0,0.6771464240841543,543.0,-194.5,0.02878787878787878
319,2025-09-29 11:50:29,24839.0,24851.75,24835.75,1239,2823000,2823594,2025-09-29 11:51:30,2025-09-29 11:52:15,SHORT,24851.0,24851.0,24841.0,REVERSAL,0,1,40.0,200.0,594,40.0,12.0,0.4391029769396801,559.0,-218.5,0.05294117647058824
320,2025-09-29 11:52:15,24841.0,24843.75,24830.75,2435,2826029,2827857,2025-09-29 11:54:15,2025-09-29 11:55:53,SHORT,24842.25,24847.25,24842.25,REVERSAL,1,2,40.0,200.0,1828,20.0,40.0,0.7501937054992404,579.0,-243.5,0.007142857142857145
321,2025-09-29 11:55:53,24842.25,24842.25,24830.75,645,2828502,2829050,2025-09-29 11:56:27,2025-09-29 11:57:01,LONG,24832.25,24832.25,24842.25,REVERSAL,0,1,40.0,200.0,548,40.0,0.0,0.4713634764896565,579.0,-283.5,-0.03888888888888889
322,2025-09-29 11:57:01,24842.25,24857.0,24837.0,2706,2831756,2832924,2025-09-29 12:00:15,2025-09-29 12:01:14,SHORT,24855.75,24855.75,24845.75,REVERSAL,0,1,40.0,200.0,1168,40.0,3.0,1.265998164394885,579.0,-189.5,-0.03513513513513514
323,2025-09-29 12:01:14,24845.75,24848.75,24825.5,3102,2836026,2839552,2025-09-29 12:04:11,2025-09-29 12:09:18,LONG,24831.75,24831.75,24841.75,REVERSAL,0,1,40.0,200.0,3526,40.0,23.0,1.5274834804969526,600.0,-275.0,-0.03157894736842104
324,2025-09-29 12:09:18,24841.75,24858.5,24840.5,2644,2842196,2846741,2025-09-29 12:12:00,2025-09-29 12:16:44,SHORT,24854.5,24859.5,24854.5,REVERSAL,1,2,40.0,200.0,4545,20.0,40.0,0.38819788929547727,600.0,-184.0,-0.028205128205128188
325,2025-09-29 12:16:44,24854.5,24854.5,24825.75,3509,2850250,2851679,2025-09-29 12:19:21,2025-09-29 12:21:26,SHORT,24850.75,24850.75,24840.75,REVERSAL,0,1,40.0,200.0,1429,40.0,8.0,0.5606429142594659,600.0,-199.0,-0.024999999999999994
326,2025-09-29 12:21:26,24840.75,24858.5,24840.0,1859,2853538,2862890,2025-09-29 12:24:11,2025-09-29 12:43:30,SHORT,24853.5,24858.5,24853.5,REVERSAL,1,2,40.0,200.0,9352,34.0,40.0,0.39609486707525376,600.0,-188.0,-0.021951219512195114
327,2025-09-29 12:43:30,24853.5,24854.25,24835.5,2860,2865750,2866913,2025-09-29 12:46:23,2025-09-29 12:48:11,SHORT,24845.5,24845.5,24835.5,REVERSAL,0,1,40.0,200.0,1163,40.0,9.0,0.6840653127191814,600.0,-220.0,-0.019047619047619035
328,2025-09-29 12:48:11,24835.5,24846.25,24822.0,5842,2872755,2873648,2025-09-29 12:57:41,2025-09-29 12:59:32,LONG,24823.75,24823.75,24833.75,REVERSAL,0,1,40.0,200.0,893,40.0,2.0,0.23892458188303964,614.0,-300.0,-0.016279069767441853
329,2025-09-29 12:59:32,24833.75,24838.5,24828.25,1221,2874869,2877658,2025-09-29 13:00:22,2025-09-29 13:03:03,LONG,24828.5,24823.5,24808.5,HARD_STOP,1,2,-120.0,-600.0,2789,22.0,60.0,0.5992591131301369,614.0,-281.0,-0.013636363636363627
330,2025-09-29 13:03:03,24808.5,24835.5,24800.25,11842,2889500,2891134,2025-09-29 13:18:19,2025-09-29 13:20:44,SHORT,24834.75,24834.75,24824.75,REVERSAL,0,1,40.0,200.0,1634,40.0,16.0,0.7127558110321286,701.0,-212.5,-0.033333333333333326
331,2025-09-29 13:20:44,24824.75,24834.0,24822.0,1876,2893010,2897265,2025-09-29 13:24:11,2025-09-29 13:32:00,SHORT,24832.75,24832.75,24822.25,REVERSAL,0,1,42.0,210.0,4255,42.0,34.0,0.1960527456892959,701.0,-220.5,-0.030434782608695643
332,2025-09-29 13:32:00,24822.25,24831.0,24815.0,4323,2901588,2904771,2025-09-29 13:38:13,2025-09-29 13:44:21,SHORT,24825.25,24830.25,24825.25,REVERSAL,1,2,40.0,200.0,3183,20.0,40.0,0.20376442368423187,701.0,-250.5,-0.02765957446808509
333,2025-09-29 13:44:21,24825.25,24846.75,24823.5,4479,2909250,2924204,2025-09-29 13:52:59,2025-09-29 14:22:34,SHORT,24846.5,24851.5,24866.5,HARD_STOP,1,2,-120.0,-600.0,14954,31.0,60.0,0.5945691333402907,701.0,-165.5,-0.024999999999999994
334,2025-09-29 14:22:34,24866.5,24870.0,24834.25,13099,2937303,2943499,2025-09-29 14:48:22,2025-09-29 15:02:24,LONG,24850.5,24845.5,24830.5,HARD_STOP,1,2,-120.0,-600.0,6196,4.0,60.0,0.192239687817562,701.0,-149.5,0.007142857142857145
335,2025-09-29 15:02:24,24830.5,24834.5,24814.0,3501,2947000,2950696,2025-09-29 15:07:06,2025-09-29 15:10:50,LONG,24815.0,24815.0,24825.0,REVERSAL,0,1,40.0,200.0,3696,40.0,33.0,3.1865077867975704,701.0,-291.5,0.04000000000000001
336,2025-09-29 15:10:50,24825.0,24826.0,24780.5,8554,2959250,2961073,2025-09-29 15:16:53,2025-09-29 15:18:23,LONG,24784.25,24784.25,24794.25,REVERSAL,0,1,40.0,200.0,1823,40.0,7.0,1.0349958823853134,780.0,-375.0,0.0431372549019608
337,2025-09-29 15:18:23,24794.25,24809.0,24794.25,2927,2964000,2970044,2025-09-29 15:21:03,2025-09-29 15:29:40,SHORT,24808.5,24813.5,24808.5,REVERSAL,1,2,40.0,200.0,6044,26.0,40.0,0.519059278575005,780.0,-278.0,0.046153846153846156
338,2025-09-29 15:29:40,24808.5,24813.75,24800.25,4456,2974500,2982887,2025-09-29 15:35:07,2025-09-29 15:46:31,SHORT,24812.25,24817.25,24832.25,HARD_STOP,1,2,-120.0,-600.0,8387,18.0,60.0,0.29597500595524295,780.0,-263.0,0.04905660377358492
339,2025-09-30 09:30:00,24820.5,24831.0,24802.0,2745,3089000,3089307,2025-09-30 09:30:39,2025-09-30 09:30:42,LONG,24802.0,24802.0,24812.0,REVERSAL,0,1,40.0,200.0,307,40.0,4.0,,,,
340,2025-09-30 09:30:42,24812.0,24816.75,24772.0,5943,3095250,3098769,2025-09-30 09:33:45,2025-09-30 09:35:14,LONG,24774.25,24769.25,24774.25,REVERSAL,1,2,40.0,200.0,3519,29.0,49.0,0.6347623824550804,,,
341,2025-09-30 09:35:14,24774.25,24776.25,24760.0,982,3099751,3100307,2025-09-30 09:35:42,2025-09-30 09:36:08,LONG,24763.25,24763.25,24773.25,REVERSAL,0,1,40.0,200.0,556,40.0,6.0,0.3645781489287643,,,
342,2025-09-30 09:36:08,24773.25,24784.75,24769.5,975,3101282,3101730,2025-09-30 09:36:33,2025-09-30 09:36:54,SHORT,24781.75,24781.75,24771.75,REVERSAL,0,1,40.0,200.0,448,40.0,2.0,0.60094115930398,,,
343,2025-09-30 09:36:54,24771.75,24775.75,24756.75,770,3102500,3104626,2025-09-30 09:37:20,2025-09-30 09:38:00,LONG,24756.75,24751.75,24757.25,REVERSAL,1,2,44.0,220.0,2126,22.0,40.0,0.8726082776413827,,,
344,2025-09-30 09:38:00,24757.25,24770.75,24744.0,2136,3106762,3107040,2025-09-30 09:38:53,2025-09-30 09:39:06,SHORT,24757.5,24757.5,24747.5,REVERSAL,0,1,40.0,200.0,278,40.0,1.0,0.3831279756715618,,,
345,2025-09-30 09:39:06,24747.5,24766.75,24741.5,2460,3109500,3111064,2025-09-30 09:40:30,2025-09-30 09:41:33,SHORT,24766.5,24766.5,24756.5,REVERSAL,0,1,40.0,200.0,1564,40.0,30.0,0.7450693966411599,,,
346,2025-09-30 09:41:33,24756.5,24764.25,24754.25,309,3111373,3112588,2025-09-30 09:41:43,2025-09-30 09:43:23,SHORT,24764.25,24764.25,24754.0,REVERSAL,0,1,41.0,205.0,1215,41.0,12.0,0.3866069217572863,,,
347,2025-09-30 09:43:23,24754.0,24781.5,24753.25,1162,3113750,3117330,2025-09-30 09:44:02,2025-09-30 09:45:28,SHORT,24780.5,24785.5,24800.5,HARD_STOP,1,2,-120.0,-600.0,3580,29.0,60.0,1.2142326162345396,,,
348,2025-09-30 09:45:28,24800.5,24806.25,24793.5,1436,3118766,3121004,2025-09-30 09:46:07,2025-09-30 09:47:38,LONG,24795.0,24790.0,24795.0,REVERSAL,1,2,40.0,200.0,2238,22.0,40.0,0.4876456400877301,,,
349,2025-09-30 09:47:38,24795.0,24804.5,24765.75,3729,3124733,3128964,2025-09-30 09:50:06,2025-09-30 09:54:00,LONG,24776.0,24771.0,24756.0,HARD_STOP,1,2,-120.0,-600.0,4231,17.0,60.0,0.5715998910643345,,,0.0
350,2025-09-30 09:54:00,24756.0,24761.5,24732.0,2647,3131611,3133813,2025-09-30 09:54:43,2025-09-30 09:55:22,LONG,24741.25,24736.25,24741.25,REVERSAL,1,2,40.0,200.0,2202,20.0,56.0,1.076757926056467,,,0.0
351,2025-09-30 09:55:22,24741.25,24809.25,24730.25,12188,3146001,3148283,2025-09-30 10:03:07,2025-09-30 10:04:49,SHORT,24808.25,24808.25,24798.25,REVERSAL,0,1,40.0,200.0,2282,40.0,18.0,0.45848811541345647,,,0.0
352,2025-09-30 10:04:49,24798.25,24802.25,24752.25,5967,3154250,3158159,2025-09-30 10:07:22,2025-09-30 10:11:03,LONG,24768.5,24763.5,24768.5,REVERSAL,1,2,40.0,200.0,3909,31.0,53.0,0.595336394645583,,,0.0
353,2025-09-30 10:11:03,24768.5,24772.75,24747.5,1341,3159500,3159796,2025-09-30 10:11:56,2025-09-30 10:12:06,LONG,24747.75,24747.75,24757.75,REVERSAL,0,1,40.0,200.0,296,40.0,3.0,0.42848261725973974,,,0.0
354,2025-09-30 10:12:06,24757.75,24774.25,24748.0,2954,3162750,3163412,2025-09-30 10:14:51,2025-09-30 10:15:19,SHORT,24774.0,24774.0,24764.0,REVERSAL,0,1,40.0,200.0,662,40.0,10.0,0.2714159988691216,,,0.0
355,2025-09-30 10:15:19,24764.0,24799.0,24762.5,5841,3169253,3171411,2025-09-30 10:20:27,2025-09-30 10:23:21,SHORT,24783.0,24788.0,24783.0,REVERSAL,1,2,40.0,200.0,2158,26.0,42.0,0.49320204367831105,,,0.0
356,2025-09-30 10:23:21,24783.0,24785.75,24764.5,1839,3173250,3175774,2025-09-30 10:24:33,2025-09-30 10:27:29,LONG,24765.25,24765.25,24775.25,REVERSAL,0,1,40.0,200.0,2524,40.0,17.0,0.40330787396274675,,,0.0
357,2025-09-30 10:27:29,24775.25,24783.5,24773.5,744,3176518,3177581,2025-09-30 10:27:51,2025-09-30 10:29:29,LONG,24773.5,24773.5,24783.5,REVERSAL,0,1,40.0,200.0,1063,40.0,16.0,1.5158260600015647,,,0.0
358,2025-09-30 10:29:29,24783.5,24788.0,24776.25,922,3178503,3178821,2025-09-30 10:30:23,2025-09-30 10:30:44,LONG,24777.75,24777.75,24788.25,REVERSAL,0,1,42.0,210.0,318,42.0,6.0,0.5122935362954949,,,0.0
359,2025-09-30 10:30:44,24788.25,24808.0,24788.0,1929,3180750,3181316,2025-09-30 10:31:44,2025-09-30 10:32:06,SHORT,24808.0,24808.0,24798.0,REVERSAL,0,1,40.0,200.0,566,40.0,5.0,0.7691317815594141,,,0.0
360,2025-09-30 10:32:06,24798.0,24806.25,24787.75,1434,3182750,3183861,2025-09-30 10:33:39,2025-09-30 10:35:02,LONG,24789.0,24789.0,24799.0,REVERSAL,0,1,40.0,200.0,1111,40.0,6.0,0.7770252307923792,,,0.004761904761904773
361,2025-09-30 10:35:02,24799.0,24800.0,24777.5,1661,3185522,3187323,2025-09-30 10:36:27,2025-09-30 10:38:18,LONG,24788.75,24783.75,24768.75,HARD_STOP,1,2,-120.0,-600.0,1801,17.0,60.0,0.45042668719759277,,,0.009090909090909094
362,2025-09-30 10:38:18,24768.75,24770.25,24752.25,4177,3191500,3193437,2025-09-30 10:40:40,2025-09-30 10:42:00,SHORT,24769.25,24774.25,24789.25,HARD_STOP,1,2,-120.0,-600.0,1937,23.0,60.0,0.5791065221406,,,0.019565217391304346
363,2025-09-30 10:42:00,24789.25,24790.5,24777.0,563,3194000,3195663,2025-09-30 10:42:18,2025-09-30 10:44:32,LONG,24779.5,24779.5,24789.5,REVERSAL,0,1,40.0,200.0,1663,40.0,15.0,1.6011586182776332,,,0.033333333333333354
364,2025-09-30 10:44:32,24789.5,24806.75,24786.75,3087,3198750,3200946,2025-09-30 10:47:00,2025-09-30 10:48:11,SHORT,24805.25,24810.25,24825.25,HARD_STOP,1,2,-120.0,-600.0,2196,28.0,60.0,0.8178275239232626,,,0.04000000000000001
365,2025-09-30 10:48:11,24825.25,24838.5,24825.25,1804,3202750,3210066,2025-09-30 10:48:38,2025-09-30 10:55:26,LONG,24826.75,24826.75,24836.75,REVERSAL,0,1,40.0,200.0,7316,40.0,36.0,1.263971413179833,,,0.05769230769230768
366,2025-09-30 10:55:26,24836.75,24852.5,24836.5,1434,3211500,3212404,2025-09-30 10:55:46,2025-09-30 10:56:02,SHORT,24852.0,24852.0,24842.0,REVERSAL,0,1,40.0,200.0,904,40.0,10.0,3.2047855088357906,,,0.06481481481481483
367,2025-09-30 10:56:02,24842.0,24846.5,24832.25,1124,3213528,3215813,2025-09-30 10:56:28,2025-09-30 10:59:06,LONG,24834.5,24834.5,24844.5,REVERSAL,0,1,40.0,200.0,2285,40.0,19.0,1.2713523814666987,,,0.07142857142857142
368,2025-09-30 10:59:06,24844.5,24859.25,24837.0,2437,3218250,3221970,2025-09-30 11:00:33,2025-09-30 11:03:29,SHORT,24857.75,24857.75,24847.75,REVERSAL,0,1,40.0,200.0,3720,40.0,20.0,1.5892039547939456,,,0.027586206896551724
369,2025-09-30 11:03:29,24847.75,24860.25,24842.75,1530,3223500,3224878,2025-09-30 11:05:02,2025-09-30 11:06:25,SHORT,24859.75,24859.75,24849.75,REVERSAL,0,1,40.0,200.0,1378,40.0,9.0,0.3060005859118656,,,0.033333333333333354
370,2025-09-30 11:06:25,24849.75,24857.25,24831.5,6122,3231000,3231828,2025-09-30 11:12:33,2025-09-30 11:13:47,SHORT,24850.75,24850.75,24840.75,REVERSAL,0,1,40.0,200.0,828,40.0,5.0,0.386865220422701,,,-0.011290322580645162
371,2025-09-30 11:13:47,24840.75,24843.75,24783.25,14184,3246012,3249316,2025-09-30 11:23:47,2025-09-30 11:27:07,LONG,24795.25,24790.25,24775.25,HARD_STOP,1,2,-120.0,-600.0,3304,20.0,60.0,0.34762144271766454,,,-0.0062500000000000056
372,2025-09-30 11:27:07,24775.25,24776.5,24756.5,934,3250250,3250857,2025-09-30 11:27:25,2025-09-30 11:27:35,LONG,24756.75,24756.75,24766.75,REVERSAL,0,1,40.0,200.0,607,40.0,5.0,2.20800501653668,,,0.018181818181818188
373,2025-09-30 11:27:35,24766.75,24781.75,24763.25,2644,3253501,3257102,2025-09-30 11:29:26,2025-09-30 11:32:20,SHORT,24780.0,24785.0,24800.0,HARD_STOP,1,2,-120.0,-600.0,3601,20.0,60.0,0.6015246891675305,,,0.023529411764705882
374,2025-09-30 11:32:20,24800.0,24806.0,24771.0,4898,3262000,3265805,2025-09-30 11:36:36,2025-09-30 11:41:29,LONG,24785.25,24780.25,24765.25,HARD_STOP,1,2,-120.0,-600.0,3805,11.0,60.0,0.4797547657895344,,,0.04999999999999999
375,2025-09-30 11:41:29,24765.25,24804.0,24761.5,7849,3273654,3275113,2025-09-30 11:50:35,2025-09-30 11:52:14,SHORT,24799.5,24804.5,24799.5,REVERSAL,1,2,40.0,200.0,1459,20.0,40.0,0.6249857053364561,,,0.07777777777777778
376,2025-09-30 11:52:14,24799.5,24821.0,24785.5,8718,3283831,3284714,2025-09-30 12:01:19,2025-09-30 12:02:56,SHORT,24807.25,24812.25,24807.25,REVERSAL,1,2,40.0,200.0,883,20.0,40.0,0.3478193664773554,,,0.08378378378378376
377,2025-09-30 12:02:56,24807.25,24816.25,24779.75,3553,3288267,3288620,2025-09-30 12:08:40,2025-09-30 12:08:41,LONG,24783.0,24783.0,24793.0,REVERSAL,0,1,40.0,200.0,353,40.0,0.0,0.5430002119219501,,,0.08947368421052632
378,2025-09-30 12:08:41,24793.0,24843.75,24786.0,10166,3298786,3299572,2025-09-30 12:21:55,2025-09-30 12:22:31,SHORT,24841.5,24841.5,24831.0,REVERSAL,0,1,42.0,210.0,786,42.0,3.0,1.4178971089943826,,,0.09487179487179487
379,2025-09-30 12:22:31,24831.0,24836.0,24814.75,1678,3301250,3303532,2025-09-30 12:24:41,2025-09-30 12:28:21,LONG,24815.75,24810.75,24815.75,REVERSAL,1,2,40.0,200.0,2282,20.0,40.0,0.2742462997635713,,,0.09999999999999998
380,2025-09-30 12:28:21,24815.75,24824.25,24805.5,4306,3307838,3310800,2025-09-30 12:37:42,2025-09-30 12:44:15,LONG,24811.25,24806.25,24811.25,REVERSAL,1,2,40.0,200.0,2962,20.0,41.0,0.1655645401734187,,,0.10487804878048779
381,2025-09-30 12:44:15,24811.25,24817.25,24792.25,4135,3314935,3317259,2025-09-30 12:53:23,2025-09-30 12:58:34,LONG,24798.0,24793.0,24778.0,HARD_STOP,1,2,-120.0,-600.0,2324,6.0,60.0,0.1264384719002763,,,0.10952380952380952
382,2025-09-30 12:58:34,24778.0,24785.75,24767.75,1491,3318750,3319268,2025-09-30 12:59:50,2025-09-30 13:00:16,SHORT,24785.0,24785.0,24775.0,REVERSAL,0,1,40.0,200.0,518,40.0,3.0,0.2989347739987484,,,0.09069767441860463
383,2025-09-30 13:00:16,24775.0,24787.0,24770.25,4510,3323778,3324368,2025-09-30 13:09:39,2025-09-30 13:10:45,SHORT,24780.25,24780.25,24770.25,REVERSAL,0,1,40.0,200.0,590,40.0,6.0,0.18428196565208244,,,0.04545454545454544
384,2025-09-30 13:10:45,24770.25,24776.0,24754.0,4132,3328500,3328861,2025-09-30 13:16:22,2025-09-30 13:16:43,SHORT,24776.0,24776.0,24766.0,REVERSAL,0,1,40.0,200.0,361,40.0,1.0,0.2927128574262748,,,0.04999999999999999
385,2025-09-30 13:16:43,24766.0,24768.75,24736.5,4639,3333500,3334114,2025-09-30 13:24:27,2025-09-30 13:25:18,LONG,24736.75,24736.75,24746.75,REVERSAL,0,1,40.0,200.0,614,40.0,4.0,0.5095951180844791,,,0.004347826086956524
386,2025-09-30 13:25:18,24746.75,24748.5,24733.75,1386,3335500,3336361,2025-09-30 13:27:51,2025-09-30 13:29:10,LONG,24733.75,24733.75,24744.0,REVERSAL,0,1,41.0,205.0,861,41.0,4.0,0.2650308778385364,,,0.008510638297872353
387,2025-09-30 13:29:10,24744.0,24751.25,24738.25,1139,3337500,3340072,2025-09-30 13:30:09,2025-09-30 13:33:54,LONG,24738.25,24738.25,24748.25,REVERSAL,0,1,40.0,200.0,2572,40.0,23.0,0.6426520623360662,,,0.012500000000000011
388,2025-09-30 13:33:54,24748.25,24754.75,24731.75,4678,3344750,3350390,2025-09-30 13:40:41,2025-09-30 13:49:25,SHORT,24753.0,24758.0,24773.0,HARD_STOP,1,2,-120.0,-600.0,5640,26.0,60.0,0.46056223682424496,,,0.0163265306122449
389,2025-09-30 13:49:25,24773.0,24797.5,24769.0,7367,3357757,3362653,2025-09-30 13:57:43,2025-09-30 14:06:10,LONG,24777.0,24772.0,24777.0,REVERSAL,1,2,40.0,200.0,4896,21.0,40.0,0.5005666714796811,,,0.04999999999999999
390,2025-09-30 14:06:10,24777.0,24811.75,24773.25,5724,3368377,3369420,2025-09-30 14:13:51,2025-09-30 14:15:16,SHORT,24806.5,24811.5,24826.5,HARD_STOP,1,2,-120.0,-600.0,1043,3.0,60.0,0.4091585831924876,,,0.05392156862745098
391,2025-09-30 14:15:16,24826.5,24828.75,24802.0,5330,3374750,3375199,2025-09-30 14:20:13,2025-09-30 14:20:56,LONG,24811.75,24811.75,24821.75,REVERSAL,0,1,40.0,200.0,449,40.0,0.0,0.4552038630224164,,,0.08846153846153845
392,2025-09-30 14:20:56,24821.75,24826.5,24811.25,2551,3377750,3390315,2025-09-30 14:25:13,2025-09-30 14:47:14,SHORT,24825.25,24830.25,24845.25,HARD_STOP,1,2,-120.0,-600.0,12565,38.0,60.0,0.3299451584278863,,,0.042452830188679236
393,2025-09-30 14:47:14,24845.25,24851.75,24838.25,3739,3394054,3399769,2025-09-30 14:52:03,2025-09-30 15:03:16,LONG,24841.75,24841.75,24851.75,REVERSAL,0,1,40.0,200.0,5715,40.0,30.0,0.4026779906420258,,,0.07777777777777778
394,2025-09-30 15:03:16,24851.75,24852.5,24821.5,7838,3407607,3409445,2025-09-30 15:16:19,2025-09-30 15:20:10,LONG,24826.25,24826.25,24836.25,REVERSAL,0,1,40.0,200.0,1838,40.0,16.0,0.7207587053354134,,,0.03181818181818183
395,2025-09-30 15:20:10,24836.25,24857.0,24835.5,4555,3414000,3420235,2025-09-30 15:25:42,2025-09-30 15:31:57,SHORT,24857.0,24862.0,24877.0,HARD_STOP,1,2,-120.0,-600.0,6235,16.0,60.0,0.48523657888220306,,,-0.014285714285714263
396,2025-09-30 15:31:57,24877.0,24878.25,24861.0,4115,3424350,3427245,2025-09-30 15:37:38,2025-09-30 15:40:49,LONG,24864.75,24859.75,24844.75,HARD_STOP,1,2,-120.0,-600.0,2895,13.0,60.0,0.2590862696787332,,,0.02192982456140352
397,2025-09-30 15:40:49,24844.75,24865.5,24836.0,6488,3433733,3436093,2025-09-30 15:47:30,2025-09-30 15:49:50,SHORT,24859.5,24864.5,24877.75,EOD_FLATTEN,1,2,-106.0,-530.0,2360,17.0,56.0,0.9828821437397757,,,0.05862068965517239
398,2025-10-01 09:30:00,24763.0,24767.25,24756.75,1484,3579250,3579515,2025-10-01 09:30:10,2025-10-01 09:30:12,LONG,24756.75,24756.75,24767.0,REVERSAL,0,1,41.0,205.0,265,41.0,7.0,,7.0,-2.5,
399,2025-10-01 09:30:12,24767.0,24768.0,24744.0,985,3580500,3580846,2025-10-01 09:30:21,2025-10-01 09:30:25,LONG,24745.0,24745.0,24755.0,REVERSAL,0,1,40.0,200.0,346,40.0,5.0,,13.857142857142858,-6.214285714285714,
400,2025-10-01 09:30:25,24755.0,24807.0,24742.75,4654,3585500,3585829,2025-10-01 09:31:35,2025-10-01 09:31:38,SHORT,24807.0,24807.0,24797.0,REVERSAL,0,1,40.0,200.0,329,40.0,2.0,0.8310249307479222,37.0,18.214285714285715,
401,2025-10-01 09:31:38,24797.0,24806.5,24791.0,671,3586500,3591659,2025-10-01 09:31:49,2025-10-01 09:33:41,SHORT,24804.75,24809.75,24824.75,HARD_STOP,1,2,-120.0,-600.0,5159,38.0,60.0,0.851063829787234,37.0,16.928571428571427,
402,2025-10-01 09:33:41,24824.75,24834.25,24818.75,1091,3592750,3593872,2025-10-01 09:34:06,2025-10-01 09:34:33,SHORT,24834.25,24834.25,24824.25,REVERSAL,0,1,40.0,200.0,1122,40.0,7.0,0.44011603812681316,52.42857142857143,26.071428571428573,
403,2025-10-01 09:34:33,24824.25,24827.75,24811.0,628,3594500,3595749,2025-10-01 09:34:50,2025-10-01 09:35:23,LONG,24811.0,24811.0,24821.0,REVERSAL,0,1,40.0,200.0,1249,40.0,23.0,0.46422570434918525,53.285714285714285,12.357142857142858,
404,2025-10-01 09:35:23,24821.0,24839.0,24817.25,3014,3598763,3599361,2025-10-01 09:36:51,2025-10-01 09:37:16,LONG,24827.5,24827.5,24837.5,REVERSAL,0,1,40.0,200.0,598,40.0,8.0,0.3616182572614109,55.0,20.928571428571427,
405,2025-10-01 09:37:16,24837.5,24841.5,24825.75,1139,3600500,3600941,2025-10-01 09:37:59,2025-10-01 09:38:20,LONG,24826.5,24826.5,24837.0,REVERSAL,0,1,42.0,210.0,441,42.0,3.0,0.2913960379109189,56.42857142857143,19.642857142857142,
406,2025-10-01 09:38:20,24837.0,24838.75,24828.75,207,3601148,3602305,2025-10-01 09:38:32,2025-10-01 09:39:13,LONG,24828.75,24823.75,24828.75,REVERSAL,1,2,40.0,200.0,1157,20.0,40.0,0.4270632284703873,56.42857142857143,20.928571428571427,
407,2025-10-01 09:39:13,24828.75,24838.5,24801.75,10661,3612966,3614785,2025-10-01 09:46:35,2025-10-01 09:47:58,LONG,24814.5,24809.5,24794.5,HARD_STOP,1,2,-120.0,-600.0,1819,11.0,60.0,0.7917341216802988,56.42857142857143,12.785714285714286,
408,2025-10-01 09:47:58,24794.5,24806.25,24758.0,3217,3618002,3618517,2025-10-01 09:49:03,2025-10-01 09:49:11,LONG,24759.5,24759.5,24769.5,REVERSAL,0,1,40.0,200.0,515,40.0,1.0,2.3563623212783793,56.42857142857143,-18.642857142857142,0.0
409,2025-10-01 09:49:11,24769.5,24771.25,24752.25,983,3619500,3621564,2025-10-01 09:49:28,2025-10-01 09:50:00,LONG,24754.0,24749.0,24734.0,HARD_STOP,1,2,-120.0,-600.0,2064,14.0,60.0,2.3333291635141937,56.42857142857143,-21.785714285714285,0.0
410,2025-10-01 09:50:00,24734.0,24736.0,24726.0,552,3622116,3625155,2025-10-01 09:50:03,2025-10-01 09:51:00,SHORT,24736.0,24741.0,24756.0,HARD_STOP,1,2,-120.0,-600.0,3039,36.0,60.0,4.47190564459406,66.0,-27.285714285714285,0.0
411,2025-10-01 09:51:00,24756.0,24763.75,24750.5,1095,3626250,3627205,2025-10-01 09:51:25,2025-10-01 09:52:03,LONG,24753.0,24753.0,24763.0,REVERSAL,0,1,40.0,200.0,955,40.0,16.0,0.5535561643664167,66.0,-17.571428571428573,0.0
412,2025-10-01 09:52:03,24763.0,24766.0,24748.5,1061,3628266,3629255,2025-10-01 09:52:54,2025-10-01 09:53:45,LONG,24751.5,24751.5,24761.5,REVERSAL,0,1,40.0,200.0,989,40.0,19.0,0.2665992167491832,66.0,-18.428571428571427,0.0
413,2025-10-01 09:53:45,24761.5,24781.0,24761.5,995,3630250,3630594,2025-10-01 09:54:03,2025-10-01 09:54:12,SHORT,24781.0,24781.0,24771.0,REVERSAL,0,1,40.0,200.0,344,40.0,3.0,0.7632470280418154,66.0,-1.5714285714285714,0.0
414,2025-10-01 09:54:12,24771.0,24814.75,24767.25,5894,3636488,3637008,2025-10-01 09:57:46,2025-10-01 09:58:15,SHORT,24798.5,24798.5,24788.5,REVERSAL,0,1,40.0,200.0,520,40.0,16.0,0.5291302280361765,66.0,8.428571428571429,0.0
415,2025-10-01 09:58:15,24788.5,24797.0,24787.0,319,3637327,3637544,2025-10-01 09:58:31,2025-10-01 09:58:46,SHORT,24797.0,24797.0,24787.0,REVERSAL,0,1,40.0,200.0,217,40.0,0.0,0.37026984860340595,66.0,7.571428571428571,0.0
416,2025-10-01 09:58:46,24787.0,24789.0,24760.0,1706,3639250,3639426,2025-10-01 09:59:40,2025-10-01 09:59:46,LONG,24760.75,24760.75,24770.75,REVERSAL,0,1,40.0,200.0,176,40.0,2.0,1.2134734215599252,66.0,-13.142857142857142,0.0
417,2025-10-01 09:59:46,24770.75,24770.75,24770.75,0,3639426,3639679,2025-10-01 09:59:46,2025-10-01 09:59:56,SHORT,24770.75,24770.75,24760.75,REVERSAL,0,1,40.0,200.0,253,40.0,31.0,1.2134734215599252,66.0,-7.428571428571429,0.0
418,2025-10-01 09:59:56,24760.75,24799.75,24750.0,2571,3642250,3642461,2025-10-01 10:01:14,2025-10-01 10:01:16,SHORT,24799.75,24799.75,24789.0,REVERSAL,0,1,43.0,215.0,211,43.0,4.0,0.5448571963317733,66.0,9.142857142857142,0.0
419,2025-10-01 10:01:16,24789.0,24789.0,24789.0,0,3642461,3643796,2025-10-01 10:01:16,2025-10-01 10:02:26,LONG,24789.0,24789.0,24799.0,REVERSAL,0,1,40.0,200.0,1335,40.0,19.0,0.5448571963317733,66.0,3.0,0.009523809523809545
420,2025-10-01 10:02:26,24799.0,24823.75,24788.75,4712,3648508,3649032,2025-10-01 10:05:42,2025-10-01 10:06:09,SHORT,24819.0,24819.0,24809.0,REVERSAL,0,1,40.0,200.0,524,40.0,11.0,0.3616826978408285,66.0,20.142857142857142,0.018181818181818188
421,2025-10-01 10:06:09,24809.0,24815.75,24804.75,968,3650000,3650602,2025-10-01 10:07:05,2025-10-01 10:07:52,SHORT,24814.75,24814.75,24804.75,REVERSAL,0,1,40.0,200.0,602,40.0,7.0,0.25647504608718713,66.0,17.714285714285715,0.026086956521739146
422,2025-10-01 10:07:52,24804.75,24810.0,24794.75,1157,3651759,3652174,2025-10-01 10:08:46,2025-10-01 10:09:11,LONG,24799.25,24799.25,24809.25,REVERSAL,0,1,40.0,200.0,415,40.0,16.0,0.26009528708478846,66.0,8.857142857142858,-0.016666666666666663
423,2025-10-01 10:09:11,24809.25,24833.5,24802.75,4826,3657000,3661862,2025-10-01 10:14:17,2025-10-01 10:19:04,SHORT,24833.0,24838.0,24853.0,HARD_STOP,1,2,-120.0,-600.0,4862,29.0,60.0,0.28549422620974324,66.0,28.142857142857142,-0.010000000000000009
424,2025-10-01 10:19:04,24853.0,24878.5,24851.5,4638,3666500,3669566,2025-10-01 10:21:28,2025-10-01 10:23:06,SHORT,24877.0,24877.0,24867.0,REVERSAL,0,1,40.0,200.0,3066,40.0,25.0,1.8507548178020778,87.28571428571429,42.642857142857146,0.007692307692307693
425,2025-10-01 10:23:06,24867.0,24874.75,24863.5,934,3670500,3678389,2025-10-01 10:23:50,2025-10-01 10:30:33,SHORT,24873.5,24878.5,24893.5,HARD_STOP,1,2,-120.0,-600.0,7889,36.0,60.0,0.4671303612345133,89.85714285714286,39.357142857142854,0.014814814814814836
426,2025-10-01 10:30:33,24893.5,24893.5,24881.25,875,3679264,3682467,2025-10-01 10:31:17,2025-10-01 10:34:43,LONG,24883.25,24883.25,24893.25,REVERSAL,0,1,40.0,200.0,3203,40.0,34.0,0.5309097026915124,95.71428571428571,42.0,0.035714285714285726
427,2025-10-01 10:34:43,24893.25,24912.0,24881.0,8582,3691049,3696353,2025-10-01 10:41:10,2025-10-01 10:47:00,LONG,24891.0,24886.0,24891.0,REVERSAL,1,2,40.0,200.0,5304,22.0,40.0,0.7622667273632047,106.28571428571429,41.142857142857146,0.04310344827586207
428,2025-10-01 10:47:00,24891.0,24901.75,24880.0,7647,3704000,3706083,2025-10-01 10:57:24,2025-10-01 10:59:42,SHORT,24901.0,24901.0,24891.0,REVERSAL,0,1,40.0,200.0,2083,40.0,7.0,0.23242682921020083,106.28571428571429,46.857142857142854,0.0
429,2025-10-01 10:59:42,24891.0,24891.0,24891.0,0,3706083,3706648,2025-10-01 10:59:42,2025-10-01 11:00:21,LONG,24891.0,24891.0,24901.0,REVERSAL,0,1,40.0,200.0,565,40.0,1.0,0.31270313667078975,106.28571428571429,41.142857142857146,0.006451612903225823
430,2025-10-01 11:00:21,24901.0,24920.75,24894.25,7852,3714500,3716786,2025-10-01 11:07:05,2025-10-01 11:10:25,SHORT,24913.0,24913.0,24903.0,REVERSAL,0,1,40.0,200.0,2286,40.0,10.0,0.41913183801143095,111.28571428571429,51.214285714285715,-0.037500000000000006
431,2025-10-01 11:10:25,24903.0,24903.75,24880.75,4464,3721250,3721941,2025-10-01 11:15:03,2025-10-01 11:15:58,SHORT,24901.5,24901.5,24891.5,REVERSAL,0,1,40.0,200.0,691,40.0,4.0,0.22956936239302786,111.28571428571429,44.642857142857146,-0.08181818181818182
432,2025-10-01 11:15:58,24891.5,24893.75,24883.75,730,3722671,3730405,2025-10-01 11:16:57,2025-10-01 11:28:21,LONG,24883.75,24883.75,24893.75,REVERSAL,0,1,40.0,200.0,7734,40.0,34.0,0.24735227980446586,111.28571428571429,34.5,-0.07647058823529412
433,2025-10-01 11:28:21,24893.75,24931.0,24886.75,9538,3739943,3746588,2025-10-01 11:39:33,2025-10-01 11:48:48,SHORT,24925.0,24930.0,24925.0,REVERSAL,1,2,40.0,200.0,6645,20.0,40.0,0.4076042921573946,117.14285714285714,55.142857142857146,-0.07142857142857142
434,2025-10-01 11:48:48,24925.0,24948.75,24919.75,15662,3762250,3764736,2025-10-01 12:19:34,2025-10-01 12:23:55,SHORT,24938.75,24938.75,24928.75,REVERSAL,0,1,40.0,200.0,2486,40.0,2.0,0.5668045830937355,127.28571428571429,57.92857142857143,-0.06666666666666665
435,2025-10-01 12:23:55,24928.75,24951.25,24928.75,4314,3769050,3772444,2025-10-01 12:33:15,2025-10-01 12:42:57,SHORT,24946.75,24946.75,24936.75,REVERSAL,0,1,40.0,200.0,3394,40.0,23.0,0.29004955486332185,128.71428571428572,61.785714285714285,-0.062162162162162166
436,2025-10-01 12:42:57,24936.75,24947.0,24930.25,4056,3776500,3782103,2025-10-01 12:51:05,2025-10-01 13:02:21,SHORT,24946.25,24951.25,24966.25,HARD_STOP,1,2,-120.0,-600.0,5603,37.0,60.0,0.20886477218818864,129.42857142857142,61.142857142857146,-0.05789473684210525
437,2025-10-01 13:02:21,24966.25,24980.5,24960.75,6397,3788500,3789143,2025-10-01 13:10:33,2025-10-01 13:11:36,LONG,24966.5,24966.5,24976.5,REVERSAL,0,1,40.0,200.0,643,40.0,1.0,0.35473405575807443,145.42857142857142,64.71428571428571,-0.029487179487179493
438,2025-10-01 13:11:36,24976.5,24990.0,24964.25,20474,3809617,3812969,2025-10-01 13:51:39,2025-10-01 13:59:43,LONG,24973.5,24973.5,24983.5,REVERSAL,0,1,40.0,200.0,3352,40.0,16.0,0.21326014678518068,150.85714285714286,66.0,-0.024999999999999994
439,2025-10-01 13:59:43,24983.5,25010.25,24981.75,2781,3815750,3817341,2025-10-01 14:00:36,2025-10-01 14:01:58,SHORT,25009.5,25009.5,24999.25,REVERSAL,0,1,41.0,205.0,1591,41.0,2.0,2.9189506870992212,162.42857142857142,80.78571428571429,-0.02073170731707319
440,2025-10-01 14:01:58,24999.25,24999.75,24978.0,1636,3818977,3820293,2025-10-01 14:03:01,2025-10-01 14:04:48,LONG,24980.75,24980.75,24990.75,REVERSAL,0,1,40.0,200.0,1316,40.0,32.0,1.4579707280360445,162.42857142857142,64.35714285714286,-0.016666666666666663
441,2025-10-01 14:04:48,24990.75,25013.25,24990.25,4789,3825082,3831431,2025-10-01 14:10:49,2025-10-01 14:21:08,SHORT,25007.0,25012.0,25007.0,REVERSAL,1,2,40.0,200.0,6349,22.0,40.0,0.3840674170224406,164.14285714285714,78.5,-0.012790697674418622
442,2025-10-01 14:21:08,25007.0,25024.0,25005.25,8319,3839750,3843457,2025-10-01 14:38:59,2025-10-01 14:43:28,SHORT,25022.75,25027.75,25022.75,REVERSAL,1,2,40.0,200.0,3707,20.0,40.0,0.18652834593463236,171.14285714285714,84.0,-0.009090909090909094
443,2025-10-01 14:43:28,25022.75,25036.75,25019.0,11093,3854550,3855846,2025-10-01 15:09:12,2025-10-01 15:12:16,SHORT,25030.0,25030.0,25020.0,REVERSAL,0,1,40.0,200.0,1296,40.0,11.0,0.20205350744913184,177.57142857142858,84.92857142857143,-0.005555555555555564
444,2025-10-01 15:12:16,25020.0,25028.0,25015.25,3156,3859002,3865141,2025-10-01 15:20:00,2025-10-01 15:31:27,LONG,25016.75,25016.75,25026.75,REVERSAL,0,1,40.0,200.0,6139,40.0,35.0,0.313299615505645,177.57142857142858,77.35714285714286,-0.052173913043478265
445,2025-10-01 15:31:27,25026.75,25035.5,25018.25,3708,3868849,3870430,2025-10-01 15:38:08,2025-10-01 15:40:57,LONG,25019.5,25019.5,25029.5,REVERSAL,0,1,40.0,200.0,1581,40.0,10.0,0.5319012502989972,177.57142857142858,78.92857142857143,-0.048936170212765945
446,2025-10-02 09:30:00,25165.25,25169.0,25146.0,1649,3984250,3995656,2025-10-02 09:30:07,2025-10-02 09:34:37,LONG,25146.75,25141.75,25126.75,HARD_STOP,1,2,-120.0,-600.0,11406,31.0,60.0,,48.5,-20.25,
447,2025-10-02 09:34:37,25126.75,25129.75,25108.75,5344,4001000,4004168,2025-10-02 09:36:40,2025-10-02 09:37:54,LONG,25109.75,25104.75,25089.75,HARD_STOP,1,2,-120.0,-600.0,3168,39.0,60.0,1.3070167959757863,121.0,-58.0,
448,2025-10-02 09:37:54,25089.75,25099.75,25078.25,2332,4006500,4007173,2025-10-02 09:38:52,2025-10-02 09:39:08,LONG,25080.5,25080.5,25090.5,REVERSAL,0,1,40.0,200.0,673,40.0,6.0,2.059032800344032,181.5,-86.25,
449,2025-10-02 09:39:08,25090.5,25092.75,25062.25,3577,4010750,4011274,2025-10-02 09:40:23,2025-10-02 09:40:35,SHORT,25079.25,25079.25,25068.75,REVERSAL,0,1,42.0,210.0,524,42.0,6.0,1.006553569448578,213.5,-72.75,
450,2025-10-02 09:40:35,25068.75,25069.5,25045.75,2997,4014271,4015164,2025-10-02 09:41:48,2025-10-02 09:42:08,LONG,25047.75,25047.75,25057.75,REVERSAL,0,1,40.0,200.0,893,40.0,7.0,2.05082676728443,246.5,-119.25,
451,2025-10-02 09:42:08,25057.75,25060.0,25042.25,1086,4016250,4016610,2025-10-02 09:42:37,2025-10-02 09:42:52,LONG,25043.0,25043.0,25053.25,REVERSAL,0,1,41.0,205.0,360,41.0,2.0,0.375624246718655,253.5,-125.25,
452,2025-10-02 09:42:52,25053.25,25056.5,25036.25,1140,4017750,4018303,2025-10-02 09:43:34,2025-10-02 09:43:51,LONG,25037.75,25037.75,25047.75,REVERSAL,0,1,40.0,200.0,553,40.0,1.0,0.30097147991216244,265.5,-129.75,
453,2025-10-02 09:43:51,25047.75,25053.75,25035.75,2697,4021000,4023839,2025-10-02 09:45:15,2025-10-02 09:46:13,SHORT,25046.25,25051.25,25066.25,HARD_STOP,1,2,-120.0,-600.0,2839,30.0,60.0,1.0797120683219108,266.5,-112.25,
454,2025-10-02 09:46:13,25066.25,25066.5,25056.25,662,4024501,4024980,2025-10-02 09:46:33,2025-10-02 09:46:51,LONG,25056.25,25056.25,25066.25,REVERSAL,0,1,40.0,200.0,479,40.0,7.0,0.6202170921420781,266.5,-92.25,
455,2025-10-02 09:46:51,25066.25,25071.5,25058.5,1520,4026500,4027948,2025-10-02 09:47:38,2025-10-02 09:48:45,SHORT,25070.0,25070.0,25060.0,REVERSAL,0,1,40.0,200.0,1448,40.0,3.0,0.27565449310310824,266.5,-64.75,
456,2025-10-02 09:48:45,25060.0,25061.0,25026.0,2552,4030500,4033341,2025-10-02 09:49:36,2025-10-02 09:50:36,LONG,25027.0,25027.0,25037.0,REVERSAL,0,1,40.0,200.0,2841,40.0,28.0,1.472437570720474,286.0,-141.0,0.0
457,2025-10-02 09:50:36,25037.0,25039.0,25029.0,331,4033672,4034466,2025-10-02 09:50:41,2025-10-02 09:51:04,LONG,25029.0,25029.0,25039.0,REVERSAL,0,1,40.0,200.0,794,40.0,19.0,0.8884552799712598,298.0,-131.0,0.0
458,2025-10-02 09:51:04,25039.0,25049.5,25026.75,1284,4035750,4037930,2025-10-02 09:51:39,2025-10-02 09:52:34,LONG,25027.0,25022.0,25027.0,REVERSAL,1,2,40.0,200.0,2180,31.0,40.0,0.6432029358139016,298.0,-135.0,0.0
459,2025-10-02 09:52:34,25027.0,25039.75,25025.75,820,4038750,4042057,2025-10-02 09:53:00,2025-10-02 09:54:48,SHORT,25038.75,25043.75,25058.75,HARD_STOP,1,2,-120.0,-600.0,3307,34.0,60.0,0.7605978319402311,310.0,-105.5,0.0
460,2025-10-02 09:54:48,25058.75,25067.0,25019.5,8596,4050653,4051084,2025-10-02 10:00:11,2025-10-02 10:00:26,SHORT,25058.0,25058.0,25048.0,REVERSAL,0,1,40.0,200.0,431,40.0,9.0,0.8109985452353181,310.0,-67.0,0.0
461,2025-10-02 10:00:26,25048.0,25054.0,25041.5,416,4051500,4051930,2025-10-02 10:00:34,2025-10-02 10:00:51,LONG,25041.5,25041.5,25051.5,REVERSAL,0,1,40.0,200.0,430,40.0,2.0,1.2203668812350743,310.0,-100.0,0.0
462,2025-10-02 10:00:51,25051.5,25068.75,25050.5,1342,4053272,4053536,2025-10-02 10:01:24,2025-10-02 10:01:33,LONG,25058.75,25058.75,25068.75,REVERSAL,0,1,40.0,200.0,264,40.0,9.0,1.226270171959371,310.0,-65.5,0.0
463,2025-10-02 10:01:33,25068.75,25081.25,25042.0,14714,4068250,4068724,2025-10-02 10:11:53,2025-10-02 10:12:05,LONG,25042.0,25042.0,25052.0,REVERSAL,0,1,40.0,200.0,474,40.0,5.0,1.061229625922456,310.0,-99.0,0.0
464,2025-10-02 10:12:05,25052.0,25076.5,25049.5,4776,4073500,4074504,2025-10-02 10:16:52,2025-10-02 10:18:09,SHORT,25075.0,25075.0,25065.0,REVERSAL,0,1,40.0,200.0,1004,40.0,10.0,0.3915481975081315,310.0,-33.0,0.0
465,2025-10-02 10:18:09,25065.0,25087.0,25047.5,4246,4078750,4079406,2025-10-02 10:20:43,2025-10-02 10:21:04,LONG,25047.5,25047.5,25057.5,REVERSAL,0,1,40.0,200.0,656,40.0,1.0,1.385440648319512,310.0,-88.0,0.0
466,2025-10-02 10:21:04,25057.5,25065.5,25051.75,914,4080320,4082286,2025-10-02 10:22:01,2025-10-02 10:23:46,SHORT,25063.75,25068.75,25083.75,HARD_STOP,1,2,-120.0,-600.0,1966,36.0,60.0,0.3283926061127263,310.0,-55.5,0.0
467,2025-10-02 10:23:46,25083.75,25087.75,25077.25,1983,4084269,4084973,2025-10-02 10:25:11,2025-10-02 10:25:43,SHORT,25087.25,25087.25,25077.25,REVERSAL,0,1,40.0,200.0,704,40.0,10.0,0.3559015688029943,310.0,-8.5,-0.03809523809523807
468,2025-10-02 10:25:43,25077.25,25085.75,25072.0,1277,4086250,4088089,2025-10-02 10:26:47,2025-10-02 10:28:46,SHORT,25085.75,25085.75,25075.75,REVERSAL,0,1,40.0,200.0,1839,40.0,23.0,0.4420938888360752,310.0,-11.5,-0.07727272727272727
469,2025-10-02 10:28:46,25075.75,25085.25,25072.25,1662,4089751,4091460,2025-10-02 10:30:12,2025-10-02 10:31:36,SHORT,25084.25,25084.25,25074.25,REVERSAL,0,1,40.0,200.0,1709,40.0,26.0,0.649644667014331,310.0,-14.5,-0.06739130434782609
470,2025-10-02 10:31:36,25074.25,25079.0,25066.0,1040,4092500,4092840,2025-10-02 10:32:26,2025-10-02 10:33:00,SHORT,25079.0,25079.0,25069.0,REVERSAL,0,1,40.0,200.0,340,40.0,0.0,0.7400143848119403,310.0,-25.0,-0.05833333333333335
471,2025-10-02 10:33:00,25069.0,25082.25,25058.5,3160,4096000,4096562,2025-10-02 10:35:40,2025-10-02 10:36:12,SHORT,25082.25,25082.25,25072.25,REVERSAL,0,1,40.0,200.0,562,40.0,0.0,1.2009701911736346,310.0,-18.5,-0.05000000000000002
472,2025-10-02 10:36:12,25072.25,25076.75,25066.75,351,4096913,4097195,2025-10-02 10:36:40,2025-10-02 10:37:09,SHORT,25076.75,25076.75,25066.75,REVERSAL,0,1,40.0,200.0,282,40.0,3.0,0.401854795424171,310.0,-29.5,-0.042307692307692324
473,2025-10-02 10:37:09,25066.75,25084.25,25066.0,555,4097750,4099659,2025-10-02 10:37:58,2025-10-02 10:40:24,SHORT,25083.0,25083.0,25073.0,REVERSAL,0,1,40.0,200.0,1909,40.0,24.0,0.16841322323038463,310.0,-17.0,-0.03518518518518518
474,2025-10-02 10:40:24,25073.0,25084.25,25068.0,1097,4100756,4105070,2025-10-02 10:42:00,2025-10-02 10:46:05,LONG,25069.5,25064.5,25049.5,HARD_STOP,1,2,-120.0,-600.0,4314,29.0,60.0,0.20550905784820533,310.0,-44.0,-0.07857142857142857
475,2025-10-02 10:46:05,25049.5,25051.75,25034.0,1430,4106500,4109565,2025-10-02 10:46:32,2025-10-02 10:48:05,LONG,25035.75,25035.75,25046.0,REVERSAL,0,1,41.0,205.0,3065,41.0,39.0,0.889307083800152,310.0,-111.5,-0.056896551724137934
476,2025-10-02 10:48:05,25046.0,25056.75,25042.5,1940,4111505,4116031,2025-10-02 10:49:44,2025-10-02 10:54:51,LONG,25046.25,25041.0,25026.0,HARD_STOP,1,2,-120.0,-600.0,4526,28.0,60.0,0.39113167675739197,310.0,-90.5,-0.05000000000000002
477,2025-10-02 10:54:51,25026.0,25032.75,25020.5,1740,4117771,4119909,2025-10-02 10:55:48,2025-10-02 10:57:42,LONG,25022.5,25022.5,25032.5,REVERSAL,0,1,40.0,200.0,2138,40.0,13.0,1.054290092701398,310.0,-138.0,-0.02580645161290321
478,2025-10-02 10:57:42,25032.5,25035.75,25011.25,4591,4124500,4125444,2025-10-02 11:01:07,2025-10-02 11:02:02,SHORT,25031.0,25031.0,25021.0,REVERSAL,0,1,40.0,200.0,944,40.0,3.0,0.8019166323613138,315.5,-118.25,-0.01874999999999999
479,2025-10-02 11:02:02,25021.0,25025.0,24996.25,3556,4129000,4130969,2025-10-02 11:04:30,2025-10-02 11:05:24,LONG,24997.0,24997.0,25007.0,REVERSAL,0,1,40.0,200.0,1969,40.0,13.0,0.5406238787563954,349.0,-169.5,-0.012121212121212116
480,2025-10-02 11:05:24,25007.0,25036.75,25004.25,3308,4134277,4135075,2025-10-02 11:07:42,2025-10-02 11:08:20,SHORT,25035.5,25035.5,25025.5,REVERSAL,0,1,40.0,200.0,798,40.0,9.0,1.303141178237618,350.5,-91.75,-0.055882352941176466
481,2025-10-02 11:08:20,25025.5,25039.25,25025.25,1491,4136566,4139125,2025-10-02 11:10:05,2025-10-02 11:11:42,SHORT,25035.25,25040.25,25035.0,REVERSAL,1,2,42.0,210.0,2559,21.0,44.0,0.7293226948984324,350.5,-92.25,-0.05000000000000002
482,2025-10-02 11:11:42,25035.0,25042.0,25022.0,1924,4141049,4141683,2025-10-02 11:13:21,2025-10-02 11:13:49,LONG,25026.25,25026.25,25036.25,REVERSAL,0,1,40.0,200.0,634,40.0,11.0,0.6616664344116605,350.5,-110.25,-0.04444444444444445
483,2025-10-02 11:13:49,25036.25,25036.75,25023.0,2817,4144500,4146694,2025-10-02 11:16:47,2025-10-02 11:20:15,SHORT,25034.75,25034.75,25024.75,REVERSAL,0,1,40.0,200.0,2194,40.0,4.0,0.41836728963174324,350.5,-93.25,-0.039189189189189205
484,2025-10-02 11:20:15,25024.75,25045.5,25022.5,2556,4149250,4152107,2025-10-02 11:23:07,2025-10-02 11:26:05,SHORT,25044.5,25044.5,25034.5,REVERSAL,0,1,40.0,200.0,2857,40.0,31.0,0.8515273249707338,350.5,-73.75,-0.03421052631578947
485,2025-10-02 11:26:05,25034.5,25053.25,25029.0,5143,4157250,4160909,2025-10-02 11:32:33,2025-10-02 11:37:15,LONG,25030.25,25025.25,25010.25,HARD_STOP,1,2,-120.0,-600.0,3659,23.0,60.0,0.23307465123599452,350.5,-102.25,-0.029487179487179493
486,2025-10-02 11:37:15,25010.25,25011.0,25001.0,1147,4162056,4163004,2025-10-02 11:37:38,2025-10-02 11:38:12,LONG,25001.0,25001.0,25011.0,REVERSAL,0,1,40.0,200.0,948,40.0,1.0,1.1689801796377584,350.5,-160.75,0.0
487,2025-10-02 11:38:12,25011.0,25011.0,25011.0,0,4163004,4165827,2025-10-02 11:38:12,2025-10-02 11:41:01,SHORT,25011.0,25016.0,25031.0,HARD_STOP,1,2,-120.0,-600.0,2823,17.0,60.0,1.1694519126725893,350.5,-140.75,-0.04512195121951221
488,2025-10-02 11:41:01,25031.0,25040.0,25021.75,2173,4168000,4168516,2025-10-02 11:42:44,2025-10-02 11:43:02,LONG,25021.75,25021.75,25031.75,REVERSAL,0,1,40.0,200.0,516,40.0,6.0,0.4719379956662131,350.5,-119.25,-0.014285714285714263
489,2025-10-02 11:43:02,25031.75,25034.75,25021.25,484,4169000,4169853,2025-10-02 11:43:41,2025-10-02 11:45:27,LONG,25021.25,25021.25,25031.25,REVERSAL,0,1,40.0,200.0,853,40.0,0.0,0.3941724444554004,350.5,-120.25,-0.009302325581395349
490,2025-10-02 11:45:27,25031.25,25052.0,25016.0,6897,4176750,4179904,2025-10-02 11:53:05,2025-10-02 11:55:31,SHORT,25051.0,25056.0,25071.0,HARD_STOP,1,2,-120.0,-600.0,3154,5.0,60.0,0.4017905439387901,350.5,-60.75,-0.004545454545454547
491,2025-10-02 11:55:31,25071.0,25082.25,25041.5,20096,4200000,4200708,2025-10-02 12:21:41,2025-10-02 12:22:49,LONG,25049.25,25049.25,25059.25,REVERSAL,0,1,40.0,200.0,708,40.0,3.0,0.2527072733523772,350.5,-64.25,0.02777777777777779
492,2025-10-02 12:22:49,25059.25,25071.0,25053.5,4542,4205250,4207681,2025-10-02 12:31:45,2025-10-02 12:37:46,SHORT,25063.5,25063.5,25053.5,REVERSAL,0,1,40.0,200.0,2431,40.0,22.0,0.27515066615945055,350.5,-35.75,0.03260869565217392
493,2025-10-02 12:37:46,25053.5,25063.5,25052.0,819,4208500,4209178,2025-10-02 12:39:30,2025-10-02 12:40:44,SHORT,25063.0,25063.0,25053.0,REVERSAL,0,1,40.0,200.0,678,40.0,8.0,0.19471406595386445,350.5,-36.75,0.03723404255319149
494,2025-10-02 12:40:44,25053.0,25078.5,25034.0,9502,4218680,4222441,2025-10-02 12:55:48,2025-10-02 13:02:54,SHORT,25075.0,25075.0,25065.0,REVERSAL,0,1,40.0,200.0,3761,40.0,21.0,0.24119571540280485,350.5,-12.75,0.04166666666666666
495,2025-10-02 13:02:54,25065.0,25080.75,25059.5,4320,4226761,4240225,2025-10-02 13:12:55,2025-10-02 13:41:34,SHORT,25078.75,25083.75,25098.75,HARD_STOP,1,2,-120.0,-600.0,13464,32.0,60.0,0.11996196567901131,350.5,-5.25,-0.004081632653061218
496,2025-10-02 13:41:34,25098.75,25113.0,25088.0,5092,4245317,4250556,2025-10-02 13:49:15,2025-10-02 14:01:33,LONG,25094.0,25089.0,25094.0,REVERSAL,1,2,40.0,200.0,5239,20.0,40.0,0.1843840241435446,350.5,25.25,0.03
497,2025-10-02 14:01:33,25094.0,25094.75,25079.25,3194,4253750,4261834,2025-10-02 14:07:42,2025-10-02 14:25:57,SHORT,25094.25,25099.25,25114.25,HARD_STOP,1,2,-120.0,-600.0,8084,30.0,60.0,0.22226564114734576,350.5,25.75,-0.01568627450980392
498,2025-10-02 14:25:57,25114.25,25115.25,25098.5,1941,4263775,4273925,2025-10-02 14:29:10,2025-10-02 14:57:21,LONG,25105.25,25105.25,25115.25,REVERSAL,0,1,40.0,200.0,10150,40.0,31.0,0.44404541326136393,350.5,47.75,0.019230769230769218
499,2025-10-02 14:57:21,25115.25,25123.5,25109.0,11575,4285500,4289363,2025-10-02 15:26:48,2025-10-02 15:36:30,SHORT,25123.0,25123.0,25113.0,REVERSAL,0,1,40.0,200.0,3863,40.0,14.0,0.2840537200554259,350.5,83.25,0.023584905660377353
500,2025-10-03 09:30:00,25133.5,25165.0,25120.75,10541,4392750,4393345,2025-10-03 09:33:58,2025-10-03 09:34:30,SHORT,25147.75,25147.75,25137.5,REVERSAL,0,1,41.0,205.0,595,41.0,4.0,0.4623339078223161,,,
501,2025-10-03 09:34:30,25137.5,25153.75,25135.75,1155,4394500,4396567,2025-10-03 09:35:17,2025-10-03 09:36:56,LONG,25142.5,25137.5,25142.5,REVERSAL,1,2,40.0,200.0,2067,28.0,40.0,1.644154981107615,,,
502,2025-10-03 09:36:56,25142.5,25150.0,25140.0,497,4397064,4399800,2025-10-03 09:37:25,2025-10-03 09:39:37,SHORT,25150.0,25155.0,25150.0,REVERSAL,1,2,40.0,200.0,2736,24.0,40.0,0.3405503023177658,,,
503,2025-10-03 09:39:37,25150.0,25165.5,25123.75,4200,4404000,4407447,2025-10-03 09:41:29,2025-10-03 09:43:02,LONG,25125.5,25120.5,25125.5,REVERSAL,1,2,40.0,200.0,3447,23.0,40.0,1.8302582671463623,,,
504,2025-10-03 09:43:02,25125.5,25157.75,25122.0,4553,4412000,4413140,2025-10-03 09:47:29,2025-10-03 09:48:31,SHORT,25157.75,25157.75,25147.75,REVERSAL,0,1,40.0,200.0,1140,40.0,1.0,1.4338134686016597,,,
505,2025-10-03 09:48:31,25147.75,25161.75,25138.0,4616,4417756,4419184,2025-10-03 09:53:01,2025-10-03 09:54:05,SHORT,25161.0,25161.0,25151.0,REVERSAL,0,1,40.0,200.0,1428,40.0,28.0,0.4789517256719488,,,
506,2025-10-03 09:54:05,25151.0,25152.5,25128.25,1566,4420750,4422473,2025-10-03 09:55:05,2025-10-03 09:56:08,LONG,25129.5,25124.5,25129.5,REVERSAL,1,2,40.0,200.0,1723,35.0,40.0,0.35125825324753257,,,
507,2025-10-03 09:56:08,25129.5,25129.75,25119.75,202,4422675,4427442,2025-10-03 09:56:20,2025-10-03 10:00:00,LONG,25119.75,25114.75,25099.25,HARD_STOP,1,2,-124.0,-620.0,4767,14.0,62.0,1.0660714221775354,,,
508,2025-10-03 10:00:00,25099.25,25104.0,25076.5,1558,4429000,4430145,2025-10-03 10:00:14,2025-10-03 10:00:44,SHORT,25094.75,25094.75,25084.75,REVERSAL,0,1,40.0,200.0,1145,40.0,24.0,6.017888688808231,,,
509,2025-10-03 10:00:44,25084.75,25093.0,25076.5,1105,4431250,4432676,2025-10-03 10:01:10,2025-10-03 10:01:39,LONG,25077.75,25072.75,25077.75,REVERSAL,1,2,40.0,200.0,1426,27.0,40.0,1.2013560209556822,,,
510,2025-10-03 10:01:39,25077.75,25082.25,25072.25,252,4432928,4433581,2025-10-03 10:01:45,2025-10-03 10:02:00,LONG,25072.25,25072.25,25082.25,REVERSAL,0,1,40.0,200.0,653,40.0,30.0,1.490030452722083,,,0.0
511,2025-10-03 10:02:00,25082.25,25088.5,25068.0,1419,4435000,4436196,2025-10-03 10:02:50,2025-10-03 10:03:36,LONG,25070.25,25070.25,25080.25,REVERSAL,0,1,40.0,200.0,1196,40.0,15.0,0.5961282157358977,,,0.0
512,2025-10-03 10:03:36,25080.25,25089.5,25074.5,1304,4437500,4438231,2025-10-03 10:04:33,2025-10-03 10:05:13,SHORT,25087.0,25087.0,25077.0,REVERSAL,0,1,40.0,200.0,731,40.0,4.0,0.5060516132282094,,,0.0
513,2025-10-03 10:05:13,25077.0,25088.75,25060.0,4519,4442750,4445076,2025-10-03 10:08:56,2025-10-03 10:09:52,LONG,25060.0,25060.0,25070.0,REVERSAL,0,1,40.0,200.0,2326,40.0,36.0,0.6964536358210492,,,0.0
514,2025-10-03 10:09:52,25070.0,25077.25,25057.0,2504,4447580,4447870,2025-10-03 10:11:39,2025-10-03 10:11:49,LONG,25058.5,25058.5,25068.5,REVERSAL,0,1,40.0,200.0,290,40.0,5.0,0.6989675562588329,,,0.0
515,2025-10-03 10:11:49,25068.5,25089.0,25063.0,4944,4452814,4455480,2025-10-03 10:15:43,2025-10-03 10:17:12,SHORT,25086.75,25091.75,25086.75,REVERSAL,1,2,40.0,200.0,2666,25.0,40.0,0.35952322239249335,,,0.0
516,2025-10-03 10:17:12,25086.75,25095.75,25068.0,5520,4461000,4461687,2025-10-03 10:22:32,2025-10-03 10:23:08,LONG,25068.0,25068.0,25078.0,REVERSAL,0,1,40.0,200.0,687,40.0,12.0,0.33444798136593323,,,0.0
517,2025-10-03 10:23:08,25078.0,25109.0,25059.25,10813,4472500,4473104,2025-10-03 10:31:47,2025-10-03 10:32:34,SHORT,25098.75,25098.75,25088.75,REVERSAL,0,1,40.0,200.0,604,40.0,4.0,0.528643408073581,,,0.0
518,2025-10-03 10:32:34,25088.75,25089.0,25079.0,686,4473790,4474056,2025-10-03 10:33:14,2025-10-03 10:33:33,LONG,25079.0,25079.0,25089.0,REVERSAL,0,1,40.0,200.0,266,40.0,1.0,0.4329838514760999,,,0.0
519,2025-10-03 10:33:33,25089.0,25128.75,25084.5,12194,4486250,4489894,2025-10-03 10:44:33,2025-10-03 10:49:15,SHORT,25111.0,25111.0,25101.0,REVERSAL,0,1,40.0,200.0,3644,40.0,32.0,0.44531662993614546,,,0.0
520,2025-10-03 10:49:15,25101.0,25105.25,25095.0,1380,4491274,4492611,2025-10-03 10:50:07,2025-10-03 10:51:31,LONG,25095.25,25095.25,25105.25,REVERSAL,0,1,40.0,200.0,1337,40.0,16.0,0.4264116780199564,,,0.0
521,2025-10-03 10:51:31,25105.25,25121.0,25104.0,3139,4495750,4500100,2025-10-03 10:54:52,2025-10-03 11:00:47,SHORT,25121.0,25121.0,25111.0,REVERSAL,0,1,40.0,200.0,4350,40.0,9.0,0.36696405905910895,,,0.0023809523809523864
522,2025-10-03 11:00:47,25111.0,25118.25,25103.0,3400,4503500,4504025,2025-10-03 11:05:15,2025-10-03 11:05:48,LONG,25103.25,25103.25,25113.25,REVERSAL,0,1,40.0,200.0,525,40.0,5.0,0.20019927016386632,,,0.004545454545454547
523,2025-10-03 11:05:48,25113.25,25122.5,25107.0,2975,4507000,4508948,2025-10-03 11:09:35,2025-10-03 11:12:45,LONG,25107.5,25107.5,25117.5,REVERSAL,0,1,40.0,200.0,1948,40.0,33.0,0.40421837572284525,,,0.006521739130434787
524,2025-10-03 11:12:45,25117.5,25142.5,25104.0,21279,4530227,4533150,2025-10-03 11:41:19,2025-10-03 11:46:22,LONG,25113.5,25113.5,25123.5,REVERSAL,0,1,40.0,200.0,2923,40.0,24.0,0.44011101407800673,,,0.008333333333333338
525,2025-10-03 11:46:22,25123.5,25127.25,25115.25,1350,4534500,4535309,2025-10-03 11:48:05,2025-10-03 11:49:55,LONG,25115.25,25115.25,25125.25,REVERSAL,0,1,40.0,200.0,809,40.0,1.0,0.5760862921616232,,,0.010000000000000002
526,2025-10-03 11:49:55,25125.25,25152.0,25122.75,6191,4541500,4542353,2025-10-03 11:57:14,2025-10-03 11:58:38,SHORT,25151.0,25151.0,25141.0,REVERSAL,0,1,40.0,200.0,853,40.0,3.0,0.8200895464775618,,,0.011538461538461539
527,2025-10-03 11:58:38,25141.0,25149.5,25139.5,2434,4544787,4548212,2025-10-03 12:03:44,2025-10-03 12:10:19,SHORT,25149.5,25149.5,25139.5,REVERSAL,0,1,40.0,200.0,3425,40.0,26.0,0.16308246145897023,,,0.012962962962962968
528,2025-10-03 12:10:19,25139.5,25151.75,25101.5,23045,4571257,4573652,2025-10-03 13:00:18,2025-10-03 13:01:38,LONG,25103.25,25098.25,25083.25,HARD_STOP,1,2,-120.0,-600.0,2395,17.0,60.0,1.8081546463941356,,,-0.03571428571428571
529,2025-10-03 13:01:38,25083.25,25089.25,25046.0,4487,4578139,4580094,2025-10-03 13:03:27,2025-10-03 13:04:10,LONG,25057.5,25052.5,25037.5,HARD_STOP,1,2,-120.0,-600.0,1955,8.0,60.0,1.7308058935271535,,,-0.018965517241379307
530,2025-10-03 13:04:10,25037.5,25053.0,25030.75,1934,4582028,4582960,2025-10-03 13:04:52,2025-10-03 13:05:11,SHORT,25048.25,25048.25,25038.25,REVERSAL,0,1,40.0,200.0,932,40.0,33.0,1.2141353437475941,,,0.0
531,2025-10-03 13:05:11,25038.25,25045.0,25024.25,1984,4584944,4585334,2025-10-03 13:06:01,2025-10-03 13:06:08,LONG,25029.0,25029.0,25039.0,REVERSAL,0,1,40.0,200.0,390,40.0,10.0,1.686019396195376,,,0.0032258064516129115
532,2025-10-03 13:06:08,25039.0,25041.25,25030.5,802,4586136,4586277,2025-10-03 13:06:32,2025-10-03 13:06:38,SHORT,25040.5,25040.5,25030.5,REVERSAL,0,1,40.0,200.0,141,40.0,4.0,1.0497718969509422,,,0.0062500000000000056
533,2025-10-03 13:06:38,25030.5,25060.0,25023.0,2973,4589250,4593001,2025-10-03 13:07:38,2025-10-03 13:10:23,SHORT,25058.75,25063.75,25058.75,REVERSAL,1,2,40.0,200.0,3751,28.0,40.0,2.0783927875466075,,,0.009090909090909094
534,2025-10-03 13:10:23,25058.75,25085.0,25053.25,2499,4595500,4597054,2025-10-03 13:12:04,2025-10-03 13:13:30,SHORT,25084.5,25089.5,25084.5,REVERSAL,1,2,40.0,200.0,1554,31.0,40.0,1.193862356137813,,,0.011764705882352941
535,2025-10-03 13:13:30,25084.5,25089.0,25079.0,719,4597773,4602387,2025-10-03 13:14:22,2025-10-03 13:18:43,LONG,25079.0,25074.0,25059.0,HARD_STOP,1,2,-120.0,-600.0,4614,19.0,60.0,0.38145764021633355,,,0.01428571428571429
536,2025-10-03 13:18:43,25059.0,25060.5,25028.0,4113,4606500,4607033,2025-10-03 13:22:05,2025-10-03 13:22:27,LONG,25034.25,25034.25,25044.25,REVERSAL,0,1,40.0,200.0,533,40.0,9.0,0.5980084592126601,,,0.03888888888888889
537,2025-10-03 13:22:27,25044.25,25054.0,25014.5,8353,4615386,4615882,2025-10-03 13:30:15,2025-10-03 13:30:33,LONG,25016.25,25016.25,25026.25,REVERSAL,0,1,40.0,200.0,496,40.0,6.0,1.6669870363210924,,,0.04189189189189188
538,2025-10-03 13:30:33,25026.25,25059.25,25021.75,6618,4622500,4623101,2025-10-03 13:36:05,2025-10-03 13:36:55,SHORT,25045.75,25045.75,25035.75,REVERSAL,0,1,40.0,200.0,601,40.0,5.0,1.6753882299607514,,,0.04473684210526316
539,2025-10-03 13:36:55,25035.75,25035.75,25035.75,0,4623101,4626664,2025-10-03 13:36:55,2025-10-03 13:41:26,LONG,25035.75,25030.5,25015.5,HARD_STOP,1,2,-120.0,-600.0,3563,29.0,60.0,0.49332229728583527,,,0.047435897435897434
540,2025-10-03 13:41:26,25015.5,25023.25,25001.75,4606,4631270,4633285,2025-10-03 13:45:32,2025-10-03 13:46:46,LONG,25006.25,25001.25,24986.25,HARD_STOP,1,2,-120.0,-600.0,2015,38.0,60.0,0.6065262700384969,,,0.07500000000000001
541,2025-10-03 13:46:46,24986.25,24999.75,24979.25,4465,4637750,4640891,2025-10-03 13:49:41,2025-10-03 13:51:39,LONG,24982.25,24977.25,24962.25,HARD_STOP,1,2,-120.0,-600.0,3141,36.0,60.0,0.6038507674886294,,,0.10365853658536586
542,2025-10-03 13:51:39,24962.25,24962.5,24952.5,614,4641505,4641928,2025-10-03 13:51:53,2025-10-03 13:52:02,LONG,24952.5,24952.5,24962.5,REVERSAL,0,1,40.0,200.0,423,40.0,4.0,1.2057766079998162,,,0.13333333333333333
543,2025-10-03 13:52:02,24962.5,24966.75,24925.25,5072,4647000,4648264,2025-10-03 13:54:20,2025-10-03 13:55:01,LONG,24925.25,24925.25,24935.25,REVERSAL,0,1,40.0,200.0,1264,40.0,8.0,2.0920773693232046,,,0.13720930232558137
544,2025-10-03 13:55:01,24935.25,24971.25,24935.25,3135,4651399,4652039,2025-10-03 13:56:04,2025-10-03 13:56:26,SHORT,24963.25,24968.25,24963.25,REVERSAL,1,2,40.0,200.0,640,20.0,40.0,1.0359539385343088,,,0.1409090909090909
545,2025-10-03 13:56:26,24963.25,24981.5,24955.75,2465,4654504,4654911,2025-10-03 13:57:56,2025-10-03 13:58:11,LONG,24968.25,24968.25,24978.25,REVERSAL,0,1,40.0,200.0,407,40.0,20.0,0.6373918789127905,,,0.14444444444444443
546,2025-10-03 13:58:11,24978.25,24980.25,24970.25,545,4655456,4655637,2025-10-03 13:58:39,2025-10-03 13:58:48,LONG,24970.25,24970.25,24980.25,REVERSAL,0,1,40.0,200.0,181,40.0,3.0,0.9208594238095216,,,0.14782608695652172
547,2025-10-03 13:58:48,24980.25,24983.75,24971.5,614,4656251,4656594,2025-10-03 13:59:20,2025-10-03 13:59:40,SHORT,24982.0,24982.0,24972.0,REVERSAL,0,1,40.0,200.0,343,40.0,5.0,0.8299404526480099,,,0.15106382978723404
548,2025-10-03 13:59:40,24972.0,24980.0,24950.0,5911,4662505,4664094,2025-10-03 14:03:50,2025-10-03 14:05:03,LONG,24952.75,24947.75,24952.75,REVERSAL,1,2,40.0,200.0,1589,29.0,40.0,0.5950564440676642,,,0.15416666666666665
549,2025-10-03 14:05:03,24952.75,24952.75,24952.75,0,4664094,4664258,2025-10-03 14:05:03,2025-10-03 14:05:13,SHORT,24952.75,24952.75,24942.75,REVERSAL,0,1,40.0,200.0,164,40.0,1.0,0.6414535255354626,,,0.10714285714285715
550,2025-10-03 14:05:13,24942.75,24950.0,24926.0,2992,4667250,4668667,2025-10-03 14:07:27,2025-10-03 14:09:05,LONG,24937.25,24937.25,24947.25,REVERSAL,0,1,40.0,200.0,1417,40.0,38.0,0.7594823730932407,,,0.06
551,2025-10-03 14:09:05,24947.25,24957.25,24947.0,334,4669001,4669139,2025-10-03 14:09:19,2025-10-03 14:09:25,SHORT,24957.25,24957.25,24947.25,REVERSAL,0,1,40.0,200.0,138,40.0,1.0,0.4408522803004763,,,0.06274509803921569
552,2025-10-03 14:09:25,24947.25,24947.25,24947.25,0,4669139,4670398,2025-10-03 14:09:25,2025-10-03 14:10:44,LONG,24947.25,24947.25,24957.25,REVERSAL,0,1,40.0,200.0,1259,40.0,39.0,0.4408522803004763,,,0.0653846153846154
553,2025-10-03 14:10:44,24957.25,24986.75,24957.0,3852,4674250,4674552,2025-10-03 14:13:37,2025-10-03 14:14:04,SHORT,24977.75,24977.75,24967.75,REVERSAL,0,1,40.0,200.0,302,40.0,9.0,0.9346104667188975,,,0.0679245283018868
554,2025-10-03 14:14:04,24967.75,24976.25,24966.25,353,4674905,4677903,2025-10-03 14:14:35,2025-10-03 14:17:48,SHORT,24976.25,24981.25,24996.25,HARD_STOP,1,2,-120.0,-600.0,2998,23.0,60.0,0.3118640002477727,,,0.07037037037037039
555,2025-10-03 14:17:48,24996.25,25012.25,24991.5,4597,4682500,4685176,2025-10-03 14:21:21,2025-10-03 14:24:44,SHORT,25004.5,25009.5,25024.5,HARD_STOP,1,2,-120.0,-600.0,2676,20.0,60.0,0.7041623337552682,,,0.10454545454545455
556,2025-10-03 14:24:44,25024.5,25032.0,25017.25,2086,4687262,4691973,2025-10-03 14:26:27,2025-10-03 14:31:07,SHORT,25030.75,25035.75,25030.75,REVERSAL,1,2,40.0,200.0,4711,20.0,40.0,1.2108292381381482,,,0.08928571428571427
557,2025-10-03 14:31:07,25030.75,25035.75,24996.75,3527,4695500,4697233,2025-10-03 14:33:18,2025-10-03 14:34:42,LONG,24998.25,24998.25,25008.25,REVERSAL,0,1,40.0,200.0,1733,40.0,17.0,0.8463558864373585,,,0.09210526315789475
558,2025-10-03 14:34:42,25008.25,25019.5,25001.25,2767,4700000,4701049,2025-10-03 14:38:06,2025-10-03 14:40:07,SHORT,25016.0,25016.0,25006.0,REVERSAL,0,1,40.0,200.0,1049,40.0,12.0,0.340323128009242,,,0.09482758620689655
559,2025-10-03 14:40:07,25006.0,25021.25,25001.0,2201,4703250,4703689,2025-10-03 14:43:53,2025-10-03 14:45:13,SHORT,25018.25,25018.25,25008.0,REVERSAL,0,1,41.0,205.0,439,41.0,0.0,0.19030974967370962,,,0.09745762711864406
560,2025-10-03 14:45:13,25008.0,25011.25,25001.25,1671,4705360,4709826,2025-10-03 14:48:22,2025-10-03 14:52:42,LONG,25001.25,24996.25,24981.25,HARD_STOP,1,2,-120.0,-600.0,4466,23.0,60.0,0.3440888723126309,,,0.05000000000000002
561,2025-10-03 14:52:42,24981.25,24993.25,24979.0,674,4710500,4713494,2025-10-03 14:53:30,2025-10-03 14:57:28,SHORT,24991.75,24996.75,25011.75,HARD_STOP,1,2,-120.0,-600.0,2994,31.0,60.0,0.47863379079026225,,,0.03606557377049183
562,2025-10-03 14:57:28,25011.75,25014.25,25002.75,2006,4715500,4716965,2025-10-03 15:00:06,2025-10-03 15:01:55,SHORT,25014.0,25014.0,25004.0,REVERSAL,0,1,40.0,200.0,1465,40.0,13.0,0.3618327502955696,,,0.022580645161290325
563,2025-10-03 15:01:55,25004.0,25014.5,24996.5,4035,4721000,4721528,2025-10-03 15:08:51,2025-10-03 15:10:04,LONG,25001.75,25001.75,25012.0,REVERSAL,0,1,41.0,205.0,528,41.0,7.0,0.22478044527125665,,,0.025396825396825418
564,2025-10-03 15:10:04,25012.0,25030.0,25003.75,4647,4726175,4729022,2025-10-03 15:16:45,2025-10-03 15:22:25,LONG,25008.0,25003.0,25008.0,REVERSAL,1,2,40.0,200.0,2847,20.0,40.0,1.7647546270596288,,,0.02812500000000001
565,2025-10-03 15:22:25,25008.0,25020.75,24997.0,6228,4735250,4736030,2025-10-03 15:37:15,2025-10-03 15:38:30,SHORT,25020.75,25020.75,25010.25,REVERSAL,0,1,42.0,210.0,780,42.0,8.0,0.5619199547765784,,,0.03076923076923077
566,2025-10-03 15:38:30,25010.25,25025.0,25010.0,1487,4737517,4738464,2025-10-03 15:41:58,2025-10-03 15:44:05,SHORT,25024.5,25024.5,25014.5,REVERSAL,0,1,40.0,200.0,947,40.0,5.0,0.4104363780285028,,,0.033333333333333354
567,2025-10-03 15:44:05,25014.5,25021.5,25010.25,2037,4740501,4740890,2025-10-03 15:48:29,2025-10-03 15:49:50,SHORT,25020.25,25020.25,25017.5,EOD_FLATTEN,0,1,11.0,55.0,389,15.0,6.0,0.2063140297079689,,,0.03582089552238807
568,2025-10-06 09:30:00,25214.25,25221.75,25187.0,2185,4851017,4851638,2025-10-06 09:30:18,2025-10-06 09:30:26,LONG,25189.5,25189.5,25199.5,REVERSAL,0,1,40.0,200.0,621,40.0,16.0,,139.0,-59.5,
569,2025-10-06 09:30:26,25199.5,25211.5,25182.75,3869,4855507,4856084,2025-10-06 09:31:44,2025-10-06 09:32:00,LONG,25196.25,25191.25,25196.25,REVERSAL,1,2,40.0,200.0,577,20.0,40.0,0.42016080228235503,156.0,-24.0,
570,2025-10-06 09:32:00,25196.25,25200.0,25154.75,10916,4867000,4867251,2025-10-06 09:36:47,2025-10-06 09:37:03,LONG,25171.5,25171.5,25181.5,REVERSAL,0,1,40.0,200.0,251,40.0,6.0,0.3703927419452263,268.0,-67.0,
571,2025-10-06 09:37:03,25181.5,25194.25,25157.25,3999,4871250,4872368,2025-10-06 09:39:24,2025-10-06 09:39:43,LONG,25159.25,25154.25,25159.5,REVERSAL,1,2,42.0,210.0,1118,21.0,40.0,2.2178030521905563,272.0,-114.0,
572,2025-10-06 09:39:43,25159.5,25183.25,25153.0,4132,4876500,4878561,2025-10-06 09:42:30,2025-10-06 09:43:28,LONG,25154.5,25149.5,25134.5,HARD_STOP,1,2,-120.0,-600.0,2061,31.0,60.0,0.396033145868876,294.0,-122.0,
573,2025-10-06 09:43:28,25134.5,25134.75,25119.0,2189,4880750,4881501,2025-10-06 09:44:06,2025-10-06 09:44:25,LONG,25119.5,25119.5,25129.5,REVERSAL,0,1,40.0,200.0,751,40.0,11.0,0.9231984429384403,420.0,-199.0,
574,2025-10-06 09:44:25,25129.5,25144.25,25128.5,999,4882500,4884761,2025-10-06 09:44:54,2025-10-06 09:45:58,SHORT,25144.25,25149.25,25144.25,REVERSAL,1,2,40.0,200.0,2261,34.0,40.0,0.6680889841308918,420.0,-100.0,
575,2025-10-06 09:45:58,25144.25,25144.25,25144.25,0,4884761,4885287,2025-10-06 09:45:58,2025-10-06 09:46:26,LONG,25144.25,25144.25,25154.25,REVERSAL,0,1,40.0,200.0,526,40.0,1.0,0.473326524203992,420.0,-100.0,
576,2025-10-06 09:46:26,25154.25,25170.0,25151.0,1463,4886750,4888453,2025-10-06 09:47:13,2025-10-06 09:48:11,SHORT,25170.0,25170.0,25160.0,REVERSAL,0,1,40.0,200.0,1703,40.0,14.0,0.6063600749806949,420.0,3.0,
577,2025-10-06 09:48:11,25160.0,25173.5,25129.5,5594,4894047,4894477,2025-10-06 09:52:07,2025-10-06 09:52:28,LONG,25143.25,25143.25,25153.25,REVERSAL,0,1,40.0,200.0,430,40.0,8.0,0.5773687249701744,420.0,-104.0,
578,2025-10-06 09:52:28,25153.25,25160.75,25144.0,1273,4895750,4898133,2025-10-06 09:53:40,2025-10-06 09:56:00,LONG,25149.0,25144.0,25149.0,REVERSAL,1,2,40.0,200.0,2383,31.0,40.0,0.3792514666293483,420.0,-81.0,0.0
579,2025-10-06 09:56:00,25149.0,25154.0,25136.25,1118,4899251,4899720,2025-10-06 09:57:05,2025-10-06 09:57:40,SHORT,25151.75,25151.75,25141.75,REVERSAL,0,1,40.0,200.0,469,40.0,3.0,0.3252173122856576,420.0,-70.0,0.0
580,2025-10-06 09:57:40,25141.75,25154.5,25136.0,1280,4901000,4904499,2025-10-06 09:58:43,2025-10-06 10:00:52,SHORT,25151.75,25156.875,25172.0,HARD_STOP,1,2,-121.0,-605.0,3499,16.0,60.5,0.4028626664193327,420.0,-70.0,0.0
581,2025-10-06 10:00:52,25172.0,25175.0,25140.75,4001,4908500,4908823,2025-10-06 10:03:19,2025-10-06 10:03:45,LONG,25154.0,25154.0,25164.0,REVERSAL,0,1,40.0,200.0,323,40.0,6.0,0.44168554028275064,420.0,-61.0,0.0
582,2025-10-06 10:03:45,25164.0,25179.0,25158.75,2927,4911750,4913909,2025-10-06 10:06:00,2025-10-06 10:08:29,SHORT,25169.25,25169.25,25159.25,REVERSAL,0,1,40.0,200.0,2159,40.0,31.0,0.49090668265189763,420.0,0.0,0.0
583,2025-10-06 10:08:29,25159.25,25161.75,25151.75,353,4914262,4914675,2025-10-06 10:08:40,2025-10-06 10:09:00,LONG,25151.75,25151.75,25161.75,REVERSAL,0,1,40.0,200.0,413,40.0,13.0,0.401925095066984,420.0,-70.0,0.0
584,2025-10-06 10:09:00,25161.75,25161.75,25137.25,1825,4916500,4918047,2025-10-06 10:10:29,2025-10-06 10:12:02,LONG,25138.75,25138.75,25148.75,REVERSAL,0,1,40.0,200.0,1547,40.0,14.0,0.551999708742169,420.0,-122.0,0.0
585,2025-10-06 10:12:02,25148.75,25165.0,25145.5,2203,4920250,4920568,2025-10-06 10:13:51,2025-10-06 10:14:16,SHORT,25163.5,25163.5,25153.5,REVERSAL,0,1,40.0,200.0,318,40.0,4.0,0.34575875287826696,420.0,-23.0,0.0
586,2025-10-06 10:14:16,25153.5,25171.0,25153.5,1432,4922000,4923845,2025-10-06 10:16:08,2025-10-06 10:19:12,SHORT,25170.25,25170.25,25160.25,REVERSAL,0,1,40.0,200.0,1845,40.0,4.0,0.30093030801140225,420.0,4.0,0.0
587,2025-10-06 10:19:12,25160.25,25185.0,25127.75,14155,4938000,4938434,2025-10-06 10:33:39,2025-10-06 10:34:32,LONG,25130.5,25130.5,25140.75,REVERSAL,0,1,41.0,205.0,434,41.0,4.0,0.40301758786388786,420.0,-155.0,0.0
588,2025-10-06 10:34:32,25140.75,25142.5,25132.5,251,4938685,4941287,2025-10-06 10:34:59,2025-10-06 10:37:06,LONG,25132.5,25127.5,25132.5,REVERSAL,1,2,40.0,200.0,2602,20.0,40.0,0.23726643082434545,420.0,-147.0,0.0
589,2025-10-06 10:37:06,25132.5,25135.25,25125.0,717,4942004,4942303,2025-10-06 10:37:49,2025-10-06 10:38:11,LONG,25125.0,25125.0,25135.0,REVERSAL,0,1,40.0,200.0,299,40.0,1.0,0.6359710254958129,420.0,-177.0,0.004761904761904773
590,2025-10-06 10:38:11,25135.0,25145.25,25129.5,2947,4945250,4947762,2025-10-06 10:40:48,2025-10-06 10:42:33,LONG,25131.0,25126.0,25111.0,HARD_STOP,1,2,-120.0,-600.0,2512,12.0,60.0,0.783969837464169,420.0,-153.0,0.009090909090909094
591,2025-10-06 10:42:33,25111.0,25156.75,25108.5,7738,4955500,4956546,2025-10-06 10:49:11,2025-10-06 10:50:13,SHORT,25156.5,25156.5,25146.5,REVERSAL,0,1,40.0,200.0,1046,40.0,6.0,1.0223003904031331,453.0,-34.5,0.019565217391304346
592,2025-10-06 10:50:13,25146.5,25150.75,25135.75,3454,4960000,4962752,2025-10-06 10:53:58,2025-10-06 10:58:11,LONG,25136.0,25136.0,25146.0,REVERSAL,0,1,40.0,200.0,2752,40.0,19.0,0.32970151759856015,453.0,-116.5,0.024999999999999994
593,2025-10-06 10:58:11,25146.0,25172.5,25143.0,8498,4971250,4972192,2025-10-06 11:08:52,2025-10-06 11:10:06,SHORT,25170.5,25170.5,25160.5,REVERSAL,0,1,40.0,200.0,942,40.0,3.0,0.3320485872817912,453.0,21.5,-0.01999999999999999
594,2025-10-06 11:10:06,25160.5,25171.25,25154.0,6700,4978892,4980812,2025-10-06 11:22:51,2025-10-06 11:27:18,LONG,25161.25,25161.25,25171.25,REVERSAL,0,1,40.0,200.0,1920,40.0,23.0,0.1986136058763878,453.0,-15.5,-0.015384615384615385
595,2025-10-06 11:27:18,25171.25,25176.5,25160.25,1938,4982750,4984520,2025-10-06 11:29:57,2025-10-06 11:33:59,LONG,25161.0,25161.0,25171.0,REVERSAL,0,1,40.0,200.0,1770,40.0,11.0,0.36847607773455693,453.0,-16.5,-0.0111111111111111
596,2025-10-06 11:33:59,25171.0,25178.75,25167.25,3748,4988268,4992594,2025-10-06 11:41:42,2025-10-06 11:47:28,SHORT,25177.25,25182.25,25197.25,HARD_STOP,1,2,-120.0,-600.0,4326,12.0,60.0,0.2607866511089102,453.0,48.5,-0.007142857142857131
597,2025-10-06 11:47:28,25197.25,25202.5,25189.25,1906,4994500,4998452,2025-10-06 11:49:22,2025-10-06 11:53:00,SHORT,25202.5,25207.5,25202.5,REVERSAL,1,2,40.0,200.0,3952,20.0,40.0,4.211679722683676,453.0,149.5,0.012068965517241376
598,2025-10-06 11:53:00,25202.5,25216.0,25198.75,4313,5002765,5004664,2025-10-06 11:58:10,2025-10-06 12:00:31,SHORT,25211.5,25211.5,25201.5,REVERSAL,0,1,40.0,200.0,1899,40.0,11.0,0.8547495916229695,453.0,185.5,0.016666666666666663
599,2025-10-06 12:00:31,25201.5,25211.5,25191.75,3836,5008500,5008878,2025-10-06 12:05:51,2025-10-06 12:06:17,LONG,25191.75,25191.75,25201.75,REVERSAL,0,1,40.0,200.0,378,40.0,0.0,0.3095877602163842,453.0,106.5,0.02096774193548387
600,2025-10-06 12:06:17,25201.75,25205.5,25185.75,2122,5011000,5014719,2025-10-06 12:10:05,2025-10-06 12:16:54,LONG,25185.75,25185.75,25195.75,REVERSAL,0,1,40.0,200.0,3719,40.0,12.0,0.2822041092026362,453.0,82.5,0.024999999999999994
601,2025-10-06 12:16:54,25195.75,25204.0,25186.75,3531,5018250,5021233,2025-10-06 12:25:01,2025-10-06 12:34:32,SHORT,25204.0,25204.0,25194.0,REVERSAL,0,1,40.0,200.0,2983,40.0,3.0,0.2903460128517196,453.0,155.5,-0.02121212121212121
602,2025-10-06 12:34:32,25194.0,25200.25,25187.75,2017,5023250,5023978,2025-10-06 12:39:22,2025-10-06 12:41:31,SHORT,25200.0,25200.0,25190.0,REVERSAL,0,1,40.0,200.0,728,40.0,1.0,0.13337127329504248,453.0,139.5,-0.017647058823529405
603,2025-10-06 12:41:31,25190.0,25199.25,25188.75,522,5024500,5032571,2025-10-06 12:43:03,2025-10-06 13:08:42,SHORT,25199.25,25199.25,25189.25,REVERSAL,0,1,40.0,200.0,8071,40.0,22.0,0.21033818184884795,453.0,136.5,-0.014285714285714277
604,2025-10-06 13:08:42,25189.25,25231.75,25183.0,11990,5044561,5048738,2025-10-06 13:27:45,2025-10-06 13:35:04,SHORT,25219.5,25219.5,25209.5,REVERSAL,0,1,40.0,200.0,4177,40.0,25.0,0.4202352334556279,493.0,197.5,-0.0111111111111111
605,2025-10-06 13:35:04,25209.5,25225.5,25206.5,5512,5054250,5071413,2025-10-06 13:45:09,2025-10-06 14:25:36,SHORT,25217.0,25222.0,25237.0,HARD_STOP,1,2,-120.0,-600.0,17163,28.0,60.0,1.6259891657398509,493.0,187.5,-0.008108108108108109
606,2025-10-06 14:25:36,25237.0,25252.75,25228.0,17984,5089397,5106456,2025-10-06 15:03:43,2025-10-06 15:42:11,LONG,25231.0,25226.0,25211.0,HARD_STOP,1,2,-120.0,-600.0,17059,31.0,60.0,0.21226414784583683,577.0,201.5,0.01842105263157895
607,2025-10-07 09:30:00,25237.0,25238.75,25217.0,4980,5221004,5222316,2025-10-07 09:31:15,2025-10-07 09:31:54,LONG,25224.75,25224.75,25234.75,REVERSAL,0,1,40.0,200.0,1312,40.0,21.0,0.6208425720620844,87.0,-12.5,
608,2025-10-07 09:31:54,25234.75,25247.5,25220.0,6684,5229000,5231945,2025-10-07 09:35:01,2025-10-07 09:36:25,SHORT,25242.0,25247.0,25262.0,HARD_STOP,1,2,-120.0,-600.0,2945,32.0,60.0,0.3785491061979439,122.0,39.0,
609,2025-10-07 09:36:25,25262.0,25263.25,25244.75,805,5232750,5237490,2025-10-07 09:36:48,2025-10-07 09:41:10,LONG,25246.75,25246.75,25256.75,REVERSAL,0,1,40.0,200.0,4740,40.0,35.0,0.398715236372729,185.0,26.5,
610,2025-10-07 09:41:10,25256.75,25258.5,25239.25,1762,5239252,5241192,2025-10-07 09:42:22,2025-10-07 09:43:40,LONG,25240.5,25240.5,25250.75,REVERSAL,0,1,41.0,205.0,1940,41.0,18.0,2.5715784941515922,185.0,1.5,
611,2025-10-07 09:43:40,25250.75,25252.75,25241.0,558,5241750,5244934,2025-10-07 09:44:11,2025-10-07 09:46:43,LONG,25242.0,25237.0,25242.0,REVERSAL,1,2,40.0,200.0,3184,29.0,40.0,0.31760221990270115,185.0,7.5,
612,2025-10-07 09:46:43,25242.0,25254.5,25230.75,9066,5254000,5256470,2025-10-07 09:55:17,2025-10-07 09:56:45,SHORT,25254.0,25259.0,25254.0,REVERSAL,1,2,40.0,200.0,2470,20.0,40.0,0.9147925845606923,185.0,55.5,
613,2025-10-07 09:56:45,25254.0,25257.25,25244.0,1030,5257500,5264610,2025-10-07 09:57:35,2025-10-07 10:03:41,LONG,25244.0,25239.0,25224.0,HARD_STOP,1,2,-120.0,-600.0,7110,34.0,60.0,1.28891830925227,191.0,12.5,
614,2025-10-07 10:03:41,25224.0,25233.0,25214.0,4276,5268886,5272266,2025-10-07 10:06:24,2025-10-07 10:10:04,SHORT,25229.75,25234.75,25249.75,HARD_STOP,1,2,-120.0,-600.0,3380,3.0,60.0,0.416578686475645,203.0,-38.5,
615,2025-10-07 10:10:04,25249.75,25257.5,25245.25,3234,5275500,5282016,2025-10-07 10:12:44,2025-10-07 10:22:00,LONG,25247.0,25242.0,25227.0,HARD_STOP,1,2,-120.0,-600.0,6516,19.0,60.0,0.46187870512845836,203.0,30.5,
616,2025-10-07 10:22:00,25227.0,25235.75,25207.5,11484,5293500,5296201,2025-10-07 10:32:54,2025-10-07 10:35:38,SHORT,25223.0,25223.0,25213.0,REVERSAL,0,1,40.0,200.0,2701,40.0,25.0,0.8254363354578217,229.0,-52.5,
617,2025-10-07 10:35:38,25213.0,25214.25,25199.25,1107,5297308,5302492,2025-10-07 10:35:54,2025-10-07 10:38:01,LONG,25201.75,25196.75,25201.75,REVERSAL,1,2,40.0,200.0,5184,26.0,40.0,,262.0,-121.0,0.0
618,2025-10-07 10:38:01,25201.75,25204.75,25191.75,2008,5304500,5305551,2025-10-07 10:39:25,2025-10-07 10:40:25,LONG,25192.0,25192.0,25202.0,REVERSAL,0,1,40.0,200.0,1051,40.0,5.0,0.3961072920227286,312.0,-135.0,0.0
619,2025-10-07 10:40:25,25202.0,25211.25,25194.0,2199,5307750,5308056,2025-10-07 10:42:13,2025-10-07 10:42:32,LONG,25194.25,25194.25,25204.25,REVERSAL,0,1,40.0,200.0,306,40.0,0.0,0.38072771766853925,312.0,-126.0,0.0
620,2025-10-07 10:42:32,25204.25,25204.5,25189.5,1081,5309137,5312322,2025-10-07 10:43:29,2025-10-07 10:46:53,LONG,25190.25,25190.25,25200.25,REVERSAL,0,1,40.0,200.0,3185,40.0,8.0,1.4533380506156754,312.0,-142.0,0.0
621,2025-10-07 10:46:53,25200.25,25210.75,25180.75,8438,5320760,5323365,2025-10-07 10:54:16,2025-10-07 10:56:45,LONG,25192.25,25187.25,25172.25,HARD_STOP,1,2,-120.0,-600.0,2605,10.0,60.0,0.3914233038350814,336.0,-122.0,0.0
622,2025-10-07 10:56:45,25172.25,25191.5,25080.5,21635,5345000,5346499,2025-10-07 11:06:37,2025-10-07 11:07:00,LONG,25101.75,25096.625,25081.5,HARD_STOP,1,2,-121.0,-605.0,1499,2.0,60.5,2.130263847411603,737.0,-283.5,0.0
623,2025-10-07 11:07:00,25081.5,25091.25,25081.25,219,5346718,5346941,2025-10-07 11:07:03,2025-10-07 11:07:06,SHORT,25091.25,25091.25,25081.25,REVERSAL,0,1,40.0,200.0,223,40.0,10.0,1.5828624519592833,737.0,-325.5,0.0
624,2025-10-07 11:07:06,25081.25,25084.5,25074.5,402,5347343,5348926,2025-10-07 11:07:11,2025-10-07 11:07:43,LONG,25074.5,25074.5,25084.5,REVERSAL,0,1,40.0,200.0,1583,40.0,14.0,2.0992077528907798,767.0,-377.5,0.0
625,2025-10-07 11:07:43,25084.5,25098.75,25077.75,1324,5350250,5350569,2025-10-07 11:08:04,2025-10-07 11:08:11,LONG,25079.5,25079.5,25089.5,REVERSAL,0,1,40.0,200.0,319,40.0,1.0,1.5541700343700653,775.0,-353.5,0.0
626,2025-10-07 11:08:11,25089.5,25099.5,25088.25,431,5351000,5351294,2025-10-07 11:08:18,2025-10-07 11:08:24,SHORT,25099.0,25099.0,25088.75,REVERSAL,0,1,41.0,205.0,294,41.0,9.0,1.5511634864293626,775.0,-275.5,0.0
627,2025-10-07 11:08:24,25088.75,25091.75,25081.75,294,5351588,5352130,2025-10-07 11:08:30,2025-10-07 11:08:47,SHORT,25091.75,25091.75,25081.75,REVERSAL,0,1,40.0,200.0,542,40.0,30.0,1.5494809844360091,775.0,-304.5,0.0
628,2025-10-07 11:08:47,25081.75,25091.5,25053.75,3620,5355750,5356471,2025-10-07 11:09:43,2025-10-07 11:09:55,LONG,25053.75,25053.75,25063.75,REVERSAL,0,1,40.0,200.0,721,40.0,3.0,1.0020691847818552,847.0,-420.5,0.01428571428571429
629,2025-10-07 11:09:55,25063.75,25099.25,25057.25,4779,5361250,5363321,2025-10-07 11:11:23,2025-10-07 11:12:13,SHORT,25098.75,25098.75,25088.75,REVERSAL,0,1,40.0,200.0,2071,40.0,34.0,1.1821873174676525,847.0,-240.5,-0.022727272727272707
630,2025-10-07 11:12:13,25088.75,25121.0,25078.0,5679,5369000,5370183,2025-10-07 11:14:11,2025-10-07 11:15:06,SHORT,25114.5,25114.5,25104.5,REVERSAL,0,1,40.0,200.0,1183,40.0,3.0,0.9654921209221635,847.0,-177.5,-0.010869565217391297
631,2025-10-07 11:15:06,25104.5,25107.0,25097.0,593,5370776,5372796,2025-10-07 11:15:20,2025-10-07 11:16:22,LONG,25097.0,25097.0,25107.0,REVERSAL,0,1,40.0,200.0,2020,40.0,34.0,1.4528805609163307,847.0,-247.5,0.0
632,2025-10-07 11:16:22,25107.0,25123.25,25100.0,3226,5376022,5378149,2025-10-07 11:18:17,2025-10-07 11:20:02,LONG,25103.0,25098.0,25103.0,REVERSAL,1,2,40.0,200.0,2127,37.0,40.0,0.48811233414458294,847.0,-223.5,0.010000000000000009
633,2025-10-07 11:20:02,25103.0,25126.0,25095.0,4601,5382750,5383595,2025-10-07 11:23:50,2025-10-07 11:24:50,SHORT,25115.5,25115.5,25105.5,REVERSAL,0,1,40.0,200.0,845,40.0,15.0,0.29730898097369024,847.0,-173.5,0.019230769230769218
634,2025-10-07 11:24:50,25105.5,25116.5,25076.0,3905,5387500,5387973,2025-10-07 11:26:50,2025-10-07 11:27:03,LONG,25077.0,25077.0,25087.0,REVERSAL,0,1,40.0,200.0,473,40.0,6.0,1.4803390072053377,847.0,-327.5,-0.0222222222222222
635,2025-10-07 11:27:03,25087.0,25091.0,25072.75,1533,5389506,5389982,2025-10-07 11:27:43,2025-10-07 11:28:06,SHORT,25089.5,25089.5,25079.25,REVERSAL,0,1,41.0,205.0,476,41.0,12.0,1.1833240844362225,847.0,-277.5,-0.06428571428571428
636,2025-10-07 11:28:06,25079.25,25079.25,25065.5,1018,5391000,5391926,2025-10-07 11:28:42,2025-10-07 11:29:29,LONG,25067.5,25067.5,25077.5,REVERSAL,0,1,40.0,200.0,926,40.0,5.0,0.5935626554282589,847.0,-365.5,-0.10689655172413792
637,2025-10-07 11:29:29,25077.5,25080.25,25055.5,3324,5395250,5397536,2025-10-07 11:31:31,2025-10-07 11:32:17,LONG,25058.75,25053.75,25058.75,REVERSAL,1,2,40.0,200.0,2286,30.0,40.0,0.5968189735086641,847.0,-400.5,-0.1
638,2025-10-07 11:32:17,25058.75,25064.5,25044.0,2964,5400500,5401105,2025-10-07 11:33:54,2025-10-07 11:34:26,LONG,25053.5,25053.5,25063.5,REVERSAL,0,1,40.0,200.0,605,40.0,10.0,0.8471172859592446,883.0,-403.5,-0.09354838709677418
639,2025-10-07 11:34:26,25063.5,25070.0,25031.0,3895,5405000,5409308,2025-10-07 11:36:43,2025-10-07 11:39:13,LONG,25031.0,25026.0,25011.0,HARD_STOP,1,2,-120.0,-600.0,4308,35.0,60.0,1.182714200247766,938.0,-466.0,-0.0875
640,2025-10-07 11:39:13,25011.0,25029.5,25005.25,2942,5412250,5412590,2025-10-07 11:40:17,2025-10-07 11:40:28,LONG,25011.25,25011.25,25021.25,REVERSAL,0,1,40.0,200.0,340,40.0,6.0,0.8444558688976499,1038.0,-495.0,-0.06212121212121213
641,2025-10-07 11:40:28,25021.25,25048.5,25018.75,1910,5414500,5416296,2025-10-07 11:41:14,2025-10-07 11:42:03,SHORT,25047.25,25047.25,25037.25,REVERSAL,0,1,40.0,200.0,1796,40.0,18.0,1.1804133948233189,1038.0,-351.0,-0.055882352941176466
642,2025-10-07 11:42:03,25037.25,25057.5,25034.5,1204,5417500,5417930,2025-10-07 11:42:47,2025-10-07 11:43:03,SHORT,25057.5,25057.5,25047.5,REVERSAL,0,1,40.0,200.0,430,40.0,2.0,0.4546970211677148,1038.0,-310.0,-0.1
643,2025-10-07 11:43:03,25047.5,25068.0,25038.0,2320,5420250,5422655,2025-10-07 11:44:33,2025-10-07 11:46:15,LONG,25038.0,25033.0,25018.0,HARD_STOP,1,2,-120.0,-600.0,2405,31.0,60.0,0.7419790576459924,1038.0,-388.0,-0.14444444444444443
644,2025-10-07 11:46:15,25018.0,25027.25,25015.25,845,5423500,5426937,2025-10-07 11:46:48,2025-10-07 11:48:14,LONG,25016.5,25011.5,24996.25,HARD_STOP,1,2,-122.0,-610.0,3437,28.0,61.0,0.5959232674456543,1038.0,-474.0,-0.11621621621621622
645,2025-10-07 11:48:14,24996.25,25001.25,24990.0,563,5427500,5428481,2025-10-07 11:48:27,2025-10-07 11:49:01,LONG,24991.25,24991.25,25001.5,REVERSAL,0,1,41.0,205.0,981,41.0,7.0,0.5881596198168657,1101.0,-543.5,-0.08684210526315789
646,2025-10-07 11:49:01,25001.5,25016.0,24984.75,5269,5433750,5433956,2025-10-07 11:51:38,2025-10-07 11:51:48,SHORT,25004.25,25004.25,24994.0,REVERSAL,0,1,41.0,205.0,206,41.0,1.0,0.7374942466772559,1120.0,-482.0,-0.08076923076923079
647,2025-10-07 11:51:48,24994.0,24994.0,24994.0,0,5433956,5434994,2025-10-07 11:51:48,2025-10-07 11:52:50,LONG,24994.0,24994.0,25004.0,REVERSAL,0,1,40.0,200.0,1038,40.0,16.0,0.7374942466772559,1120.0,-523.0,-0.07500000000000001
648,2025-10-07 11:52:50,25004.0,25061.5,24992.5,16756,5451750,5452112,2025-10-07 12:05:17,2025-10-07 12:05:33,SHORT,25058.5,25058.5,25048.5,REVERSAL,0,1,40.0,200.0,362,40.0,8.0,0.20861914553018637,1120.0,-265.0,-0.06951219512195123
649,2025-10-07 12:05:33,25048.5,25058.0,25016.5,5888,5458000,5458632,2025-10-07 12:08:36,2025-10-07 12:09:27,LONG,25019.0,25019.0,25029.0,REVERSAL,0,1,40.0,200.0,632,40.0,4.0,0.3765664519155268,1120.0,-423.0,-0.06428571428571428
650,2025-10-07 12:09:27,25029.0,25029.0,25029.0,0,5458632,5459510,2025-10-07 12:09:27,2025-10-07 12:10:14,SHORT,25029.0,25029.0,25018.75,REVERSAL,0,1,41.0,205.0,878,41.0,17.0,0.2873234193041815,1120.0,-383.0,-0.059302325581395365
651,2025-10-07 12:10:14,25018.75,25036.0,25016.0,2740,5462250,5464392,2025-10-07 12:13:15,2025-10-07 12:15:46,LONG,25016.75,25016.75,25026.75,REVERSAL,0,1,40.0,200.0,2142,40.0,27.0,0.35802150942917926,1120.0,-432.0,-0.054545454545454564
652,2025-10-07 12:15:46,25026.75,25031.75,24998.0,3858,5468250,5468395,2025-10-07 12:20:43,2025-10-07 12:20:52,SHORT,25016.5,25016.5,25006.5,REVERSAL,0,1,40.0,200.0,145,40.0,0.0,0.3859550779629377,1120.0,-433.0,-0.05000000000000002
653,2025-10-07 12:20:52,25006.5,25006.5,25006.5,0,5468395,5468664,2025-10-07 12:20:52,2025-10-07 12:21:25,LONG,25006.5,25006.5,25016.5,REVERSAL,0,1,40.0,200.0,269,40.0,0.0,0.3859550779629377,1120.0,-473.0,-0.04565217391304349
654,2025-10-07 12:21:25,25016.5,25056.75,25000.25,7887,5476551,5477563,2025-10-07 12:28:21,2025-10-07 12:29:20,SHORT,25042.0,25042.0,25032.0,REVERSAL,0,1,40.0,200.0,1012,40.0,22.0,0.6260233916808978,1120.0,-331.0,-0.041489361702127664
655,2025-10-07 12:29:20,25032.0,25039.75,25029.75,399,5477962,5481180,2025-10-07 12:29:38,2025-10-07 12:32:40,SHORT,25039.75,25044.75,25059.75,HARD_STOP,1,2,-120.0,-600.0,3218,28.0,60.0,1.5662412023028185,1120.0,-340.0,-0.037500000000000006
656,2025-10-07 12:32:40,25059.75,25089.5,25056.0,5070,5486250,5488275,2025-10-07 12:37:42,2025-10-07 12:39:53,SHORT,25089.5,25089.5,25079.25,REVERSAL,0,1,41.0,205.0,2025,41.0,10.0,0.7954388352990812,1120.0,-141.0,-0.004081632653061218
657,2025-10-07 12:39:53,25079.25,25087.0,25057.75,5478,5493753,5496334,2025-10-07 12:46:31,2025-10-07 12:49:22,LONG,25065.0,25060.0,25045.0,HARD_STOP,1,2,-120.0,-600.0,2581,17.0,60.0,1.6130595175123779,1120.0,-239.0,0.0
658,2025-10-07 12:49:22,25045.0,25050.25,25031.5,3166,5499500,5500409,2025-10-07 12:52:06,2025-10-07 12:53:16,LONG,25035.75,25035.75,25045.75,REVERSAL,0,1,40.0,200.0,909,40.0,11.0,0.43311859881278314,1120.0,-356.0,0.03431372549019607
659,2025-10-07 12:53:16,25045.75,25047.0,25028.0,1091,5501500,5507295,2025-10-07 12:54:31,2025-10-07 13:01:11,LONG,25029.25,25024.25,25029.25,REVERSAL,1,2,40.0,200.0,5795,39.0,49.0,0.6525260471545338,1120.0,-382.0,0.038461538461538464
660,2025-10-07 13:01:11,25029.25,25046.0,25025.75,1748,5509043,5509288,2025-10-07 13:03:01,2025-10-07 13:03:24,LONG,25035.75,25035.75,25045.75,REVERSAL,0,1,40.0,200.0,245,40.0,6.0,0.5084849717403791,1120.0,-356.0,-0.007547169811320753
661,2025-10-07 13:03:24,25045.75,25049.0,25027.75,1462,5510750,5511008,2025-10-07 13:05:20,2025-10-07 13:05:35,LONG,25027.75,25027.75,25038.25,REVERSAL,0,1,42.0,210.0,258,42.0,2.0,0.4737718722831889,1120.0,-388.0,-0.0037037037037036813
662,2025-10-07 13:05:35,25038.25,25040.0,25026.75,992,5512000,5512175,2025-10-07 13:07:37,2025-10-07 13:08:04,LONG,25029.25,25029.25,25039.25,REVERSAL,0,1,40.0,200.0,175,40.0,1.0,0.14462475321625953,1120.0,-382.0,0.0
663,2025-10-07 13:08:04,25039.25,25039.25,25039.25,0,5512175,5514311,2025-10-07 13:08:04,2025-10-07 13:11:01,SHORT,25039.25,25044.25,25059.25,HARD_STOP,1,2,-120.0,-600.0,2136,19.0,60.0,0.14462475321625953,1120.0,-342.0,0.0035714285714285865
664,2025-10-07 13:11:01,25059.25,25062.0,25024.75,2689,5517000,5517696,2025-10-07 13:13:06,2025-10-07 13:13:53,LONG,25027.25,25027.25,25037.25,REVERSAL,0,1,40.0,200.0,696,40.0,6.0,0.6089042827438373,1120.0,-390.0,-0.010526315789473661
665,2025-10-07 13:13:53,25037.25,25057.75,25036.5,2304,5520000,5521192,2025-10-07 13:17:45,2025-10-07 13:20:44,LONG,25041.0,25041.0,25051.0,REVERSAL,0,1,40.0,200.0,1192,40.0,21.0,0.16443058589481144,1120.0,-335.0,-0.056896551724137934
666,2025-10-07 13:20:44,25051.0,25065.0,25036.25,4076,5525268,5533396,2025-10-07 13:26:38,2025-10-07 13:44:50,LONG,25044.0,25039.0,25044.0,REVERSAL,1,2,40.0,200.0,8128,36.0,54.0,0.3983287732374132,1120.0,-323.0,-0.053389830508474595
667,2025-10-07 13:44:50,25044.0,25057.5,25038.75,2162,5535558,5536347,2025-10-07 13:48:50,2025-10-07 13:50:24,SHORT,25052.0,25052.0,25042.0,REVERSAL,0,1,40.0,200.0,789,40.0,17.0,0.2393896087948713,1120.0,-291.0,-0.05000000000000002
668,2025-10-07 13:50:24,25042.0,25044.0,25025.25,1153,5537500,5541169,2025-10-07 13:50:56,2025-10-07 13:56:42,LONG,25025.25,25020.125,25025.0,REVERSAL,1,2,39.0,195.0,3669,27.0,41.0,0.7723984136205647,1120.0,-398.0,-0.04672131147540984
669,2025-10-07 13:56:42,25025.0,25028.5,25013.75,1331,5542500,5545154,2025-10-07 13:59:01,2025-10-07 14:01:47,LONG,25014.5,25009.5,25014.5,REVERSAL,1,2,40.0,200.0,2654,25.0,40.0,0.226499457767145,1120.0,-441.0,-0.043548387096774194
670,2025-10-07 14:01:47,25014.5,25014.75,24991.0,4117,5549271,5549630,2025-10-07 14:06:02,2025-10-07 14:06:55,LONG,25002.75,25002.75,25012.75,REVERSAL,0,1,40.0,200.0,359,40.0,0.0,0.41576284004433645,1120.0,-488.0,-0.04047619047619047
671,2025-10-07 14:06:55,25012.75,25050.75,25011.75,6620,5556250,5556574,2025-10-07 14:16:02,2025-10-07 14:16:38,SHORT,25044.75,25044.75,25034.5,REVERSAL,0,1,41.0,205.0,324,41.0,3.0,0.2860619031075356,1120.0,-320.0,-0.037500000000000006
672,2025-10-07 14:16:38,25034.5,25046.5,25023.0,7426,5564000,5568580,2025-10-07 14:32:06,2025-10-07 14:43:01,SHORT,25038.25,25038.25,25028.25,REVERSAL,0,1,40.0,200.0,4580,40.0,37.0,3.625615003927497,1120.0,-346.0,-0.03461538461538463
673,2025-10-07 14:43:01,25028.25,25042.0,25028.25,1420,5570000,5570319,2025-10-07 14:47:12,2025-10-07 14:48:13,LONG,25030.0,25030.0,25040.0,REVERSAL,0,1,40.0,200.0,319,40.0,6.0,0.12455661116543729,1120.0,-379.0,-0.03181818181818183
674,2025-10-07 14:48:13,25040.0,25059.25,25035.0,6681,5577000,5579436,2025-10-07 15:04:09,2025-10-07 15:09:06,LONG,25045.75,25040.75,25045.75,REVERSAL,1,2,40.0,200.0,2436,20.0,40.0,0.19624241619989266,1120.0,-316.0,-0.029104477611940294
675,2025-10-07 15:09:06,25045.75,25048.0,25033.0,1064,5580500,5583528,2025-10-07 15:11:03,2025-10-07 15:19:01,LONG,25034.5,25034.5,25044.5,REVERSAL,0,1,40.0,200.0,3028,40.0,5.0,0.4171220209783013,1120.0,-361.0,-0.026470588235294135
676,2025-10-07 15:19:01,25044.5,25047.5,25031.25,2966,5586494,5591107,2025-10-07 15:26:08,2025-10-07 15:37:28,LONG,25037.5,25037.5,25047.5,REVERSAL,0,1,40.0,200.0,4613,40.0,29.0,0.1519812606410125,1120.0,-349.0,-0.07391304347826086
677,2025-10-08 09:30:00,25079.75,25091.75,25074.0,1040,5697000,5698230,2025-10-08 09:30:09,2025-10-08 09:30:37,LONG,25081.75,25081.75,25091.75,REVERSAL,0,1,40.0,200.0,1230,40.0,4.0,,71.0,-4.5,
678,2025-10-08 09:30:37,25091.75,25103.5,25086.5,2126,5700356,5702908,2025-10-08 09:31:19,2025-10-08 09:32:13,SHORT,25099.75,25104.75,25119.75,HARD_STOP,1,2,-120.0,-600.0,2552,4.0,60.0,,120.0,43.0,
679,2025-10-08 09:32:13,25119.75,25135.0,25115.25,3707,5706615,5708664,2025-10-08 09:33:44,2025-10-08 09:34:45,SHORT,25128.5,25128.5,25118.5,REVERSAL,0,1,40.0,200.0,2049,40.0,25.0,0.9657374880240887,244.0,96.0,
680,2025-10-08 09:34:45,25118.5,25126.75,25115.5,1086,5709750,5712041,2025-10-08 09:35:08,2025-10-08 09:36:26,LONG,25116.5,25116.5,25126.5,REVERSAL,0,1,40.0,200.0,2291,40.0,21.0,1.277560651869331,244.0,48.0,
681,2025-10-08 09:36:26,25126.5,25132.0,25112.25,3970,5716011,5718528,2025-10-08 09:39:21,2025-10-08 09:40:03,SHORT,25130.25,25135.25,25150.25,HARD_STOP,1,2,-120.0,-600.0,2517,6.0,60.0,0.5913926327421963,244.0,103.0,
682,2025-10-08 09:40:03,25150.25,25153.0,25131.25,2222,5720750,5725779,2025-10-08 09:41:10,2025-10-08 09:44:59,LONG,25133.0,25128.0,25133.0,REVERSAL,1,2,40.0,200.0,5029,26.0,52.0,0.4459755455545349,316.0,78.0,
683,2025-10-08 09:44:59,25133.0,25160.25,25126.5,6971,5732750,5737826,2025-10-08 09:48:04,2025-10-08 09:50:53,SHORT,25159.0,25159.0,25149.0,REVERSAL,0,1,40.0,200.0,5076,40.0,28.0,0.6101774798296984,345.0,167.5,
684,2025-10-08 09:50:53,25149.0,25163.5,25143.75,2924,5740750,5741575,2025-10-08 09:52:33,2025-10-08 09:53:27,LONG,25145.75,25145.75,25155.75,REVERSAL,0,1,40.0,200.0,825,40.0,11.0,0.5748271410430454,368.0,103.0,
685,2025-10-08 09:53:27,25155.75,25171.5,25154.75,3675,5745250,5751817,2025-10-08 09:56:04,2025-10-08 10:00:22,SHORT,25170.5,25175.5,25190.5,HARD_STOP,1,2,-120.0,-600.0,6567,19.0,60.0,0.4260960225327594,390.0,191.0,
686,2025-10-08 10:00:22,25190.5,25200.0,25186.5,439,5752256,5753839,2025-10-08 10:00:22,2025-10-08 10:00:46,SHORT,25197.5,25197.5,25187.5,REVERSAL,0,1,40.0,200.0,1583,40.0,1.0,,504.0,242.0,
687,2025-10-08 10:00:46,25187.5,25207.0,25185.0,2671,5756510,5760918,2025-10-08 10:01:44,2025-10-08 10:04:26,SHORT,25206.0,25206.0,25196.0,REVERSAL,0,1,40.0,200.0,4408,40.0,21.0,1.4583532330554139,532.0,262.0,0.0
688,2025-10-08 10:04:26,25196.0,25211.25,25196.0,1582,5762500,5770185,2025-10-08 10:05:28,2025-10-08 10:11:08,SHORT,25210.5,25215.5,25230.5,HARD_STOP,1,2,-120.0,-600.0,7685,35.0,60.0,0.994121976040914,549.0,271.5,0.0
689,2025-10-08 10:11:08,25230.5,25231.0,25215.0,3323,5773508,5778452,2025-10-08 10:13:36,2025-10-08 10:17:42,LONG,25220.5,25215.5,25220.5,REVERSAL,1,2,40.0,200.0,4944,20.0,40.0,0.6300327415198048,628.0,272.0,0.0
690,2025-10-08 10:17:42,25220.5,25223.0,25184.25,11048,5789500,5790131,2025-10-08 10:26:10,2025-10-08 10:26:52,LONG,25200.75,25200.75,25210.75,REVERSAL,0,1,40.0,200.0,631,40.0,5.0,0.32798524162121273,628.0,193.0,0.0
691,2025-10-08 10:26:52,25210.75,25224.25,25205.0,5119,5795250,5798453,2025-10-08 10:31:34,2025-10-08 10:35:09,SHORT,25220.0,25220.0,25210.0,REVERSAL,0,1,40.0,200.0,3203,40.0,24.0,0.47805407171215963,628.0,270.0,0.0
692,2025-10-08 10:35:09,25210.0,25217.75,25188.0,10297,5808750,5810352,2025-10-08 10:46:55,2025-10-08 10:48:30,LONG,25188.25,25188.25,25198.25,REVERSAL,0,1,40.0,200.0,1602,40.0,11.0,1.0175744636435362,628.0,143.0,0.0
693,2025-10-08 10:48:30,25198.25,25200.5,25185.0,2148,5812500,5821331,2025-10-08 10:50:15,2025-10-08 10:58:14,LONG,25185.25,25180.25,25185.25,REVERSAL,1,2,40.0,200.0,8831,21.0,40.0,0.4168724493870703,628.0,131.0,0.0
694,2025-10-08 10:58:14,25185.25,25208.75,25184.25,6670,5828001,5838232,2025-10-08 11:03:48,2025-10-08 11:19:14,SHORT,25201.5,25206.5,25201.5,REVERSAL,1,2,40.0,200.0,10231,20.0,55.0,0.5169082009479994,628.0,196.0,0.0
695,2025-10-08 11:19:14,25201.5,25245.5,25200.5,7160,5845392,5850054,2025-10-08 11:26:34,2025-10-08 11:31:56,SHORT,25240.75,25240.75,25230.75,REVERSAL,0,1,40.0,200.0,4662,40.0,23.0,1.244862256055918,686.0,324.0,0.0
696,2025-10-08 11:31:56,25230.75,25240.25,25230.25,1206,5851260,5852546,2025-10-08 11:34:21,2025-10-08 11:37:13,LONG,25230.25,25230.25,25240.25,REVERSAL,0,1,40.0,200.0,1286,40.0,1.0,0.27215359670714373,690.0,280.0,0.0
697,2025-10-08 11:37:13,25240.25,25248.0,25233.0,3204,5855750,5856869,2025-10-08 11:42:55,2025-10-08 11:45:15,LONG,25233.25,25233.25,25243.25,REVERSAL,0,1,40.0,200.0,1119,40.0,3.0,0.33801089527986944,696.0,289.0,0.0
698,2025-10-08 11:45:15,25243.25,25261.0,25239.0,10881,5867750,5876799,2025-10-08 12:02:20,2025-10-08 12:19:08,SHORT,25254.5,25259.5,25274.5,HARD_STOP,1,2,-120.0,-600.0,9049,31.0,60.0,0.44800884677406533,748.0,348.0,0.009523809523809545
699,2025-10-08 12:19:08,25274.5,25276.25,25248.5,6083,5882882,5892583,2025-10-08 12:27:14,2025-10-08 12:50:15,LONG,25254.5,25249.5,25234.5,HARD_STOP,1,2,-120.0,-600.0,9701,13.0,60.0,0.37874272394392683,809.0,317.5,-0.027272727272727254
700,2025-10-08 12:50:15,25234.5,25244.5,25233.5,1509,5894092,5902521,2025-10-08 12:52:36,2025-10-08 13:11:51,SHORT,25243.5,25248.5,25243.5,REVERSAL,1,2,40.0,200.0,8429,38.0,40.0,0.41198939104914406,809.0,273.5,-0.010869565217391297
701,2025-10-08 13:11:51,25243.5,25252.5,25238.25,1882,5904403,5914478,2025-10-08 13:15:25,2025-10-08 13:37:21,SHORT,25251.5,25256.5,25271.5,HARD_STOP,1,2,-120.0,-600.0,10075,7.0,60.0,0.7458107954100605,809.0,305.5,0.0
702,2025-10-08 13:37:21,25271.5,25290.75,25260.75,6772,5921250,5927683,2025-10-08 13:50:57,2025-10-08 14:04:14,LONG,25275.0,25275.0,25285.0,REVERSAL,0,1,40.0,200.0,6433,40.0,39.0,0.22824415521895536,867.0,370.5,-0.030000000000000027
703,2025-10-08 14:04:14,25285.0,25287.25,25266.25,4277,5931960,5941913,2025-10-08 14:10:50,2025-10-08 14:28:33,SHORT,25283.0,25288.125,25283.25,REVERSAL,1,2,39.0,195.0,9953,19.5,41.0,0.2995502556197391,867.0,402.5,-0.019230769230769218
704,2025-10-08 14:28:33,25283.25,25292.75,25275.0,6643,5948556,5959809,2025-10-08 14:42:11,2025-10-08 15:04:23,LONG,25281.0,25276.0,25281.0,REVERSAL,1,2,40.0,200.0,11253,20.0,41.0,0.5244844528640245,894.0,381.0,-0.009259259259259245
705,2025-10-09 09:30:00,25329.0,25334.75,25307.5,6003,6099878,6101635,2025-10-09 09:31:23,2025-10-09 09:32:10,SHORT,25326.0,25326.0,25315.75,REVERSAL,0,1,41.0,205.0,1757,41.0,27.0,0.44660194174757273,,,
706,2025-10-09 09:32:10,25315.75,25324.0,25309.75,1838,6103473,6106462,2025-10-09 09:33:08,2025-10-09 09:34:42,LONG,25311.0,25306.0,25311.0,REVERSAL,1,2,40.0,200.0,2989,20.0,40.0,0.4964945155857667,,,
707,2025-10-09 09:34:42,25311.0,25315.25,25290.5,6813,6113275,6114098,2025-10-09 09:39:07,2025-10-09 09:39:47,LONG,25295.25,25295.25,25305.25,REVERSAL,0,1,40.0,200.0,823,40.0,14.0,0.6059615639658442,,,
708,2025-10-09 09:39:47,25305.25,25305.25,25305.25,0,6114098,6114607,2025-10-09 09:39:47,2025-10-09 09:40:02,SHORT,25305.25,25305.25,25295.25,REVERSAL,0,1,40.0,200.0,509,40.0,3.0,0.3104317072363046,,,
709,2025-10-09 09:40:02,25295.25,25303.25,25293.0,646,6115253,6118591,2025-10-09 09:40:28,2025-10-09 09:41:56,LONG,25293.25,25288.25,25273.25,HARD_STOP,1,2,-120.0,-600.0,3338,19.0,60.0,0.41855586024093383,,,
710,2025-10-09 09:41:56,25273.25,25275.0,25261.75,1159,6119750,6121777,2025-10-09 09:42:13,2025-10-09 09:43:04,LONG,25262.75,25262.75,25272.75,REVERSAL,0,1,40.0,200.0,2027,40.0,16.0,1.6406673920373434,,,
711,2025-10-09 09:43:04,25272.75,25312.5,25253.75,15227,6137004,6138005,2025-10-09 09:51:20,2025-10-09 09:51:46,SHORT,25311.0,25311.0,25301.0,REVERSAL,0,1,40.0,200.0,1001,40.0,23.0,0.5169878033227376,,,
712,2025-10-09 09:51:46,25301.0,25301.75,25272.5,2495,6140500,6140986,2025-10-09 09:52:17,2025-10-09 09:52:30,LONG,25273.75,25273.75,25283.75,REVERSAL,0,1,40.0,200.0,486,40.0,2.0,1.0124956782838206,,,
713,2025-10-09 09:52:30,25283.75,25288.25,25265.0,3264,6144250,6147560,2025-10-09 09:54:19,2025-10-09 09:56:14,LONG,25266.75,25261.75,25267.0,REVERSAL,1,2,42.0,210.0,3310,25.0,41.0,0.36828504043620436,,,
714,2025-10-09 09:56:14,25267.0,25294.25,25264.5,4940,6152500,6152990,2025-10-09 09:59:23,2025-10-09 09:59:47,SHORT,25286.75,25286.75,25276.75,REVERSAL,0,1,40.0,200.0,490,40.0,19.0,0.6602536751339604,,,
715,2025-10-09 09:59:47,25276.75,25281.75,25264.0,2760,6155750,6157711,2025-10-09 10:01:47,2025-10-09 10:03:32,LONG,25266.25,25266.25,25276.25,REVERSAL,0,1,40.0,200.0,1961,40.0,20.0,0.31584837258276555,,,0.0
716,2025-10-09 10:03:32,25276.25,25287.5,25272.75,4289,6162000,6162692,2025-10-09 10:07:26,2025-10-09 10:07:54,SHORT,25287.25,25287.25,25277.25,REVERSAL,0,1,40.0,200.0,692,40.0,6.0,0.37495094141112206,,,0.0
717,2025-10-09 10:07:54,25277.25,25282.75,25262.0,2808,6165500,6167576,2025-10-09 10:10:10,2025-10-09 10:12:45,SHORT,25276.5,25276.5,25266.5,REVERSAL,0,1,40.0,200.0,2076,40.0,11.0,0.639475044946206,,,0.0
718,2025-10-09 10:12:45,25266.5,25277.5,25265.5,1424,6169000,6169801,2025-10-09 10:14:49,2025-10-09 10:15:43,SHORT,25275.5,25275.5,25265.5,REVERSAL,0,1,40.0,200.0,801,40.0,0.0,0.330284449736721,,,0.0
719,2025-10-09 10:15:43,25265.5,25274.75,25257.0,2746,6172547,6173396,2025-10-09 10:17:46,2025-10-09 10:18:48,LONG,25263.0,25263.0,25273.0,REVERSAL,0,1,40.0,200.0,849,40.0,13.0,0.4633486373316683,,,0.0
720,2025-10-09 10:18:48,25273.0,25275.75,25244.25,7354,6180750,6182636,2025-10-09 10:23:42,2025-10-09 10:25:34,SHORT,25274.5,25274.5,25264.5,REVERSAL,0,1,40.0,200.0,1886,40.0,9.0,0.845808510676494,,,0.0
721,2025-10-09 10:25:34,25264.5,25268.0,25251.75,1864,6184500,6190193,2025-10-09 10:27:30,2025-10-09 10:31:20,LONG,25252.75,25247.75,25232.75,HARD_STOP,1,2,-120.0,-600.0,5693,36.0,60.0,0.40434550617713977,,,0.0
722,2025-10-09 10:31:20,25232.75,25246.75,25215.0,8561,6198754,6199638,2025-10-09 10:36:26,2025-10-09 10:37:13,LONG,25218.75,25218.75,25228.75,REVERSAL,0,1,40.0,200.0,884,40.0,9.0,0.5611527763614808,,,0.0
723,2025-10-09 10:37:13,25228.75,25233.0,25218.5,2219,6201857,6204243,2025-10-09 10:39:11,2025-10-09 10:40:27,LONG,25220.75,25215.75,25220.75,REVERSAL,1,2,40.0,200.0,2386,20.0,40.0,0.44645626362321467,,,0.0
724,2025-10-09 10:40:27,25220.75,25233.0,25207.25,3257,6207500,6213737,2025-10-09 10:42:33,2025-10-09 10:46:08,LONG,25208.0,25203.0,25208.0,REVERSAL,1,2,40.0,200.0,6237,29.0,40.0,0.42121064559275495,,,0.0
725,2025-10-09 10:46:08,25208.0,25220.5,25206.0,2263,6216000,6216618,2025-10-09 10:47:19,2025-10-09 10:47:53,SHORT,25218.75,25218.75,25208.75,REVERSAL,0,1,40.0,200.0,618,40.0,5.0,0.5676170983607124,,,0.0
726,2025-10-09 10:47:53,25208.75,25238.75,25206.75,4408,6221026,6228394,2025-10-09 10:50:31,2025-10-09 10:57:50,SHORT,25231.5,25236.5,25251.5,HARD_STOP,1,2,-120.0,-600.0,7368,14.0,60.0,1.2561917979620545,,,0.004761904761904773
727,2025-10-09 10:57:50,25251.5,25260.5,25246.25,3356,6231750,6234460,2025-10-09 11:00:16,2025-10-09 11:02:40,SHORT,25260.5,25260.5,25250.5,REVERSAL,0,1,40.0,200.0,2710,40.0,26.0,0.9225635376391157,,,0.013636363636363641
728,2025-10-09 11:02:40,25250.5,25251.75,25241.75,1054,6235514,6238884,2025-10-09 11:03:17,2025-10-09 11:07:29,SHORT,25251.75,25256.75,25251.75,REVERSAL,1,2,40.0,200.0,3370,20.0,40.0,0.5429133827732714,,,0.019565217391304346
729,2025-10-09 11:07:29,25251.75,25273.75,25244.5,11366,6250250,6254528,2025-10-09 11:20:25,2025-10-09 11:24:21,LONG,25251.0,25246.0,25231.0,HARD_STOP,1,2,-120.0,-600.0,4278,30.0,60.0,0.24410228016923596,,,0.024999999999999994
730,2025-10-09 11:24:21,25231.0,25240.75,25204.0,10472,6265000,6267733,2025-10-09 11:34:46,2025-10-09 11:36:13,LONG,25204.75,25204.75,25214.75,REVERSAL,0,1,40.0,200.0,2733,40.0,28.0,2.3547148818328614,,,-0.010000000000000009
731,2025-10-09 11:36:13,25214.75,25235.75,25209.25,4767,6272500,6276221,2025-10-09 11:40:27,2025-10-09 11:45:43,LONG,25214.25,25214.25,25224.25,REVERSAL,0,1,40.0,200.0,3721,40.0,19.0,0.8919725306888111,,,-0.0038461538461538602
732,2025-10-09 11:45:43,25224.25,25231.25,25215.5,1279,6277500,6281126,2025-10-09 11:47:06,2025-10-09 11:49:48,SHORT,25230.0,25235.0,25250.0,HARD_STOP,1,2,-120.0,-600.0,3626,36.0,60.0,0.48369485434457843,,,0.0018518518518518545
733,2025-10-09 11:49:48,25250.0,25267.0,25246.75,5874,6287000,6295632,2025-10-09 11:55:13,2025-10-09 12:07:33,SHORT,25266.0,25266.0,25256.0,REVERSAL,0,1,40.0,200.0,8632,40.0,34.0,0.32866729619054547,,,0.021428571428571436
734,2025-10-09 12:07:33,25256.0,25270.0,25254.25,1884,6297516,6302690,2025-10-09 12:10:41,2025-10-09 12:20:23,SHORT,25264.25,25264.25,25254.25,REVERSAL,0,1,40.0,200.0,5174,40.0,39.0,0.2575355371529296,,,0.027586206896551724
735,2025-10-09 12:20:23,25254.25,25255.0,25245.0,1072,6303762,6305609,2025-10-09 12:21:23,2025-10-09 12:23:19,LONG,25245.0,25240.0,25245.0,REVERSAL,1,2,40.0,200.0,1847,26.0,40.0,0.5075761563579564,,,0.033333333333333354
736,2025-10-09 12:23:19,25245.0,25262.0,25243.5,1654,6307263,6307715,2025-10-09 12:25:24,2025-10-09 12:25:58,SHORT,25260.75,25260.75,25250.75,REVERSAL,0,1,40.0,200.0,452,40.0,7.0,0.5485309573877543,,,0.038709677419354854
737,2025-10-09 12:25:58,25250.75,25257.5,25245.75,535,6308250,6308576,2025-10-09 12:26:01,2025-10-09 12:26:13,SHORT,25257.5,25257.5,25247.5,REVERSAL,0,1,40.0,200.0,326,40.0,2.0,7.6015192133018505,,,0.04375000000000001
738,2025-10-09 12:26:13,25247.5,25264.75,25247.25,5174,6313750,6314975,2025-10-09 12:36:36,2025-10-09 12:38:51,SHORT,25259.5,25259.5,25249.5,REVERSAL,0,1,40.0,200.0,1225,40.0,8.0,0.2975110636924511,,,0.04848484848484849
739,2025-10-09 12:38:51,25249.5,25260.25,25217.0,10871,6325846,6327051,2025-10-09 12:50:31,2025-10-09 12:52:34,SHORT,25252.5,25252.5,25242.5,REVERSAL,0,1,40.0,200.0,1205,40.0,17.0,0.5635054018119335,,,0.05294117647058824
740,2025-10-09 12:52:34,25242.5,25247.5,25237.5,714,6327765,6331832,2025-10-09 12:53:28,2025-10-09 12:57:46,LONG,25237.5,25232.5,25217.5,HARD_STOP,1,2,-120.0,-600.0,4067,28.0,60.0,0.3171980233275309,,,0.05714285714285716
741,2025-10-09 12:57:46,25217.5,25217.5,25196.75,1418,6333250,6334389,2025-10-09 12:58:12,2025-10-09 12:58:38,LONG,25198.25,25198.25,25208.25,REVERSAL,0,1,40.0,200.0,1139,40.0,2.0,3.949961395485648,,,0.08333333333333334
742,2025-10-09 12:58:38,25208.25,25215.25,25196.0,3067,6337456,6339173,2025-10-09 13:00:46,2025-10-09 13:03:02,SHORT,25213.25,25213.25,25203.25,REVERSAL,0,1,40.0,200.0,1717,40.0,25.0,1.127541340437767,,,0.03783783783783784
743,2025-10-09 13:03:02,25203.25,25212.5,25194.0,1077,6340250,6340630,2025-10-09 13:03:28,2025-10-09 13:03:50,SHORT,25211.25,25211.25,25201.25,REVERSAL,0,1,40.0,200.0,380,40.0,5.0,0.7147536062356638,,,0.04210526315789476
744,2025-10-09 13:03:50,25201.25,25233.25,25191.75,5620,6346250,6346772,2025-10-09 13:09:22,2025-10-09 13:09:57,SHORT,25233.25,25233.25,25223.25,REVERSAL,0,1,40.0,200.0,522,40.0,2.0,0.8756409617525441,,,0.046153846153846156
745,2025-10-09 13:09:57,25223.25,25226.25,25210.25,728,6347500,6353583,2025-10-09 13:10:25,2025-10-09 13:16:55,LONG,25211.0,25206.0,25191.0,HARD_STOP,1,2,-120.0,-600.0,6083,31.0,60.0,1.3143249959354057,,,0.05000000000000002
746,2025-10-09 13:16:55,25191.0,25196.5,25174.25,3722,6357305,6357637,2025-10-09 13:19:08,2025-10-09 13:19:31,LONG,25185.25,25185.25,25195.25,REVERSAL,0,1,40.0,200.0,332,40.0,3.0,0.7952581513692244,,,0.07926829268292682
747,2025-10-09 13:19:31,25195.25,25213.75,25187.25,5613,6363250,6366780,2025-10-09 13:25:53,2025-10-09 13:29:17,LONG,25191.0,25186.0,25171.0,HARD_STOP,1,2,-120.0,-600.0,3530,8.0,60.0,0.4224229977998424,,,0.033333333333333354
748,2025-10-09 13:29:17,25171.0,25187.75,25162.25,5720,6372500,6374623,2025-10-09 13:34:33,2025-10-09 13:36:35,LONG,25174.5,25169.5,25175.0,REVERSAL,1,2,44.0,220.0,2123,24.0,40.0,0.3639279830028743,,,0.06395348837209303
749,2025-10-09 13:36:35,25175.0,25218.0,25172.75,11877,6386500,6392020,2025-10-09 13:54:18,2025-10-09 14:04:01,SHORT,25209.25,25209.25,25199.25,REVERSAL,0,1,40.0,200.0,5520,40.0,39.0,0.31530138387959133,,,0.06818181818181818
750,2025-10-09 14:04:01,25199.25,25202.75,25182.5,1980,6394000,6395240,2025-10-09 14:06:48,2025-10-09 14:08:47,LONG,25185.0,25185.0,25195.0,REVERSAL,0,1,40.0,200.0,1240,40.0,1.0,0.344367747759609,,,0.022222222222222227
751,2025-10-09 14:08:47,25195.0,25230.0,25191.75,8260,6403500,6406991,2025-10-09 14:23:09,2025-10-09 14:29:00,SHORT,25225.25,25225.25,25215.25,REVERSAL,0,1,40.0,200.0,3491,40.0,37.0,0.26214470181318744,,,0.026086956521739146
752,2025-10-09 14:29:00,25215.25,25220.25,25204.75,3259,6410250,6416124,2025-10-09 14:35:02,2025-10-09 14:50:29,SHORT,25215.0,25220.0,25215.0,REVERSAL,1,2,40.0,200.0,5874,24.0,40.0,0.327174538918741,,,0.029787234042553207
753,2025-10-09 14:50:29,25215.0,25228.25,25215.0,376,6416500,6416826,2025-10-09 14:51:03,2025-10-09 14:51:46,SHORT,25227.75,25227.75,25217.75,REVERSAL,0,1,40.0,200.0,326,40.0,0.0,0.31967727079563435,,,-0.016666666666666663
754,2025-10-09 14:51:46,25217.75,25260.5,25212.25,11674,6428500,6429241,2025-10-09 15:12:26,2025-10-09 15:13:06,SHORT,25260.0,25260.0,25250.0,REVERSAL,0,1,40.0,200.0,741,40.0,2.0,0.5182207896488258,,,-0.013265306122448972
755,2025-10-09 15:13:06,25250.0,25260.0,25239.5,5259,6434500,6445934,2025-10-09 15:18:52,2025-10-09 15:38:49,SHORT,25260.0,25265.0,25280.0,HARD_STOP,1,2,-120.0,-600.0,11434,13.0,60.0,0.551573114347001,,,-0.010000000000000009
756,2025-10-09 15:38:49,25280.0,25283.25,25268.25,4316,6450250,6453530,2025-10-09 15:45:20,2025-10-09 15:49:50,LONG,25270.0,25270.0,25273.5,EOD_FLATTEN,0,1,14.0,70.0,3280,39.0,2.0,0.7535529497754765,,,0.023529411764705882
757,2025-10-10 09:30:00,25313.0,25315.25,25293.5,2829,6555500,6558010,2025-10-10 09:30:32,2025-10-10 09:31:04,SHORT,25310.0,25315.0,25330.0,HARD_STOP,1,2,-120.0,-600.0,2510,21.0,60.0,,43.5,11.25,
758,2025-10-10 09:31:04,25330.0,25346.75,25323.0,5490,6563500,6566541,2025-10-10 09:32:54,2025-10-10 09:34:20,LONG,25334.5,25329.5,25334.5,REVERSAL,1,2,40.0,200.0,3041,20.0,40.0,0.43137143020170604,106.5,28.75,
759,2025-10-10 09:34:20,25334.5,25342.0,25320.25,3209,6569750,6570092,2025-10-10 09:36:23,2025-10-10 09:36:36,LONG,25327.5,25327.5,25337.5,REVERSAL,0,1,40.0,200.0,342,40.0,2.0,0.32292100174989574,106.5,14.75,
760,2025-10-10 09:36:36,25337.5,25373.25,25334.5,4908,6575000,6576663,2025-10-10 09:38:09,2025-10-10 09:38:59,SHORT,25366.5,25371.5,25366.5,REVERSAL,1,2,40.0,200.0,1663,20.0,40.0,0.7772185798584096,159.5,66.25,
761,2025-10-10 09:38:59,25366.5,25373.5,25361.5,1587,6578250,6579032,2025-10-10 09:40:00,2025-10-10 09:40:19,SHORT,25373.0,25373.0,25363.0,REVERSAL,0,1,40.0,200.0,782,40.0,3.0,0.3777047832948543,166.5,75.75,
762,2025-10-10 09:40:19,25363.0,25367.5,25355.25,1750,6580782,6581729,2025-10-10 09:41:18,2025-10-10 09:42:13,LONG,25357.5,25357.5,25367.5,REVERSAL,0,1,40.0,200.0,947,40.0,0.0,0.33081632582847076,166.5,44.75,
763,2025-10-10 09:42:13,25367.5,25388.0,25354.0,10054,6591783,6593053,2025-10-10 09:48:34,2025-10-10 09:49:38,SHORT,25375.5,25375.5,25365.5,REVERSAL,0,1,40.0,200.0,1270,40.0,18.0,0.4057745972124689,189.0,69.5,
764,2025-10-10 09:49:38,25365.5,25366.25,25335.5,4197,6597250,6600212,2025-10-10 09:50:55,2025-10-10 09:52:09,LONG,25336.5,25331.5,25336.5,REVERSAL,1,2,40.0,200.0,2962,28.0,40.0,2.383349069882278,189.0,-8.5,
765,2025-10-10 09:52:09,25336.5,25348.25,25332.5,2538,6602750,6603417,2025-10-10 09:53:42,2025-10-10 09:54:19,LONG,25334.0,25334.0,25344.0,REVERSAL,0,1,40.0,200.0,667,40.0,11.0,0.544444129148746,189.0,-13.5,
766,2025-10-10 09:54:19,25344.0,25353.5,25328.25,3903,6607320,6611365,2025-10-10 09:57:13,2025-10-10 10:00:19,SHORT,25349.5,25354.5,25369.5,HARD_STOP,1,2,-120.0,-600.0,4045,27.0,60.0,0.7293775216872878,189.0,17.5,
767,2025-10-10 10:00:19,25369.5,25370.75,25312.0,3135,6614500,6615163,2025-10-10 10:01:32,2025-10-10 10:01:43,LONG,25316.0,25316.0,25326.0,REVERSAL,0,1,40.0,200.0,663,40.0,9.0,,189.0,-49.5,0.0
768,2025-10-10 10:01:43,25326.0,25345.75,25320.0,5095,6620258,6621317,2025-10-10 10:05:12,2025-10-10 10:06:11,LONG,25327.75,25327.75,25337.75,REVERSAL,0,1,40.0,200.0,1059,40.0,3.0,0.29137372092968833,189.0,-26.0,0.0
769,2025-10-10 10:06:11,25337.75,25337.75,25327.75,208,6621525,6621822,2025-10-10 10:06:27,2025-10-10 10:06:45,LONG,25327.75,25327.75,25337.75,REVERSAL,0,1,40.0,200.0,297,40.0,1.0,0.26520169687517725,189.0,-26.0,0.0
770,2025-10-10 10:06:45,25337.75,25355.25,25336.5,1678,6623500,6624321,2025-10-10 10:07:50,2025-10-10 10:08:23,SHORT,25354.25,25354.25,25344.25,REVERSAL,0,1,40.0,200.0,821,40.0,6.0,0.8941430999697157,189.0,27.0,0.0
771,2025-10-10 10:08:23,25344.25,25351.0,25336.75,1938,6626259,6626941,2025-10-10 10:10:31,2025-10-10 10:11:25,LONG,25341.0,25341.0,25351.0,REVERSAL,0,1,40.0,200.0,682,40.0,10.0,0.23731645690736325,189.0,0.5,0.0
772,2025-10-10 10:11:25,25351.0,25354.75,25313.75,5809,6632750,6634095,2025-10-10 10:16:16,2025-10-10 10:16:45,LONG,25313.75,25308.75,25314.0,REVERSAL,1,2,42.0,210.0,1345,21.0,40.0,1.4176321628903674,189.0,-54.0,0.0
773,2025-10-10 10:16:45,25314.0,25314.25,25304.25,905,6635000,6636228,2025-10-10 10:17:20,2025-10-10 10:18:07,LONG,25304.25,25304.25,25314.25,REVERSAL,0,1,40.0,200.0,1228,40.0,4.0,0.8116359660767761,189.0,-73.0,0.0
774,2025-10-10 10:18:07,25314.25,25343.5,25314.0,6032,6642260,6644774,2025-10-10 10:22:56,2025-10-10 10:25:31,SHORT,25331.5,25336.5,25351.5,HARD_STOP,1,2,-120.0,-600.0,2514,12.0,60.0,0.32376672665443124,189.0,-18.5,0.0
775,2025-10-10 10:25:31,25351.5,25354.5,25342.5,1226,6646000,6647035,2025-10-10 10:26:01,2025-10-10 10:27:03,LONG,25342.75,25342.75,25352.75,REVERSAL,0,1,40.0,200.0,1035,40.0,8.0,1.4621884299908954,189.0,4.0,0.0
776,2025-10-10 10:27:03,25352.75,25354.0,25330.0,6215,6653250,6656433,2025-10-10 10:33:45,2025-10-10 10:37:10,LONG,25333.75,25328.75,25333.75,REVERSAL,1,2,40.0,200.0,3183,37.0,43.0,0.4071985123666378,189.0,-14.0,0.0
777,2025-10-10 10:37:10,25333.75,25346.25,25322.25,3088,6659521,6662774,2025-10-10 10:40:37,2025-10-10 10:44:06,LONG,25324.0,25324.0,25334.0,REVERSAL,0,1,40.0,200.0,3253,40.0,32.0,0.2841243838762988,189.0,-33.5,0.0
778,2025-10-10 10:44:06,25334.0,25351.5,25333.75,3476,6666250,6668913,2025-10-10 10:48:00,2025-10-10 10:50:23,SHORT,25351.5,25351.5,25341.5,REVERSAL,0,1,40.0,200.0,2663,40.0,21.0,2.149058597685627,189.0,21.5,-0.042857142857142844
779,2025-10-10 10:50:23,25341.5,25352.5,25270.0,9087,6678000,6678165,2025-10-10 10:57:57,2025-10-10 10:57:58,LONG,25270.0,25270.0,25280.0,REVERSAL,0,1,40.0,200.0,165,40.0,0.0,,236.0,-118.0,-0.03636363636363635
780,2025-10-10 10:57:58,25280.0,25280.0,25280.0,0,6678165,6678370,2025-10-10 10:57:58,2025-10-10 10:57:58,SHORT,25280.0,25280.0,25270.0,REVERSAL,0,1,40.0,200.0,205,40.0,19.0,,236.0,-98.0,-0.030434782608695643
781,2025-10-10 10:57:58,25270.0,25275.25,25257.0,1130,6679500,6679670,2025-10-10 10:58:00,2025-10-10 10:58:00,SHORT,25268.5,25268.5,25257.75,REVERSAL,0,1,43.0,215.0,170,43.0,5.0,6.190966587224437,262.0,-108.0,-0.024999999999999994
782,2025-10-10 10:58:00,25257.75,25257.75,25257.75,0,6679670,6679851,2025-10-10 10:58:00,2025-10-10 10:58:01,LONG,25257.75,25257.75,25267.75,REVERSAL,0,1,40.0,200.0,181,40.0,1.0,6.190966587224437,262.0,-129.5,-0.01999999999999999
783,2025-10-10 10:58:01,25267.75,25275.75,25255.5,649,6680500,6680822,2025-10-10 10:58:02,2025-10-10 10:58:03,SHORT,25272.0,25272.0,25261.0,REVERSAL,0,1,44.0,220.0,322,44.0,0.0,6.0630276683471696,265.0,-99.5,-0.015384615384615385
784,2025-10-10 10:58:03,25261.0,25274.25,25257.5,1178,6682000,6682104,2025-10-10 10:58:07,2025-10-10 10:58:07,LONG,25260.0,25260.0,25270.0,REVERSAL,0,1,40.0,200.0,104,40.0,1.0,5.76916985545422,265.0,-123.5,-0.0111111111111111
785,2025-10-10 10:58:07,25270.0,25270.0,25270.0,0,6682104,6682224,2025-10-10 10:58:07,2025-10-10 10:58:08,SHORT,25270.0,25270.0,25260.0,REVERSAL,0,1,40.0,200.0,120,40.0,6.0,5.76916985545422,265.0,-103.5,-0.007142857142857131
786,2025-10-10 10:58:08,25260.0,25260.0,25260.0,0,6682224,6683294,2025-10-10 10:58:08,2025-10-10 10:58:11,LONG,25260.0,25255.0,25240.0,HARD_STOP,1,2,-120.0,-600.0,1070,6.0,60.0,5.76916985545422,265.0,-123.5,-0.0034482758620689585
787,2025-10-10 10:58:11,25240.0,25241.75,25190.0,1706,6685000,6685099,2025-10-10 10:58:17,2025-10-10 10:58:18,LONG,25190.5,25190.5,25200.5,REVERSAL,0,1,40.0,200.0,99,40.0,2.0,5.273143846099368,396.0,-197.0,-0.033333333333333326
788,2025-10-10 10:58:18,25200.5,25248.75,25127.75,10151,6695250,6695368,2025-10-10 10:59:32,2025-10-10 10:59:34,SHORT,25189.0,25189.0,25179.0,REVERSAL,0,1,40.0,200.0,118,40.0,2.0,2.2416588483432793,520.5,-137.75,-0.02903225806451612
789,2025-10-10 10:59:34,25179.0,25179.0,25179.0,0,6695368,6695619,2025-10-10 10:59:34,2025-10-10 10:59:36,LONG,25179.0,25179.0,25189.0,REVERSAL,0,1,40.0,200.0,251,40.0,27.0,2.2416588483432793,520.5,-157.75,-0.024999999999999994
790,2025-10-10 10:59:36,25189.0,25193.0,25166.0,1131,6696750,6696933,2025-10-10 10:59:49,2025-10-10 10:59:51,SHORT,25193.0,25198.375,25193.5,REVERSAL,1,2,39.0,195.0,183,19.5,43.0,2.2252408094996072,520.5,-129.75,-0.02121212121212121
791,2025-10-10 10:59:51,25193.5,25200.25,25134.75,2069,6699002,6699857,2025-10-10 11:00:08,2025-10-10 11:00:16,LONG,25139.0,25139.0,25149.25,REVERSAL,0,1,41.0,205.0,855,41.0,36.0,2.1670920130678177,520.5,-237.75,-0.017647058823529405
792,2025-10-10 11:00:16,25149.25,25150.0,25085.0,2181,6702038,6702523,2025-10-10 11:00:31,2025-10-10 11:00:37,LONG,25100.5,25095.5,25080.25,HARD_STOP,1,2,-122.0,-610.0,485,10.0,61.0,2.111884611393376,606.0,-272.0,-0.014285714285714277
793,2025-10-10 11:00:37,25080.25,25121.5,25064.0,2727,6705250,6705272,2025-10-10 11:01:02,2025-10-10 11:01:02,LONG,25077.5,25077.5,25088.75,REVERSAL,0,1,45.0,225.0,22,45.0,2.0,4.12226117518401,648.0,-297.0,0.0111111111111111
794,2025-10-10 11:01:02,25088.75,25088.75,25088.75,0,6705272,6705335,2025-10-10 11:01:02,2025-10-10 11:01:03,SHORT,25088.75,25088.75,25078.0,REVERSAL,0,1,43.0,215.0,63,43.0,2.0,4.12226117518401,648.0,-274.5,0.014864864864864852
795,2025-10-10 11:01:03,25078.0,25078.0,25078.0,0,6705335,6705546,2025-10-10 11:01:03,2025-10-10 11:01:05,LONG,25078.0,25078.0,25088.0,REVERSAL,0,1,40.0,200.0,211,40.0,30.0,4.12226117518401,648.0,-296.0,-0.03157894736842104
796,2025-10-10 11:01:05,25088.0,25112.25,25054.75,4204,6709750,6709828,2025-10-10 11:01:55,2025-10-10 11:01:56,LONG,25068.25,25068.25,25078.75,REVERSAL,0,1,42.0,210.0,78,42.0,2.0,1.3498657189346543,666.5,-306.25,-0.028205128205128188
797,2025-10-10 11:01:56,25078.75,25078.75,25078.75,0,6709828,6710163,2025-10-10 11:01:56,2025-10-10 11:02:00,SHORT,25078.75,25078.75,25068.5,REVERSAL,0,1,41.0,205.0,335,41.0,33.0,1.3498657189346543,666.5,-285.25,-0.024999999999999994
798,2025-10-10 11:02:00,25068.5,25074.5,25037.75,1337,6711500,6711751,2025-10-10 11:02:15,2025-10-10 11:02:18,LONG,25040.25,25040.25,25051.0,REVERSAL,0,1,43.0,215.0,251,43.0,7.0,1.3386039661840854,700.5,-345.25,-0.021951219512195114
799,2025-10-10 11:02:18,25051.0,25053.25,25016.0,1249,6713000,6713144,2025-10-10 11:02:30,2025-10-10 11:02:33,SHORT,25036.0,25036.0,25025.25,REVERSAL,0,1,43.0,215.0,144,43.0,2.0,1.9948665917720438,744.0,-332.0,-0.019047619047619035
800,2025-10-10 11:02:33,25025.25,25025.25,25025.25,0,6713144,6713794,2025-10-10 11:02:33,2025-10-10 11:02:38,LONG,25025.25,25020.125,25025.25,REVERSAL,1,2,41.0,205.0,650,37.0,41.0,1.9948665917720438,744.0,-353.5,-0.016279069767441853
801,2025-10-10 11:02:38,25025.25,25091.5,25006.0,5206,6719000,6719322,2025-10-10 11:03:27,2025-10-10 11:03:31,SHORT,25079.25,25079.25,25067.5,REVERSAL,0,1,47.0,235.0,322,47.0,23.0,1.2873658728169095,764.0,-235.5,-0.013636363636363627
802,2025-10-10 11:03:31,25067.5,25073.25,25043.75,428,6719750,6719972,2025-10-10 11:03:36,2025-10-10 11:03:41,LONG,25048.25,25042.375,25046.75,REVERSAL,1,2,35.0,175.0,222,25.0,47.0,1.2856474950747836,764.0,-297.5,-0.0111111111111111
803,2025-10-10 11:03:41,25046.75,25055.75,25045.0,22,6719994,6720289,2025-10-10 11:03:41,2025-10-10 11:03:47,SHORT,25055.75,25060.75,25076.0,HARD_STOP,1,2,-122.0,-610.0,295,10.0,61.0,1.2856474950747836,764.0,-282.5,-0.008695652173913035
804,2025-10-10 11:03:47,25076.0,25084.5,25068.5,227,6720516,6720951,2025-10-10 11:03:50,2025-10-10 11:03:57,LONG,25068.5,25063.375,25068.25,REVERSAL,1,2,39.0,195.0,435,19.5,41.0,0.7719758031130098,764.0,-257.0,0.022340425531914898
805,2025-10-10 11:03:57,25068.25,25083.5,24995.0,3375,6724326,6724868,2025-10-10 11:04:33,2025-10-10 11:04:40,LONG,25011.75,25006.5,25011.5,REVERSAL,1,2,40.0,200.0,542,21.0,56.0,1.26831032465982,786.0,-359.5,0.024999999999999994
806,2025-10-10 11:04:40,25011.5,25011.5,25011.5,0,6724868,6725365,2025-10-10 11:04:40,2025-10-10 11:04:46,SHORT,25011.5,25016.5,25031.5,HARD_STOP,1,2,-120.0,-600.0,497,36.0,60.0,0.9500131577028829,791.0,-357.5,0.027551020408163263
807,2025-10-10 11:04:46,25031.5,25045.5,25011.0,1385,6726750,6726975,2025-10-10 11:05:02,2025-10-10 11:05:05,LONG,25015.5,25015.5,25026.25,REVERSAL,0,1,43.0,215.0,225,43.0,18.0,0.9456803302836397,791.0,-349.5,0.009999999999999981
808,2025-10-10 11:05:05,25026.25,25026.25,25026.25,0,6726975,6727222,2025-10-10 11:05:05,2025-10-10 11:05:08,SHORT,25026.25,25031.375,25046.5,HARD_STOP,1,2,-121.0,-605.0,247,7.0,60.5,0.9456803302836397,791.0,-328.0,0.012745098039215669
809,2025-10-10 11:05:08,25046.5,25072.0,25017.75,2795,6730017,6730194,2025-10-10 11:05:48,2025-10-10 11:05:53,LONG,25044.0,25044.0,25054.0,REVERSAL,0,1,40.0,200.0,177,40.0,16.0,3.761014889112627,791.0,-292.5,0.046153846153846156
810,2025-10-10 11:05:53,25054.0,25073.5,25052.75,309,6730503,6730764,2025-10-10 11:05:59,2025-10-10 11:06:01,SHORT,25068.25,25068.25,25056.0,REVERSAL,0,1,49.0,245.0,261,49.0,31.0,0.6274020828096917,791.0,-244.0,0.04905660377358492
811,2025-10-10 11:06:01,25056.0,25076.5,25052.0,486,6731250,6731927,2025-10-10 11:06:06,2025-10-10 11:06:17,LONG,25064.25,25059.25,25043.25,HARD_STOP,1,2,-128.0,-640.0,677,37.0,64.0,1.8767221548748576,791.0,-252.0,0.05185185185185187
812,2025-10-10 11:06:17,25043.25,25089.0,25037.25,1323,6733250,6733658,2025-10-10 11:06:38,2025-10-10 11:06:45,SHORT,25085.0,25085.0,25075.0,REVERSAL,0,1,40.0,200.0,408,40.0,18.0,0.9386032133727072,791.0,-210.5,0.08636363636363636
813,2025-10-10 11:06:45,25075.0,25100.0,25032.75,2092,6735750,6735906,2025-10-10 11:07:12,2025-10-10 11:07:14,LONG,25032.75,25032.75,25044.25,REVERSAL,0,1,46.0,230.0,156,46.0,8.0,1.8727128314572021,791.0,-315.0,0.039285714285714285
814,2025-10-10 11:07:14,25044.25,25044.25,25044.25,0,6735906,6736199,2025-10-10 11:07:14,2025-10-10 11:07:17,SHORT,25044.25,25044.25,25034.25,REVERSAL,0,1,40.0,200.0,293,40.0,11.0,1.8727128314572021,791.0,-292.0,0.04210526315789476
815,2025-10-10 11:07:17,25034.25,25042.5,25022.75,551,6736750,6736872,2025-10-10 11:07:26,2025-10-10 11:07:28,LONG,25026.5,25026.5,25037.0,REVERSAL,0,1,42.0,210.0,122,42.0,9.0,1.2476099242307925,791.0,-327.5,0.04482758620689656
816,2025-10-10 11:07:28,25037.0,25037.0,25037.0,0,6736872,6737019,2025-10-10 11:07:28,2025-10-10 11:07:30,SHORT,25037.0,25037.0,25026.5,REVERSAL,0,1,42.0,210.0,147,42.0,0.0,1.2476099242307925,791.0,-306.5,0.04745762711864407
817,2025-10-10 11:07:30,25026.5,25042.25,25015.5,1731,6738750,6739226,2025-10-10 11:07:56,2025-10-10 11:08:03,SHORT,25036.25,25036.25,25026.0,REVERSAL,0,1,41.0,205.0,476,41.0,20.0,0.7478700630283166,791.0,-308.0,0.05000000000000002
818,2025-10-10 11:08:03,25026.0,25047.5,25008.75,1274,6740500,6740629,2025-10-10 11:08:24,2025-10-10 11:08:26,SHORT,25045.75,25045.75,25035.25,REVERSAL,0,1,42.0,210.0,129,42.0,9.0,0.9347030667984942,791.0,-289.0,0.05245901639344264
819,2025-10-10 11:08:26,25035.25,25037.25,25026.0,99,6740728,6740829,2025-10-10 11:08:28,2025-10-10 11:08:30,LONG,25026.0,25026.0,25036.5,REVERSAL,0,1,42.0,210.0,101,42.0,17.0,0.9347030667984942,791.0,-328.5,0.054838709677419356
820,2025-10-10 11:08:30,25036.5,25036.5,25005.5,921,6741750,6741963,2025-10-10 11:08:45,2025-10-10 11:08:50,SHORT,25026.5,25026.5,25016.0,REVERSAL,0,1,42.0,210.0,213,42.0,27.0,1.2468261030762537,791.0,-327.5,0.05714285714285716
821,2025-10-10 11:08:50,25016.0,25016.0,25016.0,0,6741963,6742853,2025-10-10 11:08:50,2025-10-10 11:09:02,LONG,25016.0,25010.875,25016.5,REVERSAL,1,2,45.0,225.0,890,22.5,45.5,1.2468261030762537,791.0,-348.5,0.05937500000000001
822,2025-10-10 11:09:02,25016.5,25040.75,25013.75,397,6743250,6743297,2025-10-10 11:09:08,2025-10-10 11:09:09,SHORT,25038.25,25038.25,25027.75,REVERSAL,0,1,42.0,210.0,47,42.0,0.0,0.9316805757152756,791.0,-304.0,0.06153846153846154
823,2025-10-10 11:09:09,25027.75,25027.75,25027.75,0,6743297,6743885,2025-10-10 11:09:09,2025-10-10 11:09:23,LONG,25027.75,25022.75,25007.75,HARD_STOP,1,2,-120.0,-600.0,588,17.0,60.0,0.9316805757152756,791.0,-325.0,0.06363636363636366
824,2025-10-10 11:09:23,25007.75,25008.75,24991.0,419,6744304,6744455,2025-10-10 11:09:28,2025-10-10 11:09:30,SHORT,25001.75,25001.75,24990.5,REVERSAL,0,1,45.0,225.0,151,45.0,1.0,0.6212450120984669,795.0,-375.0,0.05074626865671644
825,2025-10-10 11:09:30,24990.5,24990.5,24990.5,0,6744455,6744606,2025-10-10 11:09:30,2025-10-10 11:09:31,LONG,24990.5,24990.5,25000.5,REVERSAL,0,1,40.0,200.0,151,40.0,0.0,0.6212450120984669,795.0,-397.5,0.05294117647058824
826,2025-10-10 11:09:31,25000.5,25065.25,24980.75,3894,6748500,6748636,2025-10-10 11:10:33,2025-10-10 11:10:35,SHORT,25065.25,25065.25,25055.25,REVERSAL,0,1,40.0,200.0,136,40.0,7.0,1.2420477712927438,814.5,-238.25,0.05507246376811595
827,2025-10-10 11:10:35,25055.25,25055.25,25055.25,0,6748636,6749689,2025-10-10 11:10:35,2025-10-10 11:10:49,LONG,25055.25,25050.25,25055.25,REVERSAL,1,2,40.0,200.0,1053,20.0,45.0,1.2420477712927438,814.5,-258.25,0.007142857142857145
828,2025-10-10 11:10:49,25055.25,25101.5,25037.0,4564,6754253,6755119,2025-10-10 11:12:05,2025-10-10 11:12:23,LONG,25041.25,25036.25,25041.25,REVERSAL,1,2,40.0,200.0,866,25.0,58.0,1.8595844229329561,814.5,-286.25,0.009154929577464777
829,2025-10-10 11:12:23,25041.25,25089.5,25026.5,5637,6760756,6761882,2025-10-10 11:14:49,2025-10-10 11:15:21,LONG,25058.0,25058.0,25068.5,REVERSAL,0,1,42.0,210.0,1126,42.0,29.0,0.5376299502659969,814.5,-252.75,-0.03888888888888889
830,2025-10-10 11:15:21,25068.5,25074.0,25062.75,335,6762217,6762585,2025-10-10 11:15:30,2025-10-10 11:15:36,LONG,25062.75,25057.625,25063.25,REVERSAL,1,2,45.0,225.0,368,22.5,57.5,0.41923808977205396,814.5,-243.25,-0.036986301369863
831,2025-10-10 11:15:36,25063.25,25078.0,25015.25,3165,6765750,6766860,2025-10-10 11:16:56,2025-10-10 11:17:24,LONG,25016.0,25011.0,25016.0,REVERSAL,1,2,40.0,200.0,1110,29.0,40.0,0.63242224723059,814.5,-336.75,-0.03513513513513514
832,2025-10-10 11:17:24,25016.0,25018.25,25004.25,140,6767000,6767991,2025-10-10 11:17:27,2025-10-10 11:17:48,LONG,25004.25,25004.25,25014.5,REVERSAL,0,1,41.0,205.0,991,41.0,31.0,0.4753616668548117,814.5,-360.25,-0.08333333333333333
833,2025-10-10 11:17:48,25014.5,25014.5,24994.0,554,6768545,6768584,2025-10-10 11:18:01,2025-10-10 11:18:01,LONG,24997.75,24997.75,25008.0,REVERSAL,0,1,41.0,205.0,39,41.0,0.0,0.762083203783735,814.5,-373.25,-0.08157894736842104
834,2025-10-10 11:18:01,25008.0,25008.0,25008.0,0,6768584,6768673,2025-10-10 11:18:01,2025-10-10 11:18:02,SHORT,25008.0,25008.0,24998.0,REVERSAL,0,1,40.0,200.0,89,40.0,15.0,0.762083203783735,814.5,-352.75,-0.07987012987012986
835,2025-10-10 11:18:02,24998.0,24998.0,24998.0,0,6768673,6769319,2025-10-10 11:18:02,2025-10-10 11:18:09,LONG,24998.0,24993.0,24978.0,HARD_STOP,1,2,-120.0,-600.0,646,8.0,60.0,0.762083203783735,814.5,-372.75,-0.07820512820512819
836,2025-10-10 11:18:09,24978.0,24983.0,24971.0,681,6770000,6770086,2025-10-10 11:18:17,2025-10-10 11:18:19,SHORT,24982.25,24982.25,24972.25,REVERSAL,0,1,40.0,200.0,86,40.0,9.0,1.2656237404311563,839.5,-391.75,-0.03924050632911391
837,2025-10-10 11:18:19,24972.25,24972.25,24972.25,0,6770086,6770785,2025-10-10 11:18:19,2025-10-10 11:18:30,LONG,24972.25,24967.25,24952.0,HARD_STOP,1,2,-122.0,-610.0,699,18.0,61.0,1.2656237404311563,839.5,-411.75,-0.037500000000000006
838,2025-10-10 11:18:30,24952.0,24959.0,24938.75,1016,6771801,6772306,2025-10-10 11:18:44,2025-10-10 11:18:53,LONG,24941.75,24941.75,24951.75,REVERSAL,0,1,40.0,200.0,505,40.0,7.0,0.946662665689527,898.5,-443.25,0.0018518518518518545
839,2025-10-10 11:18:53,24951.75,24952.0,24924.5,1444,6773750,6773870,2025-10-10 11:19:15,2025-10-10 11:19:17,SHORT,24940.5,24940.5,24930.5,REVERSAL,0,1,40.0,200.0,120,40.0,2.0,1.2612702966403295,927.0,-431.5,0.003658536585365857
840,2025-10-10 11:19:17,24930.5,24930.5,24930.5,0,6773870,6774539,2025-10-10 11:19:17,2025-10-10 11:19:25,LONG,24930.5,24925.25,24910.25,HARD_STOP,1,2,-120.0,-600.0,669,4.0,60.0,1.2612702966403295,927.0,-451.5,0.005421686746987953
841,2025-10-10 11:19:25,24910.25,24950.0,24908.75,1461,6776000,6777177,2025-10-10 11:19:48,2025-10-10 11:20:06,SHORT,24950.0,24950.0,24940.0,REVERSAL,0,1,40.0,200.0,1177,40.0,39.0,0.9432665166097055,958.5,-396.75,0.045238095238095244
842,2025-10-10 11:20:06,24940.0,24944.25,24926.25,573,6777750,6778051,2025-10-10 11:20:11,2025-10-10 11:20:14,LONG,24929.25,24929.25,24939.25,REVERSAL,0,1,40.0,200.0,301,40.0,26.0,1.8823913650647357,958.5,-438.25,0.047058823529411764
843,2025-10-10 11:20:14,24939.25,24967.25,24904.0,3199,6781250,6781360,2025-10-10 11:20:59,2025-10-10 11:21:00,LONG,24905.25,24905.25,24915.75,REVERSAL,0,1,42.0,210.0,110,42.0,8.0,0.7500051455624802,969.5,-480.75,0.0488372093023256
844,2025-10-10 11:21:00,24915.75,24915.75,24915.75,0,6781360,6781538,2025-10-10 11:21:00,2025-10-10 11:21:03,SHORT,24915.75,24915.75,24905.75,REVERSAL,0,1,40.0,200.0,178,40.0,8.0,0.7500051455624802,969.5,-459.75,0.0005747126436781436
845,2025-10-10 11:21:03,24905.75,24909.5,24876.0,1212,6782750,6783273,2025-10-10 11:21:15,2025-10-10 11:21:21,LONG,24877.25,24877.25,24887.25,REVERSAL,0,1,40.0,200.0,523,40.0,13.0,1.245755283839058,1028.0,-507.5,0.0022727272727272596
846,2025-10-10 11:21:21,24887.25,24895.0,24882.5,478,6783751,6784407,2025-10-10 11:21:29,2025-10-10 11:21:37,SHORT,24892.5,24897.5,24891.75,REVERSAL,1,2,46.0,230.0,656,30.0,40.0,1.2450854540905678,1028.0,-477.0,0.00393258426966292
847,2025-10-10 11:21:37,24891.75,24897.75,24852.5,3593,6788000,6788112,2025-10-10 11:22:24,2025-10-10 11:22:26,LONG,24861.5,24861.5,24872.0,REVERSAL,0,1,42.0,210.0,112,42.0,5.0,0.9283415895331468,1071.0,-517.5,0.005555555555555564
848,2025-10-10 11:22:26,24872.0,24872.0,24872.0,0,6788112,6788906,2025-10-10 11:22:26,2025-10-10 11:22:40,SHORT,24872.0,24877.0,24892.0,HARD_STOP,1,2,-120.0,-600.0,794,30.0,60.0,0.9283415895331468,1071.0,-496.5,0.007142857142857145
849,2025-10-10 11:22:40,24892.0,24895.75,24885.5,154,6789060,6789708,2025-10-10 11:22:43,2025-10-10 11:22:54,LONG,24885.5,24885.5,24895.5,REVERSAL,0,1,40.0,200.0,648,40.0,37.0,0.7432036467998994,1071.0,-469.5,0.04782608695652174
850,2025-10-10 11:22:54,24895.5,24896.0,24881.75,292,6790000,6790186,2025-10-10 11:22:58,2025-10-10 11:23:01,LONG,24883.5,24883.5,24894.5,REVERSAL,0,1,44.0,220.0,186,44.0,8.0,0.7432327398003864,1071.0,-473.5,0.049462365591397855
851,2025-10-10 11:23:01,24894.5,24894.5,24894.5,0,6790186,6790349,2025-10-10 11:23:01,2025-10-10 11:23:03,SHORT,24894.5,24894.5,24884.5,REVERSAL,0,1,40.0,200.0,163,40.0,4.0,0.7432327398003864,1071.0,-451.5,0.05106382978723406
852,2025-10-10 11:23:03,24884.5,24893.75,24847.5,2651,6793000,6793088,2025-10-10 11:23:46,2025-10-10 11:23:47,LONG,24866.0,24866.0,24876.25,REVERSAL,0,1,41.0,205.0,88,41.0,4.0,0.7426039642498525,1081.0,-503.5,0.052631578947368446
853,2025-10-10 11:23:47,24876.25,24876.25,24876.25,0,6793088,6793560,2025-10-10 11:23:47,2025-10-10 11:23:59,SHORT,24876.25,24876.25,24866.0,REVERSAL,0,1,41.0,205.0,472,41.0,24.0,0.7426039642498525,1081.0,-483.0,0.05416666666666667
854,2025-10-10 11:23:59,24866.0,24873.25,24837.0,940,6794500,6794854,2025-10-10 11:24:10,2025-10-10 11:24:14,LONG,24838.0,24838.0,24848.5,REVERSAL,0,1,42.0,210.0,354,42.0,11.0,1.237380014080462,1105.5,-547.25,0.05567010309278353
855,2025-10-10 11:24:14,24848.5,24863.75,24838.75,1396,6796250,6797753,2025-10-10 11:24:39,2025-10-10 11:24:58,LONG,24838.75,24833.625,24818.0,HARD_STOP,1,2,-125.0,-625.0,1503,24.0,62.5,0.5302219280857084,1112.5,-542.25,0.05714285714285716
856,2025-10-10 11:24:58,24818.0,24847.5,24817.5,497,6798250,6798388,2025-10-10 11:25:04,2025-10-10 11:25:06,SHORT,24844.25,24844.25,24834.25,REVERSAL,0,1,40.0,200.0,138,40.0,0.0,1.2339470692199817,1141.0,-517.0,0.04848484848484849
857,2025-10-10 11:25:06,24834.25,24834.25,24834.25,0,6798388,6798566,2025-10-10 11:25:06,2025-10-10 11:25:08,LONG,24834.25,24834.25,24844.25,REVERSAL,0,1,40.0,200.0,178,40.0,1.0,1.2339470692199817,1141.0,-537.0,0.05000000000000002
858,2025-10-10 11:25:08,24844.25,24844.75,24809.5,1684,6800250,6800493,2025-10-10 11:25:34,2025-10-10 11:25:39,LONG,24811.75,24811.75,24822.0,REVERSAL,0,1,41.0,205.0,243,41.0,6.0,1.233369875810848,1157.0,-574.0,0.0014851485148514865
859,2025-10-10 11:25:39,24822.0,24822.0,24822.0,0,6800493,6800802,2025-10-10 11:25:39,2025-10-10 11:25:44,SHORT,24822.0,24827.0,24822.0,REVERSAL,1,2,40.0,200.0,309,20.0,40.0,1.233369875810848,1157.0,-553.5,0.002941176470588225
860,2025-10-10 11:25:44,24822.0,24849.75,24806.25,1698,6802500,6802908,2025-10-10 11:26:09,2025-10-10 11:26:14,SHORT,24845.5,24845.5,24835.5,REVERSAL,0,1,40.0,200.0,408,40.0,6.0,0.9248486859380481,1163.5,-503.25,0.004368932038834955
861,2025-10-10 11:26:14,24835.5,24901.5,24802.5,6943,6809851,6810331,2025-10-10 11:28:07,2025-10-10 11:28:14,SHORT,24876.75,24876.75,24866.75,REVERSAL,0,1,40.0,200.0,480,40.0,16.0,0.9217258820077089,1171.0,-437.0,-0.04423076923076921
862,2025-10-10 11:28:14,24866.75,24875.75,24856.25,419,6810750,6811018,2025-10-10 11:28:21,2025-10-10 11:28:24,LONG,24861.5,24861.5,24871.5,REVERSAL,0,1,40.0,200.0,268,40.0,16.0,1.8429012909534555,1171.0,-467.5,-0.042857142857142844
863,2025-10-10 11:28:24,24871.5,24879.25,24810.0,3515,6814533,6814740,2025-10-10 11:29:23,2025-10-10 11:29:27,LONG,24834.75,24829.5,24834.25,REVERSAL,1,2,38.0,190.0,207,19.0,42.0,1.2289722454807053,1171.0,-521.0,-0.04150943396226414
864,2025-10-10 11:29:27,24834.25,24839.0,24772.0,4260,6819000,6819984,2025-10-10 11:30:18,2025-10-10 11:30:28,LONG,24774.5,24769.375,24754.25,HARD_STOP,1,2,-121.0,-605.0,984,23.0,60.5,1.2191600833994671,1236.0,-609.0,-0.04018691588785045
865,2025-10-10 11:30:28,24754.25,24776.75,24748.25,2651,6822635,6822770,2025-10-10 11:31:00,2025-10-10 11:31:03,SHORT,24763.0,24763.0,24753.0,REVERSAL,0,1,40.0,200.0,135,40.0,2.0,1.8161128876439074,1279.5,-610.25,0.0018518518518518545
866,2025-10-10 11:31:03,24753.0,24771.5,24752.0,480,6823250,6823338,2025-10-10 11:31:09,2025-10-10 11:31:10,SHORT,24765.75,24765.75,24755.75,REVERSAL,0,1,40.0,200.0,88,40.0,3.0,1.2107111940728772,1279.5,-604.75,0.003211009174311913
867,2025-10-10 11:31:10,24755.75,24755.75,24755.75,0,6823338,6823724,2025-10-10 11:31:10,2025-10-10 11:31:15,LONG,24755.75,24755.75,24765.75,REVERSAL,0,1,40.0,200.0,386,40.0,13.0,1.2107111940728772,1279.5,-624.75,0.004545454545454547
868,2025-10-10 11:31:15,24765.75,24765.75,24730.5,974,6824698,6824965,2025-10-10 11:31:27,2025-10-10 11:31:31,LONG,24733.25,24733.25,24744.0,REVERSAL,0,1,43.0,215.0,267,43.0,9.0,1.813546413891646,1315.0,-652.0,0.0058558558558558516
869,2025-10-10 11:31:31,24744.0,24792.0,24694.75,6295,6831260,6831553,2025-10-10 11:32:50,2025-10-10 11:32:53,LONG,24698.25,24698.25,24708.25,REVERSAL,0,1,40.0,200.0,293,40.0,15.0,1.2023386635129787,1387.0,-686.0,-0.042857142857142844
870,2025-10-10 11:32:53,24708.25,24716.0,24693.5,947,6832500,6832717,2025-10-10 11:33:06,2025-10-10 11:33:08,SHORT,24711.75,24711.75,24701.25,REVERSAL,0,1,42.0,210.0,217,42.0,9.0,0.9006746045262719,1389.0,-658.0,-0.04159292035398229
871,2025-10-10 11:33:08,24701.25,24701.25,24701.25,0,6832717,6832992,2025-10-10 11:33:08,2025-10-10 11:33:11,LONG,24701.25,24701.25,24711.25,REVERSAL,0,1,40.0,200.0,275,40.0,24.0,0.9006746045262719,1389.0,-679.0,-0.04035087719298244
872,2025-10-10 11:33:11,24711.25,24745.0,24710.5,1758,6834750,6834892,2025-10-10 11:33:36,2025-10-10 11:33:39,SHORT,24739.5,24739.5,24728.75,REVERSAL,0,1,43.0,215.0,142,43.0,3.0,1.1991312316874383,1389.0,-602.5,-0.03913043478260869
873,2025-10-10 11:33:39,24728.75,24728.75,24728.75,0,6834892,6835649,2025-10-10 11:33:39,2025-10-10 11:33:53,LONG,24728.75,24723.5,24708.25,HARD_STOP,1,2,-122.0,-610.0,757,27.0,61.0,1.1991312316874383,1389.0,-624.0,-0.03793103448275861
874,2025-10-10 11:33:53,24708.25,24717.25,24700.5,351,6836000,6836176,2025-10-10 11:33:59,2025-10-10 11:34:01,LONG,24700.5,24700.5,24710.75,REVERSAL,0,1,41.0,205.0,176,41.0,0.0,1.20006509361388,1389.0,-680.5,0.004700854700854684
875,2025-10-10 11:34:01,24710.75,24717.0,24670.75,1324,6837500,6837728,2025-10-10 11:34:18,2025-10-10 11:34:20,LONG,24673.0,24673.0,24683.5,REVERSAL,0,1,42.0,210.0,228,42.0,6.0,3.591111288055415,1434.5,-712.75,0.005932203389830498
876,2025-10-10 11:34:20,24683.5,24683.5,24683.5,0,6837728,6837976,2025-10-10 11:34:20,2025-10-10 11:34:22,SHORT,24683.5,24683.5,24673.5,REVERSAL,0,1,40.0,200.0,248,40.0,24.0,3.591111288055415,1434.5,-691.75,-0.042857142857142844
877,2025-10-10 11:34:22,24673.5,24772.5,24673.25,8024,6846000,6846306,2025-10-10 11:36:29,2025-10-10 11:36:34,SHORT,24761.0,24761.0,24750.75,REVERSAL,0,1,41.0,205.0,306,41.0,25.0,0.8973603657386289,1434.5,-536.75,-0.04166666666666666
878,2025-10-10 11:36:34,24750.75,24775.0,24743.75,2444,6848750,6848849,2025-10-10 11:37:20,2025-10-10 11:37:22,SHORT,24771.5,24771.5,24761.5,REVERSAL,0,1,40.0,200.0,99,40.0,0.0,0.7190861830288815,1434.5,-515.75,-0.04049586776859504
879,2025-10-10 11:37:22,24761.5,24761.5,24761.5,0,6848849,6849193,2025-10-10 11:37:22,2025-10-10 11:37:27,LONG,24761.5,24761.5,24772.0,REVERSAL,0,1,42.0,210.0,344,42.0,8.0,0.7190861830288815,1434.5,-535.75,-0.03934426229508195
880,2025-10-10 11:37:27,24772.0,24788.25,24768.25,1557,6850750,6850906,2025-10-10 11:37:55,2025-10-10 11:37:55,SHORT,24788.0,24788.0,24778.0,REVERSAL,0,1,40.0,200.0,156,40.0,3.0,0.7197324840446401,1434.5,-482.75,-0.038211382113821135
881,2025-10-10 11:37:55,24778.0,24778.0,24778.0,0,6850906,6851411,2025-10-10 11:37:55,2025-10-10 11:38:00,LONG,24778.0,24778.0,24788.0,REVERSAL,0,1,40.0,200.0,505,40.0,14.0,0.7197324840446401,1434.5,-502.75,-0.03709677419354837
882,2025-10-10 11:38:00,24788.0,24790.0,24759.0,1598,6853009,6853309,2025-10-10 11:38:27,2025-10-10 11:38:34,SHORT,24774.75,24774.75,24764.75,REVERSAL,0,1,40.0,200.0,300,40.0,33.0,1.194990450147306,1434.5,-509.25,-0.036000000000000004
883,2025-10-10 11:38:34,24764.75,24764.75,24733.25,1191,6854500,6854607,2025-10-10 11:38:52,2025-10-10 11:38:54,SHORT,24753.75,24753.75,24743.0,REVERSAL,0,1,43.0,215.0,107,43.0,14.0,1.1952831103948438,1434.5,-551.25,-0.03492063492063491
884,2025-10-10 11:38:54,24743.0,24743.0,24743.0,0,6854607,6855340,2025-10-10 11:38:54,2025-10-10 11:39:10,LONG,24743.0,24738.0,24745.25,REVERSAL,1,2,58.0,290.0,733,29.0,51.0,1.1952831103948438,1434.5,-572.75,-0.03385826771653544
885,2025-10-10 11:39:10,24745.25,24761.5,24720.0,1917,6857257,6857933,2025-10-10 11:39:53,2025-10-10 11:40:05,LONG,24724.0,24719.0,24704.0,HARD_STOP,1,2,-120.0,-600.0,676,26.0,60.0,0.7192909569680337,1434.5,-610.75,-0.0828125
886,2025-10-10 11:40:05,24704.0,24715.75,24685.5,1817,6859750,6859900,2025-10-10 11:40:27,2025-10-10 11:40:32,LONG,24686.0,24686.0,24696.0,REVERSAL,0,1,40.0,200.0,150,40.0,6.0,3.5850782300120647,1434.5,-686.75,-0.039534883720930225
887,2025-10-10 11:40:32,24696.0,24750.0,24688.0,4600,6864500,6864789,2025-10-10 11:41:59,2025-10-10 11:42:04,SHORT,24746.5,24746.5,24735.5,REVERSAL,0,1,44.0,220.0,289,44.0,24.0,0.5132641668265248,1434.5,-565.75,-0.038461538461538464
888,2025-10-10 11:42:04,24735.5,24807.0,24732.5,6711,6871500,6872920,2025-10-10 11:44:14,2025-10-10 11:44:32,SHORT,24807.0,24812.125,24827.25,HARD_STOP,1,2,-121.0,-605.0,1420,12.0,60.5,0.9000165551447923,1434.5,-444.75,-0.03740458015267176
889,2025-10-10 11:44:32,24827.25,24837.0,24827.0,336,6873256,6874146,2025-10-10 11:44:35,2025-10-10 11:44:46,SHORT,24837.0,24842.125,24857.25,HARD_STOP,1,2,-121.0,-605.0,890,30.0,60.5,1.1984024582933859,1434.5,-384.75,0.006060606060606044
890,2025-10-10 11:44:46,24857.25,24895.0,24847.0,3747,6877893,6878361,2025-10-10 11:45:26,2025-10-10 11:45:34,SHORT,24891.75,24891.75,24881.75,REVERSAL,0,1,40.0,200.0,468,40.0,15.0,0.8925316998915246,1434.5,-275.25,0.04962406015037596
891,2025-10-10 11:45:34,24881.75,24883.0,24850.0,1889,6880250,6880465,2025-10-10 11:46:01,2025-10-10 11:46:02,SHORT,24870.25,24870.25,24860.0,REVERSAL,0,1,41.0,205.0,215,41.0,11.0,0.5945826452731693,1434.5,-318.25,0.05074626865671644
892,2025-10-10 11:46:02,24860.0,24860.0,24860.0,0,6880465,6880676,2025-10-10 11:46:02,2025-10-10 11:46:06,LONG,24860.0,24860.0,24870.0,REVERSAL,0,1,40.0,200.0,211,40.0,16.0,0.5945826452731693,1434.5,-338.75,0.05185185185185187
893,2025-10-10 11:46:06,24870.0,24897.0,24865.0,2324,6883000,6883235,2025-10-10 11:46:45,2025-10-10 11:46:47,LONG,24865.0,24865.0,24875.0,REVERSAL,0,1,40.0,200.0,235,40.0,31.0,1.7821492749373296,1434.5,-328.75,0.05294117647058824
894,2025-10-10 11:46:47,24875.0,24875.0,24875.0,0,6883235,6883361,2025-10-10 11:46:47,2025-10-10 11:46:50,SHORT,24875.0,24875.0,24865.0,REVERSAL,0,1,40.0,200.0,126,40.0,6.0,1.7821492749373296,1434.5,-308.75,0.004014598540145992
895,2025-10-10 11:46:50,24865.0,24874.5,24833.0,1639,6885000,6885217,2025-10-10 11:47:25,2025-10-10 11:47:30,SHORT,24856.0,24856.0,24846.0,REVERSAL,0,1,40.0,200.0,217,40.0,4.0,0.7132989006792493,1434.5,-346.75,0.005072463768115931
896,2025-10-10 11:47:30,24846.0,24846.0,24846.0,0,6885217,6885513,2025-10-10 11:47:30,2025-10-10 11:47:37,LONG,24846.0,24840.875,24845.75,REVERSAL,1,2,39.0,195.0,296,19.5,41.0,0.7132989006792493,1434.5,-366.75,0.006115107913669066
897,2025-10-10 11:47:37,24845.75,24845.75,24845.75,0,6885513,6885610,2025-10-10 11:47:37,2025-10-10 11:47:39,SHORT,24845.75,24845.75,24835.5,REVERSAL,0,1,41.0,205.0,97,41.0,13.0,0.5947307646401145,1434.5,-367.25,0.007142857142857145
898,2025-10-10 11:47:39,24835.5,24835.5,24835.5,0,6885610,6885716,2025-10-10 11:47:39,2025-10-10 11:47:41,LONG,24835.5,24835.5,24847.25,REVERSAL,0,1,47.0,235.0,106,47.0,7.0,0.5947307646401145,1434.5,-387.75,0.00815602836879431
899,2025-10-10 11:47:41,24847.25,24847.25,24847.25,0,6885716,6885889,2025-10-10 11:47:41,2025-10-10 11:47:46,SHORT,24847.25,24847.25,24836.5,REVERSAL,0,1,43.0,215.0,173,43.0,14.0,0.5947307646401145,1434.5,-364.25,0.009154929577464777
900,2025-10-10 11:47:46,24836.5,24837.0,24811.5,1111,6887000,6887052,2025-10-10 11:48:09,2025-10-10 11:48:10,LONG,24815.5,24815.5,24825.5,REVERSAL,0,1,40.0,200.0,52,40.0,1.0,0.8934443560324824,1434.5,-427.75,0.010139860139860124
901,2025-10-10 11:48:10,24825.5,24825.5,24825.5,0,6887052,6887171,2025-10-10 11:48:10,2025-10-10 11:48:12,SHORT,24825.5,24825.5,24815.5,REVERSAL,0,1,40.0,200.0,119,40.0,14.0,0.8934443560324824,1434.5,-407.75,0.0111111111111111
902,2025-10-10 11:48:12,24815.5,24815.5,24815.5,0,6887171,6887287,2025-10-10 11:48:12,2025-10-10 11:48:14,LONG,24815.5,24815.5,24825.5,REVERSAL,0,1,40.0,200.0,116,40.0,8.0,0.8934443560324824,1434.5,-427.75,0.012068965517241376
903,2025-10-10 11:48:14,24825.5,24854.0,24810.0,2213,6889500,6890065,2025-10-10 11:48:58,2025-10-10 11:49:09,SHORT,24851.0,24851.0,24841.0,REVERSAL,0,1,40.0,200.0,565,40.0,27.0,0.8947289229043563,1434.5,-356.75,0.013013698630136988
904,2025-10-10 11:49:09,24841.0,24849.5,24831.25,436,6890501,6890746,2025-10-10 11:49:19,2025-10-10 11:49:21,LONG,24838.5,24838.5,24849.25,REVERSAL,0,1,43.0,215.0,245,43.0,15.0,0.5970242674523474,1434.5,-381.75,0.0139455782312925
905,2025-10-10 11:49:21,24849.25,24849.25,24849.25,0,6890746,6890844,2025-10-10 11:49:21,2025-10-10 11:49:23,SHORT,24849.25,24849.25,24839.0,REVERSAL,0,1,41.0,205.0,98,41.0,2.0,0.5970242674523474,1434.5,-360.25,0.014864864864864852
906,2025-10-10 11:49:23,24839.0,24853.5,24824.0,656,6891500,6891728,2025-10-10 11:49:39,2025-10-10 11:49:44,LONG,24829.0,24829.0,24839.0,REVERSAL,0,1,40.0,200.0,228,40.0,28.0,0.4478585793013343,1434.5,-400.75,-0.03422818791946308
907,2025-10-10 11:49:44,24839.0,24839.0,24839.0,0,6891728,6892682,2025-10-10 11:49:44,2025-10-10 11:50:08,SHORT,24839.0,24844.0,24838.5,REVERSAL,1,2,44.0,220.0,954,22.0,40.0,0.4478585793013343,1434.5,-380.75,-0.033333333333333326
908,2025-10-10 11:50:08,24838.5,24846.25,24836.0,278,6892960,6893452,2025-10-10 11:50:12,2025-10-10 11:50:22,SHORT,24846.25,24846.25,24836.25,REVERSAL,0,1,40.0,200.0,492,40.0,28.0,0.7176343143846148,1434.5,-366.25,-0.03245033112582782
909,2025-10-10 11:50:22,24836.25,24908.25,24835.75,4556,6898008,6898671,2025-10-10 11:51:45,2025-10-10 11:51:58,SHORT,24877.0,24882.0,24877.0,REVERSAL,1,2,40.0,200.0,663,20.0,40.0,0.7192194571159342,1434.5,-304.75,-0.08157894736842104
910,2025-10-10 11:51:58,24877.0,24877.0,24877.0,0,6898671,6899063,2025-10-10 11:51:58,2025-10-10 11:52:02,LONG,24877.0,24872.0,24857.0,HARD_STOP,1,2,-120.0,-600.0,392,10.0,60.0,0.8992769369692588,1434.5,-304.75,-0.13071895424836602
911,2025-10-10 11:52:02,24857.0,24878.0,24847.0,1706,6900769,6901034,2025-10-10 11:52:33,2025-10-10 11:52:39,LONG,24862.5,24862.5,24872.5,REVERSAL,0,1,40.0,200.0,265,40.0,30.0,0.8999521715828294,1434.5,-333.75,-0.08636363636363635
912,2025-10-10 11:52:39,24872.5,24876.25,24857.0,466,6901500,6902707,2025-10-10 11:52:51,2025-10-10 11:53:19,SHORT,24871.25,24876.375,24871.5,REVERSAL,1,2,39.0,195.0,1207,27.0,41.0,0.6004787235499652,1434.5,-316.25,-0.08548387096774195
913,2025-10-10 11:53:19,24871.5,24881.5,24870.0,293,6903000,6903241,2025-10-10 11:53:27,2025-10-10 11:53:31,LONG,24871.25,24871.25,24881.25,REVERSAL,0,1,40.0,200.0,241,40.0,5.0,0.5154756602791909,1434.5,-316.25,-0.0846153846153846
914,2025-10-10 11:53:31,24881.25,24881.25,24881.25,0,6903241,6903326,2025-10-10 11:53:31,2025-10-10 11:53:34,SHORT,24881.25,24881.25,24870.0,REVERSAL,0,1,45.0,225.0,85,45.0,0.0,0.5154756602791909,1434.5,-296.25,-0.08375796178343949
915,2025-10-10 11:53:34,24870.0,24871.25,24839.5,1674,6905000,6905256,2025-10-10 11:54:16,2025-10-10 11:54:23,LONG,24843.25,24843.25,24853.5,REVERSAL,0,1,41.0,205.0,256,41.0,16.0,0.7231530126699742,1434.5,-372.25,-0.08291139240506328
916,2025-10-10 11:54:23,24853.5,24883.5,24814.25,3001,6908257,6908471,2025-10-10 11:55:30,2025-10-10 11:55:36,LONG,24819.5,24819.5,24829.5,REVERSAL,0,1,40.0,200.0,214,40.0,16.0,0.517728832087927,1434.5,-419.75,-0.0820754716981132
917,2025-10-10 11:55:36,24829.5,24829.5,24829.5,0,6908471,6909021,2025-10-10 11:55:36,2025-10-10 11:55:51,SHORT,24829.5,24834.625,24828.25,REVERSAL,1,2,51.0,255.0,550,25.5,41.0,0.517728832087927,1434.5,-399.75,-0.08125
918,2025-10-10 11:55:51,24828.25,24834.75,24789.5,1980,6911001,6911115,2025-10-10 11:56:28,2025-10-10 11:56:30,LONG,24792.0,24792.0,24802.0,REVERSAL,0,1,40.0,200.0,114,40.0,0.0,1.8138370736917482,1434.5,-474.75,-0.08043478260869565
919,2025-10-10 11:56:30,24802.0,24802.0,24802.0,0,6911115,6911446,2025-10-10 11:56:30,2025-10-10 11:56:36,SHORT,24802.0,24802.0,24792.0,REVERSAL,0,1,40.0,200.0,331,40.0,0.0,1.8138370736917482,1434.5,-454.75,-0.07962962962962962
920,2025-10-10 11:56:36,24792.0,24818.25,24775.25,3554,6915000,6915607,2025-10-10 11:58:08,2025-10-10 11:58:20,LONG,24775.25,24775.25,24786.0,REVERSAL,0,1,43.0,215.0,607,43.0,12.0,0.5204355183851275,1434.5,-508.25,-0.07883435582822086
921,2025-10-10 11:58:20,24786.0,24837.75,24786.0,1893,6917500,6917793,2025-10-10 11:59:01,2025-10-10 11:59:08,SHORT,24837.75,24837.75,24826.25,REVERSAL,0,1,46.0,230.0,293,46.0,22.0,0.6084136784778322,1434.5,-383.25,-0.07804878048780488
922,2025-10-10 11:59:08,24826.25,24830.5,24798.25,2457,6920250,6920548,2025-10-10 12:00:05,2025-10-10 12:00:10,LONG,24799.25,24799.25,24809.75,REVERSAL,0,1,42.0,210.0,298,42.0,11.0,1.8290881538201267,1434.5,-460.25,-0.07727272727272726
923,2025-10-10 12:00:10,24809.75,24816.75,24790.5,462,6921010,6922028,2025-10-10 12:00:19,2025-10-10 12:00:52,LONG,24794.75,24789.625,24794.5,REVERSAL,1,2,39.0,195.0,1018,30.0,41.0,0.731949552987975,1434.5,-469.25,-0.07650602409638553
924,2025-10-10 12:00:52,24794.5,24813.0,24784.25,1977,6924005,6924385,2025-10-10 12:01:52,2025-10-10 12:02:03,LONG,24795.25,24795.25,24805.5,REVERSAL,0,1,41.0,205.0,380,41.0,32.0,0.5250092172068043,1434.5,-468.25,-0.07574850299401197
925,2025-10-10 12:02:03,24805.5,24811.25,24776.25,2115,6926500,6927739,2025-10-10 12:02:56,2025-10-10 12:03:18,LONG,24777.5,24772.375,24777.25,REVERSAL,1,2,39.0,195.0,1239,24.0,53.5,0.5263597416925669,1434.5,-503.75,-0.075
926,2025-10-10 12:03:18,24777.25,24794.0,24771.25,761,6928500,6928708,2025-10-10 12:03:39,2025-10-10 12:03:44,SHORT,24792.75,24792.75,24782.0,REVERSAL,0,1,43.0,215.0,208,43.0,15.0,0.6146384137805584,1434.5,-473.25,-0.07426035502958579
927,2025-10-10 12:03:44,24782.0,24782.0,24782.0,0,6928708,6929266,2025-10-10 12:03:44,2025-10-10 12:04:01,LONG,24782.0,24776.875,24761.75,HARD_STOP,1,2,-121.0,-605.0,558,14.0,60.5,0.6146384137805584,1434.5,-494.75,-0.07352941176470588
928,2025-10-10 12:04:01,24761.75,24783.5,24753.5,1234,6930500,6930659,2025-10-10 12:04:28,2025-10-10 12:04:33,SHORT,24780.0,24780.0,24770.0,REVERSAL,0,1,40.0,200.0,159,40.0,16.0,0.4616483229701757,1434.5,-498.75,-0.028654970760233905
929,2025-10-10 12:04:33,24770.0,24770.0,24770.0,0,6930659,6931017,2025-10-10 12:04:33,2025-10-10 12:04:48,LONG,24770.0,24770.0,24780.0,REVERSAL,0,1,40.0,200.0,358,40.0,24.0,0.4616483229701757,1434.5,-518.75,-0.027906976744186046
930,2025-10-10 12:04:48,24780.0,24799.0,24777.25,735,6931752,6932952,2025-10-10 12:05:09,2025-10-10 12:05:37,SHORT,24796.75,24801.875,24817.75,HARD_STOP,1,2,-127.0,-635.0,1200,30.0,63.5,0.6166259489837146,1434.5,-465.25,-0.027167630057803455
931,2025-10-10 12:05:37,24817.75,24818.5,24779.0,1801,6934753,6935509,2025-10-10 12:06:23,2025-10-10 12:06:46,LONG,24784.5,24779.0,24764.0,HARD_STOP,1,2,-120.0,-600.0,756,25.0,60.0,0.46387343125229197,1434.5,-489.75,-0.03218390804597701
932,2025-10-10 12:06:46,24764.0,24775.5,24757.0,812,6936321,6936940,2025-10-10 12:07:11,2025-10-10 12:07:33,SHORT,24767.25,24772.25,24787.25,HARD_STOP,1,2,-120.0,-600.0,619,13.0,60.0,0.4131375093756518,1434.5,-524.25,0.012857142857142845
933,2025-10-10 12:07:33,24787.25,24795.5,24782.25,310,6937250,6937560,2025-10-10 12:07:45,2025-10-10 12:07:56,SHORT,24793.25,24793.25,24783.25,REVERSAL,0,1,40.0,200.0,310,40.0,27.0,0.3724113427855885,1434.5,-472.25,0.05795454545454545
934,2025-10-10 12:07:56,24783.25,24813.25,24776.5,2440,6940000,6940182,2025-10-10 12:09:15,2025-10-10 12:09:26,SHORT,24807.75,24807.75,24797.5,REVERSAL,0,1,41.0,205.0,182,41.0,10.0,0.6230350357977213,1434.5,-443.25,0.058757062146892663
935,2025-10-10 12:09:26,24797.5,24797.5,24797.5,0,6940182,6940732,2025-10-10 12:09:26,2025-10-10 12:09:47,LONG,24797.5,24797.5,24807.5,REVERSAL,0,1,40.0,200.0,550,40.0,17.0,0.6230350357977213,1434.5,-463.75,0.05955056179775281
936,2025-10-10 12:09:47,24807.5,24815.25,24754.0,5018,6945750,6945906,2025-10-10 12:12:00,2025-10-10 12:12:03,SHORT,24814.0,24814.0,24803.5,REVERSAL,0,1,42.0,210.0,156,42.0,0.0,0.7516712151570029,1434.5,-430.75,0.06033519553072628
937,2025-10-10 12:12:03,24803.5,24803.5,24803.5,0,6945906,6946052,2025-10-10 12:12:03,2025-10-10 12:12:06,LONG,24803.5,24803.5,24813.75,REVERSAL,0,1,41.0,205.0,146,41.0,10.0,0.7516712151570029,1434.5,-451.75,0.061111111111111116
938,2025-10-10 12:12:06,24813.75,24819.5,24793.75,948,6947000,6947135,2025-10-10 12:12:32,2025-10-10 12:12:37,LONG,24795.75,24795.75,24805.75,REVERSAL,0,1,40.0,200.0,135,40.0,4.0,0.6271663440103376,1434.5,-467.25,0.061878453038674036
939,2025-10-10 12:12:37,24805.75,24805.75,24805.75,0,6947135,6947723,2025-10-10 12:12:37,2025-10-10 12:12:59,SHORT,24805.75,24805.75,24795.75,REVERSAL,0,1,40.0,200.0,588,40.0,26.0,0.6271663440103376,1434.5,-447.25,0.06263736263736264
940,2025-10-10 12:12:59,24795.75,24819.0,24788.25,1277,6949000,6949381,2025-10-10 12:13:45,2025-10-10 12:13:56,SHORT,24816.75,24816.75,24806.75,REVERSAL,0,1,40.0,200.0,381,40.0,21.0,0.3774242533729169,1434.5,-425.25,0.0633879781420765
941,2025-10-10 12:13:56,24806.75,24814.0,24804.0,234,6949615,6951518,2025-10-10 12:14:06,2025-10-10 12:15:24,SHORT,24814.0,24819.0,24814.0,REVERSAL,1,2,40.0,200.0,1903,30.0,49.0,0.755298221494551,1434.5,-430.75,0.06413043478260871
942,2025-10-10 12:15:24,24814.0,24814.5,24803.25,532,6952050,6952321,2025-10-10 12:15:34,2025-10-10 12:15:44,SHORT,24813.25,24813.25,24803.0,REVERSAL,0,1,41.0,205.0,271,41.0,1.0,1.2599567487193406,1434.5,-432.25,0.06486486486486487
943,2025-10-10 12:15:44,24803.0,24817.75,24800.25,429,6952750,6952916,2025-10-10 12:16:03,2025-10-10 12:16:09,LONG,24802.25,24802.25,24812.5,REVERSAL,0,1,41.0,205.0,166,41.0,12.0,0.2702919644294546,1434.5,-454.25,0.06559139784946239
944,2025-10-10 12:16:09,24812.5,24812.5,24812.5,0,6952916,6953306,2025-10-10 12:16:09,2025-10-10 12:16:19,SHORT,24812.5,24812.5,24801.5,REVERSAL,0,1,44.0,220.0,390,44.0,35.0,0.2702919644294546,1434.5,-433.75,0.06631016042780749
945,2025-10-10 12:16:19,24801.5,24804.25,24768.5,1444,6954750,6954927,2025-10-10 12:17:05,2025-10-10 12:17:07,LONG,24770.5,24770.5,24780.5,REVERSAL,0,1,40.0,200.0,177,40.0,22.0,0.3791083333447859,1434.5,-517.75,0.0670212765957447
946,2025-10-10 12:17:07,24780.5,24780.5,24780.5,0,6954927,6955204,2025-10-10 12:17:07,2025-10-10 12:17:14,SHORT,24780.5,24780.5,24770.5,REVERSAL,0,1,40.0,200.0,277,40.0,16.0,0.3791083333447859,1434.5,-497.75,0.06772486772486774
947,2025-10-10 12:17:14,24770.5,24781.5,24760.25,1046,6956250,6956354,2025-10-10 12:18:00,2025-10-10 12:18:01,LONG,24761.0,24761.0,24771.0,REVERSAL,0,1,40.0,200.0,104,40.0,4.0,0.34524326038710906,1434.5,-536.75,0.06842105263157897
948,2025-10-10 12:18:01,24771.0,24771.0,24771.0,0,6956354,6956567,2025-10-10 12:18:01,2025-10-10 12:18:08,SHORT,24771.0,24771.0,24760.75,REVERSAL,0,1,41.0,205.0,213,41.0,4.0,0.34524326038710906,1434.5,-516.75,0.019109947643979053
949,2025-10-10 12:18:08,24760.75,24773.0,24755.25,683,6957250,6957464,2025-10-10 12:18:37,2025-10-10 12:18:48,SHORT,24771.75,24771.75,24761.75,REVERSAL,0,1,40.0,200.0,214,40.0,16.0,0.34570486164789743,1434.5,-515.25,0.019791666666666652
950,2025-10-10 12:18:48,24761.75,24761.75,24761.75,0,6957464,6958315,2025-10-10 12:18:48,2025-10-10 12:19:08,LONG,24761.75,24756.75,24762.0,REVERSAL,1,2,42.0,210.0,851,21.0,50.0,0.34570486164789743,1434.5,-535.25,0.020466321243523322
951,2025-10-10 12:19:08,24762.0,24789.5,24754.25,2185,6960500,6960618,2025-10-10 12:20:21,2025-10-10 12:20:28,LONG,24768.5,24768.5,24778.5,REVERSAL,0,1,40.0,200.0,118,40.0,11.0,0.6355287194169434,1434.5,-521.75,-0.02886597938144328
952,2025-10-10 12:20:28,24778.5,24778.5,24778.5,0,6960618,6960862,2025-10-10 12:20:28,2025-10-10 12:20:41,SHORT,24778.5,24778.5,24768.5,REVERSAL,0,1,40.0,200.0,244,40.0,11.0,0.6355287194169434,1434.5,-501.75,-0.07820512820512819
953,2025-10-10 12:20:41,24768.5,24848.0,24743.0,5893,6966755,6967554,2025-10-10 12:23:35,2025-10-10 12:23:57,SHORT,24845.0,24845.0,24834.5,REVERSAL,0,1,42.0,210.0,799,42.0,4.0,1.2786551251442315,1434.5,-368.75,-0.12755102040816327
954,2025-10-10 12:23:57,24834.5,24837.0,24824.25,446,6968000,6968210,2025-10-10 12:24:13,2025-10-10 12:24:21,LONG,24825.25,24825.25,24835.5,REVERSAL,0,1,41.0,205.0,210,41.0,1.0,0.38410468382657825,1434.5,-408.25,-0.12690355329949238
955,2025-10-10 12:24:21,24835.5,24835.5,24835.5,0,6968210,6968567,2025-10-10 12:24:21,2025-10-10 12:24:39,SHORT,24835.5,24835.5,24825.0,REVERSAL,0,1,42.0,210.0,357,42.0,14.0,0.38410468382657825,1434.5,-387.75,-0.12626262626262627
956,2025-10-10 12:24:39,24825.0,24827.5,24793.25,1183,6969750,6969891,2025-10-10 12:25:16,2025-10-10 12:25:23,LONG,24795.0,24795.0,24805.0,REVERSAL,0,1,40.0,200.0,141,40.0,7.0,0.48126755958015394,1434.5,-468.75,-0.12562814070351758
957,2025-10-10 12:25:23,24805.0,24805.0,24805.0,0,6969891,6970665,2025-10-10 12:25:23,2025-10-10 12:25:57,SHORT,24805.0,24810.0,24804.75,REVERSAL,1,2,42.0,210.0,774,30.0,51.0,0.48126755958015394,1434.5,-448.75,-0.125
958,2025-10-10 12:25:57,24804.75,24804.75,24804.75,0,6970665,6970874,2025-10-10 12:25:57,2025-10-10 12:26:07,LONG,24804.75,24804.75,24814.75,REVERSAL,0,1,40.0,200.0,209,40.0,7.0,0.35041109058637704,1434.5,-449.25,-0.12437810945273632
959,2025-10-10 12:26:07,24814.75,24824.5,24799.0,1376,6972250,6972412,2025-10-10 12:27:15,2025-10-10 12:27:29,SHORT,24814.25,24814.25,24804.25,REVERSAL,0,1,40.0,200.0,162,40.0,4.0,0.2973292921425075,1434.5,-430.25,-0.12376237623762376
960,2025-10-10 12:27:29,24804.25,24804.25,24804.25,0,6972412,6972785,2025-10-10 12:27:29,2025-10-10 12:27:53,LONG,24804.25,24804.25,24815.0,REVERSAL,0,1,43.0,215.0,373,43.0,17.0,0.2973292921425075,1434.5,-450.25,-0.12315270935960591
961,2025-10-10 12:27:53,24815.0,24816.75,24789.0,715,6973500,6973693,2025-10-10 12:28:25,2025-10-10 12:28:34,LONG,24790.25,24790.25,24800.25,REVERSAL,0,1,40.0,200.0,193,40.0,4.0,0.43037062400698267,1434.5,-478.25,-0.12254901960784313
962,2025-10-10 12:28:34,24800.25,24800.25,24800.25,0,6973693,6973884,2025-10-10 12:28:34,2025-10-10 12:28:46,SHORT,24800.25,24800.25,24790.25,REVERSAL,0,1,40.0,200.0,191,40.0,18.0,0.43037062400698267,1434.5,-458.25,-0.12195121951219512
963,2025-10-10 12:28:46,24790.25,24834.5,24766.25,10420,6984304,6985767,2025-10-10 12:35:05,2025-10-10 12:35:40,LONG,24773.0,24768.0,24773.0,REVERSAL,1,2,40.0,200.0,1463,20.0,46.0,0.6539662441510149,1434.5,-512.75,-0.12135922330097088
964,2025-10-10 12:35:40,24773.0,24785.25,24772.25,235,6986002,6986700,2025-10-10 12:35:44,2025-10-10 12:36:08,LONG,24775.0,24775.0,24785.0,REVERSAL,0,1,40.0,200.0,698,40.0,31.0,0.43640955790217734,1434.5,-508.75,-0.12077294685990338
965,2025-10-10 12:36:08,24785.0,24805.25,24761.0,4820,6991520,6992293,2025-10-10 12:39:24,2025-10-10 12:40:02,LONG,24776.5,24776.5,24786.75,REVERSAL,0,1,41.0,205.0,773,41.0,9.0,0.494520789460703,1434.5,-505.75,-0.1201923076923077
966,2025-10-10 12:40:02,24786.75,24790.75,24779.25,957,6993250,6993503,2025-10-10 12:40:35,2025-10-10 12:40:42,SHORT,24789.75,24789.75,24779.5,REVERSAL,0,1,41.0,205.0,253,41.0,7.0,0.4406085671165415,1434.5,-479.25,-0.11961722488038277
967,2025-10-10 12:40:42,24779.5,24787.0,24763.0,1997,6995500,6995732,2025-10-10 12:42:02,2025-10-10 12:42:12,SHORT,24777.0,24777.0,24766.75,REVERSAL,0,1,41.0,205.0,232,41.0,0.0,0.39770821456770994,1434.5,-504.75,-0.11904761904761904
968,2025-10-10 12:42:12,24766.75,24766.75,24766.75,0,6995732,6996171,2025-10-10 12:42:12,2025-10-10 12:42:26,LONG,24766.75,24766.75,24776.75,REVERSAL,0,1,40.0,200.0,439,40.0,11.0,0.39770821456770994,1434.5,-525.25,-0.11848341232227488
969,2025-10-10 12:42:26,24776.75,24777.75,24752.25,829,6997000,6998724,2025-10-10 12:42:54,2025-10-10 12:43:35,LONG,24752.5,24747.5,24732.25,HARD_STOP,1,2,-122.0,-610.0,1724,12.0,61.0,0.39842050217843916,1434.5,-553.75,-0.1179245283018868
970,2025-10-10 12:43:35,24732.25,24749.0,24723.75,2526,7001250,7002100,2025-10-10 12:45:03,2025-10-10 12:45:35,LONG,24730.0,24730.0,24740.0,REVERSAL,0,1,40.0,200.0,850,40.0,12.0,0.3999909679656624,1434.5,-598.75,-0.07206572769953051
971,2025-10-10 12:45:35,24740.0,24759.75,24695.0,6150,7008250,7012332,2025-10-10 12:48:25,2025-10-10 12:50:42,LONG,24696.75,24691.75,24676.75,HARD_STOP,1,2,-120.0,-600.0,4082,39.0,60.0,1.3379132212755402,1434.5,-665.25,-0.07149532710280374
972,2025-10-10 12:50:42,24676.75,24692.75,24675.0,918,7013250,7014105,2025-10-10 12:51:16,2025-10-10 12:51:40,SHORT,24691.75,24696.75,24691.0,REVERSAL,1,2,46.0,230.0,855,36.0,40.0,0.2689498205518188,1434.5,-675.25,-0.025581395348837216
973,2025-10-10 12:51:40,24691.0,24693.75,24676.25,895,7015000,7016277,2025-10-10 12:52:18,2025-10-10 12:53:02,LONG,24676.25,24671.25,24676.5,REVERSAL,1,2,42.0,210.0,1277,36.0,40.0,0.336832794063569,1434.5,-706.25,-0.024999999999999994
974,2025-10-10 12:53:02,24676.5,24683.5,24673.5,492,7016769,7017159,2025-10-10 12:53:16,2025-10-10 12:53:25,SHORT,24683.5,24683.5,24673.5,REVERSAL,0,1,40.0,200.0,390,40.0,1.0,0.44981271161310493,1443.5,-687.25,-0.02442396313364055
975,2025-10-10 12:53:25,24673.5,24695.25,24660.25,5591,7022750,7022863,2025-10-10 12:57:28,2025-10-10 12:57:32,LONG,24676.75,24676.75,24686.75,REVERSAL,0,1,40.0,200.0,113,40.0,4.0,0.3397666161118968,1455.5,-694.75,-0.023853211009174313
976,2025-10-10 12:57:32,24686.75,24686.75,24686.75,0,7022863,7023100,2025-10-10 12:57:32,2025-10-10 12:57:44,SHORT,24686.75,24686.75,24676.75,REVERSAL,0,1,40.0,200.0,237,40.0,3.0,0.3397666161118968,1455.5,-674.75,-0.0232876712328767
977,2025-10-10 12:57:44,24676.75,24678.5,24649.5,2150,7025250,7025862,2025-10-10 12:59:03,2025-10-10 12:59:21,LONG,24651.25,24651.25,24661.25,REVERSAL,0,1,40.0,200.0,612,40.0,15.0,0.29202733501753014,1481.0,-733.0,-0.02272727272727272
978,2025-10-10 12:59:21,24661.25,24663.75,24653.75,247,7026109,7026316,2025-10-10 12:59:31,2025-10-10 12:59:44,LONG,24653.75,24653.75,24663.75,REVERSAL,0,1,40.0,200.0,207,40.0,3.0,0.5113932626898572,1481.0,-728.0,-0.022171945701357457
979,2025-10-10 12:59:44,24663.75,24670.75,24660.75,243,7026559,7027177,2025-10-10 12:59:52,2025-10-10 13:00:07,LONG,24660.75,24655.5,24640.5,HARD_STOP,1,2,-120.0,-600.0,618,11.0,60.0,0.25585523888271516,1481.0,-714.0,-0.021621621621621623
980,2025-10-10 13:00:07,24640.5,24648.25,24638.25,240,7027417,7028070,2025-10-10 13:00:11,2025-10-10 13:00:34,SHORT,24648.25,24653.25,24668.25,HARD_STOP,1,2,-120.0,-600.0,653,1.0,60.0,0.8189147641482957,1499.5,-729.75,0.024439461883408065
981,2025-10-10 13:00:34,24668.25,24678.25,24639.5,1180,7029250,7029457,2025-10-10 13:01:15,2025-10-10 13:01:20,LONG,24640.5,24640.5,24650.5,REVERSAL,0,1,40.0,200.0,207,40.0,3.0,0.37293671638485504,1499.5,-745.25,0.07053571428571428
982,2025-10-10 13:01:20,24650.5,24650.5,24650.5,0,7029457,7029915,2025-10-10 13:01:20,2025-10-10 13:01:49,SHORT,24650.5,24650.5,24640.5,REVERSAL,0,1,40.0,200.0,458,40.0,23.0,0.37293671638485504,1499.5,-725.25,0.07111111111111112
983,2025-10-10 13:01:49,24640.5,24651.5,24623.0,1835,7031750,7034185,2025-10-10 13:03:03,2025-10-10 13:04:37,LONG,24623.0,24623.0,24633.0,REVERSAL,0,1,40.0,200.0,2435,40.0,25.0,0.822648666977266,1536.0,-762.0,0.07168141592920355
984,2025-10-10 13:04:37,24633.0,24635.0,24624.75,252,7034437,7036358,2025-10-10 13:04:47,2025-10-10 13:06:14,LONG,24624.75,24619.75,24625.0,REVERSAL,1,2,42.0,210.0,1921,36.0,40.0,0.34377933260168153,1542.5,-755.25,0.07224669603524231
985,2025-10-10 13:06:14,24625.0,24664.5,24604.0,7642,7044000,7044662,2025-10-10 13:11:54,2025-10-10 13:12:13,SHORT,24664.5,24664.5,24654.5,REVERSAL,0,1,40.0,200.0,662,40.0,16.0,1.0419016015064926,1568.0,-663.0,0.07280701754385965
986,2025-10-10 13:12:13,24654.5,24656.75,24645.75,591,7045253,7045303,2025-10-10 13:12:34,2025-10-10 13:12:37,SHORT,24656.25,24656.25,24646.0,REVERSAL,0,1,41.0,205.0,50,41.0,3.0,0.46360290564540213,1568.0,-679.5,0.07336244541484718
987,2025-10-10 13:12:37,24646.0,24646.0,24646.0,0,7045303,7046845,2025-10-10 13:12:37,2025-10-10 13:13:51,LONG,24646.0,24641.0,24625.75,HARD_STOP,1,2,-122.0,-610.0,1542,30.0,61.0,0.46360290564540213,1568.0,-700.0,0.07391304347826089
988,2025-10-10 13:13:51,24625.75,24633.5,24605.25,1905,7048750,7049090,2025-10-10 13:14:42,2025-10-10 13:14:54,LONG,24612.5,24612.5,24622.5,REVERSAL,0,1,40.0,200.0,340,40.0,1.0,0.5229832765495924,1568.0,-767.0,0.12012987012987014
989,2025-10-10 13:14:54,24622.5,24671.75,24616.0,4646,7053736,7054290,2025-10-10 13:18:02,2025-10-10 13:18:20,SHORT,24669.75,24669.75,24659.75,REVERSAL,0,1,40.0,200.0,554,40.0,19.0,0.6007126145928386,1568.0,-652.5,0.12068965517241378
990,2025-10-10 13:18:20,24659.75,24668.5,24645.0,960,7055250,7056067,2025-10-10 13:18:57,2025-10-10 13:19:38,LONG,24645.75,24645.75,24656.0,REVERSAL,0,1,41.0,205.0,817,41.0,20.0,0.8425298896188327,1568.0,-700.5,0.07124463519313307
991,2025-10-10 13:19:38,24656.0,24685.5,24621.5,5433,7061500,7063000,2025-10-10 13:23:18,2025-10-10 13:24:27,SHORT,24684.0,24684.0,24673.75,REVERSAL,0,1,41.0,205.0,1500,41.0,19.0,0.3534135125455707,1568.0,-624.0,0.07179487179487182
992,2025-10-10 13:24:27,24673.75,24686.0,24663.75,2250,7065250,7065638,2025-10-10 13:26:22,2025-10-10 13:26:45,SHORT,24682.25,24682.25,24672.25,REVERSAL,0,1,40.0,200.0,388,40.0,9.0,0.32774078689332176,1568.0,-627.5,0.022340425531914898
993,2025-10-10 13:26:45,24672.25,24678.25,24668.0,135,7065773,7067193,2025-10-10 13:26:50,2025-10-10 13:27:52,SHORT,24678.25,24683.25,24698.25,HARD_STOP,1,2,-120.0,-600.0,1420,17.0,60.0,0.26647053913629265,1568.0,-635.5,0.02288135593220339
994,2025-10-10 13:27:52,24698.25,24727.0,24688.25,5307,7072500,7073178,2025-10-10 13:30:23,2025-10-10 13:30:50,SHORT,24727.0,24727.0,24717.0,REVERSAL,0,1,40.0,200.0,678,40.0,12.0,0.6110518716368504,1568.0,-538.0,0.06919831223628692
995,2025-10-10 13:30:50,24717.0,24720.0,24696.0,2072,7075250,7075475,2025-10-10 13:31:59,2025-10-10 13:32:08,SHORT,24711.0,24711.0,24701.0,REVERSAL,0,1,40.0,200.0,225,40.0,1.0,0.32984394006152123,1568.0,-570.0,0.06974789915966387
996,2025-10-10 13:32:08,24701.0,24701.0,24701.0,0,7075475,7076263,2025-10-10 13:32:08,2025-10-10 13:32:42,LONG,24701.0,24701.0,24711.0,REVERSAL,0,1,40.0,200.0,788,40.0,27.0,0.32984394006152123,1568.0,-590.0,0.07029288702928871
997,2025-10-10 13:32:42,24711.0,24720.0,24706.75,737,7077000,7078334,2025-10-10 13:33:19,2025-10-10 13:34:10,SHORT,24719.0,24724.0,24739.0,HARD_STOP,1,2,-120.0,-600.0,1334,31.0,60.0,0.4774142486697992,1568.0,-554.0,0.07083333333333333
998,2025-10-10 13:34:10,24739.0,24751.0,24710.25,10416,7088750,7090014,2025-10-10 13:41:13,2025-10-10 13:42:35,SHORT,24739.25,24739.25,24729.25,REVERSAL,0,1,40.0,200.0,1264,40.0,19.0,0.48230480725795055,1568.0,-513.5,0.11721991701244813
999,2025-10-10 13:42:35,24729.25,24729.25,24719.0,423,7090437,7091091,2025-10-10 13:42:53,2025-10-10 13:43:31,SHORT,24729.0,24729.0,24719.0,REVERSAL,0,1,40.0,200.0,654,40.0,26.0,0.4832166687815196,1568.0,-534.0,0.11776859504132231
1000,2025-10-10 13:43:31,24719.0,24731.0,24714.5,909,7092000,7092183,2025-10-10 13:44:21,2025-10-10 13:44:31,SHORT,24730.5,24730.5,24720.5,REVERSAL,0,1,40.0,200.0,183,40.0,7.0,0.27240103613309996,1568.0,-531.0,0.06831275720164609
1001,2025-10-10 13:44:31,24720.5,24720.5,24720.5,0,7092183,7094321,2025-10-10 13:44:31,2025-10-10 13:46:11,LONG,24720.5,24715.5,24700.5,HARD_STOP,1,2,-120.0,-600.0,2138,0.0,60.0,0.27240103613309996,1568.0,-551.0,0.01885245901639343
1002,2025-10-10 13:46:11,24700.5,24704.25,24664.25,1679,7096000,7097139,2025-10-10 13:46:44,2025-10-10 13:47:08,LONG,24665.0,24665.0,24675.0,REVERSAL,0,1,40.0,200.0,1139,40.0,13.0,1.0923539837944785,1568.0,-662.0,0.0653061224489796
1003,2025-10-10 13:47:08,24675.0,24686.0,24675.0,361,7097500,7100114,2025-10-10 13:47:17,2025-10-10 13:48:20,SHORT,24686.0,24691.0,24706.0,HARD_STOP,1,2,-120.0,-600.0,2614,34.0,60.0,0.8742156329388505,1568.0,-620.0,0.06585365853658537
1004,2025-10-10 13:48:20,24706.0,24715.5,24700.5,636,7100750,7100916,2025-10-10 13:48:32,2025-10-10 13:48:35,SHORT,24715.5,24715.5,24705.5,REVERSAL,0,1,40.0,200.0,166,40.0,1.0,0.8747614776049657,1568.0,-561.0,0.11234817813765183
1005,2025-10-10 13:48:35,24705.5,24705.5,24705.5,0,7100916,7101709,2025-10-10 13:48:35,2025-10-10 13:49:03,LONG,24705.5,24700.5,24705.5,REVERSAL,1,2,40.0,200.0,793,20.0,40.0,0.8747614776049657,1568.0,-581.0,0.11290322580645162
1006,2025-10-10 13:49:03,24705.5,24705.5,24695.5,149,7101858,7101961,2025-10-10 13:49:09,2025-10-10 13:49:15,LONG,24695.5,24695.5,24705.5,REVERSAL,0,1,40.0,200.0,103,40.0,3.0,0.43770864660486003,1568.0,-601.0,0.11345381526104417
1007,2025-10-10 13:49:15,24705.5,24705.5,24705.5,0,7101961,7102368,2025-10-10 13:49:15,2025-10-10 13:49:35,SHORT,24705.5,24705.5,24695.5,REVERSAL,0,1,40.0,200.0,407,40.0,1.0,0.43770864660486003,1568.0,-581.0,0.11399999999999999
1008,2025-10-10 13:49:35,24695.5,24703.5,24678.25,1382,7103750,7104035,2025-10-10 13:50:27,2025-10-10 13:50:36,LONG,24682.25,24682.25,24692.5,REVERSAL,0,1,41.0,205.0,285,41.0,0.0,0.7309695011137285,1568.0,-627.5,0.06454183266932273
1009,2025-10-10 13:50:36,24692.5,24696.25,24651.75,5465,7109500,7110523,2025-10-10 13:55:34,2025-10-10 13:56:26,SHORT,24676.5,24676.5,24666.0,REVERSAL,0,1,42.0,210.0,1023,42.0,30.0,0.49049532944555224,1568.0,-639.0,0.0650793650793651
1010,2025-10-10 13:56:26,24666.0,24684.25,24646.0,5235,7115758,7117304,2025-10-10 14:00:58,2025-10-10 14:02:35,LONG,24655.0,24650.0,24655.75,REVERSAL,1,2,46.0,230.0,1546,37.0,40.0,0.37050134082795905,1568.0,-682.0,0.06561264822134388
1011,2025-10-10 14:02:35,24655.75,24663.75,24652.5,452,7117756,7118167,2025-10-10 14:02:46,2025-10-10 14:03:06,SHORT,24662.5,24662.5,24652.5,REVERSAL,0,1,40.0,200.0,411,40.0,14.0,0.5569957505080435,1568.0,-667.0,0.06614173228346457
1012,2025-10-10 14:03:06,24652.5,24655.75,24642.75,836,7119003,7120169,2025-10-10 14:03:42,2025-10-10 14:05:14,SHORT,24652.75,24657.75,24652.25,REVERSAL,1,2,44.0,220.0,1166,34.0,40.0,0.40550244863283513,1568.0,-686.5,0.06666666666666668
1013,2025-10-10 14:05:14,24652.25,24685.0,24648.0,4331,7124500,7124697,2025-10-10 14:09:39,2025-10-10 14:09:56,LONG,24655.0,24655.0,24665.0,REVERSAL,0,1,40.0,200.0,197,40.0,0.0,0.2041276502491613,1568.0,-682.0,0.06718750000000001
1014,2025-10-10 14:09:56,24665.0,24665.0,24665.0,0,7124697,7125822,2025-10-10 14:09:56,2025-10-10 14:11:16,SHORT,24665.0,24670.0,24665.0,REVERSAL,1,2,40.0,200.0,1125,34.0,53.0,0.2041276502491613,1568.0,-662.0,0.017704280155642016
1015,2025-10-10 14:11:16,24665.0,24705.0,24651.25,6178,7132000,7132706,2025-10-10 14:18:17,2025-10-10 14:19:01,LONG,24664.0,24659.0,24664.0,REVERSAL,1,2,40.0,200.0,706,22.0,40.0,1.1330007464847223,1568.0,-664.0,0.018217054263565874
1016,2025-10-10 14:19:01,24664.0,24718.5,24658.25,4294,7137000,7137428,2025-10-10 14:22:58,2025-10-10 14:23:05,SHORT,24716.25,24716.25,24706.25,REVERSAL,0,1,40.0,200.0,428,40.0,2.0,0.28463352234912753,1568.0,-559.5,0.018725868725868733
1017,2025-10-10 14:23:05,24706.25,24711.25,24695.75,623,7138051,7138737,2025-10-10 14:23:51,2025-10-10 14:24:49,LONG,24698.5,24698.5,24708.5,REVERSAL,0,1,40.0,200.0,686,40.0,30.0,0.25322024908712126,1568.0,-595.0,0.019230769230769218
1018,2025-10-10 14:24:49,24708.5,24717.5,24700.75,1013,7139750,7140074,2025-10-10 14:26:08,2025-10-10 14:26:39,LONG,24701.0,24701.0,24711.25,REVERSAL,0,1,41.0,205.0,324,41.0,12.0,0.14736771531559595,1568.0,-590.0,-0.03026819923371646
1019,2025-10-10 14:26:39,24711.25,24713.75,24703.5,356,7140430,7140964,2025-10-10 14:27:06,2025-10-10 14:27:57,LONG,24703.5,24698.5,24703.5,REVERSAL,1,2,40.0,200.0,534,24.0,40.0,0.20779774850559413,1568.0,-585.0,-0.029770992366412202
1020,2025-10-10 14:27:57,24703.5,24704.5,24683.0,786,7141750,7143383,2025-10-10 14:28:46,2025-10-10 14:30:08,LONG,24683.0,24678.0,24683.0,REVERSAL,1,2,40.0,200.0,1633,24.0,54.0,0.3053330696751511,1568.0,-626.0,-0.029277566539923944
1021,2025-10-10 14:30:08,24683.0,24687.25,24677.0,162,7143545,7146194,2025-10-10 14:30:12,2025-10-10 14:33:31,LONG,24677.0,24672.0,24677.0,REVERSAL,1,2,40.0,200.0,2649,35.0,51.0,0.7644789039345432,1568.0,-638.0,-0.02878787878787878
1022,2025-10-10 14:33:31,24677.0,24683.5,24644.75,2056,7148250,7149352,2025-10-10 14:36:00,2025-10-10 14:37:35,LONG,24648.0,24648.0,24658.0,REVERSAL,0,1,40.0,200.0,1102,40.0,13.0,0.27142355116919553,1568.0,-696.0,-0.07830188679245283
1023,2025-10-10 14:37:35,24658.0,24662.0,24650.5,401,7149753,7150029,2025-10-10 14:38:31,2025-10-10 14:38:51,SHORT,24660.5,24660.5,24650.5,REVERSAL,0,1,40.0,200.0,276,40.0,20.0,0.1401097148827268,1568.0,-671.0,-0.07781954887218044
1024,2025-10-10 14:38:51,24650.5,24659.5,24645.0,471,7150500,7150786,2025-10-10 14:39:45,2025-10-10 14:40:04,LONG,24648.5,24648.5,24658.5,REVERSAL,0,1,40.0,200.0,286,40.0,6.0,0.1492999692566185,1568.0,-695.0,-0.12734082397003746
1025,2025-10-10 14:40:04,24658.5,24662.75,24612.0,7964,7158750,7162409,2025-10-10 14:48:20,2025-10-10 14:51:18,LONG,24612.0,24612.0,24622.0,REVERSAL,0,1,40.0,200.0,3659,40.0,34.0,1.5542919355323463,1568.0,-768.0,-0.12686567164179105
1026,2025-10-10 14:51:18,24622.0,24622.25,24602.5,591,7163000,7163220,2025-10-10 14:51:53,2025-10-10 14:52:05,LONG,24602.5,24602.5,24612.5,REVERSAL,0,1,40.0,200.0,220,40.0,0.0,0.31163542023926855,1571.0,-785.5,-0.12639405204460966
1027,2025-10-10 14:52:05,24612.5,24612.5,24612.5,0,7163220,7163723,2025-10-10 14:52:05,2025-10-10 14:52:27,SHORT,24612.5,24612.5,24602.5,REVERSAL,0,1,40.0,200.0,503,40.0,4.0,0.31163542023926855,1571.0,-765.5,-0.1259259259259259
1028,2025-10-10 14:52:27,24602.5,24602.5,24572.0,4283,7168006,7168699,2025-10-10 14:54:49,2025-10-10 14:55:18,LONG,24578.5,24578.5,24588.5,REVERSAL,0,1,40.0,200.0,693,40.0,20.0,0.31258594147594,1632.0,-803.0,-0.12546125461254612
1029,2025-10-10 14:55:18,24588.5,24607.5,24582.5,2551,7171250,7173382,2025-10-10 14:56:47,2025-10-10 14:59:01,LONG,24590.5,24585.5,24590.5,REVERSAL,1,2,40.0,200.0,2132,27.0,40.0,0.4700452696420223,1632.0,-779.0,-0.125
1030,2025-10-10 14:59:01,24590.5,24635.75,24585.25,4118,7177500,7178380,2025-10-10 15:01:15,2025-10-10 15:02:07,LONG,24605.5,24605.5,24615.75,REVERSAL,0,1,41.0,205.0,880,41.0,24.0,0.6731801181513649,1632.0,-749.0,-0.12454212454212454
1031,2025-10-10 15:02:07,24615.75,24623.0,24595.5,2620,7181000,7181344,2025-10-10 15:04:51,2025-10-10 15:05:14,SHORT,24621.75,24621.75,24611.75,REVERSAL,0,1,40.0,200.0,344,40.0,8.0,0.17516076164779465,1632.0,-716.5,-0.12408759124087591
1032,2025-10-10 15:05:14,24611.75,24624.5,24563.75,6129,7187473,7188885,2025-10-10 15:12:02,2025-10-10 15:12:50,LONG,24566.5,24561.5,24566.5,REVERSAL,1,2,40.0,200.0,1412,20.0,40.0,1.1899222988139653,1648.5,-818.75,-0.12363636363636364
1033,2025-10-10 15:12:50,24566.5,24584.25,24564.0,865,7189750,7190008,2025-10-10 15:13:21,2025-10-10 15:13:36,SHORT,24582.25,24582.25,24572.0,REVERSAL,0,1,41.0,205.0,258,41.0,1.0,0.5297987818928723,1666.0,-778.5,-0.12318840579710146
1034,2025-10-10 15:13:36,24572.0,24574.75,24564.75,383,7190391,7190508,2025-10-10 15:13:57,2025-10-10 15:14:02,LONG,24564.75,24564.75,24574.75,REVERSAL,0,1,40.0,200.0,117,40.0,4.0,0.3180451440494943,1666.0,-813.5,-0.12274368231046931
1035,2025-10-10 15:14:02,24574.75,24587.25,24563.0,2333,7192841,7194715,2025-10-10 15:16:07,2025-10-10 15:17:58,SHORT,24584.25,24584.25,24574.25,REVERSAL,0,1,40.0,200.0,1874,40.0,24.0,0.5313687457747482,1666.0,-774.5,-0.1223021582733813
1036,2025-10-10 15:17:58,24574.25,24589.75,24549.25,6760,7201475,7203642,2025-10-10 15:25:18,2025-10-10 15:27:17,LONG,24558.75,24553.75,24538.75,HARD_STOP,1,2,-120.0,-600.0,2167,27.0,60.0,0.34464338895125196,1677.5,-819.75,-0.12186379928315412
1037,2025-10-10 15:27:17,24538.75,24543.0,24512.0,4858,7208500,7210094,2025-10-10 15:30:12,2025-10-10 15:31:30,SHORT,24539.5,24539.5,24529.5,REVERSAL,0,1,40.0,200.0,1594,40.0,27.0,1.2114879944353172,1752.0,-821.0,-0.075
1038,2025-10-10 15:31:30,24529.5,24537.75,24492.25,5156,7215250,7216673,2025-10-10 15:35:23,2025-10-10 15:36:15,LONG,24494.5,24489.5,24494.5,REVERSAL,1,2,40.0,200.0,1423,30.0,40.0,1.2168641617603373,1791.5,-891.25,-0.07455516014234875
1039,2025-10-10 15:36:15,24494.5,24497.25,24480.5,1577,7218250,7220392,2025-10-10 15:37:22,2025-10-10 15:38:38,LONG,24482.5,24477.5,24462.5,HARD_STOP,1,2,-120.0,-600.0,2142,25.0,60.0,0.37521733244220673,1815.0,-903.5,-0.07411347517730496
1040,2025-10-10 15:38:38,24462.5,24463.75,24447.0,1608,7222000,7222501,2025-10-10 15:39:08,2025-10-10 15:39:21,SHORT,24459.75,24459.75,24449.75,REVERSAL,0,1,40.0,200.0,501,40.0,10.0,2.4405944220004816,1882.0,-915.5,-0.027208480565371007
1041,2025-10-10 15:39:21,24449.75,24449.75,24449.75,0,7222501,7222705,2025-10-10 15:39:21,2025-10-10 15:39:27,LONG,24449.75,24449.75,24459.75,REVERSAL,0,1,40.0,200.0,204,40.0,5.0,1.2204064760374065,1882.0,-935.5,-0.026760563380281682
1042,2025-10-10 15:39:27,24459.75,24459.75,24459.75,0,7222705,7224476,2025-10-10 15:39:27,2025-10-10 15:40:10,SHORT,24459.75,24464.75,24480.0,HARD_STOP,1,2,-122.0,-610.0,1771,32.0,61.0,1.2204064760374065,1882.0,-915.5,-0.02631578947368421
1043,2025-10-10 15:40:10,24480.0,24495.75,24474.25,2024,7226500,7228678,2025-10-10 15:40:53,2025-10-10 15:41:52,SHORT,24494.0,24499.125,24514.25,HARD_STOP,1,2,-121.0,-605.0,2178,38.0,60.5,0.6973003994454013,1882.0,-847.0,0.02062937062937062
1044,2025-10-10 15:41:52,24514.25,24519.75,24494.0,1346,7230024,7230429,2025-10-10 15:42:27,2025-10-10 15:42:47,LONG,24497.0,24497.0,24507.5,REVERSAL,0,1,42.0,210.0,405,42.0,4.0,0.6107409732217216,1882.0,-841.0,0.06759581881533103
1045,2025-10-10 15:42:47,24507.5,24553.75,24498.0,5324,7235753,7237054,2025-10-10 15:45:38,2025-10-10 15:46:18,SHORT,24541.5,24541.5,24531.5,REVERSAL,0,1,40.0,200.0,1301,40.0,20.0,0.8166673761942458,1882.0,-752.0,0.06805555555555556
1046,2025-10-10 15:46:18,24531.5,24547.5,24520.25,2196,7239250,7239704,2025-10-10 15:47:26,2025-10-10 15:47:44,SHORT,24547.25,24547.25,24537.25,REVERSAL,0,1,40.0,200.0,454,40.0,0.0,0.5451465771821324,1882.0,-740.5,0.06851211072664362
1047,2025-10-10 15:47:44,24537.25,24551.0,24529.25,1548,7241252,7242647,2025-10-10 15:48:30,2025-10-10 15:49:30,SHORT,24541.5,24546.5,24541.5,REVERSAL,1,2,40.0,200.0,1395,20.0,41.0,0.4910015006625687,1882.0,-752.0,0.06896551724137931
3159,2025-11-10 09:30:00,25538.75,25582.75,25525.25,8143,18328750,18329179,2025-11-10 09:31:10,2025-11-10 09:31:15,SHORT,25581.25,25581.25,25571.25,REVERSAL,0,1,40.0,200.0,429,40.0,14.0,1.0276243093922652,238.0,105.0,
3160,2025-11-10 09:31:15,25571.25,25582.5,25561.0,2571,18331750,18332495,2025-11-10 09:32:03,2025-11-10 09:32:18,SHORT,25580.0,25580.0,25570.0,REVERSAL,0,1,40.0,200.0,745,40.0,4.0,0.47708360850614184,238.0,100.0,
3161,2025-11-10 09:32:18,25570.0,25599.25,25561.75,9755,18342250,18344518,2025-11-10 09:35:52,2025-11-10 09:36:44,SHORT,25598.25,25598.25,25588.25,REVERSAL,0,1,40.0,200.0,2268,40.0,21.0,0.6362974735247374,308.0,138.0,
3162,2025-11-10 09:36:44,25588.25,25604.75,25586.25,2124,18346642,18347391,2025-11-10 09:37:51,2025-11-10 09:38:22,SHORT,25602.0,25602.0,25592.0,REVERSAL,0,1,40.0,200.0,749,40.0,3.0,0.3424871087660391,318.0,148.0,
3163,2025-11-10 09:38:22,25592.0,25625.0,25592.0,7859,18355250,18356002,2025-11-10 09:42:12,2025-11-10 09:42:28,SHORT,25625.0,25625.0,25615.0,REVERSAL,0,1,40.0,200.0,752,40.0,11.0,0.35597624350408313,410.0,194.0,
3164,2025-11-10 09:42:28,25615.0,25640.0,25610.0,5998,18362000,18367112,2025-11-10 09:45:01,2025-11-10 09:47:18,SHORT,25634.0,25639.0,25634.0,REVERSAL,1,2,40.0,200.0,5112,22.0,40.0,0.5770571764714297,459.0,205.5,
3165,2025-11-10 09:47:18,25634.0,25637.0,25593.0,6888,18374000,18375821,2025-11-10 09:50:22,2025-11-10 09:51:13,LONG,25593.0,25593.0,25603.0,REVERSAL,0,1,40.0,200.0,1821,40.0,6.0,1.0612748025377143,487.0,27.5,
3166,2025-11-10 09:51:13,25603.0,25618.5,25601.5,1197,18377018,18378234,2025-11-10 09:51:46,2025-11-10 09:52:45,SHORT,25611.5,25611.5,25601.5,REVERSAL,0,1,40.0,200.0,1216,40.0,18.0,0.7207774430872699,487.0,101.5,
3167,2025-11-10 09:52:45,25601.5,25618.0,25588.5,3798,18382032,18383552,2025-11-10 09:55:14,2025-11-10 09:56:08,SHORT,25613.0,25618.0,25613.0,REVERSAL,1,2,40.0,200.0,1520,20.0,40.0,0.5037607543290323,487.0,107.5,
3168,2025-11-10 09:56:08,25613.0,25657.25,25607.0,12451,18396003,18396429,2025-11-10 10:03:49,2025-11-10 10:04:14,LONG,25624.5,25624.5,25634.5,REVERSAL,0,1,40.0,200.0,426,40.0,13.0,0.4441920325386768,528.0,133.0,
3169,2025-11-10 10:04:14,25634.5,25648.5,25630.75,1321,18397750,18397924,2025-11-10 10:05:04,2025-11-10 10:05:11,LONG,25631.25,25631.25,25641.25,REVERSAL,0,1,40.0,200.0,174,40.0,4.0,0.7050563338782817,528.0,160.0,0.0
3170,2025-11-10 10:05:11,25641.25,25641.25,25641.25,0,18397924,18399916,2025-11-10 10:05:11,2025-11-10 10:06:48,SHORT,25641.25,25646.25,25641.0,REVERSAL,1,2,42.0,210.0,1992,27.0,40.0,0.7050563338782817,528.0,200.0,0.0
3171,2025-11-10 10:06:48,25641.0,25651.0,25631.75,2584,18402500,18402997,2025-11-10 10:09:29,2025-11-10 10:10:00,LONG,25632.5,25632.5,25642.5,REVERSAL,0,1,40.0,200.0,497,40.0,2.0,1.2775087288265095,528.0,165.0,0.0
3172,2025-11-10 10:10:00,25642.5,25661.25,25638.0,4253,18407250,18410169,2025-11-10 10:13:31,2025-11-10 10:15:30,LONG,25638.0,25633.0,25638.0,REVERSAL,1,2,40.0,200.0,2919,37.0,53.0,0.3516844253721748,544.0,179.0,0.0
3173,2025-11-10 10:15:30,25638.0,25645.5,25624.75,1331,18411500,18412799,2025-11-10 10:16:45,2025-11-10 10:18:08,SHORT,25644.75,25644.75,25634.75,REVERSAL,0,1,40.0,200.0,1299,40.0,1.0,0.21511282916020324,544.0,206.0,0.0
3174,2025-11-10 10:18:08,25634.75,25654.75,25611.25,5201,18418000,18418577,2025-11-10 10:22:10,2025-11-10 10:22:53,SHORT,25654.75,25654.75,25644.75,REVERSAL,0,1,40.0,200.0,577,40.0,1.0,0.46339349527409396,544.0,246.0,0.0
3175,2025-11-10 10:22:53,25644.75,25666.5,25642.0,4950,18423527,18424908,2025-11-10 10:27:10,2025-11-10 10:28:49,LONG,25654.25,25654.25,25664.25,REVERSAL,0,1,40.0,200.0,1381,40.0,23.0,0.31324548511178063,565.0,233.5,0.0
3176,2025-11-10 10:28:49,25664.25,25665.75,25637.75,4842,18429750,18430113,2025-11-10 10:32:15,2025-11-10 10:32:39,LONG,25640.25,25640.25,25650.25,REVERSAL,0,1,40.0,200.0,363,40.0,9.0,0.32010483741854606,565.0,177.5,0.0
3177,2025-11-10 10:32:39,25650.25,25663.0,25636.25,3637,18433750,18434393,2025-11-10 10:36:30,2025-11-10 10:37:07,SHORT,25663.0,25663.0,25652.75,REVERSAL,0,1,41.0,205.0,643,41.0,3.0,0.5875540788277311,565.0,268.5,0.0
3178,2025-11-10 10:37:07,25652.75,25652.75,25625.5,4357,18438750,18443856,2025-11-10 10:40:47,2025-11-10 10:45:49,LONG,25626.0,25621.0,25626.0,REVERSAL,1,2,40.0,200.0,5106,29.0,40.0,0.3999774299530919,565.0,120.5,0.0
3179,2025-11-10 10:45:49,25626.0,25630.75,25620.5,1160,18445016,18448594,2025-11-10 10:47:02,2025-11-10 10:49:29,LONG,25620.5,25615.5,25600.5,HARD_STOP,1,2,-120.0,-600.0,3578,30.0,60.0,0.26818122235637204,565.0,98.5,0.0
3180,2025-11-10 10:49:29,25600.5,25606.0,25596.0,1162,18449756,18451496,2025-11-10 10:50:10,2025-11-10 10:50:41,LONG,25596.0,25591.0,25576.0,HARD_STOP,1,2,-120.0,-600.0,1740,22.0,60.0,0.5178957881989629,565.0,0.5,0.0023809523809523864
3181,2025-11-10 10:50:41,25576.0,25581.5,25542.5,7713,18459209,18462279,2025-11-10 10:53:16,2025-11-10 10:54:51,LONG,25555.25,25550.25,25555.75,REVERSAL,1,2,44.0,220.0,3070,22.0,43.0,0.9941926572492947,565.0,-162.5,0.009090909090909094
3182,2025-11-10 10:54:51,25555.75,25558.25,25533.25,3754,18466033,18469864,2025-11-10 10:56:49,2025-11-10 10:59:15,LONG,25539.25,25534.125,25519.0,HARD_STOP,1,2,-121.0,-605.0,3831,30.0,60.5,0.6007813669023011,565.0,-226.5,0.013043478260869573
3183,2025-11-10 10:59:15,25519.0,25526.5,25516.5,636,18470500,18472339,2025-11-10 10:59:31,2025-11-10 11:00:20,SHORT,25526.5,25526.5,25516.5,REVERSAL,0,1,40.0,200.0,1839,40.0,8.0,0.8519681455322454,600.0,-260.0,0.024999999999999994
3184,2025-11-10 11:00:20,25516.5,25517.0,25493.0,2161,18474500,18474879,2025-11-10 11:00:47,2025-11-10 11:00:54,LONG,25494.0,25494.0,25504.0,REVERSAL,0,1,40.0,200.0,379,40.0,4.0,1.9435055873315543,694.0,-343.0,0.03
3185,2025-11-10 11:00:54,25504.0,25516.75,25493.5,3621,18478500,18479423,2025-11-10 11:02:40,2025-11-10 11:03:14,LONG,25495.5,25495.5,25505.5,REVERSAL,0,1,40.0,200.0,923,40.0,6.0,0.48619834050078725,694.0,-337.0,0.0346153846153846
3186,2025-11-10 11:03:14,25505.5,25522.5,25499.5,2577,18482000,18483812,2025-11-10 11:04:46,2025-11-10 11:05:21,LONG,25502.75,25497.75,25482.75,HARD_STOP,1,2,-120.0,-600.0,1812,16.0,60.0,0.5337826893221781,694.0,-308.0,0.03888888888888889
3187,2025-11-10 11:05:21,25482.75,25529.5,25471.0,9188,18493000,18496679,2025-11-10 11:09:23,2025-11-10 11:12:06,SHORT,25512.25,25517.25,25532.25,HARD_STOP,1,2,-120.0,-600.0,3679,32.0,60.0,1.9201208617857128,782.0,-226.0,0.05714285714285716
3188,2025-11-10 11:12:06,25532.25,25537.0,25526.75,571,18497250,18498325,2025-11-10 11:12:23,2025-11-10 11:12:59,SHORT,25537.0,25537.0,25527.0,REVERSAL,0,1,40.0,200.0,1075,40.0,3.0,1.1635423707848516,782.0,-127.0,0.07758620689655171
3189,2025-11-10 11:12:59,25527.0,25529.0,25503.5,1425,18499750,18500113,2025-11-10 11:13:31,2025-11-10 11:13:53,SHORT,25518.0,25518.0,25508.0,REVERSAL,0,1,40.0,200.0,363,40.0,4.0,1.1636956502574995,782.0,-203.0,0.08333333333333334
3190,2025-11-10 11:13:53,25508.0,25519.25,25507.0,387,18500500,18500939,2025-11-10 11:14:15,2025-11-10 11:14:42,SHORT,25519.25,25519.25,25509.25,REVERSAL,0,1,40.0,200.0,439,40.0,7.0,0.3888849965920197,782.0,-198.0,0.08870967741935484
3191,2025-11-10 11:14:42,25509.25,25522.25,25500.25,1811,18502750,18503112,2025-11-10 11:16:03,2025-11-10 11:16:21,SHORT,25522.25,25522.25,25512.25,REVERSAL,0,1,40.0,200.0,362,40.0,19.0,0.3087279980060107,782.0,-186.0,0.09375
3192,2025-11-10 11:16:21,25512.25,25512.5,25499.0,650,18503762,18504294,2025-11-10 11:16:41,2025-11-10 11:17:07,LONG,25501.0,25501.0,25511.25,REVERSAL,0,1,41.0,205.0,532,41.0,9.0,0.7346524787818889,782.0,-271.0,0.09848484848484848
3193,2025-11-10 11:17:07,25511.25,25511.25,25511.25,0,18504294,18504699,2025-11-10 11:17:07,2025-11-10 11:17:34,SHORT,25511.25,25511.25,25501.0,REVERSAL,0,1,41.0,205.0,405,41.0,11.0,0.5885243135337856,782.0,-230.0,0.10294117647058823
3194,2025-11-10 11:17:34,25501.0,25525.75,25494.25,4551,18509250,18512110,2025-11-10 11:21:38,2025-11-10 11:23:24,LONG,25496.5,25491.5,25496.5,REVERSAL,1,2,40.0,200.0,2860,20.0,58.0,0.5423658609854953,782.0,-289.0,0.10714285714285715
3195,2025-11-10 11:23:24,25496.5,25507.25,25483.25,1390,18513500,18513657,2025-11-10 11:24:30,2025-11-10 11:24:38,LONG,25483.75,25483.75,25494.25,REVERSAL,0,1,42.0,210.0,157,42.0,0.0,0.4005954499298535,782.0,-340.0,0.1111111111111111
3196,2025-11-10 11:24:38,25494.25,25494.25,25494.25,0,18513657,18514289,2025-11-10 11:24:38,2025-11-10 11:25:31,SHORT,25494.25,25494.25,25484.0,REVERSAL,0,1,41.0,205.0,632,41.0,1.0,0.4005954499298535,782.0,-298.0,0.11486486486486486
3197,2025-11-10 11:25:31,25484.0,25516.5,25482.0,9211,18523500,18524824,2025-11-10 11:33:03,2025-11-10 11:34:20,SHORT,25508.75,25508.75,25498.75,REVERSAL,0,1,40.0,200.0,1324,40.0,34.0,0.36181023624316944,782.0,-240.0,0.11842105263157895
3198,2025-11-10 11:34:20,25498.75,25502.75,25476.5,3176,18528000,18528377,2025-11-10 11:36:54,2025-11-10 11:37:22,LONG,25482.25,25482.25,25492.75,REVERSAL,0,1,42.0,210.0,377,42.0,14.0,0.38713687616615394,782.0,-346.0,0.1217948717948718
3199,2025-11-10 11:37:22,25492.75,25496.75,25486.75,243,18528620,18530487,2025-11-10 11:37:40,2025-11-10 11:40:00,LONG,25486.75,25481.75,25486.75,REVERSAL,1,2,40.0,200.0,1867,27.0,40.0,0.3649163583935794,782.0,-328.0,0.125
3200,2025-11-10 11:40:00,25486.75,25490.0,25452.0,4763,18535250,18535838,2025-11-10 11:42:35,2025-11-10 11:43:22,SHORT,25483.25,25483.25,25473.25,REVERSAL,0,1,40.0,200.0,588,40.0,8.0,0.4101081677281649,858.0,-304.0,0.07804878048780489
3201,2025-11-10 11:43:22,25473.25,25473.75,25460.0,662,18536500,18536796,2025-11-10 11:43:52,2025-11-10 11:44:06,LONG,25460.0,25460.0,25470.5,REVERSAL,0,1,42.0,210.0,296,42.0,2.0,0.41144522059915056,858.0,-397.0,0.030952380952380953
3202,2025-11-10 11:44:06,25470.5,25486.25,25464.75,955,18537751,18539278,2025-11-10 11:44:58,2025-11-10 11:46:04,SHORT,25484.5,25484.5,25474.25,REVERSAL,0,1,41.0,205.0,1527,41.0,24.0,0.5627202397343678,858.0,-299.0,0.033720930232558136
3203,2025-11-10 11:46:04,25474.25,25481.0,25461.75,972,18540250,18540674,2025-11-10 11:46:45,2025-11-10 11:47:10,LONG,25462.5,25462.5,25472.5,REVERSAL,0,1,40.0,200.0,424,40.0,3.0,0.8875988621862715,858.0,-387.0,-0.013636363636363627
3204,2025-11-10 11:47:10,25472.5,25480.25,25470.25,501,18541175,18541862,2025-11-10 11:47:36,2025-11-10 11:48:15,SHORT,25480.25,25480.25,25470.25,REVERSAL,0,1,40.0,200.0,687,40.0,21.0,0.44460970567367536,858.0,-316.0,-0.0111111111111111
3205,2025-11-10 11:48:15,25470.25,25499.0,25468.75,2138,18544000,18544437,2025-11-10 11:50:18,2025-11-10 11:50:36,SHORT,25498.75,25498.75,25488.75,REVERSAL,0,1,40.0,200.0,437,40.0,1.0,0.6268765409332977,858.0,-242.0,-0.008695652173913035
3206,2025-11-10 11:50:36,25488.75,25488.75,25474.25,563,18545000,18547526,2025-11-10 11:50:56,2025-11-10 11:53:24,LONG,25475.25,25470.25,25475.25,REVERSAL,1,2,40.0,200.0,2526,33.0,40.0,1.2551584323878562,858.0,-336.0,-0.006382978723404251
3207,2025-11-10 11:53:24,25475.25,25482.5,25465.75,1076,18548602,18549934,2025-11-10 11:55:12,2025-11-10 11:56:46,SHORT,25475.75,25480.75,25495.75,HARD_STOP,1,2,-120.0,-600.0,1332,39.0,60.0,0.3165779801754923,858.0,-334.0,-0.05416666666666667
3208,2025-11-10 11:56:46,25495.75,25516.0,25495.75,2316,18552250,18555652,2025-11-10 11:58:46,2025-11-10 12:01:10,SHORT,25516.0,25521.0,25536.0,HARD_STOP,1,2,-120.0,-600.0,3402,24.0,60.0,0.5804772076126832,858.0,-173.0,-0.07244897959183673
3209,2025-11-10 12:01:10,25536.0,25539.5,25526.75,598,18556250,18557555,2025-11-10 12:01:28,2025-11-10 12:02:50,LONG,25527.25,25527.25,25537.25,REVERSAL,0,1,40.0,200.0,1305,40.0,3.0,0.9157420800916114,858.0,-128.0,-0.04000000000000001
3210,2025-11-10 12:02:50,25537.25,25562.0,25535.75,2695,18560250,18560991,2025-11-10 12:04:33,2025-11-10 12:05:01,SHORT,25561.0,25561.0,25551.0,REVERSAL,0,1,40.0,200.0,741,40.0,8.0,0.6451376464619488,858.0,7.0,-0.03725490196078432
3211,2025-11-10 12:05:01,25551.0,25573.0,25546.0,1759,18562750,18564794,2025-11-10 12:06:15,2025-11-10 12:08:29,SHORT,25571.5,25571.5,25561.5,REVERSAL,0,1,40.0,200.0,2044,40.0,16.0,0.7191142377017061,858.0,49.0,-0.0346153846153846
3212,2025-11-10 12:08:29,25561.5,25561.75,25543.0,1456,18566250,18568312,2025-11-10 12:09:41,2025-11-10 12:11:45,LONG,25545.5,25540.5,25525.5,HARD_STOP,1,2,-120.0,-600.0,2062,24.0,60.0,0.5928370238330545,858.0,-55.0,-0.0320754716981132
3213,2025-11-10 12:11:45,25525.5,25542.5,25523.0,688,18569000,18570246,2025-11-10 12:12:13,2025-11-10 12:13:52,SHORT,25542.25,25542.25,25532.25,REVERSAL,0,1,40.0,200.0,1246,40.0,11.0,0.655152616313586,858.0,-68.0,0.0018518518518518545
3214,2025-11-10 12:13:52,25532.25,25551.25,25507.5,8004,18578250,18579069,2025-11-10 12:22:46,2025-11-10 12:24:05,SHORT,25549.75,25549.75,25539.75,REVERSAL,0,1,40.0,200.0,819,40.0,18.0,0.26661122343851573,858.0,-38.0,0.004545454545454547
3215,2025-11-10 12:24:05,25539.75,25540.0,25528.0,898,18579967,18580342,2025-11-10 12:24:35,2025-11-10 12:25:01,LONG,25530.0,25530.0,25540.0,REVERSAL,0,1,40.0,200.0,375,40.0,9.0,0.8352850844035844,858.0,-117.0,0.007142857142857145
3216,2025-11-10 12:25:01,25540.0,25593.0,25538.75,9408,18589750,18590133,2025-11-10 12:38:39,2025-11-10 12:38:58,SHORT,25589.75,25589.75,25579.75,REVERSAL,0,1,40.0,200.0,383,40.0,1.0,0.22055397839635774,858.0,122.0,0.009649122807017546
3217,2025-11-10 12:38:58,25579.75,25615.0,25578.25,4767,18594900,18600100,2025-11-10 12:44:04,2025-11-10 12:50:59,SHORT,25600.75,25605.75,25620.75,HARD_STOP,1,2,-120.0,-600.0,5200,37.0,60.0,0.7650674427604455,858.0,166.0,0.012068965517241376
3218,2025-11-10 12:50:59,25620.75,25633.0,25619.25,900,18601000,18601726,2025-11-10 12:51:45,2025-11-10 12:52:26,SHORT,25631.5,25631.5,25621.5,REVERSAL,0,1,40.0,200.0,726,40.0,0.0,0.435916238510178,858.0,289.0,0.04745762711864407
3219,2025-11-10 12:52:26,25621.5,25647.25,25621.5,7024,18608750,18609830,2025-11-10 12:59:52,2025-11-10 13:00:58,LONG,25634.25,25634.25,25644.25,REVERSAL,0,1,40.0,200.0,1080,40.0,5.0,0.4150406081505929,858.0,300.0,0.05000000000000002
3220,2025-11-10 13:00:58,25644.25,25655.0,25638.0,9194,18619024,18621655,2025-11-10 13:16:51,2025-11-10 13:20:43,SHORT,25653.75,25653.75,25643.75,REVERSAL,0,1,40.0,200.0,2631,40.0,21.0,0.14935601333013193,858.0,378.0,0.05245901639344264
3221,2025-11-10 13:20:43,25643.75,25655.25,25638.75,3095,18624750,18628087,2025-11-10 13:26:36,2025-11-10 13:31:08,LONG,25645.0,25640.0,25645.0,REVERSAL,1,2,40.0,200.0,3337,20.0,45.0,0.1728126455705641,858.0,343.0,0.054838709677419356
3222,2025-11-10 13:31:08,25645.0,25682.5,25641.5,21413,18649500,18652665,2025-11-10 14:04:53,2025-11-10 14:10:49,SHORT,25663.75,25668.75,25663.75,REVERSAL,1,2,40.0,200.0,3165,20.0,40.0,0.3804412550006638,922.0,386.0,0.05714285714285716
3223,2025-11-10 14:10:49,25663.75,25675.75,25651.0,4585,18657250,18663109,2025-11-10 14:18:06,2025-11-10 14:28:45,SHORT,25675.25,25680.25,25695.25,HARD_STOP,1,2,-120.0,-600.0,5859,29.0,60.0,0.1948846164629045,922.0,432.0,0.05937500000000001
3224,2025-11-10 14:28:45,25695.25,25696.75,25677.0,4264,18667373,18668540,2025-11-10 14:36:27,2025-11-10 14:39:01,LONG,25682.25,25682.25,25692.25,REVERSAL,0,1,40.0,200.0,1167,40.0,15.0,0.2578663019330889,979.0,431.5,0.09615384615384615
3225,2025-11-10 14:39:01,25692.25,25702.0,25688.0,3210,18671750,18682000,2025-11-10 14:44:31,2025-11-10 14:58:48,SHORT,25702.0,25707.0,25702.0,REVERSAL,1,2,40.0,200.0,10250,32.0,40.0,0.371678510102469,1007.0,496.5,0.09848484848484848
3226,2025-11-10 14:58:48,25702.0,25713.0,25698.75,3657,18685657,18694387,2025-11-10 15:04:02,2025-11-10 15:15:51,SHORT,25708.75,25713.75,25708.75,REVERSAL,1,2,40.0,200.0,8730,20.0,58.0,0.23429159709900077,1058.0,498.0,0.10074626865671643
3227,2025-11-10 15:15:51,25708.75,25717.5,25702.0,3363,18697750,18698695,2025-11-10 15:20:03,2025-11-10 15:21:40,SHORT,25714.75,25714.75,25704.5,REVERSAL,0,1,41.0,205.0,945,41.0,2.0,0.2997556563996296,1105.0,498.5,0.10294117647058823
3228,2025-11-10 15:21:40,25704.5,25721.25,25696.75,7055,18705750,18707036,2025-11-10 15:30:25,2025-11-10 15:31:57,LONG,25699.5,25699.5,25709.5,REVERSAL,0,1,40.0,200.0,1286,40.0,6.0,0.815631401696281,1105.0,437.5,0.05507246376811595
3229,2025-11-10 15:31:57,25709.5,25737.5,25702.75,9719,18716755,18722934,2025-11-10 15:43:03,2025-11-10 15:49:36,SHORT,25735.75,25740.75,25755.75,HARD_STOP,1,2,-120.0,-600.0,6179,38.0,60.0,1.027817577015596,1142.0,564.0,0.007142857142857145
3230,2025-11-11 09:30:00,25605.0,25625.25,25595.75,4037,18864480,18864865,2025-11-11 09:30:57,2025-11-11 09:31:06,SHORT,25621.5,25621.5,25611.0,REVERSAL,0,1,42.0,210.0,385,42.0,3.0,,59.0,22.0,
3231,2025-11-11 09:31:06,25611.0,25635.0,25604.5,4573,18869438,18870212,2025-11-11 09:33:05,2025-11-11 09:33:29,SHORT,25630.0,25630.0,25620.0,REVERSAL,0,1,40.0,200.0,774,40.0,16.0,0.6537401049541938,78.5,29.25,
3232,2025-11-11 09:33:29,25620.0,25643.5,25599.25,6788,18877000,18877994,2025-11-11 09:37:09,2025-11-11 09:37:31,SHORT,25642.25,25642.25,25632.25,REVERSAL,0,1,40.0,200.0,994,40.0,15.0,4.60380262758531,98.0,44.0,
3233,2025-11-11 09:37:31,25632.25,25634.75,25608.75,1260,18879254,18880480,2025-11-11 09:37:52,2025-11-11 09:38:30,LONG,25611.0,25611.0,25621.0,REVERSAL,0,1,40.0,200.0,1226,40.0,22.0,1.5239235186275923,100.5,-19.75,
3234,2025-11-11 09:38:30,25621.0,25627.75,25594.75,5270,18885750,18888262,2025-11-11 09:41:41,2025-11-11 09:43:07,LONG,25603.75,25598.75,25603.75,REVERSAL,1,2,40.0,200.0,2512,25.0,41.0,0.48965349087108,102.5,-33.25,
3235,2025-11-11 09:43:07,25603.75,25603.75,25603.75,0,18888262,18889680,2025-11-11 09:43:07,2025-11-11 09:44:16,SHORT,25603.75,25608.75,25603.75,REVERSAL,1,2,40.0,200.0,1418,35.0,40.0,0.7183005729009927,115.0,-27.0,
3236,2025-11-11 09:44:16,25603.75,25621.25,25600.25,2570,18892250,18892581,2025-11-11 09:46:26,2025-11-11 09:46:39,SHORT,25619.25,25619.25,25609.25,REVERSAL,0,1,40.0,200.0,331,40.0,23.0,0.49121690782180427,115.0,4.0,
3237,2025-11-11 09:46:39,25609.25,25623.0,25572.0,5169,18897750,18899609,2025-11-11 09:50:15,2025-11-11 09:50:32,LONG,25572.0,25567.0,25572.0,REVERSAL,1,2,40.0,200.0,1859,20.0,40.0,1.1221527204053845,157.0,-69.5,
3238,2025-11-11 09:50:32,25572.0,25587.25,25563.5,2391,18902000,18902456,2025-11-11 09:51:38,2025-11-11 09:51:51,LONG,25564.0,25564.0,25574.0,REVERSAL,0,1,40.0,200.0,456,40.0,13.0,0.6369576315782682,171.5,-78.25,
3239,2025-11-11 09:51:51,25574.0,25584.25,25569.0,1794,18904250,18905602,2025-11-11 09:53:14,2025-11-11 09:54:25,LONG,25570.0,25570.0,25580.0,REVERSAL,0,1,40.0,200.0,1352,40.0,20.0,0.3252910589464356,171.5,-66.25,
3240,2025-11-11 09:54:25,25580.0,25612.0,25562.0,3648,18909250,18914430,2025-11-11 09:56:25,2025-11-11 09:59:13,SHORT,25612.0,25617.0,25632.0,HARD_STOP,1,2,-120.0,-600.0,5180,26.0,60.0,1.7615212534467768,171.5,17.75,0.0
3241,2025-11-11 09:59:13,25632.0,25633.5,25617.75,1320,18915750,18918494,2025-11-11 10:00:09,2025-11-11 10:01:45,LONG,25620.0,25615.0,25620.0,REVERSAL,1,2,40.0,200.0,2744,20.0,40.0,0.9127385591737465,171.5,33.75,0.0
3242,2025-11-11 10:01:45,25620.0,25628.0,25601.5,2506,18921000,18923870,2025-11-11 10:03:57,2025-11-11 10:05:47,LONG,25602.25,25597.125,25582.0,HARD_STOP,1,2,-121.0,-605.0,2870,35.0,60.5,0.9422195701037769,171.5,-1.75,0.0
3243,2025-11-11 10:05:47,25582.0,25593.25,25578.5,880,18924750,18925184,2025-11-11 10:06:21,2025-11-11 10:06:34,SHORT,25593.25,25593.25,25583.25,REVERSAL,0,1,40.0,200.0,434,40.0,7.0,0.7183646147987542,171.5,-19.75,0.0
3244,2025-11-11 10:06:34,25583.25,25583.25,25544.5,2115,18927299,18929697,2025-11-11 10:06:51,2025-11-11 10:07:51,LONG,25554.0,25554.0,25564.0,REVERSAL,0,1,40.0,200.0,2398,40.0,35.0,1.779363734579938,203.0,-82.5,0.0
3245,2025-11-11 10:07:51,25564.0,25585.5,25559.25,2553,18932250,18932483,2025-11-11 10:09:31,2025-11-11 10:09:43,LONG,25561.5,25561.5,25572.0,REVERSAL,0,1,42.0,210.0,233,42.0,0.0,0.49347797096502777,203.0,-67.5,0.0
3246,2025-11-11 10:09:43,25572.0,25572.0,25572.0,0,18932483,18933111,2025-11-11 10:09:43,2025-11-11 10:10:06,SHORT,25572.0,25577.125,25592.25,HARD_STOP,1,2,-121.0,-605.0,628,9.0,60.5,0.49347797096502777,203.0,-46.5,0.0
3247,2025-11-11 10:10:06,25592.25,25597.5,25577.0,1389,18934500,18935973,2025-11-11 10:10:45,2025-11-11 10:12:04,LONG,25578.75,25578.75,25588.75,REVERSAL,0,1,40.0,200.0,1473,40.0,32.0,0.49499255072444903,203.0,-33.0,0.0
3248,2025-11-11 10:12:04,25588.75,25593.0,25568.25,1277,18937250,18938926,2025-11-11 10:13:28,2025-11-11 10:14:47,LONG,25568.25,25563.25,25568.25,REVERSAL,1,2,40.0,200.0,1676,37.0,40.0,0.26519441903780927,203.0,-54.0,0.0
3249,2025-11-11 10:14:47,25568.25,25574.5,25551.25,2074,18941000,18941369,2025-11-11 10:16:24,2025-11-11 10:16:54,SHORT,25568.5,25568.5,25558.5,REVERSAL,0,1,40.0,200.0,369,40.0,7.0,0.6321552005458877,203.0,-53.5,0.0
3250,2025-11-11 10:16:54,25558.5,25568.0,25547.5,1631,18943000,18943453,2025-11-11 10:18:11,2025-11-11 10:18:36,SHORT,25566.5,25566.5,25556.0,REVERSAL,0,1,42.0,210.0,453,42.0,17.0,0.38399852972729476,203.0,-57.5,0.0
3251,2025-11-11 10:18:36,25556.0,25562.5,25532.75,3547,18947000,18948358,2025-11-11 10:20:37,2025-11-11 10:21:47,SHORT,25562.5,25562.5,25552.5,REVERSAL,0,1,40.0,200.0,1358,40.0,17.0,0.7303257525534604,226.5,-53.75,0.007142857142857145
3252,2025-11-11 10:21:47,25552.5,25559.75,25548.75,392,18948750,18949061,2025-11-11 10:22:13,2025-11-11 10:22:29,LONG,25548.75,25548.75,25558.75,REVERSAL,0,1,40.0,200.0,311,40.0,8.0,0.32797393395090435,226.5,-81.25,0.013636363636363641
3253,2025-11-11 10:22:29,25558.75,25572.5,25558.25,439,18949500,18949915,2025-11-11 10:22:43,2025-11-11 10:23:00,SHORT,25569.25,25569.25,25559.25,REVERSAL,0,1,40.0,200.0,415,40.0,12.0,0.7403643473122855,226.5,-40.25,0.019565217391304346
3254,2025-11-11 10:23:00,25559.25,25561.75,25546.5,637,18950552,18952445,2025-11-11 10:23:34,2025-11-11 10:25:36,SHORT,25558.0,25563.0,25578.0,HARD_STOP,1,2,-120.0,-600.0,1893,30.0,60.0,0.4253393086467842,226.5,-62.75,0.024999999999999994
3255,2025-11-11 10:25:36,25578.0,25579.75,25535.75,4555,18957000,18957315,2025-11-11 10:28:48,2025-11-11 10:28:54,LONG,25536.0,25536.0,25546.0,REVERSAL,0,1,40.0,200.0,315,40.0,12.0,1.2235176647774404,226.5,-106.75,0.04000000000000001
3256,2025-11-11 10:28:54,25546.0,25554.5,25542.25,1075,18958390,18959269,2025-11-11 10:30:00,2025-11-11 10:30:27,LONG,25543.5,25538.5,25543.75,REVERSAL,1,2,42.0,210.0,879,21.0,40.0,0.3231645526699247,226.5,-91.75,0.046153846153846156
3257,2025-11-11 10:30:27,25543.75,25550.75,25540.75,533,18959802,18961325,2025-11-11 10:30:51,2025-11-11 10:32:14,SHORT,25550.75,25550.75,25540.75,REVERSAL,0,1,40.0,200.0,1523,40.0,9.0,0.6762383323692366,228.5,-76.25,0.05185185185185187
3258,2025-11-11 10:32:14,25540.75,25543.25,25513.75,3106,18964431,18965876,2025-11-11 10:33:46,2025-11-11 10:34:40,LONG,25517.0,25512.0,25517.0,REVERSAL,1,2,40.0,200.0,1445,20.0,40.0,1.5252138800358943,264.5,-125.75,0.05714285714285716
3259,2025-11-11 10:34:40,25517.0,25523.5,25501.0,2718,18968594,18969001,2025-11-11 10:36:17,2025-11-11 10:36:38,SHORT,25512.5,25512.5,25502.25,REVERSAL,0,1,41.0,205.0,407,41.0,4.0,2.0468037473173304,290.0,-122.0,0.06206896551724139
3260,2025-11-11 10:36:38,25502.25,25502.25,25502.25,0,18969001,18969735,2025-11-11 10:36:38,2025-11-11 10:37:08,LONG,25502.25,25502.25,25512.25,REVERSAL,0,1,40.0,200.0,734,40.0,8.0,0.512865736171215,291.5,-141.75,0.06666666666666668
3261,2025-11-11 10:37:08,25512.25,25525.0,25505.0,1765,18971500,18972662,2025-11-11 10:38:13,2025-11-11 10:39:17,SHORT,25517.0,25517.0,25507.0,REVERSAL,0,1,40.0,200.0,1162,40.0,26.0,0.47602859570586786,291.5,-112.25,0.02096774193548387
3262,2025-11-11 10:39:17,25507.0,25525.5,25503.75,1088,18973750,18974132,2025-11-11 10:40:05,2025-11-11 10:40:16,SHORT,25525.5,25525.5,25515.5,REVERSAL,0,1,40.0,200.0,382,40.0,5.0,0.6942892200949309,291.5,-95.25,0.024999999999999994
3263,2025-11-11 10:40:16,25515.5,25522.5,25512.5,331,18974463,18976543,2025-11-11 10:40:31,2025-11-11 10:41:51,SHORT,25522.5,25527.5,25542.75,HARD_STOP,1,2,-122.0,-610.0,2080,16.0,61.0,0.7818344094439178,291.5,-101.25,-0.02121212121212121
3264,2025-11-11 10:41:51,25542.75,25551.25,25526.5,3957,18980500,18981087,2025-11-11 10:45:08,2025-11-11 10:45:38,SHORT,25542.75,25542.75,25532.75,REVERSAL,0,1,40.0,200.0,587,40.0,19.0,0.2753141118222463,291.5,-60.75,0.002941176470588225
3265,2025-11-11 10:45:38,25532.75,25536.75,25517.5,1163,18982250,18984054,2025-11-11 10:46:30,2025-11-11 10:48:01,LONG,25518.75,25513.625,25518.5,REVERSAL,1,2,39.0,195.0,1804,23.0,41.0,0.45513596627993624,291.5,-108.75,0.007142857142857145
3266,2025-11-11 10:48:01,25518.5,25524.75,25503.5,2196,18986250,18986671,2025-11-11 10:50:18,2025-11-11 10:50:52,LONG,25506.75,25506.75,25516.75,REVERSAL,0,1,40.0,200.0,421,40.0,8.0,0.539813424369792,291.5,-132.75,0.0111111111111111
3267,2025-11-11 10:50:52,25516.75,25516.75,25495.25,1829,18988500,18989017,2025-11-11 10:51:59,2025-11-11 10:52:27,SHORT,25507.75,25507.75,25497.75,REVERSAL,0,1,40.0,200.0,517,40.0,8.0,0.9312210791690707,301.5,-125.75,-0.03513513513513514
3268,2025-11-11 10:52:27,25497.75,25506.0,25486.5,4244,18993261,18995945,2025-11-11 10:56:51,2025-11-11 10:59:10,SHORT,25496.75,25501.75,25516.75,HARD_STOP,1,2,-120.0,-600.0,2684,32.0,60.0,0.553406132570412,319.0,-139.0,-0.03157894736842104
3269,2025-11-11 10:59:10,25516.75,25521.5,25510.25,1305,18997250,19000719,2025-11-11 11:00:15,2025-11-11 11:03:09,SHORT,25521.25,25526.25,25541.25,HARD_STOP,1,2,-120.0,-600.0,3469,36.0,60.0,0.560213169211012,319.0,-90.0,-0.0038461538461538602
3270,2025-11-11 11:03:09,25541.25,25541.25,25509.25,3781,19004500,19004991,2025-11-11 11:05:48,2025-11-11 11:06:16,SHORT,25532.75,25532.75,25522.75,REVERSAL,0,1,40.0,200.0,491,40.0,6.0,0.35557850735332647,319.0,-67.0,0.025000000000000022
3271,2025-11-11 11:06:16,25522.75,25526.25,25516.0,259,19005250,19006195,2025-11-11 11:06:28,2025-11-11 11:07:29,LONG,25516.0,25516.0,25526.0,REVERSAL,0,1,40.0,200.0,945,40.0,9.0,0.4838114276109096,319.0,-100.5,0.029268292682926828
3272,2025-11-11 11:07:29,25526.0,25531.25,25507.5,2305,19008500,19008849,2025-11-11 11:09:48,2025-11-11 11:10:05,LONG,25508.75,25508.75,25518.75,REVERSAL,0,1,40.0,200.0,349,40.0,7.0,0.34259303741826985,319.0,-115.0,0.033333333333333354
3273,2025-11-11 11:10:05,25518.75,25541.75,25515.0,3901,19012750,19014076,2025-11-11 11:13:54,2025-11-11 11:15:39,LONG,25520.0,25520.0,25530.0,REVERSAL,0,1,40.0,200.0,1326,40.0,23.0,0.2567608439286038,319.0,-92.5,0.037209302325581395
3274,2025-11-11 11:15:39,25530.0,25534.5,25523.75,927,19015003,19015661,2025-11-11 11:16:43,2025-11-11 11:17:40,LONG,25524.5,25524.5,25534.5,REVERSAL,0,1,40.0,200.0,658,40.0,14.0,0.36805322460454754,319.0,-83.5,0.04090909090909092
3275,2025-11-11 11:17:40,25534.5,25567.5,25528.5,5652,19021313,19023963,2025-11-11 11:21:30,2025-11-11 11:23:39,SHORT,25561.5,25566.5,25581.5,HARD_STOP,1,2,-120.0,-600.0,2650,8.0,60.0,1.0059259942820775,319.0,-9.5,-0.005555555555555564
3276,2025-11-11 11:23:39,25581.5,25591.5,25512.75,9537,19033500,19036105,2025-11-11 11:29:05,2025-11-11 11:30:21,LONG,25514.75,25509.75,25494.5,HARD_STOP,1,2,-122.0,-610.0,2605,19.0,61.0,0.47012203062316094,319.0,-103.0,0.026086956521739146
3277,2025-11-11 11:30:21,25494.5,25501.25,25478.5,2145,19038250,19042334,2025-11-11 11:30:42,2025-11-11 11:33:39,SHORT,25496.0,25501.0,25516.0,HARD_STOP,1,2,-120.0,-600.0,4084,25.0,60.0,3.3971693726918253,335.0,-132.5,0.05851063829787234
3278,2025-11-11 11:33:39,25516.0,25525.75,25508.5,1917,19044251,19045485,2025-11-11 11:35:06,2025-11-11 11:36:30,LONG,25515.5,25515.5,25525.5,REVERSAL,0,1,40.0,200.0,1234,40.0,29.0,0.6223376687802508,335.0,-93.5,0.09166666666666665
3279,2025-11-11 11:36:30,25525.5,25537.0,25525.25,515,19046000,19046552,2025-11-11 11:36:45,2025-11-11 11:37:09,SHORT,25535.25,25535.25,25525.25,REVERSAL,0,1,40.0,200.0,552,40.0,2.0,0.9818183020192236,335.0,-54.0,0.09591836734693876
3280,2025-11-11 11:37:09,25525.25,25529.0,25501.5,4448,19051000,19052818,2025-11-11 11:42:09,2025-11-11 11:44:13,SHORT,25520.5,25525.5,25520.5,REVERSAL,1,2,40.0,200.0,1818,20.0,40.0,0.3667673904712846,335.0,-83.5,0.09999999999999998
3281,2025-11-11 11:44:13,25520.5,25522.75,25512.75,591,19053409,19053965,2025-11-11 11:44:49,2025-11-11 11:45:25,LONG,25512.75,25512.75,25522.75,REVERSAL,0,1,40.0,200.0,556,40.0,2.0,0.389434587350857,335.0,-99.0,0.10392156862745097
3282,2025-11-11 11:45:25,25522.75,25526.0,25515.75,277,19054242,19054970,2025-11-11 11:45:43,2025-11-11 11:46:44,LONG,25515.75,25515.75,25525.75,REVERSAL,0,1,40.0,200.0,728,40.0,22.0,0.4390206680657291,335.0,-93.0,0.10769230769230767
3283,2025-11-11 11:46:44,25525.75,25536.5,25509.0,3280,19058250,19058584,2025-11-11 11:50:44,2025-11-11 11:51:00,LONG,25509.25,25509.25,25519.25,REVERSAL,0,1,40.0,200.0,334,40.0,5.0,0.7104973974109591,335.0,-106.0,0.11132075471698111
3284,2025-11-11 11:51:00,25519.25,25529.5,25517.25,666,19059250,19059480,2025-11-11 11:51:49,2025-11-11 11:52:17,SHORT,25529.25,25529.25,25519.25,REVERSAL,0,1,40.0,200.0,230,40.0,2.0,0.29677456855561907,335.0,-66.0,0.06481481481481483
3285,2025-11-11 11:52:17,25519.25,25519.25,25519.25,0,19059480,19059951,2025-11-11 11:52:17,2025-11-11 11:53:19,LONG,25519.25,25519.25,25529.25,REVERSAL,0,1,40.0,200.0,471,40.0,6.0,0.29677456855561907,335.0,-86.0,0.06818181818181818
3286,2025-11-11 11:53:19,25529.25,25539.0,25511.75,3299,19063250,19064923,2025-11-11 11:57:46,2025-11-11 12:00:19,LONG,25511.75,25511.75,25522.0,REVERSAL,0,1,41.0,205.0,1673,41.0,32.0,0.313678913708995,335.0,-101.0,0.07142857142857142
3287,2025-11-11 12:00:19,25522.0,25537.5,25515.75,3077,19068000,19069653,2025-11-11 12:03:56,2025-11-11 12:05:38,SHORT,25534.5,25539.5,25554.5,HARD_STOP,1,2,-120.0,-600.0,1653,25.0,60.0,0.3848307386863171,335.0,-55.5,0.07456140350877194
3288,2025-11-11 12:05:38,25554.5,25575.25,25553.25,2597,19072250,19074459,2025-11-11 12:07:10,2025-11-11 12:09:16,LONG,25561.0,25556.0,25561.0,REVERSAL,1,2,40.0,200.0,2209,29.0,40.0,0.5237087367844478,335.0,-2.5,0.1103448275862069
3289,2025-11-11 12:09:16,25561.0,25583.5,25542.0,6212,19080671,19083591,2025-11-11 12:16:35,2025-11-11 12:20:59,SHORT,25574.0,25579.125,25594.5,HARD_STOP,1,2,-123.0,-615.0,2920,20.0,61.5,0.6761405048860335,335.0,23.5,0.0635593220338983
3290,2025-11-11 12:20:59,25594.5,25598.75,25588.75,388,19083979,19085203,2025-11-11 12:21:04,2025-11-11 12:22:24,LONG,25588.75,25583.75,25588.75,REVERSAL,1,2,40.0,200.0,1224,20.0,40.0,0.37245134222642096,335.0,53.0,0.04999999999999999
3291,2025-11-11 12:22:24,25588.75,25594.25,25548.75,8797,19094000,19094498,2025-11-11 12:34:44,2025-11-11 12:35:54,SHORT,25575.25,25575.25,25565.25,REVERSAL,0,1,40.0,200.0,498,40.0,3.0,0.23084106132463023,335.0,26.0,0.05327868852459017
3292,2025-11-11 12:35:54,25565.25,25571.5,25561.5,201,19094699,19100299,2025-11-11 12:36:12,2025-11-11 12:48:25,SHORT,25571.5,25576.5,25591.5,HARD_STOP,1,2,-120.0,-600.0,5600,36.0,60.0,0.23122932632684462,335.0,18.5,0.05645161290322581
3293,2025-11-11 12:48:25,25591.5,25597.0,25587.0,1468,19101767,19102069,2025-11-11 12:50:21,2025-11-11 12:50:35,LONG,25587.0,25587.0,25597.0,REVERSAL,0,1,40.0,200.0,302,40.0,1.0,0.2598681850504532,335.0,49.5,0.09365079365079365
3294,2025-11-11 12:50:35,25597.0,25612.75,25588.25,2431,19104500,19107109,2025-11-11 12:52:49,2025-11-11 12:54:48,SHORT,25612.75,25617.75,25612.75,REVERSAL,1,2,40.0,200.0,2609,20.0,40.0,0.7094926950202156,335.0,101.0,0.09687499999999999
3295,2025-11-11 12:54:48,25612.75,25629.75,25611.5,1141,19108250,19110477,2025-11-11 12:55:42,2025-11-11 12:58:50,SHORT,25628.25,25628.25,25618.25,REVERSAL,0,1,40.0,200.0,2227,40.0,12.0,0.7114232432870888,335.0,132.0,0.09999999999999998
3296,2025-11-11 12:58:50,25618.25,25640.5,25610.0,4273,19114750,19115301,2025-11-11 13:03:11,2025-11-11 13:03:54,LONG,25611.75,25611.75,25621.75,REVERSAL,0,1,40.0,200.0,551,40.0,8.0,0.52674435641734,335.0,99.0,0.05303030303030304
3297,2025-11-11 13:03:54,25621.75,25642.5,25618.25,4199,19119500,19119808,2025-11-11 13:12:01,2025-11-11 13:12:59,LONG,25625.75,25625.75,25635.75,REVERSAL,0,1,40.0,200.0,308,40.0,3.0,0.2000856216771487,335.0,127.0,0.005970149253731349
3298,2025-11-11 13:12:59,25635.75,25640.0,25630.0,666,19120474,19121809,2025-11-11 13:14:18,2025-11-11 13:16:57,LONG,25630.0,25630.0,25640.0,REVERSAL,0,1,40.0,200.0,1335,40.0,25.0,0.34872946150914735,335.0,135.5,-0.04117647058823529
3299,2025-11-11 13:16:57,25640.0,25671.0,25632.5,4191,19126000,19127026,2025-11-11 13:21:03,2025-11-11 13:22:06,SHORT,25669.5,25669.5,25659.5,REVERSAL,0,1,40.0,200.0,1026,40.0,9.0,0.8092833463848835,385.5,189.25,-0.038405797101449285
3300,2025-11-11 13:22:06,25659.5,25665.75,25653.0,974,19128000,19130352,2025-11-11 13:23:32,2025-11-11 13:25:47,LONG,25654.75,25649.75,25634.75,HARD_STOP,1,2,-120.0,-600.0,2352,21.0,60.0,0.262045342372992,386.5,159.25,-0.035714285714285726
3301,2025-11-11 13:25:47,25634.75,25655.5,25624.25,6902,19137254,19138455,2025-11-11 13:34:36,2025-11-11 13:36:31,LONG,25633.75,25628.75,25613.75,HARD_STOP,1,2,-120.0,-600.0,1201,18.0,60.0,0.19578446890478546,386.5,117.25,0.0028169014084507282
3302,2025-11-11 13:36:31,25613.75,25634.0,25607.25,2795,19141250,19143444,2025-11-11 13:38:22,2025-11-11 13:41:07,SHORT,25627.75,25632.75,25647.75,HARD_STOP,1,2,-120.0,-600.0,2194,35.0,60.0,0.632927643665526,386.5,105.25,0.04166666666666666
3303,2025-11-11 13:41:07,25647.75,25661.0,25644.0,2556,19146000,19146805,2025-11-11 13:43:26,2025-11-11 13:45:04,LONG,25646.25,25646.25,25656.25,REVERSAL,0,1,40.0,200.0,805,40.0,1.0,0.45867375848211733,386.5,142.25,0.08082191780821918
3304,2025-11-11 13:45:04,25656.25,25667.25,25655.0,1455,19148260,19149375,2025-11-11 13:46:25,2025-11-11 13:48:11,SHORT,25665.75,25665.75,25655.75,REVERSAL,0,1,40.0,200.0,1115,40.0,20.0,0.2856328376864398,386.5,181.25,0.08378378378378376
3305,2025-11-11 13:48:11,25655.75,25683.5,25655.75,4625,19154000,19154407,2025-11-11 13:53:49,2025-11-11 13:54:25,SHORT,25681.25,25681.25,25671.25,REVERSAL,0,1,40.0,200.0,407,40.0,2.0,0.3802221169645406,410.0,200.5,0.08666666666666664
3306,2025-11-11 13:54:25,25671.25,25694.75,25667.0,3343,19157750,19158776,2025-11-11 13:58:48,2025-11-11 14:00:21,SHORT,25694.5,25694.5,25684.5,REVERSAL,0,1,40.0,200.0,1026,40.0,7.0,0.3827864807931891,434.5,214.75,0.08947368421052632
3307,2025-11-11 14:00:21,25684.5,25685.5,25637.75,6299,19165075,19165534,2025-11-11 14:08:31,2025-11-11 14:09:17,SHORT,25661.75,25661.75,25651.75,REVERSAL,0,1,40.0,200.0,459,40.0,3.0,0.4048132623279162,435.5,148.75,0.09220779220779218
3308,2025-11-11 14:09:17,25651.75,25681.0,25642.5,7216,19172750,19173016,2025-11-11 14:20:43,2025-11-11 14:21:26,SHORT,25665.75,25665.75,25655.75,REVERSAL,0,1,40.0,200.0,266,40.0,1.0,0.34508699911082397,435.5,156.75,0.04487179487179488
3309,2025-11-11 14:21:26,25655.75,25671.75,25650.5,2484,19175500,19178975,2025-11-11 14:27:44,2025-11-11 14:35:09,SHORT,25670.75,25670.75,25660.75,REVERSAL,0,1,40.0,200.0,3475,40.0,18.0,0.28013749945356475,435.5,166.75,0.04746835443037975
3310,2025-11-11 14:35:09,25660.75,25668.5,25652.75,1525,19180500,19181167,2025-11-11 14:37:29,2025-11-11 14:39:22,SHORT,25667.75,25667.75,25657.5,REVERSAL,0,1,41.0,205.0,667,41.0,5.0,0.5485104436704329,435.5,160.75,0.0
3311,2025-11-11 14:39:22,25657.5,25665.0,25651.5,833,19182000,19182473,2025-11-11 14:40:53,2025-11-11 14:42:13,LONG,25651.5,25651.5,25661.5,REVERSAL,0,1,40.0,200.0,473,40.0,2.0,0.25155475808441186,435.5,128.25,0.002469135802469158
3312,2025-11-11 14:42:13,25661.5,25663.5,25645.5,2527,19185000,19186619,2025-11-11 14:47:20,2025-11-11 14:50:25,SHORT,25663.0,25668.0,25662.75,REVERSAL,1,2,42.0,210.0,1619,21.0,40.0,0.4920989308650851,435.5,151.25,0.004878048780487809
3313,2025-11-11 14:50:25,25662.75,25662.75,25662.75,0,19186619,19188078,2025-11-11 14:50:25,2025-11-11 14:55:31,LONG,25662.75,25662.75,25672.75,REVERSAL,0,1,40.0,200.0,1459,40.0,6.0,0.5922385543396083,435.5,150.75,-0.04277108433734941
3314,2025-11-11 14:55:31,25672.75,25679.25,25669.25,560,19188638,19190764,2025-11-11 14:56:43,2025-11-11 15:01:14,LONG,25669.25,25664.25,25669.25,REVERSAL,1,2,40.0,200.0,2126,20.0,40.0,0.16522432676445775,435.5,163.75,-0.04047619047619047
3315,2025-11-11 15:01:14,25669.25,25673.0,25662.75,1084,19191848,19196537,2025-11-11 15:04:46,2025-11-11 15:17:20,SHORT,25672.75,25672.75,25662.75,REVERSAL,0,1,40.0,200.0,4689,40.0,38.0,0.2042433832523111,435.5,170.75,-0.03823529411764706
3316,2025-11-11 15:17:20,25662.75,25672.75,25648.0,5713,19202250,19202555,2025-11-11 15:27:08,2025-11-11 15:27:40,LONG,25652.75,25652.75,25663.0,REVERSAL,0,1,41.0,205.0,305,41.0,2.0,0.9162960700424625,435.5,130.75,-0.03604651162790698
3317,2025-11-11 15:27:40,25663.0,25669.25,25642.75,3945,19206500,19207013,2025-11-11 15:33:24,2025-11-11 15:34:23,SHORT,25667.75,25667.75,25657.75,REVERSAL,0,1,40.0,200.0,513,40.0,4.0,0.34138905689711774,435.5,160.75,-0.0339080459770115
3318,2025-11-11 15:34:23,25657.75,25662.75,25645.75,2487,19209500,19209789,2025-11-11 15:40:02,2025-11-11 15:40:35,LONG,25646.75,25646.75,25656.75,REVERSAL,0,1,40.0,200.0,289,40.0,0.0,0.23755260664645703,435.5,118.75,-0.03181818181818183
3319,2025-11-11 15:40:35,25656.75,25660.0,25648.25,830,19210619,19210882,2025-11-11 15:42:21,2025-11-11 15:42:50,LONG,25650.0,25650.0,25660.0,REVERSAL,0,1,40.0,200.0,263,40.0,6.0,0.30942623377977435,435.5,125.25,-0.029775280898876405
3320,2025-11-11 15:42:50,25660.0,25664.75,25651.25,2118,19213000,19214361,2025-11-11 15:46:43,2025-11-11 15:49:50,LONG,25653.25,25653.25,25654.75,EOD_FLATTEN,0,1,6.0,30.0,1361,35.0,7.0,0.5485604849794317,435.5,131.75,-0.02777777777777779
3321,2025-11-12 09:30:00,25778.5,25780.75,25735.25,3969,19335000,19337486,2025-11-12 09:30:49,2025-11-12 09:31:16,LONG,25735.25,25730.25,25715.25,HARD_STOP,1,2,-120.0,-600.0,2486,29.0,60.0,,,,
3322,2025-11-12 09:31:16,25715.25,25726.75,25692.75,3514,19341000,19341157,2025-11-12 09:32:02,2025-11-12 09:32:04,LONG,25693.0,25693.0,25703.0,REVERSAL,0,1,40.0,200.0,157,40.0,0.0,0.8469055374592831,,,
3323,2025-11-12 09:32:04,25703.0,25703.0,25703.0,0,19341157,19342358,2025-11-12 09:32:04,2025-11-12 09:32:29,SHORT,25703.0,25703.0,25693.0,REVERSAL,0,1,40.0,200.0,1201,40.0,7.0,0.8469055374592831,,,
3324,2025-11-12 09:32:29,25693.0,25709.0,25684.25,2514,19344872,19346395,2025-11-12 09:33:10,2025-11-12 09:33:43,SHORT,25706.25,25706.25,25696.25,REVERSAL,0,1,40.0,200.0,1523,40.0,28.0,0.676557155357569,,,
3325,2025-11-12 09:33:43,25696.25,25700.0,25674.0,3122,19349517,19350736,2025-11-12 09:34:46,2025-11-12 09:35:12,LONG,25677.75,25677.75,25687.75,REVERSAL,0,1,40.0,200.0,1219,40.0,21.0,0.49437260150278955,,,
3326,2025-11-12 09:35:12,25687.75,25705.0,25677.25,4764,19355500,19355966,2025-11-12 09:37:22,2025-11-12 09:37:31,SHORT,25692.25,25692.25,25682.25,REVERSAL,0,1,40.0,200.0,466,40.0,4.0,0.32781177193476535,,,
3327,2025-11-12 09:37:31,25682.25,25694.75,25669.0,4284,19360250,19360913,2025-11-12 09:39:50,2025-11-12 09:40:08,LONG,25676.0,25676.0,25686.25,REVERSAL,0,1,41.0,205.0,663,41.0,9.0,0.3546176504906048,,,
3328,2025-11-12 09:40:08,25686.25,25690.25,25658.25,2337,19363250,19365918,2025-11-12 09:41:04,2025-11-12 09:41:59,LONG,25659.75,25654.75,25659.75,REVERSAL,1,2,40.0,200.0,2668,39.0,40.0,0.6111282284058236,,,
3329,2025-11-12 09:41:59,25659.75,25665.0,25639.25,5082,19371000,19372148,2025-11-12 09:44:42,2025-11-12 09:45:13,LONG,25639.25,25639.25,25649.25,REVERSAL,0,1,40.0,200.0,1148,40.0,8.0,0.9904471594730296,,,
3330,2025-11-12 09:45:13,25649.25,25657.75,25633.5,2352,19374500,19375210,2025-11-12 09:46:37,2025-11-12 09:46:42,LONG,25633.5,25628.5,25634.75,REVERSAL,1,2,50.0,250.0,710,28.0,40.0,0.41014094903271586,,,
3331,2025-11-12 09:46:42,25634.75,25634.75,25571.75,8477,19383687,19387474,2025-11-12 09:48:58,2025-11-12 09:50:37,LONG,25584.25,25579.25,25584.25,REVERSAL,1,2,40.0,200.0,3787,27.0,48.0,0.6227275457455711,,,0.0
3332,2025-11-12 09:50:37,25584.25,25603.5,25584.25,1534,19389008,19391845,2025-11-12 09:51:01,2025-11-12 09:52:55,LONG,25593.5,25588.5,25593.75,REVERSAL,1,2,42.0,210.0,2837,34.0,40.0,1.2651674987070953,,,0.0
3333,2025-11-12 09:52:55,25593.75,25612.5,25591.75,1905,19393750,19394816,2025-11-12 09:53:47,2025-11-12 09:54:11,SHORT,25612.5,25612.5,25602.25,REVERSAL,0,1,41.0,205.0,1066,41.0,16.0,0.5635822501489951,,,0.0
3334,2025-11-12 09:54:11,25602.25,25602.25,25602.25,0,19394816,19396634,2025-11-12 09:54:11,2025-11-12 09:55:06,LONG,25602.25,25597.0,25582.0,HARD_STOP,1,2,-120.0,-600.0,1818,38.0,60.0,0.49421358467141785,,,0.0
3335,2025-11-12 09:55:06,25582.0,25586.0,25573.75,866,19397500,19399671,2025-11-12 09:55:18,2025-11-12 09:56:00,LONG,25575.5,25570.375,25575.25,REVERSAL,1,2,39.0,195.0,2171,26.0,41.0,1.3182473786063682,,,0.0
3336,2025-11-12 09:56:00,25575.25,25587.75,25566.0,1329,19401000,19401312,2025-11-12 09:56:40,2025-11-12 09:56:56,LONG,25568.5,25568.5,25578.5,REVERSAL,0,1,40.0,200.0,312,40.0,6.0,0.36056729272634064,,,0.0
3337,2025-11-12 09:56:56,25578.5,25585.5,25575.5,379,19401691,19403001,2025-11-12 09:57:09,2025-11-12 09:58:01,LONG,25575.5,25570.5,25575.5,REVERSAL,1,2,40.0,200.0,1310,20.0,40.0,0.33204030423209036,,,0.0
3338,2025-11-12 09:58:01,25575.5,25597.75,25569.5,1499,19404500,19405525,2025-11-12 09:58:52,2025-11-12 09:59:18,SHORT,25597.75,25597.75,25587.75,REVERSAL,0,1,40.0,200.0,1025,40.0,17.0,0.6760990442978397,,,0.0
3339,2025-11-12 09:59:18,25587.75,25634.0,25579.75,7301,19412826,19415826,2025-11-12 10:02:09,2025-11-12 10:04:11,SHORT,25612.75,25617.75,25632.75,HARD_STOP,1,2,-120.0,-600.0,3000,20.0,60.0,0.687349807725225,,,0.0
3340,2025-11-12 10:04:11,25632.75,25638.75,25594.5,5924,19421750,19423432,2025-11-12 10:07:04,2025-11-12 10:08:15,SHORT,25629.5,25634.5,25649.5,HARD_STOP,1,2,-120.0,-600.0,1682,23.0,60.0,0.5389214543448237,,,0.0
3341,2025-11-12 10:08:15,25649.5,25660.0,25632.0,5828,19429260,19431291,2025-11-12 10:11:20,2025-11-12 10:12:34,LONG,25646.0,25641.0,25626.0,HARD_STOP,1,2,-120.0,-600.0,2031,33.0,60.0,0.5521149558602478,,,0.0
3342,2025-11-12 10:12:34,25626.0,25627.25,25608.75,1709,19433000,19433439,2025-11-12 10:13:03,2025-11-12 10:13:17,SHORT,25621.25,25621.25,25611.25,REVERSAL,0,1,40.0,200.0,439,40.0,5.0,0.8861838619225211,,,-0.03809523809523807
3343,2025-11-12 10:13:17,25611.25,25612.5,25591.75,1072,19434511,19438356,2025-11-12 10:13:32,2025-11-12 10:15:32,LONG,25594.0,25589.0,25594.0,REVERSAL,1,2,40.0,200.0,3845,28.0,40.0,1.474237265908962,,,-0.027272727272727254
3344,2025-11-12 10:15:32,25594.0,25597.75,25587.75,324,19438680,19439380,2025-11-12 10:15:42,2025-11-12 10:16:09,LONG,25587.75,25587.75,25597.75,REVERSAL,0,1,40.0,200.0,700,40.0,18.0,0.8968287599623458,,,-0.01739130434782607
3345,2025-11-12 10:16:09,25597.75,25598.25,25588.25,284,19439664,19439996,2025-11-12 10:16:19,2025-11-12 10:16:36,LONG,25588.25,25588.25,25599.0,REVERSAL,0,1,43.0,215.0,332,43.0,4.0,0.500623268417155,,,-0.008333333333333331
3346,2025-11-12 10:16:36,25599.0,25609.5,25595.25,1061,19441057,19443018,2025-11-12 10:17:02,2025-11-12 10:18:19,SHORT,25605.25,25605.25,25595.25,REVERSAL,0,1,40.0,200.0,1961,40.0,34.0,0.6464168987588903,,,0.0
3347,2025-11-12 10:18:19,25595.25,25621.0,25575.0,9482,19452500,19452765,2025-11-12 10:25:19,2025-11-12 10:25:30,LONG,25592.25,25592.25,25602.25,REVERSAL,0,1,40.0,200.0,265,40.0,5.0,0.4302441894070804,,,0.007692307692307693
3348,2025-11-12 10:25:30,25602.25,25602.25,25590.0,517,19453282,19453642,2025-11-12 10:25:58,2025-11-12 10:26:18,LONG,25592.25,25592.25,25602.25,REVERSAL,0,1,40.0,200.0,360,40.0,6.0,0.36541352556829354,,,0.014814814814814836
3349,2025-11-12 10:26:18,25602.25,25606.25,25590.75,1397,19455039,19455452,2025-11-12 10:27:44,2025-11-12 10:28:17,LONG,25596.0,25596.0,25606.5,REVERSAL,0,1,42.0,210.0,413,42.0,15.0,0.25238503973660076,,,0.021428571428571436
3350,2025-11-12 10:28:17,25606.5,25627.0,25602.0,1798,19457250,19457742,2025-11-12 10:29:28,2025-11-12 10:29:50,SHORT,25626.5,25626.5,25616.5,REVERSAL,0,1,40.0,200.0,492,40.0,7.0,2.4108359517147884,,,0.027586206896551724
3351,2025-11-12 10:29:50,25616.5,25622.25,25567.5,8039,19465781,19467014,2025-11-12 10:35:25,2025-11-12 10:36:07,LONG,25579.25,25574.25,25559.25,HARD_STOP,1,2,-120.0,-600.0,1233,5.0,60.0,0.8250922298529043,,,0.033333333333333354
3352,2025-11-12 10:36:07,25559.25,25607.25,25528.5,12252,19479266,19481965,2025-11-12 10:40:40,2025-11-12 10:42:52,SHORT,25586.5,25591.5,25586.5,REVERSAL,1,2,40.0,200.0,2699,33.0,48.0,1.2130768610339056,,,0.05645161290322581
3353,2025-11-12 10:42:52,25586.5,25597.75,25584.0,535,19482500,19482912,2025-11-12 10:43:21,2025-11-12 10:43:46,SHORT,25597.25,25597.25,25587.25,REVERSAL,0,1,40.0,200.0,412,40.0,0.0,0.3508774264183707,,,0.0625
3354,2025-11-12 10:43:46,25587.25,25602.25,25579.75,1588,19484500,19486047,2025-11-12 10:45:12,2025-11-12 10:46:14,SHORT,25601.75,25601.75,25591.75,REVERSAL,0,1,40.0,200.0,1547,40.0,35.0,0.29132732457315763,,,0.06818181818181818
3355,2025-11-12 10:46:14,25591.75,25591.75,25570.25,2473,19488520,19489555,2025-11-12 10:48:13,2025-11-12 10:49:05,SHORT,25582.0,25582.0,25572.0,REVERSAL,0,1,40.0,200.0,1035,40.0,30.0,0.33441860122279277,,,0.023529411764705882
3356,2025-11-12 10:49:05,25572.0,25578.0,25561.5,1445,19491000,19491423,2025-11-12 10:50:04,2025-11-12 10:50:23,SHORT,25577.5,25577.5,25567.5,REVERSAL,0,1,40.0,200.0,423,40.0,4.0,0.3886600179007482,,,0.02857142857142858
3357,2025-11-12 10:50:23,25567.5,25580.0,25536.0,15577,19507000,19507182,2025-11-12 11:00:36,2025-11-12 11:00:44,SHORT,25560.25,25560.25,25550.25,REVERSAL,0,1,40.0,200.0,182,40.0,4.0,0.39777656437244463,,,0.033333333333333354
3358,2025-11-12 11:00:44,25550.25,25550.25,25550.25,0,19507182,19508632,2025-11-12 11:00:44,2025-11-12 11:01:54,LONG,25550.25,25545.25,25550.25,REVERSAL,1,2,40.0,200.0,1450,30.0,40.0,0.39777656437244463,,,0.03783783783783784
3359,2025-11-12 11:01:54,25550.25,25567.0,25545.25,1118,19509750,19510380,2025-11-12 11:02:54,2025-11-12 11:03:32,SHORT,25565.75,25565.75,25555.75,REVERSAL,0,1,40.0,200.0,630,40.0,13.0,0.3478003192541001,,,0.04210526315789476
3360,2025-11-12 11:03:32,25555.75,25561.5,25531.5,6120,19516500,19518055,2025-11-12 11:10:16,2025-11-12 11:10:53,LONG,25534.75,25529.75,25514.75,HARD_STOP,1,2,-120.0,-600.0,1555,32.0,60.0,0.762467295778343,,,-0.0038461538461538602
3361,2025-11-12 11:10:53,25514.75,25523.0,25504.0,2445,19520500,19522827,2025-11-12 11:12:00,2025-11-12 11:13:14,LONG,25504.0,25504.0,25514.0,REVERSAL,0,1,40.0,200.0,2327,40.0,12.0,0.882954702744769,,,-0.024999999999999994
3362,2025-11-12 11:13:14,25514.0,25517.75,25497.0,1844,19524671,19525162,2025-11-12 11:14:27,2025-11-12 11:14:51,LONG,25498.75,25498.75,25508.75,REVERSAL,0,1,40.0,200.0,491,40.0,0.0,0.4830638417449531,,,-0.07073170731707318
3363,2025-11-12 11:14:51,25508.75,25530.0,25506.25,1338,19526500,19530773,2025-11-12 11:15:22,2025-11-12 11:18:14,SHORT,25530.0,25535.0,25530.0,REVERSAL,1,2,40.0,200.0,4273,22.0,53.0,1.3305764046052249,,,-0.06666666666666665
3364,2025-11-12 11:18:14,25530.0,25536.25,25526.25,397,19531170,19533276,2025-11-12 11:18:34,2025-11-12 11:20:59,SHORT,25536.25,25541.25,25536.25,REVERSAL,1,2,40.0,200.0,2106,33.0,43.0,0.38321645300182783,,,-0.06279069767441861
3365,2025-11-12 11:20:59,25536.25,25536.25,25536.25,0,19533276,19534008,2025-11-12 11:20:59,2025-11-12 11:21:37,LONG,25536.25,25536.25,25546.5,REVERSAL,0,1,41.0,205.0,732,41.0,20.0,0.45020338883299665,,,-0.05909090909090908
3366,2025-11-12 11:21:37,25546.5,25548.75,25537.75,992,19535000,19535960,2025-11-12 11:22:53,2025-11-12 11:24:16,SHORT,25548.25,25548.25,25538.25,REVERSAL,0,1,40.0,200.0,960,40.0,11.0,0.23619918562697548,,,-0.05555555555555555
3367,2025-11-12 11:24:16,25538.25,25564.5,25528.5,4077,19540037,19542735,2025-11-12 11:28:01,2025-11-12 11:29:51,SHORT,25562.75,25567.75,25582.75,HARD_STOP,1,2,-120.0,-600.0,2698,37.0,60.0,0.4232542566887804,,,-0.052173913043478265
3368,2025-11-12 11:29:51,25582.75,25608.5,25566.0,6333,19549068,19550350,2025-11-12 11:33:35,2025-11-12 11:34:22,SHORT,25590.5,25590.5,25580.5,REVERSAL,0,1,40.0,200.0,1282,40.0,18.0,0.6187078315804692,,,-0.02021276595744681
3369,2025-11-12 11:34:22,25580.5,25581.75,25569.5,762,19551112,19553929,2025-11-12 11:34:39,2025-11-12 11:37:23,SHORT,25579.5,25584.5,25599.5,HARD_STOP,1,2,-120.0,-600.0,2817,29.0,60.0,0.9300895314532674,,,-0.016666666666666663
3370,2025-11-12 11:37:23,25599.5,25603.0,25556.0,5071,19559000,19561113,2025-11-12 11:43:00,2025-11-12 11:45:21,LONG,25564.0,25559.0,25564.0,REVERSAL,1,2,40.0,200.0,2113,20.0,49.0,0.2373701214351293,,,0.0163265306122449
3371,2025-11-12 11:45:21,25564.0,25566.75,25523.25,2887,19564000,19565770,2025-11-12 11:47:21,2025-11-12 11:48:15,LONG,25524.0,25519.0,25504.0,HARD_STOP,1,2,-120.0,-600.0,1770,20.0,60.0,0.9571434609897018,,,0.020000000000000018
3372,2025-11-12 11:48:15,25504.0,25526.25,25488.75,5005,19570775,19574594,2025-11-12 11:50:20,2025-11-12 11:52:35,SHORT,25524.5,25529.5,25544.75,HARD_STOP,1,2,-122.0,-610.0,3819,36.0,61.0,1.4339181933448852,,,0.003921568627450994
3373,2025-11-12 11:52:35,25544.75,25546.25,25516.0,2157,19576751,19577228,2025-11-12 11:54:02,2025-11-12 11:54:39,SHORT,25531.5,25531.5,25521.5,REVERSAL,0,1,40.0,200.0,477,40.0,5.0,0.7225067861678255,,,0.038461538461538464
3374,2025-11-12 11:54:39,25521.5,25524.5,25514.5,492,19577720,19579631,2025-11-12 11:55:05,2025-11-12 11:56:43,SHORT,25524.5,25529.5,25544.5,HARD_STOP,1,2,-120.0,-600.0,1911,24.0,60.0,0.28952455531408916,,,0.042452830188679236
3375,2025-11-12 11:56:43,25544.5,25552.75,25537.75,892,19580523,19580993,2025-11-12 11:57:15,2025-11-12 11:57:41,LONG,25542.75,25542.75,25552.75,REVERSAL,0,1,40.0,200.0,470,40.0,4.0,0.48515864440749645,,,0.07777777777777778
3376,2025-11-12 11:57:41,25552.75,25559.75,25516.25,8762,19589755,19590402,2025-11-12 12:05:14,2025-11-12 12:05:43,SHORT,25548.75,25548.75,25538.75,REVERSAL,0,1,40.0,200.0,647,40.0,12.0,0.49207667078122713,,,0.08181818181818182
3377,2025-11-12 12:05:43,25538.75,25565.75,25518.0,4848,19595250,19595624,2025-11-12 12:10:11,2025-11-12 12:10:27,LONG,25522.0,25522.0,25532.0,REVERSAL,0,1,40.0,200.0,374,40.0,1.0,1.191802749499963,,,0.08571428571428572
3378,2025-11-12 12:10:27,25532.0,25555.5,25522.25,2126,19597750,19598462,2025-11-12 12:12:07,2025-11-12 12:12:57,SHORT,25553.25,25553.25,25543.25,REVERSAL,0,1,40.0,200.0,712,40.0,5.0,0.37384072788462275,,,0.08947368421052632
3379,2025-11-12 12:12:57,25543.25,25551.75,25541.25,185,19598647,19600604,2025-11-12 12:13:12,2025-11-12 12:15:35,SHORT,25551.75,25556.75,25571.75,HARD_STOP,1,2,-120.0,-600.0,1957,25.0,60.0,0.24966835273404567,,,0.09310344827586206
3380,2025-11-12 12:15:35,25571.75,25576.25,25552.0,1646,19602250,19603343,2025-11-12 12:16:33,2025-11-12 12:17:21,LONG,25553.0,25548.0,25533.0,HARD_STOP,1,2,-120.0,-600.0,1093,21.0,60.0,1.0048392011034484,,,0.12966101694915252
3381,2025-11-12 12:17:21,25533.0,25540.0,25524.0,1679,19605022,19605517,2025-11-12 12:18:21,2025-11-12 12:18:53,SHORT,25534.0,25534.0,25524.0,REVERSAL,0,1,40.0,200.0,495,40.0,10.0,0.5033097505333258,,,0.11666666666666664
3382,2025-11-12 12:18:53,25524.0,25524.0,25524.0,0,19605517,19605881,2025-11-12 12:18:53,2025-11-12 12:19:10,LONG,25524.0,25524.0,25534.0,REVERSAL,0,1,40.0,200.0,364,40.0,14.0,0.40312056084296666,,,0.1204918032786885
3383,2025-11-12 12:19:10,25534.0,25567.0,25525.25,5192,19611073,19612216,2025-11-12 12:24:35,2025-11-12 12:26:04,SHORT,25556.0,25561.0,25556.0,REVERSAL,1,2,40.0,200.0,1143,20.0,40.0,0.21804209641341804,,,0.12419354838709676
3384,2025-11-12 12:26:04,25556.0,25556.0,25544.0,284,19612500,19612680,2025-11-12 12:26:11,2025-11-12 12:26:20,LONG,25544.0,25544.0,25554.0,REVERSAL,0,1,40.0,200.0,180,40.0,7.0,0.4080204638760779,,,0.12777777777777777
3385,2025-11-12 12:26:20,25554.0,25554.0,25554.0,0,19612680,19613584,2025-11-12 12:26:20,2025-11-12 12:27:44,SHORT,25554.0,25554.0,25544.0,REVERSAL,0,1,40.0,200.0,904,40.0,28.0,0.4080204638760779,,,0.13124999999999998
3386,2025-11-12 12:27:44,25544.0,25569.0,25544.0,4545,19618129,19620237,2025-11-12 12:34:38,2025-11-12 12:36:55,SHORT,25565.25,25570.25,25585.25,HARD_STOP,1,2,-120.0,-600.0,2108,0.0,60.0,0.20672406901764956,,,0.13461538461538458
3387,2025-11-12 12:36:55,25585.25,25617.0,25585.25,3263,19623500,19624162,2025-11-12 12:39:08,2025-11-12 12:39:37,SHORT,25615.75,25615.75,25605.5,REVERSAL,0,1,41.0,205.0,662,41.0,0.0,3.110374711490838,,,0.17272727272727276
3388,2025-11-12 12:39:37,25605.5,25620.0,25605.25,588,19624750,19626618,2025-11-12 12:40:07,2025-11-12 12:41:41,SHORT,25618.25,25623.25,25618.25,REVERSAL,1,2,40.0,200.0,1868,20.0,40.0,0.4153271116506495,,,0.1261194029850746
3389,2025-11-12 12:41:41,25618.25,25626.25,25551.25,13132,19639750,19639891,2025-11-12 12:51:39,2025-11-12 12:51:49,LONG,25555.5,25555.5,25565.5,REVERSAL,0,1,40.0,200.0,141,40.0,3.0,0.4512954272372456,,,0.12941176470588234
3390,2025-11-12 12:51:49,25565.5,25565.5,25565.5,0,19639891,19641559,2025-11-12 12:51:49,2025-11-12 12:53:41,SHORT,25565.5,25570.875,25566.25,REVERSAL,1,2,37.0,185.0,1668,18.5,45.5,0.4512954272372456,,,0.08260869565217391
3391,2025-11-12 12:53:41,25566.25,25580.25,25562.25,941,19642500,19642707,2025-11-12 12:55:09,2025-11-12 12:55:24,SHORT,25579.5,25579.5,25569.0,REVERSAL,0,1,42.0,210.0,207,42.0,3.0,0.20497547009616748,,,0.08571428571428572
3392,2025-11-12 12:55:24,25569.0,25569.0,25569.0,0,19642707,19642930,2025-11-12 12:55:24,2025-11-12 12:55:40,LONG,25569.0,25569.0,25579.0,REVERSAL,0,1,40.0,200.0,223,40.0,12.0,0.20497547009616748,,,0.03873239436619719
3393,2025-11-12 12:55:40,25579.0,25594.75,25572.5,1570,19644500,19644937,2025-11-12 12:57:20,2025-11-12 12:57:36,SHORT,25594.5,25594.5,25584.5,REVERSAL,0,1,40.0,200.0,437,40.0,2.0,0.3752282927199664,,,-0.008333333333333331
3394,2025-11-12 12:57:36,25584.5,25616.25,25583.0,1813,19646750,19648293,2025-11-12 12:58:37,2025-11-12 13:00:20,SHORT,25614.0,25614.0,25604.0,REVERSAL,0,1,40.0,200.0,1543,40.0,13.0,2.123631507541959,,,-0.005479452054794498
3395,2025-11-12 13:00:20,25604.0,25616.0,25598.5,2707,19651000,19651201,2025-11-12 13:04:17,2025-11-12 13:04:31,LONG,25605.0,25605.0,25615.0,REVERSAL,0,1,40.0,200.0,201,40.0,1.0,0.6418722346977742,,,-0.05270270270270272
3396,2025-11-12 13:04:31,25615.0,25615.0,25615.0,0,19651201,19651561,2025-11-12 13:04:31,2025-11-12 13:05:12,SHORT,25615.0,25615.0,25605.0,REVERSAL,0,1,40.0,200.0,360,40.0,0.0,0.6418722346977742,,,-0.05000000000000002
3397,2025-11-12 13:05:12,25605.0,25611.25,25583.25,4439,19656000,19656700,2025-11-12 13:10:36,2025-11-12 13:11:22,SHORT,25598.25,25598.25,25588.25,REVERSAL,0,1,40.0,200.0,700,40.0,9.0,0.43044365378779653,,,-0.04736842105263159
3398,2025-11-12 13:11:22,25588.25,25618.0,25582.75,2800,19659500,19660283,2025-11-12 13:15:47,2025-11-12 13:16:55,SHORT,25617.5,25617.5,25607.5,REVERSAL,0,1,40.0,200.0,783,40.0,11.0,0.2499153370955398,,,-0.04480519480519482
3399,2025-11-12 13:16:55,25607.5,25607.5,25607.5,0,19660283,19660458,2025-11-12 13:16:55,2025-11-12 13:17:06,LONG,25607.5,25607.5,25617.5,REVERSAL,0,1,40.0,200.0,175,40.0,0.0,0.28297588021902165,,,-0.042307692307692324
3400,2025-11-12 13:17:06,25617.5,25617.5,25617.5,0,19660458,19661312,2025-11-12 13:17:06,2025-11-12 13:17:44,SHORT,25617.5,25622.5,25617.5,REVERSAL,1,2,40.0,200.0,854,20.0,40.0,0.28297588021902165,,,-0.089873417721519
3401,2025-11-12 13:17:44,25617.5,25626.5,25611.25,1188,19662500,19662884,2025-11-12 13:19:31,2025-11-12 13:20:12,SHORT,25624.75,25624.75,25614.75,REVERSAL,0,1,40.0,200.0,384,40.0,3.0,0.20402679388096306,,,-0.1375
3402,2025-11-12 13:20:12,25614.75,25621.0,25600.5,2891,19665775,19667926,2025-11-12 13:24:01,2025-11-12 13:27:37,SHORT,25611.0,25611.0,25601.0,REVERSAL,0,1,40.0,200.0,2151,40.0,37.0,0.27374955934479783,,,-0.13518518518518519
3403,2025-11-12 13:27:37,25601.0,25613.0,25592.0,1870,19669796,19671536,2025-11-12 13:29:59,2025-11-12 13:32:16,SHORT,25610.25,25615.25,25610.25,REVERSAL,1,2,40.0,200.0,1740,24.0,40.0,0.551933969404272,,,-0.1329268292682927
3404,2025-11-12 13:32:16,25610.25,25618.5,25603.0,2214,19673750,19674259,2025-11-12 13:36:29,2025-11-12 13:37:44,LONG,25606.5,25606.5,25616.5,REVERSAL,0,1,40.0,200.0,509,40.0,10.0,0.1757494730784638,,,-0.13072289156626504
3405,2025-11-12 13:37:44,25616.5,25637.25,25610.5,5241,19679500,19682469,2025-11-12 13:44:26,2025-11-12 13:47:21,LONG,25611.0,25606.0,25591.0,HARD_STOP,1,2,-120.0,-600.0,2969,20.0,60.0,0.8414883857199746,,,-0.12857142857142856
3406,2025-11-12 13:47:21,25591.0,25616.5,25587.25,3281,19685750,19687009,2025-11-12 13:51:38,2025-11-12 13:53:58,SHORT,25613.25,25613.25,25603.25,REVERSAL,0,1,40.0,200.0,1259,40.0,20.0,0.33980926347928936,,,-0.08823529411764705
3407,2025-11-12 13:53:58,25603.25,25603.25,25603.25,0,19687009,19687341,2025-11-12 13:53:58,2025-11-12 13:55:13,LONG,25603.25,25603.25,25613.25,REVERSAL,0,1,40.0,200.0,332,40.0,0.0,0.17931726397067568,,,-0.13604651162790699
3408,2025-11-12 13:55:13,25613.25,25621.75,25603.75,3409,19690750,19691867,2025-11-12 14:02:39,2025-11-12 14:04:17,SHORT,25614.25,25619.25,25614.25,REVERSAL,1,2,40.0,200.0,1117,23.0,40.0,0.14936102912394575,,,-0.1339080459770115
3409,2025-11-12 14:04:17,25614.25,25614.75,25592.0,2133,19694000,19694404,2025-11-12 14:07:32,2025-11-12 14:08:14,LONG,25592.0,25592.0,25602.25,REVERSAL,0,1,41.0,205.0,404,41.0,1.0,0.2880058999664746,,,-0.13181818181818183
3410,2025-11-12 14:08:14,25602.25,25617.0,25601.25,1642,19696046,19696451,2025-11-12 14:10:49,2025-11-12 14:11:38,SHORT,25611.25,25611.25,25601.25,REVERSAL,0,1,40.0,200.0,405,40.0,5.0,0.2891020375799236,,,-0.1297752808988764
3411,2025-11-12 14:11:38,25601.25,25609.0,25579.25,3800,19700251,19701818,2025-11-12 14:16:28,2025-11-12 14:19:09,LONG,25592.5,25587.5,25592.5,REVERSAL,1,2,40.0,200.0,1567,20.0,40.0,0.7750747132164574,,,-0.12777777777777777
3412,2025-11-12 14:19:09,25592.5,25605.5,25582.5,2872,19704690,19705218,2025-11-12 14:22:38,2025-11-12 14:23:27,LONG,25587.25,25587.25,25597.25,REVERSAL,0,1,40.0,200.0,528,40.0,12.0,0.3343788367104786,,,-0.12582417582417582
3413,2025-11-12 14:23:27,25597.25,25597.5,25587.5,181,19705399,19706090,2025-11-12 14:23:38,2025-11-12 14:25:17,LONG,25587.5,25587.5,25597.5,REVERSAL,0,1,40.0,200.0,691,40.0,5.0,0.21973689998766713,,,-0.12391304347826086
3414,2025-11-12 14:25:17,25597.5,25604.5,25593.25,912,19707002,19707268,2025-11-12 14:26:10,2025-11-12 14:26:53,LONG,25594.5,25594.5,25604.75,REVERSAL,0,1,41.0,205.0,266,41.0,2.0,0.4148695958228333,,,-0.12204301075268818
3415,2025-11-12 14:26:53,25604.75,25605.25,25568.25,2903,19710171,19713268,2025-11-12 14:30:10,2025-11-12 14:33:02,LONG,25579.5,25574.5,25559.5,HARD_STOP,1,2,-120.0,-600.0,3097,4.0,60.0,0.3727132867490625,,,-0.1202127659574468
3416,2025-11-12 14:33:02,25559.5,25591.25,25552.25,5232,19718500,19719931,2025-11-12 14:37:27,2025-11-12 14:40:11,SHORT,25591.0,25591.0,25581.0,REVERSAL,0,1,40.0,200.0,1431,40.0,8.0,0.47536927454444217,,,-0.07894736842105263
3417,2025-11-12 14:40:11,25581.0,25597.75,25574.0,2837,19722768,19724470,2025-11-12 14:44:43,2025-11-12 14:48:11,SHORT,25586.0,25591.0,25586.0,REVERSAL,1,2,40.0,200.0,1702,30.0,40.0,0.5131346038584778,,,-0.07708333333333334
3418,2025-11-12 14:48:11,25586.0,25592.0,25573.75,1030,19725500,19725843,2025-11-12 14:50:31,2025-11-12 14:51:07,LONG,25573.75,25573.75,25583.75,REVERSAL,0,1,40.0,200.0,343,40.0,4.0,0.2490360626284511,,,-0.07525773195876287
3419,2025-11-12 14:51:07,25583.75,25601.5,25564.75,6090,19731933,19733477,2025-11-12 15:00:00,2025-11-12 15:01:51,LONG,25578.75,25573.75,25558.75,HARD_STOP,1,2,-120.0,-600.0,1544,20.0,60.0,0.6626553326733337,,,-0.07346938775510203
3420,2025-11-12 15:01:51,25558.75,25573.75,25556.5,1773,19735250,19735600,2025-11-12 15:04:40,2025-11-12 15:05:07,SHORT,25572.0,25572.0,25562.0,REVERSAL,0,1,40.0,200.0,350,40.0,14.0,0.28192328336273614,,,-0.03181818181818183
3421,2025-11-12 15:05:07,25562.0,25567.0,25545.0,2449,19738049,19739831,2025-11-12 15:07:34,2025-11-12 15:11:16,SHORT,25564.0,25564.0,25554.0,REVERSAL,0,1,40.0,200.0,1782,40.0,12.0,0.6680538958433195,,,-0.03
3422,2025-11-12 15:11:16,25554.0,25564.75,25551.25,2169,19742000,19742146,2025-11-12 15:16:11,2025-11-12 15:16:23,LONG,25551.25,25551.25,25561.25,REVERSAL,0,1,40.0,200.0,146,40.0,5.0,0.308485668991212,,,-0.028217821782178215
3423,2025-11-12 15:16:23,25561.25,25561.25,25561.25,0,19742146,19744817,2025-11-12 15:16:23,2025-11-12 15:20:00,SHORT,25561.25,25566.25,25581.25,HARD_STOP,1,2,-120.0,-600.0,2671,22.0,60.0,0.308485668991212,,,-0.026470588235294135
3424,2025-11-12 15:20:00,25581.25,25582.25,25568.25,433,19745250,19745642,2025-11-12 15:20:36,2025-11-12 15:21:12,LONG,25570.25,25570.25,25580.5,REVERSAL,0,1,41.0,205.0,392,41.0,3.0,0.2563090874510942,,,0.015533980582524282
3425,2025-11-12 15:21:12,25580.5,25621.75,25574.5,7858,19753500,19758875,2025-11-12 15:32:03,2025-11-12 15:36:50,SHORT,25620.75,25625.75,25620.75,REVERSAL,1,2,40.0,200.0,5375,29.0,54.0,0.6262411570037153,,,0.01730769230769233
3426,2025-11-12 15:36:50,25620.75,25624.25,25600.75,2125,19761000,19761849,2025-11-12 15:38:46,2025-11-12 15:39:49,LONG,25601.25,25601.25,25611.25,REVERSAL,0,1,40.0,200.0,849,40.0,7.0,1.0794740177521895,,,-0.030952380952380953
3427,2025-11-12 15:39:49,25611.25,25623.75,25607.75,1045,19762894,19763331,2025-11-12 15:40:43,2025-11-12 15:41:23,LONG,25613.75,25613.75,25623.75,REVERSAL,0,1,40.0,200.0,437,40.0,4.0,0.5046867572504831,,,-0.029245283018867918
3428,2025-11-12 15:41:23,25623.75,25627.5,25612.25,2187,19765518,19767191,2025-11-12 15:45:28,2025-11-12 15:47:46,LONG,25617.5,25612.5,25617.5,REVERSAL,1,2,40.0,200.0,1673,22.0,40.0,0.9502243590902649,,,-0.027570093457943923
3429,2025-11-13 09:30:00,25477.25,25497.75,25473.5,990,19928250,19928783,2025-11-13 09:30:03,2025-11-13 09:30:08,SHORT,25497.75,25497.75,25487.75,REVERSAL,0,1,40.0,200.0,533,40.0,17.0,,45.0,14.0,
3430,2025-11-13 09:30:08,25487.75,25494.0,25469.0,2217,19931000,19932282,2025-11-13 09:30:44,2025-11-13 09:31:05,LONG,25469.0,25464.0,25449.0,HARD_STOP,1,2,-120.0,-600.0,1282,28.0,60.0,,71.5,-30.25,
3431,2025-11-13 09:31:05,25449.0,25454.25,25435.75,1218,19933500,19934344,2025-11-13 09:31:19,2025-11-13 09:31:32,LONG,25435.75,25435.75,25445.75,REVERSAL,0,1,40.0,200.0,844,40.0,9.0,0.7680491551459293,137.0,-64.0,
3432,2025-11-13 09:31:32,25445.75,25453.75,25443.75,418,19934762,19935234,2025-11-13 09:31:39,2025-11-13 09:31:48,SHORT,25453.75,25453.75,25443.75,REVERSAL,0,1,40.0,200.0,472,40.0,9.0,0.6122448979591837,137.0,-28.0,
3433,2025-11-13 09:31:48,25443.75,25471.25,25441.75,1451,19936685,19936771,2025-11-13 09:32:13,2025-11-13 09:32:14,LONG,25456.25,25456.25,25466.5,REVERSAL,0,1,41.0,205.0,86,41.0,3.0,0.8569065343258893,137.0,-23.0,
3434,2025-11-13 09:32:14,25466.5,25472.75,25447.75,1229,19938000,19938290,2025-11-13 09:32:45,2025-11-13 09:32:58,SHORT,25461.0,25461.0,25451.0,REVERSAL,0,1,40.0,200.0,290,40.0,6.0,0.46554790812775504,137.0,-13.5,
3435,2025-11-13 09:32:58,25451.0,25476.75,25402.5,7460,19945750,19947208,2025-11-13 09:35:24,2025-11-13 09:35:47,LONG,25402.75,25397.75,25402.75,REVERSAL,1,2,40.0,200.0,1458,20.0,40.0,0.9947017902188241,201.0,-98.0,
3436,2025-11-13 09:35:47,25402.75,25406.25,25396.0,241,19947449,19947631,2025-11-13 09:35:51,2025-11-13 09:35:56,LONG,25396.0,25396.0,25406.0,REVERSAL,0,1,40.0,200.0,182,40.0,0.0,0.7547724655083686,219.5,-102.25,
3437,2025-11-13 09:35:56,25406.0,25408.0,25359.0,4369,19952000,19953460,2025-11-13 09:37:22,2025-11-13 09:37:56,LONG,25360.25,25360.25,25370.25,REVERSAL,0,1,40.0,200.0,1460,40.0,19.0,0.5371600910416945,292.0,-137.5,
3438,2025-11-13 09:37:56,25370.25,25378.25,25361.5,1060,19954520,19954908,2025-11-13 09:38:16,2025-11-13 09:38:28,SHORT,25371.75,25371.75,25361.75,REVERSAL,0,1,40.0,200.0,388,40.0,2.0,0.8287863842785466,293.0,-114.0,
3439,2025-11-13 09:38:28,25361.75,25386.25,25341.5,4842,19959750,19960057,2025-11-13 09:40:09,2025-11-13 09:40:13,LONG,25343.5,25343.5,25353.5,REVERSAL,0,1,40.0,200.0,307,40.0,2.0,1.1142722768649358,321.0,-156.5,0.0
3440,2025-11-13 09:40:13,25353.5,25359.0,25342.75,943,19961000,19963176,2025-11-13 09:40:34,2025-11-13 09:41:19,SHORT,25359.0,25364.0,25359.0,REVERSAL,1,2,40.0,200.0,2176,34.0,49.0,0.4816402797585853,321.0,-125.5,0.0
3441,2025-11-13 09:41:19,25359.0,25362.75,25317.75,4574,19967750,19968595,2025-11-13 09:42:41,2025-11-13 09:43:01,SHORT,25350.5,25350.5,25340.5,REVERSAL,0,1,40.0,200.0,845,40.0,0.0,1.721719079358548,368.5,-118.75,0.0
3442,2025-11-13 09:43:01,25340.5,25342.0,25280.25,8975,19977570,19977986,2025-11-13 09:46:09,2025-11-13 09:46:25,LONG,25297.25,25297.25,25307.25,REVERSAL,0,1,40.0,200.0,416,40.0,2.0,0.4483832685773739,443.5,-187.75,0.0
3443,2025-11-13 09:46:25,25307.25,25317.5,25306.75,514,19978500,19978726,2025-11-13 09:46:40,2025-11-13 09:46:45,SHORT,25317.5,25317.5,25307.25,REVERSAL,0,1,41.0,205.0,226,41.0,2.0,0.6045339076188444,443.5,-147.25,0.0
3444,2025-11-13 09:46:45,25307.25,25307.25,25307.25,0,19978726,19979349,2025-11-13 09:46:45,2025-11-13 09:47:02,LONG,25307.25,25307.25,25317.25,REVERSAL,0,1,40.0,200.0,623,40.0,37.0,0.6045339076188444,443.5,-167.75,0.0
3445,2025-11-13 09:47:02,25317.25,25346.75,25300.75,8228,19987577,19988520,2025-11-13 09:50:46,2025-11-13 09:51:15,SHORT,25336.25,25341.25,25336.25,REVERSAL,1,2,40.0,200.0,943,20.0,40.0,0.7700541472290882,443.5,-109.75,0.0
3446,2025-11-13 09:51:15,25336.25,25339.0,25329.0,439,19988959,19989826,2025-11-13 09:51:28,2025-11-13 09:51:42,SHORT,25339.0,25344.0,25359.0,HARD_STOP,1,2,-120.0,-600.0,867,14.0,60.0,0.6479909223328316,443.5,-104.25,0.0
3447,2025-11-13 09:51:42,25359.0,25387.75,25356.5,4232,19994058,19994511,2025-11-13 09:53:19,2025-11-13 09:53:31,SHORT,25379.0,25379.0,25369.0,REVERSAL,0,1,40.0,200.0,453,40.0,29.0,0.7837643478873211,443.5,-24.25,0.0
3448,2025-11-13 09:53:31,25369.0,25386.75,25364.0,2489,19997000,19997840,2025-11-13 09:54:25,2025-11-13 09:54:50,LONG,25372.25,25367.25,25352.25,HARD_STOP,1,2,-120.0,-600.0,840,27.0,60.0,1.3190448999280562,443.5,-37.75,0.0
3449,2025-11-13 09:54:50,25352.25,25388.0,25350.0,2412,20000252,20000960,2025-11-13 09:55:58,2025-11-13 09:56:14,SHORT,25376.0,25381.0,25396.0,HARD_STOP,1,2,-120.0,-600.0,708,33.0,60.0,0.5744168423579902,443.5,-30.25,0.0
3450,2025-11-13 09:56:14,25396.0,25416.75,25378.75,2098,20003058,20003426,2025-11-13 09:57:08,2025-11-13 09:57:16,SHORT,25414.5,25414.5,25404.25,REVERSAL,0,1,41.0,205.0,368,41.0,13.0,3.9778787430930667,443.5,46.75,0.009523809523809545
3451,2025-11-13 09:57:16,25404.25,25413.5,25361.25,9442,20012868,20014158,2025-11-13 10:02:00,2025-11-13 10:02:35,LONG,25366.0,25361.0,25346.0,HARD_STOP,1,2,-120.0,-600.0,1290,23.0,60.0,0.6907991414239704,443.5,-50.25,-0.03181818181818183
3452,2025-11-13 10:02:35,25346.0,25353.75,25340.75,639,20014797,20015004,2025-11-13 10:02:47,2025-11-13 10:02:56,SHORT,25351.0,25351.0,25341.0,REVERSAL,0,1,40.0,200.0,207,40.0,4.0,0.6936873555236782,443.5,-80.25,-0.01739130434782607
3453,2025-11-13 10:02:56,25341.0,25356.5,25338.25,1246,20016250,20016437,2025-11-13 10:03:31,2025-11-13 10:03:39,LONG,25344.25,25344.25,25354.5,REVERSAL,0,1,41.0,205.0,187,41.0,0.0,0.418584799179667,443.5,-93.75,-0.008333333333333331
3454,2025-11-13 10:03:39,25354.5,25354.5,25354.5,0,20016437,20017411,2025-11-13 10:03:39,2025-11-13 10:04:17,SHORT,25354.5,25354.5,25344.5,REVERSAL,0,1,40.0,200.0,974,40.0,28.0,0.418584799179667,443.5,-73.25,0.0
3455,2025-11-13 10:04:17,25344.5,25346.25,25326.75,839,20018250,20018761,2025-11-13 10:04:41,2025-11-13 10:05:00,LONG,25327.25,25327.25,25337.25,REVERSAL,0,1,40.0,200.0,511,40.0,14.0,0.7049750796967184,443.5,-127.75,0.007692307692307693
3456,2025-11-13 10:05:00,25337.25,25346.5,25333.75,239,20019000,20019272,2025-11-13 10:05:05,2025-11-13 10:05:15,SHORT,25346.5,25346.5,25336.5,REVERSAL,0,1,40.0,200.0,272,40.0,5.0,0.42445151205850984,443.5,-89.25,0.014814814814814836
3457,2025-11-13 10:05:15,25336.5,25403.75,25333.75,5478,20024750,20026191,2025-11-13 10:07:56,2025-11-13 10:08:32,SHORT,25403.5,25408.5,25423.5,HARD_STOP,1,2,-120.0,-600.0,1441,38.0,60.0,0.7204943375906566,443.5,24.75,0.021428571428571436
3458,2025-11-13 10:08:32,25423.5,25440.0,25415.5,809,20027000,20027214,2025-11-13 10:08:42,2025-11-13 10:08:42,SHORT,25440.0,25440.0,25430.0,REVERSAL,0,1,40.0,200.0,214,40.0,0.0,0.6126962284462786,443.5,97.75,0.04310344827586207
3459,2025-11-13 10:08:42,25430.0,25430.0,25430.0,0,20027214,20028734,2025-11-13 10:08:42,2025-11-13 10:09:07,LONG,25430.0,25430.0,25440.0,REVERSAL,0,1,40.0,200.0,1520,40.0,25.0,0.6126962284462786,443.5,77.75,0.04999999999999999
3460,2025-11-13 10:09:07,25440.0,25440.5,25428.75,516,20029250,20030078,2025-11-13 10:09:21,2025-11-13 10:09:52,LONG,25430.5,25430.5,25440.5,REVERSAL,0,1,40.0,200.0,828,40.0,7.0,0.6069539480876466,443.5,78.75,0.05645161290322581
3461,2025-11-13 10:09:52,25440.5,25442.5,25415.25,4176,20034254,20035530,2025-11-13 10:12:03,2025-11-13 10:12:36,SHORT,25435.25,25440.375,25455.5,HARD_STOP,1,2,-121.0,-605.0,1276,25.0,60.5,0.2275427520790181,443.5,88.25,0.0625
3462,2025-11-13 10:12:36,25455.5,25477.5,25437.0,6720,20042250,20044032,2025-11-13 10:15:53,2025-11-13 10:16:35,SHORT,25474.75,25479.75,25494.75,HARD_STOP,1,2,-120.0,-600.0,1782,17.0,60.0,0.6246160822733183,443.5,167.25,0.08787878787878786
3463,2025-11-13 10:16:35,25494.75,25496.75,25464.0,1968,20046000,20048408,2025-11-13 10:17:18,2025-11-13 10:18:19,LONG,25464.0,25459.0,25465.0,REVERSAL,1,2,48.0,240.0,2408,24.0,49.0,0.8771752751921404,443.5,145.75,0.11470588235294116
3464,2025-11-13 10:18:19,25465.0,25470.0,25446.0,842,20049250,20049846,2025-11-13 10:18:46,2025-11-13 10:19:12,LONG,25449.0,25449.0,25459.0,REVERSAL,0,1,40.0,200.0,596,40.0,10.0,0.6312597336842826,443.5,115.75,0.12142857142857141
3465,2025-11-13 10:19:12,25459.0,25460.0,25405.25,6293,20056139,20058181,2025-11-13 10:22:10,2025-11-13 10:23:09,LONG,25412.25,25407.25,25392.25,HARD_STOP,1,2,-120.0,-600.0,2042,22.0,60.0,0.5585187182845791,443.5,42.25,0.12777777777777777
3466,2025-11-13 10:23:09,25392.25,25412.5,25384.25,1319,20059500,20059766,2025-11-13 10:23:39,2025-11-13 10:23:45,SHORT,25411.75,25411.75,25401.5,REVERSAL,0,1,41.0,205.0,266,41.0,5.0,1.4969157449808987,443.5,41.25,0.15675675675675677
3467,2025-11-13 10:23:45,25401.5,25419.0,25391.75,1234,20061000,20061494,2025-11-13 10:24:31,2025-11-13 10:24:44,SHORT,25418.25,25418.25,25408.25,REVERSAL,0,1,40.0,200.0,494,40.0,20.0,0.34701742279139913,443.5,54.25,0.1131578947368421
3468,2025-11-13 10:24:44,25408.25,25417.5,25371.25,5756,20067250,20067798,2025-11-13 10:28:17,2025-11-13 10:28:41,LONG,25373.5,25373.5,25383.5,REVERSAL,0,1,40.0,200.0,548,40.0,11.0,0.7641196658097746,443.5,-35.25,0.1192307692307692
3469,2025-11-13 10:28:41,25383.5,25392.5,25373.75,1702,20069500,20071327,2025-11-13 10:30:02,2025-11-13 10:31:31,LONG,25380.25,25375.25,25380.25,REVERSAL,1,2,40.0,200.0,1827,24.0,40.0,0.3306094076909042,443.5,-21.75,0.07499999999999998
3470,2025-11-13 10:31:31,25380.25,25382.0,25314.0,5423,20076750,20077715,2025-11-13 10:34:40,2025-11-13 10:35:06,LONG,25319.0,25319.0,25329.0,REVERSAL,0,1,40.0,200.0,965,40.0,15.0,1.564303798483515,443.5,-144.25,0.03048780487804878
3471,2025-11-13 10:35:06,25329.0,25337.25,25319.25,1287,20079002,20080510,2025-11-13 10:35:50,2025-11-13 10:36:34,SHORT,25333.75,25333.75,25323.75,REVERSAL,0,1,40.0,200.0,1508,40.0,29.0,0.39302538398932607,443.5,-114.75,0.035714285714285726
3472,2025-11-13 10:36:34,25323.75,25337.25,25322.75,490,20081000,20081209,2025-11-13 10:36:57,2025-11-13 10:37:05,SHORT,25337.25,25337.25,25327.25,REVERSAL,0,1,40.0,200.0,209,40.0,2.0,0.43089022086373246,443.5,-107.75,-0.009302325581395349
3473,2025-11-13 10:37:05,25327.25,25327.25,25327.25,0,20081209,20082186,2025-11-13 10:37:05,2025-11-13 10:37:39,LONG,25327.25,25322.25,25307.25,HARD_STOP,1,2,-120.0,-600.0,977,9.0,60.0,0.43089022086373246,443.5,-127.75,-0.004545454545454547
3474,2025-11-13 10:37:39,25307.25,25307.25,25289.0,2814,20085000,20085596,2025-11-13 10:38:38,2025-11-13 10:39:00,LONG,25296.0,25296.0,25306.0,REVERSAL,0,1,40.0,200.0,596,40.0,6.0,0.42975972456501715,443.5,-190.25,0.02777777777777779
3475,2025-11-13 10:39:00,25306.0,25331.5,25305.5,2421,20088017,20088632,2025-11-13 10:40:15,2025-11-13 10:40:44,LONG,25310.25,25310.25,25320.5,REVERSAL,0,1,41.0,205.0,615,41.0,7.0,0.5290042182136713,443.5,-161.75,0.03260869565217392
3476,2025-11-13 10:40:44,25320.5,25333.25,25320.5,618,20089250,20089550,2025-11-13 10:41:02,2025-11-13 10:41:10,SHORT,25332.75,25332.75,25322.75,REVERSAL,0,1,40.0,200.0,300,40.0,12.0,0.5974035538562619,443.5,-116.75,0.03723404255319149
3477,2025-11-13 10:41:10,25322.75,25324.75,25306.0,450,20090000,20091153,2025-11-13 10:41:25,2025-11-13 10:42:22,LONG,25308.75,25308.75,25318.75,REVERSAL,0,1,40.0,200.0,1153,40.0,24.0,0.5983978311538007,443.5,-164.75,0.04166666666666666
3478,2025-11-13 10:42:22,25318.75,25321.5,25291.0,1347,20092500,20092838,2025-11-13 10:43:11,2025-11-13 10:43:24,LONG,25292.5,25292.5,25302.5,REVERSAL,0,1,40.0,200.0,338,40.0,1.0,0.4385752627320259,443.5,-197.25,-0.004081632653061218
3479,2025-11-13 10:43:24,25302.5,25309.5,25291.75,1162,20094000,20096068,2025-11-13 10:44:10,2025-11-13 10:45:24,LONG,25292.5,25287.5,25272.5,HARD_STOP,1,2,-120.0,-600.0,2068,20.0,60.0,0.4038558535925025,443.5,-197.25,0.0
3480,2025-11-13 10:45:24,25272.5,25276.5,25230.5,8932,20105000,20107683,2025-11-13 10:49:13,2025-11-13 10:50:35,LONG,25234.75,25229.75,25234.75,REVERSAL,1,2,40.0,200.0,2683,39.0,40.0,0.4435077759719778,543.0,-263.0,0.03431372549019607
3481,2025-11-13 10:50:35,25234.75,25248.25,25227.0,1317,20109000,20109172,2025-11-13 10:51:24,2025-11-13 10:51:34,LONG,25229.0,25229.0,25239.25,REVERSAL,0,1,41.0,205.0,172,41.0,2.0,0.5457131283169415,560.0,-266.0,0.038461538461538464
3482,2025-11-13 10:51:34,25239.25,25239.25,25239.25,0,20109172,20109617,2025-11-13 10:51:34,2025-11-13 10:52:01,SHORT,25239.25,25239.25,25229.25,REVERSAL,0,1,40.0,200.0,445,40.0,2.0,0.5457131283169415,560.0,-245.5,-0.007547169811320753
3483,2025-11-13 10:52:01,25229.25,25242.0,25223.75,2383,20112000,20113174,2025-11-13 10:53:47,2025-11-13 10:54:14,LONG,25227.25,25222.25,25207.25,HARD_STOP,1,2,-120.0,-600.0,1174,24.0,60.0,0.550361955831494,560.0,-269.5,-0.0537037037037037
3484,2025-11-13 10:54:14,25207.25,25232.0,25197.0,7326,20120500,20120871,2025-11-13 10:57:47,2025-11-13 10:58:03,SHORT,25225.25,25225.25,25215.25,REVERSAL,0,1,40.0,200.0,371,40.0,0.0,0.4148814339657059,610.0,-248.5,-0.01818181818181816
3485,2025-11-13 10:58:03,25215.25,25232.75,25215.25,629,20121500,20124511,2025-11-13 10:58:20,2025-11-13 10:59:33,SHORT,25232.0,25237.0,25252.0,HARD_STOP,1,2,-120.0,-600.0,3011,25.0,60.0,1.6612611460501407,610.0,-235.0,-0.014285714285714263
3486,2025-11-13 10:59:33,25252.0,25273.5,25241.75,3989,20128500,20128828,2025-11-13 11:01:03,2025-11-13 11:01:12,LONG,25257.0,25257.0,25267.0,REVERSAL,0,1,40.0,200.0,328,40.0,6.0,0.4531147689358116,610.0,-185.0,-0.028070175438596467
3487,2025-11-13 11:01:12,25267.0,25277.75,25253.75,1672,20130500,20130808,2025-11-13 11:02:01,2025-11-13 11:02:13,LONG,25255.5,25255.5,25265.5,REVERSAL,0,1,40.0,200.0,308,40.0,8.0,0.4543638310508206,610.0,-188.0,-0.02413793103448275
3488,2025-11-13 11:02:13,25265.5,25273.25,25245.0,1442,20132250,20133105,2025-11-13 11:03:18,2025-11-13 11:03:40,LONG,25247.75,25242.625,25227.5,HARD_STOP,1,2,-121.0,-605.0,855,24.0,60.5,0.45642870158470933,610.0,-203.5,-0.020338983050847442
3489,2025-11-13 11:03:40,25227.5,25232.0,25222.0,360,20133465,20133937,2025-11-13 11:03:50,2025-11-13 11:04:11,SHORT,25232.0,25232.0,25222.0,REVERSAL,0,1,40.0,200.0,472,40.0,9.0,1.2562274360567844,610.0,-235.0,0.016666666666666663
3490,2025-11-13 11:04:11,25222.0,25233.5,25216.75,1063,20135000,20136235,2025-11-13 11:05:01,2025-11-13 11:05:56,LONG,25217.25,25212.25,25217.5,REVERSAL,1,2,42.0,210.0,1235,22.0,40.0,0.315324998616981,610.0,-264.5,0.02049180327868852
3491,2025-11-13 11:05:56,25217.5,25217.5,25217.5,0,20136235,20136572,2025-11-13 11:05:56,2025-11-13 11:06:19,SHORT,25217.5,25217.5,25207.5,REVERSAL,0,1,40.0,200.0,337,40.0,8.0,0.4599316366473165,610.0,-264.0,0.02419354838709678
3492,2025-11-13 11:06:19,25207.5,25217.25,25207.25,257,20136829,20137040,2025-11-13 11:06:33,2025-11-13 11:06:43,SHORT,25217.25,25217.25,25207.25,REVERSAL,0,1,40.0,200.0,211,40.0,2.0,0.33799953779481673,610.0,-264.5,0.02777777777777779
3493,2025-11-13 11:06:43,25207.25,25208.5,25195.25,460,20137500,20138816,2025-11-13 11:06:55,2025-11-13 11:07:40,LONG,25195.5,25195.5,25205.5,REVERSAL,0,1,40.0,200.0,1316,40.0,14.0,0.4611620137915856,613.5,-306.25,0.03125
3494,2025-11-13 11:07:40,25205.5,25217.5,25200.0,1453,20140269,20140864,2025-11-13 11:08:30,2025-11-13 11:09:02,LONG,25207.5,25207.5,25217.5,REVERSAL,0,1,40.0,200.0,595,40.0,5.0,0.42435383522424097,620.0,-279.0,-0.015384615384615385
3495,2025-11-13 11:09:02,25217.5,25236.75,25212.0,1886,20142750,20142986,2025-11-13 11:10:09,2025-11-13 11:10:17,LONG,25212.25,25212.25,25222.25,REVERSAL,0,1,40.0,200.0,236,40.0,5.0,0.5117930801309357,620.0,-269.5,-0.012121212121212116
3496,2025-11-13 11:10:17,25222.25,25222.25,25222.25,0,20142986,20143390,2025-11-13 11:10:17,2025-11-13 11:10:35,SHORT,25222.25,25222.25,25212.25,REVERSAL,0,1,40.0,200.0,404,40.0,13.0,0.5117930801309357,620.0,-249.5,-0.008955223880596996
3497,2025-11-13 11:10:35,25212.25,25241.5,25202.5,4860,20148250,20149597,2025-11-13 11:15:19,2025-11-13 11:15:54,SHORT,25241.5,25246.5,25241.5,REVERSAL,1,2,40.0,200.0,1347,30.0,40.0,0.8656870461290271,620.0,-211.0,-0.00588235294117645
3498,2025-11-13 11:15:54,25241.5,25242.0,25210.75,903,20150500,20153490,2025-11-13 11:16:21,2025-11-13 11:19:10,LONG,25210.75,25205.75,25190.75,HARD_STOP,1,2,-120.0,-600.0,2990,39.0,60.0,0.7422839167579428,620.0,-272.5,-0.002898550724637683
3499,2025-11-13 11:19:10,25190.75,25224.75,25182.0,3260,20156750,20156878,2025-11-13 11:20:28,2025-11-13 11:20:34,LONG,25201.5,25201.5,25211.75,REVERSAL,0,1,41.0,205.0,128,41.0,1.0,0.7385471312270272,640.0,-281.0,0.035714285714285726
3500,2025-11-13 11:20:34,25211.75,25211.75,25211.75,0,20156878,20157751,2025-11-13 11:20:34,2025-11-13 11:21:14,SHORT,25211.75,25216.75,25211.75,REVERSAL,1,2,40.0,200.0,873,20.0,40.0,0.7385471312270272,640.0,-260.5,-0.011267605633802802
3501,2025-11-13 11:21:14,25211.75,25211.75,25201.75,383,20158134,20158347,2025-11-13 11:21:37,2025-11-13 11:21:55,SHORT,25211.75,25211.75,25201.75,REVERSAL,0,1,40.0,200.0,213,40.0,22.0,0.43208076649081095,640.0,-260.5,-0.008333333333333331
3502,2025-11-13 11:21:55,25201.75,25246.5,25186.5,8153,20166500,20167584,2025-11-13 11:28:32,2025-11-13 11:29:24,SHORT,25226.0,25226.0,25216.0,REVERSAL,0,1,40.0,200.0,1084,40.0,39.0,0.4404031306352787,640.0,-232.0,-0.005479452054794498
3503,2025-11-13 11:29:24,25216.0,25231.5,25212.75,416,20168000,20169268,2025-11-13 11:29:45,2025-11-13 11:30:39,SHORT,25228.75,25233.875,25228.5,REVERSAL,1,2,43.0,215.0,1268,34.0,41.0,0.5891410899633182,640.0,-226.5,-0.002702702702702703
3504,2025-11-13 11:30:39,25228.5,25236.75,25213.25,1982,20171250,20171473,2025-11-13 11:32:25,2025-11-13 11:32:33,SHORT,25236.25,25236.25,25226.25,REVERSAL,0,1,40.0,200.0,223,40.0,12.0,0.2964457255503059,640.0,-211.5,-0.05000000000000002
3505,2025-11-13 11:32:33,25226.25,25226.25,25226.25,0,20171473,20172510,2025-11-13 11:32:33,2025-11-13 11:33:36,LONG,25226.25,25226.25,25236.25,REVERSAL,0,1,40.0,200.0,1037,40.0,37.0,0.2964457255503059,640.0,-231.5,-0.04736842105263159
3506,2025-11-13 11:33:36,25236.25,25240.25,25230.0,313,20172823,20173061,2025-11-13 11:33:49,2025-11-13 11:34:03,LONG,25230.0,25230.0,25240.0,REVERSAL,0,1,40.0,200.0,238,40.0,7.0,0.4462437817074601,640.0,-224.0,-0.09480519480519481
3507,2025-11-13 11:34:03,25240.0,25259.0,25233.25,939,20174000,20175339,2025-11-13 11:34:35,2025-11-13 11:35:14,SHORT,25256.5,25256.5,25246.5,REVERSAL,0,1,40.0,200.0,1339,40.0,27.0,0.766640228420485,640.0,-171.0,-0.09230769230769231
3508,2025-11-13 11:35:14,25246.5,25251.25,25241.0,319,20175658,20176163,2025-11-13 11:35:16,2025-11-13 11:35:34,SHORT,25251.25,25251.25,25241.25,REVERSAL,0,1,40.0,200.0,505,40.0,8.0,1.343096378979083,640.0,-181.5,-0.089873417721519
3509,2025-11-13 11:35:34,25241.25,25247.0,25196.0,3337,20179500,20179825,2025-11-13 11:37:22,2025-11-13 11:37:42,LONG,25204.0,25204.0,25214.0,REVERSAL,0,1,40.0,200.0,325,40.0,20.0,0.7705165822417132,640.0,-276.0,-0.1375
3510,2025-11-13 11:37:42,25214.0,25214.0,25176.0,3066,20182891,20185354,2025-11-13 11:39:42,2025-11-13 11:40:54,LONG,25181.25,25176.25,25181.25,REVERSAL,1,2,40.0,200.0,2463,24.0,52.0,2.706436303958217,652.0,-315.5,-0.13518518518518519
3511,2025-11-13 11:40:54,25181.25,25190.25,25166.5,1896,20187250,20187852,2025-11-13 11:42:12,2025-11-13 11:43:01,SHORT,25179.75,25179.75,25169.75,REVERSAL,0,1,40.0,200.0,602,40.0,17.0,0.3397978322895375,677.5,-305.75,-0.1329268292682927
3512,2025-11-13 11:43:01,25169.75,25184.5,25159.0,3148,20191000,20191075,2025-11-13 11:45:37,2025-11-13 11:45:43,LONG,25170.0,25170.0,25180.0,REVERSAL,0,1,40.0,200.0,75,40.0,2.0,0.3906783728052529,686.0,-321.0,-0.13072289156626504
3513,2025-11-13 11:45:43,25180.0,25180.0,25180.0,0,20191075,20191349,2025-11-13 11:45:43,2025-11-13 11:45:58,SHORT,25180.0,25180.0,25170.0,REVERSAL,0,1,40.0,200.0,274,40.0,8.0,0.3906783728052529,686.0,-301.0,-0.12857142857142856
3514,2025-11-13 11:45:58,25170.0,25217.0,25169.5,7651,20199000,20199843,2025-11-13 11:51:23,2025-11-13 11:52:02,SHORT,25217.0,25217.0,25207.0,REVERSAL,0,1,40.0,200.0,843,40.0,17.0,0.6911872078562915,686.0,-227.0,-0.1264705882352941
3515,2025-11-13 11:52:02,25207.0,25208.75,25176.75,1411,20201254,20201340,2025-11-13 11:53:04,2025-11-13 11:53:10,SHORT,25193.0,25193.0,25183.0,REVERSAL,0,1,40.0,200.0,86,40.0,0.0,0.37006158991619037,686.0,-275.0,-0.12441860465116279
3516,2025-11-13 11:53:10,25183.0,25183.0,25183.0,0,20201340,20202240,2025-11-13 11:53:10,2025-11-13 11:53:58,LONG,25183.0,25177.875,25183.0,REVERSAL,1,2,41.0,205.0,900,22.0,41.0,0.37006158991619037,686.0,-295.0,-0.12241379310344828
3517,2025-11-13 11:53:58,25183.0,25211.5,25163.0,6010,20208250,20208357,2025-11-13 12:00:25,2025-11-13 12:00:28,SHORT,25211.5,25211.5,25201.5,REVERSAL,0,1,40.0,200.0,107,40.0,4.0,0.8049852320436066,686.0,-238.0,-0.12045454545454544
3518,2025-11-13 12:00:28,25201.5,25201.5,25201.5,0,20208357,20208724,2025-11-13 12:00:28,2025-11-13 12:00:50,LONG,25201.5,25201.5,25211.5,REVERSAL,0,1,40.0,200.0,367,40.0,18.0,0.8049852320436066,686.0,-258.0,-0.11853932584269662
3519,2025-11-13 12:00:50,25211.5,25216.5,25195.5,803,20209527,20209913,2025-11-13 12:01:17,2025-11-13 12:01:47,SHORT,25206.5,25206.5,25196.5,REVERSAL,0,1,40.0,200.0,386,40.0,10.0,0.8065086790054206,686.0,-248.0,-0.16666666666666666
3520,2025-11-13 12:01:47,25196.5,25196.5,25184.25,590,20210503,20210585,2025-11-13 12:02:11,2025-11-13 12:02:15,LONG,25185.25,25185.25,25195.5,REVERSAL,0,1,41.0,205.0,82,41.0,5.0,0.6285096990358503,686.0,-290.5,-0.16483516483516483
3521,2025-11-13 12:02:15,25195.5,25195.5,25195.5,0,20210585,20210740,2025-11-13 12:02:15,2025-11-13 12:02:28,SHORT,25195.5,25195.5,25185.5,REVERSAL,0,1,40.0,200.0,155,40.0,2.0,0.6285096990358503,686.0,-270.0,-0.16304347826086957
3522,2025-11-13 12:02:28,25185.5,25185.5,25185.5,0,20210740,20211457,2025-11-13 12:02:28,2025-11-13 12:03:09,LONG,25185.5,25180.375,25185.25,REVERSAL,1,2,39.0,195.0,717,30.0,41.0,0.6285096990358503,686.0,-290.0,-0.16129032258064516
3523,2025-11-13 12:03:09,25185.25,25212.0,25185.25,1062,20212519,20213441,2025-11-13 12:04:14,2025-11-13 12:05:11,SHORT,25204.25,25209.25,25224.25,HARD_STOP,1,2,-120.0,-600.0,922,35.0,60.0,0.3550819085682775,686.0,-252.5,-0.1595744680851064
3524,2025-11-13 12:05:11,25224.25,25226.0,25195.25,1559,20215000,20215551,2025-11-13 12:06:25,2025-11-13 12:07:10,SHORT,25221.25,25221.25,25211.25,REVERSAL,0,1,40.0,200.0,551,40.0,20.0,0.5189430185248798,686.0,-218.5,-0.11842105263157894
3525,2025-11-13 12:07:10,25211.25,25211.25,25211.25,0,20215551,20215649,2025-11-13 12:07:10,2025-11-13 12:07:15,LONG,25211.25,25211.25,25221.75,REVERSAL,0,1,42.0,210.0,98,42.0,6.0,0.33620244110407643,686.0,-238.5,-0.11666666666666665
3526,2025-11-13 12:07:15,25221.75,25221.75,25221.75,0,20215649,20216477,2025-11-13 12:07:15,2025-11-13 12:07:54,SHORT,25221.75,25226.75,25221.5,REVERSAL,1,2,42.0,210.0,828,21.0,40.0,0.33620244110407643,686.0,-217.5,-0.11494845360824742
3527,2025-11-13 12:07:54,25221.5,25224.5,25166.0,3611,20220088,20221372,2025-11-13 12:10:44,2025-11-13 12:11:32,LONG,25167.0,25162.0,25167.0,REVERSAL,1,2,40.0,200.0,1284,24.0,43.0,0.38321947582906546,686.0,-327.0,-0.11326530612244896
3528,2025-11-13 12:11:32,25167.0,25191.75,25157.75,2878,20224250,20224545,2025-11-13 12:14:00,2025-11-13 12:14:20,SHORT,25184.75,25184.75,25174.75,REVERSAL,0,1,40.0,200.0,295,40.0,3.0,0.3845188432224468,701.5,-283.75,-0.11161616161616163
3529,2025-11-13 12:14:20,25174.75,25178.5,25168.5,427,20224972,20225414,2025-11-13 12:15:03,2025-11-13 12:15:25,SHORT,25178.5,25183.5,25198.75,HARD_STOP,1,2,-122.0,-610.0,442,6.0,61.0,0.3396664848233167,701.5,-296.25,-0.11
3530,2025-11-13 12:15:25,25198.75,25204.0,25185.75,1100,20226514,20227025,2025-11-13 12:16:13,2025-11-13 12:16:35,LONG,25188.25,25188.25,25198.25,REVERSAL,0,1,40.0,200.0,511,40.0,10.0,0.4824705836521064,701.5,-276.75,-0.06831683168316832
3531,2025-11-13 12:16:35,25198.25,25223.0,25193.5,2475,20229500,20229736,2025-11-13 12:18:43,2025-11-13 12:18:53,LONG,25195.75,25195.75,25206.0,REVERSAL,0,1,41.0,205.0,236,41.0,13.0,0.9695603888375339,701.5,-261.75,-0.06666666666666665
3532,2025-11-13 12:18:53,25206.0,25206.0,25206.0,0,20229736,20230236,2025-11-13 12:18:53,2025-11-13 12:19:33,SHORT,25206.0,25211.0,25205.25,REVERSAL,1,2,46.0,230.0,500,23.0,40.0,0.9695603888375339,701.5,-241.25,-0.06504854368932039
3533,2025-11-13 12:19:33,25205.25,25205.25,25205.25,0,20230236,20230688,2025-11-13 12:19:33,2025-11-13 12:20:06,LONG,25205.25,25200.25,25205.75,REVERSAL,1,2,44.0,220.0,452,22.0,40.0,0.4852740814854842,701.5,-242.75,-0.06346153846153846
3534,2025-11-13 12:20:06,25205.75,25205.75,25205.75,0,20230688,20230910,2025-11-13 12:20:06,2025-11-13 12:20:23,SHORT,25205.75,25205.75,25195.75,REVERSAL,0,1,40.0,200.0,222,40.0,9.0,0.3068608393505496,701.5,-241.75,-0.06190476190476191
3535,2025-11-13 12:20:23,25195.75,25237.75,25195.0,4840,20235750,20236004,2025-11-13 12:25:58,2025-11-13 12:26:21,SHORT,25234.0,25234.0,25224.0,REVERSAL,0,1,40.0,200.0,254,40.0,11.0,0.3683160286823737,701.5,-185.25,-0.060377358490566024
3536,2025-11-13 12:26:21,25224.0,25247.75,25206.75,3109,20239113,20240238,2025-11-13 12:30:02,2025-11-13 12:31:08,SHORT,25238.75,25243.875,25239.0,REVERSAL,1,2,39.0,195.0,1125,19.5,41.0,0.34898604411565304,701.5,-175.75,-0.05887850467289718
3537,2025-11-13 12:31:08,25239.0,25253.0,25238.25,543,20240781,20241349,2025-11-13 12:31:45,2025-11-13 12:32:42,SHORT,25250.0,25250.0,25240.0,REVERSAL,0,1,40.0,200.0,568,40.0,18.0,0.313329996552452,701.5,-153.25,-0.05740740740740741
3538,2025-11-13 12:32:42,25240.0,25254.75,25220.0,2651,20244000,20244140,2025-11-13 12:35:31,2025-11-13 12:35:37,LONG,25220.75,25220.75,25230.75,REVERSAL,0,1,40.0,200.0,140,40.0,3.0,0.5992115005819691,701.5,-211.75,-0.05596330275229358
3539,2025-11-13 12:35:37,25230.75,25230.75,25230.75,0,20244140,20244323,2025-11-13 12:35:37,2025-11-13 12:35:50,SHORT,25230.75,25230.75,25220.75,REVERSAL,0,1,40.0,200.0,183,40.0,3.0,0.5992115005819691,701.5,-191.75,-0.054545454545454536
3540,2025-11-13 12:35:50,25220.75,25224.25,25211.5,427,20244750,20244962,2025-11-13 12:36:11,2025-11-13 12:36:23,LONG,25211.5,25211.5,25222.25,REVERSAL,0,1,43.0,215.0,212,43.0,4.0,0.46153540408304533,701.5,-230.25,-0.05315315315315314
3541,2025-11-13 12:36:23,25222.25,25222.25,25222.25,0,20244962,20246205,2025-11-13 12:36:23,2025-11-13 12:37:48,SHORT,25222.25,25222.25,25212.25,REVERSAL,0,1,40.0,200.0,1243,40.0,29.0,0.46153540408304533,701.5,-208.75,-0.05178571428571427
3542,2025-11-13 12:37:48,25212.25,25240.25,25204.5,1948,20248153,20249012,2025-11-13 12:39:39,2025-11-13 12:40:54,SHORT,25235.0,25235.0,25225.0,REVERSAL,0,1,40.0,200.0,859,40.0,28.0,1.2065507493412568,701.5,-183.25,-0.0504424778761062
3543,2025-11-13 12:40:54,25225.0,25233.0,25198.75,988,20250000,20250374,2025-11-13 12:41:46,2025-11-13 12:42:00,LONG,25201.0,25201.0,25211.0,REVERSAL,0,1,40.0,200.0,374,40.0,18.0,0.756452304859591,701.5,-251.25,-0.049122807017543846
3544,2025-11-13 12:42:00,25211.0,25220.5,25200.0,629,20251003,20251336,2025-11-13 12:42:44,2025-11-13 12:43:15,LONG,25205.5,25205.5,25215.75,REVERSAL,0,1,41.0,205.0,333,41.0,6.0,0.28862235300661293,701.5,-242.25,-0.09782608695652174
3545,2025-11-13 12:43:15,25215.75,25216.25,25195.25,414,20251750,20251970,2025-11-13 12:43:47,2025-11-13 12:44:01,LONG,25195.25,25195.25,25205.25,REVERSAL,0,1,40.0,200.0,220,40.0,1.0,0.30355180805391485,701.5,-262.75,-0.09655172413793102
3546,2025-11-13 12:44:01,25205.25,25208.75,25144.75,9030,20261000,20261412,2025-11-13 12:50:43,2025-11-13 12:50:55,LONG,25161.25,25161.25,25171.25,REVERSAL,0,1,40.0,200.0,412,40.0,22.0,0.5105644712486938,714.5,-324.25,-0.09529914529914531
3547,2025-11-13 12:50:55,25171.25,25177.25,25146.0,3096,20264508,20264821,2025-11-13 12:53:22,2025-11-13 12:53:36,SHORT,25162.0,25162.0,25152.0,REVERSAL,0,1,40.0,200.0,313,40.0,6.0,0.40867514824930845,714.5,-322.75,-0.0940677966101695
3548,2025-11-13 12:53:36,25152.0,25173.5,25138.5,3679,20268500,20268687,2025-11-13 12:56:45,2025-11-13 12:57:00,SHORT,25162.25,25162.25,25152.0,REVERSAL,0,1,41.0,205.0,187,41.0,0.0,0.4741169618560396,727.0,-316.0,-0.09285714285714285
3549,2025-11-13 12:57:00,25152.0,25152.0,25152.0,0,20268687,20269699,2025-11-13 12:57:00,2025-11-13 12:57:39,LONG,25152.0,25146.875,25131.75,HARD_STOP,1,2,-121.0,-605.0,1012,14.0,60.5,0.4741169618560396,727.0,-336.5,-0.09166666666666666
3550,2025-11-13 12:57:39,25131.75,25145.25,25125.75,1301,20271000,20271310,2025-11-13 12:58:42,2025-11-13 12:58:57,LONG,25128.75,25128.75,25138.75,REVERSAL,0,1,40.0,200.0,310,40.0,12.0,0.5142920811095973,752.5,-370.25,-0.0987603305785124
3551,2025-11-13 12:58:57,25138.75,25154.75,25129.5,3947,20275257,20275476,2025-11-13 13:02:44,2025-11-13 13:03:00,LONG,25142.0,25142.0,25152.0,REVERSAL,0,1,40.0,200.0,219,40.0,8.0,0.4771382571846928,752.5,-343.75,-0.09754098360655737
3552,2025-11-13 13:03:00,25152.0,25152.0,25152.0,0,20275476,20275649,2025-11-13 13:03:00,2025-11-13 13:03:14,SHORT,25152.0,25152.0,25141.75,REVERSAL,0,1,41.0,205.0,173,41.0,8.0,0.4771382571846928,752.5,-323.75,-0.09634146341463413
3553,2025-11-13 13:03:14,25141.75,25153.25,25131.75,1351,20277000,20277354,2025-11-13 13:05:07,2025-11-13 13:05:42,SHORT,25144.0,25144.0,25133.5,REVERSAL,0,1,42.0,210.0,354,42.0,17.0,0.28292295566844455,752.5,-339.75,-0.09516129032258065
3554,2025-11-13 13:05:42,25133.5,25166.0,25125.25,2646,20280000,20280169,2025-11-13 13:07:38,2025-11-13 13:07:46,LONG,25140.25,25140.25,25150.25,REVERSAL,0,1,40.0,200.0,169,40.0,8.0,0.5204683906053736,753.5,-346.75,-0.09399999999999999
3555,2025-11-13 13:07:46,25150.25,25150.25,25150.25,0,20280169,20280627,2025-11-13 13:07:46,2025-11-13 13:08:22,SHORT,25150.25,25150.25,25140.0,REVERSAL,0,1,41.0,205.0,458,41.0,19.0,0.5204683906053736,753.5,-326.75,-0.09285714285714285
3556,2025-11-13 13:08:22,25140.0,25142.5,25131.75,623,20281250,20281410,2025-11-13 13:09:09,2025-11-13 13:09:22,SHORT,25142.5,25142.5,25132.5,REVERSAL,0,1,40.0,200.0,160,40.0,0.0,0.28453895788620337,753.5,-342.25,-0.09173228346456692
3557,2025-11-13 13:09:22,25132.5,25132.5,25132.5,0,20281410,20283310,2025-11-13 13:09:22,2025-11-13 13:10:55,LONG,25132.5,25127.5,25132.5,REVERSAL,1,2,40.0,200.0,1900,20.0,53.0,0.28453895788620337,753.5,-362.25,-0.090625
3558,2025-11-13 13:10:55,25132.5,25132.5,25132.5,0,20283310,20283481,2025-11-13 13:10:55,2025-11-13 13:11:06,SHORT,25132.5,25132.5,25122.5,REVERSAL,0,1,40.0,200.0,171,40.0,4.0,0.52081004590239,775.5,-351.25,-0.08953488372093023
3559,2025-11-13 13:11:06,25122.5,25122.5,25122.5,0,20283481,20283963,2025-11-13 13:11:06,2025-11-13 13:11:34,LONG,25122.5,25122.5,25132.5,REVERSAL,0,1,40.0,200.0,482,40.0,13.0,0.52081004590239,775.5,-371.25,-0.08846153846153847
3560,2025-11-13 13:11:34,25132.5,25161.25,25124.0,5287,20289250,20290630,2025-11-13 13:16:15,2025-11-13 13:17:17,LONG,25136.75,25131.75,25116.75,HARD_STOP,1,2,-120.0,-600.0,1380,38.0,60.0,0.7002069618624911,775.5,-342.75,-0.08740458015267176
3561,2025-11-13 13:17:17,25116.75,25124.0,25108.5,871,20291501,20292343,2025-11-13 13:17:56,2025-11-13 13:18:39,LONG,25110.0,25110.0,25120.0,REVERSAL,0,1,40.0,200.0,842,40.0,20.0,0.4495890083180098,794.0,-387.0,-0.043939393939393945
3562,2025-11-13 13:18:39,25120.0,25127.5,25108.0,907,20293250,20294511,2025-11-13 13:19:30,2025-11-13 13:20:47,LONG,25108.75,25108.75,25118.75,REVERSAL,0,1,40.0,200.0,1261,40.0,15.0,0.35042321279582883,794.0,-389.5,-0.042857142857142844
3563,2025-11-13 13:20:47,25118.75,25120.25,25094.0,2239,20296750,20296884,2025-11-13 13:22:46,2025-11-13 13:22:54,LONG,25106.75,25106.75,25117.0,REVERSAL,0,1,41.0,205.0,134,41.0,2.0,0.48660156965595436,816.0,-382.5,-0.04179104477611939
3564,2025-11-13 13:22:54,25117.0,25117.0,25117.0,0,20296884,20297617,2025-11-13 13:22:54,2025-11-13 13:23:34,SHORT,25117.0,25122.0,25116.25,REVERSAL,1,2,46.0,230.0,733,23.0,40.0,0.48660156965595436,816.0,-362.0,-0.040740740740740744
3565,2025-11-13 13:23:34,25116.25,25116.25,25066.75,3908,20301525,20302358,2025-11-13 13:26:41,2025-11-13 13:27:20,LONG,25069.0,25069.0,25079.5,REVERSAL,0,1,42.0,210.0,833,42.0,22.0,0.5290979883547173,877.0,-427.5,-0.039705882352941174
3566,2025-11-13 13:27:20,25079.5,25084.0,25074.0,383,20302741,20303317,2025-11-13 13:27:36,2025-11-13 13:28:03,LONG,25074.0,25074.0,25084.0,REVERSAL,0,1,40.0,200.0,576,40.0,4.0,0.4539841917786467,877.0,-417.5,-0.038686131386861305
3567,2025-11-13 13:28:03,25084.0,25084.0,25062.0,933,20304250,20304927,2025-11-13 13:28:55,2025-11-13 13:29:29,LONG,25062.0,25062.0,25072.0,REVERSAL,0,1,40.0,200.0,677,40.0,3.0,0.4246775721634591,881.5,-439.25,-0.03768115942028985
3568,2025-11-13 13:29:29,25072.0,25081.0,25066.0,1217,20306144,20309671,2025-11-13 13:30:09,2025-11-13 13:33:16,LONG,25068.75,25063.75,25068.75,REVERSAL,1,2,40.0,200.0,3527,20.0,50.0,0.9101201948468245,881.5,-425.75,-0.036690647482014394
3569,2025-11-13 13:33:16,25068.75,25068.75,25068.75,0,20309671,20309876,2025-11-13 13:33:16,2025-11-13 13:33:23,SHORT,25068.75,25068.75,25058.5,REVERSAL,0,1,41.0,205.0,205,41.0,10.0,0.3999789538425743,901.5,-415.75,-0.0357142857142857
3570,2025-11-13 13:33:23,25058.5,25062.5,25036.0,3374,20313250,20313605,2025-11-13 13:36:14,2025-11-13 13:36:30,LONG,25036.5,25036.5,25046.5,REVERSAL,0,1,40.0,200.0,355,40.0,2.0,0.5842137297487643,932.0,-465.0,-0.08475177304964539
3571,2025-11-13 13:36:30,25046.5,25047.25,25014.25,3396,20317001,20317875,2025-11-13 13:38:33,2025-11-13 13:39:29,LONG,25025.0,25020.0,25025.0,REVERSAL,1,2,40.0,200.0,874,20.0,40.0,0.45982699126595933,975.5,-466.25,-0.08380281690140844
3572,2025-11-13 13:39:29,25025.0,25073.5,25012.75,7875,20325750,20326240,2025-11-13 13:45:20,2025-11-13 13:45:32,SHORT,25071.5,25071.5,25061.5,REVERSAL,0,1,40.0,200.0,490,40.0,32.0,1.6224464743674705,978.5,-371.75,-0.08286713286713286
3573,2025-11-13 13:45:32,25061.5,25077.5,25036.5,5010,20331250,20331662,2025-11-13 13:49:34,2025-11-13 13:50:07,SHORT,25057.25,25057.25,25047.25,REVERSAL,0,1,40.0,200.0,412,40.0,0.0,0.3836124190385139,978.5,-400.25,-0.08194444444444444
3574,2025-11-13 13:50:07,25047.25,25059.5,25040.0,1088,20332750,20332912,2025-11-13 13:51:26,2025-11-13 13:51:32,LONG,25040.0,25040.0,25050.0,REVERSAL,0,1,40.0,200.0,162,40.0,10.0,0.297135869096336,978.5,-434.75,-0.0810344827586207
3575,2025-11-13 13:51:32,25050.0,25066.5,25050.0,338,20333250,20333469,2025-11-13 13:51:48,2025-11-13 13:52:02,SHORT,25066.25,25066.25,25056.0,REVERSAL,0,1,41.0,205.0,219,41.0,6.0,0.5450194283741819,978.5,-382.25,-0.08013698630136985
3576,2025-11-13 13:52:02,25056.0,25056.0,25056.0,0,20333469,20333954,2025-11-13 13:52:02,2025-11-13 13:52:22,LONG,25056.0,25051.0,25056.0,REVERSAL,1,2,40.0,200.0,485,20.0,40.0,0.5450194283741819,978.5,-402.75,-0.07925170068027211
3577,2025-11-13 13:52:22,25056.0,25056.0,25056.0,0,20333954,20334262,2025-11-13 13:52:22,2025-11-13 13:52:41,SHORT,25056.0,25056.0,25046.0,REVERSAL,0,1,40.0,200.0,308,40.0,7.0,0.43630161677094254,978.5,-402.75,-0.07837837837837837
3578,2025-11-13 13:52:41,25046.0,25067.0,25040.75,2488,20336750,20336844,2025-11-13 13:55:23,2025-11-13 13:55:26,SHORT,25062.0,25062.0,25052.0,REVERSAL,0,1,40.0,200.0,94,40.0,1.0,0.38652693098767915,978.5,-390.75,-0.07751677852348994
3579,2025-11-13 13:55:26,25052.0,25052.0,25052.0,0,20336844,20337428,2025-11-13 13:55:26,2025-11-13 13:56:06,LONG,25052.0,25047.0,25052.0,REVERSAL,1,2,40.0,200.0,584,26.0,40.0,0.38652693098767915,978.5,-410.75,-0.07666666666666667
3580,2025-11-13 13:56:06,25052.0,25052.0,25052.0,0,20337428,20338305,2025-11-13 13:56:06,2025-11-13 13:57:11,SHORT,25052.0,25057.125,25052.25,REVERSAL,1,2,39.0,195.0,877,19.5,51.5,0.46968340357152083,978.5,-410.75,-0.07582781456953643
3581,2025-11-13 13:57:11,25052.25,25082.0,25030.5,5945,20344250,20344651,2025-11-13 14:02:26,2025-11-13 14:02:49,LONG,25030.75,25030.75,25041.25,REVERSAL,0,1,42.0,210.0,401,42.0,11.0,0.9462370606158753,978.5,-453.25,-0.125
3582,2025-11-13 14:02:49,25041.25,25045.25,25034.75,287,20344938,20345791,2025-11-13 14:03:06,2025-11-13 14:03:52,LONG,25034.75,25029.5,25034.25,REVERSAL,1,2,38.0,190.0,853,19.0,42.0,0.5523233514147841,978.5,-445.25,-0.12418300653594772
3583,2025-11-13 14:03:52,25034.25,25054.0,25027.25,1964,20347755,20347929,2025-11-13 14:05:52,2025-11-13 14:06:05,LONG,25040.5,25040.5,25051.0,REVERSAL,0,1,42.0,210.0,174,42.0,13.0,0.47507548711073444,978.5,-433.75,-0.12337662337662338
3584,2025-11-13 14:06:05,25051.0,25051.0,25051.0,0,20347929,20348870,2025-11-13 14:06:05,2025-11-13 14:07:17,SHORT,25051.0,25051.0,25041.0,REVERSAL,0,1,40.0,200.0,941,40.0,28.0,0.47507548711073444,978.5,-412.75,-0.12258064516129032
3585,2025-11-13 14:07:17,25041.0,25059.25,25023.0,3893,20352763,20354788,2025-11-13 14:11:21,2025-11-13 14:14:33,LONG,25041.0,25036.0,25021.0,HARD_STOP,1,2,-120.0,-600.0,2025,34.0,60.0,0.4782629642912552,978.5,-432.75,-0.12179487179487179
3586,2025-11-13 14:14:33,25021.0,25051.75,25018.0,2962,20357750,20357921,2025-11-13 14:18:17,2025-11-13 14:18:26,SHORT,25051.75,25051.75,25041.75,REVERSAL,0,1,40.0,200.0,171,40.0,7.0,0.3550050174239807,978.5,-411.25,-0.07738853503184713
3587,2025-11-13 14:18:26,25041.75,25041.75,25041.75,0,20357921,20358198,2025-11-13 14:18:26,2025-11-13 14:18:55,LONG,25041.75,25041.75,25051.75,REVERSAL,0,1,40.0,200.0,277,40.0,23.0,0.3550050174239807,978.5,-431.25,-0.07658227848101266
3588,2025-11-13 14:18:55,25051.75,25056.75,25030.75,1146,20359344,20359428,2025-11-13 14:20:08,2025-11-13 14:20:13,SHORT,25044.0,25044.0,25033.75,REVERSAL,0,1,41.0,205.0,84,41.0,1.0,0.3071946125924028,978.5,-426.75,-0.07578616352201258
3589,2025-11-13 14:20:13,25033.75,25033.75,25033.75,0,20359428,20359583,2025-11-13 14:20:13,2025-11-13 14:20:32,LONG,25033.75,25033.75,25043.75,REVERSAL,0,1,40.0,200.0,155,40.0,6.0,0.3071946125924028,978.5,-447.25,-0.075
3590,2025-11-13 14:20:32,25043.75,25086.25,25037.25,4197,20363780,20364421,2025-11-13 14:24:21,2025-11-13 14:25:06,SHORT,25067.0,25072.0,25087.0,HARD_STOP,1,2,-120.0,-600.0,641,0.0,60.0,0.4848727895680868,978.5,-380.75,-0.07422360248447205
3591,2025-11-13 14:25:06,25087.0,25116.0,25083.5,3079,20367500,20370110,2025-11-13 14:26:39,2025-11-13 14:29:22,SHORT,25101.25,25106.375,25121.5,HARD_STOP,1,2,-121.0,-605.0,2610,31.0,60.5,0.8490988101379608,978.5,-312.25,-0.029629629629629617
3592,2025-11-13 14:29:22,25121.5,25127.0,25088.0,2430,20372540,20374254,2025-11-13 14:30:45,2025-11-13 14:32:31,LONG,25099.0,25099.0,25109.0,REVERSAL,0,1,40.0,200.0,1714,40.0,28.0,1.363209393307828,978.5,-316.75,0.015030674846625763
3593,2025-11-13 14:32:31,25109.0,25116.0,25106.0,274,20374528,20374885,2025-11-13 14:32:45,2025-11-13 14:33:14,SHORT,25116.0,25116.0,25106.0,REVERSAL,0,1,40.0,200.0,357,40.0,12.0,0.40190170010272536,978.5,-282.75,0.015853658536585352
3594,2025-11-13 14:33:14,25106.0,25132.5,25074.0,8689,20383574,20384672,2025-11-13 14:40:51,2025-11-13 14:41:40,LONG,25080.0,25075.0,25080.0,REVERSAL,1,2,40.0,200.0,1098,20.0,43.0,0.9828896424378083,978.5,-354.75,0.016666666666666663
3595,2025-11-13 14:41:40,25080.0,25100.5,25062.25,2078,20386750,20387077,2025-11-13 14:43:53,2025-11-13 14:44:13,SHORT,25097.0,25097.0,25086.75,REVERSAL,0,1,41.0,205.0,327,41.0,16.0,0.4061310109837871,978.5,-320.75,0.017469879518072273
3596,2025-11-13 14:44:13,25086.75,25089.0,25077.5,318,20387395,20388109,2025-11-13 14:44:33,2025-11-13 14:45:11,SHORT,25089.0,25094.25,25089.5,REVERSAL,1,2,38.0,190.0,714,19.0,42.0,0.40638246838277226,978.5,-336.75,0.0182634730538922
3597,2025-11-13 14:45:11,25089.5,25089.75,25077.0,422,20388531,20388801,2025-11-13 14:45:35,2025-11-13 14:45:59,SHORT,25087.25,25087.25,25077.25,REVERSAL,0,1,40.0,200.0,270,40.0,16.0,0.6915364379582354,978.5,-340.25,0.019047619047619035
3598,2025-11-13 14:45:59,25077.25,25079.5,25064.5,949,20389750,20389960,2025-11-13 14:46:48,2025-11-13 14:47:05,LONG,25067.5,25067.5,25077.5,REVERSAL,0,1,40.0,200.0,210,40.0,11.0,0.3642269246943204,978.5,-379.75,0.019822485207100587
3599,2025-11-13 14:47:05,25077.5,25077.5,25077.5,0,20389960,20390345,2025-11-13 14:47:05,2025-11-13 14:47:38,SHORT,25077.5,25077.5,25067.5,REVERSAL,0,1,40.0,200.0,385,40.0,18.0,0.3642269246943204,978.5,-359.75,0.02058823529411763
3600,2025-11-13 14:47:38,25067.5,25071.0,25059.0,405,20390750,20392627,2025-11-13 14:47:53,2025-11-13 14:49:57,LONG,25059.25,25054.25,25059.25,REVERSAL,1,2,40.0,200.0,1877,23.0,40.0,0.6297918637274508,978.5,-396.25,0.021345029239766083
3601,2025-11-13 14:49:57,25059.25,25088.75,25039.75,4312,20396939,20397497,2025-11-13 14:54:50,2025-11-13 14:55:04,LONG,25046.0,25041.0,25026.0,HARD_STOP,1,2,-120.0,-600.0,558,4.0,60.0,0.3669952747341098,978.5,-422.75,0.022093023255813943
3602,2025-11-13 14:55:04,25026.0,25067.0,25002.5,6073,20403570,20404948,2025-11-13 14:59:43,2025-11-13 15:00:41,SHORT,25052.75,25057.75,25052.5,REVERSAL,1,2,42.0,210.0,1378,31.0,40.0,0.2909546354087481,999.0,-399.0,0.0670520231213873
3603,2025-11-13 15:00:41,25052.5,25076.5,25026.75,11552,20416500,20416634,2025-11-13 15:11:39,2025-11-13 15:11:47,SHORT,25076.25,25076.25,25066.25,REVERSAL,0,1,40.0,200.0,134,40.0,3.0,0.5043368576291446,999.0,-352.0,0.067816091954023
3604,2025-11-13 15:11:47,25066.25,25066.25,25066.25,0,20416634,20416994,2025-11-13 15:11:47,2025-11-13 15:12:14,LONG,25066.25,25066.25,25076.25,REVERSAL,0,1,40.0,200.0,360,40.0,29.0,0.5043368576291446,999.0,-372.0,0.06857142857142859
3605,2025-11-13 15:12:14,25076.25,25081.0,25065.5,1006,20418000,20418293,2025-11-13 15:13:25,2025-11-13 15:13:44,LONG,25069.75,25069.75,25080.0,REVERSAL,0,1,41.0,205.0,293,41.0,27.0,0.33683093185090585,999.0,-365.0,0.06931818181818183
3606,2025-11-13 15:13:44,25080.0,25081.5,25040.25,3957,20422250,20422578,2025-11-13 15:18:07,2025-11-13 15:18:29,LONG,25041.75,25041.75,25051.75,REVERSAL,0,1,40.0,200.0,328,40.0,8.0,0.6460544555694883,999.0,-421.0,0.02005649717514124
3607,2025-11-13 15:18:29,25051.75,25061.5,25018.25,2922,20425500,20425857,2025-11-13 15:21:16,2025-11-13 15:21:33,LONG,25019.75,25019.75,25029.75,REVERSAL,0,1,40.0,200.0,357,40.0,19.0,0.475240132662536,999.0,-465.0,0.02078651685393257
3608,2025-11-13 15:21:33,25029.75,25047.5,25026.5,1643,20427500,20427991,2025-11-13 15:23:11,2025-11-13 15:23:54,LONG,25028.25,25028.25,25038.25,REVERSAL,0,1,40.0,200.0,491,40.0,14.0,0.3105061631950936,999.0,-448.0,0.021508379888268148
3609,2025-11-13 15:23:54,25038.25,25052.5,25029.75,1509,20429500,20429858,2025-11-13 15:25:38,2025-11-13 15:26:11,LONG,25032.5,25032.5,25042.5,REVERSAL,0,1,40.0,200.0,358,40.0,6.0,0.5113098289472781,999.0,-439.5,0.022222222222222227
3610,2025-11-13 15:26:11,25042.5,25120.0,25031.75,10142,20440000,20440246,2025-11-13 15:35:54,2025-11-13 15:36:03,SHORT,25118.0,25118.0,25108.0,REVERSAL,0,1,40.0,200.0,246,40.0,10.0,0.7209135716993065,999.0,-268.5,0.022928176795580096
3611,2025-11-13 15:36:03,25108.0,25108.0,25108.0,0,20440246,20442159,2025-11-13 15:36:03,2025-11-13 15:38:01,LONG,25108.0,25102.875,25108.0,REVERSAL,1,2,41.0,205.0,1913,20.5,41.0,0.7209135716993065,999.0,-288.5,-0.026373626373626363
3612,2025-11-13 15:38:01,25108.0,25140.75,25103.75,3841,20446000,20446347,2025-11-13 15:41:12,2025-11-13 15:41:23,SHORT,25140.75,25140.75,25130.75,REVERSAL,0,1,40.0,200.0,347,40.0,17.0,0.3290311957423655,999.0,-223.0,-0.07568306010928962
3613,2025-11-13 15:41:23,25130.75,25141.5,25099.25,3205,20449552,20449923,2025-11-13 15:44:08,2025-11-13 15:44:28,LONG,25111.5,25111.5,25121.5,REVERSAL,0,1,40.0,200.0,371,40.0,5.0,0.5182923123786869,999.0,-281.5,-0.075
3614,2025-11-13 15:44:28,25121.5,25130.25,25111.0,2327,20452250,20452318,2025-11-13 15:46:35,2025-11-13 15:46:41,LONG,25114.0,25114.0,25124.25,REVERSAL,0,1,41.0,205.0,68,41.0,4.0,0.5594672686680962,999.0,-276.5,-0.07432432432432433
3615,2025-11-13 15:46:41,25124.25,25124.25,25124.25,0,20452318,20453535,2025-11-13 15:46:41,2025-11-13 15:47:52,SHORT,25124.25,25129.25,25124.0,REVERSAL,1,2,42.0,210.0,1217,29.0,40.0,0.5594672686680962,999.0,-256.0,-0.07365591397849462
3616,2025-11-14 09:30:00,24723.5,24736.25,24719.5,813,20690500,20690763,2025-11-14 09:30:01,2025-11-14 09:30:03,SHORT,24734.75,24734.75,24724.75,REVERSAL,0,1,40.0,200.0,263,40.0,0.0,,,,
3617,2025-11-14 09:30:03,24724.75,24760.25,24710.5,4487,20695250,20696326,2025-11-14 09:30:52,2025-11-14 09:31:01,LONG,24710.5,24705.5,24710.5,REVERSAL,1,2,40.0,200.0,1076,24.0,46.0,0.5526315789473684,,,
3618,2025-11-14 09:31:01,24710.5,24715.5,24705.0,366,20696692,20697215,2025-11-14 09:31:06,2025-11-14 09:31:14,LONG,24705.0,24699.875,24704.75,REVERSAL,1,2,39.0,195.0,523,19.5,41.0,2.136986301369863,,,
3619,2025-11-14 09:31:14,24704.75,24704.75,24704.75,0,20697215,20697715,2025-11-14 09:31:14,2025-11-14 09:31:26,SHORT,24704.75,24704.75,24694.25,REVERSAL,0,1,42.0,210.0,500,42.0,19.0,0.7320261437908496,,,
3620,2025-11-14 09:31:26,24694.25,24700.25,24652.25,5007,20702722,20704855,2025-11-14 09:32:35,2025-11-14 09:33:08,LONG,24660.0,24655.0,24640.0,HARD_STOP,1,2,-120.0,-600.0,2133,8.0,60.0,0.5156537753222835,,,
3621,2025-11-14 09:33:08,24640.0,24642.5,24626.0,895,20705750,20706041,2025-11-14 09:33:22,2025-11-14 09:33:27,LONG,24627.5,24627.5,24637.5,REVERSAL,0,1,40.0,200.0,291,40.0,2.0,0.8875918285196739,,,
3622,2025-11-14 09:33:27,24637.5,24642.75,24632.0,512,20706553,20707660,2025-11-14 09:33:37,2025-11-14 09:34:00,LONG,24632.5,24632.5,24642.5,REVERSAL,0,1,40.0,200.0,1107,40.0,20.0,0.6773531424103216,,,
3623,2025-11-14 09:34:00,24642.5,24660.5,24640.25,1340,20709000,20709440,2025-11-14 09:34:17,2025-11-14 09:34:26,LONG,24642.25,24642.25,24652.25,REVERSAL,0,1,40.0,200.0,440,40.0,5.0,0.6997544721150474,,,
3624,2025-11-14 09:34:26,24652.25,24659.25,24633.75,1060,20710500,20710777,2025-11-14 09:34:43,2025-11-14 09:34:49,LONG,24635.5,24635.5,24645.5,REVERSAL,0,1,40.0,200.0,277,40.0,9.0,0.7171414292853574,,,
3625,2025-11-14 09:34:49,24645.5,24665.75,24636.5,973,20711750,20711910,2025-11-14 09:35:03,2025-11-14 09:35:05,SHORT,24663.75,24663.75,24653.75,REVERSAL,0,1,40.0,200.0,160,40.0,0.0,2.840485074626866,,,
3626,2025-11-14 09:35:05,24653.75,24653.75,24653.75,0,20711910,20712128,2025-11-14 09:35:05,2025-11-14 09:35:10,LONG,24653.75,24653.75,24664.0,REVERSAL,0,1,41.0,205.0,218,41.0,5.0,2.840485074626866,,,0.0
3627,2025-11-14 09:35:10,24664.0,24784.25,24649.0,5622,20717750,20718594,2025-11-14 09:36:20,2025-11-14 09:36:27,SHORT,24784.25,24784.25,24774.25,REVERSAL,0,1,40.0,200.0,844,40.0,12.0,2.82836862221683,,,0.0
3628,2025-11-14 09:36:27,24774.25,24779.5,24758.75,1656,20720250,20722098,2025-11-14 09:36:51,2025-11-14 09:37:18,SHORT,24777.5,24782.5,24797.5,HARD_STOP,1,2,-120.0,-600.0,1848,36.0,60.0,0.6984222967401461,,,0.0
3629,2025-11-14 09:37:18,24797.5,24798.0,24760.25,3402,20725500,20725696,2025-11-14 09:38:14,2025-11-14 09:38:17,SHORT,24791.75,24791.75,24781.75,REVERSAL,0,1,40.0,200.0,196,40.0,1.0,0.7183118947824831,,,0.0
3630,2025-11-14 09:38:17,24781.75,24781.75,24781.75,0,20725696,20725899,2025-11-14 09:38:17,2025-11-14 09:38:21,LONG,24781.75,24781.75,24792.0,REVERSAL,0,1,41.0,205.0,203,41.0,3.0,0.7183118947824831,,,0.0
3631,2025-11-14 09:38:21,24792.0,24806.0,24788.75,351,20726250,20726356,2025-11-14 09:38:26,2025-11-14 09:38:26,SHORT,24806.0,24806.0,24796.0,REVERSAL,0,1,40.0,200.0,106,40.0,9.0,0.5776344493977046,,,0.0
3632,2025-11-14 09:38:26,24796.0,24818.75,24777.5,8394,20734750,20734883,2025-11-14 09:40:26,2025-11-14 09:40:29,LONG,24792.75,24792.75,24803.25,REVERSAL,0,1,42.0,210.0,133,42.0,8.0,0.9786004373633239,,,0.0
3633,2025-11-14 09:40:29,24803.25,24811.5,24801.5,111,20734994,20735031,2025-11-14 09:40:31,2025-11-14 09:40:33,SHORT,24811.5,24811.5,24801.5,REVERSAL,0,1,40.0,200.0,37,40.0,1.0,0.9786004373633239,,,0.0
3634,2025-11-14 09:40:33,24801.5,24820.5,24791.25,1969,20737000,20737193,2025-11-14 09:41:06,2025-11-14 09:41:08,SHORT,24820.25,24820.25,24810.25,REVERSAL,0,1,40.0,200.0,193,40.0,0.0,0.7434188227318946,,,0.0
3635,2025-11-14 09:41:08,24810.25,24810.25,24810.25,0,20737193,20737936,2025-11-14 09:41:08,2025-11-14 09:41:23,LONG,24810.25,24810.25,24820.25,REVERSAL,0,1,40.0,200.0,743,40.0,37.0,0.7434188227318946,,,0.0
3636,2025-11-14 09:41:23,24820.25,24838.75,24817.75,1814,20739750,20740340,2025-11-14 09:41:44,2025-11-14 09:41:57,LONG,24826.25,24826.25,24836.25,REVERSAL,0,1,40.0,200.0,590,40.0,14.0,0.9949289336475966,,,0.0
3637,2025-11-14 09:41:57,24836.25,24838.0,24801.5,1910,20742250,20743163,2025-11-14 09:42:20,2025-11-14 09:42:36,LONG,24803.0,24798.0,24782.75,HARD_STOP,1,2,-122.0,-610.0,913,26.0,61.0,0.9974093264248703,,,0.004761904761904773
3638,2025-11-14 09:42:36,24782.75,24790.0,24780.0,192,20743355,20744934,2025-11-14 09:42:38,2025-11-14 09:43:09,SHORT,24790.0,24795.0,24810.0,HARD_STOP,1,2,-120.0,-600.0,1579,19.0,60.0,0.6014319809069213,,,0.013636363636363641
3639,2025-11-14 09:43:09,24810.0,24813.75,24798.5,566,20745500,20745744,2025-11-14 09:43:21,2025-11-14 09:43:29,LONG,24800.0,24800.0,24810.0,REVERSAL,0,1,40.0,200.0,244,40.0,0.0,0.6101894571512714,,,0.026086956521739146
3640,2025-11-14 09:43:29,24810.0,24810.0,24810.0,0,20745744,20746438,2025-11-14 09:43:29,2025-11-14 09:43:47,SHORT,24810.0,24815.0,24830.0,HARD_STOP,1,2,-120.0,-600.0,694,22.0,60.0,0.6101894571512714,,,0.033333333333333354
3641,2025-11-14 09:43:47,24830.0,24840.25,24829.5,312,20746750,20746863,2025-11-14 09:43:50,2025-11-14 09:43:52,SHORT,24839.5,24839.5,24829.25,REVERSAL,0,1,41.0,205.0,113,41.0,3.0,0.769342500242084,,,0.0
3642,2025-11-14 09:43:52,24829.25,24829.25,24829.25,0,20746863,20747410,2025-11-14 09:43:52,2025-11-14 09:44:04,LONG,24829.25,24829.25,24839.25,REVERSAL,0,1,40.0,200.0,547,40.0,16.0,0.769342500242084,,,0.007692307692307693
3643,2025-11-14 09:44:04,24839.25,24844.5,24831.25,840,20748250,20748579,2025-11-14 09:44:13,2025-11-14 09:44:21,LONG,24834.25,24834.25,24844.25,REVERSAL,0,1,40.0,200.0,329,40.0,13.0,1.545489151122954,,,0.014814814814814836
3644,2025-11-14 09:44:21,24844.25,24851.5,24818.25,2832,20751411,20754710,2025-11-14 09:45:23,2025-11-14 09:46:12,SHORT,24848.75,24853.75,24848.75,REVERSAL,1,2,40.0,200.0,3299,38.0,49.0,0.7782066068310535,,,0.021428571428571436
3645,2025-11-14 09:46:12,24848.75,24869.75,24846.5,1040,20755750,20758178,2025-11-14 09:46:30,2025-11-14 09:47:12,SHORT,24868.0,24873.0,24868.0,REVERSAL,1,2,40.0,200.0,2428,24.0,40.0,0.6272078153121255,,,0.027586206896551724
3646,2025-11-14 09:47:12,24868.0,24870.25,24859.75,447,20758625,20759378,2025-11-14 09:47:14,2025-11-14 09:47:38,SHORT,24869.75,24874.75,24869.5,REVERSAL,1,2,42.0,210.0,753,21.0,40.0,0.7826439846672288,,,0.033333333333333354
3647,2025-11-14 09:47:38,24869.5,24889.5,24868.5,622,20760000,20760839,2025-11-14 09:47:46,2025-11-14 09:48:01,SHORT,24888.5,24888.5,24878.5,REVERSAL,0,1,40.0,200.0,839,40.0,9.0,1.0504843386572826,,,0.038709677419354854
3648,2025-11-14 09:48:01,24878.5,24911.5,24877.25,2161,20763000,20764664,2025-11-14 09:48:34,2025-11-14 09:49:01,SHORT,24911.0,24911.0,24901.0,REVERSAL,0,1,40.0,200.0,1664,40.0,21.0,0.7909891492619742,,,0.04375000000000001
3649,2025-11-14 09:49:01,24901.0,24916.5,24888.75,1836,20766500,20767839,2025-11-14 09:49:27,2025-11-14 09:49:45,LONG,24893.25,24888.25,24893.25,REVERSAL,1,2,40.0,200.0,1339,22.0,44.0,1.5791089780561642,,,-0.001515151515151525
3650,2025-11-14 09:49:45,24893.25,24901.0,24877.0,1661,20769500,20769682,2025-11-14 09:50:11,2025-11-14 09:50:17,SHORT,24897.5,24897.5,24887.5,REVERSAL,0,1,40.0,200.0,182,40.0,10.0,0.6349198985812097,,,0.002941176470588225
3651,2025-11-14 09:50:17,24887.5,24887.5,24887.5,0,20769682,20771055,2025-11-14 09:50:17,2025-11-14 09:50:43,LONG,24887.5,24882.5,24867.5,HARD_STOP,1,2,-120.0,-600.0,1373,32.0,60.0,0.6349198985812097,,,0.007142857142857145
3652,2025-11-14 09:50:43,24867.5,24929.25,24858.75,5195,20776250,20777437,2025-11-14 09:52:13,2025-11-14 09:52:33,SHORT,24928.25,24933.375,24928.5,REVERSAL,1,2,39.0,195.0,1187,26.0,41.0,1.0736160677234625,,,0.033333333333333354
3653,2025-11-14 09:52:33,24928.5,24935.5,24925.5,223,20777660,20778307,2025-11-14 09:52:38,2025-11-14 09:52:54,SHORT,24935.5,24935.5,24925.5,REVERSAL,0,1,40.0,200.0,647,40.0,15.0,1.0762962251374775,,,0.03783783783783784
3654,2025-11-14 09:52:54,24925.5,24929.5,24919.5,401,20778708,20778959,2025-11-14 09:53:00,2025-11-14 09:53:04,SHORT,24929.5,24929.5,24919.5,REVERSAL,0,1,40.0,200.0,251,40.0,14.0,0.4630528093205855,,,0.04210526315789476
3655,2025-11-14 09:53:04,24919.5,24970.25,24914.25,12614,20791573,20792720,2025-11-14 09:56:57,2025-11-14 09:57:21,SHORT,24951.5,24956.5,24951.25,REVERSAL,1,2,42.0,210.0,1147,21.0,40.0,1.107950589543064,,,0.046153846153846156
3656,2025-11-14 09:57:21,24951.25,24956.5,24945.75,280,20793000,20793354,2025-11-14 09:57:30,2025-11-14 09:57:38,LONG,24945.75,24945.75,24955.75,REVERSAL,0,1,40.0,200.0,354,40.0,20.0,0.41729815137789056,,,0.05000000000000002
3657,2025-11-14 09:57:38,24955.75,24970.0,24934.25,5146,20798500,20799121,2025-11-14 09:59:46,2025-11-14 10:00:00,LONG,24948.0,24948.0,24958.0,REVERSAL,0,1,40.0,200.0,621,40.0,14.0,0.6784368262022809,,,0.053658536585365874
3658,2025-11-14 10:00:00,24958.0,24961.75,24937.75,879,20800000,20800482,2025-11-14 10:00:10,2025-11-14 10:00:23,LONG,24941.75,24941.75,24951.75,REVERSAL,0,1,40.0,200.0,482,40.0,8.0,1.1254837382556548,,,0.007142857142857145
3659,2025-11-14 10:00:23,24951.75,24952.75,24904.0,4518,20805000,20805215,2025-11-14 10:01:50,2025-11-14 10:01:54,LONG,24905.75,24905.75,24915.75,REVERSAL,0,1,40.0,200.0,215,40.0,0.0,0.6815585410561326,,,-0.039534883720930225
3660,2025-11-14 10:01:54,24915.75,24915.75,24915.75,0,20805215,20806572,2025-11-14 10:01:54,2025-11-14 10:02:24,SHORT,24915.75,24920.875,24936.0,HARD_STOP,1,2,-121.0,-605.0,1357,11.0,60.5,0.6815585410561326,,,-0.03636363636363635
3661,2025-11-14 10:02:24,24936.0,24938.75,24927.25,115,20806687,20807855,2025-11-14 10:02:26,2025-11-14 10:02:55,LONG,24927.25,24922.25,24927.5,REVERSAL,1,2,42.0,210.0,1168,21.0,48.0,0.3798272127643934,,,-0.05555555555555555
3662,2025-11-14 10:02:55,24927.5,24945.0,24912.25,1395,20809250,20809660,2025-11-14 10:03:35,2025-11-14 10:03:47,LONG,24928.5,24928.5,24938.75,REVERSAL,0,1,41.0,205.0,410,41.0,24.0,0.8628912776219148,,,-0.052173913043478265
3663,2025-11-14 10:03:47,24938.75,24958.75,24902.75,2840,20812500,20812629,2025-11-14 10:04:52,2025-11-14 10:04:54,LONG,24902.75,24902.75,24912.75,REVERSAL,0,1,40.0,200.0,129,40.0,2.0,0.8710548872128054,,,-0.048936170212765945
3664,2025-11-14 10:04:54,24912.75,24912.75,24912.75,0,20812629,20812918,2025-11-14 10:04:54,2025-11-14 10:05:01,SHORT,24912.75,24912.75,24902.75,REVERSAL,0,1,40.0,200.0,289,40.0,16.0,0.8710548872128054,,,-0.04583333333333334
3665,2025-11-14 10:05:01,24902.75,24910.25,24895.25,589,20813507,20814165,2025-11-14 10:05:10,2025-11-14 10:05:22,SHORT,24907.5,24912.5,24907.0,REVERSAL,1,2,44.0,220.0,658,22.0,40.0,0.8719708658820382,,,-0.042857142857142844
3666,2025-11-14 10:05:22,24907.0,24907.0,24907.0,0,20814165,20815335,2025-11-14 10:05:22,2025-11-14 10:05:50,LONG,24907.0,24907.0,24917.0,REVERSAL,0,1,40.0,200.0,1170,40.0,33.0,0.6984335794927935,,,-0.04000000000000001
3667,2025-11-14 10:05:50,24917.0,24930.0,24917.0,415,20815750,20815908,2025-11-14 10:05:58,2025-11-14 10:06:01,SHORT,24930.0,24930.0,24919.75,REVERSAL,0,1,41.0,205.0,158,41.0,3.0,0.8766166493409437,,,-0.03725490196078432
3668,2025-11-14 10:06:01,24919.75,24919.75,24919.75,0,20815908,20816166,2025-11-14 10:06:01,2025-11-14 10:06:05,LONG,24919.75,24919.75,24929.75,REVERSAL,0,1,40.0,200.0,258,40.0,12.0,0.8766166493409437,,,-0.0346153846153846
3669,2025-11-14 10:06:05,24929.75,24964.0,24917.25,1834,20818000,20819508,2025-11-14 10:06:33,2025-11-14 10:06:59,SHORT,24961.25,24966.25,24981.25,HARD_STOP,1,2,-120.0,-600.0,1508,32.0,60.0,1.7526298490695316,,,-0.0320754716981132
3670,2025-11-14 10:06:59,24981.25,24984.0,24974.0,206,20819714,20820424,2025-11-14 10:07:01,2025-11-14 10:07:11,LONG,24974.0,24969.0,24954.0,HARD_STOP,1,2,-120.0,-600.0,710,4.0,60.0,0.8780782684024437,,,0.0018518518518518545
3671,2025-11-14 10:07:11,24954.0,24956.0,24944.25,328,20820752,20821646,2025-11-14 10:07:17,2025-11-14 10:07:41,LONG,24946.0,24941.0,24926.0,HARD_STOP,1,2,-120.0,-600.0,894,22.0,60.0,0.6990326856848005,,,0.036363636363636376
3672,2025-11-14 10:07:41,24926.0,24943.0,24912.75,2354,20824000,20824158,2025-11-14 10:08:48,2025-11-14 10:08:52,SHORT,24939.25,24939.25,24929.0,REVERSAL,0,1,41.0,205.0,158,41.0,15.0,0.5050668686921379,,,0.021428571428571436
3673,2025-11-14 10:08:52,24929.0,24929.0,24929.0,0,20824158,20825784,2025-11-14 10:08:52,2025-11-14 10:09:38,LONG,24929.0,24924.0,24929.25,REVERSAL,1,2,42.0,210.0,1626,21.0,48.0,0.5050668686921379,,,0.02456140350877195
3674,2025-11-14 10:09:38,24929.25,24945.0,24929.25,466,20826250,20828803,2025-11-14 10:09:47,2025-11-14 10:10:43,SHORT,24945.0,24950.0,24965.0,HARD_STOP,1,2,-120.0,-600.0,2553,36.0,60.0,1.1861003948789133,,,0.027586206896551724
3675,2025-11-14 10:10:43,24965.0,24972.75,24962.75,383,20829186,20829721,2025-11-14 10:10:52,2025-11-14 10:11:01,LONG,24962.75,24957.75,24942.75,HARD_STOP,1,2,-120.0,-600.0,535,4.0,60.0,0.44727419147769054,,,0.0635593220338983
3676,2025-11-14 10:11:01,24942.75,24944.5,24868.25,5529,20835250,20835443,2025-11-14 10:12:57,2025-11-14 10:13:01,LONG,24871.75,24871.75,24881.75,REVERSAL,0,1,40.0,200.0,193,40.0,12.0,0.6025449692924006,,,0.09999999999999998
3677,2025-11-14 10:13:01,24881.75,24881.75,24881.75,0,20835443,20836255,2025-11-14 10:13:01,2025-11-14 10:13:27,SHORT,24881.75,24881.75,24871.75,REVERSAL,0,1,40.0,200.0,812,40.0,15.0,0.6025449692924006,,,0.10327868852459016
3678,2025-11-14 10:13:27,24871.75,24878.25,24868.25,338,20836593,20837921,2025-11-14 10:13:35,2025-11-14 10:14:17,LONG,24868.25,24868.25,24878.5,REVERSAL,0,1,41.0,205.0,1328,41.0,20.0,0.6049778500921911,,,0.1064516129032258
3679,2025-11-14 10:14:17,24878.5,24883.0,24873.0,215,20838136,20838815,2025-11-14 10:14:22,2025-11-14 10:14:50,LONG,24873.0,24873.0,24883.0,REVERSAL,0,1,40.0,200.0,679,40.0,21.0,0.5212490722868708,,,0.10952380952380952
3680,2025-11-14 10:14:50,24883.0,24918.5,24882.5,1185,20840000,20842264,2025-11-14 10:15:11,2025-11-14 10:16:01,SHORT,24918.5,24923.5,24938.5,HARD_STOP,1,2,-120.0,-600.0,2264,14.0,60.0,1.8300396576933518,,,0.11249999999999999
3681,2025-11-14 10:16:01,24938.5,24979.25,24936.5,2236,20844500,20844871,2025-11-14 10:16:51,2025-11-14 10:17:00,SHORT,24978.0,24978.0,24968.0,REVERSAL,0,1,40.0,200.0,371,40.0,14.0,0.5270647101025064,,,0.09999999999999998
3682,2025-11-14 10:17:00,24968.0,24987.0,24930.0,5629,20850500,20851010,2025-11-14 10:19:44,2025-11-14 10:20:01,LONG,24930.0,24930.0,24940.0,REVERSAL,0,1,40.0,200.0,510,40.0,30.0,0.5344193888276773,,,0.10303030303030303
3683,2025-11-14 10:20:01,24940.0,24954.0,24925.5,990,20852000,20852132,2025-11-14 10:20:23,2025-11-14 10:20:25,LONG,24926.0,24926.0,24936.0,REVERSAL,0,1,40.0,200.0,132,40.0,7.0,1.2504429675014495,,,0.10597014925373133
3684,2025-11-14 10:20:25,24936.0,24936.0,24936.0,0,20852132,20852788,2025-11-14 10:20:25,2025-11-14 10:20:50,SHORT,24936.0,24941.0,24956.0,HARD_STOP,1,2,-120.0,-600.0,656,9.0,60.0,1.2504429675014495,,,0.10882352941176471
3685,2025-11-14 10:20:50,24956.0,24956.0,24946.0,209,20852997,20853668,2025-11-14 10:20:59,2025-11-14 10:21:17,LONG,24946.0,24941.0,24926.0,HARD_STOP,1,2,-120.0,-600.0,671,16.0,60.0,0.34188299024510443,,,0.14710144927536228
3686,2025-11-14 10:21:17,24926.0,24962.25,24913.25,2582,20856250,20856513,2025-11-14 10:22:47,2025-11-14 10:22:58,SHORT,24959.5,24959.5,24947.5,REVERSAL,0,1,48.0,240.0,263,48.0,1.0,0.38034926723019746,,,0.18571428571428575
3687,2025-11-14 10:22:58,24947.5,24951.0,24908.75,2737,20859250,20859513,2025-11-14 10:24:25,2025-11-14 10:24:34,LONG,24913.75,24913.75,24923.75,REVERSAL,0,1,40.0,200.0,263,40.0,16.0,0.3836339989471977,,,0.1887323943661972
3688,2025-11-14 10:24:34,24923.75,24941.0,24910.5,1239,20860752,20860971,2025-11-14 10:25:19,2025-11-14 10:25:26,SHORT,24926.0,24926.0,24916.0,REVERSAL,0,1,40.0,200.0,219,40.0,14.0,0.5506909939910776,,,0.19166666666666668
3689,2025-11-14 10:25:26,24916.0,24916.0,24916.0,0,20860971,20861289,2025-11-14 10:25:26,2025-11-14 10:25:36,LONG,24916.0,24916.0,24926.0,REVERSAL,0,1,40.0,200.0,318,40.0,32.0,0.5506909939910776,,,0.1945205479452055
3690,2025-11-14 10:25:36,24926.0,24926.0,24902.0,461,20861750,20862018,2025-11-14 10:25:56,2025-11-14 10:26:05,LONG,24906.0,24906.0,24916.0,REVERSAL,0,1,40.0,200.0,268,40.0,13.0,0.32231396866471995,,,0.14729729729729726
3691,2025-11-14 10:26:05,24916.0,24967.25,24913.25,1982,20864000,20865172,2025-11-14 10:26:53,2025-11-14 10:27:16,SHORT,24964.0,24969.0,24984.0,HARD_STOP,1,2,-120.0,-600.0,1172,31.0,60.0,0.9710039490194221,,,0.09999999999999998
3692,2025-11-14 10:27:16,24984.0,25019.0,24976.25,2828,20868000,20870743,2025-11-14 10:28:08,2025-11-14 10:29:07,SHORT,25018.25,25023.25,25018.25,REVERSAL,1,2,40.0,200.0,2743,39.0,40.0,1.2958742480417387,,,0.08947368421052632
3693,2025-11-14 10:29:07,25018.25,25019.5,24997.75,1507,20872250,20873109,2025-11-14 10:29:42,2025-11-14 10:30:09,LONG,25006.75,25006.75,25016.75,REVERSAL,0,1,40.0,200.0,859,40.0,13.0,0.6511537250371632,,,0.09220779220779218
3694,2025-11-14 10:30:09,25016.75,25028.0,24990.75,3891,20877000,20877936,2025-11-14 10:31:32,2025-11-14 10:31:57,LONG,24990.75,24985.75,24990.75,REVERSAL,1,2,40.0,200.0,936,35.0,40.0,0.4908737646106747,,,0.09487179487179487
3695,2025-11-14 10:31:57,24990.75,25013.75,24985.5,2064,20880000,20880276,2025-11-14 10:32:45,2025-11-14 10:32:56,SHORT,25010.5,25010.5,25000.5,REVERSAL,0,1,40.0,200.0,276,40.0,9.0,0.49325553050525256,,,0.04746835443037975
3696,2025-11-14 10:32:56,25000.5,25032.25,24993.25,5974,20886250,20886392,2025-11-14 10:36:11,2025-11-14 10:36:15,LONG,25009.0,25009.0,25019.25,REVERSAL,0,1,41.0,205.0,142,41.0,0.0,1.0001700964475002,,,0.0
3697,2025-11-14 10:36:15,25019.25,25019.25,25019.25,0,20886392,20887559,2025-11-14 10:36:15,2025-11-14 10:36:44,SHORT,25019.25,25024.25,25019.0,REVERSAL,1,2,42.0,210.0,1167,21.0,47.0,1.0001700964475002,,,0.002469135802469158
3698,2025-11-14 10:36:44,25019.0,25035.25,25011.25,1511,20889070,20890329,2025-11-14 10:37:25,2025-11-14 10:37:39,SHORT,25032.0,25037.0,25031.75,REVERSAL,1,2,42.0,210.0,1259,21.0,40.0,0.6700408794138638,,,0.004878048780487809
3699,2025-11-14 10:37:39,25031.75,25064.75,25027.75,2671,20893000,20893617,2025-11-14 10:38:43,2025-11-14 10:38:54,LONG,25044.75,25044.75,25054.75,REVERSAL,0,1,40.0,200.0,617,40.0,1.0,0.8016292541566721,,,0.0072289156626506035
3700,2025-11-14 10:38:54,25054.75,25079.75,25052.25,1633,20895250,20899422,2025-11-14 10:39:37,2025-11-14 10:41:18,SHORT,25078.0,25078.0,25068.0,REVERSAL,0,1,40.0,200.0,4172,40.0,37.0,1.3394974193754268,,,0.009523809523809545
3701,2025-11-14 10:41:18,25068.0,25098.75,25058.5,6328,20905750,20906185,2025-11-14 10:44:29,2025-11-14 10:44:41,SHORT,25096.0,25096.0,25086.0,REVERSAL,0,1,40.0,200.0,435,40.0,12.0,0.6818895810924046,,,-0.03823529411764706
3702,2025-11-14 10:44:41,25086.0,25097.5,25084.0,315,20906500,20906734,2025-11-14 10:44:53,2025-11-14 10:45:00,SHORT,25097.25,25097.25,25087.25,REVERSAL,0,1,40.0,200.0,234,40.0,3.0,0.45533729511112625,,,-0.03604651162790698
3703,2025-11-14 10:45:00,25087.25,25087.25,25087.25,0,20906734,20907348,2025-11-14 10:45:00,2025-11-14 10:45:16,LONG,25087.25,25087.25,25097.25,REVERSAL,0,1,40.0,200.0,614,40.0,8.0,0.45533729511112625,,,-0.0339080459770115
3704,2025-11-14 10:45:16,25097.25,25160.0,25095.5,6246,20913594,20916073,2025-11-14 10:47:02,2025-11-14 10:48:08,SHORT,25152.5,25157.5,25172.5,HARD_STOP,1,2,-120.0,-600.0,2479,17.0,60.0,0.8159824797035997,,,-0.03181818181818183
3705,2025-11-14 10:48:08,25172.5,25179.0,25143.25,2927,20919000,20919195,2025-11-14 10:49:06,2025-11-14 10:49:11,LONG,25143.5,25143.5,25154.25,REVERSAL,0,1,43.0,215.0,195,43.0,7.0,0.820983866837785,,,-0.04101123595505618
3706,2025-11-14 10:49:11,25154.25,25154.25,25154.25,0,20919195,20921724,2025-11-14 10:49:11,2025-11-14 10:50:32,SHORT,25154.25,25154.25,25144.25,REVERSAL,0,1,40.0,200.0,2529,40.0,23.0,0.820983866837785,,,-0.08888888888888888
3707,2025-11-14 10:50:32,25144.25,25169.25,25139.25,3528,20925252,20925518,2025-11-14 10:52:40,2025-11-14 10:52:56,SHORT,25155.0,25155.0,25144.75,REVERSAL,0,1,41.0,205.0,266,41.0,4.0,0.5938558991676626,,,-0.08681318681318681
3708,2025-11-14 10:52:56,25144.75,25153.5,25143.5,315,20925833,20926064,2025-11-14 10:53:06,2025-11-14 10:53:14,SHORT,25153.5,25153.5,25143.5,REVERSAL,0,1,40.0,200.0,231,40.0,4.0,0.27748870863710967,,,-0.08478260869565216
3709,2025-11-14 10:53:14,25143.5,25150.25,25121.75,3686,20929750,20930896,2025-11-14 10:55:20,2025-11-14 10:55:53,LONG,25132.25,25127.125,25112.0,HARD_STOP,1,2,-121.0,-605.0,1146,33.0,60.5,0.5988399675922089,,,-0.08279569892473118
3710,2025-11-14 10:55:53,25112.0,25127.0,25098.0,3104,20934000,20934510,2025-11-14 10:57:24,2025-11-14 10:57:47,SHORT,25123.75,25123.75,25113.75,REVERSAL,0,1,40.0,200.0,510,40.0,10.0,0.6026316625920547,,,-0.041489361702127664
3711,2025-11-14 10:57:47,25113.75,25161.25,25113.5,5367,20939877,20940186,2025-11-14 11:00:35,2025-11-14 11:00:47,SHORT,25153.5,25153.5,25143.25,REVERSAL,0,1,41.0,205.0,309,41.0,13.0,0.709452415358088,,,-0.03947368421052633
3712,2025-11-14 11:00:47,25143.25,25148.0,25133.5,565,20940751,20943478,2025-11-14 11:01:05,2025-11-14 11:02:43,LONG,25136.25,25131.25,25116.25,HARD_STOP,1,2,-120.0,-600.0,2727,19.0,60.0,0.4264770361892709,,,-0.0875
3713,2025-11-14 11:02:43,25116.25,25133.0,25113.0,1022,20944500,20944761,2025-11-14 11:03:34,2025-11-14 11:03:47,LONG,25115.75,25115.75,25126.0,REVERSAL,0,1,41.0,205.0,261,41.0,12.0,0.28657055803401554,,,-0.04587628865979382
3714,2025-11-14 11:03:47,25126.0,25126.0,25088.0,1841,20946602,20947481,2025-11-14 11:05:00,2025-11-14 11:05:31,LONG,25095.0,25090.0,25075.0,HARD_STOP,1,2,-120.0,-600.0,879,4.0,60.0,0.4795989199461849,,,-0.04387755102040816
3715,2025-11-14 11:05:31,25075.0,25105.75,25069.0,3019,20950500,20951449,2025-11-14 11:07:15,2025-11-14 11:08:07,LONG,25083.75,25078.625,25083.5,REVERSAL,1,2,39.0,195.0,949,36.0,41.0,0.5432336468253085,,,-0.0020202020202020055
3716,2025-11-14 11:08:07,25083.5,25129.5,25079.5,4052,20955501,20956756,2025-11-14 11:11:18,2025-11-14 11:12:30,SHORT,25113.5,25118.75,25113.75,REVERSAL,1,2,40.0,200.0,1255,20.0,42.0,0.39971329556864954,,,0.0
3717,2025-11-14 11:12:30,25113.75,25140.75,25109.5,1494,20958250,20958835,2025-11-14 11:13:51,2025-11-14 11:14:16,SHORT,25139.0,25139.0,25129.0,REVERSAL,0,1,40.0,200.0,585,40.0,18.0,0.4919274344281122,,,0.001980198019801982
3718,2025-11-14 11:14:16,25129.0,25129.0,25115.0,665,20959500,20960005,2025-11-14 11:14:48,2025-11-14 11:15:13,LONG,25116.75,25116.75,25126.75,REVERSAL,0,1,40.0,200.0,505,40.0,5.0,0.443893853294924,,,0.003921568627450994
3719,2025-11-14 11:15:13,25126.75,25139.0,25122.25,495,20960500,20961322,2025-11-14 11:15:38,2025-11-14 11:16:33,SHORT,25135.5,25135.5,25125.5,REVERSAL,0,1,40.0,200.0,822,40.0,7.0,0.24716028192011186,,,0.005825242718446616
3720,2025-11-14 11:16:33,25125.5,25164.5,25124.75,1985,20963307,20964062,2025-11-14 11:17:55,2025-11-14 11:18:24,SHORT,25162.5,25162.5,25152.5,REVERSAL,0,1,40.0,200.0,755,40.0,9.0,0.44755043497860425,,,0.007692307692307693
3721,2025-11-14 11:18:24,25152.5,25177.5,25149.75,2440,20966502,20967204,2025-11-14 11:20:05,2025-11-14 11:20:31,SHORT,25169.25,25174.25,25169.25,REVERSAL,1,2,40.0,200.0,702,20.0,40.0,0.7501639434370284,,,0.009523809523809545
3722,2025-11-14 11:20:31,25169.25,25184.5,25151.5,2046,20969250,20970656,2025-11-14 11:22:01,2025-11-14 11:22:45,SHORT,25184.0,25189.0,25184.0,REVERSAL,1,2,40.0,200.0,1406,24.0,40.0,0.28278887551156595,,,0.01132075471698113
3723,2025-11-14 11:22:45,25184.0,25208.25,25180.75,844,20971500,20974544,2025-11-14 11:23:10,2025-11-14 11:25:14,SHORT,25206.0,25211.0,25226.0,HARD_STOP,1,2,-120.0,-600.0,3044,19.0,60.0,0.6472428656130693,,,0.013084112149532728
3724,2025-11-14 11:25:14,25226.0,25268.25,25209.5,14691,20989235,20990396,2025-11-14 11:34:06,2025-11-14 11:35:10,LONG,25213.75,25213.75,25223.75,REVERSAL,0,1,40.0,200.0,1161,40.0,26.0,0.2733644656327808,,,0.05555555555555555
3725,2025-11-14 11:35:10,25223.75,25228.0,25215.5,227,20990623,20991357,2025-11-14 11:35:20,2025-11-14 11:36:04,LONG,25215.5,25215.5,25226.0,REVERSAL,0,1,42.0,210.0,734,42.0,26.0,0.2913839657925062,,,0.007339449541284404
3726,2025-11-14 11:36:04,25226.0,25238.75,25225.0,893,20992250,20994322,2025-11-14 11:36:58,2025-11-14 11:38:46,SHORT,25238.75,25243.75,25258.75,HARD_STOP,1,2,-120.0,-600.0,2072,39.0,60.0,0.312045481497048,,,0.009090909090909094
3727,2025-11-14 11:38:46,25258.75,25260.0,25235.5,1678,20996000,20996147,2025-11-14 11:40:20,2025-11-14 11:40:27,SHORT,25256.75,25256.75,25246.0,REVERSAL,0,1,43.0,215.0,147,43.0,2.0,0.33690206002359285,,,0.0518018018018018
3728,2025-11-14 11:40:27,25246.0,25246.0,25246.0,0,20996147,20996508,2025-11-14 11:40:27,2025-11-14 11:40:58,LONG,25246.0,25246.0,25256.0,REVERSAL,0,1,40.0,200.0,361,40.0,8.0,0.33690206002359285,,,0.053571428571428575
3729,2025-11-14 11:40:58,25256.0,25266.5,25185.0,8861,21005369,21006669,2025-11-14 11:47:31,2025-11-14 11:48:30,LONG,25191.0,25186.0,25191.0,REVERSAL,1,2,40.0,200.0,1300,20.0,40.0,0.3187076949778044,,,0.05530973451327434
3730,2025-11-14 11:48:30,25191.0,25201.25,25190.5,331,21007000,21008244,2025-11-14 11:48:43,2025-11-14 11:49:39,SHORT,25201.0,25206.0,25221.0,HARD_STOP,1,2,-120.0,-600.0,1244,24.0,60.0,0.3995857886300993,,,0.007017543859649145
3731,2025-11-14 11:49:39,25221.0,25258.0,25216.5,7006,21015250,21015847,2025-11-14 11:56:15,2025-11-14 11:56:52,SHORT,25257.5,25257.5,25247.25,REVERSAL,0,1,41.0,205.0,597,41.0,5.0,1.2155340121938505,,,0.04999999999999999
3732,2025-11-14 11:56:52,25247.25,25255.75,25231.25,3153,21019000,21020083,2025-11-14 12:00:03,2025-11-14 12:00:50,LONG,25243.0,25238.0,25222.75,HARD_STOP,1,2,-122.0,-610.0,1083,25.0,61.0,0.1631978509884792,,,0.051724137931034475
3733,2025-11-14 12:00:50,25222.75,25232.0,25221.75,149,21020232,21021361,2025-11-14 12:00:53,2025-11-14 12:02:08,SHORT,25232.0,25237.0,25232.0,REVERSAL,1,2,40.0,200.0,1129,20.0,40.0,0.37719836603210866,,,0.04487179487179488
3734,2025-11-14 12:02:08,25232.0,25244.75,25226.25,931,21022292,21023938,2025-11-14 12:03:15,2025-11-14 12:05:03,SHORT,25241.0,25246.0,25241.0,REVERSAL,1,2,40.0,200.0,1646,38.0,40.0,0.20517568692858307,,,0.04661016949152541
3735,2025-11-14 12:05:03,25241.0,25251.0,25237.25,562,21024500,21025847,2025-11-14 12:05:51,2025-11-14 12:07:09,SHORT,25250.5,25255.5,25250.5,REVERSAL,1,2,40.0,200.0,1347,31.0,40.0,0.21490785566232753,,,-0.001680672268907557
3736,2025-11-14 12:07:09,25250.5,25252.0,25230.5,1153,21027000,21027293,2025-11-14 12:08:13,2025-11-14 12:08:31,SHORT,25244.5,25244.5,25234.0,REVERSAL,0,1,42.0,210.0,293,42.0,13.0,0.41355343995209887,,,0.0
3737,2025-11-14 12:08:31,25234.0,25258.25,25232.75,707,21028000,21029203,2025-11-14 12:09:07,2025-11-14 12:10:03,SHORT,25257.25,25262.25,25277.25,HARD_STOP,1,2,-120.0,-600.0,1203,26.0,60.0,0.4971556262843416,,,0.0016528925619834767
3738,2025-11-14 12:10:03,25277.25,25290.0,25272.25,1797,21031000,21031352,2025-11-14 12:10:55,2025-11-14 12:11:11,SHORT,25290.0,25290.0,25280.0,REVERSAL,0,1,40.0,200.0,352,40.0,3.0,0.41442283042765754,,,0.04508196721311475
3739,2025-11-14 12:11:11,25280.0,25283.75,25273.75,377,21031729,21032534,2025-11-14 12:11:32,2025-11-14 12:12:17,SHORT,25283.75,25283.75,25273.75,REVERSAL,0,1,40.0,200.0,805,40.0,38.0,0.6220751610456358,,,0.0467479674796748
3740,2025-11-14 12:12:17,25273.75,25288.25,25265.75,1793,21034327,21034758,2025-11-14 12:14:13,2025-11-14 12:14:43,SHORT,25285.5,25285.5,25275.5,REVERSAL,0,1,40.0,200.0,431,40.0,8.0,0.20846347187284664,,,0.04838709677419356
3741,2025-11-14 12:14:43,25275.5,25284.75,25252.0,2992,21037750,21038092,2025-11-14 12:16:56,2025-11-14 12:17:24,SHORT,25278.25,25278.25,25268.25,REVERSAL,0,1,40.0,200.0,342,40.0,10.0,0.4573144783886427,,,0.04999999999999999
3742,2025-11-14 12:17:24,25268.25,25271.75,25261.0,726,21038818,21039410,2025-11-14 12:18:16,2025-11-14 12:19:06,LONG,25261.75,25261.75,25271.75,REVERSAL,0,1,40.0,200.0,592,40.0,2.0,0.18670414979590486,,,0.0515873015873016
3743,2025-11-14 12:19:06,25271.75,25279.25,25231.75,12118,21051528,21053690,2025-11-14 12:31:18,2025-11-14 12:33:17,LONG,25243.5,25238.5,25243.5,REVERSAL,1,2,40.0,200.0,2162,20.0,57.0,0.3220139483169056,,,0.05314960629921259
3744,2025-11-14 12:33:17,25243.5,25249.75,25234.5,1310,21055000,21055256,2025-11-14 12:34:38,2025-11-14 12:35:00,LONG,25234.75,25234.75,25244.75,REVERSAL,0,1,40.0,200.0,256,40.0,0.0,0.27271693538432545,,,0.004687500000000011
3745,2025-11-14 12:35:00,25244.75,25260.0,25240.75,744,21056000,21056247,2025-11-14 12:35:43,2025-11-14 12:36:02,SHORT,25260.0,25260.0,25249.5,REVERSAL,0,1,42.0,210.0,247,42.0,3.0,0.28838915873005966,,,0.006201550387596899
3746,2025-11-14 12:36:02,25249.5,25249.5,25249.5,0,21056247,21056481,2025-11-14 12:36:02,2025-11-14 12:36:27,LONG,25249.5,25249.5,25259.5,REVERSAL,0,1,40.0,200.0,234,40.0,4.0,0.28838915873005966,,,0.007692307692307693
3747,2025-11-14 12:36:27,25259.5,25284.5,25245.0,2519,21059000,21059572,2025-11-14 12:38:59,2025-11-14 12:39:30,SHORT,25283.0,25283.0,25272.75,REVERSAL,0,1,41.0,205.0,572,41.0,3.0,0.6522082027693378,,,-0.04083969465648857
3748,2025-11-14 12:39:30,25272.75,25280.0,25249.5,1678,21061250,21061518,2025-11-14 12:40:51,2025-11-14 12:41:00,LONG,25250.5,25250.5,25260.75,REVERSAL,0,1,41.0,205.0,268,41.0,2.0,0.4756826321068256,,,-0.0393939393939394
3749,2025-11-14 12:41:00,25260.75,25267.0,25257.0,247,21061765,21062819,2025-11-14 12:41:14,2025-11-14 12:42:24,LONG,25257.0,25252.0,25257.0,REVERSAL,1,2,40.0,200.0,1054,20.0,40.0,0.5818003493232551,,,-0.03796992481203007
3750,2025-11-14 12:42:24,25257.0,25257.0,25237.75,1257,21064076,21064306,2025-11-14 12:43:47,2025-11-14 12:44:02,SHORT,25252.25,25252.25,25242.0,REVERSAL,0,1,41.0,205.0,230,41.0,4.0,0.30925423884728426,,,-0.036567164179104494
3751,2025-11-14 12:44:02,25242.0,25264.5,25232.25,2947,21067253,21068705,2025-11-14 12:47:05,2025-11-14 12:48:17,LONG,25235.0,25230.0,25215.0,HARD_STOP,1,2,-120.0,-600.0,1452,34.0,60.0,0.37761108843785907,,,-0.08518518518518517
3752,2025-11-14 12:48:17,25215.0,25222.5,25202.75,1802,21070507,21073869,2025-11-14 12:49:27,2025-11-14 12:50:59,LONG,25204.5,25199.5,25184.5,HARD_STOP,1,2,-120.0,-600.0,3362,23.0,60.0,0.7579852613204219,,,-0.04117647058823529
3753,2025-11-14 12:50:59,25184.5,25192.75,25163.5,1881,21075750,21076288,2025-11-14 12:51:45,2025-11-14 12:52:00,LONG,25163.5,25163.5,25173.5,REVERSAL,0,1,40.0,200.0,538,40.0,13.0,1.3204396460605,,,-0.047080291970802934
3754,2025-11-14 12:52:00,25173.5,25202.25,25171.25,1712,21078000,21079854,2025-11-14 12:52:50,2025-11-14 12:54:00,SHORT,25200.5,25205.5,25220.5,HARD_STOP,1,2,-120.0,-600.0,1854,26.0,60.0,0.5861515907136601,,,-0.04565217391304349
3755,2025-11-14 12:54:00,25220.5,25220.75,25199.5,2146,21082000,21082597,2025-11-14 12:55:48,2025-11-14 12:56:25,SHORT,25212.0,25212.0,25202.0,REVERSAL,0,1,40.0,200.0,597,40.0,21.0,0.3785774948757332,,,-0.0014388489208632949
3756,2025-11-14 12:56:25,25202.0,25216.75,25196.0,903,21083500,21083715,2025-11-14 12:57:08,2025-11-14 12:57:21,SHORT,25216.75,25216.75,25206.75,REVERSAL,0,1,40.0,200.0,215,40.0,7.0,0.3319787332482477,,,0.0
3757,2025-11-14 12:57:21,25206.75,25206.75,25206.75,0,21083715,21085119,2025-11-14 12:57:21,2025-11-14 12:58:26,LONG,25206.75,25201.75,25186.75,HARD_STOP,1,2,-120.0,-600.0,1404,9.0,60.0,0.3319787332482477,,,0.0014184397163120588
3758,2025-11-14 12:58:26,25186.75,25198.5,25186.5,631,21085750,21086298,2025-11-14 12:59:09,2025-11-14 12:59:48,LONG,25187.25,25187.25,25197.25,REVERSAL,0,1,40.0,200.0,548,40.0,11.0,0.31349615615124954,,,-0.004225352112676051
3759,2025-11-14 12:59:48,25197.25,25205.5,25195.0,398,21086696,21086969,2025-11-14 13:00:01,2025-11-14 13:00:11,LONG,25195.0,25195.0,25205.0,REVERSAL,0,1,40.0,200.0,273,40.0,12.0,0.2808220413919185,,,-0.0027972027972027746
3760,2025-11-14 13:00:11,25205.0,25206.25,25135.0,8294,21095263,21097349,2025-11-14 13:04:24,2025-11-14 13:05:48,LONG,25148.25,25143.25,25128.0,HARD_STOP,1,2,-122.0,-610.0,2086,7.0,61.0,0.5957726901350114,,,-0.001388888888888884
3761,2025-11-14 13:05:48,25128.0,25142.25,25121.25,1800,21099149,21099530,2025-11-14 13:06:45,2025-11-14 13:07:04,LONG,25131.75,25131.75,25141.75,REVERSAL,0,1,40.0,200.0,381,40.0,1.0,0.5378295405213303,,,0.04310344827586207
3762,2025-11-14 13:07:04,25141.75,25182.75,25137.25,6421,21105951,21106460,2025-11-14 13:10:43,2025-11-14 13:11:04,SHORT,25168.5,25168.5,25158.5,REVERSAL,0,1,40.0,200.0,509,40.0,8.0,0.899980211910123,,,0.04452054794520549
3763,2025-11-14 13:11:04,25158.5,25197.0,25153.75,1790,21108250,21108617,2025-11-14 13:12:19,2025-11-14 13:12:27,SHORT,25197.0,25197.0,25186.75,REVERSAL,0,1,41.0,205.0,367,41.0,26.0,1.0815779772476086,,,0.04591836734693877
3764,2025-11-14 13:12:27,25186.75,25215.25,25185.75,1171,21109788,21110619,2025-11-14 13:13:03,2025-11-14 13:13:34,SHORT,25206.0,25211.0,25206.0,REVERSAL,1,2,40.0,200.0,831,23.0,40.0,1.8006803230840853,,,0.047297297297297286
3765,2025-11-14 13:13:34,25206.0,25224.25,25194.0,2381,21113000,21113257,2025-11-14 13:15:29,2025-11-14 13:15:44,LONG,25194.0,25194.0,25204.0,REVERSAL,0,1,40.0,200.0,257,40.0,1.0,0.49284221044596144,,,0.04865771812080538
3766,2025-11-14 13:15:44,25204.0,25212.0,25202.0,264,21113521,21113881,2025-11-14 13:16:04,2025-11-14 13:16:24,SHORT,25212.0,25212.0,25202.0,REVERSAL,0,1,40.0,200.0,360,40.0,17.0,0.38754120174426954,,,0.04999999999999999
3767,2025-11-14 13:16:24,25202.0,25202.0,25159.25,2434,21116315,21118853,2025-11-14 13:18:16,2025-11-14 13:21:13,LONG,25170.5,25165.5,25150.5,HARD_STOP,1,2,-120.0,-600.0,2538,27.0,60.0,1.088401717150518,,,0.05132450331125829
3768,2025-11-14 13:21:13,25150.5,25159.5,25130.0,2147,21121000,21121697,2025-11-14 13:22:49,2025-11-14 13:23:18,LONG,25130.0,25130.0,25140.0,REVERSAL,0,1,40.0,200.0,697,40.0,8.0,0.5471122799387151,,,0.09605263157894736
3769,2025-11-14 13:23:18,25140.0,25160.25,25122.5,2053,21123750,21123866,2025-11-14 13:25:10,2025-11-14 13:25:15,SHORT,25157.0,25157.0,25147.0,REVERSAL,0,1,40.0,200.0,116,40.0,6.0,0.28888334890746314,,,0.09738562091503267
3770,2025-11-14 13:25:15,25147.0,25147.0,25147.0,0,21123866,21125298,2025-11-14 13:25:15,2025-11-14 13:27:07,LONG,25147.0,25141.875,25146.75,REVERSAL,1,2,39.0,195.0,1432,19.5,43.5,0.28888334890746314,,,0.09870129870129868
3771,2025-11-14 13:27:07,25146.75,25161.75,25141.75,1452,21126750,21127046,2025-11-14 13:28:52,2025-11-14 13:29:11,SHORT,25161.75,25161.75,25151.5,REVERSAL,0,1,41.0,205.0,296,41.0,12.0,0.3063731565399195,,,0.09999999999999998
3772,2025-11-14 13:29:11,25151.5,25189.75,25148.0,4954,21132000,21132135,2025-11-14 13:34:00,2025-11-14 13:34:10,SHORT,25187.25,25187.25,25176.75,REVERSAL,0,1,42.0,210.0,135,42.0,4.0,0.42721359896066347,,,0.051282051282051294
3773,2025-11-14 13:34:10,25176.75,25176.75,25176.75,0,21132135,21132773,2025-11-14 13:34:10,2025-11-14 13:34:56,LONG,25176.75,25171.625,25176.5,REVERSAL,1,2,39.0,195.0,638,25.0,41.0,0.42721359896066347,,,0.002547770700636942
3774,2025-11-14 13:34:56,25176.5,25181.0,25113.25,3227,21136000,21136647,2025-11-14 13:38:12,2025-11-14 13:38:43,LONG,25115.5,25115.5,25125.5,REVERSAL,0,1,40.0,200.0,647,40.0,0.0,1.860025314841634,,,0.0037974683544304
3775,2025-11-14 13:38:43,25125.5,25126.25,25098.5,4142,21140789,21142509,2025-11-14 13:42:33,2025-11-14 13:44:02,LONG,25106.0,25101.0,25106.0,REVERSAL,1,2,40.0,200.0,1720,20.0,40.0,0.4677432934172586,,,-0.044968553459119515
3776,2025-11-14 13:44:02,25106.0,25114.25,25088.25,3241,21145750,21145997,2025-11-14 13:46:32,2025-11-14 13:46:49,LONG,25090.75,25090.75,25100.75,REVERSAL,0,1,40.0,200.0,247,40.0,0.0,0.40282735915794277,,,-0.04375000000000001
3777,2025-11-14 13:46:49,25100.75,25100.75,25100.75,0,21145997,21146962,2025-11-14 13:46:49,2025-11-14 13:48:09,SHORT,25100.75,25100.75,25090.5,REVERSAL,0,1,41.0,205.0,965,41.0,15.0,0.40282735915794277,,,-0.042546583850931685
3778,2025-11-14 13:48:09,25090.5,25124.5,25090.5,1788,21148750,21149978,2025-11-14 13:50:09,2025-11-14 13:50:57,SHORT,25124.0,25129.0,25123.75,REVERSAL,1,2,42.0,210.0,1228,32.0,40.0,0.2980766976986802,,,-0.09135802469135801
3779,2025-11-14 13:50:57,25123.75,25129.75,25119.0,246,21150224,21151162,2025-11-14 13:51:09,2025-11-14 13:51:52,SHORT,25129.75,25134.75,25149.75,HARD_STOP,1,2,-120.0,-600.0,938,5.0,60.0,0.4724721983314823,,,-0.09018404907975461
3780,2025-11-14 13:51:52,25149.75,25198.0,25149.75,5588,21156750,21157292,2025-11-14 13:56:17,2025-11-14 13:56:32,LONG,25172.5,25172.5,25182.5,REVERSAL,0,1,40.0,200.0,542,40.0,10.0,1.426478708927157,,,-0.04512195121951221
3781,2025-11-14 13:56:32,25182.5,25187.5,25157.25,1962,21159254,21159394,2025-11-14 13:58:27,2025-11-14 13:58:38,SHORT,25175.75,25175.75,25165.75,REVERSAL,0,1,40.0,200.0,140,40.0,0.0,0.5720504837796098,,,-0.09393939393939393
3782,2025-11-14 13:58:38,25165.75,25165.75,25165.75,0,21159394,21159633,2025-11-14 13:58:38,2025-11-14 13:58:56,LONG,25165.75,25165.75,25175.75,REVERSAL,0,1,40.0,200.0,239,40.0,1.0,0.5720504837796098,,,-0.0927710843373494
3783,2025-11-14 13:58:56,25175.75,25181.25,25166.75,867,21160500,21161492,2025-11-14 14:00:08,2025-11-14 14:01:07,SHORT,25179.25,25179.25,25169.0,REVERSAL,0,1,41.0,205.0,992,41.0,20.0,0.18485731995522484,,,-0.09161676646706587
3784,2025-11-14 14:01:07,25169.0,25181.0,25158.5,1258,21162750,21162911,2025-11-14 14:02:24,2025-11-14 14:02:38,SHORT,25180.75,25180.75,25170.75,REVERSAL,0,1,40.0,200.0,161,40.0,8.0,0.21276375737060801,,,-0.09047619047619046
3785,2025-11-14 14:02:38,25170.75,25170.75,25170.75,0,21162911,21163310,2025-11-14 14:02:38,2025-11-14 14:03:18,LONG,25170.75,25170.75,25181.0,REVERSAL,0,1,41.0,205.0,399,41.0,12.0,0.21276375737060801,,,-0.08934911242603549
3786,2025-11-14 14:03:18,25181.0,25181.75,25149.5,1190,21164500,21164697,2025-11-14 14:04:45,2025-11-14 14:05:01,LONG,25149.75,25149.75,25159.75,REVERSAL,0,1,40.0,200.0,197,40.0,0.0,0.35996762489910966,,,-0.08823529411764705
3787,2025-11-14 14:05:01,25159.75,25159.75,25159.75,0,21164697,21164824,2025-11-14 14:05:01,2025-11-14 14:05:08,SHORT,25159.75,25159.75,25149.75,REVERSAL,0,1,40.0,200.0,127,40.0,5.0,0.35996762489910966,,,-0.08713450292397659
3788,2025-11-14 14:05:08,25149.75,25168.75,25124.5,6426,21171250,21171633,2025-11-14 14:13:04,2025-11-14 14:13:27,SHORT,25156.0,25156.0,25146.0,REVERSAL,0,1,40.0,200.0,383,40.0,2.0,0.19371485864517485,,,-0.13604651162790699
3789,2025-11-14 14:13:27,25146.0,25175.5,25139.75,2867,21174500,21174811,2025-11-14 14:17:45,2025-11-14 14:18:15,LONG,25152.75,25152.75,25162.75,REVERSAL,0,1,40.0,200.0,311,40.0,1.0,0.34345661440965924,,,-0.13497109826589593
3790,2025-11-14 14:18:15,25162.75,25215.0,25152.25,4439,21179250,21180545,2025-11-14 14:23:42,2025-11-14 14:25:16,SHORT,25213.75,25213.75,25203.5,REVERSAL,0,1,41.0,205.0,1295,41.0,30.0,0.45199448033362993,,,-0.1339080459770115
3791,2025-11-14 14:25:16,25203.5,25205.25,25189.25,1205,21181750,21181928,2025-11-14 14:26:21,2025-11-14 14:26:37,SHORT,25202.75,25202.75,25192.75,REVERSAL,0,1,40.0,200.0,178,40.0,3.0,0.3683460214636805,,,-0.13285714285714284
3792,2025-11-14 14:26:37,25192.75,25192.75,25192.75,0,21181928,21182316,2025-11-14 14:26:37,2025-11-14 14:27:01,LONG,25192.75,25187.625,25192.5,REVERSAL,1,2,39.0,195.0,388,19.5,41.0,0.3683460214636805,,,-0.13181818181818183
3793,2025-11-14 14:27:01,25192.5,25208.5,25182.75,1950,21184266,21185534,2025-11-14 14:29:59,2025-11-14 14:31:13,SHORT,25203.0,25208.0,25203.0,REVERSAL,1,2,40.0,200.0,1268,20.0,44.0,0.26886396061097834,,,-0.1307909604519774
3794,2025-11-14 14:31:13,25203.0,25205.0,25188.0,1216,21186750,21186939,2025-11-14 14:32:42,2025-11-14 14:33:01,SHORT,25201.0,25201.0,25191.0,REVERSAL,0,1,40.0,200.0,189,40.0,0.0,0.3708387814770093,,,-0.1297752808988764
3795,2025-11-14 14:33:01,25191.0,25191.0,25191.0,0,21186939,21187740,2025-11-14 14:33:01,2025-11-14 14:34:00,LONG,25191.0,25191.0,25201.0,REVERSAL,0,1,40.0,200.0,801,40.0,30.0,0.3708387814770093,,,-0.12877094972067038
3796,2025-11-14 14:34:00,25201.0,25217.75,25186.0,5013,21192753,21193303,2025-11-14 14:43:04,2025-11-14 14:44:20,SHORT,25209.25,25209.25,25199.25,REVERSAL,0,1,40.0,200.0,550,40.0,11.0,0.17604938513213028,,,-0.12777777777777777
3797,2025-11-14 14:44:20,25199.25,25241.75,25199.25,4994,21198297,21198686,2025-11-14 14:49:58,2025-11-14 14:50:29,LONG,25212.0,25212.0,25222.0,REVERSAL,0,1,40.0,200.0,389,40.0,19.0,0.3764780037226798,,,-0.12679558011049724
3798,2025-11-14 14:50:29,25222.0,25237.25,25212.25,814,21199500,21199639,2025-11-14 14:51:36,2025-11-14 14:51:50,SHORT,25235.0,25235.0,25225.0,REVERSAL,0,1,40.0,200.0,139,40.0,3.0,0.3771169909199901,,,-0.12582417582417582
3799,2025-11-14 14:51:50,25225.0,25225.0,25225.0,0,21199639,21199845,2025-11-14 14:51:50,2025-11-14 14:52:18,LONG,25225.0,25225.0,25235.0,REVERSAL,0,1,40.0,200.0,206,40.0,7.0,0.3771169909199901,,,-0.12486338797814207
3800,2025-11-14 14:52:18,25235.0,25240.0,25207.0,3155,21203000,21203689,2025-11-14 14:57:53,2025-11-14 14:58:53,SHORT,25231.25,25231.25,25221.25,REVERSAL,0,1,40.0,200.0,689,40.0,10.0,0.2021813419036885,,,-0.17391304347826086
3801,2025-11-14 14:58:53,25221.25,25234.0,25214.25,923,21204612,21206167,2025-11-14 15:00:01,2025-11-14 15:01:14,SHORT,25231.75,25231.75,25221.5,REVERSAL,0,1,41.0,205.0,1555,41.0,23.0,0.2894149972967634,,,-0.17297297297297298
3802,2025-11-14 15:01:14,25221.5,25250.0,25220.0,1333,21207500,21207721,2025-11-14 15:02:22,2025-11-14 15:02:39,SHORT,25250.0,25250.0,25240.0,REVERSAL,0,1,40.0,200.0,221,40.0,5.0,0.6077935616995263,,,-0.17204301075268819
3803,2025-11-14 15:02:39,25240.0,25240.0,25240.0,0,21207721,21207807,2025-11-14 15:02:39,2025-11-14 15:02:46,LONG,25240.0,25240.0,25250.0,REVERSAL,0,1,40.0,200.0,86,40.0,0.0,0.6077935616995263,,,-0.1711229946524064
3804,2025-11-14 15:02:46,25250.0,25251.0,25191.0,6416,21214223,21215045,2025-11-14 15:10:36,2025-11-14 15:11:55,LONG,25211.25,25206.25,25191.0,HARD_STOP,1,2,-122.0,-610.0,822,11.0,61.0,0.4083253934085326,,,-0.1702127659574468
3805,2025-11-14 15:11:55,25191.0,25201.75,25167.0,3705,21218750,21218902,2025-11-14 15:17:00,2025-11-14 15:17:12,SHORT,25185.25,25185.25,25175.0,REVERSAL,0,1,41.0,205.0,152,41.0,7.0,0.36248699628725906,,,-0.12460317460317459
3806,2025-11-14 15:17:12,25175.0,25175.0,25175.0,0,21218902,21220093,2025-11-14 15:17:12,2025-11-14 15:18:36,LONG,25175.0,25170.0,25155.0,HARD_STOP,1,2,-120.0,-600.0,1191,9.0,60.0,0.36248699628725906,,,-0.1236842105263158
3807,2025-11-14 15:18:36,25155.0,25163.0,25130.0,3157,21223250,21225151,2025-11-14 15:21:47,2025-11-14 15:23:37,LONG,25130.75,25130.75,25140.75,REVERSAL,0,1,40.0,200.0,1901,40.0,33.0,0.6878264669543335,,,-0.07801047120418847
3808,2025-11-14 15:23:37,25140.75,25151.5,25126.0,3599,21228750,21229222,2025-11-14 15:27:23,2025-11-14 15:28:07,LONG,25126.75,25126.75,25136.75,REVERSAL,0,1,40.0,200.0,472,40.0,4.0,0.3660615314903876,,,-0.07708333333333334
3809,2025-11-14 15:28:07,25136.75,25144.25,25134.25,393,21229615,21230033,2025-11-14 15:28:44,2025-11-14 15:29:39,LONG,25134.25,25134.25,25145.0,REVERSAL,0,1,43.0,215.0,418,43.0,3.0,0.19465928121838444,,,-0.07616580310880827
3810,2025-11-14 15:29:39,25145.0,25146.75,25126.0,736,21230769,21231495,2025-11-14 15:30:20,2025-11-14 15:31:17,LONG,25128.75,25128.75,25139.25,REVERSAL,0,1,42.0,210.0,726,42.0,16.0,0.5198823794802787,,,-0.07525773195876287
3811,2025-11-14 15:31:17,25139.25,25139.25,25129.5,123,21231618,21232469,2025-11-14 15:31:27,2025-11-14 15:32:30,LONG,25129.5,25129.5,25139.5,REVERSAL,0,1,40.0,200.0,851,40.0,16.0,0.31222241312543386,,,-0.07435897435897434
3812,2025-11-14 15:32:30,25139.5,25152.5,25139.0,531,21233000,21234391,2025-11-14 15:33:00,2025-11-14 15:34:13,SHORT,25150.5,25155.625,25150.75,REVERSAL,1,2,39.0,195.0,1391,36.0,41.0,0.4170217585756511,,,-0.07346938775510203
3813,2025-11-14 15:34:13,25150.75,25155.25,25145.25,384,21234775,21235130,2025-11-14 15:34:50,2025-11-14 15:35:24,LONG,25145.25,25145.25,25155.25,REVERSAL,0,1,40.0,200.0,355,40.0,1.0,0.4476004340498576,,,-0.07258883248730963
3814,2025-11-14 15:35:24,25155.25,25160.5,25150.5,155,21235285,21235631,2025-11-14 15:35:41,2025-11-14 15:36:13,SHORT,25160.5,25160.5,25150.5,REVERSAL,0,1,40.0,200.0,346,40.0,3.0,0.28503309388306236,,,-0.07171717171717171
3815,2025-11-14 15:36:13,25150.5,25152.5,25108.75,4619,21240250,21240800,2025-11-14 15:40:41,2025-11-14 15:41:09,LONG,25109.75,25109.75,25119.75,REVERSAL,0,1,40.0,200.0,550,40.0,7.0,2.0954114459710325,,,-0.0708542713567839
3816,2025-11-14 15:41:09,25119.75,25122.0,25106.0,1700,21242500,21244468,2025-11-14 15:43:11,2025-11-14 15:45:28,LONG,25109.5,25109.5,25119.75,REVERSAL,0,1,41.0,205.0,1968,41.0,23.0,0.30006624890986694,,,-0.07
3817,2025-11-14 15:45:28,25119.75,25129.0,25075.0,4782,21249250,21249504,2025-11-14 15:49:38,2025-11-14 15:49:50,LONG,25076.25,25076.25,25079.0,EOD_FLATTEN,0,1,11.0,55.0,254,24.0,1.0,0.6340635360630961,,,-0.0691542288557214
3818,2025-11-17 09:30:00,24997.75,24999.75,24985.5,269,21423000,21423204,2025-11-17 09:30:00,2025-11-17 09:30:00,LONG,24986.25,24986.25,24996.5,REVERSAL,0,1,41.0,205.0,204,41.0,5.0,,,,
3819,2025-11-17 09:30:00,24996.5,24996.5,24996.5,0,21423204,21423497,2025-11-17 09:30:00,2025-11-17 09:30:02,SHORT,24996.5,24996.5,24986.25,REVERSAL,0,1,41.0,205.0,293,41.0,8.0,,,,
3820,2025-11-17 09:30:02,24986.25,24993.5,24977.0,1019,21424516,21425302,2025-11-17 09:30:08,2025-11-17 09:30:15,LONG,24980.25,24980.25,24990.75,REVERSAL,0,1,42.0,210.0,786,42.0,7.0,,,,
3821,2025-11-17 09:30:15,24990.75,24994.75,24970.25,708,21426010,21428935,2025-11-17 09:30:22,2025-11-17 09:31:02,LONG,24972.75,24967.625,24972.5,REVERSAL,1,2,39.0,195.0,2925,33.0,50.5,,,,
3822,2025-11-17 09:31:02,24972.5,25060.0,24972.25,6065,21435000,21435993,2025-11-17 09:32:13,2025-11-17 09:32:26,SHORT,25059.25,25059.25,25049.25,REVERSAL,0,1,40.0,200.0,993,40.0,28.0,2.2419928825622777,,,
3823,2025-11-17 09:32:26,25049.25,25079.75,25048.75,2507,21438500,21438852,2025-11-17 09:33:08,2025-11-17 09:33:12,SHORT,25079.0,25079.0,25069.0,REVERSAL,0,1,40.0,200.0,352,40.0,4.0,2.396686608375518,,,
3824,2025-11-17 09:33:12,25069.0,25103.5,25057.5,5898,21444750,21445278,2025-11-17 09:35:06,2025-11-17 09:35:20,SHORT,25103.5,25103.5,25093.5,REVERSAL,0,1,40.0,200.0,528,40.0,1.0,0.9154109202961181,,,
3825,2025-11-17 09:35:20,25093.5,25100.5,25081.75,1472,21446750,21448442,2025-11-17 09:35:48,2025-11-17 09:36:16,SHORT,25099.75,25104.875,25120.0,HARD_STOP,1,2,-121.0,-605.0,1692,17.0,60.5,0.570020357869924,,,
3826,2025-11-17 09:36:16,25120.0,25175.0,25108.5,4558,21453000,21453384,2025-11-17 09:37:42,2025-11-17 09:37:49,SHORT,25175.0,25175.0,25165.0,REVERSAL,0,1,40.0,200.0,384,40.0,11.0,1.0045143352566595,,,
3827,2025-11-17 09:37:49,25165.0,25169.5,25141.5,4116,21457500,21460768,2025-11-17 09:39:36,2025-11-17 09:40:57,SHORT,25168.5,25173.5,25168.5,REVERSAL,1,2,40.0,200.0,3268,29.0,44.0,0.3210724573454465,,,
3828,2025-11-17 09:40:57,25168.5,25185.5,25156.75,2232,21463000,21463209,2025-11-17 09:41:52,2025-11-17 09:41:57,LONG,25158.0,25158.0,25168.0,REVERSAL,0,1,40.0,200.0,209,40.0,6.0,0.6799945692756773,,,0.0
3829,2025-11-17 09:41:57,25168.0,25168.0,25168.0,0,21463209,21463414,2025-11-17 09:41:57,2025-11-17 09:42:01,SHORT,25168.0,25168.0,25157.5,REVERSAL,0,1,42.0,210.0,205,42.0,8.0,0.6799945692756773,,,0.0
3830,2025-11-17 09:42:01,25157.5,25201.5,25142.0,11086,21474500,21476761,2025-11-17 09:46:40,2025-11-17 09:47:47,SHORT,25199.5,25204.5,25219.75,HARD_STOP,1,2,-122.0,-610.0,2261,36.0,61.0,0.5322674870326187,,,0.0
3831,2025-11-17 09:47:47,25219.75,25228.0,25200.75,3739,21480500,21483905,2025-11-17 09:49:48,2025-11-17 09:51:29,SHORT,25221.0,25226.0,25241.0,HARD_STOP,1,2,-120.0,-600.0,3405,14.0,60.0,0.39063934247666826,,,0.0
3832,2025-11-17 09:51:29,25241.0,25253.0,25215.0,5845,21489750,21490301,2025-11-17 09:54:54,2025-11-17 09:55:17,LONG,25234.0,25234.0,25244.0,REVERSAL,0,1,40.0,200.0,551,40.0,4.0,0.417441699941688,,,0.0
3833,2025-11-17 09:55:17,25244.0,25253.0,25237.5,699,21491000,21491152,2025-11-17 09:55:45,2025-11-17 09:55:49,SHORT,25252.75,25252.75,25242.75,REVERSAL,0,1,40.0,200.0,152,40.0,5.0,0.46891522850479656,,,0.0
3834,2025-11-17 09:55:49,25242.75,25242.75,25242.75,0,21491152,21492242,2025-11-17 09:55:49,2025-11-17 09:56:22,LONG,25242.75,25237.625,25222.25,HARD_STOP,1,2,-123.0,-615.0,1090,8.0,61.5,0.46891522850479656,,,0.0
3835,2025-11-17 09:56:22,25222.25,25234.5,25176.0,9758,21502000,21502394,2025-11-17 10:01:38,2025-11-17 10:01:52,LONG,25179.75,25179.75,25189.75,REVERSAL,0,1,40.0,200.0,394,40.0,13.0,0.44515300345989417,,,0.0
3836,2025-11-17 10:01:52,25189.75,25200.5,25185.5,356,21502750,21502995,2025-11-17 10:02:05,2025-11-17 10:02:18,SHORT,25198.25,25198.25,25188.25,REVERSAL,0,1,40.0,200.0,245,40.0,8.0,0.2791771615938705,,,0.0
3837,2025-11-17 10:02:18,25188.25,25188.25,25188.25,0,21502995,21504419,2025-11-17 10:02:18,2025-11-17 10:03:09,LONG,25188.25,25183.25,25188.25,REVERSAL,1,2,40.0,200.0,1424,20.0,56.0,0.2791771615938705,,,0.0
3838,2025-11-17 10:03:09,25188.25,25189.25,25101.0,5836,21510255,21510763,2025-11-17 10:05:11,2025-11-17 10:05:25,LONG,25128.5,25128.5,25138.5,REVERSAL,0,1,40.0,200.0,508,40.0,10.0,1.4999468682129886,,,0.0
3839,2025-11-17 10:05:25,25138.5,25159.0,25108.5,4737,21515500,21515978,2025-11-17 10:07:42,2025-11-17 10:07:54,LONG,25110.0,25110.0,25120.25,REVERSAL,0,1,41.0,205.0,478,41.0,11.0,0.41518908701541607,,,0.009523809523809545
3840,2025-11-17 10:07:54,25120.25,25122.25,25104.5,586,21516564,21517507,2025-11-17 10:08:09,2025-11-17 10:08:31,LONG,25107.5,25102.375,25087.25,HARD_STOP,1,2,-121.0,-605.0,943,17.0,60.5,0.5085234373432653,,,0.018181818181818188
3841,2025-11-17 10:08:31,25087.25,25092.25,25073.0,1012,21518519,21518929,2025-11-17 10:08:44,2025-11-17 10:08:51,LONG,25076.5,25076.5,25086.5,REVERSAL,0,1,40.0,200.0,410,40.0,10.0,0.9042720581832012,,,0.03260869565217392
3842,2025-11-17 10:08:51,25086.5,25087.0,25063.5,2071,21521000,21521406,2025-11-17 10:09:40,2025-11-17 10:09:51,LONG,25063.5,25063.5,25073.5,REVERSAL,0,1,40.0,200.0,406,40.0,11.0,0.9063746667879965,,,0.04166666666666666
3843,2025-11-17 10:09:51,25073.5,25095.0,25072.0,1075,21522481,21522869,2025-11-17 10:10:12,2025-11-17 10:10:25,LONG,25083.5,25083.5,25093.5,REVERSAL,0,1,40.0,200.0,388,40.0,20.0,1.133335339997142,,,0.04999999999999999
3844,2025-11-17 10:10:25,25093.5,25105.75,25082.0,881,21523750,21524856,2025-11-17 10:10:55,2025-11-17 10:11:20,SHORT,25102.75,25107.75,25123.0,HARD_STOP,1,2,-122.0,-610.0,1106,29.0,61.0,0.5698094057483344,,,0.05769230769230768
3845,2025-11-17 10:11:20,25123.0,25139.5,25112.0,1458,21526314,21526726,2025-11-17 10:12:02,2025-11-17 10:12:20,SHORT,25132.5,25132.5,25122.5,REVERSAL,0,1,40.0,200.0,412,40.0,21.0,0.5094929187323932,,,0.07777777777777778
3846,2025-11-17 10:12:20,25122.5,25143.5,25114.0,1774,21528500,21528963,2025-11-17 10:13:25,2025-11-17 10:13:41,LONG,25114.75,25114.75,25125.25,REVERSAL,0,1,42.0,210.0,463,42.0,9.0,0.5147095104639946,,,0.035714285714285726
3847,2025-11-17 10:13:41,25125.25,25145.0,25096.0,5537,21534500,21535347,2025-11-17 10:17:34,2025-11-17 10:18:03,LONG,25096.75,25096.75,25106.75,REVERSAL,0,1,40.0,200.0,847,40.0,38.0,0.7940453141963676,,,0.04310344827586207
3848,2025-11-17 10:18:03,25106.75,25117.5,25080.0,1653,21537000,21537341,2025-11-17 10:19:02,2025-11-17 10:19:11,LONG,25081.0,25081.0,25091.0,REVERSAL,0,1,40.0,200.0,341,40.0,28.0,0.534009502759841,,,0.04999999999999999
3849,2025-11-17 10:19:11,25091.0,25091.0,25053.75,1409,21538750,21539031,2025-11-17 10:19:53,2025-11-17 10:19:59,LONG,25057.25,25057.25,25067.25,REVERSAL,0,1,40.0,200.0,281,40.0,2.0,0.8046025937923934,,,0.05645161290322581
3850,2025-11-17 10:19:59,25067.25,25099.75,25058.5,1719,21540750,21541509,2025-11-17 10:20:38,2025-11-17 10:21:03,SHORT,25096.0,25096.0,25086.0,REVERSAL,0,1,40.0,200.0,759,40.0,16.0,0.966421134959307,,,0.0625
3851,2025-11-17 10:21:03,25086.0,25107.0,25064.5,2241,21543750,21544273,2025-11-17 10:22:17,2025-11-17 10:22:31,SHORT,25105.0,25105.0,25095.0,REVERSAL,0,1,40.0,200.0,523,40.0,2.0,1.217911453447661,,,0.018181818181818188
3852,2025-11-17 10:22:31,25095.0,25109.5,25094.25,502,21544775,21546461,2025-11-17 10:22:52,2025-11-17 10:24:01,SHORT,25106.75,25111.75,25106.75,REVERSAL,1,2,40.0,200.0,1686,24.0,40.0,0.4072650553709778,,,-0.026470588235294135
3853,2025-11-17 10:24:01,25106.75,25127.75,25070.0,4789,21551250,21551527,2025-11-17 10:26:49,2025-11-17 10:26:56,SHORT,25104.0,25104.0,25094.0,REVERSAL,0,1,40.0,200.0,277,40.0,22.0,0.38319203302399574,,,-0.021428571428571436
3854,2025-11-17 10:26:56,25094.0,25158.0,25091.75,4262,21555789,21556856,2025-11-17 10:29:33,2025-11-17 10:30:15,SHORT,25139.25,25144.375,25139.25,REVERSAL,1,2,41.0,205.0,1067,20.5,48.5,0.6292872954945894,,,-0.016666666666666663
3855,2025-11-17 10:30:15,25139.25,25152.0,25137.5,457,21557313,21557973,2025-11-17 10:30:32,2025-11-17 10:30:51,LONG,25142.0,25136.75,25141.5,REVERSAL,1,2,38.0,190.0,660,19.0,42.0,0.4596920007546572,,,-0.062162162162162166
3856,2025-11-17 10:30:51,25141.5,25149.25,25139.25,351,21558324,21558464,2025-11-17 10:31:06,2025-11-17 10:31:14,SHORT,25149.25,25149.25,25139.25,REVERSAL,0,1,40.0,200.0,140,40.0,0.0,0.5631315012930318,,,-0.05789473684210525
3857,2025-11-17 10:31:14,25139.25,25139.25,25139.25,0,21558464,21559025,2025-11-17 10:31:14,2025-11-17 10:31:37,LONG,25139.25,25134.25,25139.75,REVERSAL,1,2,44.0,220.0,561,22.0,40.0,0.5631315012930318,,,-0.05384615384615385
3858,2025-11-17 10:31:37,25139.75,25148.0,25138.0,274,21559299,21559940,2025-11-17 10:31:52,2025-11-17 10:32:19,LONG,25138.0,25133.0,25118.0,HARD_STOP,1,2,-120.0,-600.0,641,5.0,60.0,0.6361012753111353,,,-0.04999999999999999
3859,2025-11-17 10:32:19,25118.0,25120.0,25058.25,6310,21566250,21566794,2025-11-17 10:35:40,2025-11-17 10:36:03,SHORT,25094.5,25094.5,25084.5,REVERSAL,0,1,40.0,200.0,544,40.0,5.0,0.3686077978829386,,,-0.02073170731707319
3860,2025-11-17 10:36:03,25084.5,25084.5,25084.5,0,21566794,21567107,2025-11-17 10:36:03,2025-11-17 10:36:17,LONG,25084.5,25084.5,25094.5,REVERSAL,0,1,40.0,200.0,313,40.0,10.0,0.39767559896941046,,,-0.016666666666666663
3861,2025-11-17 10:36:17,25094.5,25095.75,25079.75,393,21567500,21567685,2025-11-17 10:36:35,2025-11-17 10:36:45,LONG,25081.0,25081.0,25091.0,REVERSAL,0,1,40.0,200.0,185,40.0,1.0,0.5183611721293795,,,-0.06279069767441861
3862,2025-11-17 10:36:45,25091.0,25091.0,25091.0,0,21567685,21568015,2025-11-17 10:36:45,2025-11-17 10:37:03,SHORT,25091.0,25091.0,25080.75,REVERSAL,0,1,41.0,205.0,330,41.0,1.0,0.5183611721293795,,,-0.05909090909090908
3863,2025-11-17 10:37:03,25080.75,25114.25,25074.0,2735,21570750,21570822,2025-11-17 10:38:44,2025-11-17 10:38:46,LONG,25074.75,25074.75,25084.75,REVERSAL,0,1,40.0,200.0,72,40.0,1.0,0.43511332329042685,,,-0.05555555555555555
3864,2025-11-17 10:38:46,25084.75,25084.75,25084.75,0,21570822,21571171,2025-11-17 10:38:46,2025-11-17 10:39:02,SHORT,25084.75,25084.75,25074.25,REVERSAL,0,1,42.0,210.0,349,42.0,2.0,0.43511332329042685,,,-0.052173913043478265
3865,2025-11-17 10:39:02,25074.25,25080.25,25067.5,492,21571663,21572202,2025-11-17 10:39:27,2025-11-17 10:40:02,SHORT,25078.25,25078.25,25068.25,REVERSAL,0,1,40.0,200.0,539,40.0,22.0,0.40271817748568073,,,-0.09893617021276595
3866,2025-11-17 10:40:02,25068.25,25075.25,25061.0,1048,21573250,21573508,2025-11-17 10:40:45,2025-11-17 10:41:02,SHORT,25074.75,25074.75,25064.5,REVERSAL,0,1,41.0,205.0,258,41.0,5.0,0.8778598950482194,,,-0.09583333333333334
3867,2025-11-17 10:41:02,25064.5,25087.0,25064.5,503,21574011,21574607,2025-11-17 10:41:36,2025-11-17 10:42:07,LONG,25075.75,25070.75,25075.75,REVERSAL,1,2,40.0,200.0,596,22.0,40.0,0.3303198827367572,,,-0.09285714285714285
3868,2025-11-17 10:42:07,25075.75,25075.75,25075.75,0,21574607,21574899,2025-11-17 10:42:07,2025-11-17 10:42:27,SHORT,25075.75,25075.75,25065.75,REVERSAL,0,1,40.0,200.0,292,40.0,4.0,0.264784263396658,,,-0.09000000000000001
3869,2025-11-17 10:42:27,25065.75,25103.25,25062.75,1351,21576250,21576486,2025-11-17 10:43:27,2025-11-17 10:43:35,SHORT,25102.5,25102.5,25092.5,REVERSAL,0,1,40.0,200.0,236,40.0,7.0,0.8868303509295853,,,-0.08725490196078432
3870,2025-11-17 10:43:35,25092.5,25092.5,25092.5,0,21576486,21576694,2025-11-17 10:43:35,2025-11-17 10:43:43,LONG,25092.5,25092.5,25102.5,REVERSAL,0,1,40.0,200.0,208,40.0,8.0,0.8868303509295853,,,-0.0846153846153846
3871,2025-11-17 10:43:43,25102.5,25121.25,25099.0,806,21577500,21578502,2025-11-17 10:44:11,2025-11-17 10:44:46,SHORT,25119.5,25124.5,25119.5,REVERSAL,1,2,40.0,200.0,1002,29.0,40.0,0.5926478435131538,,,-0.0820754716981132
3872,2025-11-17 10:44:46,25119.5,25136.75,25112.5,1498,21580000,21580287,2025-11-17 10:45:47,2025-11-17 10:46:05,LONG,25119.0,25119.0,25129.0,REVERSAL,0,1,40.0,200.0,287,40.0,27.0,0.6703576217324108,,,-0.07962962962962962
3873,2025-11-17 10:46:05,25129.0,25149.5,25108.75,3463,21583750,21583869,2025-11-17 10:48:34,2025-11-17 10:48:38,SHORT,25148.5,25148.5,25138.5,REVERSAL,0,1,40.0,200.0,119,40.0,8.0,0.7740321243449452,,,-0.07727272727272726
3874,2025-11-17 10:48:38,25138.5,25138.5,25138.5,0,21583869,21584979,2025-11-17 10:48:38,2025-11-17 10:49:25,LONG,25138.5,25133.5,25118.25,HARD_STOP,1,2,-122.0,-610.0,1110,27.0,61.0,0.7740321243449452,,,-0.075
3875,2025-11-17 10:49:25,25118.25,25120.25,25094.0,771,21585750,21586136,2025-11-17 10:49:38,2025-11-17 10:49:50,LONG,25094.0,25094.0,25104.0,REVERSAL,0,1,40.0,200.0,386,40.0,11.0,1.35574362293414,,,-0.04035087719298244
3876,2025-11-17 10:49:50,25104.0,25119.75,25077.5,3638,21589774,21590065,2025-11-17 10:52:43,2025-11-17 10:52:59,LONG,25089.75,25084.75,25090.0,REVERSAL,1,2,42.0,210.0,291,21.0,40.0,0.45682744555427224,,,-0.03793103448275861
3877,2025-11-17 10:52:59,25090.0,25121.75,25090.0,685,21590750,21591660,2025-11-17 10:53:12,2025-11-17 10:54:19,SHORT,25118.25,25118.25,25108.25,REVERSAL,0,1,40.0,200.0,910,40.0,6.0,0.9143756257420425,,,-0.035593220338983045
3878,2025-11-17 10:54:19,25108.25,25117.75,25066.5,4840,21596500,21597678,2025-11-17 10:58:47,2025-11-17 10:59:52,LONG,25068.0,25068.0,25078.25,REVERSAL,0,1,41.0,205.0,1178,41.0,34.0,0.39955990343562325,,,-0.033333333333333326
3879,2025-11-17 10:59:52,25078.25,25097.25,25029.5,5822,21603500,21603782,2025-11-17 11:03:14,2025-11-17 11:03:31,LONG,25030.75,25030.75,25041.0,REVERSAL,0,1,41.0,205.0,282,41.0,1.0,0.43306281338085073,,,-0.08114754098360656
3880,2025-11-17 11:03:31,25041.0,25051.0,25039.5,284,21604066,21604215,2025-11-17 11:03:38,2025-11-17 11:03:45,SHORT,25049.5,25049.5,25039.5,REVERSAL,0,1,40.0,200.0,149,40.0,6.0,0.3758004596648839,,,-0.07903225806451612
3881,2025-11-17 11:03:45,25039.5,25039.5,25039.5,0,21604215,21604465,2025-11-17 11:03:45,2025-11-17 11:04:01,LONG,25039.5,25039.5,25050.0,REVERSAL,0,1,42.0,210.0,250,42.0,11.0,0.3758004596648839,,,-0.07698412698412697
3882,2025-11-17 11:04:01,25050.0,25059.75,25043.5,1535,21606000,21606187,2025-11-17 11:05:21,2025-11-17 11:05:33,LONG,25046.75,25046.75,25057.0,REVERSAL,0,1,41.0,205.0,187,41.0,0.0,0.5667436789980717,,,-0.075
3883,2025-11-17 11:05:33,25057.0,25057.0,25057.0,0,21606187,21606301,2025-11-17 11:05:33,2025-11-17 11:05:39,SHORT,25057.0,25057.0,25046.75,REVERSAL,0,1,41.0,205.0,114,41.0,4.0,0.5667436789980717,,,-0.07307692307692308
3884,2025-11-17 11:05:39,25046.75,25051.5,24992.25,4454,21610755,21612024,2025-11-17 11:08:28,2025-11-17 11:09:32,LONG,25005.5,25000.5,25005.5,REVERSAL,1,2,40.0,200.0,1269,20.0,40.0,0.7125405772177918,,,-0.07121212121212121
3885,2025-11-17 11:09:32,25005.5,25022.25,25000.0,1226,21613250,21613627,2025-11-17 11:10:14,2025-11-17 11:10:26,SHORT,25022.25,25022.25,25012.25,REVERSAL,0,1,40.0,200.0,377,40.0,12.0,1.4318168485258438,,,-0.06940298507462686
3886,2025-11-17 11:10:26,25012.25,25017.25,25007.25,268,21613895,21614323,2025-11-17 11:10:40,2025-11-17 11:11:05,SHORT,25017.25,25017.25,25007.25,REVERSAL,0,1,40.0,200.0,428,40.0,16.0,0.955203285369739,,,-0.06764705882352941
3887,2025-11-17 11:11:05,25007.25,25013.25,24971.0,5677,21620000,21621814,2025-11-17 11:15:05,2025-11-17 11:16:05,LONG,24972.0,24967.0,24952.0,HARD_STOP,1,2,-120.0,-600.0,1814,12.0,60.0,1.4470246881715016,,,-0.06594202898550725
3888,2025-11-17 11:16:05,24952.0,24965.5,24947.75,2186,21624000,21624422,2025-11-17 11:17:18,2025-11-17 11:17:40,SHORT,24961.25,24961.25,24951.25,REVERSAL,0,1,40.0,200.0,422,40.0,0.0,0.5817317664309304,,,-0.028571428571428553
3889,2025-11-17 11:17:40,24951.25,24979.25,24951.0,2328,21626750,21629410,2025-11-17 11:18:55,2025-11-17 11:20:55,LONG,24964.75,24959.625,24964.5,REVERSAL,1,2,39.0,195.0,2660,33.0,58.5,0.583358010105452,,,-0.026760563380281682
3890,2025-11-17 11:20:55,24964.5,24969.75,24959.25,320,21629730,21630988,2025-11-17 11:21:03,2025-11-17 11:22:15,LONG,24959.25,24959.25,24969.25,REVERSAL,0,1,40.0,200.0,1258,40.0,38.0,0.5323485943050031,,,-0.024999999999999994
3891,2025-11-17 11:22:15,24969.25,24972.0,24962.0,553,21631541,21632190,2025-11-17 11:22:43,2025-11-17 11:23:09,SHORT,24972.0,24977.0,24972.0,REVERSAL,1,2,40.0,200.0,649,23.0,40.0,0.5883457481318635,,,-0.0232876712328767
3892,2025-11-17 11:23:09,24972.0,24992.0,24972.0,810,21633000,21633338,2025-11-17 11:23:38,2025-11-17 11:23:50,SHORT,24988.25,24988.25,24978.25,REVERSAL,0,1,40.0,200.0,338,40.0,14.0,0.7372995408475178,,,-0.021621621621621623
3893,2025-11-17 11:23:50,24978.25,24990.75,24974.75,912,21634250,21634605,2025-11-17 11:24:39,2025-11-17 11:25:01,SHORT,24990.25,24990.25,24980.25,REVERSAL,0,1,40.0,200.0,355,40.0,11.0,0.3476467127976661,,,-0.01999999999999999
3894,2025-11-17 11:25:01,24980.25,24998.25,24969.0,1395,21636000,21636842,2025-11-17 11:26:05,2025-11-17 11:26:37,SHORT,24995.75,25000.75,25015.75,HARD_STOP,1,2,-120.0,-600.0,842,39.0,60.0,0.5390234969403068,,,-0.018421052631578935
3895,2025-11-17 11:26:37,25015.75,25054.75,25006.0,3408,21640250,21642438,2025-11-17 11:28:36,2025-11-17 11:30:01,SHORT,25053.5,25058.5,25073.5,HARD_STOP,1,2,-120.0,-600.0,2188,26.0,60.0,0.5956284205983944,,,-0.029870129870129852
3896,2025-11-17 11:30:01,25073.5,25099.25,25064.75,3074,21645512,21647339,2025-11-17 11:31:53,2025-11-17 11:33:08,SHORT,25096.0,25101.0,25096.0,REVERSAL,1,2,40.0,200.0,1827,30.0,40.0,0.5983173553870336,,,0.00897435897435897
3897,2025-11-17 11:33:08,25096.0,25104.5,25094.25,192,21647531,21647911,2025-11-17 11:33:15,2025-11-17 11:33:35,SHORT,25104.5,25104.5,25094.5,REVERSAL,0,1,40.0,200.0,380,40.0,15.0,0.3530295845515715,,,0.010759493670886078
3898,2025-11-17 11:33:35,25094.5,25102.5,25082.25,1839,21649750,21650058,2025-11-17 11:35:01,2025-11-17 11:35:17,SHORT,25100.25,25100.25,25089.75,REVERSAL,0,1,42.0,210.0,308,42.0,6.0,0.33481710892509725,,,0.012499999999999983
3899,2025-11-17 11:35:17,25089.75,25113.5,25078.5,1942,21652000,21653242,2025-11-17 11:36:29,2025-11-17 11:37:25,SHORT,25110.5,25115.5,25110.5,REVERSAL,1,2,40.0,200.0,1242,32.0,40.0,0.5496597967632167,,,0.014197530864197533
3900,2025-11-17 11:37:25,25110.5,25153.0,25106.0,4508,21657750,21658062,2025-11-17 11:41:26,2025-11-17 11:41:36,SHORT,25153.0,25153.0,25143.0,REVERSAL,0,1,40.0,200.0,312,40.0,12.0,0.4364892889835801,,,0.015853658536585352
3901,2025-11-17 11:41:36,25143.0,25149.75,25132.0,1294,21659356,21660981,2025-11-17 11:42:43,2025-11-17 11:44:14,SHORT,25146.5,25146.5,25136.5,REVERSAL,0,1,40.0,200.0,1625,40.0,27.0,0.4085082234446938,,,0.017469879518072273
3902,2025-11-17 11:44:14,25136.5,25147.75,25131.0,1019,21662000,21662110,2025-11-17 11:45:12,2025-11-17 11:45:17,LONG,25134.5,25134.5,25144.5,REVERSAL,0,1,40.0,200.0,110,40.0,1.0,0.268079544614226,,,0.019047619047619035
3903,2025-11-17 11:45:17,25144.5,25144.5,25144.5,0,21662110,21662793,2025-11-17 11:45:17,2025-11-17 11:45:54,SHORT,25144.5,25149.5,25144.5,REVERSAL,1,2,40.0,200.0,683,20.0,40.0,0.268079544614226,,,0.02058823529411763
3904,2025-11-17 11:45:54,25144.5,25156.0,25142.0,707,21663500,21663783,2025-11-17 11:46:23,2025-11-17 11:46:43,LONG,25142.75,25142.75,25152.75,REVERSAL,0,1,40.0,200.0,283,40.0,13.0,0.6183125339035537,,,0.022093023255813943
3905,2025-11-17 11:46:43,25152.75,25159.75,25137.25,1967,21665750,21668292,2025-11-17 11:48:44,2025-11-17 11:50:34,SHORT,25155.0,25160.0,25175.0,HARD_STOP,1,2,-120.0,-600.0,2542,38.0,60.0,0.3107461634966599,,,0.02356321839080458
3906,2025-11-17 11:50:34,25175.0,25180.0,25167.5,741,21669033,21669396,2025-11-17 11:51:01,2025-11-17 11:51:12,SHORT,25178.5,25178.5,25168.5,REVERSAL,0,1,40.0,200.0,363,40.0,3.0,0.6192406314752249,,,0.06363636363636366
3907,2025-11-17 11:51:12,25168.5,25184.0,25167.0,1604,21671000,21672031,2025-11-17 11:52:46,2025-11-17 11:53:37,SHORT,25182.5,25182.5,25172.25,REVERSAL,0,1,41.0,205.0,1031,41.0,14.0,0.38853583401078745,,,0.06516853932584271
3908,2025-11-17 11:53:37,25172.25,25178.25,25168.25,486,21672517,21674974,2025-11-17 11:54:09,2025-11-17 11:56:23,LONG,25168.25,25163.25,25168.25,REVERSAL,1,2,40.0,200.0,2457,35.0,50.0,0.41577389331380954,,,0.016666666666666663
3909,2025-11-17 11:56:23,25168.25,25189.25,25166.75,1276,21676250,21679355,2025-11-17 11:57:34,2025-11-17 12:00:03,SHORT,25189.0,25194.0,25188.75,REVERSAL,1,2,42.0,210.0,3105,26.0,40.0,0.48318216679948384,,,0.018131868131868123
3910,2025-11-17 12:00:03,25188.75,25194.25,25176.5,1151,21680506,21681859,2025-11-17 12:00:50,2025-11-17 12:02:18,LONG,25178.5,25178.5,25188.5,REVERSAL,0,1,40.0,200.0,1353,40.0,26.0,0.631103274054965,,,0.019565217391304346
3911,2025-11-17 12:02:18,25188.5,25194.0,25148.25,9391,21691250,21691736,2025-11-17 12:13:42,2025-11-17 12:14:42,SHORT,25172.25,25172.25,25162.25,REVERSAL,0,1,40.0,200.0,486,40.0,6.0,0.4312011220273489,,,0.02096774193548387
3912,2025-11-17 12:14:42,25162.25,25166.0,25143.0,1514,21693250,21693514,2025-11-17 12:16:35,2025-11-17 12:17:01,SHORT,25164.5,25164.5,25154.5,REVERSAL,0,1,40.0,200.0,264,40.0,7.0,0.29506830221266933,,,0.022340425531914898
3913,2025-11-17 12:17:01,25154.5,25162.0,25146.25,736,21694250,21695446,2025-11-17 12:18:06,2025-11-17 12:19:17,LONG,25148.75,25143.75,25128.75,HARD_STOP,1,2,-120.0,-600.0,1196,14.0,60.0,0.3099358550233664,,,0.02368421052631578
3914,2025-11-17 12:19:17,25128.75,25147.25,25123.25,1054,21696500,21696772,2025-11-17 12:19:49,2025-11-17 12:20:10,SHORT,25146.5,25146.5,25136.25,REVERSAL,0,1,41.0,205.0,272,41.0,0.0,0.4650322506533114,,,0.06458333333333335
3915,2025-11-17 12:20:10,25136.25,25161.5,25127.75,3728,21700500,21701038,2025-11-17 12:23:54,2025-11-17 12:24:48,SHORT,25157.5,25157.5,25147.25,REVERSAL,0,1,41.0,205.0,538,41.0,9.0,0.6561513914302995,,,0.015979381443298968
3916,2025-11-17 12:24:48,25147.25,25157.5,25134.0,1463,21702501,21702722,2025-11-17 12:26:34,2025-11-17 12:27:02,SHORT,25154.0,25154.0,25144.0,REVERSAL,0,1,40.0,200.0,221,40.0,3.0,0.2746210596910006,,,-0.0326530612244898
3917,2025-11-17 12:27:02,25144.0,25144.0,25144.0,0,21702722,21704272,2025-11-17 12:27:02,2025-11-17 12:29:23,LONG,25144.0,25139.0,25144.25,REVERSAL,1,2,42.0,210.0,1550,36.0,50.0,0.2746210596910006,,,-0.03131313131313132
3918,2025-11-17 12:29:23,25144.25,25157.0,25144.25,728,21705000,21705445,2025-11-17 12:30:04,2025-11-17 12:30:31,SHORT,25156.0,25156.0,25146.0,REVERSAL,0,1,40.0,200.0,445,40.0,11.0,0.27611315313557544,,,-0.03
3919,2025-11-17 12:30:31,25146.0,25150.75,25140.75,216,21705661,21705866,2025-11-17 12:30:43,2025-11-17 12:31:05,SHORT,25150.75,25150.75,25140.5,REVERSAL,0,1,41.0,205.0,205,41.0,1.0,0.442175743817026,,,-0.02871287128712871
3920,2025-11-17 12:31:05,25140.5,25164.25,25130.25,3134,21709000,21709145,2025-11-17 12:35:29,2025-11-17 12:35:39,SHORT,25164.25,25164.25,25153.75,REVERSAL,0,1,42.0,210.0,145,42.0,2.0,0.47767459737040363,,,-0.02745098039215685
3921,2025-11-17 12:35:39,25153.75,25153.75,25153.75,0,21709145,21710764,2025-11-17 12:35:39,2025-11-17 12:37:31,LONG,25153.75,25148.625,25133.5,HARD_STOP,1,2,-121.0,-605.0,1619,23.0,60.5,0.47767459737040363,,,-0.026213592233009703
3922,2025-11-17 12:37:31,25133.5,25135.25,25078.25,4736,21715500,21716651,2025-11-17 12:41:18,2025-11-17 12:42:12,LONG,25078.75,25078.75,25088.75,REVERSAL,0,1,40.0,200.0,1151,40.0,15.0,0.6133520814565276,,,0.015384615384615385
3923,2025-11-17 12:42:12,25088.75,25099.75,25087.25,349,21717000,21718404,2025-11-17 12:42:23,2025-11-17 12:44:05,SHORT,25097.75,25097.75,25087.75,REVERSAL,0,1,40.0,200.0,1404,40.0,24.0,0.5199434127412664,,,0.016666666666666663
3924,2025-11-17 12:44:05,25087.75,25090.0,25073.5,1096,21719500,21720842,2025-11-17 12:44:52,2025-11-17 12:45:14,LONG,25073.75,25068.625,25053.5,HARD_STOP,1,2,-121.0,-605.0,1342,14.0,60.5,0.617016225857317,,,0.01792452830188679
3925,2025-11-17 12:45:14,25053.5,25078.5,25025.0,10605,21731447,21732508,2025-11-17 12:53:27,2025-11-17 12:54:25,LONG,25041.25,25036.0,25021.0,HARD_STOP,1,2,-120.0,-600.0,1061,20.0,60.0,0.39947985129643054,,,0.059813084112149556
3926,2025-11-17 12:54:25,25021.0,25032.5,25011.0,4041,21736549,21736872,2025-11-17 12:58:28,2025-11-17 12:58:50,SHORT,25022.0,25022.0,25012.0,REVERSAL,0,1,40.0,200.0,323,40.0,3.0,0.3602679905680421,,,0.05185185185185187
3927,2025-11-17 12:58:50,25012.0,25016.75,25005.0,628,21737500,21739928,2025-11-17 12:59:19,2025-11-17 13:01:05,LONG,25006.25,25001.25,24986.25,HARD_STOP,1,2,-120.0,-600.0,2428,5.0,60.0,0.5712705529764126,,,0.05321100917431193
3928,2025-11-17 13:01:05,24986.25,24992.75,24964.25,4075,21744003,21745257,2025-11-17 13:03:46,2025-11-17 13:05:03,LONG,24974.0,24969.0,24974.0,REVERSAL,1,2,40.0,200.0,1254,22.0,40.0,0.6872468211733817,,,0.09545454545454546
3929,2025-11-17 13:05:03,24974.0,25012.0,24954.0,9743,21755000,21755433,2025-11-17 13:12:48,2025-11-17 13:13:29,LONG,24975.5,24975.5,24985.5,REVERSAL,0,1,40.0,200.0,433,40.0,4.0,0.5794352042038917,,,0.09684684684684686
3930,2025-11-17 13:13:29,24985.5,24995.75,24977.25,1101,21756534,21757373,2025-11-17 13:14:29,2025-11-17 13:15:12,SHORT,24993.25,24993.25,24982.5,REVERSAL,0,1,43.0,215.0,839,43.0,16.0,0.4977234331959429,,,0.09821428571428573
3931,2025-11-17 13:15:12,24982.5,25008.75,24966.0,2923,21760296,21760589,2025-11-17 13:18:01,2025-11-17 13:18:20,SHORT,25006.25,25006.25,24996.0,REVERSAL,0,1,41.0,205.0,293,41.0,5.0,0.4120552581668205,,,0.0995575221238938
3932,2025-11-17 13:18:20,24996.0,24998.25,24985.0,661,21761250,21763735,2025-11-17 13:19:00,2025-11-17 13:22:10,SHORT,24998.25,25003.25,24998.25,REVERSAL,1,2,40.0,200.0,2485,27.0,49.0,0.5846374746368245,,,0.10087719298245615
3933,2025-11-17 13:22:10,24998.25,25000.0,24976.5,3515,21767250,21767574,2025-11-17 13:26:31,2025-11-17 13:27:00,LONG,24981.0,24981.0,24991.0,REVERSAL,0,1,40.0,200.0,324,40.0,12.0,0.202389673988758,,,0.10217391304347825
3934,2025-11-17 13:27:00,24991.0,24992.5,24982.5,177,21767751,21768067,2025-11-17 13:27:15,2025-11-17 13:27:41,SHORT,24992.5,24992.5,24982.5,REVERSAL,0,1,40.0,200.0,316,40.0,9.0,0.30828780202720735,,,0.05344827586206899
3935,2025-11-17 13:27:41,24982.5,24991.75,24968.75,2433,21770500,21772461,2025-11-17 13:30:42,2025-11-17 13:32:31,LONG,24973.25,24968.25,24973.5,REVERSAL,1,2,42.0,210.0,1961,21.0,41.0,0.4191150710279244,,,0.0547008547008547
3936,2025-11-17 13:32:31,24973.5,24979.75,24964.0,1044,21773505,21775425,2025-11-17 13:33:45,2025-11-17 13:37:12,LONG,24968.5,24968.5,24978.5,REVERSAL,0,1,40.0,200.0,1920,40.0,36.0,0.3975430109226693,,,0.055932203389830515
3937,2025-11-17 13:37:12,24978.5,24991.0,24967.0,2825,21778250,21779016,2025-11-17 13:40:48,2025-11-17 13:41:43,LONG,24967.5,24967.5,24977.5,REVERSAL,0,1,40.0,200.0,766,40.0,20.0,0.328098633104751,,,0.05714285714285716
3938,2025-11-17 13:41:43,24977.5,24991.75,24973.0,734,21779750,21780594,2025-11-17 13:42:28,2025-11-17 13:43:29,SHORT,24990.75,24990.75,24980.75,REVERSAL,0,1,40.0,200.0,844,40.0,27.0,0.7234688165619869,,,0.05833333333333335
3939,2025-11-17 13:43:29,24980.75,25010.0,24975.5,2491,21783085,21784140,2025-11-17 13:45:49,2025-11-17 13:46:44,SHORT,25005.0,25010.0,25025.0,HARD_STOP,1,2,-120.0,-600.0,1055,20.0,60.0,0.6054584267917561,,,0.059504132231404966
3940,2025-11-17 13:46:44,25025.0,25050.75,25011.75,4360,21788500,21789249,2025-11-17 13:49:46,2025-11-17 13:50:30,LONG,25013.75,25013.75,25023.75,REVERSAL,0,1,40.0,200.0,749,40.0,17.0,0.9115034509771757,,,0.10245901639344263
3941,2025-11-17 13:50:30,25023.75,25026.0,24979.75,1751,21791000,21791321,2025-11-17 13:51:49,2025-11-17 13:52:01,LONG,24979.75,24979.75,24989.75,REVERSAL,0,1,40.0,200.0,321,40.0,7.0,0.6644590831479784,,,0.10365853658536586
3942,2025-11-17 13:52:01,24989.75,24990.0,24929.5,4429,21795750,21795874,2025-11-17 13:55:19,2025-11-17 13:55:22,LONG,24931.0,24931.0,24941.0,REVERSAL,0,1,40.0,200.0,124,40.0,6.0,1.8197803641282262,,,0.054838709677419356
3943,2025-11-17 13:55:22,24941.0,24941.0,24941.0,0,21795874,21796037,2025-11-17 13:55:22,2025-11-17 13:55:27,SHORT,24941.0,24941.0,24931.0,REVERSAL,0,1,40.0,200.0,163,40.0,0.0,1.8197803641282262,,,0.05600000000000002
3944,2025-11-17 13:55:27,24931.0,24942.5,24886.75,5713,21801750,21802045,2025-11-17 13:59:04,2025-11-17 13:59:14,LONG,24888.25,24888.25,24898.25,REVERSAL,0,1,40.0,200.0,295,40.0,0.0,0.6074251728809127,,,0.05714285714285716
3945,2025-11-17 13:59:14,24898.25,24904.25,24893.75,705,21802750,21804163,2025-11-17 14:00:00,2025-11-17 14:00:54,LONG,24894.0,24894.0,24904.0,REVERSAL,0,1,40.0,200.0,1413,40.0,28.0,0.3474502809227622,,,0.008267716535433067
3946,2025-11-17 14:00:54,24904.0,24911.0,24875.25,2337,21806500,21808260,2025-11-17 14:02:44,2025-11-17 14:03:44,LONG,24876.25,24871.25,24856.0,HARD_STOP,1,2,-122.0,-610.0,1760,28.0,61.0,1.2185326095795903,,,-0.040624999999999994
3947,2025-11-17 14:03:44,24856.0,24874.5,24851.0,2240,21810500,21810841,2025-11-17 14:04:56,2025-11-17 14:05:13,SHORT,24874.5,24874.5,24864.25,REVERSAL,0,1,41.0,205.0,341,41.0,10.0,0.6093517707846504,,,0.002713178294573626
3948,2025-11-17 14:05:13,24864.25,24884.75,24860.0,1409,21812250,21812341,2025-11-17 14:06:26,2025-11-17 14:06:28,SHORT,24884.75,24884.75,24874.75,REVERSAL,0,1,40.0,200.0,91,40.0,5.0,0.6658550237990954,,,-0.046153846153846156
3949,2025-11-17 14:06:28,24874.75,24874.75,24874.75,0,21812341,21814039,2025-11-17 14:06:28,2025-11-17 14:07:58,LONG,24874.75,24869.75,24874.75,REVERSAL,1,2,40.0,200.0,1698,23.0,40.0,0.6658550237990954,,,-0.045038167938931284
3950,2025-11-17 14:07:58,24874.75,24911.5,24856.25,9961,21824000,21824277,2025-11-17 14:16:32,2025-11-17 14:17:00,LONG,24859.25,24859.25,24869.25,REVERSAL,0,1,40.0,200.0,277,40.0,2.0,0.9248964647553193,,,-0.043939393939393945
3951,2025-11-17 14:17:00,24869.25,24880.5,24869.0,223,21824500,21824723,2025-11-17 14:17:06,2025-11-17 14:17:13,SHORT,24879.5,24879.5,24869.5,REVERSAL,0,1,40.0,200.0,223,40.0,7.0,0.3084820976942894,,,-0.042857142857142844
3952,2025-11-17 14:17:13,24869.5,24869.5,24869.5,0,21824723,21826764,2025-11-17 14:17:13,2025-11-17 14:19:26,LONG,24869.5,24864.5,24849.5,HARD_STOP,1,2,-120.0,-600.0,2041,33.0,60.0,0.3084820976942894,,,-0.04179104477611939
3953,2025-11-17 14:19:26,24849.5,24874.0,24847.75,4986,21831750,21832141,2025-11-17 14:25:15,2025-11-17 14:25:41,SHORT,24866.75,24866.75,24856.75,REVERSAL,0,1,40.0,200.0,391,40.0,11.0,0.6213014054590565,,,0.0018518518518518545
3954,2025-11-17 14:25:41,24856.75,24859.25,24828.25,2359,21834500,21834927,2025-11-17 14:27:11,2025-11-17 14:27:34,SHORT,24845.75,24845.75,24835.75,REVERSAL,0,1,40.0,200.0,427,40.0,3.0,0.6777229099129792,,,0.002941176470588225
3955,2025-11-17 14:27:34,24835.75,24885.5,24825.0,5323,21840250,21842747,2025-11-17 14:31:14,2025-11-17 14:34:03,LONG,24850.25,24845.25,24830.25,HARD_STOP,1,2,-120.0,-600.0,2497,19.0,60.0,1.245755341099122,,,0.004014598540145992
3956,2025-11-17 14:34:03,24830.25,24830.5,24817.75,503,21843250,21843641,2025-11-17 14:34:09,2025-11-17 14:34:25,LONG,24818.75,24818.75,24828.75,REVERSAL,0,1,40.0,200.0,391,40.0,0.0,2.4947104657536276,,,0.04782608695652174
3957,2025-11-17 14:34:25,24828.75,24837.5,24822.5,859,21844500,21844624,2025-11-17 14:35:11,2025-11-17 14:35:23,SHORT,24837.5,24837.5,24827.0,REVERSAL,0,1,42.0,210.0,124,42.0,0.0,0.4406956911050034,,,0.048920863309352525
3958,2025-11-17 14:35:23,24827.0,24827.0,24827.0,0,21844624,21844894,2025-11-17 14:35:23,2025-11-17 14:35:41,LONG,24827.0,24827.0,24837.0,REVERSAL,0,1,40.0,200.0,270,40.0,8.0,0.4406956911050034,,,0.05000000000000002
3959,2025-11-17 14:35:41,24837.0,24846.0,24829.5,606,21845500,21845771,2025-11-17 14:36:13,2025-11-17 14:36:36,SHORT,24845.5,24845.5,24835.5,REVERSAL,0,1,40.0,200.0,271,40.0,3.0,0.6250432611340397,,,0.05106382978723406
3960,2025-11-17 14:36:36,24835.5,24845.0,24779.5,4229,21850000,21850336,2025-11-17 14:40:16,2025-11-17 14:40:23,LONG,24779.5,24779.5,24789.75,REVERSAL,0,1,41.0,205.0,336,41.0,5.0,0.9398756982377247,,,0.0021126760563380254
3961,2025-11-17 14:40:23,24789.75,24803.25,24782.0,2914,21853250,21854672,2025-11-17 14:42:49,2025-11-17 14:44:06,SHORT,24799.0,24804.0,24819.0,HARD_STOP,1,2,-120.0,-600.0,1422,31.0,60.0,0.5022276253895306,,,0.0031468531468531458
3962,2025-11-17 14:44:06,24819.0,24823.75,24796.5,2578,21857250,21858582,2025-11-17 14:46:04,2025-11-17 14:47:11,LONG,24796.5,24791.5,24776.5,HARD_STOP,1,2,-120.0,-600.0,1332,22.0,60.0,0.7556442362460639,,,0.04722222222222222
3963,2025-11-17 14:47:11,24776.5,24806.5,24771.5,2816,21861398,21863577,2025-11-17 14:49:46,2025-11-17 14:51:35,SHORT,24801.75,24806.875,24802.0,REVERSAL,1,2,39.0,195.0,2179,22.0,41.0,0.6886575489935612,,,0.09137931034482757
3964,2025-11-17 14:51:35,24802.0,24806.75,24766.75,4427,21868004,21869568,2025-11-17 14:56:28,2025-11-17 14:58:01,LONG,24773.0,24768.0,24773.0,REVERSAL,1,2,40.0,200.0,1564,20.0,40.0,1.0883997777039975,,,0.09246575342465754
3965,2025-11-17 14:58:01,24773.0,24792.5,24741.25,6682,21876250,21876339,2025-11-17 15:03:01,2025-11-17 15:03:05,LONG,24742.0,24742.0,24752.0,REVERSAL,0,1,40.0,200.0,89,40.0,0.0,0.3476394816102861,,,0.09353741496598639
3966,2025-11-17 15:03:05,24752.0,24752.0,24752.0,0,21876339,21876972,2025-11-17 15:03:05,2025-11-17 15:03:34,SHORT,24752.0,24752.0,24741.75,REVERSAL,0,1,41.0,205.0,633,41.0,21.0,0.3476394816102861,,,0.0945945945945946
3967,2025-11-17 15:03:34,24741.75,24748.0,24731.75,528,21877500,21877794,2025-11-17 15:03:47,2025-11-17 15:04:01,LONG,24735.25,24735.25,24745.25,REVERSAL,0,1,40.0,200.0,294,40.0,0.0,0.693145595931752,,,0.04563758389261746
3968,2025-11-17 15:04:01,24745.25,24790.0,24742.0,3046,21880840,21881646,2025-11-17 15:06:04,2025-11-17 15:07:03,SHORT,24773.0,24773.0,24763.0,REVERSAL,0,1,40.0,200.0,806,40.0,23.0,1.090362319271108,,,0.04666666666666669
3969,2025-11-17 15:07:03,24763.0,24778.5,24750.25,2354,21884000,21884469,2025-11-17 15:09:14,2025-11-17 15:09:52,LONG,24752.25,24752.25,24762.25,REVERSAL,0,1,40.0,200.0,469,40.0,9.0,0.6380086433723728,,,0.047682119205298024
3970,2025-11-17 15:09:52,24762.25,24797.5,24750.0,6031,21890500,21891423,2025-11-17 15:14:44,2025-11-17 15:15:26,LONG,24750.0,24750.0,24760.0,REVERSAL,0,1,40.0,200.0,923,40.0,22.0,0.6403864245493185,,,0.0486842105263158
3971,2025-11-17 15:15:26,24760.0,24775.0,24760.0,577,21892000,21893574,2025-11-17 15:15:35,2025-11-17 15:17:05,SHORT,24774.5,24779.5,24774.5,REVERSAL,1,2,40.0,200.0,1574,24.0,42.0,1.536583174410007,,,0.0496732026143791
3972,2025-11-17 15:17:05,24774.5,24779.0,24769.0,324,21893898,21895005,2025-11-17 15:17:20,2025-11-17 15:18:30,SHORT,24779.0,24784.0,24799.0,HARD_STOP,1,2,-120.0,-600.0,1107,25.0,60.0,0.4525215171329224,,,0.050649350649350666
3973,2025-11-17 15:18:30,24799.0,24812.5,24764.0,2999,21898004,21899038,2025-11-17 15:20:33,2025-11-17 15:21:40,LONG,24785.5,24780.375,24765.25,HARD_STOP,1,2,-121.0,-605.0,1034,14.0,60.5,0.6426884449454374,,,0.04516129032258065
3974,2025-11-17 15:21:40,24765.25,24807.5,24762.75,4212,21903250,21903369,2025-11-17 15:25:31,2025-11-17 15:25:35,SHORT,24806.75,24806.75,24796.75,REVERSAL,0,1,40.0,200.0,119,40.0,3.0,0.5959362770050204,,,0.08974358974358973
3975,2025-11-17 15:25:35,24796.75,24796.75,24796.75,0,21903369,21905517,2025-11-17 15:25:35,2025-11-17 15:27:38,LONG,24796.75,24791.625,24796.5,REVERSAL,1,2,39.0,195.0,2148,36.0,41.0,0.5959362770050204,,,0.09076433121019109
3976,2025-11-17 15:27:38,24796.5,24814.25,24772.75,4984,21910501,21910952,2025-11-17 15:32:07,2025-11-17 15:32:45,SHORT,24795.75,24800.75,24795.5,REVERSAL,1,2,42.0,210.0,451,21.0,40.0,0.4327436866788076,,,0.04177215189873418
3977,2025-11-17 15:32:45,24795.5,24796.25,24760.75,3302,21914254,21915492,2025-11-17 15:35:38,2025-11-17 15:37:07,SHORT,24792.75,24797.75,24792.75,REVERSAL,1,2,40.0,200.0,1238,38.0,40.0,0.7100981483263247,,,0.042767295597484295
3978,2025-11-17 15:37:07,24792.75,24847.5,24762.0,13008,21928500,21928861,2025-11-17 15:49:19,2025-11-17 15:49:28,SHORT,24846.25,24846.25,24836.25,REVERSAL,0,1,40.0,200.0,361,40.0,5.0,0.6067170503459985,,,0.04375000000000001
3979,2025-11-18 09:30:00,24718.25,24718.25,24705.0,262,22143251,22143468,2025-11-18 09:30:00,2025-11-18 09:30:01,LONG,24708.25,24708.25,24718.25,REVERSAL,0,1,40.0,200.0,217,40.0,9.0,,61.0,-17.5,
3980,2025-11-18 09:30:01,24718.25,24718.25,24718.25,0,22143468,22144362,2025-11-18 09:30:01,2025-11-18 09:30:07,SHORT,24718.25,24723.25,24738.25,HARD_STOP,1,2,-120.0,-600.0,894,35.0,60.0,,61.0,22.5,
3981,2025-11-18 09:30:07,24738.25,24747.5,24725.75,1388,22145750,22145953,2025-11-18 09:30:20,2025-11-18 09:30:22,LONG,24728.0,24728.0,24738.0,REVERSAL,0,1,40.0,200.0,203,40.0,8.0,,170.0,7.0,
3982,2025-11-18 09:30:22,24738.0,24738.0,24738.0,0,22145953,22147089,2025-11-18 09:30:22,2025-11-18 09:30:36,SHORT,24738.0,24743.0,24758.0,HARD_STOP,1,2,-120.0,-600.0,1136,25.0,60.0,,170.0,47.0,
3983,2025-11-18 09:30:36,24758.0,24758.75,24681.5,3661,22150750,22154637,2025-11-18 09:31:16,2025-11-18 09:32:01,LONG,24682.25,24677.25,24682.25,REVERSAL,1,2,40.0,200.0,3887,29.0,51.0,0.7088009450679267,309.0,-151.5,
3984,2025-11-18 09:32:01,24682.25,24784.25,24682.25,3863,22158500,22159853,2025-11-18 09:32:35,2025-11-18 09:32:45,SHORT,24781.0,24786.0,24780.5,REVERSAL,1,2,44.0,220.0,1353,37.0,48.0,1.040659653113449,483.0,224.5,
3985,2025-11-18 09:32:45,24780.5,24830.25,24777.5,3897,22163750,22163990,2025-11-18 09:33:25,2025-11-18 09:33:25,SHORT,24830.25,24830.25,24820.0,REVERSAL,0,1,41.0,205.0,240,41.0,7.0,1.0256410256410258,670.0,328.0,
3986,2025-11-18 09:33:25,24820.0,24820.0,24820.0,0,22163990,22164238,2025-11-18 09:33:25,2025-11-18 09:33:28,LONG,24820.0,24820.0,24830.0,REVERSAL,0,1,40.0,200.0,248,40.0,1.0,1.0256410256410258,670.0,287.0,
3987,2025-11-18 09:33:28,24830.0,24831.75,24805.25,762,22165000,22165850,2025-11-18 09:33:37,2025-11-18 09:33:50,LONG,24805.75,24800.75,24806.0,REVERSAL,1,2,42.0,210.0,850,32.0,40.0,0.6827545615067687,670.0,230.0,
3988,2025-11-18 09:33:50,24806.0,24808.5,24740.5,3400,22169250,22169344,2025-11-18 09:34:40,2025-11-18 09:34:41,LONG,24742.0,24742.0,24753.25,REVERSAL,0,1,45.0,225.0,94,45.0,3.0,0.728273102413405,670.0,-25.0,
3989,2025-11-18 09:34:41,24753.25,24753.25,24753.25,0,22169344,22169619,2025-11-18 09:34:41,2025-11-18 09:34:48,SHORT,24753.25,24753.25,24743.25,REVERSAL,0,1,40.0,200.0,275,40.0,2.0,0.728273102413405,670.0,20.0,0.0
3990,2025-11-18 09:34:48,24743.25,24763.75,24716.5,3131,22172750,22173149,2025-11-18 09:35:42,2025-11-18 09:35:51,LONG,24719.75,24719.75,24729.75,REVERSAL,0,1,40.0,200.0,399,40.0,2.0,0.5775550635124111,670.0,-114.0,0.0
3991,2025-11-18 09:35:51,24729.75,24752.0,24727.5,1101,22174250,22175030,2025-11-18 09:36:12,2025-11-18 09:36:27,SHORT,24741.75,24747.0,24742.0,REVERSAL,1,2,40.0,200.0,780,20.0,42.0,1.1795347994473762,670.0,-26.0,0.0
3992,2025-11-18 09:36:27,24742.0,24786.5,24730.25,3970,22179000,22179139,2025-11-18 09:37:46,2025-11-18 09:37:50,SHORT,24781.75,24781.75,24771.25,REVERSAL,0,1,42.0,210.0,139,42.0,8.0,0.41581567305229195,670.0,134.0,0.0
3993,2025-11-18 09:37:50,24771.25,24776.75,24758.5,361,22179500,22179564,2025-11-18 09:38:07,2025-11-18 09:38:08,LONG,24758.5,24758.5,24768.5,REVERSAL,0,1,40.0,200.0,64,40.0,10.0,0.2801371706145768,670.0,41.0,0.0
3994,2025-11-18 09:38:08,24768.5,24768.5,24768.5,0,22179564,22180203,2025-11-18 09:38:08,2025-11-18 09:38:27,SHORT,24768.5,24773.5,24768.5,REVERSAL,1,2,40.0,200.0,639,20.0,47.0,0.2801371706145768,670.0,81.0,0.0
3995,2025-11-18 09:38:27,24768.5,24769.0,24734.0,1047,22181250,22181580,2025-11-18 09:38:47,2025-11-18 09:38:55,LONG,24738.0,24738.0,24748.25,REVERSAL,0,1,41.0,205.0,330,41.0,31.0,2.556531489441226,670.0,-41.0,0.0
3996,2025-11-18 09:38:55,24748.25,24774.25,24741.25,920,22182500,22182990,2025-11-18 09:39:18,2025-11-18 09:39:32,SHORT,24771.0,24771.0,24761.0,REVERSAL,0,1,40.0,200.0,490,40.0,25.0,0.8665654753691182,670.0,91.0,0.0
3997,2025-11-18 09:39:32,24761.0,24761.0,24713.0,2760,22185750,22186015,2025-11-18 09:40:38,2025-11-18 09:40:43,LONG,24713.5,24713.5,24724.5,REVERSAL,0,1,44.0,220.0,265,44.0,10.0,0.33894550287992914,670.0,-139.0,0.0
3998,2025-11-18 09:40:43,24724.5,24764.25,24676.5,6135,22192150,22193169,2025-11-18 09:42:44,2025-11-18 09:43:05,LONG,24679.0,24674.0,24659.0,HARD_STOP,1,2,-120.0,-600.0,1019,37.0,60.0,0.4058366478586625,670.0,-277.0,0.0
3999,2025-11-18 09:43:05,24659.0,24690.75,24645.5,3332,22196501,22196642,2025-11-18 09:43:51,2025-11-18 09:43:56,LONG,24663.75,24663.75,24673.75,REVERSAL,0,1,40.0,200.0,141,40.0,2.0,0.7034161734873067,746.0,-300.0,0.0
4000,2025-11-18 09:43:56,24673.75,24673.75,24673.75,0,22196642,22196753,2025-11-18 09:43:56,2025-11-18 09:44:01,SHORT,24673.75,24673.75,24663.75,REVERSAL,0,1,40.0,200.0,111,40.0,5.0,0.7034161734873067,746.0,-260.0,0.007142857142857145
4001,2025-11-18 09:44:01,24663.75,24674.75,24657.0,497,22197250,22197397,2025-11-18 09:44:14,2025-11-18 09:44:17,LONG,24657.0,24657.0,24667.0,REVERSAL,0,1,40.0,200.0,147,40.0,7.0,0.4054202011459795,746.0,-327.0,-0.03636363636363635
4002,2025-11-18 09:44:17,24667.0,24667.0,24667.0,0,22197397,22197847,2025-11-18 09:44:17,2025-11-18 09:44:35,SHORT,24667.0,24667.0,24657.0,REVERSAL,0,1,40.0,200.0,450,40.0,17.0,0.4054202011459795,746.0,-287.0,-0.030434782608695643
4003,2025-11-18 09:44:35,24657.0,24670.5,24651.75,653,22198500,22199585,2025-11-18 09:44:53,2025-11-18 09:45:09,LONG,24654.25,24649.25,24654.25,REVERSAL,1,2,40.0,200.0,1085,21.0,40.0,0.4797568652990339,746.0,-338.0,-0.075
4004,2025-11-18 09:45:09,24654.25,24738.25,24652.5,5915,22205500,22205638,2025-11-18 09:46:39,2025-11-18 09:46:41,SHORT,24710.5,24710.5,24699.5,REVERSAL,0,1,44.0,220.0,138,44.0,9.0,0.5772080636926856,766.0,-103.0,-0.06999999999999999
4005,2025-11-18 09:46:41,24699.5,24701.75,24691.5,77,22205715,22206401,2025-11-18 09:46:44,2025-11-18 09:46:58,LONG,24691.5,24686.375,24670.75,HARD_STOP,1,2,-125.0,-625.0,686,6.0,62.5,0.5772080636926856,766.0,-179.0,-0.06538461538461539
4006,2025-11-18 09:46:58,24670.75,24680.75,24628.5,1849,22208250,22208515,2025-11-18 09:47:25,2025-11-18 09:47:27,LONG,24628.5,24628.5,24638.5,REVERSAL,0,1,40.0,200.0,265,40.0,3.0,2.89436367732616,817.0,-405.5,-0.048148148148148134
4007,2025-11-18 09:47:27,24638.5,24639.75,24624.0,485,22209000,22209510,2025-11-18 09:47:36,2025-11-18 09:47:49,LONG,24626.75,24626.75,24636.75,REVERSAL,0,1,40.0,200.0,510,40.0,13.0,0.5794243000458987,834.0,-404.0,-0.042857142857142844
4008,2025-11-18 09:47:49,24636.75,24661.25,24627.25,1240,22210750,22210848,2025-11-18 09:48:10,2025-11-18 09:48:12,SHORT,24659.0,24659.0,24649.0,REVERSAL,0,1,40.0,200.0,98,40.0,5.0,0.7304065543360644,834.0,-275.0,-0.03793103448275861
4009,2025-11-18 09:48:12,24649.0,24649.0,24649.0,0,22210848,22211221,2025-11-18 09:48:12,2025-11-18 09:48:21,LONG,24649.0,24643.25,24647.5,REVERSAL,1,2,34.0,170.0,373,17.0,46.0,0.7304065543360644,834.0,-315.0,-0.033333333333333326
4010,2025-11-18 09:48:21,24647.5,24679.75,24594.5,7509,22218730,22219015,2025-11-18 09:50:52,2025-11-18 09:51:01,LONG,24619.25,24619.25,24629.25,REVERSAL,0,1,40.0,200.0,285,40.0,21.0,0.37588008626431135,950.0,-376.0,-0.02903225806451612
4011,2025-11-18 09:51:01,24629.25,24643.75,24586.0,3141,22222156,22224071,2025-11-18 09:52:04,2025-11-18 09:52:44,LONG,24596.75,24591.75,24596.75,REVERSAL,1,2,40.0,200.0,1915,20.0,56.0,1.0175553290903148,984.0,-449.0,-0.024999999999999994
4012,2025-11-18 09:52:44,24596.75,24601.0,24587.25,683,22224754,22225268,2025-11-18 09:53:01,2025-11-18 09:53:10,SHORT,24597.75,24597.75,24587.5,REVERSAL,0,1,41.0,205.0,514,41.0,33.0,0.4417061540024916,1017.0,-428.5,-0.02121212121212121
4013,2025-11-18 09:53:10,24587.5,24610.75,24568.0,4482,22229750,22230810,2025-11-18 09:54:47,2025-11-18 09:55:05,LONG,24571.25,24566.25,24551.25,HARD_STOP,1,2,-120.0,-600.0,1060,35.0,60.0,0.5258491856430001,1056.0,-515.0,-0.017647058823529405
4014,2025-11-18 09:55:05,24551.25,24568.0,24543.0,3690,22234500,22234551,2025-11-18 09:56:15,2025-11-18 09:56:16,SHORT,24566.0,24566.0,24556.0,REVERSAL,0,1,40.0,200.0,51,40.0,3.0,0.636359233712234,1156.0,-486.0,0.007142857142857145
4015,2025-11-18 09:56:16,24556.0,24556.0,24556.0,0,22234551,22236252,2025-11-18 09:56:16,2025-11-18 09:56:55,LONG,24556.0,24551.0,24556.25,REVERSAL,1,2,42.0,210.0,1701,21.0,48.0,0.636359233712234,1156.0,-526.0,0.0111111111111111
4016,2025-11-18 09:56:55,24556.25,24565.0,24555.0,405,22236657,22236784,2025-11-18 09:57:02,2025-11-18 09:57:04,SHORT,24565.0,24565.0,24555.0,REVERSAL,0,1,40.0,200.0,127,40.0,9.0,0.6413154348678937,1172.0,-482.0,0.014864864864864852
4017,2025-11-18 09:57:04,24555.0,24585.5,24552.75,1512,22238296,22238509,2025-11-18 09:57:29,2025-11-18 09:57:34,LONG,24568.75,24568.75,24579.0,REVERSAL,0,1,41.0,205.0,213,41.0,17.0,0.6426694674957301,1172.0,-467.0,0.01842105263157895
4018,2025-11-18 09:57:34,24579.0,24587.75,24570.0,491,22239000,22239058,2025-11-18 09:57:44,2025-11-18 09:57:46,SHORT,24585.0,24585.0,24575.0,REVERSAL,0,1,40.0,200.0,58,40.0,2.0,0.5372117487935613,1172.0,-402.0,0.0217948717948718
4019,2025-11-18 09:57:46,24575.0,24575.0,24575.0,0,22239058,22240491,2025-11-18 09:57:46,2025-11-18 09:58:18,LONG,24575.0,24570.0,24555.0,HARD_STOP,1,2,-120.0,-600.0,1433,33.0,60.0,0.5372117487935613,1172.0,-442.0,-0.024999999999999994
4020,2025-11-18 09:58:18,24555.0,24568.25,24545.5,1259,22241750,22243319,2025-11-18 09:58:49,2025-11-18 09:59:21,LONG,24545.5,24540.5,24525.5,HARD_STOP,1,2,-120.0,-600.0,1569,33.0,60.0,0.5422800141566937,1172.0,-560.0,0.003658536585365857
4021,2025-11-18 09:59:21,24525.5,24550.75,24501.0,3431,22246750,22247786,2025-11-18 10:00:32,2025-11-18 10:00:52,SHORT,24541.0,24546.25,24541.5,REVERSAL,1,2,38.0,190.0,1036,24.0,42.0,0.4650232690332524,1324.0,-502.0,0.033333333333333354
4022,2025-11-18 10:00:52,24541.5,24541.5,24461.0,5214,22253000,22253387,2025-11-18 10:02:17,2025-11-18 10:02:20,LONG,24461.0,24461.0,24471.0,REVERSAL,0,1,40.0,200.0,387,40.0,6.0,1.090070356506828,1490.0,-739.0,0.037209302325581395
4023,2025-11-18 10:02:20,24471.0,24476.25,24463.75,613,22254000,22254541,2025-11-18 10:02:29,2025-11-18 10:02:39,LONG,24464.75,24464.75,24474.75,REVERSAL,0,1,40.0,200.0,541,40.0,14.0,1.0875801572656658,1490.0,-724.0,0.04090909090909092
4024,2025-11-18 10:02:39,24474.75,24483.75,24466.25,1459,22256000,22256101,2025-11-18 10:03:02,2025-11-18 10:03:04,SHORT,24477.25,24477.25,24467.25,REVERSAL,0,1,40.0,200.0,101,40.0,6.0,0.8174706986882774,1490.0,-674.0,0.04444444444444445
4025,2025-11-18 10:03:04,24467.25,24467.25,24467.25,0,22256101,22257657,2025-11-18 10:03:04,2025-11-18 10:03:25,LONG,24467.25,24462.25,24467.25,REVERSAL,1,2,40.0,200.0,1556,20.0,40.0,0.8174706986882774,1490.0,-714.0,0.04782608695652174
4026,2025-11-18 10:03:25,24467.25,24480.0,24436.0,3843,22261500,22262540,2025-11-18 10:04:33,2025-11-18 10:04:58,LONG,24436.5,24436.5,24446.5,REVERSAL,0,1,40.0,200.0,1040,40.0,7.0,0.5463935440719603,1589.0,-787.5,0.001063829787234044
4027,2025-11-18 10:04:58,24446.5,24452.0,24431.0,960,22263500,22263832,2025-11-18 10:05:12,2025-11-18 10:05:17,LONG,24434.0,24434.0,24444.0,REVERSAL,0,1,40.0,200.0,332,40.0,16.0,1.0975050529869108,1608.0,-788.0,0.004166666666666652
4028,2025-11-18 10:05:17,24444.0,24457.0,24440.25,918,22264750,22265967,2025-11-18 10:05:30,2025-11-18 10:05:48,SHORT,24454.75,24459.875,24475.0,HARD_STOP,1,2,-121.0,-605.0,1217,39.0,60.5,1.0980153206322394,1608.0,-705.0,0.007142857142857145
4029,2025-11-18 10:05:48,24475.0,24478.0,24468.0,274,22266241,22266763,2025-11-18 10:05:53,2025-11-18 10:06:02,LONG,24468.0,24468.0,24478.5,REVERSAL,0,1,42.0,210.0,522,42.0,11.0,0.6589619639511709,1608.0,-652.0,0.04000000000000001
4030,2025-11-18 10:06:02,24478.5,24507.0,24477.75,1237,22268000,22268367,2025-11-18 10:06:10,2025-11-18 10:06:15,SHORT,24505.75,24505.75,24495.75,REVERSAL,0,1,40.0,200.0,367,40.0,12.0,1.628353496239159,1608.0,-501.0,0.0431372549019608
4031,2025-11-18 10:06:15,24495.75,24509.0,24491.25,653,22269020,22269342,2025-11-18 10:06:26,2025-11-18 10:06:30,SHORT,24506.0,24506.0,24496.0,REVERSAL,0,1,40.0,200.0,322,40.0,20.0,0.6521643652368531,1608.0,-500.0,0.046153846153846156
4032,2025-11-18 10:06:30,24496.0,24553.0,24491.75,4408,22273750,22273913,2025-11-18 10:07:39,2025-11-18 10:07:42,SHORT,24552.25,24552.25,24542.25,REVERSAL,0,1,40.0,200.0,163,40.0,4.0,0.6540441233802116,1608.0,-315.0,0.04905660377358492
4033,2025-11-18 10:07:42,24542.25,24542.25,24542.25,0,22273913,22275139,2025-11-18 10:07:42,2025-11-18 10:08:05,LONG,24542.25,24537.125,24542.75,REVERSAL,1,2,45.0,225.0,1226,22.5,41.0,0.6540441233802116,1608.0,-355.0,0.05185185185185187
4034,2025-11-18 10:08:05,24542.75,24546.5,24536.5,308,22275447,22276077,2025-11-18 10:08:10,2025-11-18 10:08:19,LONG,24536.5,24531.5,24536.5,REVERSAL,1,2,40.0,200.0,630,20.0,40.0,1.0931782345782777,1608.0,-378.0,0.004545454545454547
4035,2025-11-18 10:08:19,24536.5,24561.0,24532.5,923,22277000,22277228,2025-11-18 10:08:31,2025-11-18 10:08:34,SHORT,24559.75,24559.75,24549.5,REVERSAL,0,1,41.0,205.0,228,41.0,5.0,0.6538406003965758,1608.0,-285.0,0.007142857142857145
4036,2025-11-18 10:08:34,24549.5,24549.5,24549.5,0,22277228,22277859,2025-11-18 10:08:34,2025-11-18 10:08:52,LONG,24549.5,24544.5,24549.75,REVERSAL,1,2,42.0,210.0,631,21.0,40.0,0.6538406003965758,1608.0,-326.0,0.009649122807017546
4037,2025-11-18 10:08:52,24549.75,24558.25,24524.0,2391,22280250,22280390,2025-11-18 10:10:05,2025-11-18 10:10:08,SHORT,24548.25,24548.25,24538.0,REVERSAL,0,1,41.0,205.0,140,41.0,4.0,0.4727974984923327,1608.0,-331.0,0.012068965517241376
4038,2025-11-18 10:10:08,24538.0,24538.0,24538.0,0,22280390,22280701,2025-11-18 10:10:08,2025-11-18 10:10:13,LONG,24538.0,24538.0,24548.0,REVERSAL,0,1,40.0,200.0,311,40.0,22.0,0.4727974984923327,1608.0,-372.0,0.014406779661016944
4039,2025-11-18 10:10:13,24548.0,24571.5,24504.25,3737,22284438,22285114,2025-11-18 10:11:21,2025-11-18 10:11:36,LONG,24510.25,24505.25,24490.25,HARD_STOP,1,2,-120.0,-600.0,676,10.0,60.0,1.1085681441519784,1608.0,-483.0,0.016666666666666663
4040,2025-11-18 10:11:36,24490.25,24495.0,24467.25,1136,22286250,22286540,2025-11-18 10:11:55,2025-11-18 10:12:00,LONG,24468.25,24468.25,24478.25,REVERSAL,0,1,40.0,200.0,290,40.0,1.0,0.6675557114249129,1608.0,-651.0,0.00245901639344262
4041,2025-11-18 10:12:00,24478.25,24518.0,24458.0,4210,22290750,22290822,2025-11-18 10:13:30,2025-11-18 10:13:31,SHORT,24518.0,24518.0,24508.0,REVERSAL,0,1,40.0,200.0,72,40.0,2.0,1.1233711520118,1608.0,-452.0,-0.04516129032258065
4042,2025-11-18 10:13:31,24508.0,24508.0,24508.0,0,22290822,22291170,2025-11-18 10:13:31,2025-11-18 10:13:43,LONG,24508.0,24508.0,24518.0,REVERSAL,0,1,40.0,200.0,348,40.0,28.0,1.1233711520118,1608.0,-492.0,-0.042857142857142844
4043,2025-11-18 10:13:43,24518.0,24548.0,24449.5,8459,22299629,22300190,2025-11-18 10:16:54,2025-11-18 10:17:05,LONG,24451.75,24451.75,24462.25,REVERSAL,0,1,42.0,210.0,561,42.0,22.0,1.1467587038985625,1608.0,-717.0,-0.040624999999999994
4044,2025-11-18 10:17:05,24462.25,24466.25,24438.75,1310,22301500,22301673,2025-11-18 10:17:40,2025-11-18 10:17:44,LONG,24438.75,24438.75,24448.75,REVERSAL,0,1,40.0,200.0,173,40.0,9.0,0.49352429997034925,1608.0,-769.0,-0.038461538461538464
4045,2025-11-18 10:17:44,24448.75,24448.75,24448.75,0,22301673,22302511,2025-11-18 10:17:44,2025-11-18 10:18:07,SHORT,24448.75,24453.75,24469.0,HARD_STOP,1,2,-122.0,-610.0,838,31.0,61.0,0.49352429997034925,1608.0,-729.0,-0.03636363636363635
4046,2025-11-18 10:18:07,24469.0,24480.25,24460.5,489,22303000,22303415,2025-11-18 10:18:16,2025-11-18 10:18:25,SHORT,24480.0,24480.0,24470.0,REVERSAL,0,1,40.0,200.0,415,40.0,30.0,0.5778072143992051,1608.0,-604.0,0.0007462686567164256
4047,2025-11-18 10:18:25,24470.0,24470.0,24456.75,390,22303805,22303929,2025-11-18 10:18:34,2025-11-18 10:18:37,LONG,24459.75,24459.75,24469.75,REVERSAL,0,1,40.0,200.0,124,40.0,3.0,0.6944887697341849,1608.0,-685.0,0.002941176470588225
4048,2025-11-18 10:18:37,24469.75,24469.75,24469.75,0,22303929,22304097,2025-11-18 10:18:37,2025-11-18 10:18:45,SHORT,24469.75,24469.75,24459.75,REVERSAL,0,1,40.0,200.0,168,40.0,3.0,0.6944887697341849,1608.0,-645.0,0.005072463768115931
4049,2025-11-18 10:18:45,24459.75,24500.75,24456.25,1424,22305521,22305693,2025-11-18 10:19:32,2025-11-18 10:19:35,SHORT,24496.25,24496.25,24485.25,REVERSAL,0,1,44.0,220.0,172,44.0,17.0,0.5817964637932902,1608.0,-539.0,-0.042857142857142844
4050,2025-11-18 10:19:35,24485.25,24485.25,24485.25,0,22305693,22305955,2025-11-18 10:19:35,2025-11-18 10:19:44,LONG,24485.25,24485.25,24495.25,REVERSAL,0,1,40.0,200.0,262,40.0,14.0,0.5817964637932902,1608.0,-583.0,-0.04084507042253521
4051,2025-11-18 10:19:44,24495.25,24534.25,24482.25,1795,22307750,22307880,2025-11-18 10:20:23,2025-11-18 10:20:26,SHORT,24532.75,24532.75,24522.75,REVERSAL,0,1,40.0,200.0,130,40.0,14.0,0.7007701080733122,1608.0,-393.0,-0.03888888888888889
4052,2025-11-18 10:20:26,24522.75,24522.75,24522.75,0,22307880,22307963,2025-11-18 10:20:26,2025-11-18 10:20:28,LONG,24522.75,24522.75,24533.25,REVERSAL,0,1,42.0,210.0,83,42.0,4.0,0.7007701080733122,1608.0,-433.0,-0.036986301369863
4053,2025-11-18 10:20:28,24533.25,24533.25,24533.25,0,22307963,22308873,2025-11-18 10:20:28,2025-11-18 10:20:54,SHORT,24533.25,24538.5,24553.5,HARD_STOP,1,2,-120.0,-600.0,910,38.0,60.0,0.7007701080733122,1608.0,-391.0,-0.03513513513513514
4054,2025-11-18 10:20:54,24553.5,24594.75,24553.5,2127,22311000,22311078,2025-11-18 10:21:20,2025-11-18 10:21:21,LONG,24565.75,24565.75,24576.25,REVERSAL,0,1,42.0,210.0,78,42.0,1.0,1.7488873481228073,1608.0,-261.0,0.003333333333333327
4055,2025-11-18 10:21:21,24576.25,24576.25,24576.25,0,22311078,22311517,2025-11-18 10:21:21,2025-11-18 10:21:32,SHORT,24576.25,24581.25,24576.25,REVERSAL,1,2,40.0,200.0,439,20.0,40.0,1.7488873481228073,1608.0,-219.0,0.005263157894736831
4056,2025-11-18 10:21:32,24576.25,24593.0,24574.25,488,22312005,22312262,2025-11-18 10:21:44,2025-11-18 10:21:51,SHORT,24587.75,24587.75,24577.0,REVERSAL,0,1,43.0,215.0,257,43.0,10.0,0.500827123582887,1608.0,-173.0,0.007142857142857145
4057,2025-11-18 10:21:51,24577.0,24578.25,24558.75,488,22312750,22313003,2025-11-18 10:22:00,2025-11-18 10:22:06,LONG,24561.0,24561.0,24571.0,REVERSAL,0,1,40.0,200.0,253,40.0,18.0,0.5849421595666547,1608.0,-280.0,0.00897435897435897
4058,2025-11-18 10:22:06,24571.0,24575.0,24564.5,257,22313260,22314464,2025-11-18 10:22:11,2025-11-18 10:22:41,LONG,24564.5,24559.375,24565.0,REVERSAL,1,2,45.0,225.0,1204,30.0,43.5,0.585405012278859,1608.0,-266.0,0.010759493670886078
4059,2025-11-18 10:22:41,24565.0,24594.75,24565.0,1286,22315750,22316633,2025-11-18 10:23:12,2025-11-18 10:23:24,SHORT,24594.75,24594.75,24584.5,REVERSAL,0,1,41.0,205.0,883,41.0,5.0,0.5039169566101018,1608.0,-145.0,0.012499999999999983
4060,2025-11-18 10:23:24,24584.5,24610.0,24581.25,1308,22317941,22318145,2025-11-18 10:23:44,2025-11-18 10:23:46,SHORT,24607.75,24607.75,24597.5,REVERSAL,0,1,41.0,205.0,204,41.0,23.0,1.7563873715154674,1608.0,-93.0,-0.035802469135802456
4061,2025-11-18 10:23:46,24597.5,24598.5,24587.0,355,22318500,22318574,2025-11-18 10:23:55,2025-11-18 10:23:56,LONG,24587.0,24587.0,24597.0,REVERSAL,0,1,40.0,200.0,74,40.0,0.0,0.8780228332603746,1608.0,-176.0,-0.03414634146341464
4062,2025-11-18 10:23:56,24597.0,24597.0,24597.0,0,22318574,22318802,2025-11-18 10:23:56,2025-11-18 10:24:03,SHORT,24597.0,24597.0,24587.0,REVERSAL,0,1,40.0,200.0,228,40.0,5.0,0.8780228332603746,1608.0,-136.0,-0.032530120481927716
4063,2025-11-18 10:24:03,24587.0,24591.75,24533.0,1948,22320750,22321018,2025-11-18 10:24:38,2025-11-18 10:24:45,LONG,24534.75,24534.75,24546.25,REVERSAL,0,1,46.0,230.0,268,46.0,8.0,0.8803170952165914,1608.0,-385.0,-0.030952380952380953
4064,2025-11-18 10:24:45,24546.25,24572.25,24540.0,1982,22323000,22323126,2025-11-18 10:25:43,2025-11-18 10:25:49,LONG,24548.5,24543.25,24548.75,REVERSAL,1,2,44.0,220.0,126,22.0,42.0,0.5904015885378435,1608.0,-330.0,-0.02941176470588236
4065,2025-11-18 10:25:49,24548.75,24609.5,24545.5,7665,22330791,22331225,2025-11-18 10:29:01,2025-11-18 10:29:18,LONG,24557.75,24552.75,24558.0,REVERSAL,1,2,42.0,210.0,434,31.0,40.0,0.44864590508646635,1608.0,-293.0,-0.027906976744186046
4066,2025-11-18 10:29:18,24558.0,24584.0,24534.25,2775,22334000,22334098,2025-11-18 10:30:42,2025-11-18 10:30:44,SHORT,24580.5,24580.5,24570.5,REVERSAL,0,1,40.0,200.0,98,40.0,16.0,0.6029401426609066,1608.0,-202.0,-0.07643678160919541
4067,2025-11-18 10:30:44,24570.5,24570.5,24570.5,0,22334098,22334629,2025-11-18 10:30:44,2025-11-18 10:30:58,LONG,24570.5,24565.375,24570.25,REVERSAL,1,2,39.0,195.0,531,20.0,56.5,0.6029401426609066,1608.0,-242.0,-0.075
4068,2025-11-18 10:30:58,24570.25,24581.0,24543.25,1371,22336000,22336518,2025-11-18 10:31:44,2025-11-18 10:31:58,LONG,24549.25,24544.0,24529.0,HARD_STOP,1,2,-120.0,-600.0,518,9.0,60.0,0.5194905958073028,1608.0,-327.0,-0.07359550561797752
4069,2025-11-18 10:31:58,24529.0,24530.25,24520.0,331,22336849,22337143,2025-11-18 10:32:01,2025-11-18 10:32:08,SHORT,24530.25,24530.25,24520.25,REVERSAL,0,1,40.0,200.0,294,40.0,17.0,0.6061672467488614,1608.0,-403.0,-0.033333333333333326
4070,2025-11-18 10:32:08,24520.25,24551.5,24520.0,357,22337500,22337718,2025-11-18 10:32:15,2025-11-18 10:32:22,SHORT,24550.5,24550.5,24539.75,REVERSAL,0,1,43.0,215.0,218,43.0,17.0,0.60675852878627,1608.0,-322.0,-0.031868131868131866
4071,2025-11-18 10:32:22,24539.75,24539.75,24539.75,0,22337718,22337890,2025-11-18 10:32:22,2025-11-18 10:32:26,LONG,24539.75,24539.75,24550.0,REVERSAL,0,1,41.0,205.0,172,41.0,17.0,0.60675852878627,1608.0,-365.0,-0.030434782608695643
4072,2025-11-18 10:32:26,24550.0,24592.5,24499.0,5956,22343846,22344481,2025-11-18 10:34:54,2025-11-18 10:35:10,LONG,24520.0,24514.625,24499.5,HARD_STOP,1,2,-121.0,-605.0,635,9.0,60.5,0.6115260489921944,1608.0,-444.0,-0.02903225806451612
4073,2025-11-18 10:35:10,24499.5,24501.0,24483.5,519,22345000,22346908,2025-11-18 10:35:20,2025-11-18 10:36:01,LONG,24485.5,24480.5,24485.75,REVERSAL,1,2,42.0,210.0,1908,36.0,41.0,0.6126912143687966,1608.0,-582.0,0.011702127659574457
4074,2025-11-18 10:36:01,24485.75,24485.75,24485.75,0,22346908,22347127,2025-11-18 10:36:01,2025-11-18 10:36:04,SHORT,24485.75,24485.75,24475.75,REVERSAL,0,1,40.0,200.0,219,40.0,6.0,0.7371535988218129,1608.0,-581.0,-0.0368421052631579
4075,2025-11-18 10:36:04,24475.75,24488.75,24465.25,1373,22348500,22349576,2025-11-18 10:36:38,2025-11-18 10:37:08,LONG,24468.25,24468.25,24479.75,REVERSAL,0,1,46.0,230.0,1076,46.0,29.0,0.4105478528179097,1608.0,-651.0,-0.03541666666666665
4076,2025-11-18 10:37:08,24479.75,24502.0,24454.75,1924,22351500,22351685,2025-11-18 10:37:49,2025-11-18 10:37:52,LONG,24454.75,24454.75,24465.0,REVERSAL,0,1,41.0,205.0,185,41.0,15.0,0.6180368754325981,1608.0,-705.0,-0.03402061855670102
4077,2025-11-18 10:37:52,24465.0,24465.0,24465.0,0,22351685,22352113,2025-11-18 10:37:52,2025-11-18 10:38:05,SHORT,24465.0,24470.0,24464.75,REVERSAL,1,2,42.0,210.0,428,32.0,40.0,0.6180368754325981,1608.0,-664.0,-0.0326530612244898
4078,2025-11-18 10:38:05,24464.75,24500.5,24464.75,637,22352750,22352836,2025-11-18 10:38:21,2025-11-18 10:38:23,SHORT,24497.25,24497.25,24487.0,REVERSAL,0,1,41.0,205.0,86,41.0,0.0,0.5310456758043026,1608.0,-535.0,-0.03131313131313132
4079,2025-11-18 10:38:23,24487.0,24487.0,24487.0,0,22352836,22353531,2025-11-18 10:38:23,2025-11-18 10:38:44,LONG,24487.0,24487.0,24497.0,REVERSAL,0,1,40.0,200.0,695,40.0,37.0,0.5310456758043026,1608.0,-576.0,-0.03
4080,2025-11-18 10:38:44,24497.0,24532.0,24463.75,4969,22358500,22358538,2025-11-18 10:41:35,2025-11-18 10:41:36,SHORT,24528.0,24528.0,24518.0,REVERSAL,0,1,40.0,200.0,38,40.0,0.0,0.9415372205189902,1608.0,-412.0,-0.02871287128712871
4081,2025-11-18 10:41:36,24518.0,24518.0,24518.0,0,22358538,22358677,2025-11-18 10:41:36,2025-11-18 10:41:42,LONG,24518.0,24513.0,24519.5,REVERSAL,1,2,52.0,260.0,139,26.0,40.0,0.9415372205189902,1608.0,-452.0,-0.02745098039215685
4082,2025-11-18 10:41:42,24519.5,24540.25,24468.0,3823,22362500,22362827,2025-11-18 10:44:07,2025-11-18 10:44:20,LONG,24469.25,24469.25,24480.0,REVERSAL,0,1,43.0,215.0,327,43.0,21.0,0.31718445687218305,1608.0,-647.0,-0.026213592233009703
4083,2025-11-18 10:44:20,24480.0,24516.75,24471.25,2173,22365000,22365051,2025-11-18 10:45:24,2025-11-18 10:45:25,LONG,24475.75,24475.75,24485.75,REVERSAL,0,1,40.0,200.0,51,40.0,9.0,0.38166960069574396,1608.0,-621.0,-0.024999999999999994
4084,2025-11-18 10:45:25,24485.75,24485.75,24485.75,0,22365051,22365369,2025-11-18 10:45:25,2025-11-18 10:45:45,SHORT,24485.75,24485.75,24475.5,REVERSAL,0,1,41.0,205.0,318,41.0,25.0,0.38166960069574396,1608.0,-581.0,-0.023809523809523808
4085,2025-11-18 10:45:45,24475.5,24491.5,24472.75,131,22365500,22365583,2025-11-18 10:45:51,2025-11-18 10:45:54,SHORT,24491.25,24491.25,24480.25,REVERSAL,0,1,44.0,220.0,83,44.0,13.0,0.4247289437917387,1608.0,-559.0,-0.02264150943396226
4086,2025-11-18 10:45:54,24480.25,24502.75,24470.25,2183,22367766,22367898,2025-11-18 10:47:31,2025-11-18 10:47:34,SHORT,24497.75,24497.75,24487.75,REVERSAL,0,1,40.0,200.0,132,40.0,10.0,3.827387421510364,1608.0,-533.0,-0.021495327102803732
4087,2025-11-18 10:47:34,24487.75,24487.75,24487.75,0,22367898,22369108,2025-11-18 10:47:34,2025-11-18 10:48:36,LONG,24487.75,24482.75,24488.0,REVERSAL,1,2,42.0,210.0,1210,28.0,53.0,3.827387421510364,1608.0,-573.0,-0.020370370370370358
4088,2025-11-18 10:48:36,24488.0,24488.75,24450.0,1892,22371000,22371823,2025-11-18 10:50:08,2025-11-18 10:50:26,LONG,24450.5,24450.5,24460.5,REVERSAL,0,1,40.0,200.0,823,40.0,22.0,3.843529145097931,1608.0,-722.0,-0.01926605504587156
4089,2025-11-18 10:50:26,24460.5,24460.5,24460.5,0,22371823,22371906,2025-11-18 10:50:26,2025-11-18 10:50:28,SHORT,24460.5,24460.5,24450.5,REVERSAL,0,1,40.0,200.0,83,40.0,0.0,0.6405956119764957,1608.0,-682.0,-0.06818181818181818
4090,2025-11-18 10:50:28,24450.5,24507.75,24438.25,3344,22375250,22375421,2025-11-18 10:52:08,2025-11-18 10:52:13,SHORT,24506.25,24506.25,24495.5,REVERSAL,0,1,43.0,215.0,171,43.0,11.0,0.9665389802990508,1608.0,-499.0,-0.06711711711711711
4091,2025-11-18 10:52:13,24495.5,24495.5,24495.5,0,22375421,22375843,2025-11-18 10:52:13,2025-11-18 10:52:28,LONG,24495.5,24490.125,24495.0,REVERSAL,1,2,39.0,195.0,422,21.0,45.5,0.9665389802990508,1608.0,-542.0,-0.06607142857142857
4092,2025-11-18 10:52:28,24495.0,24513.0,24466.0,1907,22377750,22378391,2025-11-18 10:54:02,2025-11-18 10:54:35,LONG,24468.75,24468.75,24478.75,REVERSAL,0,1,40.0,200.0,641,40.0,29.0,0.3891898109079901,1608.0,-649.0,-0.06504424778761062
4093,2025-11-18 10:54:35,24478.75,24498.0,24475.25,609,22379000,22380055,2025-11-18 10:54:49,2025-11-18 10:55:33,SHORT,24494.25,24499.5,24514.5,HARD_STOP,1,2,-120.0,-600.0,1055,38.0,60.0,0.6502732550639261,1608.0,-547.0,-0.11403508771929824
4094,2025-11-18 10:55:33,24514.5,24529.75,24514.5,757,22380812,22381352,2025-11-18 10:55:54,2025-11-18 10:56:15,LONG,24519.75,24514.75,24520.0,REVERSAL,1,2,42.0,210.0,540,28.0,40.0,0.5594874892349712,1608.0,-445.0,-0.07173913043478261
4095,2025-11-18 10:56:15,24520.0,24526.5,24474.75,1148,22382500,22382836,2025-11-18 10:56:56,2025-11-18 10:57:09,LONG,24478.5,24478.5,24488.75,REVERSAL,0,1,41.0,205.0,336,41.0,20.0,1.3100493852823512,1608.0,-610.0,-0.0706896551724138
4096,2025-11-18 10:57:09,24488.75,24509.5,24445.5,3414,22386250,22386751,2025-11-18 11:00:04,2025-11-18 11:00:15,LONG,24447.5,24447.5,24457.5,REVERSAL,0,1,40.0,200.0,501,40.0,18.0,0.3306648036657619,1608.0,-734.0,-0.06965811965811966
4097,2025-11-18 11:00:15,24457.5,24473.25,24406.75,3499,22390250,22390454,2025-11-18 11:01:37,2025-11-18 11:01:39,LONG,24406.75,24406.75,24416.75,REVERSAL,0,1,40.0,200.0,204,40.0,1.0,1.9839956980606672,1702.0,-850.0,-0.06864406779661017
4098,2025-11-18 11:01:39,24416.75,24420.75,24383.25,2571,22393025,22393504,2025-11-18 11:02:18,2025-11-18 11:02:27,LONG,24402.0,24402.0,24412.0,REVERSAL,0,1,40.0,200.0,479,40.0,8.0,0.9861382347854866,1795.0,-822.5,-0.06764705882352941
4099,2025-11-18 11:02:27,24412.0,24416.75,24383.25,1246,22394750,22395541,2025-11-18 11:03:04,2025-11-18 11:03:24,LONG,24383.25,24383.25,24393.75,REVERSAL,0,1,42.0,210.0,791,42.0,28.0,0.564992082457292,1823.0,-883.5,-0.06666666666666667
4100,2025-11-18 11:03:24,24393.75,24417.0,24391.75,959,22396500,22396732,2025-11-18 11:03:52,2025-11-18 11:03:59,SHORT,24416.25,24416.25,24406.25,REVERSAL,0,1,40.0,200.0,232,40.0,6.0,0.3963754759443647,1823.0,-751.5,-0.06570247933884298
4101,2025-11-18 11:03:59,24406.25,24406.25,24406.25,0,22396732,22397697,2025-11-18 11:03:59,2025-11-18 11:04:36,LONG,24406.25,24401.25,24406.25,REVERSAL,1,2,40.0,200.0,965,37.0,40.0,0.3963754759443647,1823.0,-791.5,-0.06475409836065574
4102,2025-11-18 11:04:36,24406.25,24429.0,24400.0,1803,22399500,22399677,2025-11-18 11:05:44,2025-11-18 11:05:54,LONG,24404.5,24404.5,24415.0,REVERSAL,0,1,42.0,210.0,177,42.0,4.0,0.4986019383168749,1823.0,-798.5,-0.0638211382113821
4103,2025-11-18 11:05:54,24415.0,24415.0,24415.0,0,22399677,22400375,2025-11-18 11:05:54,2025-11-18 11:06:15,SHORT,24415.0,24420.0,24414.75,REVERSAL,1,2,42.0,210.0,698,21.0,40.0,0.4986019383168749,1823.0,-756.5,-0.06290322580645161
4104,2025-11-18 11:06:15,24414.75,24469.5,24401.25,2375,22402750,22402918,2025-11-18 11:07:26,2025-11-18 11:07:29,SHORT,24467.75,24467.75,24457.75,REVERSAL,0,1,40.0,200.0,168,40.0,18.0,1.0019222483547572,1823.0,-545.5,-0.062
4105,2025-11-18 11:07:29,24457.75,24457.75,24457.75,0,22402918,22403199,2025-11-18 11:07:29,2025-11-18 11:07:36,LONG,24457.75,24457.75,24468.0,REVERSAL,0,1,41.0,205.0,281,41.0,0.0,1.0019222483547572,1823.0,-585.5,-0.0611111111111111
4106,2025-11-18 11:07:36,24468.0,24485.5,24463.0,1051,22404250,22404530,2025-11-18 11:08:06,2025-11-18 11:08:13,SHORT,24484.75,24484.75,24474.75,REVERSAL,0,1,40.0,200.0,280,40.0,15.0,0.4462157630689928,1823.0,-477.5,-0.06023622047244094
4107,2025-11-18 11:08:13,24474.75,24499.0,24474.75,1220,22405750,22406086,2025-11-18 11:08:54,2025-11-18 11:09:02,SHORT,24496.75,24496.75,24486.75,REVERSAL,0,1,40.0,200.0,336,40.0,14.0,0.5033247404481559,1823.0,-429.5,-0.059375
4108,2025-11-18 11:09:02,24486.75,24491.0,24476.75,479,22406565,22407161,2025-11-18 11:09:15,2025-11-18 11:09:40,SHORT,24487.0,24492.0,24507.0,HARD_STOP,1,2,-120.0,-600.0,596,34.0,60.0,0.503716857267434,1823.0,-468.5,-0.05852713178294573
4109,2025-11-18 11:09:40,24507.0,24527.25,24497.5,3089,22410250,22410980,2025-11-18 11:11:01,2025-11-18 11:11:23,SHORT,24512.5,24517.625,24533.25,HARD_STOP,1,2,-125.0,-625.0,730,11.0,62.5,0.8093582645455745,1823.0,-366.5,-0.015384615384615385
4110,2025-11-18 11:11:23,24533.25,24551.5,24532.25,1270,22412250,22412600,2025-11-18 11:11:48,2025-11-18 11:12:00,SHORT,24546.75,24546.75,24536.75,REVERSAL,0,1,40.0,200.0,350,40.0,23.0,0.8099447432983105,1823.0,-229.5,0.027862595419847327
4111,2025-11-18 11:12:00,24536.75,24569.5,24488.25,11150,22423750,22424722,2025-11-18 11:18:38,2025-11-18 11:19:09,SHORT,24542.25,24542.25,24532.25,REVERSAL,0,1,40.0,200.0,972,40.0,39.0,0.3740585348555412,1823.0,-247.5,0.02878787878787878
4112,2025-11-18 11:19:09,24532.25,24541.0,24529.25,100,22424822,22425573,2025-11-18 11:19:12,2025-11-18 11:19:43,SHORT,24541.0,24546.0,24561.25,HARD_STOP,1,2,-122.0,-610.0,751,18.0,61.0,0.5151310565220969,1823.0,-252.5,0.029699248120300753
4113,2025-11-18 11:19:43,24561.25,24565.5,24548.75,427,22426000,22426160,2025-11-18 11:20:00,2025-11-18 11:20:06,LONG,24549.5,24549.5,24560.0,REVERSAL,0,1,42.0,210.0,160,42.0,15.0,0.5902111016751319,1823.0,-218.5,0.07313432835820896
4114,2025-11-18 11:20:06,24560.0,24560.0,24560.0,0,22426160,22426464,2025-11-18 11:20:06,2025-11-18 11:20:24,SHORT,24560.0,24560.0,24550.0,REVERSAL,0,1,40.0,200.0,304,40.0,3.0,0.5902111016751319,1823.0,-176.5,0.02407407407407408
4115,2025-11-18 11:20:24,24550.0,24584.25,24546.25,1286,22427750,22428010,2025-11-18 11:21:00,2025-11-18 11:21:13,SHORT,24579.5,24579.5,24569.5,REVERSAL,0,1,40.0,200.0,260,40.0,3.0,0.82843445645299,1823.0,-98.5,0.024999999999999994
4116,2025-11-18 11:21:13,24569.5,24575.5,24551.0,740,22428750,22429073,2025-11-18 11:21:37,2025-11-18 11:21:55,SHORT,24572.0,24572.0,24562.0,REVERSAL,0,1,40.0,200.0,323,40.0,21.0,2.0725207695825523,1823.0,-128.5,0.02591240875912408
4117,2025-11-18 11:21:55,24562.0,24599.25,24552.25,3177,22432250,22433276,2025-11-18 11:24:12,2025-11-18 11:24:49,SHORT,24599.25,24599.25,24589.25,REVERSAL,0,1,40.0,200.0,1026,40.0,26.0,,1823.0,-19.5,0.02681159420289854
4118,2025-11-18 11:24:49,24589.25,24595.5,24585.5,256,22433532,22434914,2025-11-18 11:25:01,2025-11-18 11:25:57,SHORT,24595.5,24600.5,24615.5,HARD_STOP,1,2,-120.0,-600.0,1382,8.0,60.0,0.2612511743851824,1823.0,-34.5,0.027697841726618697
4119,2025-11-18 11:25:57,24615.5,24653.5,24603.0,5336,22440250,22441498,2025-11-18 11:28:25,2025-11-18 11:28:49,SHORT,24653.0,24658.0,24653.0,REVERSAL,1,2,40.0,200.0,1248,27.0,40.0,0.4211939065632764,1823.0,195.5,0.07142857142857145
4120,2025-11-18 11:28:49,24653.0,24657.5,24647.5,262,22441760,22442230,2025-11-18 11:29:00,2025-11-18 11:29:15,LONG,24647.5,24647.5,24657.5,REVERSAL,0,1,40.0,200.0,470,40.0,4.0,0.7024633303700502,1823.0,173.5,0.07234042553191491
4121,2025-11-18 11:29:15,24657.5,24666.0,24656.0,368,22442598,22442748,2025-11-18 11:29:25,2025-11-18 11:29:30,SHORT,24666.0,24666.0,24656.0,REVERSAL,0,1,40.0,200.0,150,40.0,2.0,0.4219278005310127,1823.0,247.5,0.07323943661971832
4122,2025-11-18 11:29:30,24656.0,24656.0,24656.0,0,22442748,22444100,2025-11-18 11:29:30,2025-11-18 11:30:12,LONG,24656.0,24651.0,24656.0,REVERSAL,1,2,40.0,200.0,1352,20.0,48.0,0.4219278005310127,1823.0,207.5,0.07412587412587412
4123,2025-11-18 11:30:12,24656.0,24679.0,24637.0,8400,22452500,22452679,2025-11-18 11:35:02,2025-11-18 11:35:04,LONG,24639.25,24639.25,24649.5,REVERSAL,0,1,41.0,205.0,179,41.0,4.0,0.5338596281014778,1823.0,140.5,0.07500000000000001
4124,2025-11-18 11:35:04,24649.5,24649.5,24649.5,0,22452679,22452845,2025-11-18 11:35:04,2025-11-18 11:35:06,SHORT,24649.5,24649.5,24639.0,REVERSAL,0,1,42.0,210.0,166,42.0,1.0,0.5338596281014778,1823.0,181.5,0.07586206896551725
4125,2025-11-18 11:35:06,24639.0,24670.5,24635.0,2155,22455000,22455156,2025-11-18 11:36:32,2025-11-18 11:36:40,LONG,24646.25,24646.25,24656.25,REVERSAL,0,1,40.0,200.0,156,40.0,18.0,0.6119057642891051,1823.0,168.5,0.0767123287671233
4126,2025-11-18 11:36:40,24656.25,24656.25,24656.25,0,22455156,22455907,2025-11-18 11:36:40,2025-11-18 11:37:20,SHORT,24656.25,24661.25,24676.25,HARD_STOP,1,2,-120.0,-600.0,751,29.0,60.0,0.6119057642891051,1823.0,208.5,0.07755102040816328
4127,2025-11-18 11:37:20,24676.25,24676.5,24665.25,65,22455972,22456255,2025-11-18 11:37:22,2025-11-18 11:37:37,LONG,24665.25,24665.25,24675.25,REVERSAL,0,1,40.0,200.0,283,40.0,16.0,0.28602711286341165,1823.0,244.5,0.12162162162162163
4128,2025-11-18 11:37:37,24675.25,24695.0,24660.25,1995,22458250,22458609,2025-11-18 11:38:54,2025-11-18 11:39:03,SHORT,24693.0,24693.0,24683.0,REVERSAL,0,1,40.0,200.0,359,40.0,4.0,0.43077713303522347,1823.0,355.5,0.12248322147651006
4129,2025-11-18 11:39:03,24683.0,24686.5,24628.75,3444,22462053,22462095,2025-11-18 11:41:00,2025-11-18 11:41:02,LONG,24651.75,24651.75,24661.75,REVERSAL,0,1,40.0,200.0,42,40.0,4.0,0.27054403030634805,1823.0,190.5,0.07333333333333333
4130,2025-11-18 11:41:02,24661.75,24661.75,24661.75,0,22462095,22462163,2025-11-18 11:41:02,2025-11-18 11:41:06,SHORT,24661.75,24661.75,24651.25,REVERSAL,0,1,42.0,210.0,68,42.0,7.0,0.27054403030634805,1823.0,230.5,0.024172185430463566
4131,2025-11-18 11:41:06,24651.25,24651.25,24651.25,0,22462163,22463150,2025-11-18 11:41:06,2025-11-18 11:41:47,LONG,24651.25,24646.125,24651.5,REVERSAL,1,2,43.0,215.0,987,21.5,52.5,0.27054403030634805,1823.0,188.5,0.024999999999999994
4132,2025-11-18 11:41:47,24651.5,24684.75,24645.25,3100,22466250,22466610,2025-11-18 11:43:41,2025-11-18 11:44:03,SHORT,24680.25,24680.25,24669.5,REVERSAL,0,1,43.0,215.0,360,43.0,5.0,0.5446521873856259,1823.0,304.5,0.02581699346405228
4133,2025-11-18 11:44:03,24669.5,24696.5,24659.25,1640,22468250,22468318,2025-11-18 11:45:24,2025-11-18 11:45:25,SHORT,24696.25,24696.25,24686.25,REVERSAL,0,1,40.0,200.0,68,40.0,3.0,0.4859757205820671,1823.0,368.5,-0.02337662337662337
4134,2025-11-18 11:45:25,24686.25,24686.25,24686.25,0,22468318,22469385,2025-11-18 11:45:25,2025-11-18 11:46:11,LONG,24686.25,24681.25,24666.25,HARD_STOP,1,2,-120.0,-600.0,1067,22.0,60.0,0.4859757205820671,1823.0,328.5,-0.02258064516129031
4135,2025-11-18 11:46:11,24666.25,24675.75,24652.0,865,22470250,22470372,2025-11-18 11:46:36,2025-11-18 11:46:45,SHORT,24675.25,24675.25,24665.25,REVERSAL,0,1,40.0,200.0,122,40.0,0.0,0.6264261483310972,1823.0,284.5,0.0217948717948718
4136,2025-11-18 11:46:45,24665.25,24665.25,24655.0,93,22470465,22470796,2025-11-18 11:46:51,2025-11-18 11:47:00,LONG,24655.0,24650.0,24655.25,REVERSAL,1,2,42.0,210.0,331,21.0,40.0,0.6264261483310972,1823.0,203.5,0.02261146496815286
4137,2025-11-18 11:47:00,24655.25,24655.25,24655.25,0,22470796,22471053,2025-11-18 11:47:00,2025-11-18 11:47:16,SHORT,24655.25,24655.25,24645.0,REVERSAL,0,1,41.0,205.0,257,41.0,31.0,0.24373318027403232,1823.0,204.5,0.023417721518987328
4138,2025-11-18 11:47:16,24645.0,24647.5,24621.5,1197,22472250,22472926,2025-11-18 11:47:51,2025-11-18 11:48:11,LONG,24622.0,24622.0,24633.0,REVERSAL,0,1,44.0,220.0,676,44.0,17.0,0.7324384932226585,1823.0,71.5,0.024213836477987416
4139,2025-11-18 11:48:11,24633.0,24680.0,24632.25,3324,22476250,22476911,2025-11-18 11:49:41,2025-11-18 11:50:15,LONG,24645.5,24640.5,24645.5,REVERSAL,1,2,40.0,200.0,661,26.0,40.0,0.7329958428189874,1823.0,165.5,-0.024999999999999994
4140,2025-11-18 11:50:15,24645.5,24671.5,24624.25,1839,22478750,22478846,2025-11-18 11:51:57,2025-11-18 11:52:03,LONG,24627.0,24627.0,24637.75,REVERSAL,0,1,43.0,215.0,96,43.0,14.0,0.23258077308123384,1823.0,91.5,-0.024223602484472043
4141,2025-11-18 11:52:03,24637.75,24637.75,24637.75,0,22478846,22479047,2025-11-18 11:52:03,2025-11-18 11:52:14,SHORT,24637.75,24637.75,24627.5,REVERSAL,0,1,41.0,205.0,201,41.0,38.0,0.23258077308123384,1823.0,134.5,-0.023456790123456778
4142,2025-11-18 11:52:14,24627.5,24639.75,24621.25,703,22479750,22480031,2025-11-18 11:53:04,2025-11-18 11:53:29,SHORT,24635.5,24635.5,24625.0,REVERSAL,0,1,42.0,210.0,281,42.0,27.0,0.2214202414021082,1823.0,125.5,-0.02269938650306748
4143,2025-11-18 11:53:29,24625.0,24686.0,24620.0,4219,22484250,22484340,2025-11-18 11:57:45,2025-11-18 11:57:53,SHORT,24682.25,24682.25,24672.25,REVERSAL,0,1,40.0,200.0,90,40.0,7.0,0.23517007832274048,1823.0,312.5,-0.021951219512195114
4144,2025-11-18 11:57:53,24672.25,24672.25,24672.25,0,22484340,22485065,2025-11-18 11:57:53,2025-11-18 11:58:47,LONG,24672.25,24667.25,24652.25,HARD_STOP,1,2,-120.0,-600.0,725,26.0,60.0,0.23517007832274048,1823.0,272.5,-0.02121212121212121
4145,2025-11-18 11:58:47,24652.25,24662.0,24633.5,935,22486000,22486307,2025-11-18 11:59:45,2025-11-18 12:00:04,SHORT,24658.25,24658.25,24648.0,REVERSAL,0,1,41.0,205.0,307,41.0,10.0,0.2491239849112025,1823.0,216.5,0.02349397590361446
4146,2025-11-18 12:00:04,24648.0,24692.75,24609.0,7533,22493840,22493999,2025-11-18 12:07:28,2025-11-18 12:07:32,SHORT,24651.0,24651.0,24641.0,REVERSAL,0,1,40.0,200.0,159,40.0,2.0,0.6491595790347915,1823.0,187.5,0.024251497005988026
4147,2025-11-18 12:07:32,24641.0,24651.25,24624.0,1043,22495042,22495209,2025-11-18 12:08:52,2025-11-18 12:09:09,SHORT,24637.75,24637.75,24627.75,REVERSAL,0,1,40.0,200.0,167,40.0,1.0,0.1626878519372668,1823.0,134.5,-0.024999999999999994
4148,2025-11-18 12:09:09,24627.75,24631.0,24610.0,1041,22496250,22497104,2025-11-18 12:09:59,2025-11-18 12:10:26,SHORT,24623.0,24628.0,24643.0,HARD_STOP,1,2,-120.0,-600.0,854,34.0,60.0,0.3804414838394126,1823.0,75.5,-0.02426035502958579
4149,2025-11-18 12:10:26,24643.0,24646.0,24608.75,2396,22499500,22500106,2025-11-18 12:13:12,2025-11-18 12:14:10,SHORT,24640.75,24640.75,24630.75,REVERSAL,0,1,40.0,200.0,606,40.0,17.0,0.22953476009742427,1823.0,146.5,0.02058823529411763
4150,2025-11-18 12:14:10,24630.75,24632.0,24590.5,1403,22501509,22501800,2025-11-18 12:14:59,2025-11-18 12:15:08,LONG,24592.75,24592.75,24602.75,REVERSAL,0,1,40.0,200.0,291,40.0,6.0,0.5756824733652784,1823.0,-45.5,0.021345029239766083
4151,2025-11-18 12:15:08,24602.75,24626.25,24592.25,1450,22503250,22503337,2025-11-18 12:16:47,2025-11-18 12:16:52,SHORT,24625.0,24625.0,24614.25,REVERSAL,0,1,43.0,215.0,87,43.0,12.0,0.32999811599963647,1823.0,83.5,0.022093023255813943
4152,2025-11-18 12:16:52,24614.25,24615.75,24575.75,1163,22504500,22504880,2025-11-18 12:17:45,2025-11-18 12:18:04,LONG,24578.75,24578.75,24588.75,REVERSAL,0,1,40.0,200.0,380,40.0,23.0,0.9256357464566521,1823.0,-101.5,0.022832369942196534
4153,2025-11-18 12:18:04,24588.75,24624.75,24578.75,3124,22508004,22508163,2025-11-18 12:20:33,2025-11-18 12:20:39,SHORT,24621.0,24621.0,24611.0,REVERSAL,0,1,40.0,200.0,159,40.0,17.0,0.4651455684967373,1823.0,67.5,0.02356321839080458
4154,2025-11-18 12:20:39,24611.0,24611.0,24611.0,0,22508163,22508318,2025-11-18 12:20:39,2025-11-18 12:20:49,LONG,24611.0,24611.0,24621.75,REVERSAL,0,1,43.0,215.0,155,43.0,18.0,0.4651455684967373,1823.0,27.5,0.02428571428571427
4155,2025-11-18 12:20:49,24621.75,24638.0,24579.5,3083,22511401,22511835,2025-11-18 12:23:44,2025-11-18 12:24:16,LONG,24588.75,24583.75,24588.75,REVERSAL,1,2,40.0,200.0,434,20.0,41.0,0.33416966913435014,1823.0,-61.5,-0.024999999999999994
4156,2025-11-18 12:24:16,24588.75,24588.75,24588.75,0,22511835,22512222,2025-11-18 12:24:16,2025-11-18 12:25:00,SHORT,24588.75,24588.75,24578.75,REVERSAL,0,1,40.0,200.0,387,40.0,19.0,0.2601739598355013,1823.0,-61.5,-0.024293785310734464
4157,2025-11-18 12:25:00,24578.75,24607.25,24534.75,3371,22515593,22516047,2025-11-18 12:28:05,2025-11-18 12:28:20,LONG,24541.5,24536.375,24542.0,REVERSAL,1,2,45.0,225.0,454,26.0,41.0,0.7846399118985404,1823.0,-250.5,-0.02359550561797752
4158,2025-11-18 12:28:20,24542.0,24547.5,24495.5,5203,22521250,22521453,2025-11-18 12:32:58,2025-11-18 12:33:06,LONG,24498.0,24498.0,24508.5,REVERSAL,0,1,42.0,210.0,203,42.0,18.0,0.31656066995650545,1823.0,-424.5,-0.022905027932960884
4159,2025-11-18 12:33:06,24508.5,24508.5,24508.5,0,22521453,22522417,2025-11-18 12:33:06,2025-11-18 12:33:59,SHORT,24508.5,24513.5,24508.5,REVERSAL,1,2,40.0,200.0,964,20.0,40.0,0.31656066995650545,1823.0,-382.5,-0.022222222222222213
4160,2025-11-18 12:33:59,24508.5,24579.0,24498.25,5083,22527500,22527717,2025-11-18 12:37:38,2025-11-18 12:37:49,SHORT,24577.0,24577.0,24567.0,REVERSAL,0,1,40.0,200.0,217,40.0,5.0,0.34184034111446543,1823.0,-108.5,-0.02154696132596684
4161,2025-11-18 12:37:49,24567.0,24567.0,24567.0,0,22527717,22527916,2025-11-18 12:37:49,2025-11-18 12:38:01,LONG,24567.0,24567.0,24578.0,REVERSAL,0,1,44.0,220.0,199,44.0,11.0,0.34184034111446543,1823.0,-148.5,-0.020879120879120874
4162,2025-11-18 12:38:01,24578.0,24620.75,24567.75,1584,22529500,22529764,2025-11-18 12:38:58,2025-11-18 12:39:10,SHORT,24616.75,24616.75,24606.75,REVERSAL,0,1,40.0,200.0,264,40.0,17.0,0.5990611391225228,1823.0,50.5,-0.020218579234972667
4163,2025-11-18 12:39:10,24606.75,24687.5,24606.5,3549,22533313,22534062,2025-11-18 12:41:05,2025-11-18 12:41:41,SHORT,24672.5,24677.5,24672.0,REVERSAL,1,2,44.0,220.0,749,26.0,40.0,0.5340638859252113,1823.0,273.5,-0.019565217391304346
4164,2025-11-18 12:41:41,24672.0,24713.0,24670.25,2153,22536215,22537306,2025-11-18 12:43:01,2025-11-18 12:43:37,SHORT,24704.0,24709.0,24724.0,HARD_STOP,1,2,-120.0,-600.0,1091,17.0,60.0,0.8008937704814378,1823.0,399.5,-0.01891891891891892
4165,2025-11-18 12:43:37,24724.0,24734.75,24695.25,1635,22538941,22539466,2025-11-18 12:44:04,2025-11-18 12:44:31,LONG,24699.0,24699.0,24709.0,REVERSAL,0,1,40.0,200.0,525,40.0,3.0,0.7995798342682153,1823.0,379.5,-0.02365591397849462
4166,2025-11-18 12:44:31,24709.0,24724.5,24705.75,534,22540000,22540227,2025-11-18 12:44:56,2025-11-18 12:45:02,SHORT,24724.0,24724.0,24714.0,REVERSAL,0,1,40.0,200.0,227,40.0,0.0,0.4005072940503927,1823.0,479.5,-0.022994652406417113
4167,2025-11-18 12:45:02,24714.0,24714.0,24714.0,0,22540227,22540517,2025-11-18 12:45:02,2025-11-18 12:45:10,LONG,24714.0,24708.875,24693.5,HARD_STOP,1,2,-123.0,-615.0,290,11.0,61.5,0.4005072940503927,1823.0,439.5,-0.022340425531914884
4168,2025-11-18 12:45:10,24693.5,24730.25,24662.25,4912,22545429,22545832,2025-11-18 12:48:35,2025-11-18 12:48:54,SHORT,24727.0,24727.0,24716.75,REVERSAL,0,1,41.0,205.0,403,41.0,17.0,0.5372725835170036,1823.0,491.5,0.023015873015873017
4169,2025-11-18 12:48:54,24716.75,24732.5,24682.75,4418,22550250,22551275,2025-11-18 12:52:48,2025-11-18 12:53:21,SHORT,24713.25,24718.375,24733.5,HARD_STOP,1,2,-121.0,-605.0,1025,34.0,60.5,0.24319516593442123,1823.0,436.5,-0.02631578947368421
4170,2025-11-18 12:53:21,24733.5,24735.25,24725.25,193,22551468,22551742,2025-11-18 12:53:26,2025-11-18 12:53:42,LONG,24725.25,24725.25,24735.5,REVERSAL,0,1,41.0,205.0,274,41.0,2.0,1.6216958614820045,1823.0,484.5,0.019109947643979053
4171,2025-11-18 12:53:42,24735.5,24746.75,24709.25,2508,22554250,22554467,2025-11-18 12:55:50,2025-11-18 12:55:54,LONG,24709.25,24709.25,24719.25,REVERSAL,0,1,40.0,200.0,217,40.0,7.0,0.28700768150987727,1823.0,420.5,0.019791666666666652
4172,2025-11-18 12:55:54,24719.25,24719.25,24719.25,0,22554467,22555147,2025-11-18 12:55:54,2025-11-18 12:56:27,SHORT,24719.25,24724.5,24739.75,HARD_STOP,1,2,-122.0,-610.0,680,17.0,61.0,0.28700768150987727,1823.0,460.5,0.020466321243523322
4173,2025-11-18 12:56:27,24739.75,24760.5,24738.25,853,22556000,22556214,2025-11-18 12:56:57,2025-11-18 12:57:00,SHORT,24760.5,24760.5,24750.5,REVERSAL,0,1,40.0,200.0,214,40.0,7.0,0.34901164934207146,1823.0,625.5,0.06597938144329898
4174,2025-11-18 12:57:00,24750.5,24750.5,24750.5,0,22556214,22556652,2025-11-18 12:57:00,2025-11-18 12:57:22,LONG,24750.5,24750.5,24760.5,REVERSAL,0,1,40.0,200.0,438,40.0,19.0,0.34901164934207146,1823.0,585.5,0.06666666666666668
4175,2025-11-18 12:57:22,24760.5,24769.0,24759.0,356,22557008,22557620,2025-11-18 12:57:36,2025-11-18 12:57:54,SHORT,24769.0,24769.0,24759.0,REVERSAL,0,1,40.0,200.0,612,40.0,9.0,0.3260202170175476,1823.0,659.5,0.0673469387755102
4176,2025-11-18 12:57:54,24759.0,24782.5,24759.0,630,22558250,22559225,2025-11-18 12:58:18,2025-11-18 12:58:57,SHORT,24780.0,24780.0,24770.0,REVERSAL,0,1,40.0,200.0,975,40.0,10.0,0.6120765612460949,1823.0,703.5,0.06802030456852792
4177,2025-11-18 12:58:57,24770.0,24777.75,24767.75,67,22559292,22559555,2025-11-18 12:59:01,2025-11-18 12:59:15,SHORT,24777.75,24777.75,24767.25,REVERSAL,0,1,42.0,210.0,263,42.0,22.0,0.40838617371516817,1823.0,694.5,0.06868686868686869
4178,2025-11-18 12:59:15,24767.25,24774.75,24747.5,953,22560508,22560798,2025-11-18 12:59:50,2025-11-18 13:00:01,LONG,24749.25,24749.25,24759.5,REVERSAL,0,1,41.0,205.0,290,41.0,13.0,0.6132024333435889,1823.0,580.5,0.06934673366834171
4179,2025-11-18 13:00:01,24759.5,24780.0,24753.0,1702,22562500,22563093,2025-11-18 13:01:34,2025-11-18 13:02:13,SHORT,24772.0,24772.0,24762.0,REVERSAL,0,1,40.0,200.0,593,40.0,17.0,0.30743717042335406,1823.0,671.5,0.07
4180,2025-11-18 13:02:13,24762.0,24766.75,24736.0,1407,22564500,22565010,2025-11-18 13:03:25,2025-11-18 13:03:55,SHORT,24761.25,24761.25,24751.25,REVERSAL,0,1,40.0,200.0,510,40.0,24.0,0.3794974785562368,1823.0,628.5,0.07064676616915425
4181,2025-11-18 13:03:55,24751.25,24776.0,24743.5,1740,22566750,22566957,2025-11-18 13:06:06,2025-11-18 13:06:15,SHORT,24774.25,24774.25,24763.25,REVERSAL,0,1,44.0,220.0,207,44.0,23.0,0.24761383688599045,1823.0,680.5,0.0712871287128713
4182,2025-11-18 13:06:15,24763.25,24763.25,24763.25,0,22566957,22567293,2025-11-18 13:06:15,2025-11-18 13:06:29,LONG,24763.25,24763.25,24773.75,REVERSAL,0,1,42.0,210.0,336,42.0,24.0,0.24761383688599045,1823.0,636.5,0.07192118226600985
4183,2025-11-18 13:06:29,24773.75,24785.0,24768.0,707,22568000,22568525,2025-11-18 13:07:19,2025-11-18 13:08:06,SHORT,24781.75,24781.75,24771.75,REVERSAL,0,1,40.0,200.0,525,40.0,5.0,0.27562317020495686,1823.0,710.5,0.07254901960784316
4184,2025-11-18 13:08:06,24771.75,24774.5,24763.25,227,22568752,22569048,2025-11-18 13:08:15,2025-11-18 13:08:39,SHORT,24773.5,24778.5,24773.5,REVERSAL,1,2,40.0,200.0,296,20.0,40.0,0.22578533674912918,1823.0,677.5,0.07317073170731708
4185,2025-11-18 13:08:39,24773.5,24787.25,24751.5,2952,22572000,22572271,2025-11-18 13:12:22,2025-11-18 13:12:46,SHORT,24778.5,24778.5,24768.5,REVERSAL,0,1,40.0,200.0,271,40.0,17.0,0.19208267284549724,1823.0,697.5,0.023786407766990286
4186,2025-11-18 13:12:46,24768.5,24792.25,24762.25,1229,22573500,22574608,2025-11-18 13:14:03,2025-11-18 13:15:13,LONG,24764.25,24759.25,24744.25,HARD_STOP,1,2,-120.0,-600.0,1108,29.0,60.0,0.20800561536302378,1823.0,640.5,0.024396135265700475
4187,2025-11-18 13:15:13,24744.25,24749.0,24731.25,732,22575340,22575416,2025-11-18 13:15:35,2025-11-18 13:15:39,LONG,24735.0,24735.0,24745.5,REVERSAL,0,1,42.0,210.0,76,42.0,3.0,0.5003591875959404,1823.0,523.5,0.07019230769230769
4188,2025-11-18 13:15:39,24745.5,24745.5,24745.5,0,22575416,22575520,2025-11-18 13:15:39,2025-11-18 13:15:42,SHORT,24745.5,24745.5,24735.5,REVERSAL,0,1,40.0,200.0,104,40.0,1.0,0.5003591875959404,1823.0,565.5,0.02081339712918659
4189,2025-11-18 13:15:42,24735.5,24768.0,24733.5,2980,22578500,22578665,2025-11-18 13:18:48,2025-11-18 13:19:00,SHORT,24764.0,24764.0,24753.5,REVERSAL,0,1,42.0,210.0,165,42.0,16.0,0.2010545345895242,1823.0,639.5,0.021428571428571436
4190,2025-11-18 13:19:00,24753.5,24753.5,24753.5,0,22578665,22579095,2025-11-18 13:19:00,2025-11-18 13:19:44,LONG,24753.5,24753.5,24763.5,REVERSAL,0,1,40.0,200.0,430,40.0,10.0,0.2010545345895242,1823.0,597.5,-0.027962085308056855
4191,2025-11-18 13:19:44,24763.5,24770.5,24723.0,1155,22580250,22580415,2025-11-18 13:20:56,2025-11-18 13:21:02,LONG,24723.0,24723.0,24733.0,REVERSAL,0,1,40.0,200.0,165,40.0,4.0,0.6300154917315994,1823.0,475.5,-0.02735849056603773
4192,2025-11-18 13:21:02,24733.0,24733.0,24733.0,0,22580415,22580644,2025-11-18 13:21:02,2025-11-18 13:21:22,SHORT,24733.0,24738.0,24732.75,REVERSAL,1,2,42.0,210.0,229,21.0,40.0,0.6300154917315994,1823.0,515.5,-0.026760563380281682
4193,2025-11-18 13:21:22,24732.75,24775.25,24732.75,1723,22582367,22582437,2025-11-18 13:23:15,2025-11-18 13:23:22,SHORT,24770.5,24770.5,24760.5,REVERSAL,0,1,40.0,200.0,70,40.0,0.0,0.6319118419922405,1823.0,665.5,-0.0761682242990654
4194,2025-11-18 13:23:22,24760.5,24760.5,24760.5,0,22582437,22582636,2025-11-18 13:23:22,2025-11-18 13:23:37,LONG,24760.5,24760.5,24770.5,REVERSAL,0,1,40.0,200.0,199,40.0,9.0,0.6319118419922405,1823.0,625.5,-0.07558139534883722
4195,2025-11-18 13:23:37,24770.5,24776.25,24750.75,864,22583500,22583592,2025-11-18 13:24:45,2025-11-18 13:24:54,SHORT,24776.25,24776.25,24766.25,REVERSAL,0,1,40.0,200.0,92,40.0,2.0,0.24123429457860826,1823.0,688.5,-0.075
4196,2025-11-18 13:24:54,24766.25,24766.25,24766.25,0,22583592,22584158,2025-11-18 13:24:54,2025-11-18 13:25:32,LONG,24766.25,24761.25,24746.25,HARD_STOP,1,2,-120.0,-600.0,566,12.0,60.0,0.24123429457860826,1823.0,648.5,-0.07442396313364055
4197,2025-11-18 13:25:32,24746.25,24779.0,24725.5,4842,22589000,22589151,2025-11-18 13:30:28,2025-11-18 13:30:37,SHORT,24765.5,24765.5,24754.5,REVERSAL,0,1,44.0,220.0,151,44.0,3.0,0.42545414551983957,1823.0,645.5,-0.028440366972477066
4198,2025-11-18 13:30:37,24754.5,24754.5,24754.5,0,22589151,22590080,2025-11-18 13:30:37,2025-11-18 13:31:45,LONG,24754.5,24749.5,24754.75,REVERSAL,1,2,42.0,210.0,929,27.0,55.0,0.42545414551983957,1823.0,601.5,-0.0278538812785388
4199,2025-11-18 13:31:45,24754.75,24788.0,24751.75,1920,22592000,22592117,2025-11-18 13:34:23,2025-11-18 13:34:34,LONG,24769.0,24769.0,24779.75,REVERSAL,0,1,43.0,215.0,117,43.0,12.0,0.4662199764193218,1823.0,659.5,-0.027272727272727254
4200,2025-11-18 13:34:34,24779.75,24779.75,24779.75,0,22592117,22592673,2025-11-18 13:34:34,2025-11-18 13:35:29,SHORT,24779.75,24779.75,24769.5,REVERSAL,0,1,41.0,205.0,556,41.0,28.0,0.4662199764193218,1823.0,702.5,-0.02669683257918551
4201,2025-11-18 13:35:29,24769.5,24780.75,24713.75,1827,22594500,22594800,2025-11-18 13:37:28,2025-11-18 13:37:38,LONG,24716.75,24716.75,24727.25,REVERSAL,0,1,42.0,210.0,300,42.0,8.0,0.34316531858529425,1823.0,450.5,-0.02612612612612611
4202,2025-11-18 13:37:38,24727.25,24735.0,24724.75,249,22595049,22595516,2025-11-18 13:38:01,2025-11-18 13:38:39,LONG,24724.75,24724.75,24734.75,REVERSAL,0,1,40.0,200.0,467,40.0,36.0,0.5723094971210424,1823.0,482.5,-0.025560538116591924
4203,2025-11-18 13:38:39,24734.75,24762.5,24731.5,734,22596250,22596318,2025-11-18 13:39:24,2025-11-18 13:39:27,SHORT,24760.25,24760.25,24750.0,REVERSAL,0,1,41.0,205.0,68,41.0,3.0,0.23455791830187153,1823.0,624.5,-0.024999999999999994
4204,2025-11-18 13:39:27,24750.0,24750.0,24750.0,0,22596318,22596618,2025-11-18 13:39:27,2025-11-18 13:40:01,LONG,24750.0,24750.0,24760.5,REVERSAL,0,1,42.0,210.0,300,42.0,25.0,0.23455791830187153,1823.0,583.5,-0.024444444444444435
4205,2025-11-18 13:40:01,24760.5,24785.0,24760.25,632,22597250,22598211,2025-11-18 13:40:20,2025-11-18 13:40:55,SHORT,24782.25,24787.375,24802.5,HARD_STOP,1,2,-121.0,-605.0,961,33.0,60.5,0.860958163483683,1823.0,712.5,-0.023893805309734506
4206,2025-11-18 13:40:55,24802.5,24803.5,24793.25,207,22598418,22599836,2025-11-18 13:41:00,2025-11-18 13:42:20,LONG,24793.25,24788.25,24772.75,HARD_STOP,1,2,-124.0,-620.0,1418,33.0,62.0,1.7224642634320182,1823.0,756.5,0.02224669603524229
4207,2025-11-18 13:42:20,24772.75,24783.0,24730.25,2914,22602750,22603055,2025-11-18 13:44:57,2025-11-18 13:45:16,LONG,24750.5,24750.5,24761.5,REVERSAL,0,1,44.0,220.0,305,44.0,33.0,0.20763155811195058,1823.0,585.5,0.01842105263157895
4208,2025-11-18 13:45:16,24761.5,24775.0,24736.75,2536,22605591,22606306,2025-11-18 13:49:00,2025-11-18 13:49:28,LONG,24741.5,24741.5,24751.75,REVERSAL,0,1,41.0,205.0,715,41.0,15.0,0.23699498598852947,1823.0,549.5,0.01899563318777292
4209,2025-11-18 13:49:28,24751.75,24774.25,24748.25,445,22606751,22606860,2025-11-18 13:50:00,2025-11-18 13:50:06,SHORT,24770.0,24770.0,24760.0,REVERSAL,0,1,40.0,200.0,109,40.0,12.0,0.2610089816494895,1823.0,663.5,0.019565217391304346
4210,2025-11-18 13:50:06,24760.0,24760.0,24760.0,0,22606860,22607083,2025-11-18 13:50:06,2025-11-18 13:50:29,LONG,24760.0,24760.0,24770.0,REVERSAL,0,1,40.0,200.0,223,40.0,12.0,0.2610089816494895,1823.0,623.5,0.020129870129870137
4211,2025-11-18 13:50:29,24770.0,24778.25,24765.5,417,22607500,22607683,2025-11-18 13:51:02,2025-11-18 13:51:20,SHORT,24776.25,24776.25,24765.5,REVERSAL,0,1,43.0,215.0,183,43.0,10.0,0.20905837539281028,1823.0,688.5,0.02068965517241378
4212,2025-11-18 13:51:20,24765.5,24765.5,24765.5,0,22607683,22607806,2025-11-18 13:51:20,2025-11-18 13:51:29,LONG,24765.5,24765.5,24775.5,REVERSAL,0,1,40.0,200.0,123,40.0,5.0,0.20905837539281028,1823.0,645.5,0.02124463519313305
4213,2025-11-18 13:51:29,24775.5,24804.5,24769.0,1444,22609250,22609431,2025-11-18 13:52:33,2025-11-18 13:52:35,SHORT,24804.0,24804.0,24794.0,REVERSAL,0,1,40.0,200.0,181,40.0,2.0,1.0467429829399686,1823.0,799.5,0.0217948717948718
4214,2025-11-18 13:52:35,24794.0,24794.0,24794.0,0,22609431,22610829,2025-11-18 13:52:35,2025-11-18 13:54:29,LONG,24794.0,24789.0,24774.0,HARD_STOP,1,2,-120.0,-600.0,1398,37.0,60.0,1.0467429829399686,1823.0,759.5,0.022340425531914898
4215,2025-11-18 13:54:29,24774.0,24782.0,24723.75,2421,22613250,22613437,2025-11-18 13:56:43,2025-11-18 13:56:44,LONG,24723.75,24723.75,24734.0,REVERSAL,0,1,41.0,205.0,187,41.0,30.0,0.4780850149357197,1823.0,478.5,0.06864406779661017
4216,2025-11-18 13:56:44,24734.0,24734.0,24734.0,0,22613437,22613945,2025-11-18 13:56:44,2025-11-18 13:57:17,SHORT,24734.0,24734.0,24724.0,REVERSAL,0,1,40.0,200.0,508,40.0,8.0,0.4780850149357197,1823.0,519.5,0.06919831223628692
4217,2025-11-18 13:57:17,24724.0,24766.25,24692.0,7805,22621750,22621884,2025-11-18 14:02:56,2025-11-18 14:03:04,SHORT,24741.0,24741.0,24731.0,REVERSAL,0,1,40.0,200.0,134,40.0,1.0,0.31141986130192006,1823.0,547.5,0.01974789915966385
4218,2025-11-18 14:03:04,24731.0,24731.0,24731.0,0,22621884,22622210,2025-11-18 14:03:04,2025-11-18 14:03:31,LONG,24731.0,24725.875,24710.75,HARD_STOP,1,2,-121.0,-605.0,326,8.5,60.5,0.31141986130192006,1823.0,507.5,0.020292887029288692
4219,2025-11-18 14:03:31,24710.75,24714.75,24702.25,325,22622535,22622589,2025-11-18 14:03:39,2025-11-18 14:03:43,LONG,24704.25,24704.25,24714.5,REVERSAL,0,1,41.0,205.0,54,41.0,0.0,0.3532194709001128,1823.0,400.5,0.06666666666666668
4220,2025-11-18 14:03:43,24714.5,24714.5,24714.5,0,22622589,22622905,2025-11-18 14:03:43,2025-11-18 14:04:09,SHORT,24714.5,24719.5,24714.5,REVERSAL,1,2,40.0,200.0,316,25.0,40.0,0.3532194709001128,1823.0,441.5,0.06721991701244814
4221,2025-11-18 14:04:09,24714.5,24734.0,24708.75,1095,22624000,22624190,2025-11-18 14:05:24,2025-11-18 14:05:42,SHORT,24731.0,24731.0,24720.75,REVERSAL,0,1,41.0,205.0,190,41.0,16.0,0.35394801145286003,1823.0,507.5,0.06776859504132232
4222,2025-11-18 14:05:42,24720.75,24720.75,24720.75,0,22624190,22624416,2025-11-18 14:05:42,2025-11-18 14:06:13,LONG,24720.75,24720.75,24731.0,REVERSAL,0,1,41.0,205.0,226,41.0,0.0,0.35394801145286003,1823.0,466.5,0.06831275720164609
4223,2025-11-18 14:06:13,24731.0,24757.5,24711.25,4856,22629272,22629496,2025-11-18 14:13:01,2025-11-18 14:13:15,LONG,24734.25,24734.25,24744.25,REVERSAL,0,1,40.0,200.0,224,40.0,15.0,0.2972015967280143,1823.0,520.5,0.06885245901639345
4224,2025-11-18 14:13:15,24744.25,24774.5,24721.0,2754,22632250,22632506,2025-11-18 14:16:35,2025-11-18 14:16:56,LONG,24721.75,24721.75,24731.75,REVERSAL,0,1,40.0,200.0,256,40.0,14.0,0.3159893026064432,1823.0,470.5,0.06938775510204082
4225,2025-11-18 14:16:56,24731.75,24768.5,24705.5,2494,22635000,22635099,2025-11-18 14:20:10,2025-11-18 14:20:12,SHORT,24768.5,24768.5,24758.5,REVERSAL,0,1,40.0,200.0,99,40.0,7.0,0.3370306406936295,1823.0,657.5,0.06991869918699187
4226,2025-11-18 14:20:12,24758.5,24758.5,24758.5,0,22635099,22635685,2025-11-18 14:20:12,2025-11-18 14:20:54,LONG,24758.5,24753.5,24738.25,HARD_STOP,1,2,-122.0,-610.0,586,30.0,61.0,0.3370306406936295,1823.0,617.5,0.02044534412955465
4227,2025-11-18 14:20:54,24738.25,24743.0,24719.5,1315,22637000,22637230,2025-11-18 14:22:35,2025-11-18 14:22:52,SHORT,24736.0,24736.0,24726.0,REVERSAL,0,1,40.0,200.0,230,40.0,10.0,0.3379636370089103,1823.0,527.5,0.016935483870967744
4228,2025-11-18 14:22:52,24726.0,24726.0,24726.0,0,22637230,22637756,2025-11-18 14:22:52,2025-11-18 14:23:26,LONG,24726.0,24721.0,24706.0,HARD_STOP,1,2,-120.0,-600.0,526,11.0,60.0,0.3379636370089103,1823.0,487.5,0.017469879518072273
4229,2025-11-18 14:23:26,24706.0,24737.5,24693.75,3494,22641250,22641474,2025-11-18 14:28:58,2025-11-18 14:29:10,LONG,24693.75,24693.75,24703.75,REVERSAL,0,1,40.0,200.0,224,40.0,2.0,0.2864119856355139,1823.0,358.5,0.064
4230,2025-11-18 14:29:10,24703.75,24703.75,24703.75,0,22641474,22641785,2025-11-18 14:29:10,2025-11-18 14:29:32,SHORT,24703.75,24708.75,24703.75,REVERSAL,1,2,40.0,200.0,311,20.0,40.0,0.2864119856355139,1823.0,398.5,0.06454183266932273
4231,2025-11-18 14:29:32,24703.75,24719.75,24702.0,465,22642250,22643118,2025-11-18 14:30:11,2025-11-18 14:31:07,SHORT,24718.25,24718.25,24708.25,REVERSAL,0,1,40.0,200.0,868,40.0,29.0,0.17027991774708093,1823.0,456.5,0.0650793650793651
4232,2025-11-18 14:31:07,24708.25,24763.25,24686.0,5382,22648500,22648803,2025-11-18 14:37:26,2025-11-18 14:37:36,SHORT,24760.5,24760.5,24750.0,REVERSAL,0,1,42.0,210.0,303,42.0,25.0,0.7841325855403526,1823.0,625.5,0.06561264822134388
4233,2025-11-18 14:37:36,24750.0,24808.75,24736.0,3469,22652272,22652790,2025-11-18 14:40:17,2025-11-18 14:40:38,SHORT,24805.5,24805.5,24795.5,REVERSAL,0,1,40.0,200.0,518,40.0,19.0,0.7863394280523659,1823.0,805.5,0.06614173228346457
4234,2025-11-18 14:40:38,24795.5,24801.0,24786.75,710,22653500,22653729,2025-11-18 14:41:03,2025-11-18 14:41:24,SHORT,24801.0,24801.0,24791.0,REVERSAL,0,1,40.0,200.0,229,40.0,5.0,0.787022236969802,1823.0,787.5,0.06666666666666668
4235,2025-11-18 14:41:24,24791.0,24791.0,24791.0,0,22653729,22654416,2025-11-18 14:41:24,2025-11-18 14:42:03,LONG,24791.0,24785.875,24770.0,HARD_STOP,1,2,-127.0,-635.0,687,36.0,63.5,0.787022236969802,1823.0,747.5,0.017187499999999994
4236,2025-11-18 14:42:03,24770.0,24783.0,24730.0,2834,22657250,22657471,2025-11-18 14:44:41,2025-11-18 14:44:51,LONG,24732.0,24732.0,24742.0,REVERSAL,0,1,40.0,200.0,221,40.0,24.0,0.7902252447751169,1823.0,511.5,0.06381322957198446
4237,2025-11-18 14:44:51,24742.0,24742.0,24742.0,0,22657471,22658640,2025-11-18 14:44:51,2025-11-18 14:45:55,SHORT,24742.0,24747.25,24762.25,HARD_STOP,1,2,-120.0,-600.0,1169,28.0,60.0,0.7902252447751169,1823.0,551.5,0.06434108527131785
4238,2025-11-18 14:45:55,24762.25,24763.25,24753.25,202,22658842,22659478,2025-11-18 14:46:12,2025-11-18 14:47:00,LONG,24753.25,24753.25,24764.0,REVERSAL,0,1,43.0,215.0,636,43.0,37.0,0.29161796802546375,1823.0,596.5,0.111003861003861
4239,2025-11-18 14:47:00,24764.0,24803.0,24763.5,1022,22660500,22660738,2025-11-18 14:47:54,2025-11-18 14:48:08,SHORT,24798.5,24798.5,24788.5,REVERSAL,0,1,40.0,200.0,238,40.0,2.0,0.2776109086307311,1823.0,777.5,0.06153846153846154
4240,2025-11-18 14:48:08,24788.5,24788.5,24788.5,0,22660738,22661228,2025-11-18 14:48:08,2025-11-18 14:48:37,LONG,24788.5,24783.5,24768.25,HARD_STOP,1,2,-122.0,-610.0,490,16.0,61.0,0.2776109086307311,1823.0,737.5,0.06206896551724139
4241,2025-11-18 14:48:37,24768.25,24780.75,24763.5,522,22661750,22661995,2025-11-18 14:49:10,2025-11-18 14:49:26,SHORT,24779.5,24779.5,24769.25,REVERSAL,0,1,41.0,205.0,245,41.0,29.0,0.5055018609025587,1823.0,701.5,0.10877862595419846
4242,2025-11-18 14:49:26,24769.25,24769.25,24769.25,0,22661995,22662308,2025-11-18 14:49:26,2025-11-18 14:49:55,LONG,24769.25,24764.25,24769.75,REVERSAL,1,2,44.0,220.0,313,24.0,40.0,0.5055018609025587,1823.0,660.5,0.10931558935361216
4243,2025-11-18 14:49:55,24769.75,24778.5,24726.5,3442,22665750,22665917,2025-11-18 14:53:37,2025-11-18 14:53:46,LONG,24731.5,24731.5,24741.5,REVERSAL,0,1,40.0,200.0,167,40.0,13.0,0.37234408589786266,1823.0,509.5,0.10984848484848486
4244,2025-11-18 14:53:46,24741.5,24741.5,24741.5,0,22665917,22666116,2025-11-18 14:53:46,2025-11-18 14:53:58,SHORT,24741.5,24741.5,24731.5,REVERSAL,0,1,40.0,200.0,199,40.0,4.0,0.37234408589786266,1823.0,549.5,0.11037735849056604
4245,2025-11-18 14:53:58,24731.5,24737.0,24707.0,2384,22668500,22669752,2025-11-18 14:55:50,2025-11-18 14:57:06,SHORT,24733.75,24738.75,24753.75,HARD_STOP,1,2,-120.0,-600.0,1252,37.0,60.0,0.6998751716489049,1823.0,518.5,0.11090225563909775
4246,2025-11-18 14:57:06,24753.75,24756.5,24738.75,498,22670250,22670460,2025-11-18 14:57:44,2025-11-18 14:58:08,LONG,24740.5,24740.5,24750.5,REVERSAL,0,1,40.0,200.0,210,40.0,5.0,0.2550415429400223,1823.0,545.5,0.15767790262172285
4247,2025-11-18 14:58:08,24750.5,24750.5,24750.5,0,22670460,22670851,2025-11-18 14:58:08,2025-11-18 14:58:45,SHORT,24750.5,24755.5,24750.5,REVERSAL,1,2,40.0,200.0,391,20.0,40.0,0.2550415429400223,1823.0,585.5,0.1082089552238806
4248,2025-11-18 14:58:45,24750.5,24795.75,24709.0,7811,22678662,22679590,2025-11-18 15:06:49,2025-11-18 15:08:16,LONG,24726.0,24721.0,24726.0,REVERSAL,1,2,40.0,200.0,928,28.0,40.0,0.43553686037458744,1823.0,487.5,0.10873605947955389
4249,2025-11-18 15:08:16,24726.0,24729.75,24711.0,410,22680000,22680192,2025-11-18 15:09:01,2025-11-18 15:09:22,LONG,24713.5,24713.5,24723.5,REVERSAL,0,1,40.0,200.0,192,40.0,2.0,0.17730495755548945,1823.0,437.5,0.05925925925925926
4250,2025-11-18 15:09:22,24723.5,24723.5,24723.5,0,22680192,22680305,2025-11-18 15:09:22,2025-11-18 15:09:36,SHORT,24723.5,24723.5,24713.5,REVERSAL,0,1,40.0,200.0,113,40.0,19.0,0.17730495755548945,1823.0,477.5,0.05977859778597788
4251,2025-11-18 15:09:36,24713.5,24730.5,24702.25,1695,22682000,22682742,2025-11-18 15:12:02,2025-11-18 15:13:06,SHORT,24723.5,24723.5,24713.0,REVERSAL,0,1,42.0,210.0,742,42.0,22.0,0.3160748485252485,1823.0,477.5,0.06029411764705883
4252,2025-11-18 15:13:06,24713.0,24713.5,24702.25,679,22683421,22683699,2025-11-18 15:14:02,2025-11-18 15:14:22,SHORT,24712.25,24712.25,24702.0,REVERSAL,0,1,41.0,205.0,278,41.0,5.0,0.7121812139337431,1823.0,432.5,0.06080586080586081
4253,2025-11-18 15:14:22,24702.0,24746.75,24700.0,4319,22688018,22688780,2025-11-18 15:18:53,2025-11-18 15:20:00,LONG,24714.0,24709.0,24715.0,REVERSAL,1,2,48.0,240.0,762,24.0,40.0,0.3817803001530389,1823.0,439.5,0.0613138686131387
4254,2025-11-18 15:20:00,24715.0,24716.25,24706.0,243,22689023,22689237,2025-11-18 15:20:21,2025-11-18 15:20:44,SHORT,24716.0,24716.0,24706.0,REVERSAL,0,1,40.0,200.0,214,40.0,6.0,0.23893363905488307,1823.0,447.5,0.06181818181818183
4255,2025-11-18 15:20:44,24706.0,24706.0,24706.0,0,22689237,22689345,2025-11-18 15:20:44,2025-11-18 15:20:53,LONG,24706.0,24706.0,24716.5,REVERSAL,0,1,42.0,210.0,108,42.0,3.0,0.23893363905488307,1823.0,407.5,0.062318840579710155
4256,2025-11-18 15:20:53,24716.5,24732.25,24715.0,405,22689750,22689943,2025-11-18 15:21:11,2025-11-18 15:21:32,SHORT,24731.75,24731.75,24721.75,REVERSAL,0,1,40.0,200.0,193,40.0,6.0,0.3587113165417471,1823.0,510.5,0.012815884476534284
4257,2025-11-18 15:21:32,24721.75,24721.75,24721.75,0,22689943,22690030,2025-11-18 15:21:32,2025-11-18 15:21:42,LONG,24721.75,24721.75,24732.0,REVERSAL,0,1,41.0,205.0,87,41.0,5.0,0.3587113165417471,1823.0,470.5,0.013309352517985595
4258,2025-11-18 15:21:42,24732.0,24738.0,24708.5,970,22691000,22691788,2025-11-18 15:23:14,2025-11-18 15:24:24,LONG,24710.0,24705.0,24690.0,HARD_STOP,1,2,-120.0,-600.0,788,37.0,60.0,0.22997795616439778,1823.0,423.5,-0.03620071684587814
4259,2025-11-18 15:24:24,24690.0,24694.0,24684.0,415,22692203,22692642,2025-11-18 15:24:44,2025-11-18 15:25:18,SHORT,24694.0,24694.0,24684.0,REVERSAL,0,1,40.0,200.0,439,40.0,8.0,0.5232842556116216,1823.0,359.5,0.010714285714285704
4260,2025-11-18 15:25:18,24684.0,24688.5,24659.25,2108,22694750,22694919,2025-11-18 15:26:42,2025-11-18 15:26:50,SHORT,24682.5,24682.5,24672.5,REVERSAL,0,1,40.0,200.0,169,40.0,12.0,0.7210369771160381,1823.0,313.5,0.011209964412811385
4261,2025-11-18 15:26:50,24672.5,24672.5,24672.5,0,22694919,22695986,2025-11-18 15:26:50,2025-11-18 15:28:03,LONG,24672.5,24667.5,24652.5,HARD_STOP,1,2,-120.0,-600.0,1067,16.0,60.0,0.7210369771160381,1823.0,273.5,-0.03829787234042553
4262,2025-11-18 15:28:03,24652.5,24689.0,24645.75,1764,22697750,22697862,2025-11-18 15:29:16,2025-11-18 15:29:22,SHORT,24689.0,24689.0,24679.0,REVERSAL,0,1,40.0,200.0,112,40.0,4.0,0.7228108244914323,1823.0,339.5,0.008657243816254406
4263,2025-11-18 15:29:22,24679.0,24679.0,24679.0,0,22697862,22698179,2025-11-18 15:29:22,2025-11-18 15:29:45,LONG,24679.0,24679.0,24689.0,REVERSAL,0,1,40.0,200.0,317,40.0,19.0,0.7228108244914323,1823.0,299.5,0.009154929577464777
4264,2025-11-18 15:29:45,24689.0,24707.5,24689.0,596,22698775,22699050,2025-11-18 15:30:02,2025-11-18 15:30:09,SHORT,24701.5,24701.5,24691.5,REVERSAL,0,1,40.0,200.0,275,40.0,14.0,0.5785515839757264,1823.0,389.5,0.009649122807017546
4265,2025-11-18 15:30:09,24691.5,24692.5,24674.75,482,22699532,22699633,2025-11-18 15:30:24,2025-11-18 15:30:33,LONG,24679.5,24679.5,24690.25,REVERSAL,0,1,43.0,215.0,101,43.0,8.0,1.4465430100153234,1823.0,301.5,0.010139860139860124
4266,2025-11-18 15:30:33,24690.25,24690.25,24690.25,0,22699633,22700106,2025-11-18 15:30:33,2025-11-18 15:30:53,SHORT,24690.25,24695.25,24710.25,HARD_STOP,1,2,-120.0,-600.0,473,24.0,60.0,1.4465430100153234,1823.0,344.5,-0.039372822299651555
4267,2025-11-18 15:30:53,24710.25,24710.25,24651.75,5394,22705500,22706542,2025-11-18 15:38:00,2025-11-18 15:39:01,SHORT,24686.5,24691.75,24687.0,REVERSAL,1,2,38.0,190.0,1042,35.0,42.0,0.2329826643104765,1823.0,329.5,0.0076388888888888895
4268,2025-11-18 15:39:01,24687.0,24690.0,24674.75,958,22707500,22707765,2025-11-18 15:40:29,2025-11-18 15:40:49,SHORT,24685.75,24685.75,24675.0,REVERSAL,0,1,43.0,215.0,265,43.0,30.0,0.24326583157850196,1823.0,326.5,0.008131487889273342
4269,2025-11-18 15:40:49,24675.0,24682.0,24665.0,735,22708500,22708607,2025-11-18 15:41:21,2025-11-18 15:41:30,SHORT,24678.25,24678.25,24668.0,REVERSAL,0,1,41.0,205.0,107,41.0,9.0,0.41702955400289776,1823.0,296.5,0.008620689655172403
4270,2025-11-18 15:41:30,24668.0,24668.0,24668.0,0,22708607,22708890,2025-11-18 15:41:30,2025-11-18 15:42:08,LONG,24668.0,24668.0,24678.0,REVERSAL,0,1,40.0,200.0,283,40.0,0.0,0.41702955400289776,1823.0,255.5,0.009106529209621989
4271,2025-11-18 15:42:08,24678.0,24680.75,24650.0,2610,22711500,22711633,2025-11-18 15:45:25,2025-11-18 15:45:32,SHORT,24667.0,24667.0,24657.0,REVERSAL,0,1,40.0,200.0,133,40.0,15.0,0.39060408331409674,1823.0,251.5,0.0095890410958904
4272,2025-11-18 15:45:32,24657.0,24657.0,24657.0,0,22711633,22712038,2025-11-18 15:45:32,2025-11-18 15:46:00,LONG,24657.0,24657.0,24667.0,REVERSAL,0,1,40.0,200.0,405,40.0,27.0,0.39060408331409674,1823.0,211.5,0.010068259385665523
4273,2025-11-18 15:46:00,24667.0,24668.5,24627.0,1462,22713500,22714157,2025-11-18 15:46:57,2025-11-18 15:47:18,LONG,24630.25,24630.25,24640.5,REVERSAL,0,1,41.0,205.0,657,41.0,16.0,1.954995196387943,1823.0,104.5,0.010544217687074836
4274,2025-11-18 15:47:18,24640.5,24651.75,24634.75,593,22714750,22715241,2025-11-18 15:47:52,2025-11-18 15:48:22,SHORT,24650.25,24650.25,24640.0,REVERSAL,0,1,41.0,205.0,491,41.0,12.0,0.3913652191614006,1823.0,184.5,0.011016949152542366
4275,2025-11-18 15:48:22,24640.0,24646.5,24635.75,236,22715477,22715981,2025-11-18 15:48:35,2025-11-18 15:48:59,SHORT,24646.5,24651.5,24646.5,REVERSAL,1,2,40.0,200.0,504,31.0,40.0,0.3455042473947761,1823.0,169.5,0.01148648648648648
4276,2025-11-19 09:30:00,24611.5,24633.25,24580.0,6740,22895000,22895267,2025-11-19 09:31:05,2025-11-19 09:31:09,SHORT,24616.25,24616.25,24606.25,REVERSAL,0,1,40.0,200.0,267,40.0,24.0,1.0,,,
4277,2025-11-19 09:31:09,24606.25,24608.25,24596.75,233,22895500,22895617,2025-11-19 09:31:14,2025-11-19 09:31:17,LONG,24596.75,24596.75,24606.75,REVERSAL,0,1,40.0,200.0,117,40.0,0.0,0.5197132616487455,,,
4278,2025-11-19 09:31:17,24606.75,24606.75,24606.75,0,22895617,22896231,2025-11-19 09:31:17,2025-11-19 09:31:27,SHORT,24606.75,24606.75,24596.75,REVERSAL,0,1,40.0,200.0,614,40.0,38.0,0.5197132616487455,,,
4279,2025-11-19 09:31:27,24596.75,24625.0,24572.5,6579,22902810,22903509,2025-11-19 09:33:44,2025-11-19 09:34:01,SHORT,24610.75,24615.75,24631.0,HARD_STOP,1,2,-122.0,-610.0,699,10.0,61.0,0.2831844690291206,,,
4280,2025-11-19 09:34:01,24631.0,24654.5,24617.75,2491,22906000,22906822,2025-11-19 09:34:35,2025-11-19 09:34:59,LONG,24620.0,24620.0,24630.0,REVERSAL,0,1,40.0,200.0,822,40.0,35.0,0.9705925431672824,,,
4281,2025-11-19 09:34:59,24630.0,24672.5,24626.5,2209,22909031,22909110,2025-11-19 09:35:37,2025-11-19 09:35:39,SHORT,24669.0,24669.0,24659.0,REVERSAL,0,1,40.0,200.0,79,40.0,1.0,0.7694448048864341,,,
4282,2025-11-19 09:35:39,24659.0,24659.0,24659.0,0,22909110,22909261,2025-11-19 09:35:39,2025-11-19 09:35:44,LONG,24659.0,24659.0,24669.0,REVERSAL,0,1,40.0,200.0,151,40.0,3.0,0.7694448048864341,,,
4283,2025-11-19 09:35:44,24669.0,24695.0,24657.5,2739,22912000,22912114,2025-11-19 09:36:38,2025-11-19 09:36:42,SHORT,24679.0,24679.0,24668.25,REVERSAL,0,1,43.0,215.0,114,43.0,0.0,0.5306691461051013,,,
4284,2025-11-19 09:36:42,24668.25,24668.25,24668.25,0,22912114,22912275,2025-11-19 09:36:42,2025-11-19 09:36:48,LONG,24668.25,24668.25,24678.5,REVERSAL,0,1,41.0,205.0,161,41.0,10.0,0.5306691461051013,,,
4285,2025-11-19 09:36:48,24678.5,24680.75,24668.75,475,22912750,22913181,2025-11-19 09:37:01,2025-11-19 09:37:19,LONG,24669.5,24669.5,24679.5,REVERSAL,0,1,40.0,200.0,431,40.0,21.0,0.360090380490412,,,
4286,2025-11-19 09:37:19,24679.5,24693.0,24676.0,1069,22914250,22914900,2025-11-19 09:37:52,2025-11-19 09:38:15,LONG,24679.75,24674.625,24679.5,REVERSAL,1,2,39.0,195.0,650,19.5,41.0,0.3354190760524314,,,0.0
4287,2025-11-19 09:38:15,24679.5,24682.0,24646.0,1221,22916121,22916679,2025-11-19 09:38:44,2025-11-19 09:39:00,LONG,24650.0,24650.0,24660.0,REVERSAL,0,1,40.0,200.0,558,40.0,26.0,1.7001581148627973,,,0.0
4288,2025-11-19 09:39:00,24660.0,24679.75,24636.75,1321,22918000,22919428,2025-11-19 09:39:40,2025-11-19 09:40:35,SHORT,24676.5,24681.625,24676.75,REVERSAL,1,2,39.0,195.0,1428,38.0,43.5,0.4366284351564595,,,0.0
4289,2025-11-19 09:40:35,24676.75,24678.0,24660.0,598,22920026,22920811,2025-11-19 09:40:52,2025-11-19 09:41:16,SHORT,24670.0,24675.0,24690.0,HARD_STOP,1,2,-120.0,-600.0,785,26.0,60.0,0.36216271481731416,,,0.0
4290,2025-11-19 09:41:16,24690.0,24704.0,24688.0,939,22921750,22922019,2025-11-19 09:41:31,2025-11-19 09:41:37,SHORT,24703.0,24703.0,24692.5,REVERSAL,0,1,42.0,210.0,269,42.0,6.0,0.7315804205339338,,,0.0
4291,2025-11-19 09:41:37,24692.5,24718.0,24687.5,1731,22923750,22924143,2025-11-19 09:42:25,2025-11-19 09:42:33,SHORT,24718.0,24718.0,24708.0,REVERSAL,0,1,40.0,200.0,393,40.0,12.0,0.75000621083009,,,0.0
4292,2025-11-19 09:42:33,24708.0,24716.75,24706.75,612,22924755,22925056,2025-11-19 09:42:59,2025-11-19 09:43:09,SHORT,24716.75,24716.75,24706.75,REVERSAL,0,1,40.0,200.0,301,40.0,9.0,0.7596574661645991,,,0.0
4293,2025-11-19 09:43:09,24706.75,24745.5,24703.0,2944,22928000,22929355,2025-11-19 09:44:24,2025-11-19 09:44:47,SHORT,24745.5,24750.5,24745.5,REVERSAL,1,2,40.0,200.0,1355,34.0,40.0,0.6514060013890283,,,0.0
4294,2025-11-19 09:44:47,24745.5,24765.0,24723.5,7145,22936500,22937595,2025-11-19 09:47:15,2025-11-19 09:47:43,SHORT,24762.0,24762.0,24751.75,REVERSAL,0,1,41.0,205.0,1095,41.0,16.0,0.9869581761319289,,,0.0
4295,2025-11-19 09:47:43,24751.75,24772.75,24748.25,2405,22940000,22942223,2025-11-19 09:49:05,2025-11-19 09:50:10,SHORT,24769.75,24769.75,24759.75,REVERSAL,0,1,40.0,200.0,2223,40.0,39.0,0.3682393080903017,,,0.0
4296,2025-11-19 09:50:10,24759.75,24760.75,24745.75,777,22943000,22943707,2025-11-19 09:50:26,2025-11-19 09:50:49,LONG,24747.0,24747.0,24757.25,REVERSAL,0,1,41.0,205.0,707,41.0,17.0,0.6885509198872752,,,0.0
4297,2025-11-19 09:50:49,24757.25,24771.0,24755.5,793,22944500,22944722,2025-11-19 09:51:18,2025-11-19 09:51:26,SHORT,24770.75,24770.75,24760.5,REVERSAL,0,1,41.0,205.0,222,41.0,3.0,0.3807015066994246,,,0.004761904761904773
4298,2025-11-19 09:51:26,24760.5,24760.5,24760.5,0,22944722,22944990,2025-11-19 09:51:26,2025-11-19 09:51:34,LONG,24760.5,24760.5,24770.75,REVERSAL,0,1,41.0,205.0,268,41.0,6.0,0.3807015066994246,,,0.009090909090909094
4299,2025-11-19 09:51:34,24770.75,24802.5,24767.0,3017,22948007,22949453,2025-11-19 09:52:37,2025-11-19 09:53:22,SHORT,24792.0,24797.0,24812.0,HARD_STOP,1,2,-120.0,-600.0,1446,8.0,60.0,0.8432283620118487,,,0.013043478260869573
4300,2025-11-19 09:53:22,24812.0,24845.0,24809.75,3797,22953250,22953680,2025-11-19 09:54:54,2025-11-19 09:55:01,SHORT,24842.75,24842.75,24832.75,REVERSAL,0,1,40.0,200.0,430,40.0,2.0,0.5372740803137519,,,-0.024999999999999994
4301,2025-11-19 09:55:01,24832.75,24837.5,24827.5,926,22954606,22958094,2025-11-19 09:55:22,2025-11-19 09:56:56,SHORT,24837.5,24842.5,24857.75,HARD_STOP,1,2,-122.0,-610.0,3488,24.0,61.0,0.5370890145933945,,,-0.01999999999999999
4302,2025-11-19 09:56:56,24857.75,24912.5,24847.5,13906,22972000,22972921,2025-11-19 10:02:15,2025-11-19 10:02:36,SHORT,24911.75,24911.75,24901.75,REVERSAL,0,1,40.0,200.0,921,40.0,16.0,1.0998830138393996,,,-0.0038461538461538602
4303,2025-11-19 10:02:36,24901.75,24933.0,24895.0,3232,22976153,22976835,2025-11-19 10:04:03,2025-11-19 10:04:18,SHORT,24925.0,24925.0,24915.0,REVERSAL,0,1,40.0,200.0,682,40.0,25.0,1.1126299314300763,,,0.0018518518518518545
4304,2025-11-19 10:04:18,24915.0,24940.0,24906.25,3921,22980756,22981522,2025-11-19 10:06:18,2025-11-19 10:06:45,SHORT,24938.25,24938.25,24928.0,REVERSAL,0,1,41.0,205.0,766,41.0,2.0,0.6461054882311232,,,0.007142857142857145
4305,2025-11-19 10:06:45,24928.0,24943.75,24915.5,3887,22985409,22986479,2025-11-19 10:08:56,2025-11-19 10:09:26,LONG,24921.0,24916.0,24921.0,REVERSAL,1,2,40.0,200.0,1070,20.0,40.0,0.5762979855125931,,,0.012068965517241376
4306,2025-11-19 10:09:26,24921.0,24925.75,24906.5,1521,22988000,22989236,2025-11-19 10:10:09,2025-11-19 10:10:27,LONG,24907.0,24902.0,24907.0,REVERSAL,1,2,40.0,200.0,1236,20.0,40.0,1.1623067060969914,,,0.016666666666666663
4307,2025-11-19 10:10:27,24907.0,24909.25,24897.0,514,22989750,22989991,2025-11-19 10:10:42,2025-11-19 10:10:49,LONG,24897.25,24897.25,24907.25,REVERSAL,0,1,40.0,200.0,241,40.0,5.0,1.1574090705892344,,,0.02096774193548387
4308,2025-11-19 10:10:49,24907.25,24907.25,24907.25,0,22989991,22990857,2025-11-19 10:10:49,2025-11-19 10:11:09,SHORT,24907.25,24912.375,24927.5,HARD_STOP,1,2,-121.0,-605.0,866,10.0,60.5,1.1574090705892344,,,0.024999999999999994
4309,2025-11-19 10:11:09,24927.5,24948.25,24923.75,1397,22992254,22994827,2025-11-19 10:11:36,2025-11-19 10:13:02,SHORT,24944.75,24944.75,24934.5,REVERSAL,0,1,41.0,205.0,2573,41.0,21.0,4.603129041460785,,,0.04848484848484849
4310,2025-11-19 10:13:02,24934.5,24945.75,24930.0,673,22995500,22998353,2025-11-19 10:13:24,2025-11-19 10:15:06,SHORT,24943.0,24948.0,24963.0,HARD_STOP,1,2,-120.0,-600.0,2853,30.0,60.0,0.42365116774207184,,,0.002941176470588225
4311,2025-11-19 10:15:06,24963.0,24984.5,24958.75,4397,23002750,23004173,2025-11-19 10:16:44,2025-11-19 10:17:42,SHORT,24981.75,24981.75,24971.75,REVERSAL,0,1,40.0,200.0,1423,40.0,25.0,0.6627105579449628,,,0.02857142857142858
4312,2025-11-19 10:17:42,24971.75,24972.25,24946.75,4077,23008250,23010949,2025-11-19 10:19:45,2025-11-19 10:21:15,LONG,24955.75,24950.75,24955.75,REVERSAL,1,2,40.0,200.0,2699,21.0,59.0,0.42634695761792746,,,0.033333333333333354
4313,2025-11-19 10:21:15,24955.75,24982.0,24930.75,5862,23016811,23017462,2025-11-19 10:24:10,2025-11-19 10:24:43,LONG,24949.0,24949.0,24959.0,REVERSAL,0,1,40.0,200.0,651,40.0,28.0,2.3841645954820203,,,0.03783783783783784
4314,2025-11-19 10:24:43,24959.0,24970.25,24939.0,2367,23019829,23021269,2025-11-19 10:25:46,2025-11-19 10:26:32,LONG,24946.75,24941.75,24946.75,REVERSAL,1,2,40.0,200.0,1440,20.0,40.0,0.6012785880207248,,,0.04210526315789476
4315,2025-11-19 10:26:32,24946.75,24963.5,24946.0,1481,23022750,23023325,2025-11-19 10:27:26,2025-11-19 10:28:02,SHORT,24962.75,24962.75,24952.75,REVERSAL,0,1,40.0,200.0,575,40.0,16.0,0.4010215135163335,,,0.046153846153846156
4316,2025-11-19 10:28:02,24952.75,24969.75,24930.0,4925,23028250,23028379,2025-11-19 10:31:03,2025-11-19 10:31:07,LONG,24930.25,24930.25,24940.5,REVERSAL,0,1,41.0,205.0,129,41.0,1.0,0.44386533764202196,,,0.05000000000000002
4317,2025-11-19 10:31:07,24940.5,24940.5,24940.5,0,23028379,23028702,2025-11-19 10:31:07,2025-11-19 10:31:25,SHORT,24940.5,24940.5,24930.5,REVERSAL,0,1,40.0,200.0,323,40.0,14.0,0.44386533764202196,,,0.053658536585365874
4318,2025-11-19 10:31:25,24930.5,24958.75,24925.0,1331,23030033,23030310,2025-11-19 10:32:06,2025-11-19 10:32:16,SHORT,24956.5,24956.5,24946.5,REVERSAL,0,1,40.0,200.0,277,40.0,2.0,0.8170812694110585,,,0.05714285714285716
4319,2025-11-19 10:32:16,24946.5,24954.75,24934.0,940,23031250,23031642,2025-11-19 10:33:04,2025-11-19 10:33:31,SHORT,24954.5,24954.5,24944.5,REVERSAL,0,1,40.0,200.0,392,40.0,8.0,0.5473590329363475,,,0.06046511627906978
4320,2025-11-19 10:33:31,24944.5,24948.5,24913.5,2623,23034265,23034563,2025-11-19 10:35:33,2025-11-19 10:35:44,LONG,24917.25,24917.25,24927.75,REVERSAL,0,1,42.0,210.0,298,42.0,2.0,0.6226847997540349,,,0.013636363636363641
4321,2025-11-19 10:35:44,24927.75,24946.25,24889.5,11187,23045750,23046216,2025-11-19 10:44:27,2025-11-19 10:44:56,SHORT,24921.0,24921.0,24910.75,REVERSAL,0,1,41.0,205.0,466,41.0,0.0,0.47067344212558376,,,0.016666666666666663
4322,2025-11-19 10:44:56,24910.75,24914.5,24885.5,1298,23047514,23048306,2025-11-19 10:45:33,2025-11-19 10:46:14,LONG,24888.75,24888.75,24898.75,REVERSAL,0,1,40.0,200.0,792,40.0,14.0,0.5196931404872293,,,-0.030434782608695643
4323,2025-11-19 10:46:14,24898.75,24901.75,24834.75,8838,23057144,23058096,2025-11-19 10:51:19,2025-11-19 10:51:40,LONG,24849.75,24844.75,24829.75,HARD_STOP,1,2,-120.0,-600.0,952,12.0,60.0,1.0460846878786625,,,-0.02765957446808509
4324,2025-11-19 10:51:40,24829.75,24840.75,24828.5,654,23058750,23059746,2025-11-19 10:51:59,2025-11-19 10:52:27,SHORT,24840.75,24845.875,24841.0,REVERSAL,1,2,39.0,195.0,996,19.5,41.0,0.8722099909025364,,,0.004166666666666652
4325,2025-11-19 10:52:27,24841.0,24841.0,24841.0,0,23059746,23061849,2025-11-19 10:52:27,2025-11-19 10:53:22,LONG,24841.0,24836.0,24821.0,HARD_STOP,1,2,-120.0,-600.0,2103,21.0,60.0,0.7483016167935824,,,0.007142857142857145
4326,2025-11-19 10:53:22,24821.0,24832.75,24813.0,901,23062750,23065235,2025-11-19 10:53:39,2025-11-19 10:54:46,LONG,24813.0,24813.0,24823.0,REVERSAL,0,1,40.0,200.0,2485,40.0,34.0,1.0431645920383537,,,0.04000000000000001
4327,2025-11-19 10:54:46,24823.0,24825.75,24793.75,1515,23066750,23069454,2025-11-19 10:55:19,2025-11-19 10:56:14,LONG,24793.75,24788.75,24793.75,REVERSAL,1,2,40.0,200.0,2704,31.0,40.0,2.60505139929671,,,0.0431372549019608
4328,2025-11-19 10:56:14,24793.75,24794.0,24772.0,1046,23070500,23074366,2025-11-19 10:56:35,2025-11-19 10:57:53,LONG,24773.75,24768.75,24753.75,HARD_STOP,1,2,-120.0,-600.0,3866,35.0,60.0,1.0398149557453964,,,0.046153846153846156
4329,2025-11-19 10:57:53,24753.75,24765.0,24748.0,1634,23076000,23077454,2025-11-19 10:58:28,2025-11-19 10:59:01,SHORT,24763.0,24763.0,24753.0,REVERSAL,0,1,40.0,200.0,1454,40.0,35.0,1.0368459620794541,,,0.03018867924528304
4330,2025-11-19 10:59:01,24753.0,24782.5,24751.5,4546,23082000,23082358,2025-11-19 11:00:36,2025-11-19 11:00:41,LONG,24766.0,24766.0,24776.25,REVERSAL,0,1,41.0,205.0,358,41.0,9.0,1.0327261031604247,,,0.033333333333333354
4331,2025-11-19 11:00:41,24776.25,24777.25,24765.75,642,23083000,23083239,2025-11-19 11:00:55,2025-11-19 11:01:00,SHORT,24777.0,24777.0,24767.0,REVERSAL,0,1,40.0,200.0,239,40.0,0.0,1.290117687152465,,,-0.013636363636363641
4332,2025-11-19 11:01:00,24767.0,24767.0,24767.0,0,23083239,23083807,2025-11-19 11:01:00,2025-11-19 11:01:17,LONG,24767.0,24767.0,24777.0,REVERSAL,0,1,40.0,200.0,568,40.0,0.0,1.290117687152465,,,-0.010714285714285732
4333,2025-11-19 11:01:17,24777.0,24785.0,24761.25,2199,23086006,23087577,2025-11-19 11:02:05,2025-11-19 11:02:51,LONG,24771.5,24771.5,24781.5,REVERSAL,0,1,40.0,200.0,1571,40.0,21.0,1.719004057392441,,,-0.00789473684210526
4334,2025-11-19 11:02:51,24781.5,24786.5,24759.25,1716,23089293,23091716,2025-11-19 11:03:40,2025-11-19 11:05:12,LONG,24765.0,24765.0,24775.0,REVERSAL,0,1,40.0,200.0,2423,40.0,37.0,0.5755208515894865,,,-0.005172413793103459
4335,2025-11-19 11:05:12,24775.0,24782.25,24764.25,784,23092500,23093616,2025-11-19 11:05:31,2025-11-19 11:05:58,LONG,24765.0,24760.0,24745.0,HARD_STOP,1,2,-120.0,-600.0,1116,22.0,60.0,0.8680963234205434,,,-0.0025423728813559476
4336,2025-11-19 11:05:58,24745.0,24745.5,24713.25,5634,23099250,23101258,2025-11-19 11:07:22,2025-11-19 11:08:09,SHORT,24744.5,24744.5,24734.5,REVERSAL,0,1,40.0,200.0,2008,40.0,39.0,1.6989071025284863,,,0.033333333333333354
4337,2025-11-19 11:08:09,24734.5,24734.5,24734.5,0,23101258,23101449,2025-11-19 11:08:09,2025-11-19 11:08:15,LONG,24734.5,24734.5,24745.0,REVERSAL,0,1,42.0,210.0,191,42.0,4.0,0.5662180423879353,,,0.03606557377049183
4338,2025-11-19 11:08:15,24745.0,24745.0,24745.0,0,23101449,23101903,2025-11-19 11:08:15,2025-11-19 11:08:32,SHORT,24745.0,24745.0,24735.0,REVERSAL,0,1,40.0,200.0,454,40.0,18.0,0.5662180423879353,,,0.038709677419354854
4339,2025-11-19 11:08:32,24735.0,24751.75,24707.75,4934,23106837,23107973,2025-11-19 11:11:02,2025-11-19 11:11:35,LONG,24719.75,24719.75,24730.0,REVERSAL,0,1,41.0,205.0,1136,41.0,39.0,1.025612965147235,,,0.04126984126984129
4340,2025-11-19 11:11:35,24730.0,24731.75,24692.75,2342,23110315,23110817,2025-11-19 11:12:30,2025-11-19 11:12:56,LONG,24702.0,24702.0,24712.0,REVERSAL,0,1,40.0,200.0,502,40.0,6.0,1.2812787797695444,,,0.04375000000000001
4341,2025-11-19 11:12:56,24712.0,24719.75,24707.75,487,23111304,23111470,2025-11-19 11:13:02,2025-11-19 11:13:12,SHORT,24717.75,24717.75,24707.25,REVERSAL,0,1,42.0,210.0,166,42.0,1.0,0.7327085922753107,,,0.046153846153846156
4342,2025-11-19 11:13:12,24707.25,24707.25,24707.25,0,23111470,23112406,2025-11-19 11:13:12,2025-11-19 11:13:57,LONG,24707.25,24707.25,24717.25,REVERSAL,0,1,40.0,200.0,936,40.0,35.0,0.7327085922753107,,,0.04848484848484849
4343,2025-11-19 11:13:57,24717.25,24741.0,24702.75,6344,23118750,23118984,2025-11-19 11:17:11,2025-11-19 11:17:19,LONG,24707.0,24707.0,24717.0,REVERSAL,0,1,40.0,200.0,234,40.0,6.0,0.8603270856452926,,,0.05074626865671644
4344,2025-11-19 11:17:19,24717.0,24717.0,24717.0,0,23118984,23120096,2025-11-19 11:17:19,2025-11-19 11:18:12,SHORT,24717.0,24722.0,24717.0,REVERSAL,1,2,40.0,200.0,1112,20.0,40.0,0.8603270856452926,,,0.002941176470588225
4345,2025-11-19 11:18:12,24717.0,24754.0,24699.5,5797,23125893,23127251,2025-11-19 11:21:49,2025-11-19 11:23:01,SHORT,24749.5,24749.5,24739.5,REVERSAL,0,1,40.0,200.0,1358,40.0,29.0,0.8700080300866306,,,0.005072463768115931
4346,2025-11-19 11:23:01,24739.5,24741.0,24669.5,4508,23131759,23134136,2025-11-19 11:25:08,2025-11-19 11:26:16,LONG,24674.25,24669.25,24674.5,REVERSAL,1,2,42.0,210.0,2377,37.0,42.0,1.7475479385991406,,,-0.042857142857142844
4347,2025-11-19 11:26:16,24674.5,24683.0,24669.0,364,23134500,23135515,2025-11-19 11:26:28,2025-11-19 11:27:16,SHORT,24679.5,24684.625,24700.0,HARD_STOP,1,2,-123.0,-615.0,1015,20.0,61.5,0.5241704444978716,,,-0.04084507042253521
4348,2025-11-19 11:27:16,24700.0,24725.0,24691.0,6485,23142000,23142238,2025-11-19 11:32:22,2025-11-19 11:32:35,LONG,24703.5,24698.5,24703.75,REVERSAL,1,2,42.0,210.0,238,21.0,40.0,0.2659711962818969,,,-0.0027777777777777957
4349,2025-11-19 11:32:35,24703.75,24706.25,24689.75,512,23142750,23142930,2025-11-19 11:33:02,2025-11-19 11:33:12,LONG,24692.25,24692.25,24702.25,REVERSAL,0,1,40.0,200.0,180,40.0,1.0,0.3552519051663356,,,-0.0506849315068493
4350,2025-11-19 11:33:12,24702.25,24702.25,24702.25,0,23142930,23143108,2025-11-19 11:33:12,2025-11-19 11:33:21,SHORT,24702.25,24702.25,24692.0,REVERSAL,0,1,41.0,205.0,178,41.0,6.0,0.3552519051663356,,,-0.04864864864864865
4351,2025-11-19 11:33:21,24692.0,24712.25,24667.0,3854,23146962,23148189,2025-11-19 11:36:04,2025-11-19 11:36:35,LONG,24674.0,24668.75,24653.75,HARD_STOP,1,2,-120.0,-600.0,1227,24.0,60.0,0.7665878457742143,,,-0.04666666666666666
4352,2025-11-19 11:36:35,24653.75,24684.5,24652.0,1561,23149750,23149856,2025-11-19 11:37:16,2025-11-19 11:37:20,SHORT,24681.25,24681.25,24671.25,REVERSAL,0,1,40.0,200.0,106,40.0,6.0,0.766237851558507,,,-0.00789473684210526
4353,2025-11-19 11:37:20,24671.25,24671.25,24671.25,0,23149856,23150676,2025-11-19 11:37:20,2025-11-19 11:38:10,LONG,24671.25,24671.25,24681.25,REVERSAL,0,1,40.0,200.0,820,40.0,18.0,0.766237851558507,,,-0.005844155844155846
4354,2025-11-19 11:38:10,24681.25,24688.5,24671.25,824,23151500,23151588,2025-11-19 11:38:43,2025-11-19 11:38:46,SHORT,24686.5,24686.5,24676.25,REVERSAL,0,1,41.0,205.0,88,41.0,1.0,0.44856774633919416,,,-0.0038461538461538602
4355,2025-11-19 11:38:46,24676.25,24676.25,24676.25,0,23151588,23152009,2025-11-19 11:38:46,2025-11-19 11:39:10,LONG,24676.25,24676.25,24686.5,REVERSAL,0,1,41.0,205.0,421,41.0,14.0,0.44856774633919416,,,-0.0018987341772152
4356,2025-11-19 11:39:10,24686.5,24690.0,24653.75,1822,23153831,23155067,2025-11-19 11:40:40,2025-11-19 11:41:44,LONG,24662.0,24657.0,24662.0,REVERSAL,1,2,40.0,200.0,1236,26.0,40.0,0.49163343855690106,,,-0.04999999999999999
4357,2025-11-19 11:41:44,24662.0,24694.5,24657.0,1551,23156618,23157344,2025-11-19 11:42:49,2025-11-19 11:43:18,SHORT,24689.0,24689.0,24679.0,REVERSAL,0,1,40.0,200.0,726,40.0,36.0,0.6039412100092727,,,-0.048148148148148134
4358,2025-11-19 11:43:18,24679.0,24702.5,24671.25,1938,23159282,23160338,2025-11-19 11:45:00,2025-11-19 11:45:43,LONG,24677.25,24672.0,24676.75,REVERSAL,1,2,38.0,190.0,1056,28.0,42.0,0.3902299649582147,,,-0.04634146341463413
4359,2025-11-19 11:45:43,24676.75,24699.25,24670.25,662,23161000,23161078,2025-11-19 11:46:14,2025-11-19 11:46:17,SHORT,24699.0,24699.0,24688.25,REVERSAL,0,1,43.0,215.0,78,43.0,0.0,0.6088230901397675,,,-0.044578313253012036
4360,2025-11-19 11:46:17,24688.25,24688.25,24688.25,0,23161078,23161538,2025-11-19 11:46:17,2025-11-19 11:46:43,LONG,24688.25,24688.25,24699.5,REVERSAL,0,1,45.0,225.0,460,45.0,24.0,0.6088230901397675,,,-0.042857142857142844
4361,2025-11-19 11:46:43,24699.5,24706.0,24648.75,3212,23164750,23164850,2025-11-19 11:49:19,2025-11-19 11:49:23,LONG,24649.25,24649.25,24659.25,REVERSAL,0,1,40.0,200.0,100,40.0,0.0,0.5517329114071992,,,-0.04117647058823529
4362,2025-11-19 11:49:23,24659.25,24659.25,24659.25,0,23164850,23165314,2025-11-19 11:49:23,2025-11-19 11:49:46,SHORT,24659.25,24664.25,24659.25,REVERSAL,1,2,40.0,200.0,464,20.0,40.0,0.5517329114071992,,,-0.039534883720930225
4363,2025-11-19 11:49:46,24659.25,24670.5,24659.25,196,23165510,23165811,2025-11-19 11:50:00,2025-11-19 11:50:17,SHORT,24670.5,24670.5,24660.5,REVERSAL,0,1,40.0,200.0,301,40.0,21.0,0.46040235994030715,,,-0.03793103448275861
4364,2025-11-19 11:50:17,24660.5,24663.5,24653.5,281,23166092,23166546,2025-11-19 11:50:37,2025-11-19 11:51:14,SHORT,24663.5,24668.75,24663.75,REVERSAL,1,2,40.0,200.0,454,20.0,42.0,0.4609151333230892,,,-0.03636363636363635
4365,2025-11-19 11:51:14,24663.75,24682.0,24650.75,1704,23168250,23169532,2025-11-19 11:53:03,2025-11-19 11:54:11,SHORT,24682.0,24687.0,24682.0,REVERSAL,1,2,40.0,200.0,1282,26.0,52.0,0.34748807393078246,,,-0.034831460674157294
4366,2025-11-19 11:54:11,24682.0,24682.75,24672.5,353,23169885,23170582,2025-11-19 11:54:29,2025-11-19 11:55:29,SHORT,24682.75,24682.75,24672.5,REVERSAL,0,1,41.0,205.0,697,41.0,34.0,0.6970000925069612,,,-0.033333333333333326
4367,2025-11-19 11:55:29,24672.5,24703.5,24663.5,2168,23172750,23173446,2025-11-19 11:57:38,2025-11-19 11:58:19,SHORT,24703.0,24703.0,24693.0,REVERSAL,0,1,40.0,200.0,696,40.0,17.0,0.40092942415010535,,,-0.031868131868131866
4368,2025-11-19 11:58:19,24693.0,24721.25,24619.25,8804,23182250,23182367,2025-11-19 12:04:32,2025-11-19 12:04:36,LONG,24619.75,24619.75,24630.0,REVERSAL,0,1,41.0,205.0,117,41.0,0.0,0.8084004303339024,,,-0.08043478260869565
4369,2025-11-19 12:04:36,24630.0,24630.0,24630.0,0,23182367,23182750,2025-11-19 12:04:36,2025-11-19 12:04:56,SHORT,24630.0,24630.0,24620.0,REVERSAL,0,1,40.0,200.0,383,40.0,15.0,0.8084004303339024,,,-0.07903225806451612
4370,2025-11-19 12:04:56,24620.0,24655.25,24600.25,5250,23188000,23188391,2025-11-19 12:08:36,2025-11-19 12:09:03,LONG,24623.25,24623.25,24633.25,REVERSAL,0,1,40.0,200.0,391,40.0,2.0,0.30001955464446645,,,-0.0776595744680851
4371,2025-11-19 12:09:03,24633.25,24644.0,24629.25,109,23188500,23188558,2025-11-19 12:09:08,2025-11-19 12:09:10,SHORT,24644.0,24644.0,24633.5,REVERSAL,0,1,42.0,210.0,58,42.0,1.0,0.4389527203405067,,,-0.07631578947368421
4372,2025-11-19 12:09:10,24633.5,24634.0,24613.5,974,23189532,23190001,2025-11-19 12:10:21,2025-11-19 12:10:43,LONG,24617.75,24617.75,24627.75,REVERSAL,0,1,40.0,200.0,469,40.0,11.0,0.30100622375404645,,,-0.125
4373,2025-11-19 12:10:43,24627.75,24635.5,24617.75,1499,23191500,23191696,2025-11-19 12:12:26,2025-11-19 12:12:36,LONG,24618.25,24618.25,24628.25,REVERSAL,0,1,40.0,200.0,196,40.0,6.0,0.33775502097689847,,,-0.12371134020618557
4374,2025-11-19 12:12:36,24628.25,24628.25,24628.25,0,23191696,23191792,2025-11-19 12:12:36,2025-11-19 12:12:46,SHORT,24628.25,24628.25,24618.25,REVERSAL,0,1,40.0,200.0,96,40.0,13.0,0.33775502097689847,,,-0.12244897959183673
4375,2025-11-19 12:12:46,24618.25,24623.25,24600.5,1708,23193500,23193658,2025-11-19 12:14:16,2025-11-19 12:14:28,LONG,24602.75,24602.75,24613.0,REVERSAL,0,1,41.0,205.0,158,41.0,0.0,0.6403229071964386,,,-0.12121212121212122
4376,2025-11-19 12:14:28,24613.0,24613.0,24613.0,0,23193658,23195160,2025-11-19 12:14:28,2025-11-19 12:16:04,SHORT,24613.0,24618.0,24612.0,REVERSAL,1,2,48.0,240.0,1502,36.0,44.0,0.6403229071964386,,,-0.12
4377,2025-11-19 12:16:04,24612.0,24620.5,24605.75,413,23195573,23195711,2025-11-19 12:16:30,2025-11-19 12:16:43,LONG,24610.25,24610.25,24620.75,REVERSAL,0,1,42.0,210.0,138,42.0,10.0,0.36163785285251365,,,-0.1188118811881188
4378,2025-11-19 12:16:43,24620.75,24620.75,24620.75,0,23195711,23196136,2025-11-19 12:16:43,2025-11-19 12:17:11,SHORT,24620.75,24625.875,24621.0,REVERSAL,1,2,39.0,195.0,425,23.0,41.0,0.36163785285251365,,,-0.11764705882352941
4379,2025-11-19 12:17:11,24621.0,24644.75,24614.5,1617,23197753,23197890,2025-11-19 12:18:48,2025-11-19 12:19:03,SHORT,24634.75,24634.75,24624.25,REVERSAL,0,1,42.0,210.0,137,42.0,13.0,0.3874427926287079,,,-0.11650485436893204
4380,2025-11-19 12:19:03,24624.25,24624.25,24624.25,0,23197890,23198058,2025-11-19 12:19:03,2025-11-19 12:19:14,LONG,24624.25,24624.25,24634.5,REVERSAL,0,1,41.0,205.0,168,41.0,5.0,0.3874427926287079,,,-0.11538461538461539
4381,2025-11-19 12:19:14,24634.5,24635.75,24610.0,692,23198750,23199336,2025-11-19 12:20:12,2025-11-19 12:21:03,LONG,24610.75,24610.75,24621.25,REVERSAL,0,1,42.0,210.0,586,42.0,12.0,0.2329989609735029,,,-0.11428571428571428
4382,2025-11-19 12:21:03,24621.25,24639.0,24617.75,1164,23200500,23200732,2025-11-19 12:22:07,2025-11-19 12:22:16,LONG,24620.25,24615.125,24620.5,REVERSAL,1,2,43.0,215.0,232,21.5,41.0,0.278282350022678,,,-0.11320754716981132
4383,2025-11-19 12:22:16,24620.5,24648.5,24614.0,1768,23202500,23202597,2025-11-19 12:23:57,2025-11-19 12:24:01,LONG,24614.0,24614.0,24624.5,REVERSAL,0,1,42.0,210.0,97,42.0,6.0,0.4188076445251602,,,-0.11214953271028037
4384,2025-11-19 12:24:01,24624.5,24624.5,24624.5,0,23202597,23202836,2025-11-19 12:24:01,2025-11-19 12:24:14,SHORT,24624.5,24624.5,24612.75,REVERSAL,0,1,47.0,235.0,239,47.0,19.0,0.4188076445251602,,,-0.1111111111111111
4385,2025-11-19 12:24:14,24612.75,24635.0,24581.0,5918,23208754,23209942,2025-11-19 12:28:33,2025-11-19 12:29:10,SHORT,24632.0,24637.0,24631.75,REVERSAL,1,2,42.0,210.0,1188,39.0,49.0,0.4902278261568157,,,-0.11009174311926606
4386,2025-11-19 12:29:10,24631.75,24632.75,24622.5,321,23210263,23210602,2025-11-19 12:29:26,2025-11-19 12:29:54,LONG,24622.75,24622.75,24632.75,REVERSAL,0,1,40.0,200.0,339,40.0,15.0,0.7361397160829847,,,-0.10909090909090909
4387,2025-11-19 12:29:54,24632.75,24634.25,24608.0,1148,23211750,23212407,2025-11-19 12:30:58,2025-11-19 12:31:31,SHORT,24622.25,24622.25,24612.25,REVERSAL,0,1,40.0,200.0,657,40.0,32.0,0.42173410896942065,,,-0.10810810810810811
4388,2025-11-19 12:31:31,24612.25,24633.0,24510.75,9843,23222250,23222670,2025-11-19 12:37:38,2025-11-19 12:37:49,LONG,24513.0,24513.0,24523.0,REVERSAL,0,1,40.0,200.0,420,40.0,13.0,1.1889271910306747,,,-0.10714285714285714
4389,2025-11-19 12:37:49,24523.0,24537.0,24518.25,857,23223527,23223780,2025-11-19 12:38:19,2025-11-19 12:38:29,SHORT,24534.25,24534.25,24524.25,REVERSAL,0,1,40.0,200.0,253,40.0,14.0,0.8498478229726525,,,-0.10619469026548672
4390,2025-11-19 12:38:29,24524.25,24530.5,24512.5,973,23224753,23225233,2025-11-19 12:39:14,2025-11-19 12:39:52,LONG,24516.25,24516.25,24526.5,REVERSAL,0,1,41.0,205.0,480,41.0,11.0,0.662141236030613,,,-0.10526315789473684
4391,2025-11-19 12:39:52,24526.5,24534.5,24507.0,1017,23226250,23226616,2025-11-19 12:40:38,2025-11-19 12:41:00,SHORT,24534.5,24534.5,24524.5,REVERSAL,0,1,40.0,200.0,366,40.0,4.0,0.597362150444681,,,-0.10434782608695652
4392,2025-11-19 12:41:00,24524.5,24643.0,24523.75,6381,23232997,23233315,2025-11-19 12:43:51,2025-11-19 12:44:06,SHORT,24626.5,24626.5,24616.5,REVERSAL,0,1,40.0,200.0,318,40.0,1.0,0.8545727325062267,,,-0.10344827586206896
4393,2025-11-19 12:44:06,24616.5,24628.5,24603.0,1185,23234500,23234687,2025-11-19 12:44:56,2025-11-19 12:45:03,LONG,24613.0,24613.0,24623.25,REVERSAL,0,1,41.0,205.0,187,41.0,3.0,0.2994549812572477,,,-0.10256410256410256
4394,2025-11-19 12:45:03,24623.25,24623.25,24623.25,0,23234687,23235016,2025-11-19 12:45:03,2025-11-19 12:45:21,SHORT,24623.25,24623.25,24613.25,REVERSAL,0,1,40.0,200.0,329,40.0,22.0,0.2994549812572477,,,-0.1016949152542373
4395,2025-11-19 12:45:21,24613.25,24614.5,24565.75,2234,23237250,23237376,2025-11-19 12:46:09,2025-11-19 12:46:13,SHORT,24608.0,24608.0,24598.0,REVERSAL,0,1,40.0,200.0,126,40.0,4.0,1.1968152317829395,,,-0.10084033613445378
4396,2025-11-19 12:46:13,24598.0,24598.0,24598.0,0,23237376,23237763,2025-11-19 12:46:13,2025-11-19 12:46:37,LONG,24598.0,24592.75,24598.0,REVERSAL,1,2,42.0,210.0,387,24.0,42.0,1.1968152317829395,,,-0.1
4397,2025-11-19 12:46:37,24598.0,24598.0,24598.0,0,23237763,23238207,2025-11-19 12:46:37,2025-11-19 12:47:09,SHORT,24598.0,24603.125,24598.25,REVERSAL,1,2,39.0,195.0,444,19.5,41.0,0.6653665910747744,,,-0.09917355371900827
4398,2025-11-19 12:47:09,24598.25,24625.75,24594.75,543,23238750,23239026,2025-11-19 12:47:48,2025-11-19 12:48:03,SHORT,24623.5,24623.5,24613.0,REVERSAL,0,1,42.0,210.0,276,42.0,16.0,0.2999889036510205,,,-0.09836065573770492
4399,2025-11-19 12:48:03,24613.0,24615.5,24590.0,724,23239750,23239813,2025-11-19 12:48:56,2025-11-19 12:49:01,LONG,24594.25,24594.25,24604.75,REVERSAL,0,1,42.0,210.0,63,42.0,0.0,0.3339201888508566,,,-0.0975609756097561
4400,2025-11-19 12:49:01,24604.75,24604.75,24604.75,0,23239813,23240399,2025-11-19 12:49:01,2025-11-19 12:49:37,SHORT,24604.75,24604.75,24594.5,REVERSAL,0,1,41.0,205.0,586,41.0,38.0,0.3339201888508566,,,-0.0967741935483871
4401,2025-11-19 12:49:37,24594.5,24626.25,24588.75,1351,23241750,23241821,2025-11-19 12:51:07,2025-11-19 12:51:10,SHORT,24621.75,24621.75,24611.75,REVERSAL,0,1,40.0,200.0,71,40.0,1.0,0.5483090798063949,,,-0.096
4402,2025-11-19 12:51:10,24611.75,24611.75,24611.75,0,23241821,23242003,2025-11-19 12:51:10,2025-11-19 12:51:19,LONG,24611.75,24611.75,24621.75,REVERSAL,0,1,40.0,200.0,182,40.0,13.0,0.5483090798063949,,,-0.09523809523809523
4403,2025-11-19 12:51:19,24621.75,24636.0,24618.75,497,23242500,23242953,2025-11-19 12:51:23,2025-11-19 12:52:01,LONG,24625.25,24625.25,24635.25,REVERSAL,0,1,40.0,200.0,453,40.0,22.0,3.0081762696674637,,,-0.09448818897637795
4404,2025-11-19 12:52:01,24635.25,24652.0,24621.25,1547,23244500,23245074,2025-11-19 12:53:12,2025-11-19 12:53:40,SHORT,24650.0,24650.0,24640.0,REVERSAL,0,1,40.0,200.0,574,40.0,8.0,1.0054285965745975,,,-0.09375
4405,2025-11-19 12:53:40,24640.0,24642.0,24631.0,461,23245535,23246008,2025-11-19 12:54:10,2025-11-19 12:54:34,SHORT,24641.0,24641.0,24631.0,REVERSAL,0,1,40.0,200.0,473,40.0,38.0,0.5492310812919552,,,-0.09302325581395349
4406,2025-11-19 12:54:34,24631.0,24652.0,24622.5,742,23246750,23247007,2025-11-19 12:55:20,2025-11-19 12:55:34,SHORT,24651.75,24651.75,24641.75,REVERSAL,0,1,40.0,200.0,257,40.0,9.0,0.2882020771900141,,,-0.09230769230769231
4407,2025-11-19 12:55:34,24641.75,24660.0,24629.75,1325,23248332,23248514,2025-11-19 12:56:48,2025-11-19 12:57:01,LONG,24632.75,24632.75,24642.75,REVERSAL,0,1,40.0,200.0,182,40.0,18.0,0.4663977904600652,,,-0.0916030534351145
4408,2025-11-19 12:57:01,24642.75,24656.75,24640.5,283,23248797,23249239,2025-11-19 12:57:27,2025-11-19 12:58:05,LONG,24645.25,24640.25,24625.25,HARD_STOP,1,2,-120.0,-600.0,442,16.0,60.0,0.33717595184621707,,,-0.09090909090909091
4409,2025-11-19 12:58:05,24625.25,24647.5,24617.75,2511,23251750,23251968,2025-11-19 13:01:00,2025-11-19 13:01:16,SHORT,24645.75,24645.75,24635.75,REVERSAL,0,1,40.0,200.0,218,40.0,7.0,0.3587922561841371,,,-0.04774436090225563
4410,2025-11-19 13:01:16,24635.75,24635.75,24635.75,0,23251968,23252139,2025-11-19 13:01:16,2025-11-19 13:01:42,LONG,24635.75,24635.75,24645.75,REVERSAL,0,1,40.0,200.0,171,40.0,11.0,0.3587922561841371,,,-0.04701492537313433
4411,2025-11-19 13:01:42,24645.75,24668.25,24632.75,2611,23254750,23254859,2025-11-19 13:05:03,2025-11-19 13:05:10,SHORT,24667.25,24667.25,24657.0,REVERSAL,0,1,41.0,205.0,109,41.0,0.0,0.4379194682908385,,,-0.046296296296296294
4412,2025-11-19 13:05:10,24657.0,24657.0,24657.0,0,23254859,23255771,2025-11-19 13:05:10,2025-11-19 13:06:07,LONG,24657.0,24652.0,24657.25,REVERSAL,1,2,42.0,210.0,912,21.0,40.0,0.4379194682908385,,,-0.04558823529411764
4413,2025-11-19 13:06:07,24657.25,24664.75,24608.5,3763,23259534,23259873,2025-11-19 13:09:37,2025-11-19 13:10:02,SHORT,24652.5,24652.5,24642.5,REVERSAL,0,1,40.0,200.0,339,40.0,13.0,0.24679146822068546,,,-0.0448905109489051
4414,2025-11-19 13:10:02,24642.5,24682.5,24632.75,2628,23262501,23262588,2025-11-19 13:12:12,2025-11-19 13:12:17,LONG,24656.75,24656.75,24666.75,REVERSAL,0,1,40.0,200.0,87,40.0,7.0,0.6874818036599291,,,-0.04420289855072464
4415,2025-11-19 13:12:17,24666.75,24666.75,24666.75,0,23262588,23263436,2025-11-19 13:12:17,2025-11-19 13:13:29,SHORT,24666.75,24671.75,24686.75,HARD_STOP,1,2,-120.0,-600.0,848,22.0,60.0,0.6874818036599291,,,-0.04352517985611511
4416,2025-11-19 13:13:29,24686.75,24687.5,24654.5,814,23264250,23264581,2025-11-19 13:14:19,2025-11-19 13:14:43,LONG,24659.0,24659.0,24669.25,REVERSAL,0,1,41.0,205.0,331,41.0,12.0,0.3264972444382545,,,0.0
4417,2025-11-19 13:14:43,24669.25,24676.25,24643.5,919,23265500,23265637,2025-11-19 13:15:52,2025-11-19 13:16:02,LONG,24647.25,24647.25,24657.25,REVERSAL,0,1,40.0,200.0,137,40.0,9.0,0.34538201928742623,,,0.0007092198581560294
4418,2025-11-19 13:16:02,24657.25,24657.25,24657.25,0,23265637,23265776,2025-11-19 13:16:02,2025-11-19 13:16:12,SHORT,24657.25,24657.25,24647.25,REVERSAL,0,1,40.0,200.0,139,40.0,3.0,0.34538201928742623,,,0.0014084507042253641
4419,2025-11-19 13:16:12,24647.25,24659.0,24637.5,1227,23267003,23267102,2025-11-19 13:17:34,2025-11-19 13:17:52,SHORT,24649.0,24649.0,24639.0,REVERSAL,0,1,40.0,200.0,99,40.0,4.0,0.47936657764197166,,,0.002097902097902102
4420,2025-11-19 13:17:52,24639.0,24639.0,24639.0,0,23267102,23267910,2025-11-19 13:17:52,2025-11-19 13:18:39,LONG,24639.0,24634.0,24639.0,REVERSAL,1,2,40.0,200.0,808,20.0,40.0,0.47936657764197166,,,0.002777777777777782
4421,2025-11-19 13:18:39,24639.0,24639.0,24639.0,0,23267910,23268255,2025-11-19 13:18:39,2025-11-19 13:19:05,SHORT,24639.0,24639.0,24629.0,REVERSAL,0,1,40.0,200.0,345,40.0,5.0,0.5199527074246166,,,0.0034482758620689724
4422,2025-11-19 13:19:05,24629.0,24648.5,24613.0,1760,23270015,23271318,2025-11-19 13:20:48,2025-11-19 13:23:02,SHORT,24646.25,24651.375,24666.5,HARD_STOP,1,2,-121.0,-605.0,1303,25.0,60.5,0.36816143841267945,,,0.004109589041095901
4423,2025-11-19 13:23:02,24666.5,24671.0,24637.5,2182,23273500,23273577,2025-11-19 13:26:20,2025-11-19 13:26:29,LONG,24643.25,24643.25,24653.25,REVERSAL,0,1,40.0,200.0,77,40.0,5.0,0.17499643856655583,,,0.04795918367346938
4424,2025-11-19 13:26:29,24653.25,24653.25,24653.25,0,23273577,23273793,2025-11-19 13:26:29,2025-11-19 13:26:54,SHORT,24653.25,24653.25,24643.25,REVERSAL,0,1,40.0,200.0,216,40.0,11.0,0.17499643856655583,,,0.04864864864864864
4425,2025-11-19 13:26:54,24643.25,24648.75,24587.25,5957,23279750,23280407,2025-11-19 13:33:00,2025-11-19 13:34:04,LONG,24613.25,24613.25,24623.25,REVERSAL,0,1,40.0,200.0,657,40.0,23.0,0.2441547947267253,,,0.049328859060402686
4426,2025-11-19 13:34:04,24623.25,24652.25,24618.75,1593,23282000,23282683,2025-11-19 13:35:57,2025-11-19 13:36:50,SHORT,24649.75,24654.75,24669.75,HARD_STOP,1,2,-120.0,-600.0,683,13.0,60.0,1.0613386001514673,,,0.04999999999999999
4427,2025-11-19 13:36:50,24669.75,24713.25,24661.5,4817,23287500,23287750,2025-11-19 13:39:32,2025-11-19 13:39:37,LONG,24663.25,24663.25,24673.25,REVERSAL,0,1,40.0,200.0,250,40.0,16.0,0.7025711643817563,,,0.09403973509933776
4428,2025-11-19 13:39:37,24673.25,24684.5,24673.0,250,23288000,23288193,2025-11-19 13:40:01,2025-11-19 13:40:16,SHORT,24684.0,24684.0,24673.75,REVERSAL,0,1,41.0,205.0,193,41.0,13.0,1.2650023682258342,,,0.09473684210526317
4429,2025-11-19 13:40:16,24673.75,24673.75,24673.75,0,23288193,23289343,2025-11-19 13:40:16,2025-11-19 13:41:33,LONG,24673.75,24668.75,24674.0,REVERSAL,1,2,42.0,210.0,1150,21.0,55.0,1.2650023682258342,,,0.04542483660130718
4430,2025-11-19 13:41:33,24674.0,24675.5,24619.25,3407,23292750,23293765,2025-11-19 13:45:35,2025-11-19 13:47:04,LONG,24621.0,24621.0,24631.0,REVERSAL,0,1,40.0,200.0,1015,40.0,27.0,0.5792037090760851,,,0.04610389610389609
4431,2025-11-19 13:47:04,24631.0,24633.0,24604.0,1235,23295000,23295246,2025-11-19 13:49:11,2025-11-19 13:49:33,LONG,24605.0,24605.0,24615.0,REVERSAL,0,1,40.0,200.0,246,40.0,3.0,0.27806282297310336,,,0.04677419354838709
4432,2025-11-19 13:49:33,24615.0,24615.0,24615.0,0,23295246,23295397,2025-11-19 13:49:33,2025-11-19 13:49:45,SHORT,24615.0,24615.0,24605.0,REVERSAL,0,1,40.0,200.0,151,40.0,0.0,0.27806282297310336,,,0.047435897435897434
4433,2025-11-19 13:49:45,24605.0,24667.5,24601.0,2353,23297750,23298577,2025-11-19 13:52:13,2025-11-19 13:53:22,SHORT,24664.0,24669.0,24664.0,REVERSAL,1,2,40.0,200.0,827,27.0,40.0,0.40114978582492433,,,0.04808917197452228
4434,2025-11-19 13:53:22,24664.0,24706.5,24647.25,3480,23302057,23302529,2025-11-19 13:58:06,2025-11-19 13:59:01,SHORT,24698.25,24698.25,24688.25,REVERSAL,0,1,40.0,200.0,472,40.0,12.0,0.25843607641693916,,,0.04873417721518987
4435,2025-11-19 13:59:01,24688.25,24701.25,24648.5,2785,23305314,23305475,2025-11-19 14:00:53,2025-11-19 14:01:03,SHORT,24675.0,24675.0,24664.75,REVERSAL,0,1,41.0,205.0,161,41.0,5.0,1.290572921430405,,,0.049371069182389926
4436,2025-11-19 14:01:03,24664.75,24680.0,24664.5,275,23305750,23305883,2025-11-19 14:01:27,2025-11-19 14:01:41,SHORT,24677.0,24677.0,24667.0,REVERSAL,0,1,40.0,200.0,133,40.0,9.0,0.46126381539393235,,,0.0
4437,2025-11-19 14:01:41,24667.0,24667.0,24667.0,0,23305883,23306250,2025-11-19 14:01:41,2025-11-19 14:02:01,LONG,24667.0,24667.0,24677.0,REVERSAL,0,1,40.0,200.0,367,40.0,39.0,0.46126381539393235,,,0.0006211180124223725
4438,2025-11-19 14:02:01,24677.0,24677.0,24650.75,1502,23307752,23307878,2025-11-19 14:03:50,2025-11-19 14:04:00,LONG,24653.75,24653.75,24663.75,REVERSAL,0,1,40.0,200.0,126,40.0,3.0,0.3598239993748021,,,0.001234567901234579
4439,2025-11-19 14:04:00,24663.75,24663.75,24663.75,0,23307878,23308115,2025-11-19 14:04:00,2025-11-19 14:04:18,SHORT,24663.75,24663.75,24653.5,REVERSAL,0,1,41.0,205.0,237,41.0,4.0,0.3598239993748021,,,0.0018404907975460155
4440,2025-11-19 14:04:18,24653.5,24667.0,24632.0,4135,23312250,23312522,2025-11-19 14:08:00,2025-11-19 14:08:23,LONG,24640.0,24640.0,24650.0,REVERSAL,0,1,40.0,200.0,272,40.0,19.0,1.085107816097601,,,0.0024390243902439046
4441,2025-11-19 14:08:23,24650.0,24674.0,24643.0,1978,23314500,23315159,2025-11-19 14:10:13,2025-11-19 14:11:00,LONG,24644.25,24639.25,24644.25,REVERSAL,1,2,40.0,200.0,659,20.0,40.0,0.32644290342166626,,,0.003030303030303036
4442,2025-11-19 14:11:00,24644.25,24644.25,24644.25,0,23315159,23316687,2025-11-19 14:11:00,2025-11-19 14:13:21,SHORT,24644.25,24649.625,24665.0,HARD_STOP,1,2,-123.0,-615.0,1528,35.0,61.5,0.5444624300446523,,,0.0036144578313253017
4443,2025-11-19 14:13:21,24665.0,24680.0,24576.75,10611,23327298,23328434,2025-11-19 14:28:31,2025-11-19 14:30:12,LONG,24592.25,24592.25,24602.25,REVERSAL,0,1,40.0,200.0,1136,40.0,23.0,0.4750757963432237,,,-0.0017964071856287345
4444,2025-11-19 14:30:12,24602.25,24617.75,24587.5,1816,23330250,23330402,2025-11-19 14:32:03,2025-11-19 14:32:17,LONG,24587.5,24587.5,24597.5,REVERSAL,0,1,40.0,200.0,152,40.0,0.0,0.2902777232858984,,,-0.0011904761904761862
4445,2025-11-19 14:32:17,24597.5,24597.5,24597.5,0,23330402,23330765,2025-11-19 14:32:17,2025-11-19 14:32:55,SHORT,24597.5,24597.5,24587.5,REVERSAL,0,1,40.0,200.0,363,40.0,30.0,0.2902777232858984,,,-0.0005917159763313556
4446,2025-11-19 14:32:55,24587.5,24611.25,24573.25,4266,23335031,23335936,2025-11-19 14:38:48,2025-11-19 14:40:07,LONG,24582.0,24577.0,24582.0,REVERSAL,1,2,40.0,200.0,905,29.0,40.0,0.39549321442188534,,,0.0
4447,2025-11-19 14:40:07,24582.0,24588.5,24577.75,343,23336279,23336547,2025-11-19 14:40:37,2025-11-19 14:41:07,SHORT,24588.0,24588.0,24578.0,REVERSAL,0,1,40.0,200.0,268,40.0,14.0,0.8418893183573648,,,-0.049415204678362565
4448,2025-11-19 14:41:07,24578.0,24608.5,24571.0,2953,23339500,23339612,2025-11-19 14:45:25,2025-11-19 14:45:32,SHORT,24608.5,24608.5,24598.5,REVERSAL,0,1,40.0,200.0,112,40.0,2.0,0.2707141003859975,,,-0.048837209302325574
4449,2025-11-19 14:45:32,24598.5,24598.5,24598.5,0,23339612,23340181,2025-11-19 14:45:32,2025-11-19 14:46:13,LONG,24598.5,24593.5,24598.5,REVERSAL,1,2,40.0,200.0,569,38.0,40.0,0.2707141003859975,,,-0.04826589595375723
4450,2025-11-19 14:46:13,24598.5,24682.5,24579.5,6439,23346620,23347444,2025-11-19 14:54:41,2025-11-19 14:55:17,SHORT,24679.5,24684.5,24699.5,HARD_STOP,1,2,-120.0,-600.0,824,31.0,60.0,0.6208953716221034,,,-0.04770114942528736
4451,2025-11-19 14:55:17,24699.5,24700.0,24679.25,806,23348250,23348543,2025-11-19 14:56:00,2025-11-19 14:56:13,SHORT,24692.0,24692.0,24682.0,REVERSAL,0,1,40.0,200.0,293,40.0,26.0,0.5700500967001978,,,-0.0028571428571428498
4452,2025-11-19 14:56:13,24682.0,24692.75,24673.0,957,23349500,23349626,2025-11-19 14:57:01,2025-11-19 14:57:11,SHORT,24687.5,24687.5,24677.5,REVERSAL,0,1,40.0,200.0,126,40.0,4.0,0.5267298431424109,,,-0.0022727272727272735
4453,2025-11-19 14:57:11,24677.5,24677.5,24677.5,0,23349626,23350190,2025-11-19 14:57:11,2025-11-19 14:57:44,LONG,24677.5,24672.375,24657.0,HARD_STOP,1,2,-123.0,-615.0,564,6.0,61.5,0.5267298431424109,,,-0.0016949152542372892
4454,2025-11-19 14:57:44,24657.0,24680.75,24634.5,4616,23354806,23356495,2025-11-19 15:02:43,2025-11-19 15:06:22,SHORT,24657.75,24662.75,24677.75,HARD_STOP,1,2,-120.0,-600.0,1689,24.0,60.0,0.3825779402265923,,,0.04325842696629213
4455,2025-11-19 15:06:22,24677.75,24704.0,24664.75,3255,23359750,23360469,2025-11-19 15:12:03,2025-11-19 15:13:11,SHORT,24703.5,24703.5,24693.5,REVERSAL,0,1,40.0,200.0,719,40.0,14.0,0.2776097564581565,,,0.08826815642458102
4456,2025-11-19 15:13:11,24693.5,24749.0,24689.5,3781,23364250,23364702,2025-11-19 15:16:58,2025-11-19 15:17:21,SHORT,24748.5,24748.5,24737.75,REVERSAL,0,1,43.0,215.0,452,43.0,2.0,0.6969163999199461,,,0.0888888888888889
4457,2025-11-19 15:17:21,24737.75,24806.25,24737.0,8548,23373250,23373849,2025-11-19 15:22:33,2025-11-19 15:22:59,SHORT,24801.25,24801.25,24791.25,REVERSAL,0,1,40.0,200.0,599,40.0,9.0,0.388019507557176,,,0.08950276243093924
4458,2025-11-19 15:22:59,24791.25,24793.5,24754.0,1651,23375500,23376782,2025-11-19 15:23:39,2025-11-19 15:24:14,LONG,24755.5,24750.5,24755.5,REVERSAL,1,2,40.0,200.0,1282,34.0,56.0,0.8725517307203091,,,0.09010989010989012
4459,2025-11-19 15:24:14,24755.5,24770.75,24746.5,1718,23378500,23378996,2025-11-19 15:25:48,2025-11-19 15:26:18,LONG,24746.5,24746.5,24756.5,REVERSAL,0,1,40.0,200.0,496,40.0,9.0,0.5825986699616291,,,0.09071038251366122
4460,2025-11-19 15:26:18,24756.5,24778.5,24748.5,2065,23381061,23381789,2025-11-19 15:28:36,2025-11-19 15:29:31,SHORT,24776.25,24776.25,24766.25,REVERSAL,0,1,40.0,200.0,728,40.0,28.0,0.41232103683616594,,,0.09130434782608697
4461,2025-11-19 15:29:31,24766.25,24784.0,24749.75,3461,23385250,23387144,2025-11-19 15:32:46,2025-11-19 15:35:41,SHORT,24769.0,24774.0,24769.0,REVERSAL,1,2,40.0,200.0,1894,29.0,40.0,0.5415473462392666,,,0.0918918918918919
4462,2025-11-19 15:35:41,24769.0,24795.25,24767.5,1332,23388476,23388838,2025-11-19 15:36:42,2025-11-19 15:37:00,SHORT,24792.5,24792.5,24782.5,REVERSAL,0,1,40.0,200.0,362,40.0,7.0,1.1768525345280252,,,0.0924731182795699
4463,2025-11-19 15:37:00,24782.5,24829.0,24781.25,2162,23391000,23391410,2025-11-19 15:38:19,2025-11-19 15:38:30,SHORT,24827.0,24827.0,24817.0,REVERSAL,0,1,40.0,200.0,410,40.0,13.0,0.8837455104716947,,,0.043048128342245986
4464,2025-11-19 15:38:30,24817.0,24822.25,24746.5,7257,23398667,23399391,2025-11-19 15:45:02,2025-11-19 15:45:42,LONG,24765.25,24760.125,24745.0,HARD_STOP,1,2,-121.0,-605.0,724,6.5,60.5,0.5076434316485439,,,0.04361702127659574
4465,2025-11-19 15:45:42,24745.0,24745.25,24716.5,1109,23400500,23401152,2025-11-19 15:46:10,2025-11-19 15:46:32,LONG,24717.5,24717.5,24728.0,REVERSAL,0,1,42.0,210.0,652,42.0,9.0,1.4217539508073933,,,0.0888888888888889
4466,2025-11-19 15:46:32,24728.0,24740.0,24722.0,848,23402000,23402318,2025-11-19 15:47:19,2025-11-19 15:47:36,LONG,24724.75,24724.75,24734.75,REVERSAL,0,1,40.0,200.0,318,40.0,13.0,0.5082434663402874,,,0.08947368421052633
4467,2025-11-20 09:30:00,25211.5,25249.0,25192.25,3392,23607000,23607198,2025-11-20 09:30:21,2025-11-20 09:30:23,LONG,25195.25,25195.25,25205.25,REVERSAL,0,1,40.0,200.0,198,40.0,10.0,,,,
4468,2025-11-20 09:30:23,25205.25,25205.25,25205.25,0,23607198,23607370,2025-11-20 09:30:23,2025-11-20 09:30:26,SHORT,25205.25,25205.25,25195.25,REVERSAL,0,1,40.0,200.0,172,40.0,2.0,,,,
4469,2025-11-20 09:30:26,25195.25,25201.25,25184.25,630,23608000,23608887,2025-11-20 09:30:34,2025-11-20 09:30:42,LONG,25185.5,25180.5,25165.5,HARD_STOP,1,2,-120.0,-600.0,887,18.0,60.0,,,,
4470,2025-11-20 09:30:42,25165.5,25209.75,25155.75,1863,23610750,23610849,2025-11-20 09:31:03,2025-11-20 09:31:04,SHORT,25208.0,25208.0,25197.5,REVERSAL,0,1,42.0,210.0,99,42.0,9.0,1.0163111668757843,,,
4471,2025-11-20 09:31:04,25197.5,25215.5,25187.0,2675,23613524,23614263,2025-11-20 09:31:59,2025-11-20 09:32:12,SHORT,25204.75,25209.875,25205.0,REVERSAL,1,2,39.0,195.0,739,36.0,41.0,1.1986481411941419,,,
4472,2025-11-20 09:32:12,25205.0,25209.0,25162.75,2237,23616500,23616648,2025-11-20 09:32:59,2025-11-20 09:33:04,SHORT,25196.5,25196.5,25185.75,REVERSAL,0,1,43.0,215.0,148,43.0,5.0,0.3898888816687244,,,
4473,2025-11-20 09:33:04,25185.75,25185.75,25185.75,0,23616648,23617626,2025-11-20 09:33:04,2025-11-20 09:33:35,LONG,25185.75,25180.75,25165.75,HARD_STOP,1,2,-120.0,-600.0,978,33.0,60.0,0.3898888816687244,,,
4474,2025-11-20 09:33:35,25165.75,25173.0,25155.0,624,23618250,23618533,2025-11-20 09:33:50,2025-11-20 09:33:53,LONG,25155.0,25155.0,25165.0,REVERSAL,0,1,40.0,200.0,283,40.0,15.0,0.42119955663204567,,,
4475,2025-11-20 09:33:53,25165.0,25205.0,25162.75,2217,23620750,23620909,2025-11-20 09:34:48,2025-11-20 09:34:53,SHORT,25201.75,25201.75,25191.25,REVERSAL,0,1,42.0,210.0,159,42.0,12.0,0.3504118646917086,,,
4476,2025-11-20 09:34:53,25191.25,25191.25,25191.25,0,23620909,23621362,2025-11-20 09:34:53,2025-11-20 09:35:06,LONG,25191.25,25191.25,25201.25,REVERSAL,0,1,40.0,200.0,453,40.0,19.0,0.3504118646917086,,,
4477,2025-11-20 09:35:06,25201.25,25227.25,25195.0,888,23622250,23622444,2025-11-20 09:35:22,2025-11-20 09:35:26,SHORT,25225.0,25225.0,25215.0,REVERSAL,0,1,40.0,200.0,194,40.0,8.0,0.8121567450156286,,,0.0
4478,2025-11-20 09:35:26,25215.0,25215.0,25215.0,0,23622444,23624144,2025-11-20 09:35:26,2025-11-20 09:36:05,LONG,25215.0,25210.0,25195.0,HARD_STOP,1,2,-120.0,-600.0,1700,20.0,60.0,0.8121567450156286,,,0.0
4479,2025-11-20 09:36:05,25195.0,25225.0,25171.75,2606,23626750,23626912,2025-11-20 09:37:12,2025-11-20 09:37:16,SHORT,25225.0,25225.0,25215.0,REVERSAL,0,1,40.0,200.0,162,40.0,11.0,0.5061257280578431,,,0.0
4480,2025-11-20 09:37:16,25215.0,25224.25,25185.0,3588,23630500,23630617,2025-11-20 09:39:34,2025-11-20 09:39:39,LONG,25187.25,25187.25,25197.5,REVERSAL,0,1,41.0,205.0,117,41.0,10.0,0.4298280126895393,,,0.0
4481,2025-11-20 09:39:39,25197.5,25197.5,25197.5,0,23630617,23631205,2025-11-20 09:39:39,2025-11-20 09:40:00,SHORT,25197.5,25202.5,25218.0,HARD_STOP,1,2,-124.0,-620.0,588,4.0,62.0,0.4298280126895393,,,0.0
4482,2025-11-20 09:40:00,25218.0,25230.0,25146.25,4545,23635750,23636008,2025-11-20 09:41:43,2025-11-20 09:41:48,LONG,25148.75,25148.75,25158.75,REVERSAL,0,1,40.0,200.0,258,40.0,11.0,1.9797663406343669,,,0.0
4483,2025-11-20 09:41:48,25158.75,25185.5,25150.0,1242,23637250,23637498,2025-11-20 09:42:17,2025-11-20 09:42:27,SHORT,25185.0,25185.0,25174.75,REVERSAL,0,1,41.0,205.0,248,41.0,7.0,0.8013894932738743,,,0.0
4484,2025-11-20 09:42:27,25174.75,25174.75,25174.75,0,23637498,23637528,2025-11-20 09:42:27,2025-11-20 09:42:29,LONG,25174.75,25174.75,25185.5,REVERSAL,0,1,43.0,215.0,30,43.0,0.0,0.8013894932738743,,,0.0
4485,2025-11-20 09:42:29,25185.5,25236.0,25164.75,3406,23640934,23641465,2025-11-20 09:43:48,2025-11-20 09:44:02,SHORT,25233.75,25233.75,25223.75,REVERSAL,0,1,40.0,200.0,531,40.0,14.0,2.0293474120983204,,,0.0
4486,2025-11-20 09:44:02,25223.75,25225.5,25202.75,1785,23643250,23643460,2025-11-20 09:45:02,2025-11-20 09:45:05,SHORT,25217.75,25217.75,25207.75,REVERSAL,0,1,40.0,200.0,210,40.0,13.0,0.3180312875018799,,,0.0
4487,2025-11-20 09:45:05,25207.75,25207.75,25207.75,0,23643460,23644586,2025-11-20 09:45:05,2025-11-20 09:45:28,LONG,25207.75,25202.625,25187.25,HARD_STOP,1,2,-123.0,-615.0,1126,21.0,61.5,0.3180312875018799,,,0.0
4488,2025-11-20 09:45:28,25187.25,25201.5,25169.75,1414,23646000,23646201,2025-11-20 09:45:57,2025-11-20 09:46:02,SHORT,25200.0,25200.0,25190.0,REVERSAL,0,1,40.0,200.0,201,40.0,23.0,0.822181950926964,,,0.011904761904761918
4489,2025-11-20 09:46:02,25190.0,25190.0,25190.0,0,23646201,23646273,2025-11-20 09:46:02,2025-11-20 09:46:03,LONG,25190.0,25190.0,25200.0,REVERSAL,0,1,40.0,200.0,72,40.0,11.0,0.822181950926964,,,0.022727272727272735
4490,2025-11-20 09:46:03,25200.0,25215.0,25185.0,1227,23647500,23647658,2025-11-20 09:46:47,2025-11-20 09:46:52,LONG,25190.0,25190.0,25200.0,REVERSAL,0,1,40.0,200.0,158,40.0,17.0,0.46450611522111346,,,-0.01739130434782607
4491,2025-11-20 09:46:52,25200.0,25200.0,25200.0,0,23647658,23648257,2025-11-20 09:46:52,2025-11-20 09:47:08,SHORT,25200.0,25205.0,25220.0,HARD_STOP,1,2,-120.0,-600.0,599,12.0,60.0,0.46450611522111346,,,-0.008333333333333331
4492,2025-11-20 09:47:08,25220.0,25268.0,25218.75,2996,23651253,23651636,2025-11-20 09:48:01,2025-11-20 09:48:07,SHORT,25264.75,25264.75,25254.75,REVERSAL,0,1,40.0,200.0,383,40.0,13.0,1.3589836863989155,,,0.010000000000000009
4493,2025-11-20 09:48:07,25254.75,25256.75,25243.5,404,23652040,23652464,2025-11-20 09:48:19,2025-11-20 09:48:37,SHORT,25253.5,25253.5,25243.5,REVERSAL,0,1,40.0,200.0,424,40.0,26.0,0.8181846240116533,,,0.019230769230769218
4494,2025-11-20 09:48:37,25243.5,25249.5,25229.5,1286,23653750,23654678,2025-11-20 09:49:22,2025-11-20 09:49:45,LONG,25229.5,25224.5,25209.5,HARD_STOP,1,2,-120.0,-600.0,928,35.0,60.0,0.5209177962137734,,,-0.0222222222222222
4495,2025-11-20 09:49:45,25209.5,25214.5,25200.0,343,23655021,23655205,2025-11-20 09:49:53,2025-11-20 09:49:55,LONG,25202.75,25202.75,25213.0,REVERSAL,0,1,41.0,205.0,184,41.0,16.0,1.0485891565749497,,,0.0
4496,2025-11-20 09:49:55,25213.0,25213.0,25213.0,0,23655205,23655840,2025-11-20 09:49:55,2025-11-20 09:50:05,SHORT,25213.0,25218.0,25233.0,HARD_STOP,1,2,-120.0,-600.0,635,7.0,60.0,1.0485891565749497,,,0.008620689655172403
4497,2025-11-20 09:50:05,25233.0,25244.75,25226.75,660,23656500,23656964,2025-11-20 09:50:16,2025-11-20 09:50:29,SHORT,25243.5,25243.5,25233.25,REVERSAL,0,1,41.0,205.0,464,41.0,7.0,1.0440119673242778,,,0.033333333333333326
4498,2025-11-20 09:50:29,25233.25,25233.5,25220.0,286,23657250,23657769,2025-11-20 09:50:36,2025-11-20 09:50:55,LONG,25223.0,25223.0,25233.0,REVERSAL,0,1,40.0,200.0,519,40.0,35.0,0.5997058470286416,,,0.04193548387096774
4499,2025-11-20 09:50:55,25233.0,25255.0,25225.75,1921,23659690,23659927,2025-11-20 09:51:49,2025-11-20 09:52:00,SHORT,25251.25,25251.25,25241.0,REVERSAL,0,1,41.0,205.0,237,41.0,9.0,1.0638024678539852,,,0.0
4500,2025-11-20 09:52:00,25241.0,25252.75,25230.0,1073,23661000,23662281,2025-11-20 09:52:24,2025-11-20 09:52:53,LONG,25230.0,25225.0,25230.0,REVERSAL,1,2,40.0,200.0,1281,31.0,40.0,1.0730151055179684,,,0.007575757575757569
4501,2025-11-20 09:52:53,25230.0,25254.0,25227.5,1231,23663512,23663656,2025-11-20 09:53:24,2025-11-20 09:53:30,SHORT,25249.5,25249.5,25239.5,REVERSAL,0,1,40.0,200.0,144,40.0,2.0,0.7215725106349596,,,0.01470588235294118
4502,2025-11-20 09:53:30,25239.5,25239.5,25239.5,0,23663656,23664075,2025-11-20 09:53:30,2025-11-20 09:53:43,LONG,25239.5,25239.5,25249.5,REVERSAL,0,1,40.0,200.0,419,40.0,38.0,0.7215725106349596,,,-0.028571428571428553
4503,2025-11-20 09:53:43,25249.5,25259.0,25247.5,425,23664500,23664717,2025-11-20 09:54:01,2025-11-20 09:54:10,SHORT,25257.5,25257.5,25247.25,REVERSAL,0,1,41.0,205.0,217,41.0,0.0,0.3357853765494541,,,-0.0222222222222222
4504,2025-11-20 09:54:10,25247.25,25247.25,25247.25,0,23664717,23665315,2025-11-20 09:54:10,2025-11-20 09:54:32,LONG,25247.25,25242.25,25248.0,REVERSAL,1,2,46.0,230.0,598,25.0,40.0,0.3357853765494541,,,-0.016216216216216217
4505,2025-11-20 09:54:32,25248.0,25263.75,25240.25,2185,23667500,23667746,2025-11-20 09:55:53,2025-11-20 09:56:01,LONG,25251.5,25251.5,25261.5,REVERSAL,0,1,40.0,200.0,246,40.0,26.0,0.44692767326951677,,,-0.010526315789473661
4506,2025-11-20 09:56:01,25261.5,25261.5,25261.5,0,23667746,23668922,2025-11-20 09:56:01,2025-11-20 09:56:18,SHORT,25261.5,25266.5,25281.5,HARD_STOP,1,2,-120.0,-600.0,1176,7.0,60.0,0.44692767326951677,,,-0.00512820512820511
4507,2025-11-20 09:56:18,25281.5,25288.25,25273.0,1078,23670000,23671350,2025-11-20 09:56:38,2025-11-20 09:57:08,SHORT,25287.25,25287.25,25277.25,REVERSAL,0,1,40.0,200.0,1350,40.0,17.0,0.6343832340880351,,,0.024999999999999994
4508,2025-11-20 09:57:08,25277.25,25287.0,25250.25,4274,23675624,23676282,2025-11-20 09:59:45,2025-11-20 10:00:01,SHORT,25269.25,25274.625,25290.0,HARD_STOP,1,2,-123.0,-615.0,658,3.0,61.5,0.35099147412200166,,,-0.01951219512195121
4509,2025-11-20 10:00:01,25290.0,25299.75,25286.25,1285,23677567,23677867,2025-11-20 10:00:24,2025-11-20 10:00:37,SHORT,25296.75,25296.75,25286.75,REVERSAL,0,1,40.0,200.0,300,40.0,0.0,0.8937757365642506,,,0.011904761904761918
4510,2025-11-20 10:00:37,25286.75,25298.25,25278.75,2133,23680000,23680784,2025-11-20 10:01:46,2025-11-20 10:02:13,SHORT,25296.25,25296.25,25286.0,REVERSAL,0,1,41.0,205.0,784,41.0,9.0,0.5037648120064125,,,0.017441860465116282
4511,2025-11-20 10:02:13,25286.0,25291.25,25253.5,3466,23684250,23684626,2025-11-20 10:03:50,2025-11-20 10:03:59,SHORT,25283.25,25283.25,25273.25,REVERSAL,0,1,40.0,200.0,376,40.0,16.0,0.6577422634078438,,,0.022727272727272735
4512,2025-11-20 10:03:59,25273.25,25287.75,25231.75,2874,23687500,23687502,2025-11-20 10:05:28,2025-11-20 10:05:28,LONG,25231.75,25231.75,25243.25,REVERSAL,0,1,46.0,230.0,2,46.0,0.0,2.326540678104428,,,-0.0222222222222222
4513,2025-11-20 10:05:28,25243.25,25248.5,25238.5,152,23687654,23688264,2025-11-20 10:05:29,2025-11-20 10:05:42,SHORT,25248.5,25248.5,25238.5,REVERSAL,0,1,40.0,200.0,610,40.0,16.0,2.326540678104428,,,-0.01739130434782607
4514,2025-11-20 10:05:42,25238.5,25243.75,25226.0,736,23689000,23689143,2025-11-20 10:05:59,2025-11-20 10:06:02,SHORT,25239.75,25239.75,25229.75,REVERSAL,0,1,40.0,200.0,143,40.0,4.0,0.9289791725234111,,,-0.012765957446808501
4515,2025-11-20 10:06:02,25229.75,25229.75,25229.75,0,23689143,23689642,2025-11-20 10:06:02,2025-11-20 10:06:17,LONG,25229.75,25229.75,25239.75,REVERSAL,0,1,40.0,200.0,499,40.0,11.0,0.9289791725234111,,,-0.05833333333333335
4516,2025-11-20 10:06:17,25239.75,25239.75,25201.75,2031,23691673,23693634,2025-11-20 10:07:00,2025-11-20 10:07:56,LONG,25211.75,25206.625,25211.75,REVERSAL,1,2,41.0,205.0,1961,20.5,56.5,0.51280165029332,,,-0.054081632653061235
4517,2025-11-20 10:07:56,25211.75,25214.5,25185.0,866,23694500,23694863,2025-11-20 10:08:17,2025-11-20 10:08:23,LONG,25187.0,25187.0,25197.25,REVERSAL,0,1,41.0,205.0,363,41.0,2.0,1.546677203130284,,,-0.1
4518,2025-11-20 10:08:23,25197.25,25206.5,25185.5,1887,23696750,23697357,2025-11-20 10:09:17,2025-11-20 10:09:45,SHORT,25200.25,25200.25,25190.25,REVERSAL,0,1,40.0,200.0,607,40.0,18.0,0.9298938931766094,,,-0.09607843137254901
4519,2025-11-20 10:09:45,25190.25,25220.25,25181.5,2643,23700000,23700418,2025-11-20 10:11:00,2025-11-20 10:11:16,LONG,25199.75,25199.75,25209.75,REVERSAL,0,1,40.0,200.0,418,40.0,34.0,0.5214684911344466,,,-0.09230769230769231
4520,2025-11-20 10:11:16,25209.75,25216.25,25161.0,5332,23705750,23705991,2025-11-20 10:14:32,2025-11-20 10:14:35,LONG,25161.0,25161.0,25171.0,REVERSAL,0,1,40.0,200.0,241,40.0,5.0,0.7972853119522628,,,-0.08867924528301888
4521,2025-11-20 10:14:35,25171.0,25171.0,25171.0,0,23705991,23706843,2025-11-20 10:14:35,2025-11-20 10:15:01,SHORT,25171.0,25176.0,25171.0,REVERSAL,1,2,40.0,200.0,852,20.0,57.0,0.7972853119522628,,,-0.08518518518518517
4522,2025-11-20 10:15:01,25171.0,25179.25,25169.25,316,23707159,23707607,2025-11-20 10:15:05,2025-11-20 10:15:20,SHORT,25179.25,25184.25,25179.25,REVERSAL,1,2,40.0,200.0,448,20.0,40.0,0.47843071299778317,,,-0.08181818181818182
4523,2025-11-20 10:15:20,25179.25,25184.5,25158.75,1893,23709500,23709915,2025-11-20 10:16:31,2025-11-20 10:16:41,LONG,25162.0,25162.0,25172.25,REVERSAL,0,1,41.0,205.0,415,41.0,21.0,0.5367187755229161,,,-0.07857142857142857
4524,2025-11-20 10:16:41,25172.25,25236.5,25163.75,5585,23715500,23715808,2025-11-20 10:20:01,2025-11-20 10:20:16,SHORT,25219.0,25219.0,25209.0,REVERSAL,0,1,40.0,200.0,308,40.0,18.0,0.5480955335562081,,,-0.07543859649122805
4525,2025-11-20 10:20:16,25209.0,25233.0,25197.5,1786,23717594,23717661,2025-11-20 10:21:33,2025-11-20 10:21:40,SHORT,25215.75,25215.75,25205.5,REVERSAL,0,1,41.0,205.0,67,41.0,3.0,0.6224246670935711,,,-0.07241379310344828
4526,2025-11-20 10:21:40,25205.5,25259.0,25193.5,4089,23721750,23722614,2025-11-20 10:24:26,2025-11-20 10:25:00,SHORT,25257.5,25257.5,25247.5,REVERSAL,0,1,40.0,200.0,864,40.0,14.0,0.6321151599196204,,,-0.0694915254237288
4527,2025-11-20 10:25:00,25247.5,25250.5,25228.25,1386,23724000,23724071,2025-11-20 10:25:46,2025-11-20 10:25:48,SHORT,25249.75,25249.75,25239.75,REVERSAL,0,1,40.0,200.0,71,40.0,0.0,0.4237571993951026,,,-0.11666666666666665
4528,2025-11-20 10:25:48,25239.75,25239.75,25239.75,0,23724071,23724285,2025-11-20 10:25:48,2025-11-20 10:26:02,LONG,25239.75,25239.75,25249.75,REVERSAL,0,1,40.0,200.0,214,40.0,20.0,0.4237571993951026,,,-0.11393442622950818
4529,2025-11-20 10:26:02,25249.75,25250.0,25237.0,215,23724500,23724730,2025-11-20 10:26:14,2025-11-20 10:26:26,LONG,25237.0,25237.0,25247.0,REVERSAL,0,1,40.0,200.0,230,40.0,11.0,0.36418472015787273,,,-0.16129032258064516
4530,2025-11-20 10:26:26,25247.0,25247.0,25247.0,0,23724730,23725801,2025-11-20 10:26:26,2025-11-20 10:27:03,SHORT,25247.0,25252.125,25247.0,REVERSAL,1,2,41.0,205.0,1071,20.5,41.0,0.36418472015787273,,,-0.15873015873015872
4531,2025-11-20 10:27:03,25247.0,25257.75,25236.0,1700,23727501,23727610,2025-11-20 10:28:17,2025-11-20 10:28:25,LONG,25242.25,25242.25,25253.25,REVERSAL,0,1,44.0,220.0,109,44.0,1.0,0.3032395601798347,,,-0.15625
4532,2025-11-20 10:28:25,25253.25,25253.25,25253.25,0,23727610,23727807,2025-11-20 10:28:25,2025-11-20 10:28:38,SHORT,25253.25,25253.25,25243.25,REVERSAL,0,1,40.0,200.0,197,40.0,15.0,0.3032395601798347,,,-0.15384615384615385
4533,2025-11-20 10:28:38,25243.25,25264.75,25240.0,693,23728500,23728911,2025-11-20 10:29:13,2025-11-20 10:29:33,SHORT,25264.75,25264.75,25254.75,REVERSAL,0,1,40.0,200.0,411,40.0,14.0,0.7398273398414805,,,-0.15151515151515152
4534,2025-11-20 10:29:33,25254.75,25261.75,25251.75,244,23729155,23730559,2025-11-20 10:29:55,2025-11-20 10:30:51,SHORT,25261.75,25266.75,25261.75,REVERSAL,1,2,40.0,200.0,1404,23.0,40.0,0.5767352360527014,,,-0.14925373134328357
4535,2025-11-20 10:30:51,25261.75,25267.25,25254.0,453,23731012,23731229,2025-11-20 10:31:09,2025-11-20 10:31:20,LONG,25257.0,25257.0,25267.0,REVERSAL,0,1,40.0,200.0,217,40.0,8.0,0.5226760135592454,,,-0.14705882352941177
4536,2025-11-20 10:31:20,25267.0,25267.0,25267.0,0,23731229,23733406,2025-11-20 10:31:20,2025-11-20 10:32:48,SHORT,25267.0,25272.0,25267.0,REVERSAL,1,2,40.0,200.0,2177,30.0,40.0,0.5226760135592454,,,-0.14492753623188406
4537,2025-11-20 10:32:48,25267.0,25271.5,25239.0,2344,23735750,23737634,2025-11-20 10:34:37,2025-11-20 10:36:14,SHORT,25262.5,25267.5,25282.5,HARD_STOP,1,2,-120.0,-600.0,1884,24.0,60.0,0.2953478751250546,,,-0.14285714285714285
4538,2025-11-20 10:36:14,25282.5,25309.75,25272.5,3616,23741250,23741632,2025-11-20 10:38:00,2025-11-20 10:38:17,SHORT,25309.75,25309.75,25299.75,REVERSAL,0,1,40.0,200.0,382,40.0,1.0,0.5960518003892792,,,-0.10492957746478872
4539,2025-11-20 10:38:17,25299.75,25302.75,25278.75,868,23742500,23742761,2025-11-20 10:38:47,2025-11-20 10:38:56,LONG,25280.5,25280.5,25290.5,REVERSAL,0,1,40.0,200.0,261,40.0,0.0,0.7690714012671441,,,-0.10277777777777779
4540,2025-11-20 10:38:56,25290.5,25299.25,25267.0,4239,23747000,23747484,2025-11-20 10:42:16,2025-11-20 10:42:42,SHORT,25286.0,25286.0,25276.0,REVERSAL,0,1,40.0,200.0,484,40.0,26.0,1.3649155607905818,,,-0.1006849315068493
4541,2025-11-20 10:42:42,25276.0,25285.5,25275.25,62,23747546,23749445,2025-11-20 10:42:46,2025-11-20 10:44:38,SHORT,25285.5,25290.625,25305.75,HARD_STOP,1,2,-121.0,-605.0,1899,9.0,60.5,0.5470496860328108,,,-0.09864864864864865
4542,2025-11-20 10:44:38,25305.75,25305.75,25262.75,4070,23753515,23753823,2025-11-20 10:46:52,2025-11-20 10:47:03,LONG,25265.0,25265.0,25275.0,REVERSAL,0,1,40.0,200.0,308,40.0,13.0,0.6135081845874379,,,-0.06
4543,2025-11-20 10:47:03,25275.0,25279.75,25269.75,382,23754205,23755643,2025-11-20 10:47:16,2025-11-20 10:48:16,LONG,25269.75,25264.5,25249.5,HARD_STOP,1,2,-120.0,-600.0,1438,31.0,60.0,0.6909125838923337,,,-0.05789473684210525
4544,2025-11-20 10:48:16,25249.5,25253.75,25230.0,2857,23758500,23758855,2025-11-20 10:49:22,2025-11-20 10:49:40,SHORT,25243.75,25243.75,25233.75,REVERSAL,0,1,40.0,200.0,355,40.0,1.0,0.692808996702882,,,-0.018831168831168837
4545,2025-11-20 10:49:40,25233.75,25238.0,25226.25,645,23759500,23761226,2025-11-20 10:50:00,2025-11-20 10:50:46,LONG,25226.25,25226.25,25236.25,REVERSAL,0,1,40.0,200.0,1726,40.0,26.0,0.616489783716257,,,-0.016666666666666663
4546,2025-11-20 10:50:46,25236.25,25238.5,25220.0,774,23762000,23762204,2025-11-20 10:51:14,2025-11-20 10:51:23,LONG,25220.0,25220.0,25230.25,REVERSAL,0,1,41.0,205.0,204,41.0,5.0,0.7942500884177186,,,-0.01455696202531645
4547,2025-11-20 10:51:23,25230.25,25230.25,25230.25,0,23762204,23762707,2025-11-20 10:51:23,2025-11-20 10:51:56,SHORT,25230.25,25230.25,25220.25,REVERSAL,0,1,40.0,200.0,503,40.0,4.0,0.7942500884177186,,,-0.012500000000000011
4548,2025-11-20 10:51:56,25220.25,25226.0,25188.75,5293,23768000,23772065,2025-11-20 10:55:03,2025-11-20 10:56:35,LONG,25189.0,25184.0,25169.0,HARD_STOP,1,2,-120.0,-600.0,4065,25.0,60.0,2.798372730632202,,,-0.010493827160493824
4549,2025-11-20 10:56:35,25169.0,25178.25,25165.25,685,23772750,23772925,2025-11-20 10:56:50,2025-11-20 10:56:56,SHORT,25176.75,25176.75,25166.75,REVERSAL,0,1,40.0,200.0,175,40.0,1.0,0.9229104697628071,,,0.029268292682926828
4550,2025-11-20 10:56:56,25166.75,25166.75,25166.75,0,23772925,23773173,2025-11-20 10:56:56,2025-11-20 10:57:03,LONG,25166.75,25166.75,25177.0,REVERSAL,0,1,41.0,205.0,248,41.0,0.0,0.9229104697628071,,,0.0313253012048193
4551,2025-11-20 10:57:03,25177.0,25205.75,25176.25,1827,23775000,23775308,2025-11-20 10:57:52,2025-11-20 10:58:00,SHORT,25205.75,25205.75,25195.5,REVERSAL,0,1,41.0,205.0,308,41.0,1.0,0.6934043486751528,,,0.033333333333333354
4552,2025-11-20 10:58:00,25195.5,25195.75,25175.5,442,23775750,23778531,2025-11-20 10:58:07,2025-11-20 10:59:42,LONG,25177.5,25172.5,25157.5,HARD_STOP,1,2,-120.0,-600.0,2781,30.0,60.0,1.3859573052207281,,,0.03529411764705884
4553,2025-11-20 10:59:42,25157.5,25165.25,25111.25,10719,23789250,23789742,2025-11-20 11:03:12,2025-11-20 11:03:30,LONG,25118.0,25118.0,25128.0,REVERSAL,0,1,40.0,200.0,492,40.0,6.0,0.6644539250386743,,,0.0755813953488372
4554,2025-11-20 11:03:30,25128.0,25128.5,25067.25,10758,23800500,23800897,2025-11-20 11:07:10,2025-11-20 11:07:24,LONG,25091.0,25091.0,25101.0,REVERSAL,0,1,40.0,200.0,397,40.0,12.0,1.0466057837453,,,0.07758620689655171
4555,2025-11-20 11:07:24,25101.0,25102.25,25062.0,4519,23805416,23807096,2025-11-20 11:09:39,2025-11-20 11:10:26,LONG,25072.75,25067.75,25052.75,HARD_STOP,1,2,-120.0,-600.0,1680,8.0,60.0,0.8765452780185182,,,0.07954545454545456
4556,2025-11-20 11:10:26,25052.75,25059.5,25040.25,1904,23809000,23809562,2025-11-20 11:11:09,2025-11-20 11:11:24,LONG,25040.75,25040.75,25051.0,REVERSAL,0,1,41.0,205.0,562,41.0,0.0,2.63064816177985,,,0.12022471910112359
4557,2025-11-20 11:11:24,25051.0,25058.5,25048.5,190,23809752,23809989,2025-11-20 11:11:30,2025-11-20 11:11:39,SHORT,25058.5,25058.5,25048.5,REVERSAL,0,1,40.0,200.0,237,40.0,2.0,0.6581702673540032,,,0.1222222222222222
4558,2025-11-20 11:11:39,25048.5,25048.5,25048.5,0,23809989,23810163,2025-11-20 11:11:39,2025-11-20 11:11:45,LONG,25048.5,25048.5,25058.5,REVERSAL,0,1,40.0,200.0,174,40.0,0.0,0.6581702673540032,,,0.07417582417582416
4559,2025-11-20 11:11:45,25058.5,25064.5,25053.75,337,23810500,23810989,2025-11-20 11:11:57,2025-11-20 11:12:13,SHORT,25064.0,25064.0,25054.0,REVERSAL,0,1,40.0,200.0,489,40.0,4.0,0.8787547296939947,,,0.07608695652173914
4560,2025-11-20 11:12:13,25054.0,25054.0,25017.75,1261,23812250,23814153,2025-11-20 11:12:33,2025-11-20 11:13:03,LONG,25020.0,25020.0,25030.0,REVERSAL,0,1,40.0,200.0,1903,40.0,37.0,1.7470705614611204,,,0.07795698924731181
4561,2025-11-20 11:13:03,25030.0,25045.25,25029.75,847,23815000,23816527,2025-11-20 11:13:21,2025-11-20 11:14:04,SHORT,25042.0,25042.0,25032.0,REVERSAL,0,1,40.0,200.0,1527,40.0,24.0,1.3050579941504308,,,0.0797872340425532
4562,2025-11-20 11:14:04,25032.0,25037.0,25007.0,1975,23818502,23819999,2025-11-20 11:14:55,2025-11-20 11:15:11,LONG,25008.5,25003.375,24988.25,HARD_STOP,1,2,-121.0,-605.0,1497,14.0,60.5,1.3089102643965556,,,0.03157894736842107
4563,2025-11-20 11:15:11,24988.25,24996.75,24980.5,1001,23821000,23822125,2025-11-20 11:15:27,2025-11-20 11:15:51,SHORT,24993.25,24993.25,24983.0,REVERSAL,0,1,41.0,205.0,1125,41.0,20.0,1.2900955979466222,,,0.07291666666666666
4564,2025-11-20 11:15:51,24983.0,24987.5,24972.0,625,23822750,23823708,2025-11-20 11:16:02,2025-11-20 11:16:10,LONG,24974.5,24969.5,24954.5,HARD_STOP,1,2,-120.0,-600.0,958,24.0,60.0,1.03006727912692,,,0.024742268041237137
4565,2025-11-20 11:16:10,24954.5,24990.25,24940.0,6874,23830582,23831583,2025-11-20 11:18:14,2025-11-20 11:18:39,SHORT,24970.0,24975.0,24970.0,REVERSAL,1,2,40.0,200.0,1001,20.0,53.0,1.6895740491361018,,,0.06632653061224489
4566,2025-11-20 11:18:39,24970.0,24973.25,24930.25,1167,23832750,23833105,2025-11-20 11:18:52,2025-11-20 11:18:57,LONG,24932.75,24932.75,24942.75,REVERSAL,0,1,40.0,200.0,355,40.0,3.0,2.522660042393275,,,0.06818181818181818
4567,2025-11-20 11:18:57,24942.75,24973.0,24919.25,6645,23839750,23840028,2025-11-20 11:20:49,2025-11-20 11:20:54,SHORT,24973.0,24973.0,24962.75,REVERSAL,0,1,41.0,205.0,278,41.0,7.0,0.8317459921722914,,,0.07
4568,2025-11-20 11:20:54,24962.75,24972.5,24947.0,972,23841000,23841372,2025-11-20 11:21:17,2025-11-20 11:21:26,SHORT,24966.75,24966.75,24956.0,REVERSAL,0,1,43.0,215.0,372,43.0,23.0,0.6240084324803292,,,0.07178217821782179
4569,2025-11-20 11:21:26,24956.0,24962.5,24892.5,6128,23847500,23847616,2025-11-20 11:23:28,2025-11-20 11:23:32,LONG,24908.5,24908.5,24919.25,REVERSAL,0,1,43.0,215.0,116,43.0,0.0,1.2384009053693967,,,0.023529411764705882
4570,2025-11-20 11:23:32,24919.25,24919.25,24919.25,0,23847616,23848448,2025-11-20 11:23:32,2025-11-20 11:23:55,SHORT,24919.25,24924.25,24919.25,REVERSAL,1,2,40.0,200.0,832,20.0,40.0,1.2384009053693967,,,0.025242718446601947
4571,2025-11-20 11:23:55,24919.25,24943.0,24886.25,5062,23853510,23854504,2025-11-20 11:25:55,2025-11-20 11:26:18,SHORT,24928.25,24933.25,24927.75,REVERSAL,1,2,44.0,220.0,994,22.0,49.0,1.2394398591645552,,,0.02692307692307694
4572,2025-11-20 11:26:18,24927.75,24941.25,24922.0,496,23855000,23855206,2025-11-20 11:26:26,2025-11-20 11:26:31,SHORT,24941.25,24941.25,24931.25,REVERSAL,0,1,40.0,200.0,206,40.0,11.0,2.477059018206597,,,0.02857142857142858
4573,2025-11-20 11:26:31,24931.25,24933.75,24913.75,544,23855750,23856297,2025-11-20 11:26:44,2025-11-20 11:26:53,LONG,24921.75,24916.75,24921.75,REVERSAL,1,2,40.0,200.0,547,20.0,40.0,0.8261174877955566,,,-0.019811320754716977
4574,2025-11-20 11:26:53,24921.75,24975.5,24914.5,4131,23860428,23860907,2025-11-20 11:28:07,2025-11-20 11:28:20,SHORT,24960.25,24965.25,24960.25,REVERSAL,1,2,40.0,200.0,479,20.0,40.0,1.2344420461291608,,,-0.018224299065420557
4575,2025-11-20 11:28:20,24960.25,24962.75,24950.75,344,23861251,23861312,2025-11-20 11:28:28,2025-11-20 11:28:28,LONG,24952.5,24952.5,24962.75,REVERSAL,0,1,41.0,205.0,61,41.0,4.0,0.8234930383572854,,,-0.016666666666666663
4576,2025-11-20 11:28:28,24962.75,24962.75,24962.75,0,23861312,23861517,2025-11-20 11:28:28,2025-11-20 11:28:34,SHORT,24962.75,24962.75,24952.25,REVERSAL,0,1,42.0,210.0,205,42.0,0.0,0.8234930383572854,,,-0.06513761467889909
4577,2025-11-20 11:28:34,24952.25,24977.0,24952.25,483,23862000,23862429,2025-11-20 11:28:46,2025-11-20 11:28:56,SHORT,24973.5,24973.5,24963.5,REVERSAL,0,1,40.0,200.0,429,40.0,5.0,0.49403363656848737,,,-0.06363636363636363
4578,2025-11-20 11:28:56,24963.5,24965.25,24924.0,899,23863328,23864245,2025-11-20 11:29:05,2025-11-20 11:29:18,LONG,24926.75,24921.75,24906.75,HARD_STOP,1,2,-120.0,-600.0,917,20.0,60.0,4.913180275061355,,,-0.062162162162162166
4579,2025-11-20 11:29:18,24906.75,24915.25,24897.0,505,23864750,23864971,2025-11-20 11:29:23,2025-11-20 11:29:27,LONG,24898.0,24898.0,24908.0,REVERSAL,0,1,40.0,200.0,221,40.0,4.0,1.2213838728298896,,,-0.019642857142857156
4580,2025-11-20 11:29:27,24908.0,24908.0,24908.0,0,23864971,23866083,2025-11-20 11:29:27,2025-11-20 11:30:00,SHORT,24908.0,24908.0,24898.0,REVERSAL,0,1,40.0,200.0,1112,40.0,35.0,1.2213838728298896,,,-0.018141592920354
4581,2025-11-20 11:30:00,24898.0,24924.5,24881.75,2917,23869000,23869184,2025-11-20 11:31:01,2025-11-20 11:31:05,SHORT,24923.75,24923.75,24913.0,REVERSAL,0,1,43.0,215.0,184,43.0,17.0,0.6954029604548073,,,-0.016666666666666663
4582,2025-11-20 11:31:05,24913.0,24913.0,24913.0,0,23869184,23869696,2025-11-20 11:31:05,2025-11-20 11:31:23,LONG,24913.0,24908.0,24892.5,HARD_STOP,1,2,-124.0,-620.0,512,26.0,62.0,0.6954029604548073,,,-0.015217391304347822
4583,2025-11-20 11:31:23,24892.5,24896.75,24855.5,1114,23870810,23871754,2025-11-20 11:31:36,2025-11-20 11:31:53,LONG,24858.75,24858.75,24868.75,REVERSAL,0,1,40.0,200.0,944,40.0,21.0,4.842837610214786,,,-0.022413793103448293
4584,2025-11-20 11:31:53,24868.75,24875.5,24865.5,328,23872082,23872266,2025-11-20 11:32:00,2025-11-20 11:32:05,SHORT,24875.5,24875.5,24865.5,REVERSAL,0,1,40.0,200.0,184,40.0,7.0,0.6915621377781215,,,-0.02094017094017095
4585,2025-11-20 11:32:05,24865.5,24889.0,24864.25,484,23872750,23873067,2025-11-20 11:32:20,2025-11-20 11:32:33,SHORT,24887.25,24887.25,24877.25,REVERSAL,0,1,40.0,200.0,317,40.0,26.0,0.6920375960634466,,,-0.0694915254237288
4586,2025-11-20 11:32:33,24877.25,24884.25,24873.75,272,23873339,23873606,2025-11-20 11:32:47,2025-11-20 11:32:59,SHORT,24884.25,24884.25,24874.25,REVERSAL,0,1,40.0,200.0,267,40.0,8.0,0.4408478296557686,,,-0.06806722689075631
4587,2025-11-20 11:32:59,24874.25,24892.0,24855.25,2644,23876250,23876464,2025-11-20 11:34:40,2025-11-20 11:34:47,LONG,24855.25,24855.25,24867.0,REVERSAL,0,1,47.0,235.0,214,47.0,3.0,0.375009759774799,,,-0.06666666666666665
4588,2025-11-20 11:34:47,24867.0,24867.0,24867.0,0,23876464,23876769,2025-11-20 11:34:47,2025-11-20 11:34:54,SHORT,24867.0,24872.0,24866.25,REVERSAL,1,2,46.0,230.0,305,23.0,40.0,0.375009759774799,,,-0.0652892561983471
4589,2025-11-20 11:34:54,24866.25,24876.75,24832.75,4491,23881260,23881807,2025-11-20 11:36:28,2025-11-20 11:36:44,LONG,24853.75,24848.75,24833.75,HARD_STOP,1,2,-120.0,-600.0,547,4.0,60.0,0.9722418735136653,,,-0.06393442622950818
4590,2025-11-20 11:36:44,24833.75,24846.25,24822.0,1943,23883750,23884143,2025-11-20 11:37:38,2025-11-20 11:37:47,SHORT,24843.0,24843.0,24832.25,REVERSAL,0,1,43.0,215.0,393,43.0,29.0,0.6959550369685428,,,-0.02073170731707319
4591,2025-11-20 11:37:47,24832.25,24834.5,24811.0,357,23884500,23884732,2025-11-20 11:37:53,2025-11-20 11:37:59,LONG,24812.0,24812.0,24822.25,REVERSAL,0,1,41.0,205.0,232,41.0,5.0,0.8117674643474805,,,-0.019354838709677413
4592,2025-11-20 11:37:59,24822.25,24822.25,24822.25,0,23884732,23885019,2025-11-20 11:37:59,2025-11-20 11:38:06,SHORT,24822.25,24822.25,24812.25,REVERSAL,0,1,40.0,200.0,287,40.0,29.0,0.8117674643474805,,,-0.018000000000000016
4593,2025-11-20 11:38:06,24812.25,24815.75,24791.5,986,23886005,23886309,2025-11-20 11:38:20,2025-11-20 11:38:28,LONG,24794.75,24794.75,24804.75,REVERSAL,0,1,40.0,200.0,304,40.0,6.0,4.854232681305352,,,-0.016666666666666663
4594,2025-11-20 11:38:28,24804.75,24817.5,24765.5,4191,23890500,23891726,2025-11-20 11:39:31,2025-11-20 11:40:00,SHORT,24817.5,24817.5,24807.5,REVERSAL,0,1,40.0,200.0,1226,40.0,31.0,1.6084875105452798,,,-0.015354330708661434
4595,2025-11-20 11:40:00,24807.5,24808.25,24772.0,1524,23893250,23893342,2025-11-20 11:40:24,2025-11-20 11:40:27,SHORT,24792.5,24792.5,24781.75,REVERSAL,0,1,43.0,215.0,92,43.0,0.0,0.8023785813786453,,,-0.014062500000000006
4596,2025-11-20 11:40:27,24781.75,24781.75,24781.75,0,23893342,23894231,2025-11-20 11:40:27,2025-11-20 11:40:56,LONG,24781.75,24776.75,24761.75,HARD_STOP,1,2,-120.0,-600.0,889,23.0,60.0,0.8023785813786453,,,-0.012790697674418622
4597,2025-11-20 11:40:56,24761.75,24786.5,24738.0,3519,23897750,23898200,2025-11-20 11:42:13,2025-11-20 11:42:20,LONG,24738.25,24738.25,24748.25,REVERSAL,0,1,40.0,200.0,450,40.0,9.0,0.9606504066848467,,,0.03076923076923077
4598,2025-11-20 11:42:20,24748.25,24796.5,24739.25,2050,23900250,23900356,2025-11-20 11:43:15,2025-11-20 11:43:17,SHORT,24793.25,24793.25,24783.0,REVERSAL,0,1,41.0,205.0,106,41.0,6.0,1.6022573490823575,,,0.032061068702290085
4599,2025-11-20 11:43:17,24783.0,24783.0,24783.0,0,23900356,23900411,2025-11-20 11:43:17,2025-11-20 11:43:19,LONG,24783.0,24783.0,24793.0,REVERSAL,0,1,40.0,200.0,55,40.0,0.0,1.6022573490823575,,,-0.016666666666666663
4600,2025-11-20 11:43:19,24793.0,24793.0,24793.0,0,23900411,23900931,2025-11-20 11:43:19,2025-11-20 11:43:30,SHORT,24793.0,24793.0,24783.0,REVERSAL,0,1,40.0,200.0,520,40.0,21.0,1.6022573490823575,,,-0.015413533834586463
4601,2025-11-20 11:43:30,24783.0,24783.0,24770.75,319,23901250,23901458,2025-11-20 11:43:38,2025-11-20 11:43:40,LONG,24772.25,24767.25,24772.25,REVERSAL,1,2,40.0,200.0,208,20.0,40.0,0.8014734759565815,,,-0.014179104477611948
4602,2025-11-20 11:43:40,24772.25,24795.75,24740.75,1542,23903000,23903113,2025-11-20 11:44:20,2025-11-20 11:44:24,LONG,24746.25,24746.25,24756.5,REVERSAL,0,1,41.0,205.0,113,41.0,7.0,0.9622603727129462,,,-0.012962962962962982
4603,2025-11-20 11:44:24,24756.5,24756.5,24756.5,0,23903113,23903637,2025-11-20 11:44:24,2025-11-20 11:44:42,SHORT,24756.5,24756.5,24746.25,REVERSAL,0,1,41.0,205.0,524,41.0,24.0,0.9622603727129462,,,-0.061764705882352944
4604,2025-11-20 11:44:42,24746.25,24748.0,24711.75,1863,23905500,23905748,2025-11-20 11:45:10,2025-11-20 11:45:12,LONG,24713.5,24713.5,24723.5,REVERSAL,0,1,40.0,200.0,248,40.0,12.0,4.792010738899952,,,-0.06058394160583941
4605,2025-11-20 11:45:12,24723.5,24723.5,24723.5,0,23905748,23906100,2025-11-20 11:45:12,2025-11-20 11:45:18,SHORT,24723.5,24729.0,24744.0,HARD_STOP,1,2,-120.0,-600.0,352,5.0,60.0,4.792010738899952,,,-0.059420289855072445
4606,2025-11-20 11:45:18,24744.0,24768.75,24724.0,3650,23909750,23909952,2025-11-20 11:46:48,2025-11-20 11:46:52,LONG,24724.0,24724.0,24734.0,REVERSAL,0,1,40.0,200.0,202,40.0,25.0,0.5319588554584467,,,-0.01546762589928058
4607,2025-11-20 11:46:52,24734.0,24734.0,24734.0,0,23909952,23910189,2025-11-20 11:46:52,2025-11-20 11:47:00,SHORT,24734.0,24734.0,24723.75,REVERSAL,0,1,41.0,205.0,237,41.0,11.0,0.5319588554584467,,,-0.01428571428571429
4608,2025-11-20 11:47:00,24723.75,24728.0,24700.5,561,23910750,23911042,2025-11-20 11:47:07,2025-11-20 11:47:10,LONG,24701.75,24701.75,24713.0,REVERSAL,0,1,45.0,225.0,292,45.0,0.0,1.195785322217888,,,-0.013120567375886544
4609,2025-11-20 11:47:10,24713.0,24719.25,24709.25,211,23911253,23911472,2025-11-20 11:47:16,2025-11-20 11:47:23,SHORT,24719.25,24719.25,24709.25,REVERSAL,0,1,40.0,200.0,219,40.0,3.0,1.5938705334539718,,,-0.011971830985915505
4610,2025-11-20 11:47:23,24709.25,24709.25,24709.25,0,23911472,23911628,2025-11-20 11:47:23,2025-11-20 11:47:27,LONG,24709.25,24709.25,24719.5,REVERSAL,0,1,41.0,205.0,156,41.0,22.0,1.5938705334539718,,,-0.06083916083916083
4611,2025-11-20 11:47:27,24719.5,24761.0,24712.25,2622,23914250,23914536,2025-11-20 11:48:27,2025-11-20 11:48:31,SHORT,24761.0,24761.0,24751.0,REVERSAL,0,1,40.0,200.0,286,40.0,19.0,0.5982416783570474,,,-0.059722222222222204
4612,2025-11-20 11:48:31,24751.0,24791.25,24727.75,3214,23917750,23917996,2025-11-20 11:49:35,2025-11-20 11:49:41,LONG,24730.25,24730.25,24740.25,REVERSAL,0,1,40.0,200.0,246,40.0,14.0,1.592967364000716,,,-0.05862068965517242
4613,2025-11-20 11:49:41,24740.25,24740.25,24740.25,0,23917996,23918439,2025-11-20 11:49:41,2025-11-20 11:49:52,SHORT,24740.25,24745.25,24740.25,REVERSAL,1,2,40.0,200.0,443,20.0,40.0,1.592967364000716,,,-0.05753424657534245
4614,2025-11-20 11:49:52,24740.25,24765.25,24739.75,1311,23919750,23920855,2025-11-20 11:50:19,2025-11-20 11:50:46,LONG,24747.25,24747.25,24757.25,REVERSAL,0,1,40.0,200.0,1105,40.0,36.0,1.1946400572908973,,,-0.05646258503401361
4615,2025-11-20 11:50:46,24757.25,24785.75,24734.5,1895,23922750,23922924,2025-11-20 11:51:28,2025-11-20 11:51:30,SHORT,24785.75,24785.75,24775.5,REVERSAL,0,1,41.0,205.0,174,41.0,6.0,1.1949902459918007,,,-0.055405405405405395
4616,2025-11-20 11:51:30,24775.5,24775.5,24775.5,0,23922924,23923098,2025-11-20 11:51:30,2025-11-20 11:51:33,LONG,24775.5,24775.5,24785.5,REVERSAL,0,1,40.0,200.0,174,40.0,6.0,1.1949902459918007,,,-0.054362416107382544
4617,2025-11-20 11:51:33,24785.5,24803.0,24639.75,9652,23932750,23933547,2025-11-20 11:54:41,2025-11-20 11:54:52,LONG,24640.5,24635.25,24640.0,REVERSAL,1,2,38.0,190.0,797,23.0,42.0,1.576764539466165,,,-0.10333333333333332
4618,2025-11-20 11:54:52,24640.0,24659.5,24636.0,1226,23934773,23934963,2025-11-20 11:55:17,2025-11-20 11:55:24,SHORT,24654.25,24654.25,24644.25,REVERSAL,0,1,40.0,200.0,190,40.0,4.0,1.181298671102676,,,-0.10231788079470198
4619,2025-11-20 11:55:24,24644.25,24644.25,24644.25,0,23934963,23935552,2025-11-20 11:55:24,2025-11-20 11:55:34,LONG,24644.25,24638.75,24623.75,HARD_STOP,1,2,-120.0,-600.0,589,25.0,60.0,1.181298671102676,,,-0.1013157894736842
4620,2025-11-20 11:55:34,24623.75,24625.25,24605.75,1698,23937250,23937373,2025-11-20 11:56:01,2025-11-20 11:56:05,SHORT,24620.5,24620.5,24610.5,REVERSAL,0,1,40.0,200.0,123,40.0,0.0,0.6737046984787256,,,-0.05686274509803921
4621,2025-11-20 11:56:05,24610.5,24610.5,24610.5,0,23937373,23938356,2025-11-20 11:56:05,2025-11-20 11:56:19,LONG,24610.5,24605.375,24611.25,REVERSAL,1,2,47.0,235.0,983,38.0,41.0,0.6737046984787256,,,-0.055844155844155835
4622,2025-11-20 11:56:19,24611.25,24631.25,24602.75,1894,23940250,23941406,2025-11-20 11:57:01,2025-11-20 11:57:16,LONG,24603.75,24598.125,24602.5,REVERSAL,1,2,35.0,175.0,1156,37.0,53.5,0.6734263937231514,,,-0.054838709677419356
4623,2025-11-20 11:57:16,24602.5,24611.75,24577.0,1094,23942500,23942775,2025-11-20 11:57:36,2025-11-20 11:57:41,LONG,24577.25,24577.25,24587.25,REVERSAL,0,1,40.0,200.0,275,40.0,14.0,0.9403062376254475,,,-0.05384615384615385
4624,2025-11-20 11:57:41,24587.25,24605.75,24578.5,725,23943500,23943859,2025-11-20 11:57:54,2025-11-20 11:58:00,SHORT,24604.75,24604.75,24594.5,REVERSAL,0,1,41.0,205.0,359,41.0,20.0,1.1751816792300092,,,-0.05286624203821655
4625,2025-11-20 11:58:00,24594.5,24600.0,24563.25,641,23944500,23945392,2025-11-20 11:58:09,2025-11-20 11:58:19,LONG,24566.75,24561.75,24546.75,HARD_STOP,1,2,-120.0,-600.0,892,19.0,60.0,1.5654668003551324,,,-0.05189873417721519
4626,2025-11-20 11:58:19,24546.75,24552.5,24542.0,376,23945768,23946360,2025-11-20 11:58:25,2025-11-20 11:58:32,LONG,24542.0,24542.0,24552.0,REVERSAL,0,1,40.0,200.0,592,40.0,25.0,1.5613253677218808,,,-0.05723270440251571
4627,2025-11-20 11:58:32,24552.0,24573.0,24512.0,4890,23951250,23951426,2025-11-20 11:59:51,2025-11-20 11:59:53,SHORT,24551.75,24556.75,24551.75,REVERSAL,1,2,40.0,200.0,176,20.0,40.0,1.1649974326463866,,,-0.056249999999999994
4628,2025-11-20 11:59:53,24551.75,24580.0,24520.0,1824,23953250,23953324,2025-11-20 12:00:12,2025-11-20 12:00:12,SHORT,24580.0,24580.0,24570.0,REVERSAL,0,1,40.0,200.0,74,40.0,0.0,2.311411145619464,,,-0.055279503105590044
4629,2025-11-20 12:00:12,24570.0,24570.0,24560.0,133,23953457,23953491,2025-11-20 12:00:12,2025-11-20 12:00:12,LONG,24560.0,24560.0,24570.25,REVERSAL,0,1,41.0,205.0,34,41.0,7.0,2.311411145619464,,,-0.054320987654320974
4630,2025-11-20 12:00:12,24570.25,24610.75,24558.0,1318,23954809,23955067,2025-11-20 12:00:23,2025-11-20 12:00:27,SHORT,24596.5,24601.5,24596.5,REVERSAL,1,2,40.0,200.0,258,20.0,40.0,1.5320535401122513,,,-0.05337423312883435
4631,2025-11-20 12:00:27,24596.5,24617.25,24585.75,1207,23956274,23956554,2025-11-20 12:00:44,2025-11-20 12:00:52,LONG,24592.5,24592.5,24603.0,REVERSAL,0,1,42.0,210.0,280,42.0,5.0,1.147242791863605,,,-0.052439024390243894
4632,2025-11-20 12:00:52,24603.0,24605.25,24563.5,446,23957000,23957073,2025-11-20 12:00:59,2025-11-20 12:01:00,LONG,24565.25,24565.25,24575.5,REVERSAL,0,1,41.0,205.0,73,41.0,2.0,0.9177269431393561,,,-0.051515151515151514
4633,2025-11-20 12:01:00,24575.5,24581.75,24570.75,75,23957148,23957642,2025-11-20 12:01:02,2025-11-20 12:01:17,SHORT,24581.75,24581.75,24571.5,REVERSAL,0,1,41.0,205.0,494,41.0,31.0,0.9177269431393561,,,-0.050602409638554224
4634,2025-11-20 12:01:17,24571.5,24641.5,24552.5,8626,23966268,23966327,2025-11-20 12:04:06,2025-11-20 12:04:08,LONG,24577.25,24577.25,24587.75,REVERSAL,0,1,42.0,210.0,59,42.0,0.0,0.7641575630590395,,,-0.04970059880239519
4635,2025-11-20 12:04:08,24587.75,24587.75,24587.75,0,23966327,23966458,2025-11-20 12:04:08,2025-11-20 12:04:13,SHORT,24587.75,24587.75,24577.75,REVERSAL,0,1,40.0,200.0,131,40.0,22.0,0.7641575630590395,,,-0.0488095238095238
4636,2025-11-20 12:04:13,24577.75,24577.75,24577.75,0,23966458,23966615,2025-11-20 12:04:13,2025-11-20 12:04:17,LONG,24577.75,24577.75,24588.25,REVERSAL,0,1,42.0,210.0,157,42.0,34.0,0.7641575630590395,,,-0.04792899408284024
4637,2025-11-20 12:04:17,24588.25,24609.5,24584.25,635,23967250,23967392,2025-11-20 12:04:32,2025-11-20 12:04:38,LONG,24585.0,24585.0,24595.5,REVERSAL,0,1,42.0,210.0,142,42.0,5.0,0.9176524110749009,,,-0.047058823529411764
4638,2025-11-20 12:04:38,24595.5,24595.5,24595.5,0,23967392,23967486,2025-11-20 12:04:38,2025-11-20 12:04:41,SHORT,24595.5,24600.5,24595.5,REVERSAL,1,2,40.0,200.0,94,20.0,40.0,0.9176524110749009,,,-0.04619883040935671
4639,2025-11-20 12:04:41,24595.5,24610.75,24564.5,1514,23969000,23969037,2025-11-20 12:05:22,2025-11-20 12:05:22,LONG,24569.5,24569.5,24579.75,REVERSAL,0,1,41.0,205.0,37,41.0,0.0,0.7658471667804643,,,-0.04534883720930233
4640,2025-11-20 12:05:22,24579.75,24579.75,24579.75,0,23969037,23969340,2025-11-20 12:05:22,2025-11-20 12:05:30,SHORT,24579.75,24579.75,24568.5,REVERSAL,0,1,45.0,225.0,303,45.0,19.0,0.7658471667804643,,,-0.09450867052023122
4641,2025-11-20 12:05:30,24568.5,24579.25,24545.5,1160,23970500,23970756,2025-11-20 12:06:01,2025-11-20 12:06:04,LONG,24548.25,24548.25,24560.0,REVERSAL,0,1,47.0,235.0,256,47.0,29.0,0.7660620819442138,,,-0.09367816091954022
4642,2025-11-20 12:06:04,24560.0,24569.5,24555.25,494,23971250,23971578,2025-11-20 12:06:20,2025-11-20 12:06:25,SHORT,24565.75,24565.75,24554.75,REVERSAL,0,1,44.0,220.0,328,44.0,31.0,0.6567596516581334,,,-0.09285714285714285
4643,2025-11-20 12:06:25,24554.75,24571.5,24468.25,4029,23975607,23975634,2025-11-20 12:07:32,2025-11-20 12:07:32,SHORT,24520.75,24520.75,24510.5,REVERSAL,0,1,41.0,205.0,27,41.0,4.0,1.5183040844765807,,,-0.09204545454545456
4644,2025-11-20 12:07:32,24510.5,24526.25,24498.25,616,23976250,23976271,2025-11-20 12:07:46,2025-11-20 12:07:47,SHORT,24524.25,24524.25,24514.0,REVERSAL,0,1,41.0,205.0,21,41.0,12.0,0.9114001227042268,,,-0.09124293785310734
4645,2025-11-20 12:07:47,24514.0,24514.0,24514.0,0,23976271,23976654,2025-11-20 12:07:47,2025-11-20 12:07:57,LONG,24514.0,24509.0,24514.0,REVERSAL,1,2,40.0,200.0,383,20.0,40.0,0.9114001227042268,,,-0.0904494382022472
4646,2025-11-20 12:07:57,24514.0,24588.5,24500.75,2596,23979250,23979403,2025-11-20 12:08:52,2025-11-20 12:09:00,SHORT,24581.5,24581.5,24571.5,REVERSAL,0,1,40.0,200.0,153,40.0,10.0,0.6513051301434016,,,-0.13966480446927373
4647,2025-11-20 12:09:00,24571.5,24571.5,24571.5,0,23979403,23980030,2025-11-20 12:09:00,2025-11-20 12:09:15,LONG,24571.5,24566.5,24551.0,HARD_STOP,1,2,-124.0,-620.0,627,33.0,62.0,0.6513051301434016,,,-0.1388888888888889
4648,2025-11-20 12:09:15,24551.0,24566.5,24490.75,4220,23984250,23984430,2025-11-20 12:11:12,2025-11-20 12:11:17,LONG,24495.5,24495.5,24505.75,REVERSAL,0,1,41.0,205.0,180,41.0,21.0,0.7623122885300514,,,-0.093646408839779
4649,2025-11-20 12:11:17,24505.75,24505.75,24505.75,0,23984430,23984806,2025-11-20 12:11:17,2025-11-20 12:11:27,SHORT,24505.75,24510.75,24505.75,REVERSAL,1,2,40.0,200.0,376,23.0,43.0,0.7623122885300514,,,-0.09285714285714285
4650,2025-11-20 12:11:27,24505.75,24508.25,24431.0,3944,23988750,23988938,2025-11-20 12:12:17,2025-11-20 12:12:20,LONG,24435.5,24435.5,24446.0,REVERSAL,0,1,42.0,210.0,188,42.0,6.0,1.1302230489330665,,,-0.09207650273224043
4651,2025-11-20 12:12:20,24446.0,24446.0,24446.0,0,23988938,23989384,2025-11-20 12:12:20,2025-11-20 12:12:26,SHORT,24446.0,24446.0,24436.0,REVERSAL,0,1,40.0,200.0,446,40.0,39.0,1.1302230489330665,,,-0.09130434782608694
4652,2025-11-20 12:12:26,24436.0,24443.0,24433.0,146,23989530,23990852,2025-11-20 12:12:28,2025-11-20 12:12:54,SHORT,24443.0,24448.0,24463.0,HARD_STOP,1,2,-120.0,-600.0,1322,26.0,60.0,1.5062110478721502,,,-0.09054054054054055
4653,2025-11-20 12:12:54,24463.0,24476.25,24456.5,399,23991251,23991472,2025-11-20 12:13:02,2025-11-20 12:13:06,LONG,24466.0,24460.625,24465.25,REVERSAL,1,2,37.0,185.0,221,18.5,43.0,1.1297894467534584,,,-0.04516129032258065
4654,2025-11-20 12:13:06,24465.25,24466.0,24431.75,1029,23992501,23993664,2025-11-20 12:13:33,2025-11-20 12:14:01,LONG,24435.5,24435.5,24446.0,REVERSAL,0,1,42.0,210.0,1163,42.0,28.0,0.7537549118993846,,,-0.0443850267379679
4655,2025-11-20 12:14:01,24446.0,24511.0,24444.5,1836,23995500,23996222,2025-11-20 12:14:30,2025-11-20 12:14:44,SHORT,24508.5,24508.5,24498.5,REVERSAL,0,1,40.0,200.0,722,40.0,30.0,0.9040714146422973,,,-0.04361702127659575
4656,2025-11-20 12:14:44,24498.5,24504.75,24494.75,134,23996356,23996700,2025-11-20 12:14:46,2025-11-20 12:14:53,SHORT,24504.75,24504.75,24494.5,REVERSAL,0,1,41.0,205.0,344,41.0,36.0,0.904107166757052,,,-0.042857142857142844
4657,2025-11-20 12:14:53,24494.5,24496.75,24452.25,550,23997250,23997281,2025-11-20 12:15:04,2025-11-20 12:15:05,LONG,24458.5,24458.5,24468.75,REVERSAL,0,1,41.0,205.0,31,41.0,1.0,0.7534621896078306,,,-0.04210526315789473
4658,2025-11-20 12:15:05,24468.75,24468.75,24468.75,0,23997281,23997699,2025-11-20 12:15:05,2025-11-20 12:15:10,SHORT,24468.75,24473.75,24467.5,REVERSAL,1,2,50.0,250.0,418,25.0,40.0,0.7534621896078306,,,-0.04136125654450262
4659,2025-11-20 12:15:10,24467.5,24467.5,24446.0,551,23998250,23998321,2025-11-20 12:15:20,2025-11-20 12:15:21,LONG,24448.0,24448.0,24458.25,REVERSAL,0,1,41.0,205.0,71,41.0,2.0,1.129330900643312,,,-0.040624999999999994
4660,2025-11-20 12:15:21,24458.25,24458.25,24458.25,0,23998321,23998658,2025-11-20 12:15:21,2025-11-20 12:15:30,SHORT,24458.25,24458.25,24448.0,REVERSAL,0,1,41.0,205.0,337,41.0,23.0,1.129330900643312,,,-0.03989637305699481
4661,2025-11-20 12:15:30,24448.0,24467.5,24394.0,5145,24003803,24004332,2025-11-20 12:17:06,2025-11-20 12:17:18,LONG,24414.5,24409.375,24393.75,HARD_STOP,1,2,-125.0,-625.0,529,7.5,62.5,2.2515548818538664,,,-0.03917525773195876
4662,2025-11-20 12:17:18,24393.75,24406.25,24393.5,109,24004441,24004600,2025-11-20 12:17:21,2025-11-20 12:17:25,SHORT,24406.25,24406.25,24394.75,REVERSAL,0,1,46.0,230.0,159,46.0,18.0,0.7506825868885998,,,0.006410256410256415
4663,2025-11-20 12:17:25,24394.75,24414.5,24390.0,1400,24006000,24006191,2025-11-20 12:18:03,2025-11-20 12:18:06,LONG,24394.0,24394.0,24404.0,REVERSAL,0,1,40.0,200.0,191,40.0,27.0,0.9020108184046755,,,0.007142857142857145
4664,2025-11-20 12:18:06,24404.0,24404.0,24404.0,0,24006191,24006731,2025-11-20 12:18:06,2025-11-20 12:18:21,SHORT,24404.0,24404.0,24394.0,REVERSAL,0,1,40.0,200.0,540,40.0,24.0,0.9020108184046755,,,0.007868020304568513
4665,2025-11-20 12:18:21,24394.0,24428.0,24385.0,1019,24007750,24008031,2025-11-20 12:18:47,2025-11-20 12:18:51,SHORT,24426.25,24426.25,24415.25,REVERSAL,0,1,44.0,220.0,281,44.0,6.0,0.9028742892933344,,,0.008585858585858586
4666,2025-11-20 12:18:51,24415.25,24444.5,24353.75,5715,24013746,24014155,2025-11-20 12:21:00,2025-11-20 12:21:07,LONG,24381.25,24381.25,24391.75,REVERSAL,0,1,42.0,210.0,409,42.0,29.0,0.8999119824112809,,,0.009296482412060297
4667,2025-11-20 12:21:07,24391.75,24480.5,24389.0,4345,24018500,24018822,2025-11-20 12:22:27,2025-11-20 12:22:34,LONG,24418.5,24418.5,24429.25,REVERSAL,0,1,43.0,215.0,322,43.0,22.0,1.4980146592510681,,,0.009999999999999981
4668,2025-11-20 12:22:34,24429.25,24451.0,24419.5,678,24019500,24019554,2025-11-20 12:22:54,2025-11-20 12:22:55,LONG,24422.25,24422.25,24432.75,REVERSAL,0,1,42.0,210.0,54,42.0,4.0,0.4996601723735551,,,-0.039303482587064675
4669,2025-11-20 12:22:55,24432.75,24438.0,24428.0,68,24019622,24019900,2025-11-20 12:22:56,2025-11-20 12:23:02,SHORT,24438.0,24443.625,24459.0,HARD_STOP,1,2,-123.0,-615.0,278,18.0,61.5,0.4996601723735551,,,-0.03861386138613862
4670,2025-11-20 12:23:02,24459.0,24463.0,24445.0,350,24020250,24020368,2025-11-20 12:23:09,2025-11-20 12:23:13,SHORT,24460.25,24460.25,24450.0,REVERSAL,0,1,41.0,205.0,118,41.0,2.0,0.7495928352506197,,,0.007142857142857145
4671,2025-11-20 12:23:13,24450.0,24450.0,24450.0,0,24020368,24020578,2025-11-20 12:23:13,2025-11-20 12:23:19,LONG,24450.0,24450.0,24460.0,REVERSAL,0,1,40.0,200.0,210,40.0,29.0,0.7495928352506197,,,0.00784313725490196
4672,2025-11-20 12:23:19,24460.0,24465.75,24446.0,177,24020755,24021024,2025-11-20 12:23:25,2025-11-20 12:23:36,SHORT,24458.5,24458.5,24448.5,REVERSAL,0,1,40.0,200.0,269,40.0,17.0,0.4999869125104722,,,0.008536585365853666
4673,2025-11-20 12:23:36,24448.5,24465.5,24441.75,226,24021250,24021355,2025-11-20 12:23:41,2025-11-20 12:23:44,SHORT,24465.5,24465.5,24455.25,REVERSAL,0,1,41.0,205.0,105,41.0,3.0,0.45020493491096203,,,-0.0407766990291262
4674,2025-11-20 12:23:44,24455.25,24455.25,24444.75,90,24021445,24021671,2025-11-20 12:23:47,2025-11-20 12:23:54,LONG,24444.75,24444.75,24455.75,REVERSAL,0,1,44.0,220.0,226,44.0,6.0,0.45020493491096203,,,-0.04009661835748793
4675,2025-11-20 12:23:54,24455.75,24483.75,24438.0,1832,24023503,24023551,2025-11-20 12:24:34,2025-11-20 12:24:34,LONG,24442.25,24442.25,24452.75,REVERSAL,0,1,42.0,210.0,48,42.0,2.0,0.9012719931090827,,,-0.03942307692307692
4676,2025-11-20 12:24:34,24452.75,24452.75,24452.75,0,24023551,24023621,2025-11-20 12:24:34,2025-11-20 12:24:37,SHORT,24452.75,24452.75,24442.0,REVERSAL,0,1,43.0,215.0,70,43.0,15.0,0.9012719931090827,,,-0.038755980861244016
4677,2025-11-20 12:24:37,24442.0,24442.0,24442.0,0,24023621,24023970,2025-11-20 12:24:37,2025-11-20 12:24:45,LONG,24442.0,24442.0,24452.0,REVERSAL,0,1,40.0,200.0,349,40.0,21.0,0.9012719931090827,,,-0.0380952380952381
4678,2025-11-20 12:24:45,24452.0,24453.5,24394.0,2030,24026000,24026090,2025-11-20 12:25:23,2025-11-20 12:25:25,LONG,24398.25,24398.25,24408.25,REVERSAL,0,1,40.0,200.0,90,40.0,7.0,0.899907909050405,,,-0.03744075829383886
4679,2025-11-20 12:25:25,24408.25,24408.25,24408.25,0,24026090,24026326,2025-11-20 12:25:25,2025-11-20 12:25:32,SHORT,24408.25,24408.25,24398.25,REVERSAL,0,1,40.0,200.0,236,40.0,20.0,0.899907909050405,,,-0.03679245283018867
4680,2025-11-20 12:25:32,24398.25,24465.5,24380.25,2956,24029282,24029742,2025-11-20 12:26:45,2025-11-20 12:27:02,SHORT,24457.5,24462.5,24477.5,HARD_STOP,1,2,-120.0,-600.0,460,27.0,60.0,1.1266623294381481,,,-0.036150234741784026
4681,2025-11-20 12:27:02,24477.5,24491.5,24473.0,508,24030250,24030369,2025-11-20 12:27:14,2025-11-20 12:27:16,SHORT,24486.25,24486.25,24476.0,REVERSAL,0,1,41.0,205.0,119,41.0,2.0,0.9020354490454706,,,0.00981308411214954
4682,2025-11-20 12:27:16,24476.0,24476.0,24476.0,0,24030369,24030518,2025-11-20 12:27:16,2025-11-20 12:27:21,LONG,24476.0,24476.0,24486.25,REVERSAL,0,1,41.0,205.0,149,41.0,14.0,0.9020354490454706,,,-0.039534883720930225
4683,2025-11-20 12:27:21,24486.25,24492.0,24446.5,2260,24032778,24032997,2025-11-20 12:28:29,2025-11-20 12:28:38,SHORT,24469.5,24469.5,24458.5,REVERSAL,0,1,44.0,220.0,219,44.0,23.0,0.7531904572240242,,,-0.03888888888888889
4684,2025-11-20 12:28:38,24458.5,24458.5,24458.5,0,24032997,24033283,2025-11-20 12:28:38,2025-11-20 12:28:44,LONG,24458.5,24458.5,24469.5,REVERSAL,0,1,44.0,220.0,286,44.0,35.0,0.7531904572240242,,,-0.03824884792626729
4685,2025-11-20 12:28:44,24469.5,24473.25,24444.0,717,24034000,24034184,2025-11-20 12:29:12,2025-11-20 12:29:18,LONG,24446.25,24446.25,24456.25,REVERSAL,0,1,40.0,200.0,184,40.0,20.0,0.502727055896127,,,-0.03761467889908257
4686,2025-11-20 12:29:18,24456.25,24456.25,24456.25,0,24034184,24034410,2025-11-20 12:29:18,2025-11-20 12:29:27,SHORT,24456.25,24461.5,24456.75,REVERSAL,1,2,38.0,190.0,226,19.0,42.0,0.502727055896127,,,-0.036986301369863
4687,2025-11-20 12:29:27,24456.75,24456.75,24432.25,340,24034750,24034788,2025-11-20 12:29:34,2025-11-20 12:29:35,LONG,24433.5,24433.5,24444.0,REVERSAL,0,1,42.0,210.0,38,42.0,0.0,0.565935589410322,,,-0.03636363636363635
4688,2025-11-20 12:29:35,24444.0,24450.25,24440.25,110,24034898,24035607,2025-11-20 12:29:42,2025-11-20 12:30:08,SHORT,24450.25,24455.375,24471.0,HARD_STOP,1,2,-125.0,-625.0,709,39.0,62.5,0.565935589410322,,,-0.03574660633484161
4689,2025-11-20 12:30:08,24471.0,24500.25,24465.75,1393,24037000,24037282,2025-11-20 12:30:31,2025-11-20 12:30:37,LONG,24470.25,24470.25,24480.5,REVERSAL,0,1,41.0,205.0,282,41.0,31.0,0.9062212550058112,,,0.010360360360360366
4690,2025-11-20 12:30:37,24480.5,24486.25,24468.75,468,24037750,24037907,2025-11-20 12:30:59,2025-11-20 12:31:03,SHORT,24480.25,24480.25,24470.25,REVERSAL,0,1,40.0,200.0,157,40.0,6.0,0.5038255709324825,,,-0.03901345291479821
4691,2025-11-20 12:31:03,24470.25,24470.25,24470.25,0,24037907,24038021,2025-11-20 12:31:03,2025-11-20 12:31:07,LONG,24470.25,24470.25,24480.25,REVERSAL,0,1,40.0,200.0,114,40.0,9.0,0.5038255709324825,,,-0.038392857142857145
4692,2025-11-20 12:31:07,24480.25,24486.0,24448.5,479,24038500,24038717,2025-11-20 12:31:18,2025-11-20 12:31:25,LONG,24450.75,24450.75,24460.75,REVERSAL,0,1,40.0,200.0,217,40.0,21.0,0.6480743358990607,,,-0.03777777777777777
4693,2025-11-20 12:31:25,24460.75,24460.75,24460.75,0,24038717,24038916,2025-11-20 12:31:25,2025-11-20 12:31:34,SHORT,24460.75,24460.75,24450.75,REVERSAL,0,1,40.0,200.0,199,40.0,33.0,0.6480743358990607,,,-0.03716814159292034
4694,2025-11-20 12:31:34,24450.75,24461.5,24418.25,1340,24040256,24040646,2025-11-20 12:32:08,2025-11-20 12:32:24,SHORT,24450.75,24450.75,24440.5,REVERSAL,0,1,41.0,205.0,390,41.0,20.0,0.9082416179750568,,,-0.03656387665198238
4695,2025-11-20 12:32:24,24440.5,24450.5,24411.25,604,24041250,24041348,2025-11-20 12:32:47,2025-11-20 12:32:50,LONG,24414.0,24414.0,24424.0,REVERSAL,0,1,40.0,200.0,98,40.0,11.0,0.37889871288516414,,,-0.035964912280701755
4696,2025-11-20 12:32:50,24424.0,24429.5,24418.5,42,24041390,24041450,2025-11-20 12:32:52,2025-11-20 12:32:54,LONG,24418.5,24418.5,24429.25,REVERSAL,0,1,43.0,215.0,60,43.0,7.0,0.37889871288516414,,,-0.035371179039301315
4697,2025-11-20 12:32:54,24429.25,24429.25,24429.25,0,24041450,24041617,2025-11-20 12:32:54,2025-11-20 12:32:59,SHORT,24429.25,24429.25,24418.25,REVERSAL,0,1,44.0,220.0,167,44.0,4.0,0.37889871288516414,,,-0.03478260869565217
4698,2025-11-20 12:32:59,24418.25,24423.5,24327.5,5504,24047121,24048167,2025-11-20 12:35:37,2025-11-20 12:36:05,LONG,24339.5,24334.25,24318.25,HARD_STOP,1,2,-128.0,-640.0,1046,36.0,64.0,1.51511075275122,,,-0.0341991341991342
4699,2025-11-20 12:36:05,24318.25,24341.0,24308.5,1338,24049505,24049723,2025-11-20 12:36:34,2025-11-20 12:36:40,SHORT,24333.75,24333.75,24323.25,REVERSAL,0,1,42.0,210.0,218,42.0,24.0,0.7583268515519156,,,0.012068965517241376
4700,2025-11-20 12:36:40,24323.25,24323.25,24323.25,0,24049723,24049850,2025-11-20 12:36:40,2025-11-20 12:36:44,LONG,24323.25,24323.25,24333.75,REVERSAL,0,1,42.0,210.0,127,42.0,3.0,0.7583268515519156,,,0.012660944206008579
4701,2025-11-20 12:36:44,24333.75,24456.25,24328.25,12650,24062500,24062578,2025-11-20 12:43:26,2025-11-20 12:43:30,LONG,24390.75,24390.75,24401.25,REVERSAL,0,1,42.0,210.0,78,42.0,5.0,0.41651250030680187,,,-0.03675213675213676
4702,2025-11-20 12:43:30,24401.25,24401.25,24401.25,0,24062578,24062668,2025-11-20 12:43:30,2025-11-20 12:43:35,SHORT,24401.25,24401.25,24390.0,REVERSAL,0,1,45.0,225.0,90,45.0,7.0,0.41651250030680187,,,-0.036170212765957444
4703,2025-11-20 12:43:35,24390.0,24390.0,24390.0,0,24062668,24063036,2025-11-20 12:43:35,2025-11-20 12:43:47,LONG,24390.0,24385.0,24369.5,HARD_STOP,1,2,-124.0,-620.0,368,32.0,62.0,0.41651250030680187,,,-0.035593220338983045
4704,2025-11-20 12:43:47,24369.5,24374.75,24364.5,453,24063489,24064175,2025-11-20 12:44:01,2025-11-20 12:44:31,SHORT,24374.75,24379.75,24374.75,REVERSAL,1,2,40.0,200.0,686,27.0,40.0,0.7640845456415725,,,0.010759493670886078
4705,2025-11-20 12:44:31,24374.75,24383.5,24339.0,2373,24066548,24067183,2025-11-20 12:45:45,2025-11-20 12:46:01,LONG,24349.75,24344.75,24329.25,HARD_STOP,1,2,-124.0,-620.0,635,21.0,62.0,0.7660868328684634,,,0.011344537815126038
4706,2025-11-20 12:46:01,24329.25,24371.0,24308.5,3817,24071000,24071235,2025-11-20 12:47:45,2025-11-20 12:47:55,LONG,24320.75,24320.75,24330.75,REVERSAL,0,1,40.0,200.0,235,40.0,2.0,0.4608098345750567,,,0.05774058577405858
4707,2025-11-20 12:47:55,24330.75,24330.75,24330.75,0,24071235,24071575,2025-11-20 12:47:55,2025-11-20 12:48:07,SHORT,24330.75,24336.875,24352.75,HARD_STOP,1,2,-127.0,-635.0,340,12.0,63.5,0.4608098345750567,,,0.05833333333333335
4708,2025-11-20 12:48:07,24352.75,24377.75,24315.0,3926,24075501,24075752,2025-11-20 12:50:27,2025-11-20 12:50:32,LONG,24335.5,24330.5,24336.75,REVERSAL,1,2,50.0,250.0,251,25.0,40.0,0.6605851746352146,,,0.10477178423236513
4709,2025-11-20 12:50:32,24336.75,24379.0,24334.0,748,24076500,24076648,2025-11-20 12:50:59,2025-11-20 12:51:01,SHORT,24378.5,24378.5,24368.5,REVERSAL,0,1,40.0,200.0,148,40.0,12.0,0.42069941527178567,,,0.0553719008264463
4710,2025-11-20 12:51:01,24368.5,24368.5,24368.5,0,24076648,24076904,2025-11-20 12:51:01,2025-11-20 12:51:06,LONG,24368.5,24368.5,24378.75,REVERSAL,0,1,41.0,205.0,256,41.0,11.0,0.42069941527178567,,,0.05596707818930041
4711,2025-11-20 12:51:06,24378.75,24399.0,24375.0,1096,24078000,24078173,2025-11-20 12:51:39,2025-11-20 12:51:46,LONG,24377.75,24377.75,24388.0,REVERSAL,0,1,41.0,205.0,173,41.0,17.0,0.7718444175056569,,,0.056557377049180346
4712,2025-11-20 12:51:46,24388.0,24388.0,24388.0,0,24078173,24078592,2025-11-20 12:51:46,2025-11-20 12:52:02,SHORT,24388.0,24393.0,24408.0,HARD_STOP,1,2,-120.0,-600.0,419,9.0,60.0,0.7718444175056569,,,0.05714285714285716
4713,2025-11-20 12:52:02,24408.0,24421.0,24405.25,703,24079295,24079863,2025-11-20 12:52:18,2025-11-20 12:52:33,LONG,24410.75,24405.75,24390.5,HARD_STOP,1,2,-122.0,-610.0,568,27.0,61.0,0.7724212587010041,,,0.10365853658536586
4714,2025-11-20 12:52:33,24390.5,24393.5,24364.5,1137,24081000,24081443,2025-11-20 12:53:05,2025-11-20 12:53:20,LONG,24373.25,24368.125,24353.0,HARD_STOP,1,2,-121.0,-605.0,443,10.0,60.5,0.7732323084570828,,,0.15020242914979756
4715,2025-11-20 12:53:20,24353.0,24354.25,24318.0,3057,24084500,24084688,2025-11-20 12:54:47,2025-11-20 12:54:56,LONG,24333.0,24328.0,24333.5,REVERSAL,1,2,44.0,220.0,188,22.0,40.0,1.5494414780862793,,,0.19677419354838707
4716,2025-11-20 12:54:56,24333.5,24385.75,24328.25,2364,24087052,24087128,2025-11-20 12:56:21,2025-11-20 12:56:24,LONG,24356.25,24356.25,24367.5,REVERSAL,0,1,45.0,225.0,76,45.0,4.0,0.665680763559976,,,0.1973895582329317
4717,2025-11-20 12:56:24,24367.5,24367.5,24367.5,0,24087128,24087491,2025-11-20 12:56:24,2025-11-20 12:56:39,SHORT,24367.5,24372.5,24387.5,HARD_STOP,1,2,-120.0,-600.0,363,26.0,60.0,0.665680763559976,,,0.19799999999999998
4718,2025-11-20 12:56:39,24387.5,24409.0,24353.0,3025,24090516,24090785,2025-11-20 12:58:51,2025-11-20 12:59:04,SHORT,24403.5,24403.5,24391.5,REVERSAL,0,1,48.0,240.0,269,48.0,8.0,0.29238676927247315,,,0.24462151394422313
4719,2025-11-20 12:59:04,24391.5,24428.0,24390.5,601,24091386,24091466,2025-11-20 12:59:24,2025-11-20 12:59:26,SHORT,24421.25,24421.25,24410.75,REVERSAL,0,1,42.0,210.0,80,42.0,0.0,0.4255977938486152,,,0.1952380952380952
4720,2025-11-20 12:59:26,24410.75,24410.75,24410.75,0,24091466,24091910,2025-11-20 12:59:26,2025-11-20 12:59:42,LONG,24410.75,24405.75,24390.5,HARD_STOP,1,2,-122.0,-610.0,444,17.0,61.0,0.4255977938486152,,,0.19584980237154148
4721,2025-11-20 12:59:42,24390.5,24401.5,24364.0,1340,24093250,24093454,2025-11-20 13:00:20,2025-11-20 13:00:27,SHORT,24392.25,24392.25,24382.25,REVERSAL,0,1,40.0,200.0,204,40.0,32.0,0.7810352183350365,,,0.2425196850393701
4722,2025-11-20 13:00:27,24382.25,24382.25,24382.25,0,24093454,24093636,2025-11-20 13:00:27,2025-11-20 13:00:40,LONG,24382.25,24382.25,24392.5,REVERSAL,0,1,41.0,205.0,182,41.0,11.0,0.7810352183350365,,,0.2431372549019608
4723,2025-11-20 13:00:40,24392.5,24448.0,24382.5,5614,24099250,24100138,2025-11-20 13:03:29,2025-11-20 13:03:41,SHORT,24445.5,24450.625,24445.75,REVERSAL,1,2,39.0,195.0,888,33.0,50.5,0.7829809010627787,,,0.24375000000000002
4724,2025-11-20 13:03:41,24445.75,24448.0,24437.0,459,24100597,24100845,2025-11-20 13:03:59,2025-11-20 13:04:09,LONG,24437.0,24437.0,24447.0,REVERSAL,0,1,40.0,200.0,248,40.0,2.0,0.7825843283031865,,,0.19435797665369647
4725,2025-11-20 13:04:09,24447.0,24448.5,24425.25,655,24101500,24101796,2025-11-20 13:04:35,2025-11-20 13:04:47,LONG,24431.75,24431.75,24442.0,REVERSAL,0,1,41.0,205.0,296,41.0,1.0,0.470069871333884,,,0.1949612403100775
4726,2025-11-20 13:04:47,24442.0,24481.25,24426.5,2954,24104750,24106269,2025-11-20 13:06:26,2025-11-20 13:07:20,SHORT,24478.75,24483.75,24478.5,REVERSAL,1,2,42.0,210.0,1519,21.0,49.0,0.7852805168596505,,,0.14555984555984555
4727,2025-11-20 13:07:20,24478.5,24537.0,24451.75,7731,24114000,24114192,2025-11-20 13:12:19,2025-11-20 13:12:28,SHORT,24537.0,24537.0,24526.5,REVERSAL,0,1,42.0,210.0,192,42.0,4.0,0.4750658951164456,,,0.14615384615384613
4728,2025-11-20 13:12:28,24526.5,24526.5,24526.5,0,24114192,24114330,2025-11-20 13:12:28,2025-11-20 13:12:34,LONG,24526.5,24526.5,24536.5,REVERSAL,0,1,40.0,200.0,138,40.0,2.0,0.4750658951164456,,,0.0967432950191571
4729,2025-11-20 13:12:34,24536.5,24598.75,24512.5,9636,24123966,24124298,2025-11-20 13:16:53,2025-11-20 13:17:01,LONG,24516.25,24516.25,24527.0,REVERSAL,0,1,43.0,215.0,332,43.0,36.0,0.7942438360355396,,,0.09732824427480916
4730,2025-11-20 13:17:01,24527.0,24541.0,24519.5,452,24124750,24124847,2025-11-20 13:17:12,2025-11-20 13:17:16,SHORT,24541.0,24541.0,24531.0,REVERSAL,0,1,40.0,200.0,97,40.0,9.0,0.7945740423479323,,,0.0979087452471483
4731,2025-11-20 13:17:16,24531.0,24532.25,24522.25,142,24124989,24125052,2025-11-20 13:17:21,2025-11-20 13:17:23,LONG,24522.25,24522.25,24534.0,REVERSAL,0,1,47.0,235.0,63,47.0,11.0,0.7945740423479323,,,0.09848484848484848
4732,2025-11-20 13:17:23,24534.0,24535.5,24517.0,198,24125250,24125298,2025-11-20 13:17:33,2025-11-20 13:17:35,LONG,24518.25,24518.25,24530.0,REVERSAL,0,1,47.0,235.0,48,47.0,0.0,0.5299896939323571,,,0.09905660377358491
4733,2025-11-20 13:17:35,24530.0,24530.0,24530.0,0,24125298,24125563,2025-11-20 13:17:35,2025-11-20 13:17:47,SHORT,24530.0,24530.0,24520.0,REVERSAL,0,1,40.0,200.0,265,40.0,14.0,0.5299896939323571,,,0.04962406015037596
4734,2025-11-20 13:17:47,24520.0,24524.0,24468.75,2308,24127871,24128278,2025-11-20 13:18:43,2025-11-20 13:18:58,LONG,24477.75,24472.625,24477.5,REVERSAL,1,2,39.0,195.0,407,19.5,41.0,0.5967875390230004,,,0.0001872659176029856
4735,2025-11-20 13:18:58,24477.5,24533.0,24474.5,2116,24130394,24130777,2025-11-20 13:20:11,2025-11-20 13:20:23,SHORT,24527.75,24527.75,24517.0,REVERSAL,0,1,43.0,215.0,383,43.0,19.0,0.7971200682072225,,,-0.04925373134328356
4736,2025-11-20 13:20:23,24517.0,24552.0,24481.0,3265,24134042,24134068,2025-11-20 13:22:16,2025-11-20 13:22:18,LONG,24495.5,24495.5,24506.5,REVERSAL,0,1,44.0,220.0,26,44.0,1.0,0.34246958060978494,,,-0.048698884758364314
4737,2025-11-20 13:22:18,24506.5,24506.5,24506.5,0,24134068,24134265,2025-11-20 13:22:18,2025-11-20 13:22:34,SHORT,24506.5,24506.5,24496.5,REVERSAL,0,1,40.0,200.0,197,40.0,22.0,0.34246958060978494,,,-0.048148148148148134
4738,2025-11-20 13:22:34,24496.5,24518.75,24488.25,485,24134750,24134813,2025-11-20 13:22:59,2025-11-20 13:23:03,SHORT,24516.0,24516.0,24506.0,REVERSAL,0,1,40.0,200.0,63,40.0,7.0,0.2999379310617577,,,-0.09760147601476014
4739,2025-11-20 13:23:03,24506.0,24508.0,24498.0,15,24134828,24135235,2025-11-20 13:23:04,2025-11-20 13:23:23,LONG,24498.0,24492.625,24499.25,REVERSAL,1,2,53.0,265.0,407,26.5,43.0,0.2999379310617577,,,-0.09705882352941177
4740,2025-11-20 13:23:23,24499.25,24528.25,24464.25,10265,24145500,24145963,2025-11-20 13:30:34,2025-11-20 13:30:47,LONG,24485.0,24485.0,24495.25,REVERSAL,0,1,41.0,205.0,463,41.0,29.0,0.6926801174796909,,,-0.09652014652014652
4741,2025-11-20 13:30:47,24495.25,24510.0,24487.0,830,24146793,24147148,2025-11-20 13:31:11,2025-11-20 13:31:22,SHORT,24504.75,24504.75,24493.75,REVERSAL,0,1,44.0,220.0,355,44.0,35.0,0.6931031935663098,,,-0.145985401459854
4742,2025-11-20 13:31:22,24493.75,24522.0,24415.0,5102,24152250,24152947,2025-11-20 13:33:59,2025-11-20 13:34:18,LONG,24419.25,24414.25,24419.5,REVERSAL,1,2,42.0,210.0,697,23.0,40.0,0.6077177008986336,,,-0.14545454545454545
4743,2025-11-20 13:34:18,24419.5,24419.5,24419.5,0,24152947,24153328,2025-11-20 13:34:18,2025-11-20 13:34:29,SHORT,24419.5,24424.5,24440.0,HARD_STOP,1,2,-124.0,-620.0,381,9.0,62.0,0.8105058565073301,,,-0.14492753623188406
4744,2025-11-20 13:34:29,24440.0,24464.75,24430.5,1672,24155000,24155162,2025-11-20 13:35:38,2025-11-20 13:35:48,LONG,24432.0,24432.0,24442.5,REVERSAL,0,1,42.0,210.0,162,42.0,19.0,0.4871626487055686,,,-0.09801444043321299
4745,2025-11-20 13:35:48,24442.5,24442.5,24442.5,0,24155162,24155350,2025-11-20 13:35:48,2025-11-20 13:36:00,SHORT,24442.5,24442.5,24432.5,REVERSAL,0,1,40.0,200.0,188,40.0,31.0,0.4871626487055686,,,-0.0974820143884892
4746,2025-11-20 13:36:00,24432.5,24433.75,24420.5,423,24155773,24155991,2025-11-20 13:36:15,2025-11-20 13:36:31,SHORT,24431.0,24431.0,24421.0,REVERSAL,0,1,40.0,200.0,218,40.0,11.0,0.4875440850360516,,,-0.09695340501792114
4747,2025-11-20 13:36:31,24421.0,24421.0,24421.0,0,24155991,24156741,2025-11-20 13:36:31,2025-11-20 13:37:07,LONG,24421.0,24415.75,24420.5,REVERSAL,1,2,38.0,190.0,750,19.0,53.0,0.4875440850360516,,,-0.09642857142857143
4748,2025-11-20 13:37:07,24420.5,24420.5,24408.75,103,24156844,24157167,2025-11-20 13:37:16,2025-11-20 13:37:30,LONG,24408.75,24408.75,24418.75,REVERSAL,0,1,40.0,200.0,323,40.0,29.0,0.4067489622580537,,,-0.09590747330960854
4749,2025-11-20 13:37:30,24418.75,24423.5,24315.5,9833,24167000,24167194,2025-11-20 13:46:00,2025-11-20 13:46:07,LONG,24315.5,24315.5,24325.75,REVERSAL,0,1,41.0,205.0,194,41.0,7.0,0.44839244187737776,,,-0.0953900709219858
4750,2025-11-20 13:46:07,24325.75,24325.75,24325.75,0,24167194,24167607,2025-11-20 13:46:07,2025-11-20 13:46:25,SHORT,24325.75,24325.75,24315.25,REVERSAL,0,1,42.0,210.0,413,42.0,25.0,0.44839244187737776,,,-0.09487632508833922
4751,2025-11-20 13:46:25,24315.25,24348.75,24253.25,6541,24174148,24174903,2025-11-20 13:50:33,2025-11-20 13:51:07,LONG,24271.0,24271.0,24281.25,REVERSAL,0,1,41.0,205.0,755,41.0,33.0,1.6382563496203497,,,-0.09436619718309859
4752,2025-11-20 13:51:07,24281.25,24285.25,24264.25,626,24175529,24175847,2025-11-20 13:51:34,2025-11-20 13:51:56,SHORT,24280.5,24280.5,24270.0,REVERSAL,0,1,42.0,210.0,318,42.0,23.0,0.4921839249147144,,,-0.09385964912280702
4753,2025-11-20 13:51:56,24270.0,24275.0,24250.0,653,24176500,24176713,2025-11-20 13:52:25,2025-11-20 13:52:32,LONG,24250.0,24250.0,24260.0,REVERSAL,0,1,40.0,200.0,213,40.0,2.0,0.4479016943557444,,,-0.09335664335664336
4754,2025-11-20 13:52:32,24260.0,24260.0,24260.0,0,24176713,24177357,2025-11-20 13:52:32,2025-11-20 13:53:05,SHORT,24260.0,24265.0,24260.0,REVERSAL,1,2,40.0,200.0,644,20.0,40.0,0.4479016943557444,,,-0.09285714285714285
4755,2025-11-20 13:53:05,24260.0,24283.0,24249.25,1643,24179000,24179048,2025-11-20 13:54:29,2025-11-20 13:54:31,SHORT,24268.25,24268.25,24258.25,REVERSAL,0,1,40.0,200.0,48,40.0,1.0,0.4116406783622827,,,-0.0923611111111111
4756,2025-11-20 13:54:31,24258.25,24258.25,24258.25,0,24179048,24180275,2025-11-20 13:54:31,2025-11-20 13:55:35,LONG,24258.25,24253.25,24258.5,REVERSAL,1,2,42.0,210.0,1227,33.0,53.0,0.4116406783622827,,,-0.09186851211072665
4757,2025-11-20 13:55:35,24258.5,24269.25,24239.75,1725,24182000,24182229,2025-11-20 13:57:01,2025-11-20 13:57:10,SHORT,24261.75,24267.0,24262.25,REVERSAL,1,2,38.0,190.0,229,19.0,42.0,0.30968276748100354,,,-0.09137931034482759
4758,2025-11-20 13:57:10,24262.25,24319.0,24235.5,5021,24187250,24187336,2025-11-20 14:00:29,2025-11-20 14:00:33,LONG,24276.0,24276.0,24286.0,REVERSAL,0,1,40.0,200.0,86,40.0,16.0,0.49731841925149134,,,-0.090893470790378
4759,2025-11-20 14:00:33,24286.0,24286.0,24286.0,0,24187336,24187769,2025-11-20 14:00:33,2025-11-20 14:00:59,SHORT,24286.0,24286.0,24275.75,REVERSAL,0,1,41.0,205.0,433,41.0,23.0,0.49731841925149134,,,-0.09041095890410959
4760,2025-11-20 14:00:59,24275.75,24285.75,24266.0,231,24188000,24188134,2025-11-20 14:01:10,2025-11-20 14:01:17,LONG,24271.0,24271.0,24282.0,REVERSAL,0,1,44.0,220.0,134,44.0,14.0,0.45246845759829035,,,-0.08993174061433447
4761,2025-11-20 14:01:17,24282.0,24282.0,24282.0,0,24188134,24188494,2025-11-20 14:01:17,2025-11-20 14:01:37,SHORT,24282.0,24287.0,24282.0,REVERSAL,1,2,40.0,200.0,360,20.0,51.0,0.45246845759829035,,,-0.08945578231292516
4762,2025-11-20 14:01:37,24282.0,24295.0,24271.75,756,24189250,24189308,2025-11-20 14:02:13,2025-11-20 14:02:15,SHORT,24295.0,24295.0,24284.5,REVERSAL,0,1,42.0,210.0,58,42.0,8.0,0.4530468274232048,,,-0.08898305084745763
4763,2025-11-20 14:02:15,24284.5,24284.5,24284.5,0,24189308,24189494,2025-11-20 14:02:15,2025-11-20 14:02:30,LONG,24284.5,24279.125,24284.0,REVERSAL,1,2,39.0,195.0,186,19.5,43.0,0.4530468274232048,,,-0.08851351351351351
4764,2025-11-20 14:02:30,24284.0,24292.25,24250.0,806,24190300,24190883,2025-11-20 14:03:04,2025-11-20 14:03:26,LONG,24255.0,24250.0,24255.25,REVERSAL,1,2,42.0,210.0,583,21.0,40.0,0.6235192294945282,,,-0.13804713804713806
4765,2025-11-20 14:03:26,24255.25,24256.25,24230.5,1617,24192500,24192601,2025-11-20 14:04:16,2025-11-20 14:04:17,SHORT,24249.75,24249.75,24239.75,REVERSAL,0,1,40.0,200.0,101,40.0,10.0,0.6243332426578854,,,-0.13758389261744966
4766,2025-11-20 14:04:17,24239.75,24239.75,24239.75,0,24192601,24193594,2025-11-20 14:04:17,2025-11-20 14:05:05,LONG,24239.75,24234.75,24239.75,REVERSAL,1,2,40.0,200.0,993,35.0,40.0,0.6243332426578854,,,-0.13712374581939799
4767,2025-11-20 14:05:05,24239.75,24256.75,24223.0,656,24194250,24194353,2025-11-20 14:05:33,2025-11-20 14:05:38,SHORT,24256.75,24256.75,24246.5,REVERSAL,0,1,41.0,205.0,103,41.0,8.0,0.5558347281992356,,,-0.13666666666666666
4768,2025-11-20 14:05:38,24246.5,24253.25,24242.75,100,24194453,24194583,2025-11-20 14:05:45,2025-11-20 14:05:53,LONG,24242.75,24242.75,24252.75,REVERSAL,0,1,40.0,200.0,130,40.0,0.0,0.5558347281992356,,,-0.1362126245847176
4769,2025-11-20 14:05:53,24252.75,24257.25,24223.0,1667,24196250,24196320,2025-11-20 14:07:43,2025-11-20 14:07:48,SHORT,24240.5,24240.5,24230.5,REVERSAL,0,1,40.0,200.0,70,40.0,0.0,0.38568551474288004,,,-0.1357615894039735
4770,2025-11-20 14:07:48,24230.5,24286.75,24205.0,3973,24200293,24200355,2025-11-20 14:10:31,2025-11-20 14:10:32,LONG,24245.75,24245.75,24256.75,REVERSAL,0,1,44.0,220.0,62,44.0,4.0,0.6283342310532558,,,-0.1353135313531353
4771,2025-11-20 14:10:32,24256.75,24264.25,24254.25,95,24200450,24200977,2025-11-20 14:10:40,2025-11-20 14:11:04,SHORT,24264.25,24269.25,24284.25,HARD_STOP,1,2,-120.0,-600.0,527,26.0,60.0,0.6283342310532558,,,-0.13486842105263158
4772,2025-11-20 14:11:04,24284.25,24296.5,24267.75,773,24201750,24201800,2025-11-20 14:11:30,2025-11-20 14:11:33,LONG,24272.25,24272.25,24282.25,REVERSAL,0,1,40.0,200.0,50,40.0,3.0,0.7188534872527025,,,-0.08770491803278689
4773,2025-11-20 14:11:33,24282.25,24282.25,24282.25,0,24201800,24202276,2025-11-20 14:11:33,2025-11-20 14:12:03,SHORT,24282.25,24282.25,24272.25,REVERSAL,0,1,40.0,200.0,476,40.0,26.0,0.7188534872527025,,,-0.08725490196078432
4774,2025-11-20 14:12:03,24272.25,24278.0,24225.25,1974,24204250,24204491,2025-11-20 14:13:28,2025-11-20 14:13:37,SHORT,24268.75,24268.75,24258.5,REVERSAL,0,1,41.0,205.0,241,41.0,11.0,0.42019854861032985,,,-0.08680781758957655
4775,2025-11-20 14:13:37,24258.5,24258.5,24258.5,0,24204491,24204534,2025-11-20 14:13:37,2025-11-20 14:13:39,LONG,24258.5,24258.5,24269.5,REVERSAL,0,1,44.0,220.0,43,44.0,3.0,0.42019854861032985,,,-0.08636363636363635
4776,2025-11-20 14:13:39,24269.5,24282.25,24251.0,1716,24206250,24206367,2025-11-20 14:15:35,2025-11-20 14:15:46,LONG,24252.75,24252.75,24263.5,REVERSAL,0,1,43.0,215.0,117,43.0,6.0,0.4211238956242453,,,-0.08592233009708737
4777,2025-11-20 14:15:46,24263.5,24263.5,24263.5,0,24206367,24206696,2025-11-20 14:15:46,2025-11-20 14:16:13,SHORT,24263.5,24263.5,24253.5,REVERSAL,0,1,40.0,200.0,329,40.0,20.0,0.4211238956242453,,,-0.08548387096774195
4778,2025-11-20 14:16:13,24253.5,24324.0,24243.5,3054,24209750,24210199,2025-11-20 14:18:30,2025-11-20 14:18:43,SHORT,24320.25,24320.25,24310.25,REVERSAL,0,1,40.0,200.0,449,40.0,33.0,1.0134734211267813,,,-0.08504823151125403
4779,2025-11-20 14:18:43,24310.25,24310.25,24292.75,312,24210511,24211013,2025-11-20 14:18:58,2025-11-20 14:19:15,SHORT,24302.75,24307.875,24303.0,REVERSAL,1,2,39.0,195.0,502,22.0,41.0,0.5633132751221821,,,-0.0846153846153846
4780,2025-11-20 14:19:15,24303.0,24307.25,24269.75,487,24211500,24211685,2025-11-20 14:19:35,2025-11-20 14:19:39,LONG,24270.25,24270.25,24280.75,REVERSAL,0,1,42.0,210.0,185,42.0,7.0,0.5073713042136585,,,-0.08418530351437699
4781,2025-11-20 14:19:39,24280.75,24321.75,24280.5,1816,24213501,24213629,2025-11-20 14:21:09,2025-11-20 14:21:14,LONG,24300.5,24300.5,24310.75,REVERSAL,0,1,41.0,205.0,128,41.0,23.0,0.46208809613420715,,,-0.08375796178343949
4782,2025-11-20 14:21:14,24310.75,24310.75,24310.75,0,24213629,24214454,2025-11-20 14:21:14,2025-11-20 14:21:58,SHORT,24310.75,24315.75,24310.75,REVERSAL,1,2,40.0,200.0,825,20.0,42.0,0.46208809613420715,,,-0.08333333333333333
4783,2025-11-20 14:21:58,24310.75,24343.5,24259.0,5296,24219750,24219931,2025-11-20 14:27:21,2025-11-20 14:27:26,SHORT,24343.25,24343.25,24333.25,REVERSAL,0,1,40.0,200.0,181,40.0,1.0,0.42620233115189365,,,-0.08291139240506328
4784,2025-11-20 14:27:26,24333.25,24333.25,24333.25,0,24219931,24220065,2025-11-20 14:27:26,2025-11-20 14:27:40,LONG,24333.25,24333.25,24343.25,REVERSAL,0,1,40.0,200.0,134,40.0,11.0,0.42620233115189365,,,-0.08249211356466878
4785,2025-11-20 14:27:40,24343.25,24372.0,24300.5,4185,24224250,24224397,2025-11-20 14:30:55,2025-11-20 14:30:58,LONG,24300.5,24300.5,24310.75,REVERSAL,0,1,41.0,205.0,147,41.0,8.0,0.34227658974527836,,,-0.0820754716981132
4786,2025-11-20 14:30:58,24310.75,24310.75,24310.75,0,24224397,24224855,2025-11-20 14:30:58,2025-11-20 14:31:16,SHORT,24310.75,24310.75,24300.25,REVERSAL,0,1,42.0,210.0,458,42.0,19.0,0.34227658974527836,,,-0.08166144200626958
4787,2025-11-20 14:31:16,24300.25,24306.0,24284.75,645,24225500,24225785,2025-11-20 14:31:54,2025-11-20 14:32:17,SHORT,24298.0,24298.0,24288.0,REVERSAL,0,1,40.0,200.0,285,40.0,27.0,0.32120891330732315,,,-0.08125
4788,2025-11-20 14:32:17,24288.0,24300.0,24262.0,2469,24228254,24228551,2025-11-20 14:34:30,2025-11-20 14:34:51,LONG,24266.5,24266.5,24276.5,REVERSAL,0,1,40.0,200.0,297,40.0,25.0,0.2711528449051267,,,-0.08084112149532709
4789,2025-11-20 14:34:51,24276.5,24311.25,24275.0,949,24229500,24229671,2025-11-20 14:35:42,2025-11-20 14:35:55,SHORT,24308.75,24308.75,24298.75,REVERSAL,0,1,40.0,200.0,171,40.0,15.0,0.2714838534036639,,,-0.08043478260869565
4790,2025-11-20 14:35:55,24298.75,24322.25,24273.75,2329,24232000,24232609,2025-11-20 14:38:30,2025-11-20 14:39:12,LONG,24276.25,24276.25,24286.25,REVERSAL,0,1,40.0,200.0,609,40.0,27.0,0.34480558388724225,,,-0.08003095975232198
4791,2025-11-20 14:39:12,24286.25,24291.25,24265.25,1641,24234250,24234335,2025-11-20 14:40:46,2025-11-20 14:40:48,LONG,24265.25,24265.25,24275.5,REVERSAL,0,1,41.0,205.0,85,41.0,7.0,0.575918189621204,,,-0.07962962962962962
4792,2025-11-20 14:40:48,24275.5,24275.5,24275.5,0,24234335,24235335,2025-11-20 14:40:48,2025-11-20 14:42:05,SHORT,24275.5,24280.5,24275.5,REVERSAL,1,2,40.0,200.0,1000,36.0,43.0,0.575918189621204,,,-0.12923076923076923
4793,2025-11-20 14:42:05,24275.5,24275.5,24275.5,0,24235335,24235594,2025-11-20 14:42:05,2025-11-20 14:42:24,LONG,24275.5,24275.5,24285.75,REVERSAL,0,1,41.0,205.0,259,41.0,32.0,0.24710004100157437,,,-0.12883435582822086
4794,2025-11-20 14:42:24,24285.75,24333.0,24277.25,2656,24238250,24238400,2025-11-20 14:44:23,2025-11-20 14:44:33,SHORT,24325.0,24325.0,24314.75,REVERSAL,0,1,41.0,205.0,150,41.0,6.0,0.4334844747978643,,,-0.12844036697247707
4795,2025-11-20 14:44:33,24314.75,24316.25,24306.25,94,24238494,24238669,2025-11-20 14:44:38,2025-11-20 14:44:54,LONG,24306.25,24306.25,24316.75,REVERSAL,0,1,42.0,210.0,175,42.0,0.0,0.4334844747978643,,,-0.12804878048780488
4796,2025-11-20 14:44:54,24316.75,24334.75,24266.5,2930,24241599,24241781,2025-11-20 14:48:12,2025-11-20 14:48:33,LONG,24288.0,24288.0,24298.25,REVERSAL,0,1,41.0,205.0,182,41.0,22.0,0.2087984490821881,,,-0.1276595744680851
4797,2025-11-20 14:48:33,24298.25,24302.75,24273.5,719,24242500,24242659,2025-11-20 14:49:39,2025-11-20 14:50:00,LONG,24276.25,24276.25,24287.0,REVERSAL,0,1,43.0,215.0,159,43.0,15.0,0.21776301797327005,,,-0.12727272727272726
4798,2025-11-20 14:50:00,24287.0,24287.0,24287.0,0,24242659,24242789,2025-11-20 14:50:00,2025-11-20 14:50:08,SHORT,24287.0,24292.0,24307.25,HARD_STOP,1,2,-122.0,-610.0,130,6.0,61.0,0.21776301797327005,,,-0.1268882175226586
4799,2025-11-20 14:50:08,24307.25,24315.0,24281.5,1961,24244750,24244895,2025-11-20 14:52:18,2025-11-20 14:52:26,SHORT,24311.5,24311.5,24301.0,REVERSAL,0,1,42.0,210.0,145,42.0,4.0,0.275744577652535,,,-0.07951807228915662
4800,2025-11-20 14:52:26,24301.0,24301.0,24301.0,0,24244895,24245135,2025-11-20 14:52:26,2025-11-20 14:52:45,LONG,24301.0,24301.0,24311.25,REVERSAL,0,1,41.0,205.0,240,41.0,24.0,0.275744577652535,,,-0.07912912912912913
4801,2025-11-20 14:52:45,24311.25,24332.25,24308.0,615,24245750,24245883,2025-11-20 14:53:22,2025-11-20 14:53:31,SHORT,24330.5,24330.5,24320.25,REVERSAL,0,1,41.0,205.0,133,41.0,12.0,0.30850691460118984,,,-0.07874251497005987
4802,2025-11-20 14:53:31,24320.25,24320.25,24320.25,0,24245883,24246270,2025-11-20 14:53:31,2025-11-20 14:53:58,LONG,24320.25,24315.0,24320.5,REVERSAL,1,2,44.0,220.0,387,22.0,42.0,0.30850691460118984,,,-0.07835820895522387
4803,2025-11-20 14:53:58,24320.5,24369.75,24319.75,2480,24248750,24248840,2025-11-20 14:55:56,2025-11-20 14:56:00,SHORT,24369.75,24369.75,24359.75,REVERSAL,0,1,40.0,200.0,90,40.0,2.0,0.5258508150880978,,,-0.07797619047619046
4804,2025-11-20 14:56:00,24359.75,24359.75,24359.75,0,24248840,24249704,2025-11-20 14:56:00,2025-11-20 14:56:37,LONG,24359.75,24354.75,24339.75,HARD_STOP,1,2,-120.0,-600.0,864,18.0,60.0,0.5258508150880978,,,-0.07759643916913946
4805,2025-11-20 14:56:37,24339.75,24369.25,24326.25,862,24250566,24251291,2025-11-20 14:57:24,2025-11-20 14:57:55,SHORT,24364.0,24369.0,24384.25,HARD_STOP,1,2,-122.0,-610.0,725,16.0,61.0,0.2632879385400349,,,-0.0301775147928994
4806,2025-11-20 14:57:55,24384.25,24390.75,24378.0,709,24252000,24252283,2025-11-20 14:58:22,2025-11-20 14:58:37,SHORT,24390.0,24390.0,24380.0,REVERSAL,0,1,40.0,200.0,283,40.0,2.0,0.4792099533232093,,,0.017256637168141575
4807,2025-11-20 14:58:37,24380.0,24402.0,24341.0,3967,24256250,24256512,2025-11-20 15:01:14,2025-11-20 15:01:20,LONG,24343.0,24343.0,24353.0,REVERSAL,0,1,40.0,200.0,262,40.0,17.0,0.4064172000421974,,,0.017647058823529405
4808,2025-11-20 15:01:20,24353.0,24366.5,24352.0,238,24256750,24257174,2025-11-20 15:01:31,2025-11-20 15:01:51,LONG,24355.75,24350.75,24335.75,HARD_STOP,1,2,-120.0,-600.0,424,1.0,60.0,0.8807867778287075,,,0.018035190615835778
4809,2025-11-20 15:01:51,24335.75,24335.75,24301.5,1576,24258750,24259728,2025-11-20 15:02:30,2025-11-20 15:03:08,LONG,24305.5,24300.5,24305.5,REVERSAL,1,2,40.0,200.0,978,20.0,58.0,0.6609215623729207,,,0.06549707602339183
4810,2025-11-20 15:03:08,24305.5,24305.5,24294.0,48,24259776,24260082,2025-11-20 15:03:10,2025-11-20 15:03:31,LONG,24294.0,24294.0,24304.25,REVERSAL,0,1,41.0,205.0,306,41.0,17.0,0.5290921184881212,,,0.06588921282798835
4811,2025-11-20 15:03:31,24304.25,24324.5,24304.25,668,24260750,24260798,2025-11-20 15:04:08,2025-11-20 15:04:11,SHORT,24324.5,24324.5,24314.5,REVERSAL,0,1,40.0,200.0,48,40.0,1.0,0.5295922423079437,,,0.06627906976744188
4812,2025-11-20 15:04:11,24314.5,24322.0,24286.5,1219,24262017,24262072,2025-11-20 15:05:12,2025-11-20 15:05:14,LONG,24292.75,24292.75,24302.75,REVERSAL,0,1,40.0,200.0,55,40.0,0.0,0.6626715340419289,,,0.06666666666666668
4813,2025-11-20 15:05:14,24302.75,24302.75,24302.75,0,24262072,24262158,2025-11-20 15:05:14,2025-11-20 15:05:16,SHORT,24302.75,24302.75,24292.75,REVERSAL,0,1,40.0,200.0,86,40.0,0.0,0.6626715340419289,,,0.0670520231213873
4814,2025-11-20 15:05:16,24292.75,24292.75,24292.75,0,24262158,24262408,2025-11-20 15:05:16,2025-11-20 15:05:31,LONG,24292.75,24292.75,24302.75,REVERSAL,0,1,40.0,200.0,250,40.0,21.0,0.6626715340419289,,,0.06743515850144094
4815,2025-11-20 15:05:31,24302.75,24343.25,24301.25,1342,24263750,24263873,2025-11-20 15:06:54,2025-11-20 15:06:58,SHORT,24341.5,24341.5,24331.5,REVERSAL,0,1,40.0,200.0,123,40.0,15.0,0.31236141359359043,,,0.067816091954023
4816,2025-11-20 15:06:58,24331.5,24332.25,24322.25,108,24263981,24264439,2025-11-20 15:07:03,2025-11-20 15:07:20,LONG,24322.25,24317.25,24302.25,HARD_STOP,1,2,-120.0,-600.0,458,15.0,60.0,0.31236141359359043,,,0.06819484240687682
4817,2025-11-20 15:07:20,24302.25,24311.75,24294.5,811,24265250,24265379,2025-11-20 15:08:20,2025-11-20 15:08:29,SHORT,24311.75,24311.75,24301.0,REVERSAL,0,1,43.0,215.0,129,43.0,15.0,0.2953750642671117,,,0.11571428571428571
4818,2025-11-20 15:08:29,24301.0,24301.0,24301.0,0,24265379,24266223,2025-11-20 15:08:29,2025-11-20 15:09:32,LONG,24301.0,24296.0,24301.25,REVERSAL,1,2,42.0,210.0,844,21.0,40.0,0.2953750642671117,,,0.11609686609686609
4819,2025-11-20 15:09:32,24301.25,24307.75,24283.25,777,24267000,24267258,2025-11-20 15:10:41,2025-11-20 15:11:08,SHORT,24304.0,24304.0,24293.5,REVERSAL,0,1,42.0,210.0,258,42.0,14.0,0.2663482543754327,,,0.06647727272727275
4820,2025-11-20 15:11:08,24293.5,24300.25,24272.5,503,24267761,24267938,2025-11-20 15:11:40,2025-11-20 15:11:51,LONG,24276.25,24276.25,24286.25,REVERSAL,0,1,40.0,200.0,177,40.0,6.0,0.23177975424773029,,,0.06685552407932013
4821,2025-11-20 15:11:51,24286.25,24286.25,24286.25,0,24267938,24268065,2025-11-20 15:11:51,2025-11-20 15:11:57,SHORT,24286.25,24286.25,24275.0,REVERSAL,0,1,45.0,225.0,127,45.0,0.0,0.23177975424773029,,,0.06723163841807911
4822,2025-11-20 15:11:57,24275.0,24296.25,24265.75,2435,24270500,24270733,2025-11-20 15:14:45,2025-11-20 15:15:01,SHORT,24291.5,24296.5,24291.0,REVERSAL,1,2,44.0,220.0,233,22.0,40.0,0.5939495686980637,,,0.06760563380281692
4823,2025-11-20 15:15:01,24291.0,24330.0,24282.75,1017,24271750,24271953,2025-11-20 15:16:02,2025-11-20 15:16:09,SHORT,24330.0,24330.0,24319.25,REVERSAL,0,1,43.0,215.0,203,43.0,14.0,0.3822800993167678,,,0.06797752808988766
4824,2025-11-20 15:16:09,24319.25,24321.25,24298.0,325,24272278,24272647,2025-11-20 15:16:33,2025-11-20 15:17:06,SHORT,24309.75,24309.75,24299.75,REVERSAL,0,1,40.0,200.0,369,40.0,29.0,0.5949118176943342,,,0.06834733893557424
4825,2025-11-20 15:17:06,24299.75,24316.75,24297.75,353,24273000,24273314,2025-11-20 15:17:42,2025-11-20 15:18:08,LONG,24304.75,24304.75,24315.0,REVERSAL,0,1,41.0,205.0,314,41.0,35.0,0.2329935792228818,,,0.018715083798882676
4826,2025-11-20 15:18:08,24315.0,24319.75,24309.75,209,24273523,24273650,2025-11-20 15:18:19,2025-11-20 15:18:24,SHORT,24319.75,24324.75,24319.75,REVERSAL,1,2,40.0,200.0,127,20.0,40.0,0.25531363774907656,,,-0.030919220055710295
4827,2025-11-20 15:18:24,24319.75,24320.75,24298.75,360,24274010,24274246,2025-11-20 15:19:02,2025-11-20 15:19:28,SHORT,24310.0,24315.125,24309.25,REVERSAL,1,2,47.0,235.0,236,23.5,41.0,0.2438474261181842,,,-0.030555555555555558
4828,2025-11-20 15:19:28,24309.25,24348.0,24239.5,8819,24283065,24283560,2025-11-20 15:29:04,2025-11-20 15:29:37,LONG,24287.0,24287.0,24297.0,REVERSAL,0,1,40.0,200.0,495,40.0,19.0,0.2703408561125695,,,-0.030193905817174516
4829,2025-11-20 15:29:37,24297.0,24311.5,24283.5,2440,24286000,24286286,2025-11-20 15:31:31,2025-11-20 15:31:46,SHORT,24304.25,24304.25,24294.25,REVERSAL,0,1,40.0,200.0,286,40.0,4.0,0.36125437763469176,,,-0.07983425414364641
4830,2025-11-20 15:31:46,24294.25,24295.5,24260.5,1216,24287502,24287791,2025-11-20 15:32:39,2025-11-20 15:32:55,LONG,24264.0,24264.0,24274.0,REVERSAL,0,1,40.0,200.0,289,40.0,1.0,0.49316176781469817,,,-0.07947658402203857
4831,2025-11-20 15:32:55,24274.0,24295.0,24160.0,11209,24299000,24299290,2025-11-20 15:41:04,2025-11-20 15:41:10,LONG,24160.0,24160.0,24170.0,REVERSAL,0,1,40.0,200.0,290,40.0,16.0,1.8206608116754517,,,-0.07912087912087913
4832,2025-11-20 15:41:10,24170.0,24179.0,24144.25,2960,24302250,24303589,2025-11-20 15:43:08,2025-11-20 15:44:27,LONG,24159.5,24154.5,24159.5,REVERSAL,1,2,40.0,200.0,1339,33.0,40.0,0.5469649693678761,,,-0.07876712328767123
4833,2025-11-20 15:44:27,24159.5,24168.25,24153.25,661,24304250,24304547,2025-11-20 15:45:14,2025-11-20 15:45:28,SHORT,24168.25,24168.25,24158.25,REVERSAL,0,1,40.0,200.0,297,40.0,22.0,0.2883958839829433,,,-0.07841530054644809
4834,2025-11-20 15:45:28,24158.25,24175.25,24129.0,1953,24306500,24307979,2025-11-20 15:46:44,2025-11-20 15:47:46,LONG,24129.0,24129.0,24139.25,REVERSAL,0,1,41.0,205.0,1479,41.0,27.0,0.6846471199980518,,,-0.07806539509536785
4835,2025-11-20 15:47:46,24139.25,24145.75,24124.0,1316,24309295,24309386,2025-11-20 15:48:50,2025-11-20 15:49:00,LONG,24128.75,24128.75,24139.0,REVERSAL,0,1,41.0,205.0,91,41.0,4.0,0.2743187682102686,,,-0.07771739130434784
4836,2025-11-20 15:49:00,24139.0,24139.0,24139.0,0,24309386,24309626,2025-11-20 15:49:00,2025-11-20 15:49:14,SHORT,24139.0,24139.0,24129.0,REVERSAL,0,1,40.0,200.0,240,40.0,10.0,0.2743187682102686,,,-0.07737127371273712
4837,2025-11-21 09:30:00,24203.5,24205.0,24174.5,563,24596000,24596459,2025-11-21 09:30:00,2025-11-21 09:30:02,LONG,24176.25,24176.25,24186.25,REVERSAL,0,1,40.0,200.0,459,40.0,0.0,,,,
4838,2025-11-21 09:30:02,24186.25,24279.25,24182.5,5291,24601750,24601997,2025-11-21 09:30:39,2025-11-21 09:30:41,SHORT,24276.5,24276.5,24266.5,REVERSAL,0,1,40.0,200.0,247,40.0,1.0,0.75,,,
4839,2025-11-21 09:30:41,24266.5,24266.5,24266.5,0,24601997,24602908,2025-11-21 09:30:41,2025-11-21 09:30:51,LONG,24266.5,24261.5,24246.5,HARD_STOP,1,2,-120.0,-600.0,911,25.0,60.0,0.75,,,
4840,2025-11-21 09:30:51,24246.5,24252.75,24242.5,354,24603262,24603749,2025-11-21 09:30:56,2025-11-21 09:31:02,LONG,24242.75,24242.75,24252.75,REVERSAL,0,1,40.0,200.0,487,40.0,5.0,0.8181818181818182,,,
4841,2025-11-21 09:31:02,24252.75,24267.5,24252.75,251,24604000,24604205,2025-11-21 09:31:03,2025-11-21 09:31:06,SHORT,24267.25,24267.25,24256.75,REVERSAL,0,1,42.0,210.0,205,42.0,2.0,0.821576763485477,,,
4842,2025-11-21 09:31:06,24256.75,24256.75,24256.75,0,24604205,24604333,2025-11-21 09:31:06,2025-11-21 09:31:07,LONG,24256.75,24256.75,24267.0,REVERSAL,0,1,41.0,205.0,128,41.0,16.0,0.821576763485477,,,
4843,2025-11-21 09:31:07,24267.0,24273.0,24184.0,8049,24612382,24612734,2025-11-21 09:32:55,2025-11-21 09:33:01,SHORT,24239.5,24239.5,24229.0,REVERSAL,0,1,42.0,210.0,352,42.0,34.0,0.3575297941495124,,,
4844,2025-11-21 09:33:01,24229.0,24234.0,24158.25,4975,24617709,24618009,2025-11-21 09:34:18,2025-11-21 09:34:23,SHORT,24226.0,24231.0,24246.25,HARD_STOP,1,2,-122.0,-610.0,300,11.0,61.0,0.7723035952063912,,,
4845,2025-11-21 09:34:23,24246.25,24258.0,24221.0,1491,24619500,24619753,2025-11-21 09:34:57,2025-11-21 09:35:00,LONG,24222.5,24222.5,24232.75,REVERSAL,0,1,41.0,205.0,253,41.0,5.0,0.4047309908301549,,,
4846,2025-11-21 09:35:00,24232.75,24234.75,24190.5,1497,24621250,24622612,2025-11-21 09:35:26,2025-11-21 09:35:53,LONG,24195.5,24190.5,24196.5,REVERSAL,1,2,48.0,240.0,1362,24.0,52.0,0.498323025920397,,,
4847,2025-11-21 09:35:53,24196.5,24246.75,24193.25,2888,24625500,24626745,2025-11-21 09:36:49,2025-11-21 09:37:14,SHORT,24246.75,24251.75,24244.5,REVERSAL,1,2,58.0,290.0,1245,36.0,45.0,0.443895767092385,,,0.0
4848,2025-11-21 09:37:14,24244.5,24268.75,24232.5,1005,24627750,24627929,2025-11-21 09:37:39,2025-11-21 09:37:44,SHORT,24267.5,24267.5,24257.0,REVERSAL,0,1,42.0,210.0,179,42.0,5.0,0.4588831794048858,,,0.0
4849,2025-11-21 09:37:44,24257.0,24257.0,24257.0,0,24627929,24628210,2025-11-21 09:37:44,2025-11-21 09:37:52,LONG,24257.0,24252.0,24237.0,HARD_STOP,1,2,-120.0,-600.0,281,10.0,60.0,0.4588831794048858,,,0.0
4850,2025-11-21 09:37:52,24237.0,24248.0,24236.75,140,24628350,24628483,2025-11-21 09:37:59,2025-11-21 09:38:01,LONG,24238.0,24238.0,24248.0,REVERSAL,0,1,40.0,200.0,133,40.0,12.0,0.46328508154156833,,,0.0
4851,2025-11-21 09:38:01,24248.0,24260.75,24174.75,3560,24632043,24632293,2025-11-21 09:39:17,2025-11-21 09:39:23,LONG,24183.5,24183.5,24193.5,REVERSAL,0,1,40.0,200.0,250,40.0,11.0,0.5836314847942754,,,0.0
4852,2025-11-21 09:39:23,24193.5,24248.25,24153.0,5957,24638250,24638782,2025-11-21 09:41:34,2025-11-21 09:41:52,SHORT,24243.5,24243.5,24233.5,REVERSAL,0,1,40.0,200.0,532,40.0,33.0,0.44066502977369115,,,0.0
4853,2025-11-21 09:41:52,24233.5,24265.0,24229.75,718,24639500,24639728,2025-11-21 09:42:06,2025-11-21 09:42:12,SHORT,24263.75,24263.75,24253.75,REVERSAL,0,1,40.0,200.0,228,40.0,11.0,0.6229073503966204,,,0.0
4854,2025-11-21 09:42:12,24253.75,24253.75,24253.75,0,24639728,24640023,2025-11-21 09:42:12,2025-11-21 09:42:17,LONG,24253.75,24248.5,24233.5,HARD_STOP,1,2,-120.0,-600.0,295,6.0,60.0,0.6229073503966204,,,0.0
4855,2025-11-21 09:42:17,24233.5,24236.0,24182.25,2229,24642252,24642575,2025-11-21 09:43:08,2025-11-21 09:43:18,LONG,24186.25,24186.25,24198.5,REVERSAL,0,1,49.0,245.0,323,49.0,24.0,0.7971369414698221,,,0.0
4856,2025-11-21 09:43:18,24198.5,24216.25,24170.75,3175,24645750,24646331,2025-11-21 09:45:25,2025-11-21 09:45:42,LONG,24176.0,24171.0,24176.0,REVERSAL,1,2,40.0,200.0,581,39.0,40.0,0.3706686920137306,,,0.0
4857,2025-11-21 09:45:42,24176.0,24183.25,24145.5,919,24647250,24648658,2025-11-21 09:45:58,2025-11-21 09:46:14,LONG,24147.5,24142.375,24127.25,HARD_STOP,1,2,-121.0,-605.0,1408,22.0,60.5,0.842113125154548,,,0.0
4858,2025-11-21 09:46:14,24127.25,24130.25,24120.0,197,24648855,24649851,2025-11-21 09:46:15,2025-11-21 09:46:30,SHORT,24130.25,24135.25,24130.25,REVERSAL,1,2,40.0,200.0,996,20.0,51.0,1.105796350570337,,,0.011904761904761918
4859,2025-11-21 09:46:30,24130.25,24136.25,24111.25,399,24650250,24652228,2025-11-21 09:46:34,2025-11-21 09:47:00,LONG,24118.0,24113.0,24118.0,REVERSAL,1,2,40.0,200.0,1978,30.0,46.0,0.8209189751297075,,,0.022727272727272735
4860,2025-11-21 09:47:00,24118.0,24171.75,24113.5,3022,24655250,24655526,2025-11-21 09:47:42,2025-11-21 09:47:47,LONG,24132.75,24132.75,24143.0,REVERSAL,0,1,41.0,205.0,276,41.0,16.0,0.8187433530432867,,,-0.01739130434782607
4861,2025-11-21 09:47:47,24143.0,24206.25,24138.75,2474,24658000,24658299,2025-11-21 09:48:23,2025-11-21 09:48:24,SHORT,24205.25,24205.25,24195.25,REVERSAL,0,1,40.0,200.0,299,40.0,12.0,1.6319009860427984,,,-0.008333333333333331
4862,2025-11-21 09:48:24,24195.25,24228.25,24168.0,6201,24664500,24664569,2025-11-21 09:50:33,2025-11-21 09:50:35,LONG,24187.25,24187.25,24198.25,REVERSAL,0,1,44.0,220.0,69,44.0,6.0,0.5526677768652998,,,0.0
4863,2025-11-21 09:50:35,24198.25,24198.25,24198.25,0,24664569,24664995,2025-11-21 09:50:35,2025-11-21 09:50:51,SHORT,24198.25,24203.25,24198.25,REVERSAL,1,2,40.0,200.0,426,28.0,41.0,0.5526677768652998,,,0.007692307692307693
4864,2025-11-21 09:50:51,24198.25,24221.25,24177.75,1755,24666750,24666921,2025-11-21 09:51:44,2025-11-21 09:51:50,SHORT,24216.25,24216.25,24205.75,REVERSAL,0,1,42.0,210.0,171,42.0,17.0,0.4821565500020109,,,0.014814814814814836
4865,2025-11-21 09:51:50,24205.75,24205.75,24205.75,0,24666921,24667290,2025-11-21 09:51:50,2025-11-21 09:52:07,LONG,24205.75,24200.75,24185.75,HARD_STOP,1,2,-120.0,-600.0,369,39.0,60.0,0.4821565500020109,,,-0.02857142857142858
4866,2025-11-21 09:52:07,24185.75,24200.25,24184.0,104,24667394,24667898,2025-11-21 09:52:09,2025-11-21 09:52:27,SHORT,24200.25,24205.25,24220.25,HARD_STOP,1,2,-120.0,-600.0,504,39.0,60.0,0.3082882069090132,,,-0.006896551724137917
4867,2025-11-21 09:52:27,24220.25,24243.0,24210.5,1852,24669750,24669815,2025-11-21 09:53:16,2025-11-21 09:53:19,LONG,24211.0,24211.0,24221.25,REVERSAL,0,1,41.0,205.0,65,41.0,0.0,0.4926935319892885,,,0.016666666666666663
4868,2025-11-21 09:53:19,24221.25,24221.25,24221.25,0,24669815,24669998,2025-11-21 09:53:19,2025-11-21 09:53:27,SHORT,24221.25,24226.25,24220.0,REVERSAL,1,2,50.0,250.0,183,25.0,40.0,0.4926935319892885,,,0.02419354838709678
4869,2025-11-21 09:53:27,24220.0,24298.0,24219.25,3002,24673000,24673149,2025-11-21 09:54:50,2025-11-21 09:54:53,SHORT,24296.0,24296.0,24285.5,REVERSAL,0,1,42.0,210.0,149,42.0,8.0,0.43799281116067046,,,0.03125
4870,2025-11-21 09:54:53,24285.5,24285.5,24285.5,0,24673149,24673593,2025-11-21 09:54:53,2025-11-21 09:55:01,LONG,24285.5,24280.5,24265.5,HARD_STOP,1,2,-120.0,-600.0,444,4.0,60.0,0.43799281116067046,,,-0.012121212121212116
4871,2025-11-21 09:55:01,24265.5,24271.0,24260.5,170,24673763,24674671,2025-11-21 09:55:03,2025-11-21 09:55:36,SHORT,24271.0,24271.0,24260.5,REVERSAL,0,1,42.0,210.0,908,42.0,39.0,0.5839216353552616,,,0.01470588235294118
4872,2025-11-21 09:55:36,24260.5,24260.5,24260.5,0,24674671,24675603,2025-11-21 09:55:36,2025-11-21 09:56:04,LONG,24260.5,24255.375,24240.0,HARD_STOP,1,2,-123.0,-615.0,932,38.0,61.5,0.3522275522285203,,,0.021428571428571436
4873,2025-11-21 09:56:04,24240.0,24242.5,24213.0,647,24676250,24676326,2025-11-21 09:56:15,2025-11-21 09:56:16,LONG,24217.5,24217.5,24227.5,REVERSAL,0,1,40.0,200.0,76,40.0,1.0,0.5913225260296929,,,0.04999999999999999
4874,2025-11-21 09:56:16,24227.5,24227.5,24227.5,0,24676326,24676434,2025-11-21 09:56:16,2025-11-21 09:56:18,SHORT,24227.5,24227.5,24216.75,REVERSAL,0,1,43.0,215.0,108,43.0,7.0,0.5913225260296929,,,0.05675675675675673
4875,2025-11-21 09:56:18,24216.75,24216.75,24216.75,0,24676434,24676471,2025-11-21 09:56:18,2025-11-21 09:56:19,LONG,24216.75,24216.75,24227.0,REVERSAL,0,1,41.0,205.0,37,41.0,0.0,0.5913225260296929,,,0.013157894736842118
4876,2025-11-21 09:56:19,24227.0,24227.0,24227.0,0,24676471,24676603,2025-11-21 09:56:19,2025-11-21 09:56:25,SHORT,24227.0,24227.0,24216.25,REVERSAL,0,1,43.0,215.0,132,43.0,2.0,0.5913225260296929,,,0.019230769230769218
4877,2025-11-21 09:56:25,24216.25,24216.25,24182.75,647,24677250,24677550,2025-11-21 09:56:34,2025-11-21 09:56:37,LONG,24182.75,24182.75,24193.25,REVERSAL,0,1,42.0,210.0,300,42.0,29.0,0.7113476348726395,,,0.024999999999999994
4878,2025-11-21 09:56:37,24193.25,24213.0,24170.0,2700,24680250,24680275,2025-11-21 09:58:11,2025-11-21 09:58:11,SHORT,24210.75,24210.75,24200.5,REVERSAL,0,1,41.0,205.0,25,41.0,0.0,0.27796914803415584,,,-0.01951219512195121
4879,2025-11-21 09:58:11,24200.5,24200.5,24200.5,0,24680275,24680853,2025-11-21 09:58:11,2025-11-21 09:58:35,LONG,24200.5,24195.5,24200.5,REVERSAL,1,2,40.0,200.0,578,32.0,46.0,0.27796914803415584,,,-0.014285714285714263
4880,2025-11-21 09:58:35,24200.5,24200.5,24200.5,0,24680853,24681578,2025-11-21 09:58:35,2025-11-21 09:59:30,SHORT,24200.5,24200.5,24190.0,REVERSAL,0,1,42.0,210.0,725,42.0,34.0,0.36267954368927824,,,-0.009302325581395349
4881,2025-11-21 09:59:30,24190.0,24224.25,24171.5,1172,24682750,24682768,2025-11-21 10:00:08,2025-11-21 10:00:09,SHORT,24221.5,24221.5,24211.0,REVERSAL,0,1,42.0,210.0,18,42.0,0.0,1.2247912210778864,,,-0.004545454545454547
4882,2025-11-21 10:00:09,24211.0,24216.5,24206.5,36,24682804,24683621,2025-11-21 10:00:10,2025-11-21 10:00:34,SHORT,24216.5,24221.5,24216.25,REVERSAL,1,2,42.0,210.0,817,33.0,40.0,1.2247912210778864,,,0.0
4883,2025-11-21 10:00:34,24216.25,24216.25,24146.25,1629,24685250,24686077,2025-11-21 10:01:03,2025-11-21 10:01:11,LONG,24147.25,24142.25,24127.25,HARD_STOP,1,2,-120.0,-600.0,827,30.0,60.0,1.2324880695127014,,,0.004347826086956524
4884,2025-11-21 10:01:11,24127.25,24139.0,24122.5,1423,24687500,24687629,2025-11-21 10:01:32,2025-11-21 10:01:35,LONG,24124.0,24124.0,24134.0,REVERSAL,0,1,40.0,200.0,129,40.0,2.0,1.2224395541637991,,,0.03723404255319149
4885,2025-11-21 10:01:35,24134.0,24134.0,24134.0,0,24687629,24688021,2025-11-21 10:01:35,2025-11-21 10:01:44,SHORT,24134.0,24134.0,24124.0,REVERSAL,0,1,40.0,200.0,392,40.0,25.0,1.2224395541637991,,,0.04166666666666666
4886,2025-11-21 10:01:44,24124.0,24139.0,24095.0,2979,24691000,24691133,2025-11-21 10:02:43,2025-11-21 10:02:46,LONG,24095.5,24095.5,24105.5,REVERSAL,0,1,40.0,200.0,133,40.0,1.0,1.8462195331673477,,,-0.004081632653061218
4887,2025-11-21 10:02:46,24105.5,24105.5,24105.5,0,24691133,24691682,2025-11-21 10:02:46,2025-11-21 10:03:03,SHORT,24105.5,24105.5,24095.5,REVERSAL,0,1,40.0,200.0,549,40.0,12.0,1.8462195331673477,,,-0.05000000000000002
4888,2025-11-21 10:03:03,24095.5,24098.25,24074.25,1318,24693000,24693289,2025-11-21 10:03:18,2025-11-21 10:03:24,SHORT,24094.75,24094.75,24084.75,REVERSAL,0,1,40.0,200.0,289,40.0,36.0,1.2300985729618943,,,-0.04607843137254902
4889,2025-11-21 10:03:24,24084.75,24139.0,24082.25,4211,24697500,24697728,2025-11-21 10:04:46,2025-11-21 10:04:49,SHORT,24137.0,24142.0,24136.75,REVERSAL,1,2,42.0,210.0,228,21.0,40.0,0.7450496512802203,,,-0.042307692307692324
4890,2025-11-21 10:04:49,24136.75,24177.25,24125.5,1272,24699000,24699130,2025-11-21 10:05:10,2025-11-21 10:05:12,SHORT,24174.75,24174.75,24164.75,REVERSAL,0,1,40.0,200.0,130,40.0,7.0,1.8587306933611554,,,-0.03867924528301889
4891,2025-11-21 10:05:12,24164.75,24164.75,24164.75,0,24699130,24699306,2025-11-21 10:05:12,2025-11-21 10:05:14,LONG,24164.75,24164.75,24174.75,REVERSAL,0,1,40.0,200.0,176,40.0,25.0,1.8587306933611554,,,-0.08518518518518517
4892,2025-11-21 10:05:14,24174.75,24196.25,24168.25,2194,24701500,24701697,2025-11-21 10:06:04,2025-11-21 10:06:05,LONG,24171.0,24171.0,24181.5,REVERSAL,0,1,42.0,210.0,197,42.0,8.0,0.46758169017366275,,,-0.08181818181818182
4893,2025-11-21 10:06:05,24181.5,24181.5,24181.5,0,24701697,24701918,2025-11-21 10:06:05,2025-11-21 10:06:08,SHORT,24181.5,24186.75,24201.75,HARD_STOP,1,2,-120.0,-600.0,221,0.0,60.0,0.46758169017366275,,,-0.12857142857142856
4894,2025-11-21 10:06:08,24201.75,24219.0,24198.0,1582,24703500,24703524,2025-11-21 10:06:33,2025-11-21 10:06:34,LONG,24206.0,24206.0,24216.0,REVERSAL,0,1,40.0,200.0,24,40.0,0.0,0.9296927016070502,,,-0.09298245614035086
4895,2025-11-21 10:06:34,24216.0,24216.0,24216.0,0,24703524,24704023,2025-11-21 10:06:34,2025-11-21 10:06:45,SHORT,24216.0,24216.0,24206.0,REVERSAL,0,1,40.0,200.0,499,40.0,33.0,0.9296927016070502,,,-0.08965517241379309
4896,2025-11-21 10:06:45,24206.0,24211.75,24196.75,227,24704250,24704352,2025-11-21 10:06:49,2025-11-21 10:06:53,LONG,24198.25,24198.25,24208.25,REVERSAL,0,1,40.0,200.0,102,40.0,12.0,0.7452871457523991,,,-0.08644067796610169
4897,2025-11-21 10:06:53,24208.25,24208.25,24208.25,0,24704352,24704577,2025-11-21 10:06:53,2025-11-21 10:07:01,SHORT,24208.25,24213.375,24208.5,REVERSAL,1,2,39.0,195.0,225,19.5,41.0,0.7452871457523991,,,-0.08333333333333331
4898,2025-11-21 10:07:01,24208.5,24208.75,24175.5,923,24705500,24705592,2025-11-21 10:07:26,2025-11-21 10:07:27,LONG,24177.0,24177.0,24187.75,REVERSAL,0,1,43.0,215.0,92,43.0,0.0,0.5351476991021852,,,-0.08032786885245902
4899,2025-11-21 10:07:27,24187.75,24197.75,24187.75,53,24705645,24705880,2025-11-21 10:07:29,2025-11-21 10:07:36,SHORT,24197.75,24197.75,24187.75,REVERSAL,0,1,40.0,200.0,235,40.0,29.0,0.5351476991021852,,,-0.07741935483870968
4900,2025-11-21 10:07:36,24187.75,24187.75,24097.5,9842,24715722,24716088,2025-11-21 10:11:40,2025-11-21 10:11:51,LONG,24118.25,24112.875,24117.5,REVERSAL,1,2,37.0,185.0,366,18.5,44.5,0.42564510444912823,,,-0.07460317460317459
4901,2025-11-21 10:11:51,24117.5,24136.75,24080.75,6412,24722500,24722712,2025-11-21 10:15:05,2025-11-21 10:15:13,LONG,24097.75,24097.75,24108.75,REVERSAL,0,1,44.0,220.0,212,44.0,16.0,0.32666896708536397,,,-0.071875
4902,2025-11-21 10:15:13,24108.75,24143.25,24099.0,1553,24724265,24724342,2025-11-21 10:15:48,2025-11-21 10:15:51,SHORT,24121.25,24121.25,24110.5,REVERSAL,0,1,43.0,215.0,77,43.0,0.0,0.7872217437632559,,,-0.06923076923076923
4903,2025-11-21 10:15:51,24110.5,24114.25,24104.25,72,24724414,24724729,2025-11-21 10:15:54,2025-11-21 10:16:03,LONG,24104.25,24099.125,24105.5,REVERSAL,1,2,51.0,255.0,315,25.5,41.0,0.7872217437632559,,,-0.06666666666666665
4904,2025-11-21 10:16:03,24105.5,24112.5,24089.5,544,24725273,24725450,2025-11-21 10:16:16,2025-11-21 10:16:19,SHORT,24101.25,24101.25,24091.25,REVERSAL,0,1,40.0,200.0,177,40.0,26.0,0.4931389596000963,,,-0.11417910447761194
4905,2025-11-21 10:16:19,24091.25,24091.25,24091.25,0,24725450,24725750,2025-11-21 10:16:19,2025-11-21 10:16:29,LONG,24091.25,24091.25,24101.5,REVERSAL,0,1,41.0,205.0,300,41.0,15.0,0.4931389596000963,,,-0.11176470588235295
4906,2025-11-21 10:16:29,24101.5,24122.0,24096.5,500,24726250,24726302,2025-11-21 10:16:44,2025-11-21 10:16:46,SHORT,24122.0,24122.0,24111.25,REVERSAL,0,1,43.0,215.0,52,43.0,1.0,0.3596301303060705,,,-0.10942028985507245
4907,2025-11-21 10:16:46,24111.25,24111.5,24101.75,152,24726454,24726720,2025-11-21 10:16:53,2025-11-21 10:17:02,LONG,24101.75,24096.75,24081.75,HARD_STOP,1,2,-120.0,-600.0,266,8.0,60.0,0.3596301303060705,,,-0.10714285714285714
4908,2025-11-21 10:17:02,24081.75,24081.75,24051.75,1780,24728500,24729098,2025-11-21 10:17:35,2025-11-21 10:17:44,LONG,24052.75,24052.75,24062.75,REVERSAL,0,1,40.0,200.0,598,40.0,29.0,0.7899510496496086,,,-0.06901408450704224
4909,2025-11-21 10:17:44,24062.75,24147.0,24049.75,4521,24733619,24734370,2025-11-21 10:19:33,2025-11-21 10:20:05,SHORT,24132.5,24137.5,24131.0,REVERSAL,1,2,52.0,260.0,751,36.0,40.0,0.9934646239165476,,,-0.06666666666666665
4910,2025-11-21 10:20:05,24131.0,24133.25,24060.5,2440,24736810,24737127,2025-11-21 10:21:00,2025-11-21 10:21:08,LONG,24084.25,24079.125,24064.0,HARD_STOP,1,2,-121.0,-605.0,317,3.0,60.5,0.8005082702474946,,,-0.0643835616438356
4911,2025-11-21 10:21:08,24064.0,24067.25,24048.75,1123,24738250,24738465,2025-11-21 10:21:36,2025-11-21 10:21:45,SHORT,24064.75,24064.75,24054.75,REVERSAL,0,1,40.0,200.0,215,40.0,39.0,0.8029394266240957,,,-0.02567567567567569
4912,2025-11-21 10:21:45,24054.75,24054.75,24054.75,0,24738465,24738994,2025-11-21 10:21:45,2025-11-21 10:22:02,LONG,24054.75,24049.625,24034.5,HARD_STOP,1,2,-121.0,-605.0,529,0.0,60.5,0.8029394266240957,,,-0.023333333333333345
4913,2025-11-21 10:22:02,24034.5,24096.25,24027.25,2491,24741485,24741794,2025-11-21 10:22:40,2025-11-21 10:22:43,SHORT,24090.0,24095.0,24110.0,HARD_STOP,1,2,-120.0,-600.0,309,12.0,60.0,1.0050125833725292,,,0.015789473684210548
4914,2025-11-21 10:22:43,24110.0,24128.75,24110.0,456,24742250,24742435,2025-11-21 10:22:47,2025-11-21 10:22:51,SHORT,24127.25,24127.25,24116.75,REVERSAL,0,1,42.0,210.0,185,42.0,3.0,1.3353827133346912,,,0.0051948051948051965
4915,2025-11-21 10:22:51,24116.75,24116.75,24116.75,0,24742435,24742922,2025-11-21 10:22:51,2025-11-21 10:22:59,LONG,24116.75,24111.75,24116.75,REVERSAL,1,2,40.0,200.0,487,20.0,40.0,1.3353827133346912,,,0.007692307692307693
4916,2025-11-21 10:22:59,24116.75,24147.25,24099.75,2328,24745250,24745378,2025-11-21 10:23:50,2025-11-21 10:23:53,SHORT,24144.5,24144.5,24133.75,REVERSAL,0,1,43.0,215.0,128,43.0,8.0,0.44427151850375357,,,0.010126582278481011
4917,2025-11-21 10:23:53,24133.75,24133.75,24133.75,0,24745378,24745934,2025-11-21 10:23:53,2025-11-21 10:24:05,LONG,24133.75,24128.75,24113.5,HARD_STOP,1,2,-122.0,-610.0,556,19.0,61.0,0.44427151850375357,,,0.012500000000000011
4918,2025-11-21 10:24:05,24113.5,24117.5,24087.5,646,24746580,24746695,2025-11-21 10:24:20,2025-11-21 10:24:22,LONG,24093.25,24093.25,24103.25,REVERSAL,0,1,40.0,200.0,115,40.0,10.0,0.6679622324736403,,,0.05246913580246915
4919,2025-11-21 10:24:22,24103.25,24103.25,24103.25,0,24746695,24746937,2025-11-21 10:24:22,2025-11-21 10:24:29,SHORT,24103.25,24108.375,24123.75,HARD_STOP,1,2,-123.0,-615.0,242,5.0,61.5,0.6679622324736403,,,0.0548780487804878
4920,2025-11-21 10:24:29,24123.75,24144.0,24123.75,313,24747250,24747438,2025-11-21 10:24:34,2025-11-21 10:24:39,SHORT,24141.0,24141.0,24131.0,REVERSAL,0,1,40.0,200.0,188,40.0,21.0,0.5012712350243995,,,0.09518072289156626
4921,2025-11-21 10:24:39,24131.0,24131.0,24131.0,0,24747438,24747595,2025-11-21 10:24:39,2025-11-21 10:24:43,LONG,24131.0,24131.0,24141.75,REVERSAL,0,1,43.0,215.0,157,43.0,19.0,0.5012712350243995,,,0.0976190476190476
4922,2025-11-21 10:24:43,24141.75,24206.5,24141.25,3155,24750750,24750917,2025-11-21 10:25:42,2025-11-21 10:25:47,LONG,24157.75,24157.75,24167.75,REVERSAL,0,1,40.0,200.0,167,40.0,9.0,0.6695055971813194,,,0.09999999999999998
4923,2025-11-21 10:25:47,24167.75,24167.75,24167.75,0,24750917,24751031,2025-11-21 10:25:47,2025-11-21 10:25:50,SHORT,24167.75,24167.75,24157.75,REVERSAL,0,1,40.0,200.0,114,40.0,0.0,0.6695055971813194,,,0.10232558139534884
4924,2025-11-21 10:25:50,24157.75,24176.5,24095.0,2219,24753250,24753355,2025-11-21 10:26:40,2025-11-21 10:26:44,LONG,24099.25,24099.25,24109.25,REVERSAL,0,1,40.0,200.0,105,40.0,16.0,1.007714456069855,,,0.10459770114942527
4925,2025-11-21 10:26:44,24109.25,24109.25,24109.25,0,24753355,24753885,2025-11-21 10:26:44,2025-11-21 10:27:01,SHORT,24109.25,24114.625,24110.0,REVERSAL,1,2,37.0,185.0,530,18.5,43.0,1.007714456069855,,,0.10681818181818181
4926,2025-11-21 10:27:01,24110.0,24117.75,24107.0,179,24754064,24754556,2025-11-21 10:27:05,2025-11-21 10:27:26,SHORT,24117.75,24122.75,24117.5,REVERSAL,1,2,42.0,210.0,492,33.0,46.0,0.44886774076989006,,,0.10898876404494381
4927,2025-11-21 10:27:26,24117.5,24118.75,24047.0,2889,24757445,24757555,2025-11-21 10:28:42,2025-11-21 10:28:44,LONG,24063.5,24063.5,24073.75,REVERSAL,0,1,41.0,205.0,110,41.0,13.0,0.6775015461378688,,,0.1111111111111111
4928,2025-11-21 10:28:44,24073.75,24079.25,24042.5,695,24758250,24758503,2025-11-21 10:29:00,2025-11-21 10:29:06,LONG,24044.0,24044.0,24054.0,REVERSAL,0,1,40.0,200.0,253,40.0,36.0,0.6789929181185694,,,0.06318681318681318
4929,2025-11-21 10:29:06,24054.0,24054.5,24034.75,500,24759003,24759535,2025-11-21 10:29:23,2025-11-21 10:29:40,LONG,24039.5,24034.5,24039.5,REVERSAL,1,2,40.0,200.0,532,22.0,40.0,0.45360749472102563,,,0.06521739130434784
4930,2025-11-21 10:29:40,24039.5,24052.75,24022.0,1074,24760609,24760769,2025-11-21 10:30:09,2025-11-21 10:30:14,SHORT,24037.5,24037.5,24027.0,REVERSAL,0,1,42.0,210.0,160,42.0,8.0,1.364422422626896,,,0.06720430107526881
4931,2025-11-21 10:30:14,24027.0,24084.5,24021.5,4998,24765767,24765965,2025-11-21 10:32:38,2025-11-21 10:32:41,SHORT,24079.25,24079.25,24069.0,REVERSAL,0,1,41.0,205.0,198,41.0,28.0,0.8276692998535428,,,0.019148936170212766
4932,2025-11-21 10:32:41,24069.0,24069.0,24069.0,0,24765965,24766323,2025-11-21 10:32:41,2025-11-21 10:32:55,LONG,24069.0,24064.0,24069.5,REVERSAL,1,2,44.0,220.0,358,22.0,40.0,0.8276692998535428,,,0.02105263157894738
4933,2025-11-21 10:32:55,24069.5,24075.5,24009.25,3429,24769752,24770049,2025-11-21 10:34:37,2025-11-21 10:34:47,LONG,24012.75,24012.75,24022.75,REVERSAL,0,1,40.0,200.0,297,40.0,4.0,0.5211090810333066,,,-0.027083333333333348
4934,2025-11-21 10:34:47,24022.75,24034.0,24021.5,203,24770252,24770414,2025-11-21 10:34:53,2025-11-21 10:34:56,SHORT,24032.0,24032.0,24022.0,REVERSAL,0,1,40.0,200.0,162,40.0,16.0,0.5218261479013391,,,-0.07525773195876287
4935,2025-11-21 10:34:56,24022.0,24022.0,24022.0,0,24770414,24771218,2025-11-21 10:34:56,2025-11-21 10:35:11,LONG,24022.0,24017.0,24002.0,HARD_STOP,1,2,-120.0,-600.0,804,8.0,60.0,0.5218261479013391,,,-0.07346938775510203
4936,2025-11-21 10:35:11,24002.0,24009.25,23997.25,164,24771382,24771927,2025-11-21 10:35:12,2025-11-21 10:35:26,SHORT,24009.25,24009.25,23999.25,REVERSAL,0,1,40.0,200.0,545,40.0,11.0,0.6955949343439661,,,-0.03181818181818183
4937,2025-11-21 10:35:26,23999.25,24004.0,23980.0,1073,24773000,24773129,2025-11-21 10:35:43,2025-11-21 10:35:43,LONG,23980.0,23980.0,23990.0,REVERSAL,0,1,40.0,200.0,129,40.0,11.0,0.8348010115547773,,,-0.03
4938,2025-11-21 10:35:43,23990.0,23990.0,23990.0,0,24773129,24773328,2025-11-21 10:35:43,2025-11-21 10:35:47,SHORT,23990.0,23990.0,23979.75,REVERSAL,0,1,41.0,205.0,199,41.0,12.0,0.8348010115547773,,,-0.0782178217821782
4939,2025-11-21 10:35:47,23979.75,23987.0,23969.0,1683,24775011,24775481,2025-11-21 10:36:11,2025-11-21 10:36:25,LONG,23976.25,23976.25,23986.25,REVERSAL,0,1,40.0,200.0,470,40.0,36.0,1.3830035529729758,,,-0.07647058823529412
4940,2025-11-21 10:36:25,23986.25,23989.25,23945.5,1019,24776500,24776815,2025-11-21 10:36:40,2025-11-21 10:36:46,LONG,23949.0,23949.0,23959.0,REVERSAL,0,1,40.0,200.0,315,40.0,23.0,1.3822446749303705,,,-0.12475728155339806
4941,2025-11-21 10:36:46,23959.0,23959.75,23928.25,1185,24778000,24778272,2025-11-21 10:37:13,2025-11-21 10:37:18,LONG,23928.25,23928.25,23938.25,REVERSAL,0,1,40.0,200.0,272,40.0,4.0,0.8309889127575545,,,-0.12307692307692307
4942,2025-11-21 10:37:18,23938.25,23968.0,23935.75,978,24779250,24779520,2025-11-21 10:37:36,2025-11-21 10:37:42,SHORT,23966.25,23966.25,23956.0,REVERSAL,0,1,41.0,205.0,270,41.0,27.0,0.6927003792805361,,,-0.12142857142857143
4943,2025-11-21 10:37:42,23956.0,23974.25,23939.75,1853,24781373,24781506,2025-11-21 10:38:19,2025-11-21 10:38:24,LONG,23957.0,23957.0,23967.25,REVERSAL,0,1,41.0,205.0,133,41.0,11.0,0.6932181607854024,,,-0.11981132075471697
4944,2025-11-21 10:38:24,23967.25,23982.5,23959.5,494,24782000,24782464,2025-11-21 10:38:40,2025-11-21 10:38:54,SHORT,23982.0,23982.0,23971.5,REVERSAL,0,1,42.0,210.0,464,42.0,12.0,0.5952667003969419,,,-0.11822429906542055
4945,2025-11-21 10:38:54,23971.5,23973.75,23941.75,1286,24783750,24784143,2025-11-21 10:39:25,2025-11-21 10:39:36,LONG,23945.0,23945.0,23955.0,REVERSAL,0,1,40.0,200.0,393,40.0,28.0,0.597065584410124,,,-0.11666666666666665
4946,2025-11-21 10:39:36,23955.0,23961.0,23943.5,367,24784510,24785676,2025-11-21 10:39:52,2025-11-21 10:40:19,LONG,23949.75,23944.75,23949.75,REVERSAL,1,2,40.0,200.0,1166,22.0,59.0,0.5234961901678584,,,-0.11513761467889909
4947,2025-11-21 10:40:19,23949.75,23963.25,23942.75,590,24786266,24786354,2025-11-21 10:40:28,2025-11-21 10:40:30,SHORT,23960.25,23960.25,23950.0,REVERSAL,0,1,41.0,205.0,88,41.0,1.0,1.0472601122152623,,,-0.11363636363636363
4948,2025-11-21 10:40:30,23950.0,23950.0,23950.0,0,24786354,24786411,2025-11-21 10:40:30,2025-11-21 10:40:31,LONG,23950.0,23950.0,23960.0,REVERSAL,0,1,40.0,200.0,57,40.0,1.0,1.0472601122152623,,,-0.11216216216216217
4949,2025-11-21 10:40:31,23960.0,23960.0,23960.0,0,24786411,24786863,2025-11-21 10:40:31,2025-11-21 10:40:39,SHORT,23960.0,23965.0,23960.0,REVERSAL,1,2,40.0,200.0,452,20.0,42.0,1.0472601122152623,,,-0.11071428571428572
4950,2025-11-21 10:40:39,23960.0,24000.0,23938.5,1887,24788750,24788909,2025-11-21 10:41:30,2025-11-21 10:41:33,SHORT,23994.0,23994.0,23984.0,REVERSAL,0,1,40.0,200.0,159,40.0,7.0,1.4002979282981238,,,-0.10929203539823008
4951,2025-11-21 10:41:33,23984.0,23984.0,23984.0,0,24788909,24789290,2025-11-21 10:41:33,2025-11-21 10:41:46,LONG,23984.0,23978.875,23984.0,REVERSAL,1,2,41.0,205.0,381,36.0,41.5,1.4002979282981238,,,-0.10789473684210525
4952,2025-11-21 10:41:46,23984.0,23986.5,23969.0,210,24789500,24789802,2025-11-21 10:41:56,2025-11-21 10:42:04,LONG,23970.25,23970.25,23980.5,REVERSAL,0,1,41.0,205.0,302,41.0,18.0,0.46764276739338606,,,-0.10652173913043479
4953,2025-11-21 10:42:04,23980.5,23994.5,23961.25,698,24790500,24790682,2025-11-21 10:42:28,2025-11-21 10:42:35,LONG,23965.75,23965.75,23975.75,REVERSAL,0,1,40.0,200.0,182,40.0,23.0,0.4218302191779451,,,-0.10517241379310345
4954,2025-11-21 10:42:35,23975.75,23975.75,23975.75,0,24790682,24790911,2025-11-21 10:42:35,2025-11-21 10:42:44,SHORT,23975.75,23980.875,23975.0,REVERSAL,1,2,47.0,235.0,229,23.5,41.0,0.4218302191779451,,,-0.10384615384615385
4955,2025-11-21 10:42:44,23975.0,24006.5,23972.0,839,24791750,24791884,2025-11-21 10:43:04,2025-11-21 10:43:10,SHORT,24005.25,24005.25,23995.25,REVERSAL,0,1,40.0,200.0,134,40.0,0.0,0.7046062490062042,,,-0.10254237288135594
4956,2025-11-21 10:43:10,23995.25,24001.0,23990.5,110,24791994,24792166,2025-11-21 10:43:14,2025-11-21 10:43:18,SHORT,24001.0,24006.125,24001.25,REVERSAL,1,2,39.0,195.0,172,19.5,41.0,0.7046062490062042,,,-0.15126050420168066
4957,2025-11-21 10:43:18,24001.25,24046.5,23979.0,2334,24794500,24795512,2025-11-21 10:44:13,2025-11-21 10:44:31,SHORT,24041.5,24046.5,24041.25,REVERSAL,1,2,42.0,210.0,1012,34.0,42.0,1.0566677204815065,,,-0.15
4958,2025-11-21 10:44:31,24041.25,24046.75,24031.0,238,24795750,24796092,2025-11-21 10:44:37,2025-11-21 10:44:49,SHORT,24044.5,24049.5,24043.75,REVERSAL,1,2,46.0,230.0,342,23.0,40.0,0.7041954276531366,,,-0.1487603305785124
4959,2025-11-21 10:44:49,24043.75,24050.5,24000.75,2158,24798250,24798413,2025-11-21 10:45:37,2025-11-21 10:45:40,SHORT,24050.5,24050.5,24039.75,REVERSAL,0,1,43.0,215.0,163,43.0,23.0,1.0592375604644477,,,-0.14754098360655737
4960,2025-11-21 10:45:40,24039.75,24039.75,24039.75,0,24798413,24798650,2025-11-21 10:45:40,2025-11-21 10:45:47,LONG,24039.75,24034.625,24039.5,REVERSAL,1,2,39.0,195.0,237,19.5,41.0,1.0592375604644477,,,-0.14634146341463414
4961,2025-11-21 10:45:47,24039.5,24055.0,24019.75,852,24799502,24799747,2025-11-21 10:46:20,2025-11-21 10:46:36,SHORT,24046.75,24046.75,24036.25,REVERSAL,0,1,42.0,210.0,245,42.0,19.0,0.5310986129802683,,,-0.14516129032258066
4962,2025-11-21 10:46:36,24036.25,24036.25,24036.25,0,24799747,24799869,2025-11-21 10:46:36,2025-11-21 10:46:40,LONG,24036.25,24036.25,24046.25,REVERSAL,0,1,40.0,200.0,122,40.0,28.0,0.5310986129802683,,,-0.144
4963,2025-11-21 10:46:40,24046.25,24077.75,24042.0,1631,24801500,24801763,2025-11-21 10:47:27,2025-11-21 10:47:33,SHORT,24074.0,24074.0,24063.5,REVERSAL,0,1,42.0,210.0,263,42.0,26.0,0.6094328694152538,,,-0.14285714285714285
4964,2025-11-21 10:47:33,24063.5,24094.75,24056.25,1237,24803000,24803052,2025-11-21 10:48:11,2025-11-21 10:48:13,LONG,24059.5,24059.5,24069.5,REVERSAL,0,1,40.0,200.0,52,40.0,0.0,0.3888482205234768,,,-0.14173228346456693
4965,2025-11-21 10:48:13,24069.5,24069.5,24069.5,0,24803052,24803301,2025-11-21 10:48:13,2025-11-21 10:48:23,SHORT,24069.5,24069.5,24059.5,REVERSAL,0,1,40.0,200.0,249,40.0,29.0,0.3888482205234768,,,-0.140625
4966,2025-11-21 10:48:23,24059.5,24102.25,24052.5,1949,24805250,24805459,2025-11-21 10:49:39,2025-11-21 10:49:46,SHORT,24101.75,24101.75,24091.5,REVERSAL,0,1,41.0,205.0,209,41.0,6.0,0.4779732001685098,,,-0.13953488372093023
4967,2025-11-21 10:49:46,24091.5,24091.5,24091.5,0,24805459,24805522,2025-11-21 10:49:46,2025-11-21 10:49:47,LONG,24091.5,24091.5,24102.5,REVERSAL,0,1,44.0,220.0,63,44.0,5.0,0.4779732001685098,,,-0.13846153846153847
4968,2025-11-21 10:49:47,24102.5,24106.0,24057.75,1979,24807501,24807561,2025-11-21 10:50:54,2025-11-21 10:50:56,SHORT,24095.5,24095.5,24085.5,REVERSAL,0,1,40.0,200.0,60,40.0,3.0,0.4323167094120049,,,-0.13740458015267176
4969,2025-11-21 10:50:56,24085.5,24085.5,24085.5,0,24807561,24807608,2025-11-21 10:50:56,2025-11-21 10:50:58,LONG,24085.5,24085.5,24095.75,REVERSAL,0,1,41.0,205.0,47,41.0,5.0,0.4323167094120049,,,-0.13636363636363635
4970,2025-11-21 10:50:58,24095.75,24095.75,24095.75,0,24807608,24807745,2025-11-21 10:50:58,2025-11-21 10:51:07,SHORT,24095.75,24095.75,24085.75,REVERSAL,0,1,40.0,200.0,137,40.0,2.0,0.4323167094120049,,,-0.13533834586466165
4971,2025-11-21 10:51:07,24085.75,24085.75,24085.75,0,24807745,24808133,2025-11-21 10:51:07,2025-11-21 10:51:19,LONG,24085.75,24080.375,24065.25,HARD_STOP,1,2,-121.0,-605.0,388,26.0,60.5,0.4323167094120049,,,-0.13432835820895522
4972,2025-11-21 10:51:19,24065.25,24099.0,24010.0,5617,24813750,24813812,2025-11-21 10:54:46,2025-11-21 10:54:47,SHORT,24098.25,24098.25,24088.25,REVERSAL,0,1,40.0,200.0,62,40.0,2.0,0.8767677111346993,,,-0.09074074074074075
4973,2025-11-21 10:54:47,24088.25,24095.0,24085.0,143,24813955,24814040,2025-11-21 10:54:49,2025-11-21 10:54:52,SHORT,24095.0,24095.0,24084.5,REVERSAL,0,1,42.0,210.0,85,42.0,1.0,0.8767677111346993,,,-0.08970588235294118
4974,2025-11-21 10:54:52,24084.5,24098.25,24018.75,5210,24819250,24819308,2025-11-21 10:58:22,2025-11-21 10:58:25,LONG,24023.25,24023.25,24033.5,REVERSAL,0,1,41.0,205.0,58,41.0,1.0,0.44348000161074286,,,-0.08868613138686131
4975,2025-11-21 10:58:25,24033.5,24033.5,24033.5,0,24819308,24819350,2025-11-21 10:58:25,2025-11-21 10:58:29,SHORT,24033.5,24033.5,24022.25,REVERSAL,0,1,45.0,225.0,42,45.0,3.0,0.44348000161074286,,,-0.08768115942028985
4976,2025-11-21 10:58:29,24022.25,24022.25,24022.25,0,24819350,24819752,2025-11-21 10:58:29,2025-11-21 10:58:46,LONG,24022.25,24022.25,24032.25,REVERSAL,0,1,40.0,200.0,402,40.0,17.0,0.44348000161074286,,,-0.0866906474820144
4977,2025-11-21 10:58:46,24032.25,24057.75,24031.5,248,24820000,24820109,2025-11-21 10:58:52,2025-11-21 10:58:58,SHORT,24056.25,24056.25,24046.25,REVERSAL,0,1,40.0,200.0,109,40.0,7.0,0.29614000142363994,,,-0.0857142857142857
4978,2025-11-21 10:58:58,24046.25,24050.5,24040.5,50,24820159,24820311,2025-11-21 10:59:01,2025-11-21 10:59:11,LONG,24040.5,24035.5,24041.0,REVERSAL,1,2,44.0,220.0,152,22.0,40.0,0.29614000142363994,,,-0.08475177304964539
4979,2025-11-21 10:59:11,24041.0,24049.5,23983.25,6189,24826500,24826625,2025-11-21 11:03:40,2025-11-21 11:03:52,LONG,23993.75,23993.75,24005.25,REVERSAL,0,1,46.0,230.0,125,46.0,15.0,0.26390129928267914,,,-0.08380281690140844
4980,2025-11-21 11:03:52,24005.25,24005.25,24005.25,0,24826625,24826786,2025-11-21 11:03:52,2025-11-21 11:04:01,SHORT,24005.25,24005.25,23993.0,REVERSAL,0,1,49.0,245.0,161,49.0,32.0,0.26390129928267914,,,-0.08286713286713286
4981,2025-11-21 11:04:01,23993.0,24041.75,23935.0,7843,24834629,24834995,2025-11-21 11:08:43,2025-11-21 11:09:03,SHORT,24022.25,24027.25,24022.0,REVERSAL,1,2,42.0,210.0,366,21.0,40.0,0.757323393361936,,,-0.08194444444444444
4982,2025-11-21 11:09:03,24022.0,24086.25,24007.25,5755,24840750,24841074,2025-11-21 11:13:24,2025-11-21 11:13:37,SHORT,24084.25,24084.25,24074.25,REVERSAL,0,1,40.0,200.0,324,40.0,18.0,0.5115090510803444,,,-0.0810344827586207
4983,2025-11-21 11:13:37,24074.25,24120.0,23990.75,12593,24853667,24854054,2025-11-21 11:22:24,2025-11-21 11:22:35,SHORT,24112.75,24112.75,24102.75,REVERSAL,0,1,40.0,200.0,387,40.0,13.0,1.5724412633355667,,,-0.08013698630136985
4984,2025-11-21 11:22:35,24102.75,24147.75,24088.5,6696,24860750,24860784,2025-11-21 11:27:40,2025-11-21 11:27:41,SHORT,24145.75,24145.75,24135.75,REVERSAL,0,1,40.0,200.0,34,40.0,0.0,0.43506480137454373,,,-0.07925170068027211
4985,2025-11-21 11:27:41,24135.75,24142.5,24132.25,155,24860939,24861243,2025-11-21 11:27:50,2025-11-21 11:28:02,LONG,24132.25,24127.125,24133.75,REVERSAL,1,2,53.0,265.0,304,26.5,41.0,0.43506480137454373,,,-0.07837837837837837
4986,2025-11-21 11:28:02,24133.75,24151.75,24128.5,921,24862164,24862308,2025-11-21 11:29:02,2025-11-21 11:29:07,LONG,24140.0,24140.0,24150.0,REVERSAL,0,1,40.0,200.0,144,40.0,2.0,0.2999424684065988,,,-0.07751677852348994
4987,2025-11-21 11:29:07,24150.0,24195.0,24140.0,2442,24864750,24864822,2025-11-21 11:30:13,2025-11-21 11:30:15,SHORT,24192.25,24192.25,24182.25,REVERSAL,0,1,40.0,200.0,72,40.0,1.0,0.9626476097781461,,,-0.07666666666666667
4988,2025-11-21 11:30:15,24182.25,24182.25,24182.25,0,24864822,24865125,2025-11-21 11:30:15,2025-11-21 11:30:26,LONG,24182.25,24182.25,24193.0,REVERSAL,0,1,43.0,215.0,303,43.0,17.0,0.9626476097781461,,,-0.07582781456953643
4989,2025-11-21 11:30:26,24193.0,24202.0,24166.5,1625,24866750,24866872,2025-11-21 11:31:11,2025-11-21 11:31:14,LONG,24169.25,24169.25,24179.5,REVERSAL,0,1,41.0,205.0,122,41.0,2.0,0.6890983900016867,,,-0.075
4990,2025-11-21 11:31:14,24179.5,24179.5,24179.5,0,24866872,24867376,2025-11-21 11:31:14,2025-11-21 11:31:35,SHORT,24179.5,24179.5,24169.5,REVERSAL,0,1,40.0,200.0,504,40.0,14.0,0.6890983900016867,,,-0.07418300653594771
4991,2025-11-21 11:31:35,24169.5,24197.0,24139.75,5124,24872500,24872614,2025-11-21 11:34:30,2025-11-21 11:34:33,SHORT,24194.25,24194.25,24184.0,REVERSAL,0,1,41.0,205.0,114,41.0,2.0,0.4417716434259109,,,-0.07337662337662337
4992,2025-11-21 11:34:33,24184.0,24184.0,24184.0,0,24872614,24872940,2025-11-21 11:34:33,2025-11-21 11:34:52,LONG,24184.0,24178.75,24163.0,HARD_STOP,1,2,-126.0,-630.0,326,22.0,63.0,0.4417716434259109,,,-0.12258064516129032
4993,2025-11-21 11:34:52,24163.0,24231.75,24160.0,3987,24876927,24877087,2025-11-21 11:37:30,2025-11-21 11:37:38,SHORT,24223.0,24223.0,24213.0,REVERSAL,0,1,40.0,200.0,160,40.0,6.0,0.8152435595267717,,,-0.07820512820512819
4994,2025-11-21 11:37:38,24213.0,24232.75,24206.25,1663,24878750,24878936,2025-11-21 11:38:40,2025-11-21 11:38:48,SHORT,24226.25,24226.25,24216.25,REVERSAL,0,1,40.0,200.0,186,40.0,12.0,0.490738248269424,,,-0.07738853503184713
4995,2025-11-21 11:38:48,24216.25,24216.25,24216.25,0,24878936,24879394,2025-11-21 11:38:48,2025-11-21 11:39:10,LONG,24216.25,24211.25,24196.25,HARD_STOP,1,2,-120.0,-600.0,458,29.0,60.0,0.490738248269424,,,-0.07658227848101266
4996,2025-11-21 11:39:10,24196.25,24214.75,24193.0,606,24880000,24880131,2025-11-21 11:39:40,2025-11-21 11:39:47,SHORT,24210.75,24210.75,24200.75,REVERSAL,0,1,40.0,200.0,131,40.0,0.0,0.49172138620794514,,,-0.0320754716981132
4997,2025-11-21 11:39:47,24200.75,24200.75,24200.75,0,24880131,24880291,2025-11-21 11:39:47,2025-11-21 11:40:01,LONG,24200.75,24200.75,24210.75,REVERSAL,0,1,40.0,200.0,160,40.0,9.0,0.49172138620794514,,,-0.03125
4998,2025-11-21 11:40:01,24210.75,24224.5,24210.25,467,24880758,24881092,2025-11-21 11:40:27,2025-11-21 11:40:52,LONG,24214.5,24214.5,24224.75,REVERSAL,0,1,41.0,205.0,334,41.0,37.0,0.4478020356807704,,,-0.030434782608695643
4999,2025-11-21 11:40:52,24224.75,24237.25,24186.75,5164,24886256,24886497,2025-11-21 11:45:42,2025-11-21 11:45:52,LONG,24196.25,24190.75,24195.5,REVERSAL,1,2,38.0,190.0,241,19.0,44.0,0.6228973527527196,,,-0.029629629629629617
5000,2025-11-21 11:45:52,24195.5,24222.0,24188.75,753,24887250,24887421,2025-11-21 11:46:25,2025-11-21 11:46:32,SHORT,24222.0,24222.0,24211.5,REVERSAL,0,1,42.0,210.0,171,42.0,15.0,0.45386570017818345,,,-0.02883435582822086
5001,2025-11-21 11:46:32,24211.5,24211.5,24211.5,0,24887421,24887835,2025-11-21 11:46:32,2025-11-21 11:47:06,LONG,24211.5,24206.125,24210.75,REVERSAL,1,2,37.0,185.0,414,23.0,43.0,0.45386570017818345,,,-0.028048780487804875
5002,2025-11-21 11:47:06,24210.75,24213.5,24199.25,165,24888000,24888022,2025-11-21 11:47:16,2025-11-21 11:47:18,LONG,24201.0,24201.0,24211.25,REVERSAL,0,1,41.0,205.0,22,41.0,0.0,0.21745153232145858,,,-0.027272727272727254
5003,2025-11-21 11:47:18,24211.25,24211.25,24211.25,0,24888022,24888147,2025-11-21 11:47:18,2025-11-21 11:47:27,SHORT,24211.25,24216.25,24211.0,REVERSAL,1,2,42.0,210.0,125,21.0,40.0,0.21745153232145858,,,-0.026506024096385528
5004,2025-11-21 11:47:27,24211.0,24265.5,24199.25,2103,24890250,24890528,2025-11-21 11:48:37,2025-11-21 11:48:55,SHORT,24235.0,24240.5,24236.0,REVERSAL,1,2,36.0,180.0,278,18.0,44.0,0.6235448580973868,,,-0.025748502994011963
5005,2025-11-21 11:48:55,24236.0,24268.0,24210.5,2972,24893500,24893838,2025-11-21 11:51:20,2025-11-21 11:51:33,SHORT,24265.25,24265.25,24255.0,REVERSAL,0,1,41.0,205.0,338,41.0,17.0,0.557641086220416,,,-0.024999999999999994
5006,2025-11-21 11:51:33,24255.0,24305.0,24240.0,6272,24900110,24900327,2025-11-21 11:55:41,2025-11-21 11:55:55,SHORT,24290.75,24290.75,24280.75,REVERSAL,0,1,40.0,200.0,217,40.0,9.0,0.5608886850997225,,,-0.02426035502958579
5007,2025-11-21 11:55:55,24280.75,24296.5,24278.5,173,24900500,24900721,2025-11-21 11:56:03,2025-11-21 11:56:11,SHORT,24296.5,24296.5,24286.5,REVERSAL,0,1,40.0,200.0,221,40.0,14.0,0.3368935863757304,,,-0.023529411764705882
5008,2025-11-21 11:56:11,24286.5,24332.75,24284.75,2882,24903603,24904712,2025-11-21 11:57:46,2025-11-21 11:58:22,SHORT,24330.0,24335.0,24350.0,HARD_STOP,1,2,-120.0,-600.0,1109,24.0,60.0,1.0139175349291203,,,-0.022807017543859637
5009,2025-11-21 11:58:22,24350.0,24371.75,24347.0,2538,24907250,24908488,2025-11-21 11:59:28,2025-11-21 12:00:03,SHORT,24371.0,24376.0,24371.0,REVERSAL,1,2,40.0,200.0,1238,33.0,40.0,0.5645923162310085,,,0.022093023255813943
5010,2025-11-21 12:00:03,24371.0,24371.0,24371.0,0,24908488,24908896,2025-11-21 12:00:03,2025-11-21 12:00:11,LONG,24371.0,24366.0,24351.0,HARD_STOP,1,2,-120.0,-600.0,408,1.0,60.0,0.5086526686558002,,,0.022832369942196534
5011,2025-11-21 12:00:11,24351.0,24359.75,24327.75,3104,24912000,24912330,2025-11-21 12:01:49,2025-11-21 12:02:02,LONG,24328.75,24328.75,24338.75,REVERSAL,0,1,40.0,200.0,330,40.0,19.0,0.318330293644241,,,0.067816091954023
5012,2025-11-21 12:02:02,24338.75,24347.5,24316.25,1170,24913500,24914613,2025-11-21 12:02:51,2025-11-21 12:03:29,LONG,24318.5,24318.5,24329.25,REVERSAL,0,1,43.0,215.0,1113,43.0,23.0,0.6381113798005713,,,0.06857142857142859
5013,2025-11-21 12:03:29,24329.25,24356.5,24326.25,1637,24916250,24916833,2025-11-21 12:04:43,2025-11-21 12:05:08,SHORT,24354.75,24359.75,24354.75,REVERSAL,1,2,40.0,200.0,583,20.0,40.0,0.3942181793404551,,,0.019318181818181818
5014,2025-11-21 12:05:08,24354.75,24354.75,24354.75,0,24916833,24917276,2025-11-21 12:05:08,2025-11-21 12:05:30,LONG,24354.75,24349.625,24334.5,HARD_STOP,1,2,-121.0,-605.0,443,15.0,60.5,0.42740399018082287,,,0.02005649717514124
5015,2025-11-21 12:05:30,24334.5,24369.5,24331.0,3474,24920750,24921723,2025-11-21 12:09:09,2025-11-21 12:09:40,SHORT,24367.75,24372.75,24387.75,HARD_STOP,1,2,-120.0,-600.0,973,14.0,60.0,0.4699485621340795,,,0.06516853932584271
5016,2025-11-21 12:09:40,24387.75,24392.0,24364.5,1298,24923021,24923245,2025-11-21 12:10:37,2025-11-21 12:10:46,SHORT,24378.75,24378.75,24368.75,REVERSAL,0,1,40.0,200.0,224,40.0,14.0,0.3985340742988462,,,0.06033519553072628
5017,2025-11-21 12:10:46,24368.75,24368.75,24368.75,0,24923245,24923448,2025-11-21 12:10:46,2025-11-21 12:11:01,LONG,24368.75,24368.75,24380.25,REVERSAL,0,1,46.0,230.0,203,46.0,15.0,0.3985340742988462,,,0.061111111111111116
5018,2025-11-21 12:11:01,24380.25,24383.0,24365.25,802,24924250,24924297,2025-11-21 12:11:54,2025-11-21 12:12:00,LONG,24370.75,24370.75,24380.75,REVERSAL,0,1,40.0,200.0,47,40.0,8.0,0.37099473887640383,,,0.061878453038674036
5019,2025-11-21 12:12:00,24380.75,24380.75,24380.75,0,24924297,24924340,2025-11-21 12:12:00,2025-11-21 12:12:02,SHORT,24380.75,24380.75,24370.75,REVERSAL,0,1,40.0,200.0,43,40.0,2.0,0.37099473887640383,,,0.06263736263736264
5020,2025-11-21 12:12:02,24370.75,24370.75,24370.75,0,24924340,24924881,2025-11-21 12:12:02,2025-11-21 12:12:37,LONG,24370.75,24365.625,24350.5,HARD_STOP,1,2,-121.0,-605.0,541,20.0,60.5,0.37099473887640383,,,0.0633879781420765
5021,2025-11-21 12:12:37,24350.5,24356.0,24345.75,309,24925190,24925709,2025-11-21 12:12:52,2025-11-21 12:13:26,SHORT,24356.0,24356.0,24346.0,REVERSAL,0,1,40.0,200.0,519,40.0,38.0,0.3059598494547421,,,0.10869565217391305
5022,2025-11-21 12:13:26,24346.0,24364.0,24341.5,791,24926500,24926698,2025-11-21 12:14:13,2025-11-21 12:14:21,SHORT,24364.0,24364.0,24354.0,REVERSAL,0,1,40.0,200.0,198,40.0,4.0,0.8691986175467972,,,0.10945945945945945
5023,2025-11-21 12:14:21,24354.0,24354.0,24354.0,0,24926698,24927354,2025-11-21 12:14:21,2025-11-21 12:15:09,LONG,24354.0,24354.0,24365.0,REVERSAL,0,1,44.0,220.0,656,44.0,7.0,0.8691986175467972,,,0.11021505376344087
5024,2025-11-21 12:15:09,24365.0,24367.5,24341.75,396,24927750,24927993,2025-11-21 12:15:38,2025-11-21 12:15:54,LONG,24343.0,24343.0,24353.0,REVERSAL,0,1,40.0,200.0,243,40.0,12.0,0.26140972163114984,,,0.11096256684491979
5025,2025-11-21 12:15:54,24353.0,24353.0,24353.0,0,24927993,24928252,2025-11-21 12:15:54,2025-11-21 12:16:11,SHORT,24353.0,24353.0,24342.5,REVERSAL,0,1,42.0,210.0,259,42.0,32.0,0.26140972163114984,,,0.11170212765957446
5026,2025-11-21 12:16:11,24342.5,24366.0,24305.5,6248,24934500,24934594,2025-11-21 12:21:07,2025-11-21 12:21:11,SHORT,24344.0,24344.0,24333.75,REVERSAL,0,1,41.0,205.0,94,41.0,2.0,0.4397867195440299,,,0.11243386243386244
5027,2025-11-21 12:21:11,24333.75,24333.75,24333.75,0,24934594,24935190,2025-11-21 12:21:11,2025-11-21 12:21:44,LONG,24333.75,24328.625,24333.5,REVERSAL,1,2,39.0,195.0,596,26.0,52.5,0.4397867195440299,,,0.1131578947368421
5028,2025-11-21 12:21:44,24333.5,24383.0,24322.5,2560,24937750,24938836,2025-11-21 12:24:08,2025-11-21 12:25:07,SHORT,24378.25,24378.25,24368.25,REVERSAL,0,1,40.0,200.0,1086,40.0,29.0,0.4823554853975728,,,0.11387434554973822
5029,2025-11-21 12:25:07,24368.25,24391.5,24365.75,1164,24940000,24940707,2025-11-21 12:26:14,2025-11-21 12:27:02,SHORT,24384.0,24384.0,24374.0,REVERSAL,0,1,40.0,200.0,707,40.0,28.0,0.3550890693416319,,,0.06458333333333335
5030,2025-11-21 12:27:02,24374.0,24395.5,24332.5,5293,24946000,24946232,2025-11-21 12:33:02,2025-11-21 12:33:13,SHORT,24395.0,24395.0,24385.0,REVERSAL,0,1,40.0,200.0,232,40.0,19.0,0.4143975640100552,,,0.06528497409326425
5031,2025-11-21 12:33:13,24385.0,24385.0,24385.0,0,24946232,24946329,2025-11-21 12:33:13,2025-11-21 12:33:22,LONG,24385.0,24385.0,24395.0,REVERSAL,0,1,40.0,200.0,97,40.0,7.0,0.4143975640100552,,,0.015979381443298968
5032,2025-11-21 12:33:22,24395.0,24399.75,24382.5,671,24947000,24947268,2025-11-21 12:34:08,2025-11-21 12:34:19,SHORT,24398.5,24398.5,24388.5,REVERSAL,0,1,40.0,200.0,268,40.0,9.0,0.23464977087845632,,,0.016666666666666663
5033,2025-11-21 12:34:19,24388.5,24392.75,24382.5,408,24947676,24947766,2025-11-21 12:35:00,2025-11-21 12:35:05,LONG,24382.5,24382.5,24392.5,REVERSAL,0,1,40.0,200.0,90,40.0,10.0,0.6001485590901214,,,0.01734693877551019
5034,2025-11-21 12:35:05,24392.5,24400.0,24389.75,456,24948222,24948804,2025-11-21 12:35:24,2025-11-21 12:36:07,LONG,24389.75,24389.75,24399.75,REVERSAL,0,1,40.0,200.0,582,40.0,33.0,0.20794706653399278,,,0.018020304568527906
5035,2025-11-21 12:36:07,24399.75,24412.5,24388.75,1196,24950000,24950690,2025-11-21 12:37:07,2025-11-21 12:37:46,SHORT,24407.5,24407.5,24396.25,REVERSAL,0,1,45.0,225.0,690,45.0,32.0,0.6779365433239767,,,-0.03131313131313132
5036,2025-11-21 12:37:46,24396.25,24398.75,24359.75,3150,24953840,24954869,2025-11-21 12:40:11,2025-11-21 12:41:07,LONG,24372.0,24367.0,24352.0,HARD_STOP,1,2,-120.0,-600.0,1029,33.0,60.0,0.4193762007825809,,,-0.0806532663316583
5037,2025-11-21 12:41:07,24352.0,24406.5,24341.0,3867,24958736,24958823,2025-11-21 12:45:59,2025-11-21 12:46:10,SHORT,24392.75,24392.75,24382.5,REVERSAL,0,1,41.0,205.0,87,41.0,20.0,0.24983609145135915,,,-0.035
5038,2025-11-21 12:46:10,24382.5,24404.5,24352.25,4323,24963146,24963617,2025-11-21 12:51:54,2025-11-21 12:52:22,LONG,24360.25,24355.25,24340.25,HARD_STOP,1,2,-120.0,-600.0,471,5.0,60.0,0.21324959059930565,,,-0.03432835820895522
5039,2025-11-21 12:52:22,24340.25,24356.0,24338.25,883,24964500,24964745,2025-11-21 12:53:13,2025-11-21 12:53:29,SHORT,24356.0,24356.0,24346.0,REVERSAL,0,1,40.0,200.0,245,40.0,8.0,0.3970160039223508,,,0.011386138613861368
5040,2025-11-21 12:53:29,24346.0,24346.0,24346.0,0,24964745,24964871,2025-11-21 12:53:29,2025-11-21 12:53:39,LONG,24346.0,24346.0,24356.0,REVERSAL,0,1,40.0,200.0,126,40.0,1.0,0.3970160039223508,,,0.012068965517241376
5041,2025-11-21 12:53:39,24356.0,24378.0,24332.0,1629,24966500,24967299,2025-11-21 12:55:11,2025-11-21 12:56:06,SHORT,24374.5,24379.5,24373.25,REVERSAL,1,2,50.0,250.0,799,28.0,40.0,0.39819277310644496,,,-0.03725490196078432
5042,2025-11-21 12:56:06,24373.25,24380.75,24336.5,2201,24969500,24969738,2025-11-21 12:58:50,2025-11-21 12:59:09,LONG,24337.75,24337.75,24347.75,REVERSAL,0,1,40.0,200.0,238,40.0,16.0,0.24369697973605597,,,-0.03658536585365854
5043,2025-11-21 12:59:09,24347.75,24347.75,24347.75,0,24969738,24970761,2025-11-21 12:59:09,2025-11-21 13:00:29,SHORT,24347.75,24352.75,24347.75,REVERSAL,1,2,40.0,200.0,1023,20.0,40.0,0.24369697973605597,,,-0.03592233009708737
5044,2025-11-21 13:00:29,24347.75,24354.0,24321.5,2739,24973500,24973823,2025-11-21 13:03:33,2025-11-21 13:03:49,LONG,24322.75,24322.75,24332.75,REVERSAL,0,1,40.0,200.0,323,40.0,1.0,0.5130828596433591,,,-0.03526570048309177
5045,2025-11-21 13:03:49,24332.75,24337.5,24268.0,3202,24977025,24977761,2025-11-21 13:05:07,2025-11-21 13:05:22,LONG,24277.25,24272.25,24277.25,REVERSAL,1,2,40.0,200.0,736,20.0,40.0,1.4103672456294547,,,-0.0346153846153846
5046,2025-11-21 13:05:22,24277.25,24281.0,24271.0,458,24978219,24978874,2025-11-21 13:05:29,2025-11-21 13:05:46,LONG,24271.0,24265.875,24271.0,REVERSAL,1,2,41.0,205.0,655,20.5,41.0,1.1274988492455293,,,-0.03397129186602871
5047,2025-11-21 13:05:46,24271.0,24291.25,24250.25,3780,24982654,24983223,2025-11-21 13:08:36,2025-11-21 13:09:14,LONG,24262.75,24257.625,24262.5,REVERSAL,1,2,39.0,195.0,569,19.5,42.5,1.414737456065146,,,-0.033333333333333326
5048,2025-11-21 13:09:14,24262.5,24277.0,24261.0,277,24983500,24983706,2025-11-21 13:09:32,2025-11-21 13:09:48,SHORT,24276.75,24276.75,24266.25,REVERSAL,0,1,42.0,210.0,206,42.0,12.0,0.4049002734735795,,,-0.03270142180094787
5049,2025-11-21 13:09:48,24266.25,24266.25,24266.25,0,24983706,24984254,2025-11-21 13:09:48,2025-11-21 13:10:26,LONG,24266.25,24261.25,24246.25,HARD_STOP,1,2,-120.0,-600.0,548,28.0,60.0,0.4049002734735795,,,-0.0320754716981132
5050,2025-11-21 13:10:26,24246.25,24267.0,24231.0,3246,24987500,24987700,2025-11-21 13:13:23,2025-11-21 13:13:33,SHORT,24263.0,24263.0,24253.0,REVERSAL,0,1,40.0,200.0,200,40.0,16.0,0.31676903249970556,,,0.013849765258215962
5051,2025-11-21 13:13:33,24253.0,24253.0,24253.0,0,24987700,24988557,2025-11-21 13:13:33,2025-11-21 13:14:47,LONG,24253.0,24248.0,24233.0,HARD_STOP,1,2,-120.0,-600.0,857,23.0,60.0,0.31676903249970556,,,0.014485981308411222
5052,2025-11-21 13:14:47,24233.0,24239.25,24203.5,5693,24994250,24994658,2025-11-21 13:19:26,2025-11-21 13:19:49,SHORT,24238.0,24238.0,24227.75,REVERSAL,0,1,41.0,205.0,408,41.0,26.0,0.5227977550017978,,,0.06046511627906978
5053,2025-11-21 13:19:49,24227.75,24235.25,24225.25,222,24994880,24994913,2025-11-21 13:20:02,2025-11-21 13:20:02,SHORT,24235.25,24235.25,24225.0,REVERSAL,0,1,41.0,205.0,33,41.0,0.0,0.5231713292926241,,,0.061111111111111116
5054,2025-11-21 13:20:02,24225.0,24225.0,24225.0,0,24994913,24994958,2025-11-21 13:20:02,2025-11-21 13:20:05,LONG,24225.0,24225.0,24235.25,REVERSAL,0,1,41.0,205.0,45,41.0,3.0,0.5231713292926241,,,0.06175115207373272
5055,2025-11-21 13:20:05,24235.25,24235.25,24235.25,0,24994958,24996485,2025-11-21 13:20:05,2025-11-21 13:21:18,SHORT,24235.25,24240.25,24255.75,HARD_STOP,1,2,-124.0,-620.0,1527,28.0,62.0,0.5231713292926241,,,0.062385321100917435
5056,2025-11-21 13:21:18,24255.75,24270.5,24255.25,612,24997097,24997900,2025-11-21 13:21:36,2025-11-21 13:22:03,SHORT,24267.75,24267.75,24257.75,REVERSAL,0,1,40.0,200.0,803,40.0,37.0,0.8240306719610516,,,0.1084474885844749
5057,2025-11-21 13:22:03,24257.75,24260.75,24246.75,350,24998250,24998794,2025-11-21 13:22:15,2025-11-21 13:22:54,LONG,24246.75,24246.75,24256.75,REVERSAL,0,1,40.0,200.0,544,40.0,22.0,0.8247339132242395,,,0.05909090909090911
5058,2025-11-21 13:22:54,24256.75,24266.0,24223.0,2706,25001500,25001637,2025-11-21 13:26:35,2025-11-21 13:26:52,LONG,24238.0,24238.0,24248.0,REVERSAL,0,1,40.0,200.0,137,40.0,12.0,0.34150988517554226,,,0.05972850678733033
5059,2025-11-21 13:26:52,24248.0,24294.5,24225.5,3363,25005000,25005701,2025-11-21 13:30:48,2025-11-21 13:31:18,SHORT,24294.5,24294.5,24284.5,REVERSAL,0,1,40.0,200.0,701,40.0,20.0,0.8333869455045997,,,0.010360360360360366
5060,2025-11-21 13:31:18,24284.5,24328.75,24283.25,1549,25007250,25008278,2025-11-21 13:32:27,2025-11-21 13:33:20,SHORT,24327.25,24332.25,24327.25,REVERSAL,1,2,40.0,200.0,1028,23.0,40.0,0.48730728150753716,,,0.010986547085201775
5061,2025-11-21 13:33:20,24327.25,24331.0,24298.25,722,25009000,25009073,2025-11-21 13:33:53,2025-11-21 13:33:55,LONG,24301.25,24301.25,24311.25,REVERSAL,0,1,40.0,200.0,73,40.0,0.0,0.5860296751628336,,,0.011607142857142844
5062,2025-11-21 13:33:55,24311.25,24311.25,24311.25,0,25009073,25010303,2025-11-21 13:33:55,2025-11-21 13:35:30,SHORT,24311.25,24316.25,24331.25,HARD_STOP,1,2,-120.0,-600.0,1230,33.0,60.0,0.5860296751628336,,,0.012222222222222218
5063,2025-11-21 13:35:30,24331.25,24367.75,24313.75,2864,25013167,25014505,2025-11-21 13:38:28,2025-11-21 13:40:12,SHORT,24362.0,24367.0,24361.75,REVERSAL,1,2,42.0,210.0,1338,21.0,43.0,0.2947876689459609,,,0.05840707964601771
5064,2025-11-21 13:40:12,24361.75,24370.25,24352.0,495,25015000,25015098,2025-11-21 13:40:37,2025-11-21 13:40:44,LONG,24352.75,24352.75,24362.75,REVERSAL,0,1,40.0,200.0,98,40.0,0.0,0.45487488584256697,,,0.059030837004405284
5065,2025-11-21 13:40:44,24362.75,24362.75,24362.75,0,25015098,25015396,2025-11-21 13:40:44,2025-11-21 13:41:08,SHORT,24362.75,24362.75,24352.25,REVERSAL,0,1,42.0,210.0,298,42.0,18.0,0.45487488584256697,,,0.05964912280701756
5066,2025-11-21 13:41:08,24352.25,24393.25,24344.5,3104,25018500,25019318,2025-11-21 13:45:08,2025-11-21 13:46:07,SHORT,24391.0,24391.0,24381.0,REVERSAL,0,1,40.0,200.0,818,40.0,13.0,0.3303406269364781,,,0.06026200873362447
5067,2025-11-21 13:46:07,24381.0,24389.5,24372.25,682,25020000,25020074,2025-11-21 13:46:39,2025-11-21 13:46:49,SHORT,24389.5,24389.5,24379.25,REVERSAL,0,1,41.0,205.0,74,41.0,0.0,0.4255780290791354,,,0.060869565217391314
5068,2025-11-21 13:46:49,24379.25,24455.25,24366.25,3296,25023370,25023583,2025-11-21 13:48:19,2025-11-21 13:48:22,SHORT,24441.0,24446.0,24461.0,HARD_STOP,1,2,-120.0,-600.0,213,2.0,60.0,2.948654484261621,,,0.06147186147186148
5069,2025-11-21 13:48:22,24461.0,24492.25,24458.25,677,25024260,25024980,2025-11-21 13:48:29,2025-11-21 13:48:36,SHORT,24488.5,24493.5,24509.0,HARD_STOP,1,2,-124.0,-620.0,720,34.0,62.0,1.9602178478458587,,,0.10775862068965517
5070,2025-11-21 13:48:36,24509.0,24509.25,24499.25,248,25025228,25025681,2025-11-21 13:48:40,2025-11-21 13:48:43,LONG,24499.25,24494.25,24479.25,HARD_STOP,1,2,-120.0,-600.0,453,6.0,60.0,1.9558124061125375,,,0.10407725321888411
5071,2025-11-21 13:48:43,24479.25,24504.75,24479.0,570,25026251,25026745,2025-11-21 13:48:49,2025-11-21 13:48:57,SHORT,24501.25,24501.25,24491.0,REVERSAL,0,1,41.0,205.0,494,41.0,14.0,1.9470762965348793,,,0.15042735042735042
5072,2025-11-21 13:48:57,24491.0,24499.25,24488.5,147,25026892,25027480,2025-11-21 13:49:00,2025-11-21 13:49:10,SHORT,24499.25,24504.25,24519.25,HARD_STOP,1,2,-120.0,-600.0,588,37.0,60.0,1.9460353039660667,,,0.10106382978723405
5073,2025-11-21 13:49:10,24519.25,24529.75,24511.75,520,25028000,25028242,2025-11-21 13:49:17,2025-11-21 13:49:19,SHORT,24529.75,24529.75,24519.5,REVERSAL,0,1,41.0,205.0,242,41.0,13.0,1.9429012880018246,,,0.14745762711864405
5074,2025-11-21 13:49:19,24519.5,24519.5,24493.75,1008,25029250,25029433,2025-11-21 13:49:36,2025-11-21 13:49:40,LONG,24494.75,24494.75,24505.75,REVERSAL,0,1,44.0,220.0,183,44.0,6.0,0.9692459896119259,,,0.1481012658227848
5075,2025-11-21 13:49:40,24505.75,24505.75,24505.75,0,25029433,25030304,2025-11-21 13:49:40,2025-11-21 13:50:01,SHORT,24505.75,24510.75,24526.0,HARD_STOP,1,2,-122.0,-610.0,871,31.0,61.0,0.9692459896119259,,,0.14873949579831933
5076,2025-11-21 13:50:01,24526.0,24559.5,24523.0,3009,25033313,25033936,2025-11-21 13:50:57,2025-11-21 13:51:12,SHORT,24541.75,24546.875,24541.5,REVERSAL,1,2,43.0,215.0,623,27.0,41.0,0.8280490534178176,,,0.14518828451882845
5077,2025-11-21 13:51:12,24541.5,24549.75,24526.0,814,25034750,25035043,2025-11-21 13:51:35,2025-11-21 13:51:43,LONG,24529.75,24529.75,24539.75,REVERSAL,0,1,40.0,200.0,293,40.0,32.0,0.5798386473777211,,,0.14583333333333331
5078,2025-11-21 13:51:43,24539.75,24554.75,24490.5,3957,25039000,25039166,2025-11-21 13:53:28,2025-11-21 13:53:36,LONG,24506.75,24506.75,24516.75,REVERSAL,0,1,40.0,200.0,166,40.0,2.0,0.48316197987384746,,,0.14647302904564313
5079,2025-11-21 13:53:36,24516.75,24516.75,24516.75,0,25039166,25039711,2025-11-21 13:53:36,2025-11-21 13:54:00,SHORT,24516.75,24516.75,24506.75,REVERSAL,0,1,40.0,200.0,545,40.0,14.0,0.48316197987384746,,,0.14710743801652892
5080,2025-11-21 13:54:00,24506.75,24509.25,24483.5,539,25040250,25040441,2025-11-21 13:54:13,2025-11-21 13:54:19,LONG,24485.25,24485.25,24495.75,REVERSAL,0,1,42.0,210.0,191,42.0,1.0,0.8289119645943883,,,0.14773662551440328
5081,2025-11-21 13:54:19,24495.75,24495.75,24495.75,0,25040441,25040646,2025-11-21 13:54:19,2025-11-21 13:54:31,SHORT,24495.75,24495.75,24485.75,REVERSAL,0,1,40.0,200.0,205,40.0,14.0,0.8289119645943883,,,0.1483606557377049
5082,2025-11-21 13:54:31,24485.75,24512.25,24449.5,4997,25045643,25046206,2025-11-21 13:58:04,2025-11-21 13:58:38,LONG,24467.25,24461.75,24468.0,REVERSAL,1,2,50.0,250.0,563,39.0,44.0,0.647279782107653,,,0.14897959183673468
5083,2025-11-21 13:58:38,24468.0,24502.25,24465.5,1804,25048010,25048199,2025-11-21 14:00:21,2025-11-21 14:00:29,SHORT,24499.0,24499.0,24489.0,REVERSAL,0,1,40.0,200.0,189,40.0,6.0,0.44953977922682226,,,0.09959349593495934
5084,2025-11-21 14:00:29,24489.0,24489.0,24489.0,0,25048199,25048484,2025-11-21 14:00:29,2025-11-21 14:00:44,LONG,24489.0,24484.0,24489.25,REVERSAL,1,2,42.0,210.0,285,21.0,40.0,0.44953977922682226,,,0.10020242914979757
5085,2025-11-21 14:00:44,24489.25,24512.75,24472.25,3016,25051500,25051566,2025-11-21 14:03:45,2025-11-21 14:03:48,SHORT,24512.0,24512.0,24501.75,REVERSAL,0,1,41.0,205.0,66,41.0,5.0,0.2795258772990752,,,0.10080645161290322
5086,2025-11-21 14:03:48,24501.75,24501.75,24501.75,0,25051566,25051764,2025-11-21 14:03:48,2025-11-21 14:04:01,LONG,24501.75,24501.75,24512.0,REVERSAL,0,1,41.0,205.0,198,41.0,15.0,0.2795258772990752,,,0.10140562248995985
5087,2025-11-21 14:04:01,24512.0,24520.25,24499.75,512,25052276,25052521,2025-11-21 14:04:29,2025-11-21 14:04:37,LONG,24510.0,24510.0,24520.0,REVERSAL,0,1,40.0,200.0,245,40.0,0.0,0.41969453409489305,,,0.10200000000000001
5088,2025-11-21 14:04:37,24520.0,24533.0,24512.5,1729,25054250,25054483,2025-11-21 14:06:02,2025-11-21 14:06:10,LONG,24515.0,24515.0,24525.0,REVERSAL,0,1,40.0,200.0,233,40.0,38.0,0.4205127992072614,,,0.10258964143426294
5089,2025-11-21 14:06:10,24525.0,24525.0,24525.0,0,25054483,25054779,2025-11-21 14:06:10,2025-11-21 14:06:18,SHORT,24525.0,24530.0,24524.0,REVERSAL,1,2,48.0,240.0,296,24.0,40.0,0.4205127992072614,,,0.05317460317460318
5090,2025-11-21 14:06:18,24524.0,24553.25,24523.5,1721,25056500,25056634,2025-11-21 14:07:40,2025-11-21 14:07:45,SHORT,24553.25,24553.25,24543.0,REVERSAL,0,1,41.0,205.0,134,41.0,1.0,0.39321988322043017,,,0.0037549407114624567
5091,2025-11-21 14:07:45,24543.0,24543.0,24543.0,0,25056634,25057796,2025-11-21 14:07:45,2025-11-21 14:08:52,LONG,24543.0,24538.0,24543.0,REVERSAL,1,2,40.0,200.0,1162,30.0,40.0,0.39321988322043017,,,-0.04566929133858266
5092,2025-11-21 14:08:52,24543.0,24561.25,24539.25,704,25058500,25058814,2025-11-21 14:09:24,2025-11-21 14:09:38,SHORT,24561.25,24561.25,24551.25,REVERSAL,0,1,40.0,200.0,314,40.0,5.0,0.8442612470324028,,,-0.04509803921568628
5093,2025-11-21 14:09:38,24551.25,24566.25,24542.75,686,25059500,25059595,2025-11-21 14:10:10,2025-11-21 14:10:16,SHORT,24565.5,24565.5,24555.5,REVERSAL,0,1,40.0,200.0,95,40.0,0.0,0.369719773006733,,,-0.09453125
5094,2025-11-21 14:10:16,24555.5,24555.5,24555.5,0,25059595,25060248,2025-11-21 14:10:16,2025-11-21 14:10:53,LONG,24555.5,24550.25,24555.0,REVERSAL,1,2,38.0,190.0,653,19.0,42.0,0.369719773006733,,,-0.09396887159533072
5095,2025-11-21 14:10:53,24555.0,24557.75,24516.25,6002,25066250,25066319,2025-11-21 14:18:14,2025-11-21 14:18:19,LONG,24523.75,24523.75,24534.0,REVERSAL,0,1,41.0,205.0,69,41.0,2.0,0.42644339190099495,,,-0.0934108527131783
5096,2025-11-21 14:18:19,24534.0,24534.0,24534.0,0,25066319,25066934,2025-11-21 14:18:19,2025-11-21 14:19:09,SHORT,24534.0,24539.125,24554.25,HARD_STOP,1,2,-121.0,-605.0,615,16.0,60.5,0.42644339190099495,,,-0.14285714285714285
5097,2025-11-21 14:19:09,24554.25,24565.5,24552.0,816,25067750,25068043,2025-11-21 14:19:59,2025-11-21 14:20:11,LONG,24552.0,24552.0,24562.0,REVERSAL,0,1,40.0,200.0,293,40.0,33.0,0.4273026384755818,,,-0.09615384615384616
5098,2025-11-21 14:20:11,24562.0,24594.0,24557.5,2457,25070500,25071208,2025-11-21 14:22:20,2025-11-21 14:23:14,SHORT,24592.75,24592.75,24582.75,REVERSAL,0,1,40.0,200.0,708,40.0,8.0,0.3528920006763863,,,-0.09559386973180077
5099,2025-11-21 14:23:14,24582.75,24590.75,24572.75,792,25072000,25072269,2025-11-21 14:24:15,2025-11-21 14:24:35,LONG,24572.75,24572.75,24583.25,REVERSAL,0,1,42.0,210.0,269,42.0,12.0,0.31642506488683836,,,-0.09503816793893129
5100,2025-11-21 14:24:35,24583.25,24594.75,24577.25,731,25073000,25073324,2025-11-21 14:25:38,2025-11-21 14:26:00,SHORT,24593.5,24593.5,24583.5,REVERSAL,0,1,40.0,200.0,324,40.0,11.0,0.24083817399019306,,,-0.09448669201520911
5101,2025-11-21 14:26:00,24583.5,24595.25,24562.75,3926,25077250,25077995,2025-11-21 14:31:08,2025-11-21 14:31:40,LONG,24563.5,24563.5,24573.5,REVERSAL,0,1,40.0,200.0,745,40.0,30.0,0.43254552914837296,,,-0.09393939393939395
5102,2025-11-21 14:31:40,24573.5,24575.0,24519.0,2755,25080750,25080924,2025-11-21 14:33:32,2025-11-21 14:33:40,LONG,24521.25,24521.25,24531.25,REVERSAL,0,1,40.0,200.0,174,40.0,1.0,1.2134685404095573,,,-0.09339622641509433
5103,2025-11-21 14:33:40,24531.25,24531.25,24531.25,0,25080924,25082082,2025-11-21 14:33:40,2025-11-21 14:34:49,SHORT,24531.25,24531.25,24521.25,REVERSAL,0,1,40.0,200.0,1158,40.0,28.0,1.2134685404095573,,,-0.09285714285714285
5104,2025-11-21 14:34:49,24521.25,24581.5,24520.5,4460,25086542,25086851,2025-11-21 14:40:19,2025-11-21 14:40:26,SHORT,24577.75,24577.75,24567.75,REVERSAL,0,1,40.0,200.0,309,40.0,21.0,0.4699739051542997,,,-0.09232209737827714
5105,2025-11-21 14:40:26,24567.75,24569.75,24498.75,3649,25090500,25091015,2025-11-21 14:44:24,2025-11-21 14:44:50,LONG,24499.5,24499.5,24510.5,REVERSAL,0,1,44.0,220.0,515,44.0,14.0,0.7663301228779212,,,-0.0917910447761194
5106,2025-11-21 14:44:50,24510.5,24513.25,24495.75,485,25091500,25091631,2025-11-21 14:45:11,2025-11-21 14:45:17,LONG,24498.0,24498.0,24508.0,REVERSAL,0,1,40.0,200.0,131,40.0,4.0,0.7670325745766783,,,-0.0912639405204461
5107,2025-11-21 14:45:17,24508.0,24508.0,24508.0,0,25091631,25091935,2025-11-21 14:45:17,2025-11-21 14:45:40,SHORT,24508.0,24508.0,24497.75,REVERSAL,0,1,41.0,205.0,304,41.0,3.0,0.7670325745766783,,,-0.09074074074074075
5108,2025-11-21 14:45:40,24497.75,24507.0,24481.25,815,25092750,25093170,2025-11-21 14:46:26,2025-11-21 14:46:46,LONG,24483.25,24483.25,24493.75,REVERSAL,0,1,42.0,210.0,420,42.0,13.0,0.47269385507213935,,,-0.09022140221402213
5109,2025-11-21 14:46:46,24493.75,24495.25,24472.5,830,25094000,25094284,2025-11-21 14:47:23,2025-11-21 14:47:39,LONG,24473.75,24473.75,24484.0,REVERSAL,0,1,41.0,205.0,284,41.0,4.0,0.5126395316506878,,,-0.08970588235294118
5110,2025-11-21 14:47:39,24484.0,24524.75,24427.5,8716,25103000,25103218,2025-11-21 14:57:18,2025-11-21 14:57:36,LONG,24433.75,24433.75,24444.0,REVERSAL,0,1,41.0,205.0,218,41.0,17.0,0.29556401398468296,,,-0.0891941391941392
5111,2025-11-21 14:57:36,24444.0,24444.0,24444.0,0,25103218,25103918,2025-11-21 14:57:36,2025-11-21 14:59:01,SHORT,24444.0,24449.375,24444.5,REVERSAL,1,2,39.0,195.0,700,20.0,43.0,0.29556401398468296,,,-0.08868613138686131
5112,2025-11-21 14:59:01,24444.5,24459.5,24444.0,332,25104250,25105401,2025-11-21 14:59:37,2025-11-21 15:00:37,SHORT,24458.0,24463.0,24478.0,HARD_STOP,1,2,-120.0,-600.0,1151,22.0,60.0,0.17767575506879274,,,-0.08818181818181818
5113,2025-11-21 15:00:37,24478.0,24479.5,24469.25,347,25105748,25106122,2025-11-21 15:00:53,2025-11-21 15:01:24,LONG,24469.25,24464.125,24469.0,REVERSAL,1,2,39.0,195.0,374,19.5,51.5,0.3112799232006092,,,-0.04130434782608694
5114,2025-11-21 15:01:24,24469.0,24479.0,24447.25,1878,25108000,25108679,2025-11-21 15:05:09,2025-11-21 15:06:05,LONG,24450.5,24450.5,24460.5,REVERSAL,0,1,40.0,200.0,679,40.0,34.0,0.2231470845089922,,,-0.0407942238267148
5115,2025-11-21 15:06:05,24460.5,24471.0,24446.0,571,25109250,25109493,2025-11-21 15:06:50,2025-11-21 15:07:21,LONG,24451.0,24451.0,24461.0,REVERSAL,0,1,40.0,200.0,243,40.0,16.0,0.3476982662934902,,,-0.040287769784172645
5116,2025-11-21 15:07:21,24461.0,24461.0,24461.0,0,25109493,25109963,2025-11-21 15:07:21,2025-11-21 15:08:18,SHORT,24461.0,24461.0,24451.0,REVERSAL,0,1,40.0,200.0,470,40.0,27.0,0.3476982662934902,,,-0.03978494623655912
5117,2025-11-21 15:08:18,24451.0,24461.25,24449.75,137,25110100,25111088,2025-11-21 15:08:32,2025-11-21 15:10:26,SHORT,24461.25,24466.25,24460.25,REVERSAL,1,2,48.0,240.0,988,24.0,46.0,0.20212355966601683,,,-0.08928571428571429
5118,2025-11-21 15:10:26,24460.25,24496.25,24452.25,3412,25114500,25114580,2025-11-21 15:15:18,2025-11-21 15:15:29,SHORT,24483.25,24483.25,24472.5,REVERSAL,0,1,43.0,215.0,80,43.0,0.0,0.20331266231377365,,,-0.0887900355871886
5119,2025-11-21 15:15:29,24472.5,24472.5,24472.5,0,25114580,25115336,2025-11-21 15:15:29,2025-11-21 15:16:54,LONG,24472.5,24472.5,24483.25,REVERSAL,0,1,43.0,215.0,756,43.0,39.0,0.20331266231377365,,,-0.08829787234042553
5120,2025-11-21 15:16:54,24483.25,24493.25,24471.25,1215,25116551,25116619,2025-11-21 15:19:00,2025-11-21 15:19:06,LONG,24482.25,24482.25,24492.75,REVERSAL,0,1,42.0,210.0,68,42.0,6.0,0.2257508118108338,,,-0.08780918727915195
5121,2025-11-21 15:19:06,24492.75,24492.75,24492.75,0,25116619,25117040,2025-11-21 15:19:06,2025-11-21 15:20:00,SHORT,24492.75,24492.75,24482.5,REVERSAL,0,1,41.0,205.0,421,41.0,7.0,0.2257508118108338,,,-0.08732394366197184
5122,2025-11-21 15:20:00,24482.5,24494.0,24467.25,710,25117750,25118299,2025-11-21 15:20:52,2025-11-21 15:22:12,SHORT,24483.0,24483.0,24472.75,REVERSAL,0,1,41.0,205.0,549,41.0,22.0,0.3957339720660158,,,-0.0868421052631579
5123,2025-11-21 15:22:12,24472.75,24489.0,24450.0,1227,25119526,25120144,2025-11-21 15:23:46,2025-11-21 15:24:12,LONG,24453.75,24448.75,24433.75,HARD_STOP,1,2,-120.0,-600.0,618,8.0,60.0,0.4228807627152193,,,-0.08636363636363635
5124,2025-11-21 15:24:12,24433.75,24438.5,24428.5,160,25120304,25120497,2025-11-21 15:24:17,2025-11-21 15:24:30,LONG,24428.5,24428.5,24439.0,REVERSAL,0,1,42.0,210.0,193,42.0,2.0,0.7051942669341771,,,-0.039372822299651555
5125,2025-11-21 15:24:30,24439.0,24439.0,24439.0,0,25120497,25121574,2025-11-21 15:24:30,2025-11-21 15:25:44,SHORT,24439.0,24444.0,24438.75,REVERSAL,1,2,42.0,210.0,1077,21.0,59.0,0.7051942669341771,,,-0.03888888888888889
5126,2025-11-21 15:25:44,24438.75,24438.75,24438.75,0,25121574,25121715,2025-11-21 15:25:44,2025-11-21 15:25:57,LONG,24438.75,24438.75,24449.25,REVERSAL,0,1,42.0,210.0,141,42.0,18.0,0.9077979349212585,,,-0.0384083044982699
5127,2025-11-21 15:25:57,24449.25,24455.25,24397.0,2909,25124624,25125527,2025-11-21 15:29:00,2025-11-21 15:30:00,LONG,24403.0,24398.0,24383.0,HARD_STOP,1,2,-120.0,-600.0,903,7.0,60.0,0.4248611583619499,,,-0.03793103448275861
5128,2025-11-21 15:30:00,24383.0,24385.0,24367.5,223,25125750,25125902,2025-11-21 15:30:01,2025-11-21 15:30:04,LONG,24368.0,24368.0,24378.0,REVERSAL,0,1,40.0,200.0,152,40.0,4.0,0.2447677522802833,,,0.009106529209621989
5129,2025-11-21 15:30:04,24378.0,24388.25,24378.0,65,25125967,25126269,2025-11-21 15:30:05,2025-11-21 15:30:15,SHORT,24388.25,24388.25,24378.25,REVERSAL,0,1,40.0,200.0,302,40.0,8.0,0.2447677522802833,,,0.0095890410958904
5130,2025-11-21 15:30:15,24378.25,24378.25,24378.25,0,25126269,25127708,2025-11-21 15:30:15,2025-11-21 15:31:09,LONG,24378.25,24373.25,24378.25,REVERSAL,1,2,40.0,200.0,1439,33.0,40.0,1.2728043856884181,,,0.010068259385665523
5131,2025-11-21 15:31:09,24378.25,24379.0,24352.25,1292,25129000,25129052,2025-11-21 15:32:02,2025-11-21 15:32:07,SHORT,24370.75,24370.75,24360.5,REVERSAL,0,1,41.0,205.0,52,41.0,0.0,0.7083511840107047,,,0.010544217687074836
5132,2025-11-21 15:32:07,24360.5,24360.5,24360.5,0,25129052,25130084,2025-11-21 15:32:07,2025-11-21 15:33:07,LONG,24360.5,24360.5,24370.5,REVERSAL,0,1,40.0,200.0,1032,40.0,30.0,0.7083511840107047,,,0.011016949152542366
5133,2025-11-21 15:33:07,24370.5,24402.5,24354.0,1166,25131250,25131541,2025-11-21 15:33:47,2025-11-21 15:33:56,SHORT,24399.5,24399.5,24389.25,REVERSAL,0,1,41.0,205.0,291,41.0,3.0,0.9119701081198675,,,-0.03851351351351351
5134,2025-11-21 15:33:56,24389.25,24454.5,24379.25,5709,25137250,25137290,2025-11-21 15:38:15,2025-11-21 15:38:19,SHORT,24426.5,24426.5,24416.5,REVERSAL,0,1,40.0,200.0,40,40.0,3.0,0.4576528784200396,,,-0.03804713804713805
5135,2025-11-21 15:38:19,24416.5,24416.5,24416.5,0,25137290,25137917,2025-11-21 15:38:19,2025-11-21 15:39:41,LONG,24416.5,24416.5,24426.5,REVERSAL,0,1,40.0,200.0,627,40.0,14.0,0.4576528784200396,,,-0.037583892617449655
5136,2025-11-21 15:39:41,24426.5,24428.0,24379.25,4083,25142000,25142375,2025-11-21 15:44:24,2025-11-21 15:44:56,LONG,24380.0,24380.0,24390.0,REVERSAL,0,1,40.0,200.0,375,40.0,17.0,0.5856697994031556,,,-0.03712374581939798
5137,2025-11-21 15:44:56,24390.0,24417.5,24383.5,1375,25143750,25144181,2025-11-21 15:45:59,2025-11-21 15:46:24,SHORT,24403.5,24408.5,24403.5,REVERSAL,1,2,40.0,200.0,431,20.0,40.0,0.8065360684189862,,,-0.03666666666666665
5138,2025-11-21 15:46:24,24403.5,24439.75,24403.5,2833,25147014,25147101,2025-11-21 15:49:12,2025-11-21 15:49:21,SHORT,24428.75,24428.75,24418.75,REVERSAL,0,1,40.0,200.0,87,40.0,6.0,0.38077275421772044,,,-0.036212624584717606
5139,2025-11-21 15:49:21,24418.75,24418.75,24418.75,0,25147101,25147403,2025-11-21 15:49:21,2025-11-21 15:49:50,LONG,24418.75,24418.75,24412.75,EOD_FLATTEN,0,1,-24.0,-120.0,302,25.0,32.0,0.38077275421772044,,,-0.035761589403973504
5140,2025-11-24 09:30:00,24522.25,24549.0,24518.0,1319,25311750,25312076,2025-11-24 09:30:06,2025-11-24 09:30:09,SHORT,24549.0,24549.0,24539.0,REVERSAL,0,1,40.0,200.0,326,40.0,16.0,,,,
5141,2025-11-24 09:30:09,24539.0,24542.5,24516.75,924,25313000,25313272,2025-11-24 09:30:19,2025-11-24 09:30:23,SHORT,24536.0,24536.0,24526.0,REVERSAL,0,1,40.0,200.0,272,40.0,7.0,,,,
5142,2025-11-24 09:30:23,24526.0,24586.0,24524.25,2728,25316000,25316206,2025-11-24 09:31:06,2025-11-24 09:31:09,SHORT,24580.25,24580.25,24570.0,REVERSAL,0,1,41.0,205.0,206,41.0,10.0,0.7280126610897582,,,
5143,2025-11-24 09:31:09,24570.0,24570.0,24570.0,0,25316206,25316428,2025-11-24 09:31:09,2025-11-24 09:31:12,LONG,24570.0,24570.0,24580.0,REVERSAL,0,1,40.0,200.0,222,40.0,15.0,0.7280126610897582,,,
5144,2025-11-24 09:31:12,24580.0,24589.75,24561.5,1075,25317503,25317632,2025-11-24 09:31:25,2025-11-24 09:31:28,LONG,24566.0,24566.0,24576.25,REVERSAL,0,1,41.0,205.0,129,41.0,4.0,0.7765876052027543,,,
5145,2025-11-24 09:31:28,24576.25,24576.25,24576.25,0,25317632,25317942,2025-11-24 09:31:28,2025-11-24 09:31:36,SHORT,24576.25,24576.25,24566.25,REVERSAL,0,1,40.0,200.0,310,40.0,7.0,0.7765876052027543,,,
5146,2025-11-24 09:31:36,24566.25,24701.25,24562.0,11308,25329250,25329881,2025-11-24 09:35:09,2025-11-24 09:35:17,SHORT,24699.75,24699.75,24689.5,REVERSAL,0,1,41.0,205.0,631,41.0,0.0,1.0200690272274064,,,
5147,2025-11-24 09:35:17,24689.5,24722.75,24689.0,1369,25331250,25331690,2025-11-24 09:35:38,2025-11-24 09:35:45,SHORT,24720.5,24720.5,24710.5,REVERSAL,0,1,40.0,200.0,440,40.0,5.0,1.029351695162514,,,
5148,2025-11-24 09:35:45,24710.5,24719.5,24709.5,250,25331940,25332201,2025-11-24 09:35:51,2025-11-24 09:35:57,SHORT,24719.5,24719.5,24709.5,REVERSAL,0,1,40.0,200.0,261,40.0,5.0,0.6201568133691983,,,
5149,2025-11-24 09:35:57,24709.5,24711.25,24684.25,1549,25333750,25333846,2025-11-24 09:36:22,2025-11-24 09:36:24,LONG,24685.75,24685.75,24695.75,REVERSAL,0,1,40.0,200.0,96,40.0,5.0,0.6207221843718884,,,
5150,2025-11-24 09:36:24,24695.75,24695.75,24695.75,0,25333846,25335675,2025-11-24 09:36:24,2025-11-24 09:37:24,SHORT,24695.75,24700.75,24695.25,REVERSAL,1,2,44.0,220.0,1829,22.0,59.0,0.6207221843718884,,,0.0
5151,2025-11-24 09:37:24,24695.25,24696.25,24669.75,1825,25337500,25337726,2025-11-24 09:38:07,2025-11-24 09:38:12,LONG,24670.25,24670.25,24680.5,REVERSAL,0,1,41.0,205.0,226,41.0,11.0,0.5583267272394659,,,0.0
5152,2025-11-24 09:38:12,24680.5,24680.5,24680.5,0,25337726,25338445,2025-11-24 09:38:12,2025-11-24 09:38:36,SHORT,24680.5,24685.5,24680.0,REVERSAL,1,2,44.0,220.0,719,22.0,52.0,0.5583267272394659,,,0.0
5153,2025-11-24 09:38:36,24680.0,24689.0,24665.75,805,25339250,25340380,2025-11-24 09:39:06,2025-11-24 09:39:40,LONG,24667.0,24662.0,24647.0,HARD_STOP,1,2,-120.0,-600.0,1130,31.0,60.0,0.347363167526202,,,0.0
5154,2025-11-24 09:39:40,24647.0,24673.0,24627.75,2639,25343019,25344136,2025-11-24 09:40:37,2025-11-24 09:41:02,LONG,24632.0,24627.0,24632.25,REVERSAL,1,2,42.0,210.0,1117,29.0,40.0,0.9030034465780405,,,0.0
5155,2025-11-24 09:41:02,24632.25,24691.75,24609.5,7369,25351505,25351636,2025-11-24 09:44:44,2025-11-24 09:44:47,LONG,24614.25,24614.25,24624.25,REVERSAL,0,1,40.0,200.0,131,40.0,7.0,0.6594838325674104,,,0.0
5156,2025-11-24 09:44:47,24624.25,24624.25,24624.25,0,25351636,25352088,2025-11-24 09:44:47,2025-11-24 09:45:00,SHORT,24624.25,24624.25,24614.25,REVERSAL,0,1,40.0,200.0,452,40.0,26.0,0.6594838325674104,,,0.0
5157,2025-11-24 09:45:00,24614.25,24660.75,24612.0,1172,25353260,25353657,2025-11-24 09:45:21,2025-11-24 09:45:32,SHORT,24654.25,24654.25,24644.0,REVERSAL,0,1,41.0,205.0,397,41.0,38.0,0.79287189567265,,,0.0
5158,2025-11-24 09:45:32,24644.0,24646.25,24636.0,177,25353834,25353871,2025-11-24 09:45:36,2025-11-24 09:45:36,LONG,24636.0,24636.0,24646.25,REVERSAL,0,1,41.0,205.0,37,41.0,2.0,0.6636747310230041,,,0.0
5159,2025-11-24 09:45:36,24646.25,24659.25,24625.5,1629,25355500,25355650,2025-11-24 09:46:37,2025-11-24 09:46:42,LONG,24628.5,24628.5,24638.75,REVERSAL,0,1,41.0,205.0,150,41.0,32.0,0.3388303665736095,,,0.0
5160,2025-11-24 09:46:42,24638.75,24645.0,24633.5,91,25355741,25355841,2025-11-24 09:46:47,2025-11-24 09:46:52,SHORT,24645.0,24645.0,24635.0,REVERSAL,0,1,40.0,200.0,100,40.0,9.0,0.3388303665736095,,,0.0
5161,2025-11-24 09:46:52,24635.0,24688.75,24627.5,2659,25358500,25358783,2025-11-24 09:48:20,2025-11-24 09:48:30,SHORT,24684.0,24684.0,24674.0,REVERSAL,0,1,40.0,200.0,283,40.0,22.0,0.3225202438729437,,,0.0023809523809523864
5162,2025-11-24 09:48:30,24674.0,24682.5,24624.75,1717,25360500,25360642,2025-11-24 09:49:28,2025-11-24 09:49:30,LONG,24624.75,24624.75,24634.75,REVERSAL,0,1,40.0,200.0,142,40.0,19.0,1.0672479567501507,,,0.004545454545454547
5163,2025-11-24 09:49:30,24634.75,24634.75,24634.75,0,25360642,25360849,2025-11-24 09:49:30,2025-11-24 09:49:38,SHORT,24634.75,24634.75,24624.75,REVERSAL,0,1,40.0,200.0,207,40.0,14.0,1.0672479567501507,,,0.006521739130434787
5164,2025-11-24 09:49:38,24624.75,24635.0,24584.25,1739,25362588,25363609,2025-11-24 09:50:15,2025-11-24 09:50:33,LONG,24588.0,24588.0,24598.25,REVERSAL,0,1,41.0,205.0,1021,41.0,32.0,1.422610141577166,,,0.008333333333333338
5165,2025-11-24 09:50:33,24598.25,24602.0,24592.0,190,25363799,25363924,2025-11-24 09:50:36,2025-11-24 09:50:38,SHORT,24602.0,24602.0,24592.0,REVERSAL,0,1,40.0,200.0,125,40.0,4.0,0.8539331764997693,,,0.010000000000000002
5166,2025-11-24 09:50:38,24592.0,24670.75,24579.0,6493,25370417,25370483,2025-11-24 09:53:45,2025-11-24 09:53:49,SHORT,24662.75,24662.75,24652.5,REVERSAL,0,1,41.0,205.0,66,41.0,13.0,0.49024984600616467,,,0.011538461538461539
5167,2025-11-24 09:53:49,24652.5,24652.5,24652.5,0,25370483,25370527,2025-11-24 09:53:49,2025-11-24 09:53:52,LONG,24652.5,24652.5,24662.5,REVERSAL,0,1,40.0,200.0,44,40.0,0.0,0.49024984600616467,,,0.012962962962962968
5168,2025-11-24 09:53:52,24662.5,24678.5,24658.5,473,25371000,25371177,2025-11-24 09:54:11,2025-11-24 09:54:15,SHORT,24678.5,24678.5,24668.5,REVERSAL,0,1,40.0,200.0,177,40.0,11.0,0.34192796231501016,,,0.01428571428571429
5169,2025-11-24 09:54:15,24668.5,24668.5,24668.5,0,25371177,25371665,2025-11-24 09:54:15,2025-11-24 09:54:39,LONG,24668.5,24663.5,24648.5,HARD_STOP,1,2,-120.0,-600.0,488,21.0,60.0,0.34192796231501016,,,0.015517241379310348
5170,2025-11-24 09:54:39,24648.5,24661.75,24625.25,3835,25375500,25375666,2025-11-24 09:57:04,2025-11-24 09:57:15,SHORT,24660.0,24660.0,24650.0,REVERSAL,0,1,40.0,200.0,166,40.0,10.0,0.2538251971938365,,,0.03333333333333334
5171,2025-11-24 09:57:15,24650.0,24650.0,24650.0,0,25375666,25375794,2025-11-24 09:57:15,2025-11-24 09:57:22,LONG,24650.0,24645.0,24650.0,REVERSAL,1,2,40.0,200.0,128,20.0,40.0,0.2538251971938365,,,0.03548387096774194
5172,2025-11-24 09:57:22,24650.0,24662.5,24641.75,456,25376250,25376293,2025-11-24 09:57:48,2025-11-24 09:57:51,SHORT,24659.75,24659.75,24649.0,REVERSAL,0,1,43.0,215.0,43,43.0,4.0,0.2558009595488307,,,0.037500000000000006
5173,2025-11-24 09:57:51,24649.0,24649.0,24649.0,0,25376293,25376313,2025-11-24 09:57:51,2025-11-24 09:57:54,LONG,24649.0,24649.0,24660.75,REVERSAL,0,1,47.0,235.0,20,47.0,1.0,0.2558009595488307,,,0.0393939393939394
5174,2025-11-24 09:57:54,24660.75,24660.75,24660.75,0,25376313,25376456,2025-11-24 09:57:54,2025-11-24 09:58:01,SHORT,24660.75,24660.75,24650.5,REVERSAL,0,1,41.0,205.0,143,41.0,3.0,0.2558009595488307,,,-0.008823529411764702
5175,2025-11-24 09:58:01,24650.5,24650.5,24650.5,0,25376456,25376659,2025-11-24 09:58:01,2025-11-24 09:58:13,LONG,24650.5,24650.5,24660.75,REVERSAL,0,1,41.0,205.0,203,41.0,23.0,0.2558009595488307,,,-0.007142857142857138
5176,2025-11-24 09:58:13,24660.75,24675.0,24640.25,1591,25378250,25378283,2025-11-24 09:59:32,2025-11-24 09:59:34,SHORT,24671.25,24671.25,24661.25,REVERSAL,0,1,40.0,200.0,33,40.0,1.0,0.42608185219639216,,,-0.00555555555555555
5177,2025-11-24 09:59:34,24661.25,24662.75,24652.75,72,25378355,25378417,2025-11-24 09:59:39,2025-11-24 09:59:46,LONG,24652.75,24652.75,24662.75,REVERSAL,0,1,40.0,200.0,62,40.0,0.0,0.42608185219639216,,,-0.004054054054054054
5178,2025-11-24 09:59:46,24662.75,24700.0,24656.5,1083,25379500,25381238,2025-11-24 10:00:03,2025-11-24 10:00:34,SHORT,24699.75,24704.75,24699.75,REVERSAL,1,2,40.0,200.0,1738,31.0,48.0,4.5614016712113195,,,-0.0026315789473684154
5179,2025-11-24 10:00:34,24699.75,24699.75,24699.75,0,25381238,25381335,2025-11-24 10:00:34,2025-11-24 10:00:38,LONG,24699.75,24699.75,24710.0,REVERSAL,0,1,41.0,205.0,97,41.0,4.0,0.6473425149204914,,,-0.0012820512820512775
5180,2025-11-24 10:00:38,24710.0,24717.5,24695.5,1665,25383000,25383172,2025-11-24 10:01:38,2025-11-24 10:01:48,LONG,24698.75,24698.75,24708.75,REVERSAL,0,1,40.0,200.0,172,40.0,13.0,0.41659139816093343,,,0.0
5181,2025-11-24 10:01:48,24708.75,24708.75,24708.75,0,25383172,25383910,2025-11-24 10:01:48,2025-11-24 10:02:01,SHORT,24708.75,24713.75,24728.75,HARD_STOP,1,2,-120.0,-600.0,738,1.0,60.0,0.41659139816093343,,,0.0012195121951219523
5182,2025-11-24 10:02:01,24728.75,24737.25,24721.25,1603,25385513,25386544,2025-11-24 10:02:41,2025-11-24 10:03:15,SHORT,24735.25,24735.25,24725.0,REVERSAL,0,1,41.0,205.0,1031,41.0,30.0,0.6437393487114857,,,0.02857142857142858
5183,2025-11-24 10:03:15,24725.0,24749.0,24724.0,2706,25389250,25389355,2025-11-24 10:05:06,2025-11-24 10:05:09,SHORT,24742.75,24742.75,24732.5,REVERSAL,0,1,41.0,205.0,105,41.0,1.0,0.3548372389826977,,,0.03023255813953489
5184,2025-11-24 10:05:09,24732.5,24732.5,24732.5,0,25389355,25389533,2025-11-24 10:05:09,2025-11-24 10:05:14,LONG,24732.5,24732.5,24742.75,REVERSAL,0,1,41.0,205.0,178,41.0,7.0,0.3548372389826977,,,0.03181818181818183
5185,2025-11-24 10:05:14,24742.75,24769.75,24723.75,5870,25395403,25395735,2025-11-24 10:07:59,2025-11-24 10:08:11,LONG,24731.5,24726.5,24732.25,REVERSAL,1,2,46.0,230.0,332,23.0,40.0,0.513582623941705,,,0.03333333333333334
5186,2025-11-24 10:08:11,24732.25,24738.0,24701.75,2765,25398500,25398677,2025-11-24 10:10:07,2025-11-24 10:10:15,SHORT,24725.0,24725.0,24715.0,REVERSAL,0,1,40.0,200.0,177,40.0,16.0,0.42871661000195693,,,0.03478260869565218
5187,2025-11-24 10:10:15,24715.0,24717.5,24665.0,3380,25402057,25402878,2025-11-24 10:12:02,2025-11-24 10:12:27,LONG,24678.75,24673.75,24678.75,REVERSAL,1,2,40.0,200.0,821,20.0,40.0,0.47219242987819454,,,0.03617021276595746
5188,2025-11-24 10:12:27,24678.75,24716.25,24672.25,1372,25404250,25404379,2025-11-24 10:12:51,2025-11-24 10:12:54,SHORT,24713.75,24713.75,24703.75,REVERSAL,0,1,40.0,200.0,129,40.0,3.0,1.174176599401973,,,0.037500000000000006
5189,2025-11-24 10:12:54,24703.75,24703.75,24703.75,0,25404379,25404951,2025-11-24 10:12:54,2025-11-24 10:13:18,LONG,24703.75,24703.75,24713.75,REVERSAL,0,1,40.0,200.0,572,40.0,12.0,1.174176599401973,,,0.03877551020408164
5190,2025-11-24 10:13:18,24713.75,24743.5,24695.0,2299,25407250,25408751,2025-11-24 10:14:36,2025-11-24 10:15:24,SHORT,24741.5,24746.625,24741.75,REVERSAL,1,2,39.0,195.0,1501,33.0,41.0,0.9507641294343143,,,-0.009999999999999995
5191,2025-11-24 10:15:24,24741.75,24743.0,24731.0,250,25409001,25409049,2025-11-24 10:15:33,2025-11-24 10:15:35,LONG,24732.5,24732.5,24742.5,REVERSAL,0,1,40.0,200.0,48,40.0,0.0,0.5320121799458825,,,-0.008823529411764702
5192,2025-11-24 10:15:35,24742.5,24742.5,24742.5,0,25409049,25409161,2025-11-24 10:15:35,2025-11-24 10:15:42,SHORT,24742.5,24742.5,24732.5,REVERSAL,0,1,40.0,200.0,112,40.0,7.0,0.5320121799458825,,,-0.007692307692307693
5193,2025-11-24 10:15:42,24732.5,24732.5,24732.5,0,25409161,25409231,2025-11-24 10:15:42,2025-11-24 10:15:44,LONG,24732.5,24732.5,24742.5,REVERSAL,0,1,40.0,200.0,70,40.0,2.0,0.5320121799458825,,,-0.006603773584905659
5194,2025-11-24 10:15:44,24742.5,24742.5,24742.5,0,25409231,25409525,2025-11-24 10:15:44,2025-11-24 10:16:01,SHORT,24742.5,24742.5,24732.5,REVERSAL,0,1,40.0,200.0,294,40.0,4.0,0.5320121799458825,,,-0.00555555555555555
5195,2025-11-24 10:16:01,24732.5,24739.0,24709.0,1225,25410750,25411501,2025-11-24 10:16:41,2025-11-24 10:17:23,SHORT,24739.0,24739.0,24728.75,REVERSAL,0,1,41.0,205.0,751,41.0,28.0,0.6882768774750903,,,-0.00454545454545454
5196,2025-11-24 10:17:23,24728.75,24742.0,24710.75,2249,25413750,25413888,2025-11-24 10:19:09,2025-11-24 10:19:16,SHORT,24733.0,24733.0,24722.75,REVERSAL,0,1,41.0,205.0,138,41.0,6.0,0.3500403441423949,,,-0.0035714285714285657
5197,2025-11-24 10:19:16,24722.75,24722.75,24722.75,0,25413888,25414662,2025-11-24 10:19:16,2025-11-24 10:19:51,LONG,24722.75,24717.375,24702.25,HARD_STOP,1,2,-121.0,-605.0,774,34.0,60.5,0.3500403441423949,,,-0.0026315789473684154
5198,2025-11-24 10:19:51,24702.25,24731.25,24695.5,2860,25417522,25418651,2025-11-24 10:21:38,2025-11-24 10:22:25,SHORT,24725.5,24730.625,24725.75,REVERSAL,1,2,39.0,195.0,1129,32.0,42.5,0.6210816911753078,,,0.031034482758620696
5199,2025-11-24 10:22:25,24725.75,24747.5,24716.25,849,25419500,25419660,2025-11-24 10:23:10,2025-11-24 10:23:14,SHORT,24747.5,24747.5,24737.5,REVERSAL,0,1,40.0,200.0,160,40.0,6.0,0.33463081463553945,,,0.03220338983050848
5200,2025-11-24 10:23:14,24737.5,24737.5,24737.5,0,25419660,25420787,2025-11-24 10:23:14,2025-11-24 10:24:01,LONG,24737.5,24732.5,24717.5,HARD_STOP,1,2,-120.0,-600.0,1127,36.0,60.0,0.33463081463553945,,,0.03333333333333334
5201,2025-11-24 10:24:01,24717.5,24720.0,24694.25,1463,25422250,25422782,2025-11-24 10:24:44,2025-11-24 10:24:56,LONG,24696.5,24696.5,24706.75,REVERSAL,0,1,41.0,205.0,532,41.0,15.0,0.5626890435382185,,,0.0680327868852459
5202,2025-11-24 10:24:56,24706.75,24709.5,24682.75,968,25423750,25424016,2025-11-24 10:25:19,2025-11-24 10:25:25,LONG,24684.25,24684.25,24695.0,REVERSAL,0,1,43.0,215.0,266,43.0,12.0,0.7246070537991286,,,0.019354838709677427
5203,2025-11-24 10:25:25,24695.0,24708.25,24686.5,1009,25425025,25425471,2025-11-24 10:26:01,2025-11-24 10:26:19,LONG,24697.25,24697.25,24707.25,REVERSAL,0,1,40.0,200.0,446,40.0,37.0,0.4628691194474493,,,0.020634920634920645
5204,2025-11-24 10:26:19,24707.25,24715.0,24693.5,804,25426275,25426621,2025-11-24 10:26:50,2025-11-24 10:27:04,LONG,24699.25,24699.25,24709.25,REVERSAL,0,1,40.0,200.0,346,40.0,13.0,0.5118221385291609,,,0.021875000000000006
5205,2025-11-24 10:27:04,24709.25,24733.0,24706.75,901,25427522,25428456,2025-11-24 10:27:22,2025-11-24 10:28:03,SHORT,24728.75,24733.75,24728.75,REVERSAL,1,2,40.0,200.0,934,31.0,40.0,1.7067092467412752,,,0.023076923076923078
5206,2025-11-24 10:28:03,24728.75,24750.0,24728.0,794,25429250,25430308,2025-11-24 10:28:19,2025-11-24 10:29:03,SHORT,24747.75,24747.75,24737.75,REVERSAL,0,1,40.0,200.0,1058,40.0,17.0,1.0281038703841043,,,0.024242424242424246
5207,2025-11-24 10:29:03,24737.75,24746.25,24714.75,1943,25432251,25432722,2025-11-24 10:30:35,2025-11-24 10:30:58,LONG,24717.75,24717.75,24727.75,REVERSAL,0,1,40.0,200.0,471,40.0,28.0,0.4330551730833916,,,0.02537313432835822
5208,2025-11-24 10:30:58,24727.75,24781.0,24726.0,9289,25442011,25442149,2025-11-24 10:37:32,2025-11-24 10:37:38,LONG,24753.5,24753.5,24763.5,REVERSAL,0,1,40.0,200.0,138,40.0,11.0,0.6707910280911763,,,0.02647058823529412
5209,2025-11-24 10:37:38,24763.5,24763.5,24763.5,0,25442149,25442559,2025-11-24 10:37:38,2025-11-24 10:38:06,SHORT,24763.5,24763.5,24753.5,REVERSAL,0,1,40.0,200.0,410,40.0,19.0,0.6707910280911763,,,0.027536231884057974
5210,2025-11-24 10:38:06,24753.5,24817.25,24748.25,10441,25453000,25453530,2025-11-24 10:45:46,2025-11-24 10:46:24,SHORT,24816.5,24816.5,24806.5,REVERSAL,0,1,40.0,200.0,530,40.0,0.0,0.5006831464753878,,,0.02857142857142858
5211,2025-11-24 10:46:24,24806.5,24812.0,24795.25,3234,25456764,25458132,2025-11-24 10:49:42,2025-11-24 10:51:03,SHORT,24809.0,24809.0,24799.0,REVERSAL,0,1,40.0,200.0,1368,40.0,21.0,0.23110016164554212,,,0.029577464788732397
5212,2025-11-24 10:51:03,24799.0,24812.5,24779.25,4368,25462500,25464418,2025-11-24 10:54:48,2025-11-24 10:55:59,LONG,24785.25,24780.25,24765.25,HARD_STOP,1,2,-120.0,-600.0,1918,18.0,60.0,0.3777199144610158,,,0.030555555555555558
5213,2025-11-24 10:55:59,24765.25,24795.25,24762.0,4082,25468500,25470602,2025-11-24 11:00:14,2025-11-24 11:02:38,SHORT,24792.5,24797.5,24812.5,HARD_STOP,1,2,-120.0,-600.0,2102,28.0,60.0,0.7214164800206646,,,0.06780821917808219
5214,2025-11-24 11:02:38,24812.5,24843.0,24811.25,5898,25476500,25480222,2025-11-24 11:07:22,2025-11-24 11:10:23,SHORT,24841.75,24846.875,24842.0,REVERSAL,1,2,39.0,195.0,3722,24.0,56.5,0.4918114780743156,,,0.10540540540540541
5215,2025-11-24 11:10:23,24842.0,24851.5,24841.5,257,25480479,25480811,2025-11-24 11:10:39,2025-11-24 11:11:04,SHORT,24851.5,24851.5,24841.25,REVERSAL,0,1,41.0,205.0,332,41.0,0.0,0.6622697325894736,,,0.10666666666666667
5216,2025-11-24 11:11:04,24841.25,24871.75,24841.0,2695,25483506,25485347,2025-11-24 11:13:26,2025-11-24 11:15:21,SHORT,24864.25,24864.25,24854.25,REVERSAL,0,1,40.0,200.0,1841,40.0,19.0,0.4013150905614092,,,0.10789473684210528
5217,2025-11-24 11:15:21,24854.25,24873.0,24847.0,2379,25487726,25494408,2025-11-24 11:17:54,2025-11-24 11:26:40,SHORT,24869.25,24869.25,24859.25,REVERSAL,0,1,40.0,200.0,6682,40.0,35.0,0.6090411076490604,,,0.1090909090909091
5218,2025-11-24 11:26:40,24859.25,24882.0,24858.75,2592,25497000,25497782,2025-11-24 11:29:42,2025-11-24 11:30:30,LONG,24861.5,24861.5,24871.5,REVERSAL,0,1,40.0,200.0,782,40.0,11.0,0.2622527820088756,,,0.06025641025641025
5219,2025-11-24 11:30:30,24871.5,24874.0,24841.0,2968,25500750,25501121,2025-11-24 11:33:31,2025-11-24 11:33:49,LONG,24842.0,24842.0,24852.0,REVERSAL,0,1,40.0,200.0,371,40.0,8.0,0.33482000891665864,,,0.06139240506329113
5220,2025-11-24 11:33:49,24852.0,24872.0,24850.25,879,25502000,25502305,2025-11-24 11:34:35,2025-11-24 11:35:00,SHORT,24870.0,24870.0,24860.0,REVERSAL,0,1,40.0,200.0,305,40.0,4.0,0.45587233676997246,,,0.0625
5221,2025-11-24 11:35:00,24860.0,24861.0,24846.5,445,25502750,25503042,2025-11-24 11:35:32,2025-11-24 11:36:00,LONG,24846.5,24846.5,24856.75,REVERSAL,0,1,41.0,205.0,292,41.0,0.0,0.4265686952926741,,,0.013580246913580257
5222,2025-11-24 11:36:00,24856.75,24863.5,24853.5,413,25503455,25506634,2025-11-24 11:36:23,2025-11-24 11:41:08,LONG,24853.5,24853.5,24863.5,REVERSAL,0,1,40.0,200.0,3179,40.0,33.0,0.26703532330127405,,,0.014634146341463414
5223,2025-11-24 11:41:08,24863.5,24889.75,24860.25,4124,25510758,25511915,2025-11-24 11:45:44,2025-11-24 11:46:51,SHORT,24888.25,24888.25,24878.0,REVERSAL,0,1,41.0,205.0,1157,41.0,5.0,3.257719714512251,,,0.01566265060240965
5224,2025-11-24 11:46:51,24878.0,24886.75,24834.0,11085,25523000,25523415,2025-11-24 12:00:23,2025-11-24 12:00:56,SHORT,24865.5,24865.5,24855.25,REVERSAL,0,1,41.0,205.0,415,41.0,0.0,1.1198485655654764,,,0.016666666666666677
5225,2025-11-24 12:00:56,24855.25,24861.25,24851.25,298,25523713,25524291,2025-11-24 12:01:19,2025-11-24 12:02:08,SHORT,24861.25,24861.25,24851.0,REVERSAL,0,1,41.0,205.0,578,41.0,22.0,0.4485958121074037,,,0.01764705882352942
5226,2025-11-24 12:02:08,24851.0,24856.75,24832.5,2459,25526750,25526935,2025-11-24 12:04:48,2025-11-24 12:05:02,LONG,24839.5,24839.5,24849.5,REVERSAL,0,1,40.0,200.0,185,40.0,2.0,0.3993294840494889,,,0.018604651162790697
5227,2025-11-24 12:05:02,24849.5,24849.5,24849.5,0,25526935,25527185,2025-11-24 12:05:02,2025-11-24 12:05:26,SHORT,24849.5,24849.5,24839.5,REVERSAL,0,1,40.0,200.0,250,40.0,4.0,0.3993294840494889,,,0.019540229885057478
5228,2025-11-24 12:05:26,24839.5,24857.0,24831.25,3143,25530328,25530853,2025-11-24 12:10:09,2025-11-24 12:11:02,SHORT,24844.25,24844.25,24834.25,REVERSAL,0,1,40.0,200.0,525,40.0,11.0,0.31185250250496305,,,0.02045454545454546
5229,2025-11-24 12:11:02,24834.25,24841.0,24831.0,325,25531178,25531670,2025-11-24 12:11:28,2025-11-24 12:12:39,SHORT,24841.0,24841.0,24831.0,REVERSAL,0,1,40.0,200.0,492,40.0,11.0,0.22182685272513675,,,0.02134831460674158
5230,2025-11-24 12:12:39,24831.0,24871.75,24829.0,3080,25534750,25538665,2025-11-24 12:16:48,2025-11-24 12:22:29,SHORT,24870.25,24875.25,24890.25,HARD_STOP,1,2,-120.0,-600.0,3915,27.0,60.0,0.49643235055085577,,,0.022222222222222227
5231,2025-11-24 12:22:29,24890.25,24891.5,24869.0,2835,25541500,25544631,2025-11-24 12:26:00,2025-11-24 12:31:22,SHORT,24883.0,24888.0,24883.0,REVERSAL,1,2,40.0,200.0,3131,39.0,40.0,0.47174974878402387,,,0.062087912087912075
5232,2025-11-24 12:31:22,24883.0,24898.5,24881.75,1399,25546030,25546748,2025-11-24 12:33:17,2025-11-24 12:35:09,SHORT,24895.75,24895.75,24885.75,REVERSAL,0,1,40.0,200.0,718,40.0,2.0,0.39749429197178304,,,0.06304347826086956
5233,2025-11-24 12:35:09,24885.75,24894.5,24884.5,502,25547250,25551998,2025-11-24 12:36:00,2025-11-24 12:39:59,SHORT,24894.5,24899.5,24914.5,HARD_STOP,1,2,-120.0,-600.0,4748,24.0,60.0,0.378099377329636,,,0.013978494623655913
5234,2025-11-24 12:39:59,24914.5,24924.75,24913.5,684,25552682,25552837,2025-11-24 12:40:01,2025-11-24 12:40:03,LONG,24914.75,24914.75,24925.0,REVERSAL,0,1,41.0,205.0,155,41.0,1.0,7.142422363193307,,,0.004255319148936176
5235,2025-11-24 12:40:03,24925.0,24932.25,24920.5,763,25553600,25556417,2025-11-24 12:40:16,2025-11-24 12:41:44,SHORT,24931.0,24931.0,24921.0,REVERSAL,0,1,40.0,200.0,2817,40.0,16.0,2.367341572255335,,,0.005263157894736845
5236,2025-11-24 12:41:44,24921.0,24924.75,24914.75,748,25557165,25559793,2025-11-24 12:42:17,2025-11-24 12:45:34,LONG,24914.75,24914.75,24924.75,REVERSAL,0,1,40.0,200.0,2628,40.0,21.0,0.44369109352760455,,,0.0062500000000000056
5237,2025-11-24 12:45:34,24924.75,24935.0,24920.75,2707,25562500,25563236,2025-11-24 12:49:05,2025-11-24 12:50:26,LONG,24924.25,24924.25,24934.25,REVERSAL,0,1,40.0,200.0,736,40.0,11.0,0.3594734389349993,,,0.007216494845360827
5238,2025-11-24 12:50:26,24934.25,24938.0,24918.0,2764,25566000,25566463,2025-11-24 12:54:19,2025-11-24 12:55:00,SHORT,24937.25,24937.25,24927.25,REVERSAL,0,1,40.0,200.0,463,40.0,10.0,0.40300507670280566,,,0.00816326530612245
5239,2025-11-24 12:55:00,24927.25,24928.25,24918.0,1322,25567785,25570028,2025-11-24 12:56:46,2025-11-24 13:00:19,LONG,24918.0,24918.0,24928.0,REVERSAL,0,1,40.0,200.0,2243,40.0,23.0,0.31675668555855996,,,0.009090909090909094
5240,2025-11-24 13:00:19,24928.0,24935.5,24921.25,2972,25573000,25579686,2025-11-24 13:06:01,2025-11-24 13:16:38,SHORT,24934.0,24939.0,24934.0,REVERSAL,1,2,40.0,200.0,6686,28.0,59.0,0.23090717636528543,,,0.010000000000000009
5241,2025-11-24 13:16:38,24934.0,24949.25,24914.0,11314,25591000,25591384,2025-11-24 13:33:10,2025-11-24 13:34:02,SHORT,24939.75,24939.75,24929.75,REVERSAL,0,1,40.0,200.0,384,40.0,0.0,0.3190460141665244,,,0.0108910891089109
5242,2025-11-24 13:34:02,24929.75,24938.75,24919.25,1366,25592750,25593103,2025-11-24 13:36:43,2025-11-24 13:37:23,SHORT,24937.5,24937.5,24927.25,REVERSAL,0,1,41.0,205.0,353,41.0,6.0,0.3344459459441694,,,0.011764705882352941
5243,2025-11-24 13:37:23,24927.25,24936.25,24917.5,2657,25595760,25597564,2025-11-24 13:42:09,2025-11-24 13:46:52,SHORT,24929.25,24934.25,24929.25,REVERSAL,1,2,40.0,200.0,1804,20.0,40.0,0.5165876102333299,,,0.012621359223300974
5244,2025-11-24 13:46:52,24929.25,24940.75,24920.25,1186,25598750,25599352,2025-11-24 13:49:18,2025-11-24 13:50:05,SHORT,24940.25,24940.25,24930.25,REVERSAL,0,1,40.0,200.0,602,40.0,2.0,0.17357664550746632,,,0.01346153846153847
5245,2025-11-24 13:50:05,24930.25,24938.5,24926.75,1829,25601181,25602579,2025-11-24 13:54:38,2025-11-24 13:57:21,SHORT,24936.75,24936.75,24926.75,REVERSAL,0,1,40.0,200.0,1398,40.0,9.0,0.29085750137158467,,,0.01428571428571429
5246,2025-11-24 13:57:21,24926.75,24950.5,24923.5,3421,25606000,25613222,2025-11-24 14:03:20,2025-11-24 14:17:28,SHORT,24944.75,24949.75,24944.75,REVERSAL,1,2,40.0,200.0,7222,23.0,45.0,0.29386778786211165,,,0.01509433962264152
5247,2025-11-24 14:17:28,24944.75,24952.5,24938.5,2528,25615750,25620445,2025-11-24 14:22:40,2025-11-24 14:30:51,LONG,24940.25,24935.25,24920.25,HARD_STOP,1,2,-120.0,-600.0,4695,27.0,60.0,0.2529249049229077,,,0.01588785046728973
5248,2025-11-24 14:30:51,24920.25,24923.5,24905.5,3555,25624000,25626749,2025-11-24 14:34:41,2025-11-24 14:37:39,LONG,24907.0,24907.0,24917.0,REVERSAL,0,1,40.0,200.0,2749,40.0,20.0,0.2488142464255083,,,0.05740740740740741
5249,2025-11-24 14:37:39,24917.0,24938.5,24917.0,4379,25631128,25635368,2025-11-24 14:42:47,2025-11-24 14:50:28,LONG,24921.5,24916.5,24921.75,REVERSAL,1,2,42.0,210.0,4240,21.0,43.0,0.517972439724594,,,0.058256880733944943
5250,2025-11-24 14:50:28,24921.75,24924.75,24893.0,3382,25638750,25640652,2025-11-24 14:55:10,2025-11-24 14:56:49,SHORT,24914.0,24919.0,24914.0,REVERSAL,1,2,40.0,200.0,1902,24.0,42.0,0.32341231128730746,,,0.05909090909090908
5251,2025-11-24 14:56:49,24914.0,24921.5,24904.25,1098,25641750,25642109,2025-11-24 14:57:53,2025-11-24 14:58:21,SHORT,24921.0,24921.0,24910.75,REVERSAL,0,1,41.0,205.0,359,41.0,7.0,0.33531383335526044,,,0.00990990990990992
5252,2025-11-24 14:58:21,24910.75,24921.5,24908.5,1391,25643500,25646621,2025-11-24 15:00:08,2025-11-24 15:03:43,SHORT,24919.25,24924.25,24939.25,HARD_STOP,1,2,-120.0,-600.0,3121,26.0,60.0,0.46694096060931245,,,0.010714285714285718
5253,2025-11-24 15:03:43,24939.25,24948.0,24935.75,1129,25647750,25651298,2025-11-24 15:04:47,2025-11-24 15:10:00,SHORT,24947.5,24947.5,24937.25,REVERSAL,0,1,41.0,205.0,3548,41.0,14.0,0.4695037347998156,,,0.052654867256637164
5254,2025-11-24 15:10:00,24937.25,24951.75,24930.25,2452,25653750,25654217,2025-11-24 15:13:29,2025-11-24 15:14:02,SHORT,24951.5,24951.5,24941.5,REVERSAL,0,1,40.0,200.0,467,40.0,2.0,0.4266363328351041,,,0.0035087719298245723
5255,2025-11-24 15:14:02,24941.5,24963.0,24925.0,11544,25665761,25666504,2025-11-24 15:30:16,2025-11-24 15:31:18,LONG,24929.25,24929.25,24939.5,REVERSAL,0,1,41.0,205.0,743,41.0,10.0,0.6193737567078652,,,0.004347826086956524
5256,2025-11-24 15:31:18,24939.5,24950.25,24934.25,1496,25668000,25679205,2025-11-24 15:33:33,2025-11-24 15:49:00,SHORT,24949.25,24954.25,24949.25,REVERSAL,1,2,40.0,200.0,11205,37.0,57.0,0.8701357239444368,,,0.005172413793103459
5257,2025-11-25 09:30:00,24857.25,24857.25,24843.5,715,25845750,25846176,2025-11-25 09:30:01,2025-11-25 09:30:02,LONG,24843.5,24843.5,24854.0,REVERSAL,0,1,42.0,210.0,426,42.0,0.0,,,,
5258,2025-11-25 09:30:02,24854.0,24879.5,24831.0,3074,25849250,25851818,2025-11-25 09:30:28,2025-11-25 09:31:01,LONG,24831.0,24826.0,24831.0,REVERSAL,1,2,40.0,200.0,2568,36.0,40.0,,,,
5259,2025-11-25 09:31:01,24831.0,24855.5,24828.0,682,25852500,25852672,2025-11-25 09:31:08,2025-11-25 09:31:11,SHORT,24853.75,24853.75,24843.25,REVERSAL,0,1,42.0,210.0,172,42.0,14.0,0.6459054209919262,,,
5260,2025-11-25 09:31:11,24843.25,24843.25,24843.25,0,25852672,25853332,2025-11-25 09:31:11,2025-11-25 09:31:22,LONG,24843.25,24838.25,24843.25,REVERSAL,1,2,40.0,200.0,660,20.0,40.0,0.6459054209919262,,,
5261,2025-11-25 09:31:22,24843.25,24851.0,24831.5,695,25854027,25855172,2025-11-25 09:31:39,2025-11-25 09:32:10,LONG,24835.0,24835.0,24845.0,REVERSAL,0,1,40.0,200.0,1145,40.0,21.0,0.4319419237749546,,,
5262,2025-11-25 09:32:10,24845.0,24846.5,24836.25,256,25855428,25856085,2025-11-25 09:32:14,2025-11-25 09:32:34,LONG,24836.25,24836.25,24846.25,REVERSAL,0,1,40.0,200.0,657,40.0,5.0,0.5888979435309908,,,
5263,2025-11-25 09:32:34,24846.25,24855.25,24836.25,665,25856750,25856939,2025-11-25 09:32:55,2025-11-25 09:33:00,LONG,24837.25,24837.25,24848.0,REVERSAL,0,1,43.0,215.0,189,43.0,2.0,0.36939073330901145,,,
5264,2025-11-25 09:33:00,24848.0,24848.0,24848.0,0,25856939,25857553,2025-11-25 09:33:00,2025-11-25 09:33:17,SHORT,24848.0,24848.0,24838.0,REVERSAL,0,1,40.0,200.0,614,40.0,14.0,0.36939073330901145,,,
5265,2025-11-25 09:33:17,24838.0,24841.75,24831.5,204,25857757,25857966,2025-11-25 09:33:23,2025-11-25 09:33:28,LONG,24831.5,24831.5,24841.5,REVERSAL,0,1,40.0,200.0,209,40.0,13.0,0.4539438856537851,,,
5266,2025-11-25 09:33:28,24841.5,24841.5,24841.5,0,25857966,25859103,2025-11-25 09:33:28,2025-11-25 09:34:10,SHORT,24841.5,24846.5,24861.5,HARD_STOP,1,2,-120.0,-600.0,1137,25.0,60.0,0.4539438856537851,,,
5267,2025-11-25 09:34:10,24861.5,24878.5,24840.25,7397,25866500,25867824,2025-11-25 09:37:16,2025-11-25 09:38:01,LONG,24843.5,24843.5,24853.5,REVERSAL,0,1,40.0,200.0,1324,40.0,30.0,0.8490417432396955,,,0.0
5268,2025-11-25 09:38:01,24853.5,24859.25,24813.25,4552,25872376,25875059,2025-11-25 09:40:11,2025-11-25 09:40:40,LONG,24818.0,24813.0,24798.0,HARD_STOP,1,2,-120.0,-600.0,2683,10.0,60.0,3.535503558103775,,,0.0
5269,2025-11-25 09:40:40,24798.0,24808.25,24778.75,4667,25879726,25881932,2025-11-25 09:42:22,2025-11-25 09:43:03,LONG,24780.5,24775.5,24760.5,HARD_STOP,1,2,-120.0,-600.0,2206,24.0,60.0,0.7037778926911954,,,0.0
5270,2025-11-25 09:43:03,24760.5,24763.75,24693.25,9318,25891250,25891585,2025-11-25 09:45:15,2025-11-25 09:45:16,LONG,24694.0,24694.0,24704.0,REVERSAL,0,1,40.0,200.0,335,40.0,9.0,1.6347845698298606,,,0.0
5271,2025-11-25 09:45:16,24704.0,24708.5,24651.0,12915,25904500,25906080,2025-11-25 09:48:28,2025-11-25 09:48:52,LONG,24652.75,24647.75,24653.0,REVERSAL,1,2,42.0,210.0,1580,23.0,40.0,0.8127035609289853,,,0.0
5272,2025-11-25 09:48:52,24653.0,24664.5,24622.5,3171,25909251,25909348,2025-11-25 09:49:28,2025-11-25 09:49:28,LONG,24623.25,24623.25,24633.75,REVERSAL,0,1,42.0,210.0,97,42.0,0.0,3.137280263865254,,,0.0
5273,2025-11-25 09:49:28,24633.75,24633.75,24633.75,0,25909348,25911344,2025-11-25 09:49:28,2025-11-25 09:50:03,SHORT,24633.75,24633.75,24623.75,REVERSAL,0,1,40.0,200.0,1996,40.0,37.0,3.137280263865254,,,0.0
5274,2025-11-25 09:50:03,24623.75,24640.0,24602.0,2906,25914250,25915563,2025-11-25 09:50:28,2025-11-25 09:50:45,SHORT,24639.5,24644.5,24639.5,REVERSAL,1,2,40.0,200.0,1313,36.0,40.0,1.0122752389134375,,,0.0
5275,2025-11-25 09:50:45,24639.5,24698.0,24639.5,4937,25920500,25920814,2025-11-25 09:51:55,2025-11-25 09:52:00,SHORT,24698.0,24698.0,24688.0,REVERSAL,0,1,40.0,200.0,314,40.0,3.0,0.6049873294099881,,,0.0
5276,2025-11-25 09:52:00,24688.0,24729.5,24686.75,5212,25926026,25926556,2025-11-25 09:53:10,2025-11-25 09:53:30,SHORT,24713.75,24713.75,24703.75,REVERSAL,0,1,40.0,200.0,530,40.0,17.0,0.7450912190480621,,,0.0
5277,2025-11-25 09:53:30,24703.75,24745.75,24698.0,1973,25928529,25929723,2025-11-25 09:54:09,2025-11-25 09:54:32,SHORT,24743.75,24743.75,24733.75,REVERSAL,0,1,40.0,200.0,1194,40.0,29.0,1.0018072312979243,,,0.0
5278,2025-11-25 09:54:32,24733.75,24740.25,24730.25,166,25929889,25930677,2025-11-25 09:54:37,2025-11-25 09:55:00,SHORT,24740.25,24745.5,24760.5,HARD_STOP,1,2,-120.0,-600.0,788,28.0,60.0,0.503608956007159,,,0.007142857142857145
5279,2025-11-25 09:55:00,24760.5,24776.5,24756.75,2573,25933250,25933570,2025-11-25 09:55:52,2025-11-25 09:56:00,LONG,24758.5,24758.5,24768.5,REVERSAL,0,1,40.0,200.0,320,40.0,18.0,0.7617195828109943,,,0.018181818181818188
5280,2025-11-25 09:56:00,24768.5,24772.25,24735.0,935,25934505,25934794,2025-11-25 09:56:18,2025-11-25 09:56:25,LONG,24738.25,24738.25,24748.25,REVERSAL,0,1,40.0,200.0,289,40.0,7.0,0.7655620534033586,,,0.026086956521739146
5281,2025-11-25 09:56:25,24748.25,24794.5,24735.75,2456,25937250,25937525,2025-11-25 09:57:31,2025-11-25 09:57:35,SHORT,24793.5,24793.5,24783.5,REVERSAL,0,1,40.0,200.0,275,40.0,3.0,0.7769702006184295,,,0.033333333333333354
5282,2025-11-25 09:57:35,24783.5,24797.75,24778.5,1225,25938750,25938976,2025-11-25 09:58:12,2025-11-25 09:58:19,SHORT,24796.0,24796.0,24786.0,REVERSAL,0,1,40.0,200.0,226,40.0,9.0,0.5222082069232454,,,0.04000000000000001
5283,2025-11-25 09:58:19,24786.0,24786.0,24786.0,0,25938976,25939489,2025-11-25 09:58:19,2025-11-25 09:58:39,LONG,24786.0,24786.0,24796.0,REVERSAL,0,1,40.0,200.0,513,40.0,16.0,0.5222082069232454,,,0.046153846153846156
5284,2025-11-25 09:58:39,24796.0,24828.0,24753.5,8967,25948456,25948719,2025-11-25 10:01:45,2025-11-25 10:01:49,LONG,24767.0,24767.0,24777.0,REVERSAL,0,1,40.0,200.0,263,40.0,14.0,1.0693810421665608,,,0.05185185185185187
5285,2025-11-25 10:01:49,24777.0,24783.75,24704.0,3781,25952500,25954560,2025-11-25 10:02:48,2025-11-25 10:03:26,LONG,24704.5,24699.5,24704.5,REVERSAL,1,2,40.0,200.0,2060,39.0,54.0,0.7999594757817546,,,0.05714285714285716
5286,2025-11-25 10:03:26,24704.5,24706.75,24670.0,1705,25956265,25956998,2025-11-25 10:04:01,2025-11-25 10:04:16,LONG,24677.75,24672.75,24657.75,HARD_STOP,1,2,-120.0,-600.0,733,13.0,60.0,0.6422939913694115,,,0.06206896551724139
5287,2025-11-25 10:04:16,24657.75,24692.0,24655.5,1022,25958020,25958336,2025-11-25 10:04:32,2025-11-25 10:04:39,SHORT,24689.5,24689.5,24679.5,REVERSAL,0,1,40.0,200.0,316,40.0,12.0,1.073031607601537,,,0.033333333333333354
5288,2025-11-25 10:04:39,24679.5,24683.25,24672.25,243,25958579,25959253,2025-11-25 10:04:46,2025-11-25 10:05:03,SHORT,24683.25,24683.25,24672.5,REVERSAL,0,1,43.0,215.0,674,43.0,31.0,0.5377177208781597,,,0.038709677419354854
5289,2025-11-25 10:05:03,24672.5,24674.0,24663.75,399,25959652,25960597,2025-11-25 10:05:11,2025-11-25 10:05:31,SHORT,24673.75,24678.75,24694.0,HARD_STOP,1,2,-122.0,-610.0,945,21.0,61.0,1.0789125504275856,,,-0.0062500000000000056
5290,2025-11-25 10:05:31,24694.0,24744.75,24694.0,2903,25963500,25963754,2025-11-25 10:06:04,2025-11-25 10:06:11,LONG,24716.75,24716.75,24727.0,REVERSAL,0,1,41.0,205.0,254,41.0,7.0,0.6447536289671663,,,-0.03181818181818183
5291,2025-11-25 10:06:11,24727.0,24765.0,24705.0,4016,25967770,25968416,2025-11-25 10:07:31,2025-11-25 10:07:50,SHORT,24755.5,24755.5,24745.5,REVERSAL,0,1,40.0,200.0,646,40.0,39.0,1.0868244104212816,,,-0.026470588235294135
5292,2025-11-25 10:07:50,24745.5,24745.5,24745.5,0,25968416,25968483,2025-11-25 10:07:50,2025-11-25 10:07:54,LONG,24745.5,24745.5,24756.75,REVERSAL,0,1,45.0,225.0,67,45.0,0.0,0.5446335157265535,,,-0.021428571428571436
5293,2025-11-25 10:07:54,24756.75,24774.5,24751.75,517,25969000,25970335,2025-11-25 10:08:05,2025-11-25 10:08:40,SHORT,24772.5,24777.5,24792.5,HARD_STOP,1,2,-120.0,-600.0,1335,34.0,60.0,0.40900062697009965,,,-0.016666666666666663
5294,2025-11-25 10:08:40,24792.5,24793.75,24752.5,5058,25975393,25975476,2025-11-25 10:11:01,2025-11-25 10:11:02,SHORT,24773.75,24773.75,24763.25,REVERSAL,0,1,42.0,210.0,83,42.0,7.0,1.6655606417048534,,,0.010810810810810811
5295,2025-11-25 10:11:02,24763.25,24765.5,24703.75,2274,25977750,25977945,2025-11-25 10:11:34,2025-11-25 10:11:37,LONG,24709.0,24709.0,24719.75,REVERSAL,0,1,43.0,215.0,195,43.0,5.0,0.4749972440335468,,,0.015789473684210548
5296,2025-11-25 10:11:37,24719.75,24719.75,24719.75,0,25977945,25978157,2025-11-25 10:11:37,2025-11-25 10:11:42,SHORT,24719.75,24719.75,24709.5,REVERSAL,0,1,41.0,205.0,212,41.0,10.0,0.4749972440335468,,,0.020512820512820523
5297,2025-11-25 10:11:42,24709.5,24761.25,24709.25,2343,25980500,25980568,2025-11-25 10:13:01,2025-11-25 10:13:02,SHORT,24759.75,24759.75,24749.5,REVERSAL,0,1,41.0,205.0,68,41.0,0.0,0.37360666879714954,,,0.025000000000000022
5298,2025-11-25 10:13:02,24749.5,24779.5,24723.0,2946,25983514,25983850,2025-11-25 10:14:43,2025-11-25 10:14:59,LONG,24731.75,24731.75,24742.25,REVERSAL,0,1,42.0,210.0,336,42.0,12.0,0.567134173108408,,,0.029268292682926828
5299,2025-11-25 10:14:59,24742.25,24769.5,24720.5,3150,25987000,25987192,2025-11-25 10:16:39,2025-11-25 10:16:48,LONG,24740.0,24740.0,24750.75,REVERSAL,0,1,43.0,215.0,192,43.0,0.0,0.8610712562911224,,,-0.016666666666666663
5300,2025-11-25 10:16:48,24750.75,24775.5,24734.25,2058,25989250,25989489,2025-11-25 10:17:56,2025-11-25 10:18:04,LONG,24740.25,24740.25,24752.0,REVERSAL,0,1,47.0,235.0,239,47.0,29.0,0.26706337346570697,,,-0.012790697674418622
5301,2025-11-25 10:18:04,24752.0,24752.0,24752.0,0,25989489,25989852,2025-11-25 10:18:04,2025-11-25 10:18:23,SHORT,24752.0,24752.0,24742.0,REVERSAL,0,1,40.0,200.0,363,40.0,18.0,0.26706337346570697,,,-0.009090909090909094
5302,2025-11-25 10:18:23,24742.0,24771.25,24737.75,898,25990750,25991024,2025-11-25 10:19:07,2025-11-25 10:19:16,SHORT,24771.25,24771.25,24761.25,REVERSAL,0,1,40.0,200.0,274,40.0,21.0,0.26900126114628387,,,-0.005555555555555564
5303,2025-11-25 10:19:16,24761.25,24781.5,24757.5,726,25991750,25991970,2025-11-25 10:19:42,2025-11-25 10:19:50,LONG,24758.25,24758.25,24768.25,REVERSAL,0,1,40.0,200.0,220,40.0,10.0,0.43886037725484006,,,-0.002173913043478276
5304,2025-11-25 10:19:50,24768.25,24768.25,24768.25,0,25991970,25992866,2025-11-25 10:19:50,2025-11-25 10:20:16,SHORT,24768.25,24773.25,24767.5,REVERSAL,1,2,46.0,230.0,896,25.0,40.0,0.43886037725484006,,,0.001063829787234044
5305,2025-11-25 10:20:16,24767.5,24773.0,24739.0,884,25993750,25993791,2025-11-25 10:20:43,2025-11-25 10:20:44,LONG,24741.5,24741.5,24752.0,REVERSAL,0,1,42.0,210.0,41,42.0,2.0,0.3927075328351685,,,0.004166666666666652
5306,2025-11-25 10:20:44,24752.0,24752.0,24752.0,0,25993791,25994213,2025-11-25 10:20:44,2025-11-25 10:21:02,SHORT,24752.0,24752.0,24741.25,REVERSAL,0,1,43.0,215.0,422,43.0,32.0,0.3927075328351685,,,0.007142857142857145
5307,2025-11-25 10:21:02,24741.25,24773.25,24700.75,6899,26001112,26001810,2025-11-25 10:24:39,2025-11-25 10:25:14,LONG,24716.75,24716.75,24727.5,REVERSAL,0,1,43.0,215.0,698,43.0,31.0,0.4507115804572211,,,-0.04000000000000001
5308,2025-11-25 10:25:14,24727.5,24759.0,24713.25,3940,26005750,26005794,2025-11-25 10:27:42,2025-11-25 10:27:43,LONG,24714.0,24714.0,24724.0,REVERSAL,0,1,40.0,200.0,44,40.0,5.0,0.3336739387478122,,,-0.03725490196078432
5309,2025-11-25 10:27:43,24724.0,24724.0,24724.0,0,26005794,26006045,2025-11-25 10:27:43,2025-11-25 10:28:01,SHORT,24724.0,24729.25,24723.25,REVERSAL,1,2,48.0,240.0,251,24.0,42.0,0.3336739387478122,,,-0.0346153846153846
5310,2025-11-25 10:28:01,24723.25,24750.25,24718.0,455,26006500,26006709,2025-11-25 10:28:20,2025-11-25 10:28:29,SHORT,24749.75,24749.75,24739.5,REVERSAL,0,1,41.0,205.0,209,41.0,3.0,0.4091472956002856,,,-0.0820754716981132
5311,2025-11-25 10:28:29,24739.5,24739.5,24739.5,0,26006709,26006805,2025-11-25 10:28:29,2025-11-25 10:28:34,LONG,24739.5,24739.5,24749.5,REVERSAL,0,1,40.0,200.0,96,40.0,12.0,0.4091472956002856,,,-0.07962962962962962
5312,2025-11-25 10:28:34,24749.5,24786.0,24745.25,2049,26008854,26009410,2025-11-25 10:29:56,2025-11-25 10:30:06,SHORT,24778.5,24783.875,24799.0,HARD_STOP,1,2,-121.0,-605.0,556,8.0,60.5,0.41226611262980145,,,-0.07727272727272726
5313,2025-11-25 10:30:06,24799.0,24823.5,24794.5,3090,26012500,26012574,2025-11-25 10:31:17,2025-11-25 10:31:20,LONG,24805.0,24805.0,24815.25,REVERSAL,0,1,41.0,205.0,74,41.0,0.0,0.9323841876540809,,,-0.042857142857142844
5314,2025-11-25 10:31:20,24815.25,24815.25,24815.25,0,26012574,26014896,2025-11-25 10:31:20,2025-11-25 10:32:32,SHORT,24815.25,24820.25,24815.25,REVERSAL,1,2,40.0,200.0,2322,39.0,40.0,0.9323841876540809,,,-0.09035087719298245
5315,2025-11-25 10:32:32,24815.25,24816.75,24793.5,1104,26016000,26016508,2025-11-25 10:33:02,2025-11-25 10:33:19,LONG,24796.75,24796.75,24806.75,REVERSAL,0,1,40.0,200.0,508,40.0,7.0,0.37616721901621314,,,-0.08793103448275862
5316,2025-11-25 10:33:19,24806.75,24817.25,24801.75,492,26017000,26017189,2025-11-25 10:33:39,2025-11-25 10:33:48,SHORT,24816.25,24816.25,24806.25,REVERSAL,0,1,40.0,200.0,189,40.0,8.0,0.29033217646750464,,,-0.08559322033898305
5317,2025-11-25 10:33:48,24806.25,24806.25,24806.25,0,26017189,26017588,2025-11-25 10:33:48,2025-11-25 10:34:06,LONG,24806.25,24806.25,24816.5,REVERSAL,0,1,41.0,205.0,399,41.0,0.0,0.29033217646750464,,,-0.08333333333333333
5318,2025-11-25 10:34:06,24816.5,24819.75,24809.75,195,26017783,26018823,2025-11-25 10:34:17,2025-11-25 10:35:04,LONG,24809.75,24804.25,24789.25,HARD_STOP,1,2,-120.0,-600.0,1040,35.0,60.0,0.31546039185463065,,,-0.08114754098360656
5319,2025-11-25 10:35:04,24789.25,24808.75,24762.75,5838,26024661,26025348,2025-11-25 10:39:00,2025-11-25 10:39:49,SHORT,24798.5,24798.5,24788.5,REVERSAL,0,1,40.0,200.0,687,40.0,38.0,0.3861635809667344,,,-0.04516129032258065
5320,2025-11-25 10:39:49,24788.5,24814.5,24780.25,2152,26027500,26027575,2025-11-25 10:41:55,2025-11-25 10:42:00,SHORT,24802.5,24802.5,24792.25,REVERSAL,0,1,41.0,205.0,75,41.0,0.0,0.3005639704596197,,,-0.042857142857142844
5321,2025-11-25 10:42:00,24792.25,24792.25,24792.25,0,26027575,26027692,2025-11-25 10:42:00,2025-11-25 10:42:05,LONG,24792.25,24792.25,24802.5,REVERSAL,0,1,41.0,205.0,117,41.0,15.0,0.3005639704596197,,,-0.040624999999999994
5322,2025-11-25 10:42:05,24802.5,24802.5,24802.5,0,26027692,26028198,2025-11-25 10:42:05,2025-11-25 10:42:45,SHORT,24802.5,24802.5,24792.5,REVERSAL,0,1,40.0,200.0,506,40.0,36.0,0.3005639704596197,,,-0.038461538461538464
5323,2025-11-25 10:42:45,24792.5,24843.75,24783.0,3302,26031500,26033837,2025-11-25 10:44:38,2025-11-25 10:45:35,SHORT,24843.75,24848.75,24863.75,HARD_STOP,1,2,-120.0,-600.0,2337,33.0,60.0,1.9613422810992245,,,-0.03636363636363635
5324,2025-11-25 10:45:35,24863.75,24873.0,24852.0,3913,26037750,26038043,2025-11-25 10:47:45,2025-11-25 10:47:58,LONG,24852.0,24852.0,24862.25,REVERSAL,0,1,41.0,205.0,293,41.0,10.0,0.3312687227304483,,,0.0007462686567164256
5325,2025-11-25 10:47:58,24862.25,24865.0,24837.0,994,26039037,26040182,2025-11-25 10:48:42,2025-11-25 10:49:11,LONG,24840.0,24835.0,24820.0,HARD_STOP,1,2,-120.0,-600.0,1145,18.0,60.0,0.3991485384960728,,,0.002941176470588225
5326,2025-11-25 10:49:11,24820.0,24827.0,24793.25,1922,26042104,26042245,2025-11-25 10:49:58,2025-11-25 10:50:01,SHORT,24810.5,24810.5,24800.5,REVERSAL,0,1,40.0,200.0,141,40.0,8.0,0.5716863992597594,,,0.04057971014492756
5327,2025-11-25 10:50:01,24800.5,24800.5,24800.5,0,26042245,26042862,2025-11-25 10:50:01,2025-11-25 10:50:13,LONG,24800.5,24795.5,24800.5,REVERSAL,1,2,40.0,200.0,617,20.0,40.0,0.5716863992597594,,,0.04285714285714287
5328,2025-11-25 10:50:13,24800.5,24810.5,24761.25,4905,26047767,26048590,2025-11-25 10:53:05,2025-11-25 10:53:54,SHORT,24799.5,24799.5,24789.5,REVERSAL,0,1,40.0,200.0,823,40.0,23.0,0.506406406179305,,,0.04507042253521129
5329,2025-11-25 10:53:54,24789.5,24802.75,24773.5,910,26049500,26049714,2025-11-25 10:54:40,2025-11-25 10:54:59,SHORT,24802.5,24802.5,24792.5,REVERSAL,0,1,40.0,200.0,214,40.0,10.0,0.31348778347846995,,,0.04722222222222222
5330,2025-11-25 10:54:59,24792.5,24792.5,24792.5,0,26049714,26050294,2025-11-25 10:54:59,2025-11-25 10:55:48,LONG,24792.5,24787.5,24792.5,REVERSAL,1,2,40.0,200.0,580,20.0,40.0,0.31348778347846995,,,0.049315068493150704
5331,2025-11-25 10:55:48,24792.5,24792.5,24792.5,0,26050294,26050643,2025-11-25 10:55:48,2025-11-25 10:56:25,SHORT,24792.5,24792.5,24782.5,REVERSAL,0,1,40.0,200.0,349,40.0,12.0,0.27248995706512014,,,0.051351351351351354
5332,2025-11-25 10:56:25,24782.5,24839.5,24771.5,4280,26054923,26055159,2025-11-25 10:59:25,2025-11-25 10:59:39,SHORT,24819.5,24819.5,24809.5,REVERSAL,0,1,40.0,200.0,236,40.0,15.0,0.8278667286757385,,,0.053333333333333344
5333,2025-11-25 10:59:39,24809.5,24820.5,24808.0,341,26055500,26055692,2025-11-25 11:00:00,2025-11-25 11:00:03,LONG,24808.0,24808.0,24818.5,REVERSAL,0,1,42.0,210.0,192,42.0,35.0,0.2305470082628824,,,0.005263157894736831
5334,2025-11-25 11:00:03,24818.5,24818.5,24818.5,0,26055692,26055945,2025-11-25 11:00:03,2025-11-25 11:00:19,SHORT,24818.5,24818.5,24808.5,REVERSAL,0,1,40.0,200.0,253,40.0,7.0,0.2305470082628824,,,0.007142857142857145
5335,2025-11-25 11:00:19,24808.5,24815.75,24798.0,1055,26057000,26057287,2025-11-25 11:01:30,2025-11-25 11:01:51,LONG,24800.5,24800.5,24810.5,REVERSAL,0,1,40.0,200.0,287,40.0,32.0,0.2978029892634169,,,0.00897435897435897
5336,2025-11-25 11:01:51,24810.5,24821.75,24778.0,2963,26060250,26060525,2025-11-25 11:04:42,2025-11-25 11:04:55,SHORT,24820.5,24820.5,24810.5,REVERSAL,0,1,40.0,200.0,275,40.0,7.0,0.3511475101842659,,,0.010759493670886078
5337,2025-11-25 11:04:55,24810.5,24819.5,24775.75,2725,26063250,26063558,2025-11-25 11:07:24,2025-11-25 11:07:45,SHORT,24818.5,24818.5,24808.5,REVERSAL,0,1,40.0,200.0,308,40.0,10.0,0.32717360104728,,,0.012499999999999983
5338,2025-11-25 11:07:45,24808.5,24820.25,24776.75,2692,26066250,26066536,2025-11-25 11:10:41,2025-11-25 11:11:00,LONG,24780.0,24780.0,24790.0,REVERSAL,0,1,40.0,200.0,286,40.0,22.0,0.26842860027476756,,,0.014197530864197533
5339,2025-11-25 11:11:00,24790.0,24847.75,24773.5,7964,26074500,26076025,2025-11-25 11:20:26,2025-11-25 11:21:41,SHORT,24845.5,24850.5,24865.5,HARD_STOP,1,2,-120.0,-600.0,1525,13.0,60.0,0.4407545617516163,,,-0.03414634146341464
5340,2025-11-25 11:21:41,24865.5,24882.5,24860.75,1475,26077500,26077901,2025-11-25 11:22:21,2025-11-25 11:22:41,SHORT,24881.5,24881.5,24871.5,REVERSAL,0,1,40.0,200.0,401,40.0,7.0,0.5534088230304456,,,0.005421686746987953
5341,2025-11-25 11:22:41,24871.5,24875.25,24850.0,2099,26080000,26080929,2025-11-25 11:24:33,2025-11-25 11:25:21,LONG,24850.0,24850.0,24860.0,REVERSAL,0,1,40.0,200.0,929,40.0,15.0,0.49517353829749033,,,0.007142857142857145
5342,2025-11-25 11:25:21,24860.0,24861.25,24837.0,571,26081500,26082375,2025-11-25 11:25:53,2025-11-25 11:26:42,LONG,24840.5,24835.5,24840.5,REVERSAL,1,2,40.0,200.0,875,20.0,40.0,0.26320485789345555,,,0.008823529411764702
5343,2025-11-25 11:26:42,24840.5,24860.75,24840.5,1625,26084000,26084465,2025-11-25 11:28:34,2025-11-25 11:29:12,LONG,24842.75,24842.75,24853.0,REVERSAL,0,1,41.0,205.0,465,41.0,24.0,0.1733495762867038,,,0.010465116279069764
5344,2025-11-25 11:29:12,24853.0,24867.5,24849.0,2535,26087000,26087442,2025-11-25 11:32:01,2025-11-25 11:32:36,LONG,24849.75,24849.75,24859.75,REVERSAL,0,1,40.0,200.0,442,40.0,13.0,0.25256290792026054,,,-0.03793103448275861
5345,2025-11-25 11:32:36,24859.75,24871.25,24855.25,558,26088000,26088390,2025-11-25 11:33:09,2025-11-25 11:33:39,SHORT,24868.75,24868.75,24858.75,REVERSAL,0,1,40.0,200.0,390,40.0,16.0,0.30398985828018893,,,-0.03636363636363635
5346,2025-11-25 11:33:39,24858.75,24869.25,24844.0,3610,26092000,26092159,2025-11-25 11:38:22,2025-11-25 11:38:38,SHORT,24868.25,24868.25,24858.0,REVERSAL,0,1,41.0,205.0,159,41.0,0.0,0.20069708553767449,,,-0.0848314606741573
5347,2025-11-25 11:38:38,24858.0,24858.0,24858.0,0,26092159,26092420,2025-11-25 11:38:38,2025-11-25 11:39:03,LONG,24858.0,24858.0,24868.0,REVERSAL,0,1,40.0,200.0,261,40.0,7.0,0.20069708553767449,,,-0.08333333333333333
5348,2025-11-25 11:39:03,24868.0,24889.0,24844.0,5830,26098250,26098840,2025-11-25 11:45:33,2025-11-25 11:46:00,LONG,24844.0,24844.0,24854.0,REVERSAL,0,1,40.0,200.0,590,40.0,17.0,0.4694281232417764,,,-0.08186813186813187
5349,2025-11-25 11:46:00,24854.0,24876.5,24841.75,3660,26102500,26104787,2025-11-25 11:50:32,2025-11-25 11:53:09,SHORT,24876.25,24881.25,24896.25,HARD_STOP,1,2,-120.0,-600.0,2287,32.0,60.0,0.36487345635716445,,,-0.08043478260869565
5350,2025-11-25 11:53:09,24896.25,24908.75,24890.0,2213,26107000,26111478,2025-11-25 11:55:51,2025-11-25 12:00:16,SHORT,24903.75,24908.75,24923.75,HARD_STOP,1,2,-120.0,-600.0,4478,27.0,60.0,0.23893546332016505,,,-0.03978494623655912
5351,2025-11-25 12:00:16,24923.75,24923.75,24903.25,1022,26112500,26114292,2025-11-25 12:00:28,2025-11-25 12:02:11,LONG,24904.5,24899.5,24904.5,REVERSAL,1,2,40.0,200.0,1792,27.0,40.0,1.590540584155028,,,0.001063829787234044
5352,2025-11-25 12:02:11,24904.5,24941.5,24901.0,4229,26118521,26122549,2025-11-25 12:07:18,2025-11-25 12:13:31,SHORT,24927.75,24932.75,24947.75,HARD_STOP,1,2,-120.0,-600.0,4028,14.0,60.0,0.345770268960605,,,0.0026315789473684292
5353,2025-11-25 12:13:31,24947.75,24955.75,24934.0,2702,26125251,26125703,2025-11-25 12:16:41,2025-11-25 12:17:24,LONG,24935.5,24935.5,24945.75,REVERSAL,0,1,41.0,205.0,452,41.0,7.0,0.4107471946913954,,,0.04375000000000001
5354,2025-11-25 12:17:24,24945.75,24976.5,24937.25,3297,26129000,26130325,2025-11-25 12:20:19,2025-11-25 12:21:36,SHORT,24974.0,24979.0,24974.0,REVERSAL,1,2,40.0,200.0,1325,20.0,40.0,0.7089053744870613,,,0.04536082474226805
5355,2025-11-25 12:21:36,24974.0,25017.0,24971.5,4425,26134750,26136094,2025-11-25 12:25:03,2025-11-25 12:26:25,SHORT,25014.25,25014.25,25004.25,REVERSAL,0,1,40.0,200.0,1344,40.0,2.0,0.41792551470977773,,,0.04693877551020409
5356,2025-11-25 12:26:25,25004.25,25009.75,24992.5,1906,26138000,26140418,2025-11-25 12:28:28,2025-11-25 12:31:29,LONG,24993.25,24993.25,25003.25,REVERSAL,0,1,40.0,200.0,2418,40.0,36.0,0.29693204537796436,,,0.04848484848484849
5357,2025-11-25 12:31:29,25003.25,25046.5,25002.5,6082,26146500,26149065,2025-11-25 12:36:46,2025-11-25 12:38:36,SHORT,25046.0,25051.0,25046.0,REVERSAL,1,2,40.0,200.0,2565,20.0,40.0,0.3951238959542368,,,0.05000000000000002
5358,2025-11-25 12:38:36,25046.0,25052.25,25030.5,3435,26152500,26154689,2025-11-25 12:42:40,2025-11-25 12:45:19,LONG,25031.25,25031.25,25041.25,REVERSAL,0,1,40.0,200.0,2189,40.0,19.0,0.24716097598610806,,,0.0514851485148515
5359,2025-11-25 12:45:19,25041.25,25046.0,25006.0,7561,26162250,26164268,2025-11-25 12:55:25,2025-11-25 12:58:28,LONG,25016.25,25011.125,24995.75,HARD_STOP,1,2,-123.0,-615.0,2018,23.0,61.5,0.24105888845555548,,,0.05294117647058824
5360,2025-11-25 12:58:28,24995.75,25010.75,24976.75,4982,26169250,26170212,2025-11-25 13:03:38,2025-11-25 13:05:30,SHORT,25009.0,25009.0,24998.75,REVERSAL,0,1,41.0,205.0,962,41.0,16.0,0.2827363259450964,,,0.044660194174757306
5361,2025-11-25 13:05:30,24998.75,25016.75,24990.75,6003,26176215,26180568,2025-11-25 13:15:40,2025-11-25 13:23:05,LONG,24995.5,24995.5,25005.75,REVERSAL,0,1,41.0,205.0,4353,41.0,31.0,1.3622368707455765,,,0.046153846153846156
5362,2025-11-25 13:23:05,25005.75,25019.75,25001.0,2492,26183060,26183698,2025-11-25 13:27:46,2025-11-25 13:29:28,LONG,25009.75,25009.75,25020.0,REVERSAL,0,1,41.0,205.0,638,41.0,4.0,0.36572004615381815,,,0.047619047619047616
5363,2025-11-25 13:29:28,25020.0,25027.5,25017.5,572,26184270,26185198,2025-11-25 13:30:16,2025-11-25 13:32:01,SHORT,25027.5,25027.5,25017.5,REVERSAL,0,1,40.0,200.0,928,40.0,4.0,0.20376660182024886,,,0.04905660377358492
5364,2025-11-25 13:32:01,25017.5,25026.5,25014.25,552,26185750,26186555,2025-11-25 13:33:27,2025-11-25 13:36:05,SHORT,25026.5,25026.5,25016.5,REVERSAL,0,1,40.0,200.0,805,40.0,0.0,0.1533529337066844,,,0.05046728971962619
5365,2025-11-25 13:36:05,25016.5,25018.75,25001.25,1945,26188500,26188742,2025-11-25 13:39:43,2025-11-25 13:40:15,SHORT,25017.5,25017.5,25007.5,REVERSAL,0,1,40.0,200.0,242,40.0,0.0,0.11575723575698155,,,0.05185185185185187
5366,2025-11-25 13:40:15,25007.5,25007.5,25007.5,0,26188742,26189624,2025-11-25 13:40:15,2025-11-25 13:42:11,LONG,25007.5,25007.5,25017.5,REVERSAL,0,1,40.0,200.0,882,40.0,29.0,0.11575723575698155,,,0.05321100917431193
5367,2025-11-25 13:42:11,25017.5,25023.0,25006.75,1138,26190762,26192424,2025-11-25 13:45:38,2025-11-25 13:48:18,SHORT,25021.5,25026.625,25041.75,HARD_STOP,1,2,-121.0,-605.0,1662,15.0,60.5,0.1269808399137497,,,0.054545454545454564
5368,2025-11-25 13:48:18,25041.75,25049.5,25005.75,11327,26203751,26204985,2025-11-25 14:09:12,2025-11-25 14:11:30,LONG,25008.0,25008.0,25018.0,REVERSAL,0,1,40.0,200.0,1234,40.0,21.0,0.14360048077591436,,,0.09684684684684686
5369,2025-11-25 14:11:30,25018.0,25018.25,25003.75,515,26205500,26208276,2025-11-25 14:12:36,2025-11-25 14:17:37,LONG,25005.75,25000.625,24985.5,HARD_STOP,1,2,-121.0,-605.0,2776,32.0,60.5,0.17471690824765537,,,0.09821428571428573
5370,2025-11-25 14:17:37,24985.5,24994.0,24955.0,2974,26211250,26211816,2025-11-25 14:19:39,2025-11-25 14:20:01,SHORT,24978.0,24978.0,24968.0,REVERSAL,0,1,40.0,200.0,566,40.0,8.0,0.6444043862074085,,,0.09070796460176991
5371,2025-11-25 14:20:01,24968.0,24990.75,24963.0,1934,26213750,26214325,2025-11-25 14:22:19,2025-11-25 14:22:46,SHORT,24988.75,24988.75,24978.75,REVERSAL,0,1,40.0,200.0,575,40.0,1.0,0.48515637503473324,,,0.04210526315789476
5372,2025-11-25 14:22:46,24978.75,24990.75,24972.0,1925,26216250,26217207,2025-11-25 14:26:36,2025-11-25 14:28:52,LONG,24972.0,24972.0,24982.0,REVERSAL,0,1,40.0,200.0,957,40.0,8.0,0.2429473747883459,,,0.043478260869565216
5373,2025-11-25 14:28:52,24982.0,24988.5,24973.0,1543,26218750,26222160,2025-11-25 14:31:49,2025-11-25 14:38:10,LONG,24975.25,24970.25,24955.25,HARD_STOP,1,2,-120.0,-600.0,3410,27.0,60.0,0.20937088638357435,,,-0.005172413793103459
5374,2025-11-25 14:38:10,24955.25,24974.0,24938.0,5840,26228000,26228665,2025-11-25 14:47:10,2025-11-25 14:48:31,SHORT,24965.25,24965.25,24955.25,REVERSAL,0,1,40.0,200.0,665,40.0,15.0,0.23853215951923365,,,0.03760683760683761
5375,2025-11-25 14:48:31,24955.25,24981.0,24953.0,1585,26230250,26232125,2025-11-25 14:51:07,2025-11-25 14:53:12,SHORT,24980.5,24985.5,25000.5,HARD_STOP,1,2,-120.0,-600.0,1875,21.0,60.0,0.42761546085824265,,,0.03898305084745765
5376,2025-11-25 14:53:12,25000.5,25002.25,24990.25,1131,26233256,26235363,2025-11-25 14:54:16,2025-11-25 14:57:22,SHORT,25000.25,25005.25,25020.25,HARD_STOP,1,2,-120.0,-600.0,2107,34.0,60.0,0.4623890582750771,,,0.08193277310924368
5377,2025-11-25 14:57:22,25020.25,25045.5,25011.75,9403,26244766,26252622,2025-11-25 15:11:32,2025-11-25 15:27:43,SHORT,25028.75,25033.75,25048.75,HARD_STOP,1,2,-120.0,-600.0,7856,23.0,60.0,0.43802476595925854,,,0.125
5378,2025-11-25 15:27:43,25048.75,25081.75,25045.75,7128,26259750,26261788,2025-11-25 15:34:37,2025-11-25 15:36:28,SHORT,25074.25,25079.25,25074.25,REVERSAL,1,2,40.0,200.0,2038,20.0,40.0,0.2989374322464778,,,0.16818181818181815
5379,2025-11-25 15:36:28,25074.25,25083.75,25071.0,1484,26263272,26265173,2025-11-25 15:38:46,2025-11-25 15:41:10,SHORT,25081.5,25081.5,25071.5,REVERSAL,0,1,40.0,200.0,1901,40.0,17.0,0.39424376743378503,,,0.16967213114754096
5380,2025-11-26 09:30:00,25222.25,25227.75,25211.5,872,26401750,26401910,2025-11-26 09:30:03,2025-11-26 09:30:05,LONG,25211.75,25211.75,25222.75,REVERSAL,0,1,44.0,220.0,160,44.0,0.0,,32.0,-15.5,
5381,2025-11-26 09:30:05,25222.75,25222.75,25222.75,0,26401910,26402532,2025-11-26 09:30:05,2025-11-26 09:30:18,SHORT,25222.75,25222.75,25212.75,REVERSAL,0,1,40.0,200.0,622,40.0,15.0,,32.0,6.5,
5382,2025-11-26 09:30:18,25212.75,25252.75,25208.0,4968,26407500,26407670,2025-11-26 09:31:46,2025-11-26 09:31:52,LONG,25228.75,25228.75,25239.0,REVERSAL,0,1,41.0,205.0,170,41.0,2.0,0.4445711028783129,89.5,-3.25,
5383,2025-11-26 09:31:52,25239.0,25239.0,25239.0,0,26407670,26408388,2025-11-26 09:31:52,2025-11-26 09:32:15,SHORT,25239.0,25239.0,25229.0,REVERSAL,0,1,40.0,200.0,718,40.0,16.0,0.4445711028783129,89.5,17.25,
5384,2025-11-26 09:32:15,25229.0,25270.5,25227.75,5112,26413500,26414278,2025-11-26 09:34:08,2025-11-26 09:34:33,LONG,25235.25,25235.25,25245.25,REVERSAL,0,1,40.0,200.0,778,40.0,31.0,0.8812129966836891,125.0,-8.0,
5385,2025-11-26 09:34:33,25245.25,25254.25,25238.25,1472,26415750,26416140,2025-11-26 09:35:26,2025-11-26 09:35:38,LONG,25238.5,25238.5,25248.75,REVERSAL,0,1,41.0,205.0,390,41.0,10.0,0.4246875956727297,125.0,-1.5,
5386,2025-11-26 09:35:38,25248.75,25259.75,25242.5,1110,26417250,26417502,2025-11-26 09:36:14,2025-11-26 09:36:21,SHORT,25259.0,25259.0,25249.0,REVERSAL,0,1,40.0,200.0,252,40.0,7.0,0.500877327586782,125.0,39.5,
5387,2025-11-26 09:36:21,25249.0,25257.0,25238.0,1258,26418760,26420071,2025-11-26 09:37:17,2025-11-26 09:37:57,LONG,25241.25,25236.25,25221.25,HARD_STOP,1,2,-120.0,-600.0,1311,28.0,60.0,0.46780192220968964,125.0,4.0,
5388,2025-11-26 09:37:57,25221.25,25222.25,25189.0,4679,26424750,26425646,2025-11-26 09:39:02,2025-11-26 09:39:32,LONG,25205.5,25205.5,25215.5,REVERSAL,0,1,40.0,200.0,896,40.0,35.0,0.6354654826146893,163.0,-48.5,
5389,2025-11-26 09:39:32,25215.5,25226.0,25214.5,526,26426172,26426621,2025-11-26 09:39:43,2025-11-26 09:40:00,LONG,25215.5,25215.5,25225.5,REVERSAL,0,1,40.0,200.0,449,40.0,10.0,0.6476821879795641,163.0,-28.5,
5390,2025-11-26 09:40:00,25225.5,25238.25,25215.5,1129,26427750,26428494,2025-11-26 09:40:18,2025-11-26 09:40:49,LONG,25216.5,25211.5,25216.5,REVERSAL,1,2,40.0,200.0,744,24.0,40.0,0.7898457903121675,163.0,-26.5,0.0
5391,2025-11-26 09:40:49,25216.5,25229.0,25208.75,756,26429250,26429335,2025-11-26 09:41:25,2025-11-26 09:41:27,LONG,25211.0,25211.0,25221.5,REVERSAL,0,1,42.0,210.0,85,42.0,3.0,0.272419833966831,163.0,-37.5,0.0
5392,2025-11-26 09:41:27,25221.5,25221.5,25221.5,0,26429335,26430004,2025-11-26 09:41:27,2025-11-26 09:42:02,SHORT,25221.5,25226.5,25221.5,REVERSAL,1,2,40.0,200.0,669,20.0,40.0,0.272419833966831,163.0,-16.5,0.0
5393,2025-11-26 09:42:02,25221.5,25224.75,25193.75,2496,26432500,26433296,2025-11-26 09:43:10,2025-11-26 09:43:47,SHORT,25224.75,25224.75,25214.75,REVERSAL,0,1,40.0,200.0,796,40.0,22.0,0.4137653505682406,163.0,-10.0,0.0
5394,2025-11-26 09:43:47,25214.75,25217.5,25207.5,348,26433644,26434722,2025-11-26 09:44:04,2025-11-26 09:45:00,SHORT,25217.5,25222.5,25237.5,HARD_STOP,1,2,-120.0,-600.0,1078,32.0,60.0,0.3013406063806546,163.0,-24.5,0.0
5395,2025-11-26 09:45:00,25237.5,25259.5,25235.25,3778,26438500,26441453,2025-11-26 09:46:43,2025-11-26 09:48:36,SHORT,25256.5,25256.5,25246.25,REVERSAL,0,1,41.0,205.0,2953,41.0,33.0,0.36512844170682346,163.0,53.5,0.0
5396,2025-11-26 09:48:36,25246.25,25263.5,25245.0,1297,26442750,26445426,2025-11-26 09:50:00,2025-11-26 09:51:25,SHORT,25263.0,25268.0,25263.0,REVERSAL,1,2,40.0,200.0,2676,38.0,49.0,0.23233951691872112,163.0,66.5,0.0
5397,2025-11-26 09:51:25,25263.0,25263.25,25224.75,3074,26448500,26450021,2025-11-26 09:52:46,2025-11-26 09:53:46,LONG,25234.75,25234.75,25244.75,REVERSAL,0,1,40.0,200.0,1521,40.0,26.0,0.6588571519387941,182.5,0.25,0.0
5398,2025-11-26 09:53:46,25244.75,25245.5,25215.25,1979,26452000,26452552,2025-11-26 09:55:12,2025-11-26 09:55:26,LONG,25215.25,25215.25,25225.25,REVERSAL,0,1,40.0,200.0,552,40.0,14.0,0.7969987693718946,182.5,-38.75,0.0
5399,2025-11-26 09:55:26,25225.25,25232.25,25221.5,261,26452813,26453627,2025-11-26 09:55:34,2025-11-26 09:56:07,LONG,25221.5,25216.5,25221.5,REVERSAL,1,2,40.0,200.0,814,20.0,40.0,0.4781332115076138,182.5,-26.25,0.0
5400,2025-11-26 09:56:07,25221.5,25222.75,25195.5,1123,26454750,26455485,2025-11-26 09:56:35,2025-11-26 09:56:57,LONG,25196.75,25196.75,25206.75,REVERSAL,0,1,40.0,200.0,735,40.0,13.0,1.2091862311924955,182.5,-75.75,0.0
5401,2025-11-26 09:56:57,25206.75,25206.75,25193.25,265,26455750,26456058,2025-11-26 09:57:04,2025-11-26 09:57:11,LONG,25195.75,25195.75,25205.75,REVERSAL,0,1,40.0,200.0,308,40.0,13.0,0.4863686497481838,182.5,-77.75,0.004761904761904773
5402,2025-11-26 09:57:11,25205.75,25221.75,25136.0,6942,26463000,26463511,2025-11-26 10:00:04,2025-11-26 10:00:09,LONG,25139.0,25139.0,25149.5,REVERSAL,0,1,42.0,210.0,511,42.0,21.0,2.3642802025939393,293.0,-136.0,0.009090909090909094
5403,2025-11-26 10:00:09,25149.5,25157.25,25146.0,739,26464250,26465457,2025-11-26 10:00:26,2025-11-26 10:01:00,LONG,25146.75,25146.75,25156.75,REVERSAL,0,1,40.0,200.0,1207,40.0,23.0,0.5821739477512626,293.0,-120.5,0.013043478260869573
5404,2025-11-26 10:01:00,25156.75,25201.0,25145.0,5860,26471317,26472021,2025-11-26 10:03:14,2025-11-26 10:03:41,SHORT,25198.0,25198.0,25188.0,REVERSAL,0,1,40.0,200.0,704,40.0,8.0,0.770884618544941,293.0,-18.0,0.016666666666666677
5405,2025-11-26 10:03:41,25188.0,25191.5,25163.0,2729,26474750,26475009,2025-11-26 10:05:03,2025-11-26 10:05:14,LONG,25163.0,25163.0,25173.0,REVERSAL,0,1,40.0,200.0,259,40.0,5.0,0.3132380111238383,293.0,-88.0,0.020000000000000004
5406,2025-11-26 10:05:14,25173.0,25176.25,25153.5,741,26475750,26475895,2025-11-26 10:05:39,2025-11-26 10:05:45,LONG,25155.0,25155.0,25165.25,REVERSAL,0,1,41.0,205.0,145,41.0,1.0,0.5253379104266364,293.0,-104.0,0.023076923076923078
5407,2025-11-26 10:05:45,25165.25,25165.25,25165.25,0,26475895,26476122,2025-11-26 10:05:45,2025-11-26 10:05:56,SHORT,25165.25,25165.25,25155.25,REVERSAL,0,1,40.0,200.0,227,40.0,9.0,0.5253379104266364,293.0,-83.5,0.025925925925925936
5408,2025-11-26 10:05:56,25155.25,25182.0,25150.25,1880,26478002,26478590,2025-11-26 10:07:09,2025-11-26 10:07:31,SHORT,25179.25,25179.25,25169.0,REVERSAL,0,1,41.0,205.0,588,41.0,6.0,0.47988944327581096,293.0,-55.5,-0.021428571428571422
5409,2025-11-26 10:07:31,25169.0,25169.0,25169.0,0,26478590,26478978,2025-11-26 10:07:31,2025-11-26 10:07:57,LONG,25169.0,25169.0,25179.25,REVERSAL,0,1,41.0,205.0,388,41.0,12.0,0.48157862695045456,293.0,-76.0,-0.018965517241379307
5410,2025-11-26 10:07:57,25179.25,25198.0,25179.0,772,26479750,26481489,2025-11-26 10:08:18,2025-11-26 10:09:01,SHORT,25198.0,25203.0,25218.0,HARD_STOP,1,2,-120.0,-600.0,1739,26.0,60.0,0.807162262226359,293.0,-18.0,-0.016666666666666663
5411,2025-11-26 10:09:01,25218.0,25222.5,25198.25,2761,26484250,26484520,2025-11-26 10:10:27,2025-11-26 10:10:41,SHORT,25210.5,25210.5,25200.5,REVERSAL,0,1,40.0,200.0,270,40.0,1.0,1.2200833229766688,293.0,7.0,0.0032258064516129115
5412,2025-11-26 10:10:41,25200.5,25202.25,25177.75,980,26485500,26485808,2025-11-26 10:11:07,2025-11-26 10:11:18,LONG,25179.5,25179.5,25189.5,REVERSAL,0,1,40.0,200.0,308,40.0,6.0,1.6301887182916375,293.0,-55.0,0.0062500000000000056
5413,2025-11-26 10:11:18,25189.5,25206.25,25159.5,9942,26495750,26495918,2025-11-26 10:17:39,2025-11-26 10:17:46,SHORT,25192.5,25192.5,25182.25,REVERSAL,0,1,41.0,205.0,168,41.0,8.0,0.318349434649461,293.0,-29.0,0.009090909090909094
5414,2025-11-26 10:17:46,25182.25,25182.25,25182.25,0,26495918,26496126,2025-11-26 10:17:46,2025-11-26 10:18:00,LONG,25182.25,25182.25,25192.25,REVERSAL,0,1,40.0,200.0,208,40.0,12.0,0.318349434649461,293.0,-49.5,0.011764705882352941
5415,2025-11-26 10:18:00,25192.25,25198.25,25165.25,3374,26499500,26500956,2025-11-26 10:20:31,2025-11-26 10:21:38,LONG,25178.0,25173.0,25178.25,REVERSAL,1,2,42.0,210.0,1456,38.0,44.0,0.43307150550880924,293.0,-58.0,-0.03571428571428571
5416,2025-11-26 10:21:38,25178.25,25182.75,25142.75,6294,26507250,26507648,2025-11-26 10:25:37,2025-11-26 10:25:59,SHORT,25167.0,25167.0,25157.0,REVERSAL,0,1,40.0,200.0,398,40.0,12.0,0.5348897925873138,293.0,-80.0,-0.033333333333333326
5417,2025-11-26 10:25:59,25157.0,25185.0,25151.5,852,26508500,26510688,2025-11-26 10:26:27,2025-11-26 10:27:29,SHORT,25185.0,25190.0,25205.0,HARD_STOP,1,2,-120.0,-600.0,2188,24.0,60.0,0.7680291113731427,293.0,-44.0,-0.031081081081081083
5418,2025-11-26 10:27:29,25205.0,25210.0,25187.25,1562,26512250,26512404,2025-11-26 10:28:25,2025-11-26 10:28:31,LONG,25187.25,25187.25,25197.75,REVERSAL,0,1,42.0,210.0,154,42.0,3.0,0.38603263642771773,293.0,-39.5,-0.005263157894736831
5419,2025-11-26 10:28:31,25197.75,25197.75,25197.75,0,26512404,26512629,2025-11-26 10:28:31,2025-11-26 10:28:43,SHORT,25197.75,25197.75,25187.75,REVERSAL,0,1,40.0,200.0,225,40.0,5.0,0.38603263642771773,293.0,-18.5,-0.002564102564102555
5420,2025-11-26 10:28:43,25187.75,25202.25,25186.25,621,26513250,26513687,2025-11-26 10:29:24,2025-11-26 10:29:53,SHORT,25200.0,25200.0,25190.0,REVERSAL,0,1,40.0,200.0,437,40.0,11.0,0.493968917994983,293.0,-14.0,0.0
5421,2025-11-26 10:29:53,25190.0,25204.5,25184.25,1255,26514942,26517006,2025-11-26 10:30:54,2025-11-26 10:33:14,SHORT,25201.75,25206.75,25201.75,REVERSAL,1,2,40.0,200.0,2064,31.0,40.0,0.3216364401046144,293.0,-10.5,0.0024390243902439046
5422,2025-11-26 10:33:14,25201.75,25235.0,25196.25,2244,26519250,26522210,2025-11-26 10:35:07,2025-11-26 10:37:27,SHORT,25233.5,25233.5,25223.5,REVERSAL,0,1,40.0,200.0,2960,40.0,31.0,0.6976971387859285,293.0,53.0,0.004761904761904773
5423,2025-11-26 10:37:27,25223.5,25240.5,25218.0,790,26523000,26525405,2025-11-26 10:38:11,2025-11-26 10:40:40,SHORT,25239.5,25244.5,25239.5,REVERSAL,1,2,40.0,200.0,2405,33.0,40.0,0.28309381912394144,293.0,65.0,0.0069767441860465185
5424,2025-11-26 10:40:40,25239.5,25248.0,25215.25,2095,26527500,26528115,2025-11-26 10:42:12,2025-11-26 10:42:35,LONG,25215.25,25215.25,25225.25,REVERSAL,0,1,40.0,200.0,615,40.0,15.0,0.6393815913098424,293.0,16.5,0.009090909090909094
5425,2025-11-26 10:42:35,25225.25,25229.5,25212.75,885,26529000,26530080,2025-11-26 10:43:35,2025-11-26 10:45:00,SHORT,25229.0,25229.0,25219.0,REVERSAL,0,1,40.0,200.0,1080,40.0,20.0,0.25168176534400527,293.0,44.0,0.011111111111111113
5426,2025-11-26 10:45:00,25219.0,25227.75,25208.25,670,26530750,26530978,2025-11-26 10:45:27,2025-11-26 10:45:40,SHORT,25227.25,25227.25,25217.25,REVERSAL,0,1,40.0,200.0,228,40.0,4.0,0.5811137605947047,293.0,40.5,0.013043478260869573
5427,2025-11-26 10:45:40,25217.25,25217.25,25217.25,0,26530978,26532699,2025-11-26 10:45:40,2025-11-26 10:47:33,LONG,25217.25,25212.25,25197.25,HARD_STOP,1,2,-120.0,-600.0,1721,29.0,60.0,0.5811137605947047,293.0,20.5,0.014893617021276603
5428,2025-11-26 10:47:33,25197.25,25221.5,25192.75,1301,26534000,26535088,2025-11-26 10:48:40,2025-11-26 10:50:01,SHORT,25221.5,25221.5,25211.5,REVERSAL,0,1,40.0,200.0,1088,40.0,22.0,0.266772420696824,293.0,29.0,0.04583333333333332
5429,2025-11-26 10:50:01,25211.5,25250.0,25209.75,4162,26539250,26539870,2025-11-26 10:55:06,2025-11-26 10:56:02,SHORT,25247.5,25247.5,25237.25,REVERSAL,0,1,41.0,205.0,620,41.0,8.0,0.4631274813100741,293.0,81.0,0.04795918367346938
5430,2025-11-26 10:56:02,25237.25,25271.5,25226.0,3630,26543500,26550128,2025-11-26 10:59:36,2025-11-26 11:04:45,SHORT,25269.5,25274.5,25289.5,HARD_STOP,1,2,-120.0,-600.0,6628,25.0,60.0,0.5104673120386634,293.0,125.0,0.04999999999999999
5431,2025-11-26 11:04:45,25289.5,25303.75,25289.0,3711,26553839,26554074,2025-11-26 11:07:44,2025-11-26 11:08:01,LONG,25293.75,25293.75,25304.0,REVERSAL,0,1,41.0,205.0,235,41.0,0.0,0.4823253466910061,340.0,150.0,0.032352941176470584
5432,2025-11-26 11:08:01,25304.0,25306.75,25294.75,2892,26556966,26558786,2025-11-26 11:11:29,2025-11-26 11:13:36,LONG,25296.75,25291.75,25296.75,REVERSAL,1,2,40.0,200.0,1820,20.0,40.0,0.3524140870990785,346.0,153.0,0.0346153846153846
5433,2025-11-26 11:13:36,25296.75,25338.75,25289.25,18714,26577500,26583540,2025-11-26 11:33:05,2025-11-26 11:40:04,SHORT,25334.75,25339.75,25354.75,HARD_STOP,1,2,-120.0,-600.0,6040,23.0,60.0,0.3201915763616493,410.0,197.0,0.03679245283018867
5434,2025-11-26 11:40:04,25354.75,25368.75,25354.0,2210,26585750,26590409,2025-11-26 11:41:48,2025-11-26 11:46:10,SHORT,25368.0,25368.0,25358.0,REVERSAL,0,1,40.0,200.0,4659,40.0,32.0,0.45753134549743757,470.0,233.5,0.07037037037037039
5435,2025-11-26 11:46:10,25358.0,25360.75,25334.25,4341,26594750,26595944,2025-11-26 11:50:21,2025-11-26 11:51:26,LONG,25336.0,25336.0,25346.0,REVERSAL,0,1,40.0,200.0,1194,40.0,6.0,1.3981186787330704,484.5,162.25,0.07272727272727275
5436,2025-11-26 11:51:26,25346.0,25346.0,25346.0,0,26595944,26603789,2025-11-26 11:51:26,2025-11-26 12:04:07,SHORT,25346.0,25351.0,25346.0,REVERSAL,1,2,40.0,200.0,7845,25.0,52.0,0.4669710168392058,484.5,182.25,0.07500000000000001
5437,2025-11-26 12:04:07,25346.0,25351.25,25330.25,2211,26606000,26606520,2025-11-26 12:06:14,2025-11-26 12:06:59,SHORT,25349.25,25349.25,25339.25,REVERSAL,0,1,40.0,200.0,520,40.0,10.0,0.2881278646853824,484.5,188.75,0.07719298245614037
5438,2025-11-26 12:06:59,25339.25,25344.0,25315.5,2854,26609374,26610040,2025-11-26 12:09:00,2025-11-26 12:09:27,LONG,25318.0,25318.0,25328.0,REVERSAL,0,1,40.0,200.0,666,40.0,5.0,1.0318689159226633,484.5,126.25,0.029310344827586196
5439,2025-11-26 12:09:27,25328.0,25335.25,25324.25,814,26610854,26611209,2025-11-26 12:10:13,2025-11-26 12:10:40,LONG,25325.25,25325.25,25335.25,REVERSAL,0,1,40.0,200.0,355,40.0,0.0,0.5170960324927396,484.5,140.75,0.03135593220338982
5440,2025-11-26 12:10:40,25335.25,25341.5,25322.75,1791,26613000,26615311,2025-11-26 12:13:21,2025-11-26 12:16:25,LONG,25323.25,25323.25,25333.25,REVERSAL,0,1,40.0,200.0,2311,40.0,38.0,0.2024542017421248,484.5,136.75,0.033333333333333326
5441,2025-11-26 12:16:25,25333.25,25335.5,25314.5,1689,26617000,26617834,2025-11-26 12:19:13,2025-11-26 12:20:33,LONG,25314.5,25314.5,25324.5,REVERSAL,0,1,40.0,200.0,834,40.0,5.0,0.3204421553002283,484.5,119.25,0.035245901639344254
5442,2025-11-26 12:20:33,25324.5,25336.0,25322.75,1416,26619250,26619820,2025-11-26 12:22:29,2025-11-26 12:23:30,LONG,25325.75,25325.75,25335.75,REVERSAL,0,1,40.0,200.0,570,40.0,14.0,0.4636807180139398,484.5,141.75,0.037096774193548385
5443,2025-11-26 12:23:30,25335.75,25352.5,25329.5,7401,26627221,26627948,2025-11-26 12:37:00,2025-11-26 12:38:29,SHORT,25348.0,25348.0,25338.0,REVERSAL,0,1,40.0,200.0,727,40.0,4.0,0.3164150924133311,484.5,186.25,0.03888888888888889
5444,2025-11-26 12:38:29,25338.0,25368.0,25335.75,3802,26631750,26633896,2025-11-26 12:44:46,2025-11-26 12:48:39,SHORT,25367.75,25367.75,25357.75,REVERSAL,0,1,40.0,200.0,2146,40.0,6.0,0.6410536361012963,484.5,225.75,0.040624999999999994
5445,2025-11-26 12:48:39,25357.75,25360.25,25336.75,3104,26637000,26639080,2025-11-26 12:53:14,2025-11-26 12:57:07,LONG,25341.25,25341.25,25351.25,REVERSAL,0,1,40.0,200.0,2080,40.0,35.0,0.3388652527597775,484.5,172.75,0.042307692307692296
5446,2025-11-26 12:57:07,25351.25,25351.25,25351.25,0,26639080,26639409,2025-11-26 12:57:07,2025-11-26 12:58:03,SHORT,25351.25,25351.25,25341.0,REVERSAL,0,1,41.0,205.0,329,41.0,2.0,0.35637265906613397,484.5,192.75,0.04393939393939393
5447,2025-11-26 12:58:03,25341.0,25347.0,25334.5,591,26640000,26640948,2025-11-26 12:59:23,2025-11-26 13:01:27,LONG,25335.25,25335.25,25345.25,REVERSAL,0,1,40.0,200.0,948,40.0,4.0,0.17876490828033506,484.5,160.75,0.04552238805970149
5448,2025-11-26 13:01:27,25345.25,25357.0,25310.0,4802,26645750,26646129,2025-11-26 13:09:16,2025-11-26 13:09:17,LONG,25310.0,25310.0,25320.0,REVERSAL,0,1,40.0,200.0,379,40.0,11.0,,484.5,110.25,-0.002941176470588225
5449,2025-11-26 13:09:17,25320.0,25332.0,25281.0,3621,26649750,26652124,2025-11-26 13:09:58,2025-11-26 13:11:15,SHORT,25313.75,25318.75,25313.75,REVERSAL,1,2,40.0,200.0,2374,34.0,40.0,1.4915746744679892,484.5,117.75,-0.0014492753623188415
5450,2025-11-26 13:11:15,25313.75,25326.75,25299.25,2626,26654750,26654849,2025-11-26 13:13:12,2025-11-26 13:13:18,LONG,25310.5,25310.5,25320.5,REVERSAL,0,1,40.0,200.0,99,40.0,4.0,0.3244238903485234,484.5,111.25,0.0
5451,2025-11-26 13:13:18,25320.5,25320.5,25320.5,0,26654849,26657636,2025-11-26 13:13:18,2025-11-26 13:16:15,SHORT,25320.5,25325.5,25320.5,REVERSAL,1,2,40.0,200.0,2787,20.0,56.0,0.3244238903485234,484.5,131.25,-0.04859154929577464
5452,2025-11-26 13:16:15,25320.5,25344.5,25303.75,4364,26662000,26663882,2025-11-26 13:22:37,2025-11-26 13:24:32,SHORT,25343.5,25343.5,25333.5,REVERSAL,0,1,40.0,200.0,1882,40.0,39.0,0.5049652897942752,484.5,177.25,-0.04722222222222222
5453,2025-11-26 13:24:32,25333.5,25333.5,25333.5,0,26663882,26664221,2025-11-26 13:24:32,2025-11-26 13:24:53,LONG,25333.5,25333.5,25343.5,REVERSAL,0,1,40.0,200.0,339,40.0,3.0,0.5065900362783666,484.5,157.25,-0.0458904109589041
5454,2025-11-26 13:24:53,25343.5,25360.0,25304.25,7158,26671379,26673107,2025-11-26 13:36:40,2025-11-26 13:38:37,LONG,25309.0,25304.0,25309.0,REVERSAL,1,2,40.0,200.0,1728,20.0,40.0,0.35160606012042245,484.5,108.25,-0.0945945945945946
5455,2025-11-26 13:38:37,25309.0,25322.5,25303.25,2442,26675549,26676774,2025-11-26 13:42:30,2025-11-26 13:44:37,LONG,25312.25,25307.25,25292.25,HARD_STOP,1,2,-120.0,-600.0,1225,13.0,60.0,0.2108769587093209,484.5,114.75,-0.09333333333333334
5456,2025-11-26 13:44:37,25292.25,25298.25,25287.5,998,26677772,26678267,2025-11-26 13:45:40,2025-11-26 13:46:08,LONG,25288.0,25288.0,25298.25,REVERSAL,0,1,41.0,205.0,495,41.0,6.0,0.461101876267035,484.5,66.25,-0.055263157894736833
5457,2025-11-26 13:46:08,25298.25,25330.5,25295.75,3233,26681500,26682176,2025-11-26 13:50:19,2025-11-26 13:51:00,SHORT,25329.5,25329.5,25319.5,REVERSAL,0,1,40.0,200.0,676,40.0,4.0,0.35898180422634207,484.5,149.25,-0.0538961038961039
5458,2025-11-26 13:51:00,25319.5,25325.25,25311.75,824,26683000,26683866,2025-11-26 13:52:27,2025-11-26 13:53:23,LONG,25312.25,25307.25,25312.25,REVERSAL,1,2,40.0,200.0,866,20.0,40.0,0.34441212000217497,484.5,114.75,-0.05256410256410256
5459,2025-11-26 13:53:23,25312.25,25321.75,25294.75,3134,26687000,26688872,2025-11-26 13:58:44,2025-11-26 14:01:53,SHORT,25320.0,25325.0,25340.0,HARD_STOP,1,2,-120.0,-600.0,1872,36.0,60.0,0.31975759678615995,484.5,130.25,-0.05126582278481012
5460,2025-11-26 14:01:53,25340.0,25342.5,25327.5,878,26689750,26690289,2025-11-26 14:02:46,2025-11-26 14:03:30,LONG,25327.5,25327.5,25337.5,REVERSAL,0,1,40.0,200.0,539,40.0,7.0,0.502244733776821,484.5,145.25,-0.012499999999999997
5461,2025-11-26 14:03:30,25337.5,25338.25,25305.25,1461,26691750,26693341,2025-11-26 14:05:00,2025-11-26 14:07:22,LONG,25305.25,25305.25,25315.25,REVERSAL,0,1,40.0,200.0,1591,40.0,19.0,0.4742356026780624,484.5,100.75,-0.0111111111111111
5462,2025-11-26 14:07:22,25315.25,25317.75,25302.5,909,26694250,26694716,2025-11-26 14:09:06,2025-11-26 14:10:06,LONG,25302.75,25302.75,25313.0,REVERSAL,0,1,41.0,205.0,466,41.0,9.0,0.289449799064372,484.5,95.75,-0.009756097560975605
5463,2025-11-26 14:10:06,25313.0,25313.0,25303.0,214,26694930,26695794,2025-11-26 14:10:31,2025-11-26 14:12:02,LONG,25303.0,25303.0,25313.0,REVERSAL,0,1,40.0,200.0,864,40.0,21.0,0.3005470058457129,484.5,96.25,-0.008433734939759033
5464,2025-11-26 14:12:02,25313.0,25335.5,25311.75,3456,26699250,26701024,2025-11-26 14:18:01,2025-11-26 14:21:02,SHORT,25335.0,25335.0,25325.0,REVERSAL,0,1,40.0,200.0,1774,40.0,36.0,0.2560924217804929,484.5,160.25,-0.007142857142857131
5465,2025-11-26 14:21:02,25325.0,25325.0,25325.0,0,26701024,26701410,2025-11-26 14:21:02,2025-11-26 14:21:42,LONG,25325.0,25325.0,25335.0,REVERSAL,0,1,40.0,200.0,386,40.0,2.0,0.43256302358169774,484.5,140.25,-0.005882352941176464
5466,2025-11-26 14:21:42,25335.0,25355.25,25314.75,11021,26712431,26713103,2025-11-26 14:40:36,2025-11-26 14:41:16,LONG,25316.75,25316.75,25326.75,REVERSAL,0,1,40.0,200.0,672,40.0,20.0,0.19910422915013004,484.5,123.75,-0.004651162790697674
5467,2025-11-26 14:41:16,25326.75,25334.5,25318.0,1897,26715000,26715715,2025-11-26 14:44:01,2025-11-26 14:45:53,LONG,25320.25,25320.25,25330.25,REVERSAL,0,1,40.0,200.0,715,40.0,15.0,0.22540609205652154,484.5,130.75,-0.0034482758620689585
5468,2025-11-26 14:45:53,25330.25,25335.0,25307.75,2285,26718000,26718426,2025-11-26 14:50:30,2025-11-26 14:51:28,SHORT,25324.0,25324.0,25314.0,REVERSAL,0,1,40.0,200.0,426,40.0,11.0,1.3982007071325904,484.5,138.25,-0.0022727272727272735
5469,2025-11-26 14:51:28,25314.0,25331.75,25312.25,1324,26719750,26720241,2025-11-26 14:54:34,2025-11-26 14:55:10,SHORT,25331.75,25331.75,25321.75,REVERSAL,0,1,40.0,200.0,491,40.0,4.0,0.1914578353771346,484.5,153.75,-0.0011235955056179692
5470,2025-11-26 14:55:10,25321.75,25334.75,25317.5,2115,26722356,26725285,2025-11-26 15:00:21,2025-11-26 15:06:21,SHORT,25331.25,25336.25,25331.25,REVERSAL,1,2,40.0,200.0,2929,20.0,40.0,0.21176288488345552,484.5,152.75,0.0
5471,2025-11-26 15:06:21,25331.25,25360.75,25318.75,11048,26736333,26737467,2025-11-26 15:26:55,2025-11-26 15:30:01,SHORT,25354.5,25354.5,25344.5,REVERSAL,0,1,40.0,200.0,1134,40.0,4.0,0.24861522419706145,484.5,199.25,0.0010989010989011089
5472,2025-11-26 15:30:01,25344.5,25351.0,25333.5,3283,26740750,26747577,2025-11-26 15:36:09,2025-11-26 15:49:50,LONG,25335.75,25330.75,25324.25,EOD_FLATTEN,1,2,-52.0,-260.0,6827,37.0,40.0,0.2508654410907866,484.5,161.75,0.002173913043478262
5473,2025-11-27 09:30:00,25301.5,25317.75,25287.0,2712,26814267,26816569,2025-11-27 09:46:09,2025-11-27 10:13:32,LONG,25297.0,25297.0,25307.0,REVERSAL,0,1,40.0,200.0,2302,40.0,33.0,,61.5,-10.75,
5474,2025-11-27 10:13:32,25307.0,25307.25,25285.75,4181,26820750,26821085,2025-11-27 11:04:49,2025-11-27 11:08:10,LONG,25286.5,25286.5,25296.5,REVERSAL,0,1,40.0,200.0,335,40.0,0.0,0.5773987085349568,64.0,-30.5,
5475,2025-11-28 09:30:00,25358.0,25385.0,25353.0,1820,26839750,26842257,2025-11-28 09:32:20,2025-11-28 09:36:08,SHORT,25381.75,25386.875,25402.25,HARD_STOP,1,2,-123.0,-615.0,2507,33.0,61.5,,21.333333333333332,8.5,
5476,2025-11-28 09:36:08,25402.25,25404.0,25393.75,142,26842399,26842839,2025-11-28 09:36:16,2025-11-28 09:37:04,LONG,25393.75,25393.75,25403.75,REVERSAL,0,1,40.0,200.0,440,40.0,27.0,,34.0,10.166666666666666,
5477,2025-11-28 09:37:04,25403.75,25422.0,25372.0,2161,26845000,26845924,2025-11-28 09:39:50,2025-11-28 09:40:50,LONG,25375.0,25370.0,25355.0,HARD_STOP,1,2,-120.0,-600.0,924,35.0,60.0,0.9567954230561345,46.0,-8.333333333333334,
5478,2025-11-28 09:40:50,25355.0,25358.5,25331.0,826,26846750,26847005,2025-11-28 09:41:23,2025-11-28 09:41:56,SHORT,25347.25,25347.25,25337.0,REVERSAL,0,1,41.0,205.0,255,41.0,8.0,2.144445763184456,60.666666666666664,-19.5,
5479,2025-11-28 09:41:56,25337.0,25377.5,25336.0,2245,26849250,26849576,2025-11-28 09:45:26,2025-11-28 09:46:02,LONG,25346.75,25346.75,25357.0,REVERSAL,0,1,41.0,205.0,326,41.0,16.0,0.8257933711108658,60.666666666666664,-19.833333333333332,
5480,2025-11-28 09:46:02,25357.0,25399.0,25352.0,3424,26853000,26853269,2025-11-28 09:52:38,2025-11-28 09:53:00,LONG,25366.75,25366.75,25376.75,REVERSAL,0,1,40.0,200.0,269,40.0,16.0,1.6326120420942205,60.666666666666664,-6.5,
5481,2025-11-28 09:53:00,25376.75,25385.0,25374.25,308,26853577,26853720,2025-11-28 09:53:24,2025-11-28 09:53:35,SHORT,25384.5,25384.5,25374.5,REVERSAL,0,1,40.0,200.0,143,40.0,0.0,0.8930184238820751,60.666666666666664,5.333333333333333,
5482,2025-11-28 09:53:35,25374.5,25374.5,25374.5,0,26853720,26854073,2025-11-28 09:53:35,2025-11-28 09:54:32,LONG,25374.5,25374.5,25384.75,REVERSAL,0,1,41.0,205.0,353,41.0,4.0,0.8930184238820751,60.666666666666664,-1.3333333333333333,
5483,2025-11-28 09:54:32,25384.75,25388.5,25378.5,317,26854390,26854591,2025-11-28 09:55:24,2025-11-28 09:55:33,SHORT,25388.5,25388.5,25378.0,REVERSAL,0,1,42.0,210.0,201,42.0,0.0,0.5108954220546988,60.666666666666664,8.0,
5484,2025-11-28 09:55:33,25378.0,25391.0,25375.25,468,26855059,26856410,2025-11-28 09:57:05,2025-11-28 10:01:14,LONG,25380.5,25375.5,25380.75,REVERSAL,1,2,42.0,210.0,1351,38.0,50.0,0.4823299872889972,60.666666666666664,2.6666666666666665,
5485,2025-11-28 10:01:14,25380.75,25389.0,25379.0,359,26856769,26857041,2025-11-28 10:02:17,2025-11-28 10:03:23,SHORT,25389.0,25389.0,25379.0,REVERSAL,0,1,40.0,200.0,272,40.0,6.0,0.5075758029256148,60.666666666666664,8.333333333333334,0.0
5486,2025-11-28 10:03:23,25379.0,25380.5,25352.25,1959,26859000,26859303,2025-11-28 10:07:33,2025-11-28 10:08:12,SHORT,25380.25,25380.25,25370.0,REVERSAL,0,1,41.0,205.0,303,41.0,4.0,0.8522222955325364,60.666666666666664,2.5,0.0
5487,2025-11-28 10:08:12,25370.0,25394.5,25360.25,3545,26862848,26863751,2025-11-28 10:18:54,2025-11-28 10:21:32,SHORT,25390.5,25395.5,25390.5,REVERSAL,1,2,40.0,200.0,903,20.0,40.0,0.7197963057059005,60.666666666666664,9.333333333333334,0.0
5488,2025-11-28 10:21:32,25390.5,25391.5,25378.5,499,26864250,26866538,2025-11-28 10:22:35,2025-11-28 10:29:26,LONG,25381.0,25376.0,25361.0,HARD_STOP,1,2,-120.0,-600.0,2288,32.0,60.0,0.8099158176430341,60.666666666666664,3.0,0.0
5489,2025-11-28 10:29:26,25361.0,25374.25,25359.25,1212,26867750,26868693,2025-11-28 10:32:03,2025-11-28 10:34:22,SHORT,25370.0,25375.0,25390.0,HARD_STOP,1,2,-120.0,-600.0,943,20.0,60.0,1.0999329716043826,60.666666666666664,-4.333333333333333,0.0
5490,2025-11-28 10:34:22,25390.0,25392.0,25382.0,207,26868900,26869928,2025-11-28 10:34:46,2025-11-28 10:37:04,LONG,25382.0,25382.0,25392.0,REVERSAL,0,1,40.0,200.0,1028,40.0,10.0,0.8210551037692467,60.666666666666664,3.6666666666666665,0.0
5491,2025-11-28 10:37:04,25392.0,25393.0,25372.75,822,26870750,26871123,2025-11-28 10:39:16,2025-11-28 10:40:18,LONG,25373.75,25373.75,25384.25,REVERSAL,0,1,42.0,210.0,373,42.0,15.0,0.8082368764078806,60.666666666666664,-1.8333333333333333,0.0
5492,2025-11-28 10:40:18,25384.25,25412.5,25376.5,3877,26875000,26877373,2025-11-28 10:51:03,2025-11-28 10:55:45,SHORT,25412.5,25412.5,25402.5,REVERSAL,0,1,40.0,200.0,2373,40.0,37.0,1.0296975913985058,60.666666666666664,24.0,0.0
5493,2025-11-28 10:55:45,25402.5,25413.25,25395.25,2274,26879647,26880080,2025-11-28 11:00:19,2025-11-28 11:01:32,SHORT,25410.25,25410.25,25400.25,REVERSAL,0,1,40.0,200.0,433,40.0,9.0,0.9184250823970557,60.666666666666664,22.5,0.0
5494,2025-11-28 11:01:32,25400.25,25419.25,25398.75,1170,26881250,26888131,2025-11-28 11:04:02,2025-11-28 11:20:18,SHORT,25417.5,25422.5,25417.25,REVERSAL,1,2,42.0,210.0,6881,32.0,55.0,0.6279401682652691,60.666666666666664,27.333333333333332,0.0
5495,2025-11-28 11:20:18,25417.25,25420.75,25410.75,637,26888768,26891372,2025-11-28 11:21:31,2025-11-28 11:26:14,LONG,25410.75,25405.75,25390.75,HARD_STOP,1,2,-120.0,-600.0,2604,18.0,60.0,1.0438957530231947,70.16666666666667,18.083333333333332,0.0
5496,2025-11-28 11:26:14,25390.75,25395.5,25367.5,2903,26894275,26894595,2025-11-28 11:29:49,2025-11-28 11:30:17,SHORT,25390.5,25390.5,25380.5,REVERSAL,0,1,40.0,200.0,320,40.0,7.0,1.1938499985127564,70.16666666666667,4.583333333333333,-0.03809523809523807
5497,2025-11-28 11:30:17,25380.5,25415.75,25373.75,3155,26897750,26899409,2025-11-28 11:36:50,2025-11-28 11:40:36,SHORT,25415.5,25415.5,25405.5,REVERSAL,0,1,40.0,200.0,1659,40.0,19.0,0.636577804426146,70.16666666666667,21.25,-0.027272727272727254
5498,2025-11-28 11:40:36,25405.5,25409.0,25381.25,1091,26900500,26900770,2025-11-28 11:42:31,2025-11-28 11:43:01,LONG,25382.25,25382.25,25392.25,REVERSAL,0,1,40.0,200.0,270,40.0,1.0,0.8536188208566521,70.16666666666667,-0.9166666666666666,-0.06739130434782609
5499,2025-11-28 11:43:01,25392.25,25433.5,25391.75,4745,26905515,26908290,2025-11-28 11:54:31,2025-11-28 12:00:55,SHORT,25422.5,25422.5,25412.5,REVERSAL,0,1,40.0,200.0,2775,40.0,36.0,0.9802187599938663,70.16666666666667,25.916666666666668,-0.05833333333333335
5500,2025-11-28 12:00:55,25412.5,25415.75,25405.5,371,26908661,26908804,2025-11-28 12:01:31,2025-11-28 12:01:53,LONG,25405.5,25405.5,25415.75,REVERSAL,0,1,41.0,205.0,143,41.0,0.0,1.1876856604353938,70.16666666666667,14.583333333333334,-0.05000000000000002
5501,2025-11-28 12:01:53,25415.75,25425.0,25409.5,946,26909750,26915056,2025-11-28 12:04:52,2025-11-28 12:18:30,SHORT,25422.25,25427.25,25422.0,REVERSAL,1,2,42.0,210.0,5306,21.0,51.0,0.4982177728879326,70.16666666666667,25.75,-0.042307692307692324
5502,2025-11-28 12:18:30,25422.0,25430.0,25413.0,1449,26916505,26917164,2025-11-28 12:21:16,2025-11-28 12:23:44,SHORT,25425.25,25425.25,25415.25,REVERSAL,0,1,40.0,200.0,659,40.0,17.0,1.5201024266702143,72.66666666666667,26.5,-0.03518518518518518
5503,2025-11-28 12:23:44,25415.25,25433.0,25413.5,838,26918002,26918498,2025-11-28 12:26:31,2025-11-28 12:28:21,SHORT,25431.25,25431.25,25421.25,REVERSAL,0,1,40.0,200.0,496,40.0,16.0,0.6636684126811102,72.66666666666667,30.5,-0.02857142857142858
5504,2025-11-28 12:28:21,25421.25,25429.0,25408.0,2002,26920500,26920809,2025-11-28 12:34:06,2025-11-28 12:35:14,LONG,25408.5,25408.5,25419.0,REVERSAL,0,1,42.0,210.0,309,42.0,1.0,0.5288391214917214,72.66666666666667,15.333333333333334,-0.022413793103448293
5505,2025-11-28 12:35:14,25419.0,25437.0,25394.25,8441,26929250,26929706,2025-11-28 12:50:36,2025-11-28 12:51:01,SHORT,25434.25,25434.25,25424.25,REVERSAL,0,1,40.0,200.0,456,40.0,2.0,2.028951001104913,72.66666666666667,32.5,-0.016666666666666663
5506,2025-11-28 12:51:01,25424.25,25439.0,25421.25,1544,26931250,26931892,2025-11-28 12:52:57,2025-11-28 12:54:01,SHORT,25437.0,25437.0,25427.0,REVERSAL,0,1,40.0,200.0,642,40.0,1.0,1.2697911626824336,72.66666666666667,34.333333333333336,-0.011290322580645162
5507,2025-11-28 12:54:01,25427.0,25453.5,25425.75,1888,26933780,26936386,2025-11-28 12:55:20,2025-11-28 12:58:03,SHORT,25451.75,25456.875,25472.0,HARD_STOP,1,2,-121.0,-605.0,2606,23.0,60.5,4.577024622643986,81.66666666666667,39.666666666666664,-0.0062500000000000056
5508,2025-11-28 12:58:03,25472.0,25492.0,25469.75,8114,26944500,26944671,2025-11-28 13:00:06,2025-11-28 13:00:07,LONG,25471.75,25471.75,25481.75,REVERSAL,0,1,40.0,200.0,171,40.0,13.0,13.685264937734267,107.33333333333333,40.166666666666664,0.018181818181818188
5509,2025-11-28 13:00:07,25481.75,25481.75,25481.75,0,26944671,26949913,2025-11-28 13:00:07,2025-11-28 13:04:37,SHORT,25481.75,25486.875,25481.75,REVERSAL,1,2,41.0,205.0,5242,39.0,51.5,13.685264937734267,107.33333333333333,46.833333333333336,-0.026470588235294135
