week,week_cat,cycle_id,seed_dt,exit_dt,direction,seed_price,exit_price,exit_type,depth,max_position,pnl_ticks,pnl_dollars,bars_held,mfe_ticks,mae_ticks,fade_confirm,range_decay_1,avg_range_decay,flow_confirm,direction_bars,fade_speed
2025-W40,WEAKEST,288,2025-09-29 09:30:50,2025-09-29 09:31:03,LONG,24851.7500,24861.7500,REVERSAL,0,1,40.0000,200.0000,652,40.0000,0.0000,0.1579,1.7273,1.1531,-0.2411,0,-1.350000
2025-W40,WEAKEST,289,2025-09-29 09:31:22,2025-09-29 09:31:29,SHORT,24872.7500,24862.7500,REVERSAL,0,1,40.0000,200.0000,278,40.0000,2.0000,0.0000,2.6875,1.7074,-0.2491,0,-2.000000
2025-W40,WEAKEST,290,2025-09-29 09:32:45,2025-09-29 09:33:20,SHORT,24874.5000,24874.2500,REVERSAL,1,2,42.0000,210.0000,1295,21.0000,40.0000,0.9032,1.0333,1.3990,0.1170,2,0.821429
2025-W40,WEAKEST,291,2025-09-29 09:33:20,2025-09-29 09:35:22,LONG,24874.2500,24884.2500,REVERSAL,0,1,40.0000,200.0000,3226,40.0000,27.0000,-0.2609,0.8214,0.9940,-0.1406,1,-0.593750
2025-W40,WEAKEST,292,2025-09-29 09:35:51,2025-09-29 09:37:13,LONG,24874.5000,24884.5000,REVERSAL,0,1,40.0000,200.0000,2444,40.0000,36.0000,0.2069,1.2083,1.1042,0.0226,0,-0.227273
2025-W40,WEAKEST,293,2025-09-29 09:38:00,2025-09-29 09:39:02,LONG,24882.5000,24882.5000,REVERSAL,1,2,40.0000,200.0000,1558,22.0000,40.0000,0.7000,0.8000,0.9435,-0.1440,1,0.050000
2025-W40,WEAKEST,294,2025-09-29 09:45:00,2025-09-29 09:47:24,SHORT,24919.2500,24939.2500,HARD_STOP,1,2,-120.0000,-600.0000,6459,20.0000,60.0000,0.0769,1.1304,1.5236,-0.5597,1,-4.750000
2025-W40,WEAKEST,295,2025-09-29 09:48:11,2025-09-29 09:48:31,LONG,24929.0000,24939.0000,REVERSAL,0,1,40.0000,200.0000,490,40.0000,5.0000,0.3214,1.4737,1.0644,-0.2000,0,-0.583333
2025-W40,WEAKEST,296,2025-09-29 09:50:35,2025-09-29 09:50:55,SHORT,24950.7500,24940.7500,REVERSAL,0,1,40.0000,200.0000,520,40.0000,4.0000,0.0000,0.6333,0.9688,0.0661,0,-0.138889
2025-W40,WEAKEST,297,2025-09-29 09:54:03,2025-09-29 09:55:27,SHORT,24951.7500,24941.7500,REVERSAL,0,1,40.0000,200.0000,2360,40.0000,15.0000,1.0000,0.3056,1.2116,0.1396,1,0.583333
2025-W40,WEAKEST,298,2025-09-29 09:55:36,2025-09-29 09:56:20,LONG,24931.7500,24941.7500,REVERSAL,0,1,40.0000,200.0000,1195,40.0000,8.0000,0.0000,0.4359,1.3013,-0.0734,0,-0.250000
2025-W40,WEAKEST,299,2025-09-29 09:57:30,2025-09-29 09:57:56,SHORT,24942.5000,24932.2500,REVERSAL,0,1,41.0000,205.0000,493,41.0000,15.0000,0.4783,0.7419,1.0449,-0.2598,1,-0.250000
2025-W40,WEAKEST,300,2025-09-29 09:58:09,2025-09-29 10:00:50,SHORT,24941.7500,24941.7500,REVERSAL,1,2,40.0000,200.0000,3764,37.0000,50.0000,0.1556,1.6667,1.4203,0.2644,2,0.562500
2025-W40,WEAKEST,301,2025-09-29 10:02:59,2025-09-29 10:06:15,LONG,24929.5000,24939.5000,REVERSAL,0,1,40.0000,200.0000,5430,40.0000,38.0000,0.7500,1.2632,1.0840,-0.2587,0,-0.300000
2025-W40,WEAKEST,302,2025-09-29 10:08:00,2025-09-29 10:08:26,SHORT,24956.2500,24946.2500,REVERSAL,0,1,40.0000,200.0000,841,40.0000,7.0000,0.0000,0.5312,1.1077,-0.1615,0,-0.388889
2025-W40,WEAKEST,303,2025-09-29 10:14:31,2025-09-29 10:19:19,LONG,24957.0000,24937.0000,HARD_STOP,1,2,-120.0000,-600.0000,4805,18.0000,60.0000,0.7200,0.9615,0.9623,-0.0551,3,0.010417
2025-W40,WEAKEST,304,2025-09-29 10:20:51,2025-09-29 10:21:10,LONG,24925.5000,24935.5000,REVERSAL,0,1,40.0000,200.0000,554,40.0000,1.0000,0.4500,0.5882,1.0332,0.1801,1,-0.125000
2025-W40,WEAKEST,305,2025-09-29 10:27:21,2025-09-29 10:29:15,SHORT,24965.0000,24955.0000,REVERSAL,0,1,40.0000,200.0000,1112,40.0000,3.0000,0.2400,1.3158,0.9218,0.0074,1,-0.180556
2025-W40,WEAKEST,306,2025-09-29 10:33:31,2025-09-29 10:34:05,LONG,24943.0000,24953.0000,REVERSAL,0,1,40.0000,200.0000,482,40.0000,0.0000,0.0000,1.0952,0.8476,-0.2595,0,-0.638889
2025-W40,WEAKEST,307,2025-09-29 10:35:11,2025-09-29 10:35:16,SHORT,24959.5000,24949.5000,REVERSAL,0,1,40.0000,200.0000,320,40.0000,6.0000,0.1176,1.4167,1.2301,-0.2409,1,-0.750000
2025-W40,WEAKEST,308,2025-09-29 10:44:27,2025-09-29 10:50:33,SHORT,24950.0000,24950.0000,REVERSAL,1,2,40.0000,200.0000,4140,20.0000,40.0000,0.9444,0.8571,0.7286,0.1450,2,0.037234
2025-W40,WEAKEST,309,2025-09-29 10:52:40,2025-09-29 10:53:15,SHORT,24958.0000,24948.0000,REVERSAL,0,1,40.0000,200.0000,352,40.0000,3.0000,0.0000,2.1875,1.5643,-0.3594,2,-0.447368
2025-W40,WEAKEST,310,2025-09-29 10:57:07,2025-09-29 11:01:29,LONG,24930.2500,24940.2500,REVERSAL,0,1,40.0000,200.0000,4163,40.0000,31.0000,0.9259,2.7000,1.7071,0.3228,1,0.892857
2025-W40,WEAKEST,311,2025-09-29 11:07:01,2025-09-29 11:08:01,SHORT,24935.2500,24925.2500,REVERSAL,0,1,40.0000,200.0000,564,40.0000,2.0000,-0.0690,1.6111,1.3056,-0.2164,1,-0.285714
2025-W40,WEAKEST,312,2025-09-29 11:10:37,2025-09-29 11:11:34,SHORT,24918.5000,24908.5000,REVERSAL,0,1,40.0000,200.0000,903,40.0000,4.0000,0.1818,0.8800,1.2212,-0.0821,0,-0.205882
2025-W40,WEAKEST,313,2025-09-29 11:12:20,2025-09-29 11:16:31,LONG,24894.7500,24874.7500,HARD_STOP,1,2,-120.0000,-600.0000,7477,29.0000,60.0000,0.0417,2.6667,1.6795,-0.3385,0,-1.833333
2025-W40,WEAKEST,314,2025-09-29 11:16:46,2025-09-29 11:17:31,SHORT,24889.2500,24879.2500,REVERSAL,0,1,40.0000,200.0000,1037,40.0000,2.0000,0.0909,0.5641,1.2571,-0.4624,1,-0.656250
2025-W40,WEAKEST,315,2025-09-29 11:21:30,2025-09-29 11:24:28,SHORT,24882.2500,24882.2500,REVERSAL,1,2,40.0000,200.0000,4083,29.0000,40.0000,0.0556,0.6667,1.2333,-0.2366,0,-0.318182
2025-W40,WEAKEST,316,2025-09-29 11:25:13,2025-09-29 11:25:43,SHORT,24881.7500,24871.7500,REVERSAL,0,1,40.0000,200.0000,576,40.0000,2.0000,0.4545,0.5116,2.2104,-0.0078,1,-0.113636
2025-W40,WEAKEST,317,2025-09-29 11:28:47,2025-09-29 11:35:05,LONG,24864.7500,24864.7500,REVERSAL,1,2,40.0000,200.0000,7786,37.0000,40.0000,0.5556,0.6429,1.0992,-0.1483,0,-0.083333
2025-W40,WEAKEST,318,2025-09-29 11:37:38,2025-09-29 11:38:44,LONG,24852.7500,24862.7500,REVERSAL,0,1,40.0000,200.0000,1200,40.0000,5.0000,0.2500,1.5238,1.2392,-0.1449,1,-0.527778
2025-W40,WEAKEST,319,2025-09-29 11:40:51,2025-09-29 11:42:34,LONG,24852.0000,24862.2500,REVERSAL,0,1,41.0000,205.0000,1303,41.0000,7.0000,0.0000,0.5714,0.6478,-0.1518,0,-0.171875
2025-W40,WEAKEST,320,2025-09-29 11:46:00,2025-09-29 11:50:29,LONG,24859.0000,24839.0000,HARD_STOP,1,2,-120.0000,-600.0000,4488,24.0000,60.0000,0.0870,1.1500,1.1013,-0.3333,1,-0.431818
2025-W40,WEAKEST,321,2025-09-29 11:51:30,2025-09-29 11:52:15,SHORT,24851.0000,24841.0000,REVERSAL,0,1,40.0000,200.0000,594,40.0000,12.0000,0.1364,0.7586,1.0384,-0.1711,1,-0.183333
2025-W40,WEAKEST,322,2025-09-29 11:54:14,2025-09-29 11:55:55,SHORT,24841.0000,24841.0000,REVERSAL,1,2,40.0000,200.0000,1862,20.0000,40.0000,0.6471,0.3864,1.3511,-0.0193,2,0.173077
2025-W40,WEAKEST,323,2025-09-29 11:57:26,2025-09-29 12:01:36,SHORT,24842.7500,24842.7500,REVERSAL,1,2,40.0000,200.0000,4037,23.0000,40.0000,-0.0667,0.9375,0.8021,-0.0526,0,-0.096154
2025-W40,WEAKEST,324,2025-09-29 12:04:10,2025-09-29 12:09:18,LONG,24833.2500,24843.2500,REVERSAL,0,1,40.0000,200.0000,3588,40.0000,29.0000,0.8462,0.5909,1.3955,0.1225,2,0.166667
2025-W40,WEAKEST,325,2025-09-29 12:11:42,2025-09-29 12:13:03,SHORT,24850.5000,24850.5000,REVERSAL,1,2,40.0000,200.0000,1367,20.0000,40.0000,0.9231,1.8571,1.2619,0.2509,3,0.236111
2025-W40,WEAKEST,326,2025-09-29 12:14:44,2025-09-29 12:16:13,SHORT,24865.5000,24855.5000,REVERSAL,0,1,40.0000,200.0000,1602,40.0000,8.0000,0.0000,0.3600,1.2217,-0.3143,0,-0.187500
2025-W40,WEAKEST,327,2025-09-29 12:19:21,2025-09-29 12:21:26,SHORT,24850.7500,24840.7500,REVERSAL,0,1,40.0000,200.0000,1429,40.0000,8.0000,0.1500,0.6897,0.9753,-0.1172,0,-0.375000
2025-W40,WEAKEST,328,2025-09-29 12:24:08,2025-09-29 12:35:28,SHORT,24851.0000,24851.0000,REVERSAL,1,2,40.0000,200.0000,5494,24.0000,40.0000,0.7500,1.7143,1.2689,0.1729,2,0.225000
2025-W40,WEAKEST,329,2025-09-29 12:37:20,2025-09-29 12:40:15,LONG,24847.5000,24857.5000,REVERSAL,0,1,40.0000,200.0000,944,40.0000,6.0000,0.0435,0.8519,1.1365,-0.0853,1,-0.062500
2025-W40,WEAKEST,330,2025-09-29 12:46:23,2025-09-29 12:49:38,LONG,24845.5000,24845.5000,REVERSAL,1,2,40.0000,200.0000,2041,20.0000,40.0000,0.9474,0.7037,1.3903,0.2604,2,0.161765
2025-W40,WEAKEST,331,2025-09-29 12:57:41,2025-09-29 12:59:33,LONG,24824.2500,24834.2500,REVERSAL,0,1,40.0000,200.0000,914,40.0000,4.0000,0.5000,1.0000,0.9737,-0.3034,1,-0.142857
2025-W40,WEAKEST,332,2025-09-29 13:00:22,2025-09-29 13:03:03,LONG,24828.5000,24808.5000,HARD_STOP,1,2,-120.0000,-600.0000,2789,22.0000,60.0000,0.0417,1.4118,1.2725,-0.4296,0,-0.350000
2025-W40,WEAKEST,333,2025-09-29 13:18:19,2025-09-29 13:20:44,SHORT,24834.7500,24824.7500,REVERSAL,0,1,40.0000,200.0000,1634,40.0000,16.0000,0.2308,0.8125,0.9396,-0.0108,0,-0.153846
2025-W40,WEAKEST,334,2025-09-29 13:24:09,2025-09-29 13:32:00,SHORT,24832.0000,24822.0000,REVERSAL,0,1,40.0000,200.0000,4268,40.0000,37.0000,0.5714,0.5385,0.7507,-0.0988,1,-0.028846
2025-W40,WEAKEST,335,2025-09-29 13:38:13,2025-09-29 13:44:21,SHORT,24825.2500,24825.2500,REVERSAL,1,2,40.0000,200.0000,3183,20.0000,40.0000,0.3929,1.0769,0.8898,0.0037,2,0.081395
2025-W40,WEAKEST,336,2025-09-29 13:52:59,2025-09-29 14:22:34,SHORT,24846.5000,24866.5000,HARD_STOP,1,2,-120.0000,-600.0000,14954,31.0000,60.0000,0.1000,0.7143,0.6488,-0.2090,0,-0.145833
2025-W40,WEAKEST,337,2025-09-29 14:48:12,2025-09-29 15:01:43,LONG,24852.0000,24832.0000,HARD_STOP,1,2,-120.0000,-600.0000,5776,0.0000,60.0000,0.9091,0.6875,0.8438,0.1739,3,0.044643
2025-W40,WEAKEST,338,2025-09-29 15:07:06,2025-09-29 15:10:50,LONG,24815.0000,24825.0000,REVERSAL,0,1,40.0000,200.0000,3696,40.0000,33.0000,0.1905,1.1053,0.9657,-0.1250,0,-1.000000
2025-W40,WEAKEST,339,2025-09-29 15:16:53,2025-09-29 15:18:23,LONG,24784.2500,24794.2500,REVERSAL,0,1,40.0000,200.0000,1823,40.0000,7.0000,0.0500,2.0000,1.2381,-0.1615,0,-0.250000
2025-W40,WEAKEST,340,2025-09-29 15:21:03,2025-09-29 15:29:40,SHORT,24808.5000,24808.5000,REVERSAL,1,2,40.0000,200.0000,6044,26.0000,40.0000,0.0909,1.1000,1.0763,0.0228,1,-0.234375
2025-W40,WEAKEST,341,2025-09-29 15:35:07,2025-09-29 15:46:31,SHORT,24812.2500,24832.2500,HARD_STOP,1,2,-120.0000,-600.0000,8387,18.0000,60.0000,0.2500,1.0526,0.9787,-0.0032,1,-0.176471
2025-W40,WEAKEST,342,2025-09-30 09:30:39,2025-09-30 09:30:42,LONG,24802.0000,24812.0000,REVERSAL,0,1,40.0000,200.0000,307,40.0000,4.0000,-0.0370,1.1250,0.8783,-0.1179,0,-1.050000
2025-W40,WEAKEST,343,2025-09-30 09:33:45,2025-09-30 09:35:14,LONG,24774.2500,24774.2500,REVERSAL,1,2,40.0000,200.0000,3519,29.0000,49.0000,0.2571,0.8750,1.3899,-0.1011,2,0.113636
2025-W40,WEAKEST,344,2025-09-30 09:35:42,2025-09-30 09:36:08,LONG,24763.5000,24773.5000,REVERSAL,0,1,40.0000,200.0000,559,40.0000,7.0000,0.4118,1.8889,1.2906,-0.2414,0,-1.150000
2025-W40,WEAKEST,345,2025-09-30 09:36:33,2025-09-30 09:36:54,SHORT,24781.5000,24771.5000,REVERSAL,0,1,40.0000,200.0000,483,40.0000,3.0000,0.4194,1.3478,1.0449,-0.1194,0,-0.535714
2025-W40,WEAKEST,346,2025-09-30 09:37:20,2025-09-30 09:38:00,LONG,24756.7500,24757.2500,REVERSAL,1,2,44.0000,220.0000,2126,22.0000,40.0000,-0.0345,0.6170,1.0918,-0.0722,1,-0.500000
2025-W40,WEAKEST,347,2025-09-30 09:38:53,2025-09-30 09:40:06,LONG,24756.2500,24756.2500,REVERSAL,1,2,40.0000,200.0000,1889,20.0000,40.0000,0.8333,1.7143,1.1853,0.1383,2,0.937500
2025-W40,WEAKEST,348,2025-09-30 09:40:30,2025-09-30 09:41:33,SHORT,24766.5000,24756.5000,REVERSAL,0,1,40.0000,200.0000,1564,40.0000,30.0000,0.0455,0.9167,0.9801,-0.0575,0,-0.107143
2025-W40,WEAKEST,349,2025-09-30 09:41:43,2025-09-30 09:43:23,SHORT,24764.2500,24754.0000,REVERSAL,0,1,41.0000,205.0000,1215,41.0000,12.0000,-0.4444,0.7297,0.9815,0.2619,2,0.535714
2025-W40,WEAKEST,350,2025-09-30 09:44:02,2025-09-30 09:45:28,SHORT,24780.5000,24800.5000,HARD_STOP,1,2,-120.0000,-600.0000,3580,29.0000,60.0000,0.1667,0.7742,0.9038,-0.3130,0,-0.562500
2025-W40,WEAKEST,351,2025-09-30 09:46:07,2025-09-30 09:47:38,LONG,24796.0000,24796.0000,REVERSAL,1,2,40.0000,200.0000,2247,20.0000,40.0000,0.4167,0.6000,1.0692,-0.0746,1,0.222222
2025-W40,WEAKEST,352,2025-09-30 09:50:00,2025-09-30 09:52:02,LONG,24779.5000,24759.5000,HARD_STOP,1,2,-120.0000,-600.0000,2413,20.0000,60.0000,0.7500,1.2414,1.3457,0.2319,3,0.312500
2025-W40,WEAKEST,353,2025-09-30 09:52:56,2025-09-30 09:54:00,SHORT,24766.5000,24756.5000,REVERSAL,0,1,40.0000,200.0000,952,40.0000,26.0000,0.3704,0.6136,1.1216,0.1727,2,0.156250
2025-W40,WEAKEST,354,2025-09-30 09:54:38,2025-09-30 09:55:11,LONG,24742.5000,24722.5000,HARD_STOP,1,2,-120.0000,-600.0000,1688,5.0000,60.0000,0.6471,0.5312,1.2656,0.2881,2,0.500000
2025-W40,WEAKEST,355,2025-09-30 10:03:07,2025-09-30 10:05:05,SHORT,24807.5000,24797.5000,REVERSAL,0,1,40.0000,200.0000,2516,40.0000,21.0000,0.5000,0.3415,0.8320,-0.1727,1,-0.250000
2025-W40,WEAKEST,356,2025-09-30 10:07:22,2025-09-30 10:11:03,LONG,24768.5000,24768.5000,REVERSAL,1,2,40.0000,200.0000,3909,31.0000,53.0000,-0.0435,0.6970,0.9831,0.1896,1,-0.041667
2025-W40,WEAKEST,357,2025-09-30 10:11:56,2025-09-30 10:12:06,LONG,24747.7500,24757.7500,REVERSAL,0,1,40.0000,200.0000,296,40.0000,3.0000,0.0357,0.5490,0.7556,-0.3955,0,-0.791667
2025-W40,WEAKEST,358,2025-09-30 10:14:51,2025-09-30 10:15:19,SHORT,24774.0000,24764.0000,REVERSAL,0,1,40.0000,200.0000,662,40.0000,10.0000,0.0400,0.7143,0.8718,-0.1170,0,-0.416667
2025-W40,WEAKEST,359,2025-09-30 10:20:27,2025-09-30 10:23:21,SHORT,24782.5000,24782.5000,REVERSAL,1,2,40.0000,200.0000,2163,24.0000,44.0000,0.4074,0.6750,1.3375,-0.2741,0,-0.250000
2025-W40,WEAKEST,360,2025-09-30 10:24:33,2025-09-30 10:27:29,LONG,24765.2500,24775.2500,REVERSAL,0,1,40.0000,200.0000,2524,40.0000,17.0000,0.0811,0.5873,1.0812,-0.3260,1,-0.450000
2025-W40,WEAKEST,361,2025-09-30 10:27:51,2025-09-30 10:29:29,LONG,24773.5000,24783.5000,REVERSAL,0,1,40.0000,200.0000,1063,40.0000,16.0000,-0.2333,1.5000,1.1071,-0.0734,1,-0.250000
2025-W40,WEAKEST,362,2025-09-30 10:30:23,2025-09-30 10:30:44,LONG,24777.7500,24788.2500,REVERSAL,0,1,42.0000,210.0000,318,42.0000,6.0000,0.1622,1.7619,1.2430,-0.1000,1,-0.446429
2025-W40,WEAKEST,363,2025-09-30 10:31:44,2025-09-30 10:32:06,SHORT,24808.0000,24798.0000,REVERSAL,0,1,40.0000,200.0000,566,40.0000,5.0000,0.0000,0.7000,1.0167,-0.1269,0,-0.187500
2025-W40,WEAKEST,364,2025-09-30 10:33:39,2025-09-30 10:35:02,LONG,24789.0000,24799.0000,REVERSAL,0,1,40.0000,200.0000,1111,40.0000,6.0000,0.2083,0.4800,1.4900,-0.1383,1,-0.388889
2025-W40,WEAKEST,365,2025-09-30 10:36:26,2025-09-30 10:36:57,SHORT,24790.2500,24780.2500,REVERSAL,0,1,40.0000,200.0000,468,40.0000,11.0000,0.5938,1.0323,0.9858,0.0116,0,-0.140625
2025-W40,WEAKEST,366,2025-09-30 10:40:40,2025-09-30 10:42:00,SHORT,24769.2500,24789.2500,HARD_STOP,1,2,-120.0000,-600.0000,1937,23.0000,60.0000,0.0800,0.7353,0.8989,-0.0227,0,-0.138889
2025-W40,WEAKEST,367,2025-09-30 10:42:18,2025-09-30 10:44:32,LONG,24779.5000,24789.5000,REVERSAL,0,1,40.0000,200.0000,1663,40.0000,15.0000,0.3226,0.9394,1.1297,-0.1429,1,-0.250000
2025-W40,WEAKEST,368,2025-09-30 10:47:00,2025-09-30 10:48:11,SHORT,24805.2500,24825.2500,HARD_STOP,1,2,-120.0000,-600.0000,2196,28.0000,60.0000,0.0000,0.9643,1.3057,-0.1004,0,-0.210526
2025-W40,WEAKEST,369,2025-09-30 10:48:38,2025-09-30 10:55:26,LONG,24826.7500,24836.7500,REVERSAL,0,1,40.0000,200.0000,7316,40.0000,36.0000,0.2000,2.0833,1.4167,-0.3228,0,-0.750000
2025-W40,WEAKEST,370,2025-09-30 10:55:46,2025-09-30 10:56:02,SHORT,24852.0000,24842.0000,REVERSAL,0,1,40.0000,200.0000,904,40.0000,10.0000,0.0000,0.3333,1.0238,0.0709,1,-0.750000
2025-W40,WEAKEST,371,2025-09-30 10:56:27,2025-09-30 10:59:07,LONG,24835.5000,24845.5000,REVERSAL,0,1,40.0000,200.0000,2342,40.0000,23.0000,0.5200,0.7353,1.3121,-0.0752,1,-0.035714
2025-W40,WEAKEST,372,2025-09-30 11:00:33,2025-09-30 11:03:29,SHORT,24857.7500,24847.7500,REVERSAL,0,1,40.0000,200.0000,3720,40.0000,20.0000,0.3158,1.1176,1.0901,-0.3358,0,-3.250000
2025-W40,WEAKEST,373,2025-09-30 11:05:02,2025-09-30 11:06:25,SHORT,24859.7500,24849.7500,REVERSAL,0,1,40.0000,200.0000,1378,40.0000,9.0000,0.1250,0.4444,1.0404,-0.2923,0,-0.541667
2025-W40,WEAKEST,374,2025-09-30 11:12:33,2025-09-30 11:13:47,SHORT,24850.7500,24840.7500,REVERSAL,0,1,40.0000,200.0000,828,40.0000,5.0000,0.3077,0.6842,1.6088,-0.3609,1,-0.750000
2025-W40,WEAKEST,375,2025-09-30 11:23:44,2025-09-30 11:27:07,LONG,24796.0000,24776.0000,HARD_STOP,1,2,-120.0000,-600.0000,3300,17.0000,60.0000,0.4815,0.6000,1.1654,-0.0189,2,0.068182
2025-W40,WEAKEST,376,2025-09-30 11:27:25,2025-09-30 11:27:35,LONG,24756.7500,24766.7500,REVERSAL,0,1,40.0000,200.0000,607,40.0000,5.0000,0.0556,0.3750,2.0337,-0.1985,0,-1.750000
2025-W40,WEAKEST,377,2025-09-30 11:29:26,2025-09-30 11:32:18,SHORT,24779.5000,24799.5000,HARD_STOP,1,2,-120.0000,-600.0000,3569,18.0000,60.0000,0.4286,0.6562,0.9681,-0.1860,1,-0.020833
2025-W40,WEAKEST,378,2025-09-30 11:36:36,2025-09-30 11:41:29,LONG,24785.2500,24765.2500,HARD_STOP,1,2,-120.0000,-600.0000,3805,11.0000,60.0000,0.1875,0.6400,0.7664,-0.1280,3,0.041667
2025-W40,WEAKEST,379,2025-09-30 11:50:27,2025-09-30 11:52:22,SHORT,24795.7500,24795.7500,REVERSAL,1,2,40.0000,200.0000,1750,20.0000,40.0000,0.8966,2.6364,1.5382,0.2756,1,1.083333
2025-W40,WEAKEST,380,2025-09-30 12:01:17,2025-09-30 12:03:28,SHORT,24803.7500,24804.7500,REVERSAL,1,2,36.0000,180.0000,1358,18.0000,44.0000,0.8929,0.8000,1.4294,0.4021,2,0.433333
2025-W40,WEAKEST,381,2025-09-30 12:08:40,2025-09-30 12:09:51,LONG,24787.0000,24797.0000,REVERSAL,0,1,40.0000,200.0000,1259,40.0000,16.0000,0.5800,1.3158,1.1857,-0.9067,0,
2025-W40,WEAKEST,382,2025-09-30 12:21:55,2025-09-30 12:22:31,SHORT,24841.2500,24831.0000,REVERSAL,0,1,41.0000,205.0000,822,41.0000,4.0000,0.4000,1.2500,0.8814,-0.0667,0,-0.875000
2025-W40,WEAKEST,383,2025-09-30 12:24:41,2025-09-30 12:28:21,LONG,24815.7500,24815.7500,REVERSAL,1,2,40.0000,200.0000,2282,20.0000,40.0000,0.2500,0.5714,1.1607,-0.2527,0,-0.059524
2025-W40,WEAKEST,384,2025-09-30 12:37:26,2025-09-30 12:44:16,LONG,24812.0000,24812.0000,REVERSAL,1,2,40.0000,200.0000,3067,20.0000,44.0000,0.4800,0.8333,0.8114,-0.0632,1,-0.038194
2025-W40,WEAKEST,385,2025-09-30 12:52:59,2025-09-30 12:58:31,LONG,24801.5000,24781.2500,HARD_STOP,1,2,-121.0000,-605.0000,2320,12.5000,60.5000,1.0000,0.7778,0.8108,0.1056,2,0.071429
2025-W40,WEAKEST,386,2025-09-30 12:58:34,2025-09-30 12:59:23,LONG,24771.7500,24781.7500,REVERSAL,0,1,40.0000,200.0000,950,40.0000,1.0000,0.3721,1.5926,1.3363,-0.8991,0,
2025-W40,WEAKEST,387,2025-09-30 13:09:39,2025-09-30 13:10:45,SHORT,24780.2500,24770.2500,REVERSAL,0,1,40.0000,200.0000,590,40.0000,6.0000,-0.1579,0.8261,0.8730,0.0118,1,-0.073864
2025-W40,WEAKEST,388,2025-09-30 13:16:22,2025-09-30 13:16:43,SHORT,24776.0000,24766.0000,REVERSAL,0,1,40.0000,200.0000,361,40.0000,1.0000,0.0000,0.8333,1.2917,-0.8859,1,-3.000000
2025-W40,WEAKEST,389,2025-09-30 13:24:27,2025-09-30 13:25:18,LONG,24736.7500,24746.7500,REVERSAL,0,1,40.0000,200.0000,614,40.0000,4.0000,0.0769,0.3824,0.8995,0.0155,0,-0.250000
2025-W40,WEAKEST,390,2025-09-30 13:27:51,2025-09-30 13:29:10,LONG,24733.7500,24744.0000,REVERSAL,0,1,41.0000,205.0000,861,41.0000,4.0000,0.0000,0.8750,0.9592,-0.2753,0,-0.250000
2025-W40,WEAKEST,391,2025-09-30 13:30:09,2025-09-30 13:33:54,LONG,24738.2500,24748.2500,REVERSAL,0,1,40.0000,200.0000,2572,40.0000,23.0000,-0.0455,0.7097,1.5471,-0.1027,1,-0.656250
2025-W40,WEAKEST,392,2025-09-30 13:40:41,2025-09-30 13:49:25,SHORT,24753.0000,24773.0000,HARD_STOP,1,2,-120.0000,-600.0000,5640,26.0000,60.0000,0.3500,0.8333,0.7500,-0.0441,0,-0.116667
2025-W40,WEAKEST,393,2025-09-30 13:57:42,2025-09-30 14:06:11,LONG,24778.0000,24778.0000,REVERSAL,1,2,40.0000,200.0000,4933,20.0000,44.0000,0.5455,0.7333,1.0810,0.3053,3,0.022727
2025-W40,WEAKEST,394,2025-09-30 14:13:40,2025-09-30 14:15:16,SHORT,24802.7500,24822.7500,HARD_STOP,1,2,-120.0000,-600.0000,1090,2.0000,60.0000,0.9600,1.1905,1.4029,0.2714,2,0.212500
2025-W40,WEAKEST,395,2025-09-30 14:20:13,2025-09-30 14:20:56,LONG,24811.7500,24821.7500,REVERSAL,0,1,40.0000,200.0000,449,40.0000,0.0000,0.2593,2.2500,1.4250,-0.1923,1,-0.237500
2025-W40,WEAKEST,396,2025-09-30 14:25:13,2025-09-30 14:47:14,SHORT,24825.2500,24845.2500,HARD_STOP,1,2,-120.0000,-600.0000,12565,38.0000,60.0000,0.2381,1.0000,0.9375,-0.0682,1,0.020833
2025-W40,WEAKEST,397,2025-09-30 14:52:03,2025-09-30 15:03:16,LONG,24841.7500,24851.7500,REVERSAL,0,1,40.0000,200.0000,5715,40.0000,30.0000,0.3571,1.7500,1.2750,0.3290,1,0.366667
2025-W40,WEAKEST,398,2025-09-30 15:16:10,2025-09-30 15:20:17,LONG,24830.5000,24840.5000,REVERSAL,0,1,40.0000,200.0000,2184,40.0000,33.0000,1.0000,1.6875,1.3438,0.2556,1,0.337500
2025-W40,WEAKEST,399,2025-09-30 15:25:42,2025-09-30 15:31:57,SHORT,24857.0000,24877.0000,HARD_STOP,1,2,-120.0000,-600.0000,6235,16.0000,60.0000,0.0000,0.5000,1.5000,-0.0534,1,-0.045455
2025-W40,WEAKEST,400,2025-09-30 15:37:26,2025-09-30 15:40:21,LONG,24868.2500,24848.2500,HARD_STOP,1,2,-120.0000,-600.0000,2230,5.0000,60.0000,0.9200,1.7857,1.2613,0.2812,3,0.181818
2025-W40,WEAKEST,401,2025-09-30 15:47:20,2025-09-30 15:49:21,SHORT,24856.5000,24876.5000,HARD_STOP,1,2,-120.0000,-600.0000,2017,12.0000,60.0000,0.8750,0.8889,1.4829,0.2235,2,0.216667
2025-W40,WEAKEST,402,2025-10-01 09:30:10,2025-10-01 09:30:12,LONG,24756.7500,24767.0000,REVERSAL,0,1,41.0000,205.0000,265,41.0000,7.0000,-0.0270,1.6087,1.3520,-0.3162,2,-2.916667
2025-W40,WEAKEST,403,2025-10-01 09:30:21,2025-10-01 09:30:25,LONG,24745.0000,24755.0000,REVERSAL,0,1,40.0000,200.0000,346,40.0000,5.0000,0.1538,1.0400,0.8876,-0.5036,0,
2025-W40,WEAKEST,404,2025-10-01 09:31:35,2025-10-01 09:31:38,SHORT,24807.0000,24797.0000,REVERSAL,0,1,40.0000,200.0000,329,40.0000,2.0000,0.0000,0.9412,1.3653,-0.4172,0,-8.000000
2025-W40,WEAKEST,405,2025-10-01 09:31:49,2025-10-01 09:33:41,SHORT,24804.7500,24824.7500,HARD_STOP,1,2,-120.0000,-600.0000,5159,38.0000,60.0000,0.2917,0.4706,0.9436,-0.0149,1,-0.500000
2025-W40,WEAKEST,406,2025-10-01 09:34:06,2025-10-01 09:34:33,SHORT,24834.2500,24824.2500,REVERSAL,0,1,40.0000,200.0000,1122,40.0000,7.0000,0.0000,1.4211,1.0170,-0.2674,1,-1.500000
2025-W40,WEAKEST,407,2025-10-01 09:34:50,2025-10-01 09:35:23,LONG,24811.0000,24821.0000,REVERSAL,0,1,40.0000,200.0000,1249,40.0000,23.0000,0.0000,0.4773,1.2386,-0.3071,0,-0.950000
2025-W40,WEAKEST,408,2025-10-01 09:36:50,2025-10-01 09:37:53,SHORT,24828.7500,24828.7500,REVERSAL,1,2,40.0000,200.0000,1600,20.0000,40.0000,0.5455,0.7097,0.9289,0.1448,2,0.305556
2025-W40,WEAKEST,409,2025-10-01 09:38:23,2025-10-01 09:38:40,SHORT,24837.2500,24827.2500,REVERSAL,0,1,40.0000,200.0000,263,40.0000,6.0000,0.0588,1.0303,1.1044,-0.0190,1,-0.433333
2025-W40,WEAKEST,410,2025-10-01 09:46:30,2025-10-01 09:47:38,LONG,24819.0000,24799.0000,HARD_STOP,1,2,-120.0000,-600.0000,1404,4.0000,60.0000,1.0000,0.5306,0.9275,0.2546,2,0.656250
2025-W40,WEAKEST,411,2025-10-01 09:49:03,2025-10-01 09:49:12,LONG,24760.0000,24770.0000,REVERSAL,0,1,40.0000,200.0000,538,40.0000,3.0000,0.4000,0.4082,0.9697,-0.1908,0,-3.500000
2025-W40,WEAKEST,412,2025-10-01 09:49:28,2025-10-01 09:50:00,LONG,24754.0000,24734.0000,HARD_STOP,1,2,-120.0000,-600.0000,2064,14.0000,60.0000,0.3889,0.6207,0.6476,0.0827,0,-0.562500
2025-W40,WEAKEST,413,2025-10-01 09:50:03,2025-10-01 09:51:00,SHORT,24736.0000,24756.0000,HARD_STOP,1,2,-120.0000,-600.0000,3039,36.0000,60.0000,-0.6667,0.6316,1.1075,0.1536,2,-0.625000
2025-W40,WEAKEST,414,2025-10-01 09:51:25,2025-10-01 09:52:03,LONG,24753.0000,24763.0000,REVERSAL,0,1,40.0000,200.0000,955,40.0000,16.0000,0.2381,1.2353,1.1660,-0.0853,0,-0.714286
2025-W40,WEAKEST,415,2025-10-01 09:52:52,2025-10-01 09:53:45,LONG,24752.2500,24762.2500,REVERSAL,0,1,40.0000,200.0000,1013,40.0000,22.0000,0.4839,0.7045,0.8523,-0.0415,0,-0.400000
2025-W40,WEAKEST,416,2025-10-01 09:54:03,2025-10-01 09:54:12,SHORT,24781.0000,24771.0000,REVERSAL,0,1,40.0000,200.0000,344,40.0000,3.0000,0.0000,1.0741,1.2120,-0.3891,1,-2.083333
2025-W40,WEAKEST,417,2025-10-01 09:57:35,2025-10-01 09:58:47,SHORT,24796.2500,24786.0000,REVERSAL,0,1,41.0000,205.0000,1308,41.0000,25.0000,0.7500,0.8889,0.8194,0.2184,3,0.535714
2025-W40,WEAKEST,418,2025-10-01 09:59:40,2025-10-01 09:59:46,LONG,24760.7500,24770.7500,REVERSAL,0,1,40.0000,200.0000,176,40.0000,2.0000,0.0600,1.2821,1.0090,-0.4306,1,-1.700000
2025-W40,WEAKEST,419,2025-10-01 09:59:46,2025-10-01 09:59:56,SHORT,24770.7500,24760.7500,REVERSAL,0,1,40.0000,200.0000,253,40.0000,31.0000,0.1400,1.2821,1.0090,0.4306,2,1.700000
2025-W40,WEAKEST,420,2025-10-01 10:01:14,2025-10-01 10:01:16,SHORT,24799.7500,24789.0000,REVERSAL,0,1,43.0000,215.0000,211,43.0000,4.0000,0.0000,0.5962,1.1106,-0.2868,0,-1.035714
2025-W40,WEAKEST,421,2025-10-01 10:01:16,2025-10-01 10:02:26,LONG,24789.0000,24799.0000,REVERSAL,0,1,40.0000,200.0000,1335,40.0000,19.0000,-0.3871,0.5962,1.1106,0.2868,3,1.035714
2025-W40,WEAKEST,422,2025-10-01 10:05:41,2025-10-01 10:06:21,SHORT,24817.0000,24807.0000,REVERSAL,0,1,40.0000,200.0000,777,40.0000,19.0000,0.6176,0.8718,1.2837,-0.0614,2,-0.166667
2025-W40,WEAKEST,423,2025-10-01 10:07:05,2025-10-01 10:07:52,SHORT,24814.7500,24804.7500,REVERSAL,0,1,40.0000,200.0000,602,40.0000,7.0000,0.1538,0.9286,0.9828,-0.0996,1,-0.291667
2025-W40,WEAKEST,424,2025-10-01 10:08:46,2025-10-01 10:09:12,LONG,24799.5000,24809.5000,REVERSAL,0,1,40.0000,200.0000,436,40.0000,17.0000,0.4130,1.4839,1.1024,-0.3074,1,-0.795455
2025-W40,WEAKEST,425,2025-10-01 10:14:17,2025-10-01 10:19:04,SHORT,24833.0000,24853.0000,HARD_STOP,1,2,-120.0000,-600.0000,4862,29.0000,60.0000,0.0870,1.0000,1.1765,-0.3986,1,-0.354167
2025-W40,WEAKEST,426,2025-10-01 10:21:28,2025-10-01 10:23:06,SHORT,24877.0000,24867.0000,REVERSAL,0,1,40.0000,200.0000,3066,40.0000,25.0000,0.3750,0.8000,1.2333,-0.1311,0,-0.500000
2025-W40,WEAKEST,427,2025-10-01 10:23:50,2025-10-01 10:30:33,SHORT,24873.5000,24893.5000,HARD_STOP,1,2,-120.0000,-600.0000,7889,36.0000,60.0000,0.3125,0.6400,0.9152,-0.3092,0,-0.125000
2025-W40,WEAKEST,428,2025-10-01 10:31:17,2025-10-01 10:34:43,LONG,24883.2500,24893.2500,REVERSAL,0,1,40.0000,200.0000,3203,40.0000,34.0000,0.3810,0.6562,1.3281,-0.0408,1,-0.057692
2025-W40,WEAKEST,429,2025-10-01 10:41:09,2025-10-01 10:47:01,LONG,24892.0000,24892.0000,REVERSAL,1,2,40.0000,200.0000,5365,20.0000,40.0000,0.5417,1.0435,1.0217,0.1429,2,0.057692
2025-W40,WEAKEST,430,2025-10-01 10:57:24,2025-10-01 10:59:42,SHORT,24901.0000,24891.0000,REVERSAL,0,1,40.0000,200.0000,2083,40.0000,7.0000,0.1250,1.1429,0.8896,-0.2652,0,-0.230769
2025-W40,WEAKEST,431,2025-10-01 10:59:42,2025-10-01 11:00:21,LONG,24891.0000,24901.0000,REVERSAL,0,1,40.0000,200.0000,565,40.0000,1.0000,-0.1111,1.5882,1.2941,0.0272,1,-0.115385
2025-W40,WEAKEST,432,2025-10-01 11:07:05,2025-10-01 11:10:25,SHORT,24913.0000,24903.0000,REVERSAL,0,1,40.0000,200.0000,2286,40.0000,10.0000,0.0000,1.0500,0.8191,-0.0530,0,-0.171053
2025-W40,WEAKEST,433,2025-10-01 11:15:03,2025-10-01 11:15:58,SHORT,24901.5000,24891.5000,REVERSAL,0,1,40.0000,200.0000,691,40.0000,4.0000,0.0667,0.6000,1.0353,-0.0315,1,-0.233333
2025-W40,WEAKEST,434,2025-10-01 11:16:57,2025-10-01 11:28:21,LONG,24883.7500,24893.7500,REVERSAL,0,1,40.0000,200.0000,7734,40.0000,34.0000,-0.5333,0.6000,1.2615,-0.0938,0,-0.150000
2025-W40,WEAKEST,435,2025-10-01 11:39:23,2025-10-01 11:48:49,SHORT,24923.2500,24923.2500,REVERSAL,1,2,40.0000,200.0000,6915,20.0000,40.0000,0.7368,0.9048,1.5024,0.2481,3,0.125000
2025-W40,WEAKEST,436,2025-10-01 12:19:34,2025-10-01 12:23:55,SHORT,24938.7500,24928.7500,REVERSAL,0,1,40.0000,200.0000,2486,40.0000,2.0000,0.3077,0.4643,1.1655,0.1362,2,-0.065789
2025-W40,WEAKEST,437,2025-10-01 12:33:03,2025-10-01 12:45:09,SHORT,24943.2500,24933.2500,REVERSAL,0,1,40.0000,200.0000,4392,40.0000,37.0000,1.0476,0.9130,1.6065,0.0853,3,0.034314
2025-W40,WEAKEST,438,2025-10-01 12:51:05,2025-10-01 13:02:21,SHORT,24946.2500,24966.2500,HARD_STOP,1,2,-120.0000,-600.0000,5603,37.0000,60.0000,0.0000,0.9412,0.8570,-0.1866,0,-0.161765
2025-W40,WEAKEST,439,2025-10-01 13:10:33,2025-10-01 13:11:36,LONG,24966.5000,24976.5000,REVERSAL,0,1,40.0000,200.0000,643,40.0000,1.0000,0.0000,1.0625,1.1466,-0.4602,1,-0.472222
2025-W40,WEAKEST,440,2025-10-01 13:51:24,2025-10-01 14:00:07,LONG,24976.7500,24986.7500,REVERSAL,0,1,40.0000,200.0000,3917,40.0000,29.0000,0.9565,1.3529,1.0628,0.1462,3,0.080882
2025-W40,WEAKEST,441,2025-10-01 14:00:36,2025-10-01 14:01:58,SHORT,25009.5000,24999.2500,REVERSAL,0,1,41.0000,205.0000,1591,41.0000,2.0000,0.1111,2.0769,1.2242,-0.1308,1,-1.200000
2025-W40,WEAKEST,442,2025-10-01 14:02:57,2025-10-01 14:04:49,LONG,24982.0000,24992.0000,REVERSAL,0,1,40.0000,200.0000,1569,40.0000,37.0000,0.5714,0.8235,1.4743,-0.3536,1,1.000000
2025-W40,WEAKEST,443,2025-10-01 14:10:39,2025-10-01 14:21:08,SHORT,25006.2500,25006.2500,REVERSAL,1,2,40.0000,200.0000,6453,20.0000,41.0000,0.5333,0.7500,0.9013,0.2669,2,0.053571
2025-W40,WEAKEST,444,2025-10-01 14:38:59,2025-10-01 14:43:28,SHORT,25022.7500,25022.7500,REVERSAL,1,2,40.0000,200.0000,3707,20.0000,40.0000,0.1818,0.4583,1.0863,-0.1631,1,-0.010204
2025-W40,WEAKEST,445,2025-10-01 14:52:37,2025-10-01 14:55:10,SHORT,25032.7500,25022.7500,REVERSAL,0,1,40.0000,200.0000,1371,40.0000,0.0000,0.5714,0.6364,1.0515,-0.2271,0,-0.100000
2025-W40,WEAKEST,446,2025-10-01 15:09:07,2025-10-01 15:12:16,SHORT,25029.0000,25019.0000,REVERSAL,0,1,40.0000,200.0000,1348,40.0000,15.0000,0.7000,0.5000,0.7763,-0.0606,3,0.060000
2025-W40,WEAKEST,447,2025-10-01 15:20:00,2025-10-01 15:31:28,LONG,25017.2500,25027.2500,REVERSAL,0,1,40.0000,200.0000,6159,40.0000,37.0000,0.5000,0.6667,1.0392,-0.0667,1,-0.050000
2025-W40,WEAKEST,448,2025-10-01 15:34:39,2025-10-01 15:35:49,SHORT,25033.5000,25023.5000,REVERSAL,0,1,40.0000,200.0000,846,40.0000,2.0000,0.7273,0.5238,1.2165,-0.1392,1,-0.044118
2025-W40,WEAKEST,449,2025-10-02 09:30:07,2025-10-02 09:34:37,LONG,25146.7500,25126.7500,HARD_STOP,1,2,-120.0000,-600.0000,11406,31.0000,60.0000,0.2000,0.7143,0.9405,-0.3437,0,-2.500000
2025-W40,WEAKEST,450,2025-10-02 09:36:40,2025-10-02 09:37:54,LONG,25109.7500,25089.7500,HARD_STOP,1,2,-120.0000,-600.0000,3168,39.0000,60.0000,0.2500,0.7619,0.8185,-0.1245,0,-0.550000
2025-W40,WEAKEST,451,2025-10-02 09:38:52,2025-10-02 09:39:08,LONG,25080.5000,25090.5000,REVERSAL,0,1,40.0000,200.0000,673,40.0000,6.0000,0.2250,1.4815,1.0960,-0.3600,0,-0.850000
2025-W40,WEAKEST,452,2025-10-02 09:40:23,2025-10-02 09:40:35,SHORT,25079.2500,25068.7500,REVERSAL,0,1,42.0000,210.0000,524,42.0000,6.0000,0.0455,1.2222,1.1111,-0.1756,0,-1.125000
2025-W40,WEAKEST,453,2025-10-02 09:41:48,2025-10-02 09:42:08,LONG,25048.7500,25058.7500,REVERSAL,0,1,40.0000,200.0000,926,40.0000,11.0000,0.5714,0.6000,1.1750,-0.0630,1,0.333333
2025-W40,WEAKEST,454,2025-10-02 09:42:37,2025-10-02 09:42:52,LONG,25043.0000,25053.2500,REVERSAL,0,1,41.0000,205.0000,360,41.0000,2.0000,0.0909,1.8333,1.3080,-0.5036,0,-3.625000
2025-W40,WEAKEST,455,2025-10-02 09:43:34,2025-10-02 09:43:51,LONG,25037.7500,25047.7500,REVERSAL,0,1,40.0000,200.0000,553,40.0000,1.0000,0.1622,1.6818,1.2992,-0.3515,0,-1.687500
2025-W40,WEAKEST,456,2025-10-02 09:45:15,2025-10-02 09:46:13,SHORT,25046.2500,25066.2500,HARD_STOP,1,2,-120.0000,-600.0000,2839,30.0000,60.0000,0.2174,0.7188,1.5901,-0.0945,1,-0.666667
2025-W40,WEAKEST,457,2025-10-02 09:46:33,2025-10-02 09:46:51,LONG,25056.2500,25066.2500,REVERSAL,0,1,40.0000,200.0000,479,40.0000,7.0000,0.0000,1.3810,1.3467,-0.2075,1,-0.475000
2025-W40,WEAKEST,458,2025-10-02 09:47:38,2025-10-02 09:48:45,SHORT,25070.0000,25060.0000,REVERSAL,0,1,40.0000,200.0000,1448,40.0000,3.0000,0.0741,1.1739,1.0470,-0.1161,0,-0.550000
2025-W40,WEAKEST,459,2025-10-02 09:49:36,2025-10-02 09:50:36,LONG,25027.0000,25037.0000,REVERSAL,0,1,40.0000,200.0000,2841,40.0000,28.0000,0.1481,1.2273,1.1636,-0.2830,1,-1.000000
2025-W40,WEAKEST,460,2025-10-02 09:50:41,2025-10-02 09:51:04,LONG,25029.0000,25039.0000,REVERSAL,0,1,40.0000,200.0000,794,40.0000,19.0000,-0.1765,1.0303,1.1263,0.1145,3,1.125000
2025-W40,WEAKEST,461,2025-10-02 09:51:39,2025-10-02 09:52:34,LONG,25027.0000,25027.0000,REVERSAL,1,2,40.0000,200.0000,2180,31.0000,40.0000,0.0294,0.6667,1.6083,-0.2171,0,-0.812500
2025-W40,WEAKEST,462,2025-10-02 09:53:00,2025-10-02 09:54:48,SHORT,25038.7500,25058.7500,HARD_STOP,1,2,-120.0000,-600.0000,3307,34.0000,60.0000,0.1212,1.3750,1.2330,-0.1685,0,-0.555556
2025-W40,WEAKEST,463,2025-10-02 10:00:07,2025-10-02 10:00:27,SHORT,25054.0000,25044.0000,REVERSAL,0,1,40.0000,200.0000,769,40.0000,25.0000,1.0417,0.7742,1.2482,0.1783,2,0.678571
2025-W40,WEAKEST,464,2025-10-02 10:01:24,2025-10-02 10:02:04,SHORT,25061.0000,25061.0000,REVERSAL,1,2,40.0000,200.0000,1093,20.0000,40.0000,1.0455,1.2222,1.0202,0.1102,2,0.656250
2025-W40,WEAKEST,465,2025-10-02 10:11:53,2025-10-02 10:12:05,LONG,25042.0000,25052.0000,REVERSAL,0,1,40.0000,200.0000,474,40.0000,5.0000,-0.0455,1.5714,1.0657,-0.3562,0,-0.800000
2025-W40,WEAKEST,466,2025-10-02 10:16:52,2025-10-02 10:18:09,SHORT,25075.0000,25065.0000,REVERSAL,0,1,40.0000,200.0000,1004,40.0000,10.0000,0.1765,1.7895,1.1106,-0.3721,1,-0.416667
2025-W40,WEAKEST,467,2025-10-02 10:20:43,2025-10-02 10:21:04,LONG,25047.5000,25057.5000,REVERSAL,0,1,40.0000,200.0000,656,40.0000,1.0000,0.0000,1.0000,0.9792,-0.0719,0,-0.850000
2025-W40,WEAKEST,468,2025-10-02 10:21:55,2025-10-02 10:23:45,SHORT,25062.0000,25082.0000,HARD_STOP,1,2,-120.0000,-600.0000,1993,29.0000,60.0000,0.7000,0.5128,0.7564,-0.1970,2,0.083333
2025-W40,WEAKEST,469,2025-10-02 10:25:11,2025-10-02 10:25:43,SHORT,25087.2500,25077.2500,REVERSAL,0,1,40.0000,200.0000,704,40.0000,10.0000,0.1176,0.6071,0.9123,-0.3218,1,-0.111111
2025-W40,WEAKEST,470,2025-10-02 10:26:47,2025-10-02 10:28:46,SHORT,25085.7500,25075.7500,REVERSAL,0,1,40.0000,200.0000,1839,40.0000,23.0000,0.0000,1.5294,1.0480,-0.2490,0,-0.403846
2025-W40,WEAKEST,471,2025-10-02 10:30:12,2025-10-02 10:31:45,SHORT,25083.7500,25073.7500,REVERSAL,0,1,40.0000,200.0000,1837,40.0000,28.0000,0.5000,0.3243,0.9330,-0.0929,1,-0.083333
2025-W40,WEAKEST,472,2025-10-02 10:32:26,2025-10-02 10:33:00,SHORT,25079.0000,25069.0000,REVERSAL,0,1,40.0000,200.0000,340,40.0000,0.0000,0.0000,0.6970,1.2169,-0.1051,1,-0.289474
2025-W40,WEAKEST,473,2025-10-02 10:35:40,2025-10-02 10:36:12,SHORT,25082.2500,25072.2500,REVERSAL,0,1,40.0000,200.0000,562,40.0000,0.0000,0.0000,0.5625,0.8738,0.1120,0,-0.125000
2025-W40,WEAKEST,474,2025-10-02 10:36:40,2025-10-02 10:37:09,SHORT,25076.7500,25066.7500,REVERSAL,0,1,40.0000,200.0000,282,40.0000,3.0000,-0.0270,1.2333,1.1524,0.2121,3,0.381579
2025-W40,WEAKEST,475,2025-10-02 10:37:58,2025-10-02 10:40:24,SHORT,25083.0000,25073.0000,REVERSAL,0,1,40.0000,200.0000,1909,40.0000,24.0000,0.1613,0.9688,0.8844,-0.4324,1,-0.722222
2025-W40,WEAKEST,476,2025-10-02 10:41:59,2025-10-02 10:43:45,LONG,25070.5000,25070.7500,REVERSAL,1,2,42.0000,210.0000,1567,25.0000,40.0000,0.5556,0.3673,0.8642,-0.2029,1,-0.159091
2025-W40,WEAKEST,477,2025-10-02 10:46:32,2025-10-02 10:48:05,LONG,25035.7500,25046.0000,REVERSAL,0,1,41.0000,205.0000,3065,41.0000,39.0000,0.2917,1.3333,1.0952,-0.4424,0,-2.000000
2025-W40,WEAKEST,478,2025-10-02 10:49:44,2025-10-02 10:54:51,LONG,25046.2500,25026.0000,HARD_STOP,1,2,-120.0000,-600.0000,4526,28.0000,60.0000,0.0000,1.0714,1.4690,-0.1811,1,-0.062500
2025-W40,WEAKEST,479,2025-10-02 10:55:48,2025-10-02 10:57:42,LONG,25022.5000,25032.5000,REVERSAL,0,1,40.0000,200.0000,2138,40.0000,13.0000,-0.1600,1.1905,0.9573,-0.0575,1,-0.265625
2025-W40,WEAKEST,480,2025-10-02 11:01:07,2025-10-02 11:02:02,SHORT,25031.0000,25021.0000,REVERSAL,0,1,40.0000,200.0000,944,40.0000,3.0000,0.0909,0.6875,0.9591,-0.2702,0,-0.611111
2025-W40,WEAKEST,481,2025-10-02 11:04:30,2025-10-02 11:05:24,LONG,24997.0000,25007.0000,REVERSAL,0,1,40.0000,200.0000,1969,40.0000,13.0000,0.1500,0.5405,0.8670,-0.4558,1,
2025-W40,WEAKEST,482,2025-10-02 11:07:40,2025-10-02 11:08:20,SHORT,25035.2500,25025.2500,REVERSAL,0,1,40.0000,200.0000,830,40.0000,10.0000,0.4615,0.5909,0.8744,0.0256,0,-0.181818
2025-W40,WEAKEST,483,2025-10-02 11:10:05,2025-10-02 11:11:42,SHORT,25035.2500,25035.0000,REVERSAL,1,2,42.0000,210.0000,2559,21.0000,44.0000,0.3333,1.4211,1.1236,0.3358,1,0.600000
2025-W40,WEAKEST,484,2025-10-02 11:13:18,2025-10-02 11:22:53,LONG,25030.2500,25040.2500,REVERSAL,0,1,40.0000,200.0000,7815,40.0000,31.0000,0.8788,2.2000,1.3500,0.2685,2,0.339286
2025-W40,WEAKEST,485,2025-10-02 11:32:33,2025-10-02 11:37:15,LONG,25030.2500,25010.2500,HARD_STOP,1,2,-120.0000,-600.0000,3659,23.0000,60.0000,0.1923,1.0000,1.0909,-0.0896,1,-0.041667
2025-W40,WEAKEST,486,2025-10-02 11:37:38,2025-10-02 11:38:12,LONG,25001.0000,25011.0000,REVERSAL,0,1,40.0000,200.0000,948,40.0000,1.0000,-0.2222,1.2857,1.0467,0.0706,1,-0.361111
2025-W40,WEAKEST,487,2025-10-02 11:38:12,2025-10-02 11:41:01,SHORT,25011.0000,25031.0000,HARD_STOP,1,2,-120.0000,-600.0000,2823,17.0000,60.0000,-0.1429,0.5000,0.9500,-0.0337,1,-0.022727
2025-W40,WEAKEST,488,2025-10-02 11:42:44,2025-10-02 11:43:02,LONG,25021.7500,25031.7500,REVERSAL,0,1,40.0000,200.0000,516,40.0000,6.0000,0.0000,0.6944,1.1298,-0.2016,1,-0.527778
2025-W40,WEAKEST,489,2025-10-02 11:43:41,2025-10-02 11:45:27,LONG,25021.2500,25031.2500,REVERSAL,0,1,40.0000,200.0000,853,40.0000,0.0000,0.0000,1.8000,1.6143,-0.2529,1,-0.404762
2025-W40,WEAKEST,490,2025-10-02 11:53:05,2025-10-02 11:55:31,SHORT,25051.0000,25071.0000,HARD_STOP,1,2,-120.0000,-600.0000,3154,5.0000,60.0000,0.3636,0.3548,0.9932,-0.0934,1,-0.045455
2025-W40,WEAKEST,491,2025-10-02 12:21:41,2025-10-02 12:22:49,LONG,25049.2500,25059.2500,REVERSAL,0,1,40.0000,200.0000,708,40.0000,3.0000,0.0952,1.1667,0.9295,-0.2674,0,-0.833333
2025-W40,WEAKEST,492,2025-10-02 12:31:45,2025-10-02 12:37:46,SHORT,25063.5000,25053.5000,REVERSAL,0,1,40.0000,200.0000,2431,40.0000,22.0000,0.1000,0.6667,0.8506,-0.0146,1,-0.034091
2025-W40,WEAKEST,493,2025-10-02 12:39:30,2025-10-02 12:40:44,SHORT,25063.0000,25053.0000,REVERSAL,0,1,40.0000,200.0000,678,40.0000,8.0000,0.1111,0.9000,0.8071,-0.1541,0,-0.106061
2025-W40,WEAKEST,494,2025-10-02 12:55:24,2025-10-02 13:03:05,SHORT,25073.0000,25063.0000,REVERSAL,0,1,40.0000,200.0000,4100,40.0000,29.0000,0.6800,1.7857,1.5929,0.2296,2,0.152778
2025-W40,WEAKEST,495,2025-10-02 13:12:54,2025-10-02 13:41:07,SHORT,25078.2500,25098.2500,HARD_STOP,1,2,-120.0000,-600.0000,13203,30.0000,60.0000,0.4762,0.8077,0.9238,-0.3333,1,-0.092593
2025-W40,WEAKEST,496,2025-10-02 13:49:09,2025-10-02 14:10:46,LONG,25096.7500,25096.7500,REVERSAL,1,2,40.0000,200.0000,9706,20.0000,50.0000,0.8333,1.2000,1.5091,0.3451,2,0.128571
2025-W40,WEAKEST,497,2025-10-02 14:29:07,2025-10-02 14:51:57,SHORT,25107.5000,25097.5000,REVERSAL,0,1,40.0000,200.0000,7843,40.0000,13.0000,0.2222,0.9000,0.9763,-0.1277,1,-0.066667
2025-W40,WEAKEST,498,2025-10-02 15:01:43,2025-10-02 15:36:07,SHORT,25115.7500,25115.7500,REVERSAL,1,2,40.0000,200.0000,12579,27.0000,40.0000,0.1667,0.5455,0.8838,-0.1255,1,-0.050000
2025-W40,WEAKEST,499,2025-10-03 09:33:58,2025-10-03 09:34:30,SHORT,25147.7500,25137.5000,REVERSAL,0,1,41.0000,205.0000,595,41.0000,4.0000,0.0000,0.7442,1.3494,-0.1264,1,-0.270833
2025-W40,WEAKEST,500,2025-10-03 09:35:17,2025-10-03 09:36:56,LONG,25142.5000,25142.5000,REVERSAL,1,2,40.0000,200.0000,2067,28.0000,40.0000,0.0000,1.0690,1.0178,-0.0570,1,-0.321429
2025-W40,WEAKEST,501,2025-10-03 09:37:25,2025-10-03 09:39:37,SHORT,25150.0000,25150.0000,REVERSAL,1,2,40.0000,200.0000,2736,24.0000,40.0000,-0.1818,0.8148,0.8293,-0.0714,0,-0.178571
2025-W40,WEAKEST,502,2025-10-03 09:41:29,2025-10-03 09:43:02,LONG,25125.5000,25125.5000,REVERSAL,1,2,40.0000,200.0000,3447,23.0000,40.0000,0.2632,0.7917,1.0625,-0.1102,0,-0.416667
2025-W40,WEAKEST,503,2025-10-03 09:47:29,2025-10-03 09:48:31,SHORT,25157.7500,25147.7500,REVERSAL,0,1,40.0000,200.0000,1140,40.0000,1.0000,0.0000,0.5862,0.7931,-0.2672,0,-1.166667
2025-W40,WEAKEST,504,2025-10-03 09:53:01,2025-10-03 09:54:07,SHORT,25160.2500,25150.2500,REVERSAL,0,1,40.0000,200.0000,1492,40.0000,31.0000,0.6000,0.2500,0.9946,-0.2721,1,-0.075000
2025-W40,WEAKEST,505,2025-10-03 09:55:05,2025-10-03 09:56:08,LONG,25129.5000,25129.5000,REVERSAL,1,2,40.0000,200.0000,1723,35.0000,40.0000,0.2500,0.8696,0.8948,-0.4100,0,-0.812500
2025-W40,WEAKEST,506,2025-10-03 09:56:20,2025-10-03 10:00:00,LONG,25119.7500,25099.2500,HARD_STOP,1,2,-124.0000,-620.0000,4767,14.0000,62.0000,-0.0256,1.7727,1.2530,0.2381,2,0.550000
2025-W40,WEAKEST,507,2025-10-03 10:00:14,2025-10-03 10:00:44,SHORT,25094.7500,25084.7500,REVERSAL,0,1,40.0000,200.0000,1145,40.0000,24.0000,0.0769,0.9286,1.1006,-0.0943,1,-0.500000
2025-W40,WEAKEST,508,2025-10-03 10:01:10,2025-10-03 10:01:39,LONG,25077.7500,25077.7500,REVERSAL,1,2,40.0000,200.0000,1426,27.0000,40.0000,0.1852,0.7105,1.0860,-0.1661,0,-0.625000
2025-W40,WEAKEST,509,2025-10-03 10:01:45,2025-10-03 10:02:00,LONG,25072.2500,25082.2500,REVERSAL,0,1,40.0000,200.0000,653,40.0000,30.0000,0.1860,2.6875,1.8143,0.3721,2,1.583333
2025-W40,WEAKEST,510,2025-10-03 10:02:50,2025-10-03 10:03:36,LONG,25070.2500,25080.2500,REVERSAL,0,1,40.0000,200.0000,1196,40.0000,15.0000,0.2308,1.3448,1.0177,-0.2755,0,-0.525000
2025-W40,WEAKEST,511,2025-10-03 10:04:33,2025-10-03 10:05:13,SHORT,25087.0000,25077.0000,REVERSAL,0,1,40.0000,200.0000,731,40.0000,4.0000,0.3448,1.1154,1.0777,-0.2075,0,-0.343750
2025-W40,WEAKEST,512,2025-10-03 10:08:56,2025-10-03 10:09:52,LONG,25060.0000,25070.0000,REVERSAL,0,1,40.0000,200.0000,2326,40.0000,36.0000,0.0000,1.2381,1.0963,-0.3118,0,-1.000000
2025-W40,WEAKEST,513,2025-10-03 10:11:38,2025-10-03 10:11:49,LONG,25059.0000,25069.0000,REVERSAL,0,1,40.0000,200.0000,374,40.0000,7.0000,0.5000,0.5714,0.6641,-0.3196,0,-0.150000
2025-W40,WEAKEST,514,2025-10-03 10:15:40,2025-10-03 10:17:12,SHORT,25086.5000,25086.5000,REVERSAL,1,2,40.0000,200.0000,2737,24.0000,40.0000,0.4348,0.9200,1.0282,-0.2519,0,-0.305556
2025-W40,WEAKEST,515,2025-10-03 10:22:32,2025-10-03 10:23:08,LONG,25068.0000,25078.0000,REVERSAL,0,1,40.0000,200.0000,687,40.0000,12.0000,0.0000,0.9524,0.9535,-0.1524,1,-0.187500
2025-W40,WEAKEST,516,2025-10-03 10:31:47,2025-10-03 10:32:34,SHORT,25098.7500,25088.7500,REVERSAL,0,1,40.0000,200.0000,604,40.0000,4.0000,0.1765,0.6538,0.9460,-0.0325,0,-0.134615
2025-W40,WEAKEST,517,2025-10-03 10:33:14,2025-10-03 10:33:33,LONG,25079.0000,25089.0000,REVERSAL,0,1,40.0000,200.0000,266,40.0000,1.0000,-0.1304,1.6429,1.0335,-0.2763,0,-0.266667
2025-W40,WEAKEST,518,2025-10-03 10:35:12,2025-10-03 10:38:48,SHORT,25096.0000,25116.0000,HARD_STOP,1,2,-120.0000,-600.0000,4044,35.0000,60.0000,0.5882,0.7727,1.0334,-0.1042,0,-0.138889
2025-W40,WEAKEST,519,2025-10-03 10:42:33,2025-10-03 10:45:02,LONG,25115.5000,25115.5000,REVERSAL,1,2,40.0000,200.0000,2590,21.0000,40.0000,0.0435,0.9583,1.3363,-0.1039,0,-0.100000
2025-W40,WEAKEST,520,2025-10-03 10:50:05,2025-10-03 10:51:33,LONG,25098.2500,25108.2500,REVERSAL,0,1,40.0000,200.0000,1460,40.0000,28.0000,0.5417,0.9600,1.2612,-0.2471,1,-0.125000
2025-W40,WEAKEST,521,2025-10-03 10:52:56,2025-10-03 11:00:50,SHORT,25116.2500,25106.2500,REVERSAL,0,1,40.0000,200.0000,6024,40.0000,28.0000,0.4545,0.8800,1.2212,-0.4275,0,-0.562500
2025-W40,WEAKEST,522,2025-10-03 11:00:50,2025-10-03 11:01:13,LONG,25106.2500,25116.2500,REVERSAL,0,1,40.0000,200.0000,259,40.0000,1.0000,-0.0541,1.9474,1.6523,-0.4465,1,-0.729167
2025-W40,WEAKEST,523,2025-10-03 11:05:15,2025-10-03 11:05:48,LONG,25103.2500,25113.2500,REVERSAL,0,1,40.0000,200.0000,525,40.0000,5.0000,0.0400,1.0417,0.9653,-0.2674,1,-0.217391
2025-W40,WEAKEST,524,2025-10-03 11:09:35,2025-10-03 11:12:45,LONG,25107.5000,25117.5000,REVERSAL,0,1,40.0000,200.0000,1948,40.0000,33.0000,0.0952,0.6000,1.6462,-0.0154,0,-0.088235
2025-W40,WEAKEST,525,2025-10-03 11:41:03,2025-10-03 11:46:56,LONG,25117.2500,25127.2500,REVERSAL,0,1,40.0000,200.0000,3767,40.0000,39.0000,0.9286,1.7500,1.1713,0.2739,3,0.425000
2025-W40,WEAKEST,526,2025-10-03 11:48:05,2025-10-03 11:49:55,LONG,25115.2500,25125.2500,REVERSAL,0,1,40.0000,200.0000,809,40.0000,1.0000,0.0000,0.8000,0.9435,-0.1027,0,-0.030488
2025-W40,WEAKEST,527,2025-10-03 11:57:14,2025-10-03 11:58:38,SHORT,25151.0000,25141.0000,REVERSAL,0,1,40.0000,200.0000,853,40.0000,3.0000,0.2500,0.6957,1.3062,0.0078,0,-0.150000
2025-W40,WEAKEST,528,2025-10-03 12:03:44,2025-10-03 12:10:19,SHORT,25149.5000,25139.5000,REVERSAL,0,1,40.0000,200.0000,3425,40.0000,26.0000,-0.0500,1.1111,1.0850,0.0145,1,-0.060345
2025-W40,WEAKEST,529,2025-10-03 13:00:17,2025-10-03 13:01:36,LONG,25103.5000,25083.5000,HARD_STOP,1,2,-120.0000,-600.0000,2325,16.0000,60.0000,0.4000,1.0526,0.8232,-0.2603,0,-1.250000
2025-W40,WEAKEST,530,2025-10-03 13:03:24,2025-10-03 13:04:04,LONG,25060.2500,25040.2500,HARD_STOP,1,2,-120.0000,-600.0000,1758,17.0000,60.0000,0.8571,0.9130,0.9565,0.3095,3,0.900000
2025-W40,WEAKEST,531,2025-10-03 13:04:50,2025-10-03 13:05:06,SHORT,25045.2500,25045.2500,REVERSAL,1,2,40.0000,200.0000,774,20.0000,40.0000,0.9524,0.8077,0.7062,0.0482,2,0.571429
2025-W40,WEAKEST,532,2025-10-03 13:05:58,2025-10-03 13:07:06,LONG,25032.0000,25042.0000,REVERSAL,0,1,40.0000,200.0000,2789,40.0000,36.0000,0.9500,0.9524,1.0938,-0.0948,2,0.571429
2025-W40,WEAKEST,533,2025-10-03 13:07:38,2025-10-03 13:10:23,SHORT,25058.7500,25058.7500,REVERSAL,1,2,40.0000,200.0000,3751,28.0000,40.0000,0.2500,0.8333,1.2167,-0.0000,0,-0.400000
2025-W40,WEAKEST,534,2025-10-03 13:12:04,2025-10-03 13:13:30,SHORT,25084.5000,25084.5000,REVERSAL,1,2,40.0000,200.0000,1554,31.0000,40.0000,0.0645,1.7222,1.2524,0.0320,0,-0.363636
2025-W40,WEAKEST,535,2025-10-03 13:14:22,2025-10-03 13:18:43,LONG,25079.0000,25059.0000,HARD_STOP,1,2,-120.0000,-600.0000,4614,19.0000,60.0000,-0.1818,0.8462,0.9883,-0.1374,0,-0.166667
2025-W40,WEAKEST,536,2025-10-03 13:22:05,2025-10-03 13:22:27,LONG,25034.2500,25044.2500,REVERSAL,0,1,40.0000,200.0000,533,40.0000,9.0000,0.2105,0.5938,0.9925,0.2138,1,-0.218750
2025-W40,WEAKEST,537,2025-10-03 13:30:13,2025-10-03 13:30:43,LONG,25018.2500,25028.2500,REVERSAL,0,1,40.0000,200.0000,876,40.0000,14.0000,0.7895,0.6786,1.3393,-0.0958,2,0.562500
2025-W40,WEAKEST,538,2025-10-03 13:36:05,2025-10-03 13:36:55,SHORT,25045.7500,25035.7500,REVERSAL,0,1,40.0000,200.0000,601,40.0000,5.0000,0.0294,1.4167,1.0833,-0.1186,1,-0.466667
2025-W40,WEAKEST,539,2025-10-03 13:36:55,2025-10-03 13:41:26,LONG,25035.7500,25015.5000,HARD_STOP,1,2,-120.0000,-600.0000,3563,29.0000,60.0000,-0.3333,0.4412,0.7206,-0.0980,1,-0.025000
2025-W40,WEAKEST,540,2025-10-03 13:45:31,2025-10-03 13:46:46,LONG,25008.0000,24988.0000,HARD_STOP,1,2,-120.0000,-600.0000,1901,31.0000,60.0000,0.6364,0.8148,0.8429,-0.0217,1,-0.117647
2025-W40,WEAKEST,541,2025-10-03 13:49:41,2025-10-03 13:51:39,LONG,24982.2500,24962.2500,HARD_STOP,1,2,-120.0000,-600.0000,3141,36.0000,60.0000,0.1389,1.0286,1.0976,-0.2101,2,-0.484375
2025-W40,WEAKEST,542,2025-10-03 13:51:53,2025-10-03 13:52:02,LONG,24952.5000,24962.5000,REVERSAL,0,1,40.0000,200.0000,423,40.0000,4.0000,-0.0476,1.1053,0.7962,-0.0567,0,-0.900000
2025-W40,WEAKEST,543,2025-10-03 13:54:20,2025-10-03 13:55:01,LONG,24925.2500,24935.2500,REVERSAL,0,1,40.0000,200.0000,1264,40.0000,8.0000,0.0000,1.6429,0.9381,-0.1956,0,-1.050000
2025-W40,WEAKEST,544,2025-10-03 13:56:00,2025-10-03 13:56:26,SHORT,24959.0000,24959.0000,REVERSAL,1,2,40.0000,200.0000,832,20.0000,40.0000,0.7907,2.0476,1.3420,0.4807,2,2.500000
2025-W40,WEAKEST,545,2025-10-03 13:57:56,2025-10-03 13:58:39,SHORT,24969.7500,24969.5000,REVERSAL,1,2,42.0000,210.0000,959,26.0000,40.0000,0.4815,1.0385,0.8907,0.1493,3,0.181818
2025-W40,WEAKEST,546,2025-10-03 13:58:39,2025-10-03 13:58:48,LONG,24969.5000,24980.0000,REVERSAL,0,1,42.0000,210.0000,175,42.0000,0.0000,-0.2647,1.0968,0.9264,0.1269,3,0.525000
2025-W40,WEAKEST,547,2025-10-03 13:59:20,2025-10-03 13:59:40,SHORT,24982.0000,24972.0000,REVERSAL,0,1,40.0000,200.0000,343,40.0000,5.0000,0.3500,0.4762,0.8214,-0.1394,0,-0.125000
2025-W40,WEAKEST,548,2025-10-03 14:03:50,2025-10-03 14:06:06,LONG,24954.2500,24934.2500,HARD_STOP,1,2,-120.0000,-600.0000,2643,23.0000,60.0000,0.5862,0.6591,1.1444,0.0040,0,-0.125000
2025-W40,WEAKEST,549,2025-10-03 14:07:27,2025-10-03 14:09:19,SHORT,24937.2500,24957.2500,HARD_STOP,1,2,-120.0000,-600.0000,1746,38.0000,60.0000,1.0233,1.3438,0.9738,0.1610,2,0.625000
2025-W40,WEAKEST,550,2025-10-03 14:09:25,2025-10-03 14:10:01,LONG,24947.5000,24948.0000,REVERSAL,1,2,44.0000,220.0000,520,22.0000,40.0000,-0.1818,0.6000,1.1088,0.3096,3,0.861111
2025-W40,WEAKEST,551,2025-10-03 14:10:01,2025-10-03 14:10:54,SHORT,24948.0000,24968.0000,HARD_STOP,1,2,-120.0000,-600.0000,1105,24.0000,60.0000,0.0455,0.8800,1.1976,0.0178,2,0.250000
2025-W40,WEAKEST,552,2025-10-03 14:13:37,2025-10-03 14:14:04,SHORT,24977.7500,24967.7500,REVERSAL,0,1,40.0000,200.0000,302,40.0000,9.0000,0.1034,1.2609,1.0411,-0.1538,1,-0.187500
2025-W40,WEAKEST,553,2025-10-03 14:14:35,2025-10-03 14:17:48,SHORT,24976.2500,24996.2500,HARD_STOP,1,2,-120.0000,-600.0000,2998,23.0000,60.0000,-0.0256,1.3929,1.1792,0.2296,2,0.083333
2025-W40,WEAKEST,554,2025-10-03 14:21:21,2025-10-03 14:24:44,SHORT,25004.5000,25024.5000,HARD_STOP,1,2,-120.0000,-600.0000,2676,20.0000,60.0000,0.1333,1.1111,1.2306,-0.0545,0,-0.184211
2025-W40,WEAKEST,555,2025-10-03 14:26:26,2025-10-03 14:31:12,SHORT,25030.0000,25030.0000,REVERSAL,1,2,40.0000,200.0000,4829,20.0000,40.0000,0.5333,0.6000,0.9250,-0.2920,1,-0.156250
2025-W40,WEAKEST,556,2025-10-03 14:33:18,2025-10-03 14:34:42,LONG,24998.2500,25008.2500,REVERSAL,0,1,40.0000,200.0000,1733,40.0000,17.0000,0.3529,0.6071,1.0036,-0.1439,0,-0.375000
2025-W40,WEAKEST,557,2025-10-03 14:38:06,2025-10-03 14:40:07,SHORT,25016.0000,25006.0000,REVERSAL,0,1,40.0000,200.0000,1049,40.0000,12.0000,0.1500,1.3333,1.1839,-0.1515,1,-0.269231
2025-W40,WEAKEST,558,2025-10-03 14:43:53,2025-10-03 14:45:13,SHORT,25018.2500,25008.0000,REVERSAL,0,1,41.0000,205.0000,439,41.0000,0.0000,0.0333,0.8571,1.0320,-0.0314,1,-0.092857
2025-W40,WEAKEST,559,2025-10-03 14:48:22,2025-10-03 14:52:42,LONG,25001.2500,24981.2500,HARD_STOP,1,2,-120.0000,-600.0000,4466,23.0000,60.0000,-0.4231,0.8966,1.1074,0.1926,2,0.215517
2025-W40,WEAKEST,560,2025-10-03 14:53:30,2025-10-03 14:57:28,SHORT,24991.7500,25011.7500,HARD_STOP,1,2,-120.0000,-600.0000,2994,31.0000,60.0000,0.2308,0.6667,1.4804,-0.1218,1,-0.089286
2025-W40,WEAKEST,561,2025-10-03 15:00:06,2025-10-03 15:01:55,SHORT,25014.0000,25004.0000,REVERSAL,0,1,40.0000,200.0000,1465,40.0000,13.0000,0.0385,1.0833,1.3417,-0.1971,0,-0.288462
2025-W40,WEAKEST,562,2025-10-03 15:08:51,2025-10-03 15:10:04,LONG,25001.7500,25012.0000,REVERSAL,0,1,41.0000,205.0000,528,41.0000,7.0000,0.0000,0.8077,0.9691,-0.2391,1,-0.096154
2025-W40,WEAKEST,563,2025-10-03 15:16:25,2025-10-03 15:33:50,LONG,25013.5000,25013.2500,REVERSAL,1,2,39.0000,195.0000,7601,19.5000,54.5000,0.9070,2.6875,1.5600,0.1163,1,0.303571
2025-W40,WEAKEST,564,2025-10-03 15:37:15,2025-10-03 15:38:30,SHORT,25020.7500,25010.2500,REVERSAL,0,1,42.0000,210.0000,780,42.0000,8.0000,-0.0476,1.0500,1.0250,0.0570,0,-0.013158
2025-W40,WEAKEST,565,2025-10-03 15:41:56,2025-10-03 15:44:28,SHORT,25023.2500,25013.2500,REVERSAL,0,1,40.0000,200.0000,1084,40.0000,10.0000,0.7000,0.3030,1.1828,-0.1566,0,-0.037500
2025-W40,WEAKEST,566,2025-10-03 15:48:29,2025-10-03 15:49:50,SHORT,25020.2500,25017.5000,EOD_FLATTEN,0,1,11.0000,55.0000,389,15.0000,6.0000,0.0000,0.8800,1.1344,0.0817,1,-0.053571
2025-W44,MID,2160,2025-10-27 09:31:03,2025-10-27 09:31:57,SHORT,25857.0000,25847.0000,REVERSAL,0,1,40.0000,200.0000,2753,40.0000,10.0000,0.0000,1.0455,0.7910,-0.2883,0,-1.750000
2025-W44,MID,2161,2025-10-27 09:32:36,2025-10-27 09:33:04,LONG,25835.5000,25845.5000,REVERSAL,0,1,40.0000,200.0000,1074,40.0000,13.0000,0.0278,1.6364,1.3420,0.0637,0,-0.583333
2025-W44,MID,2162,2025-10-27 09:33:12,2025-10-27 09:35:00,LONG,25841.0000,25821.0000,HARD_STOP,1,2,-120.0000,-600.0000,3400,37.0000,60.0000,-0.0256,1.6250,1.4441,0.1042,1,0.916667
2025-W44,MID,2163,2025-10-27 09:35:04,2025-10-27 09:35:56,LONG,25810.7500,25810.5000,REVERSAL,1,2,39.0000,195.0000,3265,20.0000,41.0000,0.1818,0.5238,1.6619,-0.1760,0,-2.250000
2025-W44,MID,2164,2025-10-27 09:35:56,2025-10-27 09:36:24,SHORT,25810.5000,25800.5000,REVERSAL,0,1,40.0000,200.0000,899,40.0000,3.0000,-0.2381,0.8077,0.7209,-0.1783,1,-0.625000
2025-W44,MID,2165,2025-10-27 09:39:18,2025-10-27 09:40:08,SHORT,25831.2500,25831.2500,REVERSAL,1,2,40.0000,200.0000,1262,20.0000,40.0000,1.0000,1.1739,1.1922,0.3534,2,0.545455
2025-W44,MID,2166,2025-10-27 09:41:38,2025-10-27 09:42:58,LONG,25825.5000,25825.5000,REVERSAL,1,2,40.0000,200.0000,2193,20.0000,40.0000,0.3448,0.7838,0.8324,0.1255,1,0.175000
2025-W44,MID,2167,2025-10-27 09:45:12,2025-10-27 09:45:37,SHORT,25844.0000,25834.0000,REVERSAL,0,1,40.0000,200.0000,476,40.0000,0.0000,0.0000,2.6154,1.6031,-0.2713,1,-0.722222
2025-W44,MID,2168,2025-10-27 09:50:20,2025-10-27 09:51:45,LONG,25817.2500,25827.2500,REVERSAL,0,1,40.0000,200.0000,1838,40.0000,35.0000,0.1053,0.6552,0.7419,-0.0651,0,-0.321429
2025-W44,MID,2169,2025-10-27 09:53:13,2025-10-27 09:56:26,SHORT,25840.0000,25840.0000,REVERSAL,1,2,40.0000,200.0000,3497,32.0000,40.0000,0.0000,0.6111,1.1237,-0.0876,0,-0.078947
2025-W44,MID,2170,2025-10-27 09:57:38,2025-10-27 10:01:33,SHORT,25847.2500,25867.2500,HARD_STOP,1,2,-120.0000,-600.0000,4443,21.0000,60.0000,0.1818,0.9167,0.8454,-0.1236,0,-0.214286
2025-W44,MID,2171,2025-10-27 10:04:10,2025-10-27 10:04:56,SHORT,25875.0000,25865.0000,REVERSAL,0,1,40.0000,200.0000,958,40.0000,3.0000,0.2308,0.6842,1.0207,-0.1386,0,-0.291667
2025-W44,MID,2172,2025-10-27 10:05:17,2025-10-27 10:05:56,SHORT,25874.2500,25864.2500,REVERSAL,0,1,40.0000,200.0000,573,40.0000,0.0000,0.0800,1.4706,1.0753,0.0301,1,-0.500000
2025-W44,MID,2173,2025-10-27 10:10:59,2025-10-27 10:11:49,LONG,25850.5000,25860.5000,REVERSAL,0,1,40.0000,200.0000,1268,40.0000,7.0000,0.0000,0.8214,1.0194,-0.3993,0,-1.000000
2025-W44,MID,2174,2025-10-27 10:13:10,2025-10-27 10:13:37,LONG,25852.0000,25862.0000,REVERSAL,0,1,40.0000,200.0000,415,40.0000,7.0000,0.1250,1.1034,1.4580,-0.2576,1,-0.687500
2025-W44,MID,2175,2025-10-27 10:20:11,2025-10-27 10:20:15,LONG,25825.7500,25835.7500,REVERSAL,0,1,40.0000,200.0000,339,40.0000,11.0000,0.3438,2.6667,1.6333,-0.3696,0,-2.250000
2025-W44,MID,2176,2025-10-27 10:20:44,2025-10-27 10:21:23,SHORT,25843.0000,25833.0000,REVERSAL,0,1,40.0000,200.0000,816,40.0000,6.0000,0.1667,0.3673,1.0003,-0.1937,1,-0.750000
2025-W44,MID,2177,2025-10-27 10:22:59,2025-10-27 10:24:36,LONG,25829.5000,25839.7500,REVERSAL,0,1,41.0000,205.0000,1478,41.0000,26.0000,0.6957,0.5000,1.4000,-0.0431,1,0.183333
2025-W44,MID,2178,2025-10-27 10:25:21,2025-10-27 10:27:08,SHORT,25844.2500,25834.2500,REVERSAL,0,1,40.0000,200.0000,1742,40.0000,9.0000,0.0000,1.0000,0.9600,-0.3180,1,-0.425000
2025-W44,MID,2179,2025-10-27 10:28:41,2025-10-27 10:32:03,SHORT,25862.0000,25862.0000,REVERSAL,1,2,40.0000,200.0000,3775,20.0000,40.0000,0.2000,0.5172,0.8163,0.1181,0,-0.107143
2025-W44,MID,2180,2025-10-27 10:33:20,2025-10-27 10:46:50,SHORT,25875.2500,25875.0000,REVERSAL,1,2,42.0000,210.0000,11238,21.0000,47.0000,0.6087,0.6970,1.2652,-0.5729,0,-2.500000
2025-W44,MID,2181,2025-10-27 10:49:29,2025-10-27 10:50:42,SHORT,25878.5000,25868.5000,REVERSAL,0,1,40.0000,200.0000,812,40.0000,2.0000,0.1724,1.2083,1.3100,-0.2348,1,-0.365385
2025-W44,MID,2182,2025-10-27 10:53:56,2025-10-27 10:54:40,LONG,25859.7500,25869.7500,REVERSAL,0,1,40.0000,200.0000,667,40.0000,3.0000,0.0909,1.1579,1.1727,-0.1752,0,-0.264706
2025-W44,MID,2183,2025-10-27 11:00:04,2025-10-27 11:04:08,SHORT,25867.5000,25887.5000,HARD_STOP,1,2,-120.0000,-600.0000,3536,22.0000,60.0000,0.3125,1.2308,1.1571,-0.2218,0,-2.625000
2025-W44,MID,2184,2025-10-27 11:13:17,2025-10-27 11:19:13,SHORT,25884.0000,25884.0000,REVERSAL,1,2,40.0000,200.0000,3846,20.0000,40.0000,1.0000,0.6667,1.0439,0.1692,2,0.171053
2025-W44,MID,2185,2025-10-27 11:39:47,2025-10-27 11:42:23,SHORT,25899.7500,25899.7500,REVERSAL,1,2,40.0000,200.0000,1762,20.0000,40.0000,0.1429,0.5185,1.2977,-0.1408,0,-0.036458
2025-W44,MID,2186,2025-10-27 11:54:52,2025-10-27 12:00:56,LONG,25889.2500,25899.2500,REVERSAL,0,1,40.0000,200.0000,3021,40.0000,5.0000,0.0833,0.6316,0.8436,-0.1502,0,-0.052632
2025-W44,MID,2187,2025-10-27 12:09:18,2025-10-27 12:20:52,SHORT,25908.0000,25898.0000,REVERSAL,0,1,40.0000,200.0000,3390,40.0000,10.0000,0.0000,1.1875,1.0938,0.1613,3,0.079268
2025-W44,MID,2188,2025-10-27 12:37:11,2025-10-27 13:12:03,LONG,25907.5000,25907.5000,REVERSAL,1,2,40.0000,200.0000,13972,39.0000,40.0000,0.0769,0.6500,0.7417,-0.1353,0,-0.111111
2025-W44,MID,2189,2025-10-27 13:42:37,2025-10-27 15:15:31,SHORT,25926.5000,25926.5000,REVERSAL,1,2,40.0000,200.0000,39543,28.0000,59.0000,0.0000,2.3846,1.6256,-0.7953,1,-2.333333
2025-W44,MID,2190,2025-10-28 09:30:14,2025-10-28 09:30:17,SHORT,26078.7500,26068.7500,REVERSAL,0,1,40.0000,200.0000,366,40.0000,1.0000,0.0000,1.0476,1.2238,-0.1273,1,-1.666667
2025-W44,MID,2191,2025-10-28 09:30:22,2025-10-28 09:30:28,LONG,26059.5000,26069.5000,REVERSAL,0,1,40.0000,200.0000,313,40.0000,1.0000,0.1429,2.5455,1.6520,-0.3436,0,-2.375000
2025-W44,MID,2192,2025-10-28 09:32:40,2025-10-28 09:32:50,LONG,26074.7500,26084.7500,REVERSAL,0,1,40.0000,200.0000,341,40.0000,10.0000,0.0000,1.1613,1.3187,-0.3136,0,-0.687500
2025-W44,MID,2193,2025-10-28 09:34:27,2025-10-28 09:35:24,LONG,26069.7500,26069.7500,REVERSAL,1,2,40.0000,200.0000,1776,33.0000,40.0000,0.0323,1.1071,1.0363,-0.0305,0,-0.285714
2025-W44,MID,2194,2025-10-28 09:36:52,2025-10-28 09:37:20,SHORT,26059.7500,26049.7500,REVERSAL,0,1,40.0000,200.0000,640,40.0000,21.0000,0.4074,0.7714,0.9326,0.2000,0,-0.357143
2025-W44,MID,2195,2025-10-28 09:37:59,2025-10-28 09:40:03,SHORT,26057.5000,26057.5000,REVERSAL,1,2,40.0000,200.0000,2800,32.0000,41.0000,-0.6842,0.9048,0.8024,-0.0672,1,-0.043478
2025-W44,MID,2196,2025-10-28 09:45:01,2025-10-28 09:46:16,SHORT,26077.7500,26067.7500,REVERSAL,0,1,40.0000,200.0000,1405,40.0000,13.0000,0.2174,1.1500,0.9917,-0.1769,1,-0.321429
2025-W44,MID,2197,2025-10-28 09:46:41,2025-10-28 09:47:13,SHORT,26074.2500,26064.2500,REVERSAL,0,1,40.0000,200.0000,353,40.0000,1.0000,-0.1562,1.0667,0.9619,-0.2933,2,-0.571429
2025-W44,MID,2198,2025-10-28 09:47:33,2025-10-28 09:49:21,LONG,26053.5000,26053.5000,REVERSAL,1,2,40.0000,200.0000,3179,33.0000,46.0000,0.0714,1.4737,1.2118,-0.2014,0,-0.875000
2025-W44,MID,2199,2025-10-28 09:51:05,2025-10-28 09:55:34,LONG,26037.0000,26047.0000,REVERSAL,0,1,40.0000,200.0000,5561,40.0000,30.0000,0.0000,1.0800,1.2753,-0.3579,0,-0.750000
2025-W44,MID,2200,2025-10-28 09:57:56,2025-10-28 09:58:41,LONG,26056.2500,26066.2500,REVERSAL,0,1,40.0000,200.0000,988,40.0000,7.0000,0.6667,0.7826,0.8020,-0.1939,0,-0.214286
2025-W44,MID,2201,2025-10-28 10:00:18,2025-10-28 10:00:44,SHORT,26074.0000,26064.0000,REVERSAL,0,1,40.0000,200.0000,539,40.0000,4.0000,0.1081,1.2759,1.0644,-0.4642,1,-0.916667
2025-W44,MID,2202,2025-10-28 10:06:03,2025-10-28 10:06:27,LONG,26060.2500,26070.2500,REVERSAL,0,1,40.0000,200.0000,470,40.0000,8.0000,0.8889,0.5625,1.3722,-0.4008,0,-0.125000
2025-W44,MID,2203,2025-10-28 10:06:58,2025-10-28 10:07:32,LONG,26057.2500,26067.2500,REVERSAL,0,1,40.0000,200.0000,316,40.0000,0.0000,0.1429,0.8974,0.8636,0.1711,1,-0.375000
2025-W44,MID,2204,2025-10-28 10:10:01,2025-10-28 10:16:54,SHORT,26067.7500,26057.7500,REVERSAL,0,1,40.0000,200.0000,4876,40.0000,31.0000,0.0714,0.5833,0.7202,-0.0714,1,-0.130952
2025-W44,MID,2205,2025-10-28 10:22:36,2025-10-28 10:23:13,SHORT,26063.2500,26053.0000,REVERSAL,0,1,41.0000,205.0000,603,41.0000,13.0000,0.7143,0.5000,1.0278,0.0037,0,-0.035714
2025-W44,MID,2206,2025-10-28 10:28:15,2025-10-28 10:30:46,LONG,26046.7500,26046.5000,REVERSAL,1,2,39.0000,195.0000,1990,20.0000,41.0000,0.2500,0.5714,0.8892,0.0646,2,-0.450000
2025-W44,MID,2207,2025-10-28 10:37:21,2025-10-28 10:39:03,SHORT,26050.5000,26040.5000,REVERSAL,0,1,40.0000,200.0000,1273,40.0000,6.0000,0.0625,0.7619,0.9060,-0.3475,0,-0.833333
2025-W44,MID,2208,2025-10-28 10:40:41,2025-10-28 10:44:51,LONG,26027.0000,26027.0000,REVERSAL,1,2,40.0000,200.0000,3642,20.0000,40.0000,1.0000,1.0417,0.9653,0.2481,2,0.321429
2025-W44,MID,2209,2025-10-28 10:50:33,2025-10-28 10:51:23,LONG,26024.5000,26034.5000,REVERSAL,0,1,40.0000,200.0000,641,40.0000,4.0000,0.3235,1.4783,1.1225,-0.0189,0,-0.550000
2025-W44,MID,2210,2025-10-28 10:54:16,2025-10-28 10:58:43,SHORT,26042.2500,26032.2500,REVERSAL,0,1,40.0000,200.0000,2762,40.0000,18.0000,0.0000,0.9000,1.1643,-0.3381,0,-0.250000
2025-W44,MID,2211,2025-10-28 11:05:04,2025-10-28 11:06:01,LONG,26033.7500,26043.7500,REVERSAL,0,1,40.0000,200.0000,391,40.0000,1.0000,0.1034,1.6111,1.3350,-0.2672,2,-0.275000
2025-W44,MID,2212,2025-10-28 11:18:13,2025-10-28 11:23:07,SHORT,26045.2500,26035.2500,REVERSAL,0,1,40.0000,200.0000,2049,40.0000,19.0000,0.4667,0.3659,1.0371,-0.1774,1,-0.068182
2025-W44,MID,2213,2025-10-28 11:26:25,2025-10-28 11:32:14,SHORT,26046.7500,26036.7500,REVERSAL,0,1,40.0000,200.0000,2834,40.0000,18.0000,0.1000,1.0000,1.4091,-0.0840,1,-0.033333
2025-W44,MID,2214,2025-10-28 11:41:20,2025-10-28 11:56:03,SHORT,26032.2500,26052.2500,HARD_STOP,1,2,-120.0000,-600.0000,6707,4.0000,60.0000,0.9130,0.7419,1.4043,0.2278,3,0.900000
2025-W44,MID,2215,2025-10-28 12:01:36,2025-10-28 12:13:53,SHORT,26073.5000,26073.5000,REVERSAL,1,2,40.0000,200.0000,8136,27.0000,40.0000,0.1000,0.5882,0.8254,-0.1374,0,-0.068182
2025-W44,MID,2216,2025-10-28 12:16:16,2025-10-28 12:22:00,SHORT,26079.7500,26069.7500,REVERSAL,0,1,40.0000,200.0000,2887,40.0000,8.0000,0.1250,0.6667,0.8788,-0.1301,1,-0.140625
2025-W44,MID,2217,2025-10-28 12:28:04,2025-10-28 12:30:45,SHORT,26092.2500,26112.2500,HARD_STOP,1,2,-120.0000,-600.0000,2569,15.0000,60.0000,0.6000,0.4545,0.5939,0.0970,2,0.138889
2025-W44,MID,2218,2025-10-28 12:30:55,2025-10-28 12:31:14,LONG,26128.0000,26128.2500,REVERSAL,1,2,42.0000,210.0000,2013,22.0000,43.0000,0.3514,0.7872,0.8936,-0.2190,0,-2.250000
2025-W44,MID,2219,2025-10-28 12:31:14,2025-10-28 12:31:18,SHORT,26128.2500,26118.2500,REVERSAL,0,1,40.0000,200.0000,264,40.0000,0.0000,-0.2308,0.7429,0.9017,-0.1111,0,-1.125000
2025-W44,MID,2220,2025-10-28 12:32:00,2025-10-28 12:32:02,LONG,26082.5000,26092.5000,REVERSAL,0,1,40.0000,200.0000,325,40.0000,5.0000,0.6136,0.8302,0.8969,-0.4740,0,-5.000000
2025-W44,MID,2221,2025-10-28 12:32:30,2025-10-28 12:33:25,SHORT,26111.0000,26100.7500,REVERSAL,0,1,41.0000,205.0000,1035,41.0000,17.0000,0.4615,0.4815,1.5907,-0.3622,0,-0.562500
2025-W44,MID,2222,2025-10-28 12:39:18,2025-10-28 12:40:53,SHORT,26109.5000,26099.5000,REVERSAL,0,1,40.0000,200.0000,1109,40.0000,15.0000,0.2353,0.5312,0.9929,-0.2085,0,-0.104167
2025-W44,MID,2223,2025-10-28 12:45:23,2025-10-28 12:50:00,SHORT,26120.7500,26120.7500,REVERSAL,1,2,40.0000,200.0000,3157,22.0000,40.0000,0.2308,1.1818,1.2020,-0.4257,1,-0.197368
2025-W44,MID,2224,2025-10-28 13:02:03,2025-10-28 13:06:59,SHORT,26125.7500,26115.7500,REVERSAL,0,1,40.0000,200.0000,1933,40.0000,7.0000,0.1852,1.2273,1.1136,-0.0803,0,-0.136364
2025-W44,MID,2225,2025-10-28 13:10:16,2025-10-28 13:10:39,LONG,26103.7500,26113.7500,REVERSAL,0,1,40.0000,200.0000,327,40.0000,1.0000,0.1379,1.9333,1.3614,-0.5901,0,-1.562500
2025-W44,MID,2226,2025-10-28 13:12:32,2025-10-28 13:15:50,SHORT,26129.0000,26119.0000,REVERSAL,0,1,40.0000,200.0000,3592,40.0000,35.0000,0.8000,1.3158,1.0537,0.1241,2,0.363636
2025-W44,MID,2227,2025-10-28 13:19:20,2025-10-28 13:19:47,LONG,26118.7500,26128.7500,REVERSAL,0,1,40.0000,200.0000,412,40.0000,3.0000,0.2069,1.4500,1.3132,-0.2126,0,-1.750000
2025-W44,MID,2228,2025-10-28 13:37:58,2025-10-28 13:39:38,SHORT,26150.2500,26140.2500,REVERSAL,0,1,40.0000,200.0000,1037,40.0000,2.0000,-0.0625,0.8421,1.0148,-0.3197,1,-0.068182
2025-W44,MID,2229,2025-10-28 13:59:22,2025-10-28 14:19:07,SHORT,26156.2500,26176.2500,HARD_STOP,1,2,-120.0000,-600.0000,9843,36.0000,60.0000,0.5000,1.1429,0.8307,-0.3774,0,-0.125000
2025-W44,MID,2230,2025-10-28 14:48:55,2025-10-28 14:50:31,LONG,26180.5000,26190.5000,REVERSAL,0,1,40.0000,200.0000,724,40.0000,6.0000,0.3000,0.4167,1.1314,-0.3432,1,-0.125000
2025-W44,MID,2231,2025-10-28 14:55:26,2025-10-28 14:59:07,LONG,26184.0000,26194.0000,REVERSAL,0,1,40.0000,200.0000,2101,40.0000,11.0000,0.2222,0.4500,1.3361,-0.1797,0,-0.013158
2025-W44,MID,2232,2025-10-28 15:00:26,2025-10-28 15:05:36,LONG,26186.7500,26196.7500,REVERSAL,0,1,40.0000,200.0000,3156,40.0000,27.0000,0.4615,0.3333,1.3137,-0.1440,1,-0.125000
2025-W44,MID,2233,2025-10-28 15:26:56,2025-10-28 15:30:23,SHORT,26220.7500,26220.7500,REVERSAL,1,2,40.0000,200.0000,3691,20.0000,40.0000,0.2000,0.5556,0.7515,-0.4134,0,-0.250000
2025-W44,MID,2234,2025-10-28 15:45:32,2025-10-28 15:49:50,LONG,26200.7500,26185.0000,EOD_FLATTEN,1,2,-83.0000,-415.0000,2849,8.0000,46.5000,0.9444,1.0000,1.1000,0.1070,3,0.147059
2025-W44,MID,2235,2025-10-29 09:31:58,2025-10-29 09:33:03,SHORT,26282.5000,26282.5000,REVERSAL,1,2,40.0000,200.0000,2886,29.0000,40.0000,0.5517,1.2083,0.9792,-0.2088,0,-0.562500
2025-W44,MID,2236,2025-10-29 09:33:47,2025-10-29 09:33:56,SHORT,26290.5000,26280.5000,REVERSAL,0,1,40.0000,200.0000,355,40.0000,1.0000,0.1176,1.3077,1.3381,-0.1294,2,-0.805556
2025-W44,MID,2237,2025-10-29 09:35:21,2025-10-29 09:38:55,LONG,26272.0000,26272.0000,REVERSAL,1,2,40.0000,200.0000,6750,25.0000,49.0000,0.0000,0.5769,0.7699,-0.0547,1,-0.285714
2025-W44,MID,2238,2025-10-29 09:40:06,2025-10-29 09:41:30,LONG,26266.2500,26276.2500,REVERSAL,0,1,40.0000,200.0000,2198,40.0000,18.0000,0.1429,0.6000,1.0000,-0.0625,1,-0.700000
2025-W44,MID,2239,2025-10-29 09:41:50,2025-10-29 09:45:02,LONG,26269.0000,26279.0000,REVERSAL,0,1,40.0000,200.0000,3016,40.0000,23.0000,-0.0909,0.7586,0.9163,-0.3603,1,-0.125000
2025-W44,MID,2240,2025-10-29 09:47:06,2025-10-29 09:47:54,SHORT,26287.0000,26277.0000,REVERSAL,0,1,40.0000,200.0000,1286,40.0000,12.0000,0.0000,0.8636,1.1193,-0.2119,0,-0.687500
2025-W44,MID,2241,2025-10-29 09:49:21,2025-10-29 09:50:23,SHORT,26281.0000,26271.0000,REVERSAL,0,1,40.0000,200.0000,1336,40.0000,12.0000,0.1739,0.8214,0.9292,-0.1094,0,-0.464286
2025-W44,MID,2242,2025-10-29 09:51:04,2025-10-29 09:51:19,LONG,26267.2500,26277.2500,REVERSAL,0,1,40.0000,200.0000,384,40.0000,0.0000,0.0000,2.2000,1.3586,-0.0775,1,-1.071429
2025-W44,MID,2243,2025-10-29 09:51:49,2025-10-29 09:52:42,LONG,26284.5000,26294.5000,REVERSAL,0,1,40.0000,200.0000,1001,40.0000,7.0000,0.4615,0.4643,0.8155,-0.2391,1,-0.156250
2025-W44,MID,2244,2025-10-29 09:57:23,2025-10-29 09:59:12,SHORT,26316.0000,26306.0000,REVERSAL,0,1,40.0000,200.0000,1790,40.0000,6.0000,0.0000,0.8000,0.9435,-0.3283,1,-0.791667
2025-W44,MID,2245,2025-10-29 09:59:12,2025-10-29 09:59:43,LONG,26306.0000,26316.0000,REVERSAL,0,1,40.0000,200.0000,563,40.0000,4.0000,-0.5455,0.4583,0.9350,-0.1254,0,-0.100000
2025-W44,MID,2246,2025-10-29 10:09:06,2025-10-29 10:10:03,LONG,26278.2500,26288.2500,REVERSAL,0,1,40.0000,200.0000,893,40.0000,19.0000,0.5625,0.5000,0.8654,-0.0347,2,-0.031250
2025-W44,MID,2247,2025-10-29 10:12:07,2025-10-29 10:12:16,LONG,26270.0000,26280.0000,REVERSAL,0,1,40.0000,200.0000,450,40.0000,19.0000,0.2903,0.8857,1.1159,-0.7186,0,-4.250000
2025-W44,MID,2248,2025-10-29 10:14:52,2025-10-29 10:16:21,LONG,26284.0000,26294.0000,REVERSAL,0,1,40.0000,200.0000,1044,40.0000,2.0000,0.1333,0.6977,2.1405,-0.1863,1,-0.350000
2025-W44,MID,2249,2025-10-29 10:17:31,2025-10-29 10:21:23,LONG,26285.0000,26295.0000,REVERSAL,0,1,40.0000,200.0000,3059,40.0000,36.0000,0.5294,0.5312,0.9929,0.0255,2,0.112500
2025-W44,MID,2250,2025-10-29 10:24:24,2025-10-29 10:25:46,SHORT,26292.0000,26282.0000,REVERSAL,0,1,40.0000,200.0000,619,40.0000,6.0000,0.3889,0.4737,1.1416,-0.1111,1,-0.148148
2025-W44,MID,2251,2025-10-29 10:27:57,2025-10-29 10:33:07,SHORT,26293.0000,26293.0000,REVERSAL,1,2,40.0000,200.0000,3963,21.0000,40.0000,0.6429,0.4667,0.7021,0.0611,1,0.071429
2025-W44,MID,2252,2025-10-29 10:46:23,2025-10-29 10:50:23,LONG,26270.7500,26250.7500,HARD_STOP,1,2,-120.0000,-600.0000,4378,33.0000,60.0000,0.1200,0.6098,1.5108,-0.5333,0,-1.312500
2025-W44,MID,2253,2025-10-29 10:52:10,2025-10-29 10:52:37,SHORT,26282.0000,26272.0000,REVERSAL,0,1,40.0000,200.0000,742,40.0000,0.0000,0.0500,0.8000,1.2333,-0.5101,0,-0.937500
2025-W44,MID,2254,2025-10-29 10:55:50,2025-10-29 11:01:41,LONG,26264.0000,26274.0000,REVERSAL,0,1,40.0000,200.0000,5043,40.0000,35.0000,0.0000,0.5714,1.1607,-0.0909,0,-0.250000
2025-W44,MID,2255,2025-10-29 11:19:19,2025-10-29 11:26:51,SHORT,26264.5000,26264.5000,REVERSAL,1,2,40.0000,200.0000,4605,20.0000,40.0000,0.3750,0.5517,1.0390,-0.1701,1,-0.192308
2025-W44,MID,2256,2025-10-29 11:30:20,2025-10-29 11:30:42,LONG,26247.0000,26257.0000,REVERSAL,0,1,40.0000,200.0000,415,40.0000,6.0000,0.0000,1.2500,1.3309,-0.1667,0,-0.328125
2025-W44,MID,2257,2025-10-29 11:31:30,2025-10-29 11:47:56,LONG,26249.0000,26229.0000,HARD_STOP,1,2,-120.0000,-600.0000,13660,19.0000,60.0000,0.6667,0.4773,0.8857,-0.0368,2,0.150000
2025-W44,MID,2258,2025-10-29 11:51:01,2025-10-29 11:52:24,LONG,26232.0000,26242.0000,REVERSAL,0,1,40.0000,200.0000,897,40.0000,2.0000,0.2000,1.3043,1.2272,-0.3741,0,-0.583333
2025-W44,MID,2259,2025-10-29 12:05:15,2025-10-29 12:06:16,LONG,26212.2500,26222.2500,REVERSAL,0,1,40.0000,200.0000,1170,40.0000,16.0000,0.3750,0.5333,0.9188,-0.2500,1,-0.562500
2025-W44,MID,2260,2025-10-29 12:07:56,2025-10-29 12:09:45,SHORT,26222.7500,26212.7500,REVERSAL,0,1,40.0000,200.0000,1586,40.0000,33.0000,0.6154,0.4643,0.9321,-0.3806,0,-0.039474
2025-W44,MID,2261,2025-10-29 12:12:52,2025-10-29 12:21:13,SHORT,26225.0000,26245.0000,HARD_STOP,1,2,-120.0000,-600.0000,4896,35.0000,60.0000,0.0417,0.8276,1.0729,-0.2043,1,-0.150000
2025-W44,MID,2262,2025-10-29 12:21:41,2025-10-29 12:23:37,LONG,26231.5000,26241.5000,REVERSAL,0,1,40.0000,200.0000,995,40.0000,6.0000,0.6786,1.1200,1.0064,-0.0758,0,-0.250000
2025-W44,MID,2263,2025-10-29 12:26:48,2025-10-29 12:36:30,SHORT,26254.7500,26244.7500,REVERSAL,0,1,40.0000,200.0000,4318,40.0000,11.0000,0.0000,0.8148,1.3717,-0.2819,0,-0.197368
2025-W44,MID,2264,2025-10-29 12:39:18,2025-10-29 12:48:35,SHORT,26250.0000,26250.0000,REVERSAL,1,2,40.0000,200.0000,4634,20.0000,46.0000,-0.1579,0.6129,1.2182,-0.1562,1,-0.041667
2025-W44,MID,2265,2025-10-29 12:57:29,2025-10-29 12:59:07,SHORT,26264.2500,26254.2500,REVERSAL,0,1,40.0000,200.0000,584,40.0000,0.0000,0.0833,0.5455,0.9602,-0.2085,1,-0.037037
2025-W44,MID,2266,2025-10-29 13:08:33,2025-10-29 13:19:08,SHORT,26260.5000,26250.5000,REVERSAL,0,1,40.0000,200.0000,3144,40.0000,31.0000,0.1667,0.7826,0.8705,0.1314,2,0.056034
2025-W44,MID,2267,2025-10-29 13:32:06,2025-10-29 13:35:04,LONG,26224.2500,26234.2500,REVERSAL,0,1,40.0000,200.0000,754,40.0000,5.0000,-0.0455,1.2222,1.0848,-0.2231,0,-0.110465
2025-W44,MID,2268,2025-10-29 13:48:45,2025-10-29 13:56:07,SHORT,26258.0000,26248.0000,REVERSAL,0,1,40.0000,200.0000,1922,40.0000,35.0000,0.4333,1.3043,1.0945,-0.2527,1,-0.052817
2025-W44,MID,2269,2025-10-29 13:58:28,2025-10-29 14:00:06,SHORT,26255.5000,26255.0000,REVERSAL,1,2,46.0000,230.0000,483,32.0000,42.0000,0.1220,1.3226,1.0918,-0.1019,1,-0.170213
2025-W44,MID,2270,2025-10-29 14:02:29,2025-10-29 14:02:51,SHORT,26271.2500,26261.2500,REVERSAL,0,1,40.0000,200.0000,287,40.0000,1.0000,0.0000,1.3333,1.3841,-0.1294,0,-0.500000
2025-W44,MID,2271,2025-10-29 14:03:32,2025-10-29 14:04:13,LONG,26235.2500,26235.0000,REVERSAL,1,2,39.0000,195.0000,536,32.0000,41.0000,0.4727,1.1224,0.8968,0.1000,2,0.346154
2025-W44,MID,2272,2025-10-29 14:05:22,2025-10-29 14:05:24,LONG,26210.5000,26220.5000,REVERSAL,0,1,40.0000,200.0000,106,40.0000,5.0000,0.6053,0.5588,0.9733,-0.1159,0,-0.650000
2025-W44,MID,2273,2025-10-29 14:05:24,2025-10-29 14:06:10,SHORT,26220.5000,26240.5000,HARD_STOP,1,2,-120.0000,-600.0000,879,34.0000,60.0000,-0.6579,0.5588,0.9733,0.1159,3,0.650000
2025-W44,MID,2274,2025-10-29 14:07:25,2025-10-29 14:08:30,SHORT,26238.2500,26258.5000,HARD_STOP,1,2,-122.0000,-610.0000,900,17.0000,61.0000,0.4412,0.8095,0.7548,-0.0000,1,-0.206522
2025-W44,MID,2275,2025-10-29 14:10:14,2025-10-29 14:10:58,LONG,26236.0000,26246.0000,REVERSAL,0,1,40.0000,200.0000,393,40.0000,16.0000,0.1163,1.3438,1.1567,-0.1793,0,-0.120370
2025-W44,MID,2276,2025-10-29 14:11:41,2025-10-29 14:12:42,SHORT,26249.5000,26239.2500,REVERSAL,0,1,41.0000,205.0000,408,41.0000,17.0000,0.0698,0.9348,1.0150,-0.0409,0,-0.059211
2025-W44,MID,2277,2025-10-29 14:13:01,2025-10-29 14:16:26,LONG,26230.2500,26230.2500,REVERSAL,1,2,40.0000,200.0000,1992,31.0000,50.0000,0.2308,0.6094,1.3714,-0.1986,0,-0.446429
2025-W44,MID,2278,2025-10-29 14:18:54,2025-10-29 14:20:03,SHORT,26254.0000,26244.0000,REVERSAL,0,1,40.0000,200.0000,458,40.0000,12.0000,0.3704,0.6000,0.9429,-0.1567,0,-0.020833
2025-W44,MID,2279,2025-10-29 14:20:34,2025-10-29 14:22:49,LONG,26234.2500,26234.2500,REVERSAL,1,2,40.0000,200.0000,1280,32.0000,40.0000,0.0606,1.0000,0.8587,-0.2795,1,-0.604167
2025-W44,MID,2280,2025-10-29 14:23:40,2025-10-29 14:23:47,LONG,26220.5000,26230.5000,REVERSAL,0,1,40.0000,200.0000,102,40.0000,0.0000,-0.0227,1.5172,1.1123,-0.2000,1,-0.337500
2025-W44,MID,2281,2025-10-29 14:23:47,2025-10-29 14:25:04,SHORT,26230.5000,26230.0000,REVERSAL,1,2,44.0000,220.0000,781,25.0000,40.0000,0.1136,1.5172,1.1123,0.2000,2,0.337500
2025-W44,MID,2282,2025-10-29 14:25:04,2025-10-29 14:25:38,LONG,26230.0000,26240.0000,REVERSAL,0,1,40.0000,200.0000,258,40.0000,16.0000,-0.8636,0.5116,0.6467,0.1396,3,0.190000
2025-W44,MID,2283,2025-10-29 14:28:40,2025-10-29 14:29:04,SHORT,26236.7500,26226.7500,REVERSAL,0,1,40.0000,200.0000,136,40.0000,6.0000,0.6897,0.5472,0.8257,-0.0469,2,0.012195
2025-W44,MID,2284,2025-10-29 14:29:04,2025-10-29 14:29:13,LONG,26226.7500,26236.7500,REVERSAL,0,1,40.0000,200.0000,99,40.0000,5.0000,-1.0690,0.5472,0.8257,0.0469,1,-0.012195
2025-W44,MID,2285,2025-10-29 14:29:13,2025-10-29 14:30:28,SHORT,26236.7500,26257.0000,HARD_STOP,1,2,-122.0000,-610.0000,711,1.0000,61.0000,0.6897,0.5472,0.8257,-0.0469,2,0.012195
2025-W44,MID,2286,2025-10-29 14:33:10,2025-10-29 14:34:28,SHORT,26270.0000,26270.0000,REVERSAL,1,2,40.0000,200.0000,1340,29.0000,40.0000,0.2778,0.9231,1.3479,-0.2937,0,-0.555556
2025-W44,MID,2287,2025-10-29 14:35:33,2025-10-29 14:35:34,LONG,26151.7500,26161.7500,REVERSAL,0,1,40.0000,200.0000,73,40.0000,0.0000,0.0000,0.5682,0.8868,-0.4374,1,-2.750000
2025-W44,MID,2288,2025-10-29 14:35:34,2025-10-29 14:35:34,SHORT,26161.7500,26151.7500,REVERSAL,0,1,40.0000,200.0000,260,40.0000,33.0000,0.2000,0.5682,0.8868,0.4374,2,2.750000
2025-W44,MID,2289,2025-10-29 14:35:47,2025-10-29 14:35:49,LONG,26161.7500,26172.7500,REVERSAL,0,1,44.0000,220.0000,133,44.0000,9.0000,0.2533,0.8242,1.4012,-0.0787,1,-6.250000
2025-W44,MID,2290,2025-10-29 14:35:49,2025-10-29 14:35:53,SHORT,26172.7500,26173.0000,REVERSAL,1,2,41.0000,205.0000,303,20.5000,43.0000,0.1600,0.8242,1.4012,0.0787,2,6.250000
2025-W44,MID,2291,2025-10-29 14:36:19,2025-10-29 14:36:21,LONG,26152.5000,26152.7500,REVERSAL,1,2,43.0000,215.0000,173,21.5000,41.0000,0.6441,0.6556,1.0536,-0.0741,3,0.750000
2025-W44,MID,2292,2025-10-29 14:36:21,2025-10-29 14:36:23,SHORT,26152.7500,26142.7500,REVERSAL,0,1,40.0000,200.0000,88,40.0000,38.0000,0.3390,0.6556,1.0536,0.0741,0,-0.750000
2025-W44,MID,2293,2025-10-29 14:36:47,2025-10-29 14:36:49,LONG,26120.0000,26130.0000,REVERSAL,0,1,40.0000,200.0000,140,40.0000,9.0000,0.0000,0.7128,1.0184,0.0286,1,-3.583333
2025-W44,MID,2294,2025-10-29 14:36:49,2025-10-29 14:36:57,SHORT,26130.0000,26150.0000,HARD_STOP,1,2,-120.0000,-600.0000,536,28.0000,60.0000,0.4030,0.7128,1.0184,-0.0286,2,3.583333
2025-W44,MID,2295,2025-10-29 14:37:00,2025-10-29 14:37:01,LONG,26148.7500,26159.7500,REVERSAL,0,1,44.0000,220.0000,32,44.0000,0.0000,-0.0282,0.7978,1.3663,-0.0551,2,-1.000000
2025-W44,MID,2296,2025-10-29 14:37:01,2025-10-29 14:37:01,SHORT,26159.7500,26149.5000,REVERSAL,0,1,41.0000,205.0000,29,41.0000,0.0000,0.4085,0.7978,1.3663,0.0551,1,1.000000
2025-W44,MID,2297,2025-10-29 14:37:01,2025-10-29 14:37:05,LONG,26149.5000,26160.5000,REVERSAL,0,1,44.0000,220.0000,225,44.0000,22.0000,0.0141,0.7978,1.3663,-0.0551,2,-1.000000
2025-W44,MID,2298,2025-10-29 14:37:42,2025-10-29 14:37:43,LONG,26115.0000,26125.0000,REVERSAL,0,1,40.0000,200.0000,65,40.0000,14.0000,0.4800,0.7732,1.1689,-0.4359,1,-5.250000
2025-W44,MID,2299,2025-10-29 14:37:43,2025-10-29 14:37:47,SHORT,26125.0000,26126.0000,REVERSAL,1,2,36.0000,180.0000,140,18.0000,44.0000,-0.0133,0.7732,1.1689,0.4359,2,5.250000
2025-W44,MID,2300,2025-10-29 14:37:47,2025-10-29 14:37:49,LONG,26126.0000,26136.0000,REVERSAL,0,1,40.0000,200.0000,88,40.0000,15.0000,1.0667,0.7732,1.1689,-0.4359,1,-5.250000
2025-W44,MID,2301,2025-10-29 14:38:37,2025-10-29 14:38:37,SHORT,26137.0000,26126.7500,REVERSAL,0,1,41.0000,205.0000,31,41.0000,1.0000,0.0145,1.2778,1.1389,-0.2481,0,-3.187500
2025-W44,MID,2302,2025-10-29 14:38:37,2025-10-29 14:38:48,LONG,26126.7500,26137.0000,REVERSAL,0,1,41.0000,205.0000,436,41.0000,27.0000,0.3913,1.2778,1.1389,0.2481,3,3.187500
2025-W44,MID,2303,2025-10-29 14:40:12,2025-10-29 14:40:20,LONG,26103.0000,26083.0000,HARD_STOP,1,2,-120.0000,-600.0000,322,23.0000,60.0000,0.9780,1.4677,1.2975,0.2336,3,2.166667
2025-W44,MID,2304,2025-10-29 14:41:25,2025-10-29 14:41:32,LONG,26055.0000,26065.5000,REVERSAL,0,1,42.0000,210.0000,275,42.0000,23.0000,0.2667,0.6466,0.9212,0.0855,0,-0.541667
2025-W44,MID,2305,2025-10-29 14:43:40,2025-10-29 14:43:40,SHORT,26129.0000,26119.0000,REVERSAL,0,1,40.0000,200.0000,65,40.0000,3.0000,0.4423,0.6047,1.1623,-0.1955,0,-1.083333
2025-W44,MID,2306,2025-10-29 14:43:40,2025-10-29 14:43:45,LONG,26119.0000,26130.0000,REVERSAL,0,1,44.0000,220.0000,227,44.0000,28.0000,-0.2115,0.6047,1.1623,0.1955,3,1.083333
2025-W44,MID,2307,2025-10-29 14:43:58,2025-10-29 14:44:05,LONG,26105.5000,26116.5000,REVERSAL,0,1,44.0000,220.0000,249,44.0000,11.0000,0.1897,1.1154,1.2419,-0.1440,0,-2.100000
2025-W44,MID,2308,2025-10-29 14:44:05,2025-10-29 14:44:06,SHORT,26116.5000,26105.0000,REVERSAL,0,1,46.0000,230.0000,51,46.0000,2.0000,0.0517,1.1154,1.2419,0.1440,3,2.100000
2025-W44,MID,2309,2025-10-29 14:44:36,2025-10-29 14:44:40,LONG,26067.5000,26077.5000,REVERSAL,0,1,40.0000,200.0000,245,40.0000,1.0000,0.1923,0.7761,0.6381,-0.1137,0,-1.041667
2025-W44,MID,2310,2025-10-29 14:44:40,2025-10-29 14:45:00,SHORT,26077.5000,26067.2500,REVERSAL,0,1,41.0000,205.0000,769,41.0000,35.0000,0.0385,0.7761,0.6381,0.1137,3,1.041667
2025-W44,MID,2311,2025-10-29 14:45:00,2025-10-29 14:45:05,LONG,26067.2500,26077.2500,REVERSAL,0,1,40.0000,200.0000,197,40.0000,25.0000,-0.1600,1.0000,0.9167,-0.1709,2,-1.000000
2025-W44,MID,2312,2025-10-29 14:45:05,2025-10-29 14:45:09,SHORT,26077.2500,26097.2500,HARD_STOP,1,2,-120.0000,-600.0000,179,8.0000,60.0000,0.3600,1.0000,0.9167,0.1709,1,1.000000
2025-W44,MID,2313,2025-10-29 14:45:50,2025-10-29 14:46:19,LONG,26111.7500,26112.0000,REVERSAL,1,2,42.0000,210.0000,946,30.0000,59.0000,0.2105,0.5588,1.5233,0.3187,2,0.250000
2025-W44,MID,2314,2025-10-29 14:46:23,2025-10-29 14:46:24,SHORT,26120.0000,26109.7500,REVERSAL,0,1,41.0000,205.0000,81,41.0000,1.0000,-0.1951,1.2059,1.0687,-0.2975,2,-1.666667
2025-W44,MID,2315,2025-10-29 14:46:24,2025-10-29 14:46:35,LONG,26109.7500,26109.7500,REVERSAL,1,2,40.0000,200.0000,263,20.0000,40.0000,0.6951,1.2059,1.0687,0.2975,1,1.666667
2025-W44,MID,2316,2025-10-29 14:49:29,2025-10-29 14:49:34,LONG,26108.7500,26118.7500,REVERSAL,0,1,40.0000,200.0000,84,40.0000,0.0000,0.0000,1.4364,1.1690,-0.2669,1,-1.916667
2025-W44,MID,2317,2025-10-29 14:49:34,2025-10-29 14:49:46,SHORT,26118.7500,26120.5000,REVERSAL,1,2,34.0000,170.0000,232,23.0000,48.0000,0.4937,1.4364,1.1690,0.2669,2,1.916667
2025-W44,MID,2318,2025-10-29 14:50:22,2025-10-29 14:50:24,SHORT,26172.5000,26162.5000,REVERSAL,0,1,40.0000,200.0000,160,40.0000,1.0000,0.5789,0.5588,0.7946,-0.1698,1,-0.562500
2025-W44,MID,2319,2025-10-29 14:50:24,2025-10-29 14:50:39,LONG,26162.5000,26172.5000,REVERSAL,0,1,40.0000,200.0000,500,40.0000,38.0000,-0.6316,0.5588,0.7946,0.1698,2,0.562500
2025-W44,MID,2320,2025-10-29 14:50:39,2025-10-29 14:50:54,SHORT,26172.5000,26162.5000,REVERSAL,0,1,40.0000,200.0000,738,40.0000,23.0000,-0.1552,1.0000,1.2632,0.0403,2,1.218750
2025-W44,MID,2321,2025-10-29 14:51:46,2025-10-29 14:51:48,SHORT,26190.0000,26180.0000,REVERSAL,0,1,40.0000,200.0000,244,40.0000,20.0000,0.2727,0.9167,0.7311,-0.3703,0,
2025-W44,MID,2322,2025-10-29 14:51:48,2025-10-29 14:52:01,LONG,26180.0000,26190.0000,REVERSAL,0,1,40.0000,200.0000,398,40.0000,20.0000,0.0000,0.9167,0.7311,0.3703,3,
2025-W44,MID,2323,2025-10-29 14:52:30,2025-10-29 14:52:44,LONG,26177.0000,26187.2500,REVERSAL,0,1,41.0000,205.0000,252,41.0000,21.0000,0.0000,0.3659,1.2079,-0.1341,1,-0.625000
2025-W44,MID,2324,2025-10-29 14:55:16,2025-10-29 14:55:22,SHORT,26211.0000,26201.0000,REVERSAL,0,1,40.0000,200.0000,176,40.0000,9.0000,0.3966,1.0943,1.0204,-0.2168,0,-1.000000
2025-W44,MID,2325,2025-10-29 14:55:22,2025-10-29 14:55:30,LONG,26201.0000,26212.0000,REVERSAL,0,1,44.0000,220.0000,178,44.0000,4.0000,-0.0862,1.0943,1.0204,0.2168,3,1.000000
2025-W44,MID,2326,2025-10-29 14:55:38,2025-10-29 14:55:46,SHORT,26222.5000,26212.2500,REVERSAL,0,1,41.0000,205.0000,356,41.0000,22.0000,0.2174,0.6667,0.9843,-0.1119,1,-1.200000
2025-W44,MID,2327,2025-10-29 14:55:51,2025-10-29 14:56:01,SHORT,26218.7500,26208.5000,REVERSAL,0,1,41.0000,205.0000,346,41.0000,28.0000,0.0000,0.8333,0.9384,0.1086,2,0.500000
2025-W44,MID,2328,2025-10-29 14:56:18,2025-10-29 14:56:26,LONG,26194.5000,26205.0000,REVERSAL,0,1,42.0000,210.0000,188,42.0000,4.0000,0.0000,1.1905,0.9702,-0.2538,0,-0.900000
2025-W44,MID,2329,2025-10-29 14:56:26,2025-10-29 14:56:33,SHORT,26205.0000,26195.0000,REVERSAL,0,1,40.0000,200.0000,178,40.0000,15.0000,0.1600,1.1905,0.9702,0.2538,3,0.900000
2025-W44,MID,2330,2025-10-29 14:57:54,2025-10-29 14:58:01,SHORT,26210.0000,26199.5000,REVERSAL,0,1,42.0000,210.0000,272,42.0000,9.0000,0.5714,1.5909,1.2444,-0.5278,0,
2025-W44,MID,2331,2025-10-29 14:59:40,2025-10-29 14:59:45,LONG,26179.0000,26189.0000,REVERSAL,0,1,40.0000,200.0000,87,40.0000,14.0000,0.4737,1.0704,1.5793,0.0233,0,-0.500000
2025-W44,MID,2332,2025-10-29 14:59:45,2025-10-29 15:00:23,SHORT,26189.0000,26209.0000,HARD_STOP,1,2,-120.0000,-600.0000,1016,21.0000,60.0000,0.0000,1.0704,1.5793,-0.0233,3,0.500000
2025-W44,MID,2333,2025-10-29 15:00:38,2025-10-29 15:00:56,SHORT,26209.5000,26199.2500,REVERSAL,0,1,41.0000,205.0000,377,41.0000,15.0000,0.3750,0.9231,1.0662,0.1970,1,0.194444
2025-W44,MID,2334,2025-10-29 15:05:29,2025-10-29 15:05:37,SHORT,26171.7500,26161.2500,REVERSAL,0,1,42.0000,210.0000,193,42.0000,7.0000,0.1795,1.2188,1.0360,-0.4862,0,-1.093750
2025-W44,MID,2335,2025-10-29 15:05:37,2025-10-29 15:05:53,LONG,26161.2500,26171.2500,REVERSAL,0,1,40.0000,200.0000,299,40.0000,24.0000,0.2821,1.2188,1.0360,0.4862,3,1.093750
2025-W44,MID,2336,2025-10-29 15:06:23,2025-10-29 15:06:54,SHORT,26187.7500,26177.0000,REVERSAL,0,1,43.0000,215.0000,585,43.0000,37.0000,0.4630,1.0800,0.9246,0.0038,2,0.312500
2025-W44,MID,2337,2025-10-29 15:08:00,2025-10-29 15:08:22,SHORT,26208.5000,26198.0000,REVERSAL,0,1,42.0000,210.0000,451,42.0000,21.0000,0.4848,0.6111,0.6704,0.1511,1,0.015625
2025-W44,MID,2338,2025-10-29 15:09:31,2025-10-29 15:09:34,SHORT,26208.0000,26198.0000,REVERSAL,0,1,40.0000,200.0000,80,40.0000,0.0000,0.2500,0.7719,1.0055,-0.1615,0,-0.406250
2025-W44,MID,2339,2025-10-29 15:09:34,2025-10-29 15:10:39,LONG,26198.0000,26198.2500,REVERSAL,1,2,42.0000,210.0000,824,32.0000,50.0000,-0.1591,0.7719,1.0055,0.1615,3,0.406250
2025-W44,MID,2340,2025-10-29 15:13:05,2025-10-29 15:13:07,LONG,26187.7500,26199.0000,REVERSAL,0,1,45.0000,225.0000,70,45.0000,6.0000,0.1569,0.8226,0.9551,-0.1908,0,-0.613636
2025-W44,MID,2341,2025-10-29 15:13:07,2025-10-29 15:13:28,SHORT,26199.0000,26188.7500,REVERSAL,0,1,41.0000,205.0000,241,41.0000,15.0000,-0.0392,0.8226,0.9551,0.1908,3,0.613636
2025-W44,MID,2342,2025-10-29 15:19:44,2025-10-29 15:20:01,SHORT,26202.7500,26192.7500,REVERSAL,0,1,40.0000,200.0000,207,40.0000,0.0000,0.3824,0.6296,1.1330,-0.1295,0,-0.294118
2025-W44,MID,2343,2025-10-29 15:20:01,2025-10-29 15:20:51,LONG,26192.7500,26193.2500,REVERSAL,1,2,44.0000,220.0000,895,25.0000,47.0000,-0.5588,0.6296,1.1330,0.1295,3,0.294118
2025-W44,MID,2344,2025-10-29 15:21:33,2025-10-29 15:21:42,LONG,26185.5000,26195.7500,REVERSAL,0,1,41.0000,205.0000,65,41.0000,0.0000,-0.0339,1.5128,0.9260,-0.0394,1,-0.776316
2025-W44,MID,2345,2025-10-29 15:21:42,2025-10-29 15:22:06,SHORT,26195.7500,26216.0000,HARD_STOP,1,2,-121.0000,-605.0000,451,4.0000,60.5000,0.3390,1.5128,0.9260,0.0394,2,0.776316
2025-W44,MID,2346,2025-10-29 15:22:14,2025-10-29 15:22:22,SHORT,26232.7500,26222.5000,REVERSAL,0,1,41.0000,205.0000,214,41.0000,2.0000,0.1923,1.0196,0.9909,-0.5354,0,-3.083333
2025-W44,MID,2347,2025-10-29 15:22:22,2025-10-29 15:23:21,LONG,26222.5000,26201.7500,HARD_STOP,1,2,-124.0000,-620.0000,1140,34.0000,62.0000,0.0192,1.0196,0.9909,0.5354,3,3.083333
2025-W44,MID,2348,2025-10-29 15:26:20,2025-10-29 15:26:46,SHORT,26227.0000,26227.0000,REVERSAL,1,2,40.0000,200.0000,381,20.0000,40.0000,0.8605,1.2286,1.3143,0.1908,3,0.535714
2025-W44,MID,2349,2025-10-29 15:29:21,2025-10-29 15:29:26,LONG,26192.0000,26202.0000,REVERSAL,0,1,40.0000,200.0000,73,40.0000,7.0000,0.2500,1.4737,1.2646,-0.1254,2,-0.875000
2025-W44,MID,2350,2025-10-29 15:29:26,2025-10-29 15:29:49,SHORT,26202.0000,26192.0000,REVERSAL,0,1,40.0000,200.0000,348,40.0000,15.0000,0.0357,1.4737,1.2646,0.1254,1,0.875000
2025-W44,MID,2351,2025-10-29 15:32:03,2025-10-29 15:33:47,LONG,26190.7500,26170.7500,HARD_STOP,1,2,-120.0000,-600.0000,1383,15.0000,60.0000,0.8571,0.4468,0.6217,0.0435,1,0.083333
2025-W44,MID,2352,2025-10-29 15:34:12,2025-10-29 15:34:15,LONG,26163.5000,26173.7500,REVERSAL,0,1,41.0000,205.0000,69,41.0000,0.0000,0.2222,0.5192,0.7694,-0.4485,0,-1.062500
2025-W44,MID,2353,2025-10-29 15:34:15,2025-10-29 15:35:09,SHORT,26173.7500,26173.7500,REVERSAL,1,2,40.0000,200.0000,712,20.0000,40.0000,-0.7407,0.5192,0.7694,0.4485,3,1.062500
2025-W44,MID,2354,2025-10-29 15:38:30,2025-10-29 15:39:00,SHORT,26206.2500,26196.2500,REVERSAL,0,1,40.0000,200.0000,403,40.0000,10.0000,0.1591,0.9362,1.1593,-0.1942,0,-0.840909
2025-W44,MID,2355,2025-10-29 15:40:17,2025-10-29 15:40:36,SHORT,26218.7500,26208.7500,REVERSAL,0,1,40.0000,200.0000,319,40.0000,1.0000,0.0833,1.2857,1.1614,-0.0113,0,-0.500000
2025-W44,MID,2356,2025-10-29 15:41:03,2025-10-29 15:41:11,LONG,26196.0000,26206.0000,REVERSAL,0,1,40.0000,200.0000,185,40.0000,4.0000,0.2857,1.0889,1.2944,0.0251,0,-0.553571
2025-W44,MID,2357,2025-10-29 15:41:11,2025-10-29 15:41:50,SHORT,26206.0000,26196.0000,REVERSAL,0,1,40.0000,200.0000,589,40.0000,36.0000,-0.1020,1.0889,1.2944,-0.0251,3,0.553571
2025-W44,MID,2358,2025-10-29 15:42:48,2025-10-29 15:43:01,LONG,26169.2500,26179.2500,REVERSAL,0,1,40.0000,200.0000,260,40.0000,4.0000,0.0435,1.0455,1.1173,-0.2308,0,-0.483333
2025-W44,MID,2359,2025-10-29 15:48:30,2025-10-29 15:49:50,SHORT,26229.2500,26221.7500,EOD_FLATTEN,0,1,30.0000,150.0000,1209,33.0000,36.0000,0.0800,0.4167,1.1458,-0.4152,1,-0.718750
2025-W44,MID,2360,2025-10-30 09:30:26,2025-10-30 09:30:58,LONG,26083.7500,26083.7500,REVERSAL,1,2,40.0000,200.0000,2388,34.0000,40.0000,0.6857,0.8537,1.1102,-0.1029,0,-1.125000
2025-W44,MID,2361,2025-10-30 09:31:03,2025-10-30 09:31:15,LONG,26081.5000,26081.2500,REVERSAL,1,2,39.0000,195.0000,723,19.5000,41.0000,0.4098,1.7429,1.3714,0.5643,2,2.750000
2025-W44,MID,2362,2025-10-30 09:31:15,2025-10-30 09:32:05,SHORT,26081.2500,26080.5000,REVERSAL,1,2,46.0000,230.0000,2305,25.0000,42.0000,0.2000,2.2222,1.3924,0.1903,3,1.125000
2025-W44,MID,2363,2025-10-30 09:33:06,2025-10-30 09:33:39,LONG,26066.0000,26066.0000,REVERSAL,1,2,40.0000,200.0000,1532,33.0000,40.0000,0.1481,1.0000,0.7700,-0.0496,0,-0.250000
2025-W44,MID,2364,2025-10-30 09:34:08,2025-10-30 09:34:25,SHORT,26068.5000,26058.5000,REVERSAL,0,1,40.0000,200.0000,526,40.0000,10.0000,0.1081,1.1935,0.9942,-0.0538,0,-0.428571
2025-W44,MID,2365,2025-10-30 09:34:54,2025-10-30 09:35:55,LONG,26046.5000,26026.5000,HARD_STOP,1,2,-120.0000,-600.0000,2833,15.0000,60.0000,0.1613,0.9688,1.1244,-0.1232,0,-1.625000
2025-W44,MID,2366,2025-10-30 09:36:03,2025-10-30 09:36:36,LONG,26015.5000,25995.5000,HARD_STOP,1,2,-120.0000,-600.0000,1678,38.0000,60.0000,0.1154,0.7027,0.8955,-0.0882,0,-1.916667
2025-W44,MID,2367,2025-10-30 09:36:59,2025-10-30 09:37:11,LONG,25981.7500,25991.7500,REVERSAL,0,1,40.0000,200.0000,757,40.0000,16.0000,0.1500,0.7692,0.7909,-0.1274,0,-0.291667
2025-W44,MID,2368,2025-10-30 09:37:22,2025-10-30 09:38:26,LONG,25983.0000,25963.0000,HARD_STOP,1,2,-120.0000,-600.0000,3151,21.0000,60.0000,0.8438,0.8421,1.1518,-0.0391,1,-0.375000
2025-W44,MID,2369,2025-10-30 09:38:30,2025-10-30 09:38:48,SHORT,25967.2500,25957.2500,REVERSAL,0,1,40.0000,200.0000,706,40.0000,18.0000,0.2703,0.9024,1.4274,0.1717,3,0.500000
2025-W44,MID,2370,2025-10-30 09:40:53,2025-10-30 09:40:56,LONG,25942.5000,25952.7500,REVERSAL,0,1,41.0000,205.0000,176,41.0000,1.0000,0.0000,1.5882,1.5025,-0.1701,1,-1.785714
2025-W44,MID,2371,2025-10-30 09:40:56,2025-10-30 09:41:12,SHORT,25952.7500,25973.0000,HARD_STOP,1,2,-122.0000,-610.0000,978,7.0000,61.0000,0.2407,1.5882,1.5025,0.1701,2,1.785714
2025-W44,MID,2372,2025-10-30 09:41:56,2025-10-30 09:42:05,LONG,25953.7500,25964.2500,REVERSAL,0,1,42.0000,210.0000,417,42.0000,24.0000,0.5200,0.5319,1.0003,0.1144,1,0.035714
2025-W44,MID,2373,2025-10-30 09:42:55,2025-10-30 09:43:10,SHORT,25968.2500,25988.2500,HARD_STOP,1,2,-120.0000,-600.0000,866,0.0000,60.0000,1.0000,1.0741,1.0770,0.1042,1,1.750000
2025-W44,MID,2374,2025-10-30 09:44:52,2025-10-30 09:44:54,LONG,25974.2500,25984.2500,REVERSAL,0,1,40.0000,200.0000,369,40.0000,9.0000,0.2593,0.7105,0.8076,0.4304,2,
2025-W44,MID,2375,2025-10-30 09:47:25,2025-10-30 09:47:44,SHORT,26027.0000,26017.0000,REVERSAL,0,1,40.0000,200.0000,665,40.0000,32.0000,0.7419,0.8857,1.1720,0.0233,3,0.425000
2025-W44,MID,2376,2025-10-30 09:50:00,2025-10-30 09:50:11,SHORT,26054.2500,26074.2500,HARD_STOP,1,2,-120.0000,-600.0000,656,3.0000,60.0000,0.9730,1.4800,1.1710,0.1873,2,0.833333
2025-W44,MID,2377,2025-10-30 09:50:45,2025-10-30 09:51:36,SHORT,26102.2500,26102.2500,REVERSAL,1,2,40.0000,200.0000,2227,27.0000,40.0000,0.1935,1.0000,1.0741,-0.1367,0,-0.541667
2025-W44,MID,2378,2025-10-30 09:51:42,2025-10-30 09:52:05,LONG,26096.5000,26106.7500,REVERSAL,0,1,41.0000,205.0000,557,41.0000,4.0000,0.2453,1.6562,1.3996,-0.1324,0,-1.187500
2025-W44,MID,2379,2025-10-30 09:52:53,2025-10-30 09:53:06,SHORT,26118.5000,26108.5000,REVERSAL,0,1,40.0000,200.0000,697,40.0000,14.0000,0.3333,0.6316,1.0466,-0.0511,1,-1.000000
2025-W44,MID,2380,2025-10-30 09:53:28,2025-10-30 09:53:50,LONG,26106.5000,26116.5000,REVERSAL,0,1,40.0000,200.0000,593,40.0000,16.0000,0.8148,1.0385,0.7845,-0.1450,1,-0.250000
2025-W44,MID,2381,2025-10-30 09:55:36,2025-10-30 09:55:41,SHORT,26136.5000,26126.5000,REVERSAL,0,1,40.0000,200.0000,207,40.0000,11.0000,0.3182,0.8302,1.0776,-0.2491,1,-0.916667
2025-W44,MID,2382,2025-10-30 09:55:41,2025-10-30 09:56:14,LONG,26126.5000,26136.5000,REVERSAL,0,1,40.0000,200.0000,771,40.0000,36.0000,-0.2273,0.8302,1.0776,0.2491,2,0.916667
2025-W44,MID,2383,2025-10-30 09:56:25,2025-10-30 09:56:31,SHORT,26139.7500,26129.5000,REVERSAL,0,1,41.0000,205.0000,221,41.0000,1.0000,-0.1111,1.0000,0.9286,-0.0078,0,-0.375000
2025-W44,MID,2384,2025-10-30 09:57:02,2025-10-30 09:57:28,SHORT,26130.0000,26120.0000,REVERSAL,0,1,40.0000,200.0000,652,40.0000,21.0000,-0.1765,0.7556,1.0206,0.0980,3,0.300000
2025-W44,MID,2385,2025-10-30 09:58:14,2025-10-30 09:58:19,SHORT,26140.0000,26129.2500,REVERSAL,0,1,43.0000,215.0000,228,43.0000,2.0000,0.0000,1.1591,0.9129,-0.3099,0,-1.068182
2025-W44,MID,2386,2025-10-30 09:58:19,2025-10-30 09:58:40,LONG,26129.2500,26139.2500,REVERSAL,0,1,40.0000,200.0000,500,40.0000,15.0000,0.1569,1.1591,0.9129,0.3099,2,1.068182
2025-W44,MID,2387,2025-10-30 10:00:58,2025-10-30 10:01:25,SHORT,26154.5000,26144.5000,REVERSAL,0,1,40.0000,200.0000,959,40.0000,32.0000,1.0000,1.1316,1.0408,-0.1111,3,0.958333
2025-W44,MID,2388,2025-10-30 10:01:52,2025-10-30 10:02:07,SHORT,26154.0000,26144.0000,REVERSAL,0,1,40.0000,200.0000,242,40.0000,2.0000,0.1148,1.7941,1.2304,-0.1406,1,-0.968750
2025-W44,MID,2389,2025-10-30 10:02:07,2025-10-30 10:02:26,LONG,26144.0000,26123.7500,HARD_STOP,1,2,-120.0000,-600.0000,597,9.0000,60.0000,0.2295,1.7941,1.2304,0.1406,2,0.968750
2025-W44,MID,2390,2025-10-30 10:02:43,2025-10-30 10:02:53,SHORT,26134.5000,26134.5000,REVERSAL,1,2,40.0000,200.0000,179,20.0000,40.0000,0.2656,1.8824,1.1876,-0.1679,1,-0.875000
2025-W44,MID,2391,2025-10-30 10:02:53,2025-10-30 10:03:00,LONG,26134.5000,26134.5000,REVERSAL,1,2,40.0000,200.0000,205,20.0000,40.0000,0.7344,1.8824,1.1876,0.1679,1,0.875000
2025-W44,MID,2392,2025-10-30 10:05:32,2025-10-30 10:05:53,SHORT,26134.5000,26154.7500,HARD_STOP,1,2,-120.0000,-600.0000,855,24.0000,60.0000,0.0000,0.3976,0.9399,-0.0651,0,-1.050000
2025-W44,MID,2393,2025-10-30 10:06:43,2025-10-30 10:07:06,LONG,26126.7500,26136.7500,REVERSAL,0,1,40.0000,200.0000,534,40.0000,12.0000,0.0732,1.1081,0.9477,0.0155,0,-0.480769
2025-W44,MID,2394,2025-10-30 10:08:31,2025-10-30 10:08:50,LONG,26131.2500,26111.0000,HARD_STOP,1,2,-121.0000,-605.0000,552,8.0000,60.5000,0.8750,1.8824,1.1389,0.0558,2,0.781250
2025-W44,MID,2395,2025-10-30 10:09:09,2025-10-30 10:09:33,LONG,26094.0000,26094.0000,REVERSAL,1,2,40.0000,200.0000,1214,29.0000,40.0000,0.1250,0.9143,1.0606,-0.1970,0,-0.464286
2025-W44,MID,2396,2025-10-30 10:10:39,2025-10-30 10:11:10,LONG,26078.2500,26088.2500,REVERSAL,0,1,40.0000,200.0000,1216,40.0000,37.0000,0.7727,0.6875,0.6771,0.1235,2,1.750000
2025-W44,MID,2397,2025-10-30 10:11:20,2025-10-30 10:11:26,LONG,26078.7500,26088.7500,REVERSAL,0,1,40.0000,200.0000,253,40.0000,17.0000,0.4444,2.0571,1.6320,0.2090,1,1.968750
2025-W44,MID,2398,2025-10-30 10:13:02,2025-10-30 10:13:03,LONG,26065.0000,26075.0000,REVERSAL,0,1,40.0000,200.0000,91,40.0000,6.0000,0.2414,0.5088,0.8360,-0.2852,1,-2.625000
2025-W44,MID,2399,2025-10-30 10:13:03,2025-10-30 10:13:15,SHORT,26075.0000,26065.0000,REVERSAL,0,1,40.0000,200.0000,234,40.0000,2.0000,-0.6207,0.5088,0.8360,0.2852,2,2.625000
2025-W44,MID,2400,2025-10-30 10:15:46,2025-10-30 10:16:00,LONG,26078.0000,26088.0000,REVERSAL,0,1,40.0000,200.0000,317,40.0000,13.0000,0.2742,0.8611,1.2306,-0.3037,0,-0.700000
2025-W44,MID,2401,2025-10-30 10:16:14,2025-10-30 10:16:58,LONG,26086.7500,26066.7500,HARD_STOP,1,2,-120.0000,-600.0000,896,32.0000,60.0000,0.2727,1.2791,0.9863,0.0284,2,0.681818
2025-W44,MID,2402,2025-10-30 10:17:04,2025-10-30 10:17:07,LONG,26058.5000,26068.5000,REVERSAL,0,1,40.0000,200.0000,261,40.0000,18.0000,0.1786,1.3659,1.1286,-0.3446,0,-0.916667
2025-W44,MID,2403,2025-10-30 10:18:52,2025-10-30 10:19:00,SHORT,26082.2500,26072.2500,REVERSAL,0,1,40.0000,200.0000,244,40.0000,0.0000,0.1400,1.1111,1.1043,-0.5152,0,-5.250000
2025-W44,MID,2404,2025-10-30 10:19:00,2025-10-30 10:19:48,LONG,26072.2500,26052.0000,HARD_STOP,1,2,-121.0000,-605.0000,954,7.5000,60.5000,0.0600,1.1111,1.1043,0.5152,3,5.250000
2025-W44,MID,2405,2025-10-30 10:20:19,2025-10-30 10:20:31,SHORT,26054.0000,26043.2500,REVERSAL,0,1,43.0000,215.0000,257,43.0000,8.0000,0.0000,0.6939,1.0469,-0.0627,1,-0.812500
2025-W44,MID,2406,2025-10-30 10:21:29,2025-10-30 10:21:42,SHORT,26074.7500,26064.2500,REVERSAL,0,1,42.0000,210.0000,336,42.0000,13.0000,-0.0625,0.7619,1.0372,-0.1722,0,-0.821429
2025-W44,MID,2407,2025-10-30 10:23:40,2025-10-30 10:24:03,LONG,26027.7500,26007.2500,HARD_STOP,1,2,-123.0000,-615.0000,672,20.0000,61.5000,0.4545,0.6346,1.4006,0.2000,2,0.113636
2025-W44,MID,2408,2025-10-30 10:24:07,2025-10-30 10:25:50,SHORT,26016.7500,26016.7500,REVERSAL,1,2,40.0000,200.0000,2132,20.0000,46.0000,0.1489,1.2368,1.1942,0.0942,3,2.750000
2025-W44,MID,2409,2025-10-30 10:27:23,2025-10-30 10:27:53,SHORT,26043.7500,26033.2500,REVERSAL,0,1,42.0000,210.0000,453,42.0000,7.0000,0.5758,0.9167,1.0208,-0.0830,0,-0.343750
2025-W44,MID,2410,2025-10-30 10:28:13,2025-10-30 10:28:43,LONG,26022.2500,26032.2500,REVERSAL,0,1,40.0000,200.0000,723,40.0000,25.0000,0.2941,1.0625,0.8868,-0.3495,0,-0.464286
2025-W44,MID,2411,2025-10-30 10:32:49,2025-10-30 10:33:41,SHORT,26049.0000,26049.0000,REVERSAL,1,2,40.0000,200.0000,805,20.0000,40.0000,0.4706,1.2750,1.3518,0.0116,3,0.343750
2025-W44,MID,2412,2025-10-30 10:33:59,2025-10-30 10:34:03,LONG,26035.2500,26045.2500,REVERSAL,0,1,40.0000,200.0000,171,40.0000,6.0000,-0.0182,1.1957,1.2743,-0.3564,0,-1.416667
2025-W44,MID,2413,2025-10-30 10:34:03,2025-10-30 10:34:37,SHORT,26045.2500,26045.0000,REVERSAL,1,2,43.0000,215.0000,483,21.5000,41.0000,0.2909,1.1957,1.2743,0.3564,3,1.416667
2025-W44,MID,2414,2025-10-30 10:35:30,2025-10-30 10:35:36,SHORT,26072.5000,26062.5000,REVERSAL,0,1,40.0000,200.0000,138,40.0000,8.0000,0.2128,1.8800,1.4208,-0.3778,0,-0.781250
2025-W44,MID,2415,2025-10-30 10:35:36,2025-10-30 10:36:06,LONG,26062.5000,26042.5000,HARD_STOP,1,2,-120.0000,-600.0000,629,15.0000,60.0000,-0.0638,1.8800,1.4208,0.3778,3,0.781250
2025-W44,MID,2416,2025-10-30 10:36:24,2025-10-30 10:36:34,SHORT,26053.7500,26043.7500,REVERSAL,0,1,40.0000,200.0000,252,40.0000,3.0000,0.1860,1.2647,1.0918,-0.2555,1,-0.673077
2025-W44,MID,2417,2025-10-30 10:37:22,2025-10-30 10:37:27,LONG,26019.0000,26029.0000,REVERSAL,0,1,40.0000,200.0000,278,40.0000,12.0000,-0.0323,0.5345,0.9746,-0.1954,0,-1.350000
2025-W44,MID,2418,2025-10-30 10:38:06,2025-10-30 10:38:17,SHORT,26047.7500,26037.2500,REVERSAL,0,1,42.0000,210.0000,228,42.0000,23.0000,0.1698,1.1042,1.0975,-0.0916,0,-0.642857
2025-W44,MID,2419,2025-10-30 10:38:17,2025-10-30 10:39:41,LONG,26037.2500,26038.0000,REVERSAL,1,2,46.0000,230.0000,1267,36.0000,40.0000,0.0377,1.1042,1.0975,0.0916,3,0.642857
2025-W44,MID,2420,2025-10-30 10:39:41,2025-10-30 10:40:07,SHORT,26038.0000,26058.0000,HARD_STOP,1,2,-120.0000,-600.0000,535,30.0000,60.0000,0.4118,2.5500,1.5189,0.2769,1,0.273810
2025-W44,MID,2421,2025-10-30 10:41:25,2025-10-30 10:41:43,SHORT,26076.2500,26066.2500,REVERSAL,0,1,40.0000,200.0000,277,40.0000,2.0000,0.0488,0.8039,1.1305,-0.5411,1,-1.950000
2025-W44,MID,2422,2025-10-30 10:42:50,2025-10-30 10:43:33,SHORT,26075.2500,26095.5000,HARD_STOP,1,2,-121.0000,-605.0000,891,6.0000,60.5000,0.5455,0.5366,1.1596,0.1087,1,-0.066667
2025-W44,MID,2423,2025-10-30 10:45:59,2025-10-30 10:46:03,LONG,26054.7500,26065.2500,REVERSAL,0,1,42.0000,210.0000,120,42.0000,5.0000,0.1636,2.6190,1.4906,-0.2537,0,-2.437500
2025-W44,MID,2424,2025-10-30 10:46:03,2025-10-30 10:46:48,SHORT,26065.2500,26055.2500,REVERSAL,0,1,40.0000,200.0000,1098,40.0000,23.0000,0.0727,2.6190,1.4906,0.2537,3,2.437500
2025-W44,MID,2425,2025-10-30 10:47:26,2025-10-30 10:47:32,SHORT,26058.5000,26048.5000,REVERSAL,0,1,40.0000,200.0000,140,40.0000,0.0000,-0.0278,1.0286,0.8109,-0.0734,2,-0.596154
2025-W44,MID,2426,2025-10-30 10:47:32,2025-10-30 10:49:48,LONG,26048.5000,26058.5000,REVERSAL,0,1,40.0000,200.0000,2260,40.0000,34.0000,-0.0833,1.0286,0.8109,0.0734,1,0.596154
2025-W44,MID,2427,2025-10-30 10:50:41,2025-10-30 10:51:49,LONG,26043.2500,26023.2500,HARD_STOP,1,2,-120.0000,-600.0000,1638,34.0000,60.0000,0.1923,0.8125,0.7965,0.0681,0,-0.425000
2025-W44,MID,2428,2025-10-30 10:53:00,2025-10-30 10:53:48,LONG,26009.2500,25989.2500,HARD_STOP,1,2,-120.0000,-600.0000,1533,30.0000,60.0000,0.6400,0.5682,1.2406,0.0146,1,0.075000
2025-W44,MID,2429,2025-10-30 10:54:44,2025-10-30 10:55:26,SHORT,25997.5000,25996.5000,REVERSAL,1,2,48.0000,240.0000,834,24.0000,40.0000,0.8158,1.2258,0.8897,-0.0000,2,0.147059
2025-W44,MID,2430,2025-10-30 10:56:28,2025-10-30 10:57:05,LONG,25980.5000,25990.5000,REVERSAL,0,1,40.0000,200.0000,848,40.0000,6.0000,0.0000,1.3793,1.1039,0.0886,1,-0.550000
2025-W44,MID,2431,2025-10-30 11:01:44,2025-10-30 11:02:37,SHORT,26028.0000,26048.5000,HARD_STOP,1,2,-120.0000,-600.0000,885,19.0000,60.0000,0.6571,0.7000,1.0079,0.1086,1,-0.015625
2025-W44,MID,2432,2025-10-30 11:02:59,2025-10-30 11:03:49,LONG,26046.7500,26046.7500,REVERSAL,1,2,40.0000,200.0000,674,20.0000,40.0000,-0.1200,0.7812,0.7311,0.0992,3,0.600000
2025-W44,MID,2433,2025-10-30 11:05:38,2025-10-30 11:05:44,LONG,26036.0000,26046.2500,REVERSAL,0,1,41.0000,205.0000,144,41.0000,8.0000,0.0612,1.1951,1.0531,-0.3410,0,-1.218750
2025-W44,MID,2434,2025-10-30 11:05:44,2025-10-30 11:06:15,SHORT,26046.2500,26036.2500,REVERSAL,0,1,40.0000,200.0000,419,40.0000,14.0000,0.1020,1.1951,1.0531,0.3410,3,1.218750
2025-W44,MID,2435,2025-10-30 11:08:07,2025-10-30 11:08:16,LONG,26032.5000,26043.0000,REVERSAL,0,1,42.0000,210.0000,179,42.0000,10.0000,0.1000,2.2222,1.3924,-0.1985,2,-0.532609
2025-W44,MID,2436,2025-10-30 11:08:16,2025-10-30 11:08:48,SHORT,26043.0000,26043.0000,REVERSAL,1,2,40.0000,200.0000,520,20.0000,40.0000,0.2000,2.2222,1.3924,0.1985,1,0.532609
2025-W44,MID,2437,2025-10-30 11:08:48,2025-10-30 11:09:04,LONG,26043.0000,26053.0000,REVERSAL,0,1,40.0000,200.0000,117,40.0000,0.0000,-0.3056,0.5000,0.8500,0.2188,2,0.555556
2025-W44,MID,2438,2025-10-30 11:12:47,2025-10-30 11:13:52,LONG,26063.7500,26063.2500,REVERSAL,1,2,38.0000,190.0000,474,19.0000,42.0000,0.4186,1.3030,0.9815,0.1292,2,0.156250
2025-W44,MID,2439,2025-10-30 11:20:49,2025-10-30 11:21:20,SHORT,26068.0000,26058.0000,REVERSAL,0,1,40.0000,200.0000,390,40.0000,9.0000,0.0000,1.2414,0.8943,-0.0000,0,-0.070312
2025-W44,MID,2440,2025-10-30 11:23:35,2025-10-30 11:26:18,SHORT,26066.0000,26056.0000,REVERSAL,0,1,40.0000,200.0000,1481,40.0000,13.0000,0.2600,1.5152,1.5076,-0.1722,1,-0.064815
2025-W44,MID,2441,2025-10-30 11:28:23,2025-10-30 11:31:16,SHORT,26055.5000,26045.5000,REVERSAL,0,1,40.0000,200.0000,1471,40.0000,31.0000,0.6341,1.7826,1.1413,0.0714,2,0.163793
2025-W44,MID,2442,2025-10-30 11:32:52,2025-10-30 11:36:05,LONG,26040.5000,26040.5000,REVERSAL,1,2,40.0000,200.0000,2265,20.0000,43.0000,0.9231,0.7429,0.9749,-0.0923,1,0.181818
2025-W44,MID,2443,2025-10-30 11:40:13,2025-10-30 11:42:09,LONG,25990.0000,25990.0000,REVERSAL,1,2,40.0000,200.0000,3248,37.0000,50.0000,0.2500,1.3913,0.9631,-0.2809,1,-2.000000
2025-W44,MID,2444,2025-10-30 11:45:47,2025-10-30 11:47:25,LONG,25992.2500,25972.2500,HARD_STOP,1,2,-120.0000,-600.0000,1876,29.0000,60.0000,0.0333,1.2000,1.2250,-0.1308,0,-0.433333
2025-W44,MID,2445,2025-10-30 11:48:48,2025-10-30 11:49:04,SHORT,25989.0000,25979.0000,REVERSAL,0,1,40.0000,200.0000,204,40.0000,4.0000,0.0357,1.3333,1.0867,-0.2308,1,-0.479167
2025-W44,MID,2446,2025-10-30 11:49:04,2025-10-30 11:49:19,LONG,25979.0000,25989.0000,REVERSAL,0,1,40.0000,200.0000,373,40.0000,1.0000,-0.4643,1.3333,1.0867,0.2308,2,0.479167
2025-W44,MID,2447,2025-10-30 11:50:04,2025-10-30 11:50:32,LONG,25974.0000,25984.0000,REVERSAL,0,1,40.0000,200.0000,508,40.0000,2.0000,0.1200,0.5208,0.8920,-0.1571,0,-0.346154
2025-W44,MID,2448,2025-10-30 11:51:50,2025-10-30 11:53:21,LONG,25980.0000,25990.0000,REVERSAL,0,1,40.0000,200.0000,913,40.0000,15.0000,0.0465,1.1622,1.0679,-0.0719,1,-0.144737
2025-W44,MID,2449,2025-10-30 11:55:22,2025-10-30 11:57:12,SHORT,26004.5000,25994.5000,REVERSAL,0,1,40.0000,200.0000,1866,40.0000,37.0000,0.0000,0.6905,1.2202,-0.4086,0,-1.687500
2025-W44,MID,2450,2025-10-30 12:06:15,2025-10-30 12:06:42,SHORT,26047.7500,26037.7500,REVERSAL,0,1,40.0000,200.0000,419,40.0000,9.0000,0.1429,1.2174,1.1087,-0.4545,0,-2.083333
2025-W44,MID,2451,2025-10-30 12:11:43,2025-10-30 12:23:04,SHORT,26079.5000,26079.5000,REVERSAL,1,2,40.0000,200.0000,9313,24.0000,50.0000,0.4762,0.8750,0.7375,-0.6084,0,-1.625000
2025-W44,MID,2452,2025-10-30 12:23:32,2025-10-30 12:28:05,SHORT,26075.0000,26095.0000,HARD_STOP,1,2,-120.0000,-600.0000,3009,23.0000,60.0000,0.1667,0.7273,2.4261,-0.4465,1,-0.450000
2025-W44,MID,2453,2025-10-30 12:34:03,2025-10-30 12:35:48,LONG,26059.5000,26039.5000,HARD_STOP,1,2,-120.0000,-600.0000,1914,25.0000,60.0000,0.0800,0.8621,0.9681,-0.3783,0,-0.326923
2025-W44,MID,2454,2025-10-30 12:36:48,2025-10-30 12:37:00,LONG,26038.7500,26049.2500,REVERSAL,0,1,42.0000,210.0000,288,42.0000,0.0000,-0.0294,1.1724,1.1439,-0.6236,1,-2.166667
2025-W44,MID,2455,2025-10-30 12:37:19,2025-10-30 12:44:23,LONG,26047.5000,26057.5000,REVERSAL,0,1,40.0000,200.0000,4473,40.0000,38.0000,0.2973,0.9737,1.0457,0.1890,2,0.455882
2025-W44,MID,2456,2025-10-30 12:45:41,2025-10-30 12:47:52,SHORT,26069.7500,26059.7500,REVERSAL,0,1,40.0000,200.0000,1380,40.0000,15.0000,0.4667,1.0000,1.3824,-0.1047,1,-0.115385
2025-W44,MID,2457,2025-10-30 13:06:07,2025-10-30 13:07:14,LONG,26012.2500,26022.2500,REVERSAL,0,1,40.0000,200.0000,1181,40.0000,14.0000,0.2424,1.0000,1.0156,-0.1450,0,-0.656250
2025-W44,MID,2458,2025-10-30 13:15:43,2025-10-30 13:22:00,LONG,26015.5000,26025.5000,REVERSAL,0,1,40.0000,200.0000,3708,40.0000,37.0000,0.9722,1.8947,1.1374,0.1145,2,0.191176
2025-W44,MID,2459,2025-10-30 13:23:39,2025-10-30 13:26:09,SHORT,26042.5000,26062.5000,HARD_STOP,1,2,-120.0000,-600.0000,1849,19.0000,60.0000,0.0435,0.6216,1.1517,-0.1055,1,-0.583333
2025-W44,MID,2460,2025-10-30 13:27:21,2025-10-30 13:29:33,SHORT,26071.7500,26061.7500,REVERSAL,0,1,40.0000,200.0000,1264,40.0000,9.0000,0.1667,0.8571,1.0952,-0.1615,0,-0.562500
2025-W44,MID,2461,2025-10-30 13:43:36,2025-10-30 13:44:20,SHORT,26046.7500,26036.7500,REVERSAL,0,1,40.0000,200.0000,238,40.0000,1.0000,0.0408,2.0417,1.5923,-0.2471,0,-0.511364
2025-W44,MID,2462,2025-10-30 13:44:20,2025-10-30 13:44:37,LONG,26036.7500,26046.7500,REVERSAL,0,1,40.0000,200.0000,134,40.0000,1.0000,0.1429,2.0417,1.5923,0.2471,3,0.511364
2025-W44,MID,2463,2025-10-30 13:50:59,2025-10-30 13:51:40,LONG,26052.5000,26062.5000,REVERSAL,0,1,40.0000,200.0000,576,40.0000,16.0000,0.4839,0.7561,1.3099,0.0824,0,-0.116667
2025-W44,MID,2464,2025-10-30 13:53:48,2025-10-30 13:55:25,SHORT,26072.7500,26062.7500,REVERSAL,0,1,40.0000,200.0000,680,40.0000,11.0000,0.0000,1.1304,0.8390,-0.3030,0,-0.166667
2025-W44,MID,2465,2025-10-30 14:10:55,2025-10-30 14:14:32,LONG,26028.0000,26008.0000,HARD_STOP,1,2,-120.0000,-600.0000,2327,21.0000,60.0000,0.1724,0.9062,1.2150,0.0698,0,-0.060606
2025-W44,MID,2466,2025-10-30 14:16:01,2025-10-30 14:17:10,LONG,25991.7500,26001.7500,REVERSAL,0,1,40.0000,200.0000,1341,40.0000,18.0000,0.0000,1.7778,1.3889,-0.0963,1,-0.090000
2025-W44,MID,2467,2025-10-30 14:18:00,2025-10-30 14:18:48,SHORT,26012.0000,26002.0000,REVERSAL,0,1,40.0000,200.0000,425,40.0000,0.0000,-0.0526,0.5588,0.6748,-0.0866,0,-0.175000
2025-W44,MID,2468,2025-10-30 14:26:24,2025-10-30 14:26:59,SHORT,25999.7500,25989.7500,REVERSAL,0,1,40.0000,200.0000,294,40.0000,4.0000,0.0000,0.8780,1.1224,-0.1583,1,-0.217391
2025-W44,MID,2469,2025-10-30 14:33:20,2025-10-30 14:34:11,LONG,26001.7500,26012.0000,REVERSAL,0,1,41.0000,205.0000,578,41.0000,1.0000,0.5769,1.0400,0.8107,-0.1679,0,-0.171875
2025-W44,MID,2470,2025-10-30 14:34:11,2025-10-30 14:34:41,SHORT,26012.0000,26002.0000,REVERSAL,0,1,40.0000,200.0000,308,40.0000,2.0000,-0.4286,1.0370,1.0377,-0.1673,1,-0.185185
2025-W44,MID,2471,2025-10-30 14:44:23,2025-10-30 14:45:19,LONG,25979.7500,25989.7500,REVERSAL,0,1,40.0000,200.0000,363,40.0000,3.0000,-0.0455,0.6111,1.1237,-0.0646,0,-0.014286
2025-W44,MID,2472,2025-10-30 14:45:29,2025-10-30 14:45:48,SHORT,26000.7500,25990.7500,REVERSAL,0,1,40.0000,200.0000,338,40.0000,5.0000,-0.0667,0.5357,1.1429,-0.5351,0,-0.964286
2025-W44,MID,2473,2025-10-30 14:46:40,2025-10-30 14:47:22,LONG,25985.5000,25995.5000,REVERSAL,0,1,40.0000,200.0000,293,40.0000,7.0000,-0.0526,1.3103,1.2352,-0.1493,0,-0.174242
2025-W44,MID,2474,2025-10-30 14:52:03,2025-10-30 14:55:04,LONG,26001.7500,26011.7500,REVERSAL,0,1,40.0000,200.0000,2098,40.0000,27.0000,1.0000,1.2667,1.1690,0.1724,2,0.111111
2025-W44,MID,2475,2025-10-30 14:57:20,2025-10-30 14:59:06,LONG,25992.0000,25992.0000,REVERSAL,1,2,40.0000,200.0000,1068,20.0000,40.0000,0.6800,0.7812,0.8612,-0.1969,1,0.055556
2025-W44,MID,2476,2025-10-30 14:59:06,2025-10-30 15:01:02,SHORT,25992.0000,25982.0000,REVERSAL,0,1,40.0000,200.0000,1132,40.0000,7.0000,-0.2222,0.6923,0.9652,-0.2355,1,-0.080645
2025-W44,MID,2477,2025-10-30 15:01:44,2025-10-30 15:02:45,LONG,25971.2500,25981.2500,REVERSAL,0,1,40.0000,200.0000,1049,40.0000,14.0000,0.4483,1.1600,1.0430,-0.3425,0,-0.225000
2025-W44,MID,2478,2025-10-30 15:06:16,2025-10-30 15:07:15,LONG,25956.5000,25966.5000,REVERSAL,0,1,40.0000,200.0000,834,40.0000,5.0000,-0.0526,0.7917,0.7595,0.2287,0,-0.178571
2025-W44,MID,2479,2025-10-30 15:11:05,2025-10-30 15:16:03,LONG,25957.0000,25937.0000,HARD_STOP,1,2,-120.0000,-600.0000,2757,22.0000,60.0000,0.9259,1.3500,1.1295,-0.0345,2,0.187500
2025-W44,MID,2480,2025-10-30 15:19:44,2025-10-30 15:20:17,SHORT,25938.0000,25927.2500,REVERSAL,0,1,43.0000,215.0000,513,43.0000,23.0000,0.4545,0.8462,1.1073,-0.0155,2,0.030303
2025-W44,MID,2481,2025-10-30 15:21:41,2025-10-30 15:23:27,LONG,25898.2500,25898.2500,REVERSAL,1,2,40.0000,200.0000,2653,20.0000,46.0000,0.0833,0.4615,0.7123,-0.0538,0,-0.400000
2025-W44,MID,2482,2025-10-30 15:25:48,2025-10-30 15:26:10,SHORT,25909.2500,25929.2500,HARD_STOP,1,2,-120.0000,-600.0000,561,4.0000,60.0000,0.8649,1.8500,1.3250,0.2527,1,0.533333
2025-W44,MID,2483,2025-10-30 15:27:49,2025-10-30 15:31:11,SHORT,25929.5000,25949.5000,HARD_STOP,1,2,-120.0000,-600.0000,2591,22.0000,60.0000,0.2333,0.4839,1.3109,0.0706,1,-0.102941
2025-W44,MID,2484,2025-10-30 15:31:44,2025-10-30 15:32:28,LONG,25934.7500,25944.7500,REVERSAL,0,1,40.0000,200.0000,389,40.0000,3.0000,0.3421,1.1515,1.0341,-0.1494,1,-0.423077
2025-W44,MID,2485,2025-10-30 15:39:42,2025-10-30 15:40:38,LONG,25911.7500,25911.7500,REVERSAL,1,2,40.0000,200.0000,709,20.0000,40.0000,0.5417,0.5581,1.0754,-0.1094,1,-0.166667
2025-W44,MID,2486,2025-10-30 15:40:38,2025-10-30 15:42:53,SHORT,25911.7500,25912.0000,REVERSAL,1,2,39.0000,195.0000,1823,19.5000,54.5000,0.1400,1.8519,1.4884,0.4275,2,0.812500
2025-W44,MID,2487,2025-10-30 15:44:46,2025-10-30 15:47:09,LONG,25911.7500,25891.7500,HARD_STOP,1,2,-120.0000,-600.0000,2005,23.0000,60.0000,0.3684,0.4043,1.2703,0.0685,1,-0.101852
2025-W44,MID,2488,2025-10-31 09:31:52,2025-10-31 09:32:11,LONG,26161.2500,26171.2500,REVERSAL,0,1,40.0000,200.0000,1080,40.0000,20.0000,0.5882,0.6071,0.7863,-0.1661,0,-0.187500
2025-W44,MID,2489,2025-10-31 09:33:09,2025-10-31 09:33:13,LONG,26158.7500,26168.7500,REVERSAL,0,1,40.0000,200.0000,228,40.0000,4.0000,0.1702,1.1463,1.4645,-0.3759,0,-1.600000
2025-W44,MID,2490,2025-10-31 09:33:13,2025-10-31 09:33:31,SHORT,26168.7500,26158.7500,REVERSAL,0,1,40.0000,200.0000,577,40.0000,5.0000,-0.0213,1.1463,1.4645,0.3759,3,1.600000
2025-W44,MID,2491,2025-10-31 09:35:09,2025-10-31 09:38:33,SHORT,26165.0000,26155.0000,REVERSAL,0,1,40.0000,200.0000,4969,40.0000,35.0000,0.0857,1.2500,1.1078,-0.1351,1,-1.041667
2025-W44,MID,2492,2025-10-31 09:39:46,2025-10-31 09:40:21,LONG,26146.0000,26146.0000,REVERSAL,1,2,40.0000,200.0000,1668,20.0000,40.0000,0.6800,0.6757,1.1087,0.1263,1,0.250000
2025-W44,MID,2493,2025-10-31 09:40:54,2025-10-31 09:41:20,SHORT,26148.7500,26138.7500,REVERSAL,0,1,40.0000,200.0000,659,40.0000,14.0000,0.0000,0.5806,0.8865,0.0148,1,-0.222222
2025-W44,MID,2494,2025-10-31 09:41:35,2025-10-31 09:41:41,LONG,26131.0000,26141.0000,REVERSAL,0,1,40.0000,200.0000,336,40.0000,13.0000,0.0000,0.5882,0.6719,-0.1181,0,-0.250000
2025-W44,MID,2495,2025-10-31 09:42:01,2025-10-31 09:44:05,LONG,26129.5000,26109.5000,HARD_STOP,1,2,-120.0000,-600.0000,4510,18.0000,60.0000,0.4091,0.4000,1.2185,0.2158,2,0.375000
2025-W44,MID,2496,2025-10-31 09:45:07,2025-10-31 09:45:38,SHORT,26128.2500,26118.2500,REVERSAL,0,1,40.0000,200.0000,1437,40.0000,21.0000,0.2857,0.3500,1.2276,-0.1120,0,-0.437500
2025-W44,MID,2497,2025-10-31 09:45:42,2025-10-31 09:45:49,SHORT,26124.7500,26114.7500,REVERSAL,0,1,40.0000,200.0000,307,40.0000,3.0000,0.1351,1.5417,1.2926,0.2885,3,1.166667
2025-W44,MID,2498,2025-10-31 09:46:02,2025-10-31 09:46:15,LONG,26090.2500,26100.2500,REVERSAL,0,1,40.0000,200.0000,992,40.0000,6.0000,0.0370,1.4211,1.2693,-0.2977,0,-2.125000
2025-W44,MID,2499,2025-10-31 09:46:27,2025-10-31 09:47:43,SHORT,26108.7500,26129.0000,HARD_STOP,1,2,-122.0000,-610.0000,2568,39.0000,61.0000,0.2333,0.7895,1.2995,-0.2840,1,-1.312500
2025-W44,MID,2500,2025-10-31 09:48:31,2025-10-31 09:50:14,LONG,26117.0000,26117.0000,REVERSAL,1,2,40.0000,200.0000,2496,20.0000,40.0000,0.0556,0.5143,1.0180,-0.0502,0,-0.194444
2025-W44,MID,2501,2025-10-31 09:51:52,2025-10-31 09:52:07,LONG,26105.0000,26115.0000,REVERSAL,0,1,40.0000,200.0000,280,40.0000,1.0000,0.0244,0.8542,0.9852,-0.1419,1,-0.583333
2025-W44,MID,2502,2025-10-31 09:52:23,2025-10-31 09:52:54,SHORT,26123.7500,26113.7500,REVERSAL,0,1,40.0000,200.0000,732,40.0000,10.0000,0.3667,0.8333,0.9310,-0.3116,0,-1.500000
2025-W44,MID,2503,2025-10-31 09:53:56,2025-10-31 09:54:25,LONG,26115.0000,26095.0000,HARD_STOP,1,2,-120.0000,-600.0000,944,16.0000,60.0000,0.3462,0.4643,1.3521,0.1797,1,0.031250
2025-W44,MID,2504,2025-10-31 09:55:41,2025-10-31 09:56:54,SHORT,26113.7500,26103.7500,REVERSAL,0,1,40.0000,200.0000,1368,40.0000,23.0000,0.4194,0.6739,1.1301,-0.0849,2,0.035714
2025-W44,MID,2505,2025-10-31 10:00:28,2025-10-31 10:01:09,LONG,26088.2500,26098.2500,REVERSAL,0,1,40.0000,200.0000,998,40.0000,20.0000,0.3667,0.7895,0.9705,-0.1938,0,-0.650000
2025-W44,MID,2506,2025-10-31 10:02:48,2025-10-31 10:03:13,SHORT,26111.7500,26101.5000,REVERSAL,0,1,41.0000,205.0000,633,41.0000,5.0000,0.0000,0.8182,1.1265,-0.2949,2,-0.500000
2025-W44,MID,2507,2025-10-31 10:03:47,2025-10-31 10:04:08,LONG,26087.0000,26097.0000,REVERSAL,0,1,40.0000,200.0000,411,40.0000,1.0000,0.1379,0.7838,0.8123,-0.3490,0,-0.444444
2025-W44,MID,2508,2025-10-31 10:04:30,2025-10-31 10:05:54,LONG,26071.0000,26081.0000,REVERSAL,0,1,40.0000,200.0000,3262,40.0000,34.0000,0.2105,1.0000,0.8167,-0.2544,0,-4.000000
2025-W44,MID,2509,2025-10-31 10:08:55,2025-10-31 10:09:33,SHORT,26113.7500,26103.7500,REVERSAL,0,1,40.0000,200.0000,533,40.0000,5.0000,0.5714,1.2174,1.0346,-0.2652,0,-0.208333
2025-W44,MID,2510,2025-10-31 10:13:52,2025-10-31 10:15:42,LONG,26090.0000,26090.0000,REVERSAL,1,2,40.0000,200.0000,2053,32.0000,40.0000,-0.0714,0.4746,1.1889,0.0984,1,-0.078947
2025-W44,MID,2511,2025-10-31 10:16:12,2025-10-31 10:19:19,SHORT,26102.0000,26101.7500,REVERSAL,1,2,42.0000,210.0000,2504,30.0000,40.0000,0.0513,1.3000,1.0346,-0.2058,0,-0.395833
2025-W44,MID,2512,2025-10-31 10:21:28,2025-10-31 10:22:13,LONG,26076.7500,26076.7500,REVERSAL,1,2,40.0000,200.0000,2021,31.0000,47.0000,0.2667,0.9091,1.0045,-0.2184,0,-1.312500
2025-W44,MID,2513,2025-10-31 10:23:00,2025-10-31 10:23:06,LONG,26072.5000,26082.5000,REVERSAL,0,1,40.0000,200.0000,146,40.0000,0.0000,-0.0800,1.3158,0.9746,-0.0625,1,-0.500000
2025-W44,MID,2514,2025-10-31 10:27:36,2025-10-31 10:27:43,SHORT,26114.2500,26104.2500,REVERSAL,0,1,40.0000,200.0000,120,40.0000,1.0000,0.0000,1.8636,1.3902,-0.2357,2,-0.370000
2025-W44,MID,2515,2025-10-31 10:27:43,2025-10-31 10:30:39,LONG,26104.2500,26114.5000,REVERSAL,0,1,41.0000,205.0000,1956,41.0000,27.0000,0.0244,1.8636,1.3902,0.2357,1,0.370000
2025-W44,MID,2516,2025-10-31 10:32:45,2025-10-31 10:37:23,SHORT,26125.0000,26145.0000,HARD_STOP,1,2,-120.0000,-600.0000,4654,23.0000,60.0000,0.6667,1.0714,0.9600,0.0071,1,-0.086957
2025-W44,MID,2517,2025-10-31 10:38:01,2025-10-31 10:38:23,SHORT,26149.5000,26139.5000,REVERSAL,0,1,40.0000,200.0000,412,40.0000,1.0000,-0.1667,0.8571,0.8403,-0.2105,1,-0.550000
2025-W44,MID,2518,2025-10-31 10:50:15,2025-10-31 10:51:24,SHORT,26166.7500,26156.7500,REVERSAL,0,1,40.0000,200.0000,1604,40.0000,24.0000,0.7000,0.5882,0.8803,0.3546,2,0.045455
2025-W44,MID,2519,2025-10-31 10:53:36,2025-10-31 10:53:51,SHORT,26167.5000,26157.5000,REVERSAL,0,1,40.0000,200.0000,211,40.0000,2.0000,0.1212,1.3200,1.0910,-0.1939,1,-0.312500
2025-W44,MID,2520,2025-10-31 10:53:51,2025-10-31 10:59:44,LONG,26157.5000,26167.5000,REVERSAL,0,1,40.0000,200.0000,5094,40.0000,38.0000,-0.3333,1.3200,1.0910,0.1939,2,0.312500
2025-W44,MID,2521,2025-10-31 11:05:28,2025-10-31 11:12:33,LONG,26156.7500,26166.7500,REVERSAL,0,1,40.0000,200.0000,4298,40.0000,29.0000,0.0000,1.3333,1.0417,-0.2330,1,-0.214286
2025-W44,MID,2522,2025-10-31 11:16:29,2025-10-31 11:20:40,SHORT,26180.0000,26170.0000,REVERSAL,0,1,40.0000,200.0000,2589,40.0000,11.0000,0.0000,1.0000,1.1667,-0.2325,1,-0.289474
2025-W44,MID,2523,2025-10-31 11:30:05,2025-10-31 11:31:06,LONG,26139.2500,26139.2500,REVERSAL,1,2,40.0000,200.0000,1271,20.0000,40.0000,0.8824,1.1333,0.9076,-0.0266,2,0.250000
2025-W44,MID,2524,2025-10-31 11:33:57,2025-10-31 11:37:26,LONG,26135.2500,26115.2500,HARD_STOP,1,2,-120.0000,-600.0000,2468,29.0000,60.0000,0.1176,0.8095,0.7048,0.1623,0,-0.066667
2025-W44,MID,2525,2025-10-31 11:39:51,2025-10-31 11:42:00,LONG,26098.2500,26078.2500,HARD_STOP,1,2,-120.0000,-600.0000,2246,5.0000,60.0000,0.7059,1.8889,1.3357,0.1362,2,0.236842
2025-W44,MID,2526,2025-10-31 11:43:35,2025-10-31 11:44:33,LONG,26086.0000,26086.0000,REVERSAL,1,2,40.0000,200.0000,1363,20.0000,40.0000,0.0400,0.8929,1.0298,-0.1037,1,-0.218750
2025-W44,MID,2527,2025-10-31 11:44:41,2025-10-31 11:44:48,SHORT,26107.7500,26097.7500,REVERSAL,0,1,40.0000,200.0000,526,40.0000,4.0000,-0.0750,1.0811,1.0274,-0.2251,1,-8.500000
2025-W44,MID,2528,2025-10-31 11:45:22,2025-10-31 11:45:23,SHORT,26154.7500,26144.2500,REVERSAL,0,1,42.0000,210.0000,158,42.0000,13.0000,0.0909,0.7333,0.8804,-0.0909,0,-12.000000
2025-W44,MID,2529,2025-10-31 11:45:23,2025-10-31 11:45:38,LONG,26144.2500,26124.0000,HARD_STOP,1,2,-121.0000,-605.0000,1215,4.5000,60.5000,0.1455,0.7333,0.8804,0.0909,3,12.000000
2025-W44,MID,2530,2025-10-31 11:45:38,2025-10-31 11:45:39,LONG,26120.7500,26130.7500,REVERSAL,0,1,40.0000,200.0000,95,40.0000,2.0000,-0.2143,1.5000,0.9956,-0.4855,1,
2025-W44,MID,2531,2025-10-31 11:45:39,2025-10-31 11:46:10,SHORT,26130.7500,26130.7500,REVERSAL,1,2,40.0000,200.0000,757,20.0000,40.0000,0.2619,1.5000,0.9956,0.4855,2,
2025-W44,MID,2532,2025-10-31 11:46:21,2025-10-31 11:46:59,LONG,26119.2500,26099.2500,HARD_STOP,1,2,-120.0000,-600.0000,915,27.0000,60.0000,0.0588,0.4857,0.8679,0.1472,1,-0.600000
2025-W44,MID,2533,2025-10-31 11:48:40,2025-10-31 11:48:46,LONG,26065.2500,26075.2500,REVERSAL,0,1,40.0000,200.0000,321,40.0000,3.0000,0.2727,1.0000,1.0323,-0.2862,0,-1.250000
2025-W44,MID,2534,2025-10-31 11:55:43,2025-10-31 11:56:39,LONG,26066.2500,26066.2500,REVERSAL,1,2,40.0000,200.0000,1608,20.0000,45.0000,0.8000,0.5769,1.3285,0.0504,2,0.250000
2025-W44,MID,2535,2025-10-31 11:58:57,2025-10-31 12:00:12,LONG,26055.7500,26035.7500,HARD_STOP,1,2,-120.0000,-600.0000,1995,20.0000,60.0000,-0.0333,1.1538,0.9593,-0.1462,1,-0.197917
2025-W44,MID,2536,2025-10-31 12:07:09,2025-10-31 12:08:26,SHORT,26048.5000,26038.0000,REVERSAL,0,1,42.0000,210.0000,885,42.0000,20.0000,0.2903,0.6327,0.8731,-0.0588,1,-0.500000
2025-W44,MID,2537,2025-10-31 12:09:01,2025-10-31 12:10:59,LONG,26023.0000,26003.0000,HARD_STOP,1,2,-120.0000,-600.0000,2362,30.0000,60.0000,0.0000,1.0938,0.8181,-0.1822,0,-0.700000
2025-W44,MID,2538,2025-10-31 12:11:05,2025-10-31 12:12:37,LONG,25992.5000,26002.5000,REVERSAL,0,1,40.0000,200.0000,2268,40.0000,35.0000,0.0385,1.0000,0.8421,-0.3680,0,-1.333333
2025-W44,MID,2539,2025-10-31 12:17:24,2025-10-31 12:20:00,LONG,25982.0000,25962.0000,HARD_STOP,1,2,-120.0000,-600.0000,3891,23.0000,60.0000,-0.0323,0.8158,0.8951,-0.1277,0,-0.196429
2025-W44,MID,2540,2025-10-31 12:21:12,2025-10-31 12:21:30,LONG,25965.2500,25975.5000,REVERSAL,0,1,41.0000,205.0000,292,41.0000,10.0000,0.3182,0.7586,1.1849,-0.1274,0,-0.062500
2025-W44,MID,2541,2025-10-31 12:25:13,2025-10-31 12:26:52,SHORT,26001.5000,26021.5000,HARD_STOP,1,2,-120.0000,-600.0000,2485,25.0000,60.0000,0.4545,0.7586,1.4947,-0.0451,0,-0.062500
2025-W44,MID,2542,2025-10-31 12:34:20,2025-10-31 12:37:28,SHORT,26026.5000,26016.5000,REVERSAL,0,1,40.0000,200.0000,2309,40.0000,34.0000,0.6522,0.6053,0.9812,0.0039,3,0.047619
2025-W44,MID,2543,2025-10-31 12:38:54,2025-10-31 12:39:30,SHORT,26029.5000,26019.5000,REVERSAL,0,1,40.0000,200.0000,222,40.0000,7.0000,0.1020,1.2895,1.2781,-0.3487,1,-0.391304
2025-W44,MID,2544,2025-10-31 12:39:30,2025-10-31 12:40:46,LONG,26019.5000,25999.5000,HARD_STOP,1,2,-120.0000,-600.0000,1100,20.0000,60.0000,0.0816,1.2895,1.2781,0.3487,2,0.391304
2025-W44,MID,2545,2025-10-31 12:41:28,2025-10-31 12:42:18,LONG,25988.7500,25988.7500,REVERSAL,1,2,40.0000,200.0000,1245,20.0000,40.0000,0.7500,0.5000,1.0500,-0.1259,2,0.250000
2025-W44,MID,2546,2025-10-31 12:42:34,2025-10-31 12:43:10,SHORT,25996.0000,25986.0000,REVERSAL,0,1,40.0000,200.0000,533,40.0000,9.0000,-0.3793,0.6905,1.0227,-0.1756,0,-0.216667
2025-W44,MID,2547,2025-10-31 12:43:47,2025-10-31 12:44:18,LONG,25978.5000,25988.5000,REVERSAL,0,1,40.0000,200.0000,358,40.0000,4.0000,0.0741,0.7297,1.5211,0.0000,1,0.050000
2025-W44,MID,2548,2025-10-31 12:44:40,2025-10-31 12:46:30,LONG,25982.2500,25982.7500,REVERSAL,1,2,44.0000,220.0000,1779,22.0000,51.0000,-0.0256,1.6957,1.2738,0.2319,2,0.615385
2025-W44,MID,2549,2025-10-31 12:46:49,2025-10-31 12:47:21,SHORT,25996.0000,25986.0000,REVERSAL,0,1,40.0000,200.0000,484,40.0000,7.0000,0.1224,2.1304,1.2601,-0.2045,0,-1.178571
2025-W44,MID,2550,2025-10-31 12:51:40,2025-10-31 12:52:13,LONG,25965.0000,25975.0000,REVERSAL,0,1,40.0000,200.0000,698,40.0000,21.0000,0.0000,0.6250,0.9792,-0.0268,0,-0.100000
2025-W44,MID,2551,2025-10-31 13:00:27,2025-10-31 13:01:11,LONG,25942.5000,25952.7500,REVERSAL,0,1,41.0000,205.0000,759,41.0000,15.0000,0.3182,0.7586,1.0097,-0.2671,0,-0.205882
2025-W44,MID,2552,2025-10-31 13:01:46,2025-10-31 13:02:28,LONG,25945.5000,25955.5000,REVERSAL,0,1,40.0000,200.0000,589,40.0000,8.0000,0.1176,1.7586,1.3187,-0.0763,1,-0.402778
2025-W44,MID,2553,2025-10-31 13:03:31,2025-10-31 13:04:23,LONG,25940.2500,25920.2500,HARD_STOP,1,2,-120.0000,-600.0000,1025,8.0000,60.0000,1.0370,0.9643,0.8939,0.1250,2,0.303571
2025-W44,MID,2554,2025-10-31 13:07:22,2025-10-31 13:08:29,SHORT,25930.0000,25920.0000,REVERSAL,0,1,40.0000,200.0000,1435,40.0000,34.0000,-0.0357,0.6512,1.0422,-0.3630,1,-0.950000
2025-W44,MID,2555,2025-10-31 13:12:00,2025-10-31 13:12:18,LONG,25914.0000,25924.2500,REVERSAL,0,1,41.0000,205.0000,675,41.0000,15.0000,0.3333,1.5000,1.2206,-0.3563,0,-0.522727
2025-W44,MID,2556,2025-10-31 13:19:38,2025-10-31 13:20:12,LONG,25901.0000,25911.0000,REVERSAL,0,1,40.0000,200.0000,669,40.0000,18.0000,0.3704,1.5000,0.9415,-0.0722,0,-0.157895
2025-W44,MID,2557,2025-10-31 13:24:21,2025-10-31 13:24:39,LONG,25893.7500,25903.7500,REVERSAL,0,1,40.0000,200.0000,554,40.0000,1.0000,0.1250,1.6842,1.1814,-0.2046,0,-0.383333
2025-W44,MID,2558,2025-10-31 13:26:56,2025-10-31 13:27:38,SHORT,25926.2500,25915.5000,REVERSAL,0,1,43.0000,215.0000,629,43.0000,1.0000,0.0556,0.8182,0.8491,-0.3118,0,-0.211538
2025-W44,MID,2559,2025-10-31 13:31:52,2025-10-31 13:32:56,SHORT,25947.2500,25937.2500,REVERSAL,0,1,40.0000,200.0000,1518,40.0000,23.0000,0.0000,1.5217,1.0484,-0.0870,0,-0.475000
2025-W44,MID,2560,2025-10-31 13:33:17,2025-10-31 13:35:08,LONG,25927.7500,25927.5000,REVERSAL,1,2,39.0000,195.0000,2020,28.0000,41.0000,0.0000,0.8387,1.1944,-0.2519,0,-0.522727
2025-W44,MID,2561,2025-10-31 13:38:02,2025-10-31 13:40:34,SHORT,25912.2500,25912.2500,REVERSAL,1,2,40.0000,200.0000,1914,24.0000,40.0000,0.5526,0.9500,1.9036,-0.2741,1,-0.708333
2025-W44,MID,2562,2025-10-31 13:41:04,2025-10-31 13:41:34,SHORT,25918.5000,25908.5000,REVERSAL,0,1,40.0000,200.0000,340,40.0000,1.0000,0.1707,1.8636,1.2985,-0.0996,1,-0.423077
2025-W44,MID,2563,2025-10-31 13:43:48,2025-10-31 13:47:26,SHORT,25940.2500,25960.2500,HARD_STOP,1,2,-120.0000,-600.0000,3919,32.0000,60.0000,0.3243,1.0278,1.1346,-0.3000,0,-0.444444
2025-W44,MID,2564,2025-10-31 13:48:31,2025-10-31 13:48:44,LONG,25947.7500,25957.7500,REVERSAL,0,1,40.0000,200.0000,370,40.0000,2.0000,0.0263,1.1176,1.2672,-0.2047,0,-0.590909
2025-W44,MID,2565,2025-10-31 13:52:49,2025-10-31 13:55:09,SHORT,25966.5000,25956.5000,REVERSAL,0,1,40.0000,200.0000,1401,40.0000,18.0000,0.6667,0.5526,0.9800,-0.0602,2,0.065789
2025-W44,MID,2566,2025-10-31 13:56:19,2025-10-31 13:56:57,LONG,25948.2500,25958.5000,REVERSAL,0,1,41.0000,205.0000,523,41.0000,12.0000,0.0000,1.4074,1.2907,-0.1562,2,-0.357143
2025-W44,MID,2567,2025-10-31 14:11:27,2025-10-31 14:16:55,SHORT,25995.2500,25985.2500,REVERSAL,0,1,40.0000,200.0000,3870,40.0000,19.0000,0.3077,0.3714,0.9812,-0.1111,0,-0.218750
2025-W44,MID,2568,2025-10-31 14:20:35,2025-10-31 14:34:35,SHORT,25997.5000,25997.5000,REVERSAL,1,2,40.0000,200.0000,8480,20.0000,56.0000,0.5385,0.5909,1.5177,-0.0870,0,-0.200000
2025-W44,MID,2569,2025-10-31 14:47:23,2025-10-31 14:54:44,LONG,26004.0000,25984.0000,HARD_STOP,1,2,-120.0000,-600.0000,4057,8.0000,60.0000,0.8846,0.7879,0.8654,0.1648,1,0.095745
2025-W44,MID,2570,2025-10-31 15:00:27,2025-10-31 15:02:34,SHORT,26005.5000,26025.7500,HARD_STOP,1,2,-122.0000,-610.0000,2237,14.0000,61.0000,0.6522,1.1500,1.1306,0.3082,3,0.250000
2025-W44,MID,2571,2025-10-31 15:05:59,2025-10-31 15:13:07,SHORT,26017.2500,26037.2500,HARD_STOP,1,2,-120.0000,-600.0000,4259,14.0000,60.0000,0.2941,0.7083,0.7178,-0.0186,0,-0.080357
2025-W44,MID,2572,2025-10-31 15:19:43,2025-10-31 15:21:32,SHORT,26044.2500,26064.2500,HARD_STOP,1,2,-120.0000,-600.0000,2354,3.0000,60.0000,0.6154,0.4815,0.9907,-0.0174,2,0.022727
2025-W44,MID,2573,2025-10-31 15:32:03,2025-10-31 15:36:05,SHORT,26099.0000,26099.0000,REVERSAL,1,2,40.0000,200.0000,4751,21.0000,57.0000,0.0588,0.6538,1.1394,-0.2784,0,-0.468750
2025-W44,MID,2574,2025-10-31 15:38:30,2025-10-31 15:39:39,SHORT,26097.5000,26087.5000,REVERSAL,0,1,40.0000,200.0000,651,40.0000,4.0000,0.2083,1.0909,1.2330,-0.1070,0,-0.264706
2025-W46,GOOD,3183,2025-11-10 09:31:10,2025-11-10 09:31:15,SHORT,25581.2500,25571.2500,REVERSAL,0,1,40.0000,200.0000,429,40.0000,14.0000,0.3750,0.5926,0.9099,-0.5254,0,-1.125000
2025-W46,GOOD,3184,2025-11-10 09:32:03,2025-11-10 09:32:18,SHORT,25580.0000,25570.0000,REVERSAL,0,1,40.0000,200.0000,745,40.0000,4.0000,0.2632,0.8261,1.1797,-0.1985,1,-1.750000
2025-W46,GOOD,3185,2025-11-10 09:35:52,2025-11-10 09:36:44,SHORT,25598.2500,25588.2500,REVERSAL,0,1,40.0000,200.0000,2268,40.0000,21.0000,0.1739,0.7931,0.9766,-0.2694,1,-0.375000
2025-W46,GOOD,3186,2025-11-10 09:37:48,2025-11-10 09:40:48,SHORT,25601.5000,25621.5000,HARD_STOP,1,2,-120.0000,-600.0000,6000,38.0000,60.0000,0.4643,0.7778,0.8889,-0.3101,0,-0.500000
2025-W46,GOOD,3187,2025-11-10 09:42:12,2025-11-10 09:42:28,SHORT,25625.0000,25615.0000,REVERSAL,0,1,40.0000,200.0000,752,40.0000,11.0000,0.0000,0.4000,0.8818,-0.2414,1,-0.250000
2025-W46,GOOD,3188,2025-11-10 09:45:01,2025-11-10 09:47:18,SHORT,25634.0000,25634.0000,REVERSAL,1,2,40.0000,200.0000,5112,22.0000,40.0000,0.1765,0.9444,0.9459,-0.2205,1,-3.250000
2025-W46,GOOD,3189,2025-11-10 09:50:22,2025-11-10 09:51:13,LONG,25593.0000,25603.0000,REVERSAL,0,1,40.0000,200.0000,1821,40.0000,6.0000,0.0000,1.1429,1.1548,-0.2977,0,-1.166667
2025-W46,GOOD,3190,2025-11-10 09:51:46,2025-11-10 09:54:11,LONG,25607.2500,25607.2500,REVERSAL,1,2,40.0000,200.0000,3524,35.0000,55.0000,0.4167,0.8780,0.8574,-0.1511,1,-0.395833
2025-W46,GOOD,3191,2025-11-10 09:55:14,2025-11-10 09:56:17,SHORT,25610.7500,25610.7500,REVERSAL,1,2,40.0000,200.0000,1791,20.0000,40.0000,0.6000,1.8182,1.3019,0.2290,2,0.722222
2025-W46,GOOD,3192,2025-11-10 10:03:49,2025-11-10 10:04:14,LONG,25625.0000,25635.0000,REVERSAL,0,1,40.0000,200.0000,441,40.0000,15.0000,0.4444,0.7500,1.2639,-0.0152,0,-0.218750
2025-W46,GOOD,3193,2025-11-10 10:05:04,2025-11-10 10:05:11,LONG,25631.2500,25641.2500,REVERSAL,0,1,40.0000,200.0000,174,40.0000,4.0000,0.0000,1.3793,1.3201,-0.1621,1,-1.156250
2025-W46,GOOD,3194,2025-11-10 10:05:11,2025-11-10 10:06:48,SHORT,25641.2500,25641.0000,REVERSAL,1,2,42.0000,210.0000,1992,27.0000,40.0000,0.0000,1.3793,1.3201,0.1621,2,1.156250
2025-W46,GOOD,3195,2025-11-10 10:09:29,2025-11-10 10:10:00,LONG,25632.5000,25642.5000,REVERSAL,0,1,40.0000,200.0000,497,40.0000,2.0000,0.0682,0.9362,1.2514,-0.0350,1,-0.479167
2025-W46,GOOD,3196,2025-11-10 10:13:31,2025-11-10 10:15:30,LONG,25638.0000,25638.0000,REVERSAL,1,2,40.0000,200.0000,2919,37.0000,53.0000,0.0000,1.2069,1.0712,-0.1333,0,-0.375000
2025-W46,GOOD,3197,2025-11-10 10:16:45,2025-11-10 10:18:08,SHORT,25644.7500,25634.7500,REVERSAL,0,1,40.0000,200.0000,1299,40.0000,1.0000,0.0909,1.0000,1.1346,-0.6421,1,-1.600000
2025-W46,GOOD,3198,2025-11-10 10:22:10,2025-11-10 10:22:53,SHORT,25654.7500,25644.7500,REVERSAL,0,1,40.0000,200.0000,577,40.0000,1.0000,-0.0476,0.5000,1.1250,-0.3456,1,-0.312500
2025-W46,GOOD,3199,2025-11-10 10:27:08,2025-11-10 10:29:43,SHORT,25656.0000,25646.0000,REVERSAL,0,1,40.0000,200.0000,2558,40.0000,39.0000,0.9524,0.6562,0.7002,0.1922,2,0.202381
2025-W46,GOOD,3200,2025-11-10 10:30:59,2025-11-10 10:32:13,SHORT,25648.2500,25638.2500,REVERSAL,0,1,40.0000,200.0000,1103,40.0000,9.0000,-0.2143,1.0370,0.8834,-0.0385,1,-0.117647
2025-W46,GOOD,3201,2025-11-10 10:36:30,2025-11-10 10:37:07,SHORT,25663.0000,25652.7500,REVERSAL,0,1,41.0000,205.0000,643,41.0000,3.0000,0.0000,0.5385,0.5458,-0.0462,0,-0.270833
2025-W46,GOOD,3202,2025-11-10 10:40:47,2025-11-10 10:45:49,LONG,25626.0000,25626.0000,REVERSAL,1,2,40.0000,200.0000,5106,29.0000,40.0000,0.0690,0.9667,0.9000,-0.1440,1,-0.312500
2025-W46,GOOD,3203,2025-11-10 10:47:02,2025-11-10 10:49:29,LONG,25620.5000,25600.5000,HARD_STOP,1,2,-120.0000,-600.0000,3578,30.0000,60.0000,-0.0345,1.4500,0.9882,-0.1841,1,-0.305556
2025-W46,GOOD,3204,2025-11-10 10:50:10,2025-11-10 10:50:41,LONG,25596.0000,25576.0000,HARD_STOP,1,2,-120.0000,-600.0000,1740,22.0000,60.0000,-0.0435,0.9200,1.0282,-0.2958,2,-0.958333
2025-W46,GOOD,3205,2025-11-10 10:53:13,2025-11-10 10:54:58,LONG,25558.0000,25558.0000,REVERSAL,1,2,40.0000,200.0000,3525,20.0000,54.0000,1.0000,0.3750,1.7875,0.2491,2,0.600000
2025-W46,GOOD,3206,2025-11-10 10:56:46,2025-11-10 10:59:13,LONG,25540.2500,25520.2500,HARD_STOP,1,2,-120.0000,-600.0000,3653,26.0000,60.0000,0.5172,2.6364,1.5801,0.2046,2,0.468750
2025-W46,GOOD,3207,2025-11-10 10:59:31,2025-11-10 11:00:20,SHORT,25526.5000,25516.5000,REVERSAL,0,1,40.0000,200.0000,1839,40.0000,8.0000,-0.0500,0.9524,0.8962,-0.3050,1,-0.250000
2025-W46,GOOD,3208,2025-11-10 11:00:47,2025-11-10 11:00:54,LONG,25494.0000,25504.0000,REVERSAL,0,1,40.0000,200.0000,379,40.0000,4.0000,0.1081,2.3125,1.4896,-0.3582,0,-3.250000
2025-W46,GOOD,3209,2025-11-10 11:02:40,2025-11-10 11:03:14,LONG,25495.5000,25505.5000,REVERSAL,0,1,40.0000,200.0000,923,40.0000,6.0000,0.2353,1.8889,1.2092,-0.2707,0,-0.714286
2025-W46,GOOD,3210,2025-11-10 11:04:46,2025-11-10 11:05:21,LONG,25502.7500,25482.7500,HARD_STOP,1,2,-120.0000,-600.0000,1812,16.0000,60.0000,0.2414,1.1154,0.8285,-0.1060,0,-0.222222
2025-W46,GOOD,3211,2025-11-10 11:09:23,2025-11-10 11:12:06,SHORT,25512.2500,25532.2500,HARD_STOP,1,2,-120.0000,-600.0000,3679,32.0000,60.0000,0.2400,1.0000,0.9464,-0.0930,1,-0.468750
2025-W46,GOOD,3212,2025-11-10 11:12:23,2025-11-10 11:12:59,SHORT,25537.0000,25527.0000,REVERSAL,0,1,40.0000,200.0000,1075,40.0000,3.0000,0.0000,0.5405,0.9818,-0.1025,0,-0.325000
2025-W46,GOOD,3213,2025-11-10 11:13:31,2025-11-10 11:13:53,SHORT,25518.0000,25508.0000,REVERSAL,0,1,40.0000,200.0000,363,40.0000,4.0000,0.1071,0.7000,1.5265,-0.3020,1,-0.500000
2025-W46,GOOD,3214,2025-11-10 11:14:15,2025-11-10 11:14:42,SHORT,25519.2500,25509.2500,REVERSAL,0,1,40.0000,200.0000,439,40.0000,7.0000,-0.0526,0.5758,0.7004,0.0642,1,-0.250000
2025-W46,GOOD,3215,2025-11-10 11:16:03,2025-11-10 11:16:21,SHORT,25522.2500,25512.2500,REVERSAL,0,1,40.0000,200.0000,362,40.0000,19.0000,0.0000,1.4583,1.0625,-0.2780,1,-0.500000
2025-W46,GOOD,3216,2025-11-10 11:16:41,2025-11-10 11:17:07,LONG,25501.5000,25511.5000,REVERSAL,0,1,40.0000,200.0000,545,40.0000,11.0000,0.4348,1.1500,0.8189,-0.2500,0,-0.428571
2025-W46,GOOD,3217,2025-11-10 11:17:07,2025-11-10 11:17:31,SHORT,25511.5000,25501.5000,REVERSAL,0,1,40.0000,200.0000,370,40.0000,10.0000,-0.1923,0.9286,1.0730,-0.0526,1,-0.142857
2025-W46,GOOD,3218,2025-11-10 11:21:38,2025-11-10 11:23:24,LONG,25496.5000,25496.5000,REVERSAL,1,2,40.0000,200.0000,2860,20.0000,58.0000,0.3158,0.5135,0.7080,-0.1000,0,-0.388889
2025-W46,GOOD,3219,2025-11-10 11:24:30,2025-11-10 11:24:38,LONG,25483.7500,25494.2500,REVERSAL,0,1,42.0000,210.0000,157,42.0000,0.0000,0.0435,1.8400,1.3232,-0.1348,0,-0.833333
2025-W46,GOOD,3220,2025-11-10 11:24:38,2025-11-10 11:25:31,SHORT,25494.2500,25484.0000,REVERSAL,0,1,41.0000,205.0000,632,41.0000,1.0000,0.0435,1.8400,1.3232,0.1348,3,0.833333
2025-W46,GOOD,3221,2025-11-10 11:33:03,2025-11-10 11:34:20,SHORT,25508.7500,25498.7500,REVERSAL,0,1,40.0000,200.0000,1324,40.0000,34.0000,-0.0417,0.8571,1.0373,-0.1474,1,-0.150000
2025-W46,GOOD,3222,2025-11-10 11:36:54,2025-11-10 11:37:22,LONG,25482.2500,25492.7500,REVERSAL,0,1,42.0000,210.0000,377,42.0000,14.0000,0.1143,1.5909,1.2029,-0.3130,1,-0.704545
2025-W46,GOOD,3223,2025-11-10 11:37:40,2025-11-10 11:40:00,LONG,25486.7500,25486.7500,REVERSAL,1,2,40.0000,200.0000,1867,27.0000,40.0000,0.1111,1.0714,1.1357,0.1383,2,0.234375
2025-W46,GOOD,3224,2025-11-10 11:42:35,2025-11-10 11:43:22,SHORT,25483.2500,25473.2500,REVERSAL,0,1,40.0000,200.0000,588,40.0000,8.0000,0.1200,0.5814,1.1865,-0.0982,1,-0.316667
2025-W46,GOOD,3225,2025-11-10 11:43:52,2025-11-10 11:44:06,LONG,25460.0000,25470.5000,REVERSAL,0,1,42.0000,210.0000,296,42.0000,2.0000,0.0000,1.1212,0.8311,-0.1319,0,-0.590909
2025-W46,GOOD,3226,2025-11-10 11:44:58,2025-11-10 11:46:04,SHORT,25483.5000,25473.0000,REVERSAL,0,1,42.0000,210.0000,1535,42.0000,28.0000,0.6111,0.3051,1.8878,-0.1000,0,-0.166667
2025-W46,GOOD,3227,2025-11-10 11:46:45,2025-11-10 11:47:10,LONG,25462.5000,25472.5000,REVERSAL,0,1,40.0000,200.0000,424,40.0000,3.0000,0.1765,0.3148,1.1959,0.0714,1,-0.218750
2025-W46,GOOD,3228,2025-11-10 11:47:36,2025-11-10 11:48:15,SHORT,25480.2500,25470.2500,REVERSAL,0,1,40.0000,200.0000,687,40.0000,21.0000,-0.3793,0.5800,1.2900,-0.0556,1,0.145833
2025-W46,GOOD,3229,2025-11-10 11:50:18,2025-11-10 11:50:36,SHORT,25498.7500,25488.7500,REVERSAL,0,1,40.0000,200.0000,437,40.0000,1.0000,0.0400,0.7353,1.0215,-0.2210,1,-0.785714
2025-W46,GOOD,3230,2025-11-10 11:50:56,2025-11-10 11:53:24,LONG,25475.2500,25475.2500,REVERSAL,1,2,40.0000,200.0000,2526,33.0000,40.0000,0.1081,1.2333,1.0333,-0.0982,0,-0.500000
2025-W46,GOOD,3231,2025-11-10 11:55:07,2025-11-10 11:55:47,LONG,25470.2500,25480.2500,REVERSAL,0,1,40.0000,200.0000,541,40.0000,17.0000,0.7826,0.5610,1.0397,0.0551,1,0.102273
2025-W46,GOOD,3232,2025-11-10 11:56:54,2025-11-10 11:59:31,SHORT,25502.5000,25522.5000,HARD_STOP,1,2,-120.0000,-600.0000,2732,24.0000,60.0000,0.1000,0.4348,0.8745,-0.0224,0,-0.142857
2025-W46,GOOD,3233,2025-11-10 12:01:28,2025-11-10 12:03:26,SHORT,25527.2500,25547.2500,HARD_STOP,1,2,-120.0000,-600.0000,2256,3.0000,60.0000,0.9048,0.6562,0.7726,0.1892,2,0.159091
2025-W46,GOOD,3234,2025-11-10 12:04:33,2025-11-10 12:05:01,SHORT,25561.0000,25551.0000,REVERSAL,0,1,40.0000,200.0000,741,40.0000,8.0000,0.2667,0.6818,1.1871,0.0511,1,-0.100000
2025-W46,GOOD,3235,2025-11-10 12:06:15,2025-11-10 12:08:29,SHORT,25571.5000,25561.5000,REVERSAL,0,1,40.0000,200.0000,2044,40.0000,16.0000,0.2308,1.1818,0.9702,-0.1910,0,-0.425000
2025-W46,GOOD,3236,2025-11-10 12:09:41,2025-11-10 12:11:45,LONG,25545.5000,25525.5000,HARD_STOP,1,2,-120.0000,-600.0000,2062,24.0000,60.0000,0.2703,0.7708,1.8854,-0.1321,1,-0.230769
2025-W46,GOOD,3237,2025-11-10 12:12:13,2025-11-10 12:13:52,SHORT,25542.2500,25532.2500,REVERSAL,0,1,40.0000,200.0000,1246,40.0000,11.0000,0.0286,0.9722,1.3861,-0.3668,1,-0.727273
2025-W46,GOOD,3238,2025-11-10 12:22:46,2025-11-10 12:24:05,SHORT,25549.7500,25539.7500,REVERSAL,0,1,40.0000,200.0000,819,40.0000,18.0000,0.2609,0.5750,0.9772,0.0155,1,-0.044118
2025-W46,GOOD,3239,2025-11-10 12:24:35,2025-11-10 12:25:01,LONG,25530.0000,25540.0000,REVERSAL,0,1,40.0000,200.0000,375,40.0000,9.0000,0.3810,0.6176,0.6705,-0.1892,1,0.138889
2025-W46,GOOD,3240,2025-11-10 12:38:39,2025-11-10 12:38:58,SHORT,25589.7500,25579.7500,REVERSAL,0,1,40.0000,200.0000,383,40.0000,1.0000,0.2549,1.7586,1.3972,-0.7216,0,-0.800000
2025-W46,GOOD,3241,2025-11-10 12:43:58,2025-11-10 12:48:23,SHORT,25598.0000,25618.0000,HARD_STOP,1,2,-120.0000,-600.0000,3183,26.0000,60.0000,0.9048,1.0000,1.0000,0.3774,3,0.875000
2025-W46,GOOD,3242,2025-11-10 12:51:45,2025-11-10 12:52:26,SHORT,25631.5000,25621.5000,REVERSAL,0,1,40.0000,200.0000,726,40.0000,0.0000,0.3158,0.8261,1.1318,-0.1008,0,-0.281250
2025-W46,GOOD,3243,2025-11-10 12:59:52,2025-11-10 13:00:58,LONG,25634.2500,25644.2500,REVERSAL,0,1,40.0000,200.0000,1080,40.0000,5.0000,0.0556,0.7200,0.8064,-0.2016,1,-0.151786
2025-W46,GOOD,3244,2025-11-10 13:16:42,2025-11-10 13:20:52,SHORT,25652.5000,25642.2500,REVERSAL,0,1,41.0000,205.0000,2750,41.0000,26.0000,0.7692,0.6190,1.1172,-0.1316,1,-0.053571
2025-W46,GOOD,3245,2025-11-10 13:20:52,2025-11-10 13:22:20,LONG,25642.2500,25652.2500,REVERSAL,0,1,40.0000,200.0000,1316,40.0000,14.0000,-0.0870,1.4375,1.0521,-0.2248,0,-0.157407
2025-W46,GOOD,3246,2025-11-10 13:26:36,2025-11-10 13:31:08,LONG,25645.0000,25645.0000,REVERSAL,1,2,40.0000,200.0000,3337,20.0000,45.0000,0.2703,1.5417,1.3708,0.0619,0,-0.110294
2025-W46,GOOD,3247,2025-11-10 14:04:53,2025-11-10 14:10:49,SHORT,25663.7500,25663.7500,REVERSAL,1,2,40.0000,200.0000,3165,20.0000,40.0000,0.0000,0.8571,1.0848,-0.1011,0,-0.077586
2025-W46,GOOD,3248,2025-11-10 14:18:06,2025-11-10 14:28:45,SHORT,25675.2500,25695.2500,HARD_STOP,1,2,-120.0000,-600.0000,5859,29.0000,60.0000,0.2500,0.4000,0.7000,-0.0251,1,-0.050000
2025-W46,GOOD,3249,2025-11-10 14:36:10,2025-11-10 14:39:59,LONG,25684.2500,25694.2500,REVERSAL,0,1,40.0000,200.0000,1734,40.0000,23.0000,0.8333,1.0588,0.8330,0.1154,2,0.081395
2025-W46,GOOD,3250,2025-11-10 14:44:31,2025-11-10 14:58:48,SHORT,25702.0000,25702.0000,REVERSAL,1,2,40.0000,200.0000,10250,32.0000,40.0000,0.0000,1.6875,1.2882,-0.3165,1,-0.166667
2025-W46,GOOD,3251,2025-11-10 15:04:02,2025-11-10 15:15:51,SHORT,25708.7500,25708.7500,REVERSAL,1,2,40.0000,200.0000,8730,20.0000,58.0000,0.1364,1.3750,1.0075,0.0462,2,0.121429
2025-W46,GOOD,3252,2025-11-10 15:20:03,2025-11-10 15:21:40,SHORT,25714.7500,25704.5000,REVERSAL,0,1,41.0000,205.0000,945,41.0000,2.0000,0.1875,0.5517,0.8559,-0.0833,1,-0.056818
2025-W46,GOOD,3253,2025-11-10 15:30:25,2025-11-10 15:31:57,LONG,25699.5000,25709.5000,REVERSAL,0,1,40.0000,200.0000,1286,40.0000,6.0000,0.1667,0.5217,0.8085,0.0113,0,-0.111111
2025-W46,GOOD,3254,2025-11-10 15:37:46,2025-11-10 15:48:13,SHORT,25730.0000,25750.0000,HARD_STOP,1,2,-120.0000,-600.0000,9348,35.0000,60.0000,0.8000,0.3704,0.9352,-0.0105,1,-0.027778
2025-W46,GOOD,3255,2025-11-10 15:49:40,2025-11-10 15:49:50,SHORT,25756.2500,25753.2500,EOD_FLATTEN,0,1,12.0000,60.0000,159,18.0000,2.0000,0.2222,0.9000,1.0056,-0.2190,0,-0.150000
2025-W46,GOOD,3256,2025-11-11 09:30:50,2025-11-11 09:32:04,SHORT,25615.7500,25605.7500,REVERSAL,0,1,40.0000,200.0000,2451,40.0000,26.0000,0.9048,1.6800,1.2188,-0.0510,2,1.400000
2025-W46,GOOD,3257,2025-11-11 09:33:00,2025-11-11 09:34:19,SHORT,25627.2500,25617.2500,REVERSAL,0,1,40.0000,200.0000,2174,40.0000,27.0000,0.7917,0.8276,1.2667,0.0861,2,0.392857
2025-W46,GOOD,3258,2025-11-11 09:37:09,2025-11-11 09:37:31,SHORT,25642.2500,25632.2500,REVERSAL,0,1,40.0000,200.0000,994,40.0000,15.0000,0.3846,0.4815,0.8277,-0.2374,0,-0.375000
2025-W46,GOOD,3259,2025-11-11 09:37:52,2025-11-11 09:38:30,LONG,25611.5000,25621.5000,REVERSAL,0,1,40.0000,200.0000,1235,40.0000,24.0000,0.4583,0.6667,1.1515,-0.2126,0,-0.625000
2025-W46,GOOD,3260,2025-11-11 09:41:41,2025-11-11 09:43:07,LONG,25603.7500,25603.7500,REVERSAL,1,2,40.0000,200.0000,2512,25.0000,41.0000,0.0435,0.3594,1.7035,0.0037,1,-0.312500
2025-W46,GOOD,3261,2025-11-11 09:43:07,2025-11-11 09:44:16,SHORT,25603.7500,25603.7500,REVERSAL,1,2,40.0000,200.0000,1418,35.0000,40.0000,-0.1290,0.8378,1.4467,-0.0625,0,-0.821429
2025-W46,GOOD,3262,2025-11-11 09:46:26,2025-11-11 09:46:39,SHORT,25619.2500,25609.2500,REVERSAL,0,1,40.0000,200.0000,331,40.0000,23.0000,0.2424,0.9429,0.9444,-0.1571,1,-0.354167
2025-W46,GOOD,3263,2025-11-11 09:50:15,2025-11-11 09:50:32,LONG,25572.0000,25572.0000,REVERSAL,1,2,40.0000,200.0000,1859,20.0000,40.0000,0.0000,0.8649,1.2368,-0.1298,0,-0.187500
2025-W46,GOOD,3264,2025-11-11 09:51:38,2025-11-11 09:51:51,LONG,25564.0000,25574.0000,REVERSAL,0,1,40.0000,200.0000,456,40.0000,13.0000,0.1176,0.5667,0.8389,-0.1811,0,-0.388889
2025-W46,GOOD,3265,2025-11-11 09:53:14,2025-11-11 09:54:25,LONG,25570.0000,25580.0000,REVERSAL,0,1,40.0000,200.0000,1352,40.0000,20.0000,0.1081,0.8043,0.9498,-0.0738,2,0.050000
2025-W46,GOOD,3266,2025-11-11 09:56:25,2025-11-11 09:59:13,SHORT,25612.0000,25632.0000,HARD_STOP,1,2,-120.0000,-600.0000,5180,26.0000,60.0000,0.0000,0.9062,1.5198,-0.1450,0,-0.750000
2025-W46,GOOD,3267,2025-11-11 10:00:09,2025-11-11 10:01:45,LONG,25620.0000,25620.0000,REVERSAL,1,2,40.0000,200.0000,2744,20.0000,40.0000,0.3462,0.6842,1.1021,-0.1351,2,0.031250
2025-W46,GOOD,3268,2025-11-11 10:03:57,2025-11-11 10:05:47,LONG,25602.2500,25582.0000,HARD_STOP,1,2,-121.0000,-605.0000,2870,35.0000,60.5000,0.0968,1.4762,1.1581,-0.3688,0,-0.525000
2025-W46,GOOD,3269,2025-11-11 10:06:21,2025-11-11 10:06:34,SHORT,25593.2500,25583.2500,REVERSAL,0,1,40.0000,200.0000,434,40.0000,7.0000,0.0000,0.8485,0.9565,-0.2261,0,-0.133333
2025-W46,GOOD,3270,2025-11-11 10:06:50,2025-11-11 10:07:17,LONG,25555.5000,25555.5000,REVERSAL,1,2,40.0000,200.0000,1470,20.0000,40.0000,0.5625,0.7273,1.2803,0.3594,2,0.416667
2025-W46,GOOD,3271,2025-11-11 10:09:31,2025-11-11 10:09:43,LONG,25561.5000,25572.0000,REVERSAL,0,1,42.0000,210.0000,233,42.0000,0.0000,-0.0476,1.0769,0.9718,-0.2302,0,-0.625000
2025-W46,GOOD,3272,2025-11-11 10:09:43,2025-11-11 10:10:06,SHORT,25572.0000,25592.2500,HARD_STOP,1,2,-121.0000,-605.0000,628,9.0000,60.5000,0.0476,1.0769,0.9718,0.2302,3,0.625000
2025-W46,GOOD,3273,2025-11-11 10:10:45,2025-11-11 10:12:04,LONG,25578.7500,25588.7500,REVERSAL,0,1,40.0000,200.0000,1473,40.0000,32.0000,0.2188,0.6809,1.0985,-0.3256,1,-1.000000
2025-W46,GOOD,3274,2025-11-11 10:13:28,2025-11-11 10:14:47,LONG,25568.2500,25568.2500,REVERSAL,1,2,40.0000,200.0000,1676,37.0000,40.0000,0.0000,1.4474,1.1459,-0.1483,0,-0.383333
2025-W46,GOOD,3275,2025-11-11 10:16:24,2025-11-11 10:16:54,SHORT,25568.5000,25558.5000,REVERSAL,0,1,40.0000,200.0000,369,40.0000,7.0000,0.1842,0.7755,1.1781,-0.4254,1,-0.875000
2025-W46,GOOD,3276,2025-11-11 10:18:11,2025-11-11 10:18:36,SHORT,25566.5000,25556.0000,REVERSAL,0,1,42.0000,210.0000,453,42.0000,17.0000,0.2400,0.6250,1.0532,-0.2218,0,-0.607143
2025-W46,GOOD,3277,2025-11-11 10:20:37,2025-11-11 10:21:47,SHORT,25562.5000,25552.5000,REVERSAL,0,1,40.0000,200.0000,1358,40.0000,17.0000,-0.0968,0.9118,0.8176,-0.3047,0,-0.642857
2025-W46,GOOD,3278,2025-11-11 10:22:13,2025-11-11 10:22:29,LONG,25548.7500,25558.7500,REVERSAL,0,1,40.0000,200.0000,311,40.0000,8.0000,0.0000,1.1333,0.8608,-0.0677,1,-0.500000
2025-W46,GOOD,3279,2025-11-11 10:22:43,2025-11-11 10:23:00,SHORT,25569.2500,25559.2500,REVERSAL,0,1,40.0000,200.0000,415,40.0000,12.0000,0.3824,0.6415,1.0002,-0.1571,0,-0.416667
2025-W46,GOOD,3280,2025-11-11 10:23:31,2025-11-11 10:24:01,LONG,25549.2500,25560.0000,REVERSAL,0,1,43.0000,215.0000,339,43.0000,0.0000,0.4783,0.6389,0.9194,-0.2459,0,-0.090909
2025-W46,GOOD,3281,2025-11-11 10:28:48,2025-11-11 10:28:54,LONG,25536.0000,25546.0000,REVERSAL,0,1,40.0000,200.0000,315,40.0000,12.0000,0.0333,1.0714,1.2357,-0.2695,1,-0.340909
2025-W46,GOOD,3282,2025-11-11 10:29:57,2025-11-11 10:30:28,LONG,25544.5000,25544.7500,REVERSAL,1,2,42.0000,210.0000,1012,21.0000,40.0000,0.6000,0.3191,1.0996,0.1642,1,0.152778
2025-W46,GOOD,3283,2025-11-11 10:30:51,2025-11-11 10:32:14,SHORT,25550.7500,25540.7500,REVERSAL,0,1,40.0000,200.0000,1523,40.0000,9.0000,-0.2500,1.1034,1.1094,-0.1298,0,-0.214286
2025-W46,GOOD,3284,2025-11-11 10:33:41,2025-11-11 10:34:48,LONG,25521.7500,25521.7500,REVERSAL,1,2,40.0000,200.0000,1938,20.0000,42.0000,0.9412,2.4286,1.5827,-0.0204,1,0.791667
2025-W46,GOOD,3285,2025-11-11 10:36:13,2025-11-11 10:37:22,LONG,25508.7500,25518.7500,REVERSAL,0,1,40.0000,200.0000,1671,40.0000,34.0000,0.9333,0.6522,0.9650,0.1519,2,0.321429
2025-W46,GOOD,3286,2025-11-11 10:38:13,2025-11-11 10:39:17,SHORT,25517.0000,25507.0000,REVERSAL,0,1,40.0000,200.0000,1162,40.0000,26.0000,-0.0667,1.0000,0.8000,0.0703,2,-0.453125
2025-W46,GOOD,3287,2025-11-11 10:40:05,2025-11-11 10:40:16,SHORT,25525.5000,25515.5000,REVERSAL,0,1,40.0000,200.0000,382,40.0000,5.0000,-0.0476,0.5385,0.8109,0.0409,1,-0.194444
2025-W46,GOOD,3288,2025-11-11 10:40:31,2025-11-11 10:41:51,SHORT,25522.5000,25542.7500,HARD_STOP,1,2,-122.0000,-610.0000,2080,16.0000,61.0000,0.2609,2.0909,1.5693,0.2644,2,1.250000
2025-W46,GOOD,3289,2025-11-11 10:45:08,2025-11-11 10:45:38,SHORT,25542.7500,25532.7500,REVERSAL,0,1,40.0000,200.0000,587,40.0000,19.0000,0.0741,0.8438,1.0145,-0.0115,0,-0.203125
2025-W46,GOOD,3290,2025-11-11 10:46:30,2025-11-11 10:48:01,LONG,25518.7500,25518.5000,REVERSAL,1,2,39.0000,195.0000,1804,23.0000,41.0000,0.1111,0.8654,1.1169,-0.2270,1,-0.464286
2025-W46,GOOD,3291,2025-11-11 10:50:18,2025-11-11 10:50:52,LONG,25506.7500,25516.7500,REVERSAL,0,1,40.0000,200.0000,421,40.0000,8.0000,0.1190,1.4483,1.1057,-0.2414,1,-0.500000
2025-W46,GOOD,3292,2025-11-11 10:51:59,2025-11-11 10:52:27,SHORT,25507.7500,25497.7500,REVERSAL,0,1,40.0000,200.0000,517,40.0000,8.0000,-0.1500,0.6897,1.1504,0.1613,0,-0.250000
2025-W46,GOOD,3293,2025-11-11 10:56:50,2025-11-11 10:57:50,LONG,25496.0000,25506.0000,REVERSAL,0,1,40.0000,200.0000,1025,40.0000,29.0000,0.6190,0.5833,1.3505,0.0973,2,0.088235
2025-W46,GOOD,3294,2025-11-11 10:58:50,2025-11-11 11:02:12,SHORT,25514.5000,25534.5000,HARD_STOP,1,2,-120.0000,-600.0000,3827,20.0000,60.0000,0.0000,0.8889,1.1644,-0.0584,1,-0.184211
2025-W46,GOOD,3295,2025-11-11 11:05:48,2025-11-11 11:06:16,SHORT,25532.7500,25522.7500,REVERSAL,0,1,40.0000,200.0000,491,40.0000,6.0000,0.1613,1.1481,1.3241,-0.3436,0,-0.791667
2025-W46,GOOD,3296,2025-11-11 11:06:28,2025-11-11 11:07:29,LONG,25516.0000,25526.0000,REVERSAL,0,1,40.0000,200.0000,945,40.0000,9.0000,-0.0250,1.1765,1.0241,0.0255,0,-0.604167
2025-W46,GOOD,3297,2025-11-11 11:09:48,2025-11-11 11:10:05,LONG,25508.7500,25518.7500,REVERSAL,0,1,40.0000,200.0000,349,40.0000,7.0000,0.1724,1.4500,1.1795,-0.2795,0,-0.600000
2025-W46,GOOD,3298,2025-11-11 11:13:54,2025-11-11 11:15:39,LONG,25520.0000,25530.0000,REVERSAL,0,1,40.0000,200.0000,1326,40.0000,23.0000,0.0000,1.5385,1.3883,-0.1255,0,-0.220000
2025-W46,GOOD,3299,2025-11-11 11:16:43,2025-11-11 11:17:40,LONG,25524.5000,25534.5000,REVERSAL,0,1,40.0000,200.0000,658,40.0000,14.0000,0.1200,0.6757,1.4941,-0.3681,1,-0.078125
2025-W46,GOOD,3300,2025-11-11 11:21:24,2025-11-11 11:23:24,SHORT,25558.5000,25578.5000,HARD_STOP,1,2,-120.0000,-600.0000,2292,1.0000,60.0000,0.8750,1.3333,1.0952,0.3876,2,0.354167
2025-W46,GOOD,3301,2025-11-11 11:25:00,2025-11-11 11:25:22,SHORT,25584.5000,25574.5000,REVERSAL,0,1,40.0000,200.0000,700,40.0000,5.0000,0.3333,0.7059,0.7071,0.0487,3,0.052632
2025-W46,GOOD,3302,2025-11-11 11:28:04,2025-11-11 11:28:59,LONG,25536.7500,25516.7500,HARD_STOP,1,2,-120.0000,-600.0000,1248,9.0000,60.0000,1.0312,1.6842,1.2739,0.2197,2,0.428571
2025-W46,GOOD,3303,2025-11-11 11:29:26,2025-11-11 11:30:27,LONG,25508.7500,25488.7500,HARD_STOP,1,2,-120.0000,-600.0000,2402,26.0000,60.0000,-0.0476,0.8750,0.8819,-0.0584,1,-1.187500
2025-W46,GOOD,3304,2025-11-11 11:30:42,2025-11-11 11:33:39,SHORT,25496.0000,25516.0000,HARD_STOP,1,2,-120.0000,-600.0000,4084,25.0000,60.0000,0.0286,1.5217,1.1202,-0.4392,0,-1.375000
2025-W46,GOOD,3305,2025-11-11 11:35:06,2025-11-11 11:36:30,LONG,25515.5000,25525.5000,REVERSAL,0,1,40.0000,200.0000,1234,40.0000,29.0000,0.0690,1.1154,0.8998,-0.1460,1,-0.461538
2025-W46,GOOD,3306,2025-11-11 11:36:45,2025-11-11 11:37:09,SHORT,25535.2500,25525.2500,REVERSAL,0,1,40.0000,200.0000,552,40.0000,2.0000,0.2692,1.1304,0.9137,-0.2093,0,-0.531250
2025-W46,GOOD,3307,2025-11-11 11:42:09,2025-11-11 11:44:13,SHORT,25520.5000,25520.5000,REVERSAL,1,2,40.0000,200.0000,1818,20.0000,40.0000,0.3125,0.9143,0.9301,0.0244,1,0.083333
2025-W46,GOOD,3308,2025-11-11 11:44:49,2025-11-11 11:45:25,LONG,25512.7500,25522.7500,REVERSAL,0,1,40.0000,200.0000,556,40.0000,2.0000,-0.4762,0.7000,0.9269,-0.1812,0,-0.156250
2025-W46,GOOD,3309,2025-11-11 11:45:43,2025-11-11 11:46:44,LONG,25515.7500,25525.7500,REVERSAL,0,1,40.0000,200.0000,728,40.0000,22.0000,-0.1200,1.3889,1.1681,0.0873,2,0.416667
2025-W46,GOOD,3310,2025-11-11 11:50:44,2025-11-11 11:51:00,LONG,25509.2500,25519.2500,REVERSAL,0,1,40.0000,200.0000,334,40.0000,5.0000,0.0357,0.8000,0.7500,-0.2694,0,-1.350000
2025-W46,GOOD,3311,2025-11-11 11:51:49,2025-11-11 11:52:17,SHORT,25529.2500,25519.2500,REVERSAL,0,1,40.0000,200.0000,230,40.0000,2.0000,0.0204,1.5806,1.2332,-0.2692,1,-0.573529
2025-W46,GOOD,3312,2025-11-11 11:52:17,2025-11-11 11:53:19,LONG,25519.2500,25529.2500,REVERSAL,0,1,40.0000,200.0000,471,40.0000,6.0000,0.1633,1.5806,1.2332,0.2692,2,0.573529
2025-W46,GOOD,3313,2025-11-11 11:57:46,2025-11-11 12:00:19,LONG,25511.7500,25522.0000,REVERSAL,0,1,41.0000,205.0000,1673,41.0000,32.0000,0.0000,1.7273,1.2185,-0.3063,2,-0.293478
2025-W46,GOOD,3314,2025-11-11 12:03:56,2025-11-11 12:05:38,SHORT,25534.5000,25554.5000,HARD_STOP,1,2,-120.0000,-600.0000,1653,25.0000,60.0000,0.2000,0.6897,0.6600,-0.0938,0,-0.067308
2025-W46,GOOD,3315,2025-11-11 12:07:10,2025-11-11 12:09:16,LONG,25561.0000,25561.0000,REVERSAL,1,2,40.0000,200.0000,2209,29.0000,40.0000,0.3636,1.1786,1.1726,-0.3307,0,-0.607143
2025-W46,GOOD,3316,2025-11-11 12:16:18,2025-11-11 12:18:27,SHORT,25569.5000,25570.0000,REVERSAL,1,2,38.0000,190.0000,1195,19.0000,42.0000,0.9091,1.1786,1.3261,0.3413,3,0.426471
2025-W46,GOOD,3317,2025-11-11 12:20:59,2025-11-11 12:21:16,SHORT,25594.0000,25584.0000,REVERSAL,0,1,40.0000,200.0000,460,40.0000,5.0000,0.5000,1.3103,1.1922,-0.5458,1,-4.500000
2025-W46,GOOD,3318,2025-11-11 12:34:44,2025-11-11 12:35:54,SHORT,25575.2500,25565.2500,REVERSAL,0,1,40.0000,200.0000,498,40.0000,3.0000,0.1379,0.6444,0.8222,-0.2584,1,-0.083333
2025-W46,GOOD,3319,2025-11-11 12:36:12,2025-11-11 12:48:25,SHORT,25571.5000,25591.5000,HARD_STOP,1,2,-120.0000,-600.0000,5600,36.0000,60.0000,0.2121,1.0312,1.0673,0.1673,2,0.209459
2025-W46,GOOD,3320,2025-11-11 12:50:21,2025-11-11 12:50:35,LONG,25587.0000,25597.0000,REVERSAL,0,1,40.0000,200.0000,302,40.0000,1.0000,-0.0370,1.1739,1.0470,-0.3152,1,-0.279412
2025-W46,GOOD,3321,2025-11-11 12:52:49,2025-11-11 12:54:48,SHORT,25612.7500,25612.7500,REVERSAL,1,2,40.0000,200.0000,2609,20.0000,40.0000,0.0000,0.7727,0.7792,-0.2378,0,-0.325000
2025-W46,GOOD,3322,2025-11-11 12:55:42,2025-11-11 12:58:50,SHORT,25628.2500,25618.2500,REVERSAL,0,1,40.0000,200.0000,2227,40.0000,12.0000,0.3158,0.9500,0.8750,-0.2951,0,-0.750000
2025-W46,GOOD,3323,2025-11-11 13:03:11,2025-11-11 13:03:54,LONG,25611.7500,25621.7500,REVERSAL,0,1,40.0000,200.0000,551,40.0000,8.0000,0.2692,0.6667,1.1458,-0.2226,0,-0.708333
2025-W46,GOOD,3324,2025-11-11 13:12:01,2025-11-11 13:12:59,LONG,25625.7500,25635.7500,REVERSAL,0,1,40.0000,200.0000,308,40.0000,3.0000,0.2414,1.3182,1.1374,-0.2231,1,-0.116279
2025-W46,GOOD,3325,2025-11-11 13:14:18,2025-11-11 13:16:57,LONG,25630.0000,25640.0000,REVERSAL,0,1,40.0000,200.0000,1335,40.0000,25.0000,-0.1429,1.4583,1.0821,0.1844,3,0.208333
2025-W46,GOOD,3326,2025-11-11 13:21:03,2025-11-11 13:22:06,SHORT,25669.5000,25659.5000,REVERSAL,0,1,40.0000,200.0000,1026,40.0000,9.0000,0.3000,0.6250,0.9525,-0.0822,0,-0.175000
2025-W46,GOOD,3327,2025-11-11 13:23:32,2025-11-11 13:25:47,LONG,25654.7500,25634.7500,HARD_STOP,1,2,-120.0000,-600.0000,2352,21.0000,60.0000,0.2917,0.6857,0.8732,-0.2558,1,-0.204545
2025-W46,GOOD,3328,2025-11-11 13:34:36,2025-11-11 13:36:31,LONG,25634.2500,25614.0000,HARD_STOP,1,2,-121.0000,-605.0000,1202,16.0000,60.5000,0.4412,1.5455,1.0477,-0.2891,1,-0.300000
2025-W46,GOOD,3329,2025-11-11 13:38:22,2025-11-11 13:41:07,SHORT,25627.7500,25647.7500,HARD_STOP,1,2,-120.0000,-600.0000,2194,35.0000,60.0000,0.3793,1.5263,1.1024,-0.0909,1,-0.214286
2025-W46,GOOD,3330,2025-11-11 13:43:26,2025-11-11 13:45:04,LONG,25646.2500,25656.2500,REVERSAL,0,1,40.0000,200.0000,805,40.0000,1.0000,0.2903,0.7045,1.0620,-0.1055,0,-0.092593
2025-W46,GOOD,3331,2025-11-11 13:46:24,2025-11-11 13:57:22,SHORT,25665.5000,25685.5000,HARD_STOP,1,2,-120.0000,-600.0000,8266,39.0000,60.0000,0.4118,0.4359,1.1929,-0.3449,0,-0.250000
2025-W46,GOOD,3332,2025-11-11 13:58:48,2025-11-11 14:00:21,SHORT,25694.5000,25684.5000,REVERSAL,0,1,40.0000,200.0000,1026,40.0000,7.0000,0.0833,0.6316,0.9095,0.0155,0,-0.107143
2025-W46,GOOD,3333,2025-11-11 14:08:30,2025-11-11 14:12:07,LONG,25658.5000,25658.0000,REVERSAL,1,2,38.0000,190.0000,2467,19.0000,43.0000,1.0417,0.6316,0.7380,0.1189,3,0.075000
2025-W46,GOOD,3334,2025-11-11 14:20:43,2025-11-11 14:26:15,LONG,25665.7500,25665.7500,REVERSAL,1,2,40.0000,200.0000,2029,20.0000,41.0000,0.9714,1.2069,1.2076,0.4624,3,0.500000
2025-W46,GOOD,3335,2025-11-11 14:27:44,2025-11-11 14:35:09,SHORT,25670.7500,25660.7500,REVERSAL,0,1,40.0000,200.0000,3475,40.0000,18.0000,0.1818,0.5366,1.0568,-0.0712,1,-0.072917
2025-W46,GOOD,3336,2025-11-11 14:37:29,2025-11-11 14:39:22,SHORT,25667.7500,25657.5000,REVERSAL,0,1,41.0000,205.0000,667,41.0000,5.0000,0.2000,0.3846,1.0401,-0.4653,0,-0.044872
2025-W46,GOOD,3337,2025-11-11 14:40:53,2025-11-11 14:42:13,LONG,25651.5000,25661.5000,REVERSAL,0,1,40.0000,200.0000,473,40.0000,2.0000,0.0000,1.2333,1.1936,-0.3053,2,-0.450000
2025-W46,GOOD,3338,2025-11-11 14:47:20,2025-11-11 14:50:25,SHORT,25663.0000,25662.7500,REVERSAL,1,2,42.0000,210.0000,1619,21.0000,40.0000,0.1250,0.6957,0.6505,-0.0307,0,-0.056452
2025-W46,GOOD,3339,2025-11-11 14:50:25,2025-11-11 14:55:31,LONG,25662.7500,25672.7500,REVERSAL,0,1,40.0000,200.0000,1459,40.0000,6.0000,-0.7222,0.4865,0.8038,-0.1206,2,0.015625
2025-W46,GOOD,3340,2025-11-11 14:56:43,2025-11-11 15:01:14,LONG,25669.2500,25669.2500,REVERSAL,1,2,40.0000,200.0000,2126,20.0000,40.0000,-0.5385,1.1818,1.0309,0.3246,3,0.406250
2025-W46,GOOD,3341,2025-11-11 15:04:46,2025-11-11 15:17:20,SHORT,25672.7500,25662.7500,REVERSAL,0,1,40.0000,200.0000,4689,40.0000,38.0000,0.0357,0.7000,1.1500,0.0734,2,0.016667
2025-W46,GOOD,3342,2025-11-11 15:27:08,2025-11-11 15:27:40,LONG,25652.7500,25663.0000,REVERSAL,0,1,41.0000,205.0000,305,41.0000,2.0000,0.1053,2.3750,1.4375,-0.3185,1,-0.310000
2025-W46,GOOD,3343,2025-11-11 15:33:24,2025-11-11 15:34:23,SHORT,25667.7500,25657.7500,REVERSAL,0,1,40.0000,200.0000,513,40.0000,4.0000,0.2500,1.6000,1.1000,-0.4580,0,-0.386364
2025-W46,GOOD,3344,2025-11-11 15:40:02,2025-11-11 15:40:35,LONG,25646.7500,25656.7500,REVERSAL,0,1,40.0000,200.0000,289,40.0000,0.0000,0.1429,1.0000,1.1087,-0.3814,1,-1.250000
2025-W46,GOOD,3345,2025-11-11 15:42:21,2025-11-11 15:42:50,LONG,25650.0000,25660.0000,REVERSAL,0,1,40.0000,200.0000,263,40.0000,6.0000,0.2917,0.7059,1.0613,-0.1370,1,-0.033333
2025-W46,GOOD,3346,2025-11-11 15:46:43,2025-11-11 15:49:50,LONG,25653.2500,25654.7500,EOD_FLATTEN,0,1,6.0000,30.0000,1361,35.0000,7.0000,0.3810,0.7241,1.1252,-0.2593,0,-0.030000
2025-W46,GOOD,3347,2025-11-12 09:30:49,2025-11-12 09:31:16,LONG,25735.2500,25715.2500,HARD_STOP,1,2,-120.0000,-600.0000,2486,29.0000,60.0000,0.0000,0.8333,1.0417,-0.2892,0,-2.625000
2025-W46,GOOD,3348,2025-11-12 09:32:02,2025-11-12 09:32:04,LONG,25693.0000,25703.0000,REVERSAL,0,1,40.0000,200.0000,157,40.0000,0.0000,0.0244,1.9524,1.3512,-0.2700,1,-3.416667
2025-W46,GOOD,3349,2025-11-12 09:32:04,2025-11-12 09:32:29,SHORT,25703.0000,25693.0000,REVERSAL,0,1,40.0000,200.0000,1201,40.0000,7.0000,0.0000,1.9524,1.3512,0.2700,2,3.416667
2025-W46,GOOD,3350,2025-11-12 09:33:07,2025-11-12 09:33:33,SHORT,25702.5000,25702.5000,REVERSAL,1,2,40.0000,200.0000,1279,20.0000,40.0000,0.9286,2.0000,1.2917,0.3190,2,1.625000
2025-W46,GOOD,3351,2025-11-12 09:34:45,2025-11-12 09:35:33,LONG,25679.2500,25689.2500,REVERSAL,0,1,40.0000,200.0000,2178,40.0000,27.0000,0.5667,0.4918,2.4245,0.0177,1,0.321429
2025-W46,GOOD,3352,2025-11-12 09:37:22,2025-11-12 09:37:31,SHORT,25692.2500,25682.2500,REVERSAL,0,1,40.0000,200.0000,466,40.0000,4.0000,-0.0294,1.0968,1.1225,-0.2248,0,-1.166667
2025-W46,GOOD,3353,2025-11-12 09:39:50,2025-11-12 09:40:08,LONG,25676.0000,25686.2500,REVERSAL,0,1,41.0000,205.0000,663,41.0000,9.0000,0.2143,0.4118,0.6916,-0.1594,0,-1.000000
2025-W46,GOOD,3354,2025-11-12 09:41:04,2025-11-12 09:41:59,LONG,25659.7500,25659.7500,REVERSAL,1,2,40.0000,200.0000,2668,39.0000,40.0000,0.2609,1.3529,0.8944,-0.2556,0,-0.550000
2025-W46,GOOD,3355,2025-11-12 09:44:42,2025-11-12 09:45:13,LONG,25639.2500,25649.2500,REVERSAL,0,1,40.0000,200.0000,1148,40.0000,8.0000,-0.0556,0.7500,0.6058,-0.2218,0,-0.666667
2025-W46,GOOD,3356,2025-11-12 09:46:37,2025-11-12 09:46:42,LONG,25633.5000,25634.7500,REVERSAL,1,2,50.0000,250.0000,710,28.0000,40.0000,0.0000,1.0769,0.8480,-0.4839,0,-0.950000
2025-W46,GOOD,3357,2025-11-12 09:48:52,2025-11-12 09:50:30,LONG,25587.2500,25567.2500,HARD_STOP,1,2,-120.0000,-600.0000,3382,15.0000,60.0000,0.8214,0.8485,1.6028,0.2392,3,0.571429
2025-W46,GOOD,3358,2025-11-12 09:51:01,2025-11-12 09:51:32,SHORT,25594.0000,25584.0000,REVERSAL,0,1,40.0000,200.0000,1207,40.0000,32.0000,1.0000,2.0000,1.3654,0.1077,1,1.107143
2025-W46,GOOD,3359,2025-11-12 09:53:47,2025-11-12 09:54:11,SHORT,25612.5000,25602.2500,REVERSAL,0,1,41.0000,205.0000,1066,41.0000,16.0000,0.0000,0.8387,0.9360,-0.2954,0,-0.437500
2025-W46,GOOD,3360,2025-11-12 09:54:11,2025-11-12 09:55:06,LONG,25602.2500,25582.0000,HARD_STOP,1,2,-120.0000,-600.0000,1818,38.0000,60.0000,-0.3200,1.3158,0.9972,-0.1869,1,-1.312500
2025-W46,GOOD,3361,2025-11-12 09:55:18,2025-11-12 09:56:00,LONG,25575.5000,25575.2500,REVERSAL,1,2,39.0000,195.0000,2171,26.0000,41.0000,0.2692,0.8667,1.1152,-0.1321,0,-0.400000
2025-W46,GOOD,3362,2025-11-12 09:56:40,2025-11-12 09:56:56,LONG,25568.5000,25578.5000,REVERSAL,0,1,40.0000,200.0000,312,40.0000,6.0000,0.2778,1.0000,0.9865,-0.1633,0,-0.964286
2025-W46,GOOD,3363,2025-11-12 09:57:09,2025-11-12 09:58:01,LONG,25575.5000,25575.5000,REVERSAL,1,2,40.0000,200.0000,1310,20.0000,40.0000,0.1739,1.2778,1.1389,0.2896,2,1.050000
2025-W46,GOOD,3364,2025-11-12 09:58:52,2025-11-12 09:59:18,SHORT,25597.7500,25587.7500,REVERSAL,0,1,40.0000,200.0000,1025,40.0000,17.0000,0.0000,0.8333,0.7696,-0.6479,0,-2.250000
2025-W46,GOOD,3365,2025-11-12 10:02:08,2025-11-12 10:04:09,SHORT,25609.0000,25629.2500,HARD_STOP,1,2,-121.0000,-605.0000,2945,5.0000,60.5000,0.7895,1.0000,1.2917,0.6351,2,1.500000
2025-W46,GOOD,3366,2025-11-12 10:07:04,2025-11-12 10:08:15,SHORT,25629.5000,25649.5000,HARD_STOP,1,2,-120.0000,-600.0000,1682,23.0000,60.0000,0.3704,0.9643,1.1821,-0.0502,2,0.625000
2025-W46,GOOD,3367,2025-11-12 10:11:19,2025-11-12 10:12:11,SHORT,25647.2500,25637.2500,REVERSAL,0,1,40.0000,200.0000,1075,40.0000,28.0000,0.9130,0.5897,0.9673,0.0421,3,0.361111
2025-W46,GOOD,3368,2025-11-12 10:12:46,2025-11-12 10:13:01,LONG,25613.5000,25623.5000,REVERSAL,0,1,40.0000,200.0000,680,40.0000,13.0000,0.7600,0.6410,1.2069,-0.3281,0,0.000000
2025-W46,GOOD,3369,2025-11-12 10:13:09,2025-11-12 10:13:26,LONG,25614.7500,25594.2500,HARD_STOP,1,2,-121.0000,-605.0000,924,16.0000,60.5000,-0.1111,1.7143,1.7321,0.2473,2,1.150000
2025-W46,GOOD,3370,2025-11-12 10:14:07,2025-11-12 10:14:10,LONG,25586.5000,25596.5000,REVERSAL,0,1,40.0000,200.0000,161,40.0000,4.0000,0.0541,1.4231,1.6401,-0.3143,1,-1.416667
2025-W46,GOOD,3371,2025-11-12 10:14:10,2025-11-12 10:15:07,SHORT,25596.5000,25586.2500,REVERSAL,0,1,41.0000,205.0000,1475,41.0000,11.0000,-0.1351,1.4231,1.6401,0.3143,2,1.416667
2025-W46,GOOD,3372,2025-11-12 10:15:34,2025-11-12 10:15:44,SHORT,25597.5000,25587.2500,REVERSAL,0,1,41.0000,205.0000,205,41.0000,0.0000,0.0196,1.3421,1.4971,-0.4191,1,-2.250000
2025-W46,GOOD,3373,2025-11-12 10:15:44,2025-11-12 10:16:09,LONG,25587.2500,25597.2500,REVERSAL,0,1,40.0000,200.0000,668,40.0000,16.0000,0.1765,1.3421,1.4971,0.4191,2,2.250000
2025-W46,GOOD,3374,2025-11-12 10:16:19,2025-11-12 10:16:36,LONG,25588.2500,25599.0000,REVERSAL,0,1,43.0000,215.0000,332,43.0000,4.0000,0.0909,1.2571,1.3894,0.0412,2,0.964286
2025-W46,GOOD,3375,2025-11-12 10:17:02,2025-11-12 10:18:19,SHORT,25605.2500,25595.2500,REVERSAL,0,1,40.0000,200.0000,1961,40.0000,34.0000,0.2500,1.5556,1.0992,0.0359,2,0.550000
2025-W46,GOOD,3376,2025-11-12 10:25:19,2025-11-12 10:25:30,LONG,25592.2500,25602.2500,REVERSAL,0,1,40.0000,200.0000,265,40.0000,5.0000,0.0278,1.6364,1.0522,-0.2621,0,-0.557692
2025-W46,GOOD,3377,2025-11-12 10:25:58,2025-11-12 10:26:18,LONG,25592.2500,25602.2500,REVERSAL,0,1,40.0000,200.0000,360,40.0000,6.0000,0.3103,0.6905,0.9452,-0.0775,1,-0.288462
2025-W46,GOOD,3378,2025-11-12 10:27:44,2025-11-12 10:28:17,LONG,25596.0000,25606.5000,REVERSAL,0,1,42.0000,210.0000,413,42.0000,15.0000,-0.6400,0.4902,0.9534,0.0379,1,-0.062500
2025-W46,GOOD,3379,2025-11-12 10:29:28,2025-11-12 10:29:50,SHORT,25626.5000,25616.5000,REVERSAL,0,1,40.0000,200.0000,492,40.0000,7.0000,0.0769,1.0000,0.9815,-0.2509,0,-0.708333
2025-W46,GOOD,3380,2025-11-12 10:35:24,2025-11-12 10:36:07,LONG,25580.0000,25560.0000,HARD_STOP,1,2,-120.0000,-600.0000,1229,4.0000,60.0000,0.5238,0.4773,0.9720,-0.1288,2,0.375000
2025-W46,GOOD,3381,2025-11-12 10:40:39,2025-11-12 10:42:53,SHORT,25584.7500,25584.7500,REVERSAL,1,2,40.0000,200.0000,2742,26.0000,55.0000,0.7000,0.6667,1.0152,0.0677,3,0.142857
2025-W46,GOOD,3382,2025-11-12 10:43:21,2025-11-12 10:43:46,SHORT,25597.2500,25587.2500,REVERSAL,0,1,40.0000,200.0000,412,40.0000,0.0000,0.1250,0.3404,0.7886,0.0117,1,-0.089286
2025-W46,GOOD,3383,2025-11-12 10:45:12,2025-11-12 10:46:14,SHORT,25601.7500,25591.7500,REVERSAL,0,1,40.0000,200.0000,1547,40.0000,35.0000,0.0500,1.1429,1.1548,-0.1264,1,-0.227273
2025-W46,GOOD,3384,2025-11-12 10:48:11,2025-11-12 10:49:05,SHORT,25581.7500,25571.7500,REVERSAL,0,1,40.0000,200.0000,1056,40.0000,31.0000,0.4000,1.4286,1.1810,-0.0815,0,-0.089286
2025-W46,GOOD,3385,2025-11-12 10:50:04,2025-11-12 10:50:23,SHORT,25577.5000,25567.5000,REVERSAL,0,1,40.0000,200.0000,423,40.0000,4.0000,0.0513,1.0263,1.3048,-0.2899,1,-0.645833
2025-W46,GOOD,3386,2025-11-12 11:00:36,2025-11-12 11:00:44,SHORT,25560.2500,25550.2500,REVERSAL,0,1,40.0000,200.0000,182,40.0000,4.0000,0.3143,1.1290,1.2384,-0.1085,0,-0.611111
2025-W46,GOOD,3387,2025-11-12 11:00:44,2025-11-12 11:01:54,LONG,25550.2500,25550.2500,REVERSAL,1,2,40.0000,200.0000,1450,30.0000,40.0000,-0.4571,1.1290,1.2384,0.1085,3,0.611111
2025-W46,GOOD,3388,2025-11-12 11:02:54,2025-11-12 11:03:32,SHORT,25565.7500,25555.7500,REVERSAL,0,1,40.0000,200.0000,630,40.0000,13.0000,0.1667,0.6522,0.9832,-0.2548,0,-0.625000
2025-W46,GOOD,3389,2025-11-12 11:10:16,2025-11-12 11:10:53,LONG,25534.7500,25514.7500,HARD_STOP,1,2,-120.0000,-600.0000,1555,32.0000,60.0000,0.2632,1.0000,0.7714,-0.0327,0,-0.388889
2025-W46,GOOD,3390,2025-11-12 11:12:00,2025-11-12 11:13:14,LONG,25504.0000,25514.0000,REVERSAL,0,1,40.0000,200.0000,2327,40.0000,12.0000,0.0000,0.5417,0.5565,-0.0775,0,-0.214286
2025-W46,GOOD,3391,2025-11-12 11:14:21,2025-11-12 11:15:00,LONG,25501.7500,25511.7500,REVERSAL,0,1,40.0000,200.0000,830,40.0000,12.0000,1.0000,0.6786,0.7909,-0.3701,1,0.375000
2025-W46,GOOD,3392,2025-11-12 11:15:22,2025-11-12 11:18:14,SHORT,25530.0000,25530.0000,REVERSAL,1,2,40.0000,200.0000,4273,22.0000,53.0000,0.0000,0.8400,0.9882,-0.1451,0,-0.850000
2025-W46,GOOD,3393,2025-11-12 11:18:34,2025-11-12 11:20:59,SHORT,25536.2500,25536.2500,REVERSAL,1,2,40.0000,200.0000,2106,33.0000,43.0000,-0.3793,0.5577,1.1176,0.2119,3,0.625000
2025-W46,GOOD,3394,2025-11-12 11:20:59,2025-11-12 11:21:37,LONG,25536.2500,25546.5000,REVERSAL,0,1,41.0000,205.0000,732,41.0000,20.0000,-0.3243,1.0571,1.3240,-0.0642,0,-0.206522
2025-W46,GOOD,3395,2025-11-12 11:22:53,2025-11-12 11:24:16,SHORT,25548.2500,25538.2500,REVERSAL,0,1,40.0000,200.0000,960,40.0000,11.0000,0.0571,1.2963,1.2106,0.0226,0,-0.160000
2025-W46,GOOD,3396,2025-11-12 11:28:00,2025-11-12 11:29:51,SHORT,25562.2500,25582.2500,HARD_STOP,1,2,-120.0000,-600.0000,2724,35.0000,60.0000,0.4286,0.5676,0.9953,-0.2607,1,-0.375000
2025-W46,GOOD,3397,2025-11-12 11:33:32,2025-11-12 11:34:22,SHORT,25589.5000,25579.5000,REVERSAL,0,1,40.0000,200.0000,1413,40.0000,22.0000,0.5000,2.0000,1.3065,0.2776,3,0.750000
2025-W46,GOOD,3398,2025-11-12 11:34:39,2025-11-12 11:37:23,SHORT,25579.5000,25599.5000,HARD_STOP,1,2,-120.0000,-600.0000,2817,29.0000,60.0000,-0.6667,0.6316,1.1075,-0.1014,3,0.214286
2025-W46,GOOD,3399,2025-11-12 11:43:00,2025-11-12 11:45:21,LONG,25564.0000,25564.0000,REVERSAL,1,2,40.0000,200.0000,2113,20.0000,49.0000,0.1724,0.7838,0.7941,-0.1069,1,-0.086207
2025-W46,GOOD,3400,2025-11-12 11:47:21,2025-11-12 11:48:15,LONG,25524.0000,25504.0000,HARD_STOP,1,2,-120.0000,-600.0000,1770,20.0000,60.0000,0.1034,1.0000,0.9394,-0.1111,0,-0.218750
2025-W46,GOOD,3401,2025-11-12 11:50:20,2025-11-12 11:52:34,SHORT,25523.7500,25543.7500,HARD_STOP,1,2,-120.0000,-600.0000,3817,33.0000,60.0000,0.5263,0.5000,1.1136,-0.2840,1,-0.625000
2025-W46,GOOD,3402,2025-11-12 11:54:02,2025-11-12 11:55:09,LONG,25530.0000,25530.0000,REVERSAL,1,2,40.0000,200.0000,1071,20.0000,42.0000,0.6333,0.7500,1.1750,-0.0266,2,0.191176
2025-W46,GOOD,3403,2025-11-12 11:55:23,2025-11-12 11:56:25,LONG,25522.7500,25532.7500,REVERSAL,0,1,40.0000,200.0000,948,40.0000,17.0000,0.0588,0.9444,1.1389,0.0458,2,1.333333
2025-W46,GOOD,3404,2025-11-12 11:57:14,2025-11-12 11:58:06,SHORT,25547.5000,25547.5000,REVERSAL,1,2,40.0000,200.0000,1256,23.0000,40.0000,0.6000,1.1290,1.3803,-0.1241,1,-0.392857
2025-W46,GOOD,3405,2025-11-12 12:05:13,2025-11-12 12:05:43,SHORT,25548.2500,25538.0000,REVERSAL,0,1,41.0000,205.0000,658,41.0000,14.0000,0.4348,0.5897,0.8684,-0.2296,0,-0.400000
2025-W46,GOOD,3406,2025-11-12 12:10:11,2025-11-12 12:10:27,LONG,25522.0000,25532.0000,REVERSAL,0,1,40.0000,200.0000,374,40.0000,1.0000,0.3265,1.0889,1.3480,-0.4887,0,-2.166667
2025-W46,GOOD,3407,2025-11-12 12:12:07,2025-11-12 12:12:57,SHORT,25553.2500,25543.2500,REVERSAL,0,1,40.0000,200.0000,712,40.0000,5.0000,0.3750,0.6486,0.8112,-0.3037,0,-1.000000
2025-W46,GOOD,3408,2025-11-12 12:13:12,2025-11-12 12:15:35,SHORT,25551.7500,25571.7500,HARD_STOP,1,2,-120.0000,-600.0000,1957,25.0000,60.0000,-0.4483,0.8788,1.0505,0.1900,3,0.296875
2025-W46,GOOD,3409,2025-11-12 12:16:33,2025-11-12 12:17:21,LONG,25553.0000,25533.0000,HARD_STOP,1,2,-120.0000,-600.0000,1093,21.0000,60.0000,0.0370,0.6585,1.1177,-0.0039,0,-0.083333
2025-W46,GOOD,3410,2025-11-12 12:18:21,2025-11-12 12:18:53,SHORT,25534.0000,25524.0000,REVERSAL,0,1,40.0000,200.0000,495,40.0000,10.0000,0.3514,1.8500,1.4806,-0.1797,0,-0.386364
2025-W46,GOOD,3411,2025-11-12 12:18:53,2025-11-12 12:19:10,LONG,25524.0000,25534.0000,REVERSAL,0,1,40.0000,200.0000,364,40.0000,14.0000,-0.0909,0.6471,0.7830,-0.0709,1,-0.197368
2025-W46,GOOD,3412,2025-11-12 12:24:29,2025-11-12 12:26:07,SHORT,25551.0000,25551.0000,REVERSAL,1,2,40.0000,200.0000,1295,20.0000,46.0000,1.0000,0.5789,0.9523,0.0360,2,0.142857
2025-W46,GOOD,3413,2025-11-12 12:26:17,2025-11-12 12:31:53,SHORT,25552.2500,25552.0000,REVERSAL,1,2,42.0000,210.0000,3730,34.0000,44.0000,0.1538,1.1818,1.1232,0.4545,3,2.375000
2025-W46,GOOD,3414,2025-11-12 12:34:27,2025-11-12 12:34:42,LONG,25559.0000,25569.0000,REVERSAL,0,1,40.0000,200.0000,181,40.0000,3.0000,0.0952,1.4000,1.0571,-0.1076,2,-0.452381
2025-W46,GOOD,3415,2025-11-12 12:34:42,2025-11-12 12:37:00,SHORT,25569.0000,25589.0000,HARD_STOP,1,2,-120.0000,-600.0000,2170,9.0000,60.0000,-0.0476,1.4000,1.0571,0.1076,1,0.452381
2025-W46,GOOD,3416,2025-11-12 12:39:08,2025-11-12 12:39:37,SHORT,25615.7500,25605.5000,REVERSAL,0,1,41.0000,205.0000,662,41.0000,0.0000,0.3333,0.8333,0.7767,-0.3004,0,-0.562500
2025-W46,GOOD,3417,2025-11-12 12:40:07,2025-11-12 12:41:41,SHORT,25618.2500,25618.2500,REVERSAL,1,2,40.0000,200.0000,1868,20.0000,40.0000,0.2258,1.0000,1.0962,-0.2143,1,-0.700000
2025-W46,GOOD,3418,2025-11-12 12:51:39,2025-11-12 12:51:49,LONG,25555.5000,25565.5000,REVERSAL,0,1,40.0000,200.0000,141,40.0000,3.0000,0.0571,0.8750,1.1272,-0.0840,1,-0.517857
2025-W46,GOOD,3419,2025-11-12 12:51:49,2025-11-12 12:53:41,SHORT,25565.5000,25566.2500,REVERSAL,1,2,37.0000,185.0000,1668,18.5000,45.5000,-0.2000,0.8750,1.1272,0.0840,2,0.517857
2025-W46,GOOD,3420,2025-11-12 12:55:09,2025-11-12 12:55:24,SHORT,25579.5000,25569.0000,REVERSAL,0,1,42.0000,210.0000,207,42.0000,3.0000,0.0789,1.4615,1.2960,-0.2222,0,-0.486111
2025-W46,GOOD,3421,2025-11-12 12:55:24,2025-11-12 12:55:40,LONG,25569.0000,25579.0000,REVERSAL,0,1,40.0000,200.0000,223,40.0000,12.0000,-0.1842,1.4615,1.2960,0.2222,3,0.486111
2025-W46,GOOD,3422,2025-11-12 12:57:20,2025-11-12 12:57:36,SHORT,25594.5000,25584.5000,REVERSAL,0,1,40.0000,200.0000,437,40.0000,2.0000,0.0435,0.8519,0.7634,-0.2803,0,-0.423077
2025-W46,GOOD,3423,2025-11-12 12:58:37,2025-11-12 13:00:20,SHORT,25614.0000,25604.0000,REVERSAL,0,1,40.0000,200.0000,1543,40.0000,13.0000,0.3500,0.7407,0.9329,-0.2544,1,-0.031250
2025-W46,GOOD,3424,2025-11-12 13:04:17,2025-11-12 13:04:31,LONG,25605.0000,25615.0000,REVERSAL,0,1,40.0000,200.0000,201,40.0000,1.0000,0.1020,3.0625,1.9523,-0.3741,1,-1.194444
2025-W46,GOOD,3425,2025-11-12 13:04:31,2025-11-12 13:05:12,SHORT,25615.0000,25605.0000,REVERSAL,0,1,40.0000,200.0000,360,40.0000,0.0000,0.0816,3.0625,1.9523,0.3741,2,1.194444
2025-W46,GOOD,3426,2025-11-12 13:10:36,2025-11-12 13:11:22,SHORT,25598.2500,25588.2500,REVERSAL,0,1,40.0000,200.0000,700,40.0000,9.0000,0.3077,1.2381,0.8690,-0.1529,0,-0.202381
2025-W46,GOOD,3427,2025-11-12 13:15:47,2025-11-12 13:16:55,SHORT,25617.5000,25607.5000,REVERSAL,0,1,40.0000,200.0000,783,40.0000,11.0000,0.0625,1.2308,1.2654,-0.0483,0,-0.105769
2025-W46,GOOD,3428,2025-11-12 13:16:55,2025-11-12 13:17:06,LONG,25607.5000,25617.5000,REVERSAL,0,1,40.0000,200.0000,175,40.0000,0.0000,-0.0952,1.6154,1.4919,-0.1362,1,-0.397727
2025-W46,GOOD,3429,2025-11-12 13:17:06,2025-11-12 13:17:44,SHORT,25617.5000,25617.5000,REVERSAL,1,2,40.0000,200.0000,854,20.0000,40.0000,0.1429,1.6154,1.4919,0.1362,2,0.397727
2025-W46,GOOD,3430,2025-11-12 13:19:31,2025-11-12 13:20:12,SHORT,25624.7500,25614.7500,REVERSAL,0,1,40.0000,200.0000,384,40.0000,3.0000,0.2500,0.8000,1.0034,-0.1250,1,-0.291667
2025-W46,GOOD,3431,2025-11-12 13:23:57,2025-11-12 13:25:53,LONG,25610.0000,25620.0000,REVERSAL,0,1,40.0000,200.0000,1107,40.0000,18.0000,1.0000,0.6500,1.9917,0.0809,2,0.104167
2025-W46,GOOD,3432,2025-11-12 13:25:53,2025-11-12 13:26:57,SHORT,25620.0000,25610.0000,REVERSAL,0,1,40.0000,200.0000,641,40.0000,1.0000,-0.2333,0.9375,1.3576,-0.1473,0,-0.037037
2025-W46,GOOD,3433,2025-11-12 13:27:48,2025-11-12 13:29:28,LONG,25597.2500,25607.2500,REVERSAL,0,1,40.0000,200.0000,1256,40.0000,21.0000,0.0714,0.3590,0.9920,-0.0435,0,-0.075000
2025-W46,GOOD,3434,2025-11-12 13:30:42,2025-11-12 13:32:34,SHORT,25618.2500,25608.2500,REVERSAL,0,1,40.0000,200.0000,1227,40.0000,25.0000,0.2105,0.4318,1.0621,-0.0547,1,-0.160714
2025-W46,GOOD,3435,2025-11-12 13:36:29,2025-11-12 13:37:44,LONG,25606.5000,25616.5000,REVERSAL,0,1,40.0000,200.0000,509,40.0000,10.0000,0.0938,0.9697,1.0960,0.1069,1,-0.120690
2025-W46,GOOD,3436,2025-11-12 13:44:26,2025-11-12 13:47:21,LONG,25611.0000,25591.0000,HARD_STOP,1,2,-120.0000,-600.0000,2969,20.0000,60.0000,0.0741,0.6750,1.0272,-0.0317,1,-0.300000
2025-W46,GOOD,3437,2025-11-12 13:51:38,2025-11-12 13:53:58,SHORT,25613.2500,25603.2500,REVERSAL,0,1,40.0000,200.0000,1259,40.0000,20.0000,0.3611,1.5000,1.0227,-0.1765,0,-0.300000
2025-W46,GOOD,3438,2025-11-12 13:53:58,2025-11-12 13:55:13,LONG,25603.2500,25613.2500,REVERSAL,0,1,40.0000,200.0000,332,40.0000,0.0000,-0.0789,1.5200,1.3552,-0.0909,1,-0.328947
2025-W46,GOOD,3439,2025-11-12 14:02:39,2025-11-12 14:04:17,SHORT,25614.2500,25614.2500,REVERSAL,1,2,40.0000,200.0000,1117,23.0000,40.0000,0.3103,1.2609,0.9590,0.0859,1,-0.064815
2025-W46,GOOD,3440,2025-11-12 14:07:32,2025-11-12 14:08:14,LONG,25592.0000,25602.2500,REVERSAL,0,1,41.0000,205.0000,404,41.0000,1.0000,-0.0435,1.0952,0.9097,-0.1571,0,-0.294118
2025-W46,GOOD,3441,2025-11-12 14:10:49,2025-11-12 14:11:38,SHORT,25611.2500,25601.2500,REVERSAL,0,1,40.0000,200.0000,405,40.0000,5.0000,-0.1000,0.5405,1.1512,-0.1840,1,-0.118421
2025-W46,GOOD,3442,2025-11-12 14:16:28,2025-11-12 14:19:10,LONG,25592.7500,25592.7500,REVERSAL,1,2,40.0000,200.0000,1572,20.0000,40.0000,0.4074,1.0385,1.0609,0.0305,3,0.183333
2025-W46,GOOD,3443,2025-11-12 14:22:14,2025-11-12 14:25:17,LONG,25590.7500,25600.7500,REVERSAL,0,1,40.0000,200.0000,1621,40.0000,26.0000,0.7045,1.6923,1.4114,0.1628,1,0.325000
2025-W46,GOOD,3444,2025-11-12 14:26:10,2025-11-12 14:26:53,LONG,25594.5000,25604.7500,REVERSAL,0,1,41.0000,205.0000,266,41.0000,2.0000,0.1389,1.8947,1.5411,-0.3162,1,-0.437500
2025-W46,GOOD,3445,2025-11-12 14:30:01,2025-11-12 14:33:00,LONG,25582.5000,25562.5000,HARD_STOP,1,2,-120.0000,-600.0000,3151,8.0000,60.0000,0.9500,0.7143,0.8956,0.0234,3,0.175926
2025-W46,GOOD,3446,2025-11-12 14:37:27,2025-11-12 14:40:11,SHORT,25591.0000,25581.0000,REVERSAL,0,1,40.0000,200.0000,1431,40.0000,8.0000,0.0435,1.0455,1.0727,-0.1579,0,-0.296875
2025-W46,GOOD,3447,2025-11-12 14:44:37,2025-11-12 14:47:28,LONG,25584.7500,25595.0000,REVERSAL,0,1,41.0000,205.0000,1378,41.0000,25.0000,0.5652,0.6216,1.0816,0.0996,1,-0.051724
2025-W46,GOOD,3448,2025-11-12 14:50:31,2025-11-12 14:51:07,LONG,25573.7500,25583.7500,REVERSAL,0,1,40.0000,200.0000,343,40.0000,4.0000,0.0000,1.4500,1.0280,-0.2290,1,-0.278846
2025-W46,GOOD,3449,2025-11-12 14:59:36,2025-11-12 15:01:29,LONG,25582.2500,25562.2500,HARD_STOP,1,2,-120.0000,-600.0000,1351,6.0000,60.0000,1.0000,0.8214,0.9707,0.0221,3,0.239583
2025-W46,GOOD,3450,2025-11-12 15:04:40,2025-11-12 15:05:07,SHORT,25572.0000,25562.0000,REVERSAL,0,1,40.0000,200.0000,350,40.0000,14.0000,0.2258,0.7750,1.1567,-0.0266,1,-0.128788
2025-W46,GOOD,3451,2025-11-12 15:07:30,2025-11-12 15:16:11,SHORT,25561.2500,25551.2500,REVERSAL,0,1,40.0000,200.0000,3998,40.0000,23.0000,0.9000,0.6061,0.8187,-0.1364,1,0.010000
2025-W46,GOOD,3452,2025-11-12 15:16:22,2025-11-12 15:18:30,SHORT,25560.0000,25580.0000,HARD_STOP,1,2,-120.0000,-600.0000,1858,17.0000,60.0000,0.2708,1.4118,1.7684,0.0579,3,0.159091
2025-W46,GOOD,3453,2025-11-12 15:20:36,2025-11-12 15:21:12,LONG,25570.2500,25580.5000,REVERSAL,0,1,41.0000,205.0000,392,41.0000,3.0000,0.2051,1.6250,1.2411,-0.2253,2,-0.402778
2025-W46,GOOD,3454,2025-11-12 15:32:03,2025-11-12 15:36:50,SHORT,25620.7500,25620.7500,REVERSAL,1,2,40.0000,200.0000,5375,29.0000,54.0000,0.1290,1.7222,1.2897,-0.2278,0,-0.590909
2025-W46,GOOD,3455,2025-11-12 15:38:46,2025-11-12 15:39:49,LONG,25601.2500,25611.2500,REVERSAL,0,1,40.0000,200.0000,849,40.0000,7.0000,0.1667,0.3750,0.7589,-0.3490,0,-0.357143
2025-W46,GOOD,3456,2025-11-12 15:40:30,2025-11-12 15:46:16,SHORT,25619.7500,25609.7500,REVERSAL,0,1,40.0000,200.0000,3348,40.0000,31.0000,0.6400,1.3158,0.9972,-0.0350,0,-0.200000
2025-W46,GOOD,3457,2025-11-12 15:47:49,2025-11-12 15:49:17,SHORT,25617.2500,25607.0000,REVERSAL,0,1,41.0000,205.0000,644,41.0000,0.0000,0.0606,1.5714,1.1138,-0.0805,1,-0.260000
2025-W46,GOOD,3458,2025-11-13 09:30:03,2025-11-13 09:30:08,SHORT,25497.7500,25487.7500,REVERSAL,0,1,40.0000,200.0000,533,40.0000,17.0000,0.0000,1.2800,1.1400,-0.4331,0,-6.750000
2025-W46,GOOD,3459,2025-11-13 09:30:44,2025-11-13 09:31:05,LONG,25469.0000,25449.0000,HARD_STOP,1,2,-120.0000,-600.0000,1282,28.0000,60.0000,0.0000,0.7021,1.0632,-0.1197,1,-1.400000
2025-W46,GOOD,3460,2025-11-13 09:31:19,2025-11-13 09:31:32,LONG,25435.7500,25445.7500,REVERSAL,0,1,40.0000,200.0000,844,40.0000,9.0000,0.0000,1.0000,0.7364,-0.2857,0,-2.125000
2025-W46,GOOD,3461,2025-11-13 09:31:39,2025-11-13 09:31:48,SHORT,25453.7500,25443.7500,REVERSAL,0,1,40.0000,200.0000,472,40.0000,9.0000,0.0000,0.7692,1.3846,-0.1938,0,-0.750000
2025-W46,GOOD,3462,2025-11-13 09:32:08,2025-11-13 09:32:27,SHORT,25461.0000,25461.0000,REVERSAL,1,2,40.0000,200.0000,783,22.0000,40.0000,0.7097,0.8378,1.2598,0.1536,2,0.166667
2025-W46,GOOD,3463,2025-11-13 09:32:45,2025-11-13 09:32:58,SHORT,25461.0000,25451.0000,REVERSAL,0,1,40.0000,200.0000,290,40.0000,6.0000,0.1719,1.4222,1.0925,-0.1094,2,-1.464286
2025-W46,GOOD,3464,2025-11-13 09:35:24,2025-11-13 09:35:47,LONG,25402.7500,25402.7500,REVERSAL,1,2,40.0000,200.0000,1458,20.0000,40.0000,0.0476,0.3750,1.1208,-0.0662,0,-0.916667
2025-W46,GOOD,3465,2025-11-13 09:35:51,2025-11-13 09:35:56,LONG,25396.0000,25406.0000,REVERSAL,0,1,40.0000,200.0000,182,40.0000,0.0000,0.1389,1.4400,1.2008,0.3712,1,1.550000
2025-W46,GOOD,3466,2025-11-13 09:37:22,2025-11-13 09:37:56,LONG,25360.2500,25370.2500,REVERSAL,0,1,40.0000,200.0000,1460,40.0000,19.0000,0.1429,0.8537,1.3181,-0.1747,0,-0.300000
2025-W46,GOOD,3467,2025-11-13 09:38:15,2025-11-13 09:39:16,LONG,25368.2500,25378.2500,REVERSAL,0,1,40.0000,200.0000,1890,40.0000,37.0000,0.6429,2.8000,1.5562,-0.0226,2,0.406250
2025-W46,GOOD,3468,2025-11-13 09:40:09,2025-11-13 09:40:13,LONG,25343.5000,25353.5000,REVERSAL,0,1,40.0000,200.0000,307,40.0000,2.0000,0.1778,2.6471,1.6383,-0.1655,1,-1.750000
2025-W46,GOOD,3469,2025-11-13 09:40:34,2025-11-13 09:41:19,SHORT,25359.0000,25359.0000,REVERSAL,1,2,40.0000,200.0000,2176,34.0000,49.0000,0.0000,1.2051,1.2750,-0.2607,1,-1.214286
2025-W46,GOOD,3470,2025-11-13 09:42:41,2025-11-13 09:43:01,SHORT,25350.5000,25340.5000,REVERSAL,0,1,40.0000,200.0000,845,40.0000,0.0000,0.2308,0.5778,1.1543,-0.1225,1,-0.812500
2025-W46,GOOD,3471,2025-11-13 09:46:06,2025-11-13 09:46:27,LONG,25304.0000,25314.0000,REVERSAL,0,1,40.0000,200.0000,622,40.0000,29.0000,1.0000,0.9268,1.0664,0.2197,2,1.450000
2025-W46,GOOD,3472,2025-11-13 09:46:40,2025-11-13 09:46:45,SHORT,25317.5000,25307.2500,REVERSAL,0,1,41.0000,205.0000,226,41.0000,2.0000,0.0000,1.7917,1.1311,-0.1654,1,-0.972222
2025-W46,GOOD,3473,2025-11-13 09:46:45,2025-11-13 09:47:02,LONG,25307.2500,25317.2500,REVERSAL,0,1,40.0000,200.0000,623,40.0000,37.0000,0.0465,1.7917,1.1311,0.1654,2,0.972222
2025-W46,GOOD,3474,2025-11-13 09:50:43,2025-11-13 09:51:21,SHORT,25332.2500,25331.7500,REVERSAL,1,2,44.0000,220.0000,1211,22.0000,56.0000,0.7674,0.9556,1.1809,0.1538,3,0.725000
2025-W46,GOOD,3475,2025-11-13 09:51:28,2025-11-13 09:51:42,SHORT,25339.0000,25359.0000,HARD_STOP,1,2,-120.0000,-600.0000,867,14.0000,60.0000,-0.1481,0.6279,1.0818,0.1221,3,0.821429
2025-W46,GOOD,3476,2025-11-13 09:53:17,2025-11-13 09:53:29,SHORT,25374.7500,25374.7500,REVERSAL,1,2,40.0000,200.0000,411,20.0000,40.0000,0.9062,0.6400,1.1821,0.0889,2,1.125000
2025-W46,GOOD,3477,2025-11-13 09:54:25,2025-11-13 09:54:50,LONG,25372.2500,25352.2500,HARD_STOP,1,2,-120.0000,-600.0000,840,27.0000,60.0000,0.3095,0.7925,1.1993,0.1321,1,0.458333
2025-W46,GOOD,3478,2025-11-13 09:55:30,2025-11-13 09:56:02,SHORT,25380.7500,25370.5000,REVERSAL,0,1,41.0000,205.0000,815,41.0000,25.0000,0.9355,0.5741,0.9149,-0.3723,1,1.000000
2025-W46,GOOD,3479,2025-11-13 09:56:02,2025-11-13 09:56:08,LONG,25370.5000,25380.5000,REVERSAL,0,1,40.0000,200.0000,222,40.0000,11.0000,-0.1786,0.8000,0.9833,-0.5307,1,-0.450000
2025-W46,GOOD,3480,2025-11-13 09:57:07,2025-11-13 09:57:16,SHORT,25413.2500,25403.0000,REVERSAL,0,1,41.0000,205.0000,442,41.0000,18.0000,0.5600,0.6410,0.7740,-0.0189,1,0.375000
2025-W46,GOOD,3481,2025-11-13 10:01:56,2025-11-13 10:02:27,LONG,25372.2500,25352.2500,HARD_STOP,1,2,-120.0000,-600.0000,982,18.0000,60.0000,0.8958,1.7143,1.4658,-0.1069,1,1.650000
2025-W46,GOOD,3482,2025-11-13 10:02:47,2025-11-13 10:02:56,SHORT,25351.0000,25341.0000,REVERSAL,0,1,40.0000,200.0000,207,40.0000,4.0000,0.2619,2.0000,1.2692,-0.2406,1,-1.750000
2025-W46,GOOD,3483,2025-11-13 10:03:31,2025-11-13 10:03:39,LONG,25344.2500,25354.5000,REVERSAL,0,1,41.0000,205.0000,187,41.0000,0.0000,0.1964,1.4359,1.4402,-0.0698,2,-0.875000
2025-W46,GOOD,3484,2025-11-13 10:03:39,2025-11-13 10:04:17,SHORT,25354.5000,25344.5000,REVERSAL,0,1,40.0000,200.0000,974,40.0000,28.0000,0.0714,1.4359,1.4402,0.0698,1,0.875000
2025-W46,GOOD,3485,2025-11-13 10:04:41,2025-11-13 10:05:00,LONG,25327.2500,25337.2500,REVERSAL,0,1,40.0000,200.0000,511,40.0000,14.0000,0.1176,0.3778,0.7658,-0.0037,1,-0.375000
2025-W46,GOOD,3486,2025-11-13 10:05:05,2025-11-13 10:05:15,SHORT,25346.5000,25336.5000,REVERSAL,0,1,40.0000,200.0000,272,40.0000,5.0000,0.0000,1.1591,1.4962,-0.3532,0,-2.050000
2025-W46,GOOD,3487,2025-11-13 10:07:56,2025-11-13 10:08:32,SHORT,25403.5000,25423.5000,HARD_STOP,1,2,-120.0000,-600.0000,1441,38.0000,60.0000,0.0244,1.1081,1.0166,-0.1019,0,-0.937500
2025-W46,GOOD,3488,2025-11-13 10:08:42,2025-11-13 10:08:42,SHORT,25440.0000,25430.0000,REVERSAL,0,1,40.0000,200.0000,214,40.0000,0.0000,0.0000,1.5250,1.5032,-0.8947,1,-14.750000
2025-W46,GOOD,3489,2025-11-13 10:08:42,2025-11-13 10:09:07,LONG,25430.0000,25440.0000,REVERSAL,0,1,40.0000,200.0000,1520,40.0000,25.0000,0.3443,1.5250,1.5032,0.8947,2,14.750000
2025-W46,GOOD,3490,2025-11-13 10:09:21,2025-11-13 10:09:52,LONG,25430.5000,25440.5000,REVERSAL,0,1,40.0000,200.0000,828,40.0000,7.0000,0.2258,1.0333,0.9712,-0.2077,1,-0.535714
2025-W46,GOOD,3491,2025-11-13 10:12:03,2025-11-13 10:12:36,SHORT,25434.2500,25454.5000,HARD_STOP,1,2,-122.0000,-610.0000,1255,21.0000,61.0000,0.4688,0.7273,1.0303,-0.4340,0,-1.166667
2025-W46,GOOD,3492,2025-11-13 10:15:53,2025-11-13 10:16:35,SHORT,25474.7500,25494.7500,HARD_STOP,1,2,-120.0000,-600.0000,1782,17.0000,60.0000,0.0333,0.6122,1.2484,-0.0076,1,-0.041667
2025-W46,GOOD,3493,2025-11-13 10:17:18,2025-11-13 10:18:19,LONG,25464.0000,25465.0000,REVERSAL,1,2,48.0000,240.0000,2408,24.0000,49.0000,0.0000,0.9394,1.5009,-0.2685,0,-0.416667
2025-W46,GOOD,3494,2025-11-13 10:18:46,2025-11-13 10:19:12,LONG,25449.0000,25459.0000,REVERSAL,0,1,40.0000,200.0000,596,40.0000,10.0000,0.2609,1.1500,0.9029,-0.0792,0,-0.300000
2025-W46,GOOD,3495,2025-11-13 10:22:05,2025-11-13 10:22:50,LONG,25418.0000,25397.7500,HARD_STOP,1,2,-121.0000,-605.0000,1519,6.0000,60.5000,0.8200,1.9231,1.5524,0.3193,2,1.300000
2025-W46,GOOD,3496,2025-11-13 10:23:39,2025-11-13 10:23:45,SHORT,25411.7500,25401.5000,REVERSAL,0,1,41.0000,205.0000,266,41.0000,5.0000,0.0789,1.1176,1.0740,-0.1144,0,-2.250000
2025-W46,GOOD,3497,2025-11-13 10:24:31,2025-11-13 10:24:44,SHORT,25418.2500,25408.2500,REVERSAL,0,1,40.0000,200.0000,494,40.0000,20.0000,0.1364,0.4583,0.6502,-0.4609,0,-0.750000
2025-W46,GOOD,3498,2025-11-13 10:28:17,2025-11-13 10:28:41,LONG,25373.5000,25383.5000,REVERSAL,0,1,40.0000,200.0000,548,40.0000,11.0000,0.2432,1.8500,1.2028,-0.1071,0,-0.458333
2025-W46,GOOD,3499,2025-11-13 10:30:02,2025-11-13 10:31:31,LONG,25380.2500,25380.2500,REVERSAL,1,2,40.0000,200.0000,1827,24.0000,40.0000,0.2273,0.5641,0.7821,-0.1667,1,-0.045455
2025-W46,GOOD,3500,2025-11-13 10:34:40,2025-11-13 10:35:06,LONG,25319.0000,25329.0000,REVERSAL,0,1,40.0000,200.0000,965,40.0000,15.0000,0.3871,0.7045,0.8761,-0.1081,0,-0.375000
2025-W46,GOOD,3501,2025-11-13 10:35:50,2025-11-13 10:36:34,SHORT,25333.0000,25322.7500,REVERSAL,0,1,41.0000,205.0000,1515,41.0000,32.0000,0.4722,0.9730,1.0306,-0.1747,0,-0.340909
2025-W46,GOOD,3502,2025-11-13 10:36:57,2025-11-13 10:37:05,SHORT,25337.2500,25327.2500,REVERSAL,0,1,40.0000,200.0000,209,40.0000,2.0000,-0.0870,1.3939,1.1095,-0.0149,1,-0.750000
2025-W46,GOOD,3503,2025-11-13 10:37:05,2025-11-13 10:37:39,LONG,25327.2500,25307.2500,HARD_STOP,1,2,-120.0000,-600.0000,977,9.0000,60.0000,0.2174,1.3939,1.1095,0.0149,2,0.750000
2025-W46,GOOD,3504,2025-11-13 10:38:38,2025-11-13 10:39:00,LONG,25296.0000,25306.0000,REVERSAL,0,1,40.0000,200.0000,596,40.0000,6.0000,0.0000,1.1538,1.2611,0.0000,0,-0.307692
2025-W46,GOOD,3505,2025-11-13 10:40:14,2025-11-13 10:40:44,LONG,25311.2500,25321.2500,REVERSAL,0,1,40.0000,200.0000,644,40.0000,11.0000,0.4848,1.1379,1.0221,-0.1547,0,-0.571429
2025-W46,GOOD,3506,2025-11-13 10:41:02,2025-11-13 10:41:10,SHORT,25332.7500,25322.7500,REVERSAL,0,1,40.0000,200.0000,300,40.0000,12.0000,0.0571,1.2500,0.8843,-0.2578,0,-0.812500
2025-W46,GOOD,3507,2025-11-13 10:41:25,2025-11-13 10:42:22,LONG,25308.7500,25318.7500,REVERSAL,0,1,40.0000,200.0000,1153,40.0000,24.0000,0.2340,0.8545,1.0820,-0.2399,0,-0.777778
2025-W46,GOOD,3508,2025-11-13 10:43:11,2025-11-13 10:43:24,LONG,25292.5000,25302.5000,REVERSAL,0,1,40.0000,200.0000,338,40.0000,1.0000,0.1667,1.0909,0.9685,-0.3410,1,-1.350000
2025-W46,GOOD,3509,2025-11-13 10:44:10,2025-11-13 10:45:24,LONG,25292.5000,25272.5000,HARD_STOP,1,2,-120.0000,-600.0000,2068,20.0000,60.0000,0.1364,0.6111,0.8056,0.1419,0,-0.250000
2025-W46,GOOD,3510,2025-11-13 10:49:13,2025-11-13 10:50:35,LONG,25234.7500,25234.7500,REVERSAL,1,2,40.0000,200.0000,2683,39.0000,40.0000,0.0370,0.7500,1.0179,-0.1418,1,-0.527778
2025-W46,GOOD,3511,2025-11-13 10:51:24,2025-11-13 10:51:34,LONG,25229.0000,25239.2500,REVERSAL,0,1,41.0000,205.0000,172,41.0000,2.0000,0.2286,0.5469,1.6068,-0.1119,1,-0.318182
2025-W46,GOOD,3512,2025-11-13 10:51:34,2025-11-13 10:52:01,SHORT,25239.2500,25229.2500,REVERSAL,0,1,40.0000,200.0000,445,40.0000,2.0000,-0.4000,0.5469,1.6068,0.1119,2,0.318182
2025-W46,GOOD,3513,2025-11-13 10:53:47,2025-11-13 10:54:14,LONG,25227.2500,25207.2500,HARD_STOP,1,2,-120.0000,-600.0000,1174,24.0000,60.0000,0.0278,0.9000,1.2192,0.0584,0,-0.013158
2025-W46,GOOD,3514,2025-11-13 10:57:47,2025-11-13 10:58:03,SHORT,25225.2500,25215.2500,REVERSAL,0,1,40.0000,200.0000,371,40.0000,0.0000,0.1957,1.4375,1.2349,-0.1583,0,-0.638889
2025-W46,GOOD,3515,2025-11-13 10:58:20,2025-11-13 10:59:33,SHORT,25232.0000,25252.0000,HARD_STOP,1,2,-120.0000,-600.0000,3011,25.0000,60.0000,0.0750,0.9524,1.2540,-0.1221,1,-0.812500
2025-W46,GOOD,3516,2025-11-13 11:01:03,2025-11-13 11:01:12,LONG,25257.0000,25267.0000,REVERSAL,0,1,40.0000,200.0000,328,40.0000,6.0000,0.0294,1.4167,1.0613,-0.3360,0,-1.375000
2025-W46,GOOD,3517,2025-11-13 11:02:01,2025-11-13 11:02:13,LONG,25255.5000,25265.5000,REVERSAL,0,1,40.0000,200.0000,308,40.0000,8.0000,0.3333,0.6176,0.7447,0.0368,0,-0.458333
2025-W46,GOOD,3518,2025-11-13 11:03:18,2025-11-13 11:03:40,LONG,25247.7500,25227.5000,HARD_STOP,1,2,-121.0000,-605.0000,855,24.0000,60.5000,0.2558,1.0750,0.9149,-0.2644,1,-0.704545
2025-W46,GOOD,3519,2025-11-13 11:03:50,2025-11-13 11:04:11,SHORT,25232.0000,25222.0000,REVERSAL,0,1,40.0000,200.0000,472,40.0000,9.0000,-0.1200,0.6410,0.6402,0.2117,3,0.857143
2025-W46,GOOD,3520,2025-11-13 11:05:01,2025-11-13 11:05:56,LONG,25217.2500,25217.5000,REVERSAL,1,2,42.0000,210.0000,1235,22.0000,40.0000,0.0909,0.4490,0.7943,0.0692,1,-0.250000
2025-W46,GOOD,3521,2025-11-13 11:05:56,2025-11-13 11:06:19,SHORT,25217.5000,25207.5000,REVERSAL,0,1,40.0000,200.0000,337,40.0000,8.0000,-0.0250,1.3793,1.1730,0.2059,3,0.818182
2025-W46,GOOD,3522,2025-11-13 11:06:33,2025-11-13 11:06:43,SHORT,25217.2500,25207.2500,REVERSAL,0,1,40.0000,200.0000,211,40.0000,2.0000,-0.1111,0.8571,0.8486,-0.1367,2,0.083333
2025-W46,GOOD,3523,2025-11-13 11:06:55,2025-11-13 11:07:40,LONG,25195.5000,25205.5000,REVERSAL,0,1,40.0000,200.0000,1316,40.0000,14.0000,0.0333,0.7500,1.0000,-0.4557,1,-2.083333
2025-W46,GOOD,3524,2025-11-13 11:08:29,2025-11-13 11:09:39,SHORT,25210.2500,25230.2500,HARD_STOP,1,2,-120.0000,-600.0000,1644,16.0000,60.0000,0.9355,0.6327,1.3815,-0.2222,2,0.250000
2025-W46,GOOD,3525,2025-11-13 11:10:09,2025-11-13 11:10:17,LONG,25212.2500,25222.2500,REVERSAL,0,1,40.0000,200.0000,236,40.0000,5.0000,-0.0244,0.8200,1.4970,-0.3333,0,-1.321429
2025-W46,GOOD,3526,2025-11-13 11:10:17,2025-11-13 11:10:35,SHORT,25222.2500,25212.2500,REVERSAL,0,1,40.0000,200.0000,404,40.0000,13.0000,0.0488,0.8200,1.4970,0.3333,3,1.321429
2025-W46,GOOD,3527,2025-11-13 11:15:19,2025-11-13 11:15:54,SHORT,25241.5000,25241.5000,REVERSAL,1,2,40.0000,200.0000,1347,30.0000,40.0000,0.0000,1.1071,0.9536,-0.0922,0,-0.350000
2025-W46,GOOD,3528,2025-11-13 11:16:21,2025-11-13 11:19:10,LONG,25210.7500,25190.7500,HARD_STOP,1,2,-120.0000,-600.0000,2990,39.0000,60.0000,0.0000,0.6400,0.7745,-0.2672,0,-1.107143
2025-W46,GOOD,3529,2025-11-13 11:20:28,2025-11-13 11:20:34,LONG,25201.5000,25211.7500,REVERSAL,0,1,41.0000,205.0000,128,41.0000,1.0000,0.0000,0.9200,1.2933,-0.4636,1,-1.277778
2025-W46,GOOD,3530,2025-11-13 11:20:34,2025-11-13 11:21:14,SHORT,25211.7500,25211.7500,REVERSAL,1,2,40.0000,200.0000,873,20.0000,40.0000,0.1087,0.9200,1.2933,0.4636,2,1.277778
2025-W46,GOOD,3531,2025-11-13 11:21:37,2025-11-13 11:21:55,SHORT,25211.7500,25201.7500,REVERSAL,0,1,40.0000,200.0000,213,40.0000,22.0000,0.0909,0.7857,0.8841,0.0881,2,0.791667
2025-W46,GOOD,3532,2025-11-13 11:28:32,2025-11-13 11:29:24,SHORT,25226.0000,25216.0000,REVERSAL,0,1,40.0000,200.0000,1084,40.0000,39.0000,0.0556,0.6429,0.8814,-0.1240,0,-0.475000
2025-W46,GOOD,3533,2025-11-13 11:29:45,2025-11-13 11:30:39,SHORT,25228.7500,25228.5000,REVERSAL,1,2,43.0000,215.0000,1268,34.0000,41.0000,0.2340,1.3824,1.0453,-0.2669,1,-0.607143
2025-W46,GOOD,3534,2025-11-13 11:32:25,2025-11-13 11:32:33,SHORT,25236.2500,25226.2500,REVERSAL,0,1,40.0000,200.0000,223,40.0000,12.0000,0.0645,0.8611,0.7463,-0.1324,0,-0.458333
2025-W46,GOOD,3535,2025-11-13 11:32:33,2025-11-13 11:33:36,LONG,25226.2500,25236.2500,REVERSAL,0,1,40.0000,200.0000,1037,40.0000,37.0000,-0.3548,0.8611,0.7463,0.1324,3,0.458333
2025-W46,GOOD,3536,2025-11-13 11:33:49,2025-11-13 11:34:03,LONG,25230.0000,25240.0000,REVERSAL,0,1,40.0000,200.0000,238,40.0000,7.0000,-0.7083,0.4706,0.9853,0.0714,2,-0.100000
2025-W46,GOOD,3537,2025-11-13 11:34:35,2025-11-13 11:35:14,SHORT,25256.5000,25246.5000,REVERSAL,0,1,40.0000,200.0000,1339,40.0000,27.0000,0.2326,1.0750,0.9920,-0.1170,1,-0.781250
2025-W46,GOOD,3538,2025-11-13 11:35:16,2025-11-13 11:35:34,SHORT,25251.2500,25241.2500,REVERSAL,0,1,40.0000,200.0000,505,40.0000,8.0000,0.2407,1.5429,1.1286,0.5154,2,
2025-W46,GOOD,3539,2025-11-13 11:37:22,2025-11-13 11:37:42,LONG,25204.0000,25214.0000,REVERSAL,0,1,40.0000,200.0000,325,40.0000,20.0000,0.0426,1.4242,1.4978,0.2308,2,0.062500
2025-W46,GOOD,3540,2025-11-13 11:39:35,2025-11-13 11:40:24,LONG,25184.5000,25164.5000,HARD_STOP,1,2,-120.0000,-600.0000,1533,11.0000,60.0000,0.7297,2.3125,1.4896,0.3750,2,1.000000
2025-W46,GOOD,3541,2025-11-13 11:42:12,2025-11-13 11:43:01,SHORT,25179.7500,25169.7500,REVERSAL,0,1,40.0000,200.0000,602,40.0000,17.0000,0.1951,1.3226,1.1310,-0.2308,0,-0.638889
2025-W46,GOOD,3542,2025-11-13 11:45:37,2025-11-13 11:45:43,LONG,25170.0000,25180.0000,REVERSAL,0,1,40.0000,200.0000,75,40.0000,2.0000,0.3684,1.1875,0.9271,-0.2140,0,-0.171875
2025-W46,GOOD,3543,2025-11-13 11:45:43,2025-11-13 11:45:58,SHORT,25180.0000,25170.0000,REVERSAL,0,1,40.0000,200.0000,274,40.0000,8.0000,-0.4211,1.1875,0.9271,0.2140,3,0.171875
2025-W46,GOOD,3544,2025-11-13 11:51:23,2025-11-13 11:52:02,SHORT,25217.0000,25207.0000,REVERSAL,0,1,40.0000,200.0000,843,40.0000,17.0000,-0.0278,0.7660,0.6384,0.0394,0,-0.593750
2025-W46,GOOD,3545,2025-11-13 11:53:03,2025-11-13 11:53:41,LONG,25192.2500,25172.0000,HARD_STOP,1,2,-121.0000,-605.0000,730,5.5000,60.5000,0.9697,0.8462,1.1731,0.0827,2,0.423077
2025-W46,GOOD,3546,2025-11-13 12:00:25,2025-11-13 12:00:28,SHORT,25211.5000,25201.5000,REVERSAL,0,1,40.0000,200.0000,107,40.0000,4.0000,0.0000,1.2800,0.8186,-0.0462,1,-0.725000
2025-W46,GOOD,3547,2025-11-13 12:00:28,2025-11-13 12:00:50,LONG,25201.5000,25211.5000,REVERSAL,0,1,40.0000,200.0000,367,40.0000,18.0000,-0.2500,1.2800,0.8186,0.0462,2,0.725000
2025-W46,GOOD,3548,2025-11-13 12:01:17,2025-11-13 12:02:37,LONG,25201.5000,25181.5000,HARD_STOP,1,2,-120.0000,-600.0000,1361,30.0000,60.0000,0.8276,0.5273,1.6386,-0.2671,1,-0.138889
2025-W46,GOOD,3549,2025-11-13 12:04:11,2025-11-13 12:05:11,SHORT,25203.5000,25224.0000,HARD_STOP,1,2,-121.0000,-605.0000,939,32.0000,60.5000,0.4565,1.0000,1.2931,0.1863,1,0.187500
2025-W46,GOOD,3550,2025-11-13 12:06:25,2025-11-13 12:07:10,SHORT,25221.2500,25211.2500,REVERSAL,0,1,40.0000,200.0000,551,40.0000,20.0000,0.2308,0.6964,0.8394,-0.0305,1,0.071429
2025-W46,GOOD,3551,2025-11-13 12:07:10,2025-11-13 12:07:15,LONG,25211.2500,25221.7500,REVERSAL,0,1,42.0000,210.0000,98,42.0000,6.0000,-0.1026,1.3000,1.0346,-0.0039,1,-0.380435
2025-W46,GOOD,3552,2025-11-13 12:07:15,2025-11-13 12:07:54,SHORT,25221.7500,25221.5000,REVERSAL,1,2,42.0000,210.0000,828,21.0000,40.0000,0.0256,1.3000,1.0346,0.0039,2,0.380435
2025-W46,GOOD,3553,2025-11-13 12:10:39,2025-11-13 12:11:39,LONG,25170.0000,25170.0000,REVERSAL,1,2,40.0000,200.0000,1515,20.0000,55.0000,0.8000,0.3636,1.0985,-0.1791,0,-0.071429
2025-W46,GOOD,3554,2025-11-13 12:14:00,2025-11-13 12:14:20,SHORT,25184.7500,25174.7500,REVERSAL,0,1,40.0000,200.0000,295,40.0000,3.0000,0.2188,0.9697,0.8084,-0.1971,0,-0.264706
2025-W46,GOOD,3555,2025-11-13 12:15:03,2025-11-13 12:15:25,SHORT,25178.5000,25198.7500,HARD_STOP,1,2,-122.0000,-610.0000,442,6.0000,61.0000,0.2727,1.3750,1.3125,0.0549,2,0.555556
2025-W46,GOOD,3556,2025-11-13 12:16:11,2025-11-13 12:16:48,LONG,25190.7500,25200.7500,REVERSAL,0,1,40.0000,200.0000,652,40.0000,20.0000,0.6667,0.7895,0.7466,0.0236,1,0.150000
2025-W46,GOOD,3557,2025-11-13 12:18:43,2025-11-13 12:18:53,LONG,25195.7500,25206.0000,REVERSAL,0,1,41.0000,205.0000,236,41.0000,13.0000,0.2571,0.8750,0.8723,-0.0672,0,-0.659091
2025-W46,GOOD,3558,2025-11-13 12:18:53,2025-11-13 12:19:33,SHORT,25206.0000,25205.2500,REVERSAL,1,2,46.0000,230.0000,500,23.0000,40.0000,-0.4286,0.8750,0.8723,0.0672,3,0.659091
2025-W46,GOOD,3559,2025-11-13 12:19:33,2025-11-13 12:20:06,LONG,25205.2500,25205.7500,REVERSAL,1,2,44.0000,220.0000,452,22.0000,40.0000,0.0392,0.9444,1.2437,0.2381,2,0.400000
2025-W46,GOOD,3560,2025-11-13 12:20:06,2025-11-13 12:20:23,SHORT,25205.7500,25195.7500,REVERSAL,0,1,40.0000,200.0000,222,40.0000,9.0000,0.1667,1.3953,1.1192,0.1042,2,0.460000
2025-W46,GOOD,3561,2025-11-13 12:25:58,2025-11-13 12:26:21,SHORT,25234.0000,25224.0000,REVERSAL,0,1,40.0000,200.0000,254,40.0000,11.0000,0.3784,0.7872,1.0464,-0.0975,0,-0.410714
2025-W46,GOOD,3562,2025-11-13 12:29:53,2025-11-13 12:30:48,SHORT,25234.0000,25254.0000,HARD_STOP,1,2,-120.0000,-600.0000,860,10.0000,60.0000,0.7872,1.2368,1.6184,0.1882,2,0.229167
2025-W46,GOOD,3563,2025-11-13 12:31:44,2025-11-13 12:32:43,SHORT,25248.2500,25238.2500,REVERSAL,0,1,40.0000,200.0000,630,40.0000,25.0000,0.5758,0.6875,0.7247,0.1362,2,0.093750
2025-W46,GOOD,3564,2025-11-13 12:35:31,2025-11-13 12:35:37,LONG,25220.7500,25230.7500,REVERSAL,0,1,40.0000,200.0000,140,40.0000,3.0000,0.0652,1.1500,0.9917,-0.0667,0,-0.825000
2025-W46,GOOD,3565,2025-11-13 12:35:37,2025-11-13 12:35:50,SHORT,25230.7500,25220.7500,REVERSAL,0,1,40.0000,200.0000,183,40.0000,3.0000,0.0652,1.1500,0.9917,0.0667,3,0.825000
2025-W46,GOOD,3566,2025-11-13 12:36:11,2025-11-13 12:36:23,LONG,25211.5000,25222.2500,REVERSAL,0,1,43.0000,215.0000,212,43.0000,4.0000,0.0000,1.1951,1.0432,-0.2296,1,-0.923077
2025-W46,GOOD,3567,2025-11-13 12:36:23,2025-11-13 12:37:48,SHORT,25222.2500,25212.2500,REVERSAL,0,1,40.0000,200.0000,1243,40.0000,29.0000,0.1224,1.1951,1.0432,0.2296,2,0.923077
2025-W46,GOOD,3568,2025-11-13 12:39:28,2025-11-13 12:40:50,SHORT,25226.5000,25226.5000,REVERSAL,1,2,40.0000,200.0000,975,20.0000,42.0000,1.0185,2.2500,1.3250,0.2193,1,0.750000
2025-W46,GOOD,3569,2025-11-13 12:41:46,2025-11-13 12:42:00,LONG,25201.0000,25211.0000,REVERSAL,0,1,40.0000,200.0000,374,40.0000,18.0000,0.2903,0.7381,0.7509,-0.4203,0,-1.375000
2025-W46,GOOD,3570,2025-11-13 12:42:44,2025-11-13 12:44:04,LONG,25206.7500,25206.7500,REVERSAL,1,2,40.0000,200.0000,1001,38.0000,40.0000,0.4737,1.0000,1.1333,-0.1188,1,-0.263889
2025-W46,GOOD,3571,2025-11-13 12:50:43,2025-11-13 12:50:55,LONG,25161.2500,25171.2500,REVERSAL,0,1,40.0000,200.0000,412,40.0000,22.0000,0.1667,1.3548,1.0379,-0.1860,0,-0.196429
2025-W46,GOOD,3572,2025-11-13 12:53:22,2025-11-13 12:54:00,LONG,25161.0000,25160.7500,REVERSAL,1,2,39.0000,195.0000,939,19.5000,41.0000,0.7636,1.5714,1.1927,0.0506,3,0.410714
2025-W46,GOOD,3573,2025-11-13 12:56:45,2025-11-13 12:57:00,SHORT,25162.2500,25152.0000,REVERSAL,0,1,41.0000,205.0000,187,41.0000,0.0000,0.0000,2.2857,1.3487,-0.3591,1,-0.789474
2025-W46,GOOD,3574,2025-11-13 12:57:00,2025-11-13 12:57:39,LONG,25152.0000,25131.7500,HARD_STOP,1,2,-121.0000,-605.0000,1012,14.0000,60.5000,0.3594,2.2857,1.3487,0.3591,2,0.789474
2025-W46,GOOD,3575,2025-11-13 12:58:42,2025-11-13 12:58:57,LONG,25128.7500,25138.7500,REVERSAL,0,1,40.0000,200.0000,310,40.0000,12.0000,0.2162,0.9024,1.0369,-0.0312,1,-0.516667
2025-W46,GOOD,3576,2025-11-13 13:02:44,2025-11-13 13:03:13,SHORT,25142.2500,25142.2500,REVERSAL,1,2,40.0000,200.0000,397,20.0000,40.0000,0.9091,1.4474,1.0116,0.2135,1,1.075000
2025-W46,GOOD,3577,2025-11-13 13:05:07,2025-11-13 13:05:42,SHORT,25144.0000,25133.5000,REVERSAL,0,1,42.0000,210.0000,354,42.0000,17.0000,0.0976,0.8367,1.0466,0.1328,1,-0.150000
2025-W46,GOOD,3578,2025-11-13 13:07:38,2025-11-13 13:07:46,LONG,25140.2500,25150.2500,REVERSAL,0,1,40.0000,200.0000,169,40.0000,8.0000,0.0392,1.0000,1.3226,-0.2030,0,-0.390625
2025-W46,GOOD,3579,2025-11-13 13:07:46,2025-11-13 13:08:22,SHORT,25150.2500,25140.0000,REVERSAL,0,1,41.0000,205.0000,458,41.0000,19.0000,0.1765,1.0000,1.3226,0.2030,3,0.390625
2025-W46,GOOD,3580,2025-11-13 13:09:09,2025-11-13 13:09:22,SHORT,25142.5000,25132.5000,REVERSAL,0,1,40.0000,200.0000,160,40.0000,0.0000,0.0000,1.4333,0.9753,-0.2510,2,-0.573529
2025-W46,GOOD,3581,2025-11-13 13:09:22,2025-11-13 13:10:55,LONG,25132.5000,25132.5000,REVERSAL,1,2,40.0000,200.0000,1900,20.0000,53.0000,0.0698,1.4333,0.9753,0.2510,1,0.573529
2025-W46,GOOD,3582,2025-11-13 13:10:55,2025-11-13 13:11:06,SHORT,25132.5000,25122.5000,REVERSAL,0,1,40.0000,200.0000,171,40.0000,4.0000,-0.0286,0.8537,1.4518,-0.2000,1,-0.520833
2025-W46,GOOD,3583,2025-11-13 13:11:06,2025-11-13 13:11:34,LONG,25122.5000,25132.5000,REVERSAL,0,1,40.0000,200.0000,482,40.0000,13.0000,-0.1143,0.8537,1.4518,0.2000,2,0.520833
2025-W46,GOOD,3584,2025-11-13 13:16:15,2025-11-13 13:17:17,LONG,25136.7500,25116.7500,HARD_STOP,1,2,-120.0000,-600.0000,1380,38.0000,60.0000,0.0952,1.7500,1.1199,-0.3255,1,-0.729167
2025-W46,GOOD,3585,2025-11-13 13:17:56,2025-11-13 13:18:40,LONG,25110.7500,25120.7500,REVERSAL,0,1,40.0000,200.0000,856,40.0000,23.0000,0.5000,0.4186,1.1866,-0.5887,0,-1.250000
2025-W46,GOOD,3586,2025-11-13 13:19:30,2025-11-13 13:20:47,LONG,25108.7500,25118.7500,REVERSAL,0,1,40.0000,200.0000,1261,40.0000,15.0000,0.1364,0.5238,0.9393,-0.2620,0,-0.173077
2025-W46,GOOD,3587,2025-11-13 13:22:46,2025-11-13 13:22:54,LONG,25106.7500,25117.0000,REVERSAL,0,1,41.0000,205.0000,134,41.0000,2.0000,0.2195,1.2812,1.0617,-0.0769,2,-0.221154
2025-W46,GOOD,3588,2025-11-13 13:22:54,2025-11-13 13:23:34,SHORT,25117.0000,25116.2500,REVERSAL,1,2,46.0000,230.0000,733,23.0000,40.0000,-0.2195,1.2812,1.0617,0.0769,1,0.221154
2025-W46,GOOD,3589,2025-11-13 13:25:39,2025-11-13 13:26:07,LONG,25073.0000,25083.0000,REVERSAL,0,1,40.0000,200.0000,779,40.0000,5.0000,0.5882,0.7391,0.8119,0.0651,0,-0.111111
2025-W46,GOOD,3590,2025-11-13 13:26:40,2025-11-13 13:27:24,LONG,25070.2500,25080.2500,REVERSAL,0,1,40.0000,200.0000,943,40.0000,27.0000,0.5833,0.6486,0.9623,-0.1955,0,-0.222222
2025-W46,GOOD,3591,2025-11-13 13:27:36,2025-11-13 13:28:03,LONG,25074.0000,25084.0000,REVERSAL,0,1,40.0000,200.0000,576,40.0000,4.0000,0.1795,1.0833,1.2340,0.3519,2,0.725000
2025-W46,GOOD,3592,2025-11-13 13:28:55,2025-11-13 13:29:29,LONG,25062.0000,25072.0000,REVERSAL,0,1,40.0000,200.0000,677,40.0000,3.0000,0.0000,1.0588,1.0151,-0.3643,0,-0.472222
2025-W46,GOOD,3593,2025-11-13 13:30:01,2025-11-13 13:31:09,LONG,25070.5000,25070.5000,REVERSAL,1,2,40.0000,200.0000,1266,20.0000,40.0000,0.5625,0.8421,1.3711,0.2347,2,0.071429
2025-W46,GOOD,3594,2025-11-13 13:33:05,2025-11-13 13:33:16,LONG,25060.0000,25070.0000,REVERSAL,0,1,40.0000,200.0000,195,40.0000,9.0000,0.2195,1.6400,1.3408,-0.1250,2,-0.500000
2025-W46,GOOD,3595,2025-11-13 13:33:16,2025-11-13 13:33:21,SHORT,25070.0000,25060.0000,REVERSAL,0,1,40.0000,200.0000,142,40.0000,5.0000,-0.1951,1.6400,1.3408,0.1250,1,0.500000
2025-W46,GOOD,3596,2025-11-13 13:36:14,2025-11-13 13:36:30,LONG,25036.5000,25046.5000,REVERSAL,0,1,40.0000,200.0000,355,40.0000,2.0000,0.0667,1.2000,1.1952,0.0296,1,-0.288462
2025-W46,GOOD,3597,2025-11-13 13:38:33,2025-11-13 13:39:29,LONG,25025.5000,25025.2500,REVERSAL,1,2,39.0000,195.0000,876,19.5000,41.0000,0.4286,0.8235,0.8071,-0.1832,1,-0.437500
2025-W46,GOOD,3598,2025-11-13 13:45:20,2025-11-13 13:45:32,SHORT,25071.5000,25061.5000,REVERSAL,0,1,40.0000,200.0000,490,40.0000,32.0000,0.2667,0.8824,0.9563,0.1245,1,0.111111
2025-W46,GOOD,3599,2025-11-13 13:49:34,2025-11-13 13:50:07,SHORT,25057.2500,25047.2500,REVERSAL,0,1,40.0000,200.0000,412,40.0000,0.0000,0.3036,1.4737,1.2797,-0.0266,1,-0.675000
2025-W46,GOOD,3600,2025-11-13 13:51:26,2025-11-13 13:51:32,LONG,25040.0000,25050.0000,REVERSAL,0,1,40.0000,200.0000,162,40.0000,10.0000,0.0000,1.7073,1.1843,-0.1542,2,-0.750000
2025-W46,GOOD,3601,2025-11-13 13:51:32,2025-11-13 13:52:12,SHORT,25050.0000,25050.0000,REVERSAL,1,2,40.0000,200.0000,722,20.0000,51.0000,0.4286,1.7073,1.1843,0.1542,1,0.750000
2025-W46,GOOD,3602,2025-11-13 13:52:20,2025-11-13 13:53:22,SHORT,25051.2500,25041.2500,REVERSAL,0,1,40.0000,200.0000,956,40.0000,27.0000,0.3800,0.8475,0.8995,0.2381,2,0.615385
2025-W46,GOOD,3603,2025-11-13 13:55:23,2025-11-13 13:55:26,SHORT,25062.0000,25052.0000,REVERSAL,0,1,40.0000,200.0000,94,40.0000,1.0000,0.0851,0.8246,1.2759,-0.0846,1,-0.767857
2025-W46,GOOD,3604,2025-11-13 13:55:26,2025-11-13 13:56:06,LONG,25052.0000,25052.0000,REVERSAL,1,2,40.0000,200.0000,584,26.0000,40.0000,0.0638,0.8246,1.2759,0.0846,2,0.767857
2025-W46,GOOD,3605,2025-11-13 13:56:06,2025-11-13 13:57:11,SHORT,25052.0000,25052.2500,REVERSAL,1,2,39.0000,195.0000,877,19.5000,51.5000,-0.0465,0.8958,0.9586,0.1111,2,0.485294
2025-W46,GOOD,3606,2025-11-13 14:02:26,2025-11-13 14:02:49,LONG,25030.7500,25041.2500,REVERSAL,0,1,42.0000,210.0000,401,42.0000,11.0000,0.0435,0.6053,0.7776,0.0342,0,-0.406250
2025-W46,GOOD,3607,2025-11-13 14:03:06,2025-11-13 14:03:52,LONG,25034.7500,25034.2500,REVERSAL,1,2,38.0000,190.0000,853,19.0000,42.0000,0.2075,1.3947,1.5235,0.1051,2,0.441176
2025-W46,GOOD,3608,2025-11-13 14:05:51,2025-11-13 14:07:17,SHORT,25040.7500,25041.0000,REVERSAL,1,2,39.0000,195.0000,1120,19.5000,48.5000,0.8667,1.4286,1.0585,0.2091,2,0.544118
2025-W46,GOOD,3609,2025-11-13 14:11:19,2025-11-13 14:11:26,SHORT,25046.2500,25036.2500,REVERSAL,0,1,40.0000,200.0000,79,40.0000,0.0000,0.4706,1.3784,0.9573,-0.0000,1,-0.206522
2025-W46,GOOD,3610,2025-11-13 14:11:26,2025-11-13 14:11:28,LONG,25036.2500,25046.2500,REVERSAL,0,1,40.0000,200.0000,33,40.0000,4.0000,-0.2549,1.3784,0.9573,0.0000,2,0.206522
2025-W46,GOOD,3611,2025-11-13 14:11:28,2025-11-13 14:12:25,SHORT,25046.2500,25036.2500,REVERSAL,0,1,40.0000,200.0000,503,40.0000,13.0000,0.4706,1.3784,0.9573,-0.0000,1,-0.206522
2025-W46,GOOD,3612,2025-11-13 14:18:17,2025-11-13 14:18:26,SHORT,25051.7500,25041.7500,REVERSAL,0,1,40.0000,200.0000,171,40.0000,7.0000,-0.0278,0.7200,0.7910,-0.0385,0,-0.468750
2025-W46,GOOD,3613,2025-11-13 14:18:26,2025-11-13 14:18:55,LONG,25041.7500,25051.7500,REVERSAL,0,1,40.0000,200.0000,277,40.0000,23.0000,-0.0833,0.7200,0.7910,0.0385,3,0.468750
2025-W46,GOOD,3614,2025-11-13 14:20:03,2025-11-13 14:20:44,LONG,25039.0000,25049.0000,REVERSAL,0,1,40.0000,200.0000,496,40.0000,27.0000,0.7500,0.8000,1.2333,0.0868,1,0.190476
2025-W46,GOOD,3615,2025-11-13 14:24:20,2025-11-13 14:25:06,SHORT,25066.5000,25086.5000,HARD_STOP,1,2,-120.0000,-600.0000,665,10.0000,60.0000,0.4375,1.5484,1.3278,-0.0551,2,0.477273
2025-W46,GOOD,3616,2025-11-13 14:26:39,2025-11-13 14:29:22,SHORT,25101.2500,25121.5000,HARD_STOP,1,2,-121.0000,-605.0000,2610,31.0000,60.5000,0.0357,0.8235,1.0918,-0.0575,1,-0.178571
2025-W46,GOOD,3617,2025-11-13 14:30:43,2025-11-13 14:31:23,LONG,25102.5000,25102.2500,REVERSAL,1,2,40.0000,200.0000,805,20.0000,42.0000,0.9231,0.7647,0.8681,0.5069,2,1.041667
2025-W46,GOOD,3618,2025-11-13 14:31:55,2025-11-13 14:32:16,LONG,25095.2500,25105.2500,REVERSAL,0,1,40.0000,200.0000,314,40.0000,13.0000,0.1364,1.6923,1.1485,0.1608,2,0.770833
2025-W46,GOOD,3619,2025-11-13 14:32:44,2025-11-13 14:34:27,SHORT,25115.0000,25114.5000,REVERSAL,1,2,44.0000,220.0000,1512,37.0000,40.0000,0.0000,0.8780,0.9049,-0.1351,0,-0.557692
2025-W46,GOOD,3620,2025-11-13 14:39:14,2025-11-13 14:40:11,LONG,25102.0000,25081.7500,HARD_STOP,1,2,-121.0000,-605.0000,874,34.0000,60.5000,0.8621,0.9508,1.8618,0.0759,2,0.431818
2025-W46,GOOD,3621,2025-11-13 14:40:46,2025-11-13 14:41:06,SHORT,25084.2500,25074.0000,REVERSAL,0,1,41.0000,205.0000,241,41.0000,3.0000,0.1795,1.5600,1.0641,0.0451,1,-0.583333
2025-W46,GOOD,3622,2025-11-13 14:43:53,2025-11-13 14:44:13,SHORT,25097.0000,25086.7500,REVERSAL,0,1,41.0000,205.0000,327,41.0000,16.0000,0.3333,0.9130,0.9259,-0.0491,0,-0.152778
2025-W46,GOOD,3623,2025-11-13 14:44:30,2025-11-13 14:45:11,SHORT,25087.5000,25087.5000,REVERSAL,1,2,40.0000,200.0000,768,20.0000,42.0000,0.4737,1.3571,1.1786,0.1527,2,0.750000
2025-W46,GOOD,3624,2025-11-13 14:45:35,2025-11-13 14:45:59,SHORT,25087.2500,25077.2500,REVERSAL,0,1,40.0000,200.0000,270,40.0000,16.0000,-0.1714,0.5833,0.8472,-0.0000,1,-0.014706
2025-W46,GOOD,3625,2025-11-13 14:46:48,2025-11-13 14:47:05,LONG,25067.5000,25077.5000,REVERSAL,0,1,40.0000,200.0000,210,40.0000,11.0000,0.2927,0.7193,1.1096,0.0365,1,-0.204545
2025-W46,GOOD,3626,2025-11-13 14:47:05,2025-11-13 14:47:38,SHORT,25077.5000,25067.5000,REVERSAL,0,1,40.0000,200.0000,385,40.0000,18.0000,-0.2683,0.7193,1.1096,-0.0365,2,0.204545
2025-W46,GOOD,3627,2025-11-13 14:47:53,2025-11-13 14:49:57,LONG,25059.2500,25059.2500,REVERSAL,1,2,40.0000,200.0000,1877,23.0000,40.0000,0.0345,0.5370,0.9114,-0.1783,1,-0.777778
2025-W46,GOOD,3628,2025-11-13 14:54:34,2025-11-13 14:55:02,LONG,25050.5000,25030.2500,HARD_STOP,1,2,-121.0000,-605.0000,600,15.0000,60.5000,0.9394,0.9706,1.1391,0.1136,1,0.446429
2025-W46,GOOD,3629,2025-11-13 14:59:42,2025-11-13 15:00:01,SHORT,25049.0000,25048.7500,REVERSAL,1,2,42.0000,210.0000,447,21.0000,40.0000,0.6800,1.6667,1.1164,0.3692,2,0.825000
2025-W46,GOOD,3630,2025-11-13 15:00:30,2025-11-13 15:00:41,SHORT,25060.2500,25050.2500,REVERSAL,0,1,40.0000,200.0000,202,40.0000,12.0000,0.0000,1.1064,1.2876,-0.0078,0,-0.550000
2025-W46,GOOD,3631,2025-11-13 15:00:41,2025-11-13 15:00:50,LONG,25050.2500,25060.2500,REVERSAL,0,1,40.0000,200.0000,135,40.0000,1.0000,0.2308,1.1064,1.2876,0.0078,2,0.550000
2025-W46,GOOD,3632,2025-11-13 15:11:39,2025-11-13 15:11:47,SHORT,25076.2500,25066.2500,REVERSAL,0,1,40.0000,200.0000,134,40.0000,3.0000,0.0000,1.6129,1.0565,-0.1232,0,-0.421053
2025-W46,GOOD,3633,2025-11-13 15:11:47,2025-11-13 15:12:14,LONG,25066.2500,25076.2500,REVERSAL,0,1,40.0000,200.0000,360,40.0000,29.0000,0.2000,1.6129,1.0565,0.1232,3,0.421053
2025-W46,GOOD,3634,2025-11-13 15:13:25,2025-11-13 15:13:44,LONG,25069.7500,25080.0000,REVERSAL,0,1,41.0000,205.0000,293,41.0000,27.0000,0.3696,1.8400,1.2249,-0.2075,2,-0.484375
2025-W46,GOOD,3635,2025-11-13 15:18:07,2025-11-13 15:18:29,LONG,25041.7500,25051.7500,REVERSAL,0,1,40.0000,200.0000,328,40.0000,8.0000,0.2000,1.2000,0.8551,-0.0465,0,-0.173077
2025-W46,GOOD,3636,2025-11-13 15:21:16,2025-11-13 15:21:33,LONG,25019.7500,25029.7500,REVERSAL,0,1,40.0000,200.0000,357,40.0000,19.0000,0.1200,1.5625,1.2518,-0.3548,0,-0.272727
2025-W46,GOOD,3637,2025-11-13 15:23:11,2025-11-13 15:23:54,LONG,25028.2500,25038.2500,REVERSAL,0,1,40.0000,200.0000,491,40.0000,14.0000,0.0986,2.0882,1.3477,-0.2214,0,-0.458333
2025-W46,GOOD,3638,2025-11-13 15:25:38,2025-11-13 15:26:11,LONG,25032.5000,25042.5000,REVERSAL,0,1,40.0000,200.0000,358,40.0000,6.0000,0.3235,0.5000,1.3833,-0.0588,0,-0.237500
2025-W46,GOOD,3639,2025-11-13 15:35:26,2025-11-13 15:36:03,SHORT,25110.0000,25109.2500,REVERSAL,1,2,46.0000,230.0000,992,37.0000,40.0000,0.6964,1.2727,1.1864,-0.8701,0,
2025-W46,GOOD,3640,2025-11-13 15:36:03,2025-11-13 15:38:03,LONG,25109.2500,25109.2500,REVERSAL,1,2,41.0000,205.0000,2007,20.5000,41.0000,-0.0488,0.9762,1.4881,0.0444,2,0.500000
2025-W46,GOOD,3641,2025-11-13 15:41:12,2025-11-13 15:41:23,SHORT,25140.7500,25130.7500,REVERSAL,0,1,40.0000,200.0000,347,40.0000,17.0000,0.0000,1.0645,1.0489,0.0100,1,-0.500000
2025-W46,GOOD,3642,2025-11-13 15:44:07,2025-11-13 15:44:31,LONG,25114.7500,25125.7500,REVERSAL,0,1,44.0000,220.0000,462,44.0000,18.0000,0.7812,0.7442,0.7189,0.0554,2,0.750000
2025-W46,GOOD,3643,2025-11-13 15:46:35,2025-11-13 15:46:41,LONG,25114.0000,25124.2500,REVERSAL,0,1,41.0000,205.0000,68,41.0000,4.0000,0.1515,0.8684,1.2259,-0.0502,0,-0.300000
2025-W46,GOOD,3644,2025-11-13 15:46:41,2025-11-13 15:47:52,SHORT,25124.2500,25124.0000,REVERSAL,1,2,42.0000,210.0000,1217,29.0000,40.0000,-0.3939,0.8684,1.2259,0.0502,3,0.300000
2025-W46,GOOD,3645,2025-11-14 09:30:01,2025-11-14 09:30:03,SHORT,24734.7500,24724.7500,REVERSAL,0,1,40.0000,200.0000,263,40.0000,0.0000,0.1875,0.8649,1.2368,-0.1711,1,
2025-W46,GOOD,3646,2025-11-14 09:30:13,2025-11-14 09:30:18,SHORT,24750.2500,24740.2500,REVERSAL,0,1,40.0000,200.0000,468,40.0000,13.0000,0.8571,0.4667,1.1262,-0.3558,0,-0.750000
2025-W46,GOOD,3647,2025-11-14 09:30:52,2025-11-14 09:31:01,LONG,24710.5000,24710.5000,REVERSAL,1,2,40.0000,200.0000,1076,24.0000,46.0000,0.0000,0.3684,1.0748,-0.2884,0,-2.000000
2025-W46,GOOD,3648,2025-11-14 09:31:06,2025-11-14 09:31:14,LONG,24705.0000,24704.7500,REVERSAL,1,2,39.0000,195.0000,523,19.5000,41.0000,0.1429,0.8596,1.3492,0.4400,2,1.500000
2025-W46,GOOD,3649,2025-11-14 09:31:14,2025-11-14 09:31:26,SHORT,24704.7500,24694.2500,REVERSAL,0,1,42.0000,210.0000,500,42.0000,19.0000,-0.1892,0.7255,0.8832,-0.1085,2,0.562500
2025-W46,GOOD,3650,2025-11-14 09:32:34,2025-11-14 09:32:47,LONG,24668.2500,24648.0000,HARD_STOP,1,2,-121.0000,-605.0000,1012,14.0000,60.5000,1.0000,2.1600,1.6752,0.2928,2,6.250000
2025-W46,GOOD,3651,2025-11-14 09:33:22,2025-11-14 09:33:27,LONG,24627.5000,24637.5000,REVERSAL,0,1,40.0000,200.0000,291,40.0000,2.0000,0.1875,0.9143,0.9874,-0.1834,0,-1.187500
2025-W46,GOOD,3652,2025-11-14 09:33:37,2025-11-14 09:34:00,LONG,24632.5000,24642.5000,REVERSAL,0,1,40.0000,200.0000,1107,40.0000,20.0000,0.0465,1.2647,1.1046,-0.0301,2,-0.350000
2025-W46,GOOD,3653,2025-11-14 09:34:17,2025-11-14 09:34:26,LONG,24642.2500,24652.2500,REVERSAL,0,1,40.0000,200.0000,440,40.0000,5.0000,0.2105,1.0270,1.0004,0.0144,1,-1.437500
2025-W46,GOOD,3654,2025-11-14 09:34:43,2025-11-14 09:34:49,LONG,24635.5000,24645.5000,REVERSAL,0,1,40.0000,200.0000,277,40.0000,9.0000,0.1346,2.1667,1.3282,-0.0530,0,-1.833333
2025-W46,GOOD,3655,2025-11-14 09:35:03,2025-11-14 09:35:05,SHORT,24663.7500,24653.7500,REVERSAL,0,1,40.0000,200.0000,160,40.0000,0.0000,0.2222,0.5294,1.5240,-0.1591,0,-2.000000
2025-W46,GOOD,3656,2025-11-14 09:35:05,2025-11-14 09:35:10,LONG,24653.7500,24664.0000,REVERSAL,0,1,41.0000,205.0000,218,41.0000,5.0000,-0.3333,0.5294,1.5240,0.1591,2,2.000000
2025-W46,GOOD,3657,2025-11-14 09:36:20,2025-11-14 09:36:27,SHORT,24784.2500,24774.2500,REVERSAL,0,1,40.0000,200.0000,844,40.0000,12.0000,0.0000,0.8333,0.8873,-0.1722,0,-4.375000
2025-W46,GOOD,3658,2025-11-14 09:36:51,2025-11-14 09:37:18,SHORT,24777.5000,24797.5000,HARD_STOP,1,2,-120.0000,-600.0000,1848,36.0000,60.0000,0.2424,0.6346,1.3173,-0.1051,1,-1.437500
2025-W46,GOOD,3659,2025-11-14 09:38:14,2025-11-14 09:38:17,SHORT,24791.7500,24781.7500,REVERSAL,0,1,40.0000,200.0000,196,40.0000,1.0000,0.3913,1.2432,1.0327,-0.3257,0,-3.125000
2025-W46,GOOD,3660,2025-11-14 09:38:17,2025-11-14 09:38:21,LONG,24781.7500,24792.0000,REVERSAL,0,1,41.0000,205.0000,203,41.0000,3.0000,-0.2609,1.2432,1.0327,0.3257,3,3.125000
2025-W46,GOOD,3661,2025-11-14 09:38:26,2025-11-14 09:38:26,SHORT,24806.0000,24796.0000,REVERSAL,0,1,40.0000,200.0000,106,40.0000,9.0000,0.0000,1.3019,1.2532,-0.4657,1,-4.416667
2025-W46,GOOD,3662,2025-11-14 09:38:26,2025-11-14 09:38:35,LONG,24796.0000,24796.0000,REVERSAL,1,2,40.0000,200.0000,763,23.0000,48.0000,0.4203,1.3019,1.2532,0.4657,2,4.416667
2025-W46,GOOD,3663,2025-11-14 09:40:26,2025-11-14 09:40:29,LONG,24792.7500,24803.2500,REVERSAL,0,1,42.0000,210.0000,133,42.0000,8.0000,-0.0130,1.6383,1.1699,0.2159,1,-4.250000
2025-W46,GOOD,3664,2025-11-14 09:40:29,2025-11-14 09:40:54,SHORT,24803.2500,24793.2500,REVERSAL,0,1,40.0000,200.0000,1211,40.0000,34.0000,0.4675,1.6383,1.1699,-0.2159,2,4.250000
2025-W46,GOOD,3665,2025-11-14 09:41:06,2025-11-14 09:41:08,SHORT,24820.2500,24810.2500,REVERSAL,0,1,40.0000,200.0000,193,40.0000,0.0000,0.0208,1.1707,0.9214,-0.4056,0,-5.500000
2025-W46,GOOD,3666,2025-11-14 09:41:08,2025-11-14 09:41:23,LONG,24810.2500,24820.2500,REVERSAL,0,1,40.0000,200.0000,743,40.0000,37.0000,0.1458,1.1707,0.9214,0.4056,3,5.500000
2025-W46,GOOD,3667,2025-11-14 09:41:44,2025-11-14 09:41:57,LONG,24826.2500,24836.2500,REVERSAL,0,1,40.0000,200.0000,590,40.0000,14.0000,0.2195,1.4643,1.3685,-0.2240,1,-2.583333
2025-W46,GOOD,3668,2025-11-14 09:42:20,2025-11-14 09:42:36,LONG,24803.0000,24782.7500,HARD_STOP,1,2,-122.0000,-610.0000,913,26.0000,61.0000,0.1818,0.8049,1.0858,0.0000,0,-0.666667
2025-W46,GOOD,3669,2025-11-14 09:42:38,2025-11-14 09:43:09,SHORT,24790.0000,24810.0000,HARD_STOP,1,2,-120.0000,-600.0000,1579,19.0000,60.0000,0.1667,0.9231,0.8809,0.3359,3,3.583333
2025-W46,GOOD,3670,2025-11-14 09:43:21,2025-11-14 09:43:29,LONG,24800.0000,24810.0000,REVERSAL,0,1,40.0000,200.0000,244,40.0000,0.0000,0.0984,2.4400,1.4319,-0.1765,1,-1.875000
2025-W46,GOOD,3671,2025-11-14 09:43:29,2025-11-14 09:43:47,SHORT,24810.0000,24830.0000,HARD_STOP,1,2,-120.0000,-600.0000,694,22.0000,60.0000,0.2459,2.4400,1.4319,0.1765,2,1.875000
2025-W46,GOOD,3672,2025-11-14 09:43:50,2025-11-14 09:43:52,SHORT,24839.5000,24829.2500,REVERSAL,0,1,41.0000,205.0000,113,41.0000,3.0000,0.0938,0.7111,0.8788,-0.4874,0,-2.250000
2025-W46,GOOD,3673,2025-11-14 09:43:52,2025-11-14 09:44:04,LONG,24829.2500,24839.2500,REVERSAL,0,1,40.0000,200.0000,547,40.0000,16.0000,-0.3750,0.7111,0.8788,0.4874,3,2.250000
2025-W46,GOOD,3674,2025-11-14 09:44:13,2025-11-14 09:44:21,LONG,24834.2500,24844.2500,REVERSAL,0,1,40.0000,200.0000,329,40.0000,13.0000,0.3750,0.9143,1.2180,-0.1042,1,
2025-W46,GOOD,3675,2025-11-14 09:45:20,2025-11-14 09:46:07,SHORT,24845.7500,24865.7500,HARD_STOP,1,2,-120.0000,-600.0000,2987,26.0000,60.0000,0.8214,0.5490,1.0971,-0.4382,1,-1.000000
2025-W46,GOOD,3676,2025-11-14 09:46:30,2025-11-14 09:47:12,SHORT,24868.0000,24868.0000,REVERSAL,1,2,40.0000,200.0000,2428,24.0000,40.0000,0.3333,0.4884,0.6498,-0.0118,0,-0.750000
2025-W46,GOOD,3677,2025-11-14 09:47:14,2025-11-14 09:47:38,SHORT,24869.7500,24869.5000,REVERSAL,1,2,42.0000,210.0000,753,21.0000,40.0000,-0.0811,0.7551,1.1432,0.5794,2,6.750000
2025-W46,GOOD,3678,2025-11-14 09:47:46,2025-11-14 09:48:01,SHORT,24888.5000,24878.5000,REVERSAL,0,1,40.0000,200.0000,839,40.0000,9.0000,0.1333,0.6122,1.1811,-0.3664,0,-0.750000
2025-W46,GOOD,3679,2025-11-14 09:48:34,2025-11-14 09:49:01,SHORT,24911.0000,24901.0000,REVERSAL,0,1,40.0000,200.0000,1664,40.0000,21.0000,0.0000,0.6667,0.9444,-0.0672,0,-0.650000
2025-W46,GOOD,3680,2025-11-14 09:49:27,2025-11-14 09:49:45,LONG,24893.2500,24893.2500,REVERSAL,1,2,40.0000,200.0000,1339,22.0000,44.0000,0.3673,1.1667,1.0399,-0.0382,0,-1.562500
2025-W46,GOOD,3681,2025-11-14 09:50:11,2025-11-14 09:50:17,SHORT,24897.5000,24887.5000,REVERSAL,0,1,40.0000,200.0000,182,40.0000,10.0000,0.3590,1.3000,1.2750,-0.0444,1,-1.250000
2025-W46,GOOD,3682,2025-11-14 09:50:17,2025-11-14 09:50:43,LONG,24887.5000,24867.5000,HARD_STOP,1,2,-120.0000,-600.0000,1373,32.0000,60.0000,-0.3846,1.3000,1.2750,0.0444,2,1.250000
2025-W46,GOOD,3683,2025-11-14 09:52:13,2025-11-14 09:52:33,SHORT,24928.2500,24928.5000,REVERSAL,1,2,39.0000,195.0000,1187,26.0000,41.0000,0.1250,1.2308,1.1806,-0.2258,1,-1.812500
2025-W46,GOOD,3684,2025-11-14 09:52:38,2025-11-14 09:52:54,SHORT,24935.5000,24925.5000,REVERSAL,0,1,40.0000,200.0000,647,40.0000,15.0000,0.0000,1.5217,1.0484,0.3165,2,2.125000
2025-W46,GOOD,3685,2025-11-14 09:53:00,2025-11-14 09:53:04,SHORT,24929.5000,24919.5000,REVERSAL,0,1,40.0000,200.0000,251,40.0000,14.0000,0.0323,0.8158,1.0208,0.3356,3,2.583333
2025-W46,GOOD,3686,2025-11-14 09:55:52,2025-11-14 09:56:05,SHORT,24950.7500,24940.5000,REVERSAL,0,1,41.0000,205.0000,589,41.0000,1.0000,0.4643,0.5283,1.0003,-0.3065,1,-0.875000
2025-W46,GOOD,3687,2025-11-14 09:56:57,2025-11-14 09:57:03,LONG,24948.0000,24958.0000,REVERSAL,0,1,40.0000,200.0000,366,40.0000,1.0000,0.2683,1.0000,1.1406,-0.7153,0,-2.166667
2025-W46,GOOD,3688,2025-11-14 09:57:30,2025-11-14 09:57:38,LONG,24945.7500,24955.7500,REVERSAL,0,1,40.0000,200.0000,354,40.0000,20.0000,0.0000,0.7414,1.1338,-0.0382,0,-0.333333
2025-W46,GOOD,3689,2025-11-14 09:59:46,2025-11-14 10:00:00,LONG,24948.0000,24958.0000,REVERSAL,0,1,40.0000,200.0000,621,40.0000,14.0000,0.1143,1.0000,0.9730,-0.1225,1,-0.900000
2025-W46,GOOD,3690,2025-11-14 10:00:10,2025-11-14 10:00:23,LONG,24941.7500,24951.7500,REVERSAL,0,1,40.0000,200.0000,482,40.0000,8.0000,0.3810,1.0244,1.1334,-0.0219,0,-1.375000
2025-W46,GOOD,3691,2025-11-14 10:01:50,2025-11-14 10:01:54,LONG,24905.7500,24915.7500,REVERSAL,0,1,40.0000,200.0000,215,40.0000,0.0000,0.1795,1.8571,1.2124,-0.1284,0,-1.700000
2025-W46,GOOD,3692,2025-11-14 10:01:54,2025-11-14 10:02:24,SHORT,24915.7500,24936.0000,HARD_STOP,1,2,-121.0000,-605.0000,1357,11.0000,60.5000,-0.2051,1.8571,1.2124,0.1284,3,1.700000
2025-W46,GOOD,3693,2025-11-14 10:02:26,2025-11-14 10:02:55,LONG,24927.7500,24928.0000,REVERSAL,1,2,42.0000,210.0000,1184,21.0000,50.0000,0.4375,1.0000,1.2273,0.3566,3,4.250000
2025-W46,GOOD,3694,2025-11-14 10:03:35,2025-11-14 10:03:47,LONG,24928.5000,24938.7500,REVERSAL,0,1,41.0000,205.0000,410,41.0000,24.0000,0.2308,1.0000,0.9333,-0.0630,1,-0.550000
2025-W46,GOOD,3695,2025-11-14 10:04:52,2025-11-14 10:04:54,LONG,24902.7500,24912.7500,REVERSAL,0,1,40.0000,200.0000,129,40.0000,2.0000,0.0000,1.0714,1.0024,-0.4173,0,-3.750000
2025-W46,GOOD,3696,2025-11-14 10:04:54,2025-11-14 10:05:01,SHORT,24912.7500,24902.7500,REVERSAL,0,1,40.0000,200.0000,289,40.0000,16.0000,0.1111,1.0714,1.0024,0.4173,3,3.750000
2025-W46,GOOD,3697,2025-11-14 10:05:09,2025-11-14 10:05:22,SHORT,24906.0000,24904.5000,REVERSAL,1,2,52.0000,260.0000,670,26.0000,45.0000,0.5667,1.0000,0.6852,-0.0543,1,-0.375000
2025-W46,GOOD,3698,2025-11-14 10:05:22,2025-11-14 10:05:50,LONG,24904.5000,24915.0000,REVERSAL,0,1,42.0000,210.0000,1139,42.0000,23.0000,0.0164,2.1786,1.5560,0.2569,2,2.350000
2025-W46,GOOD,3699,2025-11-14 10:05:58,2025-11-14 10:06:01,SHORT,24930.0000,24919.7500,REVERSAL,0,1,41.0000,205.0000,158,41.0000,3.0000,0.0000,0.5694,1.3756,-0.0579,0,-1.541667
2025-W46,GOOD,3700,2025-11-14 10:06:01,2025-11-14 10:06:05,LONG,24919.7500,24929.7500,REVERSAL,0,1,40.0000,200.0000,258,40.0000,12.0000,0.0000,0.5694,1.3756,0.0579,3,1.541667
2025-W46,GOOD,3701,2025-11-14 10:06:33,2025-11-14 10:06:59,SHORT,24961.2500,24981.2500,HARD_STOP,1,2,-120.0000,-600.0000,1508,32.0000,60.0000,0.3333,0.6111,0.8350,-0.2313,0,-2.000000
2025-W46,GOOD,3702,2025-11-14 10:07:01,2025-11-14 10:07:11,LONG,24974.0000,24954.0000,HARD_STOP,1,2,-120.0000,-600.0000,710,4.0000,60.0000,0.1875,1.3913,0.9010,0.2123,3,1.375000
2025-W46,GOOD,3703,2025-11-14 10:07:17,2025-11-14 10:07:41,LONG,24946.0000,24926.0000,HARD_STOP,1,2,-120.0000,-600.0000,894,22.0000,60.0000,0.2917,0.4615,0.8974,-0.1908,0,-0.687500
2025-W46,GOOD,3704,2025-11-14 10:08:48,2025-11-14 10:08:52,SHORT,24939.2500,24929.0000,REVERSAL,0,1,41.0000,205.0000,158,41.0000,15.0000,0.2308,1.6250,1.4577,-0.1880,0,-1.107143
2025-W46,GOOD,3705,2025-11-14 10:08:52,2025-11-14 10:09:38,LONG,24929.0000,24929.2500,REVERSAL,1,2,42.0000,210.0000,1626,21.0000,48.0000,0.1385,1.6250,1.4577,0.1880,3,1.107143
2025-W46,GOOD,3706,2025-11-14 10:09:47,2025-11-14 10:10:43,SHORT,24945.0000,24965.0000,HARD_STOP,1,2,-120.0000,-600.0000,2553,36.0000,60.0000,-0.0217,0.6571,1.0286,-0.0775,0,-0.357143
2025-W46,GOOD,3707,2025-11-14 10:10:52,2025-11-14 10:11:01,LONG,24962.7500,24942.7500,HARD_STOP,1,2,-120.0000,-600.0000,535,4.0000,60.0000,0.3488,1.4333,1.0228,0.1815,3,1.458333
2025-W46,GOOD,3708,2025-11-14 10:12:33,2025-11-14 10:12:35,LONG,24874.7500,24884.7500,REVERSAL,0,1,40.0000,200.0000,141,40.0000,3.0000,0.4643,2.0741,1.5192,-0.1582,0,-1.437500
2025-W46,GOOD,3709,2025-11-14 10:12:35,2025-11-14 10:12:54,SHORT,24884.7500,24874.7500,REVERSAL,0,1,40.0000,200.0000,657,40.0000,1.0000,-0.1786,2.0741,1.5192,0.1582,3,1.437500
2025-W46,GOOD,3710,2025-11-14 10:13:00,2025-11-14 10:13:35,SHORT,24878.5000,24868.5000,REVERSAL,0,1,40.0000,200.0000,1181,40.0000,28.0000,0.0698,1.4333,1.1013,0.1571,3,1.150000
2025-W46,GOOD,3711,2025-11-14 10:13:35,2025-11-14 10:14:17,LONG,24868.5000,24878.5000,REVERSAL,0,1,40.0000,200.0000,1330,40.0000,21.0000,-0.1818,0.6346,1.0395,-0.2519,1,-0.107143
2025-W46,GOOD,3712,2025-11-14 10:14:22,2025-11-14 10:14:50,LONG,24873.0000,24883.0000,REVERSAL,0,1,40.0000,200.0000,679,40.0000,21.0000,0.2045,1.1579,1.0208,0.1152,2,1.107143
2025-W46,GOOD,3713,2025-11-14 10:15:11,2025-11-14 10:16:01,SHORT,24918.5000,24938.5000,HARD_STOP,1,2,-120.0000,-600.0000,2264,14.0000,60.0000,0.0000,0.9412,1.0636,-0.1752,0,-1.916667
2025-W46,GOOD,3714,2025-11-14 10:16:51,2025-11-14 10:17:00,SHORT,24978.0000,24968.0000,REVERSAL,0,1,40.0000,200.0000,371,40.0000,14.0000,0.1250,0.7843,1.2147,-0.2059,1,-0.833333
2025-W46,GOOD,3715,2025-11-14 10:19:44,2025-11-14 10:20:01,LONG,24930.0000,24940.0000,REVERSAL,0,1,40.0000,200.0000,510,40.0000,30.0000,-0.0278,0.6429,0.7881,0.1084,0,-0.781250
2025-W46,GOOD,3716,2025-11-14 10:20:23,2025-11-14 10:20:25,LONG,24926.0000,24936.0000,REVERSAL,0,1,40.0000,200.0000,132,40.0000,7.0000,0.0408,0.7000,1.1109,-0.3227,1,-2.250000
2025-W46,GOOD,3717,2025-11-14 10:20:25,2025-11-14 10:20:50,SHORT,24936.0000,24956.0000,HARD_STOP,1,2,-120.0000,-600.0000,656,9.0000,60.0000,0.1429,0.7000,1.1109,0.3227,2,2.250000
2025-W46,GOOD,3718,2025-11-14 10:20:59,2025-11-14 10:21:17,LONG,24946.0000,24926.0000,HARD_STOP,1,2,-120.0000,-600.0000,671,16.0000,60.0000,0.3333,1.5517,0.9692,0.2000,3,0.972222
2025-W46,GOOD,3719,2025-11-14 10:22:47,2025-11-14 10:22:58,SHORT,24959.5000,24947.5000,REVERSAL,0,1,48.0000,240.0000,263,48.0000,1.0000,0.1964,1.6970,1.0745,-0.2211,0,-1.071429
2025-W46,GOOD,3720,2025-11-14 10:24:25,2025-11-14 10:24:34,LONG,24913.7500,24923.7500,REVERSAL,0,1,40.0000,200.0000,263,40.0000,16.0000,0.0357,0.9492,0.9355,-0.1496,0,-1.166667
2025-W46,GOOD,3721,2025-11-14 10:25:19,2025-11-14 10:25:31,LONG,24925.5000,24923.2500,REVERSAL,1,2,31.0000,155.0000,371,16.0000,49.0000,1.0000,1.3023,0.8983,0.2366,2,1.156250
2025-W46,GOOD,3722,2025-11-14 10:25:56,2025-11-14 10:26:05,LONG,24906.0000,24916.0000,REVERSAL,0,1,40.0000,200.0000,268,40.0000,13.0000,0.3478,0.6970,0.8895,-0.3939,1,-0.805556
2025-W46,GOOD,3723,2025-11-14 10:26:53,2025-11-14 10:27:16,SHORT,24964.0000,24984.0000,HARD_STOP,1,2,-120.0000,-600.0000,1172,31.0000,60.0000,0.3333,0.6190,0.8017,-0.0965,0,-1.750000
2025-W46,GOOD,3724,2025-11-14 10:28:08,2025-11-14 10:29:07,SHORT,25018.2500,25018.2500,REVERSAL,1,2,40.0000,200.0000,2743,39.0000,40.0000,0.1250,0.6857,1.2179,-0.0698,0,-1.333333
2025-W46,GOOD,3725,2025-11-14 10:29:42,2025-11-14 10:30:09,LONG,25006.7500,25016.7500,REVERSAL,0,1,40.0000,200.0000,859,40.0000,13.0000,0.1379,0.5472,0.9710,-0.0995,1,-0.406250
2025-W46,GOOD,3726,2025-11-14 10:31:32,2025-11-14 10:31:57,LONG,24990.7500,24990.7500,REVERSAL,1,2,40.0000,200.0000,936,35.0000,40.0000,0.0000,0.7727,0.8264,-0.0902,0,-1.208333
2025-W46,GOOD,3727,2025-11-14 10:32:45,2025-11-14 10:32:56,SHORT,25010.5000,25000.5000,REVERSAL,0,1,40.0000,200.0000,276,40.0000,9.0000,0.2889,1.0000,0.9891,0.3318,1,-2.062500
2025-W46,GOOD,3728,2025-11-14 10:36:11,2025-11-14 10:36:15,LONG,25009.0000,25019.2500,REVERSAL,0,1,41.0000,205.0000,142,41.0000,0.0000,0.0000,1.4062,1.1737,-0.1822,1,-1.156250
2025-W46,GOOD,3729,2025-11-14 10:36:15,2025-11-14 10:36:44,SHORT,25019.2500,25019.0000,REVERSAL,1,2,42.0000,210.0000,1167,21.0000,47.0000,0.0889,1.4062,1.1737,0.1822,2,1.156250
2025-W46,GOOD,3730,2025-11-14 10:37:25,2025-11-14 10:37:39,SHORT,25030.0000,25030.0000,REVERSAL,1,2,40.0000,200.0000,1354,20.0000,44.0000,0.6176,0.5862,0.9101,0.0458,1,0.625000
2025-W46,GOOD,3731,2025-11-14 10:38:43,2025-11-14 10:38:54,LONG,25044.7500,25054.7500,REVERSAL,0,1,40.0000,200.0000,617,40.0000,1.0000,0.1579,1.4615,1.3808,-0.2119,0,-1.750000
2025-W46,GOOD,3732,2025-11-14 10:39:37,2025-11-14 10:41:18,SHORT,25078.0000,25068.0000,REVERSAL,0,1,40.0000,200.0000,4172,40.0000,37.0000,0.2692,0.7647,0.7093,-0.0227,0,-0.500000
2025-W46,GOOD,3733,2025-11-14 10:44:29,2025-11-14 10:44:41,SHORT,25096.0000,25086.0000,REVERSAL,0,1,40.0000,200.0000,435,40.0000,12.0000,0.3548,0.5254,1.2460,-0.3898,1,-1.187500
2025-W46,GOOD,3734,2025-11-14 10:44:53,2025-11-14 10:45:00,SHORT,25097.2500,25087.2500,REVERSAL,0,1,40.0000,200.0000,234,40.0000,3.0000,0.0208,1.5484,1.1716,-0.1212,2,-1.194444
2025-W46,GOOD,3735,2025-11-14 10:45:00,2025-11-14 10:45:16,LONG,25087.2500,25097.2500,REVERSAL,0,1,40.0000,200.0000,614,40.0000,8.0000,0.1458,1.5484,1.1716,0.1212,1,1.194444
2025-W46,GOOD,3736,2025-11-14 10:47:01,2025-11-14 10:48:07,SHORT,25151.0000,25171.0000,HARD_STOP,1,2,-120.0000,-600.0000,2470,13.0000,60.0000,0.7333,0.6818,0.9199,0.1583,3,0.437500
2025-W46,GOOD,3737,2025-11-14 10:49:06,2025-11-14 10:49:11,LONG,25143.5000,25154.2500,REVERSAL,0,1,43.0000,215.0000,195,43.0000,7.0000,0.0217,2.0000,1.3108,-0.1971,1,-1.750000
2025-W46,GOOD,3738,2025-11-14 10:49:11,2025-11-14 10:50:32,SHORT,25154.2500,25144.2500,REVERSAL,0,1,40.0000,200.0000,2529,40.0000,23.0000,0.0435,2.0000,1.3108,0.1971,2,1.750000
2025-W46,GOOD,3739,2025-11-14 10:52:40,2025-11-14 10:53:08,LONG,25154.2500,25154.2500,REVERSAL,1,2,40.0000,200.0000,674,20.0000,40.0000,0.7619,1.1351,0.9978,0.2088,2,0.638889
2025-W46,GOOD,3740,2025-11-14 10:53:08,2025-11-14 10:53:13,SHORT,25154.2500,25144.0000,REVERSAL,0,1,41.0000,205.0000,135,41.0000,1.0000,-1.0476,0.6364,0.7110,0.0880,2,0.125000
2025-W46,GOOD,3741,2025-11-14 10:55:20,2025-11-14 10:55:53,LONG,25132.2500,25112.0000,HARD_STOP,1,2,-121.0000,-605.0000,1146,33.0000,60.5000,0.0278,0.7347,1.0295,0.0078,0,-0.125000
2025-W46,GOOD,3742,2025-11-14 10:57:24,2025-11-14 10:57:47,SHORT,25123.7500,25113.7500,REVERSAL,0,1,40.0000,200.0000,510,40.0000,10.0000,0.1538,0.6842,1.6376,-0.0275,0,-0.291667
2025-W46,GOOD,3743,2025-11-14 11:00:32,2025-11-14 11:00:58,SHORT,25149.0000,25139.0000,REVERSAL,0,1,40.0000,200.0000,711,40.0000,31.0000,0.8095,1.2353,1.3904,0.2000,2,1.000000
2025-W46,GOOD,3744,2025-11-14 11:01:06,2025-11-14 11:03:12,LONG,25132.0000,25132.5000,REVERSAL,1,2,44.0000,220.0000,3258,36.0000,45.0000,-0.1667,0.8182,0.8980,-0.1395,0,-0.250000
2025-W46,GOOD,3745,2025-11-14 11:03:34,2025-11-14 11:03:47,LONG,25115.7500,25126.0000,REVERSAL,0,1,41.0000,205.0000,261,41.0000,12.0000,0.2895,0.9048,1.0887,-0.1449,1,-0.843750
2025-W46,GOOD,3746,2025-11-14 11:04:55,2025-11-14 11:05:20,LONG,25100.2500,25080.0000,HARD_STOP,1,2,-121.0000,-605.0000,600,6.0000,60.5000,0.8000,2.6316,1.6676,0.2932,1,1.791667
2025-W46,GOOD,3747,2025-11-14 11:07:15,2025-11-14 11:08:07,LONG,25083.7500,25083.5000,REVERSAL,1,2,39.0000,195.0000,949,36.0000,41.0000,0.2703,1.1212,0.9837,-0.1146,0,-0.458333
2025-W46,GOOD,3748,2025-11-14 11:11:18,2025-11-14 11:12:30,SHORT,25112.0000,25112.0000,REVERSAL,1,2,40.0000,200.0000,1277,20.0000,48.0000,0.4412,0.9189,1.0761,0.1032,2,0.316667
2025-W46,GOOD,3749,2025-11-14 11:13:51,2025-11-14 11:14:16,SHORT,25139.0000,25129.0000,REVERSAL,0,1,40.0000,200.0000,585,40.0000,18.0000,0.2609,0.5227,0.8255,0.1067,1,0.078125
2025-W46,GOOD,3750,2025-11-14 11:14:48,2025-11-14 11:15:13,LONG,25116.7500,25126.7500,REVERSAL,0,1,40.0000,200.0000,505,40.0000,5.0000,0.2500,0.7778,0.7489,-0.1440,0,0.013889
2025-W46,GOOD,3751,2025-11-14 11:15:38,2025-11-14 11:16:33,SHORT,25135.5000,25125.5000,REVERSAL,0,1,40.0000,200.0000,822,40.0000,7.0000,0.3684,0.9744,1.1162,-0.2308,0,-0.785714
2025-W46,GOOD,3752,2025-11-14 11:17:52,2025-11-14 11:18:24,SHORT,25161.7500,25151.7500,REVERSAL,0,1,40.0000,200.0000,819,40.0000,12.0000,0.5000,1.1000,1.0763,-0.1480,0,-0.250000
2025-W46,GOOD,3753,2025-11-14 11:20:05,2025-11-14 11:20:31,SHORT,25169.0000,25169.0000,REVERSAL,1,2,40.0000,200.0000,708,20.0000,40.0000,0.4146,1.8636,1.3247,0.1154,2,0.642857
2025-W46,GOOD,3754,2025-11-14 11:22:01,2025-11-14 11:22:45,SHORT,25184.0000,25184.0000,REVERSAL,1,2,40.0000,200.0000,1406,24.0000,40.0000,0.1053,0.6786,0.5726,-0.3228,0,-0.500000
2025-W46,GOOD,3755,2025-11-14 11:23:10,2025-11-14 11:25:14,SHORT,25206.0000,25226.0000,HARD_STOP,1,2,-120.0000,-600.0000,3044,19.0000,60.0000,0.2727,0.8049,0.9149,-0.4351,0,-1.916667
2025-W46,GOOD,3756,2025-11-14 11:33:51,2025-11-14 11:34:29,LONG,25220.7500,25220.7500,REVERSAL,1,2,40.0000,200.0000,641,20.0000,40.0000,1.0000,1.6071,1.3636,0.0299,2,0.318182
2025-W46,GOOD,3757,2025-11-14 11:35:13,2025-11-14 11:35:25,SHORT,25223.0000,25213.0000,REVERSAL,0,1,40.0000,200.0000,207,40.0000,7.0000,0.4545,1.6296,1.3340,-0.2353,1,-0.666667
2025-W46,GOOD,3758,2025-11-14 11:35:25,2025-11-14 11:35:56,LONG,25213.0000,25223.0000,REVERSAL,0,1,40.0000,200.0000,511,40.0000,16.0000,-0.3636,1.6296,1.3340,0.2353,1,0.666667
2025-W46,GOOD,3759,2025-11-14 11:35:56,2025-11-14 11:38:03,SHORT,25223.0000,25243.0000,HARD_STOP,1,2,-120.0000,-600.0000,2186,37.0000,60.0000,-0.4000,0.7692,0.9755,0.2184,2,0.312500
2025-W46,GOOD,3760,2025-11-14 11:40:20,2025-11-14 11:40:27,SHORT,25256.7500,25246.0000,REVERSAL,0,1,43.0000,215.0000,147,43.0000,2.0000,0.0732,1.2059,1.0752,-0.2330,0,-0.950000
2025-W46,GOOD,3761,2025-11-14 11:40:27,2025-11-14 11:40:58,LONG,25246.0000,25256.0000,REVERSAL,0,1,40.0000,200.0000,361,40.0000,8.0000,-0.1220,1.2059,1.0752,0.2330,2,0.950000
2025-W46,GOOD,3762,2025-11-14 11:47:26,2025-11-14 11:48:12,LONG,25196.7500,25176.7500,HARD_STOP,1,2,-120.0000,-600.0000,1038,7.0000,60.0000,0.9512,1.7826,1.1469,0.2450,2,0.479167
2025-W46,GOOD,3763,2025-11-14 11:48:20,2025-11-14 11:48:56,SHORT,25186.5000,25206.5000,HARD_STOP,1,2,-120.0000,-600.0000,815,15.0000,60.0000,0.1282,1.3929,1.0648,0.1086,3,0.937500
2025-W46,GOOD,3764,2025-11-14 11:49:45,2025-11-14 11:52:03,SHORT,25222.2500,25242.5000,HARD_STOP,1,2,-122.0000,-610.0000,2900,23.0000,61.0000,0.2222,0.5806,0.5444,-0.0737,0,-0.250000
2025-W46,GOOD,3765,2025-11-14 11:56:15,2025-11-14 11:56:52,SHORT,25257.5000,25247.2500,REVERSAL,0,1,41.0000,205.0000,597,41.0000,5.0000,0.0870,0.4894,0.7912,-0.0282,0,-0.225000
2025-W46,GOOD,3766,2025-11-14 12:00:03,2025-11-14 12:00:50,LONG,25243.0000,25222.7500,HARD_STOP,1,2,-122.0000,-610.0000,1083,25.0000,61.0000,0.1379,0.8788,1.2251,-0.0428,1,-0.295455
2025-W46,GOOD,3767,2025-11-14 12:00:53,2025-11-14 12:02:08,SHORT,25231.7500,25231.2500,REVERSAL,1,2,44.0000,220.0000,1144,22.0000,40.0000,0.4054,0.5873,1.3799,0.1908,2,0.916667
2025-W46,GOOD,3768,2025-11-14 12:03:15,2025-11-14 12:05:05,SHORT,25240.0000,25239.7500,REVERSAL,1,2,42.0000,210.0000,1737,34.0000,40.0000,0.4750,0.6061,1.0052,0.1451,2,0.100000
2025-W46,GOOD,3769,2025-11-14 12:05:51,2025-11-14 12:07:09,SHORT,25250.5000,25250.5000,REVERSAL,1,2,40.0000,200.0000,1347,31.0000,40.0000,0.0408,1.5312,1.0922,-0.1102,1,-0.295455
2025-W46,GOOD,3770,2025-11-14 12:08:13,2025-11-14 12:08:31,SHORT,25244.5000,25234.0000,REVERSAL,0,1,42.0000,210.0000,293,42.0000,13.0000,0.0566,1.8929,1.3980,-0.2544,2,-0.562500
2025-W46,GOOD,3771,2025-11-14 12:09:07,2025-11-14 12:10:03,SHORT,25257.2500,25277.2500,HARD_STOP,1,2,-120.0000,-600.0000,1203,26.0000,60.0000,0.1538,0.8387,0.6961,-0.1761,0,-0.525000
2025-W46,GOOD,3772,2025-11-14 12:10:55,2025-11-14 12:11:11,SHORT,25290.0000,25280.0000,REVERSAL,0,1,40.0000,200.0000,352,40.0000,3.0000,-0.0588,1.0625,1.0018,0.0435,0,-0.350000
2025-W46,GOOD,3773,2025-11-14 12:11:32,2025-11-14 12:12:17,SHORT,25283.7500,25273.7500,REVERSAL,0,1,40.0000,200.0000,805,40.0000,38.0000,0.2449,1.2895,1.7624,0.3125,2,0.812500
2025-W46,GOOD,3774,2025-11-14 12:14:09,2025-11-14 12:15:22,SHORT,25280.7500,25270.7500,REVERSAL,0,1,40.0000,200.0000,1432,40.0000,27.0000,1.0000,1.2609,0.8395,0.1686,2,0.193182
2025-W46,GOOD,3775,2025-11-14 12:16:56,2025-11-14 12:17:24,SHORT,25278.2500,25268.2500,REVERSAL,0,1,40.0000,200.0000,342,40.0000,10.0000,0.3846,0.6842,1.0207,0.0722,0,-0.162500
2025-W46,GOOD,3776,2025-11-14 12:18:16,2025-11-14 12:19:06,LONG,25261.7500,25271.7500,REVERSAL,0,1,40.0000,200.0000,592,40.0000,2.0000,0.0909,1.1379,0.9717,0.0312,0,-0.423077
2025-W46,GOOD,3777,2025-11-14 12:27:39,2025-11-14 12:29:11,LONG,25247.7500,25247.7500,REVERSAL,1,2,40.0000,200.0000,1579,20.0000,44.0000,0.9697,0.5690,1.3202,0.0798,2,0.057692
2025-W46,GOOD,3778,2025-11-14 12:31:15,2025-11-14 12:32:42,LONG,25247.0000,25227.0000,HARD_STOP,1,2,-120.0000,-600.0000,1290,6.0000,60.0000,0.6140,1.7273,1.3096,0.2313,2,0.486842
2025-W46,GOOD,3779,2025-11-14 12:34:38,2025-11-14 12:35:00,LONG,25234.7500,25244.7500,REVERSAL,0,1,40.0000,200.0000,256,40.0000,0.0000,0.0294,0.8947,1.0062,-0.1318,2,-0.531250
2025-W46,GOOD,3780,2025-11-14 12:35:43,2025-11-14 12:36:02,SHORT,25260.0000,25249.5000,REVERSAL,0,1,42.0000,210.0000,247,42.0000,3.0000,0.0000,1.5429,1.2444,-0.2606,1,-0.803571
2025-W46,GOOD,3781,2025-11-14 12:36:02,2025-11-14 12:36:27,LONG,25249.5000,25259.5000,REVERSAL,0,1,40.0000,200.0000,234,40.0000,4.0000,0.2222,1.5429,1.2444,0.2606,2,0.803571
2025-W46,GOOD,3782,2025-11-14 12:38:59,2025-11-14 12:39:30,SHORT,25283.0000,25272.7500,REVERSAL,0,1,41.0000,205.0000,572,41.0000,3.0000,0.2727,1.5714,1.0357,-0.2073,0,-0.235294
2025-W46,GOOD,3783,2025-11-14 12:40:51,2025-11-14 12:41:00,LONG,25250.5000,25260.7500,REVERSAL,0,1,41.0000,205.0000,268,41.0000,2.0000,0.1026,0.9286,1.1006,-0.3178,0,-1.375000
2025-W46,GOOD,3784,2025-11-14 12:41:14,2025-11-14 12:42:24,LONG,25257.0000,25257.0000,REVERSAL,1,2,40.0000,200.0000,1054,20.0000,40.0000,-0.1429,1.0294,0.9506,0.0634,2,0.071429
2025-W46,GOOD,3785,2025-11-14 12:43:42,2025-11-14 12:44:09,SHORT,25248.2500,25238.2500,REVERSAL,0,1,40.0000,200.0000,436,40.0000,20.0000,0.7073,0.9111,1.2889,-0.1016,1,-0.281250
2025-W46,GOOD,3786,2025-11-14 12:47:04,2025-11-14 12:48:15,LONG,25236.0000,25216.0000,HARD_STOP,1,2,-120.0000,-600.0000,1430,30.0000,60.0000,0.5000,0.7317,0.7526,0.0359,1,0.107143
2025-W46,GOOD,3787,2025-11-14 12:49:27,2025-11-14 12:50:36,LONG,25206.0000,25186.0000,HARD_STOP,1,2,-120.0000,-600.0000,2641,17.0000,60.0000,0.7222,0.6207,0.7781,-0.0824,0,-0.062500
2025-W46,GOOD,3788,2025-11-14 12:51:45,2025-11-14 12:52:00,LONG,25163.5000,25173.5000,REVERSAL,0,1,40.0000,200.0000,538,40.0000,13.0000,0.0000,0.3158,1.1407,-0.2829,0,-0.375000
2025-W46,GOOD,3789,2025-11-14 12:52:50,2025-11-14 12:54:00,SHORT,25200.5000,25220.5000,HARD_STOP,1,2,-120.0000,-600.0000,1854,26.0000,60.0000,0.2059,0.9714,0.9587,-0.1418,0,-0.416667
2025-W46,GOOD,3790,2025-11-14 12:55:48,2025-11-14 12:56:25,SHORT,25212.0000,25202.0000,REVERSAL,0,1,40.0000,200.0000,597,40.0000,21.0000,0.2593,0.8438,0.7356,0.0038,1,-0.303571
2025-W46,GOOD,3791,2025-11-14 12:57:08,2025-11-14 12:57:21,SHORT,25216.7500,25206.7500,REVERSAL,0,1,40.0000,200.0000,215,40.0000,7.0000,0.0000,2.2105,1.4706,-0.3015,0,-0.954545
2025-W46,GOOD,3792,2025-11-14 12:57:21,2025-11-14 12:58:26,LONG,25206.7500,25186.7500,HARD_STOP,1,2,-120.0000,-600.0000,1404,9.0000,60.0000,0.0476,2.2105,1.4706,0.3015,3,0.954545
2025-W46,GOOD,3793,2025-11-14 12:59:09,2025-11-14 12:59:48,LONG,25187.2500,25197.2500,REVERSAL,0,1,40.0000,200.0000,548,40.0000,11.0000,0.0741,0.6000,0.7688,0.1120,1,-0.097222
2025-W46,GOOD,3794,2025-11-14 13:00:01,2025-11-14 13:00:11,LONG,25195.0000,25205.0000,REVERSAL,0,1,40.0000,200.0000,273,40.0000,12.0000,0.0870,1.2432,1.1355,0.2852,3,1.027778
2025-W46,GOOD,3795,2025-11-14 13:04:23,2025-11-14 13:05:47,LONG,25150.7500,25130.7500,HARD_STOP,1,2,-120.0000,-600.0000,2079,3.0000,60.0000,0.7308,0.7027,1.0365,0.2392,2,0.833333
2025-W46,GOOD,3796,2025-11-14 13:06:39,2025-11-14 13:07:16,SHORT,25134.0000,25154.0000,HARD_STOP,1,2,-120.0000,-600.0000,956,10.0000,60.0000,0.6591,1.6296,1.0326,0.1667,2,0.650000
2025-W46,GOOD,3797,2025-11-14 13:10:32,2025-11-14 13:12:05,LONG,25162.5000,25172.5000,REVERSAL,0,1,40.0000,200.0000,1787,40.0000,35.0000,0.1026,0.8125,1.4062,-0.0875,0,-0.675000
2025-W46,GOOD,3798,2025-11-14 13:12:19,2025-11-14 13:12:27,SHORT,25197.0000,25186.7500,REVERSAL,0,1,41.0000,205.0000,367,41.0000,26.0000,-0.0435,0.5111,0.5816,-0.2756,0,-1.333333
2025-W46,GOOD,3799,2025-11-14 13:13:01,2025-11-14 13:13:38,SHORT,25203.7500,25203.7500,REVERSAL,1,2,40.0000,200.0000,998,20.0000,40.0000,0.7200,0.6944,0.9472,0.0830,2,0.275000
2025-W46,GOOD,3800,2025-11-14 13:15:29,2025-11-14 13:15:44,LONG,25194.0000,25204.0000,REVERSAL,0,1,40.0000,200.0000,257,40.0000,1.0000,0.0000,0.9318,1.3121,-0.1298,0,-0.812500
2025-W46,GOOD,3801,2025-11-14 13:16:04,2025-11-14 13:16:24,SHORT,25212.0000,25202.0000,REVERSAL,0,1,40.0000,200.0000,360,40.0000,17.0000,-0.2647,0.8718,0.9115,-0.0038,1,-0.412500
2025-W46,GOOD,3802,2025-11-14 13:18:13,2025-11-14 13:18:44,LONG,25174.2500,25154.0000,HARD_STOP,1,2,-122.0000,-610.0000,557,12.0000,61.0000,0.8667,0.9091,0.8570,0.0677,2,0.694444
2025-W46,GOOD,3803,2025-11-14 13:19:14,2025-11-14 13:20:50,SHORT,25164.5000,25154.5000,REVERSAL,0,1,40.0000,200.0000,1173,40.0000,23.0000,0.4706,0.8095,0.8820,-0.0728,1,-0.125000
2025-W46,GOOD,3804,2025-11-14 13:22:49,2025-11-14 13:23:18,LONG,25130.0000,25140.0000,REVERSAL,0,1,40.0000,200.0000,697,40.0000,8.0000,0.0000,0.5652,0.9215,0.1036,1,-1.750000
2025-W46,GOOD,3805,2025-11-14 13:25:10,2025-11-14 13:25:15,SHORT,25157.0000,25147.0000,REVERSAL,0,1,40.0000,200.0000,116,40.0000,6.0000,0.2321,1.3333,1.2342,-0.2677,0,-1.138889
2025-W46,GOOD,3806,2025-11-14 13:25:15,2025-11-14 13:27:07,LONG,25147.0000,25146.7500,REVERSAL,1,2,39.0000,195.0000,1432,19.5000,43.5000,0.0536,1.3333,1.2342,0.2677,3,1.138889
2025-W46,GOOD,3807,2025-11-14 13:28:52,2025-11-14 13:29:11,SHORT,25161.7500,25151.5000,REVERSAL,0,1,41.0000,205.0000,296,41.0000,12.0000,-0.0256,0.7358,1.1710,-0.2422,1,-0.233871
2025-W46,GOOD,3808,2025-11-14 13:34:00,2025-11-14 13:34:10,SHORT,25187.2500,25176.7500,REVERSAL,0,1,42.0000,210.0000,135,42.0000,4.0000,0.1818,0.9778,1.2925,0.0958,0,-0.302083
2025-W46,GOOD,3809,2025-11-14 13:34:10,2025-11-14 13:34:56,LONG,25176.7500,25176.5000,REVERSAL,1,2,39.0000,195.0000,638,25.0000,41.0000,-0.1364,0.9778,1.2925,-0.0958,3,0.302083
2025-W46,GOOD,3810,2025-11-14 13:38:12,2025-11-14 13:38:43,LONG,25115.5000,25125.5000,REVERSAL,0,1,40.0000,200.0000,647,40.0000,0.0000,0.3600,0.6944,0.6868,-0.0996,0,-0.571429
2025-W46,GOOD,3811,2025-11-14 13:42:31,2025-11-14 13:44:04,LONG,25109.2500,25109.2500,REVERSAL,1,2,40.0000,200.0000,1825,20.0000,53.0000,0.7692,0.7879,0.7450,0.0308,2,0.288462
2025-W46,GOOD,3812,2025-11-14 13:46:32,2025-11-14 13:46:49,LONG,25090.7500,25100.7500,REVERSAL,0,1,40.0000,200.0000,247,40.0000,0.0000,0.0339,1.9032,1.3121,-0.3123,1,-0.640625
2025-W46,GOOD,3813,2025-11-14 13:46:49,2025-11-14 13:48:09,SHORT,25100.7500,25090.5000,REVERSAL,0,1,41.0000,205.0000,965,41.0000,15.0000,0.2881,1.9032,1.3121,0.3123,2,0.640625
2025-W46,GOOD,3814,2025-11-14 13:50:09,2025-11-14 13:50:57,SHORT,25124.0000,25123.7500,REVERSAL,1,2,42.0000,210.0000,1228,32.0000,40.0000,0.0426,0.9216,0.9920,-0.2197,1,-1.041667
2025-W46,GOOD,3815,2025-11-14 13:51:08,2025-11-14 13:51:52,SHORT,25129.0000,25149.0000,HARD_STOP,1,2,-120.0000,-600.0000,939,2.0000,60.0000,0.4545,1.4667,1.1879,0.0332,1,0.800000
2025-W46,GOOD,3816,2025-11-14 13:56:17,2025-11-14 13:56:32,LONG,25172.5000,25182.5000,REVERSAL,0,1,40.0000,200.0000,542,40.0000,10.0000,0.0204,1.5806,1.2903,-0.2544,0,-0.666667
2025-W46,GOOD,3817,2025-11-14 13:58:27,2025-11-14 13:58:38,SHORT,25175.5000,25165.5000,REVERSAL,0,1,40.0000,200.0000,148,40.0000,1.0000,0.4242,0.4853,1.7209,-0.0830,1,-0.136364
2025-W46,GOOD,3818,2025-11-14 13:58:38,2025-11-14 13:58:56,LONG,25165.5000,25175.7500,REVERSAL,0,1,41.0000,205.0000,235,41.0000,0.0000,-0.6364,0.4853,1.7209,0.0830,2,0.136364
2025-W46,GOOD,3819,2025-11-14 14:00:08,2025-11-14 14:01:07,SHORT,25179.2500,25169.0000,REVERSAL,0,1,41.0000,205.0000,992,41.0000,20.0000,0.1569,2.2174,1.5687,-0.2266,1,-0.666667
2025-W46,GOOD,3820,2025-11-14 14:02:24,2025-11-14 14:02:38,SHORT,25180.7500,25170.7500,REVERSAL,0,1,40.0000,200.0000,161,40.0000,8.0000,0.0204,1.2250,1.3817,-0.2126,0,-0.460526
2025-W46,GOOD,3821,2025-11-14 14:02:38,2025-11-14 14:03:18,LONG,25170.7500,25181.0000,REVERSAL,0,1,41.0000,205.0000,399,41.0000,12.0000,0.1633,1.2250,1.3817,0.2126,3,0.460526
2025-W46,GOOD,3822,2025-11-14 14:04:45,2025-11-14 14:05:01,LONG,25149.7500,25159.7500,REVERSAL,0,1,40.0000,200.0000,197,40.0000,0.0000,0.0333,0.6250,0.6996,-0.2490,0,-0.343750
2025-W46,GOOD,3823,2025-11-14 14:05:01,2025-11-14 14:05:08,SHORT,25159.7500,25149.7500,REVERSAL,0,1,40.0000,200.0000,127,40.0000,5.0000,-0.3667,0.6250,0.6996,0.2490,3,0.343750
2025-W46,GOOD,3824,2025-11-14 14:13:04,2025-11-14 14:13:27,SHORT,25156.0000,25146.0000,REVERSAL,0,1,40.0000,200.0000,383,40.0000,2.0000,0.1154,0.7027,0.5690,-0.2283,0,-0.375000
2025-W46,GOOD,3825,2025-11-14 14:17:45,2025-11-14 14:18:15,LONG,25152.7500,25162.7500,REVERSAL,0,1,40.0000,200.0000,311,40.0000,1.0000,0.1961,1.2143,0.9821,-0.1024,0,-0.324074
2025-W46,GOOD,3826,2025-11-14 14:23:42,2025-11-14 14:25:16,SHORT,25213.7500,25203.5000,REVERSAL,0,1,41.0000,205.0000,1295,41.0000,30.0000,0.1515,1.1379,0.9609,-0.2218,0,-0.383333
2025-W46,GOOD,3827,2025-11-14 14:26:21,2025-11-14 14:26:37,SHORT,25202.7500,25192.7500,REVERSAL,0,1,40.0000,200.0000,178,40.0000,3.0000,0.0182,1.6667,1.3048,-0.1841,2,-0.766667
2025-W46,GOOD,3828,2025-11-14 14:26:37,2025-11-14 14:27:01,LONG,25192.7500,25192.5000,REVERSAL,1,2,39.0000,195.0000,388,19.5000,41.0000,0.2545,1.6667,1.3048,0.1841,1,0.766667
2025-W46,GOOD,3829,2025-11-14 14:29:59,2025-11-14 14:31:13,SHORT,25201.7500,25201.2500,REVERSAL,1,2,44.0000,220.0000,1294,22.0000,49.0000,0.5312,1.0323,0.7881,0.0769,2,0.137931
2025-W46,GOOD,3830,2025-11-14 14:32:42,2025-11-14 14:33:01,SHORT,25201.0000,25191.0000,REVERSAL,0,1,40.0000,200.0000,189,40.0000,0.0000,0.2593,2.2500,1.4886,-0.3492,1,-0.769231
2025-W46,GOOD,3831,2025-11-14 14:33:01,2025-11-14 14:34:00,LONG,25191.0000,25201.0000,REVERSAL,0,1,40.0000,200.0000,801,40.0000,30.0000,0.0000,2.2500,1.4886,0.3492,2,0.769231
2025-W46,GOOD,3832,2025-11-14 14:43:04,2025-11-14 14:45:54,SHORT,25208.7500,25208.7500,REVERSAL,1,2,40.0000,200.0000,1427,38.0000,40.0000,0.4359,1.0833,0.8520,-0.0226,0,-0.228261
2025-W46,GOOD,3833,2025-11-14 14:49:05,2025-11-14 14:49:30,LONG,25206.2500,25216.2500,REVERSAL,0,1,40.0000,200.0000,346,40.0000,0.0000,0.4359,0.8125,1.1562,0.0965,0,-0.593750
2025-W46,GOOD,3834,2025-11-14 14:50:01,2025-11-14 14:50:28,LONG,25210.0000,25220.2500,REVERSAL,0,1,41.0000,205.0000,299,41.0000,11.0000,0.2308,1.4857,1.1916,-0.0709,2,0.185484
2025-W46,GOOD,3835,2025-11-14 14:51:36,2025-11-14 14:51:50,SHORT,25235.0000,25225.0000,REVERSAL,0,1,40.0000,200.0000,139,40.0000,3.0000,0.1552,0.9667,1.5548,-0.0817,1,-0.444444
2025-W46,GOOD,3836,2025-11-14 14:51:50,2025-11-14 14:52:18,LONG,25225.0000,25235.0000,REVERSAL,0,1,40.0000,200.0000,206,40.0000,7.0000,0.1552,0.9667,1.5548,0.0817,2,0.444444
2025-W46,GOOD,3837,2025-11-14 14:57:53,2025-11-14 14:58:53,SHORT,25231.2500,25221.2500,REVERSAL,0,1,40.0000,200.0000,689,40.0000,10.0000,0.3030,0.4925,0.9590,-0.2569,0,-0.217391
2025-W46,GOOD,3838,2025-11-14 14:59:54,2025-11-14 15:02:19,SHORT,25228.0000,25248.0000,HARD_STOP,1,2,-120.0000,-600.0000,2912,32.0000,60.0000,0.8571,0.5957,0.8574,0.0438,1,0.196429
2025-W46,GOOD,3839,2025-11-14 15:02:31,2025-11-14 15:06:19,LONG,25241.2500,25221.0000,HARD_STOP,1,2,-120.0000,-600.0000,2608,39.0000,60.0000,-0.1667,0.6667,1.3561,0.4902,2,0.750000
2025-W46,GOOD,3840,2025-11-14 15:10:19,2025-11-14 15:11:02,SHORT,25216.2500,25206.0000,REVERSAL,0,1,41.0000,205.0000,513,41.0000,16.0000,0.1429,0.8077,1.4438,-0.1922,1,-1.166667
2025-W46,GOOD,3841,2025-11-14 15:17:00,2025-11-14 15:18:12,LONG,25185.2500,25165.0000,HARD_STOP,1,2,-121.0000,-605.0000,821,7.0000,60.5000,0.9474,1.3571,1.2170,0.4071,2,0.479167
2025-W46,GOOD,3842,2025-11-14 15:21:47,2025-11-14 15:23:37,LONG,25130.7500,25140.7500,REVERSAL,0,1,40.0000,200.0000,1901,40.0000,33.0000,0.1250,0.5455,0.9824,-0.0160,0,-0.318182
2025-W46,GOOD,3843,2025-11-14 15:27:23,2025-11-14 15:28:07,LONG,25126.7500,25136.7500,REVERSAL,0,1,40.0000,200.0000,472,40.0000,4.0000,0.0750,1.0000,0.9545,-0.1892,0,-0.571429
2025-W46,GOOD,3844,2025-11-14 15:28:44,2025-11-14 15:29:39,LONG,25134.2500,25145.0000,REVERSAL,0,1,43.0000,215.0000,418,43.0000,3.0000,-0.1765,0.7907,1.0889,0.0039,3,0.260870
2025-W46,GOOD,3845,2025-11-14 15:30:18,2025-11-14 15:32:30,LONG,25130.7500,25141.0000,REVERSAL,0,1,41.0000,205.0000,1744,41.0000,24.0000,0.5938,0.5517,1.5940,-0.0508,1,0.096154
2025-W46,GOOD,3846,2025-11-14 15:33:00,2025-11-14 15:34:13,SHORT,25150.5000,25150.7500,REVERSAL,1,2,39.0000,195.0000,1391,36.0000,41.0000,0.2051,1.2188,0.9057,-0.2091,0,-0.517857
2025-W46,GOOD,3847,2025-11-14 15:34:50,2025-11-14 15:35:24,LONG,25145.2500,25155.2500,REVERSAL,0,1,40.0000,200.0000,355,40.0000,1.0000,-0.1111,0.7347,1.5340,-0.0798,1,-0.148148
2025-W46,GOOD,3848,2025-11-14 15:35:41,2025-11-14 15:36:13,SHORT,25160.5000,25150.5000,REVERSAL,0,1,40.0000,200.0000,346,40.0000,3.0000,-0.0444,1.3235,1.1340,-0.0362,1,-0.232759
2025-W46,GOOD,3849,2025-11-14 15:39:08,2025-11-14 15:41:29,LONG,25127.7500,25107.7500,HARD_STOP,1,2,-120.0000,-600.0000,2862,32.0000,60.0000,0.6400,0.7576,0.7023,0.0494,1,-0.037500
2025-W46,GOOD,3850,2025-11-14 15:43:12,2025-11-14 15:45:28,LONG,25109.0000,25119.0000,REVERSAL,0,1,40.0000,200.0000,1939,40.0000,21.0000,-0.0690,1.1154,0.9639,-0.1406,1,-0.205882
2025-W46,GOOD,3851,2025-11-14 15:49:38,2025-11-14 15:49:50,LONG,25076.2500,25079.0000,EOD_FLATTEN,0,1,11.0000,55.0000,254,24.0000,1.0000,0.2174,0.8846,0.8486,0.0301,0,-0.166667
2025-W47,BEST,3852,2025-11-17 09:30:00,2025-11-17 09:30:00,LONG,24986.2500,24996.5000,REVERSAL,0,1,41.0000,205.0000,204,41.0000,5.0000,0.0526,2.1111,1.3428,-0.2734,1,
2025-W47,BEST,3853,2025-11-17 09:30:00,2025-11-17 09:30:02,SHORT,24996.5000,24986.2500,REVERSAL,0,1,41.0000,205.0000,293,41.0000,8.0000,0.2281,2.1111,1.3428,0.2734,2,
2025-W47,BEST,3854,2025-11-17 09:30:08,2025-11-17 09:30:15,LONG,24980.5000,24990.7500,REVERSAL,0,1,41.0000,205.0000,802,41.0000,8.0000,0.4242,0.9167,0.9083,0.0576,0,-1.000000
2025-W47,BEST,3855,2025-11-17 09:30:22,2025-11-17 09:31:02,LONG,24973.5000,24973.5000,REVERSAL,1,2,40.0000,200.0000,2946,30.0000,54.0000,0.4062,0.5926,0.9548,-0.1613,1,-1.500000
2025-W47,BEST,3856,2025-11-17 09:32:13,2025-11-17 09:32:26,SHORT,25059.2500,25049.2500,REVERSAL,0,1,40.0000,200.0000,993,40.0000,28.0000,0.0811,1.0278,1.0433,-0.4387,0,-6.500000
2025-W47,BEST,3857,2025-11-17 09:33:08,2025-11-17 09:33:12,SHORT,25079.0000,25069.0000,REVERSAL,0,1,40.0000,200.0000,352,40.0000,4.0000,0.0882,1.0625,1.0312,-0.3333,1,-1.937500
2025-W47,BEST,3858,2025-11-17 09:35:06,2025-11-17 09:35:20,SHORT,25103.5000,25093.5000,REVERSAL,0,1,40.0000,200.0000,528,40.0000,1.0000,-0.0513,0.9070,1.0193,-0.1069,1,-1.000000
2025-W47,BEST,3859,2025-11-17 09:35:48,2025-11-17 09:36:16,SHORT,25099.7500,25120.0000,HARD_STOP,1,2,-121.0000,-605.0000,1692,17.0000,60.5000,0.0882,1.0303,0.8818,-0.0888,0,-0.333333
2025-W47,BEST,3860,2025-11-17 09:37:42,2025-11-17 09:37:49,SHORT,25175.0000,25165.0000,REVERSAL,0,1,40.0000,200.0000,384,40.0000,11.0000,0.0000,1.0455,0.8370,0.1788,0,-0.916667
2025-W47,BEST,3861,2025-11-17 09:39:36,2025-11-17 09:40:57,SHORT,25168.5000,25168.5000,REVERSAL,1,2,40.0000,200.0000,3268,29.0000,44.0000,0.0250,0.8333,1.0321,-0.0480,0,-0.350000
2025-W47,BEST,3862,2025-11-17 09:41:52,2025-11-17 09:41:57,LONG,25158.0000,25168.0000,REVERSAL,0,1,40.0000,200.0000,209,40.0000,6.0000,0.1389,0.9000,1.2833,-0.2355,0,-1.875000
2025-W47,BEST,3863,2025-11-17 09:41:57,2025-11-17 09:42:01,SHORT,25168.0000,25157.5000,REVERSAL,0,1,42.0000,210.0000,205,42.0000,8.0000,-0.2500,0.9000,1.2833,0.2355,3,1.875000
2025-W47,BEST,3864,2025-11-17 09:44:29,2025-11-17 09:45:09,LONG,25163.7500,25163.5000,REVERSAL,1,2,39.0000,195.0000,1456,23.0000,44.5000,0.8333,0.8372,1.3959,-0.0227,1,0.150000
2025-W47,BEST,3865,2025-11-17 09:46:40,2025-11-17 09:47:47,SHORT,25199.5000,25219.7500,HARD_STOP,1,2,-122.0000,-610.0000,2261,36.0000,61.0000,0.2143,0.6087,0.7225,-0.0534,1,-0.416667
2025-W47,BEST,3866,2025-11-17 09:49:48,2025-11-17 09:51:29,SHORT,25221.0000,25241.0000,HARD_STOP,1,2,-120.0000,-600.0000,3405,14.0000,60.0000,0.0278,0.8182,1.4567,0.0353,2,-0.166667
2025-W47,BEST,3867,2025-11-17 09:54:54,2025-11-17 09:55:17,LONG,25234.0000,25244.0000,REVERSAL,0,1,40.0000,200.0000,551,40.0000,4.0000,0.3333,0.9750,1.2282,-0.1910,0,-0.522727
2025-W47,BEST,3868,2025-11-17 09:55:45,2025-11-17 09:55:49,SHORT,25252.7500,25242.7500,REVERSAL,0,1,40.0000,200.0000,152,40.0000,5.0000,0.0256,0.8125,1.1804,-0.2628,0,-0.675000
2025-W47,BEST,3869,2025-11-17 09:55:49,2025-11-17 09:56:22,LONG,25242.7500,25222.2500,HARD_STOP,1,2,-123.0000,-615.0000,1090,8.0000,61.5000,-0.0513,0.8125,1.1804,0.2628,3,0.675000
2025-W47,BEST,3870,2025-11-17 10:01:38,2025-11-17 10:01:52,LONG,25179.7500,25189.7500,REVERSAL,0,1,40.0000,200.0000,394,40.0000,13.0000,0.3000,1.1364,1.0682,-0.3405,0,-2.000000
2025-W47,BEST,3871,2025-11-17 10:02:05,2025-11-17 10:02:18,SHORT,25198.2500,25188.2500,REVERSAL,0,1,40.0000,200.0000,245,40.0000,8.0000,0.2250,1.1765,1.0241,-0.2411,0,-1.550000
2025-W47,BEST,3872,2025-11-17 10:02:18,2025-11-17 10:03:09,LONG,25188.2500,25188.2500,REVERSAL,1,2,40.0000,200.0000,1424,20.0000,56.0000,-0.2250,1.1765,1.0241,0.2411,3,1.550000
2025-W47,BEST,3873,2025-11-17 10:05:10,2025-11-17 10:05:26,LONG,25130.0000,25140.0000,REVERSAL,0,1,40.0000,200.0000,572,40.0000,16.0000,0.5789,0.2317,1.0477,0.0559,2,0.312500
2025-W47,BEST,3874,2025-11-17 10:07:42,2025-11-17 10:07:54,LONG,25110.0000,25120.2500,REVERSAL,0,1,41.0000,205.0000,478,41.0000,11.0000,0.1538,1.0000,0.8250,-0.3569,0,-1.562500
2025-W47,BEST,3875,2025-11-17 10:08:07,2025-11-17 10:08:31,LONG,25110.0000,25090.0000,HARD_STOP,1,2,-120.0000,-600.0000,967,9.0000,60.0000,0.6875,0.4638,1.3448,-0.0946,2,0.875000
2025-W47,BEST,3876,2025-11-17 10:08:44,2025-11-17 10:09:53,LONG,25079.2500,25079.0000,REVERSAL,1,2,39.0000,195.0000,3027,31.0000,53.5000,0.6757,0.7872,1.4618,-0.0337,2,0.416667
2025-W47,BEST,3877,2025-11-17 10:10:06,2025-11-17 10:11:07,SHORT,25087.0000,25107.2500,HARD_STOP,1,2,-122.0000,-610.0000,1896,34.0000,61.0000,0.9143,1.1290,1.0990,-0.1686,0,-0.166667
2025-W47,BEST,3878,2025-11-17 10:11:18,2025-11-17 10:12:35,SHORT,25120.0000,25140.0000,HARD_STOP,1,2,-120.0000,-600.0000,2311,32.0000,60.0000,0.0000,1.2903,0.9270,-0.1406,0,-1.625000
2025-W47,BEST,3879,2025-11-17 10:13:25,2025-11-17 10:13:41,LONG,25114.7500,25125.2500,REVERSAL,0,1,42.0000,210.0000,463,42.0000,9.0000,0.0682,0.6027,1.1916,-0.3567,1,-2.050000
2025-W47,BEST,3880,2025-11-17 10:17:34,2025-11-17 10:18:03,LONG,25096.7500,25106.7500,REVERSAL,0,1,40.0000,200.0000,847,40.0000,38.0000,0.0750,0.6897,1.3115,-0.1270,0,-0.583333
2025-W47,BEST,3881,2025-11-17 10:19:02,2025-11-17 10:19:11,LONG,25081.0000,25091.0000,REVERSAL,0,1,40.0000,200.0000,341,40.0000,28.0000,0.1250,0.7805,0.8902,-0.2706,0,-1.041667
2025-W47,BEST,3882,2025-11-17 10:19:53,2025-11-17 10:19:59,LONG,25057.2500,25067.2500,REVERSAL,0,1,40.0000,200.0000,281,40.0000,2.0000,0.1290,0.6327,0.9611,-0.0480,0,-0.625000
2025-W47,BEST,3883,2025-11-17 10:20:38,2025-11-17 10:21:03,SHORT,25096.0000,25086.0000,REVERSAL,0,1,40.0000,200.0000,759,40.0000,16.0000,0.3488,0.9149,0.9574,-0.1051,0,-0.625000
2025-W47,BEST,3884,2025-11-17 10:22:17,2025-11-17 10:22:31,SHORT,25105.0000,25095.0000,REVERSAL,0,1,40.0000,200.0000,523,40.0000,2.0000,0.1569,0.7083,1.0889,-0.3558,1,-2.500000
2025-W47,BEST,3885,2025-11-17 10:22:51,2025-11-17 10:24:18,SHORT,25104.2500,25124.2500,HARD_STOP,1,2,-120.0000,-600.0000,2218,14.0000,60.0000,0.6364,0.7174,1.3170,-0.1045,2,0.055556
2025-W47,BEST,3886,2025-11-17 10:26:49,2025-11-17 10:26:56,SHORT,25104.0000,25094.0000,REVERSAL,0,1,40.0000,200.0000,277,40.0000,22.0000,0.1795,0.7500,1.2137,-0.2400,0,-0.964286
2025-W47,BEST,3887,2025-11-17 10:29:31,2025-11-17 10:30:15,SHORT,25137.5000,25137.5000,REVERSAL,1,2,40.0000,200.0000,1133,20.0000,56.0000,0.5106,1.1463,1.7121,0.2946,3,1.000000
2025-W47,BEST,3888,2025-11-17 10:30:32,2025-11-17 10:30:51,LONG,25142.0000,25141.5000,REVERSAL,1,2,38.0000,190.0000,660,19.0000,42.0000,0.0698,0.7414,1.2236,-0.0615,1,-0.500000
2025-W47,BEST,3889,2025-11-17 10:31:06,2025-11-17 10:31:14,SHORT,25149.2500,25139.2500,REVERSAL,0,1,40.0000,200.0000,140,40.0000,0.0000,-0.3214,0.6222,0.7703,0.0510,1,-0.312500
2025-W47,BEST,3890,2025-11-17 10:31:14,2025-11-17 10:31:37,LONG,25139.2500,25139.7500,REVERSAL,1,2,44.0000,220.0000,561,22.0000,40.0000,-0.1071,0.6222,0.7703,-0.0510,2,0.312500
2025-W47,BEST,3891,2025-11-17 10:31:52,2025-11-17 10:32:19,LONG,25138.0000,25118.0000,HARD_STOP,1,2,-120.0000,-600.0000,641,5.0000,60.0000,0.1111,0.9574,0.9306,0.1373,2,0.500000
2025-W47,BEST,3892,2025-11-17 10:35:40,2025-11-17 10:36:03,SHORT,25094.5000,25084.5000,REVERSAL,0,1,40.0000,200.0000,544,40.0000,5.0000,0.2264,1.0600,1.0982,-0.2791,0,-0.892857
2025-W47,BEST,3893,2025-11-17 10:36:03,2025-11-17 10:36:17,LONG,25084.5000,25094.5000,REVERSAL,0,1,40.0000,200.0000,313,40.0000,10.0000,-0.1250,1.1765,0.9090,0.0078,1,-0.166667
2025-W47,BEST,3894,2025-11-17 10:36:35,2025-11-17 10:36:45,LONG,25081.0000,25091.0000,REVERSAL,0,1,40.0000,200.0000,185,40.0000,1.0000,0.1351,0.7400,0.8908,-0.0472,1,-0.250000
2025-W47,BEST,3895,2025-11-17 10:36:45,2025-11-17 10:37:03,SHORT,25091.0000,25080.7500,REVERSAL,0,1,41.0000,205.0000,330,41.0000,1.0000,-0.2162,0.7400,0.8908,0.0472,2,0.250000
2025-W47,BEST,3896,2025-11-17 10:38:44,2025-11-17 10:38:46,LONG,25074.7500,25084.7500,REVERSAL,0,1,40.0000,200.0000,72,40.0000,1.0000,0.0625,1.5000,1.2348,-0.3356,0,-0.704545
2025-W47,BEST,3897,2025-11-17 10:38:46,2025-11-17 10:39:02,SHORT,25084.7500,25074.2500,REVERSAL,0,1,42.0000,210.0000,349,42.0000,2.0000,0.1042,1.5000,1.2348,0.3356,3,0.704545
2025-W47,BEST,3898,2025-11-17 10:39:27,2025-11-17 10:40:02,SHORT,25078.2500,25068.2500,REVERSAL,0,1,40.0000,200.0000,539,40.0000,22.0000,-0.4333,0.6122,0.9037,0.0739,2,0.083333
2025-W47,BEST,3899,2025-11-17 10:40:45,2025-11-17 10:41:02,SHORT,25074.7500,25064.5000,REVERSAL,0,1,41.0000,205.0000,258,41.0000,5.0000,-0.0204,1.5312,1.1377,-0.2062,1,-0.583333
2025-W47,BEST,3900,2025-11-17 10:41:35,2025-11-17 10:42:02,SHORT,25079.2500,25069.0000,REVERSAL,0,1,41.0000,205.0000,420,41.0000,8.0000,0.5741,0.8182,1.1765,-0.1197,1,-0.152778
2025-W47,BEST,3901,2025-11-17 10:42:06,2025-11-17 10:42:29,SHORT,25074.5000,25064.2500,REVERSAL,0,1,41.0000,205.0000,347,41.0000,9.0000,0.1786,1.5135,1.0993,0.1939,2,0.925000
2025-W47,BEST,3902,2025-11-17 10:43:27,2025-11-17 10:43:35,SHORT,25102.5000,25092.5000,REVERSAL,0,1,40.0000,200.0000,236,40.0000,7.0000,0.0667,0.7627,1.3330,-0.3544,0,-2.687500
2025-W47,BEST,3903,2025-11-17 10:43:35,2025-11-17 10:43:43,LONG,25092.5000,25102.5000,REVERSAL,0,1,40.0000,200.0000,208,40.0000,8.0000,0.0444,0.7627,1.3330,0.3544,3,2.687500
2025-W47,BEST,3904,2025-11-17 10:44:11,2025-11-17 10:44:46,SHORT,25119.5000,25119.5000,REVERSAL,1,2,40.0000,200.0000,1002,29.0000,40.0000,0.2500,0.7179,0.9006,-0.3410,0,-1.187500
2025-W47,BEST,3905,2025-11-17 10:45:47,2025-11-17 10:46:05,LONG,25119.0000,25129.0000,REVERSAL,0,1,40.0000,200.0000,287,40.0000,27.0000,-0.1250,0.7742,0.6412,-0.0515,1,-0.033333
2025-W47,BEST,3906,2025-11-17 10:48:34,2025-11-17 10:48:38,SHORT,25148.5000,25138.5000,REVERSAL,0,1,40.0000,200.0000,119,40.0000,8.0000,0.1739,0.5750,0.7637,0.0992,0,-0.150000
2025-W47,BEST,3907,2025-11-17 10:48:38,2025-11-17 10:49:25,LONG,25138.5000,25118.2500,HARD_STOP,1,2,-122.0000,-610.0000,1110,27.0000,61.0000,-0.9130,0.5750,0.7637,-0.0992,3,0.150000
2025-W47,BEST,3908,2025-11-17 10:49:38,2025-11-17 10:49:50,LONG,25094.0000,25104.0000,REVERSAL,0,1,40.0000,200.0000,386,40.0000,11.0000,-0.1000,0.5128,0.6175,-0.0875,0,-0.500000
2025-W47,BEST,3909,2025-11-17 10:52:41,2025-11-17 10:53:00,LONG,25094.0000,25095.0000,REVERSAL,1,2,48.0000,240.0000,339,24.0000,40.0000,0.8286,0.7447,1.2116,0.0551,2,0.306818
2025-W47,BEST,3910,2025-11-17 10:53:12,2025-11-17 10:54:19,SHORT,25118.2500,25108.2500,REVERSAL,0,1,40.0000,200.0000,910,40.0000,6.0000,0.3500,0.6061,0.7055,0.0119,0,-0.600000
2025-W47,BEST,3911,2025-11-17 10:58:47,2025-11-17 10:59:52,LONG,25068.0000,25078.2500,REVERSAL,0,1,41.0000,205.0000,1178,41.0000,34.0000,0.1500,0.9524,0.8043,-0.4222,1,-1.458333
2025-W47,BEST,3912,2025-11-17 11:03:14,2025-11-17 11:03:31,LONG,25030.7500,25041.0000,REVERSAL,0,1,41.0000,205.0000,282,41.0000,1.0000,0.0000,1.1111,1.0556,0.0275,1,-0.416667
2025-W47,BEST,3913,2025-11-17 11:03:38,2025-11-17 11:03:45,SHORT,25049.5000,25039.5000,REVERSAL,0,1,40.0000,200.0000,149,40.0000,6.0000,0.1111,1.5429,1.2089,-0.1373,1,-1.000000
2025-W47,BEST,3914,2025-11-17 11:03:45,2025-11-17 11:04:01,LONG,25039.5000,25050.0000,REVERSAL,0,1,42.0000,210.0000,250,42.0000,11.0000,0.1481,1.5429,1.2089,0.1373,2,1.000000
2025-W47,BEST,3915,2025-11-17 11:05:21,2025-11-17 11:05:33,LONG,25046.7500,25057.0000,REVERSAL,0,1,41.0000,205.0000,187,41.0000,0.0000,0.0606,0.7674,0.9809,-0.2000,1,-0.500000
2025-W47,BEST,3916,2025-11-17 11:05:33,2025-11-17 11:05:39,SHORT,25057.0000,25046.7500,REVERSAL,0,1,41.0000,205.0000,114,41.0000,4.0000,-0.3030,0.7674,0.9809,0.2000,2,0.500000
2025-W47,BEST,3917,2025-11-17 11:08:28,2025-11-17 11:09:50,LONG,25007.7500,25007.7500,REVERSAL,1,2,40.0000,200.0000,1594,20.0000,40.0000,0.6562,0.8000,1.0667,0.1331,3,0.166667
2025-W47,BEST,3918,2025-11-17 11:10:14,2025-11-17 11:10:26,SHORT,25022.2500,25012.2500,REVERSAL,0,1,40.0000,200.0000,377,40.0000,12.0000,0.0000,0.5763,1.9270,-0.2897,1,-0.875000
2025-W47,BEST,3919,2025-11-17 11:10:40,2025-11-17 11:11:05,SHORT,25017.2500,25007.2500,REVERSAL,0,1,40.0000,200.0000,428,40.0000,16.0000,0.2791,1.6538,1.2093,0.0895,2,0.772727
2025-W47,BEST,3920,2025-11-17 11:15:05,2025-11-17 11:16:05,LONG,24972.0000,24952.0000,HARD_STOP,1,2,-120.0000,-600.0000,1814,12.0000,60.0000,0.1379,0.5273,1.4095,-0.1863,0,-0.937500
2025-W47,BEST,3921,2025-11-17 11:17:18,2025-11-17 11:17:40,SHORT,24961.2500,24951.2500,REVERSAL,0,1,40.0000,200.0000,422,40.0000,0.0000,0.3148,1.5429,1.2861,-0.2453,1,-0.681818
2025-W47,BEST,3922,2025-11-17 11:18:55,2025-11-17 11:20:55,LONG,24964.7500,24964.5000,REVERSAL,1,2,39.0000,195.0000,2660,33.0000,58.5000,0.0732,1.3226,1.0692,-0.2416,1,-0.708333
2025-W47,BEST,3923,2025-11-17 11:21:03,2025-11-17 11:22:15,LONG,24959.2500,24969.2500,REVERSAL,0,1,40.0000,200.0000,1258,40.0000,38.0000,0.2826,1.2778,1.3056,0.1225,3,0.613636
2025-W47,BEST,3924,2025-11-17 11:22:43,2025-11-17 11:23:09,SHORT,24972.0000,24972.0000,REVERSAL,1,2,40.0000,200.0000,649,23.0000,40.0000,-0.0256,1.6250,1.0916,0.1245,2,0.285714
2025-W47,BEST,3925,2025-11-17 11:23:38,2025-11-17 11:23:50,SHORT,24988.2500,24978.2500,REVERSAL,0,1,40.0000,200.0000,338,40.0000,14.0000,0.3846,1.7727,1.1547,-0.2411,0,-0.750000
2025-W47,BEST,3926,2025-11-17 11:24:39,2025-11-17 11:25:01,SHORT,24990.2500,24980.2500,REVERSAL,0,1,40.0000,200.0000,355,40.0000,11.0000,0.0417,1.0909,1.2788,0.0388,0,-0.238095
2025-W47,BEST,3927,2025-11-17 11:26:05,2025-11-17 11:26:37,SHORT,24995.7500,25015.7500,HARD_STOP,1,2,-120.0000,-600.0000,842,39.0000,60.0000,0.3448,0.4603,1.2802,-0.3588,0,-1.125000
2025-W47,BEST,3928,2025-11-17 11:28:36,2025-11-17 11:30:01,SHORT,25053.5000,25073.5000,HARD_STOP,1,2,-120.0000,-600.0000,2188,26.0000,60.0000,0.2778,0.3673,1.0285,0.0114,0,-0.275000
2025-W47,BEST,3929,2025-11-17 11:31:53,2025-11-17 11:33:08,SHORT,25095.7500,25095.7500,REVERSAL,1,2,40.0000,200.0000,1843,29.0000,40.0000,0.4118,0.7234,1.3409,-0.1429,1,-0.269231
2025-W47,BEST,3930,2025-11-17 11:33:15,2025-11-17 11:33:35,SHORT,25104.5000,25094.5000,REVERSAL,0,1,40.0000,200.0000,380,40.0000,15.0000,-0.2812,1.4545,1.2511,0.2214,2,0.178571
2025-W47,BEST,3931,2025-11-17 11:35:01,2025-11-17 11:35:17,SHORT,25100.2500,25089.7500,REVERSAL,0,1,42.0000,210.0000,308,42.0000,6.0000,0.2727,0.6226,0.9577,-0.1985,1,-0.375000
2025-W47,BEST,3932,2025-11-17 11:36:29,2025-11-17 11:37:25,SHORT,25110.5000,25110.5000,REVERSAL,1,2,40.0000,200.0000,1242,32.0000,40.0000,0.3529,0.9714,1.1107,-0.3810,0,-0.900000
2025-W47,BEST,3933,2025-11-17 11:41:26,2025-11-17 11:41:36,SHORT,25153.0000,25143.0000,REVERSAL,0,1,40.0000,200.0000,312,40.0000,12.0000,0.0000,0.6383,0.8532,-0.2500,1,-0.625000
2025-W47,BEST,3934,2025-11-17 11:42:35,2025-11-17 11:44:14,SHORT,25146.0000,25136.0000,REVERSAL,0,1,40.0000,200.0000,1744,40.0000,29.0000,0.4412,0.5397,1.0024,0.1341,2,0.076923
2025-W47,BEST,3935,2025-11-17 11:45:12,2025-11-17 11:45:17,LONG,25134.5000,25144.5000,REVERSAL,0,1,40.0000,200.0000,110,40.0000,1.0000,0.2456,1.3256,1.1514,-0.1473,1,-0.931818
2025-W47,BEST,3936,2025-11-17 11:45:17,2025-11-17 11:45:54,SHORT,25144.5000,25144.5000,REVERSAL,1,2,40.0000,200.0000,683,20.0000,40.0000,0.0526,1.3256,1.1514,0.1473,2,0.931818
2025-W47,BEST,3937,2025-11-17 11:46:23,2025-11-17 11:46:43,LONG,25142.7500,25152.7500,REVERSAL,0,1,40.0000,200.0000,283,40.0000,13.0000,0.1034,0.8529,1.0336,-0.1583,1,-0.638889
2025-W47,BEST,3938,2025-11-17 11:48:44,2025-11-17 11:50:34,SHORT,25155.0000,25175.0000,HARD_STOP,1,2,-120.0000,-600.0000,2542,38.0000,60.0000,0.1923,0.8125,0.7965,-0.3194,1,0.083333
2025-W47,BEST,3939,2025-11-17 11:51:00,2025-11-17 11:51:16,SHORT,25177.7500,25167.7500,REVERSAL,0,1,40.0000,200.0000,498,40.0000,6.0000,0.4500,0.6667,0.8172,-0.1835,1,-0.275000
2025-W47,BEST,3940,2025-11-17 11:52:46,2025-11-17 11:53:37,SHORT,25182.5000,25172.2500,REVERSAL,0,1,41.0000,205.0000,1031,41.0000,14.0000,0.2727,0.7333,0.8505,-0.0183,1,-0.250000
2025-W47,BEST,3941,2025-11-17 11:54:09,2025-11-17 11:56:23,LONG,25168.2500,25168.2500,REVERSAL,1,2,40.0000,200.0000,2457,35.0000,50.0000,0.0000,1.4815,1.1157,-0.1791,0,-0.223684
2025-W47,BEST,3942,2025-11-17 11:57:34,2025-11-17 12:00:03,SHORT,25189.0000,25188.7500,REVERSAL,1,2,42.0000,210.0000,3105,26.0000,40.0000,0.0417,0.8571,0.8802,0.0227,1,-0.227273
2025-W47,BEST,3943,2025-11-17 12:00:49,2025-11-17 12:02:18,LONG,25180.2500,25190.2500,REVERSAL,0,1,40.0000,200.0000,1397,40.0000,33.0000,0.5769,0.7879,1.0051,-0.0236,1,-0.281250
2025-W47,BEST,3944,2025-11-17 12:13:42,2025-11-17 12:14:42,SHORT,25172.2500,25162.2500,REVERSAL,0,1,40.0000,200.0000,486,40.0000,6.0000,0.0526,1.1176,0.9205,-0.0000,0,-0.119565
2025-W47,BEST,3945,2025-11-17 12:16:35,2025-11-17 12:17:01,SHORT,25164.5000,25154.5000,REVERSAL,0,1,40.0000,200.0000,264,40.0000,7.0000,0.0800,0.9434,1.2288,-0.0510,1,-0.298077
2025-W47,BEST,3946,2025-11-17 12:18:06,2025-11-17 12:19:17,LONG,25148.7500,25128.7500,HARD_STOP,1,2,-120.0000,-600.0000,1196,14.0000,60.0000,0.2128,0.9400,1.1457,0.0219,1,-0.034091
2025-W47,BEST,3947,2025-11-17 12:19:49,2025-11-17 12:20:10,SHORT,25146.5000,25136.2500,REVERSAL,0,1,41.0000,205.0000,272,41.0000,0.0000,0.0638,0.9592,1.1078,-0.2969,1,-1.312500
2025-W47,BEST,3948,2025-11-17 12:23:54,2025-11-17 12:24:48,SHORT,25157.5000,25147.2500,REVERSAL,0,1,41.0000,205.0000,538,41.0000,9.0000,0.1724,0.6905,0.9128,-0.0996,1,-0.111111
2025-W47,BEST,3949,2025-11-17 12:26:33,2025-11-17 12:27:03,SHORT,25153.0000,25142.5000,REVERSAL,0,1,42.0000,210.0000,229,42.0000,7.0000,0.4390,1.1389,1.0085,-0.1407,0,-0.291667
2025-W47,BEST,3950,2025-11-17 12:27:03,2025-11-17 12:27:28,LONG,25142.5000,25152.5000,REVERSAL,0,1,40.0000,200.0000,216,40.0000,7.0000,-0.4634,1.1389,1.0085,0.1407,3,0.291667
2025-W47,BEST,3951,2025-11-17 12:28:44,2025-11-17 12:29:10,LONG,25129.7500,25140.0000,REVERSAL,0,1,41.0000,205.0000,371,41.0000,13.0000,0.0638,1.3824,1.1769,-0.1481,0,-0.178571
2025-W47,BEST,3952,2025-11-17 12:30:04,2025-11-17 12:30:31,SHORT,25156.0000,25146.0000,REVERSAL,0,1,40.0000,200.0000,445,40.0000,11.0000,0.1333,1.4286,0.9643,-0.2971,0,-0.916667
2025-W47,BEST,3953,2025-11-17 12:30:43,2025-11-17 12:31:05,SHORT,25150.7500,25140.5000,REVERSAL,0,1,41.0000,205.0000,205,41.0000,1.0000,0.3333,1.3953,1.4143,0.1518,2,0.687500
2025-W47,BEST,3954,2025-11-17 12:35:29,2025-11-17 12:35:39,SHORT,25164.2500,25153.7500,REVERSAL,0,1,42.0000,210.0000,145,42.0000,2.0000,0.0000,1.0741,0.8585,-0.1282,0,-0.590909
2025-W47,BEST,3955,2025-11-17 12:35:39,2025-11-17 12:37:31,LONG,25153.7500,25133.5000,HARD_STOP,1,2,-121.0000,-605.0000,1619,23.0000,60.5000,-0.4483,1.0741,0.8585,0.1282,3,0.590909
2025-W47,BEST,3956,2025-11-17 12:41:18,2025-11-17 12:42:12,LONG,25078.7500,25088.7500,REVERSAL,0,1,40.0000,200.0000,1151,40.0000,15.0000,0.0541,1.1935,1.3349,-0.1375,1,-0.906250
2025-W47,BEST,3957,2025-11-17 12:42:23,2025-11-17 12:44:05,SHORT,25097.7500,25087.7500,REVERSAL,0,1,40.0000,200.0000,1404,40.0000,24.0000,0.2759,0.4833,0.9393,-0.2253,0,-0.472222
2025-W47,BEST,3958,2025-11-17 12:44:52,2025-11-17 12:45:14,LONG,25073.7500,25053.5000,HARD_STOP,1,2,-121.0000,-605.0000,1342,14.0000,60.5000,0.0625,0.5517,0.8129,-0.3053,0,-0.153846
2025-W47,BEST,3959,2025-11-17 12:53:15,2025-11-17 12:54:25,LONG,25043.7500,25023.7500,HARD_STOP,1,2,-120.0000,-600.0000,1221,17.0000,60.0000,0.7097,0.6739,1.1036,0.4186,2,0.875000
2025-W47,BEST,3960,2025-11-17 12:58:24,2025-11-17 12:59:55,LONG,25018.7500,24998.7500,HARD_STOP,1,2,-120.0000,-600.0000,1638,16.0000,60.0000,0.5588,1.0625,0.9215,0.0388,3,0.147727
2025-W47,BEST,3961,2025-11-17 13:03:46,2025-11-17 13:05:03,LONG,24974.2500,24974.2500,REVERSAL,1,2,40.0000,200.0000,1258,21.0000,40.0000,0.4138,0.6591,0.9085,0.0677,1,0.150000
2025-W47,BEST,3962,2025-11-17 13:12:48,2025-11-17 13:13:29,LONG,24975.5000,24985.5000,REVERSAL,0,1,40.0000,200.0000,433,40.0000,4.0000,0.1071,0.5283,1.2834,-0.0432,1,-0.180556
2025-W47,BEST,3963,2025-11-17 13:14:25,2025-11-17 13:15:13,SHORT,24990.0000,24980.0000,REVERSAL,0,1,40.0000,200.0000,897,40.0000,29.0000,0.8519,0.4154,1.0410,-0.0154,2,0.125000
2025-W47,BEST,3964,2025-11-17 13:17:58,2025-11-17 13:18:20,SHORT,25004.0000,24994.0000,REVERSAL,0,1,40.0000,200.0000,346,40.0000,14.0000,0.7037,0.7297,0.9090,-0.0417,0,-0.181818
2025-W47,BEST,3965,2025-11-17 13:19:00,2025-11-17 13:22:10,SHORT,24998.2500,24998.2500,REVERSAL,1,2,40.0000,200.0000,2485,27.0000,49.0000,-0.0227,1.0732,0.9308,0.0253,1,-0.163043
2025-W47,BEST,3966,2025-11-17 13:26:31,2025-11-17 13:27:00,LONG,24981.0000,24991.0000,REVERSAL,0,1,40.0000,200.0000,324,40.0000,12.0000,0.1277,1.5667,1.2521,-0.0758,1,-0.200000
2025-W47,BEST,3967,2025-11-17 13:27:15,2025-11-17 13:27:41,SHORT,24992.5000,24982.5000,REVERSAL,0,1,40.0000,200.0000,316,40.0000,9.0000,-0.0526,1.1176,0.9205,-0.0518,1,-0.261905
2025-W47,BEST,3968,2025-11-17 13:30:42,2025-11-17 13:32:31,LONG,24973.2500,24973.5000,REVERSAL,1,2,42.0000,210.0000,1961,21.0000,41.0000,0.3333,0.6429,0.9988,-0.1151,0,-0.225000
2025-W47,BEST,3969,2025-11-17 13:33:45,2025-11-17 13:37:12,LONG,24968.5000,24978.5000,REVERSAL,0,1,40.0000,200.0000,1920,40.0000,36.0000,0.2000,1.6000,1.0500,0.1343,1,0.228261
2025-W47,BEST,3970,2025-11-17 13:40:48,2025-11-17 13:41:43,LONG,24967.5000,24977.5000,REVERSAL,0,1,40.0000,200.0000,766,40.0000,20.0000,0.0667,1.0000,0.9688,-0.2222,1,-0.250000
2025-W47,BEST,3971,2025-11-17 13:42:28,2025-11-17 13:43:29,SHORT,24990.7500,24980.7500,REVERSAL,0,1,40.0000,200.0000,844,40.0000,27.0000,0.0870,1.7692,1.1554,-0.0866,0,-0.250000
2025-W47,BEST,3972,2025-11-17 13:45:43,2025-11-17 13:46:31,SHORT,24997.7500,25017.7500,HARD_STOP,1,2,-120.0000,-600.0000,808,11.0000,60.0000,0.9600,2.2727,1.6146,0.2548,1,1.500000
2025-W47,BEST,3973,2025-11-17 13:46:51,2025-11-17 13:49:04,SHORT,25032.7500,25032.7500,REVERSAL,1,2,40.0000,200.0000,2785,25.0000,52.0000,0.1667,0.4839,1.1537,-0.1136,0,-1.050000
2025-W47,BEST,3974,2025-11-17 13:49:46,2025-11-17 13:50:30,LONG,25013.7500,25023.7500,REVERSAL,0,1,40.0000,200.0000,749,40.0000,17.0000,0.2759,0.9355,0.8652,0.0936,0,-0.229167
2025-W47,BEST,3975,2025-11-17 13:51:49,2025-11-17 13:52:01,LONG,24979.7500,24989.7500,REVERSAL,0,1,40.0000,200.0000,321,40.0000,7.0000,0.0000,0.6596,1.2336,-0.2885,0,-0.694444
2025-W47,BEST,3976,2025-11-17 13:55:19,2025-11-17 13:55:22,LONG,24931.0000,24941.0000,REVERSAL,0,1,40.0000,200.0000,124,40.0000,6.0000,0.3000,0.6667,1.0476,-0.1783,0,-0.550000
2025-W47,BEST,3977,2025-11-17 13:55:22,2025-11-17 13:55:27,SHORT,24941.0000,24931.0000,REVERSAL,0,1,40.0000,200.0000,163,40.0000,0.0000,-1.3000,0.6667,1.0476,0.1783,3,0.550000
2025-W47,BEST,3978,2025-11-17 13:59:04,2025-11-17 13:59:14,LONG,24888.2500,24898.2500,REVERSAL,0,1,40.0000,200.0000,295,40.0000,0.0000,0.0769,1.9500,1.3454,-0.2517,2,-1.125000
2025-W47,BEST,3979,2025-11-17 14:00:00,2025-11-17 14:00:54,LONG,24894.0000,24904.0000,REVERSAL,0,1,40.0000,200.0000,1413,40.0000,28.0000,0.0303,1.1000,0.8833,-0.0382,1,-0.319444
2025-W47,BEST,3980,2025-11-17 14:02:44,2025-11-17 14:03:44,LONG,24876.2500,24856.0000,HARD_STOP,1,2,-122.0000,-610.0000,1760,28.0000,61.0000,0.1667,1.0000,0.7727,-0.0441,0,-0.464286
2025-W47,BEST,3981,2025-11-17 14:04:56,2025-11-17 14:05:13,SHORT,24874.5000,24864.2500,REVERSAL,0,1,41.0000,205.0000,341,41.0000,10.0000,0.0000,0.7833,1.2025,-0.1145,1,-0.321429
2025-W47,BEST,3982,2025-11-17 14:06:26,2025-11-17 14:06:28,SHORT,24884.7500,24874.7500,REVERSAL,0,1,40.0000,200.0000,91,40.0000,5.0000,0.0000,0.9400,1.0950,-0.3235,1,-1.218750
2025-W47,BEST,3983,2025-11-17 14:06:28,2025-11-17 14:07:58,LONG,24874.7500,24874.7500,REVERSAL,1,2,40.0000,200.0000,1698,23.0000,40.0000,0.1489,0.9400,1.0950,0.3235,2,1.218750
2025-W47,BEST,3984,2025-11-17 14:08:20,2025-11-17 14:09:00,SHORT,24899.2500,24889.2500,REVERSAL,0,1,40.0000,200.0000,825,40.0000,5.0000,0.6190,0.9130,0.7760,-0.1805,0,-0.400000
2025-W47,BEST,3985,2025-11-17 14:16:32,2025-11-17 14:17:00,LONG,24859.2500,24869.2500,REVERSAL,0,1,40.0000,200.0000,277,40.0000,2.0000,0.2449,1.4848,1.1549,0.0312,0,-0.343750
2025-W47,BEST,3986,2025-11-17 14:17:06,2025-11-17 14:17:13,SHORT,24879.5000,24869.5000,REVERSAL,0,1,40.0000,200.0000,223,40.0000,7.0000,0.0667,1.5789,1.1772,-0.2852,1,-1.300000
2025-W47,BEST,3987,2025-11-17 14:17:13,2025-11-17 14:19:26,LONG,24869.5000,24849.5000,HARD_STOP,1,2,-120.0000,-600.0000,2041,33.0000,60.0000,0.2667,1.5789,1.1772,0.2852,2,1.300000
2025-W47,BEST,3988,2025-11-17 14:25:15,2025-11-17 14:25:41,SHORT,24866.7500,24856.7500,REVERSAL,0,1,40.0000,200.0000,391,40.0000,11.0000,0.3636,1.0000,1.0946,-0.0996,1,-0.366667
2025-W47,BEST,3989,2025-11-17 14:27:11,2025-11-17 14:27:34,SHORT,24845.7500,24835.7500,REVERSAL,0,1,40.0000,200.0000,427,40.0000,3.0000,0.2222,0.9231,1.0032,-0.0667,0,-0.132353
2025-W47,BEST,3990,2025-11-17 14:31:14,2025-11-17 14:34:03,LONG,24850.2500,24830.2500,HARD_STOP,1,2,-120.0000,-600.0000,2497,19.0000,60.0000,0.3667,0.5556,0.8914,0.1506,1,0.300000
2025-W47,BEST,3991,2025-11-17 14:34:09,2025-11-17 14:34:25,LONG,24818.7500,24828.7500,REVERSAL,0,1,40.0000,200.0000,391,40.0000,0.0000,0.2222,0.5000,0.7000,-0.1556,0,-0.916667
2025-W47,BEST,3992,2025-11-17 14:35:11,2025-11-17 14:35:23,SHORT,24837.5000,24827.0000,REVERSAL,0,1,42.0000,210.0000,124,42.0000,0.0000,0.0000,1.2963,1.2106,-0.1811,0,-0.406250
2025-W47,BEST,3993,2025-11-17 14:35:23,2025-11-17 14:35:41,LONG,24827.0000,24837.0000,REVERSAL,0,1,40.0000,200.0000,270,40.0000,8.0000,-0.2000,1.2963,1.2106,0.1811,3,0.406250
2025-W47,BEST,3994,2025-11-17 14:36:13,2025-11-17 14:36:36,SHORT,24845.5000,24835.5000,REVERSAL,0,1,40.0000,200.0000,271,40.0000,3.0000,0.0690,0.8788,0.8736,-0.1643,0,-0.562500
2025-W47,BEST,3995,2025-11-17 14:40:16,2025-11-17 14:40:23,LONG,24779.5000,24789.7500,REVERSAL,0,1,41.0000,205.0000,336,41.0000,5.0000,-0.0385,1.3000,0.9625,-0.3846,0,-0.916667
2025-W47,BEST,3996,2025-11-17 14:42:49,2025-11-17 14:44:06,SHORT,24799.0000,24819.0000,HARD_STOP,1,2,-120.0000,-600.0000,1422,31.0000,60.0000,0.0323,0.4627,1.5198,-0.1102,1,-0.132353
2025-W47,BEST,3997,2025-11-17 14:46:04,2025-11-17 14:47:11,LONG,24796.5000,24776.5000,HARD_STOP,1,2,-120.0000,-600.0000,1332,22.0000,60.0000,0.0000,0.9375,0.7495,-0.0391,0,-0.479167
2025-W47,BEST,3998,2025-11-17 14:49:34,2025-11-17 14:50:43,SHORT,24794.7500,24815.0000,HARD_STOP,1,2,-121.0000,-605.0000,1369,14.5000,60.5000,0.9792,0.6667,1.2564,0.0510,2,0.666667
2025-W47,BEST,3999,2025-11-17 14:56:28,2025-11-17 14:58:01,LONG,24773.7500,24773.7500,REVERSAL,1,2,40.0000,200.0000,1578,20.0000,40.0000,0.4706,2.1250,1.2004,-0.0078,2,0.305556
2025-W47,BEST,4000,2025-11-17 15:03:01,2025-11-17 15:03:05,LONG,24742.0000,24752.0000,REVERSAL,0,1,40.0000,200.0000,89,40.0000,0.0000,0.0513,1.2188,1.0304,-0.1760,0,-0.441176
2025-W47,BEST,4001,2025-11-17 15:03:05,2025-11-17 15:03:34,SHORT,24752.0000,24741.7500,REVERSAL,0,1,41.0000,205.0000,633,41.0000,21.0000,-0.0769,1.2188,1.0304,0.1760,3,0.441176
2025-W47,BEST,4002,2025-11-17 15:03:47,2025-11-17 15:04:01,LONG,24735.2500,24745.2500,REVERSAL,0,1,40.0000,200.0000,294,40.0000,0.0000,0.3256,1.4333,1.0917,-0.5913,0,-5.500000
2025-W47,BEST,4003,2025-11-17 15:06:00,2025-11-17 15:07:07,SHORT,24769.2500,24759.2500,REVERSAL,0,1,40.0000,200.0000,971,40.0000,38.0000,0.7250,0.7692,1.3846,0.1079,2,0.964286
2025-W47,BEST,4004,2025-11-17 15:09:14,2025-11-17 15:09:52,LONG,24752.2500,24762.2500,REVERSAL,0,1,40.0000,200.0000,469,40.0000,9.0000,0.3333,0.3692,1.3053,-0.2918,0,-0.437500
2025-W47,BEST,4005,2025-11-17 15:14:44,2025-11-17 15:15:26,LONG,24750.0000,24760.0000,REVERSAL,0,1,40.0000,200.0000,923,40.0000,22.0000,0.0000,0.6226,1.4155,-0.2661,1,-0.365385
2025-W47,BEST,4006,2025-11-17 15:15:35,2025-11-17 15:17:05,SHORT,24774.5000,24774.5000,REVERSAL,1,2,40.0000,200.0000,1574,24.0000,42.0000,0.0870,0.5610,0.6989,-0.1713,0,-1.312500
2025-W47,BEST,4007,2025-11-17 15:17:20,2025-11-17 15:18:30,SHORT,24779.0000,24799.0000,HARD_STOP,1,2,-120.0000,-600.0000,1107,25.0000,60.0000,0.3548,1.8788,1.7251,0.1882,2,0.850000
2025-W47,BEST,4008,2025-11-17 15:20:33,2025-11-17 15:21:04,LONG,24786.2500,24786.2500,REVERSAL,1,2,40.0000,200.0000,480,20.0000,40.0000,0.4615,0.3611,0.9632,0.0518,3,0.000000
2025-W47,BEST,4009,2025-11-17 15:25:31,2025-11-17 15:25:35,SHORT,24806.7500,24796.7500,REVERSAL,0,1,40.0000,200.0000,119,40.0000,3.0000,0.0588,0.8361,1.2424,-0.3210,1,-0.954545
2025-W47,BEST,4010,2025-11-17 15:25:35,2025-11-17 15:27:38,LONG,24796.7500,24796.5000,REVERSAL,1,2,39.0000,195.0000,2148,36.0000,41.0000,0.1569,0.8361,1.2424,0.3210,2,0.954545
2025-W47,BEST,4011,2025-11-17 15:32:07,2025-11-17 15:32:45,SHORT,24795.2500,24795.5000,REVERSAL,1,2,40.0000,200.0000,452,20.0000,42.0000,0.4118,0.7083,1.3142,0.0337,3,0.181818
2025-W47,BEST,4012,2025-11-17 15:35:37,2025-11-17 15:37:10,SHORT,24791.2500,24790.7500,REVERSAL,1,2,44.0000,220.0000,1279,32.0000,40.0000,0.5806,0.4921,0.8889,0.1882,1,0.187500
2025-W47,BEST,4013,2025-11-17 15:49:19,2025-11-17 15:49:28,SHORT,24846.2500,24836.2500,REVERSAL,0,1,40.0000,200.0000,361,40.0000,5.0000,0.1316,1.5200,1.2408,0.0147,0,-0.333333
2025-W47,BEST,4014,2025-11-18 09:30:00,2025-11-18 09:30:01,LONG,24708.2500,24718.2500,REVERSAL,0,1,40.0000,200.0000,217,40.0000,9.0000,0.2549,2.8333,1.6814,-0.1783,0,
2025-W47,BEST,4015,2025-11-18 09:30:01,2025-11-18 09:30:07,SHORT,24718.2500,24738.2500,HARD_STOP,1,2,-120.0000,-600.0000,894,35.0000,60.0000,-0.0392,2.8333,1.6814,0.1783,3,
2025-W47,BEST,4016,2025-11-18 09:30:20,2025-11-18 09:30:22,LONG,24728.0000,24738.0000,REVERSAL,0,1,40.0000,200.0000,203,40.0000,8.0000,0.0946,2.2424,1.7105,-0.1719,1,-3.687500
2025-W47,BEST,4017,2025-11-18 09:30:22,2025-11-18 09:30:36,SHORT,24738.0000,24758.0000,HARD_STOP,1,2,-120.0000,-600.0000,1136,25.0000,60.0000,0.3649,2.2424,1.7105,0.1719,2,3.687500
2025-W47,BEST,4018,2025-11-18 09:31:16,2025-11-18 09:32:01,LONG,24682.2500,24682.2500,REVERSAL,1,2,40.0000,200.0000,3887,29.0000,51.0000,0.1071,0.5385,0.9915,-0.2062,0,
2025-W47,BEST,4019,2025-11-18 09:32:35,2025-11-18 09:32:45,SHORT,24781.0000,24780.5000,REVERSAL,1,2,44.0000,220.0000,1353,37.0000,48.0000,0.3714,0.7143,0.9016,-0.0647,0,-5.000000
2025-W47,BEST,4020,2025-11-18 09:33:25,2025-11-18 09:33:25,SHORT,24830.2500,24820.0000,REVERSAL,0,1,41.0000,205.0000,240,41.0000,7.0000,0.0000,0.9677,0.7709,0.0954,1,-3.750000
2025-W47,BEST,4021,2025-11-18 09:33:25,2025-11-18 09:33:28,LONG,24820.0000,24830.0000,REVERSAL,0,1,40.0000,200.0000,248,40.0000,1.0000,-0.3667,0.9677,0.7709,-0.0954,2,3.750000
2025-W47,BEST,4022,2025-11-18 09:33:37,2025-11-18 09:33:50,LONG,24805.7500,24806.0000,REVERSAL,1,2,42.0000,210.0000,850,32.0000,40.0000,0.0526,0.7755,0.8681,-0.1094,0,-1.333333
2025-W47,BEST,4023,2025-11-18 09:34:40,2025-11-18 09:34:41,LONG,24742.0000,24753.2500,REVERSAL,0,1,45.0000,225.0000,94,45.0000,3.0000,0.0909,0.5593,0.8817,-0.0117,0,-0.535714
2025-W47,BEST,4024,2025-11-18 09:34:41,2025-11-18 09:34:48,SHORT,24753.2500,24743.2500,REVERSAL,0,1,40.0000,200.0000,275,40.0000,2.0000,-0.4545,0.5593,0.8817,0.0117,3,0.535714
2025-W47,BEST,4025,2025-11-18 09:35:42,2025-11-18 09:35:51,LONG,24719.7500,24729.7500,REVERSAL,0,1,40.0000,200.0000,399,40.0000,2.0000,0.2097,0.6813,1.1532,-0.0159,0,-0.550000
2025-W47,BEST,4026,2025-11-18 09:36:12,2025-11-18 09:36:27,SHORT,24741.7500,24742.0000,REVERSAL,1,2,40.0000,200.0000,780,20.0000,42.0000,0.2963,1.3846,1.0673,0.0741,2,0.357143
2025-W47,BEST,4027,2025-11-18 09:37:46,2025-11-18 09:37:50,SHORT,24781.7500,24771.2500,REVERSAL,0,1,42.0000,210.0000,139,42.0000,8.0000,0.0133,1.4151,0.9725,-0.0347,1,-1.527778
2025-W47,BEST,4028,2025-11-18 09:37:50,2025-11-18 09:38:10,LONG,24771.2500,24770.0000,REVERSAL,1,2,35.0000,175.0000,472,22.0000,45.0000,0.4267,1.4151,0.9725,0.0347,2,1.527778
2025-W47,BEST,4029,2025-11-18 09:38:10,2025-11-18 09:38:26,SHORT,24770.0000,24770.0000,REVERSAL,1,2,40.0000,200.0000,577,20.0000,41.0000,0.2581,1.0508,0.9188,0.1925,2,0.958333
2025-W47,BEST,4030,2025-11-18 09:38:47,2025-11-18 09:38:55,LONG,24738.0000,24748.2500,REVERSAL,0,1,41.0000,205.0000,330,41.0000,31.0000,0.2449,0.7778,0.9722,0.0159,1,0.333333
2025-W47,BEST,4031,2025-11-18 09:39:18,2025-11-18 09:39:32,SHORT,24771.0000,24761.0000,REVERSAL,0,1,40.0000,200.0000,490,40.0000,25.0000,0.3030,0.4783,0.7541,0.0805,0,-0.222222
2025-W47,BEST,4032,2025-11-18 09:40:38,2025-11-18 09:40:43,LONG,24713.5000,24724.5000,REVERSAL,0,1,44.0000,220.0000,265,44.0000,10.0000,0.0426,0.9038,0.9519,-0.3080,1,-1.416667
2025-W47,BEST,4033,2025-11-18 09:42:40,2025-11-18 09:43:05,LONG,24681.2500,24661.0000,HARD_STOP,1,2,-121.0000,-605.0000,1126,28.0000,60.5000,0.6129,0.6200,0.7132,-0.1942,1,-0.250000
2025-W47,BEST,4034,2025-11-18 09:43:51,2025-11-18 09:43:56,LONG,24664.7500,24675.0000,REVERSAL,0,1,41.0000,205.0000,147,41.0000,6.0000,0.4750,0.4396,1.1677,-0.1263,1,-0.800000
2025-W47,BEST,4035,2025-11-18 09:43:56,2025-11-18 09:44:01,SHORT,24675.0000,24663.7500,REVERSAL,0,1,45.0000,225.0000,106,45.0000,0.0000,-0.5000,0.4396,1.1677,0.1263,2,0.800000
2025-W47,BEST,4036,2025-11-18 09:44:14,2025-11-18 09:44:17,LONG,24657.0000,24667.0000,REVERSAL,0,1,40.0000,200.0000,147,40.0000,7.0000,0.0000,0.7857,0.9886,-0.1579,1,-1.250000
2025-W47,BEST,4037,2025-11-18 09:44:17,2025-11-18 09:44:35,SHORT,24667.0000,24657.0000,REVERSAL,0,1,40.0000,200.0000,450,40.0000,17.0000,0.0909,0.7857,0.9886,0.1579,2,1.250000
2025-W47,BEST,4038,2025-11-18 09:44:53,2025-11-18 09:45:09,LONG,24654.2500,24654.2500,REVERSAL,1,2,40.0000,200.0000,1085,21.0000,40.0000,0.3030,0.5500,0.7922,-0.0035,1,-0.071429
2025-W47,BEST,4039,2025-11-18 09:46:39,2025-11-18 09:46:41,SHORT,24710.5000,24699.5000,REVERSAL,0,1,44.0000,220.0000,138,44.0000,9.0000,0.0682,2.2000,1.5651,-0.3487,0,-3.208333
2025-W47,BEST,4040,2025-11-18 09:46:41,2025-11-18 09:46:46,LONG,24699.5000,24679.0000,HARD_STOP,1,2,-123.0000,-615.0000,244,9.0000,61.5000,0.4318,2.2000,1.5651,0.3487,3,3.208333
2025-W47,BEST,4041,2025-11-18 09:47:25,2025-11-18 09:47:27,LONG,24628.5000,24638.5000,REVERSAL,0,1,40.0000,200.0000,265,40.0000,3.0000,-0.0238,0.8235,0.8231,-0.2091,0,-2.416667
2025-W47,BEST,4042,2025-11-18 09:47:36,2025-11-18 09:47:49,LONG,24626.7500,24636.7500,REVERSAL,0,1,40.0000,200.0000,510,40.0000,13.0000,0.3235,0.8293,0.9541,-0.2273,1,-1.375000
2025-W47,BEST,4043,2025-11-18 09:48:10,2025-11-18 09:48:12,SHORT,24659.0000,24649.0000,REVERSAL,0,1,40.0000,200.0000,98,40.0000,5.0000,0.1184,1.2258,1.2868,-0.2734,0,-5.083333
2025-W47,BEST,4044,2025-11-18 09:48:12,2025-11-18 09:48:21,LONG,24649.0000,24647.5000,REVERSAL,1,2,34.0000,170.0000,373,17.0000,46.0000,0.3553,1.2258,1.2868,0.2734,2,5.083333
2025-W47,BEST,4045,2025-11-18 09:50:48,2025-11-18 09:50:49,LONG,24623.2500,24633.2500,REVERSAL,0,1,40.0000,200.0000,101,40.0000,6.0000,0.6727,1.0784,0.9714,0.2846,2,1.800000
2025-W47,BEST,4046,2025-11-18 09:50:49,2025-11-18 09:50:51,SHORT,24633.2500,24623.2500,REVERSAL,0,1,40.0000,200.0000,73,40.0000,0.0000,-0.4000,1.0784,0.9714,-0.2846,1,-1.800000
2025-W47,BEST,4047,2025-11-18 09:50:51,2025-11-18 09:51:27,LONG,24623.2500,24633.2500,REVERSAL,0,1,40.0000,200.0000,1184,40.0000,37.0000,0.6727,1.0784,0.9714,0.2846,2,1.800000
2025-W47,BEST,4048,2025-11-18 09:52:02,2025-11-18 09:52:12,LONG,24602.5000,24582.5000,HARD_STOP,1,2,-120.0000,-600.0000,547,5.0000,60.0000,0.8000,1.4474,1.7237,0.2863,1,3.750000
2025-W47,BEST,4049,2025-11-18 09:52:34,2025-11-18 09:52:43,LONG,24579.7500,24589.7500,REVERSAL,0,1,40.0000,200.0000,257,40.0000,2.0000,0.0980,1.8889,1.3944,-0.0909,2,-1.083333
2025-W47,BEST,4050,2025-11-18 09:53:01,2025-11-18 09:53:10,SHORT,24597.7500,24587.5000,REVERSAL,0,1,41.0000,205.0000,514,41.0000,33.0000,0.2903,0.5636,0.8430,-0.0519,2,1.071429
2025-W47,BEST,4051,2025-11-18 09:54:47,2025-11-18 09:55:05,LONG,24571.2500,24551.2500,HARD_STOP,1,2,-120.0000,-600.0000,1060,35.0000,60.0000,-0.0238,0.5526,1.2263,0.2387,0,-2.000000
2025-W47,BEST,4052,2025-11-18 09:56:15,2025-11-18 09:56:16,SHORT,24566.0000,24556.0000,REVERSAL,0,1,40.0000,200.0000,51,40.0000,3.0000,0.1212,2.2759,1.5195,-0.3889,1,-4.166667
2025-W47,BEST,4053,2025-11-18 09:56:16,2025-11-18 09:56:55,LONG,24556.0000,24556.2500,REVERSAL,1,2,42.0000,210.0000,1701,21.0000,48.0000,0.2727,2.2759,1.5195,0.3889,2,4.166667
2025-W47,BEST,4054,2025-11-18 09:57:02,2025-11-18 09:57:04,SHORT,24565.0000,24555.0000,REVERSAL,0,1,40.0000,200.0000,127,40.0000,9.0000,-0.2121,1.1000,0.9250,0.0159,0,-0.800000
2025-W47,BEST,4055,2025-11-18 09:57:28,2025-11-18 09:57:35,SHORT,24570.7500,24571.0000,REVERSAL,1,2,39.0000,195.0000,334,25.0000,41.0000,0.7627,1.3409,1.7181,0.1862,2,1.100000
2025-W47,BEST,4056,2025-11-18 09:57:44,2025-11-18 09:57:46,SHORT,24585.0000,24575.0000,REVERSAL,0,1,40.0000,200.0000,58,40.0000,2.0000,0.2895,0.7308,0.8381,-0.1698,0,-0.900000
2025-W47,BEST,4057,2025-11-18 09:57:46,2025-11-18 09:58:18,LONG,24575.0000,24555.0000,HARD_STOP,1,2,-120.0000,-600.0000,1433,33.0000,60.0000,-0.3421,0.7308,0.8381,0.1698,3,0.900000
2025-W47,BEST,4058,2025-11-18 09:58:49,2025-11-18 09:59:21,LONG,24545.5000,24525.5000,HARD_STOP,1,2,-120.0000,-600.0000,1569,33.0000,60.0000,0.0000,0.5217,0.9650,0.0560,1,-0.916667
2025-W47,BEST,4059,2025-11-18 10:00:32,2025-11-18 10:00:52,SHORT,24541.0000,24541.5000,REVERSAL,1,2,38.0000,190.0000,1036,24.0000,42.0000,0.1163,1.0238,1.0369,-0.2500,1,-1.062500
2025-W47,BEST,4060,2025-11-18 10:02:17,2025-11-18 10:02:20,LONG,24461.0000,24471.0000,REVERSAL,0,1,40.0000,200.0000,387,40.0000,6.0000,0.0000,0.7143,1.1071,-0.0236,0,-0.625000
2025-W47,BEST,4061,2025-11-18 10:02:29,2025-11-18 10:02:39,LONG,24464.7500,24474.7500,REVERSAL,0,1,40.0000,200.0000,541,40.0000,14.0000,0.1212,1.0645,0.8042,-0.0709,1,-0.800000
2025-W47,BEST,4062,2025-11-18 10:03:02,2025-11-18 10:03:04,SHORT,24477.2500,24467.2500,REVERSAL,0,1,40.0000,200.0000,101,40.0000,6.0000,0.0571,1.8421,1.1646,-0.0846,1,-2.500000
2025-W47,BEST,4063,2025-11-18 10:03:04,2025-11-18 10:03:25,LONG,24467.2500,24467.2500,REVERSAL,1,2,40.0000,200.0000,1556,20.0000,40.0000,-0.2000,1.8421,1.1646,0.0846,2,2.500000
2025-W47,BEST,4064,2025-11-18 10:04:33,2025-11-18 10:04:58,LONG,24436.5000,24446.5000,REVERSAL,0,1,40.0000,200.0000,1040,40.0000,7.0000,0.0741,0.5400,0.7802,-0.1351,1,-1.583333
2025-W47,BEST,4065,2025-11-18 10:05:12,2025-11-18 10:05:17,LONG,24434.0000,24444.0000,REVERSAL,0,1,40.0000,200.0000,332,40.0000,16.0000,0.3871,0.7381,0.7729,0.1004,0,-1.000000
2025-W47,BEST,4066,2025-11-18 10:05:30,2025-11-18 10:05:48,SHORT,24454.7500,24475.0000,HARD_STOP,1,2,-121.0000,-605.0000,1217,39.0000,60.5000,0.2000,1.1250,1.0625,-0.1429,1,-2.125000
2025-W47,BEST,4067,2025-11-18 10:05:53,2025-11-18 10:06:02,LONG,24468.0000,24478.5000,REVERSAL,0,1,42.0000,210.0000,522,42.0000,11.0000,0.2766,2.0435,1.3811,0.1586,3,2.250000
2025-W47,BEST,4068,2025-11-18 10:06:10,2025-11-18 10:06:15,SHORT,24505.7500,24495.7500,REVERSAL,0,1,40.0000,200.0000,367,40.0000,12.0000,0.1064,1.5161,1.0399,-0.1829,1,-3.000000
2025-W47,BEST,4069,2025-11-18 10:06:26,2025-11-18 10:06:31,SHORT,24503.7500,24493.7500,REVERSAL,0,1,40.0000,200.0000,386,40.0000,29.0000,0.6774,0.9118,0.7650,-0.0246,1,-0.062500
2025-W47,BEST,4070,2025-11-18 10:07:39,2025-11-18 10:07:42,SHORT,24552.2500,24542.2500,REVERSAL,0,1,40.0000,200.0000,163,40.0000,4.0000,0.0667,1.2857,1.5639,-0.1104,2,-2.000000
2025-W47,BEST,4071,2025-11-18 10:07:42,2025-11-18 10:08:05,LONG,24542.2500,24542.7500,REVERSAL,1,2,45.0000,225.0000,1226,22.5000,41.0000,0.0444,1.2857,1.5639,0.1104,1,2.000000
2025-W47,BEST,4072,2025-11-18 10:08:10,2025-11-18 10:08:19,LONG,24536.5000,24536.5000,REVERSAL,1,2,40.0000,200.0000,630,20.0000,40.0000,0.2157,1.1333,1.0899,0.2226,2,1.375000
2025-W47,BEST,4073,2025-11-18 10:08:31,2025-11-18 10:08:34,SHORT,24559.7500,24549.5000,REVERSAL,0,1,41.0000,205.0000,228,41.0000,5.0000,0.1087,1.5862,0.9637,-0.2788,0,-3.000000
2025-W47,BEST,4074,2025-11-18 10:08:34,2025-11-18 10:08:52,LONG,24549.5000,24549.7500,REVERSAL,1,2,42.0000,210.0000,631,21.0000,40.0000,0.0000,1.5862,0.9637,0.2788,3,3.000000
2025-W47,BEST,4075,2025-11-18 10:09:43,2025-11-18 10:09:59,LONG,24536.0000,24546.0000,REVERSAL,0,1,40.0000,200.0000,444,40.0000,20.0000,1.0213,1.0444,0.8631,-0.0157,2,0.400000
2025-W47,BEST,4076,2025-11-18 10:10:05,2025-11-18 10:10:08,SHORT,24548.2500,24538.0000,REVERSAL,0,1,41.0000,205.0000,140,41.0000,4.0000,0.0000,0.7833,1.4261,-0.0889,1,-1.400000
2025-W47,BEST,4077,2025-11-18 10:10:08,2025-11-18 10:10:13,LONG,24538.0000,24548.0000,REVERSAL,0,1,40.0000,200.0000,311,40.0000,22.0000,0.1277,0.7833,1.4261,0.0889,2,1.400000
2025-W47,BEST,4078,2025-11-18 10:11:17,2025-11-18 10:11:30,LONG,24518.0000,24498.0000,HARD_STOP,1,2,-120.0000,-600.0000,509,10.0000,60.0000,1.0000,1.4412,1.0087,0.0661,1,2.100000
2025-W47,BEST,4079,2025-11-18 10:11:55,2025-11-18 10:12:00,LONG,24468.2500,24478.2500,REVERSAL,0,1,40.0000,200.0000,290,40.0000,1.0000,0.1290,0.5962,0.9823,-0.0144,1,-1.125000
2025-W47,BEST,4080,2025-11-18 10:13:30,2025-11-18 10:13:31,SHORT,24518.0000,24508.0000,REVERSAL,0,1,40.0000,200.0000,72,40.0000,2.0000,0.0000,0.8431,0.8538,-0.2587,0,-1.687500
2025-W47,BEST,4081,2025-11-18 10:13:31,2025-11-18 10:13:43,LONG,24508.0000,24518.0000,REVERSAL,0,1,40.0000,200.0000,348,40.0000,28.0000,0.0698,0.8431,0.8538,0.2587,3,1.687500
2025-W47,BEST,4082,2025-11-18 10:16:52,2025-11-18 10:17:06,LONG,24453.7500,24463.7500,REVERSAL,0,1,40.0000,200.0000,805,40.0000,30.0000,0.6667,0.5000,0.8081,-0.0657,1,0.437500
2025-W47,BEST,4083,2025-11-18 10:17:40,2025-11-18 10:17:44,LONG,24438.7500,24448.7500,REVERSAL,0,1,40.0000,200.0000,173,40.0000,9.0000,-0.1250,0.5581,0.8602,-0.1515,0,-1.187500
2025-W47,BEST,4084,2025-11-18 10:17:44,2025-11-18 10:18:07,SHORT,24448.7500,24469.0000,HARD_STOP,1,2,-122.0000,-610.0000,838,31.0000,61.0000,-0.5417,0.5581,0.8602,0.1515,3,1.187500
2025-W47,BEST,4085,2025-11-18 10:18:16,2025-11-18 10:18:25,SHORT,24480.0000,24470.0000,REVERSAL,0,1,40.0000,200.0000,415,40.0000,30.0000,0.0189,1.2927,1.0124,-0.1034,0,-2.437500
2025-W47,BEST,4086,2025-11-18 10:18:34,2025-11-18 10:18:37,LONG,24459.7500,24469.7500,REVERSAL,0,1,40.0000,200.0000,124,40.0000,3.0000,0.2449,0.9074,0.9113,-0.0308,0,-0.666667
2025-W47,BEST,4087,2025-11-18 10:18:37,2025-11-18 10:18:45,SHORT,24469.7500,24459.7500,REVERSAL,0,1,40.0000,200.0000,168,40.0000,3.0000,-0.0612,0.9074,0.9113,0.0308,3,0.666667
2025-W47,BEST,4088,2025-11-18 10:19:32,2025-11-18 10:19:39,SHORT,24493.7500,24483.7500,REVERSAL,0,1,40.0000,200.0000,299,40.0000,27.0000,0.6087,0.7077,0.9142,-0.2226,0,-1.333333
2025-W47,BEST,4089,2025-11-18 10:20:23,2025-11-18 10:20:26,SHORT,24532.7500,24522.7500,REVERSAL,0,1,40.0000,200.0000,130,40.0000,14.0000,0.1071,1.5135,1.0414,-0.0734,0,-0.600000
2025-W47,BEST,4090,2025-11-18 10:20:26,2025-11-18 10:20:28,LONG,24522.7500,24533.2500,REVERSAL,0,1,42.0000,210.0000,83,42.0000,4.0000,0.1786,1.5135,1.0414,0.0734,3,0.600000
2025-W47,BEST,4091,2025-11-18 10:20:28,2025-11-18 10:20:54,SHORT,24533.2500,24553.5000,HARD_STOP,1,2,-120.0000,-600.0000,910,38.0000,60.0000,0.0714,1.5135,1.0414,-0.0734,0,-0.600000
2025-W47,BEST,4092,2025-11-18 10:21:20,2025-11-18 10:21:21,LONG,24565.7500,24576.2500,REVERSAL,0,1,42.0000,210.0000,78,42.0000,1.0000,0.0385,0.7429,1.5005,0.0038,1,-2.625000
2025-W47,BEST,4093,2025-11-18 10:21:21,2025-11-18 10:21:32,SHORT,24576.2500,24576.2500,REVERSAL,1,2,40.0000,200.0000,439,20.0000,40.0000,0.1538,0.7429,1.5005,-0.0038,2,2.625000
2025-W47,BEST,4094,2025-11-18 10:21:44,2025-11-18 10:21:51,SHORT,24586.0000,24575.7500,REVERSAL,0,1,41.0000,205.0000,268,41.0000,17.0000,0.4375,1.2800,1.5329,0.0323,2,-1.083333
2025-W47,BEST,4095,2025-11-18 10:22:00,2025-11-18 10:22:06,LONG,24561.0000,24571.0000,REVERSAL,0,1,40.0000,200.0000,253,40.0000,18.0000,0.1552,1.2340,1.1170,-0.2193,0,-2.916667
2025-W47,BEST,4096,2025-11-18 10:22:11,2025-11-18 10:22:41,LONG,24564.5000,24565.0000,REVERSAL,1,2,45.0000,225.0000,1204,30.0000,43.5000,-0.2000,0.6364,0.7923,0.0526,2,0.437500
2025-W47,BEST,4097,2025-11-18 10:23:12,2025-11-18 10:23:24,SHORT,24594.7500,24584.5000,REVERSAL,0,1,41.0000,205.0000,883,41.0000,5.0000,0.0000,0.9231,0.8365,-0.1985,0,-1.583333
2025-W47,BEST,4098,2025-11-18 10:23:42,2025-11-18 10:23:47,SHORT,24605.2500,24595.2500,REVERSAL,0,1,40.0000,200.0000,416,40.0000,33.0000,0.7600,0.4310,0.8460,-0.1942,1,-0.000000
2025-W47,BEST,4099,2025-11-18 10:23:56,2025-11-18 10:24:03,SHORT,24597.0000,24587.0000,REVERSAL,0,1,40.0000,200.0000,228,40.0000,5.0000,-0.4615,0.3824,0.7774,0.0745,2,0.785714
2025-W47,BEST,4100,2025-11-18 10:24:38,2025-11-18 10:24:45,LONG,24534.7500,24546.2500,REVERSAL,0,1,46.0000,230.0000,268,46.0000,8.0000,0.1707,0.8913,1.0207,-0.1985,0,-2.000000
2025-W47,BEST,4101,2025-11-18 10:25:43,2025-11-18 10:25:49,LONG,24548.5000,24548.7500,REVERSAL,1,2,44.0000,220.0000,126,22.0000,42.0000,0.0000,0.9333,1.1485,0.0275,0,-0.638889
2025-W47,BEST,4102,2025-11-18 10:25:49,2025-11-18 10:25:55,SHORT,24548.7500,24569.5000,HARD_STOP,1,2,-124.0000,-620.0000,239,7.0000,62.0000,0.9821,0.9333,1.1485,-0.0275,3,0.638889
2025-W47,BEST,4103,2025-11-18 10:29:01,2025-11-18 10:29:16,LONG,24569.0000,24548.7500,HARD_STOP,1,2,-120.0000,-600.0000,413,7.0000,60.0000,1.0000,1.8947,1.3351,0.3725,2,2.833333
2025-W47,BEST,4104,2025-11-18 10:30:42,2025-11-18 10:30:44,SHORT,24580.5000,24570.5000,REVERSAL,0,1,40.0000,200.0000,98,40.0000,16.0000,0.1667,1.1507,1.0894,-0.1154,1,-2.071429
2025-W47,BEST,4105,2025-11-18 10:30:44,2025-11-18 10:30:58,LONG,24570.5000,24570.2500,REVERSAL,1,2,39.0000,195.0000,531,20.0000,56.5000,0.3571,1.1507,1.0894,0.1154,2,2.071429
2025-W47,BEST,4106,2025-11-18 10:31:44,2025-11-18 10:31:58,LONG,24549.2500,24529.0000,HARD_STOP,1,2,-120.0000,-600.0000,518,9.0000,60.0000,0.3390,0.5673,1.0715,0.0833,1,0.431818
2025-W47,BEST,4107,2025-11-18 10:32:01,2025-11-18 10:32:08,SHORT,24530.2500,24520.2500,REVERSAL,0,1,40.0000,200.0000,294,40.0000,17.0000,0.1458,0.7869,0.9689,0.3716,3,3.750000
2025-W47,BEST,4108,2025-11-18 10:32:15,2025-11-18 10:32:22,SHORT,24550.5000,24539.7500,REVERSAL,0,1,43.0000,215.0000,218,43.0000,17.0000,0.0606,0.8684,1.1512,-0.0193,0,-2.650000
2025-W47,BEST,4109,2025-11-18 10:32:22,2025-11-18 10:32:26,LONG,24539.7500,24550.0000,REVERSAL,0,1,41.0000,205.0000,172,41.0000,17.0000,0.2879,0.8684,1.1512,0.0193,3,2.650000
2025-W47,BEST,4110,2025-11-18 10:34:51,2025-11-18 10:35:06,LONG,24525.0000,24504.7500,HARD_STOP,1,2,-121.0000,-605.0000,572,9.5000,60.5000,0.7400,0.7246,1.1464,0.0817,2,0.964286
2025-W47,BEST,4111,2025-11-18 10:35:20,2025-11-18 10:36:01,LONG,24485.5000,24485.7500,REVERSAL,1,2,42.0000,210.0000,1908,36.0000,41.0000,0.1509,1.7097,1.1529,-0.2714,0,-2.125000
2025-W47,BEST,4112,2025-11-18 10:36:01,2025-11-18 10:36:04,SHORT,24485.7500,24475.7500,REVERSAL,0,1,40.0000,200.0000,219,40.0000,6.0000,-0.3478,1.1500,0.9672,0.1270,3,2.312500
2025-W47,BEST,4113,2025-11-18 10:36:38,2025-11-18 10:37:08,LONG,24468.2500,24479.7500,REVERSAL,0,1,46.0000,230.0000,1076,46.0000,29.0000,-0.0345,0.6304,0.8152,-0.1185,1,-0.750000
2025-W47,BEST,4114,2025-11-18 10:37:49,2025-11-18 10:37:52,LONG,24454.7500,24465.0000,REVERSAL,0,1,41.0000,205.0000,185,41.0000,15.0000,-0.0189,0.5096,1.3160,-0.0588,0,-1.250000
2025-W47,BEST,4115,2025-11-18 10:37:52,2025-11-18 10:38:05,SHORT,24465.0000,24464.7500,REVERSAL,1,2,42.0000,210.0000,428,32.0000,40.0000,0.2453,0.5096,1.3160,0.0588,3,1.250000
2025-W47,BEST,4116,2025-11-18 10:38:21,2025-11-18 10:38:23,SHORT,24497.2500,24487.0000,REVERSAL,0,1,41.0000,205.0000,86,41.0000,0.0000,0.1512,1.2647,1.2862,-0.0988,1,-2.900000
2025-W47,BEST,4117,2025-11-18 10:38:23,2025-11-18 10:38:44,LONG,24487.0000,24497.0000,REVERSAL,0,1,40.0000,200.0000,695,40.0000,37.0000,0.3721,1.2647,1.2862,0.0988,2,2.900000
2025-W47,BEST,4118,2025-11-18 10:41:35,2025-11-18 10:41:36,SHORT,24528.0000,24518.0000,REVERSAL,0,1,40.0000,200.0000,38,40.0000,0.0000,0.3636,1.1282,0.7553,-0.2692,0,-1.437500
2025-W47,BEST,4119,2025-11-18 10:41:36,2025-11-18 10:41:42,LONG,24518.0000,24519.5000,REVERSAL,1,2,52.0000,260.0000,139,26.0000,40.0000,-0.2727,1.1282,0.7553,0.2692,3,1.437500
2025-W47,BEST,4120,2025-11-18 10:41:42,2025-11-18 10:42:02,SHORT,24519.5000,24520.0000,REVERSAL,1,2,38.0000,190.0000,591,19.0000,50.0000,1.1364,1.1282,0.7553,-0.2692,0,-1.437500
2025-W47,BEST,4121,2025-11-18 10:44:07,2025-11-18 10:44:20,LONG,24469.2500,24480.0000,REVERSAL,0,1,43.0000,215.0000,327,43.0000,21.0000,0.0893,2.0000,1.2121,-0.0272,0,-1.550000
2025-W47,BEST,4122,2025-11-18 10:45:24,2025-11-18 10:45:25,LONG,24475.7500,24485.7500,REVERSAL,0,1,40.0000,200.0000,51,40.0000,9.0000,0.2647,0.9189,0.8799,0.1385,0,-0.392857
2025-W47,BEST,4123,2025-11-18 10:45:25,2025-11-18 10:45:45,SHORT,24485.7500,24475.5000,REVERSAL,0,1,41.0000,205.0000,318,41.0000,25.0000,0.1471,0.9189,0.8799,-0.1385,3,0.392857
2025-W47,BEST,4124,2025-11-18 10:45:51,2025-11-18 10:45:54,SHORT,24491.2500,24480.2500,REVERSAL,0,1,44.0000,220.0000,83,44.0000,13.0000,0.0133,1.0135,1.0509,-0.1711,1,-0.736111
2025-W47,BEST,4125,2025-11-18 10:45:54,2025-11-18 10:46:08,LONG,24480.2500,24490.5000,REVERSAL,0,1,41.0000,205.0000,216,41.0000,26.0000,0.4000,1.0135,1.0509,0.1711,2,0.736111
2025-W47,BEST,4126,2025-11-18 10:47:31,2025-11-18 10:47:35,SHORT,24496.5000,24486.2500,REVERSAL,0,1,41.0000,205.0000,165,41.0000,15.0000,0.4444,0.7500,0.8682,-0.7193,1,-3.125000
2025-W47,BEST,4127,2025-11-18 10:47:35,2025-11-18 10:48:36,LONG,24486.2500,24486.2500,REVERSAL,1,2,40.0000,200.0000,1191,34.0000,47.0000,-0.2037,0.7500,0.8682,0.7193,2,3.125000
2025-W47,BEST,4128,2025-11-18 10:50:08,2025-11-18 10:50:26,LONG,24450.5000,24460.5000,REVERSAL,0,1,40.0000,200.0000,823,40.0000,22.0000,0.0606,0.8462,0.6699,-0.3478,0,-2.375000
2025-W47,BEST,4129,2025-11-18 10:50:26,2025-11-18 10:50:28,SHORT,24460.5000,24450.5000,REVERSAL,0,1,40.0000,200.0000,83,40.0000,0.0000,-1.0000,0.8378,0.8043,-0.0000,2,0.194444
2025-W47,BEST,4130,2025-11-18 10:50:28,2025-11-18 10:51:02,LONG,24450.5000,24450.5000,REVERSAL,1,2,41.0000,205.0000,1040,20.5000,41.0000,0.7097,0.8378,0.8043,0.0000,1,-0.194444
2025-W47,BEST,4131,2025-11-18 10:52:08,2025-11-18 10:52:13,SHORT,24506.2500,24495.5000,REVERSAL,0,1,43.0000,215.0000,171,43.0000,11.0000,0.1333,0.5844,0.7505,-0.3333,0,-1.500000
2025-W47,BEST,4132,2025-11-18 10:52:13,2025-11-18 10:52:28,LONG,24495.5000,24495.0000,REVERSAL,1,2,39.0000,195.0000,422,21.0000,45.5000,-0.0889,0.5844,0.7505,0.3333,3,1.500000
2025-W47,BEST,4133,2025-11-18 10:54:02,2025-11-18 10:54:35,LONG,24468.7500,24478.7500,REVERSAL,0,1,40.0000,200.0000,641,40.0000,29.0000,0.1765,0.8226,0.9367,0.1259,1,0.116667
2025-W47,BEST,4134,2025-11-18 10:54:49,2025-11-18 10:55:33,SHORT,24494.2500,24514.5000,HARD_STOP,1,2,-120.0000,-600.0000,1055,38.0000,60.0000,0.3125,1.1163,0.8338,-0.2921,0,-1.750000
2025-W47,BEST,4135,2025-11-18 10:55:54,2025-11-18 10:56:15,LONG,24519.7500,24520.0000,REVERSAL,1,2,42.0000,210.0000,540,28.0000,40.0000,0.2308,1.4857,0.9762,-0.0193,1,-0.416667
2025-W47,BEST,4136,2025-11-18 10:56:56,2025-11-18 10:57:09,LONG,24478.5000,24488.7500,REVERSAL,0,1,41.0000,205.0000,336,41.0000,20.0000,0.3571,0.6885,0.7679,-0.1654,0,-0.611111
2025-W47,BEST,4137,2025-11-18 11:00:04,2025-11-18 11:00:15,LONG,24447.5000,24457.5000,REVERSAL,0,1,40.0000,200.0000,501,40.0000,18.0000,0.1905,0.7778,1.0812,-0.4127,1,-1.000000
2025-W47,BEST,4138,2025-11-18 11:01:37,2025-11-18 11:01:39,LONG,24406.7500,24416.7500,REVERSAL,0,1,40.0000,200.0000,204,40.0000,1.0000,0.0000,1.7143,1.5571,-0.3540,0,-3.000000
2025-W47,BEST,4139,2025-11-18 11:01:39,2025-11-18 11:01:52,SHORT,24416.7500,24406.7500,REVERSAL,0,1,40.0000,200.0000,575,40.0000,16.0000,0.4444,1.7143,1.5571,0.3540,3,3.000000
2025-W47,BEST,4140,2025-11-18 11:02:17,2025-11-18 11:02:39,SHORT,24403.0000,24403.0000,REVERSAL,1,2,40.0000,200.0000,896,20.0000,40.0000,0.9487,0.6842,1.2057,-0.0076,2,0.687500
2025-W47,BEST,4141,2025-11-18 11:03:04,2025-11-18 11:03:24,LONG,24383.2500,24393.7500,REVERSAL,0,1,42.0000,210.0000,791,42.0000,28.0000,0.0000,1.0000,1.1429,-0.3017,0,-1.375000
2025-W47,BEST,4142,2025-11-18 11:03:52,2025-11-18 11:03:59,SHORT,24416.2500,24406.2500,REVERSAL,0,1,40.0000,200.0000,232,40.0000,6.0000,0.0526,1.0755,1.4211,-0.1868,0,-1.107143
2025-W47,BEST,4143,2025-11-18 11:03:59,2025-11-18 11:04:36,LONG,24406.2500,24406.2500,REVERSAL,1,2,40.0000,200.0000,965,37.0000,40.0000,0.2456,1.0755,1.4211,0.1868,3,1.107143
2025-W47,BEST,4144,2025-11-18 11:04:36,2025-11-18 11:05:00,SHORT,24406.2500,24426.2500,HARD_STOP,1,2,-120.0000,-600.0000,512,25.0000,60.0000,0.5441,1.5814,1.3718,0.1263,2,0.472222
2025-W47,BEST,4145,2025-11-18 11:05:44,2025-11-18 11:05:54,LONG,24404.5000,24415.0000,REVERSAL,0,1,42.0000,210.0000,177,42.0000,4.0000,-0.0179,1.4359,1.2054,0.0275,1,-0.520833
2025-W47,BEST,4146,2025-11-18 11:05:54,2025-11-18 11:06:15,SHORT,24415.0000,24414.7500,REVERSAL,1,2,42.0000,210.0000,698,21.0000,40.0000,0.2679,1.4359,1.2054,-0.0275,2,0.520833
2025-W47,BEST,4147,2025-11-18 11:07:26,2025-11-18 11:07:29,SHORT,24467.7500,24457.7500,REVERSAL,0,1,40.0000,200.0000,168,40.0000,18.0000,0.2593,0.5294,0.6760,0.1250,0,-0.250000
2025-W47,BEST,4148,2025-11-18 11:07:29,2025-11-18 11:07:36,LONG,24457.7500,24468.0000,REVERSAL,0,1,41.0000,205.0000,281,41.0000,0.0000,-0.7407,0.5294,0.6760,-0.1250,3,0.250000
2025-W47,BEST,4149,2025-11-18 11:08:06,2025-11-18 11:08:13,SHORT,24484.7500,24474.7500,REVERSAL,0,1,40.0000,200.0000,280,40.0000,15.0000,0.0682,0.9778,1.3222,-0.2248,1,-2.187500
2025-W47,BEST,4150,2025-11-18 11:08:54,2025-11-18 11:09:02,SHORT,24496.7500,24486.7500,REVERSAL,0,1,40.0000,200.0000,336,40.0000,14.0000,0.2727,0.9167,0.8496,-0.1729,1,-0.600000
2025-W47,BEST,4151,2025-11-18 11:09:15,2025-11-18 11:09:40,SHORT,24487.0000,24507.0000,HARD_STOP,1,2,-120.0000,-600.0000,596,34.0000,60.0000,-0.5769,0.5306,0.9859,0.2590,3,0.312500
2025-W47,BEST,4152,2025-11-18 11:11:01,2025-11-18 11:11:23,SHORT,24512.5000,24533.2500,HARD_STOP,1,2,-125.0000,-625.0000,730,11.0000,62.5000,0.2353,1.2439,0.8953,-0.0382,1,-0.350000
2025-W47,BEST,4153,2025-11-18 11:11:48,2025-11-18 11:12:00,SHORT,24546.7500,24536.7500,REVERSAL,0,1,40.0000,200.0000,350,40.0000,23.0000,0.2917,1.1163,0.9490,0.1351,1,-0.718750
2025-W47,BEST,4154,2025-11-18 11:12:33,2025-11-18 11:12:35,LONG,24505.0000,24515.2500,REVERSAL,0,1,41.0000,205.0000,97,41.0000,2.0000,0.6038,0.6386,1.7503,-0.3774,1,-2.250000
2025-W47,BEST,4155,2025-11-18 11:12:35,2025-11-18 11:13:34,SHORT,24515.2500,24536.0000,HARD_STOP,1,2,-125.0000,-625.0000,1368,30.0000,62.5000,-0.3774,0.6386,1.7503,0.3774,2,2.250000
2025-W47,BEST,4156,2025-11-18 11:18:38,2025-11-18 11:19:09,SHORT,24542.2500,24532.2500,REVERSAL,0,1,40.0000,200.0000,972,40.0000,39.0000,0.3250,0.4211,1.1068,-0.1321,0,-1.050000
2025-W47,BEST,4157,2025-11-18 11:19:10,2025-11-18 11:19:42,SHORT,24539.2500,24559.2500,HARD_STOP,1,2,-120.0000,-600.0000,709,18.0000,60.0000,0.4366,2.7308,1.6017,0.0667,2,1.305556
2025-W47,BEST,4158,2025-11-18 11:20:00,2025-11-18 11:20:06,LONG,24549.5000,24560.0000,REVERSAL,0,1,42.0000,210.0000,160,42.0000,15.0000,0.0448,2.7917,1.5992,-0.2030,1,-0.818182
2025-W47,BEST,4159,2025-11-18 11:20:06,2025-11-18 11:20:24,SHORT,24560.0000,24550.0000,REVERSAL,0,1,40.0000,200.0000,304,40.0000,3.0000,0.3284,2.7917,1.5992,0.2030,2,0.818182
2025-W47,BEST,4160,2025-11-18 11:21:00,2025-11-18 11:21:13,SHORT,24579.5000,24569.5000,REVERSAL,0,1,40.0000,200.0000,260,40.0000,3.0000,0.3654,1.6774,1.1106,-0.1559,0,-0.850000
2025-W47,BEST,4161,2025-11-18 11:21:37,2025-11-18 11:21:55,SHORT,24572.0000,24562.0000,REVERSAL,0,1,40.0000,200.0000,323,40.0000,21.0000,0.1972,1.2909,1.1847,0.0037,1,-0.583333
2025-W47,BEST,4162,2025-11-18 11:24:12,2025-11-18 11:24:49,SHORT,24599.2500,24589.2500,REVERSAL,0,1,40.0000,200.0000,1026,40.0000,26.0000,0.0000,1.1667,0.8015,-0.2135,0,-0.458333
2025-W47,BEST,4163,2025-11-18 11:25:01,2025-11-18 11:25:57,SHORT,24595.5000,24615.5000,HARD_STOP,1,2,-120.0000,-600.0000,1382,8.0000,60.0000,-0.0811,0.6271,0.7674,0.1429,2,0.214286
2025-W47,BEST,4164,2025-11-18 11:28:25,2025-11-18 11:28:49,SHORT,24653.0000,24653.0000,REVERSAL,1,2,40.0000,200.0000,1248,27.0000,40.0000,0.0385,1.5294,1.1425,0.1154,0,-0.437500
2025-W47,BEST,4165,2025-11-18 11:29:00,2025-11-18 11:29:15,LONG,24647.5000,24657.5000,REVERSAL,0,1,40.0000,200.0000,470,40.0000,4.0000,-0.1765,0.8947,1.0807,-0.1301,1,-0.250000
2025-W47,BEST,4166,2025-11-18 11:29:25,2025-11-18 11:29:30,SHORT,24666.0000,24656.0000,REVERSAL,0,1,40.0000,200.0000,150,40.0000,2.0000,-0.6667,0.6000,0.7878,-0.0270,0,-0.571429
2025-W47,BEST,4167,2025-11-18 11:29:30,2025-11-18 11:30:12,LONG,24656.0000,24656.0000,REVERSAL,1,2,40.0000,200.0000,1352,20.0000,48.0000,0.0000,0.6000,0.7878,0.0270,3,0.571429
2025-W47,BEST,4168,2025-11-18 11:35:02,2025-11-18 11:35:04,LONG,24639.2500,24649.5000,REVERSAL,0,1,41.0000,205.0000,179,41.0000,4.0000,0.2045,1.0732,0.8520,-0.2532,0,-2.916667
2025-W47,BEST,4169,2025-11-18 11:35:04,2025-11-18 11:35:06,SHORT,24649.5000,24639.0000,REVERSAL,0,1,42.0000,210.0000,166,42.0000,1.0000,-0.1364,1.0732,0.8520,0.2532,3,2.916667
2025-W47,BEST,4170,2025-11-18 11:36:32,2025-11-18 11:36:40,LONG,24646.2500,24656.2500,REVERSAL,0,1,40.0000,200.0000,156,40.0000,18.0000,0.0270,0.4302,1.2389,-0.1128,1,-0.269231
2025-W47,BEST,4171,2025-11-18 11:36:40,2025-11-18 11:37:20,SHORT,24656.2500,24676.2500,HARD_STOP,1,2,-120.0000,-600.0000,751,29.0000,60.0000,-0.1081,0.4302,1.2389,0.1128,2,0.269231
2025-W47,BEST,4172,2025-11-18 11:37:22,2025-11-18 11:37:37,LONG,24666.0000,24676.0000,REVERSAL,0,1,40.0000,200.0000,299,40.0000,19.0000,0.4444,0.6338,0.8804,0.0833,3,0.307692
2025-W47,BEST,4173,2025-11-18 11:38:54,2025-11-18 11:39:03,SHORT,24693.0000,24683.0000,REVERSAL,0,1,40.0000,200.0000,359,40.0000,4.0000,0.1702,0.8868,1.3898,-0.3727,1,-1.350000
2025-W47,BEST,4174,2025-11-18 11:40:55,2025-11-18 11:41:16,LONG,24656.7500,24635.2500,HARD_STOP,1,2,-132.0000,-660.0000,453,27.0000,66.0000,0.6667,1.4400,1.2200,0.0811,3,0.931818
2025-W47,BEST,4175,2025-11-18 11:41:26,2025-11-18 11:42:04,SHORT,24644.2500,24664.5000,HARD_STOP,1,2,-121.0000,-605.0000,845,23.0000,60.5000,0.2407,0.7013,0.8854,-0.0385,2,0.636364
2025-W47,BEST,4176,2025-11-18 11:43:41,2025-11-18 11:44:03,SHORT,24680.2500,24669.5000,REVERSAL,0,1,43.0000,215.0000,360,43.0000,5.0000,0.2951,1.0167,1.3907,-0.1348,0,-0.500000
2025-W47,BEST,4177,2025-11-18 11:45:24,2025-11-18 11:45:25,SHORT,24696.2500,24686.2500,REVERSAL,0,1,40.0000,200.0000,68,40.0000,3.0000,0.0167,1.2000,1.3813,-0.2982,0,-1.656250
2025-W47,BEST,4178,2025-11-18 11:45:25,2025-11-18 11:46:11,LONG,24686.2500,24666.2500,HARD_STOP,1,2,-120.0000,-600.0000,1067,22.0000,60.0000,0.3167,1.2000,1.3813,0.2982,3,1.656250
2025-W47,BEST,4179,2025-11-18 11:46:36,2025-11-18 11:46:45,SHORT,24675.2500,24665.2500,REVERSAL,0,1,40.0000,200.0000,122,40.0000,0.0000,0.0235,1.9318,1.5300,-0.4467,1,-4.375000
2025-W47,BEST,4180,2025-11-18 11:46:45,2025-11-18 11:46:57,LONG,24665.2500,24645.0000,HARD_STOP,1,2,-121.0000,-605.0000,244,0.0000,60.5000,0.5059,1.9318,1.5300,0.4467,2,4.375000
2025-W47,BEST,4181,2025-11-18 11:46:58,2025-11-18 11:47:08,SHORT,24650.7500,24651.0000,REVERSAL,1,2,39.0000,195.0000,170,19.5000,41.0000,0.3103,0.6444,0.8516,0.2727,2,0.875000
2025-W47,BEST,4182,2025-11-18 11:47:08,2025-11-18 11:47:41,LONG,24651.0000,24630.7500,HARD_STOP,1,2,-121.0000,-605.0000,823,18.0000,60.5000,0.7069,0.6444,0.8516,-0.2727,1,-0.875000
2025-W47,BEST,4183,2025-11-18 11:47:51,2025-11-18 11:48:11,LONG,24622.0000,24633.0000,REVERSAL,0,1,44.0000,220.0000,676,44.0000,17.0000,0.0625,1.1034,0.8538,-0.0456,0,-1.250000
2025-W47,BEST,4184,2025-11-18 11:49:41,2025-11-18 11:50:15,LONG,24645.5000,24645.5000,REVERSAL,1,2,40.0000,200.0000,661,26.0000,40.0000,0.0364,0.9016,1.0374,-0.1025,0,-0.464286
2025-W47,BEST,4185,2025-11-18 11:51:57,2025-11-18 11:52:03,LONG,24627.0000,24637.7500,REVERSAL,0,1,43.0000,215.0000,96,43.0000,14.0000,0.1549,1.0758,0.8152,-0.0868,0,-0.434211
2025-W47,BEST,4186,2025-11-18 11:52:03,2025-11-18 11:52:14,SHORT,24637.7500,24627.5000,REVERSAL,0,1,41.0000,205.0000,201,41.0000,38.0000,0.2394,1.0758,0.8152,0.0868,3,0.434211
2025-W47,BEST,4187,2025-11-18 11:53:04,2025-11-18 11:53:29,SHORT,24635.5000,24625.0000,REVERSAL,0,1,42.0000,210.0000,281,42.0000,27.0000,0.2329,1.1231,1.0615,-0.0712,1,-0.477273
2025-W47,BEST,4188,2025-11-18 11:57:45,2025-11-18 11:57:53,SHORT,24682.2500,24672.2500,REVERSAL,0,1,40.0000,200.0000,90,40.0000,7.0000,0.2326,0.6515,0.7095,-0.2444,0,-0.589286
2025-W47,BEST,4189,2025-11-18 11:57:53,2025-11-18 11:58:47,LONG,24672.2500,24652.2500,HARD_STOP,1,2,-120.0000,-600.0000,725,26.0000,60.0000,-0.1628,0.6515,0.7095,0.2444,3,0.589286
2025-W47,BEST,4190,2025-11-18 11:59:45,2025-11-18 12:00:04,SHORT,24658.2500,24648.0000,REVERSAL,0,1,41.0000,205.0000,307,41.0000,10.0000,0.3750,0.6154,0.9095,0.0035,0,-0.050000
2025-W47,BEST,4191,2025-11-18 12:07:24,2025-11-18 12:07:28,LONG,24640.0000,24650.0000,REVERSAL,0,1,40.0000,200.0000,85,40.0000,1.0000,0.4746,0.6941,1.2915,-0.0376,3,0.283333
2025-W47,BEST,4192,2025-11-18 12:07:28,2025-11-18 12:07:34,SHORT,24650.0000,24639.7500,REVERSAL,0,1,41.0000,205.0000,219,41.0000,6.0000,-0.1525,0.6941,1.2915,0.0376,0,-0.283333
2025-W47,BEST,4193,2025-11-18 12:08:49,2025-11-18 12:09:22,LONG,24631.0000,24611.0000,HARD_STOP,1,2,-120.0000,-600.0000,606,28.0000,60.0000,0.7568,0.7115,0.7220,-0.0382,1,0.117647
2025-W47,BEST,4194,2025-11-18 12:09:59,2025-11-18 12:10:26,SHORT,24623.0000,24643.0000,HARD_STOP,1,2,-120.0000,-600.0000,854,34.0000,60.0000,0.0000,0.6977,0.9299,-0.1769,0,-0.065789
2025-W47,BEST,4195,2025-11-18 12:13:12,2025-11-18 12:14:10,SHORT,24640.7500,24630.7500,REVERSAL,0,1,40.0000,200.0000,606,40.0000,17.0000,0.0727,0.6250,0.7356,0.1236,1,-0.105263
2025-W47,BEST,4196,2025-11-18 12:14:59,2025-11-18 12:15:08,LONG,24593.0000,24603.0000,REVERSAL,0,1,40.0000,200.0000,301,40.0000,7.0000,0.4000,1.1364,0.7253,-0.3448,0,-0.281250
2025-W47,BEST,4197,2025-11-18 12:16:47,2025-11-18 12:16:52,SHORT,24625.0000,24614.2500,REVERSAL,0,1,43.0000,215.0000,87,43.0000,12.0000,0.0515,1.2597,1.3053,-0.1925,1,-0.717391
2025-W47,BEST,4198,2025-11-18 12:16:52,2025-11-18 12:17:27,LONG,24614.2500,24593.5000,HARD_STOP,1,2,-122.0000,-610.0000,603,6.0000,61.0000,0.5052,1.2597,1.3053,0.1925,2,0.717391
2025-W47,BEST,4199,2025-11-18 12:17:45,2025-11-18 12:18:04,LONG,24578.7500,24588.7500,REVERSAL,0,1,40.0000,200.0000,380,40.0000,23.0000,0.3158,0.5429,0.9577,-0.2132,0,-0.406250
2025-W47,BEST,4200,2025-11-18 12:20:33,2025-11-18 12:20:40,SHORT,24620.0000,24609.2500,REVERSAL,0,1,43.0000,215.0000,164,43.0000,21.0000,0.4524,0.4038,1.4112,-0.2941,1,-0.666667
2025-W47,BEST,4201,2025-11-18 12:20:40,2025-11-18 12:20:47,LONG,24609.2500,24619.5000,REVERSAL,0,1,41.0000,205.0000,118,41.0000,11.0000,-0.4762,0.4038,1.4112,0.2941,2,0.666667
2025-W47,BEST,4202,2025-11-18 12:22:52,2025-11-18 12:23:36,LONG,24588.7500,24599.0000,REVERSAL,0,1,41.0000,205.0000,761,41.0000,37.0000,0.8621,0.3295,0.9796,0.1538,1,0.388889
2025-W47,BEST,4203,2025-11-18 12:23:36,2025-11-18 12:23:44,SHORT,24599.0000,24588.7500,REVERSAL,0,1,41.0000,205.0000,140,41.0000,11.0000,-0.1091,1.8966,1.6074,-0.1926,2,-0.687500
2025-W47,BEST,4204,2025-11-18 12:23:44,2025-11-18 12:24:16,LONG,24588.7500,24588.7500,REVERSAL,1,2,40.0000,200.0000,434,20.0000,41.0000,0.3636,1.8966,1.6074,0.1926,1,0.687500
2025-W47,BEST,4205,2025-11-18 12:24:16,2025-11-18 12:25:00,SHORT,24588.7500,24578.7500,REVERSAL,0,1,40.0000,200.0000,387,40.0000,19.0000,-0.1731,0.6933,1.0285,0.2528,2,0.223684
2025-W47,BEST,4206,2025-11-18 12:28:02,2025-11-18 12:28:36,LONG,24550.5000,24530.2500,HARD_STOP,1,2,-120.0000,-600.0000,866,0.0000,60.0000,0.9677,1.5122,1.1288,0.2308,1,2.000000
2025-W47,BEST,4207,2025-11-18 12:32:58,2025-11-18 12:33:06,LONG,24498.0000,24508.5000,REVERSAL,0,1,42.0000,210.0000,203,42.0000,18.0000,0.1220,1.9524,1.3800,-0.2164,1,-0.638889
2025-W47,BEST,4208,2025-11-18 12:33:06,2025-11-18 12:33:59,SHORT,24508.5000,24508.5000,REVERSAL,1,2,40.0000,200.0000,964,20.0000,40.0000,0.3659,1.9524,1.3800,0.2164,2,0.638889
2025-W47,BEST,4209,2025-11-18 12:37:38,2025-11-18 12:37:49,SHORT,24577.0000,24567.0000,REVERSAL,0,1,40.0000,200.0000,217,40.0000,5.0000,0.1509,0.8154,1.1299,-0.1292,1,-0.250000
2025-W47,BEST,4210,2025-11-18 12:37:49,2025-11-18 12:38:01,LONG,24567.0000,24578.0000,REVERSAL,0,1,44.0000,220.0000,199,44.0000,11.0000,0.0943,0.8154,1.1299,0.1292,2,0.250000
2025-W47,BEST,4211,2025-11-18 12:38:58,2025-11-18 12:39:10,SHORT,24616.7500,24606.7500,REVERSAL,0,1,40.0000,200.0000,264,40.0000,17.0000,0.3137,1.1860,0.8875,-0.0494,1,-0.517857
2025-W47,BEST,4212,2025-11-18 12:40:06,2025-11-18 12:40:12,SHORT,24656.5000,24646.5000,REVERSAL,0,1,40.0000,200.0000,145,40.0000,7.0000,0.6429,1.4000,1.0968,-0.1179,0,-2.416667
2025-W47,BEST,4213,2025-11-18 12:40:12,2025-11-18 12:40:15,LONG,24646.5000,24656.7500,REVERSAL,0,1,41.0000,205.0000,148,41.0000,2.0000,-0.2143,1.4000,1.0968,0.1179,3,2.416667
2025-W47,BEST,4214,2025-11-18 12:41:02,2025-11-18 12:41:06,LONG,24665.7500,24676.0000,REVERSAL,0,1,41.0000,205.0000,117,41.0000,4.0000,0.1525,1.3409,1.3175,-0.3379,1,-1.535714
2025-W47,BEST,4215,2025-11-18 12:41:06,2025-11-18 12:41:20,SHORT,24676.0000,24666.0000,REVERSAL,0,1,40.0000,200.0000,310,40.0000,20.0000,0.1525,1.3409,1.3175,0.3379,1,1.535714
2025-W47,BEST,4216,2025-11-18 12:42:54,2025-11-18 12:43:34,SHORT,24700.0000,24720.0000,HARD_STOP,1,2,-120.0000,-600.0000,1196,19.0000,60.0000,0.7750,1.2121,0.9898,-0.0661,2,1.035714
2025-W47,BEST,4217,2025-11-18 12:43:58,2025-11-18 12:44:39,LONG,24703.5000,24714.0000,REVERSAL,0,1,42.0000,210.0000,840,42.0000,21.0000,0.8684,1.0857,0.7793,-0.6630,0,-1.750000
2025-W47,BEST,4218,2025-11-18 12:44:56,2025-11-18 12:45:02,SHORT,24724.0000,24714.0000,REVERSAL,0,1,40.0000,200.0000,227,40.0000,0.0000,0.0526,0.9500,0.9628,-0.1704,0,-0.850000
2025-W47,BEST,4219,2025-11-18 12:45:02,2025-11-18 12:45:10,LONG,24714.0000,24693.5000,HARD_STOP,1,2,-123.0000,-615.0000,290,11.0000,61.5000,-0.1053,0.9500,0.9628,0.1704,3,0.850000
2025-W47,BEST,4220,2025-11-18 12:48:31,2025-11-18 12:49:32,SHORT,24725.7500,24715.7500,REVERSAL,0,1,40.0000,200.0000,1301,40.0000,27.0000,0.5294,0.9444,0.8722,-0.0037,0,-0.187500
2025-W47,BEST,4221,2025-11-18 12:52:48,2025-11-18 12:53:21,SHORT,24713.2500,24733.5000,HARD_STOP,1,2,-121.0000,-605.0000,1025,34.0000,60.5000,0.1373,0.6456,1.2205,-0.0491,0,-0.125000
2025-W47,BEST,4222,2025-11-18 12:53:26,2025-11-18 12:53:42,LONG,24725.2500,24735.5000,REVERSAL,0,1,41.0000,205.0000,274,41.0000,2.0000,0.3095,0.8571,0.9612,-0.2011,3,1.437500
2025-W47,BEST,4223,2025-11-18 12:55:50,2025-11-18 12:55:54,LONG,24709.2500,24719.2500,REVERSAL,0,1,40.0000,200.0000,217,40.0000,7.0000,0.0000,1.0500,1.0806,0.0141,1,-4.750000
2025-W47,BEST,4224,2025-11-18 12:55:54,2025-11-18 12:56:27,SHORT,24719.2500,24739.7500,HARD_STOP,1,2,-122.0000,-610.0000,680,17.0000,61.0000,0.3651,1.0500,1.0806,-0.0141,2,4.750000
2025-W47,BEST,4225,2025-11-18 12:56:57,2025-11-18 12:57:00,SHORT,24760.5000,24750.5000,REVERSAL,0,1,40.0000,200.0000,214,40.0000,7.0000,-0.0208,0.8421,1.3117,-0.3484,0,-1.800000
2025-W47,BEST,4226,2025-11-18 12:57:00,2025-11-18 12:57:22,LONG,24750.5000,24760.5000,REVERSAL,0,1,40.0000,200.0000,438,40.0000,19.0000,0.1875,0.8421,1.3117,0.3484,3,1.800000
2025-W47,BEST,4227,2025-11-18 12:57:36,2025-11-18 12:57:54,SHORT,24769.0000,24759.0000,REVERSAL,0,1,40.0000,200.0000,612,40.0000,9.0000,-0.0811,1.0571,0.8717,-0.0476,0,-0.406250
2025-W47,BEST,4228,2025-11-18 12:58:18,2025-11-18 12:58:57,SHORT,24780.0000,24770.0000,REVERSAL,0,1,40.0000,200.0000,975,40.0000,10.0000,0.3077,0.5306,0.6877,-0.0923,0,-0.375000
2025-W47,BEST,4229,2025-11-18 12:59:01,2025-11-18 12:59:15,SHORT,24777.7500,24767.2500,REVERSAL,0,1,42.0000,210.0000,263,42.0000,22.0000,0.0000,1.3929,1.0748,0.1103,2,0.375000
2025-W47,BEST,4230,2025-11-18 12:59:50,2025-11-18 13:00:01,LONG,24750.2500,24761.7500,REVERSAL,0,1,46.0000,230.0000,300,46.0000,17.0000,0.5500,0.3704,0.7721,0.3215,0,-0.416667
2025-W47,BEST,4231,2025-11-18 13:01:34,2025-11-18 13:02:13,SHORT,24772.0000,24762.0000,REVERSAL,0,1,40.0000,200.0000,593,40.0000,17.0000,0.1579,0.5135,1.0977,0.0340,1,-0.142857
2025-W47,BEST,4232,2025-11-18 13:03:25,2025-11-18 13:03:55,SHORT,24761.2500,24751.2500,REVERSAL,0,1,40.0000,200.0000,510,40.0000,24.0000,0.2500,0.5714,1.2190,0.1449,1,-0.208333
2025-W47,BEST,4233,2025-11-18 13:06:06,2025-11-18 13:06:15,SHORT,24774.2500,24763.2500,REVERSAL,0,1,44.0000,220.0000,207,44.0000,23.0000,0.1207,0.6905,0.8979,-0.0996,1,-0.515625
2025-W47,BEST,4234,2025-11-18 13:06:15,2025-11-18 13:06:29,LONG,24763.2500,24773.7500,REVERSAL,0,1,42.0000,210.0000,336,42.0000,24.0000,0.1207,0.6905,0.8979,0.0996,2,0.515625
2025-W47,BEST,4235,2025-11-18 13:07:19,2025-11-18 13:08:06,SHORT,24781.7500,24771.7500,REVERSAL,0,1,40.0000,200.0000,525,40.0000,5.0000,0.2889,0.7895,1.0899,0.0429,0,-0.097222
2025-W47,BEST,4236,2025-11-18 13:08:15,2025-11-18 13:08:39,SHORT,24773.5000,24773.5000,REVERSAL,1,2,40.0000,200.0000,296,20.0000,40.0000,0.2679,1.4359,1.2751,0.0642,3,0.475000
2025-W47,BEST,4237,2025-11-18 13:12:22,2025-11-18 13:12:46,SHORT,24778.5000,24768.5000,REVERSAL,0,1,40.0000,200.0000,271,40.0000,17.0000,0.0667,1.0714,0.7478,0.1152,1,-0.178571
2025-W47,BEST,4238,2025-11-18 13:14:03,2025-11-18 13:15:13,LONG,24764.2500,24744.2500,HARD_STOP,1,2,-120.0000,-600.0000,1108,29.0000,60.0000,0.1569,0.7727,1.3030,-0.1439,0,-0.421053
2025-W47,BEST,4239,2025-11-18 13:15:34,2025-11-18 13:15:39,LONG,24735.5000,24745.5000,REVERSAL,0,1,40.0000,200.0000,166,40.0000,5.0000,0.4250,0.9302,0.9325,-0.2214,1,-0.821429
2025-W47,BEST,4240,2025-11-18 13:15:39,2025-11-18 13:15:42,SHORT,24745.5000,24735.5000,REVERSAL,0,1,40.0000,200.0000,104,40.0000,1.0000,-0.4250,0.9302,0.9325,0.2214,2,0.821429
2025-W47,BEST,4241,2025-11-18 13:18:48,2025-11-18 13:19:00,SHORT,24764.0000,24753.5000,REVERSAL,0,1,42.0000,210.0000,165,42.0000,16.0000,0.0943,0.9298,0.9649,-0.1364,0,-0.404762
2025-W47,BEST,4242,2025-11-18 13:19:00,2025-11-18 13:19:44,LONG,24753.5000,24763.5000,REVERSAL,0,1,40.0000,200.0000,430,40.0000,10.0000,0.1132,0.9298,0.9649,0.1364,3,0.404762
2025-W47,BEST,4243,2025-11-18 13:20:56,2025-11-18 13:21:02,LONG,24723.0000,24733.0000,REVERSAL,0,1,40.0000,200.0000,165,40.0000,4.0000,0.0000,0.9844,0.9493,-0.2747,0,-0.866667
2025-W47,BEST,4244,2025-11-18 13:21:02,2025-11-18 13:21:22,SHORT,24733.0000,24732.7500,REVERSAL,1,2,42.0000,210.0000,229,21.0000,40.0000,0.3651,0.9844,0.9493,0.2747,3,0.866667
2025-W47,BEST,4245,2025-11-18 13:23:08,2025-11-18 13:23:24,SHORT,24769.2500,24759.0000,REVERSAL,0,1,41.0000,205.0000,230,41.0000,5.0000,0.4898,1.1951,0.9844,-0.0451,0,-0.431818
2025-W47,BEST,4246,2025-11-18 13:23:24,2025-11-18 13:23:30,LONG,24759.0000,24769.0000,REVERSAL,0,1,40.0000,200.0000,83,40.0000,3.0000,-0.3265,1.1951,0.9844,0.0451,3,0.431818
2025-W47,BEST,4247,2025-11-18 13:24:45,2025-11-18 13:24:54,SHORT,24776.2500,24766.2500,REVERSAL,0,1,40.0000,200.0000,92,40.0000,2.0000,-0.0159,1.3125,1.1178,-0.2360,2,-0.828947
2025-W47,BEST,4248,2025-11-18 13:24:54,2025-11-18 13:25:32,LONG,24766.2500,24746.2500,HARD_STOP,1,2,-120.0000,-600.0000,566,12.0000,60.0000,0.3810,1.3125,1.1178,0.2360,1,0.828947
2025-W47,BEST,4249,2025-11-18 13:30:28,2025-11-18 13:30:37,SHORT,24765.5000,24754.5000,REVERSAL,0,1,44.0000,220.0000,151,44.0000,3.0000,0.1356,0.7973,1.1386,-0.1882,0,-0.791667
2025-W47,BEST,4250,2025-11-18 13:30:37,2025-11-18 13:31:45,LONG,24754.5000,24754.7500,REVERSAL,1,2,42.0000,210.0000,929,27.0000,55.0000,0.1186,0.7973,1.1386,0.1882,3,0.791667
2025-W47,BEST,4251,2025-11-18 13:34:23,2025-11-18 13:34:34,LONG,24769.0000,24779.7500,REVERSAL,0,1,43.0000,215.0000,117,43.0000,12.0000,0.3171,0.7885,1.1165,-0.4079,1,-0.522727
2025-W47,BEST,4252,2025-11-18 13:34:34,2025-11-18 13:35:29,SHORT,24779.7500,24769.5000,REVERSAL,0,1,41.0000,205.0000,556,41.0000,28.0000,-0.3659,0.7885,1.1165,0.4079,2,0.522727
2025-W47,BEST,4253,2025-11-18 13:37:28,2025-11-18 13:37:38,LONG,24716.7500,24727.2500,REVERSAL,0,1,42.0000,210.0000,300,42.0000,8.0000,0.3158,0.5588,0.8107,-0.5054,0,-0.708333
2025-W47,BEST,4254,2025-11-18 13:38:01,2025-11-18 13:38:39,LONG,24724.7500,24734.7500,REVERSAL,0,1,40.0000,200.0000,467,40.0000,36.0000,0.1633,1.2250,1.1388,-0.0100,2,0.605263
2025-W47,BEST,4255,2025-11-18 13:39:24,2025-11-18 13:39:27,SHORT,24760.2500,24750.0000,REVERSAL,0,1,41.0000,205.0000,68,41.0000,3.0000,0.1765,0.8644,1.1886,-0.1732,0,-0.750000
2025-W47,BEST,4256,2025-11-18 13:39:27,2025-11-18 13:40:01,LONG,24750.0000,24760.5000,REVERSAL,0,1,42.0000,210.0000,300,42.0000,25.0000,0.0196,0.8644,1.1886,0.1732,3,0.750000
2025-W47,BEST,4257,2025-11-18 13:40:20,2025-11-18 13:40:55,SHORT,24782.2500,24802.5000,HARD_STOP,1,2,-121.0000,-605.0000,961,33.0000,60.5000,0.2821,0.5735,0.8264,-0.2340,0,-0.607143
2025-W47,BEST,4258,2025-11-18 13:41:00,2025-11-18 13:42:20,LONG,24793.2500,24772.7500,HARD_STOP,1,2,-124.0000,-620.0000,1418,33.0000,62.0000,0.1800,0.8772,1.0202,0.4196,3,0.916667
2025-W47,BEST,4259,2025-11-18 13:44:57,2025-11-18 13:45:16,LONG,24750.5000,24761.5000,REVERSAL,0,1,44.0000,220.0000,305,44.0000,33.0000,0.2222,1.1842,0.9440,0.2215,0,-0.184211
2025-W47,BEST,4260,2025-11-18 13:48:50,2025-11-18 13:49:33,LONG,24745.0000,24755.0000,REVERSAL,0,1,40.0000,200.0000,852,40.0000,29.0000,0.6875,0.7869,0.8776,-0.0667,1,0.229167
2025-W47,BEST,4261,2025-11-18 13:50:00,2025-11-18 13:50:06,SHORT,24769.5000,24759.2500,REVERSAL,0,1,41.0000,205.0000,115,41.0000,14.0000,0.4419,0.4725,1.2944,0.0827,0,-0.250000
2025-W47,BEST,4262,2025-11-18 13:50:06,2025-11-18 13:50:29,LONG,24759.2500,24769.2500,REVERSAL,0,1,40.0000,200.0000,215,40.0000,9.0000,-0.3953,0.4725,1.2944,-0.0827,3,0.250000
2025-W47,BEST,4263,2025-11-18 13:51:02,2025-11-18 13:51:20,SHORT,24776.2500,24765.5000,REVERSAL,0,1,43.0000,215.0000,183,43.0000,10.0000,0.1569,0.6986,0.9196,-0.1587,1,-0.305556
2025-W47,BEST,4264,2025-11-18 13:51:20,2025-11-18 13:51:29,LONG,24765.5000,24775.5000,REVERSAL,0,1,40.0000,200.0000,123,40.0000,5.0000,0.0000,0.6986,0.9196,0.1587,2,0.305556
2025-W47,BEST,4265,2025-11-18 13:52:33,2025-11-18 13:52:35,SHORT,24804.0000,24794.0000,REVERSAL,0,1,40.0000,200.0000,181,40.0000,2.0000,0.0741,0.9643,1.0007,-0.1398,0,-1.375000
2025-W47,BEST,4266,2025-11-18 13:52:35,2025-11-18 13:54:29,LONG,24794.0000,24774.0000,HARD_STOP,1,2,-120.0000,-600.0000,1398,37.0000,60.0000,-0.5556,0.9643,1.0007,0.1398,3,1.375000
2025-W47,BEST,4267,2025-11-18 13:56:43,2025-11-18 13:56:44,LONG,24723.7500,24734.0000,REVERSAL,0,1,41.0000,205.0000,187,41.0000,30.0000,0.0000,1.5897,1.2592,-0.1751,0,-0.500000
2025-W47,BEST,4268,2025-11-18 13:56:44,2025-11-18 13:57:17,SHORT,24734.0000,24724.0000,REVERSAL,0,1,40.0000,200.0000,508,40.0000,8.0000,0.3387,1.5897,1.2592,0.1751,3,0.500000
2025-W47,BEST,4269,2025-11-18 14:02:56,2025-11-18 14:03:04,SHORT,24741.0000,24731.0000,REVERSAL,0,1,40.0000,200.0000,134,40.0000,1.0000,0.0159,1.4651,1.1626,-0.1353,1,-1.812500
2025-W47,BEST,4270,2025-11-18 14:03:04,2025-11-18 14:03:31,LONG,24731.0000,24710.7500,HARD_STOP,1,2,-121.0000,-605.0000,326,8.5000,60.5000,0.3492,1.4651,1.1626,0.1353,2,1.812500
2025-W47,BEST,4271,2025-11-18 14:03:39,2025-11-18 14:03:43,LONG,24704.2500,24714.5000,REVERSAL,0,1,41.0000,205.0000,54,41.0000,0.0000,0.1600,0.6250,0.7831,-0.2451,0,-0.791667
2025-W47,BEST,4272,2025-11-18 14:03:43,2025-11-18 14:04:09,SHORT,24714.5000,24714.5000,REVERSAL,1,2,40.0000,200.0000,316,25.0000,40.0000,0.0200,0.6250,0.7831,0.2451,3,0.791667
2025-W47,BEST,4273,2025-11-18 14:05:24,2025-11-18 14:05:42,SHORT,24731.0000,24720.7500,REVERSAL,0,1,41.0000,205.0000,190,41.0000,16.0000,0.2927,0.7069,0.9334,-0.4104,0,-0.531250
2025-W47,BEST,4274,2025-11-18 14:05:42,2025-11-18 14:06:13,LONG,24720.7500,24731.0000,REVERSAL,0,1,41.0000,205.0000,226,41.0000,0.0000,-0.2927,0.7069,0.9334,0.4104,3,0.531250
2025-W47,BEST,4275,2025-11-18 14:09:47,2025-11-18 14:10:08,SHORT,24751.5000,24741.5000,REVERSAL,0,1,40.0000,200.0000,236,40.0000,2.0000,0.5714,0.5526,0.9096,0.0494,0,-0.321429
2025-W47,BEST,4276,2025-11-18 14:10:08,2025-11-18 14:10:30,LONG,24741.5000,24751.5000,REVERSAL,0,1,40.0000,200.0000,238,40.0000,6.0000,-0.5238,0.5526,0.9096,-0.0494,3,0.321429
2025-W47,BEST,4277,2025-11-18 14:13:01,2025-11-18 14:13:18,LONG,24736.5000,24746.7500,REVERSAL,0,1,41.0000,205.0000,273,41.0000,24.0000,0.0000,1.9714,1.2635,-0.3622,2,-0.565217
2025-W47,BEST,4278,2025-11-18 14:16:35,2025-11-18 14:16:56,LONG,24721.7500,24731.7500,REVERSAL,0,1,40.0000,200.0000,256,40.0000,14.0000,0.0698,0.8958,0.8414,-0.1136,1,-0.617647
2025-W47,BEST,4279,2025-11-18 14:20:10,2025-11-18 14:20:12,SHORT,24768.5000,24758.5000,REVERSAL,0,1,40.0000,200.0000,99,40.0000,7.0000,0.0000,1.0652,0.8521,-0.1308,0,-0.857143
2025-W47,BEST,4280,2025-11-18 14:20:12,2025-11-18 14:20:54,LONG,24758.5000,24738.2500,HARD_STOP,1,2,-122.0000,-610.0000,586,30.0000,61.0000,0.1837,1.0652,0.8521,0.1308,3,0.857143
2025-W47,BEST,4281,2025-11-18 14:22:35,2025-11-18 14:22:52,SHORT,24736.0000,24726.0000,REVERSAL,0,1,40.0000,200.0000,230,40.0000,10.0000,0.0435,1.6829,1.1474,-0.1037,2,-0.691176
2025-W47,BEST,4282,2025-11-18 14:22:52,2025-11-18 14:23:26,LONG,24726.0000,24706.0000,HARD_STOP,1,2,-120.0000,-600.0000,526,11.0000,60.0000,0.3768,1.6829,1.1474,0.1037,1,0.691176
2025-W47,BEST,4283,2025-11-18 14:28:58,2025-11-18 14:29:10,LONG,24693.7500,24703.7500,REVERSAL,0,1,40.0000,200.0000,224,40.0000,2.0000,0.0000,1.9688,1.2921,-0.3974,1,-0.714286
2025-W47,BEST,4284,2025-11-18 14:29:10,2025-11-18 14:29:32,SHORT,24703.7500,24703.7500,REVERSAL,1,2,40.0000,200.0000,311,20.0000,40.0000,0.3651,1.9688,1.2921,0.3974,2,0.714286
2025-W47,BEST,4285,2025-11-18 14:30:11,2025-11-18 14:31:07,SHORT,24718.2500,24708.2500,REVERSAL,0,1,40.0000,200.0000,868,40.0000,29.0000,0.1277,1.0217,0.9803,-0.0902,0,-0.659091
2025-W47,BEST,4286,2025-11-18 14:37:26,2025-11-18 14:37:36,SHORT,24760.5000,24750.0000,REVERSAL,0,1,42.0000,210.0000,303,42.0000,25.0000,0.2558,1.3871,1.0540,0.0306,0,-0.785714
2025-W47,BEST,4287,2025-11-18 14:40:16,2025-11-18 14:40:38,SHORT,24804.5000,24794.5000,REVERSAL,0,1,40.0000,200.0000,545,40.0000,23.0000,0.5152,0.9167,1.2083,-0.1679,0,-0.562500
2025-W47,BEST,4288,2025-11-18 14:41:03,2025-11-18 14:41:24,SHORT,24801.0000,24791.0000,REVERSAL,0,1,40.0000,200.0000,229,40.0000,5.0000,-0.0625,1.3714,0.9982,0.0342,2,-0.750000
2025-W47,BEST,4289,2025-11-18 14:41:24,2025-11-18 14:42:03,LONG,24791.0000,24770.0000,HARD_STOP,1,2,-127.0000,-635.0000,687,36.0000,63.5000,0.2292,1.3714,0.9982,-0.0342,1,0.750000
2025-W47,BEST,4290,2025-11-18 14:44:41,2025-11-18 14:44:51,LONG,24732.0000,24742.0000,REVERSAL,0,1,40.0000,200.0000,221,40.0000,24.0000,0.1404,1.3571,1.0016,-0.1805,0,-1.958333
2025-W47,BEST,4291,2025-11-18 14:44:51,2025-11-18 14:45:55,SHORT,24742.0000,24762.2500,HARD_STOP,1,2,-120.0000,-600.0000,1169,28.0000,60.0000,0.1579,1.3571,1.0016,0.1805,3,1.958333
2025-W47,BEST,4292,2025-11-18 14:46:12,2025-11-18 14:47:00,LONG,24753.2500,24764.0000,REVERSAL,0,1,43.0000,215.0000,636,43.0000,37.0000,-0.1765,0.8500,0.7954,-0.0830,3,0.400000
2025-W47,BEST,4293,2025-11-18 14:47:54,2025-11-18 14:48:08,SHORT,24798.5000,24788.5000,REVERSAL,0,1,40.0000,200.0000,238,40.0000,2.0000,0.3396,1.5143,1.1641,-0.2500,0,-0.711538
2025-W47,BEST,4294,2025-11-18 14:48:08,2025-11-18 14:48:37,LONG,24788.5000,24768.2500,HARD_STOP,1,2,-122.0000,-610.0000,490,16.0000,61.0000,-0.0943,1.5143,1.1641,0.2500,3,0.711538
2025-W47,BEST,4295,2025-11-18 14:49:10,2025-11-18 14:49:26,SHORT,24779.5000,24769.2500,REVERSAL,0,1,41.0000,205.0000,245,41.0000,29.0000,0.0806,1.3191,0.9648,-0.1518,1,-0.380952
2025-W47,BEST,4296,2025-11-18 14:49:26,2025-11-18 14:49:55,LONG,24769.2500,24769.7500,REVERSAL,1,2,44.0000,220.0000,313,24.0000,40.0000,0.2581,1.3191,0.9648,0.1518,2,0.380952
2025-W47,BEST,4297,2025-11-18 14:53:37,2025-11-18 14:53:46,LONG,24731.5000,24741.5000,REVERSAL,0,1,40.0000,200.0000,167,40.0000,13.0000,0.3509,1.1400,1.1798,-0.1846,1,-1.937500
2025-W47,BEST,4298,2025-11-18 14:53:46,2025-11-18 14:53:58,SHORT,24741.5000,24731.5000,REVERSAL,0,1,40.0000,200.0000,199,40.0000,4.0000,-0.0526,1.1400,1.1798,0.1846,2,1.937500
2025-W47,BEST,4299,2025-11-18 14:55:26,2025-11-18 14:55:40,LONG,24710.7500,24720.7500,REVERSAL,0,1,40.0000,200.0000,386,40.0000,3.0000,0.5769,0.6842,0.7739,-0.0038,0,-0.145833
2025-W47,BEST,4300,2025-11-18 14:55:50,2025-11-18 14:57:06,SHORT,24733.7500,24753.7500,HARD_STOP,1,2,-120.0000,-600.0000,1252,37.0000,60.0000,0.0000,0.5600,1.2175,-0.1866,0,-0.593750
2025-W47,BEST,4301,2025-11-18 14:57:44,2025-11-18 14:58:08,LONG,24740.5000,24750.5000,REVERSAL,0,1,40.0000,200.0000,210,40.0000,5.0000,0.0986,1.8684,1.3564,-0.2091,1,-0.781250
2025-W47,BEST,4302,2025-11-18 14:58:08,2025-11-18 14:58:45,SHORT,24750.5000,24750.5000,REVERSAL,1,2,40.0000,200.0000,391,20.0000,40.0000,0.3380,1.8684,1.3564,0.2091,2,0.781250
2025-W47,BEST,4303,2025-11-18 15:06:39,2025-11-18 15:07:06,LONG,24732.2500,24732.2500,REVERSAL,1,2,40.0000,200.0000,387,20.0000,40.0000,0.8200,0.7937,1.2968,0.2151,2,0.730769
2025-W47,BEST,4304,2025-11-18 15:07:32,2025-11-18 15:08:00,LONG,24711.5000,24721.5000,REVERSAL,0,1,40.0000,200.0000,222,40.0000,0.0000,-0.0185,1.5000,1.0403,-0.2517,0,-0.657895
2025-W47,BEST,4305,2025-11-18 15:08:00,2025-11-18 15:08:59,SHORT,24721.5000,24711.0000,REVERSAL,0,1,42.0000,210.0000,503,42.0000,33.0000,0.2778,1.5000,1.0403,0.2517,3,0.657895
2025-W47,BEST,4306,2025-11-18 15:09:06,2025-11-18 15:10:54,SHORT,24721.2500,24711.2500,REVERSAL,0,1,40.0000,200.0000,1080,40.0000,37.0000,0.4533,1.9231,1.3439,0.0642,1,0.500000
2025-W47,BEST,4307,2025-11-18 15:12:02,2025-11-18 15:13:06,SHORT,24723.5000,24713.0000,REVERSAL,0,1,42.0000,210.0000,742,42.0000,22.0000,0.0625,0.6761,1.0078,-0.1221,1,-0.160714
2025-W47,BEST,4308,2025-11-18 15:14:02,2025-11-18 15:14:22,SHORT,24712.2500,24702.0000,REVERSAL,0,1,41.0000,205.0000,278,41.0000,5.0000,0.1389,0.9730,0.7801,0.1078,3,0.120690
2025-W47,BEST,4309,2025-11-18 15:18:53,2025-11-18 15:20:14,LONG,24715.7500,24715.7500,REVERSAL,1,2,40.0000,200.0000,927,20.0000,40.0000,0.5143,0.5932,0.9243,0.0195,1,-0.125000
2025-W47,BEST,4310,2025-11-18 15:20:21,2025-11-18 15:20:44,SHORT,24716.0000,24706.0000,REVERSAL,0,1,40.0000,200.0000,214,40.0000,6.0000,0.0244,1.1081,0.8524,-0.1008,1,-0.166667
2025-W47,BEST,4311,2025-11-18 15:20:44,2025-11-18 15:20:53,LONG,24706.0000,24716.5000,REVERSAL,0,1,42.0000,210.0000,108,42.0000,3.0000,0.0000,1.1081,0.8524,0.1008,2,0.166667
2025-W47,BEST,4312,2025-11-18 15:21:11,2025-11-18 15:21:32,SHORT,24731.7500,24721.7500,REVERSAL,0,1,40.0000,200.0000,193,40.0000,6.0000,0.0556,0.4337,1.0998,-0.1308,1,-0.454545
2025-W47,BEST,4313,2025-11-18 15:21:32,2025-11-18 15:21:42,LONG,24721.7500,24732.0000,REVERSAL,0,1,41.0000,205.0000,87,41.0000,5.0000,-0.1667,0.4337,1.0998,0.1308,2,0.454545
2025-W47,BEST,4314,2025-11-18 15:23:14,2025-11-18 15:24:24,LONG,24710.0000,24690.0000,HARD_STOP,1,2,-120.0000,-600.0000,788,37.0000,60.0000,0.1277,1.1190,1.1122,-0.2136,0,-0.329545
2025-W47,BEST,4315,2025-11-18 15:24:44,2025-11-18 15:25:18,SHORT,24694.0000,24684.0000,REVERSAL,0,1,40.0000,200.0000,439,40.0000,8.0000,0.1304,1.1500,0.8649,0.3382,3,0.727273
2025-W47,BEST,4316,2025-11-18 15:26:42,2025-11-18 15:26:50,SHORT,24682.5000,24672.5000,REVERSAL,0,1,40.0000,200.0000,169,40.0000,12.0000,-0.0333,0.5000,1.6136,0.1310,1,-0.812500
2025-W47,BEST,4317,2025-11-18 15:26:50,2025-11-18 15:28:03,LONG,24672.5000,24652.5000,HARD_STOP,1,2,-120.0000,-600.0000,1067,16.0000,60.0000,-0.3000,0.5000,1.6136,-0.1310,2,0.812500
2025-W47,BEST,4318,2025-11-18 15:29:16,2025-11-18 15:29:22,SHORT,24689.0000,24679.0000,REVERSAL,0,1,40.0000,200.0000,112,40.0000,4.0000,0.0000,0.9692,2.1951,-0.1549,0,-1.500000
2025-W47,BEST,4319,2025-11-18 15:29:22,2025-11-18 15:29:45,LONG,24679.0000,24689.0000,REVERSAL,0,1,40.0000,200.0000,317,40.0000,19.0000,0.3651,0.9692,2.1951,0.1549,3,1.500000
2025-W47,BEST,4320,2025-11-18 15:30:01,2025-11-18 15:30:09,SHORT,24700.0000,24690.0000,REVERSAL,0,1,40.0000,200.0000,331,40.0000,20.0000,0.4762,2.3333,1.3712,-0.4981,0,-1.500000
2025-W47,BEST,4321,2025-11-18 15:30:23,2025-11-18 15:30:33,LONG,24680.0000,24690.2500,REVERSAL,0,1,41.0000,205.0000,133,41.0000,10.0000,0.4038,1.2381,1.1866,-0.1567,0,-0.750000
2025-W47,BEST,4322,2025-11-18 15:30:33,2025-11-18 15:30:53,SHORT,24690.2500,24710.2500,HARD_STOP,1,2,-120.0000,-600.0000,473,24.0000,60.0000,-0.1923,1.2381,1.1866,0.1567,3,0.750000
2025-W47,BEST,4323,2025-11-18 15:38:00,2025-11-18 15:39:01,SHORT,24686.5000,24687.0000,REVERSAL,1,2,38.0000,190.0000,1042,35.0000,42.0000,-0.0312,0.4444,1.1003,-0.3745,0,-0.326923
2025-W47,BEST,4324,2025-11-18 15:40:29,2025-11-18 15:40:49,SHORT,24685.7500,24675.0000,REVERSAL,0,1,43.0000,215.0000,265,43.0000,30.0000,0.1042,0.8727,0.9105,0.1120,1,-0.194444
2025-W47,BEST,4325,2025-11-18 15:41:21,2025-11-18 15:41:30,SHORT,24678.2500,24668.0000,REVERSAL,0,1,41.0000,205.0000,107,41.0000,9.0000,0.2885,1.7931,1.1555,-0.1406,2,-0.500000
2025-W47,BEST,4326,2025-11-18 15:41:30,2025-11-18 15:42:08,LONG,24668.0000,24678.0000,REVERSAL,0,1,40.0000,200.0000,283,40.0000,0.0000,-0.0769,1.7931,1.1555,0.1406,1,0.500000
2025-W47,BEST,4327,2025-11-18 15:45:25,2025-11-18 15:45:32,SHORT,24667.0000,24657.0000,REVERSAL,0,1,40.0000,200.0000,133,40.0000,15.0000,0.0000,0.9767,0.9271,-0.0873,1,-0.696429
2025-W47,BEST,4328,2025-11-18 15:45:32,2025-11-18 15:46:00,LONG,24657.0000,24667.0000,REVERSAL,0,1,40.0000,200.0000,405,40.0000,27.0000,0.0476,0.9767,0.9271,0.0873,2,0.696429
2025-W47,BEST,4329,2025-11-18 15:46:57,2025-11-18 15:47:18,LONG,24630.2500,24640.5000,REVERSAL,0,1,41.0000,205.0000,657,41.0000,16.0000,0.3846,0.3095,0.7223,-0.1235,0,-0.142857
2025-W47,BEST,4330,2025-11-18 15:47:52,2025-11-18 15:48:22,SHORT,24650.2500,24640.0000,REVERSAL,0,1,41.0000,205.0000,491,41.0000,12.0000,0.1277,1.0217,0.9803,-0.0956,0,-0.403846
2025-W47,BEST,4331,2025-11-18 15:48:35,2025-11-18 15:49:02,SHORT,24645.7500,24645.5000,REVERSAL,1,2,42.0000,210.0000,581,28.0000,40.0000,0.4423,1.3000,1.0755,-0.0490,2,0.403846
2025-W47,BEST,4332,2025-11-19 09:31:05,2025-11-19 09:31:09,SHORT,24616.2500,24606.2500,REVERSAL,0,1,40.0000,200.0000,267,40.0000,24.0000,0.3462,0.9286,1.3128,-0.2222,0,-2.583333
2025-W47,BEST,4333,2025-11-19 09:31:14,2025-11-19 09:31:17,LONG,24596.7500,24606.7500,REVERSAL,0,1,40.0000,200.0000,117,40.0000,0.0000,-0.0222,0.8036,0.9402,-0.1648,1,-2.050000
2025-W47,BEST,4334,2025-11-19 09:31:17,2025-11-19 09:31:27,SHORT,24606.7500,24596.7500,REVERSAL,0,1,40.0000,200.0000,614,40.0000,38.0000,0.1333,0.8036,0.9402,0.1648,2,2.050000
2025-W47,BEST,4335,2025-11-19 09:33:43,2025-11-19 09:33:58,SHORT,24605.5000,24625.5000,HARD_STOP,1,2,-120.0000,-600.0000,554,0.0000,60.0000,0.7121,1.8857,1.2730,0.1815,2,1.900000
2025-W47,BEST,4336,2025-11-19 09:34:35,2025-11-19 09:34:59,LONG,24620.0000,24630.0000,REVERSAL,0,1,40.0000,200.0000,822,40.0000,35.0000,0.2045,0.7719,1.0811,-0.1216,0,-1.062500
2025-W47,BEST,4337,2025-11-19 09:35:37,2025-11-19 09:36:11,SHORT,24667.0000,24667.0000,REVERSAL,1,2,40.0000,200.0000,1532,38.0000,43.0000,0.6552,0.6905,1.2202,0.0945,1,-0.541667
2025-W47,BEST,4338,2025-11-19 09:36:38,2025-11-19 09:36:42,SHORT,24679.0000,24668.2500,REVERSAL,0,1,43.0000,215.0000,114,43.0000,0.0000,0.0698,0.6825,1.1926,-0.1719,2,-0.812500
2025-W47,BEST,4339,2025-11-19 09:36:42,2025-11-19 09:36:48,LONG,24668.2500,24678.5000,REVERSAL,0,1,41.0000,205.0000,161,41.0000,10.0000,-0.0698,0.6825,1.1926,0.1719,1,0.812500
2025-W47,BEST,4340,2025-11-19 09:37:01,2025-11-19 09:37:19,LONG,24669.5000,24679.5000,REVERSAL,0,1,40.0000,200.0000,431,40.0000,21.0000,0.0513,0.8125,0.8591,-0.0615,0,-0.375000
2025-W47,BEST,4341,2025-11-19 09:37:52,2025-11-19 09:38:15,LONG,24679.7500,24679.5000,REVERSAL,1,2,39.0000,195.0000,650,19.5000,41.0000,0.1667,0.4615,1.5308,-0.2145,1,-0.100000
2025-W47,BEST,4342,2025-11-19 09:38:42,2025-11-19 09:39:04,LONG,24652.0000,24662.2500,REVERSAL,0,1,41.0000,205.0000,763,41.0000,34.0000,0.5714,0.8571,0.8661,-0.1225,1,1.187500
2025-W47,BEST,4343,2025-11-19 09:39:40,2025-11-19 09:40:35,SHORT,24676.5000,24676.7500,REVERSAL,1,2,39.0000,195.0000,1428,38.0000,43.5000,0.2826,0.6301,0.9669,-0.1429,0,-0.928571
2025-W47,BEST,4344,2025-11-19 09:40:51,2025-11-19 09:41:10,LONG,24668.0000,24678.0000,REVERSAL,0,1,40.0000,200.0000,481,40.0000,18.0000,0.7273,1.3750,0.9732,-0.3015,0,-0.300000
2025-W47,BEST,4345,2025-11-19 09:41:31,2025-11-19 09:41:37,SHORT,24703.0000,24692.5000,REVERSAL,0,1,42.0000,210.0000,269,42.0000,6.0000,0.1379,0.5577,1.4093,-0.1575,1,-1.250000
2025-W47,BEST,4346,2025-11-19 09:42:25,2025-11-19 09:42:33,SHORT,24718.0000,24708.0000,REVERSAL,0,1,40.0000,200.0000,393,40.0000,12.0000,0.0000,0.6207,1.1159,0.0866,1,-0.312500
2025-W47,BEST,4347,2025-11-19 09:42:59,2025-11-19 09:43:09,SHORT,24716.7500,24706.7500,REVERSAL,0,1,40.0000,200.0000,301,40.0000,9.0000,-0.0645,1.1071,0.9425,0.0863,2,-0.437500
2025-W47,BEST,4348,2025-11-19 09:44:24,2025-11-19 09:44:47,SHORT,24745.5000,24745.5000,REVERSAL,1,2,40.0000,200.0000,1355,34.0000,40.0000,0.0000,1.1429,1.2714,-0.3029,1,-1.100000
2025-W47,BEST,4349,2025-11-19 09:47:15,2025-11-19 09:47:43,SHORT,24762.0000,24751.7500,REVERSAL,0,1,41.0000,205.0000,1095,41.0000,16.0000,0.0000,0.5714,1.3795,-0.2100,0,-2.583333
2025-W47,BEST,4350,2025-11-19 09:49:05,2025-11-19 09:50:10,SHORT,24769.7500,24759.7500,REVERSAL,0,1,40.0000,200.0000,2223,40.0000,39.0000,0.3429,0.6481,0.9826,0.0415,1,-0.450000
2025-W47,BEST,4351,2025-11-19 09:50:26,2025-11-19 09:50:49,LONG,24747.0000,24757.2500,REVERSAL,0,1,41.0000,205.0000,707,41.0000,17.0000,0.1667,0.9375,0.8408,-0.1559,0,-1.000000
2025-W47,BEST,4352,2025-11-19 09:51:18,2025-11-19 09:51:26,SHORT,24770.7500,24760.5000,REVERSAL,0,1,41.0000,205.0000,222,41.0000,3.0000,0.0217,1.2105,1.1641,-0.1986,0,-1.000000
2025-W47,BEST,4353,2025-11-19 09:51:26,2025-11-19 09:51:34,LONG,24760.5000,24770.7500,REVERSAL,0,1,41.0000,205.0000,268,41.0000,6.0000,0.0870,1.2105,1.1641,0.1986,3,1.000000
2025-W47,BEST,4354,2025-11-19 09:52:37,2025-11-19 09:53:19,SHORT,24789.2500,24809.5000,HARD_STOP,1,2,-121.0000,-605.0000,1251,0.0000,60.5000,0.6944,1.2857,1.1813,0.3514,3,1.250000
2025-W47,BEST,4355,2025-11-19 09:54:54,2025-11-19 09:55:01,SHORT,24842.7500,24832.7500,REVERSAL,0,1,40.0000,200.0000,430,40.0000,2.0000,0.3214,0.7568,1.0163,-0.1298,1,-0.343750
2025-W47,BEST,4356,2025-11-19 09:55:22,2025-11-19 09:56:56,SHORT,24837.5000,24857.7500,HARD_STOP,1,2,-122.0000,-610.0000,3488,24.0000,61.0000,-0.2903,1.7222,1.1825,-0.0706,2,0.357143
2025-W47,BEST,4357,2025-11-19 09:58:55,2025-11-19 09:59:32,SHORT,24877.2500,24897.2500,HARD_STOP,1,2,-120.0000,-600.0000,2068,18.0000,60.0000,0.4348,0.8519,1.0688,-0.2989,0,-0.357143
2025-W47,BEST,4358,2025-11-19 10:02:15,2025-11-19 10:02:36,SHORT,24911.7500,24901.7500,REVERSAL,0,1,40.0000,200.0000,921,40.0000,16.0000,0.0333,0.7895,0.8471,-0.0193,0,-0.071429
2025-W47,BEST,4359,2025-11-19 10:04:01,2025-11-19 10:04:19,SHORT,24921.7500,24911.7500,REVERSAL,0,1,40.0000,200.0000,938,40.0000,38.0000,0.9545,0.8462,0.7842,0.2472,2,0.875000
2025-W47,BEST,4360,2025-11-19 10:05:08,2025-11-19 10:05:23,SHORT,24928.0000,24918.0000,REVERSAL,0,1,40.0000,200.0000,464,40.0000,2.0000,0.7143,1.7500,1.4205,-0.2126,0,-0.600000
2025-W47,BEST,4361,2025-11-19 10:06:18,2025-11-19 10:06:45,SHORT,24938.0000,24928.0000,REVERSAL,0,1,40.0000,200.0000,772,40.0000,3.0000,0.4000,0.5263,0.9669,-0.1919,0,-0.214286
2025-W47,BEST,4362,2025-11-19 10:08:49,2025-11-19 10:09:51,LONG,24925.0000,24925.0000,REVERSAL,1,2,40.0000,200.0000,1911,20.0000,40.0000,0.9259,2.2500,1.3068,0.1429,1,0.821429
2025-W47,BEST,4363,2025-11-19 10:10:09,2025-11-19 10:10:27,LONG,24907.0000,24907.0000,REVERSAL,1,2,40.0000,200.0000,1236,20.0000,40.0000,0.0714,0.5283,1.2456,-0.0428,0,-0.400000
2025-W47,BEST,4364,2025-11-19 10:10:42,2025-11-19 10:10:49,LONG,24897.2500,24907.2500,REVERSAL,0,1,40.0000,200.0000,241,40.0000,5.0000,0.0312,1.5238,0.9494,0.0268,1,-0.659091
2025-W47,BEST,4365,2025-11-19 10:10:49,2025-11-19 10:11:09,SHORT,24907.2500,24927.5000,HARD_STOP,1,2,-121.0000,-605.0000,866,10.0000,60.5000,-0.2812,1.5238,0.9494,-0.0268,2,0.659091
2025-W47,BEST,4366,2025-11-19 10:11:36,2025-11-19 10:13:03,SHORT,24943.7500,24933.5000,REVERSAL,0,1,41.0000,205.0000,2589,41.0000,25.0000,0.5714,0.4667,0.8103,0.1119,0,-0.250000
2025-W47,BEST,4367,2025-11-19 10:13:24,2025-11-19 10:15:06,SHORT,24943.0000,24963.0000,HARD_STOP,1,2,-120.0000,-600.0000,2853,30.0000,60.0000,0.2821,1.3929,0.9764,-0.4158,2,-0.906250
2025-W47,BEST,4368,2025-11-19 10:16:44,2025-11-19 10:17:42,SHORT,24981.7500,24971.7500,REVERSAL,0,1,40.0000,200.0000,1423,40.0000,25.0000,0.3143,0.9459,1.3139,-0.0106,0,-0.325000
2025-W47,BEST,4369,2025-11-19 10:19:45,2025-11-19 10:21:15,LONG,24955.7500,24955.7500,REVERSAL,1,2,40.0000,200.0000,2699,21.0000,59.0000,0.2727,0.7857,1.0703,-0.0242,1,-0.178571
2025-W47,BEST,4370,2025-11-19 10:24:08,2025-11-19 10:24:43,LONG,24950.0000,24960.0000,REVERSAL,0,1,40.0000,200.0000,720,40.0000,32.0000,0.5161,0.5439,1.3681,0.0741,2,0.708333
2025-W47,BEST,4371,2025-11-19 10:25:46,2025-11-19 10:26:34,LONG,24951.0000,24951.0000,REVERSAL,1,2,40.0000,200.0000,1611,20.0000,40.0000,0.7857,1.2000,1.0167,0.1085,1,0.777778
2025-W47,BEST,4372,2025-11-19 10:27:26,2025-11-19 10:28:02,SHORT,24962.7500,24952.7500,REVERSAL,0,1,40.0000,200.0000,575,40.0000,16.0000,0.0303,0.6600,0.7686,-0.0570,1,-0.321429
2025-W47,BEST,4373,2025-11-19 10:31:03,2025-11-19 10:31:07,LONG,24930.2500,24940.5000,REVERSAL,0,1,41.0000,205.0000,129,41.0000,1.0000,0.0185,1.2558,1.0495,-0.4349,1,-4.500000
2025-W47,BEST,4374,2025-11-19 10:31:07,2025-11-19 10:31:25,SHORT,24940.5000,24930.5000,REVERSAL,0,1,40.0000,200.0000,323,40.0000,14.0000,0.2222,1.2558,1.0495,0.4349,2,4.500000
2025-W47,BEST,4375,2025-11-19 10:32:05,2025-11-19 10:32:17,SHORT,24955.2500,24945.2500,REVERSAL,0,1,40.0000,200.0000,316,40.0000,7.0000,0.5833,0.5455,1.1527,-0.0775,0,-0.450000
2025-W47,BEST,4376,2025-11-19 10:33:04,2025-11-19 10:33:31,SHORT,24954.5000,24944.5000,REVERSAL,0,1,40.0000,200.0000,392,40.0000,8.0000,0.0256,0.6964,1.0662,0.0476,1,-0.138889
2025-W47,BEST,4377,2025-11-19 10:35:33,2025-11-19 10:35:44,LONG,24917.5000,24927.7500,REVERSAL,0,1,41.0000,205.0000,313,41.0000,3.0000,0.4211,0.8085,1.0068,-0.1742,1,-0.475000
2025-W47,BEST,4378,2025-11-19 10:44:27,2025-11-19 10:44:56,SHORT,24921.0000,24910.7500,REVERSAL,0,1,41.0000,205.0000,466,41.0000,0.0000,0.1667,0.6122,1.0061,-0.3708,1,-1.083333
2025-W47,BEST,4379,2025-11-19 10:45:32,2025-11-19 10:46:14,LONG,24889.7500,24899.7500,REVERSAL,0,1,40.0000,200.0000,814,40.0000,18.0000,0.5152,1.2222,0.9664,-0.2692,0,-0.800000
2025-W47,BEST,4380,2025-11-19 10:51:15,2025-11-19 10:51:35,LONG,24853.5000,24833.0000,HARD_STOP,1,2,-120.0000,-600.0000,780,13.0000,60.0000,0.7381,1.1053,1.4163,0.0216,2,0.527778
2025-W47,BEST,4381,2025-11-19 10:51:59,2025-11-19 10:52:27,SHORT,24840.7500,24841.0000,REVERSAL,1,2,39.0000,195.0000,996,19.5000,41.0000,0.0000,0.5946,1.2223,-0.2206,1,-0.281250
2025-W47,BEST,4382,2025-11-19 10:52:27,2025-11-19 10:53:22,LONG,24841.0000,24821.0000,HARD_STOP,1,2,-120.0000,-600.0000,2103,21.0000,60.0000,-0.3243,0.9737,1.2785,0.1181,2,0.791667
2025-W47,BEST,4383,2025-11-19 10:53:39,2025-11-19 10:54:46,LONG,24813.0000,24823.0000,REVERSAL,0,1,40.0000,200.0000,2485,40.0000,34.0000,0.0000,0.5476,0.9102,-0.4065,1,-5.500000
2025-W47,BEST,4384,2025-11-19 10:55:19,2025-11-19 10:56:14,LONG,24793.7500,24793.7500,REVERSAL,1,2,40.0000,200.0000,2704,31.0000,40.0000,-0.0323,2.0667,1.1929,-0.4865,0,-3.750000
2025-W47,BEST,4385,2025-11-19 10:56:35,2025-11-19 10:57:53,LONG,24773.7500,24753.7500,HARD_STOP,1,2,-120.0000,-600.0000,3866,35.0000,60.0000,0.2593,1.0385,1.0844,-0.2463,1,-1.187500
2025-W47,BEST,4386,2025-11-19 10:58:28,2025-11-19 10:59:01,SHORT,24763.0000,24753.0000,REVERSAL,0,1,40.0000,200.0000,1454,40.0000,35.0000,0.2759,0.6905,0.9286,-0.2088,0,-1.050000
2025-W47,BEST,4387,2025-11-19 11:00:36,2025-11-19 11:00:41,LONG,24766.0000,24776.2500,REVERSAL,0,1,41.0000,205.0000,358,41.0000,9.0000,0.1111,0.7105,1.0860,-0.1608,0,-1.312500
2025-W47,BEST,4388,2025-11-19 11:00:55,2025-11-19 11:01:00,SHORT,24777.0000,24767.0000,REVERSAL,0,1,40.0000,200.0000,239,40.0000,0.0000,0.0286,1.3462,0.9981,0.0661,2,-1.416667
2025-W47,BEST,4389,2025-11-19 11:01:00,2025-11-19 11:01:17,LONG,24767.0000,24777.0000,REVERSAL,0,1,40.0000,200.0000,568,40.0000,0.0000,-0.1714,1.3462,0.9981,-0.0661,1,1.416667
2025-W47,BEST,4390,2025-11-19 11:02:05,2025-11-19 11:02:51,LONG,24772.5000,24782.5000,REVERSAL,0,1,40.0000,200.0000,1587,40.0000,25.0000,0.5000,0.6842,1.3977,0.2933,0,-0.937500
2025-W47,BEST,4391,2025-11-19 11:03:40,2025-11-19 11:04:54,LONG,24769.5000,24769.2500,REVERSAL,1,2,39.0000,195.0000,1965,20.0000,41.0000,0.7170,2.0385,1.2600,0.0000,2,1.071429
2025-W47,BEST,4392,2025-11-19 11:04:54,2025-11-19 11:05:21,SHORT,24769.2500,24769.0000,REVERSAL,1,2,42.0000,210.0000,995,32.0000,40.0000,-0.3636,1.0312,0.9059,0.2333,2,1.600000
2025-W47,BEST,4393,2025-11-19 11:05:31,2025-11-19 11:05:58,LONG,24763.7500,24743.7500,HARD_STOP,1,2,-120.0000,-600.0000,1135,27.0000,60.0000,-0.0500,0.7407,1.4954,0.0370,1,-0.500000
2025-W47,BEST,4394,2025-11-19 11:07:22,2025-11-19 11:08:09,SHORT,24744.5000,24734.5000,REVERSAL,0,1,40.0000,200.0000,2008,40.0000,39.0000,-0.0588,0.3333,0.5780,-0.0923,0,-0.650000
2025-W47,BEST,4395,2025-11-19 11:08:09,2025-11-19 11:08:15,LONG,24734.5000,24745.0000,REVERSAL,0,1,42.0000,210.0000,191,42.0000,4.0000,-0.0182,2.0370,1.5810,-0.2971,0,-1.375000
2025-W47,BEST,4396,2025-11-19 11:08:15,2025-11-19 11:08:32,SHORT,24745.0000,24735.0000,REVERSAL,0,1,40.0000,200.0000,454,40.0000,18.0000,0.2545,2.0370,1.5810,0.2971,3,1.375000
2025-W47,BEST,4397,2025-11-19 11:11:00,2025-11-19 11:11:30,LONG,24723.2500,24723.2500,REVERSAL,1,2,40.0000,200.0000,1097,20.0000,40.0000,0.7317,0.9762,1.0407,-0.0651,3,0.562500
2025-W47,BEST,4398,2025-11-19 11:12:29,2025-11-19 11:12:56,LONG,24704.2500,24714.2500,REVERSAL,0,1,40.0000,200.0000,577,40.0000,15.0000,0.6176,0.5667,1.0941,-0.1969,1,-0.357143
2025-W47,BEST,4399,2025-11-19 11:13:02,2025-11-19 11:13:12,SHORT,24717.7500,24707.2500,REVERSAL,0,1,42.0000,210.0000,166,42.0000,1.0000,0.1667,1.0667,1.5116,-0.1579,1,-2.750000
2025-W47,BEST,4400,2025-11-19 11:13:12,2025-11-19 11:13:57,LONG,24707.2500,24717.2500,REVERSAL,0,1,40.0000,200.0000,936,40.0000,35.0000,-0.0417,1.0667,1.5116,0.1579,2,2.750000
2025-W47,BEST,4401,2025-11-19 11:17:11,2025-11-19 11:17:19,LONG,24707.0000,24717.0000,REVERSAL,0,1,40.0000,200.0000,234,40.0000,6.0000,0.0976,0.5000,1.0093,-0.2332,1,-2.333333
2025-W47,BEST,4402,2025-11-19 11:17:19,2025-11-19 11:18:12,SHORT,24717.0000,24717.0000,REVERSAL,1,2,40.0000,200.0000,1112,20.0000,40.0000,-0.0732,0.5000,1.0093,0.2332,2,2.333333
2025-W47,BEST,4403,2025-11-19 11:21:40,2025-11-19 11:22:12,SHORT,24745.2500,24745.0000,REVERSAL,1,2,42.0000,210.0000,698,21.0000,40.0000,0.6977,2.0476,1.2521,0.2990,2,0.555556
2025-W47,BEST,4404,2025-11-19 11:23:47,2025-11-19 11:24:33,LONG,24715.7500,24695.5000,HARD_STOP,1,2,-121.0000,-605.0000,1060,18.0000,60.5000,1.0652,1.2105,1.0183,0.2399,2,0.437500
2025-W47,BEST,4405,2025-11-19 11:25:08,2025-11-19 11:26:16,LONG,24674.7500,24674.7500,REVERSAL,1,2,40.0000,200.0000,2388,35.0000,44.0000,0.4286,2.1304,1.4137,-0.2574,0,-1.062500
2025-W47,BEST,4406,2025-11-19 11:26:28,2025-11-19 11:27:16,SHORT,24679.5000,24700.0000,HARD_STOP,1,2,-123.0000,-615.0000,1015,20.0000,61.5000,0.2500,1.4359,1.0791,-0.1471,0,-0.450000
2025-W47,BEST,4407,2025-11-19 11:32:22,2025-11-19 11:32:35,LONG,24703.5000,24703.7500,REVERSAL,1,2,42.0000,210.0000,238,21.0000,40.0000,0.3571,0.4746,1.1312,0.2261,2,0.105263
2025-W47,BEST,4408,2025-11-19 11:32:35,2025-11-19 11:33:00,SHORT,24703.7500,24693.7500,REVERSAL,0,1,40.0000,200.0000,372,40.0000,10.0000,0.6071,0.4746,1.1312,-0.2261,1,-0.105263
2025-W47,BEST,4409,2025-11-19 11:33:07,2025-11-19 11:33:21,SHORT,24700.0000,24690.0000,REVERSAL,0,1,40.0000,200.0000,273,40.0000,15.0000,0.0889,1.1842,0.9879,0.2014,3,0.409091
2025-W47,BEST,4410,2025-11-19 11:35:54,2025-11-19 11:36:34,LONG,24676.7500,24656.7500,HARD_STOP,1,2,-120.0000,-600.0000,1363,29.0000,60.0000,0.7097,1.1923,0.9132,0.0079,2,0.361111
2025-W47,BEST,4411,2025-11-19 11:37:16,2025-11-19 11:37:20,SHORT,24681.2500,24671.2500,REVERSAL,0,1,40.0000,200.0000,106,40.0000,6.0000,0.2549,1.0000,1.2083,-0.1250,0,-0.928571
2025-W47,BEST,4412,2025-11-19 11:37:20,2025-11-19 11:38:10,LONG,24671.2500,24681.2500,REVERSAL,0,1,40.0000,200.0000,820,40.0000,18.0000,-0.0392,1.0000,1.2083,0.1250,3,0.928571
2025-W47,BEST,4413,2025-11-19 11:38:43,2025-11-19 11:38:46,SHORT,24686.5000,24676.2500,REVERSAL,0,1,41.0000,205.0000,88,41.0000,1.0000,0.1270,2.3333,1.5524,-0.2915,2,-1.562500
2025-W47,BEST,4414,2025-11-19 11:38:46,2025-11-19 11:39:10,LONG,24676.2500,24686.5000,REVERSAL,0,1,41.0000,205.0000,421,41.0000,14.0000,0.2222,2.3333,1.5524,0.2915,1,1.562500
2025-W47,BEST,4415,2025-11-19 11:40:37,2025-11-19 11:41:28,LONG,24670.5000,24650.5000,HARD_STOP,1,2,-120.0000,-600.0000,918,12.0000,60.0000,0.9500,1.4286,1.1518,0.0698,1,0.950000
2025-W47,BEST,4416,2025-11-19 11:41:37,2025-11-19 11:42:03,SHORT,24660.2500,24680.5000,HARD_STOP,1,2,-122.0000,-610.0000,572,13.0000,61.0000,-0.3333,0.6667,1.0591,0.2124,3,0.916667
2025-W47,BEST,4417,2025-11-19 11:42:45,2025-11-19 11:42:53,LONG,24681.5000,24691.5000,REVERSAL,0,1,40.0000,200.0000,193,40.0000,0.0000,0.0600,1.6129,1.1434,-0.0687,2,-1.250000
2025-W47,BEST,4418,2025-11-19 11:42:53,2025-11-19 11:43:16,SHORT,24691.5000,24681.2500,REVERSAL,0,1,41.0000,205.0000,611,41.0000,26.0000,0.1400,1.6129,1.1434,0.0687,1,1.250000
2025-W47,BEST,4419,2025-11-19 11:45:00,2025-11-19 11:45:19,LONG,24680.2500,24680.2500,REVERSAL,1,2,40.0000,200.0000,453,20.0000,40.0000,0.7222,0.4235,1.1562,0.0751,1,0.625000
2025-W47,BEST,4420,2025-11-19 11:46:14,2025-11-19 11:46:17,SHORT,24699.0000,24688.2500,REVERSAL,0,1,43.0000,215.0000,78,43.0000,0.0000,0.0286,0.4321,1.2818,0.0236,0,-0.875000
2025-W47,BEST,4421,2025-11-19 11:46:17,2025-11-19 11:46:43,LONG,24688.2500,24699.5000,REVERSAL,0,1,45.0000,225.0000,460,45.0000,24.0000,-0.2571,0.4321,1.2818,-0.0236,3,0.875000
2025-W47,BEST,4422,2025-11-19 11:49:19,2025-11-19 11:49:23,LONG,24649.2500,24659.2500,REVERSAL,0,1,40.0000,200.0000,100,40.0000,0.0000,0.0435,1.5333,1.2212,-0.2528,0,-1.000000
2025-W47,BEST,4423,2025-11-19 11:49:23,2025-11-19 11:49:46,SHORT,24659.2500,24659.2500,REVERSAL,1,2,40.0000,200.0000,464,20.0000,40.0000,0.0870,1.5333,1.2212,0.2528,3,1.000000
2025-W47,BEST,4424,2025-11-19 11:50:00,2025-11-19 11:50:17,SHORT,24670.5000,24660.5000,REVERSAL,0,1,40.0000,200.0000,301,40.0000,21.0000,-0.0976,1.0513,0.8453,-0.1880,0,-0.318182
2025-W47,BEST,4425,2025-11-19 11:50:37,2025-11-19 11:51:14,SHORT,24663.5000,24663.7500,REVERSAL,1,2,40.0000,200.0000,454,20.0000,42.0000,0.0909,0.7857,1.0758,0.2395,2,0.416667
2025-W47,BEST,4426,2025-11-19 11:53:03,2025-11-19 11:54:11,SHORT,24682.0000,24682.0000,REVERSAL,1,2,40.0000,200.0000,1282,26.0000,52.0000,0.0000,0.6939,0.6610,-0.0515,0,-0.325000
2025-W47,BEST,4427,2025-11-19 11:54:29,2025-11-19 11:55:29,SHORT,24682.7500,24672.5000,REVERSAL,0,1,41.0000,205.0000,697,41.0000,34.0000,0.2115,0.7647,1.4791,-0.0428,2,0.791667
2025-W47,BEST,4428,2025-11-19 11:57:38,2025-11-19 11:58:19,SHORT,24703.0000,24693.0000,REVERSAL,0,1,40.0000,200.0000,696,40.0000,17.0000,0.0690,0.5370,0.6192,-0.1797,0,-0.500000
2025-W47,BEST,4429,2025-11-19 12:02:35,2025-11-19 12:02:54,LONG,24683.7500,24693.7500,REVERSAL,0,1,40.0000,200.0000,382,40.0000,5.0000,0.4681,0.7460,0.9069,0.0703,0,-0.428571
2025-W47,BEST,4430,2025-11-19 12:04:32,2025-11-19 12:04:36,LONG,24619.7500,24630.0000,REVERSAL,0,1,41.0000,205.0000,117,41.0000,0.0000,0.0426,1.3056,1.0619,-0.3151,2,-1.150000
2025-W47,BEST,4431,2025-11-19 12:04:36,2025-11-19 12:04:56,SHORT,24630.0000,24620.0000,REVERSAL,0,1,40.0000,200.0000,383,40.0000,15.0000,0.0851,1.3056,1.0619,0.3151,1,1.150000
2025-W47,BEST,4432,2025-11-19 12:08:36,2025-11-19 12:09:03,LONG,24623.2500,24633.2500,REVERSAL,0,1,40.0000,200.0000,391,40.0000,2.0000,0.0167,0.8451,1.1052,-0.0428,1,-0.359375
2025-W47,BEST,4433,2025-11-19 12:09:08,2025-11-19 12:09:10,SHORT,24644.0000,24633.5000,REVERSAL,0,1,42.0000,210.0000,58,42.0000,1.0000,-0.0462,1.7568,1.1867,-0.0112,1,-0.697368
2025-W47,BEST,4434,2025-11-19 12:09:10,2025-11-19 12:09:44,LONG,24633.5000,24633.0000,REVERSAL,1,2,39.0000,195.0000,427,19.5000,43.0000,0.4000,1.7568,1.1867,0.0112,2,0.697368
2025-W47,BEST,4435,2025-11-19 12:10:20,2025-11-19 12:10:45,LONG,24621.7500,24631.7500,REVERSAL,0,1,40.0000,200.0000,559,40.0000,27.0000,0.7500,1.0000,0.9783,0.0270,2,0.089286
2025-W47,BEST,4436,2025-11-19 12:12:26,2025-11-19 12:12:36,LONG,24618.2500,24628.2500,REVERSAL,0,1,40.0000,200.0000,196,40.0000,6.0000,0.0400,0.8772,1.1511,-0.1273,1,-0.283333
2025-W47,BEST,4437,2025-11-19 12:12:36,2025-11-19 12:12:46,SHORT,24628.2500,24618.2500,REVERSAL,0,1,40.0000,200.0000,96,40.0000,13.0000,0.1600,0.8772,1.1511,0.1273,2,0.283333
2025-W47,BEST,4438,2025-11-19 12:14:16,2025-11-19 12:14:28,LONG,24602.7500,24613.0000,REVERSAL,0,1,41.0000,205.0000,158,41.0000,0.0000,0.1731,1.1818,1.4709,-0.0996,2,-1.125000
2025-W47,BEST,4439,2025-11-19 12:14:28,2025-11-19 12:16:04,SHORT,24613.0000,24612.0000,REVERSAL,1,2,48.0000,240.0000,1502,36.0000,44.0000,0.0385,1.1818,1.4709,0.0996,1,1.125000
2025-W47,BEST,4440,2025-11-19 12:16:30,2025-11-19 12:16:43,LONG,24610.2500,24620.7500,REVERSAL,0,1,42.0000,210.0000,138,42.0000,10.0000,0.3600,0.7042,0.8072,0.0000,1,-0.411765
2025-W47,BEST,4441,2025-11-19 12:16:43,2025-11-19 12:17:11,SHORT,24620.7500,24621.0000,REVERSAL,1,2,39.0000,195.0000,425,23.0000,41.0000,-0.2000,0.7042,0.8072,-0.0000,2,0.411765
2025-W47,BEST,4442,2025-11-19 12:18:48,2025-11-19 12:19:04,SHORT,24633.0000,24623.0000,REVERSAL,0,1,40.0000,200.0000,162,40.0000,20.0000,0.5250,0.7547,1.0568,-0.0000,0,-0.071429
2025-W47,BEST,4443,2025-11-19 12:19:04,2025-11-19 12:19:11,LONG,24623.0000,24633.0000,REVERSAL,0,1,40.0000,200.0000,116,40.0000,0.0000,-0.5250,0.7547,1.0568,0.0000,3,0.071429
2025-W47,BEST,4444,2025-11-19 12:20:12,2025-11-19 12:21:03,LONG,24610.7500,24621.2500,REVERSAL,0,1,42.0000,210.0000,586,42.0000,12.0000,0.0577,0.8966,1.1919,0.0037,0,-0.446429
2025-W47,BEST,4445,2025-11-19 12:22:07,2025-11-19 12:22:16,LONG,24620.2500,24620.5000,REVERSAL,1,2,43.0000,215.0000,232,21.5000,41.0000,0.1587,1.4318,1.2800,-0.0476,1,-0.522727
2025-W47,BEST,4446,2025-11-19 12:22:16,2025-11-19 12:22:34,SHORT,24620.5000,24620.0000,REVERSAL,1,2,45.0000,225.0000,291,22.5000,41.0000,0.8254,1.4318,1.2800,0.0476,2,0.522727
2025-W47,BEST,4447,2025-11-19 12:23:57,2025-11-19 12:24:01,LONG,24614.0000,24624.5000,REVERSAL,0,1,42.0000,210.0000,97,42.0000,6.0000,0.0000,1.4054,0.9311,-0.0943,0,-0.569444
2025-W47,BEST,4448,2025-11-19 12:24:01,2025-11-19 12:24:14,SHORT,24624.5000,24612.7500,REVERSAL,0,1,47.0000,235.0000,239,47.0000,19.0000,0.1923,1.4054,0.9311,0.0943,3,0.569444
2025-W47,BEST,4449,2025-11-19 12:28:33,2025-11-19 12:29:11,SHORT,24630.7500,24630.5000,REVERSAL,1,2,42.0000,210.0000,1233,34.0000,54.0000,0.4474,0.8837,1.4191,-0.1374,1,-0.500000
2025-W47,BEST,4450,2025-11-19 12:29:26,2025-11-19 12:29:42,LONG,24620.5000,24630.5000,REVERSAL,0,1,40.0000,200.0000,222,40.0000,6.0000,-0.2857,0.4667,1.4333,0.0315,0,-0.395833
2025-W47,BEST,4451,2025-11-19 12:30:58,2025-11-19 12:31:31,SHORT,24622.2500,24612.2500,REVERSAL,0,1,40.0000,200.0000,657,40.0000,32.0000,0.1636,1.5278,1.0248,-0.0775,1,-0.197368
2025-W47,BEST,4452,2025-11-19 12:37:38,2025-11-19 12:37:49,LONG,24513.0000,24523.0000,REVERSAL,0,1,40.0000,200.0000,420,40.0000,13.0000,0.3103,0.6170,1.1789,0.0667,1,-0.562500
2025-W47,BEST,4453,2025-11-19 12:38:17,2025-11-19 12:38:29,SHORT,24533.5000,24523.5000,REVERSAL,0,1,40.0000,200.0000,296,40.0000,17.0000,0.4000,1.0294,1.1443,-0.1172,0,-0.750000
2025-W47,BEST,4454,2025-11-19 12:39:14,2025-11-19 12:39:52,LONG,24516.5000,24526.5000,REVERSAL,0,1,40.0000,200.0000,483,40.0000,12.0000,0.4000,0.6780,1.1584,-0.0787,1,-0.187500
2025-W47,BEST,4455,2025-11-19 12:40:38,2025-11-19 12:41:00,SHORT,24534.5000,24524.5000,REVERSAL,0,1,40.0000,200.0000,366,40.0000,4.0000,0.0000,0.7969,0.9910,-0.0556,0,-0.312500
2025-W47,BEST,4456,2025-11-19 12:43:46,2025-11-19 12:44:06,SHORT,24623.0000,24613.0000,REVERSAL,0,1,40.0000,200.0000,611,40.0000,15.0000,0.8333,0.5882,1.4532,0.0486,3,0.535714
2025-W47,BEST,4457,2025-11-19 12:44:56,2025-11-19 12:45:03,LONG,24613.0000,24623.2500,REVERSAL,0,1,41.0000,205.0000,187,41.0000,3.0000,0.1818,1.4865,1.2057,-0.0849,1,-0.803571
2025-W47,BEST,4458,2025-11-19 12:45:03,2025-11-19 12:45:21,SHORT,24623.2500,24613.2500,REVERSAL,0,1,40.0000,200.0000,329,40.0000,22.0000,0.0727,1.4865,1.2057,0.0849,2,0.803571
2025-W47,BEST,4459,2025-11-19 12:46:09,2025-11-19 12:46:13,SHORT,24608.0000,24598.0000,REVERSAL,0,1,40.0000,200.0000,126,40.0000,4.0000,0.2241,0.6237,1.6795,-0.3227,1,-3.833333
2025-W47,BEST,4460,2025-11-19 12:46:13,2025-11-19 12:46:37,LONG,24598.0000,24598.0000,REVERSAL,1,2,42.0000,210.0000,387,24.0000,42.0000,0.0862,0.6237,1.6795,0.3227,2,3.833333
2025-W47,BEST,4461,2025-11-19 12:46:37,2025-11-19 12:47:09,SHORT,24598.0000,24598.2500,REVERSAL,1,2,39.0000,195.0000,444,19.5000,41.0000,0.3478,1.0781,1.0908,0.0794,2,0.205882
2025-W47,BEST,4462,2025-11-19 12:47:48,2025-11-19 12:48:03,SHORT,24623.5000,24613.0000,REVERSAL,0,1,42.0000,210.0000,276,42.0000,16.0000,0.1406,1.0323,0.9654,-0.0888,1,-0.514706
2025-W47,BEST,4463,2025-11-19 12:48:56,2025-11-19 12:49:01,LONG,24594.2500,24604.7500,REVERSAL,0,1,42.0000,210.0000,63,42.0000,0.0000,0.2881,1.3111,0.9440,-0.1315,0,-0.380435
2025-W47,BEST,4464,2025-11-19 12:49:01,2025-11-19 12:49:37,SHORT,24604.7500,24594.5000,REVERSAL,0,1,41.0000,205.0000,586,41.0000,38.0000,0.0000,1.3111,0.9440,0.1315,3,0.380435
2025-W47,BEST,4465,2025-11-19 12:51:07,2025-11-19 12:51:10,SHORT,24621.7500,24611.7500,REVERSAL,0,1,40.0000,200.0000,71,40.0000,1.0000,0.3051,2.1852,1.2613,-0.0692,0,-0.105263
2025-W47,BEST,4466,2025-11-19 12:51:10,2025-11-19 12:51:19,LONG,24611.7500,24621.7500,REVERSAL,0,1,40.0000,200.0000,182,40.0000,13.0000,0.0169,2.1852,1.2613,0.0692,3,0.105263
2025-W47,BEST,4467,2025-11-19 12:51:23,2025-11-19 12:52:01,LONG,24625.2500,24635.2500,REVERSAL,0,1,40.0000,200.0000,453,40.0000,22.0000,-0.0238,1.1053,0.9045,0.6030,1,-0.125000
2025-W47,BEST,4468,2025-11-19 12:53:12,2025-11-19 12:53:40,SHORT,24650.0000,24640.0000,REVERSAL,0,1,40.0000,200.0000,574,40.0000,8.0000,0.1633,1.2895,0.9463,-0.2595,0,-0.275000
2025-W47,BEST,4469,2025-11-19 12:54:10,2025-11-19 12:54:34,SHORT,24641.0000,24631.0000,REVERSAL,0,1,40.0000,200.0000,473,40.0000,38.0000,0.0909,0.9362,1.3385,0.1236,2,0.275000
2025-W47,BEST,4470,2025-11-19 12:55:20,2025-11-19 12:55:34,SHORT,24651.7500,24641.7500,REVERSAL,0,1,40.0000,200.0000,257,40.0000,9.0000,0.0208,0.9600,1.0119,-0.2996,0,-0.544118
2025-W47,BEST,4471,2025-11-19 12:56:40,2025-11-19 12:57:08,LONG,24638.0000,24648.0000,REVERSAL,0,1,40.0000,200.0000,322,40.0000,39.0000,0.6000,0.8462,1.4387,-0.3436,1,-0.472222
2025-W47,BEST,4472,2025-11-19 12:57:27,2025-11-19 12:58:03,LONG,24646.5000,24625.7500,HARD_STOP,1,2,-123.0000,-615.0000,413,11.0000,61.5000,0.4384,1.1774,1.1523,0.0623,2,0.350000
2025-W47,BEST,4473,2025-11-19 13:01:00,2025-11-19 13:01:16,SHORT,24645.7500,24635.7500,REVERSAL,0,1,40.0000,200.0000,218,40.0000,7.0000,0.1628,0.8431,0.9216,-0.2093,0,-0.352941
2025-W47,BEST,4474,2025-11-19 13:01:16,2025-11-19 13:01:42,LONG,24635.7500,24645.7500,REVERSAL,0,1,40.0000,200.0000,171,40.0000,11.0000,-0.0930,0.8431,0.9216,0.2093,3,0.352941
2025-W47,BEST,4475,2025-11-19 13:05:03,2025-11-19 13:05:10,SHORT,24667.2500,24657.0000,REVERSAL,0,1,41.0000,205.0000,109,41.0000,0.0000,0.0930,1.1622,1.0554,-0.1094,1,-0.437500
2025-W47,BEST,4476,2025-11-19 13:05:10,2025-11-19 13:06:07,LONG,24657.0000,24657.2500,REVERSAL,1,2,42.0000,210.0000,912,21.0000,40.0000,-0.0465,1.1622,1.0554,0.1094,2,0.437500
2025-W47,BEST,4477,2025-11-19 13:09:37,2025-11-19 13:10:02,SHORT,24650.2500,24640.2500,REVERSAL,0,1,40.0000,200.0000,395,40.0000,22.0000,0.6098,1.0250,1.0125,-0.2239,2,0.115385
2025-W47,BEST,4478,2025-11-19 13:12:12,2025-11-19 13:13:08,SHORT,24657.7500,24678.2500,HARD_STOP,1,2,-122.0000,-610.0000,642,11.0000,61.0000,0.9231,1.0400,1.7700,0.3234,3,2.000000
2025-W47,BEST,4479,2025-11-19 13:14:19,2025-11-19 13:14:43,LONG,24659.0000,24669.2500,REVERSAL,0,1,41.0000,205.0000,331,41.0000,12.0000,0.3158,1.2128,1.0260,-0.4981,0,-1.850000
2025-W47,BEST,4480,2025-11-19 13:15:52,2025-11-19 13:16:02,LONG,24647.2500,24657.2500,REVERSAL,0,1,40.0000,200.0000,137,40.0000,9.0000,0.3750,0.4762,0.9622,-0.2769,1,-0.458333
2025-W47,BEST,4481,2025-11-19 13:16:02,2025-11-19 13:16:12,SHORT,24657.2500,24647.2500,REVERSAL,0,1,40.0000,200.0000,139,40.0000,3.0000,-0.3750,0.4762,0.9622,0.2769,2,0.458333
2025-W47,BEST,4482,2025-11-19 13:17:33,2025-11-19 13:18:30,LONG,24648.2500,24628.2500,HARD_STOP,1,2,-120.0000,-600.0000,789,7.0000,60.0000,0.6949,1.0926,1.2213,0.1986,2,0.269231
2025-W47,BEST,4483,2025-11-19 13:18:38,2025-11-19 13:19:06,SHORT,24636.7500,24626.7500,REVERSAL,0,1,40.0000,200.0000,391,40.0000,14.0000,0.4808,1.2683,1.0069,0.1973,3,0.296875
2025-W47,BEST,4484,2025-11-19 13:20:45,2025-11-19 13:21:39,SHORT,24641.5000,24661.5000,HARD_STOP,1,2,-120.0000,-600.0000,573,7.0000,60.0000,0.5714,0.8909,1.1330,-0.1395,1,0.205882
2025-W47,BEST,4485,2025-11-19 13:26:20,2025-11-19 13:26:29,LONG,24643.2500,24653.2500,REVERSAL,0,1,40.0000,200.0000,77,40.0000,5.0000,0.0769,0.6290,1.0191,-0.0472,1,-0.262500
2025-W47,BEST,4486,2025-11-19 13:26:29,2025-11-19 13:26:54,SHORT,24653.2500,24643.2500,REVERSAL,0,1,40.0000,200.0000,216,40.0000,11.0000,-0.1026,0.6290,1.0191,0.0472,2,0.262500
2025-W47,BEST,4487,2025-11-19 13:33:00,2025-11-19 13:34:04,LONG,24613.2500,24623.2500,REVERSAL,0,1,40.0000,200.0000,657,40.0000,23.0000,0.1042,1.2973,1.0598,0.0415,0,-0.146552
2025-W47,BEST,4488,2025-11-19 13:35:57,2025-11-19 13:36:50,SHORT,24649.7500,24669.7500,HARD_STOP,1,2,-120.0000,-600.0000,683,13.0000,60.0000,0.3448,0.5686,0.8387,-0.3876,0,-0.437500
2025-W47,BEST,4489,2025-11-19 13:39:32,2025-11-19 13:39:37,LONG,24663.2500,24673.2500,REVERSAL,0,1,40.0000,200.0000,250,40.0000,16.0000,-0.0526,0.7755,0.7766,0.0522,0,-0.281250
2025-W47,BEST,4490,2025-11-19 13:40:01,2025-11-19 13:40:16,SHORT,24684.0000,24673.7500,REVERSAL,0,1,41.0000,205.0000,193,41.0000,13.0000,0.0435,0.8364,1.1419,0.0072,1,-0.468750
2025-W47,BEST,4491,2025-11-19 13:40:16,2025-11-19 13:41:33,LONG,24673.7500,24674.0000,REVERSAL,1,2,42.0000,210.0000,1150,21.0000,55.0000,0.0652,0.8364,1.1419,-0.0072,2,0.468750
2025-W47,BEST,4492,2025-11-19 13:45:35,2025-11-19 13:47:04,LONG,24621.0000,24631.0000,REVERSAL,0,1,40.0000,200.0000,1015,40.0000,27.0000,0.1458,1.0435,0.9325,-0.0902,0,-0.208333
2025-W47,BEST,4493,2025-11-19 13:49:11,2025-11-19 13:49:33,LONG,24605.0000,24615.0000,REVERSAL,0,1,40.0000,200.0000,246,40.0000,3.0000,0.0976,1.0513,0.8352,-0.2283,0,-0.775000
2025-W47,BEST,4494,2025-11-19 13:49:33,2025-11-19 13:49:45,SHORT,24615.0000,24605.0000,REVERSAL,0,1,40.0000,200.0000,151,40.0000,0.0000,-0.0732,1.0513,0.8352,0.2283,3,0.775000
2025-W47,BEST,4495,2025-11-19 13:52:13,2025-11-19 13:53:22,SHORT,24664.0000,24664.0000,REVERSAL,1,2,40.0000,200.0000,827,27.0000,40.0000,0.2642,1.1778,0.9014,-0.1200,0,-0.345238
2025-W47,BEST,4496,2025-11-19 13:58:01,2025-11-19 13:59:06,SHORT,24693.7500,24683.5000,REVERSAL,0,1,41.0000,205.0000,612,41.0000,30.0000,0.8421,0.9500,0.9878,0.0112,2,0.170000
2025-W47,BEST,4497,2025-11-19 14:00:51,2025-11-19 14:01:23,LONG,24667.5000,24677.7500,REVERSAL,0,1,41.0000,205.0000,447,41.0000,12.0000,0.9091,1.4474,1.2515,0.0588,2,0.519231
2025-W47,BEST,4498,2025-11-19 14:01:31,2025-11-19 14:01:53,LONG,24670.0000,24670.2500,REVERSAL,1,2,42.0000,210.0000,290,21.0000,40.0000,0.3548,1.3191,1.0868,0.0472,2,0.556818
2025-W47,BEST,4499,2025-11-19 14:03:50,2025-11-19 14:04:00,LONG,24654.2500,24664.2500,REVERSAL,0,1,40.0000,200.0000,129,40.0000,5.0000,0.4242,0.5789,0.8077,0.0075,1,-0.375000
2025-W47,BEST,4500,2025-11-19 14:04:00,2025-11-19 14:04:18,SHORT,24664.2500,24653.5000,REVERSAL,0,1,43.0000,215.0000,236,43.0000,2.0000,-0.6364,0.5789,0.8077,-0.0075,2,0.375000
2025-W47,BEST,4501,2025-11-19 14:08:00,2025-11-19 14:08:23,LONG,24640.0000,24650.0000,REVERSAL,0,1,40.0000,200.0000,272,40.0000,19.0000,0.2432,0.9250,0.9170,-0.0308,1,-0.366667
2025-W47,BEST,4502,2025-11-19 14:10:13,2025-11-19 14:11:00,LONG,24644.2500,24644.2500,REVERSAL,1,2,40.0000,200.0000,659,20.0000,40.0000,0.1351,0.5606,0.9824,-0.3308,0,-0.475000
2025-W47,BEST,4503,2025-11-19 14:11:00,2025-11-19 14:13:21,SHORT,24644.2500,24665.0000,HARD_STOP,1,2,-123.0000,-615.0000,1528,35.0000,61.5000,0.2963,1.6364,1.2641,0.2062,2,0.383929
2025-W47,BEST,4504,2025-11-19 14:28:29,2025-11-19 14:29:00,LONG,24598.0000,24597.7500,REVERSAL,1,2,39.0000,195.0000,343,19.5000,41.0000,0.7424,1.9412,1.4300,-0.0897,2,0.382353
2025-W47,BEST,4505,2025-11-19 14:29:48,2025-11-19 14:30:42,SHORT,24597.0000,24617.2500,HARD_STOP,1,2,-122.0000,-610.0000,1131,37.0000,61.0000,-0.0256,0.7959,0.9306,0.0190,2,-0.211538
2025-W47,BEST,4506,2025-11-19 14:32:03,2025-11-19 14:32:17,LONG,24587.5000,24597.5000,REVERSAL,0,1,40.0000,200.0000,152,40.0000,0.0000,0.0000,1.4706,0.9650,-0.1636,0,-0.384615
2025-W47,BEST,4507,2025-11-19 14:32:17,2025-11-19 14:32:55,SHORT,24597.5000,24587.5000,REVERSAL,0,1,40.0000,200.0000,363,40.0000,30.0000,0.2000,1.4706,0.9650,0.1636,3,0.384615
2025-W47,BEST,4508,2025-11-19 14:38:42,2025-11-19 14:39:17,LONG,24588.5000,24588.7500,REVERSAL,1,2,42.0000,210.0000,309,21.0000,40.0000,0.9184,0.8750,1.2153,-0.0822,2,0.103448
2025-W47,BEST,4509,2025-11-19 14:40:34,2025-11-19 14:41:08,SHORT,24584.7500,24574.5000,REVERSAL,0,1,41.0000,205.0000,319,41.0000,27.0000,0.3488,0.8113,1.1219,0.0075,1,-0.108696
2025-W47,BEST,4510,2025-11-19 14:45:25,2025-11-19 14:45:32,SHORT,24608.5000,24598.5000,REVERSAL,0,1,40.0000,200.0000,112,40.0000,2.0000,0.0000,0.5789,0.8077,-0.1760,0,-0.323529
2025-W47,BEST,4511,2025-11-19 14:45:32,2025-11-19 14:46:13,LONG,24598.5000,24598.5000,REVERSAL,1,2,40.0000,200.0000,569,38.0000,40.0000,-0.2121,0.5789,0.8077,0.1760,2,0.323529
2025-W47,BEST,4512,2025-11-19 14:54:31,2025-11-19 14:55:14,SHORT,24676.5000,24696.5000,HARD_STOP,1,2,-120.0000,-600.0000,849,19.0000,60.0000,0.7742,0.5345,1.0510,-0.0593,0,-0.062500
2025-W47,BEST,4513,2025-11-19 14:56:00,2025-11-19 14:56:13,SHORT,24692.0000,24682.0000,REVERSAL,0,1,40.0000,200.0000,293,40.0000,26.0000,0.3548,0.6889,0.7944,-0.0504,1,-0.200000
2025-W47,BEST,4514,2025-11-19 14:57:01,2025-11-19 14:57:11,SHORT,24687.5000,24677.5000,REVERSAL,0,1,40.0000,200.0000,126,40.0000,4.0000,0.3621,2.0714,1.2615,-0.1318,1,-0.583333
2025-W47,BEST,4515,2025-11-19 14:57:11,2025-11-19 14:57:44,LONG,24677.5000,24657.0000,HARD_STOP,1,2,-123.0000,-615.0000,564,6.0000,61.5000,-0.0517,2.0714,1.2615,0.1318,2,0.583333
2025-W47,BEST,4516,2025-11-19 15:02:39,2025-11-19 15:03:10,LONG,24651.7500,24662.0000,REVERSAL,0,1,41.0000,205.0000,260,41.0000,1.0000,0.5273,1.2500,1.0043,-0.0873,0,-0.428571
2025-W47,BEST,4517,2025-11-19 15:12:03,2025-11-19 15:13:11,SHORT,24703.5000,24693.5000,REVERSAL,0,1,40.0000,200.0000,719,40.0000,14.0000,0.0667,0.8824,1.0274,-0.2319,0,-0.395833
2025-W47,BEST,4518,2025-11-19 15:16:58,2025-11-19 15:17:21,SHORT,24748.5000,24737.7500,REVERSAL,0,1,43.0000,215.0000,452,43.0000,2.0000,0.0870,0.6571,0.9320,0.0375,0,-0.500000
2025-W47,BEST,4519,2025-11-19 15:22:33,2025-11-19 15:22:59,SHORT,24801.2500,24791.2500,REVERSAL,0,1,40.0000,200.0000,599,40.0000,9.0000,0.1892,0.9024,1.0918,-0.2432,0,-0.229167
2025-W47,BEST,4520,2025-11-19 15:23:39,2025-11-19 15:24:14,LONG,24755.5000,24755.5000,REVERSAL,1,2,40.0000,200.0000,1282,34.0000,56.0000,0.1765,0.7083,1.0208,-0.0310,0,-1.083333
2025-W47,BEST,4521,2025-11-19 15:25:48,2025-11-19 15:26:18,LONG,24746.5000,24756.5000,REVERSAL,0,1,40.0000,200.0000,496,40.0000,9.0000,-0.0682,1.7600,1.1460,-0.3955,2,-0.382353
2025-W47,BEST,4522,2025-11-19 15:28:29,2025-11-19 15:29:03,SHORT,24773.2500,24773.2500,REVERSAL,1,2,40.0000,200.0000,423,20.0000,40.0000,0.7241,0.6170,0.9269,0.0198,2,0.079545
2025-W47,BEST,4523,2025-11-19 15:32:46,2025-11-19 15:35:41,SHORT,24769.0000,24769.0000,REVERSAL,1,2,40.0000,200.0000,1894,29.0000,40.0000,0.3200,0.8197,1.4616,-0.0000,1,-0.215909
2025-W47,BEST,4524,2025-11-19 15:36:29,2025-11-19 15:37:40,SHORT,24790.7500,24810.7500,HARD_STOP,1,2,-120.0000,-600.0000,1570,38.0000,60.0000,0.6207,0.8286,0.9788,0.0149,1,0.100000
2025-W47,BEST,4525,2025-11-19 15:38:19,2025-11-19 15:38:30,SHORT,24827.0000,24817.0000,REVERSAL,0,1,40.0000,200.0000,410,40.0000,13.0000,0.2286,1.7500,1.4632,-0.1145,0,-0.400000
2025-W47,BEST,4526,2025-11-19 15:44:52,2025-11-19 15:45:39,LONG,24770.2500,24750.2500,HARD_STOP,1,2,-120.0000,-600.0000,829,4.0000,60.0000,0.9444,1.0000,0.8000,-0.0850,3,0.428571
2025-W47,BEST,4527,2025-11-19 15:46:10,2025-11-19 15:46:32,LONG,24717.5000,24728.0000,REVERSAL,0,1,42.0000,210.0000,652,42.0000,9.0000,0.1818,0.5000,1.1667,-0.2734,0,-0.750000
2025-W47,BEST,4528,2025-11-19 15:47:19,2025-11-19 15:47:36,LONG,24724.7500,24734.7500,REVERSAL,0,1,40.0000,200.0000,318,40.0000,13.0000,0.2000,1.0185,1.1843,-0.2302,1,-0.708333
2025-W47,BEST,4529,2025-11-20 09:30:03,2025-11-20 09:30:07,SHORT,25237.5000,25227.5000,REVERSAL,0,1,40.0000,200.0000,458,40.0000,19.0000,0.7797,1.9667,1.4000,-0.3910,0,
2025-W47,BEST,4530,2025-11-20 09:30:21,2025-11-20 09:30:23,LONG,25195.2500,25205.2500,REVERSAL,0,1,40.0000,200.0000,198,40.0000,10.0000,0.0714,0.3733,1.1013,-0.1188,0,-2.375000
2025-W47,BEST,4531,2025-11-20 09:30:23,2025-11-20 09:30:26,SHORT,25205.2500,25195.2500,REVERSAL,0,1,40.0000,200.0000,172,40.0000,2.0000,-0.5000,0.3733,1.1013,0.1188,3,2.375000
2025-W47,BEST,4532,2025-11-20 09:30:34,2025-11-20 09:30:42,LONG,25185.5000,25165.5000,HARD_STOP,1,2,-120.0000,-600.0000,887,18.0000,60.0000,0.1613,0.5536,1.3537,-0.0787,0,-0.666667
2025-W47,BEST,4533,2025-11-20 09:31:03,2025-11-20 09:31:04,SHORT,25208.0000,25197.5000,REVERSAL,0,1,42.0000,210.0000,99,42.0000,9.0000,0.0843,1.3833,1.6008,-0.2464,0,-8.875000
2025-W47,BEST,4534,2025-11-20 09:31:04,2025-11-20 09:31:13,LONG,25197.5000,25197.7500,REVERSAL,1,2,42.0000,210.0000,409,21.0000,40.0000,0.4096,1.3833,1.6008,0.2464,3,8.875000
2025-W47,BEST,4535,2025-11-20 09:31:58,2025-11-20 09:32:12,SHORT,25202.5000,25202.5000,REVERSAL,1,2,40.0000,200.0000,777,27.0000,49.0000,0.6667,0.6383,0.6752,0.1846,1,-0.312500
2025-W47,BEST,4536,2025-11-20 09:32:59,2025-11-20 09:33:04,SHORT,25196.5000,25185.7500,REVERSAL,0,1,43.0000,215.0000,148,43.0000,5.0000,0.3810,0.6702,1.7175,-0.0780,0,-1.041667
2025-W47,BEST,4537,2025-11-20 09:33:04,2025-11-20 09:33:35,LONG,25185.7500,25165.7500,HARD_STOP,1,2,-120.0000,-600.0000,978,33.0000,60.0000,-0.0635,0.6702,1.7175,0.0780,3,1.041667
2025-W47,BEST,4538,2025-11-20 09:33:50,2025-11-20 09:33:53,LONG,25155.0000,25165.0000,REVERSAL,0,1,40.0000,200.0000,283,40.0000,15.0000,0.0000,0.4167,0.6031,-0.2662,0,-0.900000
2025-W47,BEST,4539,2025-11-20 09:34:48,2025-11-20 09:34:53,SHORT,25201.7500,25191.2500,REVERSAL,0,1,42.0000,210.0000,159,42.0000,12.0000,0.2600,0.6579,1.4466,-0.1613,1,-1.156250
2025-W47,BEST,4540,2025-11-20 09:34:53,2025-11-20 09:35:06,LONG,25191.2500,25201.2500,REVERSAL,0,1,40.0000,200.0000,453,40.0000,19.0000,-0.1000,0.6579,1.4466,0.1613,2,1.156250
2025-W47,BEST,4541,2025-11-20 09:35:22,2025-11-20 09:35:26,SHORT,25225.0000,25215.0000,REVERSAL,0,1,40.0000,200.0000,194,40.0000,8.0000,0.2500,1.2857,0.9021,-0.2727,0,-1.250000
2025-W47,BEST,4542,2025-11-20 09:35:26,2025-11-20 09:36:05,LONG,25215.0000,25195.0000,HARD_STOP,1,2,-120.0000,-600.0000,1700,20.0000,60.0000,-0.3611,1.2857,0.9021,0.2727,3,1.250000
2025-W47,BEST,4543,2025-11-20 09:37:12,2025-11-20 09:37:16,SHORT,25225.0000,25215.0000,REVERSAL,0,1,40.0000,200.0000,162,40.0000,11.0000,0.0000,1.2623,1.3750,-0.2863,0,-3.250000
2025-W47,BEST,4544,2025-11-20 09:37:16,2025-11-20 09:37:27,LONG,25215.0000,25215.0000,REVERSAL,1,2,40.0000,200.0000,289,20.0000,41.0000,0.4805,1.2623,1.3750,0.2863,3,3.250000
2025-W47,BEST,4545,2025-11-20 09:38:41,2025-11-20 09:38:47,LONG,25195.7500,25205.7500,REVERSAL,0,1,40.0000,200.0000,268,40.0000,4.0000,0.6167,1.0526,0.9063,-0.2031,0,-0.428571
2025-W47,BEST,4546,2025-11-20 09:39:34,2025-11-20 09:39:39,LONG,25187.2500,25197.5000,REVERSAL,0,1,41.0000,205.0000,117,41.0000,10.0000,0.1636,1.1458,0.9600,-0.3221,0,-1.535714
2025-W47,BEST,4547,2025-11-20 09:39:39,2025-11-20 09:40:00,SHORT,25197.5000,25218.0000,HARD_STOP,1,2,-124.0000,-620.0000,588,4.0000,62.0000,0.0909,1.1458,0.9600,0.3221,3,1.535714
2025-W47,BEST,4548,2025-11-20 09:41:43,2025-11-20 09:41:48,LONG,25148.7500,25158.7500,REVERSAL,0,1,40.0000,200.0000,258,40.0000,11.0000,0.2439,1.2059,1.1029,-0.3776,0,-3.625000
2025-W47,BEST,4549,2025-11-20 09:42:17,2025-11-20 09:42:27,SHORT,25185.0000,25174.7500,REVERSAL,0,1,41.0000,205.0000,248,41.0000,7.0000,0.0476,0.6000,1.0609,0.0642,0,-1.062500
2025-W47,BEST,4550,2025-11-20 09:42:27,2025-11-20 09:42:29,LONG,25174.7500,25185.5000,REVERSAL,0,1,43.0000,215.0000,30,43.0000,0.0000,-0.0238,0.6000,1.0609,-0.0642,3,1.062500
2025-W47,BEST,4551,2025-11-20 09:43:42,2025-11-20 09:44:04,SHORT,25230.2500,25220.0000,REVERSAL,0,1,41.0000,205.0000,774,41.0000,28.0000,0.8846,0.6190,1.1495,-0.0116,0,-0.150000
2025-W47,BEST,4552,2025-11-20 09:45:02,2025-11-20 09:45:05,SHORT,25217.7500,25207.7500,REVERSAL,0,1,40.0000,200.0000,210,40.0000,13.0000,0.1111,0.9574,0.8984,-0.2191,1,-2.875000
2025-W47,BEST,4553,2025-11-20 09:45:05,2025-11-20 09:45:28,LONG,25207.7500,25187.2500,HARD_STOP,1,2,-123.0000,-615.0000,1126,21.0000,61.5000,0.0000,0.9574,0.8984,0.2191,2,2.875000
2025-W47,BEST,4554,2025-11-20 09:45:57,2025-11-20 09:46:02,SHORT,25200.0000,25190.0000,REVERSAL,0,1,40.0000,200.0000,201,40.0000,23.0000,0.0952,1.3125,1.0926,-0.5000,1,-2.125000
2025-W47,BEST,4555,2025-11-20 09:46:02,2025-11-20 09:46:03,LONG,25190.0000,25200.0000,REVERSAL,0,1,40.0000,200.0000,72,40.0000,11.0000,0.2698,1.3125,1.0926,0.5000,2,2.125000
2025-W47,BEST,4556,2025-11-20 09:46:47,2025-11-20 09:46:52,LONG,25190.0000,25200.0000,REVERSAL,0,1,40.0000,200.0000,158,40.0000,17.0000,0.1493,1.5227,1.0712,-0.2132,1,-2.107143
2025-W47,BEST,4557,2025-11-20 09:46:52,2025-11-20 09:47:08,SHORT,25200.0000,25220.0000,HARD_STOP,1,2,-120.0000,-600.0000,599,12.0000,60.0000,0.2537,1.5227,1.0712,0.2132,2,2.107143
2025-W47,BEST,4558,2025-11-20 09:48:01,2025-11-20 09:48:07,SHORT,25264.0000,25254.0000,REVERSAL,0,1,40.0000,200.0000,394,40.0000,16.0000,0.4706,1.2593,0.9511,-0.5120,0,-4.500000
2025-W47,BEST,4559,2025-11-20 09:48:19,2025-11-20 09:48:37,SHORT,25253.5000,25243.5000,REVERSAL,0,1,40.0000,200.0000,424,40.0000,26.0000,0.1304,1.1795,1.2862,0.1635,3,0.218750
2025-W47,BEST,4560,2025-11-20 09:49:22,2025-11-20 09:49:45,LONG,25229.5000,25209.5000,HARD_STOP,1,2,-120.0000,-600.0000,928,35.0000,60.0000,0.0000,1.7500,1.2652,-0.0448,0,-0.833333
2025-W47,BEST,4561,2025-11-20 09:49:53,2025-11-20 09:49:55,LONG,25202.7500,25213.0000,REVERSAL,0,1,41.0000,205.0000,184,41.0000,16.0000,0.1897,1.0545,1.2912,-0.2558,0,-0.916667
2025-W47,BEST,4562,2025-11-20 09:49:55,2025-11-20 09:50:05,SHORT,25213.0000,25233.0000,HARD_STOP,1,2,-120.0000,-600.0000,635,7.0000,60.0000,0.1034,1.0545,1.2912,0.2558,3,0.916667
2025-W47,BEST,4563,2025-11-20 09:50:16,2025-11-20 09:50:29,SHORT,25243.5000,25233.2500,REVERSAL,0,1,41.0000,205.0000,464,41.0000,7.0000,0.1389,0.7059,1.1029,0.0709,0,-1.450000
2025-W47,BEST,4564,2025-11-20 09:50:36,2025-11-20 09:50:55,LONG,25223.0000,25233.0000,REVERSAL,0,1,40.0000,200.0000,519,40.0000,35.0000,0.2264,0.9815,1.5707,-0.1630,0,-1.464286
2025-W47,BEST,4565,2025-11-20 09:51:42,2025-11-20 09:52:00,SHORT,25250.0000,25240.0000,REVERSAL,0,1,40.0000,200.0000,442,40.0000,14.0000,0.4444,0.6081,1.2528,-0.0305,1,0.416667
2025-W47,BEST,4566,2025-11-20 09:52:24,2025-11-20 09:52:53,LONG,25230.0000,25230.0000,REVERSAL,1,2,40.0000,200.0000,1281,31.0000,40.0000,0.0000,1.5625,1.1533,0.0476,0,-0.791667
2025-W47,BEST,4567,2025-11-20 09:53:24,2025-11-20 09:53:30,SHORT,25248.2500,25238.0000,REVERSAL,0,1,41.0000,205.0000,162,41.0000,7.0000,0.5000,1.2432,1.0421,-0.1957,1,-1.312500
2025-W47,BEST,4568,2025-11-20 09:53:30,2025-11-20 09:53:31,LONG,25238.0000,25248.0000,REVERSAL,0,1,40.0000,200.0000,34,40.0000,0.0000,-0.3913,1.2432,1.0421,0.1957,2,1.312500
2025-W47,BEST,4569,2025-11-20 09:53:31,2025-11-20 09:53:33,SHORT,25248.0000,25237.5000,REVERSAL,0,1,42.0000,210.0000,100,42.0000,1.0000,0.5217,1.2432,1.0421,-0.1957,1,-1.312500
2025-W47,BEST,4570,2025-11-20 09:54:01,2025-11-20 09:54:10,SHORT,25257.5000,25247.2500,REVERSAL,0,1,41.0000,205.0000,217,41.0000,0.0000,0.1304,0.7419,1.0599,-0.1559,1,-0.611111
2025-W47,BEST,4571,2025-11-20 09:54:10,2025-11-20 09:54:32,LONG,25247.2500,25248.0000,REVERSAL,1,2,46.0000,230.0000,598,25.0000,40.0000,-0.0217,0.7419,1.0599,0.1559,2,0.611111
2025-W47,BEST,4572,2025-11-20 09:55:53,2025-11-20 09:56:01,LONG,25251.5000,25261.5000,REVERSAL,0,1,40.0000,200.0000,246,40.0000,26.0000,0.2344,1.5610,1.5397,-0.1474,2,-1.300000
2025-W47,BEST,4573,2025-11-20 09:56:01,2025-11-20 09:56:18,SHORT,25261.5000,25281.5000,HARD_STOP,1,2,-120.0000,-600.0000,1176,7.0000,60.0000,0.1406,1.5610,1.5397,0.1474,1,1.300000
2025-W47,BEST,4574,2025-11-20 09:56:38,2025-11-20 09:57:08,SHORT,25287.2500,25277.2500,REVERSAL,0,1,40.0000,200.0000,1350,40.0000,17.0000,0.0811,1.0278,0.8353,-0.3490,1,-1.750000
2025-W47,BEST,4575,2025-11-20 09:59:37,2025-11-20 09:59:59,LONG,25264.7500,25275.0000,REVERSAL,0,1,41.0000,205.0000,415,41.0000,9.0000,0.6724,1.4146,1.0941,-0.2218,0,-0.800000
2025-W47,BEST,4576,2025-11-20 10:00:21,2025-11-20 10:00:47,SHORT,25292.5000,25282.5000,REVERSAL,0,1,40.0000,200.0000,687,40.0000,17.0000,0.8788,0.8919,1.5342,0.0171,1,-0.071429
2025-W47,BEST,4577,2025-11-20 10:01:46,2025-11-20 10:02:13,SHORT,25296.2500,25286.0000,REVERSAL,0,1,41.0000,205.0000,784,41.0000,9.0000,0.2222,1.2414,0.9292,0.0144,0,-0.700000
2025-W47,BEST,4578,2025-11-20 10:02:50,2025-11-20 10:03:33,LONG,25267.0000,25267.0000,REVERSAL,1,2,40.0000,200.0000,1386,34.0000,40.0000,0.7188,0.7805,1.1787,-0.0308,1,-0.285714
2025-W47,BEST,4579,2025-11-20 10:03:50,2025-11-20 10:03:59,SHORT,25283.2500,25273.2500,REVERSAL,0,1,40.0000,200.0000,376,40.0000,16.0000,0.0278,0.6000,0.9667,-0.0391,0,-0.650000
2025-W47,BEST,4580,2025-11-20 10:05:28,2025-11-20 10:05:28,LONG,25231.7500,25243.2500,REVERSAL,0,1,46.0000,230.0000,2,46.0000,0.0000,-0.0123,3.2400,1.8917,-0.9100,0,
2025-W47,BEST,4581,2025-11-20 10:05:28,2025-11-20 10:05:43,SHORT,25243.2500,25233.2500,REVERSAL,0,1,40.0000,200.0000,813,40.0000,37.0000,0.4444,3.2400,1.8917,0.9100,3,
2025-W47,BEST,4582,2025-11-20 10:05:59,2025-11-20 10:06:02,SHORT,25239.7500,25229.7500,REVERSAL,0,1,40.0000,200.0000,143,40.0000,4.0000,0.2963,2.0769,1.3635,-0.2500,2,-1.250000
2025-W47,BEST,4583,2025-11-20 10:06:02,2025-11-20 10:06:17,LONG,25229.7500,25239.7500,REVERSAL,0,1,40.0000,200.0000,499,40.0000,11.0000,-0.0370,2.0769,1.3635,0.2500,1,1.250000
2025-W47,BEST,4584,2025-11-20 10:06:58,2025-11-20 10:07:10,LONG,25216.5000,25196.5000,HARD_STOP,1,2,-120.0000,-600.0000,694,15.0000,60.0000,0.8537,1.4138,0.9705,0.0472,2,1.031250
2025-W47,BEST,4585,2025-11-20 10:08:17,2025-11-20 10:08:23,LONG,25187.0000,25197.2500,REVERSAL,0,1,41.0000,205.0000,363,41.0000,2.0000,0.2759,0.8529,0.7665,-0.0787,0,-0.916667
2025-W47,BEST,4586,2025-11-20 10:09:17,2025-11-20 10:09:45,SHORT,25200.2500,25190.2500,REVERSAL,0,1,40.0000,200.0000,607,40.0000,18.0000,0.0513,0.8667,1.0762,-0.2171,1,-0.400000
2025-W47,BEST,4587,2025-11-20 10:11:00,2025-11-20 10:11:16,LONG,25199.7500,25209.7500,REVERSAL,0,1,40.0000,200.0000,418,40.0000,34.0000,0.0233,0.5513,1.2042,-0.1779,2,0.020833
2025-W47,BEST,4588,2025-11-20 10:14:32,2025-11-20 10:14:35,LONG,25161.0000,25171.0000,REVERSAL,0,1,40.0000,200.0000,241,40.0000,5.0000,-0.0238,0.9333,1.3667,-0.2210,0,-3.166667
2025-W47,BEST,4589,2025-11-20 10:14:35,2025-11-20 10:15:01,SHORT,25171.0000,25171.0000,REVERSAL,1,2,40.0000,200.0000,852,20.0000,57.0000,0.0714,0.9333,1.3667,0.2210,3,3.166667
2025-W47,BEST,4590,2025-11-20 10:15:05,2025-11-20 10:15:20,SHORT,25179.2500,25179.2500,REVERSAL,1,2,40.0000,200.0000,448,20.0000,40.0000,-0.2500,0.5161,0.7925,0.3004,2,1.000000
2025-W47,BEST,4591,2025-11-20 10:16:31,2025-11-20 10:16:41,LONG,25162.0000,25172.2500,REVERSAL,0,1,41.0000,205.0000,415,41.0000,21.0000,0.3939,0.5156,0.9689,-0.0428,0,-0.375000
2025-W47,BEST,4592,2025-11-20 10:19:38,2025-11-20 10:20:18,SHORT,25207.7500,25207.7500,REVERSAL,1,2,40.0000,200.0000,843,20.0000,43.0000,0.9800,0.7246,1.6401,-0.0717,2,0.916667
2025-W47,BEST,4593,2025-11-20 10:21:28,2025-11-20 10:21:33,LONG,25204.7500,25214.7500,REVERSAL,0,1,40.0000,200.0000,85,40.0000,4.0000,0.4754,0.7922,1.0072,-0.0071,1,0.568182
2025-W47,BEST,4594,2025-11-20 10:21:33,2025-11-20 10:21:40,SHORT,25214.7500,25204.7500,REVERSAL,0,1,40.0000,200.0000,81,40.0000,7.0000,-0.1311,0.7922,1.0072,0.0071,2,-0.568182
2025-W47,BEST,4595,2025-11-20 10:21:40,2025-11-20 10:21:46,LONG,25204.7500,25204.2500,REVERSAL,1,2,38.0000,190.0000,242,19.0000,42.0000,0.4754,0.7922,1.0072,-0.0071,1,0.568182
2025-W47,BEST,4596,2025-11-20 10:23:31,2025-11-20 10:24:00,SHORT,25251.0000,25241.0000,REVERSAL,0,1,40.0000,200.0000,661,40.0000,6.0000,0.8095,0.5122,0.7328,-0.1871,0,-0.125000
2025-W47,BEST,4597,2025-11-20 10:24:26,2025-11-20 10:25:00,SHORT,25257.5000,25247.5000,REVERSAL,0,1,40.0000,200.0000,864,40.0000,14.0000,0.1875,1.3333,1.0417,-0.0522,0,-0.305556
2025-W47,BEST,4598,2025-11-20 10:25:46,2025-11-20 10:25:48,SHORT,25249.7500,25239.7500,REVERSAL,0,1,40.0000,200.0000,71,40.0000,0.0000,0.0833,0.5625,1.1955,0.0514,0,-0.288462
2025-W47,BEST,4599,2025-11-20 10:25:48,2025-11-20 10:26:02,LONG,25239.7500,25249.7500,REVERSAL,0,1,40.0000,200.0000,214,40.0000,20.0000,-0.1944,0.5625,1.1955,-0.0514,3,0.288462
2025-W47,BEST,4600,2025-11-20 10:26:14,2025-11-20 10:26:26,LONG,25237.0000,25247.0000,REVERSAL,0,1,40.0000,200.0000,230,40.0000,11.0000,-0.0400,0.8333,1.2500,0.0791,1,-0.517857
2025-W47,BEST,4601,2025-11-20 10:26:26,2025-11-20 10:27:03,SHORT,25247.0000,25247.0000,REVERSAL,1,2,41.0000,205.0000,1071,20.5000,41.0000,0.2400,0.8333,1.2500,-0.0791,2,0.517857
2025-W47,BEST,4602,2025-11-20 10:28:17,2025-11-20 10:28:25,LONG,25242.5000,25253.2500,REVERSAL,0,1,43.0000,215.0000,110,43.0000,2.0000,0.4127,1.2600,1.1300,-0.2121,1,-0.516667
2025-W47,BEST,4603,2025-11-20 10:28:25,2025-11-20 10:28:38,SHORT,25253.2500,25243.2500,REVERSAL,0,1,40.0000,200.0000,197,40.0000,15.0000,-0.0952,1.2600,1.1300,0.2121,2,0.516667
2025-W47,BEST,4604,2025-11-20 10:29:13,2025-11-20 10:29:33,SHORT,25264.7500,25254.7500,REVERSAL,0,1,40.0000,200.0000,411,40.0000,14.0000,0.0000,1.3243,1.0112,-0.0719,0,-0.312500
2025-W47,BEST,4605,2025-11-20 10:29:55,2025-11-20 10:30:51,SHORT,25261.7500,25261.7500,REVERSAL,1,2,40.0000,200.0000,1404,23.0000,40.0000,0.2830,1.5588,1.1264,0.1594,2,0.430556
2025-W47,BEST,4606,2025-11-20 10:31:09,2025-11-20 10:31:20,LONG,25257.0000,25267.0000,REVERSAL,0,1,40.0000,200.0000,217,40.0000,8.0000,0.2308,1.4054,1.1652,-0.2000,1,-0.694444
2025-W47,BEST,4607,2025-11-20 10:31:20,2025-11-20 10:32:48,SHORT,25267.0000,25267.0000,REVERSAL,1,2,40.0000,200.0000,2177,30.0000,40.0000,0.0000,1.4054,1.1652,0.2000,2,0.694444
2025-W47,BEST,4608,2025-11-20 10:34:37,2025-11-20 10:36:14,SHORT,25262.5000,25282.5000,HARD_STOP,1,2,-120.0000,-600.0000,1884,24.0000,60.0000,0.2500,1.1000,0.9944,-0.1615,0,-0.388889
2025-W47,BEST,4609,2025-11-20 10:38:00,2025-11-20 10:38:17,SHORT,25309.7500,25299.7500,REVERSAL,0,1,40.0000,200.0000,382,40.0000,1.0000,0.0000,0.9200,0.9230,-0.1364,1,-0.333333
2025-W47,BEST,4610,2025-11-20 10:38:47,2025-11-20 10:38:56,LONG,25280.5000,25290.5000,REVERSAL,0,1,40.0000,200.0000,261,40.0000,0.0000,0.1750,0.8696,0.9824,-0.2164,0,-0.833333
2025-W47,BEST,4611,2025-11-20 10:42:16,2025-11-20 10:42:42,SHORT,25286.0000,25276.0000,REVERSAL,0,1,40.0000,200.0000,484,40.0000,26.0000,0.1429,0.6222,0.8736,0.1893,1,0.089286
2025-W47,BEST,4612,2025-11-20 10:42:46,2025-11-20 10:44:38,SHORT,25285.5000,25305.7500,HARD_STOP,1,2,-121.0000,-605.0000,1899,9.0000,60.5000,0.0889,1.5517,1.2937,0.1460,2,0.455882
2025-W47,BEST,4613,2025-11-20 10:46:52,2025-11-20 10:47:03,LONG,25266.2500,25276.2500,REVERSAL,0,1,40.0000,200.0000,336,40.0000,18.0000,0.5600,0.8621,0.8126,-0.1564,1,-0.343750
2025-W47,BEST,4614,2025-11-20 10:47:16,2025-11-20 10:48:16,LONG,25269.7500,25249.5000,HARD_STOP,1,2,-120.0000,-600.0000,1438,31.0000,60.0000,0.0000,1.0526,1.2863,0.0827,2,0.593750
2025-W47,BEST,4615,2025-11-20 10:49:22,2025-11-20 10:49:40,SHORT,25243.7500,25233.7500,REVERSAL,0,1,40.0000,200.0000,355,40.0000,1.0000,0.0000,0.9000,0.8912,-0.1846,1,-0.613636
2025-W47,BEST,4616,2025-11-20 10:50:00,2025-11-20 10:50:46,LONG,25226.2500,25236.2500,REVERSAL,0,1,40.0000,200.0000,1726,40.0000,26.0000,0.0000,0.9688,0.9415,-0.2520,0,-1.250000
2025-W47,BEST,4617,2025-11-20 10:51:14,2025-11-20 10:51:23,LONG,25220.0000,25230.2500,REVERSAL,0,1,41.0000,205.0000,204,41.0000,5.0000,0.0000,1.1132,1.1876,-0.0231,1,-0.700000
2025-W47,BEST,4618,2025-11-20 10:51:23,2025-11-20 10:51:56,SHORT,25230.2500,25220.2500,REVERSAL,0,1,40.0000,200.0000,503,40.0000,4.0000,0.3051,1.1132,1.1876,0.0231,2,0.700000
2025-W47,BEST,4619,2025-11-20 10:55:03,2025-11-20 10:56:35,LONG,25189.0000,25169.0000,HARD_STOP,1,2,-120.0000,-600.0000,4065,25.0000,60.0000,0.0667,1.0000,0.7586,-0.1418,0,-0.750000
2025-W47,BEST,4620,2025-11-20 10:56:50,2025-11-20 10:56:56,SHORT,25176.7500,25166.7500,REVERSAL,0,1,40.0000,200.0000,175,40.0000,1.0000,0.1765,1.3600,1.2752,-0.4275,1,-1.562500
2025-W47,BEST,4621,2025-11-20 10:56:56,2025-11-20 10:57:03,LONG,25166.7500,25177.0000,REVERSAL,0,1,41.0000,205.0000,248,41.0000,0.0000,-0.3529,1.3600,1.2752,0.4275,2,1.562500
2025-W47,BEST,4622,2025-11-20 10:57:52,2025-11-20 10:58:00,SHORT,25205.7500,25195.5000,REVERSAL,0,1,41.0000,205.0000,308,41.0000,1.0000,0.0000,0.6341,1.3960,-0.0774,0,-1.375000
2025-W47,BEST,4623,2025-11-20 10:58:07,2025-11-20 10:59:42,LONG,25177.5000,25157.5000,HARD_STOP,1,2,-120.0000,-600.0000,2781,30.0000,60.0000,0.2581,0.4493,1.1093,0.0394,0,-1.100000
2025-W47,BEST,4624,2025-11-20 11:00:57,2025-11-20 11:01:22,LONG,25129.5000,25129.2500,REVERSAL,1,2,39.0000,195.0000,1730,19.5000,52.5000,0.7143,1.1667,1.3728,0.2342,2,5.000000
2025-W47,BEST,4625,2025-11-20 11:03:12,2025-11-20 11:03:30,LONG,25118.0000,25128.0000,REVERSAL,0,1,40.0000,200.0000,492,40.0000,6.0000,-0.0286,0.8140,1.1484,-0.1504,0,-0.225000
2025-W47,BEST,4626,2025-11-20 11:07:10,2025-11-20 11:07:24,LONG,25091.0000,25101.0000,REVERSAL,0,1,40.0000,200.0000,397,40.0000,12.0000,0.0833,0.4068,1.0710,-0.0745,0,-0.187500
2025-W47,BEST,4627,2025-11-20 11:09:34,2025-11-20 11:10:01,LONG,25078.5000,25058.2500,HARD_STOP,1,2,-120.0000,-600.0000,734,14.0000,60.0000,0.8750,1.1707,1.5172,0.1385,2,1.125000
2025-W47,BEST,4628,2025-11-20 11:10:10,2025-11-20 11:10:16,LONG,25057.7500,25067.7500,REVERSAL,0,1,40.0000,200.0000,240,40.0000,5.0000,-0.2500,0.8000,1.1143,0.0566,1,0.250000
2025-W47,BEST,4629,2025-11-20 11:11:09,2025-11-20 11:11:24,LONG,25040.7500,25051.0000,REVERSAL,0,1,41.0000,205.0000,562,41.0000,0.0000,0.0833,0.8000,0.7261,-0.2351,0,-0.850000
2025-W47,BEST,4630,2025-11-20 11:11:30,2025-11-20 11:11:39,SHORT,25058.5000,25048.5000,REVERSAL,0,1,40.0000,200.0000,237,40.0000,2.0000,-0.0213,1.6207,1.3103,-0.1518,0,-1.250000
2025-W47,BEST,4631,2025-11-20 11:11:39,2025-11-20 11:11:45,LONG,25048.5000,25058.5000,REVERSAL,0,1,40.0000,200.0000,174,40.0000,0.0000,0.1702,1.6207,1.3103,0.1518,3,1.250000
2025-W47,BEST,4632,2025-11-20 11:11:57,2025-11-20 11:12:13,SHORT,25064.0000,25054.0000,REVERSAL,0,1,40.0000,200.0000,489,40.0000,4.0000,0.0465,0.9556,1.0135,-0.0379,1,-0.568182
2025-W47,BEST,4633,2025-11-20 11:12:33,2025-11-20 11:13:03,LONG,25020.0000,25030.0000,REVERSAL,0,1,40.0000,200.0000,1903,40.0000,37.0000,0.2571,1.1290,1.1181,-0.4138,0,-5.750000
2025-W47,BEST,4634,2025-11-20 11:13:21,2025-11-20 11:14:04,SHORT,25042.0000,25032.0000,REVERSAL,0,1,40.0000,200.0000,1527,40.0000,24.0000,0.3095,1.4483,1.1919,0.1241,0,-0.464286
2025-W47,BEST,4635,2025-11-20 11:14:55,2025-11-20 11:15:11,LONG,25008.7500,24988.7500,HARD_STOP,1,2,-120.0000,-600.0000,1440,13.0000,60.0000,0.4118,0.5312,0.9613,0.1137,0,-0.083333
2025-W47,BEST,4636,2025-11-20 11:15:27,2025-11-20 11:15:51,SHORT,24993.2500,24983.0000,REVERSAL,0,1,41.0000,205.0000,1125,41.0000,20.0000,0.3590,1.0263,1.3048,-0.1284,1,-0.850000
2025-W47,BEST,4637,2025-11-20 11:16:02,2025-11-20 11:16:10,LONG,24974.5000,24954.5000,HARD_STOP,1,2,-120.0000,-600.0000,958,24.0000,60.0000,0.2128,1.6207,1.1189,-0.3830,0,-3.000000
2025-W47,BEST,4638,2025-11-20 11:18:12,2025-11-20 11:18:29,SHORT,24965.5000,24985.7500,HARD_STOP,1,2,-121.0000,-605.0000,635,0.0000,60.5000,0.9375,0.4638,1.5588,0.0792,3,1.000000
2025-W47,BEST,4639,2025-11-20 11:18:52,2025-11-20 11:18:57,LONG,24932.7500,24942.7500,REVERSAL,0,1,40.0000,200.0000,355,40.0000,3.0000,0.2632,1.6522,1.0314,-0.2659,0,-3.000000
2025-W47,BEST,4640,2025-11-20 11:20:49,2025-11-20 11:20:54,SHORT,24973.0000,24962.7500,REVERSAL,0,1,41.0000,205.0000,278,41.0000,7.0000,0.0000,1.0303,0.8387,-0.2302,0,-1.350000
2025-W47,BEST,4641,2025-11-20 11:21:17,2025-11-20 11:21:26,SHORT,24966.7500,24956.0000,REVERSAL,0,1,43.0000,215.0000,372,43.0000,23.0000,0.3538,1.5854,1.1654,-0.2975,1,-2.250000
2025-W47,BEST,4642,2025-11-20 11:23:28,2025-11-20 11:23:32,LONG,24908.5000,24919.2500,REVERSAL,0,1,43.0000,215.0000,116,43.0000,0.0000,0.3778,0.9184,0.8481,-0.2824,1,-2.250000
2025-W47,BEST,4643,2025-11-20 11:23:32,2025-11-20 11:23:55,SHORT,24919.2500,24919.2500,REVERSAL,1,2,40.0000,200.0000,832,20.0000,40.0000,-0.3333,0.9184,0.8481,0.2824,2,2.250000
2025-W47,BEST,4644,2025-11-20 11:25:54,2025-11-20 11:26:08,SHORT,24924.0000,24944.5000,HARD_STOP,1,2,-123.0000,-615.0000,556,0.0000,61.5000,0.6133,2.1429,1.3288,0.2989,2,1.571429
2025-W47,BEST,4645,2025-11-20 11:26:26,2025-11-20 11:26:31,SHORT,24941.2500,24931.2500,REVERSAL,0,1,40.0000,200.0000,206,40.0000,11.0000,-0.0132,2.6207,1.5839,-0.2510,2,-2.208333
2025-W47,BEST,4646,2025-11-20 11:26:31,2025-11-20 11:26:51,LONG,24931.2500,24910.7500,HARD_STOP,1,2,-121.0000,-605.0000,1003,16.5000,60.5000,0.4868,2.6207,1.5839,0.2510,1,2.208333
2025-W47,BEST,4647,2025-11-20 11:28:04,2025-11-20 11:28:20,SHORT,24959.7500,24959.7500,REVERSAL,1,2,40.0000,200.0000,667,34.0000,40.0000,0.4324,0.7708,1.3085,0.0985,2,0.500000
2025-W47,BEST,4648,2025-11-20 11:28:28,2025-11-20 11:28:28,LONG,24952.5000,24962.7500,REVERSAL,0,1,41.0000,205.0000,61,41.0000,4.0000,0.1522,0.9787,1.2474,-0.0909,1,-0.892857
2025-W47,BEST,4649,2025-11-20 11:28:28,2025-11-20 11:28:34,SHORT,24962.7500,24952.2500,REVERSAL,0,1,42.0000,210.0000,205,42.0000,0.0000,-0.0435,0.9787,1.2474,0.0909,2,0.892857
2025-W47,BEST,4650,2025-11-20 11:28:46,2025-11-20 11:28:56,SHORT,24973.5000,24963.5000,REVERSAL,0,1,40.0000,200.0000,429,40.0000,5.0000,0.2917,0.7385,1.0915,-0.1367,0,-2.583333
2025-W47,BEST,4651,2025-11-20 11:29:04,2025-11-20 11:29:18,LONG,24928.5000,24908.5000,HARD_STOP,1,2,-120.0000,-600.0000,969,19.0000,60.0000,0.6000,0.5455,0.5622,-0.0859,0,-0.750000
2025-W47,BEST,4652,2025-11-20 11:29:23,2025-11-20 11:29:27,LONG,24898.0000,24908.0000,REVERSAL,0,1,40.0000,200.0000,221,40.0000,4.0000,0.1111,0.8780,0.8258,-0.5308,0,-7.750000
2025-W47,BEST,4653,2025-11-20 11:29:27,2025-11-20 11:30:00,SHORT,24908.0000,24898.0000,REVERSAL,0,1,40.0000,200.0000,1112,40.0000,35.0000,-0.2222,0.8780,0.8258,0.5308,3,7.750000
2025-W47,BEST,4654,2025-11-20 11:31:01,2025-11-20 11:31:05,SHORT,24923.7500,24913.0000,REVERSAL,0,1,43.0000,215.0000,184,43.0000,17.0000,0.0682,0.8302,0.9559,-0.2109,0,-0.833333
2025-W47,BEST,4655,2025-11-20 11:31:05,2025-11-20 11:31:23,LONG,24913.0000,24892.5000,HARD_STOP,1,2,-124.0000,-620.0000,512,26.0000,62.0000,-0.0455,0.8302,0.9559,0.2109,3,0.833333
2025-W47,BEST,4656,2025-11-20 11:31:35,2025-11-20 11:31:51,LONG,24865.0000,24865.2500,REVERSAL,1,2,42.0000,210.0000,937,21.0000,40.0000,0.8636,0.7097,1.1109,-0.1724,1,1.875000
2025-W47,BEST,4657,2025-11-20 11:32:00,2025-11-20 11:32:06,SHORT,24874.2500,24864.2500,REVERSAL,0,1,40.0000,200.0000,201,40.0000,12.0000,0.0541,0.8222,1.0929,-0.1504,0,-0.357143
2025-W47,BEST,4658,2025-11-20 11:32:20,2025-11-20 11:32:33,SHORT,24887.2500,24877.2500,REVERSAL,0,1,40.0000,200.0000,317,40.0000,26.0000,0.1094,1.0323,1.2722,-0.1047,1,-0.937500
2025-W47,BEST,4659,2025-11-20 11:32:47,2025-11-20 11:32:59,SHORT,24884.2500,24874.2500,REVERSAL,0,1,40.0000,200.0000,267,40.0000,8.0000,-0.0244,0.7885,0.8005,-0.1067,2,0.181818
2025-W47,BEST,4660,2025-11-20 11:34:40,2025-11-20 11:34:47,LONG,24855.2500,24867.0000,REVERSAL,0,1,47.0000,235.0000,214,47.0000,3.0000,-0.0145,1.2105,1.4195,-0.2809,0,-1.625000
2025-W47,BEST,4661,2025-11-20 11:34:47,2025-11-20 11:34:54,SHORT,24867.0000,24866.2500,REVERSAL,1,2,46.0000,230.0000,305,23.0000,40.0000,0.3333,1.2105,1.4195,0.2809,3,1.625000
2025-W47,BEST,4662,2025-11-20 11:36:28,2025-11-20 11:36:35,SHORT,24856.2500,24846.2500,REVERSAL,0,1,40.0000,200.0000,269,40.0000,1.0000,0.6094,1.5238,1.2741,-0.0930,0,-1.937500
2025-W47,BEST,4663,2025-11-20 11:37:38,2025-11-20 11:37:47,SHORT,24843.0000,24832.2500,REVERSAL,0,1,43.0000,215.0000,393,43.0000,29.0000,0.1346,1.0000,1.1047,-0.0317,0,-0.613636
2025-W47,BEST,4664,2025-11-20 11:37:53,2025-11-20 11:37:59,LONG,24812.0000,24822.2500,REVERSAL,0,1,41.0000,205.0000,232,41.0000,5.0000,0.0702,0.7703,1.1560,-0.1747,0,-4.083333
2025-W47,BEST,4665,2025-11-20 11:37:59,2025-11-20 11:38:06,SHORT,24822.2500,24812.2500,REVERSAL,0,1,40.0000,200.0000,287,40.0000,29.0000,0.2105,0.7703,1.1560,0.1747,3,4.083333
2025-W47,BEST,4666,2025-11-20 11:38:20,2025-11-20 11:38:28,LONG,24796.0000,24806.2500,REVERSAL,0,1,41.0000,205.0000,331,41.0000,11.0000,0.5143,0.7609,0.9032,-0.0177,0,-0.312500
2025-W47,BEST,4667,2025-11-20 11:39:31,2025-11-20 11:40:00,SHORT,24817.5000,24807.5000,REVERSAL,0,1,40.0000,200.0000,1226,40.0000,31.0000,-0.0556,0.9730,0.8291,0.0236,0,-1.750000
2025-W47,BEST,4668,2025-11-20 11:40:24,2025-11-20 11:40:27,SHORT,24792.5000,24781.7500,REVERSAL,0,1,43.0000,215.0000,92,43.0000,0.0000,-0.0294,2.1250,1.3087,-0.1969,1,-2.041667
2025-W47,BEST,4669,2025-11-20 11:40:27,2025-11-20 11:40:56,LONG,24781.7500,24761.7500,HARD_STOP,1,2,-120.0000,-600.0000,889,23.0000,60.0000,0.3971,2.1250,1.3087,0.1969,2,2.041667
2025-W47,BEST,4670,2025-11-20 11:42:13,2025-11-20 11:42:20,LONG,24738.2500,24748.2500,REVERSAL,0,1,40.0000,200.0000,450,40.0000,9.0000,0.0227,0.7586,0.8058,-0.2377,0,-1.812500
2025-W47,BEST,4671,2025-11-20 11:43:15,2025-11-20 11:43:17,SHORT,24793.2500,24783.0000,REVERSAL,0,1,41.0000,205.0000,106,41.0000,6.0000,0.3171,0.5467,0.8881,-0.1692,0,-1.375000
2025-W47,BEST,4672,2025-11-20 11:43:17,2025-11-20 11:43:19,LONG,24783.0000,24793.0000,REVERSAL,0,1,40.0000,200.0000,55,40.0000,0.0000,-0.3171,0.5467,0.8881,0.1692,3,1.375000
2025-W47,BEST,4673,2025-11-20 11:43:19,2025-11-20 11:43:30,SHORT,24793.0000,24783.0000,REVERSAL,0,1,40.0000,200.0000,520,40.0000,21.0000,0.3415,0.5467,0.8881,-0.1692,0,-1.375000
2025-W47,BEST,4674,2025-11-20 11:43:38,2025-11-20 11:43:40,LONG,24772.2500,24772.2500,REVERSAL,1,2,40.0000,200.0000,208,20.0000,40.0000,0.1304,0.5349,1.6112,0.0458,1,-0.500000
2025-W47,BEST,4675,2025-11-20 11:43:40,2025-11-20 11:43:54,SHORT,24772.2500,24792.2500,HARD_STOP,1,2,-120.0000,-600.0000,412,0.0000,60.0000,0.8696,0.5349,1.6112,-0.0458,2,0.500000
2025-W47,BEST,4676,2025-11-20 11:44:20,2025-11-20 11:44:24,LONG,24746.2500,24756.5000,REVERSAL,0,1,41.0000,205.0000,113,41.0000,7.0000,0.3492,1.0000,0.8424,0.0156,0,-2.562500
2025-W47,BEST,4677,2025-11-20 11:44:24,2025-11-20 11:44:42,SHORT,24756.5000,24746.2500,REVERSAL,0,1,41.0000,205.0000,524,41.0000,24.0000,0.0000,1.0000,0.8424,-0.0156,3,2.562500
2025-W47,BEST,4678,2025-11-20 11:45:10,2025-11-20 11:45:12,LONG,24713.5000,24723.5000,REVERSAL,0,1,40.0000,200.0000,248,40.0000,12.0000,0.1148,1.3261,1.1324,-0.2319,0,-2.937500
2025-W47,BEST,4679,2025-11-20 11:45:12,2025-11-20 11:45:18,SHORT,24723.5000,24744.0000,HARD_STOP,1,2,-120.0000,-600.0000,352,5.0000,60.0000,0.2295,1.3261,1.1324,0.2319,3,2.937500
2025-W47,BEST,4680,2025-11-20 11:46:48,2025-11-20 11:46:52,LONG,24724.0000,24734.0000,REVERSAL,0,1,40.0000,200.0000,202,40.0000,25.0000,0.0000,0.8571,0.8786,0.0186,1,-1.500000
2025-W47,BEST,4681,2025-11-20 11:46:52,2025-11-20 11:47:00,SHORT,24734.0000,24723.7500,REVERSAL,0,1,41.0000,205.0000,237,41.0000,11.0000,0.2593,0.8571,0.8786,-0.0186,2,1.500000
2025-W47,BEST,4682,2025-11-20 11:47:07,2025-11-20 11:47:10,LONG,24701.7500,24713.0000,REVERSAL,0,1,45.0000,225.0000,292,45.0000,0.0000,0.1220,0.6119,0.9380,-0.3474,0,-2.500000
2025-W47,BEST,4683,2025-11-20 11:47:16,2025-11-20 11:47:23,SHORT,24719.2500,24709.2500,REVERSAL,0,1,40.0000,200.0000,219,40.0000,3.0000,-0.0408,1.3611,1.1196,-0.3333,1,-1.791667
2025-W47,BEST,4684,2025-11-20 11:47:23,2025-11-20 11:47:27,LONG,24709.2500,24719.5000,REVERSAL,0,1,41.0000,205.0000,156,41.0000,22.0000,0.2245,1.3611,1.1196,0.3333,2,1.791667
2025-W47,BEST,4685,2025-11-20 11:48:27,2025-11-20 11:48:31,SHORT,24761.0000,24751.0000,REVERSAL,0,1,40.0000,200.0000,286,40.0000,19.0000,0.0000,0.8630,1.2081,-0.1166,1,-1.500000
2025-W47,BEST,4686,2025-11-20 11:49:35,2025-11-20 11:49:41,LONG,24730.2500,24740.2500,REVERSAL,0,1,40.0000,200.0000,246,40.0000,14.0000,0.2000,0.6667,0.9481,-0.0794,0,-2.062500
2025-W47,BEST,4687,2025-11-20 11:49:41,2025-11-20 11:49:52,SHORT,24740.2500,24740.2500,REVERSAL,1,2,40.0000,200.0000,443,20.0000,40.0000,0.0000,0.6667,0.9481,0.0794,3,2.062500
2025-W47,BEST,4688,2025-11-20 11:50:19,2025-11-20 11:50:46,LONG,24747.2500,24757.2500,REVERSAL,0,1,40.0000,200.0000,1105,40.0000,36.0000,0.1529,2.0732,1.4466,-0.0483,1,-1.450000
2025-W47,BEST,4689,2025-11-20 11:51:28,2025-11-20 11:51:30,SHORT,24785.7500,24775.5000,REVERSAL,0,1,41.0000,205.0000,174,41.0000,6.0000,0.0000,0.5077,1.5538,0.0171,0,-1.650000
2025-W47,BEST,4690,2025-11-20 11:51:30,2025-11-20 11:51:33,LONG,24775.5000,24785.5000,REVERSAL,0,1,40.0000,200.0000,174,40.0000,6.0000,0.3788,0.5077,1.5538,-0.0171,3,1.650000
2025-W47,BEST,4691,2025-11-20 11:54:41,2025-11-20 11:54:52,LONG,24640.5000,24640.0000,REVERSAL,1,2,38.0000,190.0000,797,23.0000,42.0000,0.0789,0.5278,1.1639,0.0403,0,-2.000000
2025-W47,BEST,4692,2025-11-20 11:55:17,2025-11-20 11:55:24,SHORT,24653.2500,24643.0000,REVERSAL,0,1,41.0000,205.0000,217,41.0000,8.0000,0.4545,0.9322,1.4494,0.1542,1,-0.312500
2025-W47,BEST,4693,2025-11-20 11:55:24,2025-11-20 11:55:34,LONG,24643.0000,24623.0000,HARD_STOP,1,2,-120.0000,-600.0000,590,30.0000,60.0000,-0.2000,0.9322,1.4494,-0.1542,2,0.312500
2025-W47,BEST,4694,2025-11-20 11:56:01,2025-11-20 11:56:05,SHORT,24620.5000,24610.5000,REVERSAL,0,1,40.0000,200.0000,123,40.0000,0.0000,0.1132,1.1042,1.0738,-0.4062,2,-3.250000
2025-W47,BEST,4695,2025-11-20 11:56:05,2025-11-20 11:56:19,LONG,24610.5000,24611.2500,REVERSAL,1,2,47.0000,235.0000,983,38.0000,41.0000,0.1321,1.1042,1.0738,0.4062,1,3.250000
2025-W47,BEST,4696,2025-11-20 11:57:01,2025-11-20 11:57:16,LONG,24603.7500,24602.5000,REVERSAL,1,2,35.0000,175.0000,1156,37.0000,53.5000,0.1481,0.3103,1.2999,0.1029,1,-0.428571
2025-W47,BEST,4697,2025-11-20 11:57:36,2025-11-20 11:57:41,LONG,24577.2500,24587.2500,REVERSAL,0,1,40.0000,200.0000,275,40.0000,14.0000,0.0204,0.5444,1.0617,-0.2062,1,-3.083333
2025-W47,BEST,4698,2025-11-20 11:57:54,2025-11-20 11:58:00,SHORT,24604.7500,24594.5000,REVERSAL,0,1,41.0000,205.0000,359,41.0000,20.0000,0.0870,0.8364,0.9574,-0.1753,0,-1.500000
2025-W47,BEST,4699,2025-11-20 11:58:09,2025-11-20 11:58:19,LONG,24566.7500,24546.7500,HARD_STOP,1,2,-120.0000,-600.0000,892,19.0000,60.0000,0.1500,0.4444,0.8939,0.2334,1,0.416667
2025-W47,BEST,4700,2025-11-20 11:58:25,2025-11-20 11:58:32,LONG,24542.0000,24552.0000,REVERSAL,0,1,40.0000,200.0000,592,40.0000,25.0000,-0.0811,0.7551,1.0776,0.0412,0,-0.187500
2025-W47,BEST,4701,2025-11-20 11:59:51,2025-11-20 11:59:53,SHORT,24551.7500,24551.7500,REVERSAL,1,2,40.0000,200.0000,176,20.0000,40.0000,0.2083,1.0435,1.1434,-0.0798,0,-0.083333
2025-W47,BEST,4702,2025-11-20 11:59:53,2025-11-20 12:00:00,LONG,24551.7500,24530.2500,HARD_STOP,1,2,-129.0000,-645.0000,462,23.0000,64.5000,0.7917,1.0435,1.1434,0.0798,3,0.083333
2025-W47,BEST,4703,2025-11-20 12:00:12,2025-11-20 12:00:12,SHORT,24580.0000,24570.0000,REVERSAL,0,1,40.0000,200.0000,74,40.0000,0.0000,0.0000,1.0476,1.0764,-0.0896,0,-5.000000
2025-W47,BEST,4704,2025-11-20 12:00:12,2025-11-20 12:00:12,LONG,24570.0000,24570.2500,REVERSAL,1,2,42.0000,210.0000,167,21.0000,40.0000,0.5455,1.0476,1.0764,0.0896,3,5.000000
2025-W47,BEST,4705,2025-11-20 12:00:12,2025-11-20 12:00:12,SHORT,24570.2500,24558.2500,REVERSAL,0,1,48.0000,240.0000,9,48.0000,1.0000,0.4432,1.0476,1.0764,-0.0896,0,-5.000000
2025-W47,BEST,4706,2025-11-20 12:00:22,2025-11-20 12:00:30,SHORT,24592.0000,24612.5000,HARD_STOP,1,2,-120.0000,-600.0000,555,10.0000,60.0000,0.6481,1.1250,0.8958,0.0672,2,3.625000
2025-W47,BEST,4707,2025-11-20 12:00:44,2025-11-20 12:00:53,LONG,24593.5000,24604.7500,REVERSAL,0,1,45.0000,225.0000,306,45.0000,9.0000,0.4306,1.2857,0.9929,-0.1420,0,-0.700000
2025-W47,BEST,4708,2025-11-20 12:00:59,2025-11-20 12:01:00,LONG,24565.2500,24575.5000,REVERSAL,0,1,41.0000,205.0000,73,41.0000,2.0000,0.0667,1.3816,1.6908,-0.5271,1,-8.000000
2025-W47,BEST,4709,2025-11-20 12:01:00,2025-11-20 12:01:15,SHORT,24575.5000,24575.5000,REVERSAL,1,2,40.0000,200.0000,488,20.0000,40.0000,0.5429,1.3816,1.6908,0.5271,2,8.000000
2025-W47,BEST,4710,2025-11-20 12:04:06,2025-11-20 12:04:08,LONG,24587.7500,24587.7500,REVERSAL,1,2,42.0000,210.0000,77,21.0000,42.0000,0.8554,1.0921,1.3546,0.1395,2,3.400000
2025-W47,BEST,4711,2025-11-20 12:04:08,2025-11-20 12:04:13,SHORT,24587.7500,24577.7500,REVERSAL,0,1,40.0000,200.0000,131,40.0000,22.0000,0.1446,1.0921,1.3546,-0.1395,1,-3.400000
2025-W47,BEST,4712,2025-11-20 12:04:13,2025-11-20 12:04:17,LONG,24577.7500,24588.2500,REVERSAL,0,1,42.0000,210.0000,157,42.0000,34.0000,0.3735,1.0921,1.3546,0.1395,2,3.400000
2025-W47,BEST,4713,2025-11-20 12:04:32,2025-11-20 12:04:38,LONG,24585.0000,24595.5000,REVERSAL,0,1,42.0000,210.0000,142,42.0000,5.0000,0.0429,1.2727,0.8529,-0.0425,1,-2.250000
2025-W47,BEST,4714,2025-11-20 12:04:38,2025-11-20 12:04:41,SHORT,24595.5000,24595.5000,REVERSAL,1,2,40.0000,200.0000,94,20.0000,40.0000,0.3571,1.2727,0.8529,0.0425,2,2.250000
2025-W47,BEST,4715,2025-11-20 12:04:41,2025-11-20 12:04:44,LONG,24595.5000,24606.0000,REVERSAL,0,1,42.0000,210.0000,61,42.0000,2.0000,0.6429,1.2727,0.8529,-0.0425,1,-2.250000
2025-W47,BEST,4716,2025-11-20 12:05:22,2025-11-20 12:05:22,LONG,24569.5000,24579.7500,REVERSAL,0,1,41.0000,205.0000,37,41.0000,0.0000,0.3030,1.6098,1.1203,-0.0075,1,-2.000000
2025-W47,BEST,4717,2025-11-20 12:05:22,2025-11-20 12:05:30,SHORT,24579.7500,24568.5000,REVERSAL,0,1,45.0000,225.0000,303,45.0000,19.0000,0.0758,1.6098,1.1203,0.0075,2,2.000000
2025-W47,BEST,4718,2025-11-20 12:06:01,2025-11-20 12:06:04,LONG,24548.2500,24560.0000,REVERSAL,0,1,47.0000,235.0000,256,47.0000,29.0000,0.2157,0.6220,1.0846,-0.4087,1,-4.500000
2025-W47,BEST,4719,2025-11-20 12:06:20,2025-11-20 12:06:25,SHORT,24565.7500,24554.7500,REVERSAL,0,1,44.0000,220.0000,328,44.0000,31.0000,0.3947,0.8636,0.7925,0.0303,0,-0.416667
2025-W47,BEST,4720,2025-11-20 12:07:28,2025-11-20 12:07:31,LONG,24507.7500,24517.7500,REVERSAL,0,1,40.0000,200.0000,93,40.0000,0.0000,0.5455,0.8148,1.1788,0.0593,3,1.050000
2025-W47,BEST,4721,2025-11-20 12:07:31,2025-11-20 12:07:32,SHORT,24517.7500,24507.7500,REVERSAL,0,1,40.0000,200.0000,46,40.0000,16.0000,-0.4545,0.8148,1.1788,-0.0593,0,-1.050000
2025-W47,BEST,4722,2025-11-20 12:07:32,2025-11-20 12:07:42,LONG,24507.7500,24518.5000,REVERSAL,0,1,43.0000,215.0000,453,43.0000,38.0000,0.5455,0.8148,1.1788,0.0593,3,1.050000
2025-W47,BEST,4723,2025-11-20 12:07:47,2025-11-20 12:07:49,LONG,24517.0000,24517.0000,REVERSAL,1,2,40.0000,200.0000,112,20.0000,40.0000,0.5316,1.4906,1.0430,-0.0222,2,2.541667
2025-W47,BEST,4724,2025-11-20 12:07:49,2025-11-20 12:07:52,SHORT,24517.0000,24506.5000,REVERSAL,0,1,42.0000,210.0000,63,42.0000,2.0000,0.4684,1.4906,1.0430,0.0222,1,-2.541667
2025-W47,BEST,4725,2025-11-20 12:07:52,2025-11-20 12:08:01,LONG,24506.5000,24517.2500,REVERSAL,0,1,43.0000,215.0000,348,43.0000,16.0000,0.0000,1.4906,1.0430,-0.0222,2,2.541667
2025-W47,BEST,4726,2025-11-20 12:08:52,2025-11-20 12:09:00,SHORT,24581.5000,24571.5000,REVERSAL,0,1,40.0000,200.0000,153,40.0000,10.0000,0.3457,1.2857,1.0270,-0.0166,0,-0.833333
2025-W47,BEST,4727,2025-11-20 12:09:00,2025-11-20 12:09:15,LONG,24571.5000,24551.0000,HARD_STOP,1,2,-124.0000,-620.0000,627,33.0000,62.0000,0.1605,1.2857,1.0270,0.0166,3,0.833333
2025-W47,BEST,4728,2025-11-20 12:11:12,2025-11-20 12:11:17,LONG,24495.5000,24505.7500,REVERSAL,0,1,41.0000,205.0000,180,41.0000,21.0000,0.1026,1.0130,0.9648,-0.1040,1,-1.928571
2025-W47,BEST,4729,2025-11-20 12:11:17,2025-11-20 12:11:27,SHORT,24505.7500,24505.7500,REVERSAL,1,2,40.0000,200.0000,376,23.0000,43.0000,0.3718,1.0130,0.9648,0.1040,2,1.928571
2025-W47,BEST,4730,2025-11-20 12:12:17,2025-11-20 12:12:20,LONG,24435.5000,24446.0000,REVERSAL,0,1,42.0000,210.0000,188,42.0000,6.0000,0.2571,1.7500,1.3512,-0.4681,1,-11.750000
2025-W47,BEST,4731,2025-11-20 12:12:20,2025-11-20 12:12:26,SHORT,24446.0000,24436.0000,REVERSAL,0,1,40.0000,200.0000,446,40.0000,39.0000,0.1429,1.7500,1.3512,0.4681,2,11.750000
2025-W47,BEST,4732,2025-11-20 12:12:28,2025-11-20 12:12:54,SHORT,24443.0000,24463.0000,HARD_STOP,1,2,-120.0000,-600.0000,1322,26.0000,60.0000,0.3103,0.8923,0.8914,-0.0070,2,0.625000
2025-W47,BEST,4733,2025-11-20 12:13:02,2025-11-20 12:13:02,SHORT,24467.5000,24457.0000,REVERSAL,0,1,42.0000,210.0000,20,42.0000,0.0000,0.6604,0.6974,0.9616,-0.1181,1,-0.291667
2025-W47,BEST,4734,2025-11-20 12:13:02,2025-11-20 12:13:17,LONG,24457.0000,24456.7500,REVERSAL,1,2,39.0000,195.0000,623,36.0000,45.5000,-0.4528,0.6974,0.9616,0.1181,2,0.291667
2025-W47,BEST,4735,2025-11-20 12:13:33,2025-11-20 12:14:01,LONG,24436.5000,24446.5000,REVERSAL,0,1,40.0000,200.0000,1167,40.0000,32.0000,0.4524,0.5676,0.7838,0.0609,1,-0.375000
2025-W47,BEST,4736,2025-11-20 12:14:30,2025-11-20 12:14:44,SHORT,24508.5000,24498.5000,REVERSAL,0,1,40.0000,200.0000,722,40.0000,30.0000,0.2326,0.4778,0.7621,-0.0837,0,-2.416667
2025-W47,BEST,4737,2025-11-20 12:14:46,2025-11-20 12:14:53,SHORT,24504.7500,24494.5000,REVERSAL,0,1,41.0000,205.0000,344,41.0000,36.0000,0.3607,1.2200,1.4721,0.1310,2,2.600000
2025-W47,BEST,4738,2025-11-20 12:15:04,2025-11-20 12:15:05,LONG,24458.5000,24468.7500,REVERSAL,0,1,41.0000,205.0000,31,41.0000,1.0000,0.2747,1.2466,0.9847,-0.3385,0,-5.500000
2025-W47,BEST,4739,2025-11-20 12:15:05,2025-11-20 12:15:10,SHORT,24468.7500,24467.5000,REVERSAL,1,2,50.0000,250.0000,418,25.0000,40.0000,0.2747,1.2466,0.9847,0.3385,3,5.500000
2025-W47,BEST,4740,2025-11-20 12:15:20,2025-11-20 12:15:21,LONG,24448.0000,24458.2500,REVERSAL,0,1,41.0000,205.0000,71,41.0000,2.0000,0.1429,1.0980,0.8678,-0.1705,0,-1.250000
2025-W47,BEST,4741,2025-11-20 12:15:21,2025-11-20 12:15:30,SHORT,24458.2500,24448.0000,REVERSAL,0,1,41.0000,205.0000,337,41.0000,23.0000,0.1250,1.0980,0.8678,0.1705,3,1.250000
2025-W47,BEST,4742,2025-11-20 12:16:59,2025-11-20 12:17:00,LONG,24401.2500,24411.7500,REVERSAL,0,1,42.0000,210.0000,125,42.0000,4.0000,0.5000,1.1373,1.0408,-0.4134,1,-2.250000
2025-W47,BEST,4743,2025-11-20 12:17:00,2025-11-20 12:17:06,SHORT,24411.7500,24411.2500,REVERSAL,1,2,45.0000,225.0000,434,22.5000,41.0000,-0.2241,1.1373,1.0408,0.4134,2,2.250000
2025-W47,BEST,4744,2025-11-20 12:17:06,2025-11-20 12:17:14,LONG,24411.2500,24411.2500,REVERSAL,1,2,40.0000,200.0000,354,20.0000,40.0000,0.0227,0.6984,0.8923,0.3518,2,2.625000
2025-W47,BEST,4745,2025-11-20 12:17:17,2025-11-20 12:17:21,LONG,24400.7500,24410.7500,REVERSAL,0,1,40.0000,200.0000,184,40.0000,29.0000,0.2075,0.5761,1.3335,0.1221,1,-0.450000
2025-W47,BEST,4746,2025-11-20 12:17:21,2025-11-20 12:17:24,SHORT,24410.7500,24400.7500,REVERSAL,0,1,40.0000,200.0000,120,40.0000,0.0000,0.0377,0.5761,1.3335,-0.1221,2,0.450000
2025-W47,BEST,4747,2025-11-20 12:18:03,2025-11-20 12:18:06,LONG,24394.0000,24404.0000,REVERSAL,0,1,40.0000,200.0000,191,40.0000,27.0000,0.2540,1.0862,1.2867,-0.1016,1,-1.400000
2025-W47,BEST,4748,2025-11-20 12:18:06,2025-11-20 12:18:21,SHORT,24404.0000,24394.0000,REVERSAL,0,1,40.0000,200.0000,540,40.0000,24.0000,0.1111,1.0862,1.2867,0.1016,2,1.400000
2025-W47,BEST,4749,2025-11-20 12:18:47,2025-11-20 12:18:51,SHORT,24426.2500,24415.2500,REVERSAL,0,1,44.0000,220.0000,281,44.0000,6.0000,0.1750,0.4255,0.9708,-0.0763,0,-1.812500
2025-W47,BEST,4750,2025-11-20 12:20:56,2025-11-20 12:21:07,LONG,24389.2500,24390.0000,REVERSAL,1,2,46.0000,230.0000,648,23.0000,41.0000,0.9091,1.7742,1.0884,0.1618,3,1.833333
2025-W47,BEST,4751,2025-11-20 12:21:43,2025-11-20 12:21:44,SHORT,24438.5000,24428.5000,REVERSAL,0,1,40.0000,200.0000,27,40.0000,0.0000,0.5208,0.6761,0.8842,-0.0000,0,-0.857143
2025-W47,BEST,4752,2025-11-20 12:21:44,2025-11-20 12:21:48,LONG,24428.5000,24439.2500,REVERSAL,0,1,43.0000,215.0000,148,43.0000,0.0000,-0.3542,0.6761,0.8842,0.0000,3,0.857143
2025-W47,BEST,4753,2025-11-20 12:21:48,2025-11-20 12:21:59,SHORT,24439.2500,24459.7500,HARD_STOP,1,2,-123.0000,-615.0000,375,39.0000,61.5000,0.4583,0.6761,0.8842,-0.0000,0,-0.857143
2025-W47,BEST,4754,2025-11-20 12:22:27,2025-11-20 12:22:34,LONG,24418.5000,24429.2500,REVERSAL,0,1,43.0000,215.0000,322,43.0000,22.0000,0.2000,0.2963,1.5843,-0.3209,0,-2.166667
2025-W47,BEST,4755,2025-11-20 12:22:54,2025-11-20 12:22:55,LONG,24422.2500,24432.7500,REVERSAL,0,1,42.0000,210.0000,54,42.0000,4.0000,0.1236,1.2899,1.1677,-0.1538,2,-2.187500
2025-W47,BEST,4756,2025-11-20 12:22:55,2025-11-20 12:23:02,SHORT,24432.7500,24453.0000,HARD_STOP,1,2,-122.0000,-610.0000,308,19.0000,61.0000,0.4045,1.2899,1.1677,0.1538,1,2.187500
2025-W47,BEST,4757,2025-11-20 12:23:09,2025-11-20 12:23:13,SHORT,24460.2500,24450.0000,REVERSAL,0,1,41.0000,205.0000,118,41.0000,2.0000,-0.0339,0.5566,0.8946,0.0266,0,-1.150000
2025-W47,BEST,4758,2025-11-20 12:23:13,2025-11-20 12:23:19,LONG,24450.0000,24460.0000,REVERSAL,0,1,40.0000,200.0000,210,40.0000,29.0000,0.3390,0.5566,0.8946,-0.0266,3,1.150000
2025-W47,BEST,4759,2025-11-20 12:23:25,2025-11-20 12:23:40,LONG,24454.2500,24453.7500,REVERSAL,1,2,38.0000,190.0000,396,34.0000,42.0000,0.4177,1.0972,1.1588,-0.0836,1,0.071429
2025-W47,BEST,4760,2025-11-20 12:23:41,2025-11-20 12:23:44,SHORT,24465.5000,24455.2500,REVERSAL,0,1,41.0000,205.0000,105,41.0000,3.0000,0.0000,1.7593,1.2214,-0.0881,1,-1.958333
2025-W47,BEST,4761,2025-11-20 12:23:44,2025-11-20 12:23:54,LONG,24455.2500,24455.7500,REVERSAL,1,2,46.0000,230.0000,316,23.0000,42.0000,0.5684,1.7593,1.2214,0.0881,2,1.958333
2025-W47,BEST,4762,2025-11-20 12:24:33,2025-11-20 12:24:35,LONG,24444.7500,24455.5000,REVERSAL,0,1,43.0000,215.0000,82,43.0000,12.0000,0.5745,0.6438,1.2578,0.2283,1,0.321429
2025-W47,BEST,4763,2025-11-20 12:24:35,2025-11-20 12:24:37,SHORT,24455.5000,24444.2500,REVERSAL,0,1,45.0000,225.0000,34,45.0000,4.0000,-0.4894,0.6438,1.2578,-0.2283,2,-0.321429
2025-W47,BEST,4764,2025-11-20 12:24:37,2025-11-20 12:24:58,LONG,24444.2500,24424.0000,HARD_STOP,1,2,-121.0000,-605.0000,751,37.0000,60.5000,0.5319,0.6438,1.2578,0.2283,1,0.321429
2025-W47,BEST,4765,2025-11-20 12:25:13,2025-11-20 12:25:25,LONG,24408.5000,24408.5000,REVERSAL,1,2,40.0000,200.0000,591,25.0000,40.0000,0.9062,1.1228,0.9518,0.1654,1,1.083333
2025-W47,BEST,4766,2025-11-20 12:25:25,2025-11-20 12:25:32,SHORT,24408.5000,24398.5000,REVERSAL,0,1,40.0000,200.0000,228,40.0000,19.0000,0.1111,0.9818,0.9206,0.2598,2,1.100000
2025-W47,BEST,4767,2025-11-20 12:26:44,2025-11-20 12:26:58,SHORT,24446.5000,24467.0000,HARD_STOP,1,2,-120.0000,-600.0000,301,5.0000,60.0000,1.0000,1.8421,1.0907,-0.0076,1,2.125000
2025-W47,BEST,4768,2025-11-20 12:27:14,2025-11-20 12:27:16,SHORT,24486.2500,24476.0000,REVERSAL,0,1,41.0000,205.0000,119,41.0000,2.0000,0.2679,0.7568,0.8852,-0.1351,0,-0.285714
2025-W47,BEST,4769,2025-11-20 12:27:16,2025-11-20 12:27:21,LONG,24476.0000,24486.2500,REVERSAL,0,1,41.0000,205.0000,149,41.0000,14.0000,0.0000,0.7568,0.8852,0.1351,3,0.285714
2025-W47,BEST,4770,2025-11-20 12:28:27,2025-11-20 12:28:29,LONG,24465.0000,24475.2500,REVERSAL,0,1,41.0000,205.0000,62,41.0000,4.0000,0.6164,0.6822,1.0545,-0.1469,2,0.650000
2025-W47,BEST,4771,2025-11-20 12:28:29,2025-11-20 12:28:33,SHORT,24475.2500,24464.5000,REVERSAL,0,1,43.0000,215.0000,66,43.0000,0.0000,-0.1781,0.6822,1.0545,0.1469,1,-0.650000
2025-W47,BEST,4772,2025-11-20 12:28:33,2025-11-20 12:28:42,LONG,24464.5000,24464.0000,REVERSAL,1,2,38.0000,190.0000,339,19.0000,42.0000,0.5890,0.6822,1.0545,-0.1469,2,0.650000
2025-W47,BEST,4773,2025-11-20 12:29:12,2025-11-20 12:29:18,LONG,24446.2500,24456.2500,REVERSAL,0,1,40.0000,200.0000,184,40.0000,20.0000,0.1125,1.0959,1.3591,-0.0515,1,-1.250000
2025-W47,BEST,4774,2025-11-20 12:29:18,2025-11-20 12:29:27,SHORT,24456.2500,24456.7500,REVERSAL,1,2,38.0000,190.0000,226,19.0000,42.0000,0.3875,1.0959,1.3591,0.0515,2,1.250000
2025-W47,BEST,4775,2025-11-20 12:29:34,2025-11-20 12:29:35,LONG,24433.5000,24444.0000,REVERSAL,0,1,42.0000,210.0000,38,42.0000,0.0000,0.0625,0.8511,0.9987,-0.1835,1,-2.250000
2025-W47,BEST,4776,2025-11-20 12:29:35,2025-11-20 12:29:55,SHORT,24444.0000,24444.0000,REVERSAL,1,2,40.0000,200.0000,387,20.0000,40.0000,0.4125,0.8511,0.9987,0.1835,2,2.250000
2025-W47,BEST,4777,2025-11-20 12:30:31,2025-11-20 12:30:37,LONG,24470.2500,24480.5000,REVERSAL,0,1,41.0000,205.0000,282,41.0000,31.0000,0.3462,0.8125,0.8387,0.0476,0,-0.450000
2025-W47,BEST,4778,2025-11-20 12:30:59,2025-11-20 12:31:03,SHORT,24480.2500,24470.2500,REVERSAL,0,1,40.0000,200.0000,157,40.0000,6.0000,0.3134,1.2885,1.0636,-0.0118,0,-0.107143
2025-W47,BEST,4779,2025-11-20 12:31:03,2025-11-20 12:31:07,LONG,24470.2500,24480.2500,REVERSAL,0,1,40.0000,200.0000,114,40.0000,9.0000,0.0896,1.2885,1.0636,0.0118,3,0.107143
2025-W47,BEST,4780,2025-11-20 12:31:18,2025-11-20 12:31:25,LONG,24450.7500,24460.7500,REVERSAL,0,1,40.0000,200.0000,217,40.0000,21.0000,0.1200,0.7979,1.2535,-0.1367,0,-2.950000
2025-W47,BEST,4781,2025-11-20 12:31:25,2025-11-20 12:31:34,SHORT,24460.7500,24450.7500,REVERSAL,0,1,40.0000,200.0000,199,40.0000,33.0000,0.3467,0.7979,1.2535,0.1367,3,2.950000
2025-W47,BEST,4782,2025-11-20 12:32:07,2025-11-20 12:32:25,SHORT,24447.0000,24437.0000,REVERSAL,0,1,40.0000,200.0000,448,40.0000,35.0000,0.5333,0.5556,2.3872,0.1250,2,0.458333
2025-W47,BEST,4783,2025-11-20 12:32:47,2025-11-20 12:32:50,LONG,24414.0000,24424.0000,REVERSAL,0,1,40.0000,200.0000,98,40.0000,11.0000,0.1038,1.1522,1.0227,-0.3053,0,-2.416667
2025-W47,BEST,4784,2025-11-20 12:32:50,2025-11-20 12:33:01,SHORT,24424.0000,24414.0000,REVERSAL,0,1,40.0000,200.0000,302,40.0000,25.0000,0.5189,1.1522,1.0227,0.3053,3,2.416667
2025-W47,BEST,4785,2025-11-20 12:35:34,2025-11-20 12:35:41,LONG,24343.7500,24344.2500,REVERSAL,1,2,44.0000,220.0000,329,22.0000,40.0000,0.7447,0.8393,0.7653,0.2616,2,6.500000
2025-W47,BEST,4786,2025-11-20 12:36:34,2025-11-20 12:37:04,SHORT,24332.2500,24352.5000,HARD_STOP,1,2,-122.0000,-610.0000,1332,39.0000,61.0000,0.4795,3.1739,1.7724,-0.0996,0,-1.000000
2025-W47,BEST,4787,2025-11-20 12:43:26,2025-11-20 12:43:30,LONG,24390.7500,24401.2500,REVERSAL,0,1,42.0000,210.0000,78,42.0000,5.0000,0.2115,0.7222,0.9325,0.1045,0,-0.461538
2025-W47,BEST,4788,2025-11-20 12:43:30,2025-11-20 12:43:35,SHORT,24401.2500,24390.0000,REVERSAL,0,1,45.0000,225.0000,90,45.0000,7.0000,-0.0192,0.7222,0.9325,-0.1045,3,0.461538
2025-W47,BEST,4789,2025-11-20 12:43:35,2025-11-20 12:43:47,LONG,24390.0000,24369.5000,HARD_STOP,1,2,-124.0000,-620.0000,368,32.0000,62.0000,0.1538,0.7222,0.9325,0.1045,0,-0.461538
2025-W47,BEST,4790,2025-11-20 12:44:01,2025-11-20 12:44:31,SHORT,24374.7500,24374.7500,REVERSAL,1,2,40.0000,200.0000,686,27.0000,40.0000,-0.0286,0.3889,1.0278,0.1779,2,0.333333
2025-W47,BEST,4791,2025-11-20 12:45:45,2025-11-20 12:45:55,LONG,24360.2500,24340.0000,HARD_STOP,1,2,-120.0000,-600.0000,376,0.0000,60.0000,0.8462,1.9362,1.2991,0.0722,1,2.187500
2025-W47,BEST,4792,2025-11-20 12:47:45,2025-11-20 12:47:55,LONG,24320.7500,24330.7500,REVERSAL,0,1,40.0000,200.0000,235,40.0000,2.0000,0.1455,0.5140,1.5619,-0.2291,0,-1.464286
2025-W47,BEST,4793,2025-11-20 12:47:55,2025-11-20 12:48:07,SHORT,24330.7500,24352.7500,HARD_STOP,1,2,-127.0000,-635.0000,340,12.0000,63.5000,0.1273,0.5140,1.5619,0.2291,3,1.464286
2025-W47,BEST,4794,2025-11-20 12:50:26,2025-11-20 12:50:32,LONG,24336.7500,24336.7500,REVERSAL,1,2,43.0000,215.0000,252,21.5000,43.0000,0.4773,0.3577,0.8699,-0.0155,1,0.375000
2025-W47,BEST,4795,2025-11-20 12:50:59,2025-11-20 12:51:01,SHORT,24378.5000,24368.5000,REVERSAL,0,1,40.0000,200.0000,148,40.0000,12.0000,0.0588,0.2576,0.9538,0.1095,0,-1.450000
2025-W47,BEST,4796,2025-11-20 12:51:01,2025-11-20 12:51:06,LONG,24368.5000,24378.7500,REVERSAL,0,1,41.0000,205.0000,256,41.0000,11.0000,-0.2353,0.2576,0.9538,-0.1095,3,1.450000
2025-W47,BEST,4797,2025-11-20 12:51:39,2025-11-20 12:51:46,LONG,24377.7500,24388.0000,REVERSAL,0,1,41.0000,205.0000,173,41.0000,17.0000,0.1486,1.4800,1.2208,-0.1027,1,-1.250000
2025-W47,BEST,4798,2025-11-20 12:51:46,2025-11-20 12:52:02,SHORT,24388.0000,24408.0000,HARD_STOP,1,2,-120.0000,-600.0000,419,9.0000,60.0000,0.2973,1.4800,1.2208,0.1027,2,1.250000
2025-W47,BEST,4799,2025-11-20 12:52:16,2025-11-20 12:52:25,SHORT,24416.0000,24406.0000,REVERSAL,0,1,40.0000,200.0000,298,40.0000,6.0000,0.5405,1.0000,0.8304,-0.0500,0,-0.375000
2025-W47,BEST,4800,2025-11-20 12:53:05,2025-11-20 12:53:20,LONG,24373.2500,24353.0000,HARD_STOP,1,2,-121.0000,-605.0000,443,10.0000,60.5000,0.2051,0.5735,1.0775,-0.0563,1,0.562500
2025-W47,BEST,4801,2025-11-20 12:54:47,2025-11-20 12:54:56,LONG,24333.0000,24333.5000,REVERSAL,1,2,44.0000,220.0000,188,22.0000,40.0000,0.3077,0.5821,0.8686,-0.0078,2,-0.187500
2025-W47,BEST,4802,2025-11-20 12:54:56,2025-11-20 12:55:25,SHORT,24333.5000,24333.5000,REVERSAL,1,2,40.0000,200.0000,769,21.0000,40.0000,0.6410,0.5821,0.8686,0.0078,1,0.187500
2025-W47,BEST,4803,2025-11-20 12:56:19,2025-11-20 12:56:28,SHORT,24361.7500,24362.0000,REVERSAL,1,2,39.0000,195.0000,251,26.0000,41.0000,0.5366,0.5395,1.0005,-0.0116,3,0.350000
2025-W47,BEST,4804,2025-11-20 12:58:50,2025-11-20 12:59:04,SHORT,24402.7500,24391.5000,REVERSAL,0,1,45.0000,225.0000,285,45.0000,11.0000,0.4310,1.1837,1.1363,-0.1227,0,-0.650000
2025-W47,BEST,4805,2025-11-20 12:59:19,2025-11-20 12:59:28,SHORT,24417.5000,24407.5000,REVERSAL,0,1,40.0000,200.0000,265,40.0000,15.0000,0.6000,0.7865,1.4046,-0.2520,1,-0.500000
2025-W47,BEST,4806,2025-11-20 13:00:20,2025-11-20 13:00:27,SHORT,24392.2500,24382.2500,REVERSAL,0,1,40.0000,200.0000,204,40.0000,32.0000,0.3696,0.5000,1.6875,0.0961,1,-0.694444
2025-W47,BEST,4807,2025-11-20 13:00:27,2025-11-20 13:00:40,LONG,24382.2500,24392.5000,REVERSAL,0,1,41.0000,205.0000,182,41.0000,11.0000,-0.2391,0.5000,1.6875,-0.0961,2,0.694444
2025-W47,BEST,4808,2025-11-20 13:03:29,2025-11-20 13:03:41,SHORT,24445.5000,24445.7500,REVERSAL,1,2,39.0000,195.0000,888,33.0000,50.5000,0.1961,0.8361,0.7569,-0.0811,0,-0.550000
2025-W47,BEST,4809,2025-11-20 13:03:59,2025-11-20 13:04:09,LONG,24437.0000,24447.0000,REVERSAL,0,1,40.0000,200.0000,248,40.0000,2.0000,-0.1034,0.4328,0.8485,0.1417,0,-0.138889
2025-W47,BEST,4810,2025-11-20 13:04:35,2025-11-20 13:04:47,LONG,24431.7500,24442.0000,REVERSAL,0,1,41.0000,205.0000,296,41.0000,1.0000,0.3514,1.7619,1.3931,-0.0189,0,-0.638889
2025-W47,BEST,4811,2025-11-20 13:06:26,2025-11-20 13:07:20,SHORT,24478.7500,24478.5000,REVERSAL,1,2,42.0000,210.0000,1519,21.0000,49.0000,0.2778,0.9474,0.8779,-0.0412,0,-0.444444
2025-W47,BEST,4812,2025-11-20 13:12:19,2025-11-20 13:12:28,SHORT,24537.0000,24526.5000,REVERSAL,0,1,42.0000,210.0000,192,42.0000,4.0000,0.0000,0.5294,1.0616,0.0037,0,-0.437500
2025-W47,BEST,4813,2025-11-20 13:12:28,2025-11-20 13:12:34,LONG,24526.5000,24536.5000,REVERSAL,0,1,40.0000,200.0000,138,40.0000,2.0000,-0.5556,0.5294,1.0616,-0.0037,3,0.437500
2025-W47,BEST,4814,2025-11-20 13:16:47,2025-11-20 13:17:00,LONG,24521.0000,24521.5000,REVERSAL,1,2,44.0000,220.0000,529,22.0000,40.0000,0.8500,0.4598,1.1361,-0.0758,2,1.000000
2025-W47,BEST,4815,2025-11-20 13:17:12,2025-11-20 13:17:16,SHORT,24541.0000,24531.0000,REVERSAL,0,1,40.0000,200.0000,97,40.0000,9.0000,-0.0130,1.4528,1.2785,-0.2923,1,-2.333333
2025-W47,BEST,4816,2025-11-20 13:17:16,2025-11-20 13:17:23,LONG,24531.0000,24532.0000,REVERSAL,1,2,48.0000,240.0000,204,24.0000,40.0000,0.4935,1.4528,1.2785,0.2923,2,2.333333
2025-W47,BEST,4817,2025-11-20 13:17:33,2025-11-20 13:17:35,LONG,24518.2500,24530.0000,REVERSAL,0,1,47.0000,235.0000,48,47.0000,0.0000,0.0676,0.8605,0.9887,-0.0875,1,-0.416667
2025-W47,BEST,4818,2025-11-20 13:17:35,2025-11-20 13:17:47,SHORT,24530.0000,24520.0000,REVERSAL,0,1,40.0000,200.0000,265,40.0000,14.0000,0.2973,0.8605,0.9887,0.0875,2,0.416667
2025-W47,BEST,4819,2025-11-20 13:18:38,2025-11-20 13:18:47,LONG,24489.2500,24468.7500,HARD_STOP,1,2,-124.0000,-620.0000,244,7.0000,62.0000,1.0847,1.2553,1.2628,0.1508,1,2.166667
2025-W47,BEST,4820,2025-11-20 13:20:07,2025-11-20 13:20:26,SHORT,24523.2500,24512.2500,REVERSAL,0,1,44.0000,220.0000,606,44.0000,37.0000,0.7222,0.7714,1.0107,-0.1484,1,0.312500
2025-W47,BEST,4821,2025-11-20 13:22:15,2025-11-20 13:22:22,LONG,24507.7500,24507.7500,REVERSAL,1,2,40.0000,200.0000,118,20.0000,40.0000,1.0260,1.3051,1.0567,0.0421,3,0.711538
2025-W47,BEST,4822,2025-11-20 13:22:22,2025-11-20 13:22:34,SHORT,24507.7500,24496.5000,REVERSAL,0,1,45.0000,225.0000,147,45.0000,17.0000,-0.0260,1.3051,1.0567,-0.0421,0,-0.711538
2025-W47,BEST,4823,2025-11-20 13:22:59,2025-11-20 13:23:03,SHORT,24516.0000,24506.0000,REVERSAL,0,1,40.0000,200.0000,63,40.0000,7.0000,0.1078,1.8545,1.3377,0.0428,2,-2.100000
2025-W47,BEST,4824,2025-11-20 13:23:03,2025-11-20 13:23:49,LONG,24506.0000,24506.7500,REVERSAL,1,2,48.0000,240.0000,937,24.0000,56.0000,0.5000,1.8545,1.3377,-0.0428,1,2.100000
2025-W47,BEST,4825,2025-11-20 13:30:34,2025-11-20 13:30:47,LONG,24485.0000,24495.2500,REVERSAL,0,1,41.0000,205.0000,463,41.0000,29.0000,-0.0377,1.2619,0.9810,-0.0154,0,-0.916667
2025-W47,BEST,4826,2025-11-20 13:31:10,2025-11-20 13:31:22,SHORT,24504.2500,24493.7500,REVERSAL,0,1,42.0000,210.0000,398,42.0000,37.0000,0.4182,0.6548,1.0910,-0.2294,1,-0.300000
2025-W47,BEST,4827,2025-11-20 13:33:59,2025-11-20 13:34:18,LONG,24419.2500,24419.5000,REVERSAL,1,2,42.0000,210.0000,697,23.0000,40.0000,0.3333,0.8333,1.0036,-0.0312,1,-0.687500
2025-W47,BEST,4828,2025-11-20 13:34:18,2025-11-20 13:34:29,SHORT,24419.5000,24440.0000,HARD_STOP,1,2,-124.0000,-620.0000,381,9.0000,62.0000,0.2258,1.4762,1.2048,-0.0079,2,1.656250
2025-W47,BEST,4829,2025-11-20 13:35:38,2025-11-20 13:35:48,LONG,24432.0000,24442.5000,REVERSAL,0,1,42.0000,210.0000,162,42.0000,19.0000,0.1200,0.6579,1.0327,0.2302,0,-0.222222
2025-W47,BEST,4830,2025-11-20 13:35:48,2025-11-20 13:36:00,SHORT,24442.5000,24432.5000,REVERSAL,0,1,40.0000,200.0000,188,40.0000,31.0000,0.0400,0.6579,1.0327,-0.2302,3,0.222222
2025-W47,BEST,4831,2025-11-20 13:36:15,2025-11-20 13:36:31,SHORT,24431.0000,24421.0000,REVERSAL,0,1,40.0000,200.0000,218,40.0000,11.0000,0.1961,0.6375,0.7535,-0.0787,1,-0.425000
2025-W47,BEST,4832,2025-11-20 13:36:31,2025-11-20 13:37:07,LONG,24421.0000,24420.5000,REVERSAL,1,2,38.0000,190.0000,750,19.0000,53.0000,0.0196,0.6375,0.7535,0.0787,2,0.425000
2025-W47,BEST,4833,2025-11-20 13:37:16,2025-11-20 13:37:30,LONG,24410.5000,24420.5000,REVERSAL,0,1,40.0000,200.0000,330,40.0000,36.0000,0.4444,2.0571,1.3155,0.1220,2,0.704545
2025-W47,BEST,4834,2025-11-20 13:46:00,2025-11-20 13:46:07,LONG,24315.5000,24325.7500,REVERSAL,0,1,41.0000,205.0000,194,41.0000,7.0000,-0.0303,1.0312,0.8561,0.0373,0,-1.142857
2025-W47,BEST,4835,2025-11-20 13:46:07,2025-11-20 13:46:25,SHORT,24325.7500,24315.2500,REVERSAL,0,1,42.0000,210.0000,413,42.0000,25.0000,-0.2121,1.0312,0.8561,-0.0373,3,1.142857
2025-W47,BEST,4836,2025-11-20 13:50:27,2025-11-20 13:51:03,LONG,24273.0000,24273.2500,REVERSAL,1,2,43.0000,215.0000,795,34.0000,41.0000,0.6400,0.4098,1.1580,0.0638,2,0.678571
2025-W47,BEST,4837,2025-11-20 13:51:34,2025-11-20 13:51:53,SHORT,24276.2500,24275.2500,REVERSAL,1,2,48.0000,240.0000,265,24.0000,40.0000,0.6226,0.8030,0.8536,0.2145,1,0.269231
2025-W47,BEST,4838,2025-11-20 13:52:25,2025-11-20 13:52:32,LONG,24250.0000,24260.0000,REVERSAL,0,1,40.0000,200.0000,213,40.0000,2.0000,0.0000,0.5429,0.9078,-0.1941,0,-0.861111
2025-W47,BEST,4839,2025-11-20 13:52:32,2025-11-20 13:53:05,SHORT,24260.0000,24260.0000,REVERSAL,1,2,40.0000,200.0000,644,20.0000,40.0000,-0.0526,0.5429,0.9078,0.1941,3,0.861111
2025-W47,BEST,4840,2025-11-20 13:54:29,2025-11-20 13:54:31,SHORT,24268.2500,24258.2500,REVERSAL,0,1,40.0000,200.0000,48,40.0000,1.0000,0.2778,0.8710,1.4042,-0.0692,1,-0.479167
2025-W47,BEST,4841,2025-11-20 13:54:31,2025-11-20 13:55:35,LONG,24258.2500,24258.5000,REVERSAL,1,2,42.0000,210.0000,1227,33.0000,53.0000,-0.0185,0.8710,1.4042,0.0692,2,0.479167
2025-W47,BEST,4842,2025-11-20 13:57:01,2025-11-20 13:57:10,SHORT,24261.7500,24262.2500,REVERSAL,1,2,38.0000,190.0000,229,19.0000,42.0000,0.2105,0.6129,0.9265,-0.0593,1,-0.477273
2025-W47,BEST,4843,2025-11-20 13:57:10,2025-11-20 13:57:21,LONG,24262.2500,24263.7500,REVERSAL,1,2,52.0000,260.0000,204,26.0000,40.0000,0.8421,0.6129,0.9265,0.0593,2,0.477273
2025-W47,BEST,4844,2025-11-20 14:00:29,2025-11-20 14:00:33,LONG,24276.0000,24286.0000,REVERSAL,0,1,40.0000,200.0000,86,40.0000,16.0000,0.2281,0.7125,0.9360,-0.0667,1,-0.678571
2025-W47,BEST,4845,2025-11-20 14:00:33,2025-11-20 14:00:59,SHORT,24286.0000,24275.7500,REVERSAL,0,1,41.0000,205.0000,433,41.0000,23.0000,0.0702,0.7125,0.9360,0.0667,2,0.678571
2025-W47,BEST,4846,2025-11-20 14:01:10,2025-11-20 14:01:17,LONG,24271.0000,24282.0000,REVERSAL,0,1,44.0000,220.0000,134,44.0000,14.0000,0.2532,1.4630,1.0733,-0.0305,1,-0.583333
2025-W47,BEST,4847,2025-11-20 14:01:17,2025-11-20 14:01:37,SHORT,24282.0000,24282.0000,REVERSAL,1,2,40.0000,200.0000,360,20.0000,51.0000,0.1899,1.4630,1.0733,0.0305,2,0.583333
2025-W47,BEST,4848,2025-11-20 14:02:13,2025-11-20 14:02:15,SHORT,24295.0000,24284.5000,REVERSAL,0,1,42.0000,210.0000,58,42.0000,8.0000,-0.0196,0.6623,0.8586,0.0741,1,-0.200000
2025-W47,BEST,4849,2025-11-20 14:02:15,2025-11-20 14:02:30,LONG,24284.5000,24284.0000,REVERSAL,1,2,39.0000,195.0000,186,19.5000,43.0000,0.1961,0.6623,0.8586,-0.0741,2,0.200000
2025-W47,BEST,4850,2025-11-20 14:02:30,2025-11-20 14:02:44,SHORT,24284.0000,24274.0000,REVERSAL,0,1,40.0000,200.0000,240,40.0000,33.0000,0.8431,0.6623,0.8586,0.0741,1,-0.200000
2025-W47,BEST,4851,2025-11-20 14:03:01,2025-11-20 14:03:31,LONG,24260.7500,24240.2500,HARD_STOP,1,2,-123.0000,-615.0000,749,17.5000,61.5000,0.7544,0.7215,0.8874,0.0781,1,0.277778
2025-W47,BEST,4852,2025-11-20 14:04:16,2025-11-20 14:04:17,SHORT,24249.7500,24239.7500,REVERSAL,0,1,40.0000,200.0000,101,40.0000,10.0000,0.1806,2.1818,1.5762,-0.3993,1,-1.225000
2025-W47,BEST,4853,2025-11-20 14:04:17,2025-11-20 14:05:05,LONG,24239.7500,24239.7500,REVERSAL,1,2,40.0000,200.0000,993,35.0000,40.0000,0.2639,2.1818,1.5762,0.3993,2,1.225000
2025-W47,BEST,4854,2025-11-20 14:05:33,2025-11-20 14:05:38,SHORT,24256.7500,24246.5000,REVERSAL,0,1,41.0000,205.0000,103,41.0000,8.0000,-0.0111,1.1538,1.2060,-0.1111,1,-1.125000
2025-W47,BEST,4855,2025-11-20 14:05:38,2025-11-20 14:05:53,LONG,24246.5000,24256.5000,REVERSAL,0,1,40.0000,200.0000,241,40.0000,15.0000,0.5556,1.1538,1.2060,0.1111,2,1.125000
2025-W47,BEST,4856,2025-11-20 14:07:43,2025-11-20 14:07:48,SHORT,24240.5000,24230.5000,REVERSAL,0,1,40.0000,200.0000,70,40.0000,0.0000,0.0541,1.9474,1.2616,-0.0153,2,-1.204545
2025-W47,BEST,4857,2025-11-20 14:07:48,2025-11-20 14:08:06,LONG,24230.5000,24230.2500,REVERSAL,1,2,39.0000,195.0000,305,19.5000,41.0000,0.4054,1.9474,1.2616,0.0153,1,1.204545
2025-W47,BEST,4858,2025-11-20 14:10:30,2025-11-20 14:10:44,SHORT,24250.0000,24270.7500,HARD_STOP,1,2,-126.0000,-630.0000,309,21.0000,63.0000,0.9870,1.4528,1.4059,0.2047,3,1.431818
2025-W47,BEST,4859,2025-11-20 14:11:30,2025-11-20 14:11:33,LONG,24272.2500,24282.2500,REVERSAL,0,1,40.0000,200.0000,50,40.0000,3.0000,0.3462,0.8254,1.0689,0.0270,1,-0.375000
2025-W47,BEST,4860,2025-11-20 14:11:33,2025-11-20 14:12:03,SHORT,24282.2500,24272.2500,REVERSAL,0,1,40.0000,200.0000,476,40.0000,26.0000,-0.1154,0.8254,1.0689,-0.0270,2,0.375000
2025-W47,BEST,4861,2025-11-20 14:13:28,2025-11-20 14:13:37,SHORT,24268.7500,24258.5000,REVERSAL,0,1,41.0000,205.0000,241,41.0000,11.0000,0.0208,0.8000,0.8545,-0.1511,0,-0.660714
2025-W47,BEST,4862,2025-11-20 14:13:37,2025-11-20 14:13:39,LONG,24258.5000,24269.5000,REVERSAL,0,1,44.0000,220.0000,43,44.0000,3.0000,0.1250,0.8000,0.8545,0.1511,3,0.660714
2025-W47,BEST,4863,2025-11-20 14:15:35,2025-11-20 14:15:46,LONG,24252.7500,24263.5000,REVERSAL,0,1,43.0000,215.0000,117,43.0000,6.0000,0.1186,1.2826,0.9439,-0.0274,0,-0.857143
2025-W47,BEST,4864,2025-11-20 14:15:46,2025-11-20 14:16:13,SHORT,24263.5000,24253.5000,REVERSAL,0,1,40.0000,200.0000,329,40.0000,20.0000,0.1525,1.2826,0.9439,0.0274,3,0.857143
2025-W47,BEST,4865,2025-11-20 14:18:30,2025-11-20 14:18:43,SHORT,24320.2500,24310.2500,REVERSAL,0,1,40.0000,200.0000,449,40.0000,33.0000,0.3409,1.2571,0.9526,-0.2406,1,-0.791667
2025-W47,BEST,4866,2025-11-20 14:18:58,2025-11-20 14:19:15,SHORT,24302.7500,24303.0000,REVERSAL,1,2,39.0000,195.0000,502,22.0000,41.0000,0.1837,0.8167,0.8699,0.1255,3,0.333333
2025-W47,BEST,4867,2025-11-20 14:19:35,2025-11-20 14:19:39,LONG,24270.2500,24280.7500,REVERSAL,0,1,42.0000,210.0000,185,42.0000,7.0000,0.0233,1.2113,1.3156,-0.3412,1,-1.775000
2025-W47,BEST,4868,2025-11-20 14:19:39,2025-11-20 14:20:02,SHORT,24280.7500,24301.0000,HARD_STOP,1,2,-122.0000,-610.0000,427,1.0000,61.0000,0.4884,1.2113,1.3156,0.3412,2,1.775000
2025-W47,BEST,4869,2025-11-20 14:21:09,2025-11-20 14:21:14,LONG,24301.2500,24311.2500,REVERSAL,0,1,40.0000,200.0000,149,40.0000,26.0000,0.0500,1.2245,0.9074,-0.3229,2,-1.250000
2025-W47,BEST,4870,2025-11-20 14:21:14,2025-11-20 14:21:58,SHORT,24311.2500,24310.7500,REVERSAL,1,2,44.0000,220.0000,805,22.0000,40.0000,0.2833,1.2245,0.9074,0.3229,1,1.250000
2025-W47,BEST,4871,2025-11-20 14:27:21,2025-11-20 14:27:26,SHORT,24343.2500,24333.2500,REVERSAL,0,1,40.0000,200.0000,181,40.0000,1.0000,0.0175,0.6333,1.5009,-0.3441,0,-2.937500
2025-W47,BEST,4872,2025-11-20 14:27:26,2025-11-20 14:27:40,LONG,24333.2500,24343.2500,REVERSAL,0,1,40.0000,200.0000,134,40.0000,11.0000,0.2807,0.6333,1.5009,0.3441,3,2.937500
2025-W47,BEST,4873,2025-11-20 14:30:55,2025-11-20 14:30:58,LONG,24300.5000,24310.7500,REVERSAL,0,1,41.0000,205.0000,147,41.0000,8.0000,0.0000,0.8730,0.7229,-0.2755,0,-1.964286
2025-W47,BEST,4874,2025-11-20 14:30:58,2025-11-20 14:31:16,SHORT,24310.7500,24300.2500,REVERSAL,0,1,42.0000,210.0000,458,42.0000,19.0000,0.2545,0.8730,0.7229,0.2755,3,1.964286
2025-W47,BEST,4875,2025-11-20 14:31:54,2025-11-20 14:32:17,SHORT,24298.0000,24288.0000,REVERSAL,0,1,40.0000,200.0000,285,40.0000,27.0000,0.0185,0.8710,0.8090,0.0566,1,-0.180556
2025-W47,BEST,4876,2025-11-20 14:34:30,2025-11-20 14:34:51,LONG,24267.7500,24278.5000,REVERSAL,0,1,43.0000,215.0000,303,43.0000,30.0000,0.4259,0.7826,1.1754,0.0145,1,0.225000
2025-W47,BEST,4877,2025-11-20 14:35:42,2025-11-20 14:35:55,SHORT,24308.7500,24298.7500,REVERSAL,0,1,40.0000,200.0000,171,40.0000,15.0000,0.1000,1.6949,1.4620,0.0558,2,-1.480769
2025-W47,BEST,4878,2025-11-20 14:35:55,2025-11-20 14:36:16,LONG,24298.7500,24300.5000,REVERSAL,1,2,55.0000,275.0000,286,27.5000,54.5000,0.5000,1.6949,1.4620,-0.0558,1,1.480769
2025-W47,BEST,4879,2025-11-20 14:38:30,2025-11-20 14:39:12,LONG,24276.2500,24286.2500,REVERSAL,0,1,40.0000,200.0000,609,40.0000,27.0000,0.0417,0.3721,1.3176,-0.0734,1,0.017857
2025-W47,BEST,4880,2025-11-20 14:40:46,2025-11-20 14:40:48,LONG,24265.2500,24275.5000,REVERSAL,0,1,41.0000,205.0000,85,41.0000,7.0000,0.0000,1.1636,1.3055,-0.1045,1,-1.318182
2025-W47,BEST,4881,2025-11-20 14:40:48,2025-11-20 14:42:05,SHORT,24275.5000,24275.5000,REVERSAL,1,2,40.0000,200.0000,1000,36.0000,43.0000,0.3594,1.1636,1.3055,0.1045,2,1.318182
2025-W47,BEST,4882,2025-11-20 14:42:05,2025-11-20 14:42:24,LONG,24275.5000,24285.7500,REVERSAL,0,1,41.0000,205.0000,259,41.0000,32.0000,0.0870,1.1695,1.0684,-0.0310,2,0.421053
2025-W47,BEST,4883,2025-11-20 14:44:23,2025-11-20 14:44:33,SHORT,24325.0000,24314.7500,REVERSAL,0,1,41.0000,205.0000,150,41.0000,6.0000,0.0617,0.8351,1.1204,-0.0980,1,-1.775000
2025-W47,BEST,4884,2025-11-20 14:44:33,2025-11-20 14:44:58,LONG,24314.7500,24325.0000,REVERSAL,0,1,41.0000,205.0000,323,41.0000,34.0000,0.4321,0.8351,1.1204,0.0980,2,1.775000
2025-W47,BEST,4885,2025-11-20 14:48:06,2025-11-20 14:48:33,LONG,24297.0000,24295.5000,REVERSAL,1,2,34.0000,170.0000,278,17.0000,46.0000,0.8046,1.5000,1.3670,0.0902,3,0.328947
2025-W47,BEST,4886,2025-11-20 14:49:39,2025-11-20 14:50:00,LONG,24276.2500,24287.0000,REVERSAL,0,1,43.0000,215.0000,159,43.0000,15.0000,0.1392,1.2344,1.1095,-0.0909,1,-0.725000
2025-W47,BEST,4887,2025-11-20 14:50:00,2025-11-20 14:50:08,SHORT,24287.0000,24307.2500,HARD_STOP,1,2,-122.0000,-610.0000,130,6.0000,61.0000,0.3165,1.2344,1.1095,0.0909,2,0.725000
2025-W47,BEST,4888,2025-11-20 14:52:18,2025-11-20 14:52:26,SHORT,24311.5000,24301.0000,REVERSAL,0,1,42.0000,210.0000,145,42.0000,4.0000,0.2029,1.0615,0.9951,0.1188,0,-0.140625
2025-W47,BEST,4889,2025-11-20 14:52:26,2025-11-20 14:52:45,LONG,24301.0000,24311.2500,REVERSAL,0,1,41.0000,205.0000,240,41.0000,24.0000,0.1884,1.0615,0.9951,-0.1188,3,0.140625
2025-W47,BEST,4890,2025-11-20 14:53:22,2025-11-20 14:53:31,SHORT,24330.5000,24320.2500,REVERSAL,0,1,41.0000,205.0000,133,41.0000,12.0000,0.1186,1.1346,0.9335,-0.1218,0,-0.750000
2025-W47,BEST,4891,2025-11-20 14:53:31,2025-11-20 14:53:58,LONG,24320.2500,24320.5000,REVERSAL,1,2,44.0000,220.0000,387,22.0000,42.0000,0.1864,1.1346,0.9335,0.1218,3,0.750000
2025-W47,BEST,4892,2025-11-20 14:55:56,2025-11-20 14:56:00,SHORT,24369.7500,24359.7500,REVERSAL,0,1,40.0000,200.0000,90,40.0000,2.0000,-0.0192,1.2381,0.9875,-0.0821,0,-0.678571
2025-W47,BEST,4893,2025-11-20 14:56:00,2025-11-20 14:56:37,LONG,24359.7500,24339.7500,HARD_STOP,1,2,-120.0000,-600.0000,864,18.0000,60.0000,0.2500,1.2381,0.9875,0.0821,3,0.678571
2025-W47,BEST,4894,2025-11-20 14:57:18,2025-11-20 14:57:44,SHORT,24355.7500,24376.0000,HARD_STOP,1,2,-121.0000,-605.0000,491,9.0000,60.5000,0.9310,0.4603,1.1705,-0.0882,2,0.781250
2025-W47,BEST,4895,2025-11-20 14:57:55,2025-11-20 15:00:12,SHORT,24383.7500,24383.7500,REVERSAL,1,2,40.0000,200.0000,2777,23.0000,53.0000,-0.0811,0.8043,0.7855,-0.2609,0,-0.500000
2025-W47,BEST,4896,2025-11-20 15:01:14,2025-11-20 15:01:20,LONG,24343.0000,24353.0000,REVERSAL,0,1,40.0000,200.0000,262,40.0000,17.0000,0.1231,0.7386,1.6634,-0.1506,1,-2.250000
2025-W47,BEST,4897,2025-11-20 15:01:31,2025-11-20 15:01:51,LONG,24355.7500,24335.7500,HARD_STOP,1,2,-120.0000,-600.0000,424,1.0000,60.0000,0.2586,1.0741,0.9524,0.1264,2,0.318182
2025-W47,BEST,4898,2025-11-20 15:02:30,2025-11-20 15:03:08,LONG,24305.5000,24305.5000,REVERSAL,1,2,40.0000,200.0000,978,20.0000,58.0000,0.3077,0.8667,0.9333,-0.0179,2,0.375000
2025-W47,BEST,4899,2025-11-20 15:03:10,2025-11-20 15:03:31,LONG,24294.0000,24304.2500,REVERSAL,0,1,41.0000,205.0000,306,41.0000,17.0000,0.3030,1.3200,1.0276,0.1491,2,0.590909
2025-W47,BEST,4900,2025-11-20 15:04:08,2025-11-20 15:04:11,SHORT,24324.5000,24314.5000,REVERSAL,0,1,40.0000,200.0000,48,40.0000,1.0000,-0.0149,1.5227,1.0398,-0.1289,0,-0.552632
2025-W47,BEST,4901,2025-11-20 15:04:11,2025-11-20 15:04:35,LONG,24314.5000,24313.5000,REVERSAL,1,2,37.0000,185.0000,368,30.0000,45.0000,0.4179,1.5227,1.0398,0.1289,3,0.552632
2025-W47,BEST,4902,2025-11-20 15:05:12,2025-11-20 15:05:32,LONG,24295.7500,24306.7500,REVERSAL,0,1,44.0000,220.0000,444,44.0000,33.0000,0.5781,1.6842,1.0532,0.1929,1,0.888889
2025-W47,BEST,4903,2025-11-20 15:06:54,2025-11-20 15:06:58,SHORT,24341.5000,24331.5000,REVERSAL,0,1,40.0000,200.0000,123,40.0000,15.0000,0.0795,1.1000,1.2397,-0.2627,0,-1.250000
2025-W47,BEST,4904,2025-11-20 15:06:58,2025-11-20 15:07:05,LONG,24331.5000,24311.2500,HARD_STOP,1,2,-120.0000,-600.0000,239,3.0000,60.0000,0.4659,1.1000,1.2397,0.2627,3,1.250000
2025-W47,BEST,4905,2025-11-20 15:08:20,2025-11-20 15:08:29,SHORT,24311.7500,24301.0000,REVERSAL,0,1,43.0000,215.0000,129,43.0000,15.0000,0.0000,1.2545,1.1665,-0.1308,2,-0.823529
2025-W47,BEST,4906,2025-11-20 15:08:29,2025-11-20 15:09:32,LONG,24301.0000,24301.2500,REVERSAL,1,2,42.0000,210.0000,844,21.0000,40.0000,0.3768,1.2545,1.1665,0.1308,1,0.823529
2025-W47,BEST,4907,2025-11-20 15:10:41,2025-11-20 15:11:08,SHORT,24304.0000,24293.5000,REVERSAL,0,1,42.0000,210.0000,258,42.0000,14.0000,-0.0122,1.7447,1.2996,0.0251,1,-0.273810
2025-W47,BEST,4908,2025-11-20 15:11:39,2025-11-20 15:12:30,LONG,24278.7500,24289.0000,REVERSAL,0,1,41.0000,205.0000,785,41.0000,29.0000,0.5435,0.5823,1.0508,-0.3190,0,-0.194444
2025-W47,BEST,4909,2025-11-20 15:14:45,2025-11-20 15:15:01,SHORT,24291.5000,24291.0000,REVERSAL,1,2,44.0000,220.0000,233,22.0000,40.0000,0.3958,0.6575,1.1399,0.3071,1,0.034091
2025-W47,BEST,4910,2025-11-20 15:15:01,2025-11-20 15:15:29,LONG,24291.0000,24301.0000,REVERSAL,0,1,40.0000,200.0000,378,40.0000,33.0000,0.5625,0.6575,1.1399,-0.3071,2,-0.034091
2025-W47,BEST,4911,2025-11-20 15:16:02,2025-11-20 15:16:09,SHORT,24330.0000,24319.2500,REVERSAL,0,1,43.0000,215.0000,203,43.0000,14.0000,0.0000,1.4464,0.9825,-0.0923,0,-2.025000
2025-W47,BEST,4912,2025-11-20 15:16:09,2025-11-20 15:16:26,LONG,24319.2500,24299.2500,HARD_STOP,1,2,-120.0000,-600.0000,236,8.0000,60.0000,0.4691,1.4464,0.9825,0.0923,3,2.025000
2025-W47,BEST,4913,2025-11-20 15:16:32,2025-11-20 15:17:06,SHORT,24308.2500,24298.0000,REVERSAL,0,1,41.0000,205.0000,378,41.0000,35.0000,0.3971,0.7907,0.9262,-0.0597,2,0.275000
2025-W47,BEST,4914,2025-11-20 15:17:42,2025-11-20 15:18:08,LONG,24304.7500,24315.0000,REVERSAL,0,1,41.0000,205.0000,314,41.0000,35.0000,0.2000,0.7792,1.0313,-0.0305,1,-0.092593
2025-W47,BEST,4915,2025-11-20 15:18:19,2025-11-20 15:18:24,SHORT,24319.7500,24319.7500,REVERSAL,1,2,40.0000,200.0000,127,20.0000,40.0000,-0.0851,0.7705,0.8936,-0.1288,1,-0.428571
2025-W47,BEST,4916,2025-11-20 15:18:24,2025-11-20 15:18:47,LONG,24319.7500,24299.0000,HARD_STOP,1,2,-123.0000,-615.0000,205,4.0000,61.5000,1.0851,0.7705,0.8936,0.1288,2,0.428571
2025-W47,BEST,4917,2025-11-20 15:19:02,2025-11-20 15:19:28,SHORT,24309.2500,24309.2500,REVERSAL,1,2,40.0000,200.0000,242,20.0000,40.0000,0.3115,0.8592,1.1849,0.0365,2,0.293478
2025-W47,BEST,4918,2025-11-20 15:19:28,2025-11-20 15:20:37,LONG,24309.2500,24308.0000,REVERSAL,1,2,35.0000,175.0000,816,23.0000,45.0000,0.6885,0.8592,1.1849,-0.0365,1,-0.293478
2025-W47,BEST,4919,2025-11-20 15:22:06,2025-11-20 15:22:42,SHORT,24336.2500,24326.2500,REVERSAL,0,1,40.0000,200.0000,459,40.0000,27.0000,1.0217,1.0455,0.9087,0.0923,2,0.500000
2025-W47,BEST,4920,2025-11-20 15:29:00,2025-11-20 15:31:01,SHORT,24290.0000,24290.0000,REVERSAL,1,2,40.0000,200.0000,2397,31.0000,46.0000,0.3725,1.0000,0.9322,-0.1481,2,-0.483333
2025-W47,BEST,4921,2025-11-20 15:31:31,2025-11-20 15:31:46,SHORT,24304.2500,24294.2500,REVERSAL,0,1,40.0000,200.0000,286,40.0000,4.0000,0.3973,1.8718,1.1550,-0.0588,1,-0.937500
2025-W47,BEST,4922,2025-11-20 15:32:38,2025-11-20 15:33:05,LONG,24266.7500,24276.7500,REVERSAL,0,1,40.0000,200.0000,502,40.0000,12.0000,0.4808,1.0000,1.0200,-0.0231,1,-0.583333
2025-W47,BEST,4923,2025-11-20 15:41:04,2025-11-20 15:41:10,LONG,24160.0000,24170.0000,REVERSAL,0,1,40.0000,200.0000,290,40.0000,16.0000,0.0000,0.5682,0.8079,-0.3269,0,-0.850000
2025-W47,BEST,4924,2025-11-20 15:43:08,2025-11-20 15:44:27,LONG,24159.5000,24159.5000,REVERSAL,1,2,40.0000,200.0000,1339,33.0000,40.0000,0.0938,0.4507,0.9971,-0.0444,1,-0.232143
2025-W47,BEST,4925,2025-11-20 15:45:14,2025-11-20 15:45:28,SHORT,24168.2500,24158.2500,REVERSAL,0,1,40.0000,200.0000,297,40.0000,22.0000,0.0000,2.3077,1.5052,-0.1144,1,-0.263889
2025-W47,BEST,4926,2025-11-20 15:46:44,2025-11-20 15:47:46,LONG,24129.0000,24139.2500,REVERSAL,0,1,41.0000,205.0000,1479,41.0000,27.0000,0.0000,0.3571,0.7341,-0.2239,0,-0.750000
2025-W47,BEST,4927,2025-11-20 15:48:48,2025-11-20 15:49:01,LONG,24131.2500,24141.5000,REVERSAL,0,1,41.0000,205.0000,201,41.0000,14.0000,0.6579,0.7600,0.9482,0.1007,0,-0.388889
2025-W47,BEST,4928,2025-11-20 15:49:01,2025-11-20 15:49:07,SHORT,24141.5000,24131.2500,REVERSAL,0,1,41.0000,205.0000,77,41.0000,0.0000,-0.7368,0.7600,0.9482,-0.1007,3,0.388889
2025-W47,BEST,4929,2025-11-21 09:30:00,2025-11-21 09:30:02,LONG,24176.2500,24186.2500,REVERSAL,0,1,40.0000,200.0000,459,40.0000,0.0000,0.1458,0.7059,1.5672,-0.5269,1,
2025-W47,BEST,4930,2025-11-21 09:30:39,2025-11-21 09:30:41,SHORT,24276.5000,24266.5000,REVERSAL,0,1,40.0000,200.0000,247,40.0000,1.0000,0.2500,0.7213,1.1046,-0.2381,0,-8.250000
2025-W47,BEST,4931,2025-11-21 09:30:41,2025-11-21 09:30:51,LONG,24266.5000,24246.5000,HARD_STOP,1,2,-120.0000,-600.0000,911,25.0000,60.0000,-0.1591,0.7213,1.1046,0.2381,3,8.250000
2025-W47,BEST,4932,2025-11-21 09:30:56,2025-11-21 09:31:02,LONG,24242.7500,24252.7500,REVERSAL,0,1,40.0000,200.0000,487,40.0000,5.0000,0.0244,0.5942,1.1596,0.0942,0,-1.250000
2025-W47,BEST,4933,2025-11-21 09:31:03,2025-11-21 09:31:06,SHORT,24267.2500,24256.7500,REVERSAL,0,1,42.0000,210.0000,205,42.0000,2.0000,0.0169,1.6389,1.3649,-0.2932,0,-14.500000
2025-W47,BEST,4934,2025-11-21 09:31:06,2025-11-21 09:31:07,LONG,24256.7500,24267.0000,REVERSAL,0,1,41.0000,205.0000,128,41.0000,16.0000,0.2712,1.6389,1.3649,0.2932,3,14.500000
2025-W47,BEST,4935,2025-11-21 09:31:29,2025-11-21 09:31:36,LONG,24225.5000,24205.5000,HARD_STOP,1,2,-120.0000,-600.0000,574,17.0000,60.0000,0.8444,0.7377,1.0620,-0.0308,1,0.833333
2025-W47,BEST,4936,2025-11-21 09:32:54,2025-11-21 09:33:01,SHORT,24233.0000,24233.0000,REVERSAL,1,2,41.0000,205.0000,465,20.5000,41.0000,0.6633,1.8846,1.4623,0.1575,3,3.150000
2025-W47,BEST,4937,2025-11-21 09:34:12,2025-11-21 09:34:22,SHORT,24220.0000,24240.0000,HARD_STOP,1,2,-120.0000,-600.0000,468,35.0000,60.0000,0.9268,0.4271,1.1192,-0.0190,1,0.850000
2025-W47,BEST,4938,2025-11-21 09:34:57,2025-11-21 09:35:00,LONG,24222.5000,24232.7500,REVERSAL,0,1,41.0000,205.0000,253,41.0000,5.0000,0.1017,1.0351,0.8877,-0.1660,0,-0.583333
2025-W47,BEST,4939,2025-11-21 09:35:26,2025-11-21 09:35:53,LONG,24195.5000,24196.5000,REVERSAL,1,2,48.0000,240.0000,1362,24.0000,52.0000,0.2000,0.9322,1.0025,0.1737,1,-0.666667
2025-W47,BEST,4940,2025-11-21 09:36:49,2025-11-21 09:37:14,SHORT,24246.7500,24244.5000,REVERSAL,1,2,58.0000,290.0000,1245,36.0000,45.0000,0.0000,0.8214,1.1226,-0.0149,0,-1.041667
2025-W47,BEST,4941,2025-11-21 09:37:39,2025-11-21 09:37:44,SHORT,24267.5000,24257.0000,REVERSAL,0,1,42.0000,210.0000,179,42.0000,5.0000,0.0735,0.7727,0.7828,-0.1822,1,-2.142857
2025-W47,BEST,4942,2025-11-21 09:37:44,2025-11-21 09:37:52,LONG,24257.0000,24237.0000,HARD_STOP,1,2,-120.0000,-600.0000,281,10.0000,60.0000,0.3088,0.7727,0.7828,0.1822,2,2.142857
2025-W47,BEST,4943,2025-11-21 09:37:59,2025-11-21 09:38:01,LONG,24238.0000,24248.0000,REVERSAL,0,1,40.0000,200.0000,133,40.0000,12.0000,0.0667,0.9615,1.0543,-0.0403,1,-0.833333
2025-W47,BEST,4944,2025-11-21 09:38:01,2025-11-21 09:38:09,SHORT,24248.0000,24248.0000,REVERSAL,1,2,40.0000,200.0000,333,20.0000,40.0000,0.4000,0.9615,1.0543,0.0403,2,0.833333
2025-W47,BEST,4945,2025-11-21 09:39:16,2025-11-21 09:39:24,LONG,24188.7500,24198.7500,REVERSAL,0,1,40.0000,200.0000,333,40.0000,32.0000,0.7258,0.8052,0.9688,-0.0039,2,0.333333
2025-W47,BEST,4946,2025-11-21 09:41:34,2025-11-21 09:41:52,SHORT,24243.5000,24233.5000,REVERSAL,0,1,40.0000,200.0000,532,40.0000,33.0000,0.3333,0.6706,0.9792,-0.0000,1,-0.083333
2025-W47,BEST,4947,2025-11-21 09:42:06,2025-11-21 09:42:12,SHORT,24263.7500,24253.7500,REVERSAL,0,1,40.0000,200.0000,228,40.0000,11.0000,0.1220,0.8200,0.6941,-0.2819,0,-4.125000
2025-W47,BEST,4948,2025-11-21 09:42:12,2025-11-21 09:42:17,LONG,24253.7500,24233.5000,HARD_STOP,1,2,-120.0000,-600.0000,295,6.0000,60.0000,-0.0976,0.8200,0.6941,0.2819,3,4.125000
2025-W47,BEST,4949,2025-11-21 09:43:08,2025-11-21 09:43:18,LONG,24187.5000,24198.5000,REVERSAL,0,1,44.0000,220.0000,325,44.0000,29.0000,0.5122,0.6119,1.0504,-0.0353,1,-0.600000
2025-W47,BEST,4950,2025-11-21 09:45:25,2025-11-21 09:45:42,LONG,24176.0000,24176.0000,REVERSAL,1,2,40.0000,200.0000,581,39.0000,40.0000,0.2838,0.8315,0.7805,-0.3050,1,-0.772727
2025-W47,BEST,4951,2025-11-21 09:45:58,2025-11-21 09:46:14,LONG,24147.5000,24127.2500,HARD_STOP,1,2,-121.0000,-605.0000,1408,22.0000,60.5000,0.2105,0.6552,0.7879,-0.3741,0,-0.625000
2025-W47,BEST,4952,2025-11-21 09:46:15,2025-11-21 09:46:30,SHORT,24130.2500,24130.2500,REVERSAL,1,2,40.0000,200.0000,996,20.0000,51.0000,0.1800,1.2195,1.2710,0.3020,3,3.750000
2025-W47,BEST,4953,2025-11-21 09:46:34,2025-11-21 09:47:00,LONG,24118.0000,24118.0000,REVERSAL,1,2,40.0000,200.0000,1978,30.0000,46.0000,0.3553,1.6889,1.3444,-0.1227,0,-8.750000
2025-W47,BEST,4954,2025-11-21 09:47:42,2025-11-21 09:47:47,LONG,24132.7500,24143.0000,REVERSAL,0,1,41.0000,205.0000,276,41.0000,16.0000,0.0164,0.8592,0.9296,-0.2057,0,-3.250000
2025-W47,BEST,4955,2025-11-21 09:48:14,2025-11-21 09:48:25,SHORT,24188.7500,24188.5000,REVERSAL,1,2,42.0000,210.0000,1139,21.0000,58.0000,0.9474,0.5429,0.9714,-0.1120,0,-0.000000
2025-W47,BEST,4956,2025-11-21 09:50:33,2025-11-21 09:50:35,LONG,24187.2500,24198.2500,REVERSAL,0,1,44.0000,220.0000,69,44.0000,6.0000,-0.0172,0.9062,0.9777,0.0035,0,-1.357143
2025-W47,BEST,4957,2025-11-21 09:50:35,2025-11-21 09:50:51,SHORT,24198.2500,24198.2500,REVERSAL,1,2,40.0000,200.0000,426,28.0000,41.0000,0.2586,0.9062,0.9777,-0.0035,3,1.357143
2025-W47,BEST,4958,2025-11-21 09:51:44,2025-11-21 09:51:50,SHORT,24216.2500,24205.7500,REVERSAL,0,1,42.0000,210.0000,171,42.0000,17.0000,0.2151,1.7222,1.2029,-0.3208,0,-2.357143
2025-W47,BEST,4959,2025-11-21 09:51:50,2025-11-21 09:52:07,LONG,24205.7500,24185.7500,HARD_STOP,1,2,-120.0000,-600.0000,369,39.0000,60.0000,0.3333,1.7222,1.2029,0.3208,3,2.357143
2025-W47,BEST,4960,2025-11-21 09:52:08,2025-11-21 09:52:13,SHORT,24194.0000,24194.0000,REVERSAL,1,2,40.0000,200.0000,183,20.0000,42.0000,0.6667,1.2078,1.0179,0.0431,2,1.450000
2025-W47,BEST,4961,2025-11-21 09:53:16,2025-11-21 09:53:19,LONG,24211.0000,24221.2500,REVERSAL,0,1,41.0000,205.0000,65,41.0000,0.0000,0.0500,0.7843,0.9347,-0.4387,0,-1.541667
2025-W47,BEST,4962,2025-11-21 09:53:19,2025-11-21 09:53:27,SHORT,24221.2500,24220.0000,REVERSAL,1,2,50.0000,250.0000,183,25.0000,40.0000,-0.0750,0.7843,0.9347,0.4387,3,1.541667
2025-W47,BEST,4963,2025-11-21 09:53:27,2025-11-21 09:53:31,LONG,24220.0000,24230.0000,REVERSAL,0,1,40.0000,200.0000,47,40.0000,3.0000,0.9500,0.7843,0.9347,-0.4387,0,-1.541667
2025-W47,BEST,4964,2025-11-21 09:54:50,2025-11-21 09:54:53,SHORT,24296.0000,24285.5000,REVERSAL,0,1,42.0000,210.0000,149,42.0000,8.0000,0.1538,2.1667,1.3233,-0.2432,1,-1.900000
2025-W47,BEST,4965,2025-11-21 09:54:53,2025-11-21 09:55:01,LONG,24285.5000,24265.5000,HARD_STOP,1,2,-120.0000,-600.0000,444,4.0000,60.0000,0.0385,2.1667,1.3233,0.2432,2,1.900000
2025-W47,BEST,4966,2025-11-21 09:55:03,2025-11-21 09:55:36,SHORT,24271.0000,24260.5000,REVERSAL,0,1,42.0000,210.0000,908,42.0000,39.0000,0.3226,1.4419,1.0115,0.0270,3,3.500000
2025-W47,BEST,4967,2025-11-21 09:55:36,2025-11-21 09:56:04,LONG,24260.5000,24240.0000,HARD_STOP,1,2,-123.0000,-615.0000,932,38.0000,61.5000,-0.0690,1.2083,1.0327,0.0515,1,-0.138889
2025-W47,BEST,4968,2025-11-21 09:56:15,2025-11-21 09:56:16,LONG,24217.5000,24227.5000,REVERSAL,0,1,40.0000,200.0000,76,40.0000,1.0000,0.2727,1.8857,1.1616,-0.3412,0,-2.833333
2025-W47,BEST,4969,2025-11-21 09:56:16,2025-11-21 09:56:18,SHORT,24227.5000,24216.7500,REVERSAL,0,1,43.0000,215.0000,108,43.0000,7.0000,0.1212,1.8857,1.1616,0.3412,3,2.833333
2025-W47,BEST,4970,2025-11-21 09:56:18,2025-11-21 09:56:19,LONG,24216.7500,24227.0000,REVERSAL,0,1,41.0000,205.0000,37,41.0000,0.0000,0.2273,1.8857,1.1616,-0.3412,0,-2.833333
2025-W47,BEST,4971,2025-11-21 09:56:19,2025-11-21 09:56:25,SHORT,24227.0000,24216.2500,REVERSAL,0,1,43.0000,215.0000,132,43.0000,2.0000,0.1515,1.8857,1.1616,0.3412,3,2.833333
2025-W47,BEST,4972,2025-11-21 09:56:34,2025-11-21 09:56:37,LONG,24182.7500,24193.2500,REVERSAL,0,1,42.0000,210.0000,300,42.0000,29.0000,0.0000,0.8308,0.7504,-0.2996,0,-2.500000
2025-W47,BEST,4973,2025-11-21 09:58:11,2025-11-21 09:58:11,SHORT,24210.7500,24200.5000,REVERSAL,0,1,41.0000,205.0000,25,41.0000,0.0000,0.0351,1.0962,0.8107,0.0956,1,-0.958333
2025-W47,BEST,4974,2025-11-21 09:58:11,2025-11-21 09:58:35,LONG,24200.5000,24200.5000,REVERSAL,1,2,40.0000,200.0000,578,32.0000,46.0000,0.2456,1.0962,0.8107,-0.0956,2,0.958333
2025-W47,BEST,4975,2025-11-21 09:58:35,2025-11-21 09:59:30,SHORT,24200.5000,24190.0000,REVERSAL,0,1,42.0000,210.0000,725,42.0000,34.0000,-0.0645,0.9841,1.0447,-0.0394,2,0.527778
2025-W47,BEST,4976,2025-11-21 10:00:08,2025-11-21 10:00:09,SHORT,24221.5000,24211.0000,REVERSAL,0,1,42.0000,210.0000,18,42.0000,0.0000,0.0645,0.6889,1.6302,-0.0455,0,-1.100000
2025-W47,BEST,4977,2025-11-21 10:00:09,2025-11-21 10:00:15,LONG,24211.0000,24221.0000,REVERSAL,0,1,40.0000,200.0000,212,40.0000,18.0000,0.5968,0.6889,1.6302,0.0455,3,1.100000
2025-W47,BEST,4978,2025-11-21 10:00:15,2025-11-21 10:00:17,SHORT,24221.0000,24210.7500,REVERSAL,0,1,41.0000,205.0000,96,41.0000,1.0000,0.0806,0.6889,1.6302,-0.0455,0,-1.100000
2025-W47,BEST,4979,2025-11-21 10:01:03,2025-11-21 10:01:11,LONG,24147.2500,24127.2500,HARD_STOP,1,2,-120.0000,-600.0000,827,30.0000,60.0000,0.1053,0.6333,1.1738,-0.0397,0,-1.750000
2025-W47,BEST,4980,2025-11-21 10:01:32,2025-11-21 10:01:35,LONG,24124.0000,24134.0000,REVERSAL,0,1,40.0000,200.0000,129,40.0000,2.0000,0.0909,2.2759,1.4400,0.1085,1,-5.000000
2025-W47,BEST,4981,2025-11-21 10:01:35,2025-11-21 10:01:44,SHORT,24134.0000,24124.0000,REVERSAL,0,1,40.0000,200.0000,392,40.0000,25.0000,0.3030,2.2759,1.4400,-0.1085,2,5.000000
2025-W47,BEST,4982,2025-11-21 10:02:43,2025-11-21 10:02:46,LONG,24095.5000,24105.5000,REVERSAL,0,1,40.0000,200.0000,133,40.0000,1.0000,0.0513,1.5600,0.9382,-0.0227,0,-1.500000
2025-W47,BEST,4983,2025-11-21 10:02:46,2025-11-21 10:03:03,SHORT,24105.5000,24095.5000,REVERSAL,0,1,40.0000,200.0000,549,40.0000,12.0000,-0.0769,1.5600,0.9382,0.0227,3,1.500000
2025-W47,BEST,4984,2025-11-21 10:03:18,2025-11-21 10:03:24,SHORT,24094.7500,24084.7500,REVERSAL,0,1,40.0000,200.0000,289,40.0000,36.0000,0.3684,0.8444,0.9991,-0.1515,0,-1.312500
2025-W47,BEST,4985,2025-11-21 10:04:46,2025-11-21 10:04:49,SHORT,24137.0000,24136.7500,REVERSAL,1,2,42.0000,210.0000,228,21.0000,40.0000,0.1250,0.8767,1.0177,-0.0739,0,-0.291667
2025-W47,BEST,4986,2025-11-21 10:04:49,2025-11-21 10:04:56,LONG,24136.7500,24136.5000,REVERSAL,1,2,39.0000,195.0000,241,19.5000,41.0000,0.8594,0.8767,1.0177,0.0739,3,0.291667
2025-W47,BEST,4987,2025-11-21 10:05:10,2025-11-21 10:05:12,SHORT,24174.7500,24164.7500,REVERSAL,0,1,40.0000,200.0000,130,40.0000,7.0000,0.1333,1.7045,1.2753,-0.0286,1,-3.062500
2025-W47,BEST,4988,2025-11-21 10:05:12,2025-11-21 10:05:14,LONG,24164.7500,24174.7500,REVERSAL,0,1,40.0000,200.0000,176,40.0000,25.0000,0.3333,1.7045,1.2753,0.0286,2,3.062500
2025-W47,BEST,4989,2025-11-21 10:06:04,2025-11-21 10:06:05,LONG,24171.0000,24181.5000,REVERSAL,0,1,42.0000,210.0000,197,42.0000,8.0000,0.1486,1.2759,1.0146,-0.1385,1,-2.583333
2025-W47,BEST,4990,2025-11-21 10:06:05,2025-11-21 10:06:08,SHORT,24181.5000,24201.7500,HARD_STOP,1,2,-120.0000,-600.0000,221,0.0000,60.0000,0.2838,1.2759,1.0146,0.1385,2,2.583333
2025-W47,BEST,4991,2025-11-21 10:06:33,2025-11-21 10:06:34,LONG,24206.0000,24216.0000,REVERSAL,0,1,40.0000,200.0000,24,40.0000,0.0000,0.0682,0.9167,1.1070,-0.3742,1,-0.625000
2025-W47,BEST,4992,2025-11-21 10:06:34,2025-11-21 10:06:45,SHORT,24216.0000,24206.0000,REVERSAL,0,1,40.0000,200.0000,499,40.0000,33.0000,0.0227,0.9167,1.1070,0.3742,2,0.625000
2025-W47,BEST,4993,2025-11-21 10:06:49,2025-11-21 10:06:53,LONG,24198.2500,24208.2500,REVERSAL,0,1,40.0000,200.0000,102,40.0000,12.0000,0.1000,1.6667,1.0799,-0.1386,1,-2.600000
2025-W47,BEST,4994,2025-11-21 10:06:53,2025-11-21 10:07:01,SHORT,24208.2500,24208.5000,REVERSAL,1,2,39.0000,195.0000,225,19.5000,41.0000,0.2333,1.6667,1.0799,0.1386,2,2.600000
2025-W47,BEST,4995,2025-11-21 10:07:26,2025-11-21 10:07:27,LONG,24177.0000,24187.7500,REVERSAL,0,1,43.0000,215.0000,92,43.0000,0.0000,0.0625,1.7778,1.3389,-0.2283,1,-3.291667
2025-W47,BEST,4996,2025-11-21 10:07:27,2025-11-21 10:07:36,SHORT,24187.7500,24187.7500,REVERSAL,1,2,40.0000,200.0000,288,20.0000,49.0000,0.4896,1.7778,1.3389,0.2283,2,3.291667
2025-W47,BEST,4997,2025-11-21 10:11:34,2025-11-21 10:11:45,LONG,24130.0000,24109.7500,HARD_STOP,1,2,-122.0000,-610.0000,392,19.0000,61.0000,1.0000,1.0857,1.0034,0.0691,3,3.500000
2025-W47,BEST,4998,2025-11-21 10:15:05,2025-11-21 10:15:13,LONG,24097.7500,24108.7500,REVERSAL,0,1,44.0000,220.0000,212,44.0000,16.0000,0.0319,1.6786,1.4756,0.0391,2,-3.562500
2025-W47,BEST,4999,2025-11-21 10:15:13,2025-11-21 10:15:20,SHORT,24108.7500,24129.2500,HARD_STOP,1,2,-121.0000,-605.0000,238,24.0000,60.5000,0.5000,1.6786,1.4756,-0.0391,1,3.562500
2025-W47,BEST,5000,2025-11-21 10:15:47,2025-11-21 10:16:01,LONG,24117.7500,24097.7500,HARD_STOP,1,2,-120.0000,-600.0000,356,14.0000,60.0000,0.9036,1.6600,1.0573,-0.0733,1,1.875000
2025-W47,BEST,5001,2025-11-21 10:16:15,2025-11-21 10:16:16,LONG,24095.0000,24105.0000,REVERSAL,0,1,40.0000,200.0000,58,40.0000,0.0000,0.6111,0.4500,0.8917,0.3034,1,0.583333
2025-W47,BEST,5002,2025-11-21 10:16:16,2025-11-21 10:16:19,SHORT,24105.0000,24094.0000,REVERSAL,0,1,44.0000,220.0000,132,44.0000,11.0000,-0.7222,0.4500,0.8917,-0.3034,2,-0.583333
2025-W47,BEST,5003,2025-11-21 10:16:19,2025-11-21 10:16:29,LONG,24094.0000,24104.0000,REVERSAL,0,1,40.0000,200.0000,319,40.0000,26.0000,0.5000,0.4500,0.8917,0.3034,1,0.583333
2025-W47,BEST,5004,2025-11-21 10:16:44,2025-11-21 10:16:46,SHORT,24122.0000,24111.2500,REVERSAL,0,1,43.0000,215.0000,52,43.0000,1.0000,0.0000,1.3607,1.2669,-0.1527,0,-5.187500
2025-W47,BEST,5005,2025-11-21 10:16:46,2025-11-21 10:17:01,LONG,24111.2500,24091.2500,HARD_STOP,1,2,-120.0000,-600.0000,278,3.0000,60.0000,0.4819,1.3607,1.2669,0.1527,3,5.187500
2025-W47,BEST,5006,2025-11-21 10:17:35,2025-11-21 10:17:44,LONG,24052.7500,24062.7500,REVERSAL,0,1,40.0000,200.0000,598,40.0000,29.0000,0.1905,0.3621,0.7981,-0.2639,0,-0.916667
2025-W47,BEST,5007,2025-11-21 10:19:30,2025-11-21 10:19:46,SHORT,24123.0000,24124.5000,REVERSAL,1,2,34.0000,170.0000,427,17.0000,46.0000,1.0169,0.9833,0.9835,0.2077,1,1.750000
2025-W47,BEST,5008,2025-11-21 10:20:57,2025-11-21 10:21:01,LONG,24091.5000,24071.2500,HARD_STOP,1,2,-120.0000,-600.0000,140,8.0000,60.0000,0.6957,1.0575,1.7044,0.2344,2,1.750000
2025-W47,BEST,5009,2025-11-21 10:21:36,2025-11-21 10:21:45,SHORT,24064.7500,24054.7500,REVERSAL,0,1,40.0000,200.0000,215,40.0000,39.0000,0.1233,2.0278,1.5945,-0.3071,2,-2.107143
2025-W47,BEST,5010,2025-11-21 10:21:45,2025-11-21 10:22:02,LONG,24054.7500,24034.5000,HARD_STOP,1,2,-121.0000,-605.0000,529,0.0000,60.5000,0.3288,2.0278,1.5945,0.3071,1,2.107143
2025-W47,BEST,5011,2025-11-21 10:22:34,2025-11-21 10:22:40,SHORT,24079.0000,24099.0000,HARD_STOP,1,2,-120.0000,-600.0000,298,33.0000,60.0000,1.0299,1.0469,1.6269,0.0502,1,1.300000
2025-W47,BEST,5012,2025-11-21 10:22:47,2025-11-21 10:22:51,SHORT,24127.2500,24116.7500,REVERSAL,0,1,42.0000,210.0000,185,42.0000,3.0000,0.1818,0.4521,0.7330,-0.3333,0,-3.250000
2025-W47,BEST,5013,2025-11-21 10:22:51,2025-11-21 10:22:59,LONG,24116.7500,24116.7500,REVERSAL,1,2,40.0000,200.0000,487,20.0000,40.0000,-0.4545,0.4521,0.7330,0.3333,3,3.250000
2025-W47,BEST,5014,2025-11-21 10:23:50,2025-11-21 10:23:53,SHORT,24144.5000,24133.7500,REVERSAL,0,1,43.0000,215.0000,128,43.0000,8.0000,0.1392,0.9405,1.1265,-0.3164,2,-1.850000
2025-W47,BEST,5015,2025-11-21 10:23:53,2025-11-21 10:24:05,LONG,24133.7500,24113.5000,HARD_STOP,1,2,-122.0000,-610.0000,556,19.0000,61.0000,0.3165,0.9405,1.1265,0.3164,1,1.850000
2025-W47,BEST,5016,2025-11-21 10:24:18,2025-11-21 10:24:22,LONG,24096.7500,24106.7500,REVERSAL,0,1,40.0000,200.0000,212,40.0000,24.0000,0.6167,0.8000,0.8518,0.0579,0,-1.100000
2025-W47,BEST,5017,2025-11-21 10:24:22,2025-11-21 10:24:29,SHORT,24106.7500,24127.5000,HARD_STOP,1,2,-122.0000,-610.0000,227,19.0000,61.0000,-0.2833,0.8000,0.8518,-0.0579,3,1.100000
2025-W47,BEST,5018,2025-11-21 10:24:34,2025-11-21 10:24:39,SHORT,24141.0000,24131.0000,REVERSAL,0,1,40.0000,200.0000,188,40.0000,21.0000,0.1622,0.6789,1.0382,-0.5420,0,-5.083333
2025-W47,BEST,5019,2025-11-21 10:24:39,2025-11-21 10:24:43,LONG,24131.0000,24141.7500,REVERSAL,0,1,43.0000,215.0000,157,43.0000,19.0000,0.2973,0.6789,1.0382,0.5420,3,5.083333
2025-W47,BEST,5020,2025-11-21 10:25:42,2025-11-21 10:25:47,LONG,24157.7500,24167.7500,REVERSAL,0,1,40.0000,200.0000,167,40.0000,9.0000,0.0392,0.4513,1.3335,-0.1494,0,-2.200000
2025-W47,BEST,5021,2025-11-21 10:25:47,2025-11-21 10:25:50,SHORT,24167.7500,24157.7500,REVERSAL,0,1,40.0000,200.0000,114,40.0000,0.0000,0.1765,0.4513,1.3335,0.1494,3,2.200000
2025-W47,BEST,5022,2025-11-21 10:26:40,2025-11-21 10:26:44,LONG,24099.2500,24109.2500,REVERSAL,0,1,40.0000,200.0000,105,40.0000,16.0000,0.2024,1.6154,1.4418,0.2720,1,-2.333333
2025-W47,BEST,5023,2025-11-21 10:26:44,2025-11-21 10:27:01,SHORT,24109.2500,24110.0000,REVERSAL,1,2,37.0000,185.0000,530,18.5000,43.0000,0.3214,1.6154,1.4418,-0.2720,2,2.333333
2025-W47,BEST,5024,2025-11-21 10:27:05,2025-11-21 10:27:26,SHORT,24117.0000,24115.7500,REVERSAL,1,2,50.0000,250.0000,496,30.0000,49.0000,0.4286,1.0000,0.9118,0.1022,1,1.321429
2025-W47,BEST,5025,2025-11-21 10:28:33,2025-11-21 10:28:44,LONG,24074.0000,24073.7500,REVERSAL,1,2,40.0000,200.0000,305,21.0000,42.0000,1.0152,0.9706,1.1149,-0.0530,2,1.535714
2025-W47,BEST,5026,2025-11-21 10:29:00,2025-11-21 10:29:06,LONG,24044.0000,24054.0000,REVERSAL,0,1,40.0000,200.0000,253,40.0000,36.0000,0.1250,0.5714,1.0099,-0.0742,1,-1.850000
2025-W47,BEST,5027,2025-11-21 10:29:23,2025-11-21 10:29:41,LONG,24041.5000,24041.7500,REVERSAL,1,2,42.0000,210.0000,557,21.0000,40.0000,0.5400,0.7692,0.9088,0.2210,2,-0.062500
2025-W47,BEST,5028,2025-11-21 10:30:07,2025-11-21 10:30:25,LONG,24029.7500,24039.7500,REVERSAL,0,1,40.0000,200.0000,693,40.0000,33.0000,0.8611,0.6545,0.9124,-0.3240,0,-0.375000
2025-W47,BEST,5029,2025-11-21 10:32:38,2025-11-21 10:32:41,SHORT,24077.2500,24067.2500,REVERSAL,0,1,40.0000,200.0000,224,40.0000,36.0000,0.4833,1.0526,1.0013,-0.3202,0,-1.035714
2025-W47,BEST,5030,2025-11-21 10:32:41,2025-11-21 10:32:55,LONG,24067.2500,24068.2500,REVERSAL,1,2,48.0000,240.0000,347,24.0000,40.0000,-0.1500,1.0526,1.0013,0.3202,3,1.035714
2025-W47,BEST,5031,2025-11-21 10:34:37,2025-11-21 10:34:47,LONG,24013.0000,24023.0000,REVERSAL,0,1,40.0000,200.0000,302,40.0000,5.0000,0.4054,0.4302,1.1707,-0.4316,1,-1.750000
2025-W47,BEST,5032,2025-11-21 10:34:53,2025-11-21 10:34:56,SHORT,24032.0000,24022.0000,REVERSAL,0,1,40.0000,200.0000,162,40.0000,16.0000,0.1311,1.5641,1.3091,-0.3043,1,-1.531250
2025-W47,BEST,5033,2025-11-21 10:34:56,2025-11-21 10:35:11,LONG,24022.0000,24002.0000,HARD_STOP,1,2,-120.0000,-600.0000,804,8.0000,60.0000,0.2131,1.5641,1.3091,0.3043,2,1.531250
2025-W47,BEST,5034,2025-11-21 10:35:12,2025-11-21 10:35:26,SHORT,24007.2500,23997.2500,REVERSAL,0,1,40.0000,200.0000,561,40.0000,19.0000,0.5192,0.8667,1.2441,0.1704,2,1.333333
2025-W47,BEST,5035,2025-11-21 10:35:30,2025-11-21 10:35:33,SHORT,24002.5000,23992.5000,REVERSAL,0,1,40.0000,200.0000,89,40.0000,6.0000,0.4872,1.6957,1.2738,0.0747,2,2.250000
2025-W47,BEST,5036,2025-11-21 10:35:43,2025-11-21 10:35:43,LONG,23980.0000,23990.0000,REVERSAL,0,1,40.0000,200.0000,129,40.0000,11.0000,0.0000,0.9706,0.7061,-0.6522,0,-2.750000
2025-W47,BEST,5037,2025-11-21 10:35:43,2025-11-21 10:35:47,SHORT,23990.0000,23979.7500,REVERSAL,0,1,41.0000,205.0000,199,41.0000,12.0000,-0.2121,0.9706,0.7061,0.6522,3,2.750000
2025-W47,BEST,5038,2025-11-21 10:36:11,2025-11-21 10:36:25,LONG,23976.2500,23986.2500,REVERSAL,0,1,40.0000,200.0000,470,40.0000,36.0000,0.3774,1.2045,1.1023,0.2981,2,1.250000
2025-W47,BEST,5039,2025-11-21 10:36:40,2025-11-21 10:36:46,LONG,23949.0000,23959.0000,REVERSAL,0,1,40.0000,200.0000,315,40.0000,23.0000,0.2545,1.4103,1.1385,0.0195,0,-2.625000
2025-W47,BEST,5040,2025-11-21 10:37:13,2025-11-21 10:37:18,LONG,23928.2500,23938.2500,REVERSAL,0,1,40.0000,200.0000,272,40.0000,4.0000,-0.0278,0.8372,0.7830,-0.0112,0,-0.916667
2025-W47,BEST,5041,2025-11-21 10:37:36,2025-11-21 10:37:42,SHORT,23966.2500,23956.0000,REVERSAL,0,1,41.0000,205.0000,270,41.0000,27.0000,0.1346,1.4054,1.0273,-0.1341,0,-3.416667
2025-W47,BEST,5042,2025-11-21 10:38:17,2025-11-21 10:38:33,SHORT,23964.0000,23964.5000,REVERSAL,1,2,38.0000,190.0000,539,39.0000,42.0000,0.6364,0.5077,0.8142,0.3890,1,-1.625000
2025-W47,BEST,5043,2025-11-21 10:38:40,2025-11-21 10:38:54,SHORT,23982.0000,23971.5000,REVERSAL,0,1,42.0000,210.0000,464,42.0000,12.0000,0.0217,1.3333,1.4508,-0.1913,1,-0.472222
2025-W47,BEST,5044,2025-11-21 10:39:25,2025-11-21 10:39:36,LONG,23945.0000,23955.0000,REVERSAL,0,1,40.0000,200.0000,393,40.0000,28.0000,0.2826,0.6571,1.0429,0.1873,1,0.583333
2025-W47,BEST,5045,2025-11-21 10:39:52,2025-11-21 10:40:03,SHORT,23953.7500,23943.7500,REVERSAL,0,1,40.0000,200.0000,346,40.0000,6.0000,0.4143,1.0448,1.1545,-0.1765,1,-0.395833
2025-W47,BEST,5046,2025-11-21 10:40:12,2025-11-21 10:40:24,SHORT,23940.0000,23960.0000,HARD_STOP,1,2,-120.0000,-600.0000,710,18.0000,60.0000,0.2727,0.9016,1.1947,0.2561,3,0.333333
2025-W47,BEST,5047,2025-11-21 10:40:29,2025-11-21 10:40:31,LONG,23953.0000,23963.2500,REVERSAL,0,1,41.0000,205.0000,122,41.0000,13.0000,-0.1714,0.4605,0.9754,-0.1155,2,-0.812500
2025-W47,BEST,5048,2025-11-21 10:40:31,2025-11-21 10:40:38,SHORT,23963.2500,23963.2500,REVERSAL,1,2,40.0000,200.0000,392,20.0000,40.0000,0.0000,0.4605,0.9754,0.1155,1,0.812500
2025-W47,BEST,5049,2025-11-21 10:41:30,2025-11-21 10:41:33,SHORT,23994.0000,23984.0000,REVERSAL,0,1,40.0000,200.0000,159,40.0000,7.0000,0.3288,1.2373,1.1971,-0.0709,0,-1.850000
2025-W47,BEST,5050,2025-11-21 10:41:33,2025-11-21 10:41:46,LONG,23984.0000,23984.0000,REVERSAL,1,2,41.0000,205.0000,381,36.0000,41.5000,0.1233,1.2373,1.1971,0.0709,3,1.850000
2025-W47,BEST,5051,2025-11-21 10:41:56,2025-11-21 10:42:04,LONG,23970.2500,23980.5000,REVERSAL,0,1,41.0000,205.0000,302,41.0000,18.0000,0.0714,0.8434,1.1762,0.0079,0,-0.159091
2025-W47,BEST,5052,2025-11-21 10:42:28,2025-11-21 10:42:35,LONG,23965.7500,23975.7500,REVERSAL,0,1,40.0000,200.0000,182,40.0000,23.0000,0.2143,1.3548,1.0509,-0.1890,1,-1.775000
2025-W47,BEST,5053,2025-11-21 10:42:35,2025-11-21 10:42:44,SHORT,23975.7500,23975.0000,REVERSAL,1,2,47.0000,235.0000,229,23.5000,41.0000,0.3095,1.3548,1.0509,0.1890,2,1.775000
2025-W47,BEST,5054,2025-11-21 10:43:04,2025-11-21 10:43:10,SHORT,24005.2500,23995.2500,REVERSAL,0,1,40.0000,200.0000,134,40.0000,0.0000,0.0641,1.9500,1.2417,-0.1805,0,-1.437500
2025-W47,BEST,5055,2025-11-21 10:43:10,2025-11-21 10:43:14,LONG,23995.2500,24005.5000,REVERSAL,0,1,41.0000,205.0000,127,41.0000,19.0000,0.4231,1.9500,1.2417,0.1805,3,1.437500
2025-W47,BEST,5056,2025-11-21 10:44:13,2025-11-21 10:44:31,SHORT,24041.5000,24041.2500,REVERSAL,1,2,42.0000,210.0000,1012,34.0000,42.0000,0.3846,1.0000,0.8768,-0.5033,0,-8.000000
2025-W47,BEST,5057,2025-11-21 10:44:37,2025-11-21 10:44:49,SHORT,24044.5000,24043.7500,REVERSAL,1,2,46.0000,230.0000,342,23.0000,40.0000,0.1692,1.7568,1.2341,0.1407,2,0.333333
2025-W47,BEST,5058,2025-11-21 10:45:37,2025-11-21 10:45:40,SHORT,24050.5000,24039.7500,REVERSAL,0,1,43.0000,215.0000,163,43.0000,23.0000,0.0000,0.6277,1.0719,-0.5352,0,-3.250000
2025-W47,BEST,5059,2025-11-21 10:45:40,2025-11-21 10:45:47,LONG,24039.7500,24039.5000,REVERSAL,1,2,39.0000,195.0000,237,19.5000,41.0000,0.2712,0.6277,1.0719,0.5352,3,3.250000
2025-W47,BEST,5060,2025-11-21 10:46:20,2025-11-21 10:46:37,SHORT,24045.5000,24035.5000,REVERSAL,0,1,40.0000,200.0000,264,40.0000,24.0000,0.4471,1.1806,1.2110,0.1473,2,-1.428571
2025-W47,BEST,5061,2025-11-21 10:47:27,2025-11-21 10:47:33,SHORT,24074.0000,24063.5000,REVERSAL,0,1,42.0000,210.0000,263,42.0000,26.0000,0.1829,1.6078,1.1351,-0.1378,1,-1.937500
2025-W47,BEST,5062,2025-11-21 10:48:11,2025-11-21 10:48:13,LONG,24059.5000,24069.5000,REVERSAL,0,1,40.0000,200.0000,52,40.0000,0.0000,0.1512,1.0118,1.2026,-0.3231,0,-3.600000
2025-W47,BEST,5063,2025-11-21 10:48:13,2025-11-21 10:48:23,SHORT,24069.5000,24059.5000,REVERSAL,0,1,40.0000,200.0000,249,40.0000,29.0000,0.3837,1.0118,1.2026,0.3231,3,3.600000
2025-W47,BEST,5064,2025-11-21 10:49:39,2025-11-21 10:49:46,SHORT,24101.7500,24091.5000,REVERSAL,0,1,41.0000,205.0000,209,41.0000,6.0000,0.0417,0.4034,0.8027,-0.1552,1,-1.000000
2025-W47,BEST,5065,2025-11-21 10:49:46,2025-11-21 10:49:47,LONG,24091.5000,24102.5000,REVERSAL,0,1,44.0000,220.0000,63,44.0000,5.0000,0.1042,0.4034,0.8027,0.1552,2,1.000000
2025-W47,BEST,5066,2025-11-21 10:50:54,2025-11-21 10:50:56,SHORT,24094.2500,24084.2500,REVERSAL,0,1,40.0000,200.0000,74,40.0000,8.0000,0.4151,0.8689,0.7850,-0.1308,0,-1.178571
2025-W47,BEST,5067,2025-11-21 10:50:56,2025-11-21 10:50:58,LONG,24084.2500,24094.5000,REVERSAL,0,1,41.0000,205.0000,27,41.0000,0.0000,-0.1698,0.8689,0.7850,0.1308,3,1.178571
2025-W47,BEST,5068,2025-11-21 10:50:58,2025-11-21 10:51:11,SHORT,24094.5000,24084.2500,REVERSAL,0,1,41.0000,205.0000,229,41.0000,7.0000,0.3962,0.8689,0.7850,-0.1308,0,-1.178571
2025-W47,BEST,5069,2025-11-21 10:54:46,2025-11-21 10:54:47,SHORT,24098.2500,24088.2500,REVERSAL,0,1,40.0000,200.0000,62,40.0000,2.0000,0.0405,1.0882,1.1980,-0.0722,0,-1.022727
2025-W47,BEST,5070,2025-11-21 10:54:47,2025-11-21 10:55:01,LONG,24088.2500,24067.7500,HARD_STOP,1,2,-121.0000,-605.0000,620,28.0000,60.5000,0.4189,1.0882,1.1980,0.0722,3,1.022727
2025-W47,BEST,5071,2025-11-21 10:58:22,2025-11-21 10:58:25,LONG,24023.2500,24033.5000,REVERSAL,0,1,41.0000,205.0000,58,41.0000,1.0000,0.2466,1.4314,1.0699,0.0985,0,-0.375000
2025-W47,BEST,5072,2025-11-21 10:58:25,2025-11-21 10:58:29,SHORT,24033.5000,24022.2500,REVERSAL,0,1,45.0000,225.0000,42,45.0000,3.0000,0.1918,1.4314,1.0699,-0.0985,3,0.375000
2025-W47,BEST,5073,2025-11-21 10:58:29,2025-11-21 10:58:46,LONG,24022.2500,24032.2500,REVERSAL,0,1,40.0000,200.0000,402,40.0000,17.0000,0.1918,1.4314,1.0699,0.0985,0,-0.375000
2025-W47,BEST,5074,2025-11-21 10:58:52,2025-11-21 10:58:58,SHORT,24056.2500,24046.2500,REVERSAL,0,1,40.0000,200.0000,109,40.0000,7.0000,0.0571,2.4419,1.5517,-0.3463,0,-4.250000
2025-W47,BEST,5075,2025-11-21 10:58:58,2025-11-21 10:59:35,LONG,24046.2500,24025.5000,HARD_STOP,1,2,-125.0000,-625.0000,508,17.0000,62.5000,0.5619,2.4419,1.5517,0.3463,3,4.250000
2025-W47,BEST,5076,2025-11-21 11:03:40,2025-11-21 11:03:52,LONG,23993.7500,24005.2500,REVERSAL,0,1,46.0000,230.0000,125,46.0000,15.0000,0.1316,0.5758,0.7004,-0.3377,1,-0.694444
2025-W47,BEST,5077,2025-11-21 11:03:52,2025-11-21 11:04:01,SHORT,24005.2500,23993.0000,REVERSAL,0,1,49.0000,245.0000,161,49.0000,32.0000,-0.3421,0.5758,0.7004,0.3377,2,0.694444
2025-W47,BEST,5078,2025-11-21 11:08:36,2025-11-21 11:09:00,SHORT,24014.7500,24034.7500,HARD_STOP,1,2,-120.0000,-600.0000,413,24.0000,60.0000,0.9138,0.8169,1.2153,0.3680,2,0.583333
2025-W47,BEST,5079,2025-11-21 11:10:14,2025-11-21 11:11:22,SHORT,24047.0000,24046.7500,REVERSAL,1,2,44.0000,220.0000,1337,35.0000,49.0000,0.8438,0.9846,1.2309,-0.2353,1,-0.833333
2025-W47,BEST,5080,2025-11-21 11:13:24,2025-11-21 11:13:37,SHORT,24084.2500,24074.2500,REVERSAL,0,1,40.0000,200.0000,324,40.0000,18.0000,0.1176,0.7312,0.9695,-0.2381,0,-1.111111
2025-W47,BEST,5081,2025-11-21 11:22:17,2025-11-21 11:22:38,SHORT,24101.0000,24101.0000,REVERSAL,1,2,40.0000,200.0000,621,20.0000,40.0000,1.0133,1.1364,1.0082,-0.1756,1,1.750000
2025-W47,BEST,5082,2025-11-21 11:27:40,2025-11-21 11:27:41,SHORT,24145.7500,24135.7500,REVERSAL,0,1,40.0000,200.0000,34,40.0000,0.0000,0.0909,1.2754,1.2033,-0.2274,0,-0.892857
2025-W47,BEST,5083,2025-11-21 11:27:41,2025-11-21 11:28:03,LONG,24135.7500,24136.0000,REVERSAL,1,2,42.0000,210.0000,477,27.0000,47.0000,0.4545,1.2754,1.2033,0.2274,3,0.892857
2025-W47,BEST,5084,2025-11-21 11:28:46,2025-11-21 11:29:30,SHORT,24146.5000,24166.5000,HARD_STOP,1,2,-120.0000,-600.0000,1128,28.0000,60.0000,0.6774,0.5254,0.7803,-0.0792,1,0.312500
2025-W47,BEST,5085,2025-11-21 11:30:13,2025-11-21 11:30:15,SHORT,24192.2500,24182.2500,REVERSAL,0,1,40.0000,200.0000,72,40.0000,1.0000,0.2292,2.6667,1.5170,-0.2762,0,-0.625000
2025-W47,BEST,5086,2025-11-21 11:30:15,2025-11-21 11:30:26,LONG,24182.2500,24193.0000,REVERSAL,0,1,43.0000,215.0000,303,43.0000,17.0000,-0.0625,2.6667,1.5170,0.2762,3,0.625000
2025-W47,BEST,5087,2025-11-21 11:31:11,2025-11-21 11:31:14,LONG,24169.2500,24179.5000,REVERSAL,0,1,41.0000,205.0000,122,41.0000,2.0000,0.2444,0.6000,2.0857,0.0342,0,-2.062500
2025-W47,BEST,5088,2025-11-21 11:31:14,2025-11-21 11:31:35,SHORT,24179.5000,24169.5000,REVERSAL,0,1,40.0000,200.0000,504,40.0000,14.0000,-0.1556,0.6000,2.0857,-0.0342,3,2.062500
2025-W47,BEST,5089,2025-11-21 11:34:30,2025-11-21 11:34:33,SHORT,24194.2500,24184.0000,REVERSAL,0,1,41.0000,205.0000,114,41.0000,2.0000,0.1486,1.0725,0.9729,-0.1849,1,-1.312500
2025-W47,BEST,5090,2025-11-21 11:34:33,2025-11-21 11:34:52,LONG,24184.0000,24163.0000,HARD_STOP,1,2,-126.0000,-630.0000,326,22.0000,63.0000,0.2973,1.0725,0.9729,0.1849,2,1.312500
2025-W47,BEST,5091,2025-11-21 11:37:23,2025-11-21 11:37:53,SHORT,24218.5000,24218.2500,REVERSAL,1,2,44.0000,220.0000,798,37.0000,42.0000,0.6964,1.4000,1.1255,0.1394,2,0.750000
2025-W47,BEST,5092,2025-11-21 11:38:40,2025-11-21 11:38:48,SHORT,24226.2500,24216.2500,REVERSAL,0,1,40.0000,200.0000,186,40.0000,12.0000,0.1129,1.3191,1.1937,-0.1364,1,-1.000000
2025-W47,BEST,5093,2025-11-21 11:38:48,2025-11-21 11:39:10,LONG,24216.2500,24196.2500,HARD_STOP,1,2,-120.0000,-600.0000,458,29.0000,60.0000,0.2419,1.3191,1.1937,0.1364,2,1.000000
2025-W47,BEST,5094,2025-11-21 11:39:40,2025-11-21 11:39:47,SHORT,24210.7500,24200.7500,REVERSAL,0,1,40.0000,200.0000,131,40.0000,0.0000,0.2909,1.0577,0.8498,-0.0272,1,-0.223684
2025-W47,BEST,5095,2025-11-21 11:39:47,2025-11-21 11:40:01,LONG,24200.7500,24210.7500,REVERSAL,0,1,40.0000,200.0000,160,40.0000,9.0000,-0.0182,1.0577,0.8498,0.0272,2,0.223684
2025-W47,BEST,5096,2025-11-21 11:40:27,2025-11-21 11:40:52,LONG,24214.5000,24224.7500,REVERSAL,0,1,41.0000,205.0000,334,41.0000,37.0000,0.2000,0.6329,1.1226,-0.0077,1,-0.102941
2025-W47,BEST,5097,2025-11-21 11:45:41,2025-11-21 11:45:53,LONG,24198.5000,24198.5000,REVERSAL,1,2,40.0000,200.0000,256,20.0000,40.0000,0.5517,1.3488,1.0212,0.0943,2,0.395833
2025-W47,BEST,5098,2025-11-21 11:46:25,2025-11-21 11:46:32,SHORT,24222.0000,24211.5000,REVERSAL,0,1,42.0000,210.0000,171,42.0000,15.0000,-0.0152,0.7021,1.2056,-0.1494,0,-0.750000
2025-W47,BEST,5099,2025-11-21 11:46:32,2025-11-21 11:47:06,LONG,24211.5000,24210.7500,REVERSAL,1,2,37.0000,185.0000,414,23.0000,43.0000,0.3788,0.7021,1.2056,0.1494,3,0.750000
2025-W47,BEST,5100,2025-11-21 11:47:16,2025-11-21 11:47:18,LONG,24201.0000,24211.2500,REVERSAL,0,1,41.0000,205.0000,22,41.0000,0.0000,0.1228,1.2128,0.9197,-0.1395,0,-0.303571
2025-W47,BEST,5101,2025-11-21 11:47:18,2025-11-21 11:47:27,SHORT,24211.2500,24211.0000,REVERSAL,1,2,42.0000,210.0000,125,21.0000,40.0000,0.1579,1.2128,0.9197,0.1395,3,0.303571
2025-W47,BEST,5102,2025-11-21 11:47:27,2025-11-21 11:47:48,LONG,24211.0000,24212.0000,REVERSAL,1,2,48.0000,240.0000,232,24.0000,40.0000,0.8246,1.2128,0.9197,-0.1395,0,-0.303571
2025-W47,BEST,5103,2025-11-21 11:48:37,2025-11-21 11:48:43,LONG,24235.0000,24246.0000,REVERSAL,0,1,44.0000,220.0000,87,44.0000,17.0000,0.8393,0.6588,1.1164,-0.0837,1,-0.134615
2025-W47,BEST,5104,2025-11-21 11:48:43,2025-11-21 11:48:55,SHORT,24246.0000,24236.0000,REVERSAL,0,1,40.0000,200.0000,191,40.0000,6.0000,-0.6250,0.6588,1.1164,0.0837,2,0.134615
2025-W47,BEST,5105,2025-11-21 11:51:20,2025-11-21 11:51:33,SHORT,24265.2500,24255.0000,REVERSAL,0,1,41.0000,205.0000,338,41.0000,17.0000,0.3667,0.8571,0.6786,-0.1941,0,-0.666667
2025-W47,BEST,5106,2025-11-21 11:55:34,2025-11-21 11:56:11,SHORT,24287.0000,24287.0000,REVERSAL,1,2,41.0000,205.0000,718,34.0000,41.0000,0.7381,1.0244,1.0003,-0.0584,2,0.354167
2025-W47,BEST,5107,2025-11-21 11:56:11,2025-11-21 11:56:22,LONG,24287.0000,24297.2500,REVERSAL,0,1,41.0000,205.0000,194,41.0000,9.0000,0.4722,1.5652,1.3302,-0.0227,2,0.482143
2025-W47,BEST,5108,2025-11-21 11:57:44,2025-11-21 11:58:19,SHORT,24326.0000,24346.5000,HARD_STOP,1,2,-120.0000,-600.0000,1074,8.0000,60.0000,0.9643,0.6222,0.7611,-0.0332,1,0.437500
2025-W47,BEST,5109,2025-11-21 11:59:28,2025-11-21 12:00:03,SHORT,24371.0000,24371.0000,REVERSAL,1,2,40.0000,200.0000,1238,33.0000,40.0000,0.1765,0.4722,1.0933,-0.1377,0,-0.600000
2025-W47,BEST,5110,2025-11-21 12:00:03,2025-11-21 12:00:11,LONG,24371.0000,24351.0000,HARD_STOP,1,2,-120.0000,-600.0000,408,1.0000,60.0000,0.0870,1.7037,1.3174,0.4317,2,1.400000
2025-W47,BEST,5111,2025-11-21 12:01:49,2025-11-21 12:02:02,LONG,24328.7500,24338.7500,REVERSAL,0,1,40.0000,200.0000,330,40.0000,19.0000,0.1026,0.4588,1.2919,-0.1227,0,-0.916667
2025-W47,BEST,5112,2025-11-21 12:02:51,2025-11-21 12:03:29,LONG,24318.5000,24329.2500,REVERSAL,0,1,43.0000,215.0000,1113,43.0000,23.0000,0.2308,0.5493,0.7891,0.0537,0,-0.312500
2025-W47,BEST,5113,2025-11-21 12:04:43,2025-11-21 12:05:08,SHORT,24354.7500,24354.7500,REVERSAL,1,2,40.0000,200.0000,583,20.0000,40.0000,0.1842,0.8085,1.2746,-0.1860,1,-0.545455
2025-W47,BEST,5114,2025-11-21 12:05:08,2025-11-21 12:05:30,LONG,24354.7500,24334.5000,HARD_STOP,1,2,-121.0000,-605.0000,443,15.0000,60.5000,0.0769,1.2093,1.1704,0.0337,2,1.000000
2025-W47,BEST,5115,2025-11-21 12:09:09,2025-11-21 12:09:40,SHORT,24367.7500,24387.7500,HARD_STOP,1,2,-120.0000,-600.0000,973,14.0000,60.0000,0.1346,1.3684,1.0175,-0.2969,0,-0.263158
2025-W47,BEST,5116,2025-11-21 12:10:35,2025-11-21 12:11:00,LONG,24378.2500,24378.0000,REVERSAL,1,2,39.0000,195.0000,432,19.5000,41.0000,0.5686,1.0000,0.9554,0.1120,2,0.352941
2025-W47,BEST,5117,2025-11-21 12:11:54,2025-11-21 12:12:00,LONG,24370.7500,24380.7500,REVERSAL,0,1,40.0000,200.0000,47,40.0000,8.0000,0.0000,0.7115,0.9090,0.0498,0,-0.086957
2025-W47,BEST,5118,2025-11-21 12:12:00,2025-11-21 12:12:02,SHORT,24380.7500,24370.7500,REVERSAL,0,1,40.0000,200.0000,43,40.0000,2.0000,-0.0811,0.7115,0.9090,-0.0498,3,0.086957
2025-W47,BEST,5119,2025-11-21 12:12:02,2025-11-21 12:12:37,LONG,24370.7500,24350.5000,HARD_STOP,1,2,-121.0000,-605.0000,541,20.0000,60.5000,0.0000,0.7115,0.9090,0.0498,0,-0.086957
2025-W47,BEST,5120,2025-11-21 12:12:52,2025-11-21 12:13:26,SHORT,24356.0000,24346.0000,REVERSAL,0,1,40.0000,200.0000,519,40.0000,38.0000,0.3333,0.5816,0.9810,-0.0222,2,0.583333
2025-W47,BEST,5121,2025-11-21 12:14:13,2025-11-21 12:14:21,SHORT,24364.0000,24354.0000,REVERSAL,0,1,40.0000,200.0000,198,40.0000,4.0000,0.0000,2.0968,1.3584,-0.1373,0,-0.510417
2025-W47,BEST,5122,2025-11-21 12:14:21,2025-11-21 12:15:09,LONG,24354.0000,24365.0000,REVERSAL,0,1,44.0000,220.0000,656,44.0000,7.0000,0.3846,2.0968,1.3584,0.1373,2,0.510417
2025-W47,BEST,5123,2025-11-21 12:15:38,2025-11-21 12:15:54,LONG,24343.0000,24353.0000,REVERSAL,0,1,40.0000,200.0000,243,40.0000,12.0000,0.0794,1.1250,1.5280,0.0584,1,-0.609375
2025-W47,BEST,5124,2025-11-21 12:15:54,2025-11-21 12:16:11,SHORT,24353.0000,24342.5000,REVERSAL,0,1,42.0000,210.0000,259,42.0000,32.0000,0.2857,1.1250,1.5280,-0.0584,2,0.609375
2025-W47,BEST,5125,2025-11-21 12:20:12,2025-11-21 12:20:31,LONG,24315.5000,24315.7500,REVERSAL,1,2,42.0000,210.0000,567,21.0000,40.0000,0.7949,1.3448,0.9361,-0.0409,0,-0.687500
2025-W47,BEST,5126,2025-11-21 12:21:07,2025-11-21 12:21:11,SHORT,24344.0000,24333.7500,REVERSAL,0,1,41.0000,205.0000,94,41.0000,2.0000,0.2927,0.4409,1.1322,-0.3123,1,-1.050000
2025-W47,BEST,5127,2025-11-21 12:21:11,2025-11-21 12:21:44,LONG,24333.7500,24333.5000,REVERSAL,1,2,39.0000,195.0000,596,26.0000,52.5000,-0.2927,0.4409,1.1322,0.3123,2,1.050000
2025-W47,BEST,5128,2025-11-21 12:24:08,2025-11-21 12:25:07,SHORT,24378.2500,24368.2500,REVERSAL,0,1,40.0000,200.0000,1086,40.0000,29.0000,0.3585,1.1778,1.2507,-0.1314,0,-0.805556
2025-W47,BEST,5129,2025-11-21 12:26:14,2025-11-21 12:27:02,SHORT,24384.0000,24374.0000,REVERSAL,0,1,40.0000,200.0000,707,40.0000,28.0000,0.3333,0.4688,1.3772,0.1407,2,-0.020833
2025-W47,BEST,5130,2025-11-21 12:33:02,2025-11-21 12:33:13,SHORT,24395.0000,24385.0000,REVERSAL,0,1,40.0000,200.0000,232,40.0000,19.0000,0.0408,1.2564,0.9282,-0.5000,0,-0.865385
2025-W47,BEST,5131,2025-11-21 12:33:13,2025-11-21 12:33:22,LONG,24385.0000,24395.0000,REVERSAL,0,1,40.0000,200.0000,97,40.0000,7.0000,0.1429,1.2564,0.9282,0.5000,3,0.865385
2025-W47,BEST,5132,2025-11-21 12:34:08,2025-11-21 12:34:19,SHORT,24398.5000,24388.5000,REVERSAL,0,1,40.0000,200.0000,268,40.0000,9.0000,0.1667,0.7143,0.7131,-0.3080,0,-0.575000
2025-W47,BEST,5133,2025-11-21 12:35:00,2025-11-21 12:35:05,LONG,24382.5000,24392.5000,REVERSAL,0,1,40.0000,200.0000,90,40.0000,10.0000,-0.1471,0.7083,1.1542,-0.0272,1,-0.107143
2025-W47,BEST,5134,2025-11-21 12:35:24,2025-11-21 12:36:07,LONG,24389.7500,24399.7500,REVERSAL,0,1,40.0000,200.0000,582,40.0000,33.0000,-0.0571,0.6863,1.0931,-0.1748,2,0.615385
2025-W47,BEST,5135,2025-11-21 12:37:07,2025-11-21 12:37:46,SHORT,24407.5000,24396.2500,REVERSAL,0,1,45.0000,225.0000,690,45.0000,32.0000,0.3922,2.5500,1.5250,-0.5507,0,-0.750000
2025-W47,BEST,5136,2025-11-21 12:40:07,2025-11-21 12:41:05,LONG,24375.0000,24355.0000,HARD_STOP,1,2,-120.0000,-600.0000,1046,21.0000,60.0000,0.5075,1.7632,1.2270,-0.2148,2,0.220588
2025-W47,BEST,5137,2025-11-21 12:45:43,2025-11-21 12:46:07,SHORT,24385.5000,24385.2500,REVERSAL,1,2,42.0000,210.0000,306,39.0000,40.0000,0.8929,0.9032,1.1255,0.2829,1,0.826923
2025-W47,BEST,5138,2025-11-21 12:51:46,2025-11-21 12:52:04,LONG,24368.7500,24348.2500,HARD_STOP,1,2,-121.0000,-605.0000,328,6.0000,60.5000,0.8732,1.8205,1.3436,0.2000,2,0.617647
2025-W47,BEST,5139,2025-11-21 12:53:13,2025-11-21 12:53:29,SHORT,24356.0000,24346.0000,REVERSAL,0,1,40.0000,200.0000,245,40.0000,8.0000,0.0000,1.4615,1.1370,-0.1004,1,-0.539474
2025-W47,BEST,5140,2025-11-21 12:53:29,2025-11-21 12:53:39,LONG,24346.0000,24356.0000,REVERSAL,0,1,40.0000,200.0000,126,40.0000,1.0000,0.2982,1.4615,1.1370,0.1004,2,0.539474
2025-W47,BEST,5141,2025-11-21 12:55:11,2025-11-21 12:56:06,SHORT,24374.5000,24373.2500,REVERSAL,1,2,50.0000,250.0000,799,28.0000,40.0000,0.3889,0.5217,1.0275,-0.0178,0,-0.113636
2025-W47,BEST,5142,2025-11-21 12:58:50,2025-11-21 12:59:09,LONG,24337.7500,24347.7500,REVERSAL,0,1,40.0000,200.0000,238,40.0000,16.0000,0.1613,0.3735,0.7121,-0.0117,1,-0.416667
2025-W47,BEST,5143,2025-11-21 12:59:09,2025-11-21 13:00:29,SHORT,24347.7500,24347.7500,REVERSAL,1,2,40.0000,200.0000,1023,20.0000,40.0000,-0.4516,0.3735,0.7121,0.0117,2,0.416667
2025-W47,BEST,5144,2025-11-21 13:03:33,2025-11-21 13:03:49,LONG,24322.7500,24332.7500,REVERSAL,0,1,40.0000,200.0000,323,40.0000,1.0000,0.1471,1.2143,0.8617,0.1852,0,-0.475000
2025-W47,BEST,5145,2025-11-21 13:05:07,2025-11-21 13:05:37,LONG,24283.2500,24263.2500,HARD_STOP,1,2,-120.0000,-600.0000,1499,11.0000,60.0000,0.9111,1.5517,1.2937,0.2109,2,1.550000
2025-W47,BEST,5146,2025-11-21 13:08:24,2025-11-21 13:09:02,LONG,24269.5000,24248.7500,HARD_STOP,1,2,-121.0000,-605.0000,501,0.0000,60.5000,0.8254,1.6579,1.2089,0.3154,2,1.090909
2025-W47,BEST,5147,2025-11-21 13:09:32,2025-11-21 13:09:48,SHORT,24276.7500,24266.2500,REVERSAL,0,1,42.0000,210.0000,206,42.0000,12.0000,0.0189,0.6974,1.6154,-0.2392,1,-0.687500
2025-W47,BEST,5148,2025-11-21 13:09:48,2025-11-21 13:10:26,LONG,24266.2500,24246.2500,HARD_STOP,1,2,-120.0000,-600.0000,548,28.0000,60.0000,0.1887,0.6974,1.6154,0.2392,2,0.687500
2025-W47,BEST,5149,2025-11-21 13:13:23,2025-11-21 13:13:33,SHORT,24263.0000,24253.0000,REVERSAL,0,1,40.0000,200.0000,200,40.0000,16.0000,0.2667,1.1321,1.0960,-0.1595,1,-1.100000
2025-W47,BEST,5150,2025-11-21 13:13:33,2025-11-21 13:14:47,LONG,24253.0000,24233.0000,HARD_STOP,1,2,-120.0000,-600.0000,857,23.0000,60.0000,0.0667,1.1321,1.0960,0.1595,2,1.100000
2025-W47,BEST,5151,2025-11-21 13:15:22,2025-11-21 13:16:29,LONG,24214.7500,24224.7500,REVERSAL,0,1,40.0000,200.0000,1491,40.0000,33.0000,0.6286,2.0588,1.2103,-0.0698,0,-0.550000
2025-W47,BEST,5152,2025-11-21 13:19:26,2025-11-21 13:19:49,SHORT,24238.0000,24227.7500,REVERSAL,0,1,41.0000,205.0000,408,41.0000,26.0000,0.1724,0.4833,0.7774,-0.0039,0,-0.406250
2025-W47,BEST,5153,2025-11-21 13:20:02,2025-11-21 13:20:02,SHORT,24235.2500,24225.0000,REVERSAL,0,1,41.0000,205.0000,33,41.0000,0.0000,0.0256,0.7091,1.3028,0.0337,2,0.367647
2025-W47,BEST,5154,2025-11-21 13:20:02,2025-11-21 13:20:05,LONG,24225.0000,24235.2500,REVERSAL,0,1,41.0000,205.0000,45,41.0000,3.0000,-0.0769,0.7091,1.3028,-0.0337,1,-0.367647
2025-W47,BEST,5155,2025-11-21 13:20:05,2025-11-21 13:21:18,SHORT,24235.2500,24255.7500,HARD_STOP,1,2,-124.0000,-620.0000,1527,28.0000,62.0000,0.0256,0.7091,1.3028,0.0337,2,0.367647
2025-W47,BEST,5156,2025-11-21 13:21:34,2025-11-21 13:22:02,SHORT,24266.0000,24265.0000,REVERSAL,1,2,48.0000,240.0000,835,24.0000,40.0000,0.6000,0.6667,0.7745,-0.0305,1,0.428571
2025-W47,BEST,5157,2025-11-21 13:22:15,2025-11-21 13:22:54,LONG,24246.7500,24256.7500,REVERSAL,0,1,40.0000,200.0000,544,40.0000,22.0000,-0.0204,0.5833,1.6917,-0.1179,0,-1.111111
2025-W47,BEST,5158,2025-11-21 13:26:35,2025-11-21 13:26:52,LONG,24238.0000,24248.0000,REVERSAL,0,1,40.0000,200.0000,137,40.0000,12.0000,0.0795,0.9167,1.1440,0.1863,1,-0.201923
2025-W47,BEST,5159,2025-11-21 13:26:52,2025-11-21 13:27:12,SHORT,24248.0000,24237.2500,REVERSAL,0,1,43.0000,215.0000,145,43.0000,2.0000,0.4659,0.9167,1.1440,-0.1863,2,0.201923
2025-W47,BEST,5160,2025-11-21 13:30:48,2025-11-21 13:31:18,SHORT,24294.5000,24284.5000,REVERSAL,0,1,40.0000,200.0000,701,40.0000,20.0000,0.0000,1.5789,1.2767,-0.0946,0,-0.500000
2025-W47,BEST,5161,2025-11-21 13:32:27,2025-11-21 13:33:20,SHORT,24327.2500,24327.2500,REVERSAL,1,2,40.0000,200.0000,1028,23.0000,40.0000,0.1935,0.8158,0.7733,0.0635,0,-0.361111
2025-W47,BEST,5162,2025-11-21 13:33:53,2025-11-21 13:33:55,LONG,24301.2500,24311.2500,REVERSAL,0,1,40.0000,200.0000,73,40.0000,0.0000,0.2105,1.3256,1.0335,-0.3189,0,-1.022727
2025-W47,BEST,5163,2025-11-21 13:33:55,2025-11-21 13:35:30,SHORT,24311.2500,24331.2500,HARD_STOP,1,2,-120.0000,-600.0000,1230,33.0000,60.0000,0.0877,1.3256,1.0335,0.3189,3,1.022727
2025-W47,BEST,5164,2025-11-21 13:38:23,2025-11-21 13:39:16,SHORT,24352.7500,24372.7500,HARD_STOP,1,2,-120.0000,-600.0000,685,33.0000,60.0000,0.9836,1.4524,1.1929,0.4189,1,0.937500
2025-W47,BEST,5165,2025-11-21 13:40:37,2025-11-21 13:40:44,LONG,24352.7500,24362.7500,REVERSAL,0,1,40.0000,200.0000,98,40.0000,0.0000,0.0600,1.0870,1.1045,-0.1843,1,-1.041667
2025-W47,BEST,5166,2025-11-21 13:40:44,2025-11-21 13:41:08,SHORT,24362.7500,24352.2500,REVERSAL,0,1,42.0000,210.0000,298,42.0000,18.0000,0.1400,1.0870,1.1045,0.1843,2,1.041667
2025-W47,BEST,5167,2025-11-21 13:45:08,2025-11-21 13:46:07,SHORT,24391.0000,24381.0000,REVERSAL,0,1,40.0000,200.0000,818,40.0000,13.0000,0.2143,1.1053,0.9569,-0.1953,1,-0.166667
2025-W47,BEST,5168,2025-11-21 13:46:39,2025-11-21 13:46:49,SHORT,24389.5000,24379.2500,REVERSAL,0,1,41.0000,205.0000,74,41.0000,0.0000,0.0000,1.7250,1.3276,-0.1783,2,-1.038462
2025-W47,BEST,5169,2025-11-21 13:46:49,2025-11-21 13:47:43,LONG,24379.2500,24379.2500,REVERSAL,1,2,41.0000,205.0000,758,20.5000,41.0000,0.4058,1.7250,1.3276,0.1783,1,1.038462
2025-W47,BEST,5170,2025-11-21 13:48:15,2025-11-21 13:48:18,SHORT,24446.5000,24436.5000,REVERSAL,0,1,40.0000,200.0000,427,40.0000,12.0000,0.7778,0.8182,0.7365,-0.2797,0,
2025-W47,BEST,5171,2025-11-21 13:48:19,2025-11-21 13:48:22,SHORT,24441.7500,24462.2500,HARD_STOP,1,2,-121.0000,-605.0000,217,5.0000,60.5000,0.2982,1.5000,1.1722,0.1111,2,11.250000
2025-W47,BEST,5172,2025-11-21 13:48:29,2025-11-21 13:48:36,SHORT,24484.7500,24505.2500,HARD_STOP,1,2,-121.0000,-605.0000,618,19.0000,60.5000,0.6977,0.5059,0.8196,-0.0827,0,-1.000000
2025-W47,BEST,5173,2025-11-21 13:48:40,2025-11-21 13:48:43,LONG,24499.2500,24479.2500,HARD_STOP,1,2,-120.0000,-600.0000,453,6.0000,60.0000,0.2982,0.8769,1.0294,0.3652,2,2.500000
2025-W47,BEST,5174,2025-11-21 13:48:49,2025-11-21 13:48:57,SHORT,24501.0000,24491.0000,REVERSAL,0,1,40.0000,200.0000,495,40.0000,15.0000,0.4054,0.6981,1.0285,-0.2095,0,-0.875000
2025-W47,BEST,5175,2025-11-21 13:49:00,2025-11-21 13:49:10,SHORT,24499.2500,24519.2500,HARD_STOP,1,2,-120.0000,-600.0000,588,37.0000,60.0000,0.2909,1.6176,1.2683,0.0233,2,1.416667
2025-W47,BEST,5176,2025-11-21 13:49:17,2025-11-21 13:49:19,SHORT,24529.7500,24519.5000,REVERSAL,0,1,41.0000,205.0000,242,41.0000,13.0000,0.0000,1.6000,1.1261,-0.1103,1,-2.500000
2025-W47,BEST,5177,2025-11-21 13:49:19,2025-11-21 13:49:35,LONG,24519.5000,24499.5000,HARD_STOP,1,2,-120.0000,-600.0000,908,16.0000,60.0000,0.4306,1.6000,1.1261,0.1103,2,2.500000
2025-W47,BEST,5178,2025-11-21 13:49:39,2025-11-21 13:50:01,SHORT,24504.0000,24524.5000,HARD_STOP,1,2,-124.0000,-620.0000,871,24.0000,62.0000,0.3167,1.0345,1.3010,0.2326,2,2.200000
2025-W47,BEST,5179,2025-11-21 13:50:37,2025-11-21 13:50:40,SHORT,24552.2500,24542.0000,REVERSAL,0,1,41.0000,205.0000,143,41.0000,1.0000,0.5273,1.4103,1.0533,-0.1273,0,-0.083333
2025-W47,BEST,5180,2025-11-21 13:50:40,2025-11-21 13:50:57,LONG,24542.0000,24542.0000,REVERSAL,1,2,40.0000,200.0000,672,28.0000,40.0000,-0.2727,1.4103,1.0533,0.1273,3,0.083333
2025-W47,BEST,5181,2025-11-21 13:50:57,2025-11-21 13:51:12,SHORT,24542.0000,24541.5000,REVERSAL,1,2,44.0000,220.0000,621,28.0000,40.0000,-0.1154,1.0833,1.0871,0.1562,3,0.450000
2025-W47,BEST,5182,2025-11-21 13:51:35,2025-11-21 13:51:43,LONG,24529.7500,24539.7500,REVERSAL,0,1,40.0000,200.0000,293,40.0000,32.0000,0.3846,0.5200,0.9544,-0.1728,0,-0.750000
2025-W47,BEST,5183,2025-11-21 13:53:28,2025-11-21 13:53:36,LONG,24506.7500,24516.7500,REVERSAL,0,1,40.0000,200.0000,166,40.0000,2.0000,0.0612,0.9423,0.9439,-0.0846,2,-1.055556
2025-W47,BEST,5184,2025-11-21 13:53:36,2025-11-21 13:54:00,SHORT,24516.7500,24506.7500,REVERSAL,0,1,40.0000,200.0000,545,40.0000,14.0000,0.1224,0.9423,0.9439,0.0846,1,1.055556
2025-W47,BEST,5185,2025-11-21 13:54:13,2025-11-21 13:54:19,LONG,24485.2500,24495.7500,REVERSAL,0,1,42.0000,210.0000,191,42.0000,1.0000,0.0986,1.5106,1.1826,-0.2164,0,-2.900000
2025-W47,BEST,5186,2025-11-21 13:54:19,2025-11-21 13:54:31,SHORT,24495.7500,24485.7500,REVERSAL,0,1,40.0000,200.0000,205,40.0000,14.0000,0.3099,1.5106,1.1826,0.2164,3,2.900000
2025-W47,BEST,5187,2025-11-21 13:56:03,2025-11-21 13:56:05,SHORT,24506.2500,24495.5000,REVERSAL,0,1,43.0000,215.0000,40,43.0000,0.0000,0.6316,0.7600,0.6776,-0.0382,0,-0.214286
2025-W47,BEST,5188,2025-11-21 13:56:05,2025-11-21 13:56:10,LONG,24495.5000,24505.7500,REVERSAL,0,1,41.0000,205.0000,123,41.0000,9.0000,-0.7632,0.7600,0.6776,0.0382,3,0.214286
2025-W47,BEST,5189,2025-11-21 13:56:10,2025-11-21 13:56:31,SHORT,24505.7500,24495.7500,REVERSAL,0,1,40.0000,200.0000,320,40.0000,15.0000,0.6842,0.7600,0.6776,-0.0382,0,-0.214286
2025-W47,BEST,5190,2025-11-21 13:57:55,2025-11-21 13:58:16,LONG,24475.0000,24475.0000,REVERSAL,1,2,40.0000,200.0000,379,20.0000,40.0000,1.0204,0.8305,0.7583,0.1873,2,0.625000
2025-W47,BEST,5191,2025-11-21 14:00:21,2025-11-21 14:00:35,SHORT,24495.0000,24483.7500,REVERSAL,0,1,45.0000,225.0000,323,45.0000,22.0000,0.7073,0.7321,1.0661,-0.1429,0,-0.312500
2025-W47,BEST,5192,2025-11-21 14:03:45,2025-11-21 14:03:48,SHORT,24512.0000,24501.7500,REVERSAL,0,1,41.0000,205.0000,66,41.0000,5.0000,0.0469,0.8421,1.1966,-0.1158,1,-0.354167
2025-W47,BEST,5193,2025-11-21 14:03:48,2025-11-21 14:04:01,LONG,24501.7500,24512.0000,REVERSAL,0,1,41.0000,205.0000,198,41.0000,15.0000,0.3125,0.8421,1.1966,0.1158,2,0.354167
2025-W47,BEST,5194,2025-11-21 14:04:28,2025-11-21 14:05:04,SHORT,24514.7500,24514.5000,REVERSAL,1,2,42.0000,210.0000,1057,21.0000,40.0000,0.6875,0.4638,0.7975,-0.0292,2,0.173077
2025-W47,BEST,5195,2025-11-21 14:06:02,2025-11-21 14:06:10,LONG,24515.0000,24525.0000,REVERSAL,0,1,40.0000,200.0000,233,40.0000,38.0000,0.0000,1.2157,1.4047,-0.2364,1,-0.287500
2025-W47,BEST,5196,2025-11-21 14:06:10,2025-11-21 14:06:18,SHORT,24525.0000,24524.0000,REVERSAL,1,2,48.0000,240.0000,296,24.0000,40.0000,0.3548,1.2157,1.4047,0.2364,2,0.287500
2025-W47,BEST,5197,2025-11-21 14:07:40,2025-11-21 14:07:45,SHORT,24553.2500,24543.0000,REVERSAL,0,1,41.0000,205.0000,134,41.0000,1.0000,-0.0400,0.7143,0.7738,-0.1269,1,-0.550000
2025-W47,BEST,5198,2025-11-21 14:07:45,2025-11-21 14:08:52,LONG,24543.0000,24543.0000,REVERSAL,1,2,40.0000,200.0000,1162,30.0000,40.0000,-0.6000,0.7143,0.7738,0.1269,2,0.550000
2025-W47,BEST,5199,2025-11-21 14:09:24,2025-11-21 14:09:38,SHORT,24561.2500,24551.2500,REVERSAL,0,1,40.0000,200.0000,314,40.0000,5.0000,0.0000,0.6207,0.8103,-0.1835,0,-0.388889
2025-W47,BEST,5200,2025-11-21 14:10:10,2025-11-21 14:10:16,SHORT,24565.5000,24555.5000,REVERSAL,0,1,40.0000,200.0000,95,40.0000,0.0000,0.0462,1.5116,1.1946,-0.2355,1,-1.555556
2025-W47,BEST,5201,2025-11-21 14:10:16,2025-11-21 14:10:53,LONG,24555.5000,24555.0000,REVERSAL,1,2,38.0000,190.0000,653,19.0000,42.0000,0.3385,1.5116,1.1946,0.2355,2,1.555556
2025-W47,BEST,5202,2025-11-21 14:18:14,2025-11-21 14:18:19,LONG,24523.7500,24534.0000,REVERSAL,0,1,41.0000,205.0000,69,41.0000,2.0000,0.1607,0.7179,1.1888,-0.0943,1,-0.944444
2025-W47,BEST,5203,2025-11-21 14:18:19,2025-11-21 14:19:09,SHORT,24534.0000,24554.2500,HARD_STOP,1,2,-121.0000,-605.0000,615,16.0000,60.5000,0.1071,0.7179,1.1888,0.0943,2,0.944444
2025-W47,BEST,5204,2025-11-21 14:19:59,2025-11-21 14:20:11,LONG,24552.0000,24562.0000,REVERSAL,0,1,40.0000,200.0000,293,40.0000,33.0000,0.0000,0.8140,0.9314,-0.2091,1,-0.421053
2025-W47,BEST,5205,2025-11-21 14:22:20,2025-11-21 14:23:14,SHORT,24592.7500,24582.7500,REVERSAL,0,1,40.0000,200.0000,708,40.0000,8.0000,0.1515,0.9167,0.8413,-0.3534,0,-0.307692
2025-W47,BEST,5206,2025-11-21 14:24:15,2025-11-21 14:24:35,LONG,24572.7500,24583.2500,REVERSAL,0,1,42.0000,210.0000,269,42.0000,12.0000,-0.0233,0.7679,1.1407,-0.0855,1,-0.202381
2025-W47,BEST,5207,2025-11-21 14:25:38,2025-11-21 14:26:00,SHORT,24593.5000,24583.5000,REVERSAL,0,1,40.0000,200.0000,324,40.0000,11.0000,0.1515,0.6471,0.8902,0.1142,0,-0.291667
2025-W47,BEST,5208,2025-11-21 14:31:08,2025-11-21 14:31:40,LONG,24563.5000,24573.5000,REVERSAL,0,1,40.0000,200.0000,745,40.0000,30.0000,0.0769,0.6724,0.6856,-0.0526,0,-0.541667
2025-W47,BEST,5209,2025-11-21 14:33:32,2025-11-21 14:33:40,LONG,24521.2500,24531.2500,REVERSAL,0,1,40.0000,200.0000,174,40.0000,1.0000,0.1765,1.5000,1.1859,-0.0543,1,-0.975000
2025-W47,BEST,5210,2025-11-21 14:33:40,2025-11-21 14:34:49,SHORT,24531.2500,24521.2500,REVERSAL,0,1,40.0000,200.0000,1158,40.0000,28.0000,0.0392,1.5000,1.1859,0.0543,2,0.975000
2025-W47,BEST,5211,2025-11-21 14:40:19,2025-11-21 14:40:30,SHORT,24574.7500,24564.5000,REVERSAL,0,1,41.0000,205.0000,383,41.0000,33.0000,0.7105,0.6333,1.1500,0.0558,2,0.117647
2025-W47,BEST,5212,2025-11-21 14:44:24,2025-11-21 14:44:50,LONG,24499.5000,24510.5000,REVERSAL,0,1,44.0000,220.0000,515,44.0000,14.0000,0.0909,0.9429,0.8438,-0.3419,0,-0.307692
2025-W47,BEST,5213,2025-11-21 14:45:11,2025-11-21 14:45:17,LONG,24498.0000,24508.0000,REVERSAL,0,1,40.0000,200.0000,131,40.0000,4.0000,0.1286,2.3333,1.5417,-0.0703,2,-0.653846
2025-W47,BEST,5214,2025-11-21 14:45:17,2025-11-21 14:45:40,SHORT,24508.0000,24497.7500,REVERSAL,0,1,41.0000,205.0000,304,41.0000,3.0000,0.3000,2.3333,1.5417,0.0703,1,0.653846
2025-W47,BEST,5215,2025-11-21 14:46:26,2025-11-21 14:46:46,LONG,24483.2500,24493.7500,REVERSAL,0,1,42.0000,210.0000,420,42.0000,13.0000,0.2667,0.3797,1.0303,0.0530,1,-0.475000
2025-W47,BEST,5216,2025-11-21 14:47:23,2025-11-21 14:47:39,LONG,24473.7500,24484.0000,REVERSAL,0,1,41.0000,205.0000,284,41.0000,4.0000,0.1042,0.8136,1.1263,-0.2290,1,-0.964286
2025-W47,BEST,5217,2025-11-21 14:57:18,2025-11-21 14:57:36,LONG,24433.7500,24444.0000,REVERSAL,0,1,41.0000,205.0000,218,41.0000,17.0000,0.2326,0.5059,1.0548,-0.1635,0,-0.718750
2025-W47,BEST,5218,2025-11-21 14:57:36,2025-11-21 14:59:01,SHORT,24444.0000,24444.5000,REVERSAL,1,2,39.0000,195.0000,700,20.0000,43.0000,-0.1860,0.5059,1.0548,0.1635,3,0.718750
2025-W47,BEST,5219,2025-11-21 14:59:37,2025-11-21 15:00:37,SHORT,24458.0000,24478.0000,HARD_STOP,1,2,-120.0000,-600.0000,1151,22.0000,60.0000,0.1250,1.0667,1.0958,-0.0897,1,-0.153846
2025-W47,BEST,5220,2025-11-21 15:00:53,2025-11-21 15:01:24,LONG,24469.2500,24469.0000,REVERSAL,1,2,39.0000,195.0000,374,19.5000,51.5000,0.1364,0.8148,0.8650,0.2567,3,0.687500
2025-W47,BEST,5221,2025-11-21 15:05:09,2025-11-21 15:06:05,LONG,24450.5000,24460.5000,REVERSAL,0,1,40.0000,200.0000,679,40.0000,34.0000,0.2766,0.8868,0.9341,0.0268,1,0.014286
2025-W47,BEST,5222,2025-11-21 15:06:50,2025-11-21 15:07:21,LONG,24451.0000,24461.0000,REVERSAL,0,1,40.0000,200.0000,243,40.0000,16.0000,0.2469,2.0250,1.3202,-0.1841,1,-0.465909
2025-W47,BEST,5223,2025-11-21 15:07:21,2025-11-21 15:08:18,SHORT,24461.0000,24451.0000,REVERSAL,0,1,40.0000,200.0000,470,40.0000,27.0000,0.2593,2.0250,1.3202,0.1841,2,0.465909
2025-W47,BEST,5224,2025-11-21 15:08:32,2025-11-21 15:10:28,SHORT,24459.7500,24459.7500,REVERSAL,1,2,40.0000,200.0000,1011,20.0000,52.0000,0.4444,1.3091,1.1054,0.1061,1,0.474138
2025-W47,BEST,5225,2025-11-21 15:15:18,2025-11-21 15:15:29,SHORT,24483.2500,24472.5000,REVERSAL,0,1,43.0000,215.0000,80,43.0000,0.0000,0.0196,0.7391,0.9968,0.0423,1,-0.204545
2025-W47,BEST,5226,2025-11-21 15:15:29,2025-11-21 15:16:54,LONG,24472.5000,24483.2500,REVERSAL,0,1,43.0000,215.0000,756,43.0000,39.0000,0.1373,0.7391,0.9968,-0.0423,2,0.204545
2025-W47,BEST,5227,2025-11-21 15:18:56,2025-11-21 15:19:59,SHORT,24483.2500,24483.7500,REVERSAL,1,2,38.0000,190.0000,526,19.0000,42.0000,0.9756,1.0000,0.9457,0.2852,2,0.102564
2025-W47,BEST,5228,2025-11-21 15:20:52,2025-11-21 15:22:12,SHORT,24483.0000,24472.7500,REVERSAL,0,1,41.0000,205.0000,549,41.0000,22.0000,0.2500,1.1429,0.9025,-0.2437,1,-0.295455
2025-W47,BEST,5229,2025-11-21 15:23:43,2025-11-21 15:24:12,LONG,24455.0000,24435.0000,HARD_STOP,1,2,-120.0000,-600.0000,637,8.0000,60.0000,0.5263,0.6667,1.3161,-0.0423,1,0.812500
2025-W47,BEST,5230,2025-11-21 15:24:17,2025-11-21 15:24:30,LONG,24428.5000,24439.0000,REVERSAL,0,1,42.0000,210.0000,193,42.0000,2.0000,-0.5862,0.5918,0.8657,-0.1880,0,-0.611111
2025-W47,BEST,5231,2025-11-21 15:24:30,2025-11-21 15:25:44,SHORT,24439.0000,24438.7500,REVERSAL,1,2,42.0000,210.0000,1077,21.0000,59.0000,0.1379,0.5918,0.8657,0.1880,3,0.611111
2025-W47,BEST,5232,2025-11-21 15:25:44,2025-11-21 15:25:57,LONG,24438.7500,24449.2500,REVERSAL,0,1,42.0000,210.0000,141,42.0000,18.0000,-0.5349,1.1944,0.8619,0.0996,1,-0.201923
2025-W47,BEST,5233,2025-11-21 15:25:57,2025-11-21 15:26:30,SHORT,24449.2500,24439.2500,REVERSAL,0,1,40.0000,200.0000,326,40.0000,24.0000,0.5581,1.1944,0.8619,-0.0996,2,0.201923
2025-W47,BEST,5234,2025-11-21 15:28:51,2025-11-21 15:29:56,LONG,24410.0000,24389.7500,HARD_STOP,1,2,-120.0000,-600.0000,905,7.0000,60.0000,0.9400,2.1739,1.4463,0.3130,1,0.950000
2025-W47,BEST,5235,2025-11-21 15:30:01,2025-11-21 15:30:04,LONG,24368.0000,24378.0000,REVERSAL,0,1,40.0000,200.0000,152,40.0000,4.0000,0.0267,1.4706,1.4639,-0.3668,0,-17.750000
2025-W47,BEST,5236,2025-11-21 15:30:04,2025-11-21 15:30:16,SHORT,24378.0000,24377.7500,REVERSAL,1,2,42.0000,210.0000,373,21.0000,40.0000,0.4400,1.4706,1.4639,0.3668,3,17.750000
2025-W47,BEST,5237,2025-11-21 15:30:16,2025-11-21 15:31:09,LONG,24377.7500,24378.0000,REVERSAL,1,2,43.0000,215.0000,1431,35.0000,41.0000,-0.1111,0.5172,0.8386,0.0840,1,-0.638889
2025-W47,BEST,5238,2025-11-21 15:32:02,2025-11-21 15:32:07,SHORT,24370.7500,24360.5000,REVERSAL,0,1,41.0000,205.0000,52,41.0000,0.0000,0.0735,2.0000,1.6538,-0.1547,1,-1.545455
2025-W47,BEST,5239,2025-11-21 15:32:07,2025-11-21 15:33:07,LONG,24360.5000,24370.5000,REVERSAL,0,1,40.0000,200.0000,1032,40.0000,30.0000,0.3235,2.0000,1.6538,0.1547,2,1.545455
2025-W47,BEST,5240,2025-11-21 15:33:47,2025-11-21 15:33:56,SHORT,24399.5000,24389.2500,REVERSAL,0,1,41.0000,205.0000,291,41.0000,3.0000,0.2727,1.1000,0.8000,-0.2918,0,-1.093750
2025-W47,BEST,5241,2025-11-21 15:38:15,2025-11-21 15:38:19,SHORT,24426.5000,24416.5000,REVERSAL,0,1,40.0000,200.0000,40,40.0000,3.0000,0.1176,0.5152,0.9597,-0.1618,1,-0.416667
2025-W47,BEST,5242,2025-11-21 15:38:19,2025-11-21 15:39:41,LONG,24416.5000,24426.5000,REVERSAL,0,1,40.0000,200.0000,627,40.0000,14.0000,-0.2941,0.5152,0.9597,0.1618,2,0.416667
2025-W47,BEST,5243,2025-11-21 15:44:24,2025-11-21 15:44:56,LONG,24380.0000,24390.0000,REVERSAL,0,1,40.0000,200.0000,375,40.0000,17.0000,0.0000,0.4578,1.3817,0.0415,1,-0.141304
2025-W47,BEST,5244,2025-11-21 15:45:59,2025-11-21 15:46:24,SHORT,24403.5000,24403.5000,REVERSAL,1,2,40.0000,200.0000,431,20.0000,40.0000,0.2692,0.8667,0.9333,0.1286,2,0.171875
2025-W47,BEST,5245,2025-11-21 15:49:10,2025-11-21 15:49:44,SHORT,24424.7500,24413.7500,REVERSAL,0,1,44.0000,220.0000,319,44.0000,22.0000,0.6596,0.6351,1.2913,-0.2598,0,-0.200000
2025-W49,LOW,5629,2025-12-01 09:30:44,2025-12-01 09:31:17,SHORT,25272.7500,25272.7500,REVERSAL,1,2,40.0000,200.0000,1404,20.0000,41.0000,1.0000,1.5294,1.3718,0.0656,2,1.166667
2025-W49,LOW,5630,2025-12-01 09:34:07,2025-12-01 09:34:43,SHORT,25280.5000,25280.2500,REVERSAL,1,2,42.0000,210.0000,1195,21.0000,40.0000,0.9130,1.2778,1.2596,0.1654,1,1.791667
2025-W49,LOW,5631,2025-12-01 09:36:03,2025-12-01 09:36:06,SHORT,25302.7500,25292.5000,REVERSAL,0,1,41.0000,205.0000,194,41.0000,5.0000,0.0385,1.2683,1.2954,-0.2355,1,-1.900000
2025-W49,LOW,5632,2025-12-01 09:36:06,2025-12-01 09:36:12,LONG,25292.5000,25302.7500,REVERSAL,0,1,41.0000,205.0000,184,41.0000,7.0000,0.1731,1.2683,1.2954,0.2355,2,1.900000
2025-W49,LOW,5633,2025-12-01 09:38:10,2025-12-01 09:38:20,SHORT,25316.2500,25306.2500,REVERSAL,0,1,40.0000,200.0000,319,40.0000,1.0000,0.4259,1.4595,1.2583,-0.2388,1,-1.550000
2025-W49,LOW,5634,2025-12-01 09:40:00,2025-12-01 09:40:02,LONG,25257.7500,25267.7500,REVERSAL,0,1,40.0000,200.0000,297,40.0000,4.0000,0.0000,1.4000,1.1054,-0.4104,0,-2.666667
2025-W49,LOW,5635,2025-12-01 09:41:11,2025-12-01 09:41:29,LONG,25233.5000,25243.7500,REVERSAL,0,1,41.0000,205.0000,978,41.0000,25.0000,0.3810,0.2958,1.2573,-0.1603,0,-2.000000
2025-W49,LOW,5636,2025-12-01 09:42:59,2025-12-01 09:43:19,LONG,25250.0000,25230.0000,HARD_STOP,1,2,-120.0000,-600.0000,643,7.0000,60.0000,0.8409,1.1892,1.0690,0.2811,2,1.107143
2025-W49,LOW,5637,2025-12-01 09:51:03,2025-12-01 09:51:10,SHORT,25328.5000,25318.5000,REVERSAL,0,1,40.0000,200.0000,322,40.0000,8.0000,0.2857,1.2963,1.0339,-0.4478,0,-2.333333
2025-W49,LOW,5638,2025-12-01 09:53:53,2025-12-01 09:54:59,SHORT,25327.5000,25347.5000,HARD_STOP,1,2,-120.0000,-600.0000,1787,19.0000,60.0000,0.7000,1.2000,0.9125,0.0268,2,0.232143
2025-W49,LOW,5639,2025-12-01 09:56:37,2025-12-01 09:56:51,SHORT,25377.5000,25367.5000,REVERSAL,0,1,40.0000,200.0000,494,40.0000,8.0000,0.0938,1.5238,1.0801,-0.1236,1,-0.821429
2025-W49,LOW,5640,2025-12-01 09:58:00,2025-12-01 09:58:18,SHORT,25363.5000,25353.2500,REVERSAL,0,1,41.0000,205.0000,525,41.0000,14.0000,0.7692,0.7879,0.9439,-0.1102,2,0.159091
2025-W49,LOW,5641,2025-12-01 09:58:28,2025-12-01 09:58:34,SHORT,25358.0000,25348.0000,REVERSAL,0,1,40.0000,200.0000,118,40.0000,5.0000,-0.3103,0.6591,0.9962,0.2727,2,0.916667
2025-W49,LOW,5642,2025-12-01 10:00:02,2025-12-01 10:00:04,SHORT,25370.7500,25359.5000,REVERSAL,0,1,45.0000,225.0000,134,45.0000,2.0000,0.7465,1.1094,1.3968,-0.4152,1,1.000000
2025-W49,LOW,5643,2025-12-01 10:00:04,2025-12-01 10:00:05,LONG,25359.5000,25370.0000,REVERSAL,0,1,42.0000,210.0000,30,42.0000,0.0000,-0.3803,1.1094,1.3968,0.4152,2,-1.000000
2025-W49,LOW,5644,2025-12-01 10:00:05,2025-12-01 10:00:31,SHORT,25370.0000,25360.0000,REVERSAL,0,1,40.0000,200.0000,761,40.0000,18.0000,0.7887,1.1094,1.3968,-0.4152,1,1.000000
2025-W49,LOW,5645,2025-12-01 10:00:42,2025-12-01 10:00:50,LONG,25355.0000,25365.0000,REVERSAL,0,1,40.0000,200.0000,246,40.0000,6.0000,0.0600,1.4286,1.3393,0.0350,0,-1.093750
2025-W49,LOW,5646,2025-12-01 10:00:50,2025-12-01 10:01:21,SHORT,25365.0000,25365.0000,REVERSAL,1,2,40.0000,200.0000,1134,20.0000,40.0000,0.1400,1.4286,1.3393,-0.0350,3,1.093750
2025-W49,LOW,5647,2025-12-01 10:01:25,2025-12-01 10:01:26,LONG,25357.7500,25368.7500,REVERSAL,0,1,44.0000,220.0000,114,44.0000,2.0000,-0.8276,1.1154,0.8998,-0.1264,1,-0.687500
2025-W49,LOW,5648,2025-12-01 10:01:26,2025-12-01 10:02:42,SHORT,25368.7500,25358.7500,REVERSAL,0,1,40.0000,200.0000,2194,40.0000,38.0000,0.3103,1.1154,0.8998,0.1264,2,0.687500
2025-W49,LOW,5649,2025-12-01 10:02:55,2025-12-01 10:03:02,SHORT,25363.7500,25353.0000,REVERSAL,0,1,43.0000,215.0000,318,43.0000,2.0000,0.0435,1.2432,0.9844,-0.1818,1,-0.750000
2025-W49,LOW,5650,2025-12-01 10:03:37,2025-12-01 10:03:57,SHORT,25355.0000,25345.0000,REVERSAL,0,1,40.0000,200.0000,319,40.0000,2.0000,0.3261,2.0909,1.3690,-0.3150,2,-1.035714
2025-W49,LOW,5651,2025-12-01 10:04:26,2025-12-01 10:05:02,SHORT,25351.0000,25341.0000,REVERSAL,0,1,40.0000,200.0000,862,40.0000,15.0000,0.7143,1.4000,1.1730,0.0353,1,-0.200000
2025-W49,LOW,5652,2025-12-01 10:05:25,2025-12-01 10:05:29,SHORT,25357.7500,25347.7500,REVERSAL,0,1,40.0000,200.0000,119,40.0000,1.0000,0.0444,0.6716,1.3827,-0.1969,1,-1.458333
2025-W49,LOW,5653,2025-12-01 10:05:29,2025-12-01 10:05:54,LONG,25347.7500,25357.7500,REVERSAL,0,1,40.0000,200.0000,437,40.0000,15.0000,0.0667,0.6716,1.3827,0.1969,2,1.458333
2025-W49,LOW,5654,2025-12-01 10:09:29,2025-12-01 10:09:49,LONG,25354.2500,25364.2500,REVERSAL,0,1,40.0000,200.0000,315,40.0000,6.0000,0.0286,1.0938,0.8378,0.0805,0,-1.107143
2025-W49,LOW,5655,2025-12-01 10:10:04,2025-12-01 10:10:25,LONG,25360.2500,25360.5000,REVERSAL,1,2,42.0000,210.0000,581,21.0000,40.0000,0.0889,1.5517,1.1901,0.1418,2,0.216667
2025-W49,LOW,5656,2025-12-01 10:11:01,2025-12-01 10:11:20,SHORT,25375.5000,25365.5000,REVERSAL,0,1,40.0000,200.0000,515,40.0000,6.0000,0.1739,0.8519,0.7634,-0.1145,0,-1.187500
2025-W49,LOW,5657,2025-12-01 10:14:28,2025-12-01 10:16:00,LONG,25358.5000,25338.5000,HARD_STOP,1,2,-120.0000,-600.0000,2931,20.0000,60.0000,0.0556,0.3333,1.2917,-0.0973,1,-0.900000
2025-W49,LOW,5658,2025-12-01 10:20:18,2025-12-01 10:20:41,LONG,25348.0000,25358.0000,REVERSAL,0,1,40.0000,200.0000,384,40.0000,4.0000,0.0000,0.5246,0.9885,-0.2403,0,-0.500000
2025-W49,LOW,5659,2025-12-01 10:21:09,2025-12-01 10:21:45,LONG,25339.0000,25339.0000,REVERSAL,1,2,40.0000,200.0000,1213,36.0000,40.0000,0.1613,0.6200,0.7486,-0.1648,1,-0.857143
2025-W49,LOW,5660,2025-12-01 10:21:45,2025-12-01 10:22:11,SHORT,25339.0000,25339.0000,REVERSAL,1,2,40.0000,200.0000,720,20.0000,40.0000,-0.2432,1.2759,1.0004,0.5278,3,1.000000
2025-W49,LOW,5661,2025-12-01 10:23:40,2025-12-01 10:24:07,SHORT,25346.5000,25336.5000,REVERSAL,0,1,40.0000,200.0000,459,40.0000,10.0000,0.2667,1.2500,1.0250,-0.1439,0,-0.843750
2025-W49,LOW,5662,2025-12-01 10:26:38,2025-12-01 10:27:17,SHORT,25334.2500,25334.7500,REVERSAL,1,2,38.0000,190.0000,1074,19.0000,42.0000,0.7647,1.4167,1.1083,0.0621,2,0.400000
2025-W49,LOW,5663,2025-12-01 10:29:05,2025-12-01 10:29:29,SHORT,25329.2500,25319.0000,REVERSAL,0,1,41.0000,205.0000,584,41.0000,35.0000,0.7451,1.2750,1.2257,0.2619,2,0.433333
2025-W49,LOW,5664,2025-12-01 10:30:07,2025-12-01 10:30:13,SHORT,25328.5000,25318.5000,REVERSAL,0,1,40.0000,200.0000,125,40.0000,2.0000,0.0208,1.3333,1.3333,0.1024,2,-1.142857
2025-W49,LOW,5665,2025-12-01 10:30:13,2025-12-01 10:31:09,LONG,25318.5000,25318.5000,REVERSAL,1,2,40.0000,200.0000,1460,32.0000,40.0000,0.1458,1.3333,1.3333,-0.1024,1,1.142857
2025-W49,LOW,5666,2025-12-01 10:33:36,2025-12-01 10:34:09,LONG,25312.0000,25292.0000,HARD_STOP,1,2,-120.0000,-600.0000,1293,36.0000,60.0000,0.0312,0.9143,0.8549,-0.1373,0,-0.659091
2025-W49,LOW,5667,2025-12-01 10:35:55,2025-12-01 10:36:33,SHORT,25298.2500,25318.2500,HARD_STOP,1,2,-120.0000,-600.0000,1405,22.0000,60.0000,0.0741,0.7941,0.6669,-0.1494,0,-0.750000
2025-W49,LOW,5668,2025-12-01 10:36:47,2025-12-01 10:36:57,SHORT,25331.5000,25321.5000,REVERSAL,0,1,40.0000,200.0000,343,40.0000,0.0000,0.2273,0.5116,0.7445,-0.0038,0,-0.464286
2025-W49,LOW,5669,2025-12-01 10:37:53,2025-12-01 10:38:00,LONG,25304.5000,25314.7500,REVERSAL,0,1,41.0000,205.0000,196,41.0000,7.0000,0.0256,1.5600,1.0115,-0.3057,0,-1.416667
2025-W49,LOW,5670,2025-12-01 10:38:00,2025-12-01 10:39:08,SHORT,25314.7500,25334.7500,HARD_STOP,1,2,-120.0000,-600.0000,1380,18.0000,60.0000,-0.0769,1.5600,1.0115,0.3057,3,1.416667
2025-W49,LOW,5671,2025-12-01 10:39:23,2025-12-01 10:39:44,LONG,25334.7500,25344.7500,REVERSAL,0,1,40.0000,200.0000,457,40.0000,8.0000,-0.3793,1.1154,0.9910,0.3311,3,0.333333
2025-W49,LOW,5672,2025-12-01 10:40:53,2025-12-01 10:42:31,LONG,25335.0000,25335.0000,REVERSAL,1,2,40.0000,200.0000,2099,31.0000,40.0000,0.3571,0.7568,0.8527,-0.1508,0,-0.333333
2025-W49,LOW,5673,2025-12-01 10:45:19,2025-12-01 10:46:37,SHORT,25335.5000,25335.5000,REVERSAL,1,2,40.0000,200.0000,1257,20.0000,40.0000,0.7632,1.4615,0.9474,0.0431,2,0.625000
2025-W49,LOW,5674,2025-12-01 10:47:13,2025-12-01 10:48:13,LONG,25323.7500,25334.0000,REVERSAL,0,1,41.0000,205.0000,891,41.0000,13.0000,0.3611,1.8947,1.1791,-0.0264,1,-0.458333
2025-W49,LOW,5675,2025-12-01 10:48:47,2025-12-01 10:49:07,SHORT,25343.0000,25333.0000,REVERSAL,0,1,40.0000,200.0000,280,40.0000,2.0000,0.2647,1.5455,1.0700,0.0646,0,-0.220588
2025-W49,LOW,5676,2025-12-01 10:49:37,2025-12-01 10:51:28,SHORT,25344.5000,25364.5000,HARD_STOP,1,2,-120.0000,-600.0000,2517,23.0000,60.0000,0.0000,0.5510,0.8731,-0.0435,1,-0.266667
2025-W49,LOW,5677,2025-12-01 10:52:59,2025-12-01 10:53:24,SHORT,25405.0000,25395.0000,REVERSAL,0,1,40.0000,200.0000,1118,40.0000,14.0000,0.1000,0.7143,1.3571,-0.0264,0,-0.642857
2025-W49,LOW,5678,2025-12-01 10:55:13,2025-12-01 10:55:36,LONG,25396.0000,25406.0000,REVERSAL,0,1,40.0000,200.0000,506,40.0000,0.0000,0.1765,1.0303,1.1263,-0.3664,0,-1.750000
2025-W49,LOW,5679,2025-12-01 10:57:31,2025-12-01 10:59:21,SHORT,25417.7500,25407.5000,REVERSAL,0,1,41.0000,205.0000,1800,41.0000,9.0000,-0.0370,1.3500,0.9976,-0.0597,0,-0.550000
2025-W49,LOW,5680,2025-12-01 11:05:34,2025-12-01 11:07:04,LONG,25397.0000,25377.0000,HARD_STOP,1,2,-120.0000,-600.0000,2148,22.0000,60.0000,-0.0278,1.8000,1.2125,-0.1908,0,-0.575000
2025-W49,LOW,5681,2025-12-01 11:09:06,2025-12-01 11:09:20,LONG,25349.7500,25359.7500,REVERSAL,0,1,40.0000,200.0000,367,40.0000,4.0000,-0.0333,1.2500,1.1467,-0.3680,1,-2.416667
2025-W49,LOW,5682,2025-12-01 11:10:34,2025-12-01 11:12:01,LONG,25367.0000,25347.0000,HARD_STOP,1,2,-120.0000,-600.0000,1482,13.0000,60.0000,0.2941,0.5484,0.7742,-0.1154,1,-0.406250
2025-W49,LOW,5683,2025-12-01 11:18:55,2025-12-01 11:19:09,SHORT,25362.7500,25352.5000,REVERSAL,0,1,41.0000,205.0000,338,41.0000,4.0000,0.1389,1.3333,1.3417,0.0195,0,-0.500000
2025-W49,LOW,5684,2025-12-01 11:34:54,2025-12-01 11:39:57,SHORT,25396.7500,25396.7500,REVERSAL,1,2,40.0000,200.0000,3148,25.0000,40.0000,0.0323,1.1071,1.0920,-0.1103,1,-0.284091
2025-W49,LOW,5685,2025-12-01 11:43:40,2025-12-01 11:52:00,SHORT,25429.0000,25449.0000,HARD_STOP,1,2,-120.0000,-600.0000,7483,37.0000,60.0000,0.7647,0.5667,1.1167,-0.0000,1,-0.000000
2025-W49,LOW,5686,2025-12-01 11:54:34,2025-12-01 11:59:53,LONG,25435.2500,25435.2500,REVERSAL,1,2,40.0000,200.0000,3632,38.0000,40.0000,0.6471,0.4722,0.7098,-0.1515,2,0.055556
2025-W49,LOW,5687,2025-12-01 12:01:32,2025-12-01 12:02:10,SHORT,25452.5000,25442.5000,REVERSAL,0,1,40.0000,200.0000,648,40.0000,13.0000,0.5294,0.5667,1.0728,-0.1270,1,0.125000
2025-W49,LOW,5688,2025-12-01 12:07:33,2025-12-01 12:08:19,SHORT,25464.0000,25453.7500,REVERSAL,0,1,41.0000,205.0000,1066,41.0000,14.0000,0.3529,0.6071,1.3036,-0.1756,1,-0.066667
2025-W49,LOW,5689,2025-12-01 12:09:38,2025-12-01 12:11:26,LONG,25447.5000,25457.7500,REVERSAL,0,1,41.0000,205.0000,1065,41.0000,3.0000,0.0800,0.7812,1.3318,-0.1351,0,-0.234375
2025-W49,LOW,5690,2025-12-01 12:15:25,2025-12-01 12:16:42,LONG,25424.0000,25434.0000,REVERSAL,0,1,40.0000,200.0000,2174,40.0000,39.0000,0.1786,1.1200,1.1282,-0.2491,1,-1.050000
2025-W49,LOW,5691,2025-12-01 12:17:19,2025-12-01 12:19:03,SHORT,25443.0000,25433.0000,REVERSAL,0,1,40.0000,200.0000,1063,40.0000,13.0000,0.2258,1.3478,1.4406,-0.0745,0,-0.395833
2025-W49,LOW,5692,2025-12-01 12:21:54,2025-12-01 12:31:00,SHORT,25441.7500,25441.2500,REVERSAL,1,2,44.0000,220.0000,4458,31.0000,56.0000,0.3077,0.6341,1.0492,-0.1673,1,-0.072581
2025-W49,LOW,5693,2025-12-01 12:33:12,2025-12-01 12:39:20,SHORT,25451.2500,25451.2500,REVERSAL,1,2,40.0000,200.0000,2816,20.0000,48.0000,0.4706,1.1724,0.9580,0.1559,1,0.178571
2025-W49,LOW,5694,2025-12-01 12:46:01,2025-12-01 12:47:49,SHORT,25492.5000,25482.5000,REVERSAL,0,1,40.0000,200.0000,1554,40.0000,13.0000,0.0909,1.8333,1.2167,-0.1589,0,-0.357143
2025-W49,LOW,5695,2025-12-01 12:59:53,2025-12-01 13:00:31,LONG,25449.5000,25459.5000,REVERSAL,0,1,40.0000,200.0000,642,40.0000,12.0000,0.0000,0.5641,1.0621,-0.2453,0,-0.156250
2025-W49,LOW,5696,2025-12-01 13:13:15,2025-12-01 13:14:04,SHORT,25483.5000,25473.5000,REVERSAL,0,1,40.0000,200.0000,417,40.0000,1.0000,0.1250,0.8889,1.2386,-0.2932,1,-0.307692
2025-W49,LOW,5697,2025-12-01 13:21:33,2025-12-01 13:24:16,LONG,25455.0000,25465.0000,REVERSAL,0,1,40.0000,200.0000,710,40.0000,3.0000,0.0000,1.0000,0.8784,0.0506,0,-0.132812
2025-W49,LOW,5698,2025-12-01 13:46:30,2025-12-01 13:49:09,SHORT,25476.7500,25466.7500,REVERSAL,0,1,40.0000,200.0000,986,40.0000,4.0000,0.0000,0.7727,0.8864,-0.1697,0,-0.184783
2025-W49,LOW,5699,2025-12-01 13:50:56,2025-12-01 14:00:27,SHORT,25478.5000,25478.5000,REVERSAL,1,2,40.0000,200.0000,5045,20.0000,40.0000,0.3125,0.8000,0.7448,0.0190,0,-0.035714
2025-W49,LOW,5700,2025-12-01 14:02:10,2025-12-01 14:03:00,LONG,25460.2500,25470.2500,REVERSAL,0,1,40.0000,200.0000,690,40.0000,5.0000,0.4545,0.8148,1.0824,0.0118,0,-0.025000
2025-W49,LOW,5701,2025-12-01 14:07:00,2025-12-01 14:12:27,LONG,25452.7500,25432.7500,HARD_STOP,1,2,-120.0000,-600.0000,3721,16.0000,60.0000,0.8667,0.4545,1.0523,0.0491,3,0.079545
2025-W49,LOW,5702,2025-12-01 14:20:23,2025-12-01 14:23:03,LONG,25433.7500,25413.7500,HARD_STOP,1,2,-120.0000,-600.0000,1992,7.0000,60.0000,0.5714,1.4000,1.0000,0.1406,3,0.214286
2025-W49,LOW,5703,2025-12-01 14:26:31,2025-12-01 14:27:17,LONG,25399.2500,25409.2500,REVERSAL,0,1,40.0000,200.0000,865,40.0000,26.0000,0.2308,1.1304,0.9759,0.0118,1,-0.070000
2025-W49,LOW,5704,2025-12-01 14:32:00,2025-12-01 14:33:41,LONG,25375.0000,25375.0000,REVERSAL,1,2,40.0000,200.0000,2986,26.0000,52.0000,0.2000,0.9677,1.1039,-0.3947,0,
2025-W49,LOW,5705,2025-12-01 14:36:21,2025-12-01 14:38:09,SHORT,25401.0000,25401.0000,REVERSAL,1,2,40.0000,200.0000,1901,20.0000,40.0000,0.4800,0.5319,1.3850,-0.2263,1,-0.250000
2025-W49,LOW,5706,2025-12-01 14:38:47,2025-12-01 14:39:31,LONG,25394.2500,25404.2500,REVERSAL,0,1,40.0000,200.0000,500,40.0000,14.0000,0.1053,0.4419,0.8533,-0.0385,0,-0.191176
2025-W49,LOW,5707,2025-12-01 14:40:00,2025-12-01 14:40:14,SHORT,25413.7500,25403.7500,REVERSAL,0,1,40.0000,200.0000,198,40.0000,1.0000,-0.5385,1.0833,0.9417,-0.0817,0,-0.315789
2025-W49,LOW,5708,2025-12-01 14:42:55,2025-12-01 14:47:33,LONG,25387.2500,25387.2500,REVERSAL,1,2,40.0000,200.0000,3831,31.0000,40.0000,-0.0333,1.2500,0.9886,-0.1744,1,-0.350000
2025-W49,LOW,5709,2025-12-01 14:54:10,2025-12-01 14:55:09,SHORT,25394.2500,25384.2500,REVERSAL,0,1,40.0000,200.0000,539,40.0000,0.0000,0.2800,0.7143,1.1180,-0.2432,1,-0.307692
2025-W49,LOW,5710,2025-12-01 14:55:37,2025-12-01 14:57:36,LONG,25374.0000,25384.0000,REVERSAL,0,1,40.0000,200.0000,1199,40.0000,9.0000,0.0000,0.6279,0.9858,-0.1399,0,-0.178571
2025-W49,LOW,5711,2025-12-01 15:04:11,2025-12-01 15:10:42,SHORT,25388.0000,25408.0000,HARD_STOP,1,2,-120.0000,-600.0000,4365,36.0000,60.0000,0.0000,0.9286,0.8885,-0.0558,0,-0.409091
2025-W49,LOW,5712,2025-12-01 15:14:37,2025-12-01 15:15:12,SHORT,25411.5000,25401.5000,REVERSAL,0,1,40.0000,200.0000,320,40.0000,3.0000,0.1304,0.9200,1.1544,-0.0775,0,-0.155172
2025-W49,LOW,5713,2025-12-01 15:20:55,2025-12-01 15:22:43,SHORT,25401.7500,25391.7500,REVERSAL,0,1,40.0000,200.0000,836,40.0000,3.0000,0.2000,1.0000,1.0682,-0.1943,1,-0.264706
2025-W49,LOW,5714,2025-12-01 15:26:25,2025-12-01 15:27:31,SHORT,25402.7500,25392.7500,REVERSAL,0,1,40.0000,200.0000,506,40.0000,8.0000,0.0000,1.0882,1.1980,-0.1362,0,-0.106383
2025-W49,LOW,5715,2025-12-01 15:32:18,2025-12-01 15:35:05,LONG,25391.2500,25401.5000,REVERSAL,0,1,41.0000,205.0000,1423,41.0000,19.0000,0.5714,0.3684,0.7780,-0.1673,1,-0.059524
2025-W49,LOW,5716,2025-12-01 15:45:13,2025-12-01 15:46:20,SHORT,25412.7500,25402.7500,REVERSAL,0,1,40.0000,200.0000,855,40.0000,27.0000,0.8108,1.8500,1.7583,0.3930,2,0.722222
2025-W49,LOW,5717,2025-12-02 09:31:15,2025-12-02 09:31:45,LONG,25483.0000,25493.0000,REVERSAL,0,1,40.0000,200.0000,1131,40.0000,30.0000,0.9444,1.0909,0.9580,0.1451,2,0.600000
2025-W49,LOW,5718,2025-12-02 09:32:59,2025-12-02 09:33:34,SHORT,25498.7500,25518.7500,HARD_STOP,1,2,-120.0000,-600.0000,1384,14.0000,60.0000,0.6538,0.6500,0.7901,-0.0952,2,0.062500
2025-W49,LOW,5719,2025-12-02 09:35:23,2025-12-02 09:35:32,SHORT,25542.0000,25532.0000,REVERSAL,0,1,40.0000,200.0000,428,40.0000,4.0000,0.1471,1.2143,1.6841,-0.1524,1,-0.950000
2025-W49,LOW,5720,2025-12-02 09:35:54,2025-12-02 09:36:20,SHORT,25542.0000,25562.0000,HARD_STOP,1,2,-120.0000,-600.0000,1948,14.0000,60.0000,0.2000,0.5882,0.9741,-0.0518,2,0.107143
2025-W49,LOW,5721,2025-12-02 09:37:18,2025-12-02 09:38:27,SHORT,25595.5000,25585.5000,REVERSAL,0,1,40.0000,200.0000,3146,40.0000,30.0000,0.1538,0.3250,0.8292,-0.0798,0,-0.250000
2025-W49,LOW,5722,2025-12-02 09:40:48,2025-12-02 09:40:58,LONG,25587.0000,25597.2500,REVERSAL,0,1,41.0000,205.0000,424,41.0000,14.0000,-0.0455,0.4583,0.9564,-0.1747,0,-0.812500
2025-W49,LOW,5723,2025-12-02 09:42:41,2025-12-02 09:43:02,LONG,25583.7500,25593.7500,REVERSAL,0,1,40.0000,200.0000,543,40.0000,15.0000,0.2558,1.2647,1.6324,-0.1620,1,-0.222222
2025-W49,LOW,5724,2025-12-02 09:44:22,2025-12-02 09:44:36,SHORT,25599.2500,25589.0000,REVERSAL,0,1,41.0000,205.0000,346,41.0000,8.0000,0.0625,0.6400,0.8882,-0.3066,1,-0.750000
2025-W49,LOW,5725,2025-12-02 09:46:26,2025-12-02 09:47:15,LONG,25580.0000,25590.0000,REVERSAL,0,1,40.0000,200.0000,1177,40.0000,33.0000,0.8571,0.7000,1.1833,0.0792,2,0.125000
2025-W49,LOW,5726,2025-12-02 09:49:17,2025-12-02 09:49:28,LONG,25569.5000,25579.5000,REVERSAL,0,1,40.0000,200.0000,298,40.0000,5.0000,0.2683,1.5769,1.1947,-0.2632,1,-1.250000
2025-W49,LOW,5727,2025-12-02 09:50:09,2025-12-02 09:50:58,SHORT,25578.7500,25599.0000,HARD_STOP,1,2,-121.0000,-605.0000,1300,5.5000,60.5000,0.7500,1.4286,0.9476,0.1034,2,0.611111
2025-W49,LOW,5728,2025-12-02 09:51:55,2025-12-02 09:52:02,SHORT,25607.2500,25597.2500,REVERSAL,0,1,40.0000,200.0000,339,40.0000,10.0000,0.2800,0.7143,0.6873,-0.3684,0,-1.500000
2025-W49,LOW,5729,2025-12-02 09:53:34,2025-12-02 09:54:03,LONG,25569.5000,25579.5000,REVERSAL,0,1,40.0000,200.0000,821,40.0000,17.0000,1.1111,0.5294,0.9933,-0.1940,2,0.375000
2025-W49,LOW,5730,2025-12-02 09:56:58,2025-12-02 09:59:00,SHORT,25582.2500,25602.5000,HARD_STOP,1,2,-121.0000,-605.0000,3071,32.0000,60.5000,0.1395,1.7200,1.2072,-0.0116,0,-0.450000
2025-W49,LOW,5731,2025-12-02 10:02:11,2025-12-02 10:04:00,SHORT,25635.5000,25625.5000,REVERSAL,0,1,40.0000,200.0000,2711,40.0000,28.0000,0.6296,1.0800,1.1082,0.3150,3,0.550000
2025-W49,LOW,5732,2025-12-02 10:05:14,2025-12-02 10:07:01,SHORT,25642.0000,25632.0000,REVERSAL,0,1,40.0000,200.0000,2614,40.0000,20.0000,0.3889,0.4000,1.3842,-0.1188,1,-0.125000
2025-W49,LOW,5733,2025-12-02 10:08:17,2025-12-02 10:10:00,SHORT,25646.0000,25636.0000,REVERSAL,0,1,40.0000,200.0000,2435,40.0000,35.0000,0.0357,0.7778,0.9514,-0.1407,1,-0.375000
2025-W49,LOW,5734,2025-12-02 10:12:00,2025-12-02 10:12:27,LONG,25620.5000,25630.5000,REVERSAL,0,1,40.0000,200.0000,801,40.0000,18.0000,0.5263,0.7308,0.9071,0.3111,3,0.500000
2025-W49,LOW,5735,2025-12-02 10:14:41,2025-12-02 10:14:53,LONG,25621.0000,25631.2500,REVERSAL,0,1,41.0000,205.0000,231,41.0000,9.0000,0.1200,2.7778,1.8626,-0.2862,1,-1.464286
2025-W49,LOW,5736,2025-12-02 10:14:53,2025-12-02 10:16:22,SHORT,25631.2500,25631.2500,REVERSAL,1,2,40.0000,200.0000,1992,20.0000,40.0000,0.0600,2.7778,1.8626,0.2862,2,1.464286
2025-W49,LOW,5737,2025-12-02 10:16:48,2025-12-02 10:18:28,SHORT,25636.2500,25626.0000,REVERSAL,0,1,41.0000,205.0000,1318,41.0000,13.0000,0.1765,1.6190,1.0720,-0.0037,2,-0.411765
2025-W49,LOW,5738,2025-12-02 10:18:28,2025-12-02 10:20:59,LONG,25626.0000,25606.0000,HARD_STOP,1,2,-120.0000,-600.0000,2653,27.0000,60.0000,-0.2500,1.0286,1.4353,-0.1144,1,-0.238095
2025-W49,LOW,5739,2025-12-02 10:21:06,2025-12-02 10:23:27,SHORT,25615.7500,25636.0000,HARD_STOP,1,2,-121.0000,-605.0000,2589,37.0000,60.5000,0.1111,1.0385,1.3317,-0.0712,1,-1.041667
2025-W49,LOW,5740,2025-12-02 10:25:09,2025-12-02 10:25:46,SHORT,25645.0000,25635.0000,REVERSAL,0,1,40.0000,200.0000,790,40.0000,9.0000,0.1500,1.0526,0.8328,-0.3234,0,-0.700000
2025-W49,LOW,5741,2025-12-02 10:27:10,2025-12-02 10:28:17,LONG,25622.7500,25602.7500,HARD_STOP,1,2,-120.0000,-600.0000,1254,8.0000,60.0000,0.8636,0.7586,0.7089,0.0301,2,0.531250
2025-W49,LOW,5742,2025-12-02 10:29:09,2025-12-02 10:29:40,LONG,25568.5000,25578.5000,REVERSAL,0,1,40.0000,200.0000,1114,40.0000,0.0000,0.2500,1.6000,1.0564,0.0078,0,-1.000000
2025-W49,LOW,5743,2025-12-02 10:32:38,2025-12-02 10:33:00,SHORT,25561.7500,25551.7500,REVERSAL,0,1,40.0000,200.0000,678,40.0000,28.0000,0.8214,0.9032,0.8297,0.1308,2,0.525000
2025-W49,LOW,5744,2025-12-02 10:33:01,2025-12-02 10:33:27,SHORT,25560.7500,25550.7500,REVERSAL,0,1,40.0000,200.0000,734,40.0000,15.0000,-0.1081,0.8605,0.9189,0.2370,2,0.812500
2025-W49,LOW,5745,2025-12-02 10:34:00,2025-12-02 10:34:03,LONG,25533.2500,25543.2500,REVERSAL,0,1,40.0000,200.0000,423,40.0000,9.0000,0.2353,0.7727,1.6086,-0.2346,0,
2025-W49,LOW,5746,2025-12-02 10:36:08,2025-12-02 10:36:24,SHORT,25561.7500,25551.7500,REVERSAL,0,1,40.0000,200.0000,435,40.0000,13.0000,0.0500,0.3846,0.9352,-0.0119,1,-0.250000
2025-W49,LOW,5747,2025-12-02 10:37:31,2025-12-02 10:38:05,SHORT,25567.0000,25556.2500,REVERSAL,0,1,43.0000,215.0000,820,43.0000,17.0000,0.5600,0.4630,1.1625,-0.0425,2,0.375000
2025-W49,LOW,5748,2025-12-02 10:42:31,2025-12-02 10:45:41,SHORT,25609.7500,25629.7500,HARD_STOP,1,2,-120.0000,-600.0000,3634,3.0000,60.0000,0.8400,1.1905,1.2952,0.3755,3,1.312500
2025-W49,LOW,5749,2025-12-02 10:46:37,2025-12-02 10:48:56,SHORT,25628.5000,25648.5000,HARD_STOP,1,2,-120.0000,-600.0000,2843,31.0000,60.0000,0.0345,1.1154,0.9291,-0.2114,1,-0.227273
2025-W49,LOW,5750,2025-12-02 10:50:01,2025-12-02 10:51:54,SHORT,25659.0000,25659.0000,REVERSAL,1,2,40.0000,200.0000,3218,20.0000,40.0000,0.6000,0.8621,1.1215,0.3367,1,
2025-W49,LOW,5751,2025-12-02 10:55:35,2025-12-02 10:57:08,SHORT,25658.0000,25647.7500,REVERSAL,0,1,41.0000,205.0000,1241,41.0000,11.0000,0.2273,0.6471,0.9774,-0.1174,0,-0.468750
2025-W49,LOW,5752,2025-12-02 10:58:35,2025-12-02 10:58:56,LONG,25639.2500,25649.2500,REVERSAL,0,1,40.0000,200.0000,448,40.0000,5.0000,0.0000,0.7059,0.8842,-0.2928,0,-0.638889
2025-W49,LOW,5753,2025-12-02 11:00:17,2025-12-02 11:01:07,LONG,25636.2500,25646.5000,REVERSAL,0,1,41.0000,205.0000,1594,41.0000,38.0000,0.8333,0.9000,0.9045,0.1086,2,1.050000
2025-W49,LOW,5754,2025-12-02 11:01:26,2025-12-02 11:01:54,LONG,25640.7500,25650.7500,REVERSAL,0,1,40.0000,200.0000,493,40.0000,14.0000,0.2273,0.7857,1.0016,-0.0965,1,-0.535714
2025-W49,LOW,5755,2025-12-02 11:04:09,2025-12-02 11:04:40,SHORT,25662.5000,25652.5000,REVERSAL,0,1,40.0000,200.0000,477,40.0000,4.0000,0.2000,0.9524,0.8962,-0.1301,0,-0.250000
2025-W49,LOW,5756,2025-12-02 11:05:06,2025-12-02 11:05:43,SHORT,25648.0000,25638.0000,REVERSAL,0,1,40.0000,200.0000,592,40.0000,2.0000,-0.1429,1.0294,1.7290,0.1554,1,-0.300000
2025-W49,LOW,5757,2025-12-02 11:05:52,2025-12-02 11:05:55,SHORT,25635.7500,25625.7500,REVERSAL,0,1,40.0000,200.0000,221,40.0000,1.0000,-0.0256,1.2581,1.2031,0.4656,3,2.083333
2025-W49,LOW,5758,2025-12-02 11:06:11,2025-12-02 11:06:19,LONG,25604.5000,25614.5000,REVERSAL,0,1,40.0000,200.0000,639,40.0000,7.0000,0.3143,1.6667,1.1720,-0.2609,0,-2.500000
2025-W49,LOW,5759,2025-12-02 11:08:06,2025-12-02 11:08:21,SHORT,25617.5000,25607.5000,REVERSAL,0,1,40.0000,200.0000,428,40.0000,7.0000,0.0870,1.0698,1.3312,-0.0079,1,-0.357143
2025-W49,LOW,5760,2025-12-02 11:08:48,2025-12-02 11:09:00,SHORT,25626.0000,25616.0000,REVERSAL,0,1,40.0000,200.0000,275,40.0000,1.0000,0.2195,0.9762,1.0714,-0.1590,1,-0.656250
2025-W49,LOW,5761,2025-12-02 11:09:44,2025-12-02 11:09:51,LONG,25587.0000,25597.0000,REVERSAL,0,1,40.0000,200.0000,284,40.0000,12.0000,0.1389,1.1613,1.1151,-0.2612,0,-2.166667
2025-W49,LOW,5762,2025-12-02 11:11:05,2025-12-02 11:12:04,LONG,25585.5000,25585.5000,REVERSAL,1,2,40.0000,200.0000,1722,20.0000,47.0000,0.6286,0.8750,0.8819,0.0301,2,0.125000
2025-W49,LOW,5763,2025-12-02 11:13:29,2025-12-02 11:14:35,LONG,25538.0000,25538.2500,REVERSAL,1,2,42.0000,210.0000,2626,38.0000,40.0000,0.2857,0.5676,1.1647,0.0512,1,-0.416667
2025-W49,LOW,5764,2025-12-02 11:15:00,2025-12-02 11:15:17,LONG,25536.0000,25546.0000,REVERSAL,0,1,40.0000,200.0000,505,40.0000,4.0000,-0.0250,1.0811,0.9810,-0.1095,2,-0.843750
2025-W49,LOW,5765,2025-12-02 11:15:17,2025-12-02 11:15:36,SHORT,25546.0000,25536.0000,REVERSAL,0,1,40.0000,200.0000,667,40.0000,11.0000,-0.0741,0.7500,0.8250,-0.0147,1,-0.093750
2025-W49,LOW,5766,2025-12-02 11:15:36,2025-12-02 11:15:39,LONG,25536.0000,25546.0000,REVERSAL,0,1,40.0000,200.0000,81,40.0000,0.0000,-0.2439,1.7083,1.2986,0.0330,1,-0.850000
2025-W49,LOW,5767,2025-12-02 11:16:28,2025-12-02 11:16:36,SHORT,25551.2500,25541.2500,REVERSAL,0,1,40.0000,200.0000,336,40.0000,10.0000,0.2667,0.6667,1.2708,-0.0752,0,-0.500000
2025-W49,LOW,5768,2025-12-02 11:17:31,2025-12-02 11:17:51,SHORT,25551.0000,25541.0000,REVERSAL,0,1,40.0000,200.0000,344,40.0000,7.0000,0.3913,0.6216,0.7733,-0.0187,1,-0.312500
2025-W49,LOW,5769,2025-12-02 11:18:49,2025-12-02 11:18:54,LONG,25526.7500,25536.7500,REVERSAL,0,1,40.0000,200.0000,98,40.0000,2.0000,0.1064,1.0217,1.1498,-0.1941,0,-0.769231
2025-W49,LOW,5770,2025-12-02 11:18:54,2025-12-02 11:19:21,SHORT,25536.7500,25526.5000,REVERSAL,0,1,41.0000,205.0000,611,41.0000,31.0000,0.0426,1.0217,1.1498,0.1941,3,0.769231
2025-W49,LOW,5771,2025-12-02 11:23:00,2025-12-02 11:23:27,LONG,25497.0000,25476.7500,HARD_STOP,1,2,-121.0000,-605.0000,788,1.0000,60.5000,0.3810,1.7500,1.2279,0.0036,3,0.225000
2025-W49,LOW,5772,2025-12-02 11:24:39,2025-12-02 11:25:08,LONG,25461.7500,25471.7500,REVERSAL,0,1,40.0000,200.0000,1239,40.0000,34.0000,0.4074,0.9310,0.9834,-0.0845,1,-0.562500
2025-W49,LOW,5773,2025-12-02 11:27:20,2025-12-02 11:27:57,LONG,25457.5000,25467.7500,REVERSAL,0,1,41.0000,205.0000,789,41.0000,11.0000,0.3590,0.9512,1.0968,-0.1769,0,-0.425000
2025-W49,LOW,5774,2025-12-02 11:28:46,2025-12-02 11:29:08,LONG,25446.7500,25456.7500,REVERSAL,0,1,40.0000,200.0000,700,40.0000,15.0000,0.1765,0.5965,0.9934,-0.3609,1,-0.791667
2025-W49,LOW,5775,2025-12-02 11:29:22,2025-12-02 11:30:24,SHORT,25461.2500,25461.2500,REVERSAL,1,2,40.0000,200.0000,2397,36.0000,58.0000,-0.1111,0.8182,1.1677,-0.0727,0,-0.115385
2025-W49,LOW,5776,2025-12-02 11:30:44,2025-12-02 11:31:47,LONG,25449.2500,25429.2500,HARD_STOP,1,2,-120.0000,-600.0000,2828,19.0000,60.0000,0.3871,0.9394,1.1043,0.0681,1,0.071429
2025-W49,LOW,5777,2025-12-02 11:32:46,2025-12-02 11:32:53,SHORT,25429.5000,25419.5000,REVERSAL,0,1,40.0000,200.0000,245,40.0000,2.0000,0.0000,2.3333,1.5580,-0.2441,0,-1.000000
2025-W49,LOW,5778,2025-12-02 11:32:53,2025-12-02 11:33:09,LONG,25419.5000,25429.5000,REVERSAL,0,1,40.0000,200.0000,519,40.0000,20.0000,0.0476,2.3333,1.5580,0.2441,3,1.000000
2025-W49,LOW,5779,2025-12-02 11:33:50,2025-12-02 11:34:16,SHORT,25456.0000,25445.7500,REVERSAL,0,1,41.0000,205.0000,720,41.0000,2.0000,0.1034,1.1154,0.9291,-0.2263,0,-0.750000
2025-W49,LOW,5780,2025-12-02 11:35:28,2025-12-02 11:36:37,SHORT,25456.0000,25476.0000,HARD_STOP,1,2,-120.0000,-600.0000,2002,2.0000,60.0000,0.8947,1.5833,0.9763,0.1450,1,0.875000
2025-W49,LOW,5781,2025-12-02 11:37:37,2025-12-02 11:38:07,SHORT,25491.0000,25481.0000,REVERSAL,0,1,40.0000,200.0000,794,40.0000,8.0000,0.5000,0.4865,0.8400,-0.0340,0,-0.142857
2025-W49,LOW,5782,2025-12-02 11:38:50,2025-12-02 11:40:46,SHORT,25495.7500,25515.7500,HARD_STOP,1,2,-120.0000,-600.0000,2575,24.0000,60.0000,0.1071,0.6829,0.7871,-0.1398,0,-0.200000
2025-W49,LOW,5783,2025-12-02 11:44:24,2025-12-02 11:46:40,LONG,25494.5000,25494.5000,REVERSAL,1,2,40.0000,200.0000,2636,37.0000,40.0000,0.2000,0.9483,1.5895,-0.2030,1,-0.671875
2025-W49,LOW,5784,2025-12-02 11:46:54,2025-12-02 11:48:05,SHORT,25506.0000,25496.0000,REVERSAL,0,1,40.0000,200.0000,1295,40.0000,19.0000,0.1389,0.5294,1.3272,-0.0895,0,-0.134615
2025-W49,LOW,5785,2025-12-02 11:48:38,2025-12-02 11:49:00,SHORT,25499.0000,25489.0000,REVERSAL,0,1,40.0000,200.0000,313,40.0000,1.0000,-0.1739,0.4510,0.8474,-0.0418,2,-0.147059
2025-W49,LOW,5786,2025-12-02 11:49:27,2025-12-02 11:49:58,LONG,25482.2500,25492.2500,REVERSAL,0,1,40.0000,200.0000,532,40.0000,18.0000,0.1071,0.5833,1.0417,-0.3516,1,-0.458333
2025-W49,LOW,5787,2025-12-02 11:52:30,2025-12-02 11:52:55,SHORT,25519.5000,25508.5000,REVERSAL,0,1,44.0000,220.0000,377,44.0000,2.0000,0.1600,0.7812,1.0060,-0.0196,1,-0.154762
2025-W49,LOW,5788,2025-12-02 11:53:11,2025-12-02 11:54:00,SHORT,25513.7500,25503.7500,REVERSAL,0,1,40.0000,200.0000,523,40.0000,7.0000,0.2264,2.1200,1.5600,0.3308,2,1.041667
2025-W49,LOW,5789,2025-12-02 11:58:53,2025-12-02 12:00:07,LONG,25503.5000,25513.5000,REVERSAL,0,1,40.0000,200.0000,1421,40.0000,6.0000,0.1786,0.6829,1.0484,-0.1395,1,-0.423077
2025-W49,LOW,5790,2025-12-02 12:00:59,2025-12-02 12:02:30,SHORT,25533.0000,25553.0000,HARD_STOP,1,2,-120.0000,-600.0000,2203,17.0000,60.0000,0.2778,1.1250,0.8958,-0.1037,0,-0.138889
2025-W49,LOW,5791,2025-12-02 12:03:29,2025-12-02 12:09:33,LONG,25536.0000,25516.0000,HARD_STOP,1,2,-120.0000,-600.0000,4358,39.0000,60.0000,0.0000,0.7059,1.3529,-0.1527,0,-0.312500
2025-W49,LOW,5792,2025-12-02 12:11:01,2025-12-02 12:15:01,SHORT,25530.7500,25551.0000,HARD_STOP,1,2,-121.0000,-605.0000,2710,36.0000,60.5000,-0.0357,0.8485,0.7680,-0.0949,0,-0.062500
2025-W49,LOW,5793,2025-12-02 12:18:01,2025-12-02 12:19:17,SHORT,25575.5000,25595.5000,HARD_STOP,1,2,-120.0000,-600.0000,1379,28.0000,60.0000,0.1429,1.3125,1.0372,-0.1462,0,-0.303571
2025-W49,LOW,5794,2025-12-02 12:20:32,2025-12-02 12:20:48,SHORT,25607.0000,25597.0000,REVERSAL,0,1,40.0000,200.0000,366,40.0000,1.0000,0.0000,0.8824,1.6555,-0.1250,0,-0.687500
2025-W49,LOW,5795,2025-12-02 12:26:30,2025-12-02 12:32:00,SHORT,25599.2500,25619.2500,HARD_STOP,1,2,-120.0000,-600.0000,3830,11.0000,60.0000,0.4375,0.5161,1.3652,0.2121,1,0.083333
2025-W49,LOW,5796,2025-12-02 12:37:54,2025-12-02 12:38:36,SHORT,25608.2500,25598.2500,REVERSAL,0,1,40.0000,200.0000,555,40.0000,14.0000,0.9000,0.4651,1.0289,-0.1894,2,0.230769
2025-W49,LOW,5797,2025-12-02 12:41:59,2025-12-02 12:42:30,LONG,25584.5000,25594.5000,REVERSAL,0,1,40.0000,200.0000,504,40.0000,2.0000,0.0000,0.5870,1.0601,-0.1957,1,-0.295455
2025-W49,LOW,5798,2025-12-02 12:47:58,2025-12-02 12:52:24,LONG,25598.0000,25578.0000,HARD_STOP,1,2,-120.0000,-600.0000,2636,32.0000,60.0000,0.5000,0.6667,1.0575,-0.1797,2,0.047297
2025-W49,LOW,5799,2025-12-02 12:55:45,2025-12-02 12:56:31,LONG,25551.2500,25531.0000,HARD_STOP,1,2,-121.0000,-605.0000,1188,9.0000,60.5000,0.6316,0.6333,0.8524,-0.1568,0,0.000000
2025-W49,LOW,5800,2025-12-02 12:57:15,2025-12-02 13:00:00,LONG,25524.2500,25504.2500,HARD_STOP,1,2,-120.0000,-600.0000,2875,22.0000,60.0000,-0.0370,1.1250,1.0240,-0.0113,0,-0.250000
2025-W49,LOW,5801,2025-12-02 13:01:48,2025-12-02 13:02:11,SHORT,25537.7500,25527.7500,REVERSAL,0,1,40.0000,200.0000,473,40.0000,7.0000,0.1053,0.6552,0.5776,-0.0305,0,-0.229167
2025-W49,LOW,5802,2025-12-02 13:02:39,2025-12-02 13:03:17,SHORT,25543.2500,25533.2500,REVERSAL,0,1,40.0000,200.0000,484,40.0000,3.0000,0.6923,0.2241,0.9176,-0.1298,1,-0.058824
2025-W49,LOW,5803,2025-12-02 13:04:04,2025-12-02 13:04:31,SHORT,25546.2500,25536.0000,REVERSAL,0,1,41.0000,205.0000,274,41.0000,0.0000,0.2045,1.0732,1.0133,-0.2632,1,-0.425000
2025-W49,LOW,5804,2025-12-02 13:11:13,2025-12-02 13:11:46,LONG,25540.7500,25550.7500,REVERSAL,0,1,40.0000,200.0000,473,40.0000,6.0000,0.0769,1.0541,1.0409,-0.0651,0,-0.375000
2025-W49,LOW,5805,2025-12-02 13:14:11,2025-12-02 13:16:35,LONG,25545.7500,25555.7500,REVERSAL,0,1,40.0000,200.0000,1417,40.0000,22.0000,0.0938,0.9143,0.9718,0.0353,1,-0.010204
2025-W49,LOW,5806,2025-12-02 13:17:22,2025-12-02 13:17:40,LONG,25550.5000,25560.7500,REVERSAL,0,1,41.0000,205.0000,145,41.0000,4.0000,-0.6957,0.8214,0.8107,0.0647,3,0.119048
2025-W49,LOW,5807,2025-12-02 13:18:11,2025-12-02 13:18:45,LONG,25555.5000,25565.5000,REVERSAL,0,1,40.0000,200.0000,219,40.0000,9.0000,0.1702,1.0682,1.4906,0.2558,2,0.434783
2025-W49,LOW,5808,2025-12-02 13:20:52,2025-12-02 13:24:51,SHORT,25570.2500,25570.2500,REVERSAL,1,2,40.0000,200.0000,2474,22.0000,43.0000,0.3784,2.1765,1.4152,-0.3435,1,-0.638889
2025-W49,LOW,5809,2025-12-02 13:33:11,2025-12-02 13:38:10,LONG,25549.7500,25549.5000,REVERSAL,1,2,39.0000,195.0000,3130,37.0000,55.5000,0.0000,0.6667,0.7424,-0.1621,0,-0.302632
2025-W49,LOW,5810,2025-12-02 13:46:54,2025-12-02 13:50:36,SHORT,25555.5000,25555.0000,REVERSAL,1,2,44.0000,220.0000,1971,22.0000,40.0000,0.0769,0.6190,1.2641,-0.0301,1,-0.048077
2025-W49,LOW,5811,2025-12-02 13:54:05,2025-12-02 13:56:05,SHORT,25582.0000,25572.0000,REVERSAL,0,1,40.0000,200.0000,1089,40.0000,21.0000,0.2500,0.7692,0.7267,-0.1642,1,-0.067308
2025-W49,LOW,5812,2025-12-02 14:08:18,2025-12-02 14:10:02,SHORT,25603.5000,25593.2500,REVERSAL,0,1,41.0000,205.0000,694,41.0000,15.0000,0.1515,0.9167,1.0208,0.1250,1,-0.159091
2025-W49,LOW,5813,2025-12-02 14:11:02,2025-12-02 14:14:31,SHORT,25598.2500,25598.0000,REVERSAL,1,2,42.0000,210.0000,1751,21.0000,40.0000,-0.1081,1.0882,1.3536,0.3411,3,0.287037
2025-W49,LOW,5814,2025-12-02 14:15:56,2025-12-02 14:17:41,SHORT,25607.7500,25597.7500,REVERSAL,0,1,40.0000,200.0000,816,40.0000,10.0000,0.2174,1.1500,0.7878,-0.0310,1,-0.093023
2025-W49,LOW,5815,2025-12-02 14:28:04,2025-12-02 14:28:22,LONG,25566.2500,25576.2500,REVERSAL,0,1,40.0000,200.0000,162,40.0000,5.0000,0.0476,1.5000,1.2685,-0.1328,2,-0.250000
2025-W49,LOW,5816,2025-12-02 14:28:22,2025-12-02 14:31:01,SHORT,25576.2500,25596.2500,HARD_STOP,1,2,-120.0000,-600.0000,1781,4.0000,60.0000,0.0000,1.5000,1.2685,0.1328,1,0.250000
2025-W49,LOW,5817,2025-12-02 14:38:10,2025-12-02 14:39:09,LONG,25595.5000,25605.5000,REVERSAL,0,1,40.0000,200.0000,486,40.0000,1.0000,0.0000,1.3600,1.0588,-0.1264,0,-0.138298
2025-W49,LOW,5818,2025-12-02 14:47:13,2025-12-02 14:48:04,LONG,25584.0000,25594.2500,REVERSAL,0,1,41.0000,205.0000,377,41.0000,5.0000,0.0741,0.8710,0.7959,-0.2031,1,-0.156250
2025-W49,LOW,5819,2025-12-02 14:57:19,2025-12-02 15:00:41,SHORT,25625.7500,25625.7500,REVERSAL,1,2,40.0000,200.0000,2830,20.0000,49.0000,0.4167,1.3333,1.0952,0.1985,2,0.125000
2025-W49,LOW,5820,2025-12-02 15:09:03,2025-12-02 15:09:58,LONG,25617.0000,25627.0000,REVERSAL,0,1,40.0000,200.0000,342,40.0000,1.0000,0.0000,1.0000,0.8281,-0.2103,1,-0.087209
2025-W49,LOW,5821,2025-12-02 15:11:50,2025-12-02 15:13:00,LONG,25619.7500,25629.7500,REVERSAL,0,1,40.0000,200.0000,279,40.0000,11.0000,0.2333,1.2000,1.0464,0.0947,1,-0.093023
2025-W49,LOW,5822,2025-12-02 15:15:26,2025-12-02 15:21:25,LONG,25626.0000,25636.0000,REVERSAL,0,1,40.0000,200.0000,2360,40.0000,23.0000,0.2000,0.9091,0.8474,-0.0965,0,-0.051020
2025-W49,LOW,5823,2025-12-02 15:41:00,2025-12-02 15:45:31,LONG,25623.7500,25624.0000,REVERSAL,1,2,42.0000,210.0000,2562,21.0000,47.0000,1.0000,0.9091,0.7879,0.1179,3,0.178571
2025-W49,LOW,5824,2025-12-02 15:48:04,2025-12-02 15:49:50,LONG,25625.2500,25622.7500,EOD_FLATTEN,0,1,-10.0000,-50.0000,800,19.0000,32.0000,0.2258,1.5500,1.2098,-0.2687,1,-0.147436
2025-W49,LOW,5825,2025-12-03 09:30:08,2025-12-03 09:30:10,LONG,25475.7500,25486.0000,REVERSAL,0,1,41.0000,205.0000,199,41.0000,6.0000,0.0577,1.4054,1.0654,-0.3704,0,-4.250000
2025-W49,LOW,5826,2025-12-03 09:30:10,2025-12-03 09:30:22,SHORT,25486.0000,25476.0000,REVERSAL,0,1,40.0000,200.0000,715,40.0000,28.0000,0.1538,1.4054,1.0654,0.3704,3,4.250000
2025-W49,LOW,5827,2025-12-03 09:30:30,2025-12-03 09:30:32,LONG,25467.0000,25477.0000,REVERSAL,0,1,40.0000,200.0000,247,40.0000,19.0000,0.1724,1.3182,1.1957,-0.1568,1,-2.562500
2025-W49,LOW,5828,2025-12-03 09:30:32,2025-12-03 09:30:36,SHORT,25477.0000,25467.0000,REVERSAL,0,1,40.0000,200.0000,250,40.0000,1.0000,0.1379,1.3182,1.1957,0.1568,2,2.562500
2025-W49,LOW,5829,2025-12-03 09:30:39,2025-12-03 09:30:42,LONG,25458.0000,25468.0000,REVERSAL,0,1,40.0000,200.0000,191,40.0000,1.0000,-0.5185,0.6750,0.6708,0.0286,1,-2.500000
2025-W49,LOW,5830,2025-12-03 09:32:18,2025-12-03 09:32:19,SHORT,25505.0000,25495.0000,REVERSAL,0,1,40.0000,200.0000,61,40.0000,0.0000,0.0833,2.0000,1.4375,-0.2580,0,-2.000000
2025-W49,LOW,5831,2025-12-03 09:32:19,2025-12-03 09:32:29,LONG,25495.0000,25505.0000,REVERSAL,0,1,40.0000,200.0000,296,40.0000,39.0000,0.4405,2.0000,1.4375,0.2580,3,2.000000
2025-W49,LOW,5832,2025-12-03 09:32:40,2025-12-03 09:33:00,SHORT,25510.7500,25530.7500,HARD_STOP,1,2,-120.0000,-600.0000,1013,20.0000,60.0000,0.4074,0.6429,0.8531,-0.4615,1,-1.050000
2025-W49,LOW,5833,2025-12-03 09:33:04,2025-12-03 09:33:09,LONG,25524.7500,25535.0000,REVERSAL,0,1,41.0000,205.0000,258,41.0000,16.0000,-0.6667,0.7500,0.8911,0.3309,3,0.750000
2025-W49,LOW,5834,2025-12-03 09:33:20,2025-12-03 09:33:26,LONG,25513.7500,25524.0000,REVERSAL,0,1,41.0000,205.0000,242,41.0000,16.0000,-0.0233,0.7818,1.1997,-0.1753,1,-3.333333
2025-W49,LOW,5835,2025-12-03 09:33:26,2025-12-03 09:33:38,SHORT,25524.0000,25524.0000,REVERSAL,1,2,40.0000,200.0000,406,20.0000,40.0000,0.0698,0.7818,1.1997,0.1753,2,3.333333
2025-W49,LOW,5836,2025-12-03 09:33:38,2025-12-03 09:33:56,LONG,25524.0000,25524.0000,REVERSAL,1,2,40.0000,200.0000,683,20.0000,40.0000,0.0500,0.6667,1.0310,0.2677,2,1.285714
2025-W49,LOW,5837,2025-12-03 09:35:40,2025-12-03 09:35:43,LONG,25479.0000,25489.0000,REVERSAL,0,1,40.0000,200.0000,141,40.0000,12.0000,0.1698,0.6709,0.9526,-0.0985,1,-1.562500
2025-W49,LOW,5838,2025-12-03 09:35:43,2025-12-03 09:35:50,SHORT,25489.0000,25479.0000,REVERSAL,0,1,40.0000,200.0000,260,40.0000,11.0000,0.0755,0.6709,0.9526,0.0985,2,1.562500
2025-W49,LOW,5839,2025-12-03 09:38:41,2025-12-03 09:38:42,LONG,25484.7500,25495.2500,REVERSAL,0,1,42.0000,210.0000,37,42.0000,0.0000,0.1509,0.7162,0.8386,-0.0337,1,-0.472222
2025-W49,LOW,5840,2025-12-03 09:38:42,2025-12-03 09:38:56,SHORT,25495.2500,25485.2500,REVERSAL,0,1,40.0000,200.0000,270,40.0000,14.0000,0.0566,0.7162,0.8386,0.0337,2,0.472222
2025-W49,LOW,5841,2025-12-03 09:39:30,2025-12-03 09:40:01,LONG,25470.2500,25470.2500,REVERSAL,1,2,40.0000,200.0000,1676,22.0000,49.0000,0.2444,0.5844,0.7922,-0.1419,1,-0.650000
2025-W49,LOW,5842,2025-12-03 09:40:16,2025-12-03 09:40:28,SHORT,25484.2500,25474.0000,REVERSAL,0,1,41.0000,205.0000,308,41.0000,10.0000,0.0455,1.5172,0.9469,-0.2557,0,-0.425000
2025-W49,LOW,5843,2025-12-03 09:41:41,2025-12-03 09:42:03,SHORT,25495.2500,25494.5000,REVERSAL,1,2,46.0000,230.0000,515,26.0000,40.0000,0.7213,1.3864,1.0369,0.0598,3,0.725000
2025-W49,LOW,5844,2025-12-03 09:46:10,2025-12-03 09:46:20,SHORT,25500.0000,25490.0000,REVERSAL,0,1,40.0000,200.0000,335,40.0000,18.0000,0.1000,0.4819,0.8997,-0.0612,0,-0.312500
2025-W49,LOW,5845,2025-12-03 09:46:46,2025-12-03 09:46:50,LONG,25482.2500,25492.2500,REVERSAL,0,1,40.0000,200.0000,86,40.0000,3.0000,0.3333,1.5333,1.1912,-0.3152,0,-0.750000
2025-W49,LOW,5846,2025-12-03 09:46:50,2025-12-03 09:47:01,SHORT,25492.2500,25492.2500,REVERSAL,1,2,40.0000,200.0000,176,20.0000,40.0000,0.0870,1.5333,1.1912,0.3152,3,0.750000
2025-W49,LOW,5847,2025-12-03 09:49:39,2025-12-03 09:50:09,LONG,25467.7500,25477.7500,REVERSAL,0,1,40.0000,200.0000,908,40.0000,31.0000,0.2245,0.9423,1.1739,-0.2344,1,-0.482143
2025-W49,LOW,5848,2025-12-03 09:50:16,2025-12-03 09:50:34,LONG,25470.5000,25480.5000,REVERSAL,0,1,40.0000,200.0000,428,40.0000,38.0000,0.1739,1.2105,0.9571,0.3180,2,1.500000
2025-W49,LOW,5849,2025-12-03 09:52:08,2025-12-03 09:52:30,SHORT,25475.0000,25475.0000,REVERSAL,1,2,40.0000,200.0000,539,20.0000,40.0000,0.7391,0.9583,0.8663,-0.0305,2,0.388889
2025-W49,LOW,5850,2025-12-03 09:53:13,2025-12-03 09:53:58,LONG,25439.2500,25449.2500,REVERSAL,0,1,40.0000,200.0000,1498,40.0000,37.0000,0.1333,0.9184,1.4392,-0.3308,1,-0.833333
2025-W49,LOW,5851,2025-12-03 09:54:05,2025-12-03 09:54:36,SHORT,25466.0000,25486.2500,HARD_STOP,1,2,-120.0000,-600.0000,1075,38.0000,60.0000,0.4545,0.7719,0.8773,-0.1417,0,-1.750000
2025-W49,LOW,5852,2025-12-03 09:55:02,2025-12-03 09:55:05,LONG,25477.5000,25487.5000,REVERSAL,0,1,40.0000,200.0000,108,40.0000,1.0000,0.1452,1.6316,1.4710,-0.0440,1,-1.291667
2025-W49,LOW,5853,2025-12-03 09:55:05,2025-12-03 09:55:31,SHORT,25487.5000,25486.5000,REVERSAL,1,2,48.0000,240.0000,811,24.0000,40.0000,0.2097,1.6316,1.4710,0.0440,2,1.291667
2025-W49,LOW,5854,2025-12-03 09:55:44,2025-12-03 09:55:56,LONG,25480.0000,25490.0000,REVERSAL,0,1,40.0000,200.0000,143,40.0000,3.0000,0.1087,0.5349,1.1633,0.0677,2,0.425000
2025-W49,LOW,5855,2025-12-03 09:55:56,2025-12-03 09:56:01,SHORT,25490.0000,25480.0000,REVERSAL,0,1,40.0000,200.0000,90,40.0000,4.0000,0.0217,0.5349,1.1633,-0.0677,1,-0.425000
2025-W49,LOW,5856,2025-12-03 09:56:50,2025-12-03 09:57:08,SHORT,25494.2500,25484.2500,REVERSAL,0,1,40.0000,200.0000,252,40.0000,17.0000,0.0800,0.9615,1.0854,-0.1661,0,-0.593750
2025-W49,LOW,5857,2025-12-03 10:00:08,2025-12-03 10:00:09,SHORT,25525.0000,25514.5000,REVERSAL,0,1,42.0000,210.0000,45,42.0000,10.0000,0.0000,0.4957,0.7656,-0.1704,0,-13.000000
2025-W49,LOW,5858,2025-12-03 10:00:09,2025-12-03 10:00:09,LONG,25514.5000,25524.5000,REVERSAL,0,1,40.0000,200.0000,38,40.0000,2.0000,0.2759,0.4957,0.7656,0.1704,3,13.000000
2025-W49,LOW,5859,2025-12-03 10:00:09,2025-12-03 10:00:17,SHORT,25524.5000,25514.5000,REVERSAL,0,1,40.0000,200.0000,568,40.0000,22.0000,0.0345,0.4957,0.7656,-0.1704,0,-13.000000
2025-W49,LOW,5860,2025-12-03 10:02:12,2025-12-03 10:02:58,SHORT,25533.2500,25553.2500,HARD_STOP,1,2,-120.0000,-600.0000,2452,32.0000,60.0000,0.1786,0.7368,0.9442,-0.2519,0,-1.500000
2025-W49,LOW,5861,2025-12-03 10:03:06,2025-12-03 10:03:31,SHORT,25561.2500,25561.2500,REVERSAL,1,2,40.0000,200.0000,1571,20.0000,40.0000,0.0000,0.8519,0.8914,-0.1875,0,-1.500000
2025-W49,LOW,5862,2025-12-03 10:04:26,2025-12-03 10:05:45,SHORT,25565.0000,25555.0000,REVERSAL,0,1,40.0000,200.0000,1888,40.0000,38.0000,0.0244,0.8913,1.2671,0.1450,2,0.150000
2025-W49,LOW,5863,2025-12-03 10:07:16,2025-12-03 10:08:27,LONG,25538.5000,25538.7500,REVERSAL,1,2,42.0000,210.0000,1256,21.0000,40.0000,0.6562,0.8421,1.0996,0.1146,3,0.750000
2025-W49,LOW,5864,2025-12-03 10:08:27,2025-12-03 10:08:31,SHORT,25538.7500,25528.7500,REVERSAL,0,1,40.0000,200.0000,53,40.0000,1.0000,-0.0465,0.9149,1.0306,-0.0472,1,-0.069444
2025-W49,LOW,5865,2025-12-03 10:08:31,2025-12-03 10:09:04,LONG,25528.7500,25538.7500,REVERSAL,0,1,40.0000,200.0000,473,40.0000,1.0000,0.1163,0.9149,1.0306,0.0472,2,0.069444
2025-W49,LOW,5866,2025-12-03 10:13:07,2025-12-03 10:13:12,LONG,25503.2500,25513.7500,REVERSAL,0,1,42.0000,210.0000,212,42.0000,3.0000,0.3333,1.0500,1.1311,-0.0902,0,-0.722222
2025-W49,LOW,5867,2025-12-03 10:13:12,2025-12-03 10:13:37,SHORT,25513.7500,25503.5000,REVERSAL,0,1,41.0000,205.0000,643,41.0000,16.0000,-0.3333,1.0500,1.1311,0.0902,3,0.722222
2025-W49,LOW,5868,2025-12-03 10:14:30,2025-12-03 10:14:45,SHORT,25521.5000,25511.5000,REVERSAL,0,1,40.0000,200.0000,288,40.0000,0.0000,0.1154,1.3684,1.2600,-0.2453,0,-0.975000
2025-W49,LOW,5869,2025-12-03 10:17:09,2025-12-03 10:19:27,SHORT,25545.7500,25545.7500,REVERSAL,1,2,40.0000,200.0000,3392,31.0000,51.0000,0.0769,1.5000,1.0266,-0.4667,0,-2.125000
2025-W49,LOW,5870,2025-12-03 10:21:39,2025-12-03 10:22:05,LONG,25532.5000,25512.2500,HARD_STOP,1,2,-121.0000,-605.0000,731,11.0000,60.5000,0.8919,1.0882,0.9489,0.0234,1,0.409091
2025-W49,LOW,5871,2025-12-03 10:23:56,2025-12-03 10:25:12,SHORT,25542.0000,25542.0000,REVERSAL,1,2,40.0000,200.0000,1405,31.0000,40.0000,0.1200,0.8065,1.1782,-0.2388,1,-0.283333
2025-W49,LOW,5872,2025-12-03 10:26:46,2025-12-03 10:27:30,LONG,25541.7500,25551.7500,REVERSAL,0,1,40.0000,200.0000,813,40.0000,31.0000,0.6667,0.5172,1.2943,-0.0562,2,0.105263
2025-W49,LOW,5873,2025-12-03 10:33:09,2025-12-03 10:33:11,SHORT,25566.0000,25556.0000,REVERSAL,0,1,40.0000,200.0000,539,40.0000,8.0000,0.4848,0.4342,1.8693,-0.2768,0,-4.000000
2025-W49,LOW,5874,2025-12-03 10:33:18,2025-12-03 10:33:19,SHORT,25576.7500,25566.7500,REVERSAL,0,1,40.0000,200.0000,306,40.0000,4.0000,0.1136,1.4667,1.1387,-0.3379,0,-6.500000
2025-W49,LOW,5875,2025-12-03 10:33:28,2025-12-03 10:33:29,SHORT,25577.5000,25567.5000,REVERSAL,0,1,40.0000,200.0000,80,40.0000,0.0000,0.2051,1.3448,1.0177,-0.0136,1,-4.500000
2025-W49,LOW,5876,2025-12-03 10:33:29,2025-12-03 10:34:01,LONG,25567.5000,25567.5000,REVERSAL,1,2,40.0000,200.0000,1759,33.0000,52.0000,-0.2308,1.3448,1.0177,0.0136,2,4.500000
2025-W49,LOW,5877,2025-12-03 10:34:21,2025-12-03 10:35:10,SHORT,25571.5000,25591.5000,HARD_STOP,1,2,-120.0000,-600.0000,1781,18.0000,60.0000,1.0000,1.6842,0.9798,0.0745,2,0.833333
2025-W49,LOW,5878,2025-12-03 10:36:00,2025-12-03 10:36:08,SHORT,25589.5000,25579.5000,REVERSAL,0,1,40.0000,200.0000,260,40.0000,10.0000,0.1500,1.1765,0.9499,-0.4211,1,-0.968750
2025-W49,LOW,5879,2025-12-03 10:36:16,2025-12-03 10:36:26,LONG,25571.7500,25581.7500,REVERSAL,0,1,40.0000,200.0000,253,40.0000,4.0000,-0.0256,0.8298,1.0024,-0.2451,1,-1.093750
2025-W49,LOW,5880,2025-12-03 10:36:45,2025-12-03 10:37:24,SHORT,25596.0000,25585.7500,REVERSAL,0,1,41.0000,205.0000,1106,41.0000,5.0000,0.4000,0.9259,0.8380,-0.5827,0,-0.437500
2025-W49,LOW,5881,2025-12-03 10:37:53,2025-12-03 10:38:26,SHORT,25600.5000,25590.5000,REVERSAL,0,1,40.0000,200.0000,879,40.0000,7.0000,0.0000,0.7059,0.7779,-0.3646,0,-0.472222
2025-W49,LOW,5882,2025-12-03 10:41:09,2025-12-03 10:41:39,SHORT,25576.0000,25576.0000,REVERSAL,1,2,40.0000,200.0000,550,20.0000,40.0000,1.0000,1.6207,1.4408,0.0530,2,0.464286
2025-W49,LOW,5883,2025-12-03 10:42:08,2025-12-03 10:42:50,LONG,25569.0000,25579.0000,REVERSAL,0,1,40.0000,200.0000,747,40.0000,13.0000,-0.3600,0.6098,0.7708,-0.1462,0,-0.238636
2025-W49,LOW,5884,2025-12-03 10:50:18,2025-12-03 10:50:37,LONG,25584.7500,25594.7500,REVERSAL,0,1,40.0000,200.0000,300,40.0000,0.0000,0.3030,0.8250,0.8776,-0.2031,0,-0.279412
2025-W49,LOW,5885,2025-12-03 10:51:48,2025-12-03 10:52:03,SHORT,25594.7500,25584.5000,REVERSAL,0,1,41.0000,205.0000,208,41.0000,3.0000,0.0000,1.5294,1.5742,-0.3881,0,-0.750000
2025-W49,LOW,5886,2025-12-03 10:52:03,2025-12-03 10:53:00,LONG,25584.5000,25584.7500,REVERSAL,1,2,42.0000,210.0000,637,21.0000,40.0000,0.2115,1.5294,1.5742,0.3881,3,0.750000
2025-W49,LOW,5887,2025-12-03 10:53:00,2025-12-03 10:53:33,SHORT,25584.7500,25574.7500,REVERSAL,0,1,40.0000,200.0000,366,40.0000,11.0000,0.1064,1.6786,1.1250,0.4457,2,0.678571
2025-W49,LOW,5888,2025-12-03 10:58:04,2025-12-03 11:00:22,LONG,25563.5000,25573.5000,REVERSAL,0,1,40.0000,200.0000,1786,40.0000,18.0000,0.1389,0.7200,0.9035,0.0662,1,-0.114583
2025-W49,LOW,5889,2025-12-03 11:00:34,2025-12-03 11:01:30,LONG,25567.7500,25577.7500,REVERSAL,0,1,40.0000,200.0000,730,40.0000,12.0000,-0.4444,1.5000,0.9375,0.5088,3,1.916667
2025-W49,LOW,5890,2025-12-03 11:08:08,2025-12-03 11:08:26,LONG,25566.2500,25576.2500,REVERSAL,0,1,40.0000,200.0000,234,40.0000,1.0000,0.1333,1.0714,1.0130,-0.3043,2,-0.406250
2025-W49,LOW,5891,2025-12-03 11:08:26,2025-12-03 11:09:05,SHORT,25576.2500,25566.2500,REVERSAL,0,1,40.0000,200.0000,256,40.0000,7.0000,-0.0222,1.0714,1.0130,0.3043,1,0.406250
2025-W49,LOW,5892,2025-12-03 11:10:45,2025-12-03 11:12:39,LONG,25541.5000,25541.2500,REVERSAL,1,2,39.0000,195.0000,2048,19.5000,58.5000,0.8438,1.0000,1.1400,0.2981,2,0.857143
2025-W49,LOW,5893,2025-12-03 11:13:38,2025-12-03 11:14:45,SHORT,25548.2500,25538.2500,REVERSAL,0,1,40.0000,200.0000,856,40.0000,18.0000,-0.0500,0.4167,0.7665,-0.2266,1,-0.269231
2025-W49,LOW,5894,2025-12-03 11:18:00,2025-12-03 11:19:44,SHORT,25555.2500,25575.5000,HARD_STOP,1,2,-122.0000,-610.0000,1391,9.0000,61.0000,1.0000,1.5000,1.6786,0.2325,2,0.487500
2025-W49,LOW,5895,2025-12-03 11:22:42,2025-12-03 11:24:33,LONG,25552.0000,25551.7500,REVERSAL,1,2,39.0000,195.0000,1485,21.0000,41.0000,0.0645,0.5636,0.8929,-0.2045,1,-0.416667
2025-W49,LOW,5896,2025-12-03 11:25:53,2025-12-03 11:26:32,SHORT,25557.2500,25547.2500,REVERSAL,0,1,40.0000,200.0000,496,40.0000,20.0000,0.3077,0.7222,0.9818,0.0039,1,0.057692
2025-W49,LOW,5897,2025-12-03 11:29:32,2025-12-03 11:31:23,SHORT,25564.5000,25584.7500,HARD_STOP,1,2,-122.0000,-610.0000,1787,19.0000,61.0000,0.4118,1.4167,1.2301,0.0661,0,-0.166667
2025-W49,LOW,5898,2025-12-03 11:31:53,2025-12-03 11:34:15,SHORT,25592.2500,25612.2500,HARD_STOP,1,2,-120.0000,-600.0000,2691,21.0000,60.0000,0.1429,0.7241,0.9662,-0.4308,1,-0.550000
2025-W49,LOW,5899,2025-12-03 11:38:02,2025-12-03 11:40:17,SHORT,25614.2500,25604.2500,REVERSAL,0,1,40.0000,200.0000,2519,40.0000,29.0000,0.0000,1.7895,1.1741,-0.4329,0,-0.233333
2025-W49,LOW,5900,2025-12-03 11:41:25,2025-12-03 11:45:05,SHORT,25615.2500,25605.2500,REVERSAL,0,1,40.0000,200.0000,1774,40.0000,5.0000,0.0400,0.7353,0.9539,-0.0229,0,-0.135417
2025-W49,LOW,5901,2025-12-03 11:51:19,2025-12-03 11:55:06,LONG,25581.2500,25561.0000,HARD_STOP,1,2,-121.0000,-605.0000,2842,38.0000,60.5000,0.0500,0.7407,1.2704,0.0909,2,0.000000
2025-W49,LOW,5902,2025-12-03 11:55:30,2025-12-03 11:55:56,SHORT,25564.2500,25554.2500,REVERSAL,0,1,40.0000,200.0000,354,40.0000,0.0000,-0.3333,1.0000,1.1000,0.1892,3,0.555556
2025-W49,LOW,5903,2025-12-03 11:57:06,2025-12-03 11:58:05,LONG,25540.7500,25540.7500,REVERSAL,1,2,40.0000,200.0000,1453,31.0000,40.0000,0.3103,0.8788,0.7981,-0.2910,0,-0.791667
2025-W49,LOW,5904,2025-12-03 11:59:23,2025-12-03 12:02:25,SHORT,25561.0000,25581.0000,HARD_STOP,1,2,-120.0000,-600.0000,2891,25.0000,60.0000,0.2857,0.5000,0.9500,-0.3858,0,-0.833333
2025-W49,LOW,5905,2025-12-03 12:02:46,2025-12-03 12:03:05,SHORT,25585.7500,25575.5000,REVERSAL,0,1,41.0000,205.0000,267,41.0000,3.0000,-0.1200,1.0000,1.0952,0.2167,0,-0.400000
2025-W49,LOW,5906,2025-12-03 12:08:02,2025-12-03 12:09:40,LONG,25567.0000,25567.0000,REVERSAL,1,2,40.0000,200.0000,922,20.0000,40.0000,0.7885,2.3636,1.6218,0.2937,1,1.062500
2025-W49,LOW,5907,2025-12-03 12:09:40,2025-12-03 12:13:09,SHORT,25567.0000,25587.0000,HARD_STOP,1,2,-120.0000,-600.0000,2593,32.0000,60.0000,-0.0541,1.1562,0.8800,-0.0227,1,-0.125000
2025-W49,LOW,5908,2025-12-03 12:13:44,2025-12-03 12:18:04,SHORT,25595.7500,25585.7500,REVERSAL,0,1,40.0000,200.0000,3186,40.0000,38.0000,0.2381,0.4468,1.3425,-0.3594,0,-0.041667
2025-W49,LOW,5909,2025-12-03 12:20:26,2025-12-03 12:23:07,SHORT,25612.0000,25632.0000,HARD_STOP,1,2,-120.0000,-600.0000,3009,31.0000,60.0000,0.0000,1.6500,1.1028,-0.3285,1,-0.402778
2025-W49,LOW,5910,2025-12-03 12:28:53,2025-12-03 12:35:16,LONG,25622.0000,25602.0000,HARD_STOP,1,2,-120.0000,-600.0000,3438,20.0000,60.0000,0.5652,0.6053,1.2526,-0.0593,3,0.041667
2025-W49,LOW,5911,2025-12-03 12:44:05,2025-12-03 12:50:16,SHORT,25616.5000,25616.2500,REVERSAL,1,2,42.0000,210.0000,3099,21.0000,40.0000,0.1500,0.8000,0.9682,-0.0566,1,-0.046875
2025-W49,LOW,5912,2025-12-03 12:53:59,2025-12-03 12:59:16,SHORT,25618.7500,25618.7500,REVERSAL,1,2,40.0000,200.0000,2917,20.0000,54.0000,0.4800,1.9231,1.2215,-0.0079,2,0.065476
2025-W49,LOW,5913,2025-12-03 13:20:34,2025-12-03 13:21:09,LONG,25610.0000,25620.0000,REVERSAL,0,1,40.0000,200.0000,434,40.0000,7.0000,0.2143,1.1667,1.3333,-0.3527,0,-0.475000
2025-W49,LOW,5914,2025-12-03 13:41:45,2025-12-03 13:56:39,SHORT,25646.5000,25636.5000,REVERSAL,0,1,40.0000,200.0000,7577,40.0000,33.0000,0.3125,0.6957,0.7901,0.0258,1,-0.000000
2025-W49,LOW,5915,2025-12-03 14:01:58,2025-12-03 14:30:05,SHORT,25645.2500,25645.2500,REVERSAL,1,2,40.0000,200.0000,10514,34.0000,40.0000,0.0000,0.5172,0.9836,0.1774,1,-0.011364
2025-W49,LOW,5916,2025-12-03 14:34:37,2025-12-03 14:35:52,LONG,25641.7500,25651.7500,REVERSAL,0,1,40.0000,200.0000,387,40.0000,1.0000,0.0714,0.9333,1.3490,-0.1481,1,-0.118750
2025-W49,LOW,5917,2025-12-03 14:38:07,2025-12-03 14:42:08,LONG,25643.2500,25653.5000,REVERSAL,0,1,41.0000,205.0000,1045,41.0000,1.0000,-0.1034,1.4500,1.2250,-0.1103,1,-0.044355
2025-W49,LOW,5918,2025-12-03 15:18:59,2025-12-03 15:38:15,SHORT,25677.2500,25667.2500,REVERSAL,0,1,40.0000,200.0000,9556,40.0000,32.0000,0.9375,0.6154,1.2363,0.0758,2,0.010638
2025-W49,LOW,5919,2025-12-03 15:41:11,2025-12-03 15:49:50,SHORT,25677.2500,25671.7500,EOD_FLATTEN,0,1,22.0000,110.0000,3861,27.0000,21.0000,0.0000,1.5556,1.3403,-0.2153,2,-0.280000
2025-W49,LOW,5920,2025-12-04 09:30:06,2025-12-04 09:30:15,LONG,25695.5000,25705.5000,REVERSAL,0,1,40.0000,200.0000,653,40.0000,18.0000,0.4062,0.8889,1.1368,-0.0385,0,-1.125000
2025-W49,LOW,5921,2025-12-04 09:30:29,2025-12-04 09:30:55,LONG,25685.5000,25665.2500,HARD_STOP,1,2,-122.0000,-610.0000,1746,12.0000,61.0000,0.5217,0.6765,0.8534,-0.1042,0,-0.666667
2025-W49,LOW,5922,2025-12-04 09:31:04,2025-12-04 09:31:09,LONG,25661.2500,25671.5000,REVERSAL,0,1,41.0000,205.0000,325,41.0000,0.0000,0.1905,0.5526,1.0680,-0.1172,1,-0.916667
2025-W49,LOW,5923,2025-12-04 09:31:37,2025-12-04 09:32:00,LONG,25666.0000,25646.0000,HARD_STOP,1,2,-120.0000,-600.0000,1140,34.0000,60.0000,0.0000,1.7500,1.2321,-0.0382,0,-0.850000
2025-W49,LOW,5924,2025-12-04 09:32:01,2025-12-04 09:32:06,SHORT,25652.5000,25642.2500,REVERSAL,0,1,41.0000,205.0000,265,41.0000,2.0000,-0.2903,1.0000,0.8690,0.3824,3,5.750000
2025-W49,LOW,5925,2025-12-04 09:32:37,2025-12-04 09:33:24,SHORT,25649.2500,25649.2500,REVERSAL,1,2,40.0000,200.0000,1964,25.0000,54.0000,0.0000,0.6842,1.0729,-0.0137,1,-0.500000
2025-W49,LOW,5926,2025-12-04 09:34:51,2025-12-04 09:35:04,LONG,25562.2500,25562.2500,REVERSAL,1,2,40.0000,200.0000,1138,36.0000,40.0000,0.4500,0.5128,0.7981,0.0965,0,-0.312500
2025-W49,LOW,5927,2025-12-04 09:35:39,2025-12-04 09:36:05,SHORT,25604.5000,25604.5000,REVERSAL,1,2,40.0000,200.0000,1418,32.0000,40.0000,0.1707,0.8913,1.2671,-0.3080,1,-1.562500
2025-W49,LOW,5928,2025-12-04 09:36:29,2025-12-04 09:36:29,SHORT,25635.0000,25625.0000,REVERSAL,0,1,40.0000,200.0000,80,40.0000,1.0000,-0.0204,1.3611,1.1542,-0.2091,0,-1.937500
2025-W49,LOW,5929,2025-12-04 09:36:29,2025-12-04 09:36:51,LONG,25625.0000,25635.0000,REVERSAL,0,1,40.0000,200.0000,829,40.0000,8.0000,0.2041,1.3611,1.1542,0.2091,3,1.937500
2025-W49,LOW,5930,2025-12-04 09:37:03,2025-12-04 09:37:16,SHORT,25630.2500,25620.2500,REVERSAL,0,1,40.0000,200.0000,353,40.0000,23.0000,0.2453,1.7667,1.2405,0.0483,2,1.916667
2025-W49,LOW,5931,2025-12-04 09:37:51,2025-12-04 09:38:06,SHORT,25610.5000,25600.2500,REVERSAL,0,1,41.0000,205.0000,506,41.0000,31.0000,0.0857,0.6604,1.0464,0.1051,0,-0.075000
2025-W49,LOW,5932,2025-12-04 09:38:24,2025-12-04 09:38:29,LONG,25588.7500,25600.0000,REVERSAL,0,1,45.0000,225.0000,134,45.0000,0.0000,0.0000,0.5672,0.8713,-0.3193,1,-2.312500
2025-W49,LOW,5933,2025-12-04 09:38:29,2025-12-04 09:39:01,SHORT,25600.0000,25620.0000,HARD_STOP,1,2,-120.0000,-600.0000,928,34.0000,60.0000,-0.1842,0.5672,0.8713,0.3193,2,2.312500
2025-W49,LOW,5934,2025-12-04 09:39:06,2025-12-04 09:39:33,LONG,25618.0000,25618.0000,REVERSAL,1,2,40.0000,200.0000,806,20.0000,40.0000,0.2407,1.3846,1.0747,0.2186,3,2.500000
2025-W49,LOW,5935,2025-12-04 09:39:33,2025-12-04 09:39:39,SHORT,25618.0000,25607.7500,REVERSAL,0,1,41.0000,205.0000,115,41.0000,0.0000,-0.0577,0.9630,0.9552,0.5267,3,0.812500
2025-W49,LOW,5936,2025-12-04 09:40:12,2025-12-04 09:40:16,SHORT,25640.2500,25630.2500,REVERSAL,0,1,40.0000,200.0000,243,40.0000,1.0000,0.0000,0.8158,0.8209,-0.1863,0,-2.583333
2025-W49,LOW,5937,2025-12-04 09:40:16,2025-12-04 09:40:20,LONG,25630.2500,25640.2500,REVERSAL,0,1,40.0000,200.0000,196,40.0000,5.0000,-0.2903,0.8158,0.8209,0.1863,3,2.583333
2025-W49,LOW,5938,2025-12-04 09:40:35,2025-12-04 09:40:49,LONG,25628.7500,25638.7500,REVERSAL,0,1,40.0000,200.0000,275,40.0000,5.0000,0.1489,1.1750,0.9875,-0.1808,1,-0.861111
2025-W49,LOW,5939,2025-12-04 09:42:24,2025-12-04 09:42:32,LONG,25583.2500,25593.2500,REVERSAL,0,1,40.0000,200.0000,396,40.0000,19.0000,-0.0238,0.8571,0.8823,-0.1613,0,-1.666667
2025-W49,LOW,5940,2025-12-04 09:43:11,2025-12-04 09:43:31,LONG,25584.7500,25595.0000,REVERSAL,0,1,41.0000,205.0000,691,41.0000,29.0000,0.1923,0.5909,0.8193,-0.0703,1,-0.750000
2025-W49,LOW,5941,2025-12-04 09:48:13,2025-12-04 09:48:44,SHORT,25593.2500,25583.2500,REVERSAL,0,1,40.0000,200.0000,652,40.0000,18.0000,0.6053,0.9048,0.8274,-0.2432,0,-0.375000
2025-W49,LOW,5942,2025-12-04 09:49:16,2025-12-04 09:49:27,SHORT,25600.0000,25590.0000,REVERSAL,0,1,40.0000,200.0000,243,40.0000,13.0000,0.0000,0.7358,0.8024,-0.1538,1,-0.500000
2025-W49,LOW,5943,2025-12-04 09:49:27,2025-12-04 09:50:01,LONG,25590.0000,25590.7500,REVERSAL,1,2,46.0000,230.0000,509,23.0000,40.0000,-0.0256,0.7358,0.8024,0.1538,2,0.500000
2025-W49,LOW,5944,2025-12-04 09:52:14,2025-12-04 09:52:42,LONG,25578.5000,25578.2500,REVERSAL,1,2,39.0000,195.0000,755,19.5000,47.5000,0.9434,1.2619,1.2143,-0.0382,2,1.500000
2025-W49,LOW,5945,2025-12-04 09:57:03,2025-12-04 09:58:01,LONG,25571.7500,25551.7500,HARD_STOP,1,2,-120.0000,-600.0000,1309,32.0000,60.0000,0.0000,0.5636,1.1412,-0.1724,0,-0.833333
2025-W49,LOW,5946,2025-12-04 10:00:00,2025-12-04 10:00:42,SHORT,25554.7500,25574.7500,HARD_STOP,1,2,-120.0000,-600.0000,1119,24.0000,60.0000,0.8286,0.9722,1.0668,0.0558,2,0.250000
2025-W49,LOW,5947,2025-12-04 10:00:52,2025-12-04 10:03:01,LONG,25567.5000,25567.5000,REVERSAL,1,2,40.0000,200.0000,2176,20.0000,40.0000,0.0909,1.4194,1.0260,0.5516,3,1.550000
2025-W49,LOW,5948,2025-12-04 10:06:23,2025-12-04 10:06:47,LONG,25564.5000,25574.7500,REVERSAL,0,1,41.0000,205.0000,380,41.0000,14.0000,0.1795,1.1143,1.0177,0.0275,1,-1.208333
2025-W49,LOW,5949,2025-12-04 10:08:04,2025-12-04 10:08:30,SHORT,25569.7500,25559.7500,REVERSAL,0,1,40.0000,200.0000,343,40.0000,0.0000,0.0000,1.3429,1.3714,-0.2091,1,-0.416667
2025-W49,LOW,5950,2025-12-04 10:11:14,2025-12-04 10:11:57,LONG,25566.2500,25566.5000,REVERSAL,1,2,42.0000,210.0000,793,21.0000,41.0000,0.9268,1.7083,1.2292,0.2401,2,0.437500
2025-W49,LOW,5951,2025-12-04 10:13:21,2025-12-04 10:13:39,LONG,25549.5000,25559.5000,REVERSAL,0,1,40.0000,200.0000,540,40.0000,17.0000,0.0750,1.2500,0.9971,-0.3430,0,-0.750000
2025-W49,LOW,5952,2025-12-04 10:15:56,2025-12-04 10:16:28,LONG,25560.2500,25570.2500,REVERSAL,0,1,40.0000,200.0000,575,40.0000,37.0000,0.7429,1.1290,1.1845,0.0224,2,-0.043478
2025-W49,LOW,5953,2025-12-04 10:17:01,2025-12-04 10:18:25,SHORT,25579.5000,25569.5000,REVERSAL,0,1,40.0000,200.0000,1895,40.0000,37.0000,0.5000,0.6154,1.0877,-0.1901,0,-0.300000
2025-W49,LOW,5954,2025-12-04 10:18:55,2025-12-04 10:20:00,SHORT,25576.7500,25566.7500,REVERSAL,0,1,40.0000,200.0000,685,40.0000,4.0000,0.0476,1.7500,1.1477,0.1172,1,-0.544118
2025-W49,LOW,5955,2025-12-04 10:21:35,2025-12-04 10:21:49,SHORT,25590.7500,25580.7500,REVERSAL,0,1,40.0000,200.0000,351,40.0000,6.0000,0.0400,0.6757,1.2628,-0.1308,1,-0.400000
2025-W49,LOW,5956,2025-12-04 10:23:00,2025-12-04 10:23:09,SHORT,25595.2500,25585.2500,REVERSAL,0,1,40.0000,200.0000,310,40.0000,9.0000,0.1212,1.4348,1.0200,-0.3217,1,-0.812500
2025-W49,LOW,5957,2025-12-04 10:24:24,2025-12-04 10:25:28,LONG,25561.0000,25541.0000,HARD_STOP,1,2,-120.0000,-600.0000,1597,36.0000,60.0000,0.0769,1.5294,0.9720,-0.2444,0,-0.638889
2025-W49,LOW,5958,2025-12-04 10:25:29,2025-12-04 10:26:05,LONG,25527.7500,25537.7500,REVERSAL,0,1,40.0000,200.0000,2187,40.0000,29.0000,0.1290,1.2917,1.0095,-0.2884,0,-6.250000
2025-W49,LOW,5959,2025-12-04 10:27:23,2025-12-04 10:27:57,SHORT,25558.0000,25548.0000,REVERSAL,0,1,40.0000,200.0000,710,40.0000,5.0000,0.1500,0.6452,0.6524,-0.1956,0,-0.625000
2025-W49,LOW,5960,2025-12-04 10:29:31,2025-12-04 10:30:29,SHORT,25593.7500,25583.7500,REVERSAL,0,1,40.0000,200.0000,1458,40.0000,5.0000,-0.0417,0.8571,1.2063,-0.1824,0,-1.000000
2025-W49,LOW,5961,2025-12-04 10:33:10,2025-12-04 10:33:21,LONG,25580.2500,25590.2500,REVERSAL,0,1,40.0000,200.0000,333,40.0000,0.0000,0.1250,1.2500,1.4671,-0.3000,1,-0.553571
2025-W49,LOW,5962,2025-12-04 10:34:06,2025-12-04 10:34:20,SHORT,25604.2500,25594.2500,REVERSAL,0,1,40.0000,200.0000,444,40.0000,3.0000,0.2000,0.3846,1.4111,-0.2157,0,-0.666667
2025-W49,LOW,5963,2025-12-04 10:37:01,2025-12-04 10:38:00,SHORT,25605.7500,25625.7500,HARD_STOP,1,2,-120.0000,-600.0000,1855,13.0000,60.0000,0.6000,0.6667,0.8889,-0.1333,0,-0.375000
2025-W49,LOW,5964,2025-12-04 10:42:27,2025-12-04 10:42:57,SHORT,25638.5000,25628.5000,REVERSAL,0,1,40.0000,200.0000,407,40.0000,3.0000,-0.0526,1.2667,1.1021,-0.2157,0,-0.178571
2025-W49,LOW,5965,2025-12-04 10:46:20,2025-12-04 10:47:36,LONG,25624.0000,25604.0000,HARD_STOP,1,2,-120.0000,-600.0000,1894,13.0000,60.0000,0.3103,0.7632,1.1416,-0.1905,1,-0.204545
2025-W49,LOW,5966,2025-12-04 10:50:00,2025-12-04 10:50:32,SHORT,25598.0000,25588.0000,REVERSAL,0,1,40.0000,200.0000,673,40.0000,4.0000,0.0263,1.1515,1.0100,-0.0143,1,-0.553571
2025-W49,LOW,5967,2025-12-04 10:52:12,2025-12-04 10:52:36,LONG,25568.2500,25578.5000,REVERSAL,0,1,41.0000,205.0000,463,41.0000,5.0000,0.5625,0.4848,0.7424,-0.0687,0,-0.416667
2025-W49,LOW,5968,2025-12-04 10:56:30,2025-12-04 10:57:24,LONG,25573.0000,25583.0000,REVERSAL,0,1,40.0000,200.0000,979,40.0000,10.0000,0.0357,0.6222,0.9192,-0.1843,1,-0.357143
2025-W49,LOW,5969,2025-12-04 10:57:32,2025-12-04 11:00:06,LONG,25573.0000,25583.2500,REVERSAL,0,1,41.0000,205.0000,2377,41.0000,20.0000,0.0909,1.3333,1.4917,0.1970,1,0.516667
2025-W49,LOW,5970,2025-12-04 11:01:16,2025-12-04 11:03:40,LONG,25569.0000,25549.0000,HARD_STOP,1,2,-120.0000,-600.0000,2733,16.0000,60.0000,0.7750,1.4286,1.2143,0.0909,3,0.384615
2025-W49,LOW,5971,2025-12-04 11:06:03,2025-12-04 11:06:15,LONG,25511.5000,25521.5000,REVERSAL,0,1,40.0000,200.0000,546,40.0000,26.0000,0.4000,0.6897,0.8126,-0.3933,0,-0.666667
2025-W49,LOW,5972,2025-12-04 11:10:10,2025-12-04 11:10:55,SHORT,25553.7500,25543.7500,REVERSAL,0,1,40.0000,200.0000,865,40.0000,12.0000,0.0000,0.6970,1.2652,-0.1860,1,-0.450000
2025-W49,LOW,5973,2025-12-04 11:13:02,2025-12-04 11:14:22,SHORT,25541.5000,25561.5000,HARD_STOP,1,2,-120.0000,-600.0000,1441,2.0000,60.0000,0.6818,1.2941,1.0617,0.1751,2,0.659091
2025-W49,LOW,5974,2025-12-04 11:17:25,2025-12-04 11:18:07,SHORT,25563.7500,25553.7500,REVERSAL,0,1,40.0000,200.0000,625,40.0000,3.0000,0.0000,1.1667,0.9746,-0.0758,0,-0.583333
2025-W49,LOW,5975,2025-12-04 11:23:18,2025-12-04 11:25:57,SHORT,25582.5000,25582.5000,REVERSAL,1,2,40.0000,200.0000,2085,20.0000,40.0000,0.8000,0.8333,1.4167,0.1811,2,0.264706
2025-W49,LOW,5976,2025-12-04 11:26:02,2025-12-04 11:29:48,LONG,25574.2500,25584.2500,REVERSAL,0,1,40.0000,200.0000,3676,40.0000,37.0000,0.0800,0.6944,0.8927,-0.2045,0,-2.750000
2025-W49,LOW,5977,2025-12-04 11:30:26,2025-12-04 11:31:27,LONG,25572.0000,25582.0000,REVERSAL,0,1,40.0000,200.0000,724,40.0000,7.0000,0.2609,0.7419,1.1868,-0.1667,0,-0.270833
2025-W49,LOW,5978,2025-12-04 11:35:38,2025-12-04 11:37:27,SHORT,25586.7500,25586.7500,REVERSAL,1,2,40.0000,200.0000,1279,25.0000,40.0000,0.5652,0.5349,0.8998,-0.2378,0,-0.178571
2025-W49,LOW,5979,2025-12-04 11:40:01,2025-12-04 11:45:44,LONG,25578.7500,25578.7500,REVERSAL,1,2,40.0000,200.0000,3963,20.0000,40.0000,0.6190,0.6562,0.9207,-0.0036,2,0.132353
2025-W49,LOW,5980,2025-12-04 11:53:12,2025-12-04 11:54:08,SHORT,25633.5000,25623.5000,REVERSAL,0,1,40.0000,200.0000,1042,40.0000,12.0000,0.2727,0.8462,0.9046,-0.0742,1,-0.203125
2025-W49,LOW,5981,2025-12-04 11:54:25,2025-12-04 11:55:41,SHORT,25634.7500,25624.7500,REVERSAL,0,1,40.0000,200.0000,1059,40.0000,5.0000,0.0571,1.2500,1.1850,-0.1786,1,-0.568182
2025-W49,LOW,5982,2025-12-04 12:00:08,2025-12-04 12:02:09,SHORT,25637.5000,25637.5000,REVERSAL,1,2,40.0000,200.0000,1790,20.0000,43.0000,0.8462,1.4444,1.1959,0.2694,3,0.535714
2025-W49,LOW,5983,2025-12-04 12:03:05,2025-12-04 12:04:48,SHORT,25645.2500,25635.2500,REVERSAL,0,1,40.0000,200.0000,1079,40.0000,23.0000,0.6842,0.4872,1.2186,-0.0959,2,0.034091
2025-W49,LOW,5984,2025-12-04 12:08:32,2025-12-04 12:10:01,LONG,25618.5000,25618.5000,REVERSAL,1,2,40.0000,200.0000,1495,20.0000,40.0000,0.3929,0.7368,1.5559,0.1053,2,0.056452
2025-W49,LOW,5985,2025-12-04 12:11:19,2025-12-04 12:12:40,LONG,25603.7500,25613.7500,REVERSAL,0,1,40.0000,200.0000,1280,40.0000,15.0000,0.0000,1.2667,1.3152,-0.3178,0,-0.500000
2025-W49,LOW,5986,2025-12-04 12:19:37,2025-12-04 12:24:33,LONG,25617.7500,25597.7500,HARD_STOP,1,2,-120.0000,-600.0000,2795,29.0000,60.0000,0.0370,0.8182,1.0691,-0.1498,1,-0.026316
2025-W49,LOW,5987,2025-12-04 12:40:07,2025-12-04 12:44:14,LONG,25601.0000,25611.0000,REVERSAL,0,1,40.0000,200.0000,2302,40.0000,35.0000,0.0000,0.9630,1.0440,0.0526,0,-0.196429
2025-W49,LOW,5988,2025-12-04 12:49:49,2025-12-04 12:51:02,LONG,25600.5000,25610.5000,REVERSAL,0,1,40.0000,200.0000,758,40.0000,6.0000,0.1000,0.8000,0.8310,-0.1615,0,-0.288462
2025-W49,LOW,5989,2025-12-04 12:55:11,2025-12-04 12:56:33,SHORT,25620.5000,25610.2500,REVERSAL,0,1,41.0000,205.0000,627,41.0000,3.0000,0.0588,0.5484,1.0492,-0.2868,1,-0.222222
2025-W49,LOW,5990,2025-12-04 13:10:22,2025-12-04 13:13:29,LONG,25596.2500,25596.2500,REVERSAL,1,2,40.0000,200.0000,1926,20.0000,51.0000,0.9688,1.7778,1.2103,0.0797,3,0.284091
2025-W49,LOW,5991,2025-12-04 13:14:36,2025-12-04 13:19:04,SHORT,25604.7500,25604.2500,REVERSAL,1,2,44.0000,220.0000,3182,22.0000,40.0000,0.2222,1.0000,0.9286,-0.2171,0,-0.191176
2025-W49,LOW,5992,2025-12-04 13:33:47,2025-12-04 13:40:37,SHORT,25619.0000,25609.0000,REVERSAL,0,1,40.0000,200.0000,3457,40.0000,27.0000,0.9333,0.7143,0.8821,0.3386,3,0.175000
2025-W49,LOW,5993,2025-12-04 13:43:00,2025-12-04 13:47:54,SHORT,25605.5000,25595.5000,REVERSAL,0,1,40.0000,200.0000,2287,40.0000,13.0000,-0.1600,1.0000,1.2812,0.0036,1,-0.032609
2025-W49,LOW,5994,2025-12-04 13:55:54,2025-12-04 13:58:00,LONG,25599.7500,25609.7500,REVERSAL,0,1,40.0000,200.0000,704,40.0000,8.0000,0.2143,0.4828,0.8455,-0.2043,0,-0.059211
2025-W49,LOW,5995,2025-12-04 14:01:41,2025-12-04 14:08:01,SHORT,25605.5000,25595.2500,REVERSAL,0,1,41.0000,205.0000,2443,41.0000,26.0000,0.2609,0.9200,1.0552,-0.1362,1,-0.160000
2025-W49,LOW,5996,2025-12-04 14:19:08,2025-12-04 14:20:17,LONG,25559.2500,25539.0000,HARD_STOP,1,2,-122.0000,-610.0000,2631,16.0000,61.0000,0.3333,1.5789,1.2213,-0.5906,0,
2025-W49,LOW,5997,2025-12-04 14:21:20,2025-12-04 14:21:52,LONG,25505.7500,25515.7500,REVERSAL,0,1,40.0000,200.0000,1107,40.0000,28.0000,0.8788,1.7368,1.1563,0.2692,2,1.375000
2025-W49,LOW,5998,2025-12-04 14:22:00,2025-12-04 14:22:06,LONG,25508.7500,25518.7500,REVERSAL,0,1,40.0000,200.0000,251,40.0000,6.0000,-0.2424,1.5000,1.1167,0.1595,3,0.625000
2025-W49,LOW,5999,2025-12-04 14:23:43,2025-12-04 14:24:00,SHORT,25508.0000,25498.0000,REVERSAL,0,1,40.0000,200.0000,436,40.0000,15.0000,0.3462,0.5306,0.9100,-0.2040,0,-0.388889
2025-W49,LOW,6000,2025-12-04 14:25:20,2025-12-04 14:27:46,SHORT,25527.7500,25548.0000,HARD_STOP,1,2,-121.0000,-605.0000,3211,26.0000,60.5000,0.3500,0.6897,0.7367,0.1907,0,-0.125000
2025-W49,LOW,6001,2025-12-04 14:29:28,2025-12-04 14:31:07,LONG,25532.0000,25542.0000,REVERSAL,0,1,40.0000,200.0000,1750,40.0000,29.0000,0.5000,1.3750,1.1086,0.1240,0,-0.200000
2025-W49,LOW,6002,2025-12-04 14:32:19,2025-12-04 14:34:03,SHORT,25547.2500,25567.5000,HARD_STOP,1,2,-122.0000,-610.0000,1788,24.0000,61.0000,-0.6800,0.8929,0.9849,0.1985,2,0.152778
2025-W49,LOW,6003,2025-12-04 14:35:06,2025-12-04 14:36:40,SHORT,25578.2500,25598.2500,HARD_STOP,1,2,-120.0000,-600.0000,2282,13.0000,60.0000,0.7778,0.5625,1.2812,-0.0965,1,0.125000
2025-W49,LOW,6004,2025-12-04 14:39:17,2025-12-04 14:41:32,LONG,25600.2500,25580.2500,HARD_STOP,1,2,-120.0000,-600.0000,2173,10.0000,60.0000,0.9348,1.5333,1.3024,-0.0301,1,0.727273
2025-W49,LOW,6005,2025-12-04 14:44:34,2025-12-04 14:50:09,SHORT,25593.5000,25593.5000,REVERSAL,1,2,40.0000,200.0000,3525,29.0000,40.0000,0.0000,0.9167,1.0583,-0.1227,1,-0.109375
2025-W49,LOW,6006,2025-12-04 14:56:23,2025-12-04 14:58:48,SHORT,25597.7500,25587.7500,REVERSAL,0,1,40.0000,200.0000,1243,40.0000,9.0000,0.5000,0.7692,1.0570,-0.0431,1,-0.125000
2025-W49,LOW,6007,2025-12-04 15:05:15,2025-12-04 15:05:35,LONG,25561.5000,25571.5000,REVERSAL,0,1,40.0000,200.0000,465,40.0000,0.0000,-0.0370,1.1739,1.1346,-0.1328,0,-0.750000
2025-W49,LOW,6008,2025-12-04 15:06:00,2025-12-04 15:06:33,SHORT,25580.0000,25569.7500,REVERSAL,0,1,41.0000,205.0000,358,41.0000,3.0000,0.1111,0.6429,0.8599,-0.2313,0,-0.312500
2025-W49,LOW,6009,2025-12-04 15:10:02,2025-12-04 15:14:13,SHORT,25573.7500,25593.7500,HARD_STOP,1,2,-120.0000,-600.0000,3061,17.0000,60.0000,0.2917,0.8571,0.9113,0.0902,1,-0.083333
2025-W49,LOW,6010,2025-12-04 15:16:18,2025-12-04 15:19:41,LONG,25576.2500,25576.5000,REVERSAL,1,2,42.0000,210.0000,2302,21.0000,40.0000,-0.0526,0.8261,0.9607,-0.1386,1,-0.166667
2025-W49,LOW,6011,2025-12-04 15:22:10,2025-12-04 15:23:56,SHORT,25579.5000,25569.0000,REVERSAL,0,1,42.0000,210.0000,762,42.0000,4.0000,0.0000,1.0769,0.9867,-0.1595,1,-0.098485
2025-W49,LOW,6012,2025-12-04 15:33:24,2025-12-04 15:35:23,SHORT,25581.5000,25571.5000,REVERSAL,0,1,40.0000,200.0000,956,40.0000,7.0000,0.2222,0.7500,0.8194,0.0039,1,-0.064516
2025-W49,LOW,6013,2025-12-04 15:38:24,2025-12-04 15:42:50,SHORT,25575.5000,25565.5000,REVERSAL,0,1,40.0000,200.0000,2046,40.0000,18.0000,0.2917,0.5106,1.4303,0.0506,1,0.038889
2025-W49,LOW,6014,2025-12-05 09:30:09,2025-12-05 09:30:27,SHORT,25698.7500,25719.0000,HARD_STOP,1,2,-121.0000,-605.0000,1513,25.0000,60.5000,-0.0741,1.2273,0.8252,0.0037,0,-2.750000
2025-W49,LOW,6015,2025-12-05 09:31:02,2025-12-05 09:31:15,SHORT,25738.0000,25758.0000,HARD_STOP,1,2,-120.0000,-600.0000,1381,29.0000,60.0000,0.2353,0.4048,0.9265,-0.0226,1,-1.625000
2025-W49,LOW,6016,2025-12-05 09:31:20,2025-12-05 09:31:44,SHORT,25769.5000,25759.2500,REVERSAL,0,1,41.0000,205.0000,1904,41.0000,14.0000,0.0968,1.1481,1.2491,-0.2842,0,-3.125000
2025-W49,LOW,6017,2025-12-05 09:32:35,2025-12-05 09:32:43,LONG,25753.0000,25763.0000,REVERSAL,0,1,40.0000,200.0000,266,40.0000,0.0000,0.0769,1.2581,1.1635,-0.3000,0,-2.437500
2025-W49,LOW,6018,2025-12-05 09:33:22,2025-12-05 09:33:27,LONG,25761.2500,25771.2500,REVERSAL,0,1,40.0000,200.0000,167,40.0000,4.0000,-0.0526,2.1111,1.2286,0.0895,1,-0.833333
2025-W49,LOW,6019,2025-12-05 09:34:06,2025-12-05 09:34:34,LONG,25765.0000,25775.0000,REVERSAL,0,1,40.0000,200.0000,725,40.0000,2.0000,0.1395,1.6538,1.4769,-0.1513,1,-1.291667
2025-W49,LOW,6020,2025-12-05 09:35:14,2025-12-05 09:35:21,LONG,25754.7500,25764.7500,REVERSAL,0,1,40.0000,200.0000,280,40.0000,4.0000,0.0000,1.2593,1.0651,-0.2761,1,-0.781250
2025-W49,LOW,6021,2025-12-05 09:36:10,2025-12-05 09:36:33,LONG,25752.0000,25752.0000,REVERSAL,1,2,40.0000,200.0000,635,20.0000,40.0000,0.8571,1.3462,1.0670,-0.1429,2,1.083333
2025-W49,LOW,6022,2025-12-05 09:37:52,2025-12-05 09:39:10,SHORT,25763.7500,25753.5000,REVERSAL,0,1,41.0000,205.0000,1574,41.0000,26.0000,0.4571,0.8140,1.0213,0.2031,2,0.475000
2025-W49,LOW,6023,2025-12-05 09:40:04,2025-12-05 09:40:35,LONG,25739.5000,25719.2500,HARD_STOP,1,2,-121.0000,-605.0000,1048,6.0000,60.5000,0.9831,2.6818,1.7992,0.1304,2,1.812500
2025-W49,LOW,6024,2025-12-05 09:40:40,2025-12-05 09:40:53,LONG,25700.0000,25710.0000,REVERSAL,0,1,40.0000,200.0000,607,40.0000,3.0000,0.0000,1.2647,1.1636,-0.1304,0,-4.000000
2025-W49,LOW,6025,2025-12-05 09:41:12,2025-12-05 09:41:18,SHORT,25719.7500,25709.7500,REVERSAL,0,1,40.0000,200.0000,166,40.0000,1.0000,0.1224,0.7778,2.0468,-0.0717,1,-1.750000
2025-W49,LOW,6026,2025-12-05 09:41:18,2025-12-05 09:41:48,LONG,25709.7500,25689.7500,HARD_STOP,1,2,-120.0000,-600.0000,896,7.0000,60.0000,0.0612,0.7778,2.0468,0.0717,2,1.750000
2025-W49,LOW,6027,2025-12-05 09:41:59,2025-12-05 09:42:01,SHORT,25696.7500,25686.7500,REVERSAL,0,1,40.0000,200.0000,263,40.0000,8.0000,0.0769,0.7222,1.0716,-0.2031,1,-1.458333
2025-W49,LOW,6028,2025-12-05 09:43:49,2025-12-05 09:44:14,LONG,25697.5000,25698.0000,REVERSAL,1,2,44.0000,220.0000,771,37.0000,40.0000,0.0000,1.3333,1.1667,-0.3333,1,-0.770833
2025-W49,LOW,6029,2025-12-05 09:45:07,2025-12-05 09:46:20,SHORT,25722.0000,25742.0000,HARD_STOP,1,2,-120.0000,-600.0000,2216,29.0000,60.0000,0.1081,1.0278,0.9325,-0.5458,0,-1.187500
2025-W49,LOW,6030,2025-12-05 09:46:48,2025-12-05 09:47:18,SHORT,25741.5000,25731.5000,REVERSAL,0,1,40.0000,200.0000,548,40.0000,10.0000,0.4348,0.7419,0.7899,0.1450,1,-0.175000
2025-W49,LOW,6031,2025-12-05 09:49:02,2025-12-05 09:50:07,SHORT,25746.2500,25746.2500,REVERSAL,1,2,40.0000,200.0000,1286,25.0000,40.0000,0.2424,0.8684,0.7675,-0.3162,0,-0.475000
2025-W49,LOW,6032,2025-12-05 09:51:11,2025-12-05 09:51:52,LONG,25744.0000,25754.0000,REVERSAL,0,1,40.0000,200.0000,653,40.0000,12.0000,0.0400,0.6579,0.9623,-0.0428,1,-0.950000
2025-W49,LOW,6033,2025-12-05 09:52:24,2025-12-05 09:53:11,SHORT,25772.0000,25772.0000,REVERSAL,1,2,40.0000,200.0000,1624,24.0000,40.0000,0.1053,0.6333,0.8167,-0.2339,0,-0.321429
2025-W49,LOW,6034,2025-12-05 09:55:38,2025-12-05 09:56:00,LONG,25787.5000,25797.5000,REVERSAL,0,1,40.0000,200.0000,620,40.0000,8.0000,0.6923,0.6190,1.1845,-0.0888,2,0.093750
2025-W49,LOW,6035,2025-12-05 09:58:38,2025-12-05 10:00:00,SHORT,25788.2500,25808.2500,HARD_STOP,1,2,-120.0000,-600.0000,1366,38.0000,60.0000,0.1000,1.5000,1.0833,-0.0229,1,-0.185185
2025-W49,LOW,6036,2025-12-05 10:00:14,2025-12-05 10:00:42,LONG,25789.2500,25769.2500,HARD_STOP,1,2,-120.0000,-600.0000,929,25.0000,60.0000,0.4571,0.5833,0.6864,-0.0213,1,-0.666667
2025-W49,LOW,6037,2025-12-05 10:00:49,2025-12-05 10:01:24,SHORT,25779.2500,25769.0000,REVERSAL,0,1,41.0000,205.0000,664,41.0000,3.0000,-0.0250,1.0811,0.9181,-0.1047,3,0.375000
2025-W49,LOW,6038,2025-12-05 10:03:11,2025-12-05 10:03:51,SHORT,25806.5000,25806.5000,REVERSAL,1,2,40.0000,200.0000,967,20.0000,40.0000,0.9062,2.6667,1.5000,0.0534,2,0.500000
2025-W49,LOW,6039,2025-12-05 10:09:05,2025-12-05 10:10:32,SHORT,25822.0000,25842.0000,HARD_STOP,1,2,-120.0000,-600.0000,2102,0.0000,60.0000,1.0000,2.1250,1.2847,0.4341,1,0.450000
2025-W49,LOW,6040,2025-12-05 10:11:47,2025-12-05 10:17:46,SHORT,25844.7500,25864.7500,HARD_STOP,1,2,-120.0000,-600.0000,7514,32.0000,60.0000,0.0000,0.6970,1.1735,-0.2266,1,-0.295455
2025-W49,LOW,6041,2025-12-05 10:21:31,2025-12-05 10:22:01,SHORT,25857.0000,25847.0000,REVERSAL,0,1,40.0000,200.0000,529,40.0000,0.0000,0.0000,0.7778,1.0639,-0.1062,0,-0.464286
2025-W49,LOW,6042,2025-12-05 10:22:55,2025-12-05 10:26:30,SHORT,25856.7500,25846.7500,REVERSAL,0,1,40.0000,200.0000,2544,40.0000,9.0000,0.0500,0.4651,1.0595,0.0226,1,-0.136364
2025-W49,LOW,6043,2025-12-05 10:27:41,2025-12-05 10:30:06,LONG,25832.0000,25842.0000,REVERSAL,0,1,40.0000,200.0000,2131,40.0000,18.0000,0.0000,0.8462,1.4231,-0.1111,0,-0.178571
2025-W49,LOW,6044,2025-12-05 10:33:28,2025-12-05 10:36:33,LONG,25849.5000,25850.0000,REVERSAL,1,2,44.0000,220.0000,2524,35.0000,41.0000,0.0556,0.5625,1.0813,-0.2154,0,-0.136364
2025-W49,LOW,6045,2025-12-05 10:38:53,2025-12-05 10:39:22,LONG,25830.0000,25840.0000,REVERSAL,0,1,40.0000,200.0000,592,40.0000,1.0000,0.2778,0.7200,1.1933,-0.2901,0,-0.305556
2025-W49,LOW,6046,2025-12-05 10:41:00,2025-12-05 10:45:20,LONG,25825.2500,25805.2500,HARD_STOP,1,2,-120.0000,-600.0000,5257,21.0000,60.0000,0.1333,0.5172,0.7765,-0.3667,0,-0.343750
2025-W49,LOW,6047,2025-12-05 10:49:28,2025-12-05 10:50:08,SHORT,25821.0000,25811.0000,REVERSAL,0,1,40.0000,200.0000,837,40.0000,25.0000,1.0833,0.3636,1.6818,0.1417,2,0.176471
2025-W49,LOW,6048,2025-12-05 10:50:32,2025-12-05 10:51:33,LONG,25802.0000,25782.0000,HARD_STOP,1,2,-120.0000,-600.0000,1930,25.0000,60.0000,0.5000,0.3556,1.0111,-0.1474,2,0.208333
2025-W49,LOW,6049,2025-12-05 10:52:49,2025-12-05 10:53:26,LONG,25757.5000,25767.5000,REVERSAL,0,1,40.0000,200.0000,1777,40.0000,6.0000,0.1667,0.8000,0.8286,-0.1461,0,
2025-W49,LOW,6050,2025-12-05 10:53:44,2025-12-05 10:54:49,SHORT,25772.2500,25772.5000,REVERSAL,1,2,39.0000,195.0000,1794,19.5000,41.0000,0.2143,0.5185,0.7414,0.0308,1,0.125000
2025-W49,LOW,6051,2025-12-05 10:55:12,2025-12-05 10:56:14,LONG,25757.0000,25737.0000,HARD_STOP,1,2,-120.0000,-600.0000,2578,29.0000,60.0000,0.0000,0.4857,0.8463,-0.2491,0,-0.357143
2025-W49,LOW,6052,2025-12-05 10:58:02,2025-12-05 10:58:35,LONG,25728.7500,25738.7500,REVERSAL,0,1,40.0000,200.0000,1116,40.0000,19.0000,0.0385,0.5532,1.1470,-0.2107,1,-1.666667
2025-W49,LOW,6053,2025-12-05 10:59:39,2025-12-05 11:00:17,SHORT,25746.5000,25766.5000,HARD_STOP,1,2,-120.0000,-600.0000,1796,33.0000,60.0000,0.2692,0.6842,0.8293,-0.0730,0,-0.204545
2025-W49,LOW,6054,2025-12-05 11:02:14,2025-12-05 11:03:25,LONG,25742.0000,25752.0000,REVERSAL,0,1,40.0000,200.0000,1223,40.0000,22.0000,0.0000,1.2000,0.9472,-0.2148,1,-0.178571
2025-W49,LOW,6055,2025-12-05 11:07:35,2025-12-05 11:08:41,LONG,25730.0000,25740.0000,REVERSAL,0,1,40.0000,200.0000,1188,40.0000,28.0000,0.0000,0.7750,0.7721,-0.1170,0,-0.295455
2025-W49,LOW,6056,2025-12-05 11:08:51,2025-12-05 11:10:33,LONG,25733.2500,25733.2500,REVERSAL,1,2,40.0000,200.0000,1729,27.0000,40.0000,0.1304,1.3939,1.1312,0.2759,2,0.394737
2025-W49,LOW,6057,2025-12-05 11:13:54,2025-12-05 11:14:08,SHORT,25733.5000,25723.5000,REVERSAL,0,1,40.0000,200.0000,302,40.0000,7.0000,0.2500,1.0000,0.9848,-0.3043,0,-0.545455
2025-W49,LOW,6058,2025-12-05 11:15:48,2025-12-05 11:16:17,LONG,25703.0000,25703.0000,REVERSAL,1,2,40.0000,200.0000,975,20.0000,40.0000,0.2258,0.8857,1.2383,0.3408,3,0.291667
2025-W49,LOW,6059,2025-12-05 11:17:22,2025-12-05 11:17:27,LONG,25686.0000,25696.2500,REVERSAL,0,1,41.0000,205.0000,251,41.0000,0.0000,0.0000,1.0667,1.0506,-0.1704,0,-1.625000
2025-W49,LOW,6060,2025-12-05 11:17:44,2025-12-05 11:18:26,SHORT,25709.2500,25699.2500,REVERSAL,0,1,40.0000,200.0000,780,40.0000,3.0000,0.3043,0.5111,0.8325,-0.2031,0,-0.500000
2025-W49,LOW,6061,2025-12-05 11:18:34,2025-12-05 11:18:42,LONG,25689.7500,25699.7500,REVERSAL,0,1,40.0000,200.0000,193,40.0000,0.0000,0.0816,1.4000,1.3731,-0.2090,1,-1.437500
2025-W49,LOW,6062,2025-12-05 11:18:42,2025-12-05 11:19:18,SHORT,25699.7500,25689.7500,REVERSAL,0,1,40.0000,200.0000,604,40.0000,17.0000,0.1020,1.4000,1.3731,0.2090,2,1.437500
2025-W49,LOW,6063,2025-12-05 11:21:30,2025-12-05 11:23:56,SHORT,25714.7500,25714.7500,REVERSAL,1,2,40.0000,200.0000,3480,34.0000,58.0000,0.2778,1.4400,1.0988,-0.1120,0,-0.230769
2025-W49,LOW,6064,2025-12-05 11:24:05,2025-12-05 11:24:31,LONG,25704.7500,25715.2500,REVERSAL,0,1,42.0000,210.0000,399,42.0000,3.0000,-0.0811,1.2333,1.2167,-0.1206,0,-0.785714
2025-W49,LOW,6065,2025-12-05 11:27:11,2025-12-05 11:28:19,LONG,25725.7500,25705.7500,HARD_STOP,1,2,-120.0000,-600.0000,1072,22.0000,60.0000,0.5000,1.1250,0.9836,-0.1440,1,-0.340909
2025-W49,LOW,6066,2025-12-05 11:28:53,2025-12-05 11:29:19,SHORT,25705.2500,25695.2500,REVERSAL,0,1,40.0000,200.0000,492,40.0000,2.0000,0.1562,0.8421,1.3711,-0.0938,1,-0.437500
2025-W49,LOW,6067,2025-12-05 11:29:25,2025-12-05 11:30:06,SHORT,25703.5000,25693.5000,REVERSAL,0,1,40.0000,200.0000,822,40.0000,19.0000,-0.0968,0.8857,0.9897,0.1458,2,0.296875
2025-W49,LOW,6068,2025-12-05 11:32:27,2025-12-05 11:32:47,LONG,25663.0000,25673.0000,REVERSAL,0,1,40.0000,200.0000,669,40.0000,34.0000,0.9286,2.2105,1.3931,0.2130,2,1.142857
2025-W49,LOW,6069,2025-12-05 11:39:02,2025-12-05 11:39:19,SHORT,25695.7500,25685.7500,REVERSAL,0,1,40.0000,200.0000,277,40.0000,0.0000,0.0200,1.7241,1.1706,-0.2296,0,-0.450000
2025-W49,LOW,6070,2025-12-05 11:42:36,2025-12-05 11:43:57,SHORT,25693.0000,25693.0000,REVERSAL,1,2,40.0000,200.0000,1262,25.0000,40.0000,0.4000,1.1111,1.0956,-0.2721,0,-0.340909
2025-W49,LOW,6071,2025-12-05 11:47:34,2025-12-05 11:47:56,LONG,25679.0000,25689.0000,REVERSAL,0,1,40.0000,200.0000,342,40.0000,0.0000,0.0000,0.8293,1.0980,-0.1146,0,-0.777778
2025-W49,LOW,6072,2025-12-05 11:52:08,2025-12-05 11:56:03,SHORT,25721.2500,25741.2500,HARD_STOP,1,2,-120.0000,-600.0000,3939,32.0000,60.0000,0.0000,0.8276,1.2193,-0.1163,0,-0.607143
2025-W49,LOW,6073,2025-12-05 12:00:00,2025-12-05 12:02:09,LONG,25727.7500,25707.7500,HARD_STOP,1,2,-120.0000,-600.0000,2988,37.0000,60.0000,0.6774,0.9394,1.1572,-0.1686,0,-1.250000
2025-W49,LOW,6074,2025-12-05 12:05:32,2025-12-05 12:05:53,SHORT,25727.0000,25717.0000,REVERSAL,0,1,40.0000,200.0000,225,40.0000,4.0000,0.0000,0.8235,0.7659,0.0155,1,-0.275000
2025-W49,LOW,6075,2025-12-05 12:05:53,2025-12-05 12:06:02,LONG,25717.0000,25727.0000,REVERSAL,0,1,40.0000,200.0000,93,40.0000,0.0000,-0.4286,0.8235,0.7659,-0.0155,2,0.275000
2025-W49,LOW,6076,2025-12-05 12:11:11,2025-12-05 12:11:25,LONG,25693.5000,25703.5000,REVERSAL,0,1,40.0000,200.0000,321,40.0000,5.0000,0.0000,0.8438,0.8219,-0.4068,0,-3.250000
2025-W49,LOW,6077,2025-12-05 12:15:48,2025-12-05 12:20:07,LONG,25702.5000,25702.5000,REVERSAL,1,2,40.0000,200.0000,1741,23.0000,40.0000,0.7805,1.3667,0.9958,0.0593,2,0.192857
2025-W49,LOW,6078,2025-12-05 12:21:38,2025-12-05 12:22:10,LONG,25689.5000,25699.7500,REVERSAL,0,1,41.0000,205.0000,271,41.0000,1.0000,0.0000,0.7143,0.9098,-0.1387,1,-0.161290
2025-W49,LOW,6079,2025-12-05 12:32:18,2025-12-05 12:35:18,LONG,25695.7500,25675.7500,HARD_STOP,1,2,-120.0000,-600.0000,2198,8.0000,60.0000,0.7826,0.8519,1.0688,0.0192,2,0.197368
2025-W49,LOW,6080,2025-12-05 12:38:04,2025-12-05 12:40:27,SHORT,25685.7500,25685.7500,REVERSAL,1,2,40.0000,200.0000,1770,20.0000,40.0000,0.7727,1.1579,0.8758,0.0077,2,0.409091
2025-W49,LOW,6081,2025-12-05 12:45:14,2025-12-05 12:46:12,LONG,25688.0000,25698.0000,REVERSAL,0,1,40.0000,200.0000,498,40.0000,3.0000,0.0811,3.3636,2.0485,-0.2313,0,-0.362500
2025-W49,LOW,6082,2025-12-05 12:53:04,2025-12-05 12:56:18,SHORT,25731.2500,25721.2500,REVERSAL,0,1,40.0000,200.0000,2738,40.0000,33.0000,1.0000,1.4000,1.1545,0.2598,1,0.367647
2025-W49,LOW,6083,2025-12-05 13:01:31,2025-12-05 13:05:44,LONG,25725.0000,25735.0000,REVERSAL,0,1,40.0000,200.0000,1880,40.0000,27.0000,-0.1176,0.5667,0.9083,0.0181,1,-0.048611
2025-W49,LOW,6084,2025-12-05 13:09:55,2025-12-05 13:11:49,SHORT,25738.0000,25728.0000,REVERSAL,0,1,40.0000,200.0000,966,40.0000,4.0000,0.0000,0.4857,1.0762,-0.0234,1,-0.071429
2025-W49,LOW,6085,2025-12-05 13:15:43,2025-12-05 13:17:01,LONG,25716.2500,25726.5000,REVERSAL,0,1,41.0000,205.0000,794,41.0000,8.0000,0.2105,1.0556,0.9191,-0.2000,0,-0.062500
2025-W49,LOW,6086,2025-12-05 13:21:00,2025-12-05 13:23:36,LONG,25708.7500,25718.7500,REVERSAL,0,1,40.0000,200.0000,2600,40.0000,35.0000,0.0000,1.4667,0.9307,-0.2214,0,-0.147059
2025-W49,LOW,6087,2025-12-05 13:26:42,2025-12-05 13:30:39,SHORT,25732.2500,25752.2500,HARD_STOP,1,2,-120.0000,-600.0000,2969,28.0000,60.0000,0.0000,0.5185,0.8729,-0.2593,0,-0.150000
2025-W49,LOW,6088,2025-12-05 13:44:42,2025-12-05 13:49:05,LONG,25735.7500,25735.7500,REVERSAL,1,2,40.0000,200.0000,1820,20.0000,40.0000,0.6667,0.3659,0.8236,0.0656,2,0.156250
2025-W49,LOW,6089,2025-12-05 13:55:58,2025-12-05 14:03:24,LONG,25728.2500,25728.2500,REVERSAL,1,2,40.0000,200.0000,3421,20.0000,40.0000,0.0323,1.4091,1.3516,-0.2000,0,-0.109756
2025-W49,LOW,6090,2025-12-05 14:05:25,2025-12-05 14:07:24,LONG,25715.7500,25725.7500,REVERSAL,0,1,40.0000,200.0000,815,40.0000,6.0000,0.0938,1.1852,1.0926,-0.1925,0,-0.159091
2025-W49,LOW,6091,2025-12-05 14:16:46,2025-12-05 14:20:27,LONG,25714.7500,25724.7500,REVERSAL,0,1,40.0000,200.0000,2063,40.0000,28.0000,0.1905,0.6176,1.0816,-0.1418,0,-0.468750
2025-W49,LOW,6092,2025-12-05 14:29:10,2025-12-05 14:31:57,SHORT,25723.0000,25713.0000,REVERSAL,0,1,40.0000,200.0000,1303,40.0000,25.0000,0.6500,0.5556,0.9206,-0.0996,2,0.005435
2025-W49,LOW,6093,2025-12-05 14:46:30,2025-12-05 14:48:47,LONG,25702.7500,25712.7500,REVERSAL,0,1,40.0000,200.0000,802,40.0000,0.0000,0.0476,0.7241,1.1676,-0.2046,0,-0.108696
2025-W49,LOW,6094,2025-12-05 14:58:31,2025-12-05 15:00:59,SHORT,25743.5000,25733.5000,REVERSAL,0,1,40.0000,200.0000,1459,40.0000,1.0000,0.0667,0.4412,0.9933,0.0350,1,-0.083333
2025-W49,LOW,6095,2025-12-05 15:03:48,2025-12-05 15:05:48,SHORT,25733.0000,25723.0000,REVERSAL,0,1,40.0000,200.0000,900,40.0000,4.0000,0.2727,0.8462,0.8564,-0.0391,0,-0.080357
2025-W49,LOW,6096,2025-12-05 15:12:12,2025-12-05 15:22:58,SHORT,25723.7500,25723.7500,REVERSAL,1,2,40.0000,200.0000,4765,28.0000,44.0000,0.1333,0.6000,1.1333,-0.0183,0,-0.102273
2025-W49,LOW,6097,2025-12-05 15:33:50,2025-12-05 15:40:48,SHORT,25724.0000,25714.0000,REVERSAL,0,1,40.0000,200.0000,2659,40.0000,16.0000,0.3636,0.8800,0.8864,0.1628,1,0.023256
