week,category,lookback,cycle_id,seed_dt,exit_dt,direction,exit_type,depth,pnl_ticks,net_pnl,mfe_ticks,mae_ticks,bars_held,is_stop,is_win,regime,regime_label,r2,choppiness,vol_imbalance,slope
W39,WORST,5,0,2025-09-22 09:31:14,2025-09-22 10:02:33,SHORT,HARD_STOP,1,-250.0,-1257.0,71.0,125.0,50499,True,False,2.0,trend,0.96705,0.57732,0.201476,3.225
W39,WORST,5,1,2025-09-22 10:11:09,2025-09-22 10:21:39,LONG,REVERSAL,0,100.0,496.5,100.0,32.0,10791,False,True,2.0,trend,0.77306,0.415584,0.247296,-2.325
W39,WORST,5,2,2025-09-22 10:21:39,2025-09-22 11:00:45,SHORT,HARD_STOP,1,-250.0,-1257.0,20.0,125.0,35752,True,False,2.0,trend,0.886427,0.605634,0.427981,2.525
W39,WORST,5,3,2025-09-22 11:11:37,2025-09-22 12:09:56,LONG,REVERSAL,0,100.0,496.5,100.0,62.0,42583,False,True,2.0,trend,0.996869,0.52809,0.094564,-2.925
W39,WORST,5,4,2025-09-22 12:09:56,2025-09-22 12:34:15,SHORT,HARD_STOP,1,-250.0,-1257.0,11.0,125.0,29416,True,False,2.0,trend,0.645576,0.325,0.278421,1.575
W39,WORST,5,5,2025-09-22 13:48:44,2025-09-22 15:38:05,SHORT,REVERSAL,1,100.0,493.0,62.0,100.0,59128,False,True,2.0,trend,0.981846,0.409091,0.187413,1.675
W39,WORST,5,6,2025-09-22 15:38:05,2025-09-22 15:49:50,LONG,EOD_FLATTEN,0,20.0,96.5,25.0,34.0,10853,False,True,2.0,trend,0.934579,0.413793,0.090654,-1.5
W39,WORST,5,7,2025-09-23 09:35:25,2025-09-23 09:55:08,LONG,HARD_STOP,1,-250.0,-1257.0,24.0,125.0,36410,True,False,0.0,unclear,0.447429,0.278351,0.109397,-1.475
W39,WORST,5,8,2025-09-23 10:05:37,2025-09-23 11:42:32,SHORT,REVERSAL,0,100.0,496.5,100.0,83.0,96101,False,True,2.0,trend,0.959925,0.515464,0.206084,3.2
W39,WORST,5,9,2025-09-23 11:42:32,2025-09-23 11:46:20,LONG,REVERSAL,0,100.0,496.5,100.0,0.0,3760,False,True,0.0,unclear,0.562646,0.317073,0.184173,-1.55
W39,WORST,5,10,2025-09-23 11:46:20,2025-09-23 12:08:23,SHORT,REVERSAL,0,100.0,496.5,100.0,27.0,12476,False,True,0.0,unclear,0.610994,0.303797,0.175074,1.7
W39,WORST,5,11,2025-09-23 12:08:23,2025-09-23 12:22:06,LONG,REVERSAL,0,100.0,496.5,100.0,58.0,13864,False,True,0.0,unclear,0.588854,0.226667,0.106291,-1.075
W39,WORST,5,12,2025-09-23 12:22:06,2025-09-23 12:29:05,SHORT,REVERSAL,0,100.0,496.5,100.0,0.0,4559,False,True,0.0,unclear,0.664368,0.206349,0.087087,0.85
W39,WORST,5,13,2025-09-23 12:29:05,2025-09-23 13:25:58,LONG,HARD_STOP,1,-250.0,-1257.0,90.0,125.0,49873,True,False,2.0,trend,0.790481,0.40404,0.169297,-2.125
W39,WORST,5,14,2025-09-23 13:28:33,2025-09-23 13:39:18,LONG,HARD_STOP,1,-250.0,-1257.0,46.0,125.0,20864,True,False,0.0,unclear,0.82552,0.388889,0.026354,-2.25
W39,WORST,5,15,2025-09-23 13:41:04,2025-09-23 13:42:16,LONG,REVERSAL,1,100.0,493.0,50.0,100.0,5038,False,True,2.0,trend,0.71063,0.402778,0.251479,-1.425
W39,WORST,5,16,2025-09-23 13:42:16,2025-09-23 14:15:51,SHORT,REVERSAL,1,100.0,493.0,57.0,113.0,49199,False,True,2.0,trend,0.959919,0.518519,0.23988,3.725
W39,WORST,5,17,2025-09-23 14:15:51,2025-09-23 14:32:41,LONG,REVERSAL,0,100.0,496.5,100.0,65.0,16395,False,True,0.0,unclear,0.760834,0.223214,0.125464,-1.325
W39,WORST,5,18,2025-09-23 14:32:41,2025-09-23 14:39:30,SHORT,REVERSAL,0,100.0,496.5,100.0,22.0,5786,False,True,1.0,chop,0.241713,0.194175,0.059354,0.875
W39,WORST,5,19,2025-09-23 14:39:30,2025-09-23 15:45:06,LONG,REVERSAL,0,100.0,496.5,100.0,86.0,52458,False,True,2.0,trend,0.983908,0.5,0.051242,-3.75
W39,WORST,5,20,2025-09-23 15:45:06,2025-09-23 15:49:50,SHORT,EOD_FLATTEN,0,12.0,56.5,42.0,32.0,4585,False,True,0.0,unclear,0.944606,0.267857,0.10162,0.9
W39,WORST,5,21,2025-09-24 09:30:43,2025-09-24 09:33:32,LONG,HARD_STOP,1,-251.0,-1262.0,5.0,125.5,9305,True,False,2.0,trend,0.989967,0.5,0.195027,-3.675
W39,WORST,5,22,2025-09-24 09:35:35,2025-09-24 09:37:40,SHORT,REVERSAL,0,100.0,496.5,100.0,12.0,5168,False,True,0.0,unclear,0.68389,0.28,0.106445,2.95
W39,WORST,5,23,2025-09-24 09:37:40,2025-09-24 09:51:57,LONG,HARD_STOP,1,-250.0,-1257.0,91.0,125.0,28868,True,False,1.0,chop,0.070997,0.18254,0.133136,-0.675
W39,WORST,5,24,2025-09-24 09:53:28,2025-09-24 10:10:28,SHORT,REVERSAL,1,102.0,503.0,51.0,100.0,25016,False,True,0.0,unclear,0.458797,0.174497,0.089406,2.425
W39,WORST,5,25,2025-09-24 10:10:28,2025-09-24 10:16:51,LONG,REVERSAL,0,100.0,496.5,100.0,14.0,7055,False,True,1.0,chop,0.279412,0.018519,0.137048,-0.475
W39,WORST,5,26,2025-09-24 10:16:51,2025-09-24 10:32:34,SHORT,REVERSAL,0,100.0,496.5,100.0,22.0,15156,False,True,0.0,unclear,0.570745,0.383562,0.152308,2.575
W39,WORST,5,27,2025-09-24 10:32:34,2025-09-24 11:23:13,LONG,REVERSAL,1,100.0,493.0,82.0,100.0,47652,False,True,2.0,trend,0.871357,0.504587,0.196429,-3.575
W39,WORST,5,28,2025-09-24 11:23:13,2025-09-24 11:31:35,SHORT,REVERSAL,0,100.0,496.5,100.0,3.0,6084,False,True,2.0,trend,0.798467,0.268293,0.247296,1.35
W39,WORST,5,29,2025-09-24 11:31:35,2025-09-24 11:46:53,LONG,HARD_STOP,1,-250.0,-1257.0,14.0,125.0,17592,True,False,0.0,unclear,0.966377,0.290698,0.018182,-1.625
W39,WORST,5,30,2025-09-24 11:50:39,2025-09-24 11:58:46,LONG,HARD_STOP,1,-250.0,-1257.0,39.0,125.0,17029,True,False,0.0,unclear,0.41113,0.2,0.07489,-1.225
W39,WORST,5,31,2025-09-24 12:02:15,2025-09-24 12:12:38,LONG,HARD_STOP,1,-250.0,-1257.0,51.0,125.0,16350,True,False,2.0,trend,0.906178,0.583333,0.248693,-3.3
W39,WORST,5,32,2025-09-24 12:13:45,2025-09-24 12:25:08,SHORT,HARD_STOP,1,-250.0,-1257.0,74.0,125.0,17133,True,False,2.0,trend,0.896811,0.385417,0.256929,2.25
W39,WORST,5,33,2025-09-24 12:27:44,2025-09-24 13:30:32,SHORT,HARD_STOP,1,-250.0,-1257.0,81.0,125.0,50279,True,False,2.0,trend,0.914633,0.435185,0.190341,3.325
W39,WORST,5,34,2025-09-24 13:36:48,2025-09-24 14:11:04,LONG,HARD_STOP,1,-250.0,-1257.0,10.0,125.0,23262,True,False,1.0,chop,0.311987,0.255556,0.108868,-0.925
W39,WORST,5,35,2025-09-24 14:15:21,2025-09-24 15:45:15,SHORT,REVERSAL,1,100.0,493.0,57.0,100.0,50747,False,True,0.0,unclear,0.9597,0.303797,0.118392,1.6
W39,WORST,5,36,2025-09-24 15:45:15,2025-09-24 15:49:50,LONG,EOD_FLATTEN,0,67.0,331.5,74.0,29.0,4539,False,True,0.0,unclear,0.686815,0.292683,0.069495,-1.725
W39,WORST,5,37,2025-09-25 09:30:20,2025-09-25 09:32:56,LONG,REVERSAL,1,100.0,493.0,50.0,100.0,10320,False,True,2.0,trend,0.864121,0.45098,0.10303,-3.725
W39,WORST,5,38,2025-09-25 09:32:56,2025-09-25 09:34:15,SHORT,REVERSAL,0,100.0,496.5,100.0,30.0,3617,False,True,0.0,unclear,0.675468,0.328947,0.127299,2.85
W39,WORST,5,39,2025-09-25 09:34:15,2025-09-25 09:36:38,LONG,HARD_STOP,1,-250.0,-1257.0,9.0,125.0,7807,True,False,2.0,trend,0.968711,0.550725,0.195249,-5.0
W39,WORST,5,40,2025-09-25 09:40:04,2025-09-25 09:42:39,LONG,HARD_STOP,1,-252.0,-1267.0,5.0,126.0,8307,True,False,0.0,unclear,0.545792,0.295082,0.108824,-1.575
W39,WORST,5,41,2025-09-25 09:44:07,2025-09-25 09:45:30,LONG,REVERSAL,0,100.0,496.5,100.0,11.0,4332,False,True,0.0,unclear,0.695859,0.258333,0.050263,-2.075
W39,WORST,5,42,2025-09-25 09:45:30,2025-09-25 09:49:01,SHORT,HARD_STOP,1,-251.0,-1262.0,54.0,125.5,12218,True,False,0.0,unclear,0.975493,0.365591,0.199102,2.225
W39,WORST,5,43,2025-09-25 09:50:11,2025-09-25 09:51:56,SHORT,REVERSAL,0,100.0,496.5,100.0,73.0,6667,False,True,2.0,trend,0.82318,0.474074,0.193595,5.125
W39,WORST,5,44,2025-09-25 09:51:56,2025-09-25 09:58:33,LONG,HARD_STOP,1,-250.0,-1257.0,34.0,125.0,18586,True,False,0.0,unclear,0.580979,0.21519,0.177151,-2.175
W39,WORST,5,45,2025-09-25 10:00:00,2025-09-25 10:02:20,SHORT,HARD_STOP,1,-250.0,-1257.0,41.0,125.0,7206,True,False,2.0,trend,0.819322,0.464968,0.103448,4.2
W39,WORST,5,46,2025-09-25 10:04:01,2025-09-25 10:07:12,SHORT,HARD_STOP,1,-250.0,-1257.0,17.0,125.0,8155,True,False,0.0,unclear,0.849588,0.357143,0.114047,3.25
W39,WORST,5,47,2025-09-25 10:09:05,2025-09-25 10:15:44,SHORT,HARD_STOP,1,-250.0,-1257.0,41.0,125.0,14861,True,False,2.0,trend,0.916992,0.490385,0.190202,3.425
W39,WORST,5,48,2025-09-25 10:18:34,2025-09-25 10:21:23,LONG,REVERSAL,0,100.0,496.5,100.0,17.0,4467,False,True,0.0,unclear,0.480114,0.2,0.136531,-0.975
W39,WORST,5,49,2025-09-25 10:21:23,2025-09-25 10:28:20,SHORT,REVERSAL,1,100.0,493.0,50.0,100.0,13864,False,True,2.0,trend,0.923298,0.429825,0.098612,2.725
W39,WORST,5,50,2025-09-25 10:28:20,2025-09-25 10:42:37,LONG,REVERSAL,0,100.0,496.5,100.0,40.0,20904,False,True,2.0,trend,0.962154,0.655556,0.318398,-3.625
W39,WORST,5,51,2025-09-25 10:42:37,2025-09-25 11:02:49,SHORT,REVERSAL,0,100.0,496.5,100.0,79.0,29184,False,True,0.0,unclear,0.913361,0.387097,0.134897,2.725
W39,WORST,5,52,2025-09-25 11:02:49,2025-09-25 11:11:01,LONG,REVERSAL,1,100.0,493.0,51.0,100.0,13148,False,True,2.0,trend,0.756825,0.372093,0.214526,-2.325
W39,WORST,5,53,2025-09-25 11:11:01,2025-09-25 11:24:58,SHORT,REVERSAL,1,100.0,493.0,50.0,124.0,17066,False,True,2.0,trend,0.704247,0.478632,0.130898,2.975
W39,WORST,5,54,2025-09-25 11:24:58,2025-09-25 11:34:10,LONG,REVERSAL,0,100.0,496.5,100.0,99.0,12072,False,True,0.0,unclear,0.972973,0.364964,0.157895,-3.0
W39,WORST,5,55,2025-09-25 11:34:10,2025-09-25 11:41:36,SHORT,HARD_STOP,1,-250.0,-1257.0,3.0,125.0,10324,True,False,2.0,trend,0.815449,0.402878,0.137982,3.2
W39,WORST,5,56,2025-09-25 11:53:43,2025-09-25 12:33:06,LONG,REVERSAL,1,100.0,493.0,80.0,110.0,34200,False,True,2.0,trend,0.975465,0.414141,0.068289,-2.375
W39,WORST,5,57,2025-09-25 12:33:06,2025-09-25 12:39:39,SHORT,REVERSAL,0,101.0,501.5,101.0,3.0,3290,False,True,2.0,trend,0.91866,0.172727,0.245339,1.2
W39,WORST,5,58,2025-09-25 12:39:39,2025-09-25 13:20:31,LONG,HARD_STOP,1,-250.0,-1257.0,43.0,125.0,30130,True,False,0.0,unclear,0.466706,0.220859,0.049155,-2.325
W39,WORST,5,59,2025-09-25 13:21:47,2025-09-25 13:27:43,LONG,REVERSAL,0,100.0,496.5,100.0,53.0,8502,False,True,0.0,unclear,0.937517,0.396825,0.122271,-2.95
W39,WORST,5,60,2025-09-25 13:27:43,2025-09-25 13:32:04,SHORT,REVERSAL,0,100.0,496.5,100.0,13.0,3658,False,True,1.0,chop,0.000646,0.030303,0.12605,-0.025
W39,WORST,5,61,2025-09-25 13:32:04,2025-09-25 13:56:56,LONG,HARD_STOP,1,-250.0,-1257.0,25.0,125.0,20738,True,False,0.0,unclear,0.47936,0.19084,0.176294,-1.725
W39,WORST,5,62,2025-09-25 14:00:21,2025-09-25 14:04:17,LONG,HARD_STOP,1,-250.0,-1257.0,7.0,125.0,9642,True,False,0.0,unclear,0.915225,0.354167,0.114413,-2.3
W39,WORST,5,63,2025-09-25 14:06:01,2025-09-25 14:12:20,SHORT,HARD_STOP,1,-250.0,-1257.0,24.0,125.0,10252,True,False,0.0,unclear,0.774681,0.275862,0.121766,2.525
W39,WORST,5,64,2025-09-25 14:15:06,2025-09-25 14:25:27,SHORT,HARD_STOP,1,-250.0,-1257.0,9.0,125.0,13430,True,False,2.0,trend,0.82663,0.468354,0.058104,1.95
W39,WORST,5,65,2025-09-25 14:33:31,2025-09-25 14:38:36,LONG,REVERSAL,0,100.0,496.5,100.0,15.0,4343,False,True,0.0,unclear,0.811029,0.19469,0.085915,-1.525
W39,WORST,5,66,2025-09-25 14:38:36,2025-09-25 14:41:29,SHORT,HARD_STOP,1,-250.0,-1257.0,8.0,125.0,4782,True,False,0.0,unclear,0.854813,0.34,0.096439,3.05
W39,WORST,5,67,2025-09-25 14:45:29,2025-09-25 15:49:50,LONG,EOD_FLATTEN,0,-64.0,-323.5,97.0,93.0,51109,False,False,0.0,unclear,0.836097,0.316176,0.011236,-2.75
W39,WORST,5,68,2025-09-26 09:30:03,2025-09-26 09:31:38,LONG,REVERSAL,1,100.0,493.0,50.0,100.0,8367,False,True,2.0,trend,0.956009,0.477707,0.330063,-4.95
W39,WORST,5,69,2025-09-26 09:31:38,2025-09-26 09:32:31,SHORT,HARD_STOP,1,-250.0,-1257.0,17.0,125.0,3596,True,False,0.0,unclear,0.73104,0.248175,0.074924,2.1
W39,WORST,5,70,2025-09-26 09:33:12,2025-09-26 09:41:00,SHORT,REVERSAL,0,101.0,501.5,101.0,53.0,16449,False,True,1.0,chop,0.131733,0.058824,0.113278,0.375
W39,WORST,5,71,2025-09-26 09:41:00,2025-09-26 09:42:37,LONG,REVERSAL,0,100.0,496.5,100.0,21.0,3303,False,True,2.0,trend,0.934138,0.423841,0.235821,-4.4
W39,WORST,5,72,2025-09-26 09:42:37,2025-09-26 09:45:04,SHORT,REVERSAL,0,100.0,496.5,100.0,81.0,5724,False,True,0.0,unclear,0.826156,0.299435,0.174716,3.375
W39,WORST,5,73,2025-09-26 09:45:04,2025-09-26 09:46:59,LONG,REVERSAL,0,101.0,501.5,101.0,95.0,5088,False,True,0.0,unclear,0.687436,0.256757,0.061317,-1.825
W39,WORST,5,74,2025-09-26 09:46:59,2025-09-26 10:03:19,SHORT,REVERSAL,1,100.0,493.0,72.0,113.0,24728,False,True,2.0,trend,0.988716,0.460123,0.27381,4.75
W39,WORST,5,75,2025-09-26 10:03:19,2025-09-26 10:06:20,LONG,HARD_STOP,1,-250.0,-1257.0,21.0,125.0,6883,True,False,2.0,trend,0.845705,0.298701,0.21275,-3.35
W39,WORST,5,76,2025-09-26 10:07:02,2025-09-26 10:21:48,LONG,HARD_STOP,1,-250.0,-1257.0,47.0,125.0,30156,True,False,2.0,trend,0.805335,0.458333,0.183976,-4.0
W39,WORST,5,77,2025-09-26 10:24:20,2025-09-26 10:26:56,LONG,HARD_STOP,1,-250.0,-1257.0,23.0,125.0,7249,True,False,2.0,trend,0.927238,0.414365,0.230325,-4.825
W39,WORST,5,78,2025-09-26 10:28:42,2025-09-26 10:31:43,SHORT,REVERSAL,1,100.0,493.0,50.0,100.0,7452,False,True,0.0,unclear,0.550234,0.14557,0.190369,2.425
W39,WORST,5,79,2025-09-26 10:31:43,2025-09-26 10:36:32,LONG,REVERSAL,0,100.0,496.5,100.0,24.0,7429,False,True,0.0,unclear,0.732708,0.189394,0.104981,-1.25
W39,WORST,5,80,2025-09-26 10:36:32,2025-09-26 10:40:25,SHORT,HARD_STOP,1,-250.0,-1257.0,37.0,125.0,8172,True,False,2.0,trend,0.977875,0.507937,0.105655,4.175
W39,WORST,5,81,2025-09-26 10:42:42,2025-09-26 10:45:47,SHORT,REVERSAL,0,100.0,496.5,100.0,26.0,5418,False,True,0.0,unclear,0.568553,0.223022,0.014968,2.45
W39,WORST,5,82,2025-09-26 10:45:47,2025-09-26 10:49:54,LONG,HARD_STOP,1,-250.0,-1257.0,8.0,125.0,7315,True,False,2.0,trend,0.816653,0.356164,0.271071,-3.575
W39,WORST,5,83,2025-09-26 10:51:45,2025-09-26 10:56:34,SHORT,REVERSAL,1,100.0,493.0,50.0,100.0,7304,False,True,2.0,trend,0.613384,0.401235,0.178626,3.525
W39,WORST,5,84,2025-09-26 10:56:34,2025-09-26 11:16:38,LONG,REVERSAL,1,100.0,493.0,92.0,100.0,24204,False,True,2.0,trend,0.860336,0.435294,0.117391,-5.05
W39,WORST,5,85,2025-09-26 11:16:38,2025-09-26 11:23:28,SHORT,REVERSAL,1,100.0,493.0,50.0,100.0,8901,False,True,2.0,trend,0.944008,0.479452,0.056972,4.65
W39,WORST,5,86,2025-09-26 11:23:28,2025-09-26 11:25:22,LONG,REVERSAL,0,100.0,496.5,100.0,15.0,2331,False,True,0.0,unclear,0.627459,0.267281,0.018433,-4.375
W39,WORST,5,87,2025-09-26 11:25:22,2025-09-26 11:38:02,SHORT,REVERSAL,1,100.0,493.0,50.0,100.0,13937,False,True,2.0,trend,0.977472,0.620155,0.163068,4.75
W39,WORST,5,88,2025-09-26 11:38:02,2025-09-26 12:07:01,LONG,REVERSAL,1,100.0,493.0,77.0,100.0,21528,False,True,2.0,trend,0.991687,0.403614,0.180545,-4.3
W39,WORST,5,89,2025-09-26 12:07:01,2025-09-26 12:21:04,SHORT,HARD_STOP,1,-250.0,-1257.0,91.0,125.0,9247,True,False,0.0,unclear,0.865724,0.352941,0.101824,3.5
W39,WORST,5,90,2025-09-26 12:24:41,2025-09-26 12:33:49,SHORT,REVERSAL,0,100.0,496.5,100.0,55.0,9088,False,True,2.0,trend,0.82719,0.480916,0.022254,3.7
W39,WORST,5,91,2025-09-26 12:33:49,2025-09-26 12:37:19,LONG,REVERSAL,0,100.0,496.5,100.0,0.0,2248,False,True,1.0,chop,0.003325,0.056911,0.02439,0.1
W39,WORST,5,92,2025-09-26 12:37:19,2025-09-26 13:13:15,SHORT,HARD_STOP,1,-250.0,-1257.0,55.0,125.0,20020,True,False,0.0,unclear,0.948606,0.361702,0.065116,3.3
W39,WORST,5,93,2025-09-26 13:20:11,2025-09-26 13:28:27,LONG,REVERSAL,0,100.0,496.5,100.0,5.0,4187,False,True,0.0,unclear,0.927772,0.244444,0.172821,-1.475
W39,WORST,5,94,2025-09-26 13:28:27,2025-09-26 13:41:36,SHORT,REVERSAL,0,101.0,501.5,101.0,1.0,6577,False,True,0.0,unclear,0.51218,0.343434,0.151825,1.45
W39,WORST,5,95,2025-09-26 13:41:36,2025-09-26 13:59:29,LONG,REVERSAL,1,100.0,493.0,61.0,100.0,10108,False,True,0.0,unclear,0.689054,0.293578,0.179039,-2.325
W39,WORST,5,96,2025-09-26 13:59:29,2025-09-26 14:40:25,SHORT,HARD_STOP,1,-250.0,-1257.0,79.0,125.0,23336,True,False,0.0,unclear,0.801664,0.36,0.034686,1.7
W39,WORST,5,97,2025-09-26 14:45:18,2025-09-26 15:49:50,LONG,EOD_FLATTEN,0,58.0,286.5,93.0,33.0,27451,False,True,2.0,trend,0.750081,0.532468,0.192062,-4.825
W48,BAD,5,0,2025-11-24 09:30:01,2025-11-24 09:30:15,SHORT,REVERSAL,0,100.0,496.5,100.0,40.0,1661,False,True,0.0,unclear,0.70092,0.35545,0.061894,4.525
W48,BAD,5,1,2025-11-24 09:30:15,2025-11-24 09:30:44,LONG,REVERSAL,0,101.0,501.5,101.0,5.0,1914,False,True,0.0,unclear,0.786352,0.351449,0.134512,-6.875
W48,BAD,5,2,2025-11-24 09:30:44,2025-11-24 09:31:19,SHORT,HARD_STOP,1,-250.0,-1257.0,28.0,125.0,2360,True,False,1.0,chop,0.222436,0.094406,0.012384,1.7
W48,BAD,5,3,2025-11-24 09:31:23,2025-11-24 09:31:55,LONG,REVERSAL,0,100.0,496.5,100.0,12.0,1610,False,True,1.0,chop,0.003325,0.088235,0.023077,-0.3
W48,BAD,5,4,2025-11-24 09:31:55,2025-11-24 09:32:38,SHORT,HARD_STOP,1,-250.0,-1257.0,13.0,125.0,2799,True,False,2.0,trend,0.936843,0.495098,0.163169,5.875
W48,BAD,5,5,2025-11-24 09:33:34,2025-11-24 09:35:04,SHORT,HARD_STOP,1,-254.0,-1277.0,54.0,127.0,4735,True,False,0.0,unclear,0.900834,0.234286,0.125846,2.75
W48,BAD,5,6,2025-11-24 09:35:34,2025-11-24 09:36:20,SHORT,REVERSAL,0,101.0,501.5,101.0,34.0,2631,False,True,2.0,trend,0.989121,0.548387,0.044669,5.325
W48,BAD,5,7,2025-11-24 09:36:20,2025-11-24 09:37:05,LONG,REVERSAL,0,100.0,496.5,100.0,19.0,1558,False,True,1.0,chop,0.03858,0.023392,0.03678,-0.25
W48,BAD,5,8,2025-11-24 09:37:05,2025-11-24 09:37:28,SHORT,REVERSAL,0,100.0,496.5,100.0,6.0,696,False,True,1.0,chop,0.087313,0.030457,0.044935,0.725
W48,BAD,5,9,2025-11-24 09:37:28,2025-11-24 09:40:23,LONG,HARD_STOP,1,-250.0,-1257.0,38.0,125.0,6344,True,False,2.0,trend,0.99092,0.485944,0.112603,-7.35
W48,BAD,5,10,2025-11-24 09:40:36,2025-11-24 09:41:13,LONG,REVERSAL,0,100.0,496.5,100.0,48.0,1682,False,True,2.0,trend,0.911962,0.316667,0.296348,-5.4
W48,BAD,5,11,2025-11-24 09:41:13,2025-11-24 09:43:10,SHORT,REVERSAL,1,100.0,493.0,88.0,100.0,3967,False,True,0.0,unclear,0.801228,0.339286,0.131102,7.475
W48,BAD,5,12,2025-11-24 09:43:10,2025-11-24 09:43:40,LONG,REVERSAL,1,100.0,493.0,50.0,100.0,1076,False,True,0.0,unclear,0.650689,0.337313,0.143245,-7.6
W48,BAD,5,13,2025-11-24 09:43:40,2025-11-24 09:44:21,SHORT,REVERSAL,0,100.0,496.5,100.0,55.0,954,False,True,0.0,unclear,0.532228,0.199377,0.113569,4.25
W48,BAD,5,14,2025-11-24 09:44:21,2025-11-24 09:45:17,LONG,REVERSAL,0,100.0,496.5,100.0,82.0,2459,False,True,0.0,unclear,0.977852,0.324538,0.05052,-7.625
W48,BAD,5,15,2025-11-24 09:45:17,2025-11-24 09:46:02,SHORT,REVERSAL,0,100.0,496.5,100.0,35.0,1580,False,True,2.0,trend,0.835807,0.476923,0.12987,7.4
W48,BAD,5,16,2025-11-24 09:46:02,2025-11-24 09:47:08,LONG,REVERSAL,0,100.0,496.5,100.0,38.0,1623,False,True,1.0,chop,0.090345,0.046832,0.117378,-1.55
W48,BAD,5,17,2025-11-24 09:47:08,2025-11-24 09:49:01,SHORT,REVERSAL,1,100.0,493.0,50.0,100.0,3212,False,True,1.0,chop,0.298431,0.107399,0.130252,4.175
W48,BAD,5,18,2025-11-24 09:49:01,2025-11-24 09:50:00,LONG,HARD_STOP,1,-252.0,-1267.0,38.0,126.0,1902,True,False,0.0,unclear,0.559791,0.319149,0.135059,-4.675
W48,BAD,5,19,2025-11-24 09:50:11,2025-11-24 09:51:03,LONG,REVERSAL,0,100.0,496.5,100.0,42.0,2523,False,True,0.0,unclear,0.626952,0.158103,0.187779,-3.775
W48,BAD,5,20,2025-11-24 09:51:03,2025-11-24 09:51:33,SHORT,REVERSAL,0,100.0,496.5,100.0,55.0,1125,False,True,0.0,unclear,0.810508,0.326019,0.046999,7.325
W48,BAD,5,21,2025-11-24 09:51:33,2025-11-24 09:51:59,LONG,REVERSAL,0,102.0,506.5,102.0,22.0,776,False,True,0.0,unclear,0.893884,0.334311,0.077705,-7.8
W48,BAD,5,22,2025-11-24 09:51:59,2025-11-24 09:52:49,SHORT,HARD_STOP,1,-250.0,-1257.0,3.0,125.0,2152,True,False,0.0,unclear,0.429804,0.239057,0.10207,4.475
W48,BAD,5,23,2025-11-24 09:53:00,2025-11-24 09:53:09,LONG,REVERSAL,0,101.0,501.5,101.0,5.0,336,False,True,1.0,chop,0.376565,0.084639,0.072586,-1.425
W48,BAD,5,24,2025-11-24 09:53:09,2025-11-24 09:54:55,SHORT,REVERSAL,0,100.0,496.5,100.0,89.0,2574,False,True,1.0,chop,0.001069,0.064615,0.06867,0.1
W48,BAD,5,25,2025-11-24 09:54:55,2025-11-24 09:56:20,LONG,REVERSAL,0,101.0,501.5,101.0,35.0,2483,False,True,2.0,trend,0.998017,0.512545,0.164557,-9.025
W48,BAD,5,26,2025-11-24 09:56:20,2025-11-24 10:00:04,SHORT,HARD_STOP,1,-250.0,-1257.0,99.0,125.0,5011,True,False,0.0,unclear,0.780976,0.229773,0.122097,5.725
W48,BAD,5,27,2025-11-24 10:01:15,2025-11-24 10:05:41,SHORT,HARD_STOP,1,-250.0,-1257.0,86.0,125.0,8498,True,False,1.0,chop,0.033858,0.088353,0.01749,0.6
W48,BAD,5,28,2025-11-24 10:06:20,2025-11-24 10:10:38,LONG,HARD_STOP,1,-251.0,-1262.0,71.0,125.5,6629,True,False,0.0,unclear,0.681259,0.183857,0.095063,-3.85
W48,BAD,5,29,2025-11-24 10:11:02,2025-11-24 10:12:40,LONG,REVERSAL,1,100.0,493.0,50.0,100.0,3510,False,True,0.0,unclear,0.444367,0.189103,0.161961,-3.025
W48,BAD,5,30,2025-11-24 10:12:40,2025-11-24 10:14:30,SHORT,HARD_STOP,1,-250.0,-1257.0,40.0,125.0,3712,True,False,0.0,unclear,0.520325,0.333333,0.050432,4.825
W48,BAD,5,31,2025-11-24 10:16:03,2025-11-24 10:20:37,LONG,REVERSAL,1,99.0,488.0,78.0,101.0,6623,False,True,0.0,unclear,0.764418,0.311355,0.150685,-5.025
W48,BAD,5,32,2025-11-24 10:20:37,2025-11-24 10:21:09,SHORT,REVERSAL,0,100.0,496.5,100.0,0.0,574,False,True,0.0,unclear,0.636837,0.258503,0.003867,3.95
W48,BAD,5,33,2025-11-24 10:21:09,2025-11-24 10:21:22,LONG,REVERSAL,0,100.0,496.5,100.0,4.0,400,False,True,1.0,chop,0.231081,0.023881,0.021638,-2.2
W48,BAD,5,34,2025-11-24 10:21:22,2025-11-24 10:24:36,SHORT,REVERSAL,0,100.0,496.5,100.0,91.0,4676,False,True,1.0,chop,0.013006,0.081081,0.001555,0.675
W48,BAD,5,35,2025-11-24 10:24:36,2025-11-24 10:27:11,LONG,REVERSAL,0,100.0,496.5,100.0,80.0,5144,False,True,0.0,unclear,0.947429,0.240909,0.086495,-3.125
W48,BAD,5,36,2025-11-24 10:27:11,2025-11-24 10:29:04,SHORT,REVERSAL,1,102.0,503.0,51.0,100.0,3386,False,True,2.0,trend,0.962311,0.431095,0.217656,8.275
W48,BAD,5,37,2025-11-24 10:29:04,2025-11-24 10:33:00,LONG,REVERSAL,0,100.0,496.5,100.0,61.0,5302,False,True,0.0,unclear,0.985614,0.205882,0.023881,-2.65
W48,BAD,5,38,2025-11-24 10:33:00,2025-11-24 10:37:33,SHORT,REVERSAL,1,100.0,493.0,68.0,100.0,6270,False,True,1.0,chop,0.36615,0.169903,0.129993,1.675
W48,BAD,5,39,2025-11-24 10:37:33,2025-11-24 10:39:00,LONG,REVERSAL,0,100.0,496.5,100.0,11.0,1622,False,True,0.0,unclear,0.738916,0.19457,0.093159,-3.0
W48,BAD,5,40,2025-11-24 10:39:00,2025-11-24 10:55:15,SHORT,REVERSAL,1,100.0,493.0,50.0,115.0,19515,False,True,2.0,trend,0.778217,0.485,0.069527,5.25
W48,BAD,5,41,2025-11-24 10:55:15,2025-11-24 11:01:48,LONG,REVERSAL,0,100.0,496.5,100.0,56.0,6568,False,True,0.0,unclear,0.844188,0.326389,0.156018,-3.2
W48,BAD,5,42,2025-11-24 11:01:48,2025-11-24 11:08:39,SHORT,HARD_STOP,1,-250.0,-1257.0,29.0,125.0,7735,True,False,0.0,unclear,0.983308,0.301075,0.056096,3.6
W48,BAD,5,43,2025-11-24 11:12:22,2025-11-24 11:33:32,SHORT,REVERSAL,0,100.0,496.5,100.0,65.0,18544,False,True,2.0,trend,0.903654,0.417266,0.131222,3.775
W48,BAD,5,44,2025-11-24 11:33:32,2025-11-24 11:34:10,LONG,REVERSAL,0,101.0,501.5,101.0,3.0,780,False,True,0.0,unclear,0.819167,0.206349,0.022255,-1.725
W48,BAD,5,45,2025-11-24 11:34:10,2025-11-24 11:58:00,SHORT,REVERSAL,0,100.0,496.5,100.0,95.0,18332,False,True,2.0,trend,0.838746,0.512048,0.125,5.775
W48,BAD,5,46,2025-11-24 11:58:00,2025-11-24 12:01:36,LONG,REVERSAL,0,100.0,496.5,100.0,28.0,4005,False,True,0.0,unclear,0.850371,0.353333,0.167638,-3.55
W48,BAD,5,47,2025-11-24 12:01:36,2025-11-24 12:03:17,SHORT,REVERSAL,0,100.0,496.5,100.0,3.0,1418,False,True,1.0,chop,0.0,0.011628,0.009146,0.0
W48,BAD,5,48,2025-11-24 12:03:17,2025-11-24 12:16:21,LONG,REVERSAL,0,100.0,496.5,100.0,48.0,9047,False,True,0.0,unclear,0.953846,0.299363,0.068079,-3.1
W48,BAD,5,49,2025-11-24 12:16:21,2025-11-24 12:39:23,SHORT,HARD_STOP,1,-250.0,-1257.0,38.0,125.0,16729,True,False,2.0,trend,0.993099,0.536765,0.185351,4.675
W48,BAD,5,50,2025-11-24 12:40:51,2025-11-24 14:27:09,SHORT,REVERSAL,1,100.0,493.0,95.0,100.0,62570,False,True,0.0,unclear,0.779893,0.238938,0.102582,1.6
W48,BAD,5,51,2025-11-24 14:27:09,2025-11-24 14:38:37,LONG,REVERSAL,1,100.0,493.0,50.0,100.0,10105,False,True,0.0,unclear,0.949438,0.308271,0.033357,-2.6
W48,BAD,5,52,2025-11-24 14:38:37,2025-11-24 14:46:00,SHORT,REVERSAL,0,100.0,496.5,100.0,21.0,5313,False,True,0.0,unclear,0.912326,0.358209,0.092006,3.025
W48,BAD,5,53,2025-11-24 14:46:00,2025-11-24 15:03:16,LONG,REVERSAL,0,100.0,496.5,100.0,61.0,13097,False,True,0.0,unclear,0.721512,0.292683,0.090141,-2.075
W48,BAD,5,54,2025-11-24 15:03:16,2025-11-24 15:26:01,SHORT,REVERSAL,1,100.0,493.0,50.0,100.0,16608,False,True,0.0,unclear,0.821212,0.301724,0.072443,2.325
W48,BAD,5,55,2025-11-24 15:26:01,2025-11-24 15:44:14,LONG,REVERSAL,0,100.0,496.5,100.0,33.0,11739,False,True,0.0,unclear,0.795072,0.25,0.024831,-1.575
W48,BAD,5,56,2025-11-24 15:44:14,2025-11-24 15:49:50,SHORT,EOD_FLATTEN,0,6.0,26.5,58.0,41.0,5458,False,True,2.0,trend,0.912692,0.467213,0.034109,4.15
W48,BAD,5,57,2025-11-25 09:30:03,2025-11-25 09:30:15,SHORT,REVERSAL,0,100.0,496.5,100.0,44.0,1557,False,True,2.0,trend,0.942308,0.654971,0.182016,7.35
W48,BAD,5,58,2025-11-25 09:30:15,2025-11-25 09:31:07,LONG,REVERSAL,1,100.0,493.0,50.0,100.0,4192,False,True,2.0,trend,0.978277,0.427885,0.107829,-5.4
W48,BAD,5,59,2025-11-25 09:31:07,2025-11-25 09:37:14,SHORT,REVERSAL,1,100.0,493.0,61.0,100.0,14120,False,True,2.0,trend,0.837022,0.643216,0.210031,7.65
W48,BAD,5,60,2025-11-25 09:37:14,2025-11-25 09:40:40,LONG,HARD_STOP,1,-250.0,-1257.0,63.0,125.0,8612,True,False,0.0,unclear,0.797701,0.319588,0.041854,-5.05
W48,BAD,5,61,2025-11-25 09:42:13,2025-11-25 09:43:14,LONG,HARD_STOP,1,-250.0,-1257.0,13.0,125.0,4121,True,False,0.0,unclear,0.690975,0.299517,0.062787,-3.625
W48,BAD,5,62,2025-11-25 09:44:04,2025-11-25 09:45:00,SHORT,REVERSAL,0,101.0,501.5,101.0,30.0,2582,False,True,2.0,trend,0.667338,0.491892,0.191582,6.225
W48,BAD,5,63,2025-11-25 09:45:00,2025-11-25 09:46:20,LONG,HARD_STOP,1,-250.0,-1257.0,9.0,125.0,6020,True,False,2.0,trend,0.792965,0.435484,0.11903,-5.45
W48,BAD,5,64,2025-11-25 09:47:15,2025-11-25 09:48:02,SHORT,REVERSAL,0,100.0,496.5,100.0,40.0,3592,False,True,0.0,unclear,0.687511,0.36413,0.061728,3.15
W48,BAD,5,65,2025-11-25 09:48:02,2025-11-25 09:49:28,LONG,HARD_STOP,1,-250.0,-1257.0,41.0,125.0,6871,True,False,2.0,trend,0.841712,0.530864,0.460182,-5.125
W48,BAD,5,66,2025-11-25 09:50:05,2025-11-25 09:50:35,LONG,REVERSAL,0,103.0,511.5,103.0,64.0,3107,False,True,0.0,unclear,0.799833,0.365385,0.004444,-4.025
W48,BAD,5,67,2025-11-25 09:50:35,2025-11-25 09:51:40,SHORT,HARD_STOP,1,-250.0,-1257.0,17.0,125.0,5186,True,False,0.0,unclear,0.934819,0.337278,0.13196,3.35
W48,BAD,5,68,2025-11-25 09:52:03,2025-11-25 09:55:00,SHORT,HARD_STOP,1,-250.0,-1257.0,57.0,125.0,9285,True,False,0.0,unclear,0.563179,0.351351,0.091837,3.2
W48,BAD,5,69,2025-11-25 09:56:13,2025-11-25 09:57:23,LONG,REVERSAL,0,100.0,496.5,100.0,65.0,2591,False,True,0.0,unclear,0.529897,0.326923,0.153792,-4.625
W48,BAD,5,70,2025-11-25 09:57:23,2025-11-25 09:59:06,SHORT,HARD_STOP,1,-250.0,-1257.0,5.0,125.0,3983,True,False,0.0,unclear,0.727873,0.261044,0.18003,4.025
W48,BAD,5,71,2025-11-25 10:00:04,2025-11-25 10:01:31,LONG,HARD_STOP,1,-250.0,-1257.0,16.0,125.0,4907,True,False,0.0,unclear,0.675575,0.312217,0.151069,-4.1
W48,BAD,5,72,2025-11-25 10:01:57,2025-11-25 10:02:07,SHORT,REVERSAL,0,104.0,516.5,104.0,19.0,486,False,True,1.0,chop,0.311015,0.154762,0.091603,1.8
W48,BAD,5,73,2025-11-25 10:02:07,2025-11-25 10:02:44,LONG,HARD_STOP,1,-250.0,-1257.0,12.0,125.0,2696,True,False,0.0,unclear,0.403004,0.161765,0.028953,-3.525
W48,BAD,5,74,2025-11-25 10:03:20,2025-11-25 10:04:29,LONG,REVERSAL,1,100.0,493.0,70.0,100.0,3634,False,True,0.0,unclear,0.713664,0.320988,0.06627,-4.15
W48,BAD,5,75,2025-11-25 10:04:29,2025-11-25 10:05:06,SHORT,REVERSAL,0,100.0,496.5,100.0,13.0,1593,False,True,2.0,trend,0.938847,0.581395,0.184211,8.675
W48,BAD,5,76,2025-11-25 10:05:06,2025-11-25 10:05:29,LONG,REVERSAL,0,101.0,501.5,101.0,2.0,1097,False,True,0.0,unclear,0.452474,0.188285,0.058824,-3.6
W48,BAD,5,77,2025-11-25 10:05:29,2025-11-25 10:05:50,SHORT,HARD_STOP,1,-252.0,-1267.0,8.0,126.0,1927,True,False,2.0,trend,0.881919,0.419643,0.094637,5.1
W48,BAD,5,78,2025-11-25 10:06:01,2025-11-25 10:07:03,LONG,REVERSAL,0,100.0,496.5,100.0,57.0,2729,False,True,2.0,trend,0.966211,0.446602,0.064836,-6.05
W48,BAD,5,79,2025-11-25 10:07:03,2025-11-25 10:08:30,SHORT,HARD_STOP,1,-250.0,-1257.0,27.0,125.0,3883,True,False,2.0,trend,0.90333,0.583942,0.205945,8.925
W48,BAD,5,80,2025-11-25 10:08:53,2025-11-25 10:11:18,LONG,HARD_STOP,1,-250.0,-1257.0,99.0,125.0,5701,True,False,0.0,unclear,0.74819,0.223176,0.002224,-4.575
W48,BAD,5,81,2025-11-25 10:11:34,2025-11-25 10:11:50,LONG,REVERSAL,0,100.0,496.5,100.0,18.0,714,False,True,1.0,chop,0.099524,0.126016,0.181884,-1.5
W48,BAD,5,82,2025-11-25 10:11:50,2025-11-25 10:13:37,SHORT,HARD_STOP,1,-250.0,-1257.0,61.0,125.0,3150,True,False,0.0,unclear,0.43334,0.056667,0.144315,2.3
W48,BAD,5,83,2025-11-25 10:13:50,2025-11-25 10:16:26,LONG,REVERSAL,1,99.0,488.0,49.5,103.0,4475,False,True,1.0,chop,0.007528,0.042373,0.034857,0.575
W48,BAD,5,84,2025-11-25 10:16:26,2025-11-25 10:20:25,SHORT,REVERSAL,1,100.0,493.0,84.0,100.0,6739,False,True,2.0,trend,0.896188,0.409677,0.14792,6.9
W48,BAD,5,85,2025-11-25 10:20:25,2025-11-25 10:23:03,LONG,HARD_STOP,1,-250.0,-1257.0,77.0,125.0,4380,True,False,1.0,chop,0.028528,0.06338,0.025287,-0.725
W48,BAD,5,86,2025-11-25 10:23:30,2025-11-25 10:27:22,SHORT,REVERSAL,1,104.0,513.0,75.0,100.0,6675,False,True,0.0,unclear,0.80941,0.381443,0.032609,4.6
W48,BAD,5,87,2025-11-25 10:27:22,2025-11-25 10:28:19,LONG,REVERSAL,0,100.0,496.5,100.0,50.0,1120,False,True,2.0,trend,0.991319,0.45,0.132047,-6.5
W48,BAD,5,88,2025-11-25 10:28:19,2025-11-25 10:30:04,SHORT,HARD_STOP,1,-250.0,-1257.0,55.0,125.0,2708,True,False,0.0,unclear,0.808873,0.33,0.038375,7.375
W48,BAD,5,89,2025-11-25 10:30:31,2025-11-25 10:33:02,SHORT,REVERSAL,0,100.0,496.5,100.0,38.0,5473,False,True,2.0,trend,0.775632,0.51497,0.152347,4.7
W48,BAD,5,90,2025-11-25 10:33:02,2025-11-25 10:34:08,LONG,REVERSAL,0,100.0,496.5,100.0,0.0,1662,False,True,0.0,unclear,0.95878,0.271493,0.148332,-4.175
W48,BAD,5,91,2025-11-25 10:34:08,2025-11-25 10:35:04,SHORT,REVERSAL,0,101.0,501.5,101.0,5.0,1138,False,True,1.0,chop,0.001867,0.028902,0.080395,0.075
W48,BAD,5,92,2025-11-25 10:35:04,2025-11-25 10:36:39,LONG,REVERSAL,1,100.0,493.0,50.0,100.0,2999,False,True,0.0,unclear,0.63148,0.321429,0.130117,-4.025
W48,BAD,5,93,2025-11-25 10:36:39,2025-11-25 10:44:31,SHORT,HARD_STOP,1,-251.0,-1262.0,52.0,125.5,9204,True,False,0.0,unclear,0.666358,0.231293,0.101644,3.55
W48,BAD,5,94,2025-11-25 10:45:22,2025-11-25 10:49:02,SHORT,REVERSAL,0,100.0,496.5,100.0,50.0,6285,False,True,1.0,chop,0.285694,0.141732,0.061818,1.125
W48,BAD,5,95,2025-11-25 10:49:02,2025-11-25 10:50:07,LONG,HARD_STOP,1,-250.0,-1257.0,1.0,125.0,2986,True,False,0.0,unclear,0.746294,0.241758,0.099723,-2.725
W48,BAD,5,96,2025-11-25 10:50:37,2025-11-25 10:57:38,LONG,REVERSAL,0,100.0,496.5,100.0,97.0,8827,False,True,1.0,chop,0.11777,0.125,0.004947,-1.5
W48,BAD,5,97,2025-11-25 10:57:38,2025-11-25 10:59:39,SHORT,REVERSAL,1,99.0,488.0,49.5,101.0,2914,False,True,2.0,trend,0.942426,0.471483,0.152886,7.625
W48,BAD,5,98,2025-11-25 10:59:39,2025-11-25 11:04:20,LONG,REVERSAL,1,100.0,493.0,50.0,100.0,4563,False,True,0.0,unclear,0.436223,0.287554,0.143501,-3.1
W48,BAD,5,99,2025-11-25 11:04:20,2025-11-25 11:05:38,SHORT,REVERSAL,0,101.0,501.5,101.0,46.0,1615,False,True,2.0,trend,0.893199,0.496454,0.118392,8.2
W48,BAD,5,100,2025-11-25 11:05:38,2025-11-25 11:07:10,LONG,REVERSAL,0,100.0,496.5,100.0,39.0,1659,False,True,0.0,unclear,0.923611,0.390977,0.098833,-6.65
W48,BAD,5,101,2025-11-25 11:07:10,2025-11-25 11:09:25,SHORT,REVERSAL,0,101.0,501.5,101.0,42.0,1859,False,True,2.0,trend,0.929457,0.487603,0.130631,7.275
W48,BAD,5,102,2025-11-25 11:09:25,2025-11-25 11:17:22,LONG,REVERSAL,0,100.0,496.5,100.0,47.0,6540,False,True,2.0,trend,0.892145,0.538095,0.129771,-6.15
W48,BAD,5,103,2025-11-25 11:17:22,2025-11-25 11:21:00,SHORT,HARD_STOP,1,-250.0,-1257.0,47.0,125.0,3698,True,False,2.0,trend,0.803822,0.425234,0.09224,4.95
W48,BAD,5,104,2025-11-25 11:22:12,2025-11-25 11:23:05,SHORT,REVERSAL,0,100.0,496.5,100.0,28.0,1267,False,True,0.0,unclear,0.654473,0.118881,0.148299,1.325
W48,BAD,5,105,2025-11-25 11:23:05,2025-11-25 11:40:00,LONG,REVERSAL,0,100.0,496.5,100.0,99.0,14612,False,True,2.0,trend,0.987644,0.584211,0.057249,-6.75
W48,BAD,5,106,2025-11-25 11:40:00,2025-11-25 11:45:20,SHORT,REVERSAL,0,100.0,496.5,100.0,51.0,4811,False,True,2.0,trend,0.937978,0.440476,0.162328,4.325
W48,BAD,5,107,2025-11-25 11:45:20,2025-11-25 11:50:31,LONG,REVERSAL,0,100.0,496.5,100.0,46.0,4599,False,True,2.0,trend,0.974029,0.645349,0.076923,-7.225
W48,BAD,5,108,2025-11-25 11:50:31,2025-11-25 12:00:15,SHORT,HARD_STOP,1,-250.0,-1257.0,32.0,125.0,8865,True,False,2.0,trend,0.86192,0.4,0.17388,5.0
W48,BAD,5,109,2025-11-25 12:01:17,2025-11-25 12:04:24,LONG,REVERSAL,0,100.0,496.5,100.0,20.0,2114,False,True,0.0,unclear,0.637268,0.156425,0.009931,-1.55
W48,BAD,5,110,2025-11-25 12:04:24,2025-11-25 12:19:57,SHORT,HARD_STOP,1,-250.0,-1257.0,19.0,125.0,12651,True,False,0.0,unclear,0.988924,0.376812,0.132193,3.125
W48,BAD,5,111,2025-11-25 12:23:13,2025-11-25 12:28:54,SHORT,REVERSAL,1,100.0,493.0,50.0,100.0,6519,False,True,2.0,trend,0.911311,0.540984,0.162963,3.775
W48,BAD,5,112,2025-11-25 12:28:54,2025-11-25 12:32:18,LONG,REVERSAL,0,100.0,496.5,100.0,23.0,2961,False,True,2.0,trend,0.616197,0.411765,0.15491,-2.625
W48,BAD,5,113,2025-11-25 12:32:18,2025-11-25 12:37:47,SHORT,HARD_STOP,1,-250.0,-1257.0,8.0,125.0,6551,True,False,0.0,unclear,0.746114,0.23913,0.160252,1.8
W48,BAD,5,114,2025-11-25 12:42:31,2025-11-25 12:58:41,LONG,HARD_STOP,1,-250.0,-1257.0,43.0,125.0,12219,True,False,0.0,unclear,0.691214,0.261745,0.034483,-2.025
W48,BAD,5,115,2025-11-25 13:01:33,2025-11-25 13:38:15,SHORT,REVERSAL,1,100.0,493.0,56.0,100.0,19917,False,True,0.0,unclear,0.846404,0.203593,0.031179,2.55
W48,BAD,5,116,2025-11-25 13:38:15,2025-11-25 13:47:00,LONG,REVERSAL,0,100.0,496.5,100.0,6.0,3431,False,True,1.0,chop,0.247643,0.20438,0.051282,-1.025
W48,BAD,5,117,2025-11-25 13:47:00,2025-11-25 14:15:44,SHORT,REVERSAL,0,100.0,496.5,100.0,91.0,15420,False,True,2.0,trend,0.782953,0.238095,0.21494,2.05
W48,BAD,5,118,2025-11-25 14:15:44,2025-11-25 14:19:04,LONG,HARD_STOP,1,-250.0,-1257.0,16.0,125.0,3464,True,False,1.0,chop,0.000142,0.0,0.014793,-0.025
W48,BAD,5,119,2025-11-25 14:19:40,2025-11-25 14:38:10,SHORT,REVERSAL,0,100.0,496.5,100.0,43.0,10899,False,True,2.0,trend,0.95649,0.575949,0.144137,6.05
W48,BAD,5,120,2025-11-25 14:38:10,2025-11-25 14:51:06,LONG,REVERSAL,0,100.0,496.5,100.0,68.0,8017,False,True,0.0,unclear,0.892082,0.25,0.089394,-1.95
W48,BAD,5,121,2025-11-25 14:51:06,2025-11-25 15:00:24,SHORT,HARD_STOP,1,-250.0,-1257.0,19.0,125.0,6701,True,False,2.0,trend,0.956236,0.492647,0.133183,4.55
W48,BAD,5,122,2025-11-25 15:24:19,2025-11-25 15:47:53,SHORT,HARD_STOP,1,-250.0,-1257.0,54.0,125.0,19826,True,False,0.0,unclear,0.603616,0.085714,0.004587,0.925
W48,BAD,5,123,2025-11-26 09:30:48,2025-11-26 09:34:08,SHORT,REVERSAL,1,100.0,493.0,50.0,100.0,9150,False,True,0.0,unclear,0.756636,0.326599,0.125364,5.625
W48,BAD,5,124,2025-11-26 09:34:08,2025-11-26 09:36:12,LONG,REVERSAL,0,100.0,496.5,100.0,22.0,3714,False,True,0.0,unclear,0.725657,0.364162,0.162304,-4.75
W48,BAD,5,125,2025-11-26 09:36:12,2025-11-26 09:37:42,SHORT,REVERSAL,0,100.0,496.5,100.0,11.0,2212,False,True,0.0,unclear,0.952477,0.307229,0.198191,2.925
W48,BAD,5,126,2025-11-26 09:37:42,2025-11-26 09:38:05,LONG,HARD_STOP,1,-250.0,-1257.0,5.0,125.0,1644,True,False,0.0,unclear,0.835186,0.317757,0.033102,-3.6
W48,BAD,5,127,2025-11-26 09:38:34,2025-11-26 09:45:07,SHORT,HARD_STOP,1,-251.0,-1262.0,81.0,125.5,12302,True,False,2.0,trend,0.817491,0.428571,0.235784,3.925
W48,BAD,5,128,2025-11-26 09:47:23,2025-11-26 09:52:08,SHORT,REVERSAL,0,100.0,496.5,100.0,79.0,7412,False,True,0.0,unclear,0.88288,0.342105,0.099225,2.85
W48,BAD,5,129,2025-11-26 09:52:08,2025-11-26 09:58:46,LONG,HARD_STOP,1,-251.0,-1262.0,56.0,125.5,11614,True,False,2.0,trend,0.911262,0.482587,0.219188,-6.3
W48,BAD,5,130,2025-11-26 09:59:09,2025-11-26 10:01:17,LONG,REVERSAL,1,100.0,493.0,50.0,100.0,6422,False,True,2.0,trend,0.865684,0.345455,0.291429,-4.0
W48,BAD,5,131,2025-11-26 10:01:17,2025-11-26 10:04:16,SHORT,REVERSAL,1,100.0,493.0,98.0,100.0,7158,False,True,0.0,unclear,0.506098,0.195531,0.083521,2.075
W48,BAD,5,132,2025-11-26 10:04:16,2025-11-26 10:08:07,LONG,REVERSAL,0,100.0,496.5,100.0,77.0,6069,False,True,2.0,trend,0.939038,0.506494,0.067365,-4.725
W48,BAD,5,133,2025-11-26 10:08:07,2025-11-26 10:10:45,SHORT,REVERSAL,1,100.0,493.0,50.0,100.0,5193,False,True,2.0,trend,0.904218,0.541872,0.183705,7.35
W48,BAD,5,134,2025-11-26 10:10:45,2025-11-26 10:16:51,LONG,REVERSAL,1,99.0,488.0,49.5,101.0,9954,False,True,1.0,chop,0.092826,0.164894,0.159196,-0.925
W48,BAD,5,135,2025-11-26 10:16:51,2025-11-26 10:18:26,SHORT,REVERSAL,0,100.0,496.5,100.0,15.0,2204,False,True,0.0,unclear,0.96218,0.258242,0.172467,2.725
W48,BAD,5,136,2025-11-26 10:18:26,2025-11-26 10:19:00,LONG,REVERSAL,0,100.0,496.5,100.0,16.0,837,False,True,0.0,unclear,0.525355,0.222642,0.076923,-5.2
W48,BAD,5,137,2025-11-26 10:19:00,2025-11-26 10:21:16,SHORT,REVERSAL,0,101.0,501.5,101.0,16.0,2695,False,True,0.0,unclear,0.780169,0.291139,0.038168,5.3
W48,BAD,5,138,2025-11-26 10:21:16,2025-11-26 10:25:39,LONG,REVERSAL,1,100.0,493.0,55.0,100.0,6938,False,True,0.0,unclear,0.441875,0.230769,0.086989,-2.65
W48,BAD,5,139,2025-11-26 10:25:39,2025-11-26 10:32:10,SHORT,HARD_STOP,1,-250.0,-1257.0,70.0,125.0,8661,True,False,0.0,unclear,0.836176,0.251337,0.130841,2.95
W48,BAD,5,140,2025-11-26 10:34:22,2025-11-26 10:42:06,SHORT,REVERSAL,1,100.0,493.0,50.0,100.0,9026,False,True,2.0,trend,0.972099,0.540881,0.049814,5.45
W48,BAD,5,141,2025-11-26 10:42:06,2025-11-26 10:48:40,LONG,REVERSAL,1,100.0,493.0,51.0,100.0,6816,False,True,1.0,chop,0.066095,0.137755,0.226277,-0.9
W48,BAD,5,142,2025-11-26 10:48:40,2025-11-26 10:59:16,SHORT,HARD_STOP,1,-250.0,-1257.0,46.0,125.0,9077,True,False,0.0,unclear,0.977654,0.323353,0.188209,3.5
W48,BAD,5,143,2025-11-26 11:04:35,2025-11-26 11:24:53,SHORT,HARD_STOP,1,-250.0,-1257.0,7.0,125.0,19305,True,False,2.0,trend,0.959559,0.413043,0.066294,2.175
W48,BAD,5,144,2025-11-26 11:30:19,2025-11-26 11:35:11,LONG,REVERSAL,0,100.0,496.5,100.0,19.0,3854,False,True,0.0,unclear,0.780089,0.25,0.081742,-2.925
W48,BAD,5,145,2025-11-26 11:35:11,2025-11-26 11:50:13,SHORT,REVERSAL,1,100.0,493.0,50.0,100.0,15730,False,True,0.0,unclear,0.836578,0.378378,0.106754,2.375
W48,BAD,5,146,2025-11-26 11:50:13,2025-11-26 11:56:31,LONG,REVERSAL,0,100.0,496.5,100.0,18.0,4991,False,True,0.0,unclear,0.782554,0.279279,0.084373,-1.875
W48,BAD,5,147,2025-11-26 11:56:31,2025-11-26 12:04:46,SHORT,REVERSAL,0,100.0,496.5,100.0,1.0,4983,False,True,0.0,unclear,0.966197,0.352381,0.14956,2.45
W48,BAD,5,148,2025-11-26 12:04:46,2025-11-26 12:24:14,LONG,REVERSAL,1,100.0,493.0,52.0,100.0,15987,False,True,2.0,trend,0.989365,0.523438,0.166544,-4.225
W48,BAD,5,149,2025-11-26 12:24:14,2025-11-26 12:50:08,SHORT,REVERSAL,1,100.0,493.0,50.0,100.0,14884,False,True,2.0,trend,0.756528,0.537415,0.125643,3.9
W48,BAD,5,150,2025-11-26 12:50:08,2025-11-26 13:09:30,LONG,HARD_STOP,1,-250.0,-1257.0,73.0,125.0,12341,True,False,0.0,unclear,0.81316,0.396226,0.102222,-2.775
W48,BAD,5,151,2025-11-26 13:09:51,2025-11-26 13:20:45,SHORT,REVERSAL,1,100.0,493.0,50.0,100.0,10904,False,True,0.0,unclear,0.850951,0.375,0.002907,5.225
W48,BAD,5,152,2025-11-26 13:20:45,2025-11-26 13:21:56,LONG,REVERSAL,0,100.0,496.5,100.0,10.0,977,False,True,0.0,unclear,0.748468,0.3,0.068032,-2.65
W48,BAD,5,153,2025-11-26 13:21:56,2025-11-26 13:31:22,SHORT,REVERSAL,1,100.0,493.0,50.0,100.0,6016,False,True,2.0,trend,0.96928,0.639053,0.139183,6.525
W48,BAD,5,154,2025-11-26 13:31:22,2025-11-26 13:45:32,LONG,HARD_STOP,1,-250.0,-1257.0,15.0,125.0,10384,True,False,2.0,trend,0.963835,0.503759,0.181269,-4.325
W48,BAD,5,155,2025-11-26 13:48:19,2025-11-26 14:04:40,SHORT,REVERSAL,1,100.0,493.0,67.0,100.0,11501,False,True,0.0,unclear,0.811779,0.269939,0.131991,3.275
W48,BAD,5,156,2025-11-26 14:04:40,2025-11-26 14:18:01,LONG,REVERSAL,0,100.0,496.5,100.0,55.0,7787,False,True,2.0,trend,0.991458,0.484375,0.095274,-3.875
W48,BAD,5,157,2025-11-26 14:18:01,2025-11-26 14:50:01,SHORT,REVERSAL,0,100.0,496.5,100.0,75.0,18118,False,True,0.0,unclear,0.737634,0.236641,0.004367,2.45
W48,BAD,5,158,2025-11-26 14:50:01,2025-11-26 15:01:08,LONG,REVERSAL,0,100.0,496.5,100.0,15.0,5376,False,True,2.0,trend,0.967111,0.476562,0.152648,-3.625
W48,BAD,5,159,2025-11-26 15:01:08,2025-11-26 15:49:50,SHORT,EOD_FLATTEN,0,49.0,241.5,71.0,97.0,24815,False,True,0.0,unclear,0.637891,0.338462,0.062831,2.2
W48,BAD,5,160,2025-11-28 09:32:14,2025-11-28 09:37:49,SHORT,HARD_STOP,1,-250.0,-1257.0,18.0,125.0,3924,True,False,0.0,unclear,0.719274,0.292683,0.001466,3.775
W48,BAD,5,161,2025-11-28 09:38:38,2025-11-28 09:40:54,LONG,HARD_STOP,1,-252.0,-1267.0,8.0,126.0,1864,True,False,0.0,unclear,0.869133,0.329457,0.027174,-6.15
W48,BAD,5,162,2025-11-28 09:42:15,2025-11-28 10:05:10,SHORT,REVERSAL,1,100.0,493.0,53.0,122.0,10576,False,True,0.0,unclear,0.525694,0.181818,0.103352,3.25
W48,BAD,5,163,2025-11-28 10:05:10,2025-11-28 10:07:33,LONG,REVERSAL,0,100.0,496.5,100.0,15.0,1166,False,True,2.0,trend,0.969928,0.42029,0.144144,-5.55
W48,BAD,5,164,2025-11-28 10:07:33,2025-11-28 11:06:25,SHORT,HARD_STOP,1,-250.0,-1257.0,87.0,125.0,23555,True,False,0.0,unclear,0.840457,0.257353,0.026316,4.525
W48,BAD,5,165,2025-11-28 11:21:19,2025-11-28 11:27:46,LONG,HARD_STOP,1,-250.0,-1257.0,16.0,125.0,4113,True,False,2.0,trend,0.82574,0.531915,0.032459,-4.1
W48,BAD,5,166,2025-11-28 11:32:01,2025-11-28 11:42:03,SHORT,REVERSAL,1,100.0,493.0,50.0,100.0,4705,False,True,0.0,unclear,0.506305,0.193182,0.033752,2.825
W48,BAD,5,167,2025-11-28 11:42:03,2025-11-28 11:48:12,LONG,REVERSAL,0,100.0,496.5,100.0,45.0,2096,False,True,2.0,trend,0.876316,0.427673,0.196911,-4.85
W48,BAD,5,168,2025-11-28 11:48:12,2025-11-28 12:57:20,SHORT,HARD_STOP,1,-250.0,-1257.0,93.0,125.0,33249,True,False,0.0,unclear,0.681923,0.242647,0.075179,3.1
W48,BAD,5,169,2025-11-28 12:59:04,2025-11-28 13:14:59,SHORT,DATA_END,0,-1.0,-8.5,68.0,62.0,16675,False,False,0.0,unclear,0.301641,0.15,0.171393,0.625
W45,AVG,5,0,2025-11-03 09:31:06,2025-11-03 09:34:34,SHORT,REVERSAL,0,100.0,496.5,100.0,23.0,7762,False,True,2.0,trend,0.942021,0.487603,0.184136,4.15
W45,AVG,5,1,2025-11-03 09:34:34,2025-11-03 09:37:55,LONG,HARD_STOP,1,-250.0,-1257.0,12.0,125.0,7452,True,False,0.0,unclear,0.931697,0.373984,0.160702,-2.725
W45,AVG,5,2,2025-11-03 09:40:00,2025-11-03 09:51:01,LONG,HARD_STOP,1,-250.0,-1257.0,60.0,125.0,18261,True,False,0.0,unclear,0.913706,0.329114,0.107463,-3.0
W45,AVG,5,3,2025-11-03 09:51:32,2025-11-03 10:00:41,SHORT,REVERSAL,0,100.0,496.5,100.0,52.0,10912,False,True,0.0,unclear,0.371402,0.123596,0.210386,2.0
W45,AVG,5,4,2025-11-03 10:00:41,2025-11-03 10:08:56,LONG,REVERSAL,1,99.0,488.0,50.0,101.0,13747,False,True,2.0,trend,0.875472,0.336364,0.200846,-5.05
W45,AVG,5,5,2025-11-03 10:08:56,2025-11-03 10:15:10,SHORT,REVERSAL,1,100.0,493.0,50.0,100.0,8771,False,True,0.0,unclear,0.349575,0.266234,0.365103,2.175
W45,AVG,5,6,2025-11-03 10:15:10,2025-11-03 10:25:23,LONG,HARD_STOP,1,-250.0,-1257.0,32.0,125.0,13716,True,False,2.0,trend,0.859635,0.414013,0.312857,-3.575
W45,AVG,5,7,2025-11-03 10:26:30,2025-11-03 10:38:05,LONG,REVERSAL,1,102.0,503.0,51.0,109.0,17599,False,True,0.0,unclear,0.94714,0.327434,0.105882,-2.475
W45,AVG,5,8,2025-11-03 10:38:05,2025-11-03 10:44:26,SHORT,HARD_STOP,1,-250.0,-1257.0,21.0,125.0,9068,True,False,2.0,trend,0.729879,0.36747,0.240113,3.45
W45,AVG,5,9,2025-11-03 10:45:58,2025-11-03 10:58:02,LONG,REVERSAL,0,100.0,496.5,100.0,96.0,13389,False,True,0.0,unclear,0.781795,0.371951,0.139912,-4.65
W45,AVG,5,10,2025-11-03 10:58:02,2025-11-03 11:00:42,SHORT,REVERSAL,0,100.0,496.5,100.0,36.0,3641,False,True,2.0,trend,0.910537,0.611702,0.176885,6.65
W45,AVG,5,11,2025-11-03 11:00:42,2025-11-03 11:23:28,LONG,REVERSAL,0,100.0,496.5,100.0,77.0,17044,False,True,0.0,unclear,0.562177,0.222892,0.116105,-2.5
W45,AVG,5,12,2025-11-03 11:23:28,2025-11-03 11:25:29,SHORT,REVERSAL,0,100.0,496.5,100.0,5.0,1393,False,True,0.0,unclear,0.625834,0.202614,0.067271,1.875
W45,AVG,5,13,2025-11-03 11:25:29,2025-11-03 11:32:44,LONG,REVERSAL,1,100.0,493.0,50.0,100.0,7511,False,True,2.0,trend,0.908011,0.489691,0.191612,-5.375
W45,AVG,5,14,2025-11-03 11:32:44,2025-11-03 11:58:21,SHORT,HARD_STOP,1,-250.0,-1257.0,92.0,125.0,21151,True,False,0.0,unclear,0.570966,0.317241,0.141785,2.325
W45,AVG,5,15,2025-11-03 12:00:16,2025-11-03 12:13:50,LONG,REVERSAL,0,100.0,496.5,100.0,79.0,9383,False,True,2.0,trend,0.980046,0.560284,0.258581,-5.15
W45,AVG,5,16,2025-11-03 12:13:50,2025-11-03 12:26:08,SHORT,REVERSAL,0,100.0,496.5,100.0,64.0,10303,False,True,0.0,unclear,0.678532,0.204724,0.179138,2.15
W45,AVG,5,17,2025-11-03 12:26:08,2025-11-03 12:32:53,LONG,REVERSAL,0,100.0,496.5,100.0,56.0,5417,False,True,2.0,trend,0.798973,0.511628,0.177469,-3.3
W45,AVG,5,18,2025-11-03 12:32:53,2025-11-03 13:52:03,SHORT,REVERSAL,1,100.0,493.0,50.0,103.0,36203,False,True,0.0,unclear,0.947665,0.353846,0.105341,3.225
W45,AVG,5,19,2025-11-03 13:52:03,2025-11-03 14:42:03,LONG,HARD_STOP,1,-250.0,-1257.0,61.0,125.0,27602,True,False,2.0,trend,0.954799,0.472441,0.148426,-3.675
W45,AVG,5,20,2025-11-03 14:45:00,2025-11-03 15:25:03,SHORT,REVERSAL,1,100.0,493.0,50.0,100.0,19025,False,True,2.0,trend,0.860122,0.440367,0.174077,3.175
W45,AVG,5,21,2025-11-03 15:25:03,2025-11-03 15:49:50,LONG,EOD_FLATTEN,0,-19.0,-98.5,76.0,79.0,14853,False,False,0.0,unclear,0.915044,0.280303,0.163218,-2.325
W45,AVG,5,22,2025-11-04 09:30:04,2025-11-04 09:31:16,LONG,REVERSAL,0,100.0,496.5,100.0,46.0,5257,False,True,0.0,unclear,0.867343,0.327684,0.052399,-3.55
W45,AVG,5,23,2025-11-04 09:31:16,2025-11-04 09:32:43,SHORT,REVERSAL,0,100.0,496.5,100.0,58.0,5103,False,True,0.0,unclear,0.512985,0.258621,0.069477,1.95
W45,AVG,5,24,2025-11-04 09:32:43,2025-11-04 09:33:59,LONG,HARD_STOP,1,-250.0,-1257.0,19.0,125.0,4773,True,False,0.0,unclear,0.830309,0.245033,0.034789,-2.85
W45,AVG,5,25,2025-11-04 09:35:06,2025-11-04 09:38:04,SHORT,REVERSAL,1,100.0,493.0,96.0,102.0,9236,False,True,0.0,unclear,0.884468,0.362416,0.06566,3.4
W45,AVG,5,26,2025-11-04 09:38:04,2025-11-04 09:40:48,LONG,REVERSAL,0,100.0,496.5,100.0,49.0,5745,False,True,0.0,unclear,0.940683,0.235714,0.030261,-2.05
W45,AVG,5,27,2025-11-04 09:40:48,2025-11-04 09:41:48,SHORT,HARD_STOP,1,-250.0,-1257.0,13.0,125.0,3166,True,False,0.0,unclear,0.456106,0.272251,0.098373,2.95
W45,AVG,5,28,2025-11-04 09:43:47,2025-11-04 09:44:17,LONG,REVERSAL,0,100.0,496.5,100.0,1.0,1068,False,True,1.0,chop,0.117225,0.006536,0.132103,-0.35
W45,AVG,5,29,2025-11-04 09:44:17,2025-11-04 09:47:28,SHORT,REVERSAL,0,100.0,496.5,100.0,42.0,6684,False,True,0.0,unclear,0.749911,0.3,0.021561,3.975
W45,AVG,5,30,2025-11-04 09:47:28,2025-11-04 09:48:46,LONG,REVERSAL,0,100.0,496.5,100.0,46.0,3339,False,True,0.0,unclear,0.750972,0.322581,0.153383,-3.475
W45,AVG,5,31,2025-11-04 09:48:46,2025-11-04 09:51:40,SHORT,HARD_STOP,1,-250.0,-1257.0,21.0,125.0,6562,True,False,2.0,trend,0.942363,0.423529,0.066265,5.025
W45,AVG,5,32,2025-11-04 09:53:37,2025-11-04 09:59:45,SHORT,HARD_STOP,1,-250.0,-1257.0,31.0,125.0,11640,True,False,0.0,unclear,0.883503,0.387324,0.075802,2.95
W45,AVG,5,33,2025-11-04 10:06:06,2025-11-04 10:13:15,LONG,REVERSAL,1,100.0,493.0,50.0,100.0,11957,False,True,1.0,chop,0.394776,0.08209,0.143906,-1.15
W45,AVG,5,34,2025-11-04 10:13:15,2025-11-04 10:30:00,SHORT,REVERSAL,1,100.0,493.0,66.0,100.0,18802,False,True,2.0,trend,0.922802,0.505882,0.268945,5.725
W45,AVG,5,35,2025-11-04 10:30:00,2025-11-04 10:40:54,LONG,REVERSAL,0,101.0,501.5,101.0,71.0,10996,False,True,0.0,unclear,0.56769,0.326241,0.188321,-2.575
W45,AVG,5,36,2025-11-04 10:40:54,2025-11-04 10:45:13,SHORT,REVERSAL,0,100.0,496.5,100.0,17.0,4052,False,True,1.0,chop,0.095703,0.007463,0.120766,-0.35
W45,AVG,5,37,2025-11-04 10:45:13,2025-11-04 10:51:20,LONG,HARD_STOP,1,-250.0,-1257.0,23.0,125.0,8307,True,False,0.0,unclear,0.744891,0.180451,0.075205,-2.025
W45,AVG,5,38,2025-11-04 10:55:38,2025-11-04 10:58:50,LONG,REVERSAL,1,100.0,493.0,50.0,100.0,6022,False,True,0.0,unclear,0.674218,0.157407,0.131579,-1.25
W45,AVG,5,39,2025-11-04 10:58:50,2025-11-04 11:02:43,SHORT,REVERSAL,1,100.0,493.0,50.0,100.0,6219,False,True,0.0,unclear,0.877531,0.25641,0.171408,1.975
W45,AVG,5,40,2025-11-04 11:02:43,2025-11-04 11:20:37,LONG,HARD_STOP,1,-250.0,-1257.0,36.0,125.0,17810,True,False,2.0,trend,0.968383,0.598802,0.138531,-6.375
W45,AVG,5,41,2025-11-04 11:26:38,2025-11-04 11:28:13,LONG,REVERSAL,0,100.0,496.5,100.0,13.0,1591,False,True,0.0,unclear,0.942336,0.386667,0.037258,-3.975
W45,AVG,5,42,2025-11-04 11:28:13,2025-11-04 11:40:36,SHORT,REVERSAL,1,100.0,493.0,58.0,100.0,11453,False,True,0.0,unclear,0.861178,0.28481,0.130371,2.5
W45,AVG,5,43,2025-11-04 11:40:36,2025-11-04 11:43:34,LONG,REVERSAL,0,100.0,496.5,100.0,43.0,2670,False,True,2.0,trend,0.958833,0.592357,0.132455,-5.775
W45,AVG,5,44,2025-11-04 11:43:34,2025-11-04 11:45:42,SHORT,REVERSAL,0,100.0,496.5,100.0,20.0,2209,False,True,0.0,unclear,0.917665,0.293706,0.003779,3.0
W45,AVG,5,45,2025-11-04 11:45:42,2025-11-04 11:55:55,LONG,REVERSAL,1,100.0,493.0,50.0,100.0,10007,False,True,1.0,chop,0.245153,0.119048,0.121481,-1.4
W45,AVG,5,46,2025-11-04 11:55:55,2025-11-04 11:56:39,SHORT,REVERSAL,0,100.0,496.5,100.0,5.0,862,False,True,1.0,chop,0.26859,0.175325,0.058471,-1.1
W45,AVG,5,47,2025-11-04 11:56:39,2025-11-04 12:17:17,LONG,HARD_STOP,1,-250.0,-1257.0,65.0,125.0,16873,True,False,2.0,trend,0.937503,0.678571,0.096974,-7.075
W45,AVG,5,48,2025-11-04 12:19:10,2025-11-04 12:22:18,LONG,REVERSAL,1,100.0,493.0,50.0,100.0,7393,False,True,2.0,trend,0.712114,0.507692,0.148368,-3.3
W45,AVG,5,49,2025-11-04 12:22:18,2025-11-04 12:26:14,SHORT,HARD_STOP,1,-250.0,-1257.0,12.0,125.0,5234,True,False,0.0,unclear,0.778787,0.24,0.091723,2.45
W45,AVG,5,50,2025-11-04 12:28:44,2025-11-04 12:42:32,LONG,HARD_STOP,1,-250.0,-1257.0,38.0,125.0,12457,True,False,0.0,unclear,0.900576,0.342105,0.094082,-3.725
W45,AVG,5,51,2025-11-04 12:43:59,2025-11-04 12:53:47,SHORT,REVERSAL,1,100.0,493.0,50.0,115.0,9405,False,True,0.0,unclear,0.611329,0.32948,0.05513,3.825
W45,AVG,5,52,2025-11-04 12:53:47,2025-11-04 13:11:32,LONG,HARD_STOP,1,-250.0,-1257.0,18.0,125.0,14560,True,False,0.0,unclear,0.79358,0.307229,0.043346,-4.1
W45,AVG,5,53,2025-11-04 13:15:10,2025-11-04 13:18:17,SHORT,REVERSAL,0,101.0,501.5,101.0,18.0,2649,False,True,2.0,trend,0.94796,0.570248,0.082302,4.325
W45,AVG,5,54,2025-11-04 13:18:17,2025-11-04 13:23:35,LONG,REVERSAL,0,100.0,496.5,100.0,88.0,7704,False,True,0.0,unclear,0.886808,0.247934,0.147125,-1.65
W45,AVG,5,55,2025-11-04 13:23:35,2025-11-04 13:25:47,SHORT,REVERSAL,0,100.0,496.5,100.0,1.0,1992,False,True,0.0,unclear,0.85625,0.298701,0.134441,3.425
W45,AVG,5,56,2025-11-04 13:25:47,2025-11-04 13:30:36,LONG,REVERSAL,1,100.0,493.0,50.0,100.0,4480,False,True,0.0,unclear,0.75747,0.296,0.131236,-1.95
W45,AVG,5,57,2025-11-04 13:30:36,2025-11-04 13:35:49,SHORT,REVERSAL,0,100.0,496.5,100.0,31.0,3898,False,True,2.0,trend,0.828438,0.39521,0.225619,5.125
W45,AVG,5,58,2025-11-04 13:35:49,2025-11-04 13:43:28,LONG,REVERSAL,0,100.0,496.5,100.0,54.0,6238,False,True,0.0,unclear,0.471845,0.166667,0.031157,-1.35
W45,AVG,5,59,2025-11-04 13:43:28,2025-11-04 13:54:39,SHORT,HARD_STOP,1,-250.0,-1257.0,44.0,125.0,9866,True,False,0.0,unclear,0.928389,0.398438,0.126132,3.3
W45,AVG,5,60,2025-11-04 13:56:51,2025-11-04 14:02:05,LONG,REVERSAL,0,100.0,496.5,100.0,26.0,3830,False,True,0.0,unclear,0.495731,0.328125,0.098962,-3.0
W45,AVG,5,61,2025-11-04 14:02:05,2025-11-04 14:05:28,SHORT,REVERSAL,0,100.0,496.5,100.0,15.0,2047,False,True,0.0,unclear,0.456069,0.212291,0.127299,2.225
W45,AVG,5,62,2025-11-04 14:05:28,2025-11-04 14:37:51,LONG,HARD_STOP,1,-250.0,-1257.0,76.0,125.0,22271,True,False,0.0,unclear,0.766222,0.366197,0.098398,-5.75
W45,AVG,5,63,2025-11-04 14:38:43,2025-11-04 15:01:05,LONG,REVERSAL,0,100.0,496.5,100.0,67.0,20794,False,True,2.0,trend,0.907373,0.512,0.218796,-3.65
W45,AVG,5,64,2025-11-04 15:01:05,2025-11-04 15:02:37,SHORT,REVERSAL,0,100.0,496.5,100.0,0.0,1396,False,True,0.0,unclear,0.691909,0.220779,0.046584,3.0
W45,AVG,5,65,2025-11-04 15:02:37,2025-11-04 15:05:58,LONG,REVERSAL,0,100.0,496.5,100.0,10.0,2315,False,True,2.0,trend,0.644809,0.404908,0.088569,-3.125
W45,AVG,5,66,2025-11-04 15:05:58,2025-11-04 15:21:23,SHORT,REVERSAL,0,100.0,496.5,100.0,96.0,12139,False,True,2.0,trend,0.951328,0.424837,0.067457,4.2
W45,AVG,5,67,2025-11-04 15:21:23,2025-11-04 15:29:08,LONG,REVERSAL,0,100.0,496.5,100.0,37.0,4802,False,True,1.0,chop,0.110925,0.031646,0.049355,-0.675
W45,AVG,5,68,2025-11-04 15:29:08,2025-11-04 15:48:07,SHORT,REVERSAL,1,100.0,493.0,87.0,100.0,13106,False,True,1.0,chop,0.263777,0.194118,0.144484,1.375
W45,AVG,5,69,2025-11-04 15:48:07,2025-11-04 15:49:50,LONG,EOD_FLATTEN,0,-95.0,-478.5,27.0,97.0,1406,False,False,0.0,unclear,0.738133,0.342857,0.019202,-2.525
W45,AVG,5,70,2025-11-05 09:30:04,2025-11-05 09:31:45,SHORT,REVERSAL,0,100.0,496.5,100.0,83.0,5549,False,True,2.0,trend,0.604041,0.406061,0.065233,4.325
W45,AVG,5,71,2025-11-05 09:31:45,2025-11-05 09:37:30,LONG,REVERSAL,1,100.0,493.0,91.0,121.0,14025,False,True,2.0,trend,0.951654,0.469613,0.25104,-4.85
W45,AVG,5,72,2025-11-05 09:37:30,2025-11-05 09:41:32,SHORT,REVERSAL,1,100.0,493.0,50.0,121.0,7821,False,True,2.0,trend,0.873909,0.413613,0.257967,4.275
W45,AVG,5,73,2025-11-05 09:41:32,2025-11-05 09:46:15,LONG,REVERSAL,0,100.0,496.5,100.0,89.0,8236,False,True,2.0,trend,0.81096,0.334928,0.22561,-4.825
W45,AVG,5,74,2025-11-05 09:46:15,2025-11-05 09:47:48,SHORT,HARD_STOP,1,-250.0,-1257.0,22.0,125.0,4776,True,False,0.0,unclear,0.66074,0.313253,0.105333,2.4
W45,AVG,5,75,2025-11-05 09:48:35,2025-11-05 09:53:50,SHORT,HARD_STOP,1,-250.0,-1257.0,61.0,125.0,10420,True,False,2.0,trend,0.997187,0.46875,0.178326,4.8
W45,AVG,5,76,2025-11-05 09:56:51,2025-11-05 10:03:07,SHORT,REVERSAL,0,100.0,496.5,100.0,95.0,13409,False,True,2.0,trend,0.992485,0.479452,0.113521,4.3
W45,AVG,5,77,2025-11-05 10:03:07,2025-11-05 10:05:28,LONG,REVERSAL,0,100.0,496.5,100.0,30.0,5058,False,True,1.0,chop,0.018591,0.08,0.112593,-0.45
W45,AVG,5,78,2025-11-05 10:05:28,2025-11-05 10:07:44,SHORT,REVERSAL,1,100.0,493.0,50.0,116.0,5738,False,True,2.0,trend,0.985261,0.647059,0.12301,8.275
W45,AVG,5,79,2025-11-05 10:07:44,2025-11-05 10:21:16,LONG,HARD_STOP,1,-252.0,-1267.0,44.0,126.0,18149,True,False,2.0,trend,0.968491,0.547771,0.170181,-5.9
W45,AVG,5,80,2025-11-05 10:22:42,2025-11-05 10:24:00,SHORT,HARD_STOP,1,-250.0,-1257.0,5.0,125.0,2497,True,False,1.0,chop,0.353273,0.152709,0.015251,2.8
W45,AVG,5,81,2025-11-05 10:26:21,2025-11-05 10:29:35,SHORT,REVERSAL,1,100.0,493.0,50.0,100.0,5283,False,True,0.0,unclear,0.560547,0.214286,0.010601,3.625
W45,AVG,5,82,2025-11-05 10:29:35,2025-11-05 10:41:14,LONG,REVERSAL,0,100.0,496.5,100.0,69.0,13024,False,True,2.0,trend,0.739822,0.47486,0.134615,-4.3
W45,AVG,5,83,2025-11-05 10:41:14,2025-11-05 10:53:26,SHORT,REVERSAL,0,100.0,496.5,100.0,76.0,13524,False,True,1.0,chop,0.250557,0.224852,0.010654,1.5
W45,AVG,5,84,2025-11-05 10:53:26,2025-11-05 10:58:57,LONG,REVERSAL,0,100.0,496.5,100.0,60.0,5322,False,True,0.0,unclear,0.663182,0.26601,0.076813,-2.55
W45,AVG,5,85,2025-11-05 10:58:57,2025-11-05 11:03:29,SHORT,REVERSAL,0,100.0,496.5,100.0,62.0,5215,False,True,0.0,unclear,0.563734,0.222222,0.123391,2.975
W45,AVG,5,86,2025-11-05 11:03:29,2025-11-05 11:04:56,LONG,REVERSAL,0,100.0,496.5,100.0,64.0,1579,False,True,2.0,trend,0.958238,0.544041,0.099702,-7.3
W45,AVG,5,87,2025-11-05 11:04:56,2025-11-05 11:10:22,SHORT,REVERSAL,0,100.0,496.5,100.0,60.0,4255,False,True,2.0,trend,0.866493,0.410377,0.064565,6.275
W45,AVG,5,88,2025-11-05 11:10:22,2025-11-05 11:15:26,LONG,REVERSAL,1,100.0,493.0,60.0,100.0,5125,False,True,1.0,chop,0.352119,0.15102,0.063467,-2.85
W45,AVG,5,89,2025-11-05 11:15:26,2025-11-05 11:17:27,SHORT,REVERSAL,0,101.0,501.5,101.0,12.0,2421,False,True,2.0,trend,0.98376,0.6,0.006061,5.35
W45,AVG,5,90,2025-11-05 11:17:27,2025-11-05 11:22:40,LONG,REVERSAL,0,100.0,496.5,100.0,34.0,4996,False,True,0.0,unclear,0.973331,0.183432,0.155794,-1.975
W45,AVG,5,91,2025-11-05 11:22:40,2025-11-05 11:26:24,SHORT,HARD_STOP,1,-250.0,-1257.0,42.0,125.0,5060,True,False,0.0,unclear,0.533546,0.240642,0.186514,2.725
W45,AVG,5,92,2025-11-05 11:29:13,2025-11-05 11:56:24,SHORT,HARD_STOP,1,-250.0,-1257.0,67.0,125.0,26760,True,False,2.0,trend,0.705078,0.141026,0.244673,1.9
W45,AVG,5,93,2025-11-05 12:03:35,2025-11-05 12:27:30,LONG,REVERSAL,0,100.0,496.5,100.0,93.0,15431,False,True,0.0,unclear,0.509086,0.253165,0.001499,-2.15
W45,AVG,5,94,2025-11-05 12:27:30,2025-11-05 13:17:01,SHORT,HARD_STOP,1,-250.0,-1257.0,17.0,125.0,30524,True,False,0.0,unclear,0.760413,0.371681,0.154198,2.35
W45,AVG,5,95,2025-11-05 13:33:01,2025-11-05 14:07:33,SHORT,REVERSAL,1,100.0,493.0,50.0,102.0,20125,False,True,2.0,trend,0.929746,0.409524,0.024793,2.775
W45,AVG,5,96,2025-11-05 14:07:33,2025-11-05 14:17:54,LONG,REVERSAL,0,100.0,496.5,100.0,46.0,9058,False,True,2.0,trend,0.851955,0.4,0.108251,-2.275
W45,AVG,5,97,2025-11-05 14:17:54,2025-11-05 15:27:10,SHORT,REVERSAL,0,100.0,496.5,100.0,81.0,34637,False,True,0.0,unclear,0.75141,0.368421,0.031548,1.825
W45,AVG,5,98,2025-11-05 15:27:10,2025-11-05 15:48:03,LONG,HARD_STOP,1,-251.0,-1262.0,33.0,125.5,17062,True,False,2.0,trend,0.978463,0.472973,0.001497,-2.05
W45,AVG,5,99,2025-11-06 09:30:11,2025-11-06 09:30:23,SHORT,REVERSAL,0,100.0,496.5,100.0,7.0,849,False,True,0.0,unclear,0.795067,0.247126,0.147866,3.5
W45,AVG,5,100,2025-11-06 09:30:23,2025-11-06 09:32:45,LONG,REVERSAL,1,100.0,493.0,50.0,100.0,7146,False,True,2.0,trend,0.870343,0.528796,0.049849,-5.875
W45,AVG,5,101,2025-11-06 09:32:45,2025-11-06 09:33:54,SHORT,REVERSAL,0,100.0,496.5,100.0,39.0,2737,False,True,0.0,unclear,0.655849,0.261905,0.0,2.65
W45,AVG,5,102,2025-11-06 09:33:54,2025-11-06 09:34:29,LONG,REVERSAL,0,100.0,496.5,100.0,13.0,1306,False,True,0.0,unclear,0.974811,0.314685,0.074928,-2.725
W45,AVG,5,103,2025-11-06 09:34:29,2025-11-06 09:35:03,SHORT,REVERSAL,0,100.0,496.5,100.0,15.0,1152,False,True,2.0,trend,0.960917,0.5,0.059002,5.3
W45,AVG,5,104,2025-11-06 09:35:03,2025-11-06 09:38:29,LONG,REVERSAL,0,100.0,496.5,100.0,60.0,8661,False,True,2.0,trend,0.987004,0.687898,0.22019,-6.775
W45,AVG,5,105,2025-11-06 09:38:29,2025-11-06 09:40:09,SHORT,REVERSAL,0,100.0,496.5,100.0,32.0,3390,False,True,0.0,unclear,0.455056,0.068966,0.144172,0.45
W45,AVG,5,106,2025-11-06 09:40:09,2025-11-06 09:41:32,LONG,HARD_STOP,1,-250.0,-1257.0,71.0,125.0,4767,True,False,2.0,trend,0.816358,0.22069,0.298701,-2.3
W45,AVG,5,107,2025-11-06 09:42:22,2025-11-06 09:47:10,SHORT,HARD_STOP,1,-250.0,-1257.0,73.0,125.0,9975,True,False,2.0,trend,0.675333,0.319527,0.243485,4.375
W45,AVG,5,108,2025-11-06 09:48:51,2025-11-06 09:49:37,SHORT,REVERSAL,0,100.0,496.5,100.0,15.0,1657,False,True,0.0,unclear,0.94809,0.282258,0.152338,2.2
W45,AVG,5,109,2025-11-06 09:49:37,2025-11-06 09:50:33,LONG,HARD_STOP,1,-250.0,-1257.0,31.0,125.0,3517,True,False,2.0,trend,0.919943,0.563636,0.16629,-5.8
W45,AVG,5,110,2025-11-06 09:51:22,2025-11-06 09:53:16,LONG,REVERSAL,1,100.0,493.0,50.0,100.0,5785,False,True,2.0,trend,0.877637,0.405229,0.193944,-3.775
W45,AVG,5,111,2025-11-06 09:53:16,2025-11-06 09:54:55,SHORT,REVERSAL,0,100.0,496.5,100.0,19.0,3016,False,True,2.0,trend,0.882268,0.460674,0.182582,4.45
W45,AVG,5,112,2025-11-06 09:54:55,2025-11-06 09:59:52,LONG,HARD_STOP,1,-250.0,-1257.0,39.0,125.0,11868,True,False,0.0,unclear,0.838757,0.276471,0.083807,-3.15
W45,AVG,5,113,2025-11-06 10:00:30,2025-11-06 10:02:33,LONG,HARD_STOP,1,-250.0,-1257.0,24.0,125.0,7234,True,False,0.0,unclear,0.476135,0.204082,0.012152,-1.675
W45,AVG,5,114,2025-11-06 10:03:47,2025-11-06 10:04:28,SHORT,REVERSAL,0,101.0,501.5,101.0,25.0,2102,False,True,0.0,unclear,0.772043,0.357843,0.197605,5.05
W45,AVG,5,115,2025-11-06 10:04:28,2025-11-06 10:05:16,LONG,REVERSAL,0,100.0,496.5,100.0,59.0,3080,False,True,2.0,trend,0.85503,0.443787,0.156391,-4.25
W45,AVG,5,116,2025-11-06 10:05:16,2025-11-06 10:08:37,SHORT,REVERSAL,0,100.0,496.5,100.0,84.0,8673,False,True,2.0,trend,0.981528,0.55618,0.228419,6.425
W45,AVG,5,117,2025-11-06 10:08:37,2025-11-06 10:09:34,LONG,REVERSAL,0,100.0,496.5,100.0,13.0,2073,False,True,0.0,unclear,0.742273,0.396135,0.167816,-5.85
W45,AVG,5,118,2025-11-06 10:09:34,2025-11-06 10:12:45,SHORT,REVERSAL,1,100.0,493.0,65.0,100.0,7881,False,True,0.0,unclear,0.586273,0.259091,0.097859,3.725
W45,AVG,5,119,2025-11-06 10:12:45,2025-11-06 10:15:08,LONG,HARD_STOP,1,-250.0,-1257.0,3.0,125.0,5225,True,False,2.0,trend,0.862079,0.405882,0.111111,-4.025
W45,AVG,5,120,2025-11-06 10:15:27,2025-11-06 10:17:18,SHORT,HARD_STOP,1,-252.0,-1267.0,33.0,126.0,4990,True,False,0.0,unclear,0.851856,0.343195,0.015528,3.825
W45,AVG,5,121,2025-11-06 10:18:44,2025-11-06 10:24:01,SHORT,HARD_STOP,1,-250.0,-1257.0,88.0,125.0,11785,True,False,2.0,trend,0.695093,0.305195,0.240838,3.6
W45,AVG,5,122,2025-11-06 10:26:27,2025-11-06 10:32:44,LONG,HARD_STOP,1,-252.0,-1267.0,27.0,126.0,11561,True,False,2.0,trend,0.892764,0.418605,0.071161,-4.8
W45,AVG,5,123,2025-11-06 10:33:05,2025-11-06 10:36:31,LONG,HARD_STOP,1,-250.0,-1257.0,33.0,125.0,6830,True,False,0.0,unclear,0.806466,0.350649,0.155325,-3.525
W45,AVG,5,124,2025-11-06 10:36:53,2025-11-06 10:40:12,LONG,HARD_STOP,1,-252.0,-1267.0,20.0,126.0,9420,True,False,2.0,trend,0.859268,0.491228,0.010558,-3.8
W45,AVG,5,125,2025-11-06 10:42:25,2025-11-06 10:43:15,LONG,REVERSAL,0,100.0,496.5,100.0,2.0,1388,False,True,1.0,chop,0.137852,0.125,0.009738,-1.275
W45,AVG,5,126,2025-11-06 10:43:15,2025-11-06 10:44:23,SHORT,REVERSAL,0,100.0,496.5,100.0,35.0,3436,False,True,0.0,unclear,0.989393,0.383333,0.101141,4.175
W45,AVG,5,127,2025-11-06 10:44:23,2025-11-06 10:48:44,LONG,REVERSAL,1,100.0,493.0,99.0,100.0,11206,False,True,0.0,unclear,0.60535,0.324468,0.152012,-3.625
W45,AVG,5,128,2025-11-06 10:48:44,2025-11-06 10:49:32,SHORT,REVERSAL,0,100.0,496.5,100.0,15.0,1743,False,True,0.0,unclear,0.79889,0.395349,0.07278,4.675
W45,AVG,5,129,2025-11-06 10:49:32,2025-11-06 10:49:53,LONG,REVERSAL,0,100.0,496.5,100.0,0.0,706,False,True,0.0,unclear,0.462126,0.160714,0.037319,-1.875
W45,AVG,5,130,2025-11-06 10:49:53,2025-11-06 10:53:33,SHORT,REVERSAL,0,100.0,496.5,100.0,96.0,7776,False,True,2.0,trend,0.962442,0.409836,0.022523,5.1
W45,AVG,5,131,2025-11-06 10:53:33,2025-11-06 10:54:47,LONG,REVERSAL,0,100.0,496.5,100.0,41.0,2983,False,True,2.0,trend,0.790412,0.359447,0.207232,-4.525
W45,AVG,5,132,2025-11-06 10:54:47,2025-11-06 10:56:29,SHORT,REVERSAL,0,101.0,501.5,101.0,76.0,3466,False,True,2.0,trend,0.904993,0.481283,0.174014,6.075
W45,AVG,5,133,2025-11-06 10:56:29,2025-11-06 11:01:06,LONG,REVERSAL,0,101.0,501.5,101.0,90.0,8567,False,True,2.0,trend,0.907145,0.505837,0.152288,-7.475
W45,AVG,5,134,2025-11-06 11:01:06,2025-11-06 11:07:19,SHORT,REVERSAL,1,100.0,493.0,84.0,100.0,11044,False,True,2.0,trend,0.869501,0.578947,0.137771,6.4
W45,AVG,5,135,2025-11-06 11:07:19,2025-11-06 11:12:01,LONG,REVERSAL,1,100.0,493.0,69.0,100.0,6374,False,True,0.0,unclear,0.29245,0.305825,0.195861,-2.375
W45,AVG,5,136,2025-11-06 11:12:01,2025-11-06 11:18:53,SHORT,REVERSAL,0,100.0,496.5,100.0,92.0,8438,False,True,1.0,chop,0.304412,0.175573,0.071318,1.725
W45,AVG,5,137,2025-11-06 11:18:53,2025-11-06 11:21:01,LONG,REVERSAL,0,100.0,496.5,100.0,86.0,3205,False,True,2.0,trend,0.767854,0.471698,0.166543,-7.225
W45,AVG,5,138,2025-11-06 11:21:01,2025-11-06 11:22:26,SHORT,REVERSAL,0,100.0,496.5,100.0,21.0,1587,False,True,0.0,unclear,0.434897,0.204778,0.10459,4.85
W45,AVG,5,139,2025-11-06 11:22:26,2025-11-06 11:29:05,LONG,REVERSAL,1,100.0,493.0,50.0,100.0,10285,False,True,2.0,trend,0.992328,0.469925,0.119881,-7.9
W45,AVG,5,140,2025-11-06 11:29:05,2025-11-06 11:30:41,SHORT,REVERSAL,1,100.0,493.0,50.0,100.0,2835,False,True,2.0,trend,0.828802,0.441176,0.179792,4.15
W45,AVG,5,141,2025-11-06 11:30:41,2025-11-06 11:35:33,LONG,HARD_STOP,1,-250.0,-1257.0,60.0,125.0,5330,True,False,0.0,unclear,0.651802,0.283582,0.037572,-3.125
W45,AVG,5,142,2025-11-06 11:35:37,2025-11-06 11:36:36,LONG,REVERSAL,0,100.0,496.5,100.0,23.0,2519,False,True,2.0,trend,0.991849,0.685535,0.429517,-6.8
W45,AVG,5,143,2025-11-06 11:36:36,2025-11-06 11:40:26,SHORT,REVERSAL,0,100.0,496.5,100.0,50.0,4614,False,True,1.0,chop,0.051721,0.10625,0.094284,0.575
W45,AVG,5,144,2025-11-06 11:40:26,2025-11-06 11:52:32,LONG,REVERSAL,0,100.0,496.5,100.0,92.0,15435,False,True,1.0,chop,0.158809,0.026846,0.05423,-0.8
W45,AVG,5,145,2025-11-06 11:52:32,2025-11-06 11:55:17,SHORT,REVERSAL,0,101.0,501.5,101.0,56.0,4089,False,True,0.0,unclear,0.748005,0.281106,0.119118,4.275
W45,AVG,5,146,2025-11-06 11:55:17,2025-11-06 11:56:52,LONG,HARD_STOP,1,-250.0,-1257.0,20.0,125.0,3423,True,False,0.0,unclear,0.614305,0.296875,0.051676,-6.125
W45,AVG,5,147,2025-11-06 11:57:50,2025-11-06 12:01:06,SHORT,HARD_STOP,1,-250.0,-1257.0,65.0,125.0,5150,True,False,0.0,unclear,0.849592,0.294444,0.094259,2.975
W45,AVG,5,148,2025-11-06 12:02:09,2025-11-06 12:05:48,LONG,REVERSAL,0,101.0,501.5,101.0,19.0,3468,False,True,0.0,unclear,0.873295,0.260274,0.050382,-3.25
W45,AVG,5,149,2025-11-06 12:05:48,2025-11-06 12:07:29,SHORT,REVERSAL,0,101.0,501.5,101.0,28.0,2244,False,True,1.0,chop,0.072162,0.106796,0.023256,0.75
W45,AVG,5,150,2025-11-06 12:07:29,2025-11-06 12:09:28,LONG,REVERSAL,0,100.0,496.5,100.0,61.0,2256,False,True,0.0,unclear,0.82619,0.38326,0.063704,-6.525
W45,AVG,5,151,2025-11-06 12:09:28,2025-11-06 12:13:40,SHORT,REVERSAL,1,100.0,493.0,50.0,100.0,6167,False,True,2.0,trend,0.880963,0.567347,0.08689,9.75
W45,AVG,5,152,2025-11-06 12:13:40,2025-11-06 12:18:12,LONG,REVERSAL,1,100.0,493.0,50.0,100.0,5758,False,True,0.0,unclear,0.624567,0.320442,0.148936,-3.8
W45,AVG,5,153,2025-11-06 12:18:12,2025-11-06 12:20:08,SHORT,REVERSAL,0,100.0,496.5,100.0,16.0,2215,False,True,0.0,unclear,0.8045,0.376812,0.175665,5.425
W45,AVG,5,154,2025-11-06 12:20:08,2025-11-06 12:26:42,LONG,HARD_STOP,1,-250.0,-1257.0,42.0,125.0,7504,True,False,0.0,unclear,0.588021,0.192308,0.078947,-2.175
W45,AVG,5,155,2025-11-06 12:27:19,2025-11-06 12:32:26,SHORT,HARD_STOP,1,-250.0,-1257.0,21.0,125.0,6199,True,False,2.0,trend,0.967982,0.492857,0.132321,4.45
W45,AVG,5,156,2025-11-06 12:34:21,2025-11-06 12:37:23,LONG,REVERSAL,0,100.0,496.5,100.0,43.0,3277,False,True,2.0,trend,0.905129,0.491892,0.177695,-5.475
W45,AVG,5,157,2025-11-06 12:37:23,2025-11-06 12:39:50,SHORT,REVERSAL,0,101.0,501.5,101.0,10.0,2344,False,True,0.0,unclear,0.590993,0.278409,0.047324,2.275
W45,AVG,5,158,2025-11-06 12:39:50,2025-11-06 12:42:31,LONG,REVERSAL,0,100.0,496.5,100.0,33.0,2418,False,True,2.0,trend,0.946118,0.736527,0.093871,-7.175
W45,AVG,5,159,2025-11-06 12:42:31,2025-11-06 12:48:15,SHORT,HARD_STOP,1,-250.0,-1257.0,8.0,125.0,6996,True,False,0.0,unclear,0.723679,0.238494,0.014537,4.3
W45,AVG,5,160,2025-11-06 12:51:38,2025-11-06 13:03:15,SHORT,REVERSAL,0,100.0,496.5,100.0,63.0,10882,False,True,0.0,unclear,0.641081,0.143885,0.087436,1.425
W45,AVG,5,161,2025-11-06 13:03:15,2025-11-06 13:06:00,LONG,HARD_STOP,1,-252.0,-1267.0,26.0,126.0,4547,True,False,2.0,trend,0.897801,0.443299,0.164988,-6.35
W45,AVG,5,162,2025-11-06 13:06:45,2025-11-06 13:23:32,LONG,REVERSAL,0,100.0,496.5,100.0,89.0,15549,False,True,2.0,trend,0.880653,0.456647,0.033708,-5.525
W45,AVG,5,163,2025-11-06 13:23:32,2025-11-06 13:25:26,SHORT,HARD_STOP,1,-252.0,-1267.0,0.0,126.0,2353,True,False,0.0,unclear,0.859366,0.389744,0.098613,4.7
W45,AVG,5,164,2025-11-06 13:26:47,2025-11-06 13:27:57,SHORT,REVERSAL,0,100.0,496.5,100.0,6.0,1419,False,True,2.0,trend,0.998343,0.491429,0.02361,5.35
W45,AVG,5,165,2025-11-06 13:27:57,2025-11-06 13:29:07,LONG,REVERSAL,0,100.0,496.5,100.0,0.0,983,False,True,1.0,chop,0.121743,0.018987,0.054945,-0.675
W45,AVG,5,166,2025-11-06 13:29:07,2025-11-06 13:46:45,SHORT,REVERSAL,1,100.0,493.0,70.0,100.0,15053,False,True,2.0,trend,0.985332,0.621951,0.067128,6.075
W45,AVG,5,167,2025-11-06 13:46:45,2025-11-06 13:51:23,LONG,REVERSAL,0,100.0,496.5,100.0,38.0,4625,False,True,0.0,unclear,0.936085,0.388235,0.074669,-3.925
W45,AVG,5,168,2025-11-06 13:51:23,2025-11-06 13:55:47,SHORT,REVERSAL,0,100.0,496.5,100.0,10.0,2837,False,True,0.0,unclear,0.577154,0.267016,0.071886,2.275
W45,AVG,5,169,2025-11-06 13:55:47,2025-11-06 14:00:47,LONG,REVERSAL,1,100.0,493.0,50.0,100.0,5022,False,True,2.0,trend,0.875244,0.40367,0.045488,-6.35
W45,AVG,5,170,2025-11-06 14:00:47,2025-11-06 14:05:23,SHORT,HARD_STOP,1,-250.0,-1257.0,54.0,125.0,5305,True,False,0.0,unclear,0.56443,0.083799,0.01548,1.45
W45,AVG,5,171,2025-11-06 14:06:24,2025-11-06 14:08:17,SHORT,REVERSAL,0,100.0,496.5,100.0,41.0,2761,False,True,2.0,trend,0.902165,0.451852,0.096038,3.75
W45,AVG,5,172,2025-11-06 14:08:17,2025-11-06 14:14:25,LONG,REVERSAL,0,100.0,496.5,100.0,36.0,4643,False,True,2.0,trend,0.979055,0.408284,0.095705,-4.225
W45,AVG,5,173,2025-11-06 14:14:25,2025-11-06 14:17:21,SHORT,REVERSAL,0,100.0,496.5,100.0,6.0,2659,False,True,0.0,unclear,0.703396,0.381215,0.120956,3.325
W45,AVG,5,174,2025-11-06 14:17:21,2025-11-06 14:25:03,LONG,REVERSAL,0,100.0,496.5,100.0,52.0,5314,False,True,0.0,unclear,0.471378,0.330357,0.061728,-3.025
W45,AVG,5,175,2025-11-06 14:25:03,2025-11-06 14:41:15,SHORT,REVERSAL,1,100.0,493.0,50.0,101.0,14599,False,True,2.0,trend,0.865836,0.419689,0.135935,4.275
W45,AVG,5,176,2025-11-06 14:41:15,2025-11-06 14:44:42,LONG,REVERSAL,1,98.0,483.0,49.0,102.0,4034,False,True,2.0,trend,0.8591,0.428571,0.205793,-3.65
W45,AVG,5,177,2025-11-06 14:44:42,2025-11-06 14:48:55,SHORT,REVERSAL,0,101.0,501.5,101.0,27.0,3080,False,True,0.0,unclear,0.930417,0.32,0.193215,3.375
W45,AVG,5,178,2025-11-06 14:48:55,2025-11-06 14:56:14,LONG,REVERSAL,0,100.0,496.5,100.0,80.0,6934,False,True,0.0,unclear,0.808096,0.348958,0.116244,-3.85
W45,AVG,5,179,2025-11-06 14:56:14,2025-11-06 14:59:40,SHORT,REVERSAL,1,100.0,493.0,50.0,100.0,3666,False,True,2.0,trend,0.754752,0.324607,0.214556,4.5
W45,AVG,5,180,2025-11-06 14:59:40,2025-11-06 15:23:49,LONG,REVERSAL,1,100.0,493.0,59.0,109.0,16392,False,True,0.0,unclear,0.851686,0.369863,0.170984,-3.65
W45,AVG,5,181,2025-11-06 15:23:49,2025-11-06 15:28:17,SHORT,REVERSAL,0,100.0,496.5,100.0,15.0,2450,False,True,1.0,chop,0.323767,0.068182,0.128134,1.025
W45,AVG,5,182,2025-11-06 15:28:17,2025-11-06 15:32:09,LONG,HARD_STOP,1,-250.0,-1257.0,30.0,125.0,5281,True,False,0.0,unclear,0.78988,0.281915,0.143075,-2.95
W45,AVG,5,183,2025-11-06 15:32:58,2025-11-06 15:38:36,SHORT,REVERSAL,1,104.0,513.0,52.0,100.0,5391,False,True,2.0,trend,0.995922,0.514124,0.219325,5.675
W45,AVG,5,184,2025-11-06 15:38:36,2025-11-06 15:45:02,LONG,HARD_STOP,1,-250.0,-1257.0,13.0,125.0,6366,True,False,2.0,trend,0.626054,0.442708,0.125547,-3.925
W45,AVG,5,185,2025-11-06 15:46:22,2025-11-06 15:49:50,LONG,EOD_FLATTEN,1,-42.0,-217.0,3.0,100.0,4720,False,False,2.0,trend,0.535532,0.305085,0.358744,-3.625
W45,AVG,5,186,2025-11-07 09:30:06,2025-11-07 09:32:58,LONG,REVERSAL,1,100.0,493.0,63.0,112.0,9976,False,True,1.0,chop,0.126646,0.026667,0.032209,-1.15
W45,AVG,5,187,2025-11-07 09:32:58,2025-11-07 09:33:37,SHORT,REVERSAL,0,101.0,501.5,101.0,13.0,1120,False,True,2.0,trend,0.936349,0.545098,0.118721,9.95
W45,AVG,5,188,2025-11-07 09:33:37,2025-11-07 09:36:19,LONG,HARD_STOP,1,-250.0,-1257.0,56.0,125.0,6779,True,False,2.0,trend,0.782545,0.439024,0.065943,-5.675
W45,AVG,5,189,2025-11-07 09:37:07,2025-11-07 09:37:51,LONG,HARD_STOP,1,-250.0,-1257.0,17.0,125.0,3284,True,False,0.0,unclear,0.985804,0.385027,0.051028,-4.325
W45,AVG,5,190,2025-11-07 09:38:37,2025-11-07 09:39:09,SHORT,REVERSAL,0,100.0,496.5,100.0,34.0,1941,False,True,2.0,trend,0.853699,0.457944,0.184058,6.425
W45,AVG,5,191,2025-11-07 09:39:09,2025-11-07 09:42:03,LONG,REVERSAL,0,100.0,496.5,100.0,82.0,9644,False,True,0.0,unclear,0.880523,0.358289,0.026989,-4.425
W45,AVG,5,192,2025-11-07 09:42:03,2025-11-07 09:46:36,SHORT,REVERSAL,1,100.0,493.0,94.0,100.0,10541,False,True,2.0,trend,0.815979,0.527174,0.149665,5.225
W45,AVG,5,193,2025-11-07 09:46:36,2025-11-07 09:47:25,LONG,REVERSAL,1,100.0,493.0,50.0,100.0,2085,False,True,2.0,trend,0.799227,0.40824,0.196581,-6.55
W45,AVG,5,194,2025-11-07 09:47:25,2025-11-07 09:48:01,SHORT,REVERSAL,0,100.0,496.5,100.0,13.0,1088,False,True,0.0,unclear,0.869001,0.35,0.084927,4.7
W45,AVG,5,195,2025-11-07 09:48:01,2025-11-07 09:48:28,LONG,REVERSAL,0,100.0,496.5,100.0,23.0,1047,False,True,2.0,trend,0.933611,0.563536,0.122198,-5.65
W45,AVG,5,196,2025-11-07 09:48:28,2025-11-07 09:49:31,SHORT,REVERSAL,1,100.0,493.0,50.0,100.0,2744,False,True,2.0,trend,0.991115,0.580508,0.059867,8.625
W45,AVG,5,197,2025-11-07 09:49:31,2025-11-07 09:50:42,LONG,REVERSAL,1,100.0,493.0,50.0,100.0,2417,False,True,2.0,trend,0.909973,0.632743,0.102432,-9.475
W45,AVG,5,198,2025-11-07 09:50:42,2025-11-07 09:51:18,SHORT,REVERSAL,0,100.0,496.5,100.0,22.0,834,False,True,0.0,unclear,0.573192,0.276753,0.136571,4.225
W45,AVG,5,199,2025-11-07 09:51:18,2025-11-07 09:51:29,LONG,REVERSAL,0,100.0,496.5,100.0,15.0,528,False,True,0.0,unclear,0.667764,0.248344,0.027481,-6.075
W45,AVG,5,200,2025-11-07 09:51:29,2025-11-07 09:53:04,SHORT,HARD_STOP,1,-251.0,-1262.0,40.0,125.5,3511,True,False,1.0,chop,0.182302,0.12585,0.042868,2.725
W45,AVG,5,201,2025-11-07 09:53:37,2025-11-07 09:56:06,LONG,REVERSAL,0,100.0,496.5,100.0,54.0,3898,False,True,2.0,trend,0.898254,0.256881,0.229584,-4.175
W45,AVG,5,202,2025-11-07 09:56:06,2025-11-07 09:59:08,SHORT,REVERSAL,1,100.0,493.0,76.0,100.0,5477,False,True,0.0,unclear,0.767436,0.153846,0.003647,3.125
W45,AVG,5,203,2025-11-07 09:59:08,2025-11-07 10:00:44,LONG,HARD_STOP,1,-250.0,-1257.0,83.0,125.0,3389,True,False,0.0,unclear,0.850118,0.348837,0.041667,-5.525
W45,AVG,5,204,2025-11-07 10:02:28,2025-11-07 10:03:14,SHORT,REVERSAL,0,100.0,496.5,100.0,30.0,2005,False,True,0.0,unclear,0.849371,0.351351,0.015625,5.45
W45,AVG,5,205,2025-11-07 10:03:14,2025-11-07 10:06:16,LONG,HARD_STOP,1,-250.0,-1257.0,30.0,125.0,6327,True,False,0.0,unclear,0.705249,0.274854,0.129985,-3.075
W45,AVG,5,206,2025-11-07 10:06:50,2025-11-07 10:08:50,LONG,REVERSAL,0,100.0,496.5,100.0,45.0,5381,False,True,0.0,unclear,0.63152,0.201835,0.065714,-1.325
W45,AVG,5,207,2025-11-07 10:08:50,2025-11-07 10:09:54,SHORT,HARD_STOP,1,-250.0,-1257.0,0.0,125.0,3353,True,False,0.0,unclear,0.547214,0.234973,0.143511,2.75
W45,AVG,5,208,2025-11-07 10:10:24,2025-11-07 10:12:53,SHORT,REVERSAL,1,98.0,483.0,49.0,102.0,6594,False,True,0.0,unclear,0.555892,0.25463,0.062823,3.95
W45,AVG,5,209,2025-11-07 10:12:53,2025-11-07 10:13:48,LONG,REVERSAL,0,100.0,496.5,100.0,0.0,1597,False,True,0.0,unclear,0.825685,0.388298,0.041979,-5.75
W45,AVG,5,210,2025-11-07 10:13:48,2025-11-07 10:17:05,SHORT,REVERSAL,1,102.0,503.0,51.0,100.0,7208,False,True,1.0,chop,0.077368,0.184211,0.138785,1.05
W45,AVG,5,211,2025-11-07 10:17:05,2025-11-07 10:19:43,LONG,REVERSAL,1,104.0,513.0,52.0,100.0,6202,False,True,1.0,chop,0.077533,0.071749,0.137346,-1.075
W45,AVG,5,212,2025-11-07 10:19:43,2025-11-07 10:21:57,SHORT,REVERSAL,1,100.0,493.0,61.0,100.0,4788,False,True,2.0,trend,0.851639,0.54717,0.224553,6.675
W45,AVG,5,213,2025-11-07 10:21:57,2025-11-07 10:23:48,LONG,HARD_STOP,1,-260.0,-1307.0,92.0,130.0,3746,True,False,1.0,chop,0.253786,0.261905,0.083022,-3.275
W45,AVG,5,214,2025-11-07 10:24:13,2025-11-07 10:24:52,SHORT,REVERSAL,0,100.0,496.5,100.0,28.0,1120,False,True,2.0,trend,0.974361,0.477528,0.114219,5.75
W45,AVG,5,215,2025-11-07 10:24:52,2025-11-07 10:25:46,LONG,REVERSAL,0,100.0,496.5,100.0,11.0,1878,False,True,2.0,trend,0.852237,0.502392,0.07657,-6.525
W45,AVG,5,216,2025-11-07 10:25:46,2025-11-07 10:26:41,SHORT,HARD_STOP,1,-250.0,-1257.0,26.0,125.0,2512,True,False,1.0,chop,0.277402,0.133663,0.122024,2.275
W45,AVG,5,217,2025-11-07 10:26:55,2025-11-07 10:31:07,LONG,HARD_STOP,1,-251.0,-1262.0,65.0,125.5,7565,True,False,1.0,chop,0.232039,0.097959,0.075285,-2.25
W45,AVG,5,218,2025-11-07 10:31:37,2025-11-07 10:32:35,SHORT,REVERSAL,0,100.0,496.5,100.0,12.0,1693,False,True,0.0,unclear,0.854399,0.322464,0.023791,5.5
W45,AVG,5,219,2025-11-07 10:32:35,2025-11-07 10:37:07,LONG,REVERSAL,1,104.0,513.0,65.0,118.0,8879,False,True,0.0,unclear,0.776056,0.256809,0.059282,-3.3
W45,AVG,5,220,2025-11-07 10:37:07,2025-11-07 10:37:38,SHORT,REVERSAL,0,100.0,496.5,100.0,43.0,998,False,True,2.0,trend,0.82042,0.451777,0.149701,4.525
W45,AVG,5,221,2025-11-07 10:37:38,2025-11-07 10:41:40,LONG,HARD_STOP,1,-251.0,-1262.0,44.0,125.5,6160,True,False,0.0,unclear,0.815366,0.326007,0.063158,-6.55
W45,AVG,5,222,2025-11-07 10:44:41,2025-11-07 10:50:28,LONG,REVERSAL,0,100.0,496.5,100.0,90.0,9518,False,True,0.0,unclear,0.772275,0.288462,0.101256,-2.75
W45,AVG,5,223,2025-11-07 10:50:28,2025-11-07 10:51:30,SHORT,REVERSAL,0,100.0,496.5,100.0,25.0,1657,False,True,2.0,trend,0.95615,0.331551,0.25,3.675
W45,AVG,5,224,2025-11-07 10:51:30,2025-11-07 11:00:00,LONG,HARD_STOP,1,-250.0,-1257.0,46.0,125.0,10453,True,False,0.0,unclear,0.811381,0.243523,0.025716,-2.65
W45,AVG,5,225,2025-11-07 11:00:26,2025-11-07 11:04:13,SHORT,REVERSAL,0,100.0,496.5,100.0,61.0,4610,False,True,2.0,trend,0.982152,0.576471,0.108244,6.475
W45,AVG,5,226,2025-11-07 11:04:13,2025-11-07 11:05:00,LONG,REVERSAL,0,100.0,496.5,100.0,9.0,979,False,True,0.0,unclear,0.713522,0.381188,0.16849,-4.875
W45,AVG,5,227,2025-11-07 11:05:00,2025-11-07 11:06:50,SHORT,REVERSAL,0,100.0,496.5,100.0,37.0,2147,False,True,2.0,trend,0.948348,0.475,0.132407,6.6
W45,AVG,5,228,2025-11-07 11:06:50,2025-11-07 11:15:18,LONG,HARD_STOP,1,-250.0,-1257.0,47.0,125.0,12440,True,False,2.0,trend,0.993956,0.474419,0.14881,-6.175
W45,AVG,5,229,2025-11-07 11:17:21,2025-11-07 11:23:23,SHORT,HARD_STOP,1,-250.0,-1257.0,52.0,125.0,9379,True,False,2.0,trend,0.951912,0.553191,0.175056,5.125
W45,AVG,5,230,2025-11-07 11:24:41,2025-11-07 11:34:31,LONG,REVERSAL,1,100.0,493.0,50.0,100.0,10196,False,True,0.0,unclear,0.597472,0.211268,0.075922,-2.75
W45,AVG,5,231,2025-11-07 11:34:31,2025-11-07 11:35:38,SHORT,REVERSAL,0,100.0,496.5,100.0,11.0,1898,False,True,2.0,trend,0.614998,0.29386,0.200303,5.925
W45,AVG,5,232,2025-11-07 11:35:38,2025-11-07 11:43:52,LONG,REVERSAL,1,100.0,493.0,50.0,102.0,9029,False,True,0.0,unclear,0.585543,0.320988,0.064759,-3.7
W45,AVG,5,233,2025-11-07 11:43:52,2025-11-07 11:46:39,SHORT,REVERSAL,0,100.0,496.5,100.0,54.0,3513,False,True,2.0,trend,0.980186,0.649718,0.138949,7.075
W45,AVG,5,234,2025-11-07 11:46:39,2025-11-07 11:51:23,LONG,REVERSAL,0,100.0,496.5,100.0,35.0,4124,False,True,2.0,trend,0.747993,0.241706,0.217586,-3.8
W45,AVG,5,235,2025-11-07 11:51:23,2025-11-07 11:54:28,SHORT,REVERSAL,0,100.0,496.5,100.0,62.0,3367,False,True,0.0,unclear,0.420312,0.155102,0.148485,3.225
W45,AVG,5,236,2025-11-07 11:54:28,2025-11-07 11:57:35,LONG,HARD_STOP,1,-252.0,-1267.0,31.0,126.0,4496,True,False,2.0,trend,0.996882,0.551546,0.349767,-6.75
W45,AVG,5,237,2025-11-07 11:59:36,2025-11-07 12:07:03,SHORT,REVERSAL,0,100.0,496.5,100.0,57.0,6258,False,True,0.0,unclear,0.950679,0.337662,0.038607,3.45
W45,AVG,5,238,2025-11-07 12:07:03,2025-11-07 12:11:52,LONG,REVERSAL,0,100.0,496.5,100.0,38.0,4208,False,True,2.0,trend,0.888312,0.491713,0.115298,-5.7
W45,AVG,5,239,2025-11-07 12:11:52,2025-11-07 12:16:30,SHORT,HARD_STOP,1,-250.0,-1257.0,26.0,125.0,5428,True,False,2.0,trend,0.921734,0.436441,0.07083,5.775
W45,AVG,5,240,2025-11-07 12:20:51,2025-11-07 12:23:29,SHORT,HARD_STOP,1,-252.0,-1267.0,0.0,126.0,4363,True,False,0.0,unclear,0.561434,0.309735,0.165425,4.625
W45,AVG,5,241,2025-11-07 12:26:13,2025-11-07 12:28:06,SHORT,REVERSAL,0,100.0,496.5,100.0,33.0,2428,False,True,0.0,unclear,0.480114,0.190184,0.221843,1.95
W45,AVG,5,242,2025-11-07 12:28:06,2025-11-07 12:32:41,LONG,REVERSAL,0,100.0,496.5,100.0,52.0,4951,False,True,2.0,trend,0.931596,0.471264,0.26885,-4.575
W45,AVG,5,243,2025-11-07 12:32:41,2025-11-07 12:35:07,SHORT,REVERSAL,0,100.0,496.5,100.0,14.0,2087,False,True,0.0,unclear,0.947619,0.38806,0.084798,4.825
W45,AVG,5,244,2025-11-07 12:35:07,2025-11-07 12:37:29,LONG,REVERSAL,0,100.0,496.5,100.0,26.0,2128,False,True,0.0,unclear,0.672982,0.364078,0.028223,-4.4
W45,AVG,5,245,2025-11-07 12:37:29,2025-11-07 12:38:28,SHORT,REVERSAL,0,101.0,501.5,101.0,1.0,674,False,True,1.0,chop,0.113081,0.014851,0.104609,1.3
W45,AVG,5,246,2025-11-07 12:38:28,2025-11-07 12:48:05,LONG,HARD_STOP,1,-252.0,-1267.0,42.0,126.0,8460,True,False,2.0,trend,0.910774,0.579235,0.006662,-6.8
W45,AVG,5,247,2025-11-07 12:48:53,2025-11-07 12:51:47,LONG,REVERSAL,0,101.0,501.5,101.0,40.0,3285,False,True,2.0,trend,0.968155,0.444444,0.185449,-5.75
W45,AVG,5,248,2025-11-07 12:51:47,2025-11-07 12:57:01,SHORT,HARD_STOP,1,-251.0,-1262.0,71.0,125.5,5488,True,False,2.0,trend,0.906157,0.62963,0.131773,6.475
W45,AVG,5,249,2025-11-07 13:00:14,2025-11-07 13:05:14,SHORT,REVERSAL,0,100.0,496.5,100.0,28.0,4417,False,True,2.0,trend,0.926976,0.483333,0.196927,4.8
W45,AVG,5,250,2025-11-07 13:05:14,2025-11-07 13:08:08,LONG,REVERSAL,0,100.0,496.5,100.0,24.0,2149,False,True,1.0,chop,0.392226,0.28125,0.139241,-3.025
W45,AVG,5,251,2025-11-07 13:08:08,2025-11-07 13:17:45,SHORT,REVERSAL,1,100.0,493.0,50.0,100.0,8153,False,True,0.0,unclear,0.470215,0.285047,0.199444,2.95
W45,AVG,5,252,2025-11-07 13:17:45,2025-11-07 13:18:34,LONG,REVERSAL,0,100.0,496.5,100.0,13.0,882,False,True,1.0,chop,0.184162,0.069182,0.110461,-1.0
W45,AVG,5,253,2025-11-07 13:18:34,2025-11-07 13:25:38,SHORT,HARD_STOP,1,-250.0,-1257.0,52.0,125.0,7180,True,False,2.0,trend,0.903178,0.446927,0.034985,5.575
W45,AVG,5,254,2025-11-07 13:31:44,2025-11-07 13:36:16,SHORT,REVERSAL,0,100.0,496.5,100.0,23.0,4197,False,True,0.0,unclear,0.889665,0.265734,0.057018,2.275
W45,AVG,5,255,2025-11-07 13:36:16,2025-11-07 13:39:03,LONG,REVERSAL,0,100.0,496.5,100.0,43.0,2576,False,True,1.0,chop,0.350777,0.107784,0.053435,-1.825
W45,AVG,5,256,2025-11-07 13:39:03,2025-11-07 13:47:52,SHORT,REVERSAL,0,100.0,496.5,100.0,98.0,7258,False,True,0.0,unclear,0.81424,0.39759,0.031847,4.875
W45,AVG,5,257,2025-11-07 13:47:52,2025-11-07 13:54:05,LONG,HARD_STOP,1,-251.0,-1262.0,40.0,125.5,6639,True,False,0.0,unclear,0.879266,0.377778,0.150665,-3.625
W45,AVG,5,258,2025-11-07 13:54:59,2025-11-07 13:58:00,SHORT,HARD_STOP,1,-250.0,-1257.0,5.0,125.0,4087,True,False,2.0,trend,0.917756,0.511905,0.085283,5.25
W45,AVG,5,259,2025-11-07 14:00:00,2025-11-07 14:02:09,LONG,REVERSAL,0,100.0,496.5,100.0,69.0,2195,False,True,2.0,trend,0.930756,0.601064,0.148175,-7.475
W45,AVG,5,260,2025-11-07 14:02:09,2025-11-07 14:31:26,SHORT,HARD_STOP,1,-250.0,-1257.0,89.0,125.0,20691,True,False,1.0,chop,0.142287,0.022936,0.112278,1.4
W45,AVG,5,261,2025-11-07 14:36:02,2025-11-07 14:40:33,SHORT,HARD_STOP,1,-250.0,-1257.0,24.0,125.0,6214,True,False,0.0,unclear,0.524879,0.255814,0.027439,2.95
W45,AVG,5,262,2025-11-07 14:41:12,2025-11-07 14:45:20,SHORT,REVERSAL,1,100.0,493.0,66.0,100.0,7199,False,True,2.0,trend,0.998246,0.462428,0.006574,5.025
W45,AVG,5,263,2025-11-07 14:45:20,2025-11-07 14:48:58,LONG,REVERSAL,1,100.0,493.0,54.0,100.0,5708,False,True,0.0,unclear,0.725313,0.22807,0.127246,-2.9
W45,AVG,5,264,2025-11-07 14:48:58,2025-11-07 15:02:54,SHORT,HARD_STOP,1,-250.0,-1257.0,66.0,125.0,12558,True,False,0.0,unclear,0.842025,0.325991,0.006721,4.575
W45,AVG,5,265,2025-11-07 15:03:12,2025-11-07 15:04:14,LONG,REVERSAL,0,102.0,506.5,102.0,4.0,926,False,True,1.0,chop,0.322132,0.178082,0.063958,-3.1
W45,AVG,5,266,2025-11-07 15:04:14,2025-11-07 15:05:02,SHORT,REVERSAL,0,100.0,496.5,100.0,23.0,1344,False,True,2.0,trend,0.942492,0.459821,0.03908,6.075
W45,AVG,5,267,2025-11-07 15:05:02,2025-11-07 15:08:27,LONG,REVERSAL,1,100.0,493.0,53.0,100.0,6510,False,True,2.0,trend,0.949193,0.508287,0.248086,-5.725
W45,AVG,5,268,2025-11-07 15:08:27,2025-11-07 15:14:41,SHORT,REVERSAL,1,100.0,493.0,50.0,100.0,4791,False,True,2.0,trend,0.972658,0.462687,0.126001,6.275
W45,AVG,5,269,2025-11-07 15:14:41,2025-11-07 15:19:07,LONG,HARD_STOP,1,-250.0,-1257.0,54.0,125.0,3552,True,False,0.0,unclear,0.544393,0.151376,0.019403,-2.6
W45,AVG,5,270,2025-11-07 15:19:32,2025-11-07 15:21:02,SHORT,REVERSAL,0,100.0,496.5,100.0,15.0,1389,False,True,0.0,unclear,0.828342,0.284153,0.016506,3.975
W45,AVG,5,271,2025-11-07 15:21:02,2025-11-07 15:27:38,LONG,REVERSAL,1,102.0,503.0,89.0,100.0,6975,False,True,2.0,trend,0.958839,0.617647,0.199153,-6.175
W45,AVG,5,272,2025-11-07 15:27:38,2025-11-07 15:29:52,SHORT,REVERSAL,1,102.0,503.0,51.0,100.0,2800,False,True,2.0,trend,0.918281,0.457627,0.040616,5.4
W45,AVG,5,273,2025-11-07 15:29:52,2025-11-07 15:30:22,LONG,REVERSAL,0,101.0,501.5,101.0,2.0,612,False,True,0.0,unclear,0.825042,0.393519,0.105882,-4.825
W45,AVG,5,274,2025-11-07 15:30:22,2025-11-07 15:44:00,SHORT,HARD_STOP,1,-250.0,-1257.0,30.0,125.0,11885,True,False,0.0,unclear,0.556371,0.24569,0.053025,4.675
W45,AVG,5,275,2025-11-07 15:46:02,2025-11-07 15:49:50,LONG,EOD_FLATTEN,1,-236.0,-1187.0,62.0,120.0,3668,False,False,0.0,unclear,0.568102,0.231214,0.166163,-2.775
W44,GOOD,5,0,2025-10-27 09:30:06,2025-10-27 09:35:02,SHORT,REVERSAL,0,100.0,496.5,100.0,82.0,13555,False,True,2.0,trend,0.929741,0.535032,0.063927,4.75
W44,GOOD,5,1,2025-10-27 09:35:02,2025-10-27 09:38:46,LONG,REVERSAL,0,100.0,496.5,100.0,70.0,8901,False,True,2.0,trend,0.865905,0.472603,0.136947,-3.775
W44,GOOD,5,2,2025-10-27 09:38:46,2025-10-27 09:41:59,SHORT,REVERSAL,0,100.0,496.5,100.0,32.0,5791,False,True,2.0,trend,0.948875,0.576642,0.135821,4.65
W44,GOOD,5,3,2025-10-27 09:41:59,2025-10-27 09:44:42,LONG,REVERSAL,0,100.0,496.5,100.0,7.0,3405,False,True,0.0,unclear,0.697455,0.251701,0.181751,-2.825
W44,GOOD,5,4,2025-10-27 09:44:42,2025-10-27 09:51:18,SHORT,REVERSAL,0,100.0,496.5,100.0,36.0,7549,False,True,2.0,trend,0.854291,0.449275,0.121988,3.275
W44,GOOD,5,5,2025-10-27 09:51:18,2025-10-27 09:52:54,LONG,REVERSAL,0,100.0,496.5,100.0,22.0,2123,False,True,0.0,unclear,0.527952,0.265152,0.15493,-2.2
W44,GOOD,5,6,2025-10-27 09:52:54,2025-10-27 10:17:38,SHORT,REVERSAL,1,100.0,493.0,50.0,100.0,28145,False,True,0.0,unclear,0.878228,0.336283,0.056818,2.575
W44,GOOD,5,7,2025-10-27 10:17:38,2025-10-27 10:29:01,LONG,REVERSAL,0,100.0,496.5,100.0,64.0,13007,False,True,0.0,unclear,0.814969,0.153226,0.026515,-1.4
W44,GOOD,5,8,2025-10-27 10:29:01,2025-10-27 10:51:03,SHORT,REVERSAL,1,100.0,493.0,50.0,100.0,20385,False,True,0.0,unclear,0.637969,0.339623,0.154655,1.7
W44,GOOD,5,9,2025-10-27 10:51:03,2025-10-27 11:11:56,LONG,REVERSAL,0,100.0,496.5,100.0,51.0,17246,False,True,0.0,unclear,0.814029,0.247619,0.102432,-2.1
W44,GOOD,5,10,2025-10-27 11:11:56,2025-10-27 14:17:23,SHORT,HARD_STOP,1,-250.0,-1257.0,59.0,125.0,84139,True,False,0.0,unclear,0.832133,0.27619,0.09245,1.975
W44,GOOD,5,11,2025-10-27 15:22:31,2025-10-27 15:46:32,LONG,REVERSAL,0,100.0,496.5,100.0,3.0,14776,False,True,0.0,unclear,0.630448,0.242857,0.074896,-1.125
W44,GOOD,5,12,2025-10-27 15:46:32,2025-10-27 15:49:50,SHORT,EOD_FLATTEN,0,-13.0,-68.5,6.0,31.0,4684,False,False,0.0,unclear,0.970297,0.354839,0.13913,1.4
W44,GOOD,5,13,2025-10-28 09:30:10,2025-10-28 09:35:58,SHORT,REVERSAL,0,100.0,496.5,100.0,84.0,13135,False,True,2.0,trend,0.929281,0.527559,0.194729,3.9
W44,GOOD,5,14,2025-10-28 09:35:58,2025-10-28 09:41:19,LONG,REVERSAL,0,100.0,496.5,100.0,29.0,8139,False,True,2.0,trend,0.935486,0.540373,0.255385,-4.975
W44,GOOD,5,15,2025-10-28 09:41:19,2025-10-28 09:48:24,SHORT,REVERSAL,0,100.0,496.5,100.0,32.0,8452,False,True,1.0,chop,0.127562,0.182482,0.069519,0.925
W44,GOOD,5,16,2025-10-28 09:48:24,2025-10-28 09:56:04,LONG,REVERSAL,0,100.0,496.5,100.0,77.0,11131,False,True,0.0,unclear,0.835326,0.312,0.099318,-2.525
W44,GOOD,5,17,2025-10-28 09:56:04,2025-10-28 10:21:05,SHORT,REVERSAL,0,100.0,496.5,100.0,47.0,22133,False,True,2.0,trend,0.951236,0.84472,0.480053,8.975
W44,GOOD,5,18,2025-10-28 10:21:05,2025-10-28 10:37:18,LONG,REVERSAL,1,100.0,493.0,71.0,100.0,15596,False,True,2.0,trend,0.737361,0.283465,0.223077,-2.475
W44,GOOD,5,19,2025-10-28 10:37:18,2025-10-28 10:40:23,SHORT,REVERSAL,0,100.0,496.5,100.0,13.0,3168,False,True,0.0,unclear,0.524168,0.252525,0.187704,1.575
W44,GOOD,5,20,2025-10-28 10:40:23,2025-10-28 11:02:01,LONG,REVERSAL,0,100.0,496.5,100.0,60.0,18067,False,True,2.0,trend,0.592638,0.363636,0.234195,-1.825
W44,GOOD,5,21,2025-10-28 11:02:01,2025-10-28 11:35:20,SHORT,REVERSAL,0,100.0,496.5,100.0,32.0,17877,False,True,0.0,unclear,0.548589,0.258333,0.149526,1.75
W44,GOOD,5,22,2025-10-28 11:35:20,2025-10-28 11:37:44,LONG,REVERSAL,0,100.0,496.5,100.0,71.0,3544,False,True,0.0,unclear,0.685015,0.22807,0.185129,-1.525
W44,GOOD,5,23,2025-10-28 11:37:44,2025-10-28 12:27:53,SHORT,HARD_STOP,1,-250.0,-1257.0,70.0,125.0,29459,True,False,2.0,trend,0.953428,0.440678,0.208511,3.075
W44,GOOD,5,24,2025-10-28 12:30:45,2025-10-28 12:30:59,SHORT,REVERSAL,1,98.0,483.0,49.0,102.0,3137,False,True,2.0,trend,0.912331,0.704433,0.492788,8.0
W44,GOOD,5,25,2025-10-28 12:30:59,2025-10-28 12:32:26,LONG,REVERSAL,1,100.0,493.0,57.0,103.0,4983,False,True,0.0,unclear,0.703488,0.368132,0.123043,-3.85
W44,GOOD,5,26,2025-10-28 12:32:26,2025-10-28 13:59:15,SHORT,HARD_STOP,1,-250.0,-1257.0,92.0,125.0,54982,True,False,2.0,trend,0.9698,0.441489,0.177382,4.85
W44,GOOD,5,27,2025-10-28 14:18:28,2025-10-28 15:26:46,SHORT,HARD_STOP,1,-250.0,-1257.0,6.0,125.0,40053,True,False,1.0,chop,0.268889,0.189189,0.04182,0.55
W44,GOOD,5,28,2025-10-28 15:40:09,2025-10-28 15:49:50,LONG,EOD_FLATTEN,0,-86.0,-433.5,9.0,92.0,10891,False,False,1.0,chop,0.002866,0.08642,0.066365,-0.075
W44,GOOD,5,29,2025-10-29 09:33:00,2025-10-29 09:37:18,SHORT,REVERSAL,0,100.0,496.5,100.0,10.0,8600,False,True,2.0,trend,0.981904,0.5,0.387668,2.675
W44,GOOD,5,30,2025-10-29 09:37:18,2025-10-29 09:51:19,LONG,REVERSAL,0,100.0,496.5,100.0,42.0,21690,False,True,0.0,unclear,0.796417,0.358333,0.066572,-2.375
W44,GOOD,5,31,2025-10-29 09:51:19,2025-10-29 10:04:29,SHORT,REVERSAL,1,100.0,493.0,50.0,100.0,19206,False,True,2.0,trend,0.967167,0.517045,0.438621,5.825
W44,GOOD,5,32,2025-10-29 10:04:29,2025-10-29 10:13:29,LONG,REVERSAL,1,100.0,493.0,50.0,100.0,11009,False,True,2.0,trend,0.969965,0.477064,0.198231,-3.35
W44,GOOD,5,33,2025-10-29 10:13:29,2025-10-29 10:49:48,SHORT,REVERSAL,0,100.0,496.5,100.0,73.0,28778,False,True,2.0,trend,0.925885,0.544643,0.11804,3.625
W44,GOOD,5,34,2025-10-29 10:49:48,2025-10-29 11:19:17,LONG,REVERSAL,1,100.0,493.0,68.0,100.0,30214,False,True,1.0,chop,0.241384,0.093458,0.13079,-1.075
W44,GOOD,5,35,2025-10-29 11:19:17,2025-10-29 11:33:18,SHORT,REVERSAL,0,100.0,496.5,100.0,46.0,9287,False,True,0.0,unclear,0.714451,0.28866,0.084444,2.15
W44,GOOD,5,36,2025-10-29 11:33:18,2025-10-29 12:21:08,LONG,REVERSAL,1,100.0,493.0,50.0,100.0,38998,False,True,1.0,chop,0.378612,0.071429,0.116071,-1.525
W44,GOOD,5,37,2025-10-29 12:21:08,2025-10-29 13:23:10,SHORT,REVERSAL,1,100.0,493.0,54.0,100.0,26822,False,True,0.0,unclear,0.837409,0.386792,0.135734,2.15
W44,GOOD,5,38,2025-10-29 13:23:10,2025-10-29 13:52:19,LONG,REVERSAL,0,100.0,496.5,100.0,85.0,10636,False,True,0.0,unclear,0.844832,0.320755,0.114826,-2.125
W44,GOOD,5,39,2025-10-29 13:52:19,2025-10-29 14:03:01,SHORT,REVERSAL,0,100.0,496.5,100.0,99.0,6302,False,True,0.0,unclear,0.681338,0.243243,0.061103,2.525
W44,GOOD,5,40,2025-10-29 14:03:01,2025-10-29 14:06:10,LONG,REVERSAL,1,102.0,503.0,51.0,100.0,3752,False,True,2.0,trend,0.697461,0.437037,0.027387,-7.025
W44,GOOD,5,41,2025-10-29 14:06:10,2025-10-29 14:15:12,SHORT,REVERSAL,0,100.0,496.5,100.0,76.0,5721,False,True,0.0,unclear,0.850675,0.351064,0.134193,6.875
W44,GOOD,5,42,2025-10-29 14:15:12,2025-10-29 14:16:51,LONG,REVERSAL,0,100.0,496.5,100.0,11.0,1240,False,True,0.0,unclear,0.951973,0.153439,0.109195,-2.025
W44,GOOD,5,43,2025-10-29 14:16:51,2025-10-29 14:35:24,SHORT,REVERSAL,1,100.0,493.0,80.0,122.0,12588,False,True,0.0,unclear,0.813742,0.323077,0.11822,4.925
W44,GOOD,5,44,2025-10-29 14:35:24,2025-10-29 14:35:29,LONG,HARD_STOP,1,-253.0,-1272.0,9.0,126.5,1078,True,False,2.0,trend,0.98758,0.666667,0.089993,-9.275
W44,GOOD,5,45,2025-10-29 14:35:30,2025-10-29 14:35:36,LONG,REVERSAL,1,100.0,493.0,50.0,100.0,1913,False,True,2.0,trend,0.96175,0.586207,0.305725,-13.925
W44,GOOD,5,46,2025-10-29 14:35:36,2025-10-29 14:36:00,SHORT,REVERSAL,0,100.0,496.5,100.0,94.0,2288,False,True,0.0,unclear,0.819742,0.172414,0.065217,3.875
W44,GOOD,5,47,2025-10-29 14:36:00,2025-10-29 14:36:34,LONG,REVERSAL,0,100.0,496.5,100.0,60.0,2685,False,True,0.0,unclear,0.71216,0.346774,0.148936,-8.975
W44,GOOD,5,48,2025-10-29 14:36:34,2025-10-29 14:36:40,SHORT,REVERSAL,0,100.0,496.5,100.0,10.0,298,False,True,0.0,unclear,0.915276,0.280519,0.017895,6.675
W44,GOOD,5,49,2025-10-29 14:36:40,2025-10-29 14:36:57,LONG,REVERSAL,1,100.0,493.0,50.0,100.0,1533,False,True,1.0,chop,0.260557,0.072639,0.044904,3.1
W44,GOOD,5,50,2025-10-29 14:36:57,2025-10-29 14:37:35,SHORT,REVERSAL,0,100.0,496.5,100.0,64.0,1674,False,True,0.0,unclear,0.66889,0.386167,0.093773,8.9
W44,GOOD,5,51,2025-10-29 14:37:35,2025-10-29 14:39:28,LONG,HARD_STOP,1,-250.0,-1257.0,87.0,125.0,5324,True,False,0.0,unclear,0.473866,0.257908,0.028996,-4.65
W44,GOOD,5,52,2025-10-29 14:39:38,2025-10-29 14:39:57,SHORT,REVERSAL,0,101.0,501.5,101.0,7.0,754,False,True,0.0,unclear,0.404345,0.197987,0.034483,-2.45
W44,GOOD,5,53,2025-10-29 14:39:57,2025-10-29 14:40:11,LONG,REVERSAL,0,100.0,496.5,100.0,0.0,708,False,True,1.0,chop,0.03575,0.012945,0.167147,0.3
W44,GOOD,5,54,2025-10-29 14:40:11,2025-10-29 14:40:28,SHORT,REVERSAL,0,100.0,496.5,100.0,26.0,906,False,True,1.0,chop,0.246268,0.111475,0.135294,2.0
W44,GOOD,5,55,2025-10-29 14:40:28,2025-10-29 14:40:41,LONG,REVERSAL,0,100.0,496.5,100.0,69.0,660,False,True,0.0,unclear,0.438196,0.175953,0.065149,-3.45
W44,GOOD,5,56,2025-10-29 14:40:41,2025-10-29 14:41:12,SHORT,REVERSAL,0,101.0,501.5,101.0,23.0,1139,False,True,1.0,chop,0.152971,0.117048,0.017187,3.375
W44,GOOD,5,57,2025-10-29 14:41:12,2025-10-29 14:41:36,LONG,REVERSAL,1,104.0,513.0,52.0,100.0,958,False,True,0.0,unclear,0.522058,0.269912,0.014232,-6.825
W44,GOOD,5,58,2025-10-29 14:41:36,2025-10-29 14:43:16,SHORT,REVERSAL,0,100.0,496.5,100.0,47.0,2874,False,True,1.0,chop,0.003212,0.002398,0.022091,-0.375
W44,GOOD,5,59,2025-10-29 14:43:16,2025-10-29 14:43:22,LONG,REVERSAL,0,101.0,501.5,101.0,2.0,166,False,True,1.0,chop,0.12846,0.071066,0.007623,1.425
W44,GOOD,5,60,2025-10-29 14:43:22,2025-10-29 14:43:36,SHORT,HARD_STOP,1,-260.0,-1307.0,0.0,130.0,754,True,False,0.0,unclear,0.741441,0.300481,0.040109,7.925
W44,GOOD,5,61,2025-10-29 14:43:54,2025-10-29 14:44:23,LONG,HARD_STOP,1,-250.0,-1257.0,21.0,125.0,1155,True,False,1.0,chop,0.147521,0.086957,0.146685,-2.875
W44,GOOD,5,62,2025-10-29 14:45:01,2025-10-29 14:45:09,LONG,REVERSAL,0,104.0,516.5,104.0,7.0,281,False,True,1.0,chop,0.0,0.027875,0.021708,0.0
W44,GOOD,5,63,2025-10-29 14:45:09,2025-10-29 14:45:23,SHORT,HARD_STOP,1,-252.0,-1267.0,0.0,126.0,604,True,False,1.0,chop,0.32156,0.252078,0.028374,4.2
W44,GOOD,5,64,2025-10-29 14:45:36,2025-10-29 14:46:58,LONG,REVERSAL,0,100.0,496.5,100.0,88.0,2485,False,True,1.0,chop,0.071172,0.111455,0.140464,1.85
W44,GOOD,5,65,2025-10-29 14:46:58,2025-10-29 14:47:13,SHORT,REVERSAL,0,102.0,506.5,102.0,8.0,517,False,True,0.0,unclear,0.547102,0.214834,0.161566,6.575
W44,GOOD,5,66,2025-10-29 14:47:13,2025-10-29 14:48:26,LONG,REVERSAL,1,104.0,513.0,96.0,100.0,2107,False,True,0.0,unclear,0.607325,0.204852,0.160935,-4.3
W44,GOOD,5,67,2025-10-29 14:48:26,2025-10-29 14:49:27,SHORT,REVERSAL,1,102.0,503.0,51.0,100.0,1452,False,True,0.0,unclear,0.886843,0.398089,0.041814,8.625
W44,GOOD,5,68,2025-10-29 14:49:27,2025-10-29 14:50:06,LONG,REVERSAL,0,101.0,501.5,101.0,20.0,802,False,True,1.0,chop,0.05284,0.019169,0.063128,-1.425
W44,GOOD,5,69,2025-10-29 14:50:06,2025-10-29 14:51:46,SHORT,HARD_STOP,1,-250.0,-1257.0,31.0,125.0,4315,True,False,0.0,unclear,0.77478,0.359494,0.022049,7.925
W44,GOOD,5,70,2025-10-29 14:52:10,2025-10-29 14:52:31,SHORT,REVERSAL,0,100.0,496.5,100.0,5.0,544,False,True,1.0,chop,0.064833,0.055556,0.044271,1.025
W44,GOOD,5,71,2025-10-29 14:52:31,2025-10-29 14:54:24,LONG,REVERSAL,0,100.0,496.5,100.0,18.0,2404,False,True,0.0,unclear,0.761967,0.233463,0.067358,-4.725
W44,GOOD,5,72,2025-10-29 14:54:24,2025-10-29 14:56:05,SHORT,REVERSAL,1,100.0,493.0,77.0,100.0,3936,False,True,2.0,trend,0.911126,0.431734,0.174252,7.95
W44,GOOD,5,73,2025-10-29 14:56:05,2025-10-29 14:57:25,LONG,REVERSAL,1,100.0,493.0,50.0,100.0,2140,False,True,0.0,unclear,0.692672,0.321799,0.022255,-4.925
W44,GOOD,5,74,2025-10-29 14:57:25,2025-10-29 14:58:20,SHORT,REVERSAL,0,100.0,496.5,100.0,80.0,1569,False,True,0.0,unclear,0.84843,0.350554,0.040551,6.1
W44,GOOD,5,75,2025-10-29 14:58:20,2025-10-29 14:59:14,LONG,REVERSAL,0,100.0,496.5,100.0,41.0,1028,False,True,0.0,unclear,0.954457,0.358974,0.085227,-9.6
W44,GOOD,5,76,2025-10-29 14:59:14,2025-10-29 14:59:33,SHORT,REVERSAL,0,100.0,496.5,100.0,7.0,312,False,True,0.0,unclear,0.606036,0.147727,0.028788,5.425
W44,GOOD,5,77,2025-10-29 14:59:33,2025-10-29 15:00:10,LONG,REVERSAL,0,100.0,496.5,100.0,20.0,813,False,True,1.0,chop,0.049987,0.050139,0.014925,-0.975
W44,GOOD,5,78,2025-10-29 15:00:10,2025-10-29 15:01:16,SHORT,REVERSAL,0,100.0,496.5,100.0,56.0,2073,False,True,0.0,unclear,0.742897,0.252427,0.036928,3.775
W44,GOOD,5,79,2025-10-29 15:01:16,2025-10-29 15:03:02,LONG,REVERSAL,1,100.0,493.0,50.0,100.0,2747,False,True,0.0,unclear,0.866758,0.295265,0.136486,-5.75
W44,GOOD,5,80,2025-10-29 15:03:02,2025-10-29 15:03:40,SHORT,REVERSAL,0,100.0,496.5,100.0,60.0,986,False,True,0.0,unclear,0.887314,0.351171,0.104092,6.075
W44,GOOD,5,81,2025-10-29 15:03:40,2025-10-29 15:05:06,LONG,REVERSAL,1,100.0,493.0,50.0,103.0,2814,False,True,0.0,unclear,0.703885,0.343662,0.024862,-7.7
W44,GOOD,5,82,2025-10-29 15:05:06,2025-10-29 15:06:01,SHORT,HARD_STOP,1,-250.0,-1257.0,35.0,125.0,1459,True,False,0.0,unclear,0.923537,0.342105,0.073835,6.725
W44,GOOD,5,83,2025-10-29 15:07:09,2025-10-29 15:17:21,SHORT,REVERSAL,0,102.0,506.5,102.0,88.0,9673,False,True,1.0,chop,0.33036,0.242424,0.101821,2.95
W44,GOOD,5,84,2025-10-29 15:17:21,2025-10-29 15:19:23,LONG,REVERSAL,0,100.0,496.5,100.0,94.0,2146,False,True,0.0,unclear,0.884668,0.392097,0.101796,-6.925
W44,GOOD,5,85,2025-10-29 15:19:23,2025-10-29 15:20:36,SHORT,REVERSAL,0,100.0,496.5,100.0,18.0,1166,False,True,2.0,trend,0.910368,0.47079,0.142435,8.275
W44,GOOD,5,86,2025-10-29 15:20:36,2025-10-29 15:20:52,LONG,REVERSAL,0,100.0,496.5,100.0,2.0,294,False,True,0.0,unclear,0.781131,0.300448,0.048815,-5.45
W44,GOOD,5,87,2025-10-29 15:20:52,2025-10-29 15:23:21,SHORT,REVERSAL,1,99.0,488.0,64.0,101.0,2968,False,True,1.0,chop,0.00075,0.038869,0.045517,0.175
W44,GOOD,5,88,2025-10-29 15:23:21,2025-10-29 15:25:21,LONG,REVERSAL,0,101.0,501.5,101.0,36.0,1735,False,True,2.0,trend,0.945903,0.488636,0.028728,-7.55
W44,GOOD,5,89,2025-10-29 15:25:21,2025-10-29 15:28:28,SHORT,REVERSAL,0,100.0,496.5,100.0,57.0,3065,False,True,0.0,unclear,0.706675,0.301961,0.048458,4.725
W44,GOOD,5,90,2025-10-29 15:28:28,2025-10-29 15:36:07,LONG,HARD_STOP,1,-252.0,-1267.0,34.0,126.0,7237,True,False,0.0,unclear,0.475506,0.196653,0.04379,-3.65
W44,GOOD,5,91,2025-10-29 15:37:15,2025-10-29 15:40:08,SHORT,HARD_STOP,1,-251.0,-1262.0,25.0,125.5,3239,True,False,2.0,trend,0.815811,0.410138,0.063328,5.525
W44,GOOD,5,92,2025-10-29 15:41:03,2025-10-29 15:43:49,LONG,REVERSAL,1,100.0,493.0,84.0,100.0,3107,False,True,0.0,unclear,0.705459,0.207792,0.010691,-4.2
W44,GOOD,5,93,2025-10-29 15:43:49,2025-10-29 15:47:13,SHORT,REVERSAL,1,100.0,493.0,74.0,100.0,3731,False,True,0.0,unclear,0.755182,0.323144,0.021986,4.225
W44,GOOD,5,94,2025-10-29 15:47:13,2025-10-29 15:48:16,LONG,REVERSAL,0,103.0,511.5,103.0,6.0,851,False,True,2.0,trend,0.745395,0.188776,0.208084,-3.1
W44,GOOD,5,95,2025-10-29 15:48:16,2025-10-29 15:49:50,SHORT,EOD_FLATTEN,0,-8.0,-43.5,7.0,74.0,1566,False,False,2.0,trend,0.91746,0.463415,0.030166,6.4
W44,GOOD,5,96,2025-10-30 09:30:07,2025-10-30 09:33:22,LONG,HARD_STOP,1,-250.0,-1257.0,41.0,125.0,10362,True,False,0.0,unclear,0.79919,0.245283,0.157973,-2.875
W44,GOOD,5,97,2025-10-30 09:34:52,2025-10-30 09:36:29,LONG,HARD_STOP,1,-250.0,-1257.0,17.0,125.0,4919,True,False,2.0,trend,0.919239,0.478723,0.22027,-5.525
W44,GOOD,5,98,2025-10-30 09:36:59,2025-10-30 09:43:01,LONG,REVERSAL,1,99.0,488.0,53.0,103.5,19295,False,True,0.0,unclear,0.983973,0.305785,0.133482,-2.375
W44,GOOD,5,99,2025-10-30 09:43:01,2025-10-30 09:46:25,SHORT,HARD_STOP,1,-252.0,-1267.0,95.0,126.0,10810,True,False,1.0,chop,0.238011,0.13125,0.10472,1.125
W44,GOOD,5,100,2025-10-30 09:47:47,2025-10-30 09:48:13,LONG,REVERSAL,0,102.0,506.5,102.0,6.0,836,False,True,0.0,unclear,0.643615,0.155914,0.040419,-2.875
W44,GOOD,5,101,2025-10-30 09:48:13,2025-10-30 09:50:12,SHORT,HARD_STOP,1,-250.0,-1257.0,6.0,125.0,5369,True,False,2.0,trend,0.99085,0.422886,0.035494,5.525
W44,GOOD,5,102,2025-10-30 09:50:40,2025-10-30 09:54:37,SHORT,HARD_STOP,1,-250.0,-1257.0,34.0,125.0,8878,True,False,0.0,unclear,0.68485,0.348066,0.15859,3.475
W44,GOOD,5,103,2025-10-30 09:55:12,2025-10-30 10:00:21,LONG,REVERSAL,0,100.0,496.5,100.0,46.0,8829,False,True,0.0,unclear,0.7565,0.344828,0.024981,-3.475
W44,GOOD,5,104,2025-10-30 10:00:21,2025-10-30 10:01:10,SHORT,REVERSAL,1,100.0,493.0,50.0,100.0,3313,False,True,0.0,unclear,0.868937,0.333333,0.181138,5.175
W44,GOOD,5,105,2025-10-30 10:01:10,2025-10-30 10:04:41,LONG,HARD_STOP,1,-252.0,-1267.0,61.0,126.0,5851,True,False,0.0,unclear,0.772918,0.133333,0.004532,-2.35
W44,GOOD,5,106,2025-10-30 10:05:17,2025-10-30 10:08:12,SHORT,REVERSAL,1,100.0,493.0,50.0,104.0,5556,False,True,0.0,unclear,0.971384,0.387255,0.012251,5.3
W44,GOOD,5,107,2025-10-30 10:08:12,2025-10-30 10:10:11,LONG,HARD_STOP,1,-250.0,-1257.0,63.0,125.0,4581,True,False,0.0,unclear,0.426693,0.134694,0.071756,-2.45
W44,GOOD,5,108,2025-10-30 10:11:28,2025-10-30 10:13:00,SHORT,REVERSAL,0,101.0,501.5,101.0,15.0,1999,False,True,0.0,unclear,0.767462,0.362791,0.053424,3.95
W44,GOOD,5,109,2025-10-30 10:13:00,2025-10-30 10:14:13,LONG,REVERSAL,0,100.0,496.5,100.0,35.0,1985,False,True,0.0,unclear,0.545881,0.245136,0.045455,-3.525
W44,GOOD,5,110,2025-10-30 10:14:13,2025-10-30 10:16:57,SHORT,REVERSAL,0,100.0,496.5,100.0,97.0,3960,False,True,0.0,unclear,0.765832,0.259912,0.123229,3.425
W44,GOOD,5,111,2025-10-30 10:16:57,2025-10-30 10:18:49,LONG,REVERSAL,1,102.0,503.0,51.0,100.0,3501,False,True,2.0,trend,0.86252,0.567227,0.123881,-7.1
W44,GOOD,5,112,2025-10-30 10:18:49,2025-10-30 10:20:01,SHORT,REVERSAL,0,100.0,496.5,100.0,60.0,1785,False,True,2.0,trend,0.870617,0.532338,0.233236,6.0
W44,GOOD,5,113,2025-10-30 10:20:01,2025-10-30 10:21:22,LONG,REVERSAL,0,100.0,496.5,100.0,32.0,2507,False,True,2.0,trend,0.988051,0.466667,0.159107,-6.3
W44,GOOD,5,114,2025-10-30 10:21:22,2025-10-30 10:23:04,SHORT,REVERSAL,0,100.0,496.5,100.0,36.0,2230,False,True,2.0,trend,0.759763,0.431227,0.116959,6.475
W44,GOOD,5,115,2025-10-30 10:23:04,2025-10-30 10:27:17,LONG,REVERSAL,1,100.0,493.0,50.0,100.0,6303,False,True,2.0,trend,0.965493,0.631818,0.185185,-8.425
W44,GOOD,5,116,2025-10-30 10:27:17,2025-10-30 10:28:13,SHORT,REVERSAL,0,100.0,496.5,100.0,18.0,1250,False,True,2.0,trend,0.974416,0.506579,0.189148,4.7
W44,GOOD,5,117,2025-10-30 10:28:13,2025-10-30 10:30:04,LONG,REVERSAL,0,100.0,496.5,100.0,33.0,2400,False,True,0.0,unclear,0.582871,0.182741,0.163447,-3.475
W44,GOOD,5,118,2025-10-30 10:30:04,2025-10-30 10:36:05,SHORT,REVERSAL,1,100.0,493.0,56.0,100.0,7816,False,True,2.0,trend,0.887951,0.410042,0.180516,6.875
W44,GOOD,5,119,2025-10-30 10:36:05,2025-10-30 10:37:45,LONG,REVERSAL,1,100.0,493.0,50.0,100.0,2625,False,True,2.0,trend,0.931283,0.454148,0.048255,-6.5
W44,GOOD,5,120,2025-10-30 10:37:45,2025-10-30 10:43:28,SHORT,HARD_STOP,1,-250.0,-1257.0,67.0,125.0,6484,True,False,0.0,unclear,0.639626,0.339286,0.077039,4.3
W44,GOOD,5,121,2025-10-30 10:45:48,2025-10-30 10:51:32,LONG,HARD_STOP,1,-250.0,-1257.0,8.0,125.0,7777,True,False,1.0,chop,0.324507,0.162304,0.107988,-2.4
W44,GOOD,5,122,2025-10-30 10:52:56,2025-10-30 10:57:50,LONG,REVERSAL,1,99.0,488.0,49.5,101.0,7044,False,True,0.0,unclear,0.714984,0.226277,0.000752,-2.475
W44,GOOD,5,123,2025-10-30 10:57:50,2025-10-30 11:02:42,SHORT,HARD_STOP,1,-250.0,-1257.0,17.0,125.0,6374,True,False,2.0,trend,0.708768,0.44878,0.206395,4.625
W44,GOOD,5,124,2025-10-30 11:06:31,2025-10-30 11:09:06,LONG,REVERSAL,0,101.0,501.5,101.0,19.0,2253,False,True,1.0,chop,0.30077,0.133028,0.106188,-2.5
W44,GOOD,5,125,2025-10-30 11:09:06,2025-10-30 11:33:44,SHORT,REVERSAL,0,100.0,496.5,100.0,81.0,15950,False,True,2.0,trend,0.838013,0.422925,0.056433,6.025
W44,GOOD,5,126,2025-10-30 11:33:44,2025-10-30 11:40:13,LONG,HARD_STOP,1,-250.0,-1257.0,36.0,125.0,6417,True,False,0.0,unclear,0.454515,0.251462,0.150259,-1.85
W44,GOOD,5,127,2025-10-30 11:41:14,2025-10-30 11:44:55,LONG,REVERSAL,0,100.0,496.5,100.0,7.0,4400,False,True,0.0,unclear,0.889328,0.272727,0.189272,-2.25
W44,GOOD,5,128,2025-10-30 11:44:55,2025-10-30 11:47:23,SHORT,REVERSAL,0,100.0,496.5,100.0,46.0,3146,False,True,2.0,trend,0.897808,0.353741,0.200579,3.725
W44,GOOD,5,129,2025-10-30 11:47:23,2025-10-30 11:55:19,LONG,REVERSAL,0,100.0,496.5,100.0,36.0,7521,False,True,2.0,trend,0.674346,0.416216,0.207101,-3.775
W44,GOOD,5,130,2025-10-30 11:55:19,2025-10-30 12:06:12,SHORT,HARD_STOP,1,-251.0,-1262.0,56.0,125.5,9254,True,False,0.0,unclear,0.802723,0.322581,0.077619,2.525
W44,GOOD,5,131,2025-10-30 12:09:33,2025-10-30 12:33:41,SHORT,REVERSAL,1,100.0,493.0,50.0,100.0,20555,False,True,0.0,unclear,0.854036,0.356164,0.075193,3.6
W44,GOOD,5,132,2025-10-30 12:33:41,2025-10-30 13:05:48,LONG,HARD_STOP,1,-250.0,-1257.0,71.0,125.0,22306,True,False,0.0,unclear,0.563295,0.123288,0.033358,-1.45
W44,GOOD,5,133,2025-10-30 13:08:18,2025-10-30 13:11:15,SHORT,REVERSAL,0,100.0,496.5,100.0,7.0,1542,False,True,0.0,unclear,0.876956,0.32,0.082927,2.725
W44,GOOD,5,134,2025-10-30 13:11:15,2025-10-30 13:22:54,LONG,REVERSAL,0,100.0,496.5,100.0,39.0,7839,False,True,0.0,unclear,0.982371,0.363636,0.066869,-3.95
W44,GOOD,5,135,2025-10-30 13:22:54,2025-10-30 13:35:54,SHORT,REVERSAL,1,100.0,493.0,50.0,111.0,9147,False,True,2.0,trend,0.988174,0.340278,0.270963,3.125
W44,GOOD,5,136,2025-10-30 13:35:54,2025-10-30 13:46:53,LONG,REVERSAL,0,100.0,496.5,100.0,21.0,5062,False,True,0.0,unclear,0.653323,0.142077,0.067278,-2.05
W44,GOOD,5,137,2025-10-30 13:46:53,2025-10-30 14:06:52,SHORT,REVERSAL,0,100.0,496.5,100.0,67.0,10387,False,True,0.0,unclear,0.826761,0.311475,0.168992,2.575
W44,GOOD,5,138,2025-10-30 14:06:52,2025-10-30 14:16:26,LONG,HARD_STOP,1,-250.0,-1257.0,26.0,125.0,7276,True,False,0.0,unclear,0.649163,0.301887,0.163035,-3.05
W44,GOOD,5,139,2025-10-30 14:20:23,2025-10-30 14:21:31,SHORT,REVERSAL,0,102.0,506.5,102.0,6.0,1052,False,True,0.0,unclear,0.741552,0.310078,0.02144,2.65
W44,GOOD,5,140,2025-10-30 14:21:31,2025-10-30 14:30:10,LONG,REVERSAL,0,100.0,496.5,100.0,14.0,4806,False,True,2.0,trend,0.97675,0.639752,0.124424,-6.2
W44,GOOD,5,141,2025-10-30 14:30:10,2025-10-30 14:37:58,SHORT,REVERSAL,0,100.0,496.5,100.0,45.0,5126,False,True,2.0,trend,0.92951,0.528169,0.17309,5.425
W44,GOOD,5,142,2025-10-30 14:37:58,2025-10-30 14:48:04,LONG,REVERSAL,0,100.0,496.5,100.0,47.0,6884,False,True,2.0,trend,0.806807,0.467836,0.157734,-4.3
W44,GOOD,5,143,2025-10-30 14:48:04,2025-10-30 14:57:32,SHORT,REVERSAL,0,100.0,496.5,100.0,16.0,5887,False,True,0.0,unclear,0.839008,0.377778,0.160943,2.65
W44,GOOD,5,144,2025-10-30 14:57:32,2025-10-30 15:16:03,LONG,HARD_STOP,1,-250.0,-1257.0,27.0,125.0,12762,True,False,2.0,trend,0.954387,0.493151,0.200308,-4.9
W44,GOOD,5,145,2025-10-30 15:17:25,2025-10-30 15:19:03,LONG,REVERSAL,0,100.0,496.5,100.0,0.0,1889,False,True,2.0,trend,0.913894,0.525547,0.261398,-4.0
W44,GOOD,5,146,2025-10-30 15:19:03,2025-10-30 15:21:14,SHORT,REVERSAL,0,101.0,501.5,101.0,4.0,1758,False,True,0.0,unclear,0.753753,0.387931,0.147392,2.9
W44,GOOD,5,147,2025-10-30 15:21:14,2025-10-30 15:25:30,LONG,REVERSAL,1,100.0,493.0,50.0,100.0,6113,False,True,0.0,unclear,0.900613,0.325444,0.140045,-3.15
W44,GOOD,5,148,2025-10-30 15:25:30,2025-10-30 15:38:44,SHORT,REVERSAL,1,102.0,503.0,51.0,124.0,11027,False,True,1.0,chop,0.160796,0.057971,0.088937,1.225
W44,GOOD,5,149,2025-10-30 15:38:44,2025-10-30 15:48:59,LONG,REVERSAL,1,100.0,493.0,51.0,100.0,8788,False,True,1.0,chop,0.298704,0.027972,0.079316,-0.975
W44,GOOD,5,150,2025-10-30 15:48:59,2025-10-30 15:49:50,SHORT,EOD_FLATTEN,0,-10.0,-53.5,21.0,41.0,981,False,False,0.0,unclear,0.895652,0.309211,0.053763,3.475
W44,GOOD,5,151,2025-10-31 09:30:58,2025-10-31 09:41:35,LONG,HARD_STOP,1,-250.0,-1257.0,55.0,125.0,21981,True,False,2.0,trend,0.869001,0.34127,0.206871,-2.35
W44,GOOD,5,152,2025-10-31 09:43:01,2025-10-31 09:47:04,LONG,REVERSAL,1,100.0,493.0,69.0,100.0,11497,False,True,1.0,chop,0.299666,0.183824,0.047407,-1.675
W44,GOOD,5,153,2025-10-31 09:47:04,2025-10-31 09:54:26,SHORT,REVERSAL,0,100.0,496.5,100.0,61.0,12200,False,True,0.0,unclear,0.844209,0.264706,0.043077,2.6
W44,GOOD,5,154,2025-10-31 09:54:26,2025-10-31 09:55:27,LONG,REVERSAL,0,100.0,496.5,100.0,17.0,2233,False,True,2.0,trend,0.936951,0.64497,0.195157,-6.85
W44,GOOD,5,155,2025-10-31 09:55:27,2025-10-31 09:57:05,SHORT,REVERSAL,0,100.0,496.5,100.0,13.0,2044,False,True,1.0,chop,0.055978,0.051282,0.077684,-0.45
W44,GOOD,5,156,2025-10-31 09:57:05,2025-10-31 10:06:03,LONG,REVERSAL,1,100.0,493.0,87.0,100.0,16433,False,True,2.0,trend,0.846757,0.505682,0.128925,-6.15
W44,GOOD,5,157,2025-10-31 10:06:03,2025-10-31 10:11:15,SHORT,REVERSAL,1,102.0,503.0,51.0,100.0,6512,False,True,2.0,trend,0.940156,0.454545,0.073729,4.825
W44,GOOD,5,158,2025-10-31 10:11:15,2025-10-31 10:23:25,LONG,REVERSAL,1,100.0,493.0,99.0,100.0,15074,False,True,2.0,trend,0.869712,0.418079,0.096296,-4.75
W44,GOOD,5,159,2025-10-31 10:23:25,2025-10-31 10:36:18,SHORT,HARD_STOP,1,-250.0,-1257.0,7.0,125.0,12386,True,False,2.0,trend,0.934791,0.461538,0.034169,4.35
W44,GOOD,5,160,2025-10-31 10:41:33,2025-10-31 11:22:48,SHORT,REVERSAL,1,102.0,503.0,51.0,100.0,34292,False,True,0.0,unclear,0.922983,0.26,0.054896,2.275
W44,GOOD,5,161,2025-10-31 11:22:48,2025-10-31 11:37:26,LONG,HARD_STOP,1,-250.0,-1257.0,38.0,125.0,12191,True,False,0.0,unclear,0.863546,0.270677,0.092145,-2.55
W44,GOOD,5,162,2025-10-31 11:39:20,2025-10-31 11:44:57,LONG,REVERSAL,0,100.0,496.5,100.0,74.0,9234,False,True,0.0,unclear,0.807515,0.301587,0.104455,-2.925
W44,GOOD,5,163,2025-10-31 11:44:57,2025-10-31 11:46:21,SHORT,REVERSAL,1,104.0,513.0,59.0,114.0,5060,False,True,0.0,unclear,0.672776,0.335052,0.072334,4.95
W44,GOOD,5,164,2025-10-31 11:46:21,2025-10-31 11:48:33,LONG,HARD_STOP,1,-254.0,-1277.0,38.0,127.0,3778,True,False,0.0,unclear,0.545418,0.204651,0.015083,-3.325
W44,GOOD,5,165,2025-10-31 11:50:09,2025-10-31 11:50:18,LONG,REVERSAL,0,100.0,496.5,100.0,9.0,559,False,True,1.0,chop,0.166914,0.0,0.111435,-1.5
W44,GOOD,5,166,2025-10-31 11:50:18,2025-10-31 11:56:00,SHORT,REVERSAL,0,100.0,496.5,100.0,77.0,5962,False,True,0.0,unclear,0.439927,0.174312,0.06735,3.625
W44,GOOD,5,167,2025-10-31 11:56:00,2025-10-31 12:03:47,LONG,HARD_STOP,1,-250.0,-1257.0,55.0,125.0,10209,True,False,0.0,unclear,0.887862,0.290541,0.138707,-2.35
W44,GOOD,5,168,2025-10-31 12:04:16,2025-10-31 12:09:49,SHORT,REVERSAL,0,100.0,496.5,100.0,59.0,5566,False,True,0.0,unclear,0.614982,0.257576,0.058824,4.625
W44,GOOD,5,169,2025-10-31 12:09:49,2025-10-31 12:19:17,LONG,HARD_STOP,1,-250.0,-1257.0,40.0,125.0,11652,True,False,0.0,unclear,0.83904,0.341463,0.106505,-3.725
W44,GOOD,5,170,2025-10-31 12:21:40,2025-10-31 12:32:01,SHORT,HARD_STOP,1,-250.0,-1257.0,72.0,125.0,11440,True,False,0.0,unclear,0.467175,0.234568,0.055939,2.975
W44,GOOD,5,171,2025-10-31 12:38:16,2025-10-31 12:46:08,LONG,HARD_STOP,1,-250.0,-1257.0,78.0,125.0,7875,True,False,1.0,chop,0.325987,0.102857,0.111283,-1.075
W44,GOOD,5,172,2025-10-31 12:46:42,2025-10-31 12:51:40,SHORT,REVERSAL,0,100.0,496.5,100.0,47.0,3974,False,True,0.0,unclear,0.835574,0.38587,0.025418,5.525
W44,GOOD,5,173,2025-10-31 12:51:40,2025-10-31 13:04:23,LONG,HARD_STOP,1,-250.0,-1257.0,48.0,125.0,13764,True,False,2.0,trend,0.981637,0.572581,0.107438,-4.275
W44,GOOD,5,174,2025-10-31 13:06:40,2025-10-31 13:07:42,LONG,REVERSAL,0,100.0,496.5,100.0,0.0,1470,False,True,0.0,unclear,0.675742,0.16129,0.059498,-2.2
W44,GOOD,5,175,2025-10-31 13:07:42,2025-10-31 13:14:06,SHORT,REVERSAL,0,100.0,496.5,100.0,80.0,7433,False,True,0.0,unclear,0.895929,0.361111,0.139927,3.125
W44,GOOD,5,176,2025-10-31 13:14:06,2025-10-31 13:30:46,LONG,REVERSAL,0,100.0,496.5,100.0,52.0,18458,False,True,1.0,chop,0.062352,0.095808,0.043812,-0.725
W44,GOOD,5,177,2025-10-31 13:30:46,2025-10-31 13:36:46,SHORT,REVERSAL,0,100.0,496.5,100.0,89.0,7825,False,True,2.0,trend,0.945097,0.538961,0.139912,5.025
W44,GOOD,5,178,2025-10-31 13:36:46,2025-10-31 13:43:35,LONG,REVERSAL,0,102.0,506.5,102.0,68.0,6702,False,True,2.0,trend,0.98426,0.508876,0.181208,-5.075
W44,GOOD,5,179,2025-10-31 13:43:35,2025-10-31 13:51:04,SHORT,HARD_STOP,1,-250.0,-1257.0,7.0,125.0,8258,True,False,0.0,unclear,0.860798,0.319018,0.086325,2.9
W44,GOOD,5,180,2025-10-31 13:55:12,2025-10-31 14:02:55,LONG,REVERSAL,0,100.0,496.5,100.0,55.0,6361,False,True,2.0,trend,0.820089,0.4375,0.050349,-3.075
W44,GOOD,5,181,2025-10-31 14:02:55,2025-10-31 14:56:15,SHORT,REVERSAL,1,100.0,493.0,63.0,108.0,35291,False,True,0.0,unclear,0.990293,0.348993,0.113686,3.35
W44,GOOD,5,182,2025-10-31 14:56:15,2025-10-31 14:58:11,LONG,REVERSAL,0,100.0,496.5,100.0,39.0,2351,False,True,0.0,unclear,0.477566,0.228571,0.034282,-2.275
W44,GOOD,5,183,2025-10-31 14:58:11,2025-10-31 15:20:17,SHORT,HARD_STOP,1,-250.0,-1257.0,37.0,125.0,16871,True,False,2.0,trend,0.938133,0.511278,0.25,3.85
W44,GOOD,5,184,2025-10-31 15:27:01,2025-10-31 15:35:05,SHORT,HARD_STOP,1,-250.0,-1257.0,7.0,125.0,9095,True,False,0.0,unclear,0.497788,0.222222,0.07215,1.125
W44,GOOD,5,185,2025-10-31 15:36:30,2025-10-31 15:49:50,LONG,EOD_FLATTEN,1,-212.0,-1067.0,27.0,115.0,12403,False,False,0.0,unclear,0.881829,0.300885,0.144165,-2.525
W40,GOOD,5,0,2025-09-29 09:31:23,2025-09-29 09:43:21,SHORT,HARD_STOP,1,-250.0,-1257.0,50.0,125.0,21972,True,False,0.0,unclear,0.66564,0.172414,0.087259,1.325
W40,GOOD,5,1,2025-09-29 09:45:03,2025-09-29 09:52:26,SHORT,REVERSAL,1,100.0,493.0,50.0,100.0,15688,False,True,2.0,trend,0.875434,0.329897,0.333333,2.1
W40,GOOD,5,2,2025-09-29 09:52:26,2025-09-29 09:54:00,LONG,REVERSAL,0,100.0,496.5,100.0,7.0,2443,False,True,2.0,trend,0.93113,0.411215,0.186391,-3.075
W40,GOOD,5,3,2025-09-29 09:54:00,2025-09-29 10:03:51,SHORT,REVERSAL,0,100.0,496.5,100.0,44.0,16010,False,True,0.0,unclear,0.886394,0.27193,0.120752,1.825
W40,GOOD,5,4,2025-09-29 10:03:51,2025-09-29 10:07:47,LONG,REVERSAL,0,100.0,496.5,100.0,13.0,5751,False,True,0.0,unclear,0.826896,0.320388,0.15309,-1.7
W40,GOOD,5,5,2025-09-29 10:07:47,2025-09-29 10:13:02,SHORT,REVERSAL,1,100.0,493.0,50.0,100.0,8795,False,True,1.0,chop,0.357704,0.131783,0.142637,1.35
W40,GOOD,5,6,2025-09-29 10:13:02,2025-09-29 10:22:14,LONG,REVERSAL,1,99.0,488.0,53.0,101.0,11196,False,True,0.0,unclear,0.917641,0.390625,0.097617,-3.625
W40,GOOD,5,7,2025-09-29 10:22:14,2025-09-29 10:57:23,SHORT,REVERSAL,0,100.0,496.5,100.0,85.0,29448,False,True,2.0,trend,0.962685,0.449541,0.144131,3.1
W40,GOOD,5,8,2025-09-29 10:57:23,2025-09-29 11:15:39,LONG,HARD_STOP,1,-250.0,-1257.0,79.0,125.0,19321,True,False,1.0,chop,0.185874,0.152941,0.030581,-0.5
W40,GOOD,5,9,2025-09-29 11:17:58,2025-09-29 11:22:24,LONG,REVERSAL,0,100.0,496.5,100.0,10.0,6790,False,True,2.0,trend,0.50687,0.25,0.298174,-1.375
W40,GOOD,5,10,2025-09-29 11:22:24,2025-09-29 11:27:45,SHORT,REVERSAL,0,100.0,496.5,100.0,20.0,6660,False,True,2.0,trend,0.965137,0.535354,0.176218,3.5
W40,GOOD,5,11,2025-09-29 11:27:45,2025-09-29 11:40:09,LONG,REVERSAL,1,100.0,493.0,50.0,100.0,15899,False,True,0.0,unclear,0.63,0.181818,0.07107,-1.575
W40,GOOD,5,12,2025-09-29 11:40:09,2025-09-29 11:50:29,SHORT,REVERSAL,0,100.0,496.5,100.0,17.0,9836,False,True,0.0,unclear,0.952334,0.342593,0.006555,2.575
W40,GOOD,5,13,2025-09-29 11:50:29,2025-09-29 12:14:37,LONG,REVERSAL,0,100.0,496.5,100.0,57.0,22797,False,True,2.0,trend,0.837342,0.538462,0.285094,-3.15
W40,GOOD,5,14,2025-09-29 12:14:37,2025-09-29 12:17:30,SHORT,REVERSAL,0,100.0,496.5,100.0,11.0,3244,False,True,2.0,trend,0.930909,0.4375,0.198041,2.4
W40,GOOD,5,15,2025-09-29 12:17:30,2025-09-29 12:42:12,LONG,REVERSAL,0,100.0,496.5,100.0,56.0,14223,False,True,2.0,trend,0.93817,0.460784,0.201149,-3.275
W40,GOOD,5,16,2025-09-29 12:42:12,2025-09-29 12:44:48,SHORT,REVERSAL,0,101.0,501.5,101.0,4.0,2157,False,True,0.0,unclear,0.990887,0.389474,0.168345,2.375
W40,GOOD,5,17,2025-09-29 12:44:48,2025-09-29 13:26:45,LONG,REVERSAL,1,100.0,493.0,50.0,107.0,30108,False,True,0.0,unclear,0.751836,0.324324,0.06141,-1.6
W40,GOOD,5,18,2025-09-29 13:26:45,2025-09-29 14:40:25,SHORT,REVERSAL,1,100.0,493.0,98.0,100.0,38654,False,True,0.0,unclear,0.900933,0.377778,0.080409,2.225
W40,GOOD,5,19,2025-09-29 14:40:25,2025-09-29 15:15:22,LONG,HARD_STOP,1,-250.0,-1257.0,51.0,125.0,22081,True,False,2.0,trend,0.939518,0.434211,0.237617,-2.0
W40,GOOD,5,20,2025-09-29 15:19:43,2025-09-29 15:49:50,SHORT,EOD_FLATTEN,1,-146.0,-737.0,21.0,100.0,23451,False,False,1.0,chop,0.000498,0.037037,0.006652,0.05
W40,GOOD,5,21,2025-09-30 09:30:36,2025-09-30 09:34:29,LONG,HARD_STOP,1,-250.0,-1257.0,45.0,125.0,8120,True,False,2.0,trend,0.955694,0.598726,0.286811,-5.375
W40,GOOD,5,22,2025-09-30 09:36:30,2025-09-30 09:37:20,SHORT,REVERSAL,0,100.0,496.5,100.0,11.0,1356,False,True,0.0,unclear,0.834486,0.355072,0.049699,2.8
W40,GOOD,5,23,2025-09-30 09:37:20,2025-09-30 09:44:12,LONG,REVERSAL,0,100.0,496.5,100.0,62.0,11681,False,True,2.0,trend,0.897238,0.342697,0.20422,-4.0
W40,GOOD,5,24,2025-09-30 09:44:12,2025-09-30 09:52:03,SHORT,REVERSAL,0,100.0,496.5,100.0,97.0,12790,False,True,0.0,unclear,0.545283,0.23913,0.177695,1.7
W40,GOOD,5,25,2025-09-30 09:52:03,2025-09-30 09:56:25,LONG,REVERSAL,1,100.0,493.0,64.0,100.0,8824,False,True,1.0,chop,0.327316,0.053254,0.132878,-1.625
W40,GOOD,5,26,2025-09-30 09:56:25,2025-09-30 10:02:10,SHORT,HARD_STOP,1,-250.0,-1257.0,37.0,125.0,8417,True,False,2.0,trend,0.920923,0.412698,0.134512,3.75
W40,GOOD,5,27,2025-09-30 10:05:08,2025-09-30 10:17:02,LONG,REVERSAL,1,100.0,493.0,50.0,113.0,16579,False,True,2.0,trend,0.843708,0.455224,0.178873,-3.75
W40,GOOD,5,28,2025-09-30 10:17:02,2025-09-30 10:26:11,SHORT,REVERSAL,0,100.0,496.5,100.0,45.0,9230,False,True,1.0,chop,0.224271,0.148936,0.198804,1.5
W40,GOOD,5,29,2025-09-30 10:26:11,2025-09-30 10:29:32,LONG,REVERSAL,0,100.0,496.5,100.0,7.0,3199,False,True,0.0,unclear,0.876712,0.126506,0.031907,-1.2
W40,GOOD,5,30,2025-09-30 10:29:32,2025-09-30 10:38:38,SHORT,REVERSAL,0,100.0,496.5,100.0,86.0,10501,False,True,0.0,unclear,0.56894,0.152047,0.02069,2.8
W40,GOOD,5,31,2025-09-30 10:38:38,2025-09-30 10:42:00,LONG,REVERSAL,0,100.0,496.5,100.0,42.0,5184,False,True,2.0,trend,0.796053,0.194444,0.241685,-1.1
W40,GOOD,5,32,2025-09-30 10:42:00,2025-09-30 10:48:15,SHORT,HARD_STOP,1,-250.0,-1257.0,48.0,125.0,7987,True,False,2.0,trend,0.884696,0.446154,0.178838,3.55
W40,GOOD,5,33,2025-09-30 10:55:36,2025-09-30 11:16:35,SHORT,REVERSAL,0,100.0,496.5,100.0,80.0,24445,False,True,2.0,trend,0.910301,0.537736,0.249824,3.275
W40,GOOD,5,34,2025-09-30 11:16:35,2025-09-30 11:27:09,LONG,HARD_STOP,1,-250.0,-1257.0,30.0,125.0,14434,True,False,2.0,trend,0.911243,0.445378,0.186466,-3.175
W40,GOOD,5,35,2025-09-30 11:29:14,2025-09-30 11:35:24,SHORT,REVERSAL,1,100.0,493.0,50.0,100.0,6955,False,True,0.0,unclear,0.402221,0.129496,0.000755,1.175
W40,GOOD,5,36,2025-09-30 11:35:24,2025-09-30 11:51:52,LONG,REVERSAL,0,100.0,496.5,100.0,76.0,14331,False,True,2.0,trend,0.980434,0.568345,0.31076,-4.625
W40,GOOD,5,37,2025-09-30 11:51:52,2025-09-30 12:08:40,SHORT,REVERSAL,0,100.0,496.5,100.0,62.0,13660,False,True,0.0,unclear,0.875486,0.333333,0.023546,2.25
W40,GOOD,5,38,2025-09-30 12:08:40,2025-09-30 12:19:01,LONG,REVERSAL,0,100.0,496.5,100.0,3.0,5931,False,True,2.0,trend,0.851205,0.383721,0.417943,-4.8
W40,GOOD,5,39,2025-09-30 12:19:01,2025-09-30 12:26:57,SHORT,REVERSAL,1,100.0,493.0,50.0,103.0,8539,False,True,0.0,unclear,0.685098,0.375,0.080668,3.25
W40,GOOD,5,40,2025-09-30 12:26:57,2025-09-30 13:11:16,LONG,HARD_STOP,1,-250.0,-1257.0,75.0,125.0,22354,True,False,0.0,unclear,0.885561,0.353982,0.104135,-2.65
W40,GOOD,5,41,2025-09-30 13:21:16,2025-09-30 13:49:51,LONG,REVERSAL,0,100.0,496.5,100.0,78.0,19983,False,True,0.0,unclear,0.648244,0.341085,0.178082,-2.85
W40,GOOD,5,42,2025-09-30 13:49:51,2025-09-30 14:15:16,SHORT,HARD_STOP,1,-250.0,-1257.0,57.0,125.0,18558,True,False,2.0,trend,0.916667,0.474359,0.091829,2.2
W40,GOOD,5,43,2025-09-30 14:18:26,2025-09-30 14:26:12,LONG,REVERSAL,0,100.0,496.5,100.0,7.0,5083,False,True,0.0,unclear,0.952674,0.302326,0.017228,-1.675
W40,GOOD,5,44,2025-09-30 14:26:12,2025-09-30 15:31:19,SHORT,HARD_STOP,1,-250.0,-1257.0,52.0,125.0,40940,True,False,2.0,trend,0.76771,0.144068,0.264881,1.275
W40,GOOD,5,45,2025-09-30 15:40:08,2025-09-30 15:49:47,LONG,REVERSAL,0,100.0,496.5,100.0,68.0,10017,False,True,2.0,trend,0.75815,0.328,0.205684,-3.05
W40,GOOD,5,46,2025-09-30 15:49:47,2025-09-30 15:49:50,SHORT,EOD_FLATTEN,0,1.0,1.5,3.0,2.0,47,False,True,0.0,unclear,0.960154,0.348315,0.060014,1.975
W40,GOOD,5,47,2025-10-01 09:31:01,2025-10-01 09:31:18,LONG,REVERSAL,0,100.0,496.5,100.0,1.0,1002,False,True,1.0,chop,0.009548,0.071429,0.041075,-0.175
W40,GOOD,5,48,2025-10-01 09:31:18,2025-10-01 09:32:51,SHORT,HARD_STOP,1,-250.0,-1257.0,4.0,125.0,5448,True,False,2.0,trend,0.889561,0.493506,0.054878,4.2
W40,GOOD,5,49,2025-10-01 09:34:05,2025-10-01 09:35:12,SHORT,REVERSAL,0,100.0,496.5,100.0,8.0,2601,False,True,0.0,unclear,0.859698,0.335938,0.084015,2.9
W40,GOOD,5,50,2025-10-01 09:35:12,2025-10-01 09:36:23,LONG,REVERSAL,0,100.0,496.5,100.0,15.0,2374,False,True,1.0,chop,0.090662,0.016529,0.04943,-0.5
W40,GOOD,5,51,2025-10-01 09:36:23,2025-10-01 09:42:20,SHORT,REVERSAL,0,100.0,496.5,100.0,30.0,9135,False,True,1.0,chop,0.367047,0.245161,0.021821,1.5
W40,GOOD,5,52,2025-10-01 09:42:20,2025-10-01 09:45:03,LONG,REVERSAL,0,100.0,496.5,100.0,23.0,3575,False,True,0.0,unclear,0.527039,0.301887,0.131599,-2.1
W40,GOOD,5,53,2025-10-01 09:45:03,2025-10-01 09:45:44,SHORT,REVERSAL,0,100.0,496.5,100.0,6.0,1027,False,True,1.0,chop,0.329079,0.156863,0.107762,0.95
W40,GOOD,5,54,2025-10-01 09:45:44,2025-10-01 09:49:02,LONG,HARD_STOP,1,-250.0,-1257.0,44.0,125.0,6296,True,False,2.0,trend,0.996076,0.519774,0.10479,-5.675
W40,GOOD,5,55,2025-10-01 09:49:40,2025-10-01 09:53:47,LONG,REVERSAL,0,100.0,496.5,100.0,81.0,9472,False,True,2.0,trend,0.864514,0.475862,0.12091,-4.0
W40,GOOD,5,56,2025-10-01 09:53:47,2025-10-01 09:59:31,SHORT,REVERSAL,1,100.0,493.0,50.0,124.0,9159,False,True,2.0,trend,0.848869,0.429348,0.119879,5.9
W40,GOOD,5,57,2025-10-01 09:59:31,2025-10-01 10:01:09,LONG,REVERSAL,0,100.0,496.5,100.0,85.0,3364,False,True,0.0,unclear,0.369771,0.103627,0.261887,-2.0
W40,GOOD,5,58,2025-10-01 10:01:09,2025-10-01 10:08:44,SHORT,REVERSAL,1,100.0,493.0,50.0,100.0,9611,False,True,1.0,chop,0.150984,0.05914,0.095455,1.125
W40,GOOD,5,59,2025-10-01 10:08:44,2025-10-01 10:10:05,LONG,REVERSAL,0,100.0,496.5,100.0,6.0,1542,False,True,1.0,chop,0.125696,0.176796,0.060765,0.95
W40,GOOD,5,60,2025-10-01 10:10:05,2025-10-01 10:20:48,SHORT,HARD_STOP,1,-250.0,-1257.0,44.0,125.0,11480,True,False,0.0,unclear,0.421934,0.212903,0.068613,2.3
W40,GOOD,5,61,2025-10-01 10:25:56,2025-10-01 10:40:36,SHORT,REVERSAL,1,100.0,493.0,50.0,100.0,17392,False,True,0.0,unclear,0.755744,0.276316,0.003484,1.25
W40,GOOD,5,62,2025-10-01 10:40:36,2025-10-01 11:00:50,LONG,REVERSAL,0,100.0,496.5,100.0,22.0,17138,False,True,2.0,trend,0.852195,0.416667,0.16369,-2.3
W40,GOOD,5,63,2025-10-01 11:00:50,2025-10-01 11:12:39,SHORT,REVERSAL,0,100.0,496.5,100.0,48.0,11751,False,True,0.0,unclear,0.927178,0.362745,0.166541,2.425
W40,GOOD,5,64,2025-10-01 11:12:39,2025-10-01 11:32:33,LONG,REVERSAL,0,100.0,496.5,100.0,34.0,14598,False,True,0.0,unclear,0.97348,0.37,0.188841,-2.475
W40,GOOD,5,65,2025-10-01 11:32:33,2025-10-01 12:34:52,SHORT,HARD_STOP,1,-250.0,-1257.0,36.0,125.0,36105,True,False,1.0,chop,0.16029,0.212963,0.03585,0.675
W40,GOOD,5,66,2025-10-01 12:59:06,2025-10-01 14:00:23,SHORT,HARD_STOP,1,-250.0,-1257.0,14.0,125.0,35257,True,False,2.0,trend,0.956648,0.395349,0.243394,2.175
W40,GOOD,5,67,2025-10-01 14:02:55,2025-10-01 14:09:37,LONG,REVERSAL,0,100.0,496.5,100.0,50.0,5847,False,True,2.0,trend,0.915749,0.478261,0.204127,-3.025
W40,GOOD,5,68,2025-10-01 14:09:37,2025-10-01 15:22:32,SHORT,REVERSAL,1,100.0,493.0,50.0,100.0,36079,False,True,1.0,chop,0.383907,0.127907,0.120833,0.625
W40,GOOD,5,69,2025-10-01 15:22:32,2025-10-01 15:34:28,LONG,REVERSAL,0,100.0,496.5,100.0,9.0,6317,False,True,2.0,trend,0.862103,0.482759,0.136796,-2.225
W40,GOOD,5,70,2025-10-01 15:34:28,2025-10-01 15:43:44,SHORT,REVERSAL,0,100.0,496.5,100.0,1.0,6281,False,True,0.0,unclear,0.911672,0.353659,0.134529,1.7
W40,GOOD,5,71,2025-10-01 15:43:44,2025-10-01 15:49:50,LONG,EOD_FLATTEN,0,44.0,216.5,64.0,38.0,5346,False,True,2.0,trend,0.994543,0.531646,0.272727,-2.7
W40,GOOD,5,72,2025-10-02 09:30:26,2025-10-02 09:37:39,LONG,HARD_STOP,1,-250.0,-1257.0,42.0,125.0,17561,True,False,0.0,unclear,0.480159,0.114943,0.022394,-0.55
W40,GOOD,5,73,2025-10-02 09:39:52,2025-10-02 09:49:30,LONG,HARD_STOP,1,-250.0,-1257.0,31.0,125.0,21641,True,False,0.0,unclear,0.584729,0.257353,0.163389,-2.675
W40,GOOD,5,74,2025-10-02 09:51:13,2025-10-02 09:52:15,SHORT,REVERSAL,0,100.0,496.5,100.0,18.0,2095,False,True,2.0,trend,0.989311,0.52381,0.066192,5.625
W40,GOOD,5,75,2025-10-02 09:52:15,2025-10-02 09:53:26,LONG,REVERSAL,0,100.0,496.5,100.0,24.0,2489,False,True,0.0,unclear,0.73709,0.212766,0.118373,-1.625
W40,GOOD,5,76,2025-10-02 09:53:26,2025-10-02 09:57:09,SHORT,REVERSAL,0,100.0,496.5,100.0,56.0,6497,False,True,1.0,chop,0.271275,0.201258,0.146589,1.475
W40,GOOD,5,77,2025-10-02 09:57:09,2025-10-02 09:58:33,LONG,REVERSAL,0,100.0,496.5,100.0,2.0,1975,False,True,0.0,unclear,0.93414,0.267081,0.051341,-2.475
W40,GOOD,5,78,2025-10-02 09:58:33,2025-10-02 10:11:51,SHORT,REVERSAL,1,100.0,493.0,50.0,100.0,20259,False,True,0.0,unclear,0.80976,0.315436,0.099573,2.875
W40,GOOD,5,79,2025-10-02 10:11:51,2025-10-02 10:16:25,LONG,REVERSAL,0,100.0,496.5,100.0,17.0,4773,False,True,2.0,trend,0.957106,0.441667,0.190036,-3.525
W40,GOOD,5,80,2025-10-02 10:16:25,2025-10-02 10:46:17,SHORT,REVERSAL,0,100.0,496.5,100.0,86.0,32646,False,True,1.0,chop,0.073394,0.105263,0.05424,0.8
W40,GOOD,5,81,2025-10-02 10:46:17,2025-10-02 11:04:12,LONG,HARD_STOP,1,-250.0,-1257.0,47.0,125.0,22644,True,False,2.0,trend,0.756697,0.392,0.222386,-2.45
W40,GOOD,5,82,2025-10-02 11:06:51,2025-10-02 11:37:15,SHORT,REVERSAL,1,100.0,493.0,50.0,100.0,27904,False,True,0.0,unclear,0.687872,0.198718,0.087719,2.15
W40,GOOD,5,83,2025-10-02 11:37:15,2025-10-02 11:50:42,LONG,REVERSAL,0,100.0,496.5,100.0,72.0,13932,False,True,2.0,trend,0.731841,0.496454,0.28,-4.175
W40,GOOD,5,84,2025-10-02 11:50:42,2025-10-02 12:05:25,SHORT,REVERSAL,1,100.0,493.0,50.0,104.0,15741,False,True,2.0,trend,0.992432,0.451327,0.036603,3.175
W40,GOOD,5,85,2025-10-02 12:05:25,2025-10-02 12:23:50,LONG,REVERSAL,0,100.0,496.5,100.0,9.0,11093,False,True,2.0,trend,0.978143,0.633028,0.259424,-4.45
W40,GOOD,5,86,2025-10-02 12:23:50,2025-10-02 12:41:28,SHORT,REVERSAL,0,100.0,496.5,100.0,9.0,8478,False,True,2.0,trend,0.973295,0.403509,0.08649,2.75
W40,GOOD,5,87,2025-10-02 12:41:28,2025-10-02 12:52:41,LONG,REVERSAL,0,100.0,496.5,100.0,39.0,6861,False,True,2.0,trend,0.877234,0.354331,0.229759,-2.55
W40,GOOD,5,88,2025-10-02 12:52:41,2025-10-02 13:42:36,SHORT,HARD_STOP,1,-250.0,-1257.0,37.0,125.0,24117,True,False,0.0,unclear,0.582759,0.186667,0.009085,0.65
W40,GOOD,5,89,2025-10-02 13:47:09,2025-10-02 14:25:39,LONG,REVERSAL,0,100.0,496.5,100.0,35.0,17399,False,True,0.0,unclear,0.549771,0.154545,0.156226,-1.55
W40,GOOD,5,90,2025-10-02 14:25:39,2025-10-02 15:49:50,SHORT,EOD_FLATTEN,0,-12.0,-63.5,62.0,54.0,35369,False,False,0.0,unclear,0.695652,0.176471,0.087268,1.0
W40,GOOD,5,91,2025-10-03 09:30:53,2025-10-03 09:31:31,LONG,REVERSAL,0,100.0,496.5,100.0,1.0,1718,False,True,2.0,trend,0.976848,0.421488,0.267627,-3.025
W40,GOOD,5,92,2025-10-03 09:31:31,2025-10-03 09:41:39,SHORT,REVERSAL,0,100.0,496.5,100.0,78.0,17403,False,True,2.0,trend,0.999296,0.590361,0.089337,6.175
W40,GOOD,5,93,2025-10-03 09:41:39,2025-10-03 09:46:39,LONG,REVERSAL,0,100.0,496.5,100.0,30.0,6218,False,True,0.0,unclear,0.538388,0.256198,0.094868,-1.575
W40,GOOD,5,94,2025-10-03 09:46:39,2025-10-03 09:55:53,SHORT,REVERSAL,0,100.0,496.5,100.0,88.0,11192,False,True,0.0,unclear,0.645958,0.157025,0.035365,1.875
W40,GOOD,5,95,2025-10-03 09:55:53,2025-10-03 10:00:08,LONG,HARD_STOP,1,-250.0,-1257.0,35.0,125.0,6466,True,False,0.0,unclear,0.840216,0.284722,0.178916,-2.875
W40,GOOD,5,96,2025-10-03 10:01:18,2025-10-03 10:16:50,LONG,REVERSAL,0,100.0,496.5,100.0,99.0,23274,False,True,0.0,unclear,0.468375,0.296053,0.113755,-1.9
W40,GOOD,5,97,2025-10-03 10:16:50,2025-10-03 10:19:37,SHORT,REVERSAL,0,100.0,496.5,100.0,0.0,3162,False,True,1.0,chop,0.028617,0.009091,0.158205,0.3
W40,GOOD,5,98,2025-10-03 10:19:37,2025-10-03 10:26:30,LONG,REVERSAL,0,100.0,496.5,100.0,66.0,8240,False,True,0.0,unclear,0.966914,0.272,0.029895,-2.175
W40,GOOD,5,99,2025-10-03 10:26:30,2025-10-03 10:49:15,SHORT,REVERSAL,1,100.0,493.0,95.0,100.0,23628,False,True,2.0,trend,0.912859,0.521739,0.281831,3.2
W40,GOOD,5,100,2025-10-03 10:49:15,2025-10-03 11:14:07,LONG,REVERSAL,0,100.0,496.5,100.0,38.0,20073,False,True,1.0,chop,0.191238,0.177419,0.057034,-1.35
W40,GOOD,5,101,2025-10-03 11:14:07,2025-10-03 12:40:17,SHORT,REVERSAL,1,100.0,493.0,87.0,100.0,49855,False,True,0.0,unclear,0.606188,0.342593,0.193525,1.7
W40,GOOD,5,102,2025-10-03 12:40:17,2025-10-03 13:02:32,LONG,HARD_STOP,1,-250.0,-1257.0,15.0,125.0,14751,True,False,0.0,unclear,0.880011,0.304878,0.179449,-1.425
W40,GOOD,5,103,2025-10-03 13:03:05,2025-10-03 13:07:32,LONG,REVERSAL,1,99.0,488.0,49.5,101.0,12371,False,True,2.0,trend,0.864369,0.461538,0.118134,-3.55
W40,GOOD,5,104,2025-10-03 13:07:32,2025-10-03 13:18:47,SHORT,REVERSAL,1,100.0,493.0,50.0,100.0,13524,False,True,0.0,unclear,0.8,0.311927,0.081787,1.7
W40,GOOD,5,105,2025-10-03 13:18:47,2025-10-03 13:33:25,LONG,REVERSAL,1,100.0,493.0,50.0,121.0,17322,False,True,2.0,trend,0.895024,0.527397,0.051106,-4.15
W40,GOOD,5,106,2025-10-03 13:33:25,2025-10-03 13:37:21,SHORT,REVERSAL,0,100.0,496.5,100.0,8.0,3638,False,True,0.0,unclear,0.934322,0.376344,0.018705,2.1
W40,GOOD,5,107,2025-10-03 13:37:21,2025-10-03 13:46:45,LONG,HARD_STOP,1,-250.0,-1257.0,43.0,125.0,9674,True,False,2.0,trend,0.790276,0.418301,0.10073,-3.2
W40,GOOD,5,108,2025-10-03 13:50:28,2025-10-03 13:53:35,LONG,HARD_STOP,1,-250.0,-1257.0,25.0,125.0,6514,True,False,0.0,unclear,0.830086,0.29697,0.064179,-3.5
W40,GOOD,5,109,2025-10-03 13:55:08,2025-10-03 14:04:14,SHORT,REVERSAL,1,100.0,493.0,50.0,100.0,14238,False,True,2.0,trend,0.883436,0.524862,0.164557,6.6
W40,GOOD,5,110,2025-10-03 14:04:14,2025-10-03 14:11:17,LONG,REVERSAL,0,100.0,496.5,100.0,89.0,8405,False,True,0.0,unclear,0.772637,0.383784,0.107784,-3.625
W40,GOOD,5,111,2025-10-03 14:11:17,2025-10-03 14:22:19,SHORT,HARD_STOP,1,-250.0,-1257.0,28.0,125.0,11965,True,False,2.0,trend,0.938312,0.487013,0.182418,4.25
W40,GOOD,5,112,2025-10-03 14:26:52,2025-10-03 14:32:55,SHORT,REVERSAL,0,100.0,496.5,100.0,49.0,6928,False,True,2.0,trend,0.713738,0.460674,0.067735,2.075
W40,GOOD,5,113,2025-10-03 14:32:55,2025-10-03 14:56:55,LONG,REVERSAL,1,100.0,493.0,56.0,100.0,18266,False,True,2.0,trend,0.957755,0.486239,0.159091,-3.35
W40,GOOD,5,114,2025-10-03 14:56:55,2025-10-03 15:49:50,SHORT,EOD_FLATTEN,0,-41.0,-208.5,50.0,91.0,27957,False,False,0.0,unclear,0.678644,0.234375,0.151471,2.05
