week,category,lookback,cycle_id,seed_dt,exit_dt,direction,exit_type,depth,pnl_ticks,net_pnl,mfe_ticks,mae_ticks,bars_held,is_stop,is_win,regime,regime_label,r2,choppiness,vol_imbalance,slope
W39,WORST,3,0,2025-09-22 09:31:14,2025-09-22 10:02:33,SHORT,HARD_STOP,1,-250.0,-1257.0,71.0,125.0,50499,True,False,2.0,trend,0.887916,0.464286,0.255042,3.25
W39,WORST,3,1,2025-09-22 10:11:09,2025-09-22 10:21:39,LONG,REVERSAL,0,100.0,496.5,100.0,32.0,10791,False,True,2.0,trend,0.983288,0.62,0.303345,-3.875
W39,WORST,3,2,2025-09-22 10:21:39,2025-09-22 11:00:45,SHORT,HARD_STOP,1,-250.0,-1257.0,20.0,125.0,35752,True,False,2.0,trend,0.98188,0.772727,0.599569,4.25
W39,WORST,3,3,2025-09-22 11:11:37,2025-09-22 12:09:56,LONG,REVERSAL,0,100.0,496.5,100.0,62.0,42583,False,True,2.0,trend,1.0,0.440678,0.146402,-3.25
W39,WORST,3,4,2025-09-22 12:09:56,2025-09-22 12:34:15,SHORT,HARD_STOP,1,-250.0,-1257.0,11.0,125.0,29416,True,False,2.0,trend,0.991403,0.484375,0.34611,3.875
W39,WORST,3,5,2025-09-22 13:48:44,2025-09-22 15:38:05,SHORT,REVERSAL,1,100.0,493.0,62.0,100.0,59128,False,True,2.0,trend,0.979592,0.421053,0.288694,2.0
W39,WORST,3,6,2025-09-22 15:38:05,2025-09-22 15:49:50,LONG,EOD_FLATTEN,0,20.0,96.5,25.0,34.0,10853,False,True,0.0,unclear,0.832192,0.310345,0.167658,-1.125
W39,WORST,3,7,2025-09-23 09:35:25,2025-09-23 09:55:08,LONG,HARD_STOP,1,-250.0,-1257.0,24.0,125.0,36410,True,False,2.0,trend,0.999077,0.575758,0.171558,-4.75
W39,WORST,3,8,2025-09-23 10:05:37,2025-09-23 11:42:32,SHORT,REVERSAL,0,100.0,496.5,100.0,83.0,96101,False,True,2.0,trend,0.909774,0.366667,0.393564,2.75
W39,WORST,3,9,2025-09-23 11:42:32,2025-09-23 11:46:20,LONG,REVERSAL,0,100.0,496.5,100.0,0.0,3760,False,True,1.0,chop,0.057692,0.052632,0.221053,0.25
W39,WORST,3,10,2025-09-23 11:46:20,2025-09-23 12:08:23,SHORT,REVERSAL,0,100.0,496.5,100.0,27.0,12476,False,True,2.0,trend,0.923077,0.489796,0.282113,3.0
W39,WORST,3,11,2025-09-23 12:08:23,2025-09-23 12:22:06,LONG,REVERSAL,0,100.0,496.5,100.0,58.0,13864,False,True,2.0,trend,0.935567,0.488889,0.157518,-2.75
W39,WORST,3,12,2025-09-23 12:22:06,2025-09-23 12:29:05,SHORT,REVERSAL,0,100.0,496.5,100.0,0.0,4559,False,True,1.0,chop,0.196721,0.108108,0.093867,0.5
W39,WORST,3,13,2025-09-23 12:29:05,2025-09-23 13:25:58,LONG,HARD_STOP,1,-250.0,-1257.0,90.0,125.0,49873,True,False,2.0,trend,0.996888,0.525424,0.270531,-3.875
W39,WORST,3,14,2025-09-23 13:28:33,2025-09-23 13:39:18,LONG,HARD_STOP,1,-250.0,-1257.0,46.0,125.0,20864,True,False,2.0,trend,0.976845,0.508475,0.126659,-3.75
W39,WORST,3,15,2025-09-23 13:41:04,2025-09-23 13:42:16,LONG,REVERSAL,1,100.0,493.0,50.0,100.0,5038,False,True,2.0,trend,0.881068,0.282051,0.218391,-1.375
W39,WORST,3,16,2025-09-23 13:42:16,2025-09-23 14:15:51,SHORT,REVERSAL,1,100.0,493.0,57.0,113.0,49199,False,True,2.0,trend,1.0,0.507463,0.269181,4.25
W39,WORST,3,17,2025-09-23 14:15:51,2025-09-23 14:32:41,LONG,REVERSAL,0,100.0,496.5,100.0,65.0,16395,False,True,0.0,unclear,0.975806,0.189655,0.158022,-1.375
W39,WORST,3,18,2025-09-23 14:32:41,2025-09-23 14:39:30,SHORT,REVERSAL,0,100.0,496.5,100.0,22.0,5786,False,True,2.0,trend,0.983288,0.430556,0.01603,3.875
W39,WORST,3,19,2025-09-23 14:39:30,2025-09-23 15:45:06,LONG,REVERSAL,0,100.0,496.5,100.0,86.0,52458,False,True,0.0,unclear,0.923077,0.383562,0.100515,-3.5
W39,WORST,3,20,2025-09-23 15:45:06,2025-09-23 15:49:50,SHORT,EOD_FLATTEN,0,12.0,56.5,42.0,32.0,4585,False,True,0.0,unclear,0.942308,0.189189,0.043587,0.875
W39,WORST,3,21,2025-09-24 09:30:43,2025-09-24 09:33:32,LONG,HARD_STOP,1,-251.0,-1262.0,5.0,125.5,9305,True,False,2.0,trend,0.954236,0.467742,0.267974,-3.625
W39,WORST,3,22,2025-09-24 09:35:35,2025-09-24 09:37:40,SHORT,REVERSAL,0,100.0,496.5,100.0,12.0,5168,False,True,2.0,trend,1.0,0.225352,0.232908,2.0
W39,WORST,3,23,2025-09-24 09:37:40,2025-09-24 09:51:57,LONG,HARD_STOP,1,-250.0,-1257.0,91.0,125.0,28868,True,False,2.0,trend,0.905061,0.460674,0.103106,-5.125
W39,WORST,3,24,2025-09-24 09:53:28,2025-09-24 10:10:28,SHORT,REVERSAL,1,102.0,503.0,51.0,100.0,25016,False,True,2.0,trend,0.945799,0.5,0.227941,5.125
W39,WORST,3,25,2025-09-24 10:10:28,2025-09-24 10:16:51,LONG,REVERSAL,0,100.0,496.5,100.0,14.0,7055,False,True,1.0,chop,0.006757,0.015625,0.174721,-0.125
W39,WORST,3,26,2025-09-24 10:16:51,2025-09-24 10:32:34,SHORT,REVERSAL,0,100.0,496.5,100.0,22.0,15156,False,True,1.0,chop,0.091906,0.108434,0.178893,1.125
W39,WORST,3,27,2025-09-24 10:32:34,2025-09-24 11:23:13,LONG,REVERSAL,1,100.0,493.0,82.0,100.0,47652,False,True,2.0,trend,0.571429,0.114286,0.335758,-1.0
W39,WORST,3,28,2025-09-24 11:23:13,2025-09-24 11:31:35,SHORT,REVERSAL,0,100.0,496.5,100.0,3.0,6084,False,True,2.0,trend,0.692623,0.295455,0.200495,1.625
W39,WORST,3,29,2025-09-24 11:31:35,2025-09-24 11:46:53,LONG,HARD_STOP,1,-250.0,-1257.0,14.0,125.0,17592,True,False,0.0,unclear,0.862245,0.265306,0.0,-1.625
W39,WORST,3,30,2025-09-24 11:50:39,2025-09-24 11:58:46,LONG,HARD_STOP,1,-250.0,-1257.0,39.0,125.0,17029,True,False,0.0,unclear,0.519231,0.305085,0.156479,-2.25
W39,WORST,3,31,2025-09-24 12:02:15,2025-09-24 12:12:38,LONG,HARD_STOP,1,-250.0,-1257.0,51.0,125.0,16350,True,False,2.0,trend,0.994819,0.340426,0.237975,-2.0
W39,WORST,3,32,2025-09-24 12:13:45,2025-09-24 12:25:08,SHORT,HARD_STOP,1,-250.0,-1257.0,74.0,125.0,17133,True,False,2.0,trend,0.870968,0.380952,0.245658,3.0
W39,WORST,3,33,2025-09-24 12:27:44,2025-09-24 13:30:32,SHORT,HARD_STOP,1,-250.0,-1257.0,81.0,125.0,50279,True,False,2.0,trend,0.986842,0.483871,0.327982,3.75
W39,WORST,3,34,2025-09-24 13:36:48,2025-09-24 14:11:04,LONG,HARD_STOP,1,-250.0,-1257.0,10.0,125.0,23262,True,False,0.0,unclear,0.653624,0.389831,0.073939,-2.875
W39,WORST,3,35,2025-09-24 14:15:21,2025-09-24 15:45:15,SHORT,REVERSAL,1,100.0,493.0,57.0,100.0,50747,False,True,0.0,unclear,0.990826,0.266667,0.188586,1.5
W39,WORST,3,36,2025-09-24 15:45:15,2025-09-24 15:49:50,LONG,EOD_FLATTEN,0,67.0,331.5,74.0,29.0,4539,False,True,0.0,unclear,0.836873,0.346939,0.169082,-2.125
W39,WORST,3,37,2025-09-25 09:30:20,2025-09-25 09:32:56,LONG,REVERSAL,1,100.0,493.0,50.0,100.0,10320,False,True,2.0,trend,0.689557,0.420455,0.191436,-4.625
W39,WORST,3,38,2025-09-25 09:32:56,2025-09-25 09:34:15,SHORT,REVERSAL,0,100.0,496.5,100.0,30.0,3617,False,True,2.0,trend,0.973994,0.557895,0.177885,6.625
W39,WORST,3,39,2025-09-25 09:34:15,2025-09-25 09:36:38,LONG,HARD_STOP,1,-250.0,-1257.0,9.0,125.0,7807,True,False,2.0,trend,0.998302,0.373333,0.28125,-3.5
W39,WORST,3,40,2025-09-25 09:40:04,2025-09-25 09:42:39,LONG,HARD_STOP,1,-252.0,-1267.0,5.0,126.0,8307,True,False,0.0,unclear,0.627907,0.338028,0.119901,-3.0
W39,WORST,3,41,2025-09-25 09:44:07,2025-09-25 09:45:30,LONG,REVERSAL,0,100.0,496.5,100.0,11.0,4332,False,True,0.0,unclear,0.81203,0.311688,0.152709,-3.0
W39,WORST,3,42,2025-09-25 09:45:30,2025-09-25 09:49:01,SHORT,HARD_STOP,1,-251.0,-1262.0,54.0,125.5,12218,True,False,0.0,unclear,0.993243,0.254545,0.142503,1.75
W39,WORST,3,43,2025-09-25 09:50:11,2025-09-25 09:51:56,SHORT,REVERSAL,0,100.0,496.5,100.0,73.0,6667,False,True,2.0,trend,0.519231,0.21,0.314286,2.625
W39,WORST,3,44,2025-09-25 09:51:56,2025-09-25 09:58:33,LONG,HARD_STOP,1,-250.0,-1257.0,34.0,125.0,18586,True,False,2.0,trend,0.991244,0.434343,0.276332,-5.375
W39,WORST,3,45,2025-09-25 10:00:00,2025-09-25 10:02:20,SHORT,HARD_STOP,1,-250.0,-1257.0,41.0,125.0,7206,True,False,2.0,trend,0.979592,0.609524,0.177725,8.0
W39,WORST,3,46,2025-09-25 10:04:01,2025-09-25 10:07:12,SHORT,HARD_STOP,1,-250.0,-1257.0,17.0,125.0,8155,True,False,2.0,trend,0.998521,0.511364,0.173397,5.625
W39,WORST,3,47,2025-09-25 10:09:05,2025-09-25 10:15:44,SHORT,HARD_STOP,1,-250.0,-1257.0,41.0,125.0,14861,True,False,2.0,trend,0.997557,0.4375,0.211628,4.375
W39,WORST,3,48,2025-09-25 10:18:34,2025-09-25 10:21:23,LONG,REVERSAL,0,100.0,496.5,100.0,17.0,4467,False,True,0.0,unclear,0.986842,0.163934,0.122128,-1.25
W39,WORST,3,49,2025-09-25 10:21:23,2025-09-25 10:28:20,SHORT,REVERSAL,1,100.0,493.0,50.0,100.0,13864,False,True,2.0,trend,0.807325,0.376812,0.209848,3.25
W39,WORST,3,50,2025-09-25 10:28:20,2025-09-25 10:42:37,LONG,REVERSAL,0,100.0,496.5,100.0,40.0,20904,False,True,2.0,trend,0.981454,0.477273,0.372315,-2.625
W39,WORST,3,51,2025-09-25 10:42:37,2025-09-25 11:02:49,SHORT,REVERSAL,0,100.0,496.5,100.0,79.0,29184,False,True,0.0,unclear,0.682331,0.30137,0.110312,2.75
W39,WORST,3,52,2025-09-25 11:02:49,2025-09-25 11:11:01,LONG,REVERSAL,1,100.0,493.0,51.0,100.0,13148,False,True,2.0,trend,0.951439,0.396552,0.299578,-2.875
W39,WORST,3,53,2025-09-25 11:11:01,2025-09-25 11:24:58,SHORT,REVERSAL,1,100.0,493.0,50.0,124.0,17066,False,True,2.0,trend,0.813328,0.635135,0.151061,5.875
W39,WORST,3,54,2025-09-25 11:24:58,2025-09-25 11:34:10,LONG,REVERSAL,0,100.0,496.5,100.0,99.0,12072,False,True,0.0,unclear,1.0,0.307692,0.138991,-2.5
W39,WORST,3,55,2025-09-25 11:34:10,2025-09-25 11:41:36,SHORT,HARD_STOP,1,-250.0,-1257.0,3.0,125.0,10324,True,False,0.0,unclear,0.609256,0.336957,0.160194,3.875
W39,WORST,3,56,2025-09-25 11:53:43,2025-09-25 12:33:06,LONG,REVERSAL,1,100.0,493.0,80.0,110.0,34200,False,True,0.0,unclear,0.949367,0.350877,0.104911,-2.5
W39,WORST,3,57,2025-09-25 12:33:06,2025-09-25 12:39:39,SHORT,REVERSAL,0,101.0,501.5,101.0,3.0,3290,False,True,0.0,unclear,0.75,0.122807,0.1775,0.875
W39,WORST,3,58,2025-09-25 12:39:39,2025-09-25 13:20:31,LONG,HARD_STOP,1,-250.0,-1257.0,43.0,125.0,30130,True,False,0.0,unclear,0.418901,0.240385,0.102731,-3.125
W39,WORST,3,59,2025-09-25 13:21:47,2025-09-25 13:27:43,LONG,REVERSAL,0,100.0,496.5,100.0,53.0,8502,False,True,0.0,unclear,0.964286,0.321429,0.13879,-3.375
W39,WORST,3,60,2025-09-25 13:27:43,2025-09-25 13:32:04,SHORT,REVERSAL,0,100.0,496.5,100.0,13.0,3658,False,True,1.0,chop,0.081878,0.063291,0.09784,-0.625
W39,WORST,3,61,2025-09-25 13:32:04,2025-09-25 13:56:56,LONG,HARD_STOP,1,-250.0,-1257.0,25.0,125.0,20738,True,False,0.0,unclear,0.459109,0.271739,0.111111,-3.125
W39,WORST,3,62,2025-09-25 14:00:21,2025-09-25 14:04:17,LONG,HARD_STOP,1,-250.0,-1257.0,7.0,125.0,9642,True,False,2.0,trend,0.982558,0.433333,0.249692,-3.25
W39,WORST,3,63,2025-09-25 14:06:01,2025-09-25 14:12:20,SHORT,HARD_STOP,1,-250.0,-1257.0,24.0,125.0,10252,True,False,0.0,unclear,0.428571,0.055556,0.196496,0.5
W39,WORST,3,64,2025-09-25 14:15:06,2025-09-25 14:25:27,SHORT,HARD_STOP,1,-250.0,-1257.0,9.0,125.0,13430,True,False,0.0,unclear,0.942308,0.378378,0.003783,1.75
W39,WORST,3,65,2025-09-25 14:33:31,2025-09-25 14:38:36,LONG,REVERSAL,0,100.0,496.5,100.0,15.0,4343,False,True,1.0,chop,0.057692,0.014925,0.090498,-0.125
W39,WORST,3,66,2025-09-25 14:38:36,2025-09-25 14:41:29,SHORT,HARD_STOP,1,-250.0,-1257.0,8.0,125.0,4782,True,False,1.0,chop,0.345368,0.138298,0.121951,1.625
W39,WORST,3,67,2025-09-25 14:45:29,2025-09-25 15:49:50,LONG,EOD_FLATTEN,0,-64.0,-323.5,97.0,93.0,51109,False,False,2.0,trend,0.996678,0.512821,0.097411,-5.0
W39,WORST,3,68,2025-09-26 09:30:03,2025-09-26 09:31:38,LONG,REVERSAL,1,100.0,493.0,50.0,100.0,8367,False,True,2.0,trend,0.982558,0.276596,0.353075,-3.25
W39,WORST,3,69,2025-09-26 09:31:38,2025-09-26 09:32:31,SHORT,HARD_STOP,1,-250.0,-1257.0,17.0,125.0,3596,True,False,0.0,unclear,0.805228,0.317647,0.092522,3.375
W39,WORST,3,70,2025-09-26 09:33:12,2025-09-26 09:41:00,SHORT,REVERSAL,0,101.0,501.5,101.0,53.0,16449,False,True,1.0,chop,0.324324,0.112676,0.014049,1.0
W39,WORST,3,71,2025-09-26 09:41:00,2025-09-26 09:42:37,LONG,REVERSAL,0,100.0,496.5,100.0,21.0,3303,False,True,0.0,unclear,0.827982,0.215909,0.178082,-2.375
W39,WORST,3,72,2025-09-26 09:42:37,2025-09-26 09:45:04,SHORT,REVERSAL,0,100.0,496.5,100.0,81.0,5724,False,True,0.0,unclear,0.556748,0.215686,0.169126,2.75
W39,WORST,3,73,2025-09-26 09:45:04,2025-09-26 09:46:59,LONG,REVERSAL,0,101.0,501.5,101.0,95.0,5088,False,True,0.0,unclear,0.945295,0.315789,0.007653,-3.0
W39,WORST,3,74,2025-09-26 09:46:59,2025-09-26 10:03:19,SHORT,REVERSAL,1,100.0,493.0,72.0,113.0,24728,False,True,2.0,trend,0.998521,0.517241,0.195489,5.625
W39,WORST,3,75,2025-09-26 10:03:19,2025-09-26 10:06:20,LONG,HARD_STOP,1,-250.0,-1257.0,21.0,125.0,6883,True,False,0.0,unclear,0.471616,0.252632,0.190168,-3.0
W39,WORST,3,76,2025-09-26 10:07:02,2025-09-26 10:21:48,LONG,HARD_STOP,1,-250.0,-1257.0,47.0,125.0,30156,True,False,2.0,trend,0.994481,0.673913,0.298289,-7.75
W39,WORST,3,77,2025-09-26 10:24:20,2025-09-26 10:26:56,LONG,HARD_STOP,1,-250.0,-1257.0,23.0,125.0,7249,True,False,2.0,trend,0.781193,0.228571,0.318553,-3.0
W39,WORST,3,78,2025-09-26 10:28:42,2025-09-26 10:31:43,SHORT,REVERSAL,1,100.0,493.0,50.0,100.0,7452,False,True,0.0,unclear,0.456767,0.107143,0.131414,1.125
W39,WORST,3,79,2025-09-26 10:31:43,2025-09-26 10:36:32,LONG,REVERSAL,0,100.0,496.5,100.0,24.0,7429,False,True,0.0,unclear,0.791531,0.272727,0.070707,-2.25
W39,WORST,3,80,2025-09-26 10:36:32,2025-09-26 10:40:25,SHORT,HARD_STOP,1,-250.0,-1257.0,37.0,125.0,8172,True,False,2.0,trend,0.986842,0.588235,0.227273,5.0
W39,WORST,3,81,2025-09-26 10:42:42,2025-09-26 10:45:47,SHORT,REVERSAL,0,100.0,496.5,100.0,26.0,5418,False,True,2.0,trend,0.923077,0.517647,0.075669,5.5
W39,WORST,3,82,2025-09-26 10:45:47,2025-09-26 10:49:54,LONG,HARD_STOP,1,-250.0,-1257.0,8.0,125.0,7315,True,False,2.0,trend,0.966993,0.684932,0.291202,-6.25
W39,WORST,3,83,2025-09-26 10:51:45,2025-09-26 10:56:34,SHORT,REVERSAL,1,100.0,493.0,50.0,100.0,7304,False,True,2.0,trend,0.960312,0.633929,0.158949,8.875
W39,WORST,3,84,2025-09-26 10:56:34,2025-09-26 11:16:38,LONG,REVERSAL,1,100.0,493.0,92.0,100.0,24204,False,True,1.0,chop,0.330235,0.159574,0.113253,-1.875
W39,WORST,3,85,2025-09-26 11:16:38,2025-09-26 11:23:28,SHORT,REVERSAL,1,100.0,493.0,50.0,100.0,8901,False,True,0.0,unclear,0.75,0.294118,0.05,3.125
W39,WORST,3,86,2025-09-26 11:23:28,2025-09-26 11:25:22,LONG,REVERSAL,0,100.0,496.5,100.0,15.0,2331,False,True,2.0,trend,0.960477,0.632479,0.16775,-9.25
W39,WORST,3,87,2025-09-26 11:25:22,2025-09-26 11:38:02,SHORT,REVERSAL,1,100.0,493.0,50.0,100.0,13937,False,True,2.0,trend,0.999167,0.615385,0.239571,5.0
W39,WORST,3,88,2025-09-26 11:38:02,2025-09-26 12:07:01,LONG,REVERSAL,1,100.0,493.0,77.0,100.0,21528,False,True,0.0,unclear,0.998521,0.348837,0.197531,-3.75
W39,WORST,3,89,2025-09-26 12:07:01,2025-09-26 12:21:04,SHORT,HARD_STOP,1,-250.0,-1257.0,91.0,125.0,9247,True,False,0.0,unclear,0.494845,0.2,0.197484,2.0
W39,WORST,3,90,2025-09-26 12:24:41,2025-09-26 12:33:49,SHORT,REVERSAL,0,100.0,496.5,100.0,55.0,9088,False,True,0.0,unclear,0.923077,0.117647,0.103281,1.0
W39,WORST,3,91,2025-09-26 12:33:49,2025-09-26 12:37:19,LONG,REVERSAL,0,100.0,496.5,100.0,0.0,2248,False,True,0.0,unclear,0.44168,0.283582,0.008403,2.375
W39,WORST,3,92,2025-09-26 12:37:19,2025-09-26 13:13:15,SHORT,HARD_STOP,1,-250.0,-1257.0,55.0,125.0,20020,True,False,2.0,trend,0.927094,0.460526,0.069409,4.375
W39,WORST,3,93,2025-09-26 13:20:11,2025-09-26 13:28:27,LONG,REVERSAL,0,100.0,496.5,100.0,5.0,4187,False,True,0.0,unclear,0.994819,0.296296,0.144254,-2.0
W39,WORST,3,94,2025-09-26 13:28:27,2025-09-26 13:41:36,SHORT,REVERSAL,0,101.0,501.5,101.0,1.0,6577,False,True,1.0,chop,0.25,0.203704,0.081683,1.375
W39,WORST,3,95,2025-09-26 13:41:36,2025-09-26 13:59:29,LONG,REVERSAL,1,100.0,493.0,61.0,100.0,10108,False,True,1.0,chop,0.107143,0.067797,0.308876,0.5
W39,WORST,3,96,2025-09-26 13:59:29,2025-09-26 14:40:25,SHORT,HARD_STOP,1,-250.0,-1257.0,79.0,125.0,23336,True,False,2.0,trend,0.886729,0.411765,0.099256,2.625
W39,WORST,3,97,2025-09-26 14:45:18,2025-09-26 15:49:50,LONG,EOD_FLATTEN,0,58.0,286.5,93.0,33.0,27451,False,True,2.0,trend,0.999565,0.821782,0.221219,-10.375
W48,BAD,3,0,2025-11-24 09:30:01,2025-11-24 09:30:15,SHORT,REVERSAL,0,100.0,496.5,100.0,40.0,1661,False,True,2.0,trend,0.997635,0.564626,0.174684,10.375
W48,BAD,3,1,2025-11-24 09:30:15,2025-11-24 09:30:44,LONG,REVERSAL,0,101.0,501.5,101.0,5.0,1914,False,True,0.0,unclear,0.405309,0.307229,0.21671,-6.375
W48,BAD,3,2,2025-11-24 09:30:44,2025-11-24 09:31:19,SHORT,HARD_STOP,1,-250.0,-1257.0,28.0,125.0,2360,True,False,0.0,unclear,0.999194,0.38125,0.005168,7.625
W48,BAD,3,3,2025-11-24 09:31:23,2025-11-24 09:31:55,LONG,REVERSAL,0,100.0,496.5,100.0,12.0,1610,False,True,2.0,trend,0.719643,0.4625,0.022843,-9.25
W48,BAD,3,4,2025-11-24 09:31:55,2025-11-24 09:32:38,SHORT,HARD_STOP,1,-250.0,-1257.0,13.0,125.0,2799,True,False,2.0,trend,0.964286,0.34375,0.273988,4.125
W48,BAD,3,5,2025-11-24 09:33:34,2025-11-24 09:35:04,SHORT,HARD_STOP,1,-254.0,-1277.0,54.0,127.0,4735,True,False,0.0,unclear,0.985223,0.297297,0.091566,4.125
W48,BAD,3,6,2025-11-24 09:35:34,2025-11-24 09:36:20,SHORT,REVERSAL,0,101.0,501.5,101.0,34.0,2631,False,True,0.0,unclear,0.977437,0.391753,0.034483,4.75
W48,BAD,3,7,2025-11-24 09:36:20,2025-11-24 09:37:05,LONG,REVERSAL,0,100.0,496.5,100.0,19.0,1558,False,True,0.0,unclear,0.999245,0.192661,0.014286,-2.625
W48,BAD,3,8,2025-11-24 09:37:05,2025-11-24 09:37:28,SHORT,REVERSAL,0,100.0,496.5,100.0,6.0,696,False,True,1.0,chop,0.129032,0.098361,0.007444,-1.5
W48,BAD,3,9,2025-11-24 09:37:28,2025-11-24 09:40:23,LONG,HARD_STOP,1,-250.0,-1257.0,38.0,125.0,6344,True,False,2.0,trend,0.99937,0.420732,0.131841,-8.625
W48,BAD,3,10,2025-11-24 09:40:36,2025-11-24 09:41:13,LONG,REVERSAL,0,100.0,496.5,100.0,48.0,1682,False,True,2.0,trend,0.950271,0.358108,0.282532,-6.625
W48,BAD,3,11,2025-11-24 09:41:13,2025-11-24 09:43:10,SHORT,REVERSAL,1,100.0,493.0,88.0,100.0,3967,False,True,0.0,unclear,0.974532,0.274725,0.026684,6.25
W48,BAD,3,12,2025-11-24 09:43:10,2025-11-24 09:43:40,LONG,REVERSAL,1,100.0,493.0,50.0,100.0,1076,False,True,2.0,trend,0.999077,0.624413,0.133183,-16.625
W48,BAD,3,13,2025-11-24 09:43:40,2025-11-24 09:44:21,SHORT,REVERSAL,0,100.0,496.5,100.0,55.0,954,False,True,0.0,unclear,0.69761,0.280788,0.045045,7.125
W48,BAD,3,14,2025-11-24 09:44:21,2025-11-24 09:45:17,LONG,REVERSAL,0,100.0,496.5,100.0,82.0,2459,False,True,2.0,trend,0.975806,0.201835,0.223039,-5.5
W48,BAD,3,15,2025-11-24 09:45:17,2025-11-24 09:46:02,SHORT,REVERSAL,0,100.0,496.5,100.0,35.0,1580,False,True,0.0,unclear,0.77995,0.186567,0.132616,3.125
W48,BAD,3,16,2025-11-24 09:46:02,2025-11-24 09:47:08,LONG,REVERSAL,0,100.0,496.5,100.0,38.0,1623,False,True,0.0,unclear,0.995223,0.328947,0.137255,-9.375
W48,BAD,3,17,2025-11-24 09:47:08,2025-11-24 09:49:01,SHORT,REVERSAL,1,100.0,493.0,50.0,100.0,3212,False,True,2.0,trend,0.678488,0.217573,0.254505,6.5
W48,BAD,3,18,2025-11-24 09:49:01,2025-11-24 09:50:00,LONG,HARD_STOP,1,-252.0,-1267.0,38.0,126.0,1902,True,False,0.0,unclear,0.884249,0.376884,0.145786,-9.375
W48,BAD,3,19,2025-11-24 09:50:11,2025-11-24 09:51:03,LONG,REVERSAL,0,100.0,496.5,100.0,42.0,2523,False,True,0.0,unclear,0.75,0.142857,0.194514,-2.25
W48,BAD,3,20,2025-11-24 09:51:03,2025-11-24 09:51:33,SHORT,REVERSAL,0,100.0,496.5,100.0,55.0,1125,False,True,2.0,trend,0.939074,0.336634,0.201456,8.5
W48,BAD,3,21,2025-11-24 09:51:33,2025-11-24 09:51:59,LONG,REVERSAL,0,102.0,506.5,102.0,22.0,776,False,True,2.0,trend,0.998731,0.435484,0.027348,-10.125
W48,BAD,3,22,2025-11-24 09:51:59,2025-11-24 09:52:49,SHORT,HARD_STOP,1,-250.0,-1257.0,3.0,125.0,2152,True,False,2.0,trend,0.88043,0.552941,0.200969,11.75
W48,BAD,3,23,2025-11-24 09:53:00,2025-11-24 09:53:09,LONG,REVERSAL,0,101.0,501.5,101.0,5.0,336,False,True,0.0,unclear,0.915469,0.184466,0.011792,-4.75
W48,BAD,3,24,2025-11-24 09:53:09,2025-11-24 09:54:55,SHORT,REVERSAL,0,100.0,496.5,100.0,89.0,2574,False,True,1.0,chop,0.204449,0.107143,0.077289,3.0
W48,BAD,3,25,2025-11-24 09:54:55,2025-11-24 09:56:20,LONG,REVERSAL,0,101.0,501.5,101.0,35.0,2483,False,True,2.0,trend,0.990826,0.444444,0.129353,-9.0
W48,BAD,3,26,2025-11-24 09:56:20,2025-11-24 10:00:04,SHORT,HARD_STOP,1,-250.0,-1257.0,99.0,125.0,5011,True,False,1.0,chop,0.131331,0.055556,0.281453,1.375
W48,BAD,3,27,2025-11-24 10:01:15,2025-11-24 10:05:41,SHORT,HARD_STOP,1,-250.0,-1257.0,86.0,125.0,8498,True,False,0.0,unclear,0.808433,0.314815,0.008717,6.375
W48,BAD,3,28,2025-11-24 10:06:20,2025-11-24 10:10:38,LONG,HARD_STOP,1,-251.0,-1262.0,71.0,125.5,6629,True,False,1.0,chop,0.14734,0.085106,0.073658,-1.5
W48,BAD,3,29,2025-11-24 10:11:02,2025-11-24 10:12:40,LONG,REVERSAL,1,100.0,493.0,50.0,100.0,3510,False,True,2.0,trend,0.844633,0.426829,0.243114,-8.75
W48,BAD,3,30,2025-11-24 10:12:40,2025-11-24 10:14:30,SHORT,HARD_STOP,1,-250.0,-1257.0,40.0,125.0,3712,True,False,2.0,trend,0.933319,0.545455,0.160976,13.5
W48,BAD,3,31,2025-11-24 10:16:03,2025-11-24 10:20:37,LONG,REVERSAL,1,99.0,488.0,78.0,101.0,6623,False,True,2.0,trend,0.887575,0.434524,0.233291,-9.125
W48,BAD,3,32,2025-11-24 10:20:37,2025-11-24 10:21:09,SHORT,REVERSAL,0,100.0,496.5,100.0,0.0,574,False,True,0.0,unclear,0.968474,0.338624,0.00894,8.0
W48,BAD,3,33,2025-11-24 10:21:09,2025-11-24 10:21:22,LONG,REVERSAL,0,100.0,496.5,100.0,4.0,400,False,True,1.0,chop,0.150744,0.126761,0.085271,-3.375
W48,BAD,3,34,2025-11-24 10:21:22,2025-11-24 10:24:36,SHORT,REVERSAL,0,100.0,496.5,100.0,91.0,4676,False,True,2.0,trend,0.992406,0.436123,0.007812,12.375
W48,BAD,3,35,2025-11-24 10:24:36,2025-11-24 10:27:11,LONG,REVERSAL,0,100.0,496.5,100.0,80.0,5144,False,True,0.0,unclear,0.870968,0.218978,0.100372,-3.75
W48,BAD,3,36,2025-11-24 10:27:11,2025-11-24 10:29:04,SHORT,REVERSAL,1,102.0,503.0,51.0,100.0,3386,False,True,2.0,trend,0.974532,0.421348,0.317559,9.375
W48,BAD,3,37,2025-11-24 10:29:04,2025-11-24 10:33:00,LONG,REVERSAL,0,100.0,496.5,100.0,61.0,5302,False,True,0.0,unclear,0.984491,0.188525,0.055,-2.875
W48,BAD,3,38,2025-11-24 10:33:00,2025-11-24 10:37:33,SHORT,REVERSAL,1,100.0,493.0,68.0,100.0,6270,False,True,0.0,unclear,0.692623,0.327731,0.174419,4.875
W48,BAD,3,39,2025-11-24 10:37:33,2025-11-24 10:39:00,LONG,REVERSAL,0,100.0,496.5,100.0,11.0,1622,False,True,0.0,unclear,0.480769,0.105634,0.150235,-1.875
W48,BAD,3,40,2025-11-24 10:39:00,2025-11-24 10:55:15,SHORT,REVERSAL,1,100.0,493.0,50.0,115.0,19515,False,True,2.0,trend,0.961996,0.564815,0.13308,7.625
W48,BAD,3,41,2025-11-24 10:55:15,2025-11-24 11:01:48,LONG,REVERSAL,0,100.0,496.5,100.0,56.0,6568,False,True,2.0,trend,0.926353,0.443299,0.197484,-5.375
W48,BAD,3,42,2025-11-24 11:01:48,2025-11-24 11:08:39,SHORT,HARD_STOP,1,-250.0,-1257.0,29.0,125.0,7735,True,False,0.0,unclear,0.975806,0.191304,0.125628,2.75
W48,BAD,3,43,2025-11-24 11:12:22,2025-11-24 11:33:32,SHORT,REVERSAL,0,100.0,496.5,100.0,65.0,18544,False,True,0.0,unclear,0.703297,0.207792,0.178792,2.0
W48,BAD,3,44,2025-11-24 11:33:32,2025-11-24 11:34:10,LONG,REVERSAL,0,101.0,501.5,101.0,3.0,780,False,True,0.0,unclear,0.986842,0.333333,0.018916,-3.125
W48,BAD,3,45,2025-11-24 11:34:10,2025-11-24 11:58:00,SHORT,REVERSAL,0,100.0,496.5,100.0,95.0,18332,False,True,2.0,trend,0.99632,0.649573,0.207872,9.5
W48,BAD,3,46,2025-11-24 11:58:00,2025-11-24 12:01:36,LONG,REVERSAL,0,100.0,496.5,100.0,28.0,4005,False,True,2.0,trend,0.996242,0.546512,0.23242,-5.875
W48,BAD,3,47,2025-11-24 12:01:36,2025-11-24 12:03:17,SHORT,REVERSAL,0,100.0,496.5,100.0,3.0,1418,False,True,0.0,unclear,0.648253,0.245763,0.003901,3.625
W48,BAD,3,48,2025-11-24 12:03:17,2025-11-24 12:16:21,LONG,REVERSAL,0,100.0,496.5,100.0,48.0,9047,False,True,0.0,unclear,0.982558,0.298851,0.0625,-3.25
W48,BAD,3,49,2025-11-24 12:16:21,2025-11-24 12:39:23,SHORT,HARD_STOP,1,-250.0,-1257.0,38.0,125.0,16729,True,False,2.0,trend,0.997557,0.448718,0.178082,4.375
W48,BAD,3,50,2025-11-24 12:40:51,2025-11-24 14:27:09,SHORT,REVERSAL,1,100.0,493.0,95.0,100.0,62570,False,True,2.0,trend,0.992172,0.419355,0.138952,3.25
W48,BAD,3,51,2025-11-24 14:27:09,2025-11-24 14:38:37,LONG,REVERSAL,1,100.0,493.0,50.0,100.0,10105,False,True,0.0,unclear,0.964286,0.184615,0.105618,-1.5
W48,BAD,3,52,2025-11-24 14:38:37,2025-11-24 14:46:00,SHORT,REVERSAL,0,100.0,496.5,100.0,21.0,5313,False,True,0.0,unclear,0.986842,0.136986,0.052239,1.25
W48,BAD,3,53,2025-11-24 14:46:00,2025-11-24 15:03:16,LONG,REVERSAL,0,100.0,496.5,100.0,61.0,13097,False,True,2.0,trend,0.99395,0.445783,0.083333,-4.625
W48,BAD,3,54,2025-11-24 15:03:16,2025-11-24 15:26:01,SHORT,REVERSAL,1,100.0,493.0,50.0,100.0,16608,False,True,0.0,unclear,0.82072,0.323077,0.065327,2.625
W48,BAD,3,55,2025-11-24 15:26:01,2025-11-24 15:44:14,LONG,REVERSAL,0,100.0,496.5,100.0,33.0,11739,False,True,0.0,unclear,0.850117,0.318841,0.048101,-2.75
W48,BAD,3,56,2025-11-24 15:44:14,2025-11-24 15:49:50,SHORT,EOD_FLATTEN,0,6.0,26.5,58.0,41.0,5458,False,True,2.0,trend,0.944626,0.413333,0.11658,3.875
W48,BAD,3,57,2025-11-25 09:30:03,2025-11-25 09:30:15,SHORT,REVERSAL,0,100.0,496.5,100.0,44.0,1557,False,True,2.0,trend,0.947574,0.692308,0.277778,10.125
W48,BAD,3,58,2025-11-25 09:30:15,2025-11-25 09:31:07,LONG,REVERSAL,1,100.0,493.0,50.0,100.0,4192,False,True,0.0,unclear,0.998972,0.363636,0.063415,-4.5
W48,BAD,3,59,2025-11-25 09:31:07,2025-11-25 09:37:14,SHORT,REVERSAL,1,100.0,493.0,61.0,100.0,14120,False,True,2.0,trend,0.999773,0.771812,0.278646,14.375
W48,BAD,3,60,2025-11-25 09:37:14,2025-11-25 09:40:40,LONG,HARD_STOP,1,-250.0,-1257.0,63.0,125.0,8612,True,False,0.0,unclear,0.803279,0.21374,0.116517,-3.5
W48,BAD,3,61,2025-11-25 09:42:13,2025-11-25 09:43:14,LONG,HARD_STOP,1,-250.0,-1257.0,13.0,125.0,4121,True,False,2.0,trend,0.987606,0.523438,0.023077,-8.375
W48,BAD,3,62,2025-11-25 09:44:04,2025-11-25 09:45:00,SHORT,REVERSAL,0,101.0,501.5,101.0,30.0,2582,False,True,2.0,trend,0.97466,0.816176,0.232057,13.875
W48,BAD,3,63,2025-11-25 09:45:00,2025-11-25 09:46:20,LONG,HARD_STOP,1,-250.0,-1257.0,9.0,125.0,6020,True,False,2.0,trend,0.994819,0.677966,0.217391,-10.0
W48,BAD,3,64,2025-11-25 09:47:15,2025-11-25 09:48:02,SHORT,REVERSAL,0,100.0,496.5,100.0,40.0,3592,False,True,0.0,unclear,0.673159,0.292929,0.015695,3.625
W48,BAD,3,65,2025-11-25 09:48:02,2025-11-25 09:49:28,LONG,HARD_STOP,1,-250.0,-1257.0,41.0,125.0,6871,True,False,2.0,trend,0.99632,0.666667,0.580931,-9.5
W48,BAD,3,66,2025-11-25 09:50:05,2025-11-25 09:50:35,LONG,REVERSAL,0,103.0,511.5,103.0,64.0,3107,False,True,0.0,unclear,0.633232,0.338462,0.10013,-5.5
W48,BAD,3,67,2025-11-25 09:50:35,2025-11-25 09:51:40,SHORT,HARD_STOP,1,-250.0,-1257.0,17.0,125.0,5186,True,False,0.0,unclear,0.906716,0.363636,0.181592,4.5
W48,BAD,3,68,2025-11-25 09:52:03,2025-11-25 09:55:00,SHORT,HARD_STOP,1,-250.0,-1257.0,57.0,125.0,9285,True,False,2.0,trend,0.955649,0.496296,0.083135,8.375
W48,BAD,3,69,2025-11-25 09:56:13,2025-11-25 09:57:23,LONG,REVERSAL,0,100.0,496.5,100.0,65.0,2591,False,True,2.0,trend,0.995358,0.704545,0.269625,-11.625
W48,BAD,3,70,2025-11-25 09:57:23,2025-11-25 09:59:06,SHORT,HARD_STOP,1,-250.0,-1257.0,5.0,125.0,3983,True,False,2.0,trend,0.951439,0.5,0.174721,8.625
W48,BAD,3,71,2025-11-25 10:00:04,2025-11-25 10:01:31,LONG,HARD_STOP,1,-250.0,-1257.0,16.0,125.0,4907,True,False,2.0,trend,0.999124,0.52,0.09356,-9.75
W48,BAD,3,72,2025-11-25 10:01:57,2025-11-25 10:02:07,SHORT,REVERSAL,0,104.0,516.5,104.0,19.0,486,False,True,0.0,unclear,0.862245,0.242236,0.102662,4.875
W48,BAD,3,73,2025-11-25 10:02:07,2025-11-25 10:02:44,LONG,HARD_STOP,1,-250.0,-1257.0,12.0,125.0,2696,True,False,2.0,trend,0.944043,0.506098,0.09599,-10.375
W48,BAD,3,74,2025-11-25 10:03:20,2025-11-25 10:04:29,LONG,REVERSAL,1,100.0,493.0,70.0,100.0,3634,False,True,2.0,trend,0.994021,0.523438,0.075995,-8.375
W48,BAD,3,75,2025-11-25 10:04:29,2025-11-25 10:05:06,SHORT,REVERSAL,0,100.0,496.5,100.0,13.0,1593,False,True,2.0,trend,0.817568,0.52381,0.219321,9.625
W48,BAD,3,76,2025-11-25 10:05:06,2025-11-25 10:05:29,LONG,REVERSAL,0,101.0,501.5,101.0,2.0,1097,False,True,2.0,trend,0.933702,0.573529,0.15051,-9.75
W48,BAD,3,77,2025-11-25 10:05:29,2025-11-25 10:05:50,SHORT,HARD_STOP,1,-252.0,-1267.0,8.0,126.0,1927,True,False,0.0,unclear,0.849577,0.398649,0.114024,7.375
W48,BAD,3,78,2025-11-25 10:06:01,2025-11-25 10:07:03,LONG,REVERSAL,0,100.0,496.5,100.0,57.0,2729,False,True,2.0,trend,0.991539,0.409836,0.19598,-6.25
W48,BAD,3,79,2025-11-25 10:07:03,2025-11-25 10:08:30,SHORT,HARD_STOP,1,-250.0,-1257.0,27.0,125.0,3883,True,False,0.0,unclear,0.794828,0.378788,0.170483,6.25
W48,BAD,3,80,2025-11-25 10:08:53,2025-11-25 10:11:18,LONG,HARD_STOP,1,-250.0,-1257.0,99.0,125.0,5701,True,False,0.0,unclear,0.46519,0.205882,0.079172,-3.5
W48,BAD,3,81,2025-11-25 10:11:34,2025-11-25 10:11:50,LONG,REVERSAL,0,100.0,496.5,100.0,18.0,714,False,True,2.0,trend,0.975042,0.474286,0.171257,-10.375
W48,BAD,3,82,2025-11-25 10:11:50,2025-11-25 10:13:37,SHORT,HARD_STOP,1,-250.0,-1257.0,61.0,125.0,3150,True,False,0.0,unclear,0.404858,0.107527,0.030075,2.5
W48,BAD,3,83,2025-11-25 10:13:50,2025-11-25 10:16:26,LONG,REVERSAL,1,99.0,488.0,49.5,103.0,4475,False,True,0.0,unclear,1.0,0.395062,0.075351,-12.0
W48,BAD,3,84,2025-11-25 10:16:26,2025-11-25 10:20:25,SHORT,REVERSAL,1,100.0,493.0,84.0,100.0,6739,False,True,2.0,trend,0.830032,0.404372,0.208763,9.25
W48,BAD,3,85,2025-11-25 10:20:25,2025-11-25 10:23:03,LONG,HARD_STOP,1,-250.0,-1257.0,77.0,125.0,4380,True,False,1.0,chop,0.076923,0.090909,0.082051,-2.25
W48,BAD,3,86,2025-11-25 10:23:30,2025-11-25 10:27:22,SHORT,REVERSAL,1,104.0,513.0,75.0,100.0,6675,False,True,0.0,unclear,0.856455,0.387324,0.174479,6.875
W48,BAD,3,87,2025-11-25 10:27:22,2025-11-25 10:28:19,LONG,REVERSAL,0,100.0,496.5,100.0,50.0,1120,False,True,0.0,unclear,0.964286,0.327273,0.122722,-6.75
W48,BAD,3,88,2025-11-25 10:28:19,2025-11-25 10:30:04,SHORT,HARD_STOP,1,-250.0,-1257.0,55.0,125.0,2708,True,False,2.0,trend,0.967461,0.404762,0.182654,10.625
W48,BAD,3,89,2025-11-25 10:30:31,2025-11-25 10:33:02,SHORT,REVERSAL,0,100.0,496.5,100.0,38.0,5473,False,True,2.0,trend,0.698505,0.5,0.181159,7.25
W48,BAD,3,90,2025-11-25 10:33:02,2025-11-25 10:34:08,LONG,REVERSAL,0,100.0,496.5,100.0,0.0,1662,False,True,2.0,trend,0.884793,0.262295,0.255924,-4.0
W48,BAD,3,91,2025-11-25 10:34:08,2025-11-25 10:35:04,SHORT,REVERSAL,0,101.0,501.5,101.0,5.0,1138,False,True,1.0,chop,0.0,0.0,0.0,0.0
W48,BAD,3,92,2025-11-25 10:35:04,2025-11-25 10:36:39,LONG,REVERSAL,1,100.0,493.0,50.0,100.0,2999,False,True,2.0,trend,0.870968,0.5,0.180838,-9.0
W48,BAD,3,93,2025-11-25 10:36:39,2025-11-25 10:44:31,SHORT,HARD_STOP,1,-251.0,-1262.0,52.0,125.5,9204,True,False,0.0,unclear,0.678488,0.273684,0.111675,6.5
W48,BAD,3,94,2025-11-25 10:45:22,2025-11-25 10:49:02,SHORT,REVERSAL,0,100.0,496.5,100.0,50.0,6285,False,True,1.0,chop,0.010274,0.032787,0.066176,-0.25
W48,BAD,3,95,2025-11-25 10:49:02,2025-11-25 10:50:07,LONG,HARD_STOP,1,-250.0,-1257.0,1.0,125.0,2986,True,False,2.0,trend,0.923077,0.4,0.045752,-5.0
W48,BAD,3,96,2025-11-25 10:50:37,2025-11-25 10:57:38,LONG,REVERSAL,0,100.0,496.5,100.0,97.0,8827,False,True,2.0,trend,0.984012,0.455621,0.086849,-9.625
W48,BAD,3,97,2025-11-25 10:57:38,2025-11-25 10:59:39,SHORT,REVERSAL,1,99.0,488.0,49.5,101.0,2914,False,True,0.0,unclear,0.77826,0.346405,0.178618,6.625
W48,BAD,3,98,2025-11-25 10:59:39,2025-11-25 11:04:20,LONG,REVERSAL,1,100.0,493.0,50.0,100.0,4563,False,True,1.0,chop,0.051352,0.062937,0.018821,1.125
W48,BAD,3,99,2025-11-25 11:04:20,2025-11-25 11:05:38,SHORT,REVERSAL,0,101.0,501.5,101.0,46.0,1615,False,True,2.0,trend,0.519231,0.262295,0.202454,6.0
W48,BAD,3,100,2025-11-25 11:05:38,2025-11-25 11:07:10,LONG,REVERSAL,0,100.0,496.5,100.0,39.0,1659,False,True,0.0,unclear,0.777738,0.175325,0.067708,-3.375
W48,BAD,3,101,2025-11-25 11:07:10,2025-11-25 11:09:25,SHORT,REVERSAL,0,101.0,501.5,101.0,42.0,1859,False,True,2.0,trend,0.987984,0.563291,0.185366,11.125
W48,BAD,3,102,2025-11-25 11:09:25,2025-11-25 11:17:22,LONG,REVERSAL,0,100.0,496.5,100.0,47.0,6540,False,True,2.0,trend,0.974925,0.590164,0.079848,-9.0
W48,BAD,3,103,2025-11-25 11:17:22,2025-11-25 11:21:00,SHORT,HARD_STOP,1,-250.0,-1257.0,47.0,125.0,3698,True,False,0.0,unclear,0.708455,0.169811,0.077108,2.25
W48,BAD,3,104,2025-11-25 11:22:12,2025-11-25 11:23:05,SHORT,REVERSAL,0,100.0,496.5,100.0,28.0,1267,False,True,0.0,unclear,0.854651,0.233333,0.043995,2.625
W48,BAD,3,105,2025-11-25 11:23:05,2025-11-25 11:40:00,LONG,REVERSAL,0,100.0,496.5,100.0,99.0,14612,False,True,2.0,trend,0.961236,0.383333,0.271338,-5.75
W48,BAD,3,106,2025-11-25 11:40:00,2025-11-25 11:45:20,SHORT,REVERSAL,0,100.0,496.5,100.0,51.0,4811,False,True,2.0,trend,0.99266,0.546512,0.220253,5.875
W48,BAD,3,107,2025-11-25 11:45:20,2025-11-25 11:50:31,LONG,REVERSAL,0,100.0,496.5,100.0,46.0,4599,False,True,2.0,trend,0.995902,0.529412,0.210024,-7.875
W48,BAD,3,108,2025-11-25 11:50:31,2025-11-25 12:00:15,SHORT,HARD_STOP,1,-250.0,-1257.0,32.0,125.0,8865,True,False,0.0,unclear,0.651544,0.166667,0.156716,1.875
W48,BAD,3,109,2025-11-25 12:01:17,2025-11-25 12:04:24,LONG,REVERSAL,0,100.0,496.5,100.0,20.0,2114,False,True,0.0,unclear,0.986842,0.263158,0.015345,-3.75
W48,BAD,3,110,2025-11-25 12:04:24,2025-11-25 12:19:57,SHORT,HARD_STOP,1,-250.0,-1257.0,19.0,125.0,12651,True,False,0.0,unclear,0.953008,0.325,0.147668,3.25
W48,BAD,3,111,2025-11-25 12:23:13,2025-11-25 12:28:54,SHORT,REVERSAL,1,100.0,493.0,50.0,100.0,6519,False,True,2.0,trend,0.75,0.4375,0.247259,4.375
W48,BAD,3,112,2025-11-25 12:28:54,2025-11-25 12:32:18,LONG,REVERSAL,0,100.0,496.5,100.0,23.0,2961,False,True,0.0,unclear,0.706026,0.261538,0.003593,-2.125
W48,BAD,3,113,2025-11-25 12:32:18,2025-11-25 12:37:47,SHORT,HARD_STOP,1,-250.0,-1257.0,8.0,125.0,6551,True,False,1.0,chop,0.25,0.041096,0.098039,0.375
W48,BAD,3,114,2025-11-25 12:42:31,2025-11-25 12:58:41,LONG,HARD_STOP,1,-250.0,-1257.0,43.0,125.0,12219,True,False,2.0,trend,0.983806,0.433735,0.011682,-4.5
W48,BAD,3,115,2025-11-25 13:01:33,2025-11-25 13:38:15,SHORT,REVERSAL,1,100.0,493.0,56.0,100.0,19917,False,True,0.0,unclear,0.777738,0.267327,0.021438,3.375
W48,BAD,3,116,2025-11-25 13:38:15,2025-11-25 13:47:00,LONG,REVERSAL,0,100.0,496.5,100.0,6.0,3431,False,True,1.0,chop,0.00162,0.013333,0.022613,0.125
W48,BAD,3,117,2025-11-25 13:47:00,2025-11-25 14:15:44,SHORT,REVERSAL,0,100.0,496.5,100.0,91.0,15420,False,True,2.0,trend,0.968474,0.426667,0.306577,4.0
W48,BAD,3,118,2025-11-25 14:15:44,2025-11-25 14:19:04,LONG,HARD_STOP,1,-250.0,-1257.0,16.0,125.0,3464,True,False,0.0,unclear,0.996888,0.397436,0.078261,-3.875
W48,BAD,3,119,2025-11-25 14:19:40,2025-11-25 14:38:10,SHORT,REVERSAL,0,100.0,496.5,100.0,43.0,10899,False,True,2.0,trend,0.995582,0.477064,0.249383,6.5
W48,BAD,3,120,2025-11-25 14:38:10,2025-11-25 14:51:06,LONG,REVERSAL,0,100.0,496.5,100.0,68.0,8017,False,True,0.0,unclear,0.501381,0.152778,0.132832,-1.375
W48,BAD,3,121,2025-11-25 14:51:06,2025-11-25 15:00:24,SHORT,HARD_STOP,1,-250.0,-1257.0,19.0,125.0,6701,True,False,2.0,trend,0.990377,0.585714,0.193588,5.125
W48,BAD,3,122,2025-11-25 15:24:19,2025-11-25 15:47:53,SHORT,HARD_STOP,1,-250.0,-1257.0,54.0,125.0,19826,True,False,1.0,chop,0.324324,0.061538,0.006337,0.5
W48,BAD,3,123,2025-11-26 09:30:48,2025-11-26 09:34:08,SHORT,REVERSAL,1,100.0,493.0,50.0,100.0,9150,False,True,2.0,trend,0.894468,0.446328,0.217189,9.875
W48,BAD,3,124,2025-11-26 09:34:08,2025-11-26 09:36:12,LONG,REVERSAL,0,100.0,496.5,100.0,22.0,3714,False,True,2.0,trend,0.894701,0.6,0.292776,-8.625
W48,BAD,3,125,2025-11-26 09:36:12,2025-11-26 09:37:42,SHORT,REVERSAL,0,100.0,496.5,100.0,11.0,2212,False,True,2.0,trend,0.824176,0.21978,0.272956,2.5
W48,BAD,3,126,2025-11-26 09:37:42,2025-11-26 09:38:05,LONG,HARD_STOP,1,-250.0,-1257.0,5.0,125.0,1644,True,False,0.0,unclear,0.99632,0.308943,0.061438,-4.75
W48,BAD,3,127,2025-11-26 09:38:34,2025-11-26 09:45:07,SHORT,HARD_STOP,1,-251.0,-1262.0,81.0,125.5,12302,True,False,0.0,unclear,0.307377,0.208333,0.39823,2.5
W48,BAD,3,128,2025-11-26 09:47:23,2025-11-26 09:52:08,SHORT,REVERSAL,0,100.0,496.5,100.0,79.0,7412,False,True,0.0,unclear,0.938224,0.387097,0.147625,4.5
W48,BAD,3,129,2025-11-26 09:52:08,2025-11-26 09:58:46,LONG,HARD_STOP,1,-251.0,-1262.0,56.0,125.5,11614,True,False,2.0,trend,0.974167,0.614173,0.322156,-9.75
W48,BAD,3,130,2025-11-26 09:59:09,2025-11-26 10:01:17,LONG,REVERSAL,1,100.0,493.0,50.0,100.0,6422,False,True,2.0,trend,0.978435,0.327103,0.272085,-4.375
W48,BAD,3,131,2025-11-26 10:01:17,2025-11-26 10:04:16,SHORT,REVERSAL,1,100.0,493.0,98.0,100.0,7158,False,True,1.0,chop,0.017442,0.020833,0.029151,-0.25
W48,BAD,3,132,2025-11-26 10:04:16,2025-11-26 10:08:07,LONG,REVERSAL,0,100.0,496.5,100.0,77.0,6069,False,True,0.0,unclear,0.990826,0.266667,0.183938,-3.0
W48,BAD,3,133,2025-11-26 10:08:07,2025-11-26 10:10:45,SHORT,REVERSAL,1,100.0,493.0,50.0,100.0,5193,False,True,2.0,trend,0.942308,0.182609,0.315657,2.625
W48,BAD,3,134,2025-11-26 10:10:45,2025-11-26 10:16:51,LONG,REVERSAL,1,99.0,488.0,49.5,101.0,9954,False,True,0.0,unclear,0.519231,0.322314,0.12532,-4.875
W48,BAD,3,135,2025-11-26 10:16:51,2025-11-26 10:18:26,SHORT,REVERSAL,0,100.0,496.5,100.0,15.0,2204,False,True,0.0,unclear,0.986842,0.235294,0.142857,2.5
W48,BAD,3,136,2025-11-26 10:18:26,2025-11-26 10:19:00,LONG,REVERSAL,0,100.0,496.5,100.0,16.0,837,False,True,2.0,trend,0.967697,0.552448,0.15276,-9.875
W48,BAD,3,137,2025-11-26 10:19:00,2025-11-26 10:21:16,SHORT,REVERSAL,0,101.0,501.5,101.0,16.0,2695,False,True,0.0,unclear,0.988698,0.388489,0.130215,6.75
W48,BAD,3,138,2025-11-26 10:21:16,2025-11-26 10:25:39,LONG,REVERSAL,1,100.0,493.0,55.0,100.0,6938,False,True,0.0,unclear,0.90536,0.35461,0.070603,-6.25
W48,BAD,3,139,2025-11-26 10:25:39,2025-11-26 10:32:10,SHORT,HARD_STOP,1,-250.0,-1257.0,70.0,125.0,8661,True,False,0.0,unclear,0.923077,0.044944,0.079118,0.5
W48,BAD,3,140,2025-11-26 10:34:22,2025-11-26 10:42:06,SHORT,REVERSAL,1,100.0,493.0,50.0,100.0,9026,False,True,0.0,unclear,0.999604,0.322222,0.17905,3.625
W48,BAD,3,141,2025-11-26 10:42:06,2025-11-26 10:48:40,LONG,REVERSAL,1,100.0,493.0,51.0,100.0,6816,False,True,2.0,trend,0.661142,0.403226,0.155172,-6.25
W48,BAD,3,142,2025-11-26 10:48:40,2025-11-26 10:59:16,SHORT,HARD_STOP,1,-250.0,-1257.0,46.0,125.0,9077,True,False,0.0,unclear,0.942308,0.221053,0.185464,2.625
W48,BAD,3,143,2025-11-26 11:04:35,2025-11-26 11:24:53,SHORT,HARD_STOP,1,-250.0,-1257.0,7.0,125.0,19305,True,False,0.0,unclear,0.923077,0.372093,0.043968,2.0
W48,BAD,3,144,2025-11-26 11:30:19,2025-11-26 11:35:11,LONG,REVERSAL,0,100.0,496.5,100.0,19.0,3854,False,True,0.0,unclear,0.969407,0.305882,0.19084,-3.25
W48,BAD,3,145,2025-11-26 11:35:11,2025-11-26 11:50:13,SHORT,REVERSAL,1,100.0,493.0,50.0,100.0,15730,False,True,2.0,trend,0.999728,0.546875,0.148633,4.375
W48,BAD,3,146,2025-11-26 11:50:13,2025-11-26 11:56:31,LONG,REVERSAL,0,100.0,496.5,100.0,18.0,4991,False,True,0.0,unclear,0.866451,0.362319,0.158654,-3.125
W48,BAD,3,147,2025-11-26 11:56:31,2025-11-26 12:04:46,SHORT,REVERSAL,0,100.0,496.5,100.0,1.0,4983,False,True,0.0,unclear,0.84799,0.258621,0.176185,1.875
W48,BAD,3,148,2025-11-26 12:04:46,2025-11-26 12:24:14,LONG,REVERSAL,1,100.0,493.0,52.0,100.0,15987,False,True,2.0,trend,0.982558,0.513158,0.128866,-4.875
W48,BAD,3,149,2025-11-26 12:24:14,2025-11-26 12:50:08,SHORT,REVERSAL,1,100.0,493.0,50.0,100.0,14884,False,True,0.0,unclear,0.700207,0.394737,0.16545,3.75
W48,BAD,3,150,2025-11-26 12:50:08,2025-11-26 13:09:30,LONG,HARD_STOP,1,-250.0,-1257.0,73.0,125.0,12341,True,False,2.0,trend,0.908403,0.645161,0.092883,-5.0
W48,BAD,3,151,2025-11-26 13:09:51,2025-11-26 13:20:45,SHORT,REVERSAL,1,100.0,493.0,50.0,100.0,10904,False,True,2.0,trend,0.872869,0.430657,0.101796,7.375
W48,BAD,3,152,2025-11-26 13:20:45,2025-11-26 13:21:56,LONG,REVERSAL,0,100.0,496.5,100.0,10.0,977,False,True,0.0,unclear,0.874167,0.384615,0.095758,-4.375
W48,BAD,3,153,2025-11-26 13:21:56,2025-11-26 13:31:22,SHORT,REVERSAL,1,100.0,493.0,50.0,100.0,6016,False,True,2.0,trend,0.984491,0.541176,0.228608,5.75
W48,BAD,3,154,2025-11-26 13:31:22,2025-11-26 13:45:32,LONG,HARD_STOP,1,-250.0,-1257.0,15.0,125.0,10384,True,False,0.0,unclear,0.854651,0.329412,0.192982,-3.5
W48,BAD,3,155,2025-11-26 13:48:19,2025-11-26 14:04:40,SHORT,REVERSAL,1,100.0,493.0,67.0,100.0,11501,False,True,0.0,unclear,0.997253,0.351064,0.162907,4.125
W48,BAD,3,156,2025-11-26 14:04:40,2025-11-26 14:18:01,LONG,REVERSAL,0,100.0,496.5,100.0,55.0,7787,False,True,2.0,trend,0.998972,0.5,0.078261,-4.5
W48,BAD,3,157,2025-11-26 14:18:01,2025-11-26 14:50:01,SHORT,REVERSAL,0,100.0,496.5,100.0,75.0,18118,False,True,1.0,chop,0.0,0.0,0.026442,0.0
W48,BAD,3,158,2025-11-26 14:50:01,2025-11-26 15:01:08,LONG,REVERSAL,0,100.0,496.5,100.0,15.0,5376,False,True,0.0,unclear,0.842105,0.32,0.140625,-3.0
W48,BAD,3,159,2025-11-26 15:01:08,2025-11-26 15:49:50,SHORT,EOD_FLATTEN,0,49.0,241.5,71.0,97.0,24815,False,True,2.0,trend,0.876552,0.481928,0.106329,5.0
W48,BAD,3,160,2025-11-28 09:32:14,2025-11-28 09:37:49,SHORT,HARD_STOP,1,-250.0,-1257.0,18.0,125.0,3924,True,False,2.0,trend,0.997905,0.417219,0.002421,7.875
W48,BAD,3,161,2025-11-28 09:38:38,2025-11-28 09:40:54,LONG,HARD_STOP,1,-252.0,-1267.0,8.0,126.0,1864,True,False,0.0,unclear,0.999881,0.329193,0.189901,-6.625
W48,BAD,3,162,2025-11-28 09:42:15,2025-11-28 10:05:10,SHORT,REVERSAL,1,100.0,493.0,53.0,122.0,10576,False,True,0.0,unclear,0.825403,0.299492,0.142163,7.375
W48,BAD,3,163,2025-11-28 10:05:10,2025-11-28 10:07:33,LONG,REVERSAL,0,100.0,496.5,100.0,15.0,1166,False,True,0.0,unclear,0.900897,0.370079,0.126408,-5.875
W48,BAD,3,164,2025-11-28 10:07:33,2025-11-28 11:06:25,SHORT,HARD_STOP,1,-250.0,-1257.0,87.0,125.0,23555,True,False,0.0,unclear,0.966377,0.353261,0.009732,8.125
W48,BAD,3,165,2025-11-28 11:21:19,2025-11-28 11:27:46,LONG,HARD_STOP,1,-250.0,-1257.0,16.0,125.0,4113,True,False,1.0,chop,0.303318,0.202532,0.03252,-2.0
W48,BAD,3,166,2025-11-28 11:32:01,2025-11-28 11:42:03,SHORT,REVERSAL,1,100.0,493.0,50.0,100.0,4705,False,True,2.0,trend,0.930954,0.535354,0.093478,6.625
W48,BAD,3,167,2025-11-28 11:42:03,2025-11-28 11:48:12,LONG,REVERSAL,0,100.0,496.5,100.0,45.0,2096,False,True,2.0,trend,0.956275,0.556701,0.17869,-6.75
W48,BAD,3,168,2025-11-28 11:48:12,2025-11-28 12:57:20,SHORT,HARD_STOP,1,-250.0,-1257.0,93.0,125.0,33249,True,False,1.0,chop,0.157895,0.10989,0.032385,1.25
W48,BAD,3,169,2025-11-28 12:59:04,2025-11-28 13:14:59,SHORT,DATA_END,0,-1.0,-8.5,68.0,62.0,16675,False,False,2.0,trend,0.842105,0.163265,0.206693,-1.0
W45,AVG,3,0,2025-11-03 09:31:06,2025-11-03 09:34:34,SHORT,REVERSAL,0,100.0,496.5,100.0,23.0,7762,False,True,2.0,trend,0.75,0.320513,0.288483,3.125
W45,AVG,3,1,2025-11-03 09:34:34,2025-11-03 09:37:55,LONG,HARD_STOP,1,-250.0,-1257.0,12.0,125.0,7452,True,False,2.0,trend,0.878924,0.4,0.082324,-3.5
W45,AVG,3,2,2025-11-03 09:40:00,2025-11-03 09:51:01,LONG,HARD_STOP,1,-250.0,-1257.0,60.0,125.0,18261,True,False,2.0,trend,0.989726,0.43038,0.131841,-4.25
W45,AVG,3,3,2025-11-03 09:51:32,2025-11-03 10:00:41,SHORT,REVERSAL,0,100.0,496.5,100.0,52.0,10912,False,True,0.0,unclear,0.428571,0.186916,0.267005,-2.5
W45,AVG,3,4,2025-11-03 10:00:41,2025-11-03 10:08:56,LONG,REVERSAL,1,99.0,488.0,50.0,101.0,13747,False,True,2.0,trend,0.998302,0.486957,0.373853,-7.0
W45,AVG,3,5,2025-11-03 10:08:56,2025-11-03 10:15:10,SHORT,REVERSAL,1,100.0,493.0,50.0,100.0,8771,False,True,2.0,trend,0.92994,0.586538,0.485577,7.625
W45,AVG,3,6,2025-11-03 10:15:10,2025-11-03 10:25:23,LONG,HARD_STOP,1,-250.0,-1257.0,32.0,125.0,13716,True,False,2.0,trend,0.665279,0.37234,0.331713,-4.375
W45,AVG,3,7,2025-11-03 10:26:30,2025-11-03 10:38:05,LONG,REVERSAL,1,102.0,503.0,51.0,109.0,17599,False,True,0.0,unclear,0.75,0.186667,0.052121,-1.75
W45,AVG,3,8,2025-11-03 10:38:05,2025-11-03 10:44:26,SHORT,HARD_STOP,1,-250.0,-1257.0,21.0,125.0,9068,True,False,2.0,trend,0.999194,0.559633,0.179976,7.625
W45,AVG,3,9,2025-11-03 10:45:58,2025-11-03 10:58:02,LONG,REVERSAL,0,100.0,496.5,100.0,96.0,13389,False,True,2.0,trend,0.985223,0.308411,0.313653,-4.125
W45,AVG,3,10,2025-11-03 10:58:02,2025-11-03 11:00:42,SHORT,REVERSAL,0,100.0,496.5,100.0,36.0,3641,False,True,2.0,trend,0.940024,0.426667,0.345324,4.0
W45,AVG,3,11,2025-11-03 11:00:42,2025-11-03 11:23:28,LONG,REVERSAL,0,100.0,496.5,100.0,77.0,17044,False,True,0.0,unclear,0.726585,0.278261,0.171393,-4.0
W45,AVG,3,12,2025-11-03 11:23:28,2025-11-03 11:25:29,SHORT,REVERSAL,0,100.0,496.5,100.0,5.0,1393,False,True,1.0,chop,0.057692,0.036145,0.104403,0.375
W45,AVG,3,13,2025-11-03 11:25:29,2025-11-03 11:32:44,LONG,REVERSAL,1,100.0,493.0,50.0,100.0,7511,False,True,2.0,trend,0.93232,0.30303,0.227538,-3.75
W45,AVG,3,14,2025-11-03 11:32:44,2025-11-03 11:58:21,SHORT,HARD_STOP,1,-250.0,-1257.0,92.0,125.0,21151,True,False,1.0,chop,0.298983,0.221154,0.157629,2.875
W45,AVG,3,15,2025-11-03 12:00:16,2025-11-03 12:13:50,LONG,REVERSAL,0,100.0,496.5,100.0,79.0,9383,False,True,2.0,trend,0.996986,0.4375,0.259259,-5.25
W45,AVG,3,16,2025-11-03 12:13:50,2025-11-03 12:26:08,SHORT,REVERSAL,0,100.0,496.5,100.0,64.0,10303,False,True,2.0,trend,0.989101,0.314286,0.299124,2.75
W45,AVG,3,17,2025-11-03 12:26:08,2025-11-03 12:32:53,LONG,REVERSAL,0,100.0,496.5,100.0,56.0,5417,False,True,2.0,trend,0.703297,0.405063,0.146871,-4.0
W45,AVG,3,18,2025-11-03 12:32:53,2025-11-03 13:52:03,SHORT,REVERSAL,1,100.0,493.0,50.0,103.0,36203,False,True,0.0,unclear,0.949367,0.28169,0.125964,2.5
W45,AVG,3,19,2025-11-03 13:52:03,2025-11-03 14:42:03,LONG,HARD_STOP,1,-250.0,-1257.0,61.0,125.0,27602,True,False,2.0,trend,0.999245,0.608696,0.247205,-5.25
W45,AVG,3,20,2025-11-03 14:45:00,2025-11-03 15:25:03,SHORT,REVERSAL,1,100.0,493.0,50.0,100.0,19025,False,True,0.0,unclear,0.667582,0.26087,0.163212,2.25
W45,AVG,3,21,2025-11-03 15:25:03,2025-11-03 15:49:50,LONG,EOD_FLATTEN,0,-19.0,-98.5,76.0,79.0,14853,False,False,0.0,unclear,0.789359,0.271429,0.153453,-2.375
W45,AVG,3,22,2025-11-04 09:30:04,2025-11-04 09:31:16,LONG,REVERSAL,0,100.0,496.5,100.0,46.0,5257,False,True,0.0,unclear,0.923077,0.074766,0.021601,-1.0
W45,AVG,3,23,2025-11-04 09:31:16,2025-11-04 09:32:43,SHORT,REVERSAL,0,100.0,496.5,100.0,58.0,5103,False,True,0.0,unclear,0.587408,0.267241,0.060802,3.875
W45,AVG,3,24,2025-11-04 09:32:43,2025-11-04 09:33:59,LONG,HARD_STOP,1,-250.0,-1257.0,19.0,125.0,4773,True,False,0.0,unclear,0.881068,0.122222,0.080946,-1.375
W45,AVG,3,25,2025-11-04 09:35:06,2025-11-04 09:38:04,SHORT,REVERSAL,1,100.0,493.0,96.0,102.0,9236,False,True,2.0,trend,0.985608,0.505882,0.158831,5.375
W45,AVG,3,26,2025-11-04 09:38:04,2025-11-04 09:40:48,LONG,REVERSAL,0,100.0,496.5,100.0,49.0,5745,False,True,0.0,unclear,0.997691,0.282353,0.114252,-3.0
W45,AVG,3,27,2025-11-04 09:40:48,2025-11-04 09:41:48,SHORT,HARD_STOP,1,-250.0,-1257.0,13.0,125.0,3166,True,False,2.0,trend,0.997105,0.551471,0.048843,9.375
W45,AVG,3,28,2025-11-04 09:43:47,2025-11-04 09:44:17,LONG,REVERSAL,0,100.0,496.5,100.0,1.0,1068,False,True,1.0,chop,0.107143,0.013158,0.11772,0.125
W45,AVG,3,29,2025-11-04 09:44:17,2025-11-04 09:47:28,SHORT,REVERSAL,0,100.0,496.5,100.0,42.0,6684,False,True,0.0,unclear,0.803279,0.147368,0.137755,1.75
W45,AVG,3,30,2025-11-04 09:47:28,2025-11-04 09:48:46,LONG,REVERSAL,0,100.0,496.5,100.0,46.0,3339,False,True,2.0,trend,0.928268,0.574468,0.197546,-6.75
W45,AVG,3,31,2025-11-04 09:48:46,2025-11-04 09:51:40,SHORT,HARD_STOP,1,-250.0,-1257.0,21.0,125.0,6562,True,False,2.0,trend,0.967355,0.40367,0.288177,5.5
W45,AVG,3,32,2025-11-04 09:53:37,2025-11-04 09:59:45,SHORT,HARD_STOP,1,-250.0,-1257.0,31.0,125.0,11640,True,False,0.0,unclear,0.968894,0.376623,0.012594,3.625
W45,AVG,3,33,2025-11-04 10:06:06,2025-11-04 10:13:15,LONG,REVERSAL,1,100.0,493.0,50.0,100.0,11957,False,True,0.0,unclear,0.964286,0.268657,0.153477,-2.25
W45,AVG,3,34,2025-11-04 10:13:15,2025-11-04 10:30:00,SHORT,REVERSAL,1,100.0,493.0,66.0,100.0,18802,False,True,2.0,trend,0.999245,0.617647,0.361809,7.875
W45,AVG,3,35,2025-11-04 10:30:00,2025-11-04 10:40:54,LONG,REVERSAL,0,101.0,501.5,101.0,71.0,10996,False,True,2.0,trend,0.993243,0.658824,0.199522,-7.0
W45,AVG,3,36,2025-11-04 10:40:54,2025-11-04 10:45:13,SHORT,REVERSAL,0,100.0,496.5,100.0,17.0,4052,False,True,0.0,unclear,0.75,0.090909,0.048208,-0.75
W45,AVG,3,37,2025-11-04 10:45:13,2025-11-04 10:51:20,LONG,HARD_STOP,1,-250.0,-1257.0,23.0,125.0,8307,True,False,0.0,unclear,0.832192,0.202247,0.086294,-2.25
W45,AVG,3,38,2025-11-04 10:55:38,2025-11-04 10:58:50,LONG,REVERSAL,1,100.0,493.0,50.0,100.0,6022,False,True,1.0,chop,0.389892,0.171429,0.106227,-1.5
W45,AVG,3,39,2025-11-04 10:58:50,2025-11-04 11:02:43,SHORT,REVERSAL,1,100.0,493.0,50.0,100.0,6219,False,True,0.0,unclear,1.0,0.074074,0.172082,0.5
W45,AVG,3,40,2025-11-04 11:02:43,2025-11-04 11:20:37,LONG,HARD_STOP,1,-250.0,-1257.0,36.0,125.0,17810,True,False,2.0,trend,0.992406,0.33,0.250965,-4.125
W45,AVG,3,41,2025-11-04 11:26:38,2025-11-04 11:28:13,LONG,REVERSAL,0,100.0,496.5,100.0,13.0,1591,False,True,0.0,unclear,0.977437,0.218391,0.155941,-2.375
W45,AVG,3,42,2025-11-04 11:28:13,2025-11-04 11:40:36,SHORT,REVERSAL,1,100.0,493.0,58.0,100.0,11453,False,True,0.0,unclear,0.657534,0.237624,0.125155,3.0
W45,AVG,3,43,2025-11-04 11:40:36,2025-11-04 11:43:34,LONG,REVERSAL,0,100.0,496.5,100.0,43.0,2670,False,True,2.0,trend,0.951072,0.495575,0.163683,-7.0
W45,AVG,3,44,2025-11-04 11:43:34,2025-11-04 11:45:42,SHORT,REVERSAL,0,100.0,496.5,100.0,20.0,2209,False,True,0.0,unclear,0.969407,0.270833,0.112782,3.25
W45,AVG,3,45,2025-11-04 11:45:42,2025-11-04 11:55:55,LONG,REVERSAL,1,100.0,493.0,50.0,100.0,10007,False,True,2.0,trend,0.99266,0.505376,0.121706,-5.875
W45,AVG,3,46,2025-11-04 11:55:55,2025-11-04 11:56:39,SHORT,REVERSAL,0,100.0,496.5,100.0,5.0,862,False,True,1.0,chop,0.367409,0.23913,0.022785,-2.75
W45,AVG,3,47,2025-11-04 11:56:39,2025-11-04 12:17:17,LONG,HARD_STOP,1,-250.0,-1257.0,65.0,125.0,16873,True,False,0.0,unclear,0.897226,0.27619,0.159533,-3.625
W45,AVG,3,48,2025-11-04 12:19:10,2025-11-04 12:22:18,LONG,REVERSAL,1,100.0,493.0,50.0,100.0,7393,False,True,1.0,chop,0.270256,0.19403,0.123567,-1.625
W45,AVG,3,49,2025-11-04 12:22:18,2025-11-04 12:26:14,SHORT,HARD_STOP,1,-250.0,-1257.0,12.0,125.0,5234,True,False,2.0,trend,0.992406,0.4125,0.072639,4.125
W45,AVG,3,50,2025-11-04 12:28:44,2025-11-04 12:42:32,LONG,HARD_STOP,1,-250.0,-1257.0,38.0,125.0,12457,True,False,0.0,unclear,0.971381,0.355769,0.152284,-4.625
W45,AVG,3,51,2025-11-04 12:43:59,2025-11-04 12:53:47,SHORT,REVERSAL,1,100.0,493.0,50.0,115.0,9405,False,True,0.0,unclear,0.75,0.158416,0.056555,-2.0
W45,AVG,3,52,2025-11-04 12:53:47,2025-11-04 13:11:32,LONG,HARD_STOP,1,-250.0,-1257.0,18.0,125.0,14560,True,False,0.0,unclear,0.786494,0.353448,0.107969,-5.125
W45,AVG,3,53,2025-11-04 13:15:10,2025-11-04 13:18:17,SHORT,REVERSAL,0,101.0,501.5,101.0,18.0,2649,False,True,0.0,unclear,0.807325,0.313253,0.12201,3.25
W45,AVG,3,54,2025-11-04 13:18:17,2025-11-04 13:23:35,LONG,REVERSAL,0,100.0,496.5,100.0,88.0,7704,False,True,0.0,unclear,0.892857,0.25641,0.164649,-2.5
W45,AVG,3,55,2025-11-04 13:23:35,2025-11-04 13:25:47,SHORT,REVERSAL,0,100.0,496.5,100.0,1.0,1992,False,True,0.0,unclear,0.968474,0.290909,0.17546,4.0
W45,AVG,3,56,2025-11-04 13:25:47,2025-11-04 13:30:36,LONG,REVERSAL,1,100.0,493.0,50.0,100.0,4480,False,True,0.0,unclear,0.993243,0.215385,0.040609,-1.75
W45,AVG,3,57,2025-11-04 13:30:36,2025-11-04 13:35:49,SHORT,REVERSAL,0,100.0,496.5,100.0,31.0,3898,False,True,2.0,trend,0.933702,0.230088,0.381818,3.25
W45,AVG,3,58,2025-11-04 13:35:49,2025-11-04 13:43:28,LONG,REVERSAL,0,100.0,496.5,100.0,54.0,6238,False,True,2.0,trend,0.913396,0.447761,0.004819,-3.75
W45,AVG,3,59,2025-11-04 13:43:28,2025-11-04 13:54:39,SHORT,HARD_STOP,1,-250.0,-1257.0,44.0,125.0,9866,True,False,2.0,trend,0.964286,0.46988,0.249389,4.875
W45,AVG,3,60,2025-11-04 13:56:51,2025-11-04 14:02:05,LONG,REVERSAL,0,100.0,496.5,100.0,26.0,3830,False,True,2.0,trend,0.84074,0.5,0.096774,-8.125
W45,AVG,3,61,2025-11-04 14:02:05,2025-11-04 14:05:28,SHORT,REVERSAL,0,100.0,496.5,100.0,15.0,2047,False,True,1.0,chop,0.029126,0.037736,0.089552,0.5
W45,AVG,3,62,2025-11-04 14:05:28,2025-11-04 14:37:51,LONG,HARD_STOP,1,-250.0,-1257.0,76.0,125.0,22271,True,False,1.0,chop,0.035714,0.014599,0.181258,0.25
W45,AVG,3,63,2025-11-04 14:38:43,2025-11-04 15:01:05,LONG,REVERSAL,0,100.0,496.5,100.0,67.0,20794,False,True,0.0,unclear,0.970874,0.322581,0.127686,-2.5
W45,AVG,3,64,2025-11-04 15:01:05,2025-11-04 15:02:37,SHORT,REVERSAL,0,100.0,496.5,100.0,0.0,1396,False,True,1.0,chop,0.011583,0.021277,0.128535,0.25
W45,AVG,3,65,2025-11-04 15:02:37,2025-11-04 15:05:58,LONG,REVERSAL,0,100.0,496.5,100.0,10.0,2315,False,True,1.0,chop,0.372093,0.190476,0.038605,-2.0
W45,AVG,3,66,2025-11-04 15:05:58,2025-11-04 15:21:23,SHORT,REVERSAL,0,100.0,496.5,100.0,96.0,12139,False,True,2.0,trend,0.997486,0.511111,0.103106,5.75
W45,AVG,3,67,2025-11-04 15:21:23,2025-11-04 15:29:08,LONG,REVERSAL,0,100.0,496.5,100.0,37.0,4802,False,True,1.0,chop,0.182432,0.15,0.016435,-1.875
W45,AVG,3,68,2025-11-04 15:29:08,2025-11-04 15:48:07,SHORT,REVERSAL,1,100.0,493.0,87.0,100.0,13106,False,True,2.0,trend,0.943909,0.432692,0.12439,5.625
W45,AVG,3,69,2025-11-04 15:48:07,2025-11-04 15:49:50,LONG,EOD_FLATTEN,0,-95.0,-478.5,27.0,97.0,1406,False,False,0.0,unclear,0.75,0.115385,0.115629,-1.125
W45,AVG,3,70,2025-11-05 09:30:04,2025-11-05 09:31:45,SHORT,REVERSAL,0,100.0,496.5,100.0,83.0,5549,False,True,2.0,trend,0.990377,0.745455,0.178182,10.25
W45,AVG,3,71,2025-11-05 09:31:45,2025-11-05 09:37:30,LONG,REVERSAL,1,100.0,493.0,91.0,121.0,14025,False,True,2.0,trend,0.993243,0.441441,0.290401,-6.125
W45,AVG,3,72,2025-11-05 09:37:30,2025-11-05 09:41:32,SHORT,REVERSAL,1,100.0,493.0,50.0,121.0,7821,False,True,0.0,unclear,0.632591,0.235849,0.174479,3.125
W45,AVG,3,73,2025-11-05 09:41:32,2025-11-05 09:46:15,LONG,REVERSAL,0,100.0,496.5,100.0,89.0,8236,False,True,2.0,trend,0.975806,0.416667,0.282971,-6.875
W45,AVG,3,74,2025-11-05 09:46:15,2025-11-05 09:47:48,SHORT,HARD_STOP,1,-250.0,-1257.0,22.0,125.0,4776,True,False,0.0,unclear,0.510618,0.258427,0.073903,2.875
W45,AVG,3,75,2025-11-05 09:48:35,2025-11-05 09:53:50,SHORT,HARD_STOP,1,-250.0,-1257.0,61.0,125.0,10420,True,False,2.0,trend,0.98821,0.411111,0.271283,4.625
W45,AVG,3,76,2025-11-05 09:56:51,2025-11-05 10:03:07,SHORT,REVERSAL,0,100.0,496.5,100.0,95.0,13409,False,True,2.0,trend,0.964286,0.4125,0.238543,4.125
W45,AVG,3,77,2025-11-05 10:03:07,2025-11-05 10:05:28,LONG,REVERSAL,0,100.0,496.5,100.0,30.0,5058,False,True,2.0,trend,0.733703,0.403509,0.141401,-5.75
W45,AVG,3,78,2025-11-05 10:05:28,2025-11-05 10:07:44,SHORT,REVERSAL,1,100.0,493.0,50.0,116.0,5738,False,True,2.0,trend,0.978555,0.6,0.244755,9.75
W45,AVG,3,79,2025-11-05 10:07:44,2025-11-05 10:21:16,LONG,HARD_STOP,1,-252.0,-1267.0,44.0,126.0,18149,True,False,2.0,trend,0.95048,0.417476,0.177778,-5.375
W45,AVG,3,80,2025-11-05 10:22:42,2025-11-05 10:24:00,SHORT,HARD_STOP,1,-250.0,-1257.0,5.0,125.0,2497,True,False,2.0,trend,0.999897,0.513514,0.044848,7.125
W45,AVG,3,81,2025-11-05 10:26:21,2025-11-05 10:29:35,SHORT,REVERSAL,1,100.0,493.0,50.0,100.0,5283,False,True,2.0,trend,0.982175,0.47619,0.102625,7.5
W45,AVG,3,82,2025-11-05 10:29:35,2025-11-05 10:41:14,LONG,REVERSAL,0,100.0,496.5,100.0,69.0,13024,False,True,2.0,trend,0.997871,0.510204,0.09204,-6.25
W45,AVG,3,83,2025-11-05 10:41:14,2025-11-05 10:53:26,SHORT,REVERSAL,0,100.0,496.5,100.0,76.0,13524,False,True,0.0,unclear,0.663834,0.380531,0.047859,5.375
W45,AVG,3,84,2025-11-05 10:53:26,2025-11-05 10:58:57,LONG,REVERSAL,0,100.0,496.5,100.0,60.0,5322,False,True,0.0,unclear,0.729744,0.327434,0.002375,-4.625
W45,AVG,3,85,2025-11-05 10:58:57,2025-11-05 11:03:29,SHORT,REVERSAL,0,100.0,496.5,100.0,62.0,5215,False,True,2.0,trend,0.994819,0.477612,0.146835,8.0
W45,AVG,3,86,2025-11-05 11:03:29,2025-11-05 11:04:56,LONG,REVERSAL,0,100.0,496.5,100.0,64.0,1579,False,True,0.0,unclear,0.873353,0.370079,0.168098,-5.875
W45,AVG,3,87,2025-11-05 11:04:56,2025-11-05 11:10:22,SHORT,REVERSAL,0,100.0,496.5,100.0,60.0,4255,False,True,2.0,trend,0.648253,0.42963,0.173267,7.25
W45,AVG,3,88,2025-11-05 11:10:22,2025-11-05 11:15:26,LONG,REVERSAL,1,100.0,493.0,60.0,100.0,5125,False,True,2.0,trend,0.923077,0.531469,0.134211,-9.5
W45,AVG,3,89,2025-11-05 11:15:26,2025-11-05 11:17:27,SHORT,REVERSAL,0,101.0,501.5,101.0,12.0,2421,False,True,2.0,trend,0.942308,0.411765,0.193798,4.375
W45,AVG,3,90,2025-11-05 11:17:27,2025-11-05 11:22:40,LONG,REVERSAL,0,100.0,496.5,100.0,34.0,4996,False,True,0.0,unclear,0.983806,0.216867,0.15736,-2.25
W45,AVG,3,91,2025-11-05 11:22:40,2025-11-05 11:26:24,SHORT,HARD_STOP,1,-250.0,-1257.0,42.0,125.0,5060,True,False,2.0,trend,0.999194,0.491935,0.30137,7.625
W45,AVG,3,92,2025-11-05 11:29:13,2025-11-05 11:56:24,SHORT,HARD_STOP,1,-250.0,-1257.0,67.0,125.0,26760,True,False,2.0,trend,0.827982,0.188119,0.385343,2.375
W45,AVG,3,93,2025-11-05 12:03:35,2025-11-05 12:27:30,LONG,REVERSAL,0,100.0,496.5,100.0,93.0,15431,False,True,1.0,chop,0.332418,0.127907,0.010256,-1.375
W45,AVG,3,94,2025-11-05 12:27:30,2025-11-05 13:17:01,SHORT,HARD_STOP,1,-250.0,-1257.0,17.0,125.0,30524,True,False,2.0,trend,0.75,0.476923,0.243719,3.875
W45,AVG,3,95,2025-11-05 13:33:01,2025-11-05 14:07:33,SHORT,REVERSAL,1,100.0,493.0,50.0,102.0,20125,False,True,0.0,unclear,0.903759,0.333333,0.034568,2.875
W45,AVG,3,96,2025-11-05 14:07:33,2025-11-05 14:17:54,LONG,REVERSAL,0,100.0,496.5,100.0,46.0,9058,False,True,2.0,trend,0.718802,0.461538,0.088639,-3.0
W45,AVG,3,97,2025-11-05 14:17:54,2025-11-05 15:27:10,SHORT,REVERSAL,0,100.0,496.5,100.0,81.0,34637,False,True,2.0,trend,0.999543,0.509434,0.066496,3.375
W45,AVG,3,98,2025-11-05 15:27:10,2025-11-05 15:48:03,LONG,HARD_STOP,1,-251.0,-1262.0,33.0,125.5,17062,True,False,2.0,trend,0.956714,0.413043,0.066002,-2.375
W45,AVG,3,99,2025-11-06 09:30:11,2025-11-06 09:30:23,SHORT,REVERSAL,0,100.0,496.5,100.0,7.0,849,False,True,1.0,chop,0.230277,0.104348,0.162025,1.5
W45,AVG,3,100,2025-11-06 09:30:23,2025-11-06 09:32:45,LONG,REVERSAL,1,100.0,493.0,50.0,100.0,7146,False,True,2.0,trend,0.951179,0.669492,0.176913,-9.875
W45,AVG,3,101,2025-11-06 09:32:45,2025-11-06 09:33:54,SHORT,REVERSAL,0,100.0,496.5,100.0,39.0,2737,False,True,2.0,trend,0.998848,0.51,0.012531,6.375
W45,AVG,3,102,2025-11-06 09:33:54,2025-11-06 09:34:29,LONG,REVERSAL,0,100.0,496.5,100.0,13.0,1306,False,True,0.0,unclear,0.998848,0.217949,0.113924,-2.125
W45,AVG,3,103,2025-11-06 09:34:29,2025-11-06 09:35:03,SHORT,REVERSAL,0,100.0,496.5,100.0,15.0,1152,False,True,0.0,unclear,0.975806,0.351064,0.007538,4.125
W45,AVG,3,104,2025-11-06 09:35:03,2025-11-06 09:38:29,LONG,REVERSAL,0,100.0,496.5,100.0,60.0,8661,False,True,2.0,trend,0.998777,0.725275,0.29927,-8.25
W45,AVG,3,105,2025-11-06 09:38:29,2025-11-06 09:40:09,SHORT,REVERSAL,0,100.0,496.5,100.0,32.0,3390,False,True,0.0,unclear,0.667582,0.111111,0.053571,1.125
W45,AVG,3,106,2025-11-06 09:40:09,2025-11-06 09:41:32,LONG,HARD_STOP,1,-250.0,-1257.0,71.0,125.0,4767,True,False,1.0,chop,0.107143,0.024096,0.255869,-0.25
W45,AVG,3,107,2025-11-06 09:42:22,2025-11-06 09:47:10,SHORT,HARD_STOP,1,-250.0,-1257.0,73.0,125.0,9975,True,False,2.0,trend,0.95972,0.292453,0.26367,3.875
W45,AVG,3,108,2025-11-06 09:48:51,2025-11-06 09:49:37,SHORT,REVERSAL,0,100.0,496.5,100.0,15.0,1657,False,True,0.0,unclear,0.942308,0.333333,0.072983,2.625
W45,AVG,3,109,2025-11-06 09:49:37,2025-11-06 09:50:33,LONG,HARD_STOP,1,-250.0,-1257.0,31.0,125.0,3517,True,False,2.0,trend,0.923077,0.5,0.22403,-7.5
W45,AVG,3,110,2025-11-06 09:51:22,2025-11-06 09:53:16,LONG,REVERSAL,1,100.0,493.0,50.0,100.0,5785,False,True,2.0,trend,0.926076,0.484536,0.198538,-5.875
W45,AVG,3,111,2025-11-06 09:53:16,2025-11-06 09:54:55,SHORT,REVERSAL,0,100.0,496.5,100.0,19.0,3016,False,True,0.0,unclear,0.667582,0.234783,0.116517,3.375
W45,AVG,3,112,2025-11-06 09:54:55,2025-11-06 09:59:52,LONG,HARD_STOP,1,-250.0,-1257.0,39.0,125.0,11868,True,False,0.0,unclear,0.946507,0.309091,0.091549,-4.25
W45,AVG,3,113,2025-11-06 10:00:30,2025-11-06 10:02:33,LONG,HARD_STOP,1,-250.0,-1257.0,24.0,125.0,7234,True,False,0.0,unclear,0.990377,0.376147,0.015458,-5.125
W45,AVG,3,114,2025-11-06 10:03:47,2025-11-06 10:04:28,SHORT,REVERSAL,0,101.0,501.5,101.0,25.0,2102,False,True,2.0,trend,0.631683,0.254098,0.292804,3.875
W45,AVG,3,115,2025-11-06 10:04:28,2025-11-06 10:05:16,LONG,REVERSAL,0,100.0,496.5,100.0,59.0,3080,False,True,2.0,trend,0.964286,0.560748,0.158157,-7.5
W45,AVG,3,116,2025-11-06 10:05:16,2025-11-06 10:08:37,SHORT,REVERSAL,0,100.0,496.5,100.0,84.0,8673,False,True,2.0,trend,0.990826,0.421053,0.243995,6.0
W45,AVG,3,117,2025-11-06 10:08:37,2025-11-06 10:09:34,LONG,REVERSAL,0,100.0,496.5,100.0,13.0,2073,False,True,2.0,trend,0.997635,0.62406,0.355757,-10.375
W45,AVG,3,118,2025-11-06 10:09:34,2025-11-06 10:12:45,SHORT,REVERSAL,1,100.0,493.0,65.0,100.0,7881,False,True,2.0,trend,0.994262,0.550725,0.205549,9.5
W45,AVG,3,119,2025-11-06 10:12:45,2025-11-06 10:15:08,LONG,HARD_STOP,1,-250.0,-1257.0,3.0,125.0,5225,True,False,2.0,trend,0.767432,0.409524,0.091346,-5.375
W45,AVG,3,120,2025-11-06 10:15:27,2025-11-06 10:17:18,SHORT,HARD_STOP,1,-252.0,-1267.0,33.0,126.0,4990,True,False,0.0,unclear,0.923077,0.384615,0.036176,5.0
W45,AVG,3,121,2025-11-06 10:18:44,2025-11-06 10:24:01,SHORT,HARD_STOP,1,-250.0,-1257.0,88.0,125.0,11785,True,False,2.0,trend,0.832192,0.6,0.237327,6.75
W45,AVG,3,122,2025-11-06 10:26:27,2025-11-06 10:32:44,LONG,HARD_STOP,1,-252.0,-1267.0,27.0,126.0,11561,True,False,2.0,trend,0.793956,0.520408,0.089032,-6.375
W45,AVG,3,123,2025-11-06 10:33:05,2025-11-06 10:36:31,LONG,HARD_STOP,1,-250.0,-1257.0,33.0,125.0,6830,True,False,1.0,chop,0.363065,0.193182,0.071151,-2.125
W45,AVG,3,124,2025-11-06 10:36:53,2025-11-06 10:40:12,LONG,HARD_STOP,1,-252.0,-1267.0,20.0,126.0,9420,True,False,2.0,trend,0.998521,0.633803,0.096695,-5.625
W45,AVG,3,125,2025-11-06 10:42:25,2025-11-06 10:43:15,LONG,REVERSAL,0,100.0,496.5,100.0,2.0,1388,False,True,0.0,unclear,0.887916,0.315152,0.002475,-6.5
W45,AVG,3,126,2025-11-06 10:43:15,2025-11-06 10:44:23,SHORT,REVERSAL,0,100.0,496.5,100.0,35.0,3436,False,True,2.0,trend,0.977437,0.4,0.154329,4.75
W45,AVG,3,127,2025-11-06 10:44:23,2025-11-06 10:48:44,LONG,REVERSAL,1,100.0,493.0,99.0,100.0,11206,False,True,2.0,trend,0.99395,0.621849,0.074813,-9.25
W45,AVG,3,128,2025-11-06 10:48:44,2025-11-06 10:49:32,SHORT,REVERSAL,0,100.0,496.5,100.0,15.0,1743,False,True,2.0,trend,0.996149,0.565217,0.18136,8.125
W45,AVG,3,129,2025-11-06 10:49:32,2025-11-06 10:49:53,LONG,REVERSAL,0,100.0,496.5,100.0,0.0,706,False,True,0.0,unclear,0.669765,0.333333,0.10971,-4.625
W45,AVG,3,130,2025-11-06 10:49:53,2025-11-06 10:53:33,SHORT,REVERSAL,0,100.0,496.5,100.0,96.0,7776,False,True,0.0,unclear,0.997813,0.342593,0.098237,4.625
W45,AVG,3,131,2025-11-06 10:53:33,2025-11-06 10:54:47,LONG,REVERSAL,0,100.0,496.5,100.0,41.0,2983,False,True,2.0,trend,0.956035,0.479452,0.298765,-8.75
W45,AVG,3,132,2025-11-06 10:54:47,2025-11-06 10:56:29,SHORT,REVERSAL,0,101.0,501.5,101.0,76.0,3466,False,True,2.0,trend,0.892857,0.564516,0.249032,8.75
W45,AVG,3,133,2025-11-06 10:56:29,2025-11-06 11:01:06,LONG,REVERSAL,0,101.0,501.5,101.0,90.0,8567,False,True,0.0,unclear,0.56289,0.273381,0.155388,-4.75
W45,AVG,3,134,2025-11-06 11:01:06,2025-11-06 11:07:19,SHORT,REVERSAL,1,100.0,493.0,84.0,100.0,11044,False,True,2.0,trend,0.989575,0.743802,0.193838,11.25
W45,AVG,3,135,2025-11-06 11:07:19,2025-11-06 11:12:01,LONG,REVERSAL,1,100.0,493.0,69.0,100.0,6374,False,True,2.0,trend,0.798173,0.455882,0.171036,-7.75
W45,AVG,3,136,2025-11-06 11:12:01,2025-11-06 11:18:53,SHORT,REVERSAL,0,100.0,496.5,100.0,92.0,8438,False,True,0.0,unclear,0.904594,0.197531,0.030223,4.0
W45,AVG,3,137,2025-11-06 11:18:53,2025-11-06 11:21:01,LONG,REVERSAL,0,100.0,496.5,100.0,86.0,3205,False,True,2.0,trend,0.958132,0.678363,0.287469,-14.5
W45,AVG,3,138,2025-11-06 11:21:01,2025-11-06 11:22:26,SHORT,REVERSAL,0,100.0,496.5,100.0,21.0,1587,False,True,1.0,chop,0.274169,0.210191,0.192893,-4.125
W45,AVG,3,139,2025-11-06 11:22:26,2025-11-06 11:29:05,LONG,REVERSAL,1,100.0,493.0,50.0,100.0,10285,False,True,2.0,trend,0.985932,0.358025,0.242387,-7.25
W45,AVG,3,140,2025-11-06 11:29:05,2025-11-06 11:30:41,SHORT,REVERSAL,1,100.0,493.0,50.0,100.0,2835,False,True,2.0,trend,0.683814,0.459184,0.185629,5.625
W45,AVG,3,141,2025-11-06 11:30:41,2025-11-06 11:35:33,LONG,HARD_STOP,1,-250.0,-1257.0,60.0,125.0,5330,True,False,2.0,trend,0.966708,0.408759,0.041063,-7.0
W45,AVG,3,142,2025-11-06 11:35:37,2025-11-06 11:36:36,LONG,REVERSAL,0,100.0,496.5,100.0,23.0,2519,False,True,2.0,trend,0.995902,0.441176,0.303345,-5.625
W45,AVG,3,143,2025-11-06 11:36:36,2025-11-06 11:40:26,SHORT,REVERSAL,0,100.0,496.5,100.0,50.0,4614,False,True,0.0,unclear,0.788355,0.364486,0.108005,4.875
W45,AVG,3,144,2025-11-06 11:40:26,2025-11-06 11:52:32,LONG,REVERSAL,0,100.0,496.5,100.0,92.0,15435,False,True,0.0,unclear,0.81203,0.27907,0.055825,-3.0
W45,AVG,3,145,2025-11-06 11:52:32,2025-11-06 11:55:17,SHORT,REVERSAL,0,101.0,501.5,101.0,56.0,4089,False,True,0.0,unclear,0.870968,0.35,0.114558,5.25
W45,AVG,3,146,2025-11-06 11:55:17,2025-11-06 11:56:52,LONG,HARD_STOP,1,-250.0,-1257.0,20.0,125.0,3423,True,False,2.0,trend,0.914202,0.632258,0.135392,-12.25
W45,AVG,3,147,2025-11-06 11:57:50,2025-11-06 12:01:06,SHORT,HARD_STOP,1,-250.0,-1257.0,65.0,125.0,5150,True,False,0.0,unclear,0.953857,0.362069,0.024677,5.25
W45,AVG,3,148,2025-11-06 12:02:09,2025-11-06 12:05:48,LONG,REVERSAL,0,101.0,501.5,101.0,19.0,3468,False,True,0.0,unclear,0.995902,0.319149,0.050453,-5.625
W45,AVG,3,149,2025-11-06 12:05:48,2025-11-06 12:07:29,SHORT,REVERSAL,0,101.0,501.5,101.0,28.0,2244,False,True,0.0,unclear,0.913817,0.361538,0.026549,5.875
W45,AVG,3,150,2025-11-06 12:07:29,2025-11-06 12:09:28,LONG,REVERSAL,0,100.0,496.5,100.0,61.0,2256,False,True,0.0,unclear,0.999422,0.338028,0.103627,-6.0
W45,AVG,3,151,2025-11-06 12:09:28,2025-11-06 12:13:40,SHORT,REVERSAL,1,100.0,493.0,50.0,100.0,6167,False,True,2.0,trend,0.992612,0.483333,0.195431,10.875
W45,AVG,3,152,2025-11-06 12:13:40,2025-11-06 12:18:12,LONG,REVERSAL,1,100.0,493.0,50.0,100.0,5758,False,True,2.0,trend,0.98821,0.61157,0.21363,-9.25
W45,AVG,3,153,2025-11-06 12:18:12,2025-11-06 12:20:08,SHORT,REVERSAL,0,100.0,496.5,100.0,16.0,2215,False,True,2.0,trend,0.983162,0.555556,0.234315,9.375
W45,AVG,3,154,2025-11-06 12:20:08,2025-11-06 12:26:42,LONG,HARD_STOP,1,-250.0,-1257.0,42.0,125.0,7504,True,False,0.0,unclear,0.428571,0.089286,0.078306,-1.25
W45,AVG,3,155,2025-11-06 12:27:19,2025-11-06 12:32:26,SHORT,HARD_STOP,1,-250.0,-1257.0,21.0,125.0,6199,True,False,0.0,unclear,0.878924,0.345679,0.150235,3.5
W45,AVG,3,156,2025-11-06 12:34:21,2025-11-06 12:37:23,LONG,REVERSAL,0,100.0,496.5,100.0,43.0,3277,False,True,2.0,trend,0.982883,0.608696,0.161458,-8.75
W45,AVG,3,157,2025-11-06 12:37:23,2025-11-06 12:39:50,SHORT,REVERSAL,0,101.0,501.5,101.0,10.0,2344,False,True,0.0,unclear,0.942308,0.225806,0.008917,2.625
W45,AVG,3,158,2025-11-06 12:39:50,2025-11-06 12:42:31,LONG,REVERSAL,0,100.0,496.5,100.0,33.0,2418,False,True,2.0,trend,0.928534,0.65812,0.018088,-9.625
W45,AVG,3,159,2025-11-06 12:42:31,2025-11-06 12:48:15,SHORT,HARD_STOP,1,-250.0,-1257.0,8.0,125.0,6996,True,False,2.0,trend,0.964286,0.410959,0.058824,7.5
W45,AVG,3,160,2025-11-06 12:51:38,2025-11-06 13:03:15,SHORT,REVERSAL,0,100.0,496.5,100.0,63.0,10882,False,True,0.0,unclear,0.930412,0.24359,0.045288,2.375
W45,AVG,3,161,2025-11-06 13:03:15,2025-11-06 13:06:00,LONG,HARD_STOP,1,-252.0,-1267.0,26.0,126.0,4547,True,False,2.0,trend,0.821836,0.258333,0.294723,-3.875
W45,AVG,3,162,2025-11-06 13:06:45,2025-11-06 13:23:32,LONG,REVERSAL,0,100.0,496.5,100.0,89.0,15549,False,True,2.0,trend,0.991539,0.446429,0.137637,-6.25
W45,AVG,3,163,2025-11-06 13:23:32,2025-11-06 13:25:26,SHORT,HARD_STOP,1,-252.0,-1267.0,0.0,126.0,2353,True,False,2.0,trend,0.850741,0.398438,0.210797,6.375
W45,AVG,3,164,2025-11-06 13:26:47,2025-11-06 13:27:57,SHORT,REVERSAL,0,100.0,496.5,100.0,6.0,1419,False,True,2.0,trend,0.99937,0.446602,0.057072,5.75
W45,AVG,3,165,2025-11-06 13:27:57,2025-11-06 13:29:07,LONG,REVERSAL,0,100.0,496.5,100.0,0.0,983,False,True,1.0,chop,0.017442,0.048193,0.043189,0.5
W45,AVG,3,166,2025-11-06 13:29:07,2025-11-06 13:46:45,SHORT,REVERSAL,1,100.0,493.0,70.0,100.0,15053,False,True,2.0,trend,0.934559,0.457143,0.120301,6.0
W45,AVG,3,167,2025-11-06 13:46:45,2025-11-06 13:51:23,LONG,REVERSAL,0,100.0,496.5,100.0,38.0,4625,False,True,2.0,trend,0.998644,0.52809,0.016465,-5.875
W45,AVG,3,168,2025-11-06 13:51:23,2025-11-06 13:55:47,SHORT,REVERSAL,0,100.0,496.5,100.0,10.0,2837,False,True,0.0,unclear,0.860643,0.311321,0.120829,4.125
W45,AVG,3,169,2025-11-06 13:55:47,2025-11-06 14:00:47,LONG,REVERSAL,1,100.0,493.0,50.0,100.0,5022,False,True,2.0,trend,0.962203,0.5,0.217933,-8.375
W45,AVG,3,170,2025-11-06 14:00:47,2025-11-06 14:05:23,SHORT,HARD_STOP,1,-250.0,-1257.0,54.0,125.0,5305,True,False,1.0,chop,0.035714,0.04,0.029299,0.5
W45,AVG,3,171,2025-11-06 14:06:24,2025-11-06 14:08:17,SHORT,REVERSAL,0,100.0,496.5,100.0,41.0,2761,False,True,2.0,trend,0.998752,0.556818,0.150538,6.125
W45,AVG,3,172,2025-11-06 14:08:17,2025-11-06 14:14:25,LONG,REVERSAL,0,100.0,496.5,100.0,36.0,4643,False,True,0.0,unclear,0.993243,0.28866,0.110276,-3.5
W45,AVG,3,173,2025-11-06 14:14:25,2025-11-06 14:17:21,SHORT,REVERSAL,0,100.0,496.5,100.0,6.0,2659,False,True,2.0,trend,0.923077,0.44898,0.134503,5.5
W45,AVG,3,174,2025-11-06 14:17:21,2025-11-06 14:25:03,LONG,REVERSAL,0,100.0,496.5,100.0,52.0,5314,False,True,0.0,unclear,0.519231,0.29771,0.070243,-4.875
W45,AVG,3,175,2025-11-06 14:25:03,2025-11-06 14:41:15,SHORT,REVERSAL,1,100.0,493.0,50.0,101.0,14599,False,True,0.0,unclear,0.857567,0.350515,0.141542,4.25
W45,AVG,3,176,2025-11-06 14:41:15,2025-11-06 14:44:42,LONG,REVERSAL,1,98.0,483.0,49.0,102.0,4034,False,True,2.0,trend,0.991403,0.418919,0.279188,-3.875
W45,AVG,3,177,2025-11-06 14:44:42,2025-11-06 14:48:55,SHORT,REVERSAL,0,101.0,501.5,101.0,27.0,3080,False,True,2.0,trend,0.662844,0.17,0.229611,2.125
W45,AVG,3,178,2025-11-06 14:48:55,2025-11-06 14:56:14,LONG,REVERSAL,0,100.0,496.5,100.0,80.0,6934,False,True,2.0,trend,0.985932,0.495726,0.118899,-7.25
W45,AVG,3,179,2025-11-06 14:56:14,2025-11-06 14:59:40,SHORT,REVERSAL,1,100.0,493.0,50.0,100.0,3666,False,True,2.0,trend,0.543233,0.154545,0.2325,2.125
W45,AVG,3,180,2025-11-06 14:59:40,2025-11-06 15:23:49,LONG,REVERSAL,1,100.0,493.0,59.0,109.0,16392,False,True,1.0,chop,0.324324,0.134831,0.120192,-1.5
W45,AVG,3,181,2025-11-06 15:23:49,2025-11-06 15:28:17,SHORT,REVERSAL,0,100.0,496.5,100.0,15.0,2450,False,True,0.0,unclear,1.0,0.230769,0.175501,3.0
W45,AVG,3,182,2025-11-06 15:28:17,2025-11-06 15:32:09,LONG,HARD_STOP,1,-250.0,-1257.0,30.0,125.0,5281,True,False,0.0,unclear,0.897226,0.29,0.106061,-3.625
W45,AVG,3,183,2025-11-06 15:32:58,2025-11-06 15:38:36,SHORT,REVERSAL,1,104.0,513.0,52.0,100.0,5391,False,True,2.0,trend,0.997871,0.420168,0.341085,6.25
W45,AVG,3,184,2025-11-06 15:38:36,2025-11-06 15:45:02,LONG,HARD_STOP,1,-250.0,-1257.0,13.0,125.0,6366,True,False,1.0,chop,0.27204,0.214286,0.089623,-3.0
W45,AVG,3,185,2025-11-06 15:46:22,2025-11-06 15:49:50,LONG,EOD_FLATTEN,1,-42.0,-217.0,3.0,100.0,4720,False,False,2.0,trend,0.970049,0.570248,0.169345,-8.625
W45,AVG,3,186,2025-11-07 09:30:06,2025-11-07 09:32:58,LONG,REVERSAL,1,100.0,493.0,63.0,112.0,9976,False,True,0.0,unclear,0.559587,0.294964,0.048843,-5.125
W45,AVG,3,187,2025-11-07 09:32:58,2025-11-07 09:33:37,SHORT,REVERSAL,0,101.0,501.5,101.0,13.0,1120,False,True,2.0,trend,0.826995,0.484277,0.290886,9.625
W45,AVG,3,188,2025-11-07 09:33:37,2025-11-07 09:36:19,LONG,HARD_STOP,1,-250.0,-1257.0,56.0,125.0,6779,True,False,1.0,chop,0.386581,0.157143,0.021823,-2.75
W45,AVG,3,189,2025-11-07 09:37:07,2025-11-07 09:37:51,LONG,HARD_STOP,1,-250.0,-1257.0,17.0,125.0,3284,True,False,0.0,unclear,0.931257,0.333333,0.035176,-4.25
W45,AVG,3,190,2025-11-07 09:38:37,2025-11-07 09:39:09,SHORT,REVERSAL,0,100.0,496.5,100.0,34.0,1941,False,True,2.0,trend,0.52641,0.186667,0.318788,3.5
W45,AVG,3,191,2025-11-07 09:39:09,2025-11-07 09:42:03,LONG,REVERSAL,0,100.0,496.5,100.0,82.0,9644,False,True,2.0,trend,0.991758,0.5,0.107728,-7.125
W45,AVG,3,192,2025-11-07 09:42:03,2025-11-07 09:46:36,SHORT,REVERSAL,1,100.0,493.0,94.0,100.0,10541,False,True,2.0,trend,0.998848,0.414634,0.142151,4.25
W45,AVG,3,193,2025-11-07 09:46:36,2025-11-07 09:47:25,LONG,REVERSAL,1,100.0,493.0,50.0,100.0,2085,False,True,2.0,trend,0.980741,0.620482,0.315096,-12.875
W45,AVG,3,194,2025-11-07 09:47:25,2025-11-07 09:48:01,SHORT,REVERSAL,0,100.0,496.5,100.0,13.0,1088,False,True,0.0,unclear,0.415899,0.142857,0.181932,2.375
W45,AVG,3,195,2025-11-07 09:48:01,2025-11-07 09:48:28,LONG,REVERSAL,0,100.0,496.5,100.0,23.0,1047,False,True,2.0,trend,0.926076,0.494737,0.17675,-5.875
W45,AVG,3,196,2025-11-07 09:48:28,2025-11-07 09:49:31,SHORT,REVERSAL,1,100.0,493.0,50.0,100.0,2744,False,True,2.0,trend,0.982175,0.377358,0.22399,7.5
W45,AVG,3,197,2025-11-07 09:49:31,2025-11-07 09:50:42,LONG,REVERSAL,1,100.0,493.0,50.0,100.0,2417,False,True,2.0,trend,0.870968,0.39521,0.250936,-8.25
W45,AVG,3,198,2025-11-07 09:50:42,2025-11-07 09:51:18,SHORT,REVERSAL,0,100.0,496.5,100.0,22.0,834,False,True,2.0,trend,0.998584,0.491979,0.088861,11.5
W45,AVG,3,199,2025-11-07 09:51:18,2025-11-07 09:51:29,LONG,REVERSAL,0,100.0,496.5,100.0,15.0,528,False,True,2.0,trend,0.996581,0.405882,0.176774,-8.625
W45,AVG,3,200,2025-11-07 09:51:29,2025-11-07 09:53:04,SHORT,HARD_STOP,1,-251.0,-1262.0,40.0,125.5,3511,True,False,2.0,trend,0.98034,0.666667,0.041775,13.25
W45,AVG,3,201,2025-11-07 09:53:37,2025-11-07 09:56:06,LONG,REVERSAL,0,100.0,496.5,100.0,54.0,3898,False,True,2.0,trend,0.715976,0.153846,0.335907,-2.75
W45,AVG,3,202,2025-11-07 09:56:06,2025-11-07 09:59:08,SHORT,REVERSAL,1,100.0,493.0,76.0,100.0,5477,False,True,0.0,unclear,0.703297,0.214765,0.099164,4.0
W45,AVG,3,203,2025-11-07 09:59:08,2025-11-07 10:00:44,LONG,HARD_STOP,1,-250.0,-1257.0,83.0,125.0,3389,True,False,0.0,unclear,0.981718,0.395683,0.177479,-6.875
W45,AVG,3,204,2025-11-07 10:02:28,2025-11-07 10:03:14,SHORT,REVERSAL,0,100.0,496.5,100.0,30.0,2005,False,True,2.0,trend,0.857567,0.444444,0.143226,8.5
W45,AVG,3,205,2025-11-07 10:03:14,2025-11-07 10:06:16,LONG,HARD_STOP,1,-250.0,-1257.0,30.0,125.0,6327,True,False,2.0,trend,0.854651,0.072917,0.21781,0.875
W45,AVG,3,206,2025-11-07 10:06:50,2025-11-07 10:08:50,LONG,REVERSAL,0,100.0,496.5,100.0,45.0,5381,False,True,0.0,unclear,0.787402,0.307692,0.059524,-2.5
W45,AVG,3,207,2025-11-07 10:08:50,2025-11-07 10:09:54,SHORT,HARD_STOP,1,-250.0,-1257.0,0.0,125.0,3353,True,False,2.0,trend,0.964286,0.465517,0.10362,6.75
W45,AVG,3,208,2025-11-07 10:10:24,2025-11-07 10:12:53,SHORT,REVERSAL,1,98.0,483.0,49.0,102.0,6594,False,True,2.0,trend,0.950128,0.446809,0.065693,7.875
W45,AVG,3,209,2025-11-07 10:12:53,2025-11-07 10:13:48,LONG,REVERSAL,0,100.0,496.5,100.0,0.0,1597,False,True,0.0,unclear,0.890073,0.348485,0.153846,-5.75
W45,AVG,3,210,2025-11-07 10:13:48,2025-11-07 10:17:05,SHORT,REVERSAL,1,102.0,503.0,51.0,100.0,7208,False,True,0.0,unclear,0.627907,0.350365,0.098522,6.0
W45,AVG,3,211,2025-11-07 10:17:05,2025-11-07 10:19:43,LONG,REVERSAL,1,104.0,513.0,52.0,100.0,6202,False,True,2.0,trend,0.994481,0.492063,0.103979,-7.75
W45,AVG,3,212,2025-11-07 10:19:43,2025-11-07 10:21:57,SHORT,REVERSAL,1,100.0,493.0,61.0,100.0,4788,False,True,2.0,trend,0.531105,0.305389,0.288092,6.375
W45,AVG,3,213,2025-11-07 10:21:57,2025-11-07 10:23:48,LONG,HARD_STOP,1,-260.0,-1307.0,92.0,130.0,3746,True,False,2.0,trend,0.984491,0.605263,0.064639,-14.375
W45,AVG,3,214,2025-11-07 10:24:13,2025-11-07 10:24:52,SHORT,REVERSAL,0,100.0,496.5,100.0,28.0,1120,False,True,2.0,trend,0.916811,0.380165,0.238727,5.75
W45,AVG,3,215,2025-11-07 10:24:52,2025-11-07 10:25:46,LONG,REVERSAL,0,100.0,496.5,100.0,11.0,1878,False,True,2.0,trend,0.884249,0.572519,0.185372,-9.375
W45,AVG,3,216,2025-11-07 10:25:46,2025-11-07 10:26:41,SHORT,HARD_STOP,1,-250.0,-1257.0,26.0,125.0,2512,True,False,2.0,trend,0.838125,0.531746,0.267677,8.375
W45,AVG,3,217,2025-11-07 10:26:55,2025-11-07 10:31:07,LONG,HARD_STOP,1,-251.0,-1262.0,65.0,125.5,7565,True,False,2.0,trend,0.862988,0.467105,0.029151,-8.875
W45,AVG,3,218,2025-11-07 10:31:37,2025-11-07 10:32:35,SHORT,REVERSAL,0,100.0,496.5,100.0,12.0,1693,False,True,2.0,trend,0.892857,0.463576,0.087353,8.75
W45,AVG,3,219,2025-11-07 10:32:35,2025-11-07 10:37:07,LONG,REVERSAL,1,104.0,513.0,65.0,118.0,8879,False,True,0.0,unclear,0.926686,0.26,0.037908,-4.875
W45,AVG,3,220,2025-11-07 10:37:07,2025-11-07 10:37:38,SHORT,REVERSAL,0,100.0,496.5,100.0,43.0,998,False,True,2.0,trend,0.868669,0.418803,0.19546,6.125
W45,AVG,3,221,2025-11-07 10:37:38,2025-11-07 10:41:40,LONG,HARD_STOP,1,-251.0,-1262.0,44.0,125.5,6160,True,False,1.0,chop,0.107143,0.055901,0.243243,-1.125
W45,AVG,3,222,2025-11-07 10:44:41,2025-11-07 10:50:28,LONG,REVERSAL,0,100.0,496.5,100.0,90.0,9518,False,True,1.0,chop,0.296703,0.073171,0.178049,-0.75
W45,AVG,3,223,2025-11-07 10:50:28,2025-11-07 10:51:30,SHORT,REVERSAL,0,100.0,496.5,100.0,25.0,1657,False,True,2.0,trend,0.991758,0.348624,0.279373,4.75
W45,AVG,3,224,2025-11-07 10:51:30,2025-11-07 11:00:00,LONG,HARD_STOP,1,-250.0,-1257.0,46.0,125.0,10453,True,False,0.0,unclear,0.926686,0.314516,0.001189,-4.875
W45,AVG,3,225,2025-11-07 11:00:26,2025-11-07 11:04:13,SHORT,REVERSAL,0,100.0,496.5,100.0,61.0,4610,False,True,2.0,trend,0.998848,0.485714,0.247031,6.375
W45,AVG,3,226,2025-11-07 11:04:13,2025-11-07 11:05:00,LONG,REVERSAL,0,100.0,496.5,100.0,9.0,979,False,True,2.0,trend,0.787402,0.48,0.268464,-7.5
W45,AVG,3,227,2025-11-07 11:05:00,2025-11-07 11:06:50,SHORT,REVERSAL,0,100.0,496.5,100.0,37.0,2147,False,True,2.0,trend,0.766296,0.414414,0.099099,5.75
W45,AVG,3,228,2025-11-07 11:06:50,2025-11-07 11:15:18,LONG,HARD_STOP,1,-250.0,-1257.0,47.0,125.0,12440,True,False,2.0,trend,0.997253,0.482456,0.230769,-6.875
W45,AVG,3,229,2025-11-07 11:17:21,2025-11-07 11:23:23,SHORT,HARD_STOP,1,-250.0,-1257.0,52.0,125.0,9379,True,False,2.0,trend,0.970049,0.291139,0.329897,2.875
W45,AVG,3,230,2025-11-07 11:24:41,2025-11-07 11:34:31,LONG,REVERSAL,1,100.0,493.0,50.0,100.0,10196,False,True,0.0,unclear,0.647568,0.307692,0.118437,-4.5
W45,AVG,3,231,2025-11-07 11:34:31,2025-11-07 11:35:38,SHORT,REVERSAL,0,100.0,496.5,100.0,11.0,1898,False,True,2.0,trend,0.805228,0.6,0.29743,10.125
W45,AVG,3,232,2025-11-07 11:35:38,2025-11-07 11:43:52,LONG,REVERSAL,1,100.0,493.0,50.0,102.0,9029,False,True,0.0,unclear,0.99989,0.366667,0.009901,-6.875
W45,AVG,3,233,2025-11-07 11:43:52,2025-11-07 11:46:39,SHORT,REVERSAL,0,100.0,496.5,100.0,54.0,3513,False,True,2.0,trend,0.941094,0.560748,0.221321,7.5
W45,AVG,3,234,2025-11-07 11:46:39,2025-11-07 11:51:23,LONG,REVERSAL,0,100.0,496.5,100.0,35.0,4124,False,True,2.0,trend,0.99937,0.425926,0.166259,-5.75
W45,AVG,3,235,2025-11-07 11:51:23,2025-11-07 11:54:28,SHORT,REVERSAL,0,100.0,496.5,100.0,62.0,3367,False,True,0.0,unclear,0.916811,0.368,0.139975,5.75
W45,AVG,3,236,2025-11-07 11:54:28,2025-11-07 11:57:35,LONG,HARD_STOP,1,-252.0,-1267.0,31.0,126.0,4496,True,False,2.0,trend,1.0,0.428571,0.396498,-6.0
W45,AVG,3,237,2025-11-07 11:59:36,2025-11-07 12:07:03,SHORT,REVERSAL,0,100.0,496.5,100.0,57.0,6258,False,True,0.0,unclear,0.964286,0.220183,0.011349,3.0
W45,AVG,3,238,2025-11-07 12:07:03,2025-11-07 12:11:52,LONG,REVERSAL,0,100.0,496.5,100.0,38.0,4208,False,True,0.0,unclear,0.564367,0.201754,0.188986,-2.875
W45,AVG,3,239,2025-11-07 12:11:52,2025-11-07 12:16:30,SHORT,HARD_STOP,1,-250.0,-1257.0,26.0,125.0,5428,True,False,2.0,trend,0.99365,0.496183,0.126115,8.125
W45,AVG,3,240,2025-11-07 12:20:51,2025-11-07 12:23:29,SHORT,HARD_STOP,1,-252.0,-1267.0,0.0,126.0,4363,True,False,2.0,trend,0.904101,0.545455,0.231707,9.75
W45,AVG,3,241,2025-11-07 12:26:13,2025-11-07 12:28:06,SHORT,REVERSAL,0,100.0,496.5,100.0,33.0,2428,False,True,2.0,trend,0.929157,0.479167,0.15534,5.75
W45,AVG,3,242,2025-11-07 12:28:06,2025-11-07 12:32:41,LONG,REVERSAL,0,100.0,496.5,100.0,52.0,4951,False,True,2.0,trend,0.920158,0.544444,0.242347,-6.125
W45,AVG,3,243,2025-11-07 12:32:41,2025-11-07 12:35:07,SHORT,REVERSAL,0,100.0,496.5,100.0,14.0,2087,False,True,0.0,unclear,0.777738,0.225,0.148338,3.375
W45,AVG,3,244,2025-11-07 12:35:07,2025-11-07 12:37:29,LONG,REVERSAL,0,100.0,496.5,100.0,26.0,2128,False,True,2.0,trend,0.826305,0.503704,0.137356,-8.5
W45,AVG,3,245,2025-11-07 12:37:29,2025-11-07 12:38:28,SHORT,REVERSAL,0,101.0,501.5,101.0,1.0,674,False,True,0.0,unclear,0.519231,0.056075,0.192683,-0.75
W45,AVG,3,246,2025-11-07 12:38:28,2025-11-07 12:48:05,LONG,HARD_STOP,1,-252.0,-1267.0,42.0,126.0,8460,True,False,2.0,trend,0.996277,0.620438,0.108344,-10.625
W45,AVG,3,247,2025-11-07 12:48:53,2025-11-07 12:51:47,LONG,REVERSAL,0,101.0,501.5,101.0,40.0,3285,False,True,2.0,trend,0.951439,0.380165,0.270809,-5.75
W45,AVG,3,248,2025-11-07 12:51:47,2025-11-07 12:57:01,SHORT,HARD_STOP,1,-251.0,-1262.0,71.0,125.5,5488,True,False,2.0,trend,0.828557,0.55,0.009027,8.25
W45,AVG,3,249,2025-11-07 13:00:14,2025-11-07 13:05:14,SHORT,REVERSAL,0,100.0,496.5,100.0,28.0,4417,False,True,2.0,trend,0.917319,0.520833,0.283978,6.25
W45,AVG,3,250,2025-11-07 13:05:14,2025-11-07 13:08:08,LONG,REVERSAL,0,100.0,496.5,100.0,24.0,2149,False,True,2.0,trend,0.907605,0.598425,0.045121,-9.5
W45,AVG,3,251,2025-11-07 13:08:08,2025-11-07 13:17:45,SHORT,REVERSAL,1,100.0,493.0,50.0,100.0,8153,False,True,2.0,trend,0.712589,0.454545,0.188005,7.5
W45,AVG,3,252,2025-11-07 13:17:45,2025-11-07 13:18:34,LONG,REVERSAL,0,100.0,496.5,100.0,13.0,882,False,True,0.0,unclear,0.791531,0.395604,0.095526,-4.5
W45,AVG,3,253,2025-11-07 13:18:34,2025-11-07 13:25:38,SHORT,HARD_STOP,1,-250.0,-1257.0,52.0,125.0,7180,True,False,0.0,unclear,0.968894,0.252174,0.174489,3.625
W45,AVG,3,254,2025-11-07 13:31:44,2025-11-07 13:36:16,SHORT,REVERSAL,0,100.0,496.5,100.0,23.0,4197,False,True,0.0,unclear,0.75,0.265823,0.049763,2.625
W45,AVG,3,255,2025-11-07 13:36:16,2025-11-07 13:39:03,LONG,REVERSAL,0,100.0,496.5,100.0,43.0,2576,False,True,2.0,trend,0.859599,0.416667,0.082707,-5.0
W45,AVG,3,256,2025-11-07 13:39:03,2025-11-07 13:47:52,SHORT,REVERSAL,0,100.0,496.5,100.0,98.0,7258,False,True,0.0,unclear,0.953008,0.128713,0.053528,1.625
W45,AVG,3,257,2025-11-07 13:47:52,2025-11-07 13:54:05,LONG,HARD_STOP,1,-251.0,-1262.0,40.0,125.5,6639,True,False,2.0,trend,0.949367,0.416667,0.068127,-5.0
W45,AVG,3,258,2025-11-07 13:54:59,2025-11-07 13:58:00,SHORT,HARD_STOP,1,-250.0,-1257.0,5.0,125.0,4087,True,False,2.0,trend,0.999926,0.644231,0.163683,8.375
W45,AVG,3,259,2025-11-07 14:00:00,2025-11-07 14:02:09,LONG,REVERSAL,0,100.0,496.5,100.0,69.0,2195,False,True,2.0,trend,0.997253,0.578947,0.334951,-9.625
W45,AVG,3,260,2025-11-07 14:02:09,2025-11-07 14:31:26,SHORT,HARD_STOP,1,-250.0,-1257.0,89.0,125.0,20691,True,False,1.0,chop,0.107143,0.136364,0.151832,-2.25
W45,AVG,3,261,2025-11-07 14:36:02,2025-11-07 14:40:33,SHORT,HARD_STOP,1,-250.0,-1257.0,24.0,125.0,6214,True,False,0.0,unclear,0.767432,0.367521,0.176322,5.375
W45,AVG,3,262,2025-11-07 14:41:12,2025-11-07 14:45:20,SHORT,REVERSAL,1,100.0,493.0,66.0,100.0,7199,False,True,2.0,trend,0.999245,0.43299,0.058403,5.25
W45,AVG,3,263,2025-11-07 14:45:20,2025-11-07 14:48:58,LONG,REVERSAL,1,100.0,493.0,54.0,100.0,5708,False,True,1.0,chop,0.017442,0.017544,0.079046,0.25
W45,AVG,3,264,2025-11-07 14:48:58,2025-11-07 15:02:54,SHORT,HARD_STOP,1,-250.0,-1257.0,66.0,125.0,12558,True,False,0.0,unclear,0.56289,0.162393,0.042184,2.375
W45,AVG,3,265,2025-11-07 15:03:12,2025-11-07 15:04:14,LONG,REVERSAL,0,102.0,506.5,102.0,4.0,926,False,True,2.0,trend,0.995902,0.632812,0.015228,-10.125
W45,AVG,3,266,2025-11-07 15:04:14,2025-11-07 15:05:02,SHORT,REVERSAL,0,100.0,496.5,100.0,23.0,1344,False,True,2.0,trend,0.969407,0.452174,0.103979,6.5
W45,AVG,3,267,2025-11-07 15:05:02,2025-11-07 15:08:27,LONG,REVERSAL,1,100.0,493.0,53.0,100.0,6510,False,True,2.0,trend,0.941094,0.612245,0.236271,-7.5
W45,AVG,3,268,2025-11-07 15:08:27,2025-11-07 15:14:41,SHORT,REVERSAL,1,100.0,493.0,50.0,100.0,4791,False,True,0.0,unclear,0.892857,0.387597,0.110285,6.25
W45,AVG,3,269,2025-11-07 15:14:41,2025-11-07 15:19:07,LONG,HARD_STOP,1,-250.0,-1257.0,54.0,125.0,3552,True,False,0.0,unclear,0.703297,0.129032,0.056098,2.0
W45,AVG,3,270,2025-11-07 15:19:32,2025-11-07 15:21:02,SHORT,REVERSAL,0,100.0,496.5,100.0,15.0,1389,False,True,2.0,trend,0.992172,0.230088,0.273148,3.25
W45,AVG,3,271,2025-11-07 15:21:02,2025-11-07 15:27:38,LONG,REVERSAL,1,102.0,503.0,89.0,100.0,6975,False,True,0.0,unclear,0.867921,0.377551,0.174757,-4.625
W45,AVG,3,272,2025-11-07 15:27:38,2025-11-07 15:29:52,SHORT,REVERSAL,1,102.0,503.0,51.0,100.0,2800,False,True,2.0,trend,0.950128,0.533898,0.141414,7.875
W45,AVG,3,273,2025-11-07 15:29:52,2025-11-07 15:30:22,LONG,REVERSAL,0,101.0,501.5,101.0,2.0,612,False,True,2.0,trend,0.982244,0.528986,0.228537,-9.125
W45,AVG,3,274,2025-11-07 15:30:22,2025-11-07 15:44:00,SHORT,HARD_STOP,1,-250.0,-1257.0,30.0,125.0,11885,True,False,2.0,trend,0.983162,0.547445,0.155779,9.375
W45,AVG,3,275,2025-11-07 15:46:02,2025-11-07 15:49:50,LONG,EOD_FLATTEN,1,-236.0,-1187.0,62.0,120.0,3668,False,False,2.0,trend,0.979592,0.523364,0.203562,-7.0
W44,GOOD,3,0,2025-10-27 09:30:06,2025-10-27 09:35:02,SHORT,REVERSAL,0,100.0,496.5,100.0,82.0,13555,False,True,0.0,unclear,0.704702,0.305556,0.116105,4.125
W44,GOOD,3,1,2025-10-27 09:35:02,2025-10-27 09:38:46,LONG,REVERSAL,0,100.0,496.5,100.0,70.0,8901,False,True,2.0,trend,0.644737,0.393258,0.209357,-4.375
W44,GOOD,3,2,2025-10-27 09:38:46,2025-10-27 09:41:59,SHORT,REVERSAL,0,100.0,496.5,100.0,32.0,5791,False,True,2.0,trend,0.771411,0.384615,0.276074,4.375
W44,GOOD,3,3,2025-10-27 09:41:59,2025-10-27 09:44:42,LONG,REVERSAL,0,100.0,496.5,100.0,7.0,3405,False,True,2.0,trend,0.991758,0.558824,0.156328,-4.75
W44,GOOD,3,4,2025-10-27 09:44:42,2025-10-27 09:51:18,SHORT,REVERSAL,0,100.0,496.5,100.0,36.0,7549,False,True,2.0,trend,0.964286,0.46875,0.114428,3.75
W44,GOOD,3,5,2025-10-27 09:51:18,2025-10-27 09:52:54,LONG,REVERSAL,0,100.0,496.5,100.0,22.0,2123,False,True,2.0,trend,0.987925,0.52809,0.255474,-5.875
W44,GOOD,3,6,2025-10-27 09:52:54,2025-10-27 10:17:38,SHORT,REVERSAL,1,100.0,493.0,50.0,100.0,28145,False,True,0.0,unclear,0.428571,0.133333,0.096314,1.25
W44,GOOD,3,7,2025-10-27 10:17:38,2025-10-27 10:29:01,LONG,REVERSAL,0,100.0,496.5,100.0,64.0,13007,False,True,0.0,unclear,0.946507,0.22973,0.114313,-2.125
W44,GOOD,3,8,2025-10-27 10:29:01,2025-10-27 10:51:03,SHORT,REVERSAL,1,100.0,493.0,50.0,100.0,20385,False,True,1.0,chop,0.196721,0.173913,0.043928,1.0
W44,GOOD,3,9,2025-10-27 10:51:03,2025-10-27 11:11:56,LONG,REVERSAL,0,100.0,496.5,100.0,51.0,17246,False,True,0.0,unclear,0.803279,0.237288,0.119332,-1.75
W44,GOOD,3,10,2025-10-27 11:11:56,2025-10-27 14:17:23,SHORT,HARD_STOP,1,-250.0,-1257.0,59.0,125.0,84139,True,False,1.0,chop,0.182432,0.047619,0.11054,0.375
W44,GOOD,3,11,2025-10-27 15:22:31,2025-10-27 15:46:32,LONG,REVERSAL,0,100.0,496.5,100.0,3.0,14776,False,True,2.0,trend,0.824176,0.512821,0.145072,-2.5
W44,GOOD,3,12,2025-10-27 15:46:32,2025-10-27 15:49:50,SHORT,EOD_FLATTEN,0,-13.0,-68.5,6.0,31.0,4684,False,False,0.0,unclear,0.892857,0.322581,0.190955,1.25
W44,GOOD,3,13,2025-10-28 09:30:10,2025-10-28 09:35:58,SHORT,REVERSAL,0,100.0,496.5,100.0,84.0,13135,False,True,0.0,unclear,0.712589,0.307692,0.17546,2.5
W44,GOOD,3,14,2025-10-28 09:35:58,2025-10-28 09:41:19,LONG,REVERSAL,0,100.0,496.5,100.0,29.0,8139,False,True,2.0,trend,0.730276,0.4,0.300645,-4.75
W44,GOOD,3,15,2025-10-28 09:41:19,2025-10-28 09:48:24,SHORT,REVERSAL,0,100.0,496.5,100.0,32.0,8452,False,True,2.0,trend,0.868347,0.457447,0.069357,5.375
W44,GOOD,3,16,2025-10-28 09:48:24,2025-10-28 09:56:04,LONG,REVERSAL,0,100.0,496.5,100.0,77.0,11131,False,True,0.0,unclear,0.722259,0.364865,0.105328,-3.375
W44,GOOD,3,17,2025-10-28 09:56:04,2025-10-28 10:21:05,SHORT,REVERSAL,0,100.0,496.5,100.0,47.0,22133,False,True,2.0,trend,0.998584,0.681481,0.72314,11.5
W44,GOOD,3,18,2025-10-28 10:21:05,2025-10-28 10:37:18,LONG,REVERSAL,1,100.0,493.0,71.0,100.0,15596,False,True,1.0,chop,0.010274,0.013514,0.271338,-0.125
W44,GOOD,3,19,2025-10-28 10:37:18,2025-10-28 10:40:23,SHORT,REVERSAL,0,100.0,496.5,100.0,13.0,3168,False,True,2.0,trend,0.975806,0.540984,0.303483,4.125
W44,GOOD,3,20,2025-10-28 10:40:23,2025-10-28 11:02:01,LONG,REVERSAL,0,100.0,496.5,100.0,60.0,18067,False,True,2.0,trend,0.584101,0.366197,0.268949,-3.25
W44,GOOD,3,21,2025-10-28 11:02:01,2025-10-28 11:35:20,SHORT,REVERSAL,0,100.0,496.5,100.0,32.0,17877,False,True,2.0,trend,0.967828,0.493506,0.173397,4.75
W44,GOOD,3,22,2025-10-28 11:35:20,2025-10-28 11:37:44,LONG,REVERSAL,0,100.0,496.5,100.0,71.0,3544,False,True,2.0,trend,0.984925,0.405797,0.211268,-3.5
W44,GOOD,3,23,2025-10-28 11:37:44,2025-10-28 12:27:53,SHORT,HARD_STOP,1,-250.0,-1257.0,70.0,125.0,29459,True,False,2.0,trend,0.993243,0.466667,0.303828,4.375
W44,GOOD,3,24,2025-10-28 12:30:45,2025-10-28 12:30:59,SHORT,REVERSAL,1,98.0,483.0,49.0,102.0,3137,False,True,2.0,trend,0.936074,0.748031,0.592068,11.875
W44,GOOD,3,25,2025-10-28 12:30:59,2025-10-28 12:32:26,LONG,REVERSAL,1,100.0,493.0,57.0,103.0,4983,False,True,2.0,trend,0.993243,0.598291,0.140394,-8.75
W44,GOOD,3,26,2025-10-28 12:32:26,2025-10-28 13:59:15,SHORT,HARD_STOP,1,-250.0,-1257.0,92.0,125.0,54982,True,False,0.0,unclear,0.874167,0.309735,0.184416,4.375
W44,GOOD,3,27,2025-10-28 14:18:28,2025-10-28 15:26:46,SHORT,HARD_STOP,1,-250.0,-1257.0,6.0,125.0,40053,True,False,0.0,unclear,0.367409,0.255814,0.173077,1.375
W44,GOOD,3,28,2025-10-28 15:40:09,2025-10-28 15:49:50,LONG,EOD_FLATTEN,0,-86.0,-433.5,9.0,92.0,10891,False,False,2.0,trend,0.935567,0.415094,0.072611,-2.75
W44,GOOD,3,29,2025-10-29 09:33:00,2025-10-29 09:37:18,SHORT,REVERSAL,0,100.0,496.5,100.0,10.0,8600,False,True,2.0,trend,0.989726,0.395349,0.532934,2.125
W44,GOOD,3,30,2025-10-29 09:37:18,2025-10-29 09:51:19,LONG,REVERSAL,0,100.0,496.5,100.0,42.0,21690,False,True,2.0,trend,0.998972,0.444444,0.192982,-4.5
W44,GOOD,3,31,2025-10-29 09:51:19,2025-10-29 10:04:29,SHORT,REVERSAL,1,100.0,493.0,50.0,100.0,19206,False,True,2.0,trend,0.951786,0.541284,0.701657,7.375
W44,GOOD,3,32,2025-10-29 10:04:29,2025-10-29 10:13:29,LONG,REVERSAL,1,100.0,493.0,50.0,100.0,11009,False,True,2.0,trend,0.897226,0.508772,0.203496,-3.625
W44,GOOD,3,33,2025-10-29 10:13:29,2025-10-29 10:49:48,SHORT,REVERSAL,0,100.0,496.5,100.0,73.0,28778,False,True,0.0,unclear,0.923077,0.285714,0.153086,2.0
W44,GOOD,3,34,2025-10-29 10:49:48,2025-10-29 11:19:17,LONG,REVERSAL,1,100.0,493.0,68.0,100.0,30214,False,True,2.0,trend,0.821836,0.492063,0.108545,-3.875
W44,GOOD,3,35,2025-10-29 11:19:17,2025-10-29 11:33:18,SHORT,REVERSAL,0,100.0,496.5,100.0,46.0,9287,False,True,2.0,trend,0.968894,0.5,0.178615,3.625
W44,GOOD,3,36,2025-10-29 11:33:18,2025-10-29 12:21:08,LONG,REVERSAL,1,100.0,493.0,50.0,100.0,38998,False,True,1.0,chop,0.142433,0.114286,0.175743,-1.0
W44,GOOD,3,37,2025-10-29 12:21:08,2025-10-29 13:23:10,SHORT,REVERSAL,1,100.0,493.0,54.0,100.0,26822,False,True,2.0,trend,0.85832,0.55102,0.060345,3.375
W44,GOOD,3,38,2025-10-29 13:23:10,2025-10-29 13:52:19,LONG,REVERSAL,0,100.0,496.5,100.0,85.0,10636,False,True,0.0,unclear,0.817568,0.309859,0.13981,-2.75
W44,GOOD,3,39,2025-10-29 13:52:19,2025-10-29 14:03:01,SHORT,REVERSAL,0,100.0,496.5,100.0,99.0,6302,False,True,0.0,unclear,0.505155,0.194444,0.17284,1.75
W44,GOOD,3,40,2025-10-29 14:03:01,2025-10-29 14:06:10,LONG,REVERSAL,1,102.0,503.0,51.0,100.0,3752,False,True,2.0,trend,0.999019,0.693548,0.10184,-16.125
W44,GOOD,3,41,2025-10-29 14:06:10,2025-10-29 14:15:12,SHORT,REVERSAL,0,100.0,496.5,100.0,76.0,5721,False,True,0.0,unclear,0.900133,0.313253,0.199498,6.5
W44,GOOD,3,42,2025-10-29 14:15:12,2025-10-29 14:16:51,LONG,REVERSAL,0,100.0,496.5,100.0,11.0,1240,False,True,0.0,unclear,0.842105,0.142857,0.182898,-2.0
W44,GOOD,3,43,2025-10-29 14:16:51,2025-10-29 14:35:24,SHORT,REVERSAL,1,100.0,493.0,80.0,122.0,12588,False,True,1.0,chop,0.222765,0.134921,0.16886,2.125
W44,GOOD,3,44,2025-10-29 14:35:24,2025-10-29 14:35:29,LONG,HARD_STOP,1,-253.0,-1272.0,9.0,126.5,1078,True,False,2.0,trend,0.954853,0.490446,0.164557,-9.625
W44,GOOD,3,45,2025-10-29 14:35:30,2025-10-29 14:35:36,LONG,REVERSAL,1,100.0,493.0,50.0,100.0,1913,False,True,2.0,trend,0.96797,0.334862,0.291353,-9.125
W44,GOOD,3,46,2025-10-29 14:35:36,2025-10-29 14:36:00,SHORT,REVERSAL,0,100.0,496.5,100.0,94.0,2288,False,True,0.0,unclear,0.998521,0.27907,0.010804,7.5
W44,GOOD,3,47,2025-10-29 14:36:00,2025-10-29 14:36:34,LONG,REVERSAL,0,100.0,496.5,100.0,60.0,2685,False,True,2.0,trend,0.923077,0.616667,0.243373,-18.5
W44,GOOD,3,48,2025-10-29 14:36:34,2025-10-29 14:36:40,SHORT,REVERSAL,0,100.0,496.5,100.0,10.0,298,False,True,0.0,unclear,0.863892,0.283186,0.002288,8.0
W44,GOOD,3,49,2025-10-29 14:36:40,2025-10-29 14:36:57,LONG,REVERSAL,1,100.0,493.0,50.0,100.0,1533,False,True,1.0,chop,0.073647,0.081081,0.010178,-2.625
W44,GOOD,3,50,2025-10-29 14:36:57,2025-10-29 14:37:35,SHORT,REVERSAL,0,100.0,496.5,100.0,64.0,1674,False,True,2.0,trend,0.99632,0.687783,0.222363,19.0
W44,GOOD,3,51,2025-10-29 14:37:35,2025-10-29 14:39:28,LONG,HARD_STOP,1,-250.0,-1257.0,87.0,125.0,5324,True,False,1.0,chop,0.051939,0.042373,0.076167,-1.25
W44,GOOD,3,52,2025-10-29 14:39:38,2025-10-29 14:39:57,SHORT,REVERSAL,0,101.0,501.5,101.0,7.0,754,False,True,0.0,unclear,0.560631,0.08427,0.178824,-1.875
W44,GOOD,3,53,2025-10-29 14:39:57,2025-10-29 14:40:11,LONG,REVERSAL,0,100.0,496.5,100.0,0.0,708,False,True,0.0,unclear,0.990826,0.065574,0.159036,-1.5
W44,GOOD,3,54,2025-10-29 14:40:11,2025-10-29 14:40:28,SHORT,REVERSAL,0,100.0,496.5,100.0,26.0,906,False,True,0.0,unclear,0.981248,0.37766,0.082411,8.875
W44,GOOD,3,55,2025-10-29 14:40:28,2025-10-29 14:40:41,LONG,REVERSAL,0,100.0,496.5,100.0,69.0,660,False,True,0.0,unclear,0.691736,0.303318,0.040698,-8.0
W44,GOOD,3,56,2025-10-29 14:40:41,2025-10-29 14:41:12,SHORT,REVERSAL,0,101.0,501.5,101.0,23.0,1139,False,True,2.0,trend,0.999131,0.533074,0.056645,17.125
W44,GOOD,3,57,2025-10-29 14:41:12,2025-10-29 14:41:36,LONG,REVERSAL,1,104.0,513.0,52.0,100.0,958,False,True,2.0,trend,0.993579,0.514658,0.046341,-19.75
W44,GOOD,3,58,2025-10-29 14:41:36,2025-10-29 14:43:16,SHORT,REVERSAL,0,100.0,496.5,100.0,47.0,2874,False,True,0.0,unclear,0.740508,0.367442,0.084541,9.875
W44,GOOD,3,59,2025-10-29 14:43:16,2025-10-29 14:43:22,LONG,REVERSAL,0,101.0,501.5,101.0,2.0,166,False,True,0.0,unclear,0.955649,0.279167,0.020501,8.375
W44,GOOD,3,60,2025-10-29 14:43:22,2025-10-29 14:43:36,SHORT,HARD_STOP,1,-260.0,-1307.0,0.0,130.0,754,True,False,2.0,trend,0.978283,0.459259,0.141907,15.5
W44,GOOD,3,61,2025-10-29 14:43:54,2025-10-29 14:44:23,LONG,HARD_STOP,1,-250.0,-1257.0,21.0,125.0,1155,True,False,2.0,trend,0.965679,0.510417,0.235417,-12.25
W44,GOOD,3,62,2025-10-29 14:45:01,2025-10-29 14:45:09,LONG,REVERSAL,0,104.0,516.5,104.0,7.0,281,False,True,0.0,unclear,1.0,0.076923,0.003755,-1.75
W44,GOOD,3,63,2025-10-29 14:45:09,2025-10-29 14:45:23,SHORT,HARD_STOP,1,-252.0,-1267.0,0.0,126.0,604,True,False,2.0,trend,0.701131,0.44958,0.007982,13.375
W44,GOOD,3,64,2025-10-29 14:45:36,2025-10-29 14:46:58,LONG,REVERSAL,0,100.0,496.5,100.0,88.0,2485,False,True,2.0,trend,0.940251,0.40113,0.227799,-8.875
W44,GOOD,3,65,2025-10-29 14:46:58,2025-10-29 14:47:13,SHORT,REVERSAL,0,102.0,506.5,102.0,8.0,517,False,True,1.0,chop,0.028335,0.028,0.248018,0.875
W44,GOOD,3,66,2025-10-29 14:47:13,2025-10-29 14:48:26,LONG,REVERSAL,1,104.0,513.0,96.0,100.0,2107,False,True,2.0,trend,0.944043,0.461111,0.111369,-10.375
W44,GOOD,3,67,2025-10-29 14:48:26,2025-10-29 14:49:27,SHORT,REVERSAL,1,102.0,503.0,51.0,100.0,1452,False,True,0.0,unclear,0.883843,0.195455,0.127582,5.375
W44,GOOD,3,68,2025-10-29 14:49:27,2025-10-29 14:50:06,LONG,REVERSAL,0,101.0,501.5,101.0,20.0,802,False,True,0.0,unclear,0.49689,0.362694,0.073001,-8.75
W44,GOOD,3,69,2025-10-29 14:50:06,2025-10-29 14:51:46,SHORT,HARD_STOP,1,-250.0,-1257.0,31.0,125.0,4315,True,False,2.0,trend,0.97331,0.530864,0.13617,16.125
W44,GOOD,3,70,2025-10-29 14:52:10,2025-10-29 14:52:31,SHORT,REVERSAL,0,100.0,496.5,100.0,5.0,544,False,True,1.0,chop,0.179748,0.121951,0.115663,-2.5
W44,GOOD,3,71,2025-10-29 14:52:31,2025-10-29 14:54:24,LONG,REVERSAL,0,100.0,496.5,100.0,18.0,2404,False,True,0.0,unclear,0.996678,0.243902,0.06599,-5.0
W44,GOOD,3,72,2025-10-29 14:54:24,2025-10-29 14:56:05,SHORT,REVERSAL,1,100.0,493.0,77.0,100.0,3936,False,True,2.0,trend,0.999543,0.465517,0.325843,10.125
W44,GOOD,3,73,2025-10-29 14:56:05,2025-10-29 14:57:25,LONG,REVERSAL,1,100.0,493.0,50.0,100.0,2140,False,True,2.0,trend,0.998848,0.449735,0.068293,-10.625
W44,GOOD,3,74,2025-10-29 14:57:25,2025-10-29 14:58:20,SHORT,REVERSAL,0,100.0,496.5,100.0,80.0,1569,False,True,2.0,trend,0.990188,0.530488,0.040404,10.875
W44,GOOD,3,75,2025-10-29 14:58:20,2025-10-29 14:59:14,LONG,REVERSAL,0,100.0,496.5,100.0,41.0,1028,False,True,0.0,unclear,0.998147,0.29646,0.0,-8.375
W44,GOOD,3,76,2025-10-29 14:59:14,2025-10-29 14:59:33,SHORT,REVERSAL,0,100.0,496.5,100.0,7.0,312,False,True,1.0,chop,0.13585,0.088785,0.065445,2.375
W44,GOOD,3,77,2025-10-29 14:59:33,2025-10-29 15:00:10,LONG,REVERSAL,0,100.0,496.5,100.0,20.0,813,False,True,1.0,chop,0.000415,0.005025,0.021687,-0.125
W44,GOOD,3,78,2025-10-29 15:00:10,2025-10-29 15:01:16,SHORT,REVERSAL,0,100.0,496.5,100.0,56.0,2073,False,True,0.0,unclear,0.784805,0.262195,0.025707,5.375
W44,GOOD,3,79,2025-10-29 15:01:16,2025-10-29 15:03:02,LONG,REVERSAL,1,100.0,493.0,50.0,100.0,2747,False,True,2.0,trend,0.519231,0.190244,0.21822,-4.875
W44,GOOD,3,80,2025-10-29 15:03:02,2025-10-29 15:03:40,SHORT,REVERSAL,0,100.0,496.5,100.0,60.0,986,False,True,2.0,trend,0.999802,0.433862,0.204301,10.25
W44,GOOD,3,81,2025-10-29 15:03:40,2025-10-29 15:05:06,LONG,REVERSAL,1,100.0,493.0,50.0,103.0,2814,False,True,2.0,trend,0.999131,0.658654,0.078977,-17.125
W44,GOOD,3,82,2025-10-29 15:05:06,2025-10-29 15:06:01,SHORT,HARD_STOP,1,-250.0,-1257.0,35.0,125.0,1459,True,False,2.0,trend,0.999781,0.414894,0.032037,9.75
W44,GOOD,3,83,2025-10-29 15:07:09,2025-10-29 15:17:21,SHORT,REVERSAL,0,102.0,506.5,102.0,88.0,9673,False,True,0.0,unclear,0.577502,0.254717,0.065539,6.75
W44,GOOD,3,84,2025-10-29 15:17:21,2025-10-29 15:19:23,LONG,REVERSAL,0,100.0,496.5,100.0,94.0,2146,False,True,0.0,unclear,0.68915,0.281609,0.15139,-6.125
W44,GOOD,3,85,2025-10-29 15:19:23,2025-10-29 15:20:36,SHORT,REVERSAL,0,100.0,496.5,100.0,18.0,1166,False,True,0.0,unclear,0.895743,0.303448,0.101942,5.5
W44,GOOD,3,86,2025-10-29 15:20:36,2025-10-29 15:20:52,LONG,REVERSAL,0,100.0,496.5,100.0,2.0,294,False,True,1.0,chop,0.153549,0.098039,0.12261,-1.875
W44,GOOD,3,87,2025-10-29 15:20:52,2025-10-29 15:23:21,SHORT,REVERSAL,1,99.0,488.0,64.0,101.0,2968,False,True,2.0,trend,0.918544,0.472637,0.066505,11.875
W44,GOOD,3,88,2025-10-29 15:23:21,2025-10-29 15:25:21,LONG,REVERSAL,0,101.0,501.5,101.0,36.0,1735,False,True,2.0,trend,0.844633,0.4,0.090308,-8.75
W44,GOOD,3,89,2025-10-29 15:25:21,2025-10-29 15:28:28,SHORT,REVERSAL,0,100.0,496.5,100.0,57.0,3065,False,True,0.0,unclear,0.634803,0.28022,0.112195,6.375
W44,GOOD,3,90,2025-10-29 15:28:28,2025-10-29 15:36:07,LONG,HARD_STOP,1,-252.0,-1267.0,34.0,126.0,7237,True,False,2.0,trend,0.75,0.449102,0.141827,-9.375
W44,GOOD,3,91,2025-10-29 15:37:15,2025-10-29 15:40:08,SHORT,HARD_STOP,1,-251.0,-1262.0,25.0,125.5,3239,True,False,2.0,trend,0.851586,0.467626,0.16152,8.125
W44,GOOD,3,92,2025-10-29 15:41:03,2025-10-29 15:43:49,LONG,REVERSAL,1,100.0,493.0,84.0,100.0,3107,False,True,1.0,chop,0.030291,0.033333,0.017065,-0.625
W44,GOOD,3,93,2025-10-29 15:43:49,2025-10-29 15:47:13,SHORT,REVERSAL,1,100.0,493.0,74.0,100.0,3731,False,True,2.0,trend,0.953008,0.433333,0.058673,8.125
W44,GOOD,3,94,2025-10-29 15:47:13,2025-10-29 15:48:16,LONG,REVERSAL,0,103.0,511.5,103.0,6.0,851,False,True,2.0,trend,0.899502,0.158333,0.255422,-2.375
W44,GOOD,3,95,2025-10-29 15:48:16,2025-10-29 15:49:50,SHORT,EOD_FLATTEN,0,-8.0,-43.5,7.0,74.0,1566,False,False,0.0,unclear,0.93232,0.310345,0.135834,5.625
W44,GOOD,3,96,2025-10-30 09:30:07,2025-10-30 09:33:22,LONG,HARD_STOP,1,-250.0,-1257.0,41.0,125.0,10362,True,False,0.0,unclear,0.919203,0.381443,0.186074,-4.625
W44,GOOD,3,97,2025-10-30 09:34:52,2025-10-30 09:36:29,LONG,HARD_STOP,1,-250.0,-1257.0,17.0,125.0,4919,True,False,2.0,trend,0.839414,0.407407,0.27521,-4.125
W44,GOOD,3,98,2025-10-30 09:36:59,2025-10-30 09:43:01,LONG,REVERSAL,1,99.0,488.0,53.0,103.5,19295,False,True,0.0,unclear,0.930412,0.275362,0.125945,-2.375
W44,GOOD,3,99,2025-10-30 09:43:01,2025-10-30 09:46:25,SHORT,HARD_STOP,1,-252.0,-1267.0,95.0,126.0,10810,True,False,0.0,unclear,0.772706,0.308411,0.135802,4.125
W44,GOOD,3,100,2025-10-30 09:47:47,2025-10-30 09:48:13,LONG,REVERSAL,0,102.0,506.5,102.0,6.0,836,False,True,1.0,chop,0.314767,0.152542,0.086634,-2.25
W44,GOOD,3,101,2025-10-30 09:48:13,2025-10-30 09:50:12,SHORT,HARD_STOP,1,-250.0,-1257.0,6.0,125.0,5369,True,False,0.0,unclear,0.99266,0.356061,0.126437,5.875
W44,GOOD,3,102,2025-10-30 09:50:40,2025-10-30 09:54:37,SHORT,HARD_STOP,1,-250.0,-1257.0,34.0,125.0,8878,True,False,1.0,chop,0.079119,0.08871,0.290629,1.375
W44,GOOD,3,103,2025-10-30 09:55:12,2025-10-30 10:00:21,LONG,REVERSAL,0,100.0,496.5,100.0,46.0,8829,False,True,0.0,unclear,0.564367,0.209091,0.073604,-2.875
W44,GOOD,3,104,2025-10-30 10:00:21,2025-10-30 10:01:10,SHORT,REVERSAL,1,100.0,493.0,50.0,100.0,3313,False,True,2.0,trend,0.989726,0.503704,0.217822,8.5
W44,GOOD,3,105,2025-10-30 10:01:10,2025-10-30 10:04:41,LONG,HARD_STOP,1,-252.0,-1267.0,61.0,126.0,5851,True,False,1.0,chop,0.355263,0.02069,0.059569,-0.375
W44,GOOD,3,106,2025-10-30 10:05:17,2025-10-30 10:08:12,SHORT,REVERSAL,1,100.0,493.0,50.0,104.0,5556,False,True,0.0,unclear,0.955224,0.347826,0.005115,6.0
W44,GOOD,3,107,2025-10-30 10:08:12,2025-10-30 10:10:11,LONG,HARD_STOP,1,-250.0,-1257.0,63.0,125.0,4581,True,False,1.0,chop,0.00635,0.022222,0.042471,0.375
W44,GOOD,3,108,2025-10-30 10:11:28,2025-10-30 10:13:00,SHORT,REVERSAL,0,101.0,501.5,101.0,15.0,1999,False,True,2.0,trend,0.964286,0.435484,0.039702,6.75
W44,GOOD,3,109,2025-10-30 10:13:00,2025-10-30 10:14:13,LONG,REVERSAL,0,100.0,496.5,100.0,35.0,1985,False,True,2.0,trend,0.894701,0.456954,0.006061,-8.625
W44,GOOD,3,110,2025-10-30 10:14:13,2025-10-30 10:16:57,SHORT,REVERSAL,0,100.0,496.5,100.0,97.0,3960,False,True,0.0,unclear,0.62106,0.147826,0.08,2.125
W44,GOOD,3,111,2025-10-30 10:16:57,2025-10-30 10:18:49,LONG,REVERSAL,1,102.0,503.0,51.0,100.0,3501,False,True,2.0,trend,0.777738,0.425197,0.108642,-6.75
W44,GOOD,3,112,2025-10-30 10:18:49,2025-10-30 10:20:01,SHORT,REVERSAL,0,100.0,496.5,100.0,60.0,1785,False,True,2.0,trend,0.75,0.481203,0.247884,8.0
W44,GOOD,3,113,2025-10-30 10:20:01,2025-10-30 10:21:22,LONG,REVERSAL,0,100.0,496.5,100.0,32.0,2507,False,True,2.0,trend,0.999897,0.471074,0.133098,-7.125
W44,GOOD,3,114,2025-10-30 10:21:22,2025-10-30 10:23:04,SHORT,REVERSAL,0,100.0,496.5,100.0,36.0,2230,False,True,1.0,chop,0.06768,0.047297,0.095785,0.875
W44,GOOD,3,115,2025-10-30 10:23:04,2025-10-30 10:27:17,LONG,REVERSAL,1,100.0,493.0,50.0,100.0,6303,False,True,2.0,trend,0.900897,0.317568,0.270408,-5.875
W44,GOOD,3,116,2025-10-30 10:27:17,2025-10-30 10:28:13,SHORT,REVERSAL,0,100.0,496.5,100.0,18.0,1250,False,True,2.0,trend,0.881068,0.33,0.25679,4.125
W44,GOOD,3,117,2025-10-30 10:28:13,2025-10-30 10:30:04,LONG,REVERSAL,0,100.0,496.5,100.0,33.0,2400,False,True,1.0,chop,0.06768,0.05303,0.23601,0.875
W44,GOOD,3,118,2025-10-30 10:30:04,2025-10-30 10:36:05,SHORT,REVERSAL,1,100.0,493.0,56.0,100.0,7816,False,True,2.0,trend,0.837425,0.439306,0.305936,9.5
W44,GOOD,3,119,2025-10-30 10:36:05,2025-10-30 10:37:45,LONG,REVERSAL,1,100.0,493.0,50.0,100.0,2625,False,True,0.0,unclear,0.860643,0.270492,0.174721,-4.125
W44,GOOD,3,120,2025-10-30 10:37:45,2025-10-30 10:43:28,SHORT,HARD_STOP,1,-250.0,-1257.0,67.0,125.0,6484,True,False,2.0,trend,0.56225,0.335443,0.222642,6.625
W44,GOOD,3,121,2025-10-30 10:45:48,2025-10-30 10:51:32,LONG,HARD_STOP,1,-250.0,-1257.0,8.0,125.0,7777,True,False,2.0,trend,0.941222,0.540323,0.079365,-8.375
W44,GOOD,3,122,2025-10-30 10:52:56,2025-10-30 10:57:50,LONG,REVERSAL,1,99.0,488.0,49.5,101.0,7044,False,True,0.0,unclear,0.839414,0.37931,0.089552,-4.125
W44,GOOD,3,123,2025-10-30 10:57:50,2025-10-30 11:02:42,SHORT,HARD_STOP,1,-250.0,-1257.0,17.0,125.0,6374,True,False,1.0,chop,0.165531,0.156522,0.185554,2.25
W44,GOOD,3,124,2025-10-30 11:06:31,2025-10-30 11:09:06,LONG,REVERSAL,0,101.0,501.5,101.0,19.0,2253,False,True,0.0,unclear,0.850117,0.389381,0.128463,-5.5
W44,GOOD,3,125,2025-10-30 11:09:06,2025-10-30 11:33:44,SHORT,REVERSAL,0,100.0,496.5,100.0,81.0,15950,False,True,0.0,unclear,0.338858,0.198718,0.180124,3.875
W44,GOOD,3,126,2025-10-30 11:33:44,2025-10-30 11:40:13,LONG,HARD_STOP,1,-250.0,-1257.0,36.0,125.0,6417,True,False,0.0,unclear,0.709572,0.349057,0.069136,-4.625
W44,GOOD,3,127,2025-10-30 11:41:14,2025-10-30 11:44:55,LONG,REVERSAL,0,100.0,496.5,100.0,7.0,4400,False,True,2.0,trend,1.0,0.37037,0.214646,-3.75
W44,GOOD,3,128,2025-10-30 11:44:55,2025-10-30 11:47:23,SHORT,REVERSAL,0,100.0,496.5,100.0,46.0,3146,False,True,2.0,trend,1.0,0.288889,0.222989,3.25
W44,GOOD,3,129,2025-10-30 11:47:23,2025-10-30 11:55:19,LONG,REVERSAL,0,100.0,496.5,100.0,36.0,7521,False,True,2.0,trend,0.942308,0.5,0.296894,-7.875
W44,GOOD,3,130,2025-10-30 11:55:19,2025-10-30 12:06:12,SHORT,HARD_STOP,1,-251.0,-1262.0,56.0,125.5,9254,True,False,0.0,unclear,0.845949,0.261364,0.08794,2.875
W44,GOOD,3,131,2025-10-30 12:09:33,2025-10-30 12:33:41,SHORT,REVERSAL,1,100.0,493.0,50.0,100.0,20555,False,True,0.0,unclear,0.845949,0.252747,0.077694,2.875
W44,GOOD,3,132,2025-10-30 12:33:41,2025-10-30 13:05:48,LONG,HARD_STOP,1,-250.0,-1257.0,71.0,125.0,22306,True,False,0.0,unclear,0.835255,0.282609,0.085427,-3.25
W44,GOOD,3,133,2025-10-30 13:08:18,2025-10-30 13:11:15,SHORT,REVERSAL,0,100.0,496.5,100.0,7.0,1542,False,True,0.0,unclear,0.75,0.130952,0.070218,1.375
W44,GOOD,3,134,2025-10-30 13:11:15,2025-10-30 13:22:54,LONG,REVERSAL,0,100.0,496.5,100.0,39.0,7839,False,True,0.0,unclear,0.985441,0.365385,0.028714,-4.75
W44,GOOD,3,135,2025-10-30 13:22:54,2025-10-30 13:35:54,SHORT,REVERSAL,1,100.0,493.0,50.0,111.0,9147,False,True,2.0,trend,0.984491,0.277108,0.313131,2.875
W44,GOOD,3,136,2025-10-30 13:35:54,2025-10-30 13:46:53,LONG,REVERSAL,0,100.0,496.5,100.0,21.0,5062,False,True,0.0,unclear,0.884793,0.136752,0.12232,-2.0
W44,GOOD,3,137,2025-10-30 13:46:53,2025-10-30 14:06:52,SHORT,REVERSAL,0,100.0,496.5,100.0,67.0,10387,False,True,0.0,unclear,0.976845,0.361446,0.169713,3.75
W44,GOOD,3,138,2025-10-30 14:06:52,2025-10-30 14:16:26,LONG,HARD_STOP,1,-250.0,-1257.0,26.0,125.0,7276,True,False,0.0,unclear,0.487982,0.306931,0.102757,-3.875
W44,GOOD,3,139,2025-10-30 14:20:23,2025-10-30 14:21:31,SHORT,REVERSAL,0,102.0,506.5,102.0,6.0,1052,False,True,2.0,trend,0.982558,0.481481,0.078534,4.875
W44,GOOD,3,140,2025-10-30 14:21:31,2025-10-30 14:30:10,LONG,REVERSAL,0,100.0,496.5,100.0,14.0,4806,False,True,2.0,trend,0.994361,0.516854,0.214106,-5.75
W44,GOOD,3,141,2025-10-30 14:30:10,2025-10-30 14:37:58,SHORT,REVERSAL,0,100.0,496.5,100.0,45.0,5126,False,True,2.0,trend,0.770817,0.375,0.268793,4.5
W44,GOOD,3,142,2025-10-30 14:37:58,2025-10-30 14:48:04,LONG,REVERSAL,0,100.0,496.5,100.0,47.0,6884,False,True,2.0,trend,0.859599,0.25974,0.203026,-2.5
W44,GOOD,3,143,2025-10-30 14:48:04,2025-10-30 14:57:32,SHORT,REVERSAL,0,100.0,496.5,100.0,16.0,5887,False,True,2.0,trend,0.881068,0.44898,0.047836,2.75
W44,GOOD,3,144,2025-10-30 14:57:32,2025-10-30 15:16:03,LONG,HARD_STOP,1,-250.0,-1257.0,27.0,125.0,12762,True,False,2.0,trend,0.774168,0.356322,0.331613,-3.875
W44,GOOD,3,145,2025-10-30 15:17:25,2025-10-30 15:19:03,LONG,REVERSAL,0,100.0,496.5,100.0,0.0,1889,False,True,2.0,trend,0.967163,0.580247,0.300128,-5.875
W44,GOOD,3,146,2025-10-30 15:19:03,2025-10-30 15:21:14,SHORT,REVERSAL,0,101.0,501.5,101.0,4.0,1758,False,True,1.0,chop,0.355263,0.040541,0.127226,-0.375
W44,GOOD,3,147,2025-10-30 15:21:14,2025-10-30 15:25:30,LONG,REVERSAL,1,100.0,493.0,50.0,100.0,6113,False,True,2.0,trend,0.998031,0.46988,0.107969,-4.875
W44,GOOD,3,148,2025-10-30 15:25:30,2025-10-30 15:38:44,SHORT,REVERSAL,1,102.0,503.0,51.0,124.0,11027,False,True,0.0,unclear,0.476678,0.287234,0.009828,-3.375
W44,GOOD,3,149,2025-10-30 15:38:44,2025-10-30 15:48:59,LONG,REVERSAL,1,100.0,493.0,51.0,100.0,8788,False,True,1.0,chop,0.124172,0.069444,0.046154,-0.625
W44,GOOD,3,150,2025-10-30 15:48:59,2025-10-30 15:49:50,SHORT,EOD_FLATTEN,0,-10.0,-53.5,21.0,41.0,981,False,False,0.0,unclear,0.798173,0.333333,0.115979,3.875
W44,GOOD,3,151,2025-10-31 09:30:58,2025-10-31 09:41:35,LONG,HARD_STOP,1,-250.0,-1257.0,55.0,125.0,21981,True,False,2.0,trend,0.627907,0.171429,0.240349,-1.5
W44,GOOD,3,152,2025-10-31 09:43:01,2025-10-31 09:47:04,LONG,REVERSAL,1,100.0,493.0,69.0,100.0,11497,False,True,2.0,trend,0.808813,0.447059,0.203008,-4.75
W44,GOOD,3,153,2025-10-31 09:47:04,2025-10-31 09:54:26,SHORT,REVERSAL,0,100.0,496.5,100.0,61.0,12200,False,True,0.0,unclear,0.944626,0.329787,0.040816,3.875
W44,GOOD,3,154,2025-10-31 09:54:26,2025-10-31 09:55:27,LONG,REVERSAL,0,100.0,496.5,100.0,17.0,2233,False,True,2.0,trend,0.874827,0.495726,0.378251,-7.25
W44,GOOD,3,155,2025-10-31 09:55:27,2025-10-31 09:57:05,SHORT,REVERSAL,0,100.0,496.5,100.0,13.0,2044,False,True,0.0,unclear,0.579247,0.201923,0.069658,2.625
W44,GOOD,3,156,2025-10-31 09:57:05,2025-10-31 10:06:03,LONG,REVERSAL,1,100.0,493.0,87.0,100.0,16433,False,True,2.0,trend,0.948521,0.491379,0.324355,-7.125
W44,GOOD,3,157,2025-10-31 10:06:03,2025-10-31 10:11:15,SHORT,REVERSAL,1,102.0,503.0,51.0,100.0,6512,False,True,0.0,unclear,0.995223,0.25,0.081731,3.125
W44,GOOD,3,158,2025-10-31 10:11:15,2025-10-31 10:23:25,LONG,REVERSAL,1,100.0,493.0,99.0,100.0,15074,False,True,2.0,trend,0.90536,0.406504,0.189655,-6.25
W44,GOOD,3,159,2025-10-31 10:23:25,2025-10-31 10:36:18,SHORT,HARD_STOP,1,-250.0,-1257.0,7.0,125.0,12386,True,False,0.0,unclear,0.870968,0.385321,0.119107,5.25
W44,GOOD,3,160,2025-10-31 10:41:33,2025-10-31 11:22:48,SHORT,REVERSAL,1,102.0,503.0,51.0,100.0,34292,False,True,0.0,unclear,0.682331,0.126437,0.108642,1.375
W44,GOOD,3,161,2025-10-31 11:22:48,2025-10-31 11:37:26,LONG,HARD_STOP,1,-250.0,-1257.0,38.0,125.0,12191,True,False,0.0,unclear,0.84799,0.357143,0.100251,-3.75
W44,GOOD,3,162,2025-10-31 11:39:20,2025-10-31 11:44:57,LONG,REVERSAL,0,100.0,496.5,100.0,74.0,9234,False,True,2.0,trend,0.990826,0.275862,0.253539,-3.0
W44,GOOD,3,163,2025-10-31 11:44:57,2025-10-31 11:46:21,SHORT,REVERSAL,1,104.0,513.0,59.0,114.0,5060,False,True,2.0,trend,0.911871,0.619048,0.294564,9.75
W44,GOOD,3,164,2025-10-31 11:46:21,2025-10-31 11:48:33,LONG,HARD_STOP,1,-254.0,-1277.0,38.0,127.0,3778,True,False,2.0,trend,0.968474,0.450704,0.085714,-8.0
W44,GOOD,3,165,2025-10-31 11:50:09,2025-10-31 11:50:18,LONG,REVERSAL,0,100.0,496.5,100.0,9.0,559,False,True,1.0,chop,0.145349,0.150376,0.312796,-2.5
W44,GOOD,3,166,2025-10-31 11:50:18,2025-10-31 11:56:00,SHORT,REVERSAL,0,100.0,496.5,100.0,77.0,5962,False,True,2.0,trend,0.975261,0.43609,0.083732,7.25
W44,GOOD,3,167,2025-10-31 11:56:00,2025-10-31 12:03:47,LONG,HARD_STOP,1,-250.0,-1257.0,55.0,125.0,10209,True,False,0.0,unclear,0.997253,0.30137,0.176185,-2.75
W44,GOOD,3,168,2025-10-31 12:04:16,2025-10-31 12:09:49,SHORT,REVERSAL,0,100.0,496.5,100.0,59.0,5566,False,True,2.0,trend,0.827982,0.463415,0.134545,7.125
W44,GOOD,3,169,2025-10-31 12:09:49,2025-10-31 12:19:17,LONG,HARD_STOP,1,-250.0,-1257.0,40.0,125.0,11652,True,False,2.0,trend,0.996806,0.586207,0.103448,-6.375
W44,GOOD,3,170,2025-10-31 12:21:40,2025-10-31 12:32:01,SHORT,HARD_STOP,1,-250.0,-1257.0,72.0,125.0,11440,True,False,2.0,trend,0.994109,0.576923,0.117871,7.5
W44,GOOD,3,171,2025-10-31 12:38:16,2025-10-31 12:46:08,LONG,HARD_STOP,1,-250.0,-1257.0,78.0,125.0,7875,True,False,0.0,unclear,0.870968,0.134831,0.09371,1.5
W44,GOOD,3,172,2025-10-31 12:46:42,2025-10-31 12:51:40,SHORT,REVERSAL,0,100.0,496.5,100.0,47.0,3974,False,True,2.0,trend,0.77826,0.464912,0.136654,6.625
W44,GOOD,3,173,2025-10-31 12:51:40,2025-10-31 13:04:23,LONG,HARD_STOP,1,-250.0,-1257.0,48.0,125.0,13764,True,False,0.0,unclear,0.90889,0.392405,0.094059,-3.875
W44,GOOD,3,174,2025-10-31 13:06:40,2025-10-31 13:07:42,LONG,REVERSAL,0,100.0,496.5,100.0,0.0,1470,False,True,1.0,chop,0.063232,0.068966,0.032558,-0.75
W44,GOOD,3,175,2025-10-31 13:07:42,2025-10-31 13:14:06,SHORT,REVERSAL,0,100.0,496.5,100.0,80.0,7433,False,True,0.0,unclear,0.990826,0.164384,0.077301,1.5
W44,GOOD,3,176,2025-10-31 13:14:06,2025-10-31 13:30:46,LONG,REVERSAL,0,100.0,496.5,100.0,52.0,18458,False,True,2.0,trend,0.945295,0.436364,0.044136,-6.0
W44,GOOD,3,177,2025-10-31 13:30:46,2025-10-31 13:36:46,SHORT,REVERSAL,0,100.0,496.5,100.0,89.0,7825,False,True,2.0,trend,0.990188,0.563107,0.167526,7.25
W44,GOOD,3,178,2025-10-31 13:36:46,2025-10-31 13:43:35,LONG,REVERSAL,0,102.0,506.5,102.0,68.0,6702,False,True,2.0,trend,0.991999,0.535714,0.21697,-5.625
W44,GOOD,3,179,2025-10-31 13:43:35,2025-10-31 13:51:04,SHORT,HARD_STOP,1,-250.0,-1257.0,7.0,125.0,8258,True,False,0.0,unclear,0.571429,0.285714,0.1242,3.0
W44,GOOD,3,180,2025-10-31 13:55:12,2025-10-31 14:02:55,LONG,REVERSAL,0,100.0,496.5,100.0,55.0,6361,False,True,2.0,trend,0.769723,0.481013,0.114249,-4.75
W44,GOOD,3,181,2025-10-31 14:02:55,2025-10-31 14:56:15,SHORT,REVERSAL,1,100.0,493.0,63.0,108.0,35291,False,True,2.0,trend,0.994109,0.361446,0.219094,3.75
W44,GOOD,3,182,2025-10-31 14:56:15,2025-10-31 14:58:11,LONG,REVERSAL,0,100.0,496.5,100.0,39.0,2351,False,True,2.0,trend,0.98473,0.53125,0.161604,-6.375
W44,GOOD,3,183,2025-10-31 14:58:11,2025-10-31 15:20:17,SHORT,HARD_STOP,1,-250.0,-1257.0,37.0,125.0,16871,True,False,2.0,trend,0.997253,0.402439,0.288265,4.125
W44,GOOD,3,184,2025-10-31 15:27:01,2025-10-31 15:35:05,SHORT,HARD_STOP,1,-250.0,-1257.0,7.0,125.0,9095,True,False,2.0,trend,0.917319,0.403226,0.107656,3.125
W44,GOOD,3,185,2025-10-31 15:36:30,2025-10-31 15:49:50,LONG,EOD_FLATTEN,1,-212.0,-1067.0,27.0,115.0,12403,False,False,0.0,unclear,0.471616,0.181818,0.191436,-1.5
W40,GOOD,3,0,2025-09-29 09:31:23,2025-09-29 09:43:21,SHORT,HARD_STOP,1,-250.0,-1257.0,50.0,125.0,21972,True,False,0.0,unclear,0.824176,0.121951,0.05598,1.25
W40,GOOD,3,1,2025-09-29 09:45:03,2025-09-29 09:52:26,SHORT,REVERSAL,1,100.0,493.0,50.0,100.0,15688,False,True,2.0,trend,0.687898,0.24,0.286432,1.5
W40,GOOD,3,2,2025-09-29 09:52:26,2025-09-29 09:54:00,LONG,REVERSAL,0,100.0,496.5,100.0,7.0,2443,False,True,2.0,trend,0.892857,0.517241,0.182822,-3.75
W40,GOOD,3,3,2025-09-29 09:54:00,2025-09-29 10:03:51,SHORT,REVERSAL,0,100.0,496.5,100.0,44.0,16010,False,True,0.0,unclear,0.964286,0.328767,0.103448,3.0
W40,GOOD,3,4,2025-09-29 10:03:51,2025-09-29 10:07:47,LONG,REVERSAL,0,100.0,496.5,100.0,13.0,5751,False,True,0.0,unclear,0.75,0.301587,0.115336,-2.375
W40,GOOD,3,5,2025-09-29 10:07:47,2025-09-29 10:13:02,SHORT,REVERSAL,1,100.0,493.0,50.0,100.0,8795,False,True,0.0,unclear,0.571429,0.242424,0.165173,2.0
W40,GOOD,3,6,2025-09-29 10:13:02,2025-09-29 10:22:14,LONG,REVERSAL,1,99.0,488.0,53.0,101.0,11196,False,True,0.0,unclear,0.945295,0.3,0.193878,-3.0
W40,GOOD,3,7,2025-09-29 10:22:14,2025-09-29 10:57:23,SHORT,REVERSAL,0,100.0,496.5,100.0,85.0,29448,False,True,2.0,trend,0.976845,0.491803,0.245742,3.75
W40,GOOD,3,8,2025-09-29 10:57:23,2025-09-29 11:15:39,LONG,HARD_STOP,1,-250.0,-1257.0,79.0,125.0,19321,True,False,0.0,unclear,0.991758,0.327586,0.010336,-2.375
W40,GOOD,3,9,2025-09-29 11:17:58,2025-09-29 11:22:24,LONG,REVERSAL,0,100.0,496.5,100.0,10.0,6790,False,True,2.0,trend,0.692623,0.342105,0.306908,-3.25
W40,GOOD,3,10,2025-09-29 11:22:24,2025-09-29 11:27:45,SHORT,REVERSAL,0,100.0,496.5,100.0,20.0,6660,False,True,2.0,trend,0.999077,0.333333,0.28266,2.375
W40,GOOD,3,11,2025-09-29 11:27:45,2025-09-29 11:40:09,LONG,REVERSAL,1,100.0,493.0,50.0,100.0,15899,False,True,0.0,unclear,0.548507,0.3,0.133787,-2.625
W40,GOOD,3,12,2025-09-29 11:40:09,2025-09-29 11:50:29,SHORT,REVERSAL,0,100.0,496.5,100.0,17.0,9836,False,True,0.0,unclear,0.793956,0.303571,0.140049,2.125
W40,GOOD,3,13,2025-09-29 11:50:29,2025-09-29 12:14:37,LONG,REVERSAL,0,100.0,496.5,100.0,57.0,22797,False,True,2.0,trend,0.953008,0.619048,0.381995,-4.875
W40,GOOD,3,14,2025-09-29 12:14:37,2025-09-29 12:17:30,SHORT,REVERSAL,0,100.0,496.5,100.0,11.0,3244,False,True,0.0,unclear,1.0,0.382979,0.182941,2.25
W40,GOOD,3,15,2025-09-29 12:17:30,2025-09-29 12:42:12,LONG,REVERSAL,0,100.0,496.5,100.0,56.0,14223,False,True,2.0,trend,0.84799,0.508475,0.243437,-3.75
W40,GOOD,3,16,2025-09-29 12:42:12,2025-09-29 12:44:48,SHORT,REVERSAL,0,101.0,501.5,101.0,4.0,2157,False,True,2.0,trend,0.979592,0.285714,0.205251,2.0
W40,GOOD,3,17,2025-09-29 12:44:48,2025-09-29 13:26:45,LONG,REVERSAL,1,100.0,493.0,50.0,107.0,30108,False,True,1.0,chop,0.017442,0.023256,0.006353,-0.125
W40,GOOD,3,18,2025-09-29 13:26:45,2025-09-29 14:40:25,SHORT,REVERSAL,1,100.0,493.0,98.0,100.0,38654,False,True,2.0,trend,0.97351,0.5,0.128395,3.5
W40,GOOD,3,19,2025-09-29 14:40:25,2025-09-29 15:15:22,LONG,HARD_STOP,1,-250.0,-1257.0,51.0,125.0,22081,True,False,2.0,trend,0.997691,0.521739,0.241798,-3.0
W40,GOOD,3,20,2025-09-29 15:19:43,2025-09-29 15:49:50,SHORT,EOD_FLATTEN,1,-146.0,-737.0,21.0,100.0,23451,False,False,2.0,trend,1.0,0.444444,0.105134,3.5
W40,GOOD,3,21,2025-09-30 09:30:36,2025-09-30 09:34:29,LONG,HARD_STOP,1,-250.0,-1257.0,45.0,125.0,8120,True,False,2.0,trend,0.882641,0.452381,0.25679,-4.75
W40,GOOD,3,22,2025-09-30 09:36:30,2025-09-30 09:37:20,SHORT,REVERSAL,0,100.0,496.5,100.0,11.0,1356,False,True,2.0,trend,0.982558,0.46988,0.023077,4.875
W40,GOOD,3,23,2025-09-30 09:37:20,2025-09-30 09:44:12,LONG,REVERSAL,0,100.0,496.5,100.0,62.0,11681,False,True,2.0,trend,0.71063,0.182692,0.254027,-2.375
W40,GOOD,3,24,2025-09-30 09:44:12,2025-09-30 09:52:03,SHORT,REVERSAL,0,100.0,496.5,100.0,97.0,12790,False,True,0.0,unclear,0.964286,0.388235,0.052764,4.125
W40,GOOD,3,25,2025-09-30 09:52:03,2025-09-30 09:56:25,LONG,REVERSAL,1,100.0,493.0,64.0,100.0,8824,False,True,1.0,chop,0.389892,0.12766,0.143583,-1.5
W40,GOOD,3,26,2025-09-30 09:56:25,2025-09-30 10:02:10,SHORT,HARD_STOP,1,-250.0,-1257.0,37.0,125.0,8417,True,False,2.0,trend,0.75,0.283582,0.20154,2.375
W40,GOOD,3,27,2025-09-30 10:05:08,2025-09-30 10:17:02,LONG,REVERSAL,1,100.0,493.0,50.0,113.0,16579,False,True,2.0,trend,0.950271,0.697368,0.291819,-6.625
W40,GOOD,3,28,2025-09-30 10:17:02,2025-09-30 10:26:11,SHORT,REVERSAL,0,100.0,496.5,100.0,45.0,9230,False,True,2.0,trend,0.997871,0.581395,0.173859,6.25
W40,GOOD,3,29,2025-09-30 10:26:11,2025-09-30 10:29:32,LONG,REVERSAL,0,100.0,496.5,100.0,7.0,3199,False,True,0.0,unclear,0.892857,0.141509,0.106494,-1.875
W40,GOOD,3,30,2025-09-30 10:29:32,2025-09-30 10:38:38,SHORT,REVERSAL,0,100.0,496.5,100.0,86.0,10501,False,True,1.0,chop,0.085443,0.06,0.072243,0.75
W40,GOOD,3,31,2025-09-30 10:38:38,2025-09-30 10:42:00,LONG,REVERSAL,0,100.0,496.5,100.0,42.0,5184,False,True,0.0,unclear,0.456767,0.15,0.052632,-1.125
W40,GOOD,3,32,2025-09-30 10:42:00,2025-09-30 10:48:15,SHORT,HARD_STOP,1,-250.0,-1257.0,48.0,125.0,7987,True,False,2.0,trend,0.834469,0.472973,0.123253,4.375
W40,GOOD,3,33,2025-09-30 10:55:36,2025-09-30 11:16:35,SHORT,REVERSAL,0,100.0,496.5,100.0,80.0,24445,False,True,2.0,trend,0.581099,0.274194,0.229844,2.125
W40,GOOD,3,34,2025-09-30 11:16:35,2025-09-30 11:27:09,LONG,HARD_STOP,1,-250.0,-1257.0,30.0,125.0,14434,True,False,2.0,trend,0.687898,0.311688,0.290798,-3.0
W40,GOOD,3,35,2025-09-30 11:29:14,2025-09-30 11:35:24,SHORT,REVERSAL,1,100.0,493.0,50.0,100.0,6955,False,True,1.0,chop,0.201827,0.103448,0.103979,1.125
W40,GOOD,3,36,2025-09-30 11:35:24,2025-09-30 11:51:52,LONG,REVERSAL,0,100.0,496.5,100.0,76.0,14331,False,True,2.0,trend,0.986842,0.526316,0.39477,-5.0
W40,GOOD,3,37,2025-09-30 11:51:52,2025-09-30 12:08:40,SHORT,REVERSAL,0,100.0,496.5,100.0,62.0,13660,False,True,2.0,trend,0.994109,0.447761,0.104444,3.75
W40,GOOD,3,38,2025-09-30 12:08:40,2025-09-30 12:19:01,LONG,REVERSAL,0,100.0,496.5,100.0,3.0,5931,False,True,0.0,unclear,0.428571,0.26087,0.639618,-3.75
W40,GOOD,3,39,2025-09-30 12:19:01,2025-09-30 12:26:57,SHORT,REVERSAL,1,100.0,493.0,50.0,103.0,8539,False,True,2.0,trend,0.951786,0.702381,0.148014,7.375
W40,GOOD,3,40,2025-09-30 12:26:57,2025-09-30 13:11:16,LONG,HARD_STOP,1,-250.0,-1257.0,75.0,125.0,22354,True,False,0.0,unclear,0.964286,0.095238,0.153946,-0.75
W40,GOOD,3,41,2025-09-30 13:21:16,2025-09-30 13:49:51,LONG,REVERSAL,0,100.0,496.5,100.0,78.0,19983,False,True,2.0,trend,0.947574,0.635294,0.269521,-6.75
W40,GOOD,3,42,2025-09-30 13:49:51,2025-09-30 14:15:16,SHORT,HARD_STOP,1,-250.0,-1257.0,57.0,125.0,18558,True,False,2.0,trend,0.917319,0.5,0.138577,3.125
W40,GOOD,3,43,2025-09-30 14:18:26,2025-09-30 14:26:12,LONG,REVERSAL,0,100.0,496.5,100.0,7.0,5083,False,True,0.0,unclear,0.824176,0.212766,0.052761,-1.25
W40,GOOD,3,44,2025-09-30 14:26:12,2025-09-30 15:31:19,SHORT,HARD_STOP,1,-250.0,-1257.0,52.0,125.0,40940,True,False,2.0,trend,0.75,0.060606,0.367647,0.5
W40,GOOD,3,45,2025-09-30 15:40:08,2025-09-30 15:49:47,LONG,REVERSAL,0,100.0,496.5,100.0,68.0,10017,False,True,2.0,trend,0.519231,0.067416,0.336597,-0.75
W40,GOOD,3,46,2025-09-30 15:49:47,2025-09-30 15:49:50,SHORT,EOD_FLATTEN,0,1.0,1.5,3.0,2.0,47,False,True,0.0,unclear,0.964286,0.315789,0.040691,2.25
W40,GOOD,3,47,2025-10-01 09:31:01,2025-10-01 09:31:18,LONG,REVERSAL,0,100.0,496.5,100.0,1.0,1002,False,True,1.0,chop,0.157895,0.064516,0.104738,0.75
W40,GOOD,3,48,2025-10-01 09:31:18,2025-10-01 09:32:51,SHORT,HARD_STOP,1,-250.0,-1257.0,4.0,125.0,5448,True,False,2.0,trend,0.712589,0.425532,0.132316,5.0
W40,GOOD,3,49,2025-10-01 09:34:05,2025-10-01 09:35:12,SHORT,REVERSAL,0,100.0,496.5,100.0,8.0,2601,False,True,0.0,unclear,0.486974,0.253521,0.156171,2.25
W40,GOOD,3,50,2025-10-01 09:35:12,2025-10-01 09:36:23,LONG,REVERSAL,0,100.0,496.5,100.0,15.0,2374,False,True,0.0,unclear,0.571429,0.169014,0.058376,-1.5
W40,GOOD,3,51,2025-10-01 09:36:23,2025-10-01 09:42:20,SHORT,REVERSAL,0,100.0,496.5,100.0,30.0,9135,False,True,1.0,chop,0.093284,0.10989,0.039801,1.25
W40,GOOD,3,52,2025-10-01 09:42:20,2025-10-01 09:45:03,LONG,REVERSAL,0,100.0,496.5,100.0,23.0,3575,False,True,2.0,trend,0.830032,0.41573,0.175031,-4.625
W40,GOOD,3,53,2025-10-01 09:45:03,2025-10-01 09:45:44,SHORT,REVERSAL,0,100.0,496.5,100.0,6.0,1027,False,True,0.0,unclear,0.781193,0.235294,0.067651,3.0
W40,GOOD,3,54,2025-10-01 09:45:44,2025-10-01 09:49:02,LONG,HARD_STOP,1,-250.0,-1257.0,44.0,125.0,6296,True,False,2.0,trend,0.995067,0.418367,0.284472,-5.125
W40,GOOD,3,55,2025-10-01 09:49:40,2025-10-01 09:53:47,LONG,REVERSAL,0,100.0,496.5,100.0,81.0,9472,False,True,2.0,trend,0.994998,0.612903,0.154734,-7.125
W40,GOOD,3,56,2025-10-01 09:53:47,2025-10-01 09:59:31,SHORT,REVERSAL,1,100.0,493.0,50.0,124.0,9159,False,True,2.0,trend,0.596997,0.429752,0.220207,6.5
W40,GOOD,3,57,2025-10-01 09:59:31,2025-10-01 10:01:09,LONG,REVERSAL,0,100.0,496.5,100.0,85.0,3364,False,True,2.0,trend,0.905061,0.362832,0.330827,-5.125
W40,GOOD,3,58,2025-10-01 10:01:09,2025-10-01 10:08:44,SHORT,REVERSAL,1,100.0,493.0,50.0,100.0,9611,False,True,2.0,trend,0.784017,0.40367,0.090458,5.5
W40,GOOD,3,59,2025-10-01 10:08:44,2025-10-01 10:10:05,LONG,REVERSAL,0,100.0,496.5,100.0,6.0,1542,False,True,1.0,chop,0.009174,0.032,0.011292,0.5
W40,GOOD,3,60,2025-10-01 10:10:05,2025-10-01 10:20:48,SHORT,HARD_STOP,1,-250.0,-1257.0,44.0,125.0,11480,True,False,1.0,chop,0.000806,0.011494,0.112426,0.125
W40,GOOD,3,61,2025-10-01 10:25:56,2025-10-01 10:40:36,SHORT,REVERSAL,1,100.0,493.0,50.0,100.0,17392,False,True,2.0,trend,0.981454,0.446809,0.033573,2.625
W40,GOOD,3,62,2025-10-01 10:40:36,2025-10-01 11:00:50,LONG,REVERSAL,0,100.0,496.5,100.0,22.0,17138,False,True,0.0,unclear,0.75,0.127273,0.0399,-0.875
W40,GOOD,3,63,2025-10-01 11:00:50,2025-10-01 11:12:39,SHORT,REVERSAL,0,100.0,496.5,100.0,48.0,11751,False,True,2.0,trend,0.892857,0.185185,0.23507,1.25
W40,GOOD,3,64,2025-10-01 11:12:39,2025-10-01 11:32:33,LONG,REVERSAL,0,100.0,496.5,100.0,34.0,14598,False,True,0.0,unclear,0.986842,0.267857,0.172494,-1.875
W40,GOOD,3,65,2025-10-01 11:32:33,2025-10-01 12:34:52,SHORT,HARD_STOP,1,-250.0,-1257.0,36.0,125.0,36105,True,False,1.0,chop,0.25,0.190476,0.078481,1.5
W40,GOOD,3,66,2025-10-01 12:59:06,2025-10-01 14:00:23,SHORT,HARD_STOP,1,-250.0,-1257.0,14.0,125.0,35257,True,False,2.0,trend,0.938224,0.367347,0.296424,2.25
W40,GOOD,3,67,2025-10-01 14:02:55,2025-10-01 14:09:37,LONG,REVERSAL,0,100.0,496.5,100.0,50.0,5847,False,True,2.0,trend,0.801461,0.47541,0.229611,-3.625
W40,GOOD,3,68,2025-10-01 14:09:37,2025-10-01 15:22:32,SHORT,REVERSAL,1,100.0,493.0,50.0,100.0,36079,False,True,0.0,unclear,0.884793,0.271186,0.043695,2.0
W40,GOOD,3,69,2025-10-01 15:22:32,2025-10-01 15:34:28,LONG,REVERSAL,0,100.0,496.5,100.0,9.0,6317,False,True,0.0,unclear,0.651544,0.3125,0.159624,-1.875
W40,GOOD,3,70,2025-10-01 15:34:28,2025-10-01 15:43:44,SHORT,REVERSAL,0,100.0,496.5,100.0,1.0,6281,False,True,2.0,trend,0.993243,0.428571,0.178615,2.625
W40,GOOD,3,71,2025-10-01 15:43:44,2025-10-01 15:49:50,LONG,EOD_FLATTEN,0,44.0,216.5,64.0,38.0,5346,False,True,2.0,trend,1.0,0.425532,0.326781,-2.5
W40,GOOD,3,72,2025-10-02 09:30:26,2025-10-02 09:37:39,LONG,HARD_STOP,1,-250.0,-1257.0,42.0,125.0,17561,True,False,0.0,unclear,0.870968,0.26087,0.032258,-1.5
W40,GOOD,3,73,2025-10-02 09:39:52,2025-10-02 09:49:30,LONG,HARD_STOP,1,-250.0,-1257.0,31.0,125.0,21641,True,False,2.0,trend,0.955224,0.585366,0.223618,-6.0
W40,GOOD,3,74,2025-10-02 09:51:13,2025-10-02 09:52:15,SHORT,REVERSAL,0,100.0,496.5,100.0,18.0,2095,False,True,0.0,unclear,0.980659,0.37,0.125301,4.625
W40,GOOD,3,75,2025-10-02 09:52:15,2025-10-02 09:53:26,LONG,REVERSAL,0,100.0,496.5,100.0,24.0,2489,False,True,0.0,unclear,0.928268,0.3375,0.093897,-3.375
W40,GOOD,3,76,2025-10-02 09:53:26,2025-10-02 09:57:09,SHORT,REVERSAL,0,100.0,496.5,100.0,56.0,6497,False,True,2.0,trend,0.845949,0.418182,0.136742,5.75
W40,GOOD,3,77,2025-10-02 09:57:09,2025-10-02 09:58:33,LONG,REVERSAL,0,100.0,496.5,100.0,2.0,1975,False,True,0.0,unclear,0.708455,0.2,0.116816,-2.25
W40,GOOD,3,78,2025-10-02 09:58:33,2025-10-02 10:11:51,SHORT,REVERSAL,1,100.0,493.0,50.0,100.0,20259,False,True,2.0,trend,0.995902,0.5,0.10274,5.625
W40,GOOD,3,79,2025-10-02 10:11:51,2025-10-02 10:16:25,LONG,REVERSAL,0,100.0,496.5,100.0,17.0,4773,False,True,2.0,trend,0.993243,0.426829,0.293252,-4.375
W40,GOOD,3,80,2025-10-02 10:16:25,2025-10-02 10:46:17,SHORT,REVERSAL,0,100.0,496.5,100.0,86.0,32646,False,True,1.0,chop,0.317669,0.236364,0.116456,3.25
W40,GOOD,3,81,2025-10-02 10:46:17,2025-10-02 11:04:12,LONG,HARD_STOP,1,-250.0,-1257.0,47.0,125.0,22644,True,False,0.0,unclear,0.475754,0.293333,0.293269,-2.75
W40,GOOD,3,82,2025-10-02 11:06:51,2025-10-02 11:37:15,SHORT,REVERSAL,1,100.0,493.0,50.0,100.0,27904,False,True,2.0,trend,0.866451,0.252525,0.203474,3.125
W40,GOOD,3,83,2025-10-02 11:37:15,2025-10-02 11:50:42,LONG,REVERSAL,0,100.0,496.5,100.0,72.0,13932,False,True,2.0,trend,0.981248,0.806818,0.344702,-8.875
W40,GOOD,3,84,2025-10-02 11:50:42,2025-10-02 12:05:25,SHORT,REVERSAL,1,100.0,493.0,50.0,104.0,15741,False,True,0.0,unclear,0.974532,0.384615,0.143885,3.125
W40,GOOD,3,85,2025-10-02 12:05:25,2025-10-02 12:23:50,LONG,REVERSAL,0,100.0,496.5,100.0,9.0,11093,False,True,2.0,trend,0.918122,0.460317,0.212871,-3.625
W40,GOOD,3,86,2025-10-02 12:23:50,2025-10-02 12:41:28,SHORT,REVERSAL,0,100.0,496.5,100.0,9.0,8478,False,True,0.0,unclear,0.995902,0.272727,0.087925,2.25
W40,GOOD,3,87,2025-10-02 12:41:28,2025-10-02 12:52:41,LONG,REVERSAL,0,100.0,496.5,100.0,39.0,6861,False,True,2.0,trend,1.0,0.478873,0.2457,-4.25
W40,GOOD,3,88,2025-10-02 12:52:41,2025-10-02 13:42:36,SHORT,HARD_STOP,1,-250.0,-1257.0,37.0,125.0,24117,True,False,0.0,unclear,0.519231,0.2,0.05041,1.125
W40,GOOD,3,89,2025-10-02 13:47:09,2025-10-02 14:25:39,LONG,REVERSAL,0,100.0,496.5,100.0,35.0,17399,False,True,0.0,unclear,0.75,0.090909,0.174289,0.75
W40,GOOD,3,90,2025-10-02 14:25:39,2025-10-02 15:49:50,SHORT,EOD_FLATTEN,0,-12.0,-63.5,62.0,54.0,35369,False,False,1.0,chop,0.013158,0.02439,0.020166,0.125
W40,GOOD,3,91,2025-10-03 09:30:53,2025-10-03 09:31:31,LONG,REVERSAL,0,100.0,496.5,100.0,1.0,1718,False,True,2.0,trend,0.997253,0.354839,0.23115,-2.75
W40,GOOD,3,92,2025-10-03 09:31:31,2025-10-03 09:41:39,SHORT,REVERSAL,0,100.0,496.5,100.0,78.0,17403,False,True,2.0,trend,0.999861,0.515789,0.21761,6.125
W40,GOOD,3,93,2025-10-03 09:41:39,2025-10-03 09:46:39,LONG,REVERSAL,0,100.0,496.5,100.0,30.0,6218,False,True,2.0,trend,0.914557,0.435897,0.088803,-4.25
W40,GOOD,3,94,2025-10-03 09:46:39,2025-10-03 09:55:53,SHORT,REVERSAL,0,100.0,496.5,100.0,88.0,11192,False,True,1.0,chop,0.314767,0.123288,0.088639,1.125
W40,GOOD,3,95,2025-10-03 09:55:53,2025-10-03 10:00:08,LONG,HARD_STOP,1,-250.0,-1257.0,35.0,125.0,6466,True,False,2.0,trend,0.865016,0.215909,0.286765,-2.375
W40,GOOD,3,96,2025-10-03 10:01:18,2025-10-03 10:16:50,LONG,REVERSAL,0,100.0,496.5,100.0,99.0,23274,False,True,1.0,chop,0.116157,0.102273,0.082725,-1.125
W40,GOOD,3,97,2025-10-03 10:16:50,2025-10-03 10:19:37,SHORT,REVERSAL,0,100.0,496.5,100.0,0.0,3162,False,True,0.0,unclear,0.75,0.329114,0.080545,3.25
W40,GOOD,3,98,2025-10-03 10:19:37,2025-10-03 10:26:30,LONG,REVERSAL,0,100.0,496.5,100.0,66.0,8240,False,True,0.0,unclear,0.997253,0.148649,0.149567,-1.375
W40,GOOD,3,99,2025-10-03 10:26:30,2025-10-03 10:49:15,SHORT,REVERSAL,1,100.0,493.0,95.0,100.0,23628,False,True,2.0,trend,0.949367,0.185185,0.316667,1.25
W40,GOOD,3,100,2025-10-03 10:49:15,2025-10-03 11:14:07,LONG,REVERSAL,0,100.0,496.5,100.0,38.0,20073,False,True,2.0,trend,0.978086,0.593407,0.088575,-6.75
W40,GOOD,3,101,2025-10-03 11:14:07,2025-10-03 12:40:17,SHORT,REVERSAL,1,100.0,493.0,87.0,100.0,49855,False,True,0.0,unclear,0.363065,0.293103,0.154217,2.125
W40,GOOD,3,102,2025-10-03 12:40:17,2025-10-03 13:02:32,LONG,HARD_STOP,1,-250.0,-1257.0,15.0,125.0,14751,True,False,2.0,trend,0.906716,0.333333,0.202008,-2.25
W40,GOOD,3,103,2025-10-03 13:03:05,2025-10-03 13:07:32,LONG,REVERSAL,1,99.0,488.0,49.5,101.0,12371,False,True,2.0,trend,0.993243,0.394366,0.316049,-3.5
W40,GOOD,3,104,2025-10-03 13:07:32,2025-10-03 13:18:47,SHORT,REVERSAL,1,100.0,493.0,50.0,100.0,13524,False,True,0.0,unclear,0.75,0.283333,0.016009,2.125
W40,GOOD,3,105,2025-10-03 13:18:47,2025-10-03 13:33:25,LONG,REVERSAL,1,100.0,493.0,50.0,121.0,17322,False,True,2.0,trend,0.927094,0.448718,0.052897,-4.375
W40,GOOD,3,106,2025-10-03 13:33:25,2025-10-03 13:37:21,SHORT,REVERSAL,0,100.0,496.5,100.0,8.0,3638,False,True,0.0,unclear,0.75,0.285714,0.107731,2.0
W40,GOOD,3,107,2025-10-03 13:37:21,2025-10-03 13:46:45,LONG,HARD_STOP,1,-250.0,-1257.0,43.0,125.0,9674,True,False,2.0,trend,0.707275,0.411765,0.163592,-4.375
W40,GOOD,3,108,2025-10-03 13:50:28,2025-10-03 13:53:35,LONG,HARD_STOP,1,-250.0,-1257.0,25.0,125.0,6514,True,False,1.0,chop,0.175824,0.086022,0.139623,-1.0
W40,GOOD,3,109,2025-10-03 13:55:08,2025-10-03 14:04:14,SHORT,REVERSAL,1,100.0,493.0,50.0,100.0,14238,False,True,2.0,trend,0.981645,0.584615,0.252774,9.5
W40,GOOD,3,110,2025-10-03 14:04:14,2025-10-03 14:11:17,LONG,REVERSAL,0,100.0,496.5,100.0,89.0,8405,False,True,0.0,unclear,0.644737,0.368421,0.174877,-5.25
W40,GOOD,3,111,2025-10-03 14:11:17,2025-10-03 14:22:19,SHORT,HARD_STOP,1,-250.0,-1257.0,28.0,125.0,11965,True,False,2.0,trend,0.995902,0.642857,0.068627,5.625
W40,GOOD,3,112,2025-10-03 14:26:52,2025-10-03 14:32:55,SHORT,REVERSAL,0,100.0,496.5,100.0,49.0,6928,False,True,1.0,chop,0.25,0.159091,0.012048,0.875
W40,GOOD,3,113,2025-10-03 14:32:55,2025-10-03 14:56:55,LONG,REVERSAL,1,100.0,493.0,56.0,100.0,18266,False,True,2.0,trend,0.892857,0.357143,0.208651,-3.125
W40,GOOD,3,114,2025-10-03 14:56:55,2025-10-03 15:49:50,SHORT,EOD_FLATTEN,0,-41.0,-208.5,50.0,91.0,27957,False,False,0.0,unclear,0.712589,0.25641,0.155718,2.5
