week,category,lookback,cycle_id,seed_dt,exit_dt,direction,exit_type,depth,pnl_ticks,net_pnl,mfe_ticks,mae_ticks,bars_held,is_stop,is_win,regime,regime_label,r2,choppiness,vol_imbalance,slope
W39,WORST,12,0,2025-09-22 09:31:14,2025-09-22 10:02:33,SHORT,HARD_STOP,1,-250.0,-1257.0,71.0,125.0,50499,True,False,0.0,unclear,0.778251,0.320158,0.105742,1.288462
W39,WORST,12,1,2025-09-22 10:11:09,2025-09-22 10:21:39,LONG,REVERSAL,0,100.0,496.5,100.0,32.0,10791,False,True,2.0,trend,0.913202,0.404878,0.188185,-1.79458
W39,WORST,12,2,2025-09-22 10:21:39,2025-09-22 11:00:45,SHORT,HARD_STOP,1,-250.0,-1257.0,20.0,125.0,35752,True,False,2.0,trend,0.898092,0.430168,0.198297,1.857517
W39,WORST,12,3,2025-09-22 11:11:37,2025-09-22 12:09:56,LONG,REVERSAL,0,100.0,496.5,100.0,62.0,42583,False,True,1.0,chop,0.208771,0.129944,0.016159,-0.423077
W39,WORST,12,4,2025-09-22 12:09:56,2025-09-22 12:34:15,SHORT,HARD_STOP,1,-250.0,-1257.0,11.0,125.0,29416,True,False,0.0,unclear,0.808586,0.254335,0.129917,0.896853
W39,WORST,12,5,2025-09-22 13:48:44,2025-09-22 15:38:05,SHORT,REVERSAL,1,100.0,493.0,62.0,100.0,59128,False,True,1.0,chop,0.183415,0.102041,0.099176,0.223776
W39,WORST,12,6,2025-09-22 15:38:05,2025-09-22 15:49:50,LONG,EOD_FLATTEN,0,20.0,96.5,25.0,34.0,10853,False,True,0.0,unclear,0.934497,0.340909,0.05657,-0.979895
W39,WORST,12,7,2025-09-23 09:35:25,2025-09-23 09:55:08,LONG,HARD_STOP,1,-250.0,-1257.0,24.0,125.0,36410,True,False,2.0,trend,0.833437,0.410714,0.128421,-1.822552
W39,WORST,12,8,2025-09-23 10:05:37,2025-09-23 11:42:32,SHORT,REVERSAL,0,100.0,496.5,100.0,83.0,96101,False,True,0.0,unclear,0.85832,0.290984,0.086792,1.715035
W39,WORST,12,9,2025-09-23 11:42:32,2025-09-23 11:46:20,LONG,REVERSAL,0,100.0,496.5,100.0,0.0,3760,False,True,0.0,unclear,0.730671,0.154286,0.113932,-0.793706
W39,WORST,12,10,2025-09-23 11:46:20,2025-09-23 12:08:23,SHORT,REVERSAL,0,100.0,496.5,100.0,27.0,12476,False,True,0.0,unclear,0.882475,0.377143,0.072884,1.20979
W39,WORST,12,11,2025-09-23 12:08:23,2025-09-23 12:22:06,LONG,REVERSAL,0,100.0,496.5,100.0,58.0,13864,False,True,0.0,unclear,0.848718,0.236994,0.09778,-1.006993
W39,WORST,12,12,2025-09-23 12:22:06,2025-09-23 12:29:05,SHORT,REVERSAL,0,100.0,496.5,100.0,0.0,4559,False,True,0.0,unclear,0.904056,0.215686,0.131981,0.917832
W39,WORST,12,13,2025-09-23 12:29:05,2025-09-23 13:25:58,LONG,HARD_STOP,1,-250.0,-1257.0,90.0,125.0,49873,True,False,0.0,unclear,0.743545,0.318627,0.101467,-1.130245
W39,WORST,12,14,2025-09-23 13:28:33,2025-09-23 13:39:18,LONG,HARD_STOP,1,-250.0,-1257.0,46.0,125.0,20864,True,False,0.0,unclear,0.47446,0.228426,0.087719,-0.573427
W39,WORST,12,15,2025-09-23 13:41:04,2025-09-23 13:42:16,LONG,REVERSAL,1,100.0,493.0,50.0,100.0,5038,False,True,2.0,trend,0.835268,0.411483,0.15292,-1.501748
W39,WORST,12,16,2025-09-23 13:42:16,2025-09-23 14:15:51,SHORT,REVERSAL,1,100.0,493.0,57.0,113.0,49199,False,True,0.0,unclear,0.629798,0.306452,0.130246,1.802448
W39,WORST,12,17,2025-09-23 14:15:51,2025-09-23 14:32:41,LONG,REVERSAL,0,100.0,496.5,100.0,65.0,16395,False,True,1.0,chop,0.262891,0.074205,0.057543,-0.442308
W39,WORST,12,18,2025-09-23 14:32:41,2025-09-23 14:39:30,SHORT,REVERSAL,0,100.0,496.5,100.0,22.0,5786,False,True,0.0,unclear,0.891607,0.308,0.064567,1.862762
W39,WORST,12,19,2025-09-23 14:39:30,2025-09-23 15:45:06,LONG,REVERSAL,0,100.0,496.5,100.0,86.0,52458,False,True,2.0,trend,0.962883,0.482456,0.114313,-2.29458
W39,WORST,12,20,2025-09-23 15:45:06,2025-09-23 15:49:50,SHORT,EOD_FLATTEN,0,12.0,56.5,42.0,32.0,4585,False,True,0.0,unclear,0.85704,0.215686,0.065339,0.729895
W39,WORST,12,21,2025-09-24 09:30:43,2025-09-24 09:33:32,LONG,HARD_STOP,1,-251.0,-1262.0,5.0,125.5,9305,True,False,0.0,unclear,0.746189,0.258865,0.107412,-1.812063
W39,WORST,12,22,2025-09-24 09:35:35,2025-09-24 09:37:40,SHORT,REVERSAL,0,100.0,496.5,100.0,12.0,5168,False,True,0.0,unclear,0.63022,0.224719,0.09235,1.181818
W39,WORST,12,23,2025-09-24 09:37:40,2025-09-24 09:51:57,LONG,HARD_STOP,1,-250.0,-1257.0,91.0,125.0,28868,True,False,0.0,unclear,0.808676,0.283276,0.077543,-1.618881
W39,WORST,12,24,2025-09-24 09:53:28,2025-09-24 10:10:28,SHORT,REVERSAL,1,102.0,503.0,51.0,100.0,25016,False,True,0.0,unclear,0.453588,0.218855,0.051875,0.879371
W39,WORST,12,25,2025-09-24 10:10:28,2025-09-24 10:16:51,LONG,REVERSAL,0,100.0,496.5,100.0,14.0,7055,False,True,0.0,unclear,0.632017,0.062284,0.035771,-1.113636
W39,WORST,12,26,2025-09-24 10:16:51,2025-09-24 10:32:34,SHORT,REVERSAL,0,100.0,496.5,100.0,22.0,15156,False,True,1.0,chop,0.242589,0.139194,0.111813,0.517483
W39,WORST,12,27,2025-09-24 10:32:34,2025-09-24 11:23:13,LONG,REVERSAL,1,100.0,493.0,82.0,100.0,47652,False,True,1.0,chop,0.08485,0.063492,0.036898,-0.437063
W39,WORST,12,28,2025-09-24 11:23:13,2025-09-24 11:31:35,SHORT,REVERSAL,0,100.0,496.5,100.0,3.0,6084,False,True,0.0,unclear,0.61292,0.18932,0.142594,0.882867
W39,WORST,12,29,2025-09-24 11:31:35,2025-09-24 11:46:53,LONG,HARD_STOP,1,-250.0,-1257.0,14.0,125.0,17592,True,False,0.0,unclear,0.656436,0.102804,0.04188,-0.819056
W39,WORST,12,30,2025-09-24 11:50:39,2025-09-24 11:58:46,LONG,HARD_STOP,1,-250.0,-1257.0,39.0,125.0,17029,True,False,1.0,chop,0.237262,0.127753,0.038149,-0.370629
W39,WORST,12,31,2025-09-24 12:02:15,2025-09-24 12:12:38,LONG,HARD_STOP,1,-250.0,-1257.0,51.0,125.0,16350,True,False,1.0,chop,0.324665,0.093117,0.049394,-1.219406
W39,WORST,12,32,2025-09-24 12:13:45,2025-09-24 12:25:08,SHORT,HARD_STOP,1,-250.0,-1257.0,74.0,125.0,17133,True,False,2.0,trend,0.954741,0.405286,0.138057,2.047203
W39,WORST,12,33,2025-09-24 12:27:44,2025-09-24 13:30:32,SHORT,HARD_STOP,1,-250.0,-1257.0,81.0,125.0,50279,True,False,0.0,unclear,0.865435,0.339844,0.084653,1.976399
W39,WORST,12,34,2025-09-24 13:36:48,2025-09-24 14:11:04,LONG,HARD_STOP,1,-250.0,-1257.0,10.0,125.0,23262,True,False,0.0,unclear,0.762625,0.236607,0.025966,-1.563811
W39,WORST,12,35,2025-09-24 14:15:21,2025-09-24 15:45:15,SHORT,REVERSAL,1,100.0,493.0,57.0,100.0,50747,False,True,0.0,unclear,0.917897,0.316279,0.088834,1.72028
W39,WORST,12,36,2025-09-24 15:45:15,2025-09-24 15:49:50,LONG,EOD_FLATTEN,0,67.0,331.5,74.0,29.0,4539,False,True,0.0,unclear,0.878087,0.358974,0.089411,-1.351399
W39,WORST,12,37,2025-09-25 09:30:20,2025-09-25 09:32:56,LONG,REVERSAL,1,100.0,493.0,50.0,100.0,10320,False,True,0.0,unclear,0.634063,0.291209,0.045797,-1.583042
W39,WORST,12,38,2025-09-25 09:32:56,2025-09-25 09:34:15,SHORT,REVERSAL,0,100.0,496.5,100.0,30.0,3617,False,True,0.0,unclear,0.468833,0.191617,0.016656,1.187937
W39,WORST,12,39,2025-09-25 09:34:15,2025-09-25 09:36:38,LONG,HARD_STOP,1,-250.0,-1257.0,9.0,125.0,7807,True,False,0.0,unclear,0.690093,0.277946,0.065089,-2.123252
W39,WORST,12,40,2025-09-25 09:40:04,2025-09-25 09:42:39,LONG,HARD_STOP,1,-252.0,-1267.0,5.0,126.0,8307,True,False,0.0,unclear,0.753393,0.205607,0.071138,-1.366259
W39,WORST,12,41,2025-09-25 09:44:07,2025-09-25 09:45:30,LONG,REVERSAL,0,100.0,496.5,100.0,11.0,4332,False,True,0.0,unclear,0.536886,0.271478,0.020768,-1.090909
W39,WORST,12,42,2025-09-25 09:45:30,2025-09-25 09:49:01,SHORT,HARD_STOP,1,-251.0,-1262.0,54.0,125.5,12218,True,False,0.0,unclear,0.86408,0.28125,0.096874,1.912587
W39,WORST,12,43,2025-09-25 09:50:11,2025-09-25 09:51:56,SHORT,REVERSAL,0,100.0,496.5,100.0,73.0,6667,False,True,0.0,unclear,0.43879,0.155932,0.015767,1.420455
W39,WORST,12,44,2025-09-25 09:51:56,2025-09-25 09:58:33,LONG,HARD_STOP,1,-250.0,-1257.0,34.0,125.0,18586,True,False,2.0,trend,0.902695,0.320312,0.230448,-2.76049
W39,WORST,12,45,2025-09-25 10:00:00,2025-09-25 10:02:20,SHORT,HARD_STOP,1,-250.0,-1257.0,41.0,125.0,7206,True,False,0.0,unclear,0.812358,0.281609,0.053301,2.019231
W39,WORST,12,46,2025-09-25 10:04:01,2025-09-25 10:07:12,SHORT,HARD_STOP,1,-250.0,-1257.0,17.0,125.0,8155,True,False,0.0,unclear,0.8441,0.27907,0.047073,2.120629
W39,WORST,12,47,2025-09-25 10:09:05,2025-09-25 10:15:44,SHORT,HARD_STOP,1,-250.0,-1257.0,41.0,125.0,14861,True,False,0.0,unclear,0.885269,0.336918,0.120269,1.964161
W39,WORST,12,48,2025-09-25 10:18:34,2025-09-25 10:21:23,LONG,REVERSAL,0,100.0,496.5,100.0,17.0,4467,False,True,0.0,unclear,0.932814,0.283582,0.070614,-1.979895
W39,WORST,12,49,2025-09-25 10:21:23,2025-09-25 10:28:20,SHORT,REVERSAL,1,100.0,493.0,50.0,100.0,13864,False,True,1.0,chop,0.217866,0.179389,0.090177,0.439685
W39,WORST,12,50,2025-09-25 10:28:20,2025-09-25 10:42:37,LONG,REVERSAL,0,100.0,496.5,100.0,40.0,20904,False,True,2.0,trend,0.568229,0.199153,0.200348,-1.060315
W39,WORST,12,51,2025-09-25 10:42:37,2025-09-25 11:02:49,SHORT,REVERSAL,0,100.0,496.5,100.0,79.0,29184,False,True,0.0,unclear,0.468734,0.199405,0.028446,1.347028
W39,WORST,12,52,2025-09-25 11:02:49,2025-09-25 11:11:01,LONG,REVERSAL,1,100.0,493.0,51.0,100.0,13148,False,True,0.0,unclear,0.634566,0.190939,0.138138,-1.388986
W39,WORST,12,53,2025-09-25 11:11:01,2025-09-25 11:24:58,SHORT,REVERSAL,1,100.0,493.0,50.0,124.0,17066,False,True,0.0,unclear,0.756799,0.291525,0.113493,1.574301
W39,WORST,12,54,2025-09-25 11:24:58,2025-09-25 11:34:10,LONG,REVERSAL,0,100.0,496.5,100.0,99.0,12072,False,True,0.0,unclear,0.544751,0.153846,0.102445,-0.949301
W39,WORST,12,55,2025-09-25 11:34:10,2025-09-25 11:41:36,SHORT,HARD_STOP,1,-250.0,-1257.0,3.0,125.0,10324,True,False,0.0,unclear,0.848423,0.29023,0.110287,1.875874
W39,WORST,12,56,2025-09-25 11:53:43,2025-09-25 12:33:06,LONG,REVERSAL,1,100.0,493.0,80.0,110.0,34200,False,True,0.0,unclear,0.436154,0.179931,0.025626,-0.937937
W39,WORST,12,57,2025-09-25 12:33:06,2025-09-25 12:39:39,SHORT,REVERSAL,0,101.0,501.5,101.0,3.0,3290,False,True,0.0,unclear,0.913491,0.313953,0.156113,1.749126
W39,WORST,12,58,2025-09-25 12:39:39,2025-09-25 13:20:31,LONG,HARD_STOP,1,-250.0,-1257.0,43.0,125.0,30130,True,False,0.0,unclear,0.654242,0.183206,0.03995,-1.625874
W39,WORST,12,59,2025-09-25 13:21:47,2025-09-25 13:27:43,LONG,REVERSAL,0,100.0,496.5,100.0,53.0,8502,False,True,2.0,trend,0.977659,0.474265,0.13062,-2.681818
W39,WORST,12,60,2025-09-25 13:27:43,2025-09-25 13:32:04,SHORT,REVERSAL,0,100.0,496.5,100.0,13.0,3658,False,True,0.0,unclear,0.572827,0.18429,0.065698,1.284965
W39,WORST,12,61,2025-09-25 13:32:04,2025-09-25 13:56:56,LONG,HARD_STOP,1,-250.0,-1257.0,25.0,125.0,20738,True,False,0.0,unclear,0.502475,0.163205,0.105296,-1.609266
W39,WORST,12,62,2025-09-25 14:00:21,2025-09-25 14:04:17,LONG,HARD_STOP,1,-250.0,-1257.0,7.0,125.0,9642,True,False,1.0,chop,0.338984,0.15415,0.032736,-0.509615
W39,WORST,12,63,2025-09-25 14:06:01,2025-09-25 14:12:20,SHORT,HARD_STOP,1,-250.0,-1257.0,24.0,125.0,10252,True,False,0.0,unclear,0.907707,0.274306,0.110837,2.111014
W39,WORST,12,64,2025-09-25 14:15:06,2025-09-25 14:25:27,SHORT,HARD_STOP,1,-250.0,-1257.0,9.0,125.0,13430,True,False,0.0,unclear,0.689905,0.144404,0.003819,1.513112
W39,WORST,12,65,2025-09-25 14:33:31,2025-09-25 14:38:36,LONG,REVERSAL,0,100.0,496.5,100.0,15.0,4343,False,True,0.0,unclear,0.735826,0.218978,0.001509,-1.687063
W39,WORST,12,66,2025-09-25 14:38:36,2025-09-25 14:41:29,SHORT,HARD_STOP,1,-250.0,-1257.0,8.0,125.0,4782,True,False,0.0,unclear,0.529449,0.15,0.07335,1.011364
W39,WORST,12,67,2025-09-25 14:45:29,2025-09-25 15:49:50,LONG,EOD_FLATTEN,0,-64.0,-323.5,97.0,93.0,51109,False,False,0.0,unclear,0.411044,0.186885,0.069113,-0.817308
W39,WORST,12,68,2025-09-26 09:30:03,2025-09-26 09:31:38,LONG,REVERSAL,1,100.0,493.0,50.0,100.0,8367,False,True,0.0,unclear,0.797054,0.342949,0.101089,-2.68007
W39,WORST,12,69,2025-09-26 09:31:38,2025-09-26 09:32:31,SHORT,HARD_STOP,1,-250.0,-1257.0,17.0,125.0,3596,True,False,2.0,trend,0.960841,0.42492,0.156022,3.182692
W39,WORST,12,70,2025-09-26 09:33:12,2025-09-26 09:41:00,SHORT,REVERSAL,0,101.0,501.5,101.0,53.0,16449,False,True,0.0,unclear,0.834957,0.252396,0.041182,1.641608
W39,WORST,12,71,2025-09-26 09:41:00,2025-09-26 09:42:37,LONG,REVERSAL,0,100.0,496.5,100.0,21.0,3303,False,True,0.0,unclear,0.852626,0.362468,0.144758,-3.036713
W39,WORST,12,72,2025-09-26 09:42:37,2025-09-26 09:45:04,SHORT,REVERSAL,0,100.0,496.5,100.0,81.0,5724,False,True,1.0,chop,0.065692,0.028436,0.069209,0.606643
W39,WORST,12,73,2025-09-26 09:45:04,2025-09-26 09:46:59,LONG,REVERSAL,0,101.0,501.5,101.0,95.0,5088,False,True,0.0,unclear,0.699659,0.184932,0.066964,-1.916084
W39,WORST,12,74,2025-09-26 09:46:59,2025-09-26 10:03:19,SHORT,REVERSAL,1,100.0,493.0,72.0,113.0,24728,False,True,0.0,unclear,0.89811,0.362069,0.157698,3.52972
W39,WORST,12,75,2025-09-26 10:03:19,2025-09-26 10:06:20,LONG,HARD_STOP,1,-250.0,-1257.0,21.0,125.0,6883,True,False,2.0,trend,0.973485,0.426332,0.21406,-3.272727
W39,WORST,12,76,2025-09-26 10:07:02,2025-09-26 10:21:48,LONG,HARD_STOP,1,-250.0,-1257.0,47.0,125.0,30156,True,False,2.0,trend,0.899319,0.44127,0.163134,-2.506993
W39,WORST,12,77,2025-09-26 10:24:20,2025-09-26 10:26:56,LONG,HARD_STOP,1,-250.0,-1257.0,23.0,125.0,7249,True,False,1.0,chop,0.052093,0.081871,0.073156,-0.442308
W39,WORST,12,78,2025-09-26 10:28:42,2025-09-26 10:31:43,SHORT,REVERSAL,1,100.0,493.0,50.0,100.0,7452,False,True,0.0,unclear,0.711902,0.173295,0.137242,1.568182
W39,WORST,12,79,2025-09-26 10:31:43,2025-09-26 10:36:32,LONG,REVERSAL,0,100.0,496.5,100.0,24.0,7429,False,True,1.0,chop,0.038664,0.047771,0.020655,-0.227273
W39,WORST,12,80,2025-09-26 10:36:32,2025-09-26 10:40:25,SHORT,HARD_STOP,1,-250.0,-1257.0,37.0,125.0,8172,True,False,0.0,unclear,0.874396,0.34139,0.050186,2.236888
W39,WORST,12,81,2025-09-26 10:42:42,2025-09-26 10:45:47,SHORT,REVERSAL,0,100.0,496.5,100.0,26.0,5418,False,True,1.0,chop,0.126281,0.103125,0.014538,0.444056
W39,WORST,12,82,2025-09-26 10:45:47,2025-09-26 10:49:54,LONG,HARD_STOP,1,-250.0,-1257.0,8.0,125.0,7315,True,False,0.0,unclear,0.77564,0.292398,0.125798,-1.998252
W39,WORST,12,83,2025-09-26 10:51:45,2025-09-26 10:56:34,SHORT,REVERSAL,1,100.0,493.0,50.0,100.0,7304,False,True,0.0,unclear,0.457807,0.241814,0.127075,1.398601
W39,WORST,12,84,2025-09-26 10:56:34,2025-09-26 11:16:38,LONG,REVERSAL,1,100.0,493.0,92.0,100.0,24204,False,True,1.0,chop,0.284744,0.101877,0.026581,-1.102273
W39,WORST,12,85,2025-09-26 11:16:38,2025-09-26 11:23:28,SHORT,REVERSAL,1,100.0,493.0,50.0,100.0,8901,False,True,0.0,unclear,0.822023,0.277778,0.002195,2.230769
W39,WORST,12,86,2025-09-26 11:23:28,2025-09-26 11:25:22,LONG,REVERSAL,0,100.0,496.5,100.0,15.0,2331,False,True,1.0,chop,0.023954,0.128079,0.06021,-0.271853
W39,WORST,12,87,2025-09-26 11:25:22,2025-09-26 11:38:02,SHORT,REVERSAL,1,100.0,493.0,50.0,100.0,13937,False,True,0.0,unclear,0.765887,0.23224,0.051266,2.022727
W39,WORST,12,88,2025-09-26 11:38:02,2025-09-26 12:07:01,LONG,REVERSAL,1,100.0,493.0,77.0,100.0,21528,False,True,0.0,unclear,0.821566,0.266491,0.064735,-2.315559
W39,WORST,12,89,2025-09-26 12:07:01,2025-09-26 12:21:04,SHORT,HARD_STOP,1,-250.0,-1257.0,91.0,125.0,9247,True,False,0.0,unclear,0.655511,0.178147,0.045768,1.478147
W39,WORST,12,90,2025-09-26 12:24:41,2025-09-26 12:33:49,SHORT,REVERSAL,0,100.0,496.5,100.0,55.0,9088,False,True,0.0,unclear,0.516144,0.14791,0.031629,1.056818
W39,WORST,12,91,2025-09-26 12:33:49,2025-09-26 12:37:19,LONG,REVERSAL,0,100.0,496.5,100.0,0.0,2248,False,True,0.0,unclear,0.654671,0.134375,0.01488,-2.027098
W39,WORST,12,92,2025-09-26 12:37:19,2025-09-26 13:13:15,SHORT,HARD_STOP,1,-250.0,-1257.0,55.0,125.0,20020,True,False,0.0,unclear,0.804629,0.263305,0.012446,1.986014
W39,WORST,12,93,2025-09-26 13:20:11,2025-09-26 13:28:27,LONG,REVERSAL,0,100.0,496.5,100.0,5.0,4187,False,True,0.0,unclear,0.531179,0.236,0.121831,-0.838287
W39,WORST,12,94,2025-09-26 13:28:27,2025-09-26 13:41:36,SHORT,REVERSAL,0,101.0,501.5,101.0,1.0,6577,False,True,0.0,unclear,0.921676,0.333333,0.111867,1.918706
W39,WORST,12,95,2025-09-26 13:41:36,2025-09-26 13:59:29,LONG,REVERSAL,1,100.0,493.0,61.0,100.0,10108,False,True,0.0,unclear,0.537806,0.161871,0.073319,-0.937063
W39,WORST,12,96,2025-09-26 13:59:29,2025-09-26 14:40:25,SHORT,HARD_STOP,1,-250.0,-1257.0,79.0,125.0,23336,True,False,2.0,trend,0.920305,0.426606,0.061027,2.268357
W39,WORST,12,97,2025-09-26 14:45:18,2025-09-26 15:49:50,LONG,EOD_FLATTEN,0,58.0,286.5,93.0,33.0,27451,False,True,0.0,unclear,0.624166,0.37377,0.070379,-1.798951
W48,BAD,12,0,2025-11-24 09:30:01,2025-11-24 09:30:15,SHORT,REVERSAL,0,100.0,496.5,100.0,40.0,1661,False,True,1.0,chop,0.065295,0.137856,0.006598,0.396853
W48,BAD,12,1,2025-11-24 09:30:15,2025-11-24 09:30:44,LONG,REVERSAL,0,101.0,501.5,101.0,5.0,1914,False,True,1.0,chop,0.13612,0.048866,0.01201,1.103147
W48,BAD,12,2,2025-11-24 09:30:44,2025-11-24 09:31:19,SHORT,HARD_STOP,1,-250.0,-1257.0,28.0,125.0,2360,True,False,1.0,chop,0.017871,0.040785,0.021879,-0.31993
W48,BAD,12,3,2025-11-24 09:31:23,2025-11-24 09:31:55,LONG,REVERSAL,0,100.0,496.5,100.0,12.0,1610,False,True,0.0,unclear,0.621196,0.109091,0.1,3.271853
W48,BAD,12,4,2025-11-24 09:31:55,2025-11-24 09:32:38,SHORT,HARD_STOP,1,-250.0,-1257.0,13.0,125.0,2799,True,False,1.0,chop,0.199961,0.147687,0.06432,1.051573
W48,BAD,12,5,2025-11-24 09:33:34,2025-11-24 09:35:04,SHORT,HARD_STOP,1,-254.0,-1277.0,54.0,127.0,4735,True,False,0.0,unclear,0.854888,0.17561,0.118826,1.502622
W48,BAD,12,6,2025-11-24 09:35:34,2025-11-24 09:36:20,SHORT,REVERSAL,0,101.0,501.5,101.0,34.0,2631,False,True,0.0,unclear,0.77327,0.338753,0.081998,2.428322
W48,BAD,12,7,2025-11-24 09:36:20,2025-11-24 09:37:05,LONG,REVERSAL,0,100.0,496.5,100.0,19.0,1558,False,True,0.0,unclear,0.839969,0.220957,0.08997,-2.839161
W48,BAD,12,8,2025-11-24 09:37:05,2025-11-24 09:37:28,SHORT,REVERSAL,0,100.0,496.5,100.0,6.0,696,False,True,0.0,unclear,0.654116,0.068182,0.017629,1.608392
W48,BAD,12,9,2025-11-24 09:37:28,2025-11-24 09:40:23,LONG,HARD_STOP,1,-250.0,-1257.0,38.0,125.0,6344,True,False,1.0,chop,0.011571,0.102273,0.033313,-0.256993
W48,BAD,12,10,2025-11-24 09:40:36,2025-11-24 09:41:13,LONG,REVERSAL,0,100.0,496.5,100.0,48.0,1682,False,True,0.0,unclear,0.400153,0.158397,0.110633,-2.181818
W48,BAD,12,11,2025-11-24 09:41:13,2025-11-24 09:43:10,SHORT,REVERSAL,1,100.0,493.0,88.0,100.0,3967,False,True,1.0,chop,0.000221,0.034884,0.168625,-0.041958
W48,BAD,12,12,2025-11-24 09:43:10,2025-11-24 09:43:40,LONG,REVERSAL,1,100.0,493.0,50.0,100.0,1076,False,True,1.0,chop,0.163844,0.112656,0.009496,-1.298951
W48,BAD,12,13,2025-11-24 09:43:40,2025-11-24 09:44:21,SHORT,REVERSAL,0,100.0,496.5,100.0,55.0,954,False,True,0.0,unclear,0.524646,0.047134,0.066987,-3.388112
W48,BAD,12,14,2025-11-24 09:44:21,2025-11-24 09:45:17,LONG,REVERSAL,0,100.0,496.5,100.0,82.0,2459,False,True,0.0,unclear,0.558762,0.253056,0.05736,-3.411713
W48,BAD,12,15,2025-11-24 09:45:17,2025-11-24 09:46:02,SHORT,REVERSAL,0,100.0,496.5,100.0,35.0,1580,False,True,1.0,chop,0.385053,0.095238,0.013538,2.40472
W48,BAD,12,16,2025-11-24 09:46:02,2025-11-24 09:47:08,LONG,REVERSAL,0,100.0,496.5,100.0,38.0,1623,False,True,1.0,chop,0.293229,0.101078,0.015785,1.887238
W48,BAD,12,17,2025-11-24 09:47:08,2025-11-24 09:49:01,SHORT,REVERSAL,1,100.0,493.0,50.0,100.0,3212,False,True,1.0,chop,0.071714,0.01105,0.015902,-0.706294
W48,BAD,12,18,2025-11-24 09:49:01,2025-11-24 09:50:00,LONG,HARD_STOP,1,-252.0,-1267.0,38.0,126.0,1902,True,False,1.0,chop,0.124651,0.00135,0.001806,1.065559
W48,BAD,12,19,2025-11-24 09:50:11,2025-11-24 09:51:03,LONG,REVERSAL,0,100.0,496.5,100.0,42.0,2523,False,True,0.0,unclear,0.937404,0.378995,0.143035,-5.513986
W48,BAD,12,20,2025-11-24 09:51:03,2025-11-24 09:51:33,SHORT,REVERSAL,0,100.0,496.5,100.0,55.0,1125,False,True,0.0,unclear,0.492974,0.182848,0.063477,2.143357
W48,BAD,12,21,2025-11-24 09:51:33,2025-11-24 09:51:59,LONG,REVERSAL,0,102.0,506.5,102.0,22.0,776,False,True,1.0,chop,0.312834,0.055172,0.051578,2.06993
W48,BAD,12,22,2025-11-24 09:51:59,2025-11-24 09:52:49,SHORT,HARD_STOP,1,-250.0,-1257.0,3.0,125.0,2152,True,False,1.0,chop,0.0548,0.138852,0.068799,0.778846
W48,BAD,12,23,2025-11-24 09:53:00,2025-11-24 09:53:09,LONG,REVERSAL,0,101.0,501.5,101.0,5.0,336,False,True,0.0,unclear,0.580522,0.225981,0.127042,3.193182
W48,BAD,12,24,2025-11-24 09:53:09,2025-11-24 09:54:55,SHORT,REVERSAL,0,100.0,496.5,100.0,89.0,2574,False,True,0.0,unclear,0.588487,0.187173,0.115082,2.076049
W48,BAD,12,25,2025-11-24 09:54:55,2025-11-24 09:56:20,LONG,REVERSAL,0,101.0,501.5,101.0,35.0,2483,False,True,1.0,chop,0.24738,0.149792,0.02112,-2.105769
W48,BAD,12,26,2025-11-24 09:56:20,2025-11-24 10:00:04,SHORT,HARD_STOP,1,-250.0,-1257.0,99.0,125.0,5011,True,False,1.0,chop,0.379184,0.094576,0.009598,1.810315
W48,BAD,12,27,2025-11-24 10:01:15,2025-11-24 10:05:41,SHORT,HARD_STOP,1,-250.0,-1257.0,86.0,125.0,8498,True,False,1.0,chop,0.215075,0.047788,0.006707,0.672203
W48,BAD,12,28,2025-11-24 10:06:20,2025-11-24 10:10:38,LONG,HARD_STOP,1,-251.0,-1262.0,71.0,125.5,6629,True,False,1.0,chop,0.004663,0.00995,0.08668,-0.122378
W48,BAD,12,29,2025-11-24 10:11:02,2025-11-24 10:12:40,LONG,REVERSAL,1,100.0,493.0,50.0,100.0,3510,False,True,0.0,unclear,0.593343,0.209589,0.064099,-2.375
W48,BAD,12,30,2025-11-24 10:12:40,2025-11-24 10:14:30,SHORT,HARD_STOP,1,-250.0,-1257.0,40.0,125.0,3712,True,False,1.0,chop,0.094093,0.156105,0.037913,0.65035
W48,BAD,12,31,2025-11-24 10:16:03,2025-11-24 10:20:37,LONG,REVERSAL,1,99.0,488.0,78.0,101.0,6623,False,True,1.0,chop,0.04408,0.113462,0.001914,-0.409091
W48,BAD,12,32,2025-11-24 10:20:37,2025-11-24 10:21:09,SHORT,REVERSAL,0,100.0,496.5,100.0,0.0,574,False,True,1.0,chop,0.194139,0.038898,0.047066,-1.31993
W48,BAD,12,33,2025-11-24 10:21:09,2025-11-24 10:21:22,LONG,REVERSAL,0,100.0,496.5,100.0,4.0,400,False,True,1.0,chop,0.079077,0.032885,0.062056,0.625
W48,BAD,12,34,2025-11-24 10:21:22,2025-11-24 10:24:36,SHORT,REVERSAL,0,100.0,496.5,100.0,91.0,4676,False,True,0.0,unclear,0.448991,0.118497,0.051373,1.711538
W48,BAD,12,35,2025-11-24 10:24:36,2025-11-24 10:27:11,LONG,REVERSAL,0,100.0,496.5,100.0,80.0,5144,False,True,0.0,unclear,0.943994,0.284965,0.043644,-4.314685
W48,BAD,12,36,2025-11-24 10:27:11,2025-11-24 10:29:04,SHORT,REVERSAL,1,102.0,503.0,51.0,100.0,3386,False,True,0.0,unclear,0.733,0.235562,0.111466,2.828671
W48,BAD,12,37,2025-11-24 10:29:04,2025-11-24 10:33:00,LONG,REVERSAL,0,100.0,496.5,100.0,61.0,5302,False,True,1.0,chop,0.167442,0.08805,0.061439,0.806818
W48,BAD,12,38,2025-11-24 10:33:00,2025-11-24 10:37:33,SHORT,REVERSAL,1,100.0,493.0,68.0,100.0,6270,False,True,1.0,chop,0.183076,0.097143,0.066248,0.557692
W48,BAD,12,39,2025-11-24 10:37:33,2025-11-24 10:39:00,LONG,REVERSAL,0,100.0,496.5,100.0,11.0,1622,False,True,0.0,unclear,0.660469,0.148069,0.05666,-1.422203
W48,BAD,12,40,2025-11-24 10:39:00,2025-11-24 10:55:15,SHORT,REVERSAL,1,100.0,493.0,50.0,115.0,19515,False,True,1.0,chop,0.082163,0.083658,0.006782,0.634615
W48,BAD,12,41,2025-11-24 10:55:15,2025-11-24 11:01:48,LONG,REVERSAL,0,100.0,496.5,100.0,56.0,6568,False,True,1.0,chop,0.361237,0.05665,0.059375,-1.191434
W48,BAD,12,42,2025-11-24 11:01:48,2025-11-24 11:08:39,SHORT,HARD_STOP,1,-250.0,-1257.0,29.0,125.0,7735,True,False,0.0,unclear,0.864538,0.20339,0.062147,2.228147
W48,BAD,12,43,2025-11-24 11:12:22,2025-11-24 11:33:32,SHORT,REVERSAL,0,100.0,496.5,100.0,65.0,18544,False,True,1.0,chop,0.296019,0.11747,0.002517,1.138112
W48,BAD,12,44,2025-11-24 11:33:32,2025-11-24 11:34:10,LONG,REVERSAL,0,101.0,501.5,101.0,3.0,780,False,True,0.0,unclear,0.81781,0.277143,0.11144,-2.503497
W48,BAD,12,45,2025-11-24 11:34:10,2025-11-24 11:58:00,SHORT,REVERSAL,0,100.0,496.5,100.0,95.0,18332,False,True,1.0,chop,0.002654,0.029255,0.003398,0.104021
W48,BAD,12,46,2025-11-24 11:58:00,2025-11-24 12:01:36,LONG,REVERSAL,0,100.0,496.5,100.0,28.0,4005,False,True,0.0,unclear,0.62863,0.316716,0.098522,-1.800699
W48,BAD,12,47,2025-11-24 12:01:36,2025-11-24 12:03:17,SHORT,REVERSAL,0,100.0,496.5,100.0,3.0,1418,False,True,0.0,unclear,0.734271,0.222222,0.069782,1.902098
W48,BAD,12,48,2025-11-24 12:03:17,2025-11-24 12:16:21,LONG,REVERSAL,0,100.0,496.5,100.0,48.0,9047,False,True,0.0,unclear,0.687359,0.172152,0.001587,-1.471154
W48,BAD,12,49,2025-11-24 12:16:21,2025-11-24 12:39:23,SHORT,HARD_STOP,1,-250.0,-1257.0,38.0,125.0,16729,True,False,0.0,unclear,0.892551,0.359649,0.033085,3.081294
W48,BAD,12,50,2025-11-24 12:40:51,2025-11-24 14:27:09,SHORT,REVERSAL,1,100.0,493.0,95.0,100.0,62570,False,True,0.0,unclear,0.72111,0.212625,0.101345,1.13549
W48,BAD,12,51,2025-11-24 14:27:09,2025-11-24 14:38:37,LONG,REVERSAL,1,100.0,493.0,50.0,100.0,10105,False,True,0.0,unclear,0.709962,0.151007,0.037657,-1.030594
W48,BAD,12,52,2025-11-24 14:38:37,2025-11-24 14:46:00,SHORT,REVERSAL,0,100.0,496.5,100.0,21.0,5313,False,True,0.0,unclear,0.749222,0.26875,0.053247,2.211538
W48,BAD,12,53,2025-11-24 14:46:00,2025-11-24 15:03:16,LONG,REVERSAL,0,100.0,496.5,100.0,61.0,13097,False,True,0.0,unclear,0.888391,0.310897,0.043011,-1.865385
W48,BAD,12,54,2025-11-24 15:03:16,2025-11-24 15:26:01,SHORT,REVERSAL,1,100.0,493.0,50.0,100.0,16608,False,True,0.0,unclear,0.890102,0.239852,0.079651,1.481643
W48,BAD,12,55,2025-11-24 15:26:01,2025-11-24 15:44:14,LONG,REVERSAL,0,100.0,496.5,100.0,33.0,11739,False,True,0.0,unclear,0.874515,0.243986,0.024561,-1.77535
W48,BAD,12,56,2025-11-24 15:44:14,2025-11-24 15:49:50,SHORT,EOD_FLATTEN,0,6.0,26.5,58.0,41.0,5458,False,True,1.0,chop,0.000645,0.131944,0.014539,0.037587
W48,BAD,12,57,2025-11-25 09:30:03,2025-11-25 09:30:15,SHORT,REVERSAL,0,100.0,496.5,100.0,44.0,1557,False,True,1.0,chop,0.119487,0.239067,0.081977,0.753497
W48,BAD,12,58,2025-11-25 09:30:15,2025-11-25 09:31:07,LONG,REVERSAL,1,100.0,493.0,50.0,100.0,4192,False,True,1.0,chop,0.0,0.04119,0.044492,0.0
W48,BAD,12,59,2025-11-25 09:31:07,2025-11-25 09:37:14,SHORT,REVERSAL,1,100.0,493.0,61.0,100.0,14120,False,True,1.0,chop,0.169673,0.244898,0.050858,1.133741
W48,BAD,12,60,2025-11-25 09:37:14,2025-11-25 09:40:40,LONG,HARD_STOP,1,-250.0,-1257.0,63.0,125.0,8612,True,False,0.0,unclear,0.547447,0.270455,0.059969,-1.664336
W48,BAD,12,61,2025-11-25 09:42:13,2025-11-25 09:43:14,LONG,HARD_STOP,1,-250.0,-1257.0,13.0,125.0,4121,True,False,0.0,unclear,0.542369,0.147609,0.043782,-1.292832
W48,BAD,12,62,2025-11-25 09:44:04,2025-11-25 09:45:00,SHORT,REVERSAL,0,101.0,501.5,101.0,30.0,2582,False,True,1.0,chop,0.018558,0.139175,0.115596,0.303322
W48,BAD,12,63,2025-11-25 09:45:00,2025-11-25 09:46:20,LONG,HARD_STOP,1,-250.0,-1257.0,9.0,125.0,6020,True,False,0.0,unclear,0.686473,0.207739,0.006254,-2.088287
W48,BAD,12,64,2025-11-25 09:47:15,2025-11-25 09:48:02,SHORT,REVERSAL,0,100.0,496.5,100.0,40.0,3592,False,True,0.0,unclear,0.808748,0.182232,0.068381,1.741259
W48,BAD,12,65,2025-11-25 09:48:02,2025-11-25 09:49:28,LONG,HARD_STOP,1,-250.0,-1257.0,41.0,125.0,6871,True,False,2.0,trend,0.804757,0.346154,0.240908,-2.587413
W48,BAD,12,66,2025-11-25 09:50:05,2025-11-25 09:50:35,LONG,REVERSAL,0,103.0,511.5,103.0,64.0,3107,False,True,1.0,chop,0.144877,0.124183,0.117906,-0.534091
W48,BAD,12,67,2025-11-25 09:50:35,2025-11-25 09:51:40,SHORT,HARD_STOP,1,-250.0,-1257.0,17.0,125.0,5186,True,False,2.0,trend,0.955607,0.428571,0.104359,3.871503
W48,BAD,12,68,2025-11-25 09:52:03,2025-11-25 09:55:00,SHORT,HARD_STOP,1,-250.0,-1257.0,57.0,125.0,9285,True,False,0.0,unclear,0.803537,0.296203,0.034526,2.306818
W48,BAD,12,69,2025-11-25 09:56:13,2025-11-25 09:57:23,LONG,REVERSAL,0,100.0,496.5,100.0,65.0,2591,False,True,1.0,chop,0.268357,0.187919,0.141852,-1.101399
W48,BAD,12,70,2025-11-25 09:57:23,2025-11-25 09:59:06,SHORT,HARD_STOP,1,-250.0,-1257.0,5.0,125.0,3983,True,False,0.0,unclear,0.706188,0.171821,0.007912,3.138112
W48,BAD,12,71,2025-11-25 10:00:04,2025-11-25 10:01:31,LONG,HARD_STOP,1,-250.0,-1257.0,16.0,125.0,4907,True,False,1.0,chop,0.103645,0.076459,0.041667,-0.591783
W48,BAD,12,72,2025-11-25 10:01:57,2025-11-25 10:02:07,SHORT,REVERSAL,0,104.0,516.5,104.0,19.0,486,False,True,1.0,chop,0.105237,0.109185,0.034589,-0.763112
W48,BAD,12,73,2025-11-25 10:02:07,2025-11-25 10:02:44,LONG,HARD_STOP,1,-250.0,-1257.0,12.0,125.0,2696,True,False,1.0,chop,0.032401,0.116197,0.067848,-0.323427
W48,BAD,12,74,2025-11-25 10:03:20,2025-11-25 10:04:29,LONG,REVERSAL,1,100.0,493.0,70.0,100.0,3634,False,True,0.0,unclear,0.789014,0.243083,0.051371,-2.18007
W48,BAD,12,75,2025-11-25 10:04:29,2025-11-25 10:05:06,SHORT,REVERSAL,0,100.0,496.5,100.0,13.0,1593,False,True,1.0,chop,0.015897,0.01982,0.029978,-0.375874
W48,BAD,12,76,2025-11-25 10:05:06,2025-11-25 10:05:29,LONG,REVERSAL,0,101.0,501.5,101.0,2.0,1097,False,True,1.0,chop,0.191964,0.041516,0.033708,1.378497
W48,BAD,12,77,2025-11-25 10:05:29,2025-11-25 10:05:50,SHORT,HARD_STOP,1,-252.0,-1267.0,8.0,126.0,1927,True,False,1.0,chop,0.143449,0.019366,0.068307,-0.803322
W48,BAD,12,78,2025-11-25 10:06:01,2025-11-25 10:07:03,LONG,REVERSAL,0,100.0,496.5,100.0,57.0,2729,False,True,0.0,unclear,0.433731,0.067179,0.084214,2.118881
W48,BAD,12,79,2025-11-25 10:07:03,2025-11-25 10:08:30,SHORT,HARD_STOP,1,-250.0,-1257.0,27.0,125.0,3883,True,False,1.0,chop,0.139781,0.209677,0.06964,1.274476
W48,BAD,12,80,2025-11-25 10:08:53,2025-11-25 10:11:18,LONG,HARD_STOP,1,-250.0,-1257.0,99.0,125.0,5701,True,False,1.0,chop,0.38372,0.077876,0.019432,1.742133
W48,BAD,12,81,2025-11-25 10:11:34,2025-11-25 10:11:50,LONG,REVERSAL,0,100.0,496.5,100.0,18.0,714,False,True,2.0,trend,0.810994,0.278443,0.234598,-4.602273
W48,BAD,12,82,2025-11-25 10:11:50,2025-11-25 10:13:37,SHORT,HARD_STOP,1,-250.0,-1257.0,61.0,125.0,3150,True,False,1.0,chop,0.379998,0.105581,0.13771,-1.643357
W48,BAD,12,83,2025-11-25 10:13:50,2025-11-25 10:16:26,LONG,REVERSAL,1,99.0,488.0,49.5,103.0,4475,False,True,0.0,unclear,0.716238,0.146438,0.062241,3.178322
W48,BAD,12,84,2025-11-25 10:16:26,2025-11-25 10:20:25,SHORT,REVERSAL,1,100.0,493.0,84.0,100.0,6739,False,True,1.0,chop,0.164309,0.169096,0.036074,1.021853
W48,BAD,12,85,2025-11-25 10:20:25,2025-11-25 10:23:03,LONG,HARD_STOP,1,-250.0,-1257.0,77.0,125.0,4380,True,False,1.0,chop,0.020863,0.036161,0.028809,0.252622
W48,BAD,12,86,2025-11-25 10:23:30,2025-11-25 10:27:22,SHORT,REVERSAL,1,104.0,513.0,75.0,100.0,6675,False,True,0.0,unclear,0.424096,0.078853,0.113686,-1.839161
W48,BAD,12,87,2025-11-25 10:27:22,2025-11-25 10:28:19,LONG,REVERSAL,0,100.0,496.5,100.0,50.0,1120,False,True,1.0,chop,0.015372,0.096026,0.025237,-0.34965
W48,BAD,12,88,2025-11-25 10:28:19,2025-11-25 10:30:04,SHORT,HARD_STOP,1,-250.0,-1257.0,55.0,125.0,2708,True,False,1.0,chop,0.305656,0.0032,0.001567,-1.941434
W48,BAD,12,89,2025-11-25 10:30:31,2025-11-25 10:33:02,SHORT,REVERSAL,0,100.0,496.5,100.0,38.0,5473,False,True,0.0,unclear,0.805159,0.319502,0.086034,3.640734
W48,BAD,12,90,2025-11-25 10:33:02,2025-11-25 10:34:08,LONG,REVERSAL,0,100.0,496.5,100.0,0.0,1662,False,True,1.0,chop,0.288473,0.140625,0.095252,-1.318182
W48,BAD,12,91,2025-11-25 10:34:08,2025-11-25 10:35:04,SHORT,REVERSAL,0,101.0,501.5,101.0,5.0,1138,False,True,1.0,chop,0.050977,0.031381,0.030719,0.357517
W48,BAD,12,92,2025-11-25 10:35:04,2025-11-25 10:36:39,LONG,REVERSAL,1,100.0,493.0,50.0,100.0,2999,False,True,1.0,chop,0.002593,0.055215,0.044758,0.09528
W48,BAD,12,93,2025-11-25 10:36:39,2025-11-25 10:44:31,SHORT,HARD_STOP,1,-251.0,-1262.0,52.0,125.5,9204,True,False,1.0,chop,0.021992,0.048913,0.003094,0.223776
W48,BAD,12,94,2025-11-25 10:45:22,2025-11-25 10:49:02,SHORT,REVERSAL,0,100.0,496.5,100.0,50.0,6285,False,True,0.0,unclear,0.871557,0.278409,0.086722,2.318182
W48,BAD,12,95,2025-11-25 10:49:02,2025-11-25 10:50:07,LONG,HARD_STOP,1,-250.0,-1257.0,1.0,125.0,2986,True,False,0.0,unclear,0.927543,0.330275,0.098895,-3.125874
W48,BAD,12,96,2025-11-25 10:50:37,2025-11-25 10:57:38,LONG,REVERSAL,0,100.0,496.5,100.0,97.0,8827,False,True,0.0,unclear,0.473618,0.188119,0.040872,-1.201049
W48,BAD,12,97,2025-11-25 10:57:38,2025-11-25 10:59:39,SHORT,REVERSAL,1,99.0,488.0,49.5,101.0,2914,False,True,1.0,chop,0.032128,0.061709,0.054203,0.559441
W48,BAD,12,98,2025-11-25 10:59:39,2025-11-25 11:04:20,LONG,REVERSAL,1,100.0,493.0,50.0,100.0,4563,False,True,1.0,chop,0.019833,0.021154,0.014191,-0.376748
W48,BAD,12,99,2025-11-25 11:04:20,2025-11-25 11:05:38,SHORT,REVERSAL,0,101.0,501.5,101.0,46.0,1615,False,True,1.0,chop,0.002899,0.102009,0.02439,-0.157343
W48,BAD,12,100,2025-11-25 11:05:38,2025-11-25 11:07:10,LONG,REVERSAL,0,100.0,496.5,100.0,39.0,1659,False,True,1.0,chop,0.005155,0.036335,0.022518,0.261364
W48,BAD,12,101,2025-11-25 11:07:10,2025-11-25 11:09:25,SHORT,REVERSAL,0,101.0,501.5,101.0,42.0,1859,False,True,1.0,chop,0.136391,0.065789,0.043285,-1.326923
W48,BAD,12,102,2025-11-25 11:09:25,2025-11-25 11:17:22,LONG,REVERSAL,0,100.0,496.5,100.0,47.0,6540,False,True,1.0,chop,0.002581,0.02852,0.031142,-0.174825
W48,BAD,12,103,2025-11-25 11:17:22,2025-11-25 11:21:00,SHORT,HARD_STOP,1,-250.0,-1257.0,47.0,125.0,3698,True,False,0.0,unclear,0.486136,0.130199,0.021118,2.195804
W48,BAD,12,104,2025-11-25 11:22:12,2025-11-25 11:23:05,SHORT,REVERSAL,0,100.0,496.5,100.0,28.0,1267,False,True,0.0,unclear,0.887785,0.358824,0.101649,2.756119
W48,BAD,12,105,2025-11-25 11:23:05,2025-11-25 11:40:00,LONG,REVERSAL,0,100.0,496.5,100.0,99.0,14612,False,True,1.0,chop,2.1e-05,0.025253,0.031269,0.009615
W48,BAD,12,106,2025-11-25 11:40:00,2025-11-25 11:45:20,SHORT,REVERSAL,0,100.0,496.5,100.0,51.0,4811,False,True,0.0,unclear,0.903697,0.275689,0.086831,2.399476
W48,BAD,12,107,2025-11-25 11:45:20,2025-11-25 11:50:31,LONG,REVERSAL,0,100.0,496.5,100.0,46.0,4599,False,True,0.0,unclear,0.793733,0.36,0.05095,-3.043706
W48,BAD,12,108,2025-11-25 11:50:31,2025-11-25 12:00:15,SHORT,HARD_STOP,1,-250.0,-1257.0,32.0,125.0,8865,True,False,1.0,chop,0.327186,0.1079,0.074599,1.632867
W48,BAD,12,109,2025-11-25 12:01:17,2025-11-25 12:04:24,LONG,REVERSAL,0,100.0,496.5,100.0,20.0,2114,False,True,0.0,unclear,0.625842,0.076419,0.033427,-1.121503
W48,BAD,12,110,2025-11-25 12:04:24,2025-11-25 12:19:57,SHORT,HARD_STOP,1,-250.0,-1257.0,19.0,125.0,12651,True,False,0.0,unclear,0.60992,0.182768,0.040797,1.658217
W48,BAD,12,111,2025-11-25 12:23:13,2025-11-25 12:28:54,SHORT,REVERSAL,1,100.0,493.0,50.0,100.0,6519,False,True,0.0,unclear,0.767734,0.311864,0.070095,1.561189
W48,BAD,12,112,2025-11-25 12:28:54,2025-11-25 12:32:18,LONG,REVERSAL,0,100.0,496.5,100.0,23.0,2961,False,True,0.0,unclear,0.766821,0.276527,0.099295,-1.516608
W48,BAD,12,113,2025-11-25 12:32:18,2025-11-25 12:37:47,SHORT,HARD_STOP,1,-250.0,-1257.0,8.0,125.0,6551,True,False,0.0,unclear,0.945127,0.315625,0.076741,2.676573
W48,BAD,12,114,2025-11-25 12:42:31,2025-11-25 12:58:41,LONG,HARD_STOP,1,-250.0,-1257.0,43.0,125.0,12219,True,False,1.0,chop,0.395622,0.188854,0.093205,-0.72465
W48,BAD,12,115,2025-11-25 13:01:33,2025-11-25 13:38:15,SHORT,REVERSAL,1,100.0,493.0,56.0,100.0,19917,False,True,0.0,unclear,0.815325,0.18306,0.007136,1.804196
W48,BAD,12,116,2025-11-25 13:38:15,2025-11-25 13:47:00,LONG,REVERSAL,0,100.0,496.5,100.0,6.0,3431,False,True,0.0,unclear,0.74972,0.153153,0.041844,-1.707168
W48,BAD,12,117,2025-11-25 13:47:00,2025-11-25 14:15:44,SHORT,REVERSAL,0,100.0,496.5,100.0,91.0,15420,False,True,0.0,unclear,0.762693,0.230769,0.123547,1.859266
W48,BAD,12,118,2025-11-25 14:15:44,2025-11-25 14:19:04,LONG,HARD_STOP,1,-250.0,-1257.0,16.0,125.0,3464,True,False,1.0,chop,0.114366,0.071207,0.001827,-0.320804
W48,BAD,12,119,2025-11-25 14:19:40,2025-11-25 14:38:10,SHORT,REVERSAL,0,100.0,496.5,100.0,43.0,10899,False,True,1.0,chop,0.351304,0.104396,0.09287,-1.725524
W48,BAD,12,120,2025-11-25 14:38:10,2025-11-25 14:51:06,LONG,REVERSAL,0,100.0,496.5,100.0,68.0,8017,False,True,0.0,unclear,0.842707,0.192771,0.048166,-1.91521
W48,BAD,12,121,2025-11-25 14:51:06,2025-11-25 15:00:24,SHORT,HARD_STOP,1,-250.0,-1257.0,19.0,125.0,6701,True,False,1.0,chop,0.183464,0.102857,0.034635,0.895105
W48,BAD,12,122,2025-11-25 15:24:19,2025-11-25 15:47:53,SHORT,HARD_STOP,1,-250.0,-1257.0,54.0,125.0,19826,True,False,0.0,unclear,0.704361,0.154982,0.028752,0.881993
W48,BAD,12,123,2025-11-26 09:30:48,2025-11-26 09:34:08,SHORT,REVERSAL,1,100.0,493.0,50.0,100.0,9150,False,True,1.0,chop,0.141773,0.145191,0.127284,0.706294
W48,BAD,12,124,2025-11-26 09:34:08,2025-11-26 09:36:12,LONG,REVERSAL,0,100.0,496.5,100.0,22.0,3714,False,True,0.0,unclear,0.852924,0.331695,0.080341,-2.703671
W48,BAD,12,125,2025-11-26 09:36:12,2025-11-26 09:37:42,SHORT,REVERSAL,0,100.0,496.5,100.0,11.0,2212,False,True,1.0,chop,0.389745,0.149144,0.106784,0.999126
W48,BAD,12,126,2025-11-26 09:37:42,2025-11-26 09:38:05,LONG,HARD_STOP,1,-250.0,-1257.0,5.0,125.0,1644,True,False,0.0,unclear,0.822372,0.174737,0.030303,-1.881993
W48,BAD,12,127,2025-11-26 09:38:34,2025-11-26 09:45:07,SHORT,HARD_STOP,1,-251.0,-1262.0,81.0,125.5,12302,True,False,1.0,chop,0.183539,0.05483,0.013469,0.84528
W48,BAD,12,128,2025-11-26 09:47:23,2025-11-26 09:52:08,SHORT,REVERSAL,0,100.0,496.5,100.0,79.0,7412,False,True,0.0,unclear,0.806074,0.184915,0.021142,1.815559
W48,BAD,12,129,2025-11-26 09:52:08,2025-11-26 09:58:46,LONG,HARD_STOP,1,-251.0,-1262.0,56.0,125.5,11614,True,False,0.0,unclear,0.85754,0.373096,0.068069,-3.480769
W48,BAD,12,130,2025-11-26 09:59:09,2025-11-26 10:01:17,LONG,REVERSAL,1,100.0,493.0,50.0,100.0,6422,False,True,2.0,trend,0.945123,0.42094,0.23005,-4.692308
W48,BAD,12,131,2025-11-26 10:01:17,2025-11-26 10:04:16,SHORT,REVERSAL,1,100.0,493.0,98.0,100.0,7158,False,True,0.0,unclear,0.400352,0.080952,0.086288,1.243007
W48,BAD,12,132,2025-11-26 10:04:16,2025-11-26 10:08:07,LONG,REVERSAL,0,100.0,496.5,100.0,77.0,6069,False,True,0.0,unclear,0.664638,0.17602,0.032684,-2.125
W48,BAD,12,133,2025-11-26 10:08:07,2025-11-26 10:10:45,SHORT,REVERSAL,1,100.0,493.0,50.0,100.0,5193,False,True,0.0,unclear,0.752316,0.247126,0.092347,2.979021
W48,BAD,12,134,2025-11-26 10:10:45,2025-11-26 10:16:51,LONG,REVERSAL,1,99.0,488.0,49.5,101.0,9954,False,True,0.0,unclear,0.688366,0.213235,0.122841,-1.508741
W48,BAD,12,135,2025-11-26 10:16:51,2025-11-26 10:18:26,SHORT,REVERSAL,0,100.0,496.5,100.0,15.0,2204,False,True,1.0,chop,0.273986,0.053691,0.021732,1.392483
W48,BAD,12,136,2025-11-26 10:18:26,2025-11-26 10:19:00,LONG,REVERSAL,0,100.0,496.5,100.0,16.0,837,False,True,1.0,chop,0.133358,0.137931,0.011509,-0.854895
W48,BAD,12,137,2025-11-26 10:19:00,2025-11-26 10:21:16,SHORT,REVERSAL,0,101.0,501.5,101.0,16.0,2695,False,True,1.0,chop,0.00528,0.102479,0.014706,0.16958
W48,BAD,12,138,2025-11-26 10:21:16,2025-11-26 10:25:39,LONG,REVERSAL,1,100.0,493.0,55.0,100.0,6938,False,True,1.0,chop,0.346999,0.138434,0.006313,-1.111014
W48,BAD,12,139,2025-11-26 10:25:39,2025-11-26 10:32:10,SHORT,HARD_STOP,1,-250.0,-1257.0,70.0,125.0,8661,True,False,1.0,chop,0.077189,0.034169,0.013183,0.658217
W48,BAD,12,140,2025-11-26 10:34:22,2025-11-26 10:42:06,SHORT,REVERSAL,1,100.0,493.0,50.0,100.0,9026,False,True,0.0,unclear,0.402525,0.195804,0.004718,1.23951
W48,BAD,12,141,2025-11-26 10:42:06,2025-11-26 10:48:40,LONG,REVERSAL,1,100.0,493.0,51.0,100.0,6816,False,True,0.0,unclear,0.757261,0.235012,0.12333,-2.229021
W48,BAD,12,142,2025-11-26 10:48:40,2025-11-26 10:59:16,SHORT,HARD_STOP,1,-250.0,-1257.0,46.0,125.0,9077,True,False,1.0,chop,0.091062,0.037946,0.000923,0.604021
W48,BAD,12,143,2025-11-26 11:04:35,2025-11-26 11:24:53,SHORT,HARD_STOP,1,-250.0,-1257.0,7.0,125.0,19305,True,False,0.0,unclear,0.425831,0.212121,0.108482,0.723776
W48,BAD,12,144,2025-11-26 11:30:19,2025-11-26 11:35:11,LONG,REVERSAL,0,100.0,496.5,100.0,19.0,3854,False,True,0.0,unclear,0.873158,0.320463,0.097731,-1.750874
W48,BAD,12,145,2025-11-26 11:35:11,2025-11-26 11:50:13,SHORT,REVERSAL,1,100.0,493.0,50.0,100.0,15730,False,True,0.0,unclear,0.806664,0.295918,0.058434,1.402972
W48,BAD,12,146,2025-11-26 11:50:13,2025-11-26 11:56:31,LONG,REVERSAL,0,100.0,496.5,100.0,18.0,4991,False,True,0.0,unclear,0.534804,0.142857,0.112056,-0.781469
W48,BAD,12,147,2025-11-26 11:56:31,2025-11-26 12:04:46,SHORT,REVERSAL,0,100.0,496.5,100.0,1.0,4983,False,True,0.0,unclear,0.415414,0.185185,0.050584,0.893357
W48,BAD,12,148,2025-11-26 12:04:46,2025-11-26 12:24:14,LONG,REVERSAL,1,100.0,493.0,52.0,100.0,15987,False,True,0.0,unclear,0.765848,0.241379,0.092255,-1.675699
W48,BAD,12,149,2025-11-26 12:24:14,2025-11-26 12:50:08,SHORT,REVERSAL,1,100.0,493.0,50.0,100.0,14884,False,True,0.0,unclear,0.481881,0.220339,0.095059,1.120629
W48,BAD,12,150,2025-11-26 12:50:08,2025-11-26 13:09:30,LONG,HARD_STOP,1,-250.0,-1257.0,73.0,125.0,12341,True,False,2.0,trend,0.91791,0.413386,0.096714,-2.706294
W48,BAD,12,151,2025-11-26 13:09:51,2025-11-26 13:20:45,SHORT,REVERSAL,1,100.0,493.0,50.0,100.0,10904,False,True,1.0,chop,0.250657,0.084479,0.055301,-1.395105
W48,BAD,12,152,2025-11-26 13:20:45,2025-11-26 13:21:56,LONG,REVERSAL,0,100.0,496.5,100.0,10.0,977,False,True,0.0,unclear,0.674364,0.142077,0.01405,-1.269231
W48,BAD,12,153,2025-11-26 13:21:56,2025-11-26 13:31:22,SHORT,REVERSAL,1,100.0,493.0,50.0,100.0,6016,False,True,1.0,chop,0.105025,0.130919,0.054268,0.625874
W48,BAD,12,154,2025-11-26 13:31:22,2025-11-26 13:45:32,LONG,HARD_STOP,1,-250.0,-1257.0,15.0,125.0,10384,True,False,0.0,unclear,0.692328,0.237942,0.063497,-1.965035
W48,BAD,12,155,2025-11-26 13:48:19,2025-11-26 14:04:40,SHORT,REVERSAL,1,100.0,493.0,67.0,100.0,11501,False,True,0.0,unclear,0.814158,0.267241,0.087202,2.162587
W48,BAD,12,156,2025-11-26 14:04:40,2025-11-26 14:18:01,LONG,REVERSAL,0,100.0,496.5,100.0,55.0,7787,False,True,0.0,unclear,0.839245,0.320242,0.034917,-2.368881
W48,BAD,12,157,2025-11-26 14:18:01,2025-11-26 14:50:01,SHORT,REVERSAL,0,100.0,496.5,100.0,75.0,18118,False,True,1.0,chop,0.372736,0.161616,0.005809,0.682692
W48,BAD,12,158,2025-11-26 14:50:01,2025-11-26 15:01:08,LONG,REVERSAL,0,100.0,496.5,100.0,15.0,5376,False,True,1.0,chop,0.259601,0.196825,0.057783,-0.981643
W48,BAD,12,159,2025-11-26 15:01:08,2025-11-26 15:49:50,SHORT,EOD_FLATTEN,0,49.0,241.5,71.0,97.0,24815,False,True,0.0,unclear,0.767034,0.221498,0.056664,1.314685
W48,BAD,12,160,2025-11-28 09:32:14,2025-11-28 09:37:49,SHORT,HARD_STOP,1,-250.0,-1257.0,18.0,125.0,3924,True,False,1.0,chop,0.310769,0.117754,0.01506,1.064685
W48,BAD,12,161,2025-11-28 09:38:38,2025-11-28 09:40:54,LONG,HARD_STOP,1,-252.0,-1267.0,8.0,126.0,1864,True,False,1.0,chop,0.240302,0.011945,0.093124,1.319056
W48,BAD,12,162,2025-11-28 09:42:15,2025-11-28 10:05:10,SHORT,REVERSAL,1,100.0,493.0,53.0,122.0,10576,False,True,0.0,unclear,0.732089,0.179676,0.133615,-4.077797
W48,BAD,12,163,2025-11-28 10:05:10,2025-11-28 10:07:33,LONG,REVERSAL,0,100.0,496.5,100.0,15.0,1166,False,True,1.0,chop,0.3026,0.226277,0.073768,-1.58042
W48,BAD,12,164,2025-11-28 10:07:33,2025-11-28 11:06:25,SHORT,HARD_STOP,1,-250.0,-1257.0,87.0,125.0,23555,True,False,1.0,chop,0.30255,0.031858,0.054678,-1.578671
W48,BAD,12,165,2025-11-28 11:21:19,2025-11-28 11:27:46,LONG,HARD_STOP,1,-250.0,-1257.0,16.0,125.0,4113,True,False,0.0,unclear,0.561424,0.162088,0.003723,-1.583042
W48,BAD,12,166,2025-11-28 11:32:01,2025-11-28 11:42:03,SHORT,REVERSAL,1,100.0,493.0,50.0,100.0,4705,False,True,0.0,unclear,0.453919,0.271003,0.014602,1.447552
W48,BAD,12,167,2025-11-28 11:42:03,2025-11-28 11:48:12,LONG,REVERSAL,0,100.0,496.5,100.0,45.0,2096,False,True,0.0,unclear,0.552461,0.212707,0.103956,-1.713287
W48,BAD,12,168,2025-11-28 11:48:12,2025-11-28 12:57:20,SHORT,HARD_STOP,1,-250.0,-1257.0,93.0,125.0,33249,True,False,0.0,unclear,0.558442,0.102426,0.057886,1.995629
W48,BAD,12,169,2025-11-28 12:59:04,2025-11-28 13:14:59,SHORT,DATA_END,0,-1.0,-8.5,68.0,62.0,16675,False,False,0.0,unclear,0.872198,0.348416,0.058184,1.973776
W45,AVG,12,0,2025-11-03 09:31:06,2025-11-03 09:34:34,SHORT,REVERSAL,0,100.0,496.5,100.0,23.0,7762,False,True,0.0,unclear,0.507996,0.123529,0.046689,1.309441
W45,AVG,12,1,2025-11-03 09:34:34,2025-11-03 09:37:55,LONG,HARD_STOP,1,-250.0,-1257.0,12.0,125.0,7452,True,False,2.0,trend,0.987019,0.403509,0.108042,-2.576049
W45,AVG,12,2,2025-11-03 09:40:00,2025-11-03 09:51:01,LONG,HARD_STOP,1,-250.0,-1257.0,60.0,125.0,18261,True,False,0.0,unclear,0.562451,0.19337,0.059364,-0.929196
W45,AVG,12,3,2025-11-03 09:51:32,2025-11-03 10:00:41,SHORT,REVERSAL,0,100.0,496.5,100.0,52.0,10912,False,True,1.0,chop,0.001065,0.042607,0.034094,0.061189
W45,AVG,12,4,2025-11-03 10:00:41,2025-11-03 10:08:56,LONG,REVERSAL,1,99.0,488.0,50.0,101.0,13747,False,True,1.0,chop,0.010052,0.100629,0.143351,-0.168706
W45,AVG,12,5,2025-11-03 10:08:56,2025-11-03 10:15:10,SHORT,REVERSAL,1,100.0,493.0,50.0,100.0,8771,False,True,0.0,unclear,0.785571,0.319088,0.174733,2.33479
W45,AVG,12,6,2025-11-03 10:15:10,2025-11-03 10:25:23,LONG,HARD_STOP,1,-250.0,-1257.0,32.0,125.0,13716,True,False,0.0,unclear,0.887672,0.319149,0.113855,-2.445804
W45,AVG,12,7,2025-11-03 10:26:30,2025-11-03 10:38:05,LONG,REVERSAL,1,102.0,503.0,51.0,109.0,17599,False,True,0.0,unclear,0.965979,0.351254,0.099338,-2.287587
W45,AVG,12,8,2025-11-03 10:38:05,2025-11-03 10:44:26,SHORT,HARD_STOP,1,-250.0,-1257.0,21.0,125.0,9068,True,False,0.0,unclear,0.631317,0.276119,0.1,1.962413
W45,AVG,12,9,2025-11-03 10:45:58,2025-11-03 10:58:02,LONG,REVERSAL,0,100.0,496.5,100.0,96.0,13389,False,True,0.0,unclear,0.54227,0.217666,0.047155,-1.431818
W45,AVG,12,10,2025-11-03 10:58:02,2025-11-03 11:00:42,SHORT,REVERSAL,0,100.0,496.5,100.0,36.0,3641,False,True,0.0,unclear,0.658755,0.290155,0.122754,2.159091
W45,AVG,12,11,2025-11-03 11:00:42,2025-11-03 11:23:28,LONG,REVERSAL,0,100.0,496.5,100.0,77.0,17044,False,True,0.0,unclear,0.79964,0.281977,0.0945,-2.298077
W45,AVG,12,12,2025-11-03 11:23:28,2025-11-03 11:25:29,SHORT,REVERSAL,0,100.0,496.5,100.0,5.0,1393,False,True,1.0,chop,0.079558,0.0,0.013216,0.509615
W45,AVG,12,13,2025-11-03 11:25:29,2025-11-03 11:32:44,LONG,REVERSAL,1,100.0,493.0,50.0,100.0,7511,False,True,1.0,chop,0.168616,0.109756,0.05133,-0.856643
W45,AVG,12,14,2025-11-03 11:32:44,2025-11-03 11:58:21,SHORT,HARD_STOP,1,-250.0,-1257.0,92.0,125.0,21151,True,False,0.0,unclear,0.814726,0.254642,0.072518,2.847028
W45,AVG,12,15,2025-11-03 12:00:16,2025-11-03 12:13:50,LONG,REVERSAL,0,100.0,496.5,100.0,79.0,9383,False,True,0.0,unclear,0.415489,0.211409,0.054181,-1.454545
W45,AVG,12,16,2025-11-03 12:13:50,2025-11-03 12:26:08,SHORT,REVERSAL,0,100.0,496.5,100.0,64.0,10303,False,True,1.0,chop,0.249448,0.158249,0.020447,0.550699
W45,AVG,12,17,2025-11-03 12:26:08,2025-11-03 12:32:53,LONG,REVERSAL,0,100.0,496.5,100.0,56.0,5417,False,True,2.0,trend,0.972211,0.486486,0.174905,-3.069056
W45,AVG,12,18,2025-11-03 12:32:53,2025-11-03 13:52:03,SHORT,REVERSAL,1,100.0,493.0,50.0,103.0,36203,False,True,0.0,unclear,0.917162,0.361022,0.06162,2.429196
W45,AVG,12,19,2025-11-03 13:52:03,2025-11-03 14:42:03,LONG,HARD_STOP,1,-250.0,-1257.0,61.0,125.0,27602,True,False,0.0,unclear,0.761707,0.343511,0.126847,-1.594406
W45,AVG,12,20,2025-11-03 14:45:00,2025-11-03 15:25:03,SHORT,REVERSAL,1,100.0,493.0,50.0,100.0,19025,False,True,0.0,unclear,0.719618,0.244526,0.116323,1.701049
W45,AVG,12,21,2025-11-03 15:25:03,2025-11-03 15:49:50,LONG,EOD_FLATTEN,0,-19.0,-98.5,76.0,79.0,14853,False,False,0.0,unclear,0.823669,0.231511,0.051847,-1.710664
W45,AVG,12,22,2025-11-04 09:30:04,2025-11-04 09:31:16,LONG,REVERSAL,0,100.0,496.5,100.0,46.0,5257,False,True,0.0,unclear,0.613252,0.200528,0.006955,-1.558566
W45,AVG,12,23,2025-11-04 09:31:16,2025-11-04 09:32:43,SHORT,REVERSAL,0,100.0,496.5,100.0,58.0,5103,False,True,0.0,unclear,0.535736,0.186813,0.093862,1.291084
W45,AVG,12,24,2025-11-04 09:32:43,2025-11-04 09:33:59,LONG,HARD_STOP,1,-250.0,-1257.0,19.0,125.0,4773,True,False,0.0,unclear,0.817195,0.228155,0.065579,-1.986888
W45,AVG,12,25,2025-11-04 09:35:06,2025-11-04 09:38:04,SHORT,REVERSAL,1,100.0,493.0,96.0,102.0,9236,False,True,0.0,unclear,0.658699,0.214286,0.10971,1.354021
W45,AVG,12,26,2025-11-04 09:38:04,2025-11-04 09:40:48,LONG,REVERSAL,0,100.0,496.5,100.0,49.0,5745,False,True,0.0,unclear,0.922642,0.256545,0.060219,-2.403846
W45,AVG,12,27,2025-11-04 09:40:48,2025-11-04 09:41:48,SHORT,HARD_STOP,1,-250.0,-1257.0,13.0,125.0,3166,True,False,0.0,unclear,0.739758,0.25261,0.049473,2.382867
W45,AVG,12,28,2025-11-04 09:43:47,2025-11-04 09:44:17,LONG,REVERSAL,0,100.0,496.5,100.0,1.0,1068,False,True,0.0,unclear,0.764311,0.130194,0.096915,-1.38986
W45,AVG,12,29,2025-11-04 09:44:17,2025-11-04 09:47:28,SHORT,REVERSAL,0,100.0,496.5,100.0,42.0,6684,False,True,1.0,chop,0.006691,0.008264,0.038896,-0.140734
W45,AVG,12,30,2025-11-04 09:47:28,2025-11-04 09:48:46,LONG,REVERSAL,0,100.0,496.5,100.0,46.0,3339,False,True,0.0,unclear,0.559081,0.143216,0.072446,-1.322552
W45,AVG,12,31,2025-11-04 09:48:46,2025-11-04 09:51:40,SHORT,HARD_STOP,1,-250.0,-1257.0,21.0,125.0,6562,True,False,0.0,unclear,0.844732,0.35122,0.073293,3.201923
W45,AVG,12,32,2025-11-04 09:53:37,2025-11-04 09:59:45,SHORT,HARD_STOP,1,-250.0,-1257.0,31.0,125.0,11640,True,False,0.0,unclear,0.691036,0.201133,0.035387,1.63986
W45,AVG,12,33,2025-11-04 10:06:06,2025-11-04 10:13:15,LONG,REVERSAL,1,100.0,493.0,50.0,100.0,11957,False,True,0.0,unclear,0.751843,0.130573,0.062293,-1.320804
W45,AVG,12,34,2025-11-04 10:13:15,2025-11-04 10:30:00,SHORT,REVERSAL,1,100.0,493.0,66.0,100.0,18802,False,True,0.0,unclear,0.459957,0.178484,0.110212,2.000874
W45,AVG,12,35,2025-11-04 10:30:00,2025-11-04 10:40:54,LONG,REVERSAL,0,101.0,501.5,101.0,71.0,10996,False,True,0.0,unclear,0.584175,0.243323,0.122205,-1.152098
W45,AVG,12,36,2025-11-04 10:40:54,2025-11-04 10:45:13,SHORT,REVERSAL,0,100.0,496.5,100.0,17.0,4052,False,True,0.0,unclear,0.766737,0.229651,0.118039,1.784091
W45,AVG,12,37,2025-11-04 10:45:13,2025-11-04 10:51:20,LONG,HARD_STOP,1,-250.0,-1257.0,23.0,125.0,8307,True,False,0.0,unclear,0.492354,0.234211,0.091193,-1.413462
W45,AVG,12,38,2025-11-04 10:55:38,2025-11-04 10:58:50,LONG,REVERSAL,1,100.0,493.0,50.0,100.0,6022,False,True,0.0,unclear,0.790097,0.137405,0.047705,-1.027098
W45,AVG,12,39,2025-11-04 10:58:50,2025-11-04 11:02:43,SHORT,REVERSAL,1,100.0,493.0,50.0,100.0,6219,False,True,0.0,unclear,0.899404,0.253378,0.140902,1.905594
W45,AVG,12,40,2025-11-04 11:02:43,2025-11-04 11:20:37,LONG,HARD_STOP,1,-250.0,-1257.0,36.0,125.0,17810,True,False,1.0,chop,0.394182,0.230337,0.018983,-1.371503
W45,AVG,12,41,2025-11-04 11:26:38,2025-11-04 11:28:13,LONG,REVERSAL,0,100.0,496.5,100.0,13.0,1591,False,True,1.0,chop,0.021628,0.126238,0.03766,-0.210664
W45,AVG,12,42,2025-11-04 11:28:13,2025-11-04 11:40:36,SHORT,REVERSAL,1,100.0,493.0,58.0,100.0,11453,False,True,1.0,chop,0.148323,0.137203,0.031346,0.640734
W45,AVG,12,43,2025-11-04 11:40:36,2025-11-04 11:43:34,LONG,REVERSAL,0,100.0,496.5,100.0,43.0,2670,False,True,1.0,chop,0.000158,0.074627,0.011349,0.02972
W45,AVG,12,44,2025-11-04 11:43:34,2025-11-04 11:45:42,SHORT,REVERSAL,0,100.0,496.5,100.0,20.0,2209,False,True,0.0,unclear,0.826797,0.264865,0.006003,2.729021
W45,AVG,12,45,2025-11-04 11:45:42,2025-11-04 11:55:55,LONG,REVERSAL,1,100.0,493.0,50.0,100.0,10007,False,True,1.0,chop,0.396109,0.116751,0.020892,-1.524476
W45,AVG,12,46,2025-11-04 11:55:55,2025-11-04 11:56:39,SHORT,REVERSAL,0,100.0,496.5,100.0,5.0,862,False,True,0.0,unclear,0.425846,0.019022,0.033757,1.319056
W45,AVG,12,47,2025-11-04 11:56:39,2025-11-04 12:17:17,LONG,HARD_STOP,1,-250.0,-1257.0,65.0,125.0,16873,True,False,1.0,chop,0.033619,0.078167,0.007481,-0.48951
W45,AVG,12,48,2025-11-04 12:19:10,2025-11-04 12:22:18,LONG,REVERSAL,1,100.0,493.0,50.0,100.0,7393,False,True,0.0,unclear,0.76781,0.320423,0.043748,-1.743881
W45,AVG,12,49,2025-11-04 12:22:18,2025-11-04 12:26:14,SHORT,HARD_STOP,1,-250.0,-1257.0,12.0,125.0,5234,True,False,0.0,unclear,0.650994,0.234104,0.113155,1.582168
W45,AVG,12,50,2025-11-04 12:28:44,2025-11-04 12:42:32,LONG,HARD_STOP,1,-250.0,-1257.0,38.0,125.0,12457,True,False,0.0,unclear,0.505915,0.113158,0.024882,-1.371503
W45,AVG,12,51,2025-11-04 12:43:59,2025-11-04 12:53:47,SHORT,REVERSAL,1,100.0,493.0,50.0,115.0,9405,False,True,1.0,chop,0.248061,0.019231,0.02218,0.931818
W45,AVG,12,52,2025-11-04 12:53:47,2025-11-04 13:11:32,LONG,HARD_STOP,1,-250.0,-1257.0,18.0,125.0,14560,True,False,0.0,unclear,0.880027,0.329016,0.07793,-2.625874
W45,AVG,12,53,2025-11-04 13:15:10,2025-11-04 13:18:17,SHORT,REVERSAL,0,101.0,501.5,101.0,18.0,2649,False,True,0.0,unclear,0.829273,0.359848,0.061453,1.792832
W45,AVG,12,54,2025-11-04 13:18:17,2025-11-04 13:23:35,LONG,REVERSAL,0,100.0,496.5,100.0,88.0,7704,False,True,0.0,unclear,0.905308,0.336478,0.069276,-2.70979
W45,AVG,12,55,2025-11-04 13:23:35,2025-11-04 13:25:47,SHORT,REVERSAL,0,100.0,496.5,100.0,1.0,1992,False,True,0.0,unclear,0.647491,0.236264,0.075181,1.381993
W45,AVG,12,56,2025-11-04 13:25:47,2025-11-04 13:30:36,LONG,REVERSAL,1,100.0,493.0,50.0,100.0,4480,False,True,0.0,unclear,0.61678,0.106017,0.024329,-1.640734
W45,AVG,12,57,2025-11-04 13:30:36,2025-11-04 13:35:49,SHORT,REVERSAL,0,100.0,496.5,100.0,31.0,3898,False,True,0.0,unclear,0.797497,0.269795,0.05559,2.297203
W45,AVG,12,58,2025-11-04 13:35:49,2025-11-04 13:43:28,LONG,REVERSAL,0,100.0,496.5,100.0,54.0,6238,False,True,0.0,unclear,0.738222,0.30618,0.059045,-2.069056
W45,AVG,12,59,2025-11-04 13:43:28,2025-11-04 13:54:39,SHORT,HARD_STOP,1,-250.0,-1257.0,44.0,125.0,9866,True,False,0.0,unclear,0.966742,0.3875,0.080156,2.765734
W45,AVG,12,60,2025-11-04 13:56:51,2025-11-04 14:02:05,LONG,REVERSAL,0,100.0,496.5,100.0,26.0,3830,False,True,0.0,unclear,0.739961,0.259067,0.004455,-1.973776
W45,AVG,12,61,2025-11-04 14:02:05,2025-11-04 14:05:28,SHORT,REVERSAL,0,100.0,496.5,100.0,15.0,2047,False,True,1.0,chop,0.32851,0.114634,0.038019,0.957168
W45,AVG,12,62,2025-11-04 14:05:28,2025-11-04 14:37:51,LONG,HARD_STOP,1,-250.0,-1257.0,76.0,125.0,22271,True,False,0.0,unclear,0.490702,0.138829,0.007221,-1.591783
W45,AVG,12,63,2025-11-04 14:38:43,2025-11-04 15:01:05,LONG,REVERSAL,0,100.0,496.5,100.0,67.0,20794,False,True,2.0,trend,0.898369,0.430341,0.148367,-3.463287
W45,AVG,12,64,2025-11-04 15:01:05,2025-11-04 15:02:37,SHORT,REVERSAL,0,100.0,496.5,100.0,0.0,1396,False,True,0.0,unclear,0.781843,0.163435,0.007624,1.825175
W45,AVG,12,65,2025-11-04 15:02:37,2025-11-04 15:05:58,LONG,REVERSAL,0,100.0,496.5,100.0,10.0,2315,False,True,1.0,chop,0.173951,0.116343,0.01796,-0.710664
W45,AVG,12,66,2025-11-04 15:05:58,2025-11-04 15:21:23,SHORT,REVERSAL,0,100.0,496.5,100.0,96.0,12139,False,True,0.0,unclear,0.560047,0.212644,0.022277,1.506993
W45,AVG,12,67,2025-11-04 15:21:23,2025-11-04 15:29:08,LONG,REVERSAL,0,100.0,496.5,100.0,37.0,4802,False,True,0.0,unclear,0.853183,0.30117,0.039927,-2.632867
W45,AVG,12,68,2025-11-04 15:29:08,2025-11-04 15:48:07,SHORT,REVERSAL,1,100.0,493.0,87.0,100.0,13106,False,True,0.0,unclear,0.761916,0.230159,0.147903,1.780594
W45,AVG,12,69,2025-11-04 15:48:07,2025-11-04 15:49:50,LONG,EOD_FLATTEN,0,-95.0,-478.5,27.0,97.0,1406,False,False,0.0,unclear,0.69421,0.187151,0.031921,-1.88549
W45,AVG,12,70,2025-11-05 09:30:04,2025-11-05 09:31:45,SHORT,REVERSAL,0,100.0,496.5,100.0,83.0,5549,False,True,1.0,chop,0.000169,0.195822,0.037557,-0.024476
W45,AVG,12,71,2025-11-05 09:31:45,2025-11-05 09:37:30,LONG,REVERSAL,1,100.0,493.0,91.0,121.0,14025,False,True,0.0,unclear,0.902239,0.341518,0.192699,-3.590909
W45,AVG,12,72,2025-11-05 09:37:30,2025-11-05 09:41:32,SHORT,REVERSAL,1,100.0,493.0,50.0,121.0,7821,False,True,0.0,unclear,0.763691,0.300448,0.050169,3.427448
W45,AVG,12,73,2025-11-05 09:41:32,2025-11-05 09:46:15,LONG,REVERSAL,0,100.0,496.5,100.0,89.0,8236,False,True,0.0,unclear,0.535809,0.222462,0.122818,-1.833916
W45,AVG,12,74,2025-11-05 09:46:15,2025-11-05 09:47:48,SHORT,HARD_STOP,1,-250.0,-1257.0,22.0,125.0,4776,True,False,0.0,unclear,0.812906,0.244141,0.03988,2.86451
W45,AVG,12,75,2025-11-05 09:48:35,2025-11-05 09:53:50,SHORT,HARD_STOP,1,-250.0,-1257.0,61.0,125.0,10420,True,False,0.0,unclear,0.548499,0.228571,0.022388,1.347028
W45,AVG,12,76,2025-11-05 09:56:51,2025-11-05 10:03:07,SHORT,REVERSAL,0,100.0,496.5,100.0,95.0,13409,False,True,0.0,unclear,0.543823,0.280453,0.025641,1.395979
W45,AVG,12,77,2025-11-05 10:03:07,2025-11-05 10:05:28,LONG,REVERSAL,0,100.0,496.5,100.0,30.0,5058,False,True,0.0,unclear,0.517203,0.125858,0.104715,-1.353147
W45,AVG,12,78,2025-11-05 10:05:28,2025-11-05 10:07:44,SHORT,REVERSAL,1,100.0,493.0,50.0,116.0,5738,False,True,1.0,chop,0.028961,0.12037,0.002149,0.443182
W45,AVG,12,79,2025-11-05 10:07:44,2025-11-05 10:21:16,LONG,HARD_STOP,1,-252.0,-1267.0,44.0,126.0,18149,True,False,0.0,unclear,0.781282,0.306233,0.074599,-3.210664
W45,AVG,12,80,2025-11-05 10:22:42,2025-11-05 10:24:00,SHORT,HARD_STOP,1,-250.0,-1257.0,5.0,125.0,2497,True,False,0.0,unclear,0.452957,0.212329,0.052273,1.23951
W45,AVG,12,81,2025-11-05 10:26:21,2025-11-05 10:29:35,SHORT,REVERSAL,1,100.0,493.0,50.0,100.0,5283,False,True,1.0,chop,0.020566,0.160757,0.048112,0.226399
W45,AVG,12,82,2025-11-05 10:29:35,2025-11-05 10:41:14,LONG,REVERSAL,0,100.0,496.5,100.0,69.0,13024,False,True,0.0,unclear,0.641979,0.208995,0.021146,-1.913462
W45,AVG,12,83,2025-11-05 10:41:14,2025-11-05 10:53:26,SHORT,REVERSAL,0,100.0,496.5,100.0,76.0,13524,False,True,0.0,unclear,0.780928,0.292746,0.016939,2.238636
W45,AVG,12,84,2025-11-05 10:53:26,2025-11-05 10:58:57,LONG,REVERSAL,0,100.0,496.5,100.0,60.0,5322,False,True,1.0,chop,0.057795,0.099307,0.005848,-0.541084
W45,AVG,12,85,2025-11-05 10:58:57,2025-11-05 11:03:29,SHORT,REVERSAL,0,100.0,496.5,100.0,62.0,5215,False,True,0.0,unclear,0.767105,0.297189,0.077975,2.854021
W45,AVG,12,86,2025-11-05 11:03:29,2025-11-05 11:04:56,LONG,REVERSAL,0,100.0,496.5,100.0,64.0,1579,False,True,1.0,chop,0.196499,0.097614,0.018821,-1.47028
W45,AVG,12,87,2025-11-05 11:04:56,2025-11-05 11:10:22,SHORT,REVERSAL,0,100.0,496.5,100.0,60.0,4255,False,True,1.0,chop,0.205849,0.104869,0.080274,-1.757867
W45,AVG,12,88,2025-11-05 11:10:22,2025-11-05 11:15:26,LONG,REVERSAL,1,100.0,493.0,60.0,100.0,5125,False,True,0.0,unclear,0.468327,0.224265,0.076158,-1.659091
W45,AVG,12,89,2025-11-05 11:15:26,2025-11-05 11:17:27,SHORT,REVERSAL,0,101.0,501.5,101.0,12.0,2421,False,True,1.0,chop,0.035517,0.01355,0.079888,-0.395979
W45,AVG,12,90,2025-11-05 11:17:27,2025-11-05 11:22:40,LONG,REVERSAL,0,100.0,496.5,100.0,34.0,4996,False,True,0.0,unclear,0.782972,0.18254,0.032422,-2.091783
W45,AVG,12,91,2025-11-05 11:22:40,2025-11-05 11:26:24,SHORT,HARD_STOP,1,-250.0,-1257.0,42.0,125.0,5060,True,False,0.0,unclear,0.623317,0.190931,0.09298,1.991259
W45,AVG,12,92,2025-11-05 11:29:13,2025-11-05 11:56:24,SHORT,HARD_STOP,1,-250.0,-1257.0,67.0,125.0,26760,True,False,1.0,chop,0.389556,0.055728,0.094515,0.871503
W45,AVG,12,93,2025-11-05 12:03:35,2025-11-05 12:27:30,LONG,REVERSAL,0,100.0,496.5,100.0,93.0,15431,False,True,1.0,chop,0.283069,0.064171,0.030013,-0.76049
W45,AVG,12,94,2025-11-05 12:27:30,2025-11-05 13:17:01,SHORT,HARD_STOP,1,-250.0,-1257.0,17.0,125.0,30524,True,False,1.0,chop,0.210277,0.107011,0.037845,0.621503
W45,AVG,12,95,2025-11-05 13:33:01,2025-11-05 14:07:33,SHORT,REVERSAL,1,100.0,493.0,50.0,102.0,20125,False,True,0.0,unclear,0.893074,0.336996,0.032802,2.021853
W45,AVG,12,96,2025-11-05 14:07:33,2025-11-05 14:17:54,LONG,REVERSAL,0,100.0,496.5,100.0,46.0,9058,False,True,0.0,unclear,0.425573,0.184685,0.077068,-0.676573
W45,AVG,12,97,2025-11-05 14:17:54,2025-11-05 15:27:10,SHORT,REVERSAL,0,100.0,496.5,100.0,81.0,34637,False,True,0.0,unclear,0.940557,0.37156,0.009404,1.565559
W45,AVG,12,98,2025-11-05 15:27:10,2025-11-05 15:48:03,LONG,HARD_STOP,1,-251.0,-1262.0,33.0,125.5,17062,True,False,0.0,unclear,0.854788,0.359223,0.022584,-1.259615
W45,AVG,12,99,2025-11-06 09:30:11,2025-11-06 09:30:23,SHORT,REVERSAL,0,100.0,496.5,100.0,7.0,849,False,True,1.0,chop,0.080113,0.078534,0.005614,0.487762
W45,AVG,12,100,2025-11-06 09:30:23,2025-11-06 09:32:45,LONG,REVERSAL,1,100.0,493.0,50.0,100.0,7146,False,True,1.0,chop,0.000845,0.185096,0.034374,0.061189
W45,AVG,12,101,2025-11-06 09:32:45,2025-11-06 09:33:54,SHORT,REVERSAL,0,100.0,496.5,100.0,39.0,2737,False,True,0.0,unclear,0.719423,0.212871,0.017733,1.994755
W45,AVG,12,102,2025-11-06 09:33:54,2025-11-06 09:34:29,LONG,REVERSAL,0,100.0,496.5,100.0,13.0,1306,False,True,0.0,unclear,0.949799,0.3,0.042772,-3.199301
W45,AVG,12,103,2025-11-06 09:34:29,2025-11-06 09:35:03,SHORT,REVERSAL,0,100.0,496.5,100.0,15.0,1152,False,True,1.0,chop,0.101211,0.050971,0.021449,0.773601
W45,AVG,12,104,2025-11-06 09:35:03,2025-11-06 09:38:29,LONG,REVERSAL,0,100.0,496.5,100.0,60.0,8661,False,True,1.0,chop,0.106476,0.044271,0.097257,0.86014
W45,AVG,12,105,2025-11-06 09:38:29,2025-11-06 09:40:09,SHORT,REVERSAL,0,100.0,496.5,100.0,32.0,3390,False,True,0.0,unclear,0.780732,0.15942,0.068746,1.689685
W45,AVG,12,106,2025-11-06 09:40:09,2025-11-06 09:41:32,LONG,HARD_STOP,1,-250.0,-1257.0,71.0,125.0,4767,True,False,0.0,unclear,0.881188,0.234501,0.154991,-2.548077
W45,AVG,12,107,2025-11-06 09:42:22,2025-11-06 09:47:10,SHORT,HARD_STOP,1,-250.0,-1257.0,73.0,125.0,9975,True,False,1.0,chop,0.393193,0.150568,0.098397,1.284965
W45,AVG,12,108,2025-11-06 09:48:51,2025-11-06 09:49:37,SHORT,REVERSAL,0,100.0,496.5,100.0,15.0,1657,False,True,0.0,unclear,0.785097,0.205357,0.060203,1.513986
W45,AVG,12,109,2025-11-06 09:49:37,2025-11-06 09:50:33,LONG,HARD_STOP,1,-250.0,-1257.0,31.0,125.0,3517,True,False,1.0,chop,0.283417,0.215805,0.001264,-1.252622
W45,AVG,12,110,2025-11-06 09:51:22,2025-11-06 09:53:16,LONG,REVERSAL,1,100.0,493.0,50.0,100.0,5785,False,True,0.0,unclear,0.562638,0.173295,0.079751,-1.309441
W45,AVG,12,111,2025-11-06 09:53:16,2025-11-06 09:54:55,SHORT,REVERSAL,0,100.0,496.5,100.0,19.0,3016,False,True,1.0,chop,0.170832,0.131336,0.074618,1.023601
W45,AVG,12,112,2025-11-06 09:54:55,2025-11-06 09:59:52,LONG,HARD_STOP,1,-250.0,-1257.0,39.0,125.0,11868,True,False,0.0,unclear,0.788851,0.223278,0.024082,-2.136364
W45,AVG,12,113,2025-11-06 10:00:30,2025-11-06 10:02:33,LONG,HARD_STOP,1,-250.0,-1257.0,24.0,125.0,7234,True,False,0.0,unclear,0.303885,0.205556,0.178833,-0.784091
W45,AVG,12,114,2025-11-06 10:03:47,2025-11-06 10:04:28,SHORT,REVERSAL,0,101.0,501.5,101.0,25.0,2102,False,True,1.0,chop,0.180045,0.153846,0.127805,0.816434
W45,AVG,12,115,2025-11-06 10:04:28,2025-11-06 10:05:16,LONG,REVERSAL,0,100.0,496.5,100.0,59.0,3080,False,True,0.0,unclear,0.452588,0.138686,0.015687,-2.065559
W45,AVG,12,116,2025-11-06 10:05:16,2025-11-06 10:08:37,SHORT,REVERSAL,0,100.0,496.5,100.0,84.0,8673,False,True,0.0,unclear,0.636961,0.332394,0.06422,2.607517
W45,AVG,12,117,2025-11-06 10:08:37,2025-11-06 10:09:34,LONG,REVERSAL,0,100.0,496.5,100.0,13.0,2073,False,True,0.0,unclear,0.540603,0.311213,0.098859,-1.851399
W45,AVG,12,118,2025-11-06 10:09:34,2025-11-06 10:12:45,SHORT,REVERSAL,1,100.0,493.0,65.0,100.0,7881,False,True,1.0,chop,0.02025,0.012024,0.002571,0.333042
W45,AVG,12,119,2025-11-06 10:12:45,2025-11-06 10:15:08,LONG,HARD_STOP,1,-250.0,-1257.0,3.0,125.0,5225,True,False,0.0,unclear,0.778271,0.326087,0.121736,-2.181818
W45,AVG,12,120,2025-11-06 10:15:27,2025-11-06 10:17:18,SHORT,HARD_STOP,1,-252.0,-1267.0,33.0,126.0,4990,True,False,1.0,chop,0.015061,0.085227,0.098039,-0.225524
W45,AVG,12,121,2025-11-06 10:18:44,2025-11-06 10:24:01,SHORT,HARD_STOP,1,-250.0,-1257.0,88.0,125.0,11785,True,False,0.0,unclear,0.636383,0.172603,0.099115,1.482517
W45,AVG,12,122,2025-11-06 10:26:27,2025-11-06 10:32:44,LONG,HARD_STOP,1,-252.0,-1267.0,27.0,126.0,11561,True,False,1.0,chop,0.048307,0.084833,0.009242,-0.355769
W45,AVG,12,123,2025-11-06 10:33:05,2025-11-06 10:36:31,LONG,HARD_STOP,1,-250.0,-1257.0,33.0,125.0,6830,True,False,2.0,trend,0.958697,0.421505,0.12803,-4.84528
W45,AVG,12,124,2025-11-06 10:36:53,2025-11-06 10:40:12,LONG,HARD_STOP,1,-252.0,-1267.0,20.0,126.0,9420,True,False,2.0,trend,0.913756,0.522857,0.134632,-3.762238
W45,AVG,12,125,2025-11-06 10:42:25,2025-11-06 10:43:15,LONG,REVERSAL,0,100.0,496.5,100.0,2.0,1388,False,True,1.0,chop,0.206935,0.027888,0.013569,-0.946678
W45,AVG,12,126,2025-11-06 10:43:15,2025-11-06 10:44:23,SHORT,REVERSAL,0,100.0,496.5,100.0,35.0,3436,False,True,1.0,chop,0.338959,0.128964,0.057089,1.045455
W45,AVG,12,127,2025-11-06 10:44:23,2025-11-06 10:48:44,LONG,REVERSAL,1,100.0,493.0,99.0,100.0,11206,False,True,0.0,unclear,0.627856,0.231738,0.081608,-2.020979
W45,AVG,12,128,2025-11-06 10:48:44,2025-11-06 10:49:32,SHORT,REVERSAL,0,100.0,496.5,100.0,15.0,1743,False,True,1.0,chop,0.21908,0.122172,0.028711,-1.429196
W45,AVG,12,129,2025-11-06 10:49:32,2025-11-06 10:49:53,LONG,REVERSAL,0,100.0,496.5,100.0,0.0,706,False,True,1.0,chop,0.003201,0.009174,0.024196,-0.107517
W45,AVG,12,130,2025-11-06 10:49:53,2025-11-06 10:53:33,SHORT,REVERSAL,0,100.0,496.5,100.0,96.0,7776,False,True,1.0,chop,0.011362,0.06087,0.044049,-0.200175
W45,AVG,12,131,2025-11-06 10:53:33,2025-11-06 10:54:47,LONG,REVERSAL,0,100.0,496.5,100.0,41.0,2983,False,True,0.0,unclear,0.637908,0.349887,0.122373,-2.001748
W45,AVG,12,132,2025-11-06 10:54:47,2025-11-06 10:56:29,SHORT,REVERSAL,0,101.0,501.5,101.0,76.0,3466,False,True,0.0,unclear,0.798537,0.293269,0.007606,2.719406
W45,AVG,12,133,2025-11-06 10:56:29,2025-11-06 11:01:06,LONG,REVERSAL,0,101.0,501.5,101.0,90.0,8567,False,True,1.0,chop,0.360289,0.146758,0.050279,-2.428322
W45,AVG,12,134,2025-11-06 11:01:06,2025-11-06 11:07:19,SHORT,REVERSAL,1,100.0,493.0,84.0,100.0,11044,False,True,0.0,unclear,0.556888,0.319249,0.104689,1.920455
W45,AVG,12,135,2025-11-06 11:07:19,2025-11-06 11:12:01,LONG,REVERSAL,1,100.0,493.0,69.0,100.0,6374,False,True,0.0,unclear,0.540382,0.2134,0.04884,-1.95979
W45,AVG,12,136,2025-11-06 11:12:01,2025-11-06 11:18:53,SHORT,REVERSAL,0,100.0,496.5,100.0,92.0,8438,False,True,1.0,chop,0.011058,0.076655,0.001873,0.215035
W45,AVG,12,137,2025-11-06 11:18:53,2025-11-06 11:21:01,LONG,REVERSAL,0,100.0,496.5,100.0,86.0,3205,False,True,0.0,unclear,0.564338,0.302326,0.115251,-2.207168
W45,AVG,12,138,2025-11-06 11:21:01,2025-11-06 11:22:26,SHORT,REVERSAL,0,100.0,496.5,100.0,21.0,1587,False,True,0.0,unclear,0.677423,0.132979,0.092352,2.472028
W45,AVG,12,139,2025-11-06 11:22:26,2025-11-06 11:29:05,LONG,REVERSAL,1,100.0,493.0,50.0,100.0,10285,False,True,1.0,chop,3.3e-05,0.079632,0.003141,-0.016608
W45,AVG,12,140,2025-11-06 11:29:05,2025-11-06 11:30:41,SHORT,REVERSAL,1,100.0,493.0,50.0,100.0,2835,False,True,1.0,chop,0.210878,0.103118,0.094578,0.937937
W45,AVG,12,141,2025-11-06 11:30:41,2025-11-06 11:35:33,LONG,HARD_STOP,1,-250.0,-1257.0,60.0,125.0,5330,True,False,1.0,chop,0.048954,0.046083,0.029243,-0.493881
W45,AVG,12,142,2025-11-06 11:35:37,2025-11-06 11:36:36,LONG,REVERSAL,0,100.0,496.5,100.0,23.0,2519,False,True,2.0,trend,0.978429,0.562945,0.281899,-5.84528
W45,AVG,12,143,2025-11-06 11:36:36,2025-11-06 11:40:26,SHORT,REVERSAL,0,100.0,496.5,100.0,50.0,4614,False,True,0.0,unclear,0.794039,0.22108,0.054736,2.204545
W45,AVG,12,144,2025-11-06 11:40:26,2025-11-06 11:52:32,LONG,REVERSAL,0,100.0,496.5,100.0,92.0,15435,False,True,0.0,unclear,0.71501,0.116998,0.019729,-2.04021
W45,AVG,12,145,2025-11-06 11:52:32,2025-11-06 11:55:17,SHORT,REVERSAL,0,101.0,501.5,101.0,56.0,4089,False,True,0.0,unclear,0.791107,0.282828,0.079208,2.673951
W45,AVG,12,146,2025-11-06 11:55:17,2025-11-06 11:56:52,LONG,HARD_STOP,1,-250.0,-1257.0,20.0,125.0,3423,True,False,1.0,chop,0.384633,0.267658,0.03479,-2.000874
W45,AVG,12,147,2025-11-06 11:57:50,2025-11-06 12:01:06,SHORT,HARD_STOP,1,-250.0,-1257.0,65.0,125.0,5150,True,False,1.0,chop,0.001022,0.016706,0.036727,-0.070804
W45,AVG,12,148,2025-11-06 12:02:09,2025-11-06 12:05:48,LONG,REVERSAL,0,101.0,501.5,101.0,19.0,3468,False,True,1.0,chop,0.290883,0.060606,0.035338,1.149476
W45,AVG,12,149,2025-11-06 12:05:48,2025-11-06 12:07:29,SHORT,REVERSAL,0,101.0,501.5,101.0,28.0,2244,False,True,1.0,chop,0.113821,0.023211,0.002773,0.722902
W45,AVG,12,150,2025-11-06 12:07:29,2025-11-06 12:09:28,LONG,REVERSAL,0,100.0,496.5,100.0,61.0,2256,False,True,1.0,chop,0.144222,0.090909,0.013433,-0.993881
W45,AVG,12,151,2025-11-06 12:09:28,2025-11-06 12:13:40,SHORT,REVERSAL,1,100.0,493.0,50.0,100.0,6167,False,True,1.0,chop,0.043376,0.102004,0.02236,0.662587
W45,AVG,12,152,2025-11-06 12:13:40,2025-11-06 12:18:12,LONG,REVERSAL,1,100.0,493.0,50.0,100.0,5758,False,True,0.0,unclear,0.821392,0.321918,0.114807,-2.585664
W45,AVG,12,153,2025-11-06 12:18:12,2025-11-06 12:20:08,SHORT,REVERSAL,0,100.0,496.5,100.0,16.0,2215,False,True,1.0,chop,0.319807,0.186837,0.078105,1.488636
W45,AVG,12,154,2025-11-06 12:20:08,2025-11-06 12:26:42,LONG,HARD_STOP,1,-250.0,-1257.0,42.0,125.0,7504,True,False,0.0,unclear,0.40211,0.016393,0.024546,-1.229895
W45,AVG,12,155,2025-11-06 12:27:19,2025-11-06 12:32:26,SHORT,HARD_STOP,1,-250.0,-1257.0,21.0,125.0,6199,True,False,1.0,chop,0.011274,0.023256,0.046653,-0.25
W45,AVG,12,156,2025-11-06 12:34:21,2025-11-06 12:37:23,LONG,REVERSAL,0,100.0,496.5,100.0,43.0,3277,False,True,1.0,chop,0.002354,0.087678,0.010277,-0.09528
W45,AVG,12,157,2025-11-06 12:37:23,2025-11-06 12:39:50,SHORT,REVERSAL,0,101.0,501.5,101.0,10.0,2344,False,True,0.0,unclear,0.71943,0.207207,0.067311,1.567308
W45,AVG,12,158,2025-11-06 12:39:50,2025-11-06 12:42:31,LONG,REVERSAL,0,100.0,496.5,100.0,33.0,2418,False,True,1.0,chop,0.149304,0.18705,0.019495,-0.862762
W45,AVG,12,159,2025-11-06 12:42:31,2025-11-06 12:48:15,SHORT,HARD_STOP,1,-250.0,-1257.0,8.0,125.0,6996,True,False,0.0,unclear,0.570338,0.117229,0.014446,2.100524
W45,AVG,12,160,2025-11-06 12:51:38,2025-11-06 13:03:15,SHORT,REVERSAL,0,100.0,496.5,100.0,63.0,10882,False,True,0.0,unclear,0.714256,0.207756,0.043695,1.681818
W45,AVG,12,161,2025-11-06 13:03:15,2025-11-06 13:06:00,LONG,HARD_STOP,1,-252.0,-1267.0,26.0,126.0,4547,True,False,0.0,unclear,0.484874,0.197619,0.067262,-2.0
W45,AVG,12,162,2025-11-06 13:06:45,2025-11-06 13:23:32,LONG,REVERSAL,0,100.0,496.5,100.0,89.0,15549,False,True,0.0,unclear,0.841382,0.313107,0.030837,-3.26486
W45,AVG,12,163,2025-11-06 13:23:32,2025-11-06 13:25:26,SHORT,HARD_STOP,1,-252.0,-1267.0,0.0,126.0,2353,True,False,1.0,chop,0.237061,0.199143,0.097735,0.921329
W45,AVG,12,164,2025-11-06 13:26:47,2025-11-06 13:27:57,SHORT,REVERSAL,0,100.0,496.5,100.0,6.0,1419,False,True,2.0,trend,0.951422,0.464752,0.059893,3.646853
W45,AVG,12,165,2025-11-06 13:27:57,2025-11-06 13:29:07,LONG,REVERSAL,0,100.0,496.5,100.0,0.0,983,False,True,1.0,chop,0.035137,0.015625,0.022597,-0.379371
W45,AVG,12,166,2025-11-06 13:29:07,2025-11-06 13:46:45,SHORT,REVERSAL,1,100.0,493.0,70.0,100.0,15053,False,True,1.0,chop,0.003623,0.123737,0.006293,-0.133741
W45,AVG,12,167,2025-11-06 13:46:45,2025-11-06 13:51:23,LONG,REVERSAL,0,100.0,496.5,100.0,38.0,4625,False,True,0.0,unclear,0.816278,0.221963,0.044253,-2.611014
W45,AVG,12,168,2025-11-06 13:51:23,2025-11-06 13:55:47,SHORT,REVERSAL,0,100.0,496.5,100.0,10.0,2837,False,True,1.0,chop,0.188642,0.146119,0.081064,0.55507
W45,AVG,12,169,2025-11-06 13:55:47,2025-11-06 14:00:47,LONG,REVERSAL,1,100.0,493.0,50.0,100.0,5022,False,True,1.0,chop,0.361221,0.207113,0.031751,-1.435315
W45,AVG,12,170,2025-11-06 14:00:47,2025-11-06 14:05:23,SHORT,HARD_STOP,1,-250.0,-1257.0,54.0,125.0,5305,True,False,0.0,unclear,0.64433,0.126437,0.049211,1.23951
W45,AVG,12,171,2025-11-06 14:06:24,2025-11-06 14:08:17,SHORT,REVERSAL,0,100.0,496.5,100.0,41.0,2761,False,True,2.0,trend,0.974234,0.426136,0.16805,3.556818
W45,AVG,12,172,2025-11-06 14:08:17,2025-11-06 14:14:25,LONG,REVERSAL,0,100.0,496.5,100.0,36.0,4643,False,True,0.0,unclear,0.908761,0.294278,0.083848,-2.719406
W45,AVG,12,173,2025-11-06 14:14:25,2025-11-06 14:17:21,SHORT,REVERSAL,0,100.0,496.5,100.0,6.0,2659,False,True,0.0,unclear,0.539745,0.186275,0.085175,1.079545
W45,AVG,12,174,2025-11-06 14:17:21,2025-11-06 14:25:03,LONG,REVERSAL,0,100.0,496.5,100.0,52.0,5314,False,True,0.0,unclear,0.796731,0.255411,0.034111,-2.246503
W45,AVG,12,175,2025-11-06 14:25:03,2025-11-06 14:41:15,SHORT,REVERSAL,1,100.0,493.0,50.0,101.0,14599,False,True,0.0,unclear,0.538077,0.151579,0.107377,1.528846
W45,AVG,12,176,2025-11-06 14:41:15,2025-11-06 14:44:42,LONG,REVERSAL,1,98.0,483.0,49.0,102.0,4034,False,True,2.0,trend,0.893904,0.419753,0.148964,-2.923951
W45,AVG,12,177,2025-11-06 14:44:42,2025-11-06 14:48:55,SHORT,REVERSAL,0,101.0,501.5,101.0,27.0,3080,False,True,0.0,unclear,0.586915,0.176166,0.038116,1.626748
W45,AVG,12,178,2025-11-06 14:48:55,2025-11-06 14:56:14,LONG,REVERSAL,0,100.0,496.5,100.0,80.0,6934,False,True,0.0,unclear,0.9143,0.277389,0.099586,-2.645979
W45,AVG,12,179,2025-11-06 14:56:14,2025-11-06 14:59:40,SHORT,REVERSAL,1,100.0,493.0,50.0,100.0,3666,False,True,0.0,unclear,0.80066,0.331066,0.133844,2.703671
W45,AVG,12,180,2025-11-06 14:59:40,2025-11-06 15:23:49,LONG,REVERSAL,1,100.0,493.0,59.0,109.0,16392,False,True,1.0,chop,0.076954,0.014925,0.004082,-0.600524
W45,AVG,12,181,2025-11-06 15:23:49,2025-11-06 15:28:17,SHORT,REVERSAL,0,100.0,496.5,100.0,15.0,2450,False,True,1.0,chop,0.003386,0.022613,0.098283,0.083916
W45,AVG,12,182,2025-11-06 15:28:17,2025-11-06 15:32:09,LONG,HARD_STOP,1,-250.0,-1257.0,30.0,125.0,5281,True,False,0.0,unclear,0.611157,0.15873,0.017305,-1.855769
W45,AVG,12,183,2025-11-06 15:32:58,2025-11-06 15:38:36,SHORT,REVERSAL,1,104.0,513.0,52.0,100.0,5391,False,True,1.0,chop,0.072427,0.005464,0.033619,-0.59528
W45,AVG,12,184,2025-11-06 15:38:36,2025-11-06 15:45:02,LONG,HARD_STOP,1,-250.0,-1257.0,13.0,125.0,6366,True,False,0.0,unclear,0.776683,0.272947,0.087167,-2.29458
W45,AVG,12,185,2025-11-06 15:46:22,2025-11-06 15:49:50,LONG,EOD_FLATTEN,1,-42.0,-217.0,3.0,100.0,4720,False,False,0.0,unclear,0.539914,0.231293,0.198033,-1.668706
W45,AVG,12,186,2025-11-07 09:30:06,2025-11-07 09:32:58,LONG,REVERSAL,1,100.0,493.0,63.0,112.0,9976,False,True,0.0,unclear,0.462573,0.081818,0.009015,-1.416958
W45,AVG,12,187,2025-11-07 09:32:58,2025-11-07 09:33:37,SHORT,REVERSAL,0,101.0,501.5,101.0,13.0,1120,False,True,1.0,chop,0.030127,0.165414,0.110347,0.498252
W45,AVG,12,188,2025-11-07 09:33:37,2025-11-07 09:36:19,LONG,HARD_STOP,1,-250.0,-1257.0,56.0,125.0,6779,True,False,1.0,chop,0.008428,0.077834,0.037879,0.263112
W45,AVG,12,189,2025-11-07 09:37:07,2025-11-07 09:37:51,LONG,HARD_STOP,1,-250.0,-1257.0,17.0,125.0,3284,True,False,0.0,unclear,0.666549,0.28869,0.083077,-1.519231
W45,AVG,12,190,2025-11-07 09:38:37,2025-11-07 09:39:09,SHORT,REVERSAL,0,100.0,496.5,100.0,34.0,1941,False,True,1.0,chop,0.254783,0.139423,0.087036,1.123252
W45,AVG,12,191,2025-11-07 09:39:09,2025-11-07 09:42:03,LONG,REVERSAL,0,100.0,496.5,100.0,82.0,9644,False,True,1.0,chop,0.011031,0.020243,0.064342,-0.295455
W45,AVG,12,192,2025-11-07 09:42:03,2025-11-07 09:46:36,SHORT,REVERSAL,1,100.0,493.0,94.0,100.0,10541,False,True,1.0,chop,0.38593,0.164147,0.093017,1.956294
W45,AVG,12,193,2025-11-07 09:46:36,2025-11-07 09:47:25,LONG,REVERSAL,1,100.0,493.0,50.0,100.0,2085,False,True,1.0,chop,0.051956,0.0928,0.045709,-0.527098
W45,AVG,12,194,2025-11-07 09:47:25,2025-11-07 09:48:01,SHORT,REVERSAL,0,100.0,496.5,100.0,13.0,1088,False,True,1.0,chop,0.325213,0.243346,0.101821,-2.208042
W45,AVG,12,195,2025-11-07 09:48:01,2025-11-07 09:48:28,LONG,REVERSAL,0,100.0,496.5,100.0,23.0,1047,False,True,1.0,chop,0.074294,0.133758,0.04337,-0.586538
W45,AVG,12,196,2025-11-07 09:48:28,2025-11-07 09:49:31,SHORT,REVERSAL,1,100.0,493.0,50.0,100.0,2744,False,True,1.0,chop,0.002743,0.13852,0.050743,0.142483
W45,AVG,12,197,2025-11-07 09:49:31,2025-11-07 09:50:42,LONG,REVERSAL,1,100.0,493.0,50.0,100.0,2417,False,True,1.0,chop,0.010154,0.066929,0.050454,-0.333042
W45,AVG,12,198,2025-11-07 09:50:42,2025-11-07 09:51:18,SHORT,REVERSAL,0,100.0,496.5,100.0,22.0,834,False,True,1.0,chop,0.003334,0.036842,0.051691,-0.178322
W45,AVG,12,199,2025-11-07 09:51:18,2025-11-07 09:51:29,LONG,REVERSAL,0,100.0,496.5,100.0,15.0,528,False,True,1.0,chop,0.086418,0.054366,0.03071,0.73951
W45,AVG,12,200,2025-11-07 09:51:29,2025-11-07 09:53:04,SHORT,HARD_STOP,1,-251.0,-1262.0,40.0,125.5,3511,True,False,1.0,chop,0.15002,0.171131,0.027929,1.041084
W45,AVG,12,201,2025-11-07 09:53:37,2025-11-07 09:56:06,LONG,REVERSAL,0,100.0,496.5,100.0,54.0,3898,False,True,1.0,chop,0.038429,0.06405,0.032402,0.451049
W45,AVG,12,202,2025-11-07 09:56:06,2025-11-07 09:59:08,SHORT,REVERSAL,1,100.0,493.0,76.0,100.0,5477,False,True,1.0,chop,0.360257,0.114192,0.03152,1.189685
W45,AVG,12,203,2025-11-07 09:59:08,2025-11-07 10:00:44,LONG,HARD_STOP,1,-250.0,-1257.0,83.0,125.0,3389,True,False,1.0,chop,0.040258,0.095969,0.033242,-0.440559
W45,AVG,12,204,2025-11-07 10:02:28,2025-11-07 10:03:14,SHORT,REVERSAL,0,100.0,496.5,100.0,30.0,2005,False,True,1.0,chop,0.350256,0.174468,0.009997,1.160839
W45,AVG,12,205,2025-11-07 10:03:14,2025-11-07 10:06:16,LONG,HARD_STOP,1,-250.0,-1257.0,30.0,125.0,6327,True,False,1.0,chop,0.248326,0.038618,0.043946,-1.362762
W45,AVG,12,206,2025-11-07 10:06:50,2025-11-07 10:08:50,LONG,REVERSAL,0,100.0,496.5,100.0,45.0,5381,False,True,0.0,unclear,0.909555,0.301695,0.063329,-1.853147
W45,AVG,12,207,2025-11-07 10:08:50,2025-11-07 10:09:54,SHORT,HARD_STOP,1,-250.0,-1257.0,0.0,125.0,3353,True,False,0.0,unclear,0.765066,0.226545,0.060842,2.396853
W45,AVG,12,208,2025-11-07 10:10:24,2025-11-07 10:12:53,SHORT,REVERSAL,1,98.0,483.0,49.0,102.0,6594,False,True,0.0,unclear,0.781399,0.307241,0.057222,2.848776
W45,AVG,12,209,2025-11-07 10:12:53,2025-11-07 10:13:48,LONG,REVERSAL,0,100.0,496.5,100.0,0.0,1597,False,True,1.0,chop,0.000373,0.068465,0.04918,0.038462
W45,AVG,12,210,2025-11-07 10:13:48,2025-11-07 10:17:05,SHORT,REVERSAL,1,102.0,503.0,51.0,100.0,7208,False,True,1.0,chop,0.03971,0.039256,0.030928,-0.431818
W45,AVG,12,211,2025-11-07 10:17:05,2025-11-07 10:19:43,LONG,REVERSAL,1,104.0,513.0,52.0,100.0,6202,False,True,0.0,unclear,0.490219,0.150713,0.067602,-1.321678
W45,AVG,12,212,2025-11-07 10:19:43,2025-11-07 10:21:57,SHORT,REVERSAL,1,100.0,493.0,61.0,100.0,4788,False,True,1.0,chop,0.07908,0.160521,0.013453,0.645105
W45,AVG,12,213,2025-11-07 10:21:57,2025-11-07 10:23:48,LONG,HARD_STOP,1,-260.0,-1307.0,92.0,130.0,3746,True,False,0.0,unclear,0.409058,0.021138,0.02521,2.111888
W45,AVG,12,214,2025-11-07 10:24:13,2025-11-07 10:24:52,SHORT,REVERSAL,0,100.0,496.5,100.0,28.0,1120,False,True,0.0,unclear,0.47833,0.247525,0.197527,-2.868007
W45,AVG,12,215,2025-11-07 10:24:52,2025-11-07 10:25:46,LONG,REVERSAL,0,100.0,496.5,100.0,11.0,1878,False,True,1.0,chop,0.012706,0.228758,0.180529,-0.27972
W45,AVG,12,216,2025-11-07 10:25:46,2025-11-07 10:26:41,SHORT,HARD_STOP,1,-250.0,-1257.0,26.0,125.0,2512,True,False,1.0,chop,0.004698,0.057143,0.026549,-0.160839
W45,AVG,12,217,2025-11-07 10:26:55,2025-11-07 10:31:07,LONG,HARD_STOP,1,-251.0,-1262.0,65.0,125.5,7565,True,False,0.0,unclear,0.627047,0.145038,0.088254,2.311189
W45,AVG,12,218,2025-11-07 10:31:37,2025-11-07 10:32:35,SHORT,REVERSAL,0,100.0,496.5,100.0,12.0,1693,False,True,1.0,chop,0.071811,0.020602,0.002845,-0.518357
W45,AVG,12,219,2025-11-07 10:32:35,2025-11-07 10:37:07,LONG,REVERSAL,1,104.0,513.0,65.0,118.0,8879,False,True,1.0,chop,0.105244,0.095462,0.030981,-0.706294
W45,AVG,12,220,2025-11-07 10:37:07,2025-11-07 10:37:38,SHORT,REVERSAL,0,100.0,496.5,100.0,43.0,998,False,True,0.0,unclear,0.427562,0.219203,0.089617,2.02972
W45,AVG,12,221,2025-11-07 10:37:38,2025-11-07 10:41:40,LONG,HARD_STOP,1,-251.0,-1262.0,44.0,125.5,6160,True,False,1.0,chop,0.208338,0.094991,0.009071,1.488636
W45,AVG,12,222,2025-11-07 10:44:41,2025-11-07 10:50:28,LONG,REVERSAL,0,100.0,496.5,100.0,90.0,9518,False,True,0.0,unclear,0.462799,0.125285,0.004351,-1.051573
W45,AVG,12,223,2025-11-07 10:50:28,2025-11-07 10:51:30,SHORT,REVERSAL,0,100.0,496.5,100.0,25.0,1657,False,True,0.0,unclear,0.859349,0.326389,0.098915,3.641608
W45,AVG,12,224,2025-11-07 10:51:30,2025-11-07 11:00:00,LONG,HARD_STOP,1,-250.0,-1257.0,46.0,125.0,10453,True,False,1.0,chop,0.028355,0.008753,0.097792,-0.346154
W45,AVG,12,225,2025-11-07 11:00:26,2025-11-07 11:04:13,SHORT,REVERSAL,0,100.0,496.5,100.0,61.0,4610,False,True,1.0,chop,0.152316,0.154696,0.048373,0.751748
W45,AVG,12,226,2025-11-07 11:04:13,2025-11-07 11:05:00,LONG,REVERSAL,0,100.0,496.5,100.0,9.0,979,False,True,0.0,unclear,0.737808,0.319192,0.058786,-2.326923
W45,AVG,12,227,2025-11-07 11:05:00,2025-11-07 11:06:50,SHORT,REVERSAL,0,100.0,496.5,100.0,37.0,2147,False,True,1.0,chop,0.08603,0.004329,0.057027,-0.65035
W45,AVG,12,228,2025-11-07 11:06:50,2025-11-07 11:15:18,LONG,HARD_STOP,1,-250.0,-1257.0,47.0,125.0,12440,True,False,1.0,chop,0.26921,0.110266,0.029072,-1.381119
W45,AVG,12,229,2025-11-07 11:17:21,2025-11-07 11:23:23,SHORT,HARD_STOP,1,-250.0,-1257.0,52.0,125.0,9379,True,False,1.0,chop,0.333308,0.177143,0.042677,1.103147
W45,AVG,12,230,2025-11-07 11:24:41,2025-11-07 11:34:31,LONG,REVERSAL,1,100.0,493.0,50.0,100.0,10196,False,True,1.0,chop,0.045768,0.080247,0.036167,-0.412587
W45,AVG,12,231,2025-11-07 11:34:31,2025-11-07 11:35:38,SHORT,REVERSAL,0,100.0,496.5,100.0,11.0,1898,False,True,1.0,chop,0.018666,0.053333,0.04756,0.371503
W45,AVG,12,232,2025-11-07 11:35:38,2025-11-07 11:43:52,LONG,REVERSAL,1,100.0,493.0,50.0,102.0,9029,False,True,1.0,chop,0.083627,0.0,0.064806,0.819056
W45,AVG,12,233,2025-11-07 11:43:52,2025-11-07 11:46:39,SHORT,REVERSAL,0,100.0,496.5,100.0,54.0,3513,False,True,0.0,unclear,0.763389,0.326316,0.082332,2.602273
W45,AVG,12,234,2025-11-07 11:46:39,2025-11-07 11:51:23,LONG,REVERSAL,0,100.0,496.5,100.0,35.0,4124,False,True,0.0,unclear,0.791706,0.281879,0.073639,-3.553322
W45,AVG,12,235,2025-11-07 11:51:23,2025-11-07 11:54:28,SHORT,REVERSAL,0,100.0,496.5,100.0,62.0,3367,False,True,0.0,unclear,0.75712,0.25,0.05765,2.355769
W45,AVG,12,236,2025-11-07 11:54:28,2025-11-07 11:57:35,LONG,HARD_STOP,1,-252.0,-1267.0,31.0,126.0,4496,True,False,0.0,unclear,0.767181,0.295775,0.155012,-2.791084
W45,AVG,12,237,2025-11-07 11:59:36,2025-11-07 12:07:03,SHORT,REVERSAL,0,100.0,496.5,100.0,57.0,6258,False,True,1.0,chop,0.392961,0.099398,0.040883,1.20542
W45,AVG,12,238,2025-11-07 12:07:03,2025-11-07 12:11:52,LONG,REVERSAL,0,100.0,496.5,100.0,38.0,4208,False,True,1.0,chop,0.147228,0.114943,0.025751,-0.785839
W45,AVG,12,239,2025-11-07 12:11:52,2025-11-07 12:16:30,SHORT,HARD_STOP,1,-250.0,-1257.0,26.0,125.0,5428,True,False,0.0,unclear,0.403575,0.217002,0.055909,1.340909
W45,AVG,12,240,2025-11-07 12:20:51,2025-11-07 12:23:29,SHORT,HARD_STOP,1,-252.0,-1267.0,0.0,126.0,4363,True,False,1.0,chop,0.072872,0.111617,0.053221,0.477273
W45,AVG,12,241,2025-11-07 12:26:13,2025-11-07 12:28:06,SHORT,REVERSAL,0,100.0,496.5,100.0,33.0,2428,False,True,1.0,chop,0.275087,0.104019,0.047198,1.013112
W45,AVG,12,242,2025-11-07 12:28:06,2025-11-07 12:32:41,LONG,REVERSAL,0,100.0,496.5,100.0,52.0,4951,False,True,0.0,unclear,0.437138,0.152672,0.01849,-1.611888
W45,AVG,12,243,2025-11-07 12:32:41,2025-11-07 12:35:07,SHORT,REVERSAL,0,100.0,496.5,100.0,14.0,2087,False,True,0.0,unclear,0.760513,0.206107,0.096273,2.176573
W45,AVG,12,244,2025-11-07 12:35:07,2025-11-07 12:37:29,LONG,REVERSAL,0,100.0,496.5,100.0,26.0,2128,False,True,1.0,chop,0.125438,0.081967,0.030341,-0.714161
W45,AVG,12,245,2025-11-07 12:37:29,2025-11-07 12:38:28,SHORT,REVERSAL,0,101.0,501.5,101.0,1.0,674,False,True,1.0,chop,0.318275,0.037549,0.047825,1.414336
W45,AVG,12,246,2025-11-07 12:38:28,2025-11-07 12:48:05,LONG,HARD_STOP,1,-252.0,-1267.0,42.0,126.0,8460,True,False,1.0,chop,0.020674,0.019685,0.053599,0.38549
W45,AVG,12,247,2025-11-07 12:48:53,2025-11-07 12:51:47,LONG,REVERSAL,0,101.0,501.5,101.0,40.0,3285,False,True,2.0,trend,0.950076,0.356137,0.279088,-3.812937
W45,AVG,12,248,2025-11-07 12:51:47,2025-11-07 12:57:01,SHORT,HARD_STOP,1,-251.0,-1262.0,71.0,125.5,5488,True,False,0.0,unclear,0.43502,0.283333,0.075581,2.097028
W45,AVG,12,249,2025-11-07 13:00:14,2025-11-07 13:05:14,SHORT,REVERSAL,0,100.0,496.5,100.0,28.0,4417,False,True,1.0,chop,0.161448,0.088517,0.064226,0.717657
W45,AVG,12,250,2025-11-07 13:05:14,2025-11-07 13:08:08,LONG,REVERSAL,0,100.0,496.5,100.0,24.0,2149,False,True,1.0,chop,0.020207,0.095445,0.033867,-0.202797
W45,AVG,12,251,2025-11-07 13:08:08,2025-11-07 13:17:45,SHORT,REVERSAL,1,100.0,493.0,50.0,100.0,8153,False,True,1.0,chop,0.2965,0.112971,0.069267,1.577797
W45,AVG,12,252,2025-11-07 13:17:45,2025-11-07 13:18:34,LONG,REVERSAL,0,100.0,496.5,100.0,13.0,882,False,True,0.0,unclear,0.750563,0.196382,0.047012,-2.149476
W45,AVG,12,253,2025-11-07 13:18:34,2025-11-07 13:25:38,SHORT,HARD_STOP,1,-250.0,-1257.0,52.0,125.0,7180,True,False,1.0,chop,0.005085,0.046948,0.042766,-0.160839
W45,AVG,12,254,2025-11-07 13:31:44,2025-11-07 13:36:16,SHORT,REVERSAL,0,100.0,496.5,100.0,23.0,4197,False,True,0.0,unclear,0.754796,0.156334,0.08175,1.29021
W45,AVG,12,255,2025-11-07 13:36:16,2025-11-07 13:39:03,LONG,REVERSAL,0,100.0,496.5,100.0,43.0,2576,False,True,0.0,unclear,0.839575,0.228916,0.088631,-2.113636
W45,AVG,12,256,2025-11-07 13:39:03,2025-11-07 13:47:52,SHORT,REVERSAL,0,100.0,496.5,100.0,98.0,7258,False,True,0.0,unclear,0.756221,0.220096,0.032635,2.569056
W45,AVG,12,257,2025-11-07 13:47:52,2025-11-07 13:54:05,LONG,HARD_STOP,1,-251.0,-1262.0,40.0,125.5,6639,True,False,0.0,unclear,0.807014,0.22449,0.063507,-2.424825
W45,AVG,12,258,2025-11-07 13:54:59,2025-11-07 13:58:00,SHORT,HARD_STOP,1,-250.0,-1257.0,5.0,125.0,4087,True,False,1.0,chop,0.010501,0.149333,0.051838,0.173077
W45,AVG,12,259,2025-11-07 14:00:00,2025-11-07 14:02:09,LONG,REVERSAL,0,100.0,496.5,100.0,69.0,2195,False,True,1.0,chop,0.050936,0.071749,0.001527,0.611888
W45,AVG,12,260,2025-11-07 14:02:09,2025-11-07 14:31:26,SHORT,HARD_STOP,1,-250.0,-1257.0,89.0,125.0,20691,True,False,1.0,chop,0.269867,0.019856,0.025416,1.52535
W45,AVG,12,261,2025-11-07 14:36:02,2025-11-07 14:40:33,SHORT,HARD_STOP,1,-250.0,-1257.0,24.0,125.0,6214,True,False,0.0,unclear,0.441171,0.173669,0.020603,1.04458
W45,AVG,12,262,2025-11-07 14:41:12,2025-11-07 14:45:20,SHORT,REVERSAL,1,100.0,493.0,66.0,100.0,7199,False,True,2.0,trend,0.96209,0.455764,0.005528,4.298951
W45,AVG,12,263,2025-11-07 14:45:20,2025-11-07 14:48:58,LONG,REVERSAL,1,100.0,493.0,54.0,100.0,5708,False,True,1.0,chop,0.046385,0.002778,0.061361,-0.368007
W45,AVG,12,264,2025-11-07 14:48:58,2025-11-07 15:02:54,SHORT,HARD_STOP,1,-250.0,-1257.0,66.0,125.0,12558,True,False,0.0,unclear,0.559292,0.105072,0.022346,1.533217
W45,AVG,12,265,2025-11-07 15:03:12,2025-11-07 15:04:14,LONG,REVERSAL,0,102.0,506.5,102.0,4.0,926,False,True,1.0,chop,0.13133,0.012821,0.046135,0.832168
W45,AVG,12,266,2025-11-07 15:04:14,2025-11-07 15:05:02,SHORT,REVERSAL,0,100.0,496.5,100.0,23.0,1344,False,True,0.0,unclear,0.443117,0.185639,0.021424,1.799825
W45,AVG,12,267,2025-11-07 15:05:02,2025-11-07 15:08:27,LONG,REVERSAL,1,100.0,493.0,53.0,100.0,6510,False,True,1.0,chop,0.052557,0.10495,0.063347,-0.604021
W45,AVG,12,268,2025-11-07 15:08:27,2025-11-07 15:14:41,SHORT,REVERSAL,1,100.0,493.0,50.0,100.0,4791,False,True,0.0,unclear,0.515435,0.173278,0.04654,2.164336
W45,AVG,12,269,2025-11-07 15:14:41,2025-11-07 15:19:07,LONG,HARD_STOP,1,-250.0,-1257.0,54.0,125.0,3552,True,False,1.0,chop,0.035891,0.013333,0.009357,0.268357
W45,AVG,12,270,2025-11-07 15:19:32,2025-11-07 15:21:02,SHORT,REVERSAL,0,100.0,496.5,100.0,15.0,1389,False,True,0.0,unclear,0.439027,0.165236,0.048309,-1.928322
W45,AVG,12,271,2025-11-07 15:21:02,2025-11-07 15:27:38,LONG,REVERSAL,1,102.0,503.0,89.0,100.0,6975,False,True,1.0,chop,0.18585,0.19708,0.065377,-0.984266
W45,AVG,12,272,2025-11-07 15:27:38,2025-11-07 15:29:52,SHORT,REVERSAL,1,102.0,503.0,51.0,100.0,2800,False,True,1.0,chop,0.060084,0.104859,0.012448,0.533217
W45,AVG,12,273,2025-11-07 15:29:52,2025-11-07 15:30:22,LONG,REVERSAL,0,101.0,501.5,101.0,2.0,612,False,True,1.0,chop,0.144816,0.004545,0.013547,0.777098
W45,AVG,12,274,2025-11-07 15:30:22,2025-11-07 15:44:00,SHORT,HARD_STOP,1,-250.0,-1257.0,30.0,125.0,11885,True,False,1.0,chop,0.104049,0.126531,0.007932,0.696678
W45,AVG,12,275,2025-11-07 15:46:02,2025-11-07 15:49:50,LONG,EOD_FLATTEN,1,-236.0,-1187.0,62.0,120.0,3668,False,False,1.0,chop,0.281448,0.14497,0.017608,-1.121503
W44,GOOD,12,0,2025-10-27 09:30:06,2025-10-27 09:35:02,SHORT,REVERSAL,0,100.0,496.5,100.0,82.0,13555,False,True,1.0,chop,0.034254,0.012422,0.064708,-0.365385
W44,GOOD,12,1,2025-10-27 09:35:02,2025-10-27 09:38:46,LONG,REVERSAL,0,100.0,496.5,100.0,70.0,8901,False,True,0.0,unclear,0.919156,0.377581,0.114139,-2.749126
W44,GOOD,12,2,2025-10-27 09:38:46,2025-10-27 09:41:59,SHORT,REVERSAL,0,100.0,496.5,100.0,32.0,5791,False,True,0.0,unclear,0.871042,0.338323,0.083465,2.282343
W44,GOOD,12,3,2025-10-27 09:41:59,2025-10-27 09:44:42,LONG,REVERSAL,0,100.0,496.5,100.0,7.0,3405,False,True,0.0,unclear,0.613283,0.270588,0.029219,-2.252622
W44,GOOD,12,4,2025-10-27 09:44:42,2025-10-27 09:51:18,SHORT,REVERSAL,0,100.0,496.5,100.0,36.0,7549,False,True,0.0,unclear,0.768039,0.19883,0.062186,1.83042
W44,GOOD,12,5,2025-10-27 09:51:18,2025-10-27 09:52:54,LONG,REVERSAL,0,100.0,496.5,100.0,22.0,2123,False,True,0.0,unclear,0.853861,0.315457,0.164363,-2.121503
W44,GOOD,12,6,2025-10-27 09:52:54,2025-10-27 10:17:38,SHORT,REVERSAL,1,100.0,493.0,50.0,100.0,28145,False,True,0.0,unclear,0.739117,0.183976,0.008174,2.313811
W44,GOOD,12,7,2025-10-27 10:17:38,2025-10-27 10:29:01,LONG,REVERSAL,0,100.0,496.5,100.0,64.0,13007,False,True,0.0,unclear,0.647257,0.150769,0.036389,-1.532343
W44,GOOD,12,8,2025-10-27 10:29:01,2025-10-27 10:51:03,SHORT,REVERSAL,1,100.0,493.0,50.0,100.0,20385,False,True,0.0,unclear,0.811845,0.256881,0.139447,2.950175
W44,GOOD,12,9,2025-10-27 10:51:03,2025-10-27 11:11:56,LONG,REVERSAL,0,100.0,496.5,100.0,51.0,17246,False,True,0.0,unclear,0.515212,0.160156,0.016814,-0.868881
W44,GOOD,12,10,2025-10-27 11:11:56,2025-10-27 14:17:23,SHORT,HARD_STOP,1,-250.0,-1257.0,59.0,125.0,84139,True,False,0.0,unclear,0.603253,0.134387,0.033272,0.97465
W44,GOOD,12,11,2025-10-27 15:22:31,2025-10-27 15:46:32,LONG,REVERSAL,0,100.0,496.5,100.0,3.0,14776,False,True,0.0,unclear,0.408851,0.188811,0.086996,-0.326049
W44,GOOD,12,12,2025-10-27 15:46:32,2025-10-27 15:49:50,SHORT,EOD_FLATTEN,0,-13.0,-68.5,6.0,31.0,4684,False,False,0.0,unclear,0.7701,0.244444,0.0434,0.784965
W44,GOOD,12,13,2025-10-28 09:30:10,2025-10-28 09:35:58,SHORT,REVERSAL,0,100.0,496.5,100.0,84.0,13135,False,True,0.0,unclear,0.796114,0.34471,0.073463,2.109266
W44,GOOD,12,14,2025-10-28 09:35:58,2025-10-28 09:41:19,LONG,REVERSAL,0,100.0,496.5,100.0,29.0,8139,False,True,0.0,unclear,0.574592,0.303371,0.126769,-1.812937
W44,GOOD,12,15,2025-10-28 09:41:19,2025-10-28 09:48:24,SHORT,REVERSAL,0,100.0,496.5,100.0,32.0,8452,False,True,1.0,chop,0.275411,0.098101,0.052859,0.770105
W44,GOOD,12,16,2025-10-28 09:48:24,2025-10-28 09:56:04,LONG,REVERSAL,0,100.0,496.5,100.0,77.0,11131,False,True,0.0,unclear,0.79516,0.220447,0.141615,-1.788462
W44,GOOD,12,17,2025-10-28 09:56:04,2025-10-28 10:21:05,SHORT,REVERSAL,0,100.0,496.5,100.0,47.0,22133,False,True,2.0,trend,0.895329,0.676101,0.231343,4.412587
W44,GOOD,12,18,2025-10-28 10:21:05,2025-10-28 10:37:18,LONG,REVERSAL,1,100.0,493.0,71.0,100.0,15596,False,True,0.0,unclear,0.448688,0.151203,0.102442,-0.986014
W44,GOOD,12,19,2025-10-28 10:37:18,2025-10-28 10:40:23,SHORT,REVERSAL,0,100.0,496.5,100.0,13.0,3168,False,True,0.0,unclear,0.856346,0.330645,0.141785,1.381993
W44,GOOD,12,20,2025-10-28 10:40:23,2025-10-28 11:02:01,LONG,REVERSAL,0,100.0,496.5,100.0,60.0,18067,False,True,0.0,unclear,0.948683,0.373702,0.146772,-2.326923
W44,GOOD,12,21,2025-10-28 11:02:01,2025-10-28 11:35:20,SHORT,REVERSAL,0,100.0,496.5,100.0,32.0,17877,False,True,0.0,unclear,0.602973,0.145669,0.064823,1.063811
W44,GOOD,12,22,2025-10-28 11:35:20,2025-10-28 11:37:44,LONG,REVERSAL,0,100.0,496.5,100.0,71.0,3544,False,True,0.0,unclear,0.797861,0.27972,0.151383,-1.287587
W44,GOOD,12,23,2025-10-28 11:37:44,2025-10-28 12:27:53,SHORT,HARD_STOP,1,-250.0,-1257.0,70.0,125.0,29459,True,False,2.0,trend,0.929973,0.541096,0.155167,3.22028
W44,GOOD,12,24,2025-10-28 12:30:45,2025-10-28 12:30:59,SHORT,REVERSAL,1,98.0,483.0,49.0,102.0,3137,False,True,2.0,trend,0.568999,0.435644,0.262749,2.147727
W44,GOOD,12,25,2025-10-28 12:30:59,2025-10-28 12:32:26,LONG,REVERSAL,1,100.0,493.0,57.0,103.0,4983,False,True,0.0,unclear,0.400027,0.145194,0.024345,-1.166958
W44,GOOD,12,26,2025-10-28 12:32:26,2025-10-28 13:59:15,SHORT,HARD_STOP,1,-250.0,-1257.0,92.0,125.0,54982,True,False,1.0,chop,0.101605,0.055914,0.056881,-0.95979
W44,GOOD,12,27,2025-10-28 14:18:28,2025-10-28 15:26:46,SHORT,HARD_STOP,1,-250.0,-1257.0,6.0,125.0,40053,True,False,0.0,unclear,0.737544,0.314286,0.105279,1.202797
W44,GOOD,12,28,2025-10-28 15:40:09,2025-10-28 15:49:50,LONG,EOD_FLATTEN,0,-86.0,-433.5,9.0,92.0,10891,False,False,0.0,unclear,0.529946,0.153439,0.012948,-0.615385
W44,GOOD,12,29,2025-10-29 09:33:00,2025-10-29 09:37:18,SHORT,REVERSAL,0,100.0,496.5,100.0,10.0,8600,False,True,0.0,unclear,0.348292,0.090909,0.237598,0.670455
W44,GOOD,12,30,2025-10-29 09:37:18,2025-10-29 09:51:19,LONG,REVERSAL,0,100.0,496.5,100.0,42.0,21690,False,True,1.0,chop,0.238534,0.112727,0.02896,-0.425699
W44,GOOD,12,31,2025-10-29 09:51:19,2025-10-29 10:04:29,SHORT,REVERSAL,1,100.0,493.0,50.0,100.0,19206,False,True,1.0,chop,0.141497,0.184874,0.183709,0.69493
W44,GOOD,12,32,2025-10-29 10:04:29,2025-10-29 10:13:29,LONG,REVERSAL,1,100.0,493.0,50.0,100.0,11009,False,True,0.0,unclear,0.813954,0.371212,0.193393,-1.80507
W44,GOOD,12,33,2025-10-29 10:13:29,2025-10-29 10:49:48,SHORT,REVERSAL,0,100.0,496.5,100.0,73.0,28778,False,True,1.0,chop,0.378959,0.097484,0.036899,1.302448
W44,GOOD,12,34,2025-10-29 10:49:48,2025-10-29 11:19:17,LONG,REVERSAL,1,100.0,493.0,68.0,100.0,30214,False,True,1.0,chop,0.293675,0.108434,0.085304,-0.486888
W44,GOOD,12,35,2025-10-29 11:19:17,2025-10-29 11:33:18,SHORT,REVERSAL,0,100.0,496.5,100.0,46.0,9287,False,True,0.0,unclear,0.944364,0.363636,0.072888,2.323427
W44,GOOD,12,36,2025-10-29 11:33:18,2025-10-29 12:21:08,LONG,REVERSAL,1,100.0,493.0,50.0,100.0,38998,False,True,0.0,unclear,0.411182,0.072555,0.097979,-0.679196
W44,GOOD,12,37,2025-10-29 12:21:08,2025-10-29 13:23:10,SHORT,REVERSAL,1,100.0,493.0,54.0,100.0,26822,False,True,0.0,unclear,0.598493,0.191571,0.057827,1.347902
W44,GOOD,12,38,2025-10-29 13:23:10,2025-10-29 13:52:19,LONG,REVERSAL,0,100.0,496.5,100.0,85.0,10636,False,True,2.0,trend,0.945517,0.471616,0.065021,-2.276224
W44,GOOD,12,39,2025-10-29 13:52:19,2025-10-29 14:03:01,SHORT,REVERSAL,0,100.0,496.5,100.0,99.0,6302,False,True,0.0,unclear,0.429494,0.147887,0.070154,0.978147
W44,GOOD,12,40,2025-10-29 14:03:01,2025-10-29 14:06:10,LONG,REVERSAL,1,102.0,503.0,51.0,100.0,3752,False,True,1.0,chop,0.17353,0.192547,0.045482,-1.180944
W44,GOOD,12,41,2025-10-29 14:06:10,2025-10-29 14:15:12,SHORT,REVERSAL,0,100.0,496.5,100.0,76.0,5721,False,True,1.0,chop,0.00727,0.075734,0.00816,-0.26486
W44,GOOD,12,42,2025-10-29 14:15:12,2025-10-29 14:16:51,LONG,REVERSAL,0,100.0,496.5,100.0,11.0,1240,False,True,0.0,unclear,0.805014,0.16699,0.058998,-2.519231
W44,GOOD,12,43,2025-10-29 14:16:51,2025-10-29 14:35:24,SHORT,REVERSAL,1,100.0,493.0,80.0,122.0,12588,False,True,1.0,chop,0.025235,0.042283,0.023132,0.267483
W44,GOOD,12,44,2025-10-29 14:35:24,2025-10-29 14:35:29,LONG,HARD_STOP,1,-253.0,-1272.0,9.0,126.5,1078,True,False,0.0,unclear,0.408152,0.230461,0.044323,-2.186189
W44,GOOD,12,45,2025-10-29 14:35:30,2025-10-29 14:35:36,LONG,REVERSAL,1,100.0,493.0,50.0,100.0,1913,False,True,2.0,trend,0.960276,0.557775,0.20561,-9.689685
W44,GOOD,12,46,2025-10-29 14:35:36,2025-10-29 14:36:00,SHORT,REVERSAL,0,100.0,496.5,100.0,94.0,2288,False,True,0.0,unclear,0.596807,0.246393,0.194702,-4.785839
W44,GOOD,12,47,2025-10-29 14:36:00,2025-10-29 14:36:34,LONG,REVERSAL,0,100.0,496.5,100.0,60.0,2685,False,True,1.0,chop,0.236305,0.107692,0.028375,-1.813811
W44,GOOD,12,48,2025-10-29 14:36:34,2025-10-29 14:36:40,SHORT,REVERSAL,0,100.0,496.5,100.0,10.0,298,False,True,1.0,chop,0.219322,0.079167,0.034504,1.087413
W44,GOOD,12,49,2025-10-29 14:36:40,2025-10-29 14:36:57,LONG,REVERSAL,1,100.0,493.0,50.0,100.0,1533,False,True,1.0,chop,0.207887,0.040127,0.020221,1.058566
W44,GOOD,12,50,2025-10-29 14:36:57,2025-10-29 14:37:35,SHORT,REVERSAL,0,100.0,496.5,100.0,64.0,1674,False,True,1.0,chop,0.103124,0.09151,0.011501,-1.381993
W44,GOOD,12,51,2025-10-29 14:37:35,2025-10-29 14:39:28,LONG,HARD_STOP,1,-250.0,-1257.0,87.0,125.0,5324,True,False,1.0,chop,0.057946,0.009709,0.023515,0.84965
W44,GOOD,12,52,2025-10-29 14:39:38,2025-10-29 14:39:57,SHORT,REVERSAL,0,101.0,501.5,101.0,7.0,754,False,True,0.0,unclear,0.83199,0.233207,0.027949,-5.554196
W44,GOOD,12,53,2025-10-29 14:39:57,2025-10-29 14:40:11,LONG,REVERSAL,0,100.0,496.5,100.0,0.0,708,False,True,0.0,unclear,0.663553,0.295541,0.002909,-4.342657
W44,GOOD,12,54,2025-10-29 14:40:11,2025-10-29 14:40:28,SHORT,REVERSAL,0,100.0,496.5,100.0,26.0,906,False,True,1.0,chop,0.097217,0.042373,0.033668,-0.611888
W44,GOOD,12,55,2025-10-29 14:40:28,2025-10-29 14:40:41,LONG,REVERSAL,0,100.0,496.5,100.0,69.0,660,False,True,1.0,chop,0.000332,0.063158,0.111489,-0.02972
W44,GOOD,12,56,2025-10-29 14:40:41,2025-10-29 14:41:12,SHORT,REVERSAL,0,101.0,501.5,101.0,23.0,1139,False,True,1.0,chop,0.000298,0.065554,0.081547,-0.04458
W44,GOOD,12,57,2025-10-29 14:41:12,2025-10-29 14:41:36,LONG,REVERSAL,1,104.0,513.0,52.0,100.0,958,False,True,1.0,chop,0.06013,0.135271,0.037514,-0.86451
W44,GOOD,12,58,2025-10-29 14:41:36,2025-10-29 14:43:16,SHORT,REVERSAL,0,100.0,496.5,100.0,47.0,2874,False,True,1.0,chop,0.134422,0.018738,0.008009,-1.55507
W44,GOOD,12,59,2025-10-29 14:43:16,2025-10-29 14:43:22,LONG,REVERSAL,0,101.0,501.5,101.0,2.0,166,False,True,1.0,chop,0.207224,0.012931,0.001188,-0.838287
W44,GOOD,12,60,2025-10-29 14:43:22,2025-10-29 14:43:36,SHORT,HARD_STOP,1,-260.0,-1307.0,0.0,130.0,754,True,False,1.0,chop,0.050867,0.111345,0.046028,0.612762
W44,GOOD,12,61,2025-10-29 14:43:54,2025-10-29 14:44:23,LONG,HARD_STOP,1,-250.0,-1257.0,21.0,125.0,1155,True,False,0.0,unclear,0.659797,0.223529,0.025523,6.38549
W44,GOOD,12,62,2025-10-29 14:45:01,2025-10-29 14:45:09,LONG,REVERSAL,0,104.0,516.5,104.0,7.0,281,False,True,0.0,unclear,0.730004,0.173445,0.04047,-3.797203
W44,GOOD,12,63,2025-10-29 14:45:09,2025-10-29 14:45:23,SHORT,HARD_STOP,1,-252.0,-1267.0,0.0,126.0,604,True,False,1.0,chop,0.266503,0.050648,0.009697,-2.168706
W44,GOOD,12,64,2025-10-29 14:45:36,2025-10-29 14:46:58,LONG,REVERSAL,0,100.0,496.5,100.0,88.0,2485,False,True,0.0,unclear,0.793981,0.225725,0.05565,6.248252
W44,GOOD,12,65,2025-10-29 14:46:58,2025-10-29 14:47:13,SHORT,REVERSAL,0,102.0,506.5,102.0,8.0,517,False,True,1.0,chop,0.1062,0.039752,0.062009,1.227273
W44,GOOD,12,66,2025-10-29 14:47:13,2025-10-29 14:48:26,LONG,REVERSAL,1,104.0,513.0,96.0,100.0,2107,False,True,1.0,chop,0.341428,0.021066,0.147929,2.126748
W44,GOOD,12,67,2025-10-29 14:48:26,2025-10-29 14:49:27,SHORT,REVERSAL,1,102.0,503.0,51.0,100.0,1452,False,True,1.0,chop,0.341218,0.099751,0.031881,-2.683566
W44,GOOD,12,68,2025-10-29 14:49:27,2025-10-29 14:50:06,LONG,REVERSAL,0,101.0,501.5,101.0,20.0,802,False,True,0.0,unclear,0.640235,0.142857,0.019677,4.093531
W44,GOOD,12,69,2025-10-29 14:50:06,2025-10-29 14:51:46,SHORT,HARD_STOP,1,-250.0,-1257.0,31.0,125.0,4315,True,False,0.0,unclear,0.405335,0.213457,0.058046,2.370629
W44,GOOD,12,70,2025-10-29 14:52:10,2025-10-29 14:52:31,SHORT,REVERSAL,0,100.0,496.5,100.0,5.0,544,False,True,0.0,unclear,0.726427,0.161808,0.029027,3.303322
W44,GOOD,12,71,2025-10-29 14:52:31,2025-10-29 14:54:24,LONG,REVERSAL,0,100.0,496.5,100.0,18.0,2404,False,True,1.0,chop,0.350388,0.088626,0.01691,2.02972
W44,GOOD,12,72,2025-10-29 14:54:24,2025-10-29 14:56:05,SHORT,REVERSAL,1,100.0,493.0,77.0,100.0,3936,False,True,1.0,chop,0.254049,0.17673,0.114187,1.402098
W44,GOOD,12,73,2025-10-29 14:56:05,2025-10-29 14:57:25,LONG,REVERSAL,1,100.0,493.0,50.0,100.0,2140,False,True,1.0,chop,0.130281,0.058488,0.071759,1.041958
W44,GOOD,12,74,2025-10-29 14:57:25,2025-10-29 14:58:20,SHORT,REVERSAL,0,100.0,496.5,100.0,80.0,1569,False,True,0.0,unclear,0.481287,0.126154,0.029265,-2.598776
W44,GOOD,12,75,2025-10-29 14:58:20,2025-10-29 14:59:14,LONG,REVERSAL,0,100.0,496.5,100.0,41.0,1028,False,True,1.0,chop,0.083145,0.05527,0.054264,1.01049
W44,GOOD,12,76,2025-10-29 14:59:14,2025-10-29 14:59:33,SHORT,REVERSAL,0,100.0,496.5,100.0,7.0,312,False,True,1.0,chop,0.200524,0.005924,0.03444,-1.548951
W44,GOOD,12,77,2025-10-29 14:59:33,2025-10-29 15:00:10,LONG,REVERSAL,0,100.0,496.5,100.0,20.0,813,False,True,1.0,chop,0.25622,0.036739,0.023636,-1.791958
W44,GOOD,12,78,2025-10-29 15:00:10,2025-10-29 15:01:16,SHORT,REVERSAL,0,100.0,496.5,100.0,56.0,2073,False,True,1.0,chop,0.127193,0.02457,0.013431,0.838287
W44,GOOD,12,79,2025-10-29 15:01:16,2025-10-29 15:03:02,LONG,REVERSAL,1,100.0,493.0,50.0,100.0,2747,False,True,1.0,chop,0.089912,0.077922,0.105856,-0.874126
W44,GOOD,12,80,2025-10-29 15:03:02,2025-10-29 15:03:40,SHORT,REVERSAL,0,100.0,496.5,100.0,60.0,986,False,True,1.0,chop,0.299974,0.001439,0.020852,-1.696678
W44,GOOD,12,81,2025-10-29 15:03:40,2025-10-29 15:05:06,LONG,REVERSAL,1,100.0,493.0,50.0,103.0,2814,False,True,1.0,chop,0.016251,0.118194,0.00325,0.384615
W44,GOOD,12,82,2025-10-29 15:05:06,2025-10-29 15:06:01,SHORT,HARD_STOP,1,-250.0,-1257.0,35.0,125.0,1459,True,False,1.0,chop,0.13752,0.007364,0.137196,-1.062937
W44,GOOD,12,83,2025-10-29 15:07:09,2025-10-29 15:17:21,SHORT,REVERSAL,0,102.0,506.5,102.0,88.0,9673,False,True,0.0,unclear,0.712767,0.280323,0.129124,3.729895
W44,GOOD,12,84,2025-10-29 15:17:21,2025-10-29 15:19:23,LONG,REVERSAL,0,100.0,496.5,100.0,94.0,2146,False,True,1.0,chop,0.035669,0.042292,0.01984,-0.41958
W44,GOOD,12,85,2025-10-29 15:19:23,2025-10-29 15:20:36,SHORT,REVERSAL,0,100.0,496.5,100.0,18.0,1166,False,True,1.0,chop,0.100481,0.082474,0.004853,1.13549
W44,GOOD,12,86,2025-10-29 15:20:36,2025-10-29 15:20:52,LONG,REVERSAL,0,100.0,496.5,100.0,2.0,294,False,True,1.0,chop,0.264793,0.021875,0.005535,1.954545
W44,GOOD,12,87,2025-10-29 15:20:52,2025-10-29 15:23:21,SHORT,REVERSAL,1,99.0,488.0,64.0,101.0,2968,False,True,1.0,chop,0.398261,0.193548,0.013611,2.575175
W44,GOOD,12,88,2025-10-29 15:23:21,2025-10-29 15:25:21,LONG,REVERSAL,0,101.0,501.5,101.0,36.0,1735,False,True,1.0,chop,0.097197,0.041868,0.101288,1.161713
W44,GOOD,12,89,2025-10-29 15:25:21,2025-10-29 15:28:28,SHORT,REVERSAL,0,100.0,496.5,100.0,57.0,3065,False,True,1.0,chop,0.228937,0.066343,0.014553,-1.472028
W44,GOOD,12,90,2025-10-29 15:28:28,2025-10-29 15:36:07,LONG,HARD_STOP,1,-252.0,-1267.0,34.0,126.0,7237,True,False,0.0,unclear,0.796642,0.212687,0.015358,-2.926573
W44,GOOD,12,91,2025-10-29 15:37:15,2025-10-29 15:40:08,SHORT,HARD_STOP,1,-251.0,-1262.0,25.0,125.5,3239,True,False,1.0,chop,0.320768,0.01919,0.040473,-1.554196
W44,GOOD,12,92,2025-10-29 15:41:03,2025-10-29 15:43:49,LONG,REVERSAL,1,100.0,493.0,84.0,100.0,3107,False,True,1.0,chop,0.066342,0.016427,0.060093,0.447552
W44,GOOD,12,93,2025-10-29 15:43:49,2025-10-29 15:47:13,SHORT,REVERSAL,1,100.0,493.0,74.0,100.0,3731,False,True,1.0,chop,0.307213,0.097466,0.035374,-1.652098
W44,GOOD,12,94,2025-10-29 15:47:13,2025-10-29 15:48:16,LONG,REVERSAL,0,103.0,511.5,103.0,6.0,851,False,True,1.0,chop,0.229524,0.033755,0.053383,-1.371503
W44,GOOD,12,95,2025-10-29 15:48:16,2025-10-29 15:49:50,SHORT,EOD_FLATTEN,0,-8.0,-43.5,7.0,74.0,1566,False,False,1.0,chop,0.181681,0.008511,0.054409,-1.188811
W44,GOOD,12,96,2025-10-30 09:30:07,2025-10-30 09:33:22,LONG,HARD_STOP,1,-250.0,-1257.0,41.0,125.0,10362,True,False,1.0,chop,0.032148,0.034722,0.07056,-0.357517
W44,GOOD,12,97,2025-10-30 09:34:52,2025-10-30 09:36:29,LONG,HARD_STOP,1,-250.0,-1257.0,17.0,125.0,4919,True,False,1.0,chop,0.246815,0.108844,0.067351,-0.897727
W44,GOOD,12,98,2025-10-30 09:36:59,2025-10-30 09:43:01,LONG,REVERSAL,1,99.0,488.0,53.0,103.5,19295,False,True,2.0,trend,0.983023,0.425656,0.149601,-3.322552
W44,GOOD,12,99,2025-10-30 09:43:01,2025-10-30 09:46:25,SHORT,HARD_STOP,1,-252.0,-1267.0,95.0,126.0,10810,True,False,0.0,unclear,0.69543,0.160991,0.189933,0.986014
W44,GOOD,12,100,2025-10-30 09:47:47,2025-10-30 09:48:13,LONG,REVERSAL,0,102.0,506.5,102.0,6.0,836,False,True,1.0,chop,0.000193,0.004673,0.004938,0.027972
W44,GOOD,12,101,2025-10-30 09:48:13,2025-10-30 09:50:12,SHORT,HARD_STOP,1,-250.0,-1257.0,6.0,125.0,5369,True,False,1.0,chop,0.034218,0.060669,0.065999,-0.332168
W44,GOOD,12,102,2025-10-30 09:50:40,2025-10-30 09:54:37,SHORT,HARD_STOP,1,-250.0,-1257.0,34.0,125.0,8878,True,False,0.0,unclear,0.928405,0.388655,0.119535,3.673077
W44,GOOD,12,103,2025-10-30 09:55:12,2025-10-30 10:00:21,LONG,REVERSAL,0,100.0,496.5,100.0,46.0,8829,False,True,1.0,chop,0.006922,0.022634,0.114057,0.151224
W44,GOOD,12,104,2025-10-30 10:00:21,2025-10-30 10:01:10,SHORT,REVERSAL,1,100.0,493.0,50.0,100.0,3313,False,True,1.0,chop,0.034121,0.108159,0.070928,0.416084
W44,GOOD,12,105,2025-10-30 10:01:10,2025-10-30 10:04:41,LONG,HARD_STOP,1,-252.0,-1267.0,61.0,126.0,5851,True,False,0.0,unclear,0.778521,0.117188,0.080997,-2.252622
W44,GOOD,12,106,2025-10-30 10:05:17,2025-10-30 10:08:12,SHORT,REVERSAL,1,100.0,493.0,50.0,104.0,5556,False,True,1.0,chop,0.039608,0.031136,0.046665,-0.548077
W44,GOOD,12,107,2025-10-30 10:08:12,2025-10-30 10:10:11,LONG,HARD_STOP,1,-250.0,-1257.0,63.0,125.0,4581,True,False,1.0,chop,0.106739,0.033333,0.000312,-0.842657
W44,GOOD,12,108,2025-10-30 10:11:28,2025-10-30 10:13:00,SHORT,REVERSAL,0,101.0,501.5,101.0,15.0,1999,False,True,1.0,chop,0.263666,0.066239,0.024046,0.946678
W44,GOOD,12,109,2025-10-30 10:13:00,2025-10-30 10:14:13,LONG,REVERSAL,0,100.0,496.5,100.0,35.0,1985,False,True,1.0,chop,0.376262,0.116473,0.004024,-1.362762
W44,GOOD,12,110,2025-10-30 10:14:13,2025-10-30 10:16:57,SHORT,REVERSAL,0,100.0,496.5,100.0,97.0,3960,False,True,1.0,chop,0.247908,0.091379,0.02864,1.25
W44,GOOD,12,111,2025-10-30 10:16:57,2025-10-30 10:18:49,LONG,REVERSAL,1,102.0,503.0,51.0,100.0,3501,False,True,0.0,unclear,0.722911,0.343636,0.089608,-3.206294
W44,GOOD,12,112,2025-10-30 10:18:49,2025-10-30 10:20:01,SHORT,REVERSAL,0,100.0,496.5,100.0,60.0,1785,False,True,0.0,unclear,0.440869,0.201717,0.048314,2.003497
W44,GOOD,12,113,2025-10-30 10:20:01,2025-10-30 10:21:22,LONG,REVERSAL,0,100.0,496.5,100.0,32.0,2507,False,True,1.0,chop,0.147797,0.091085,0.044947,-1.196678
W44,GOOD,12,114,2025-10-30 10:21:22,2025-10-30 10:23:04,SHORT,REVERSAL,0,100.0,496.5,100.0,36.0,2230,False,True,0.0,unclear,0.508938,0.134078,0.006548,1.813811
W44,GOOD,12,115,2025-10-30 10:23:04,2025-10-30 10:27:17,LONG,REVERSAL,1,100.0,493.0,50.0,100.0,6303,False,True,1.0,chop,0.310953,0.176577,0.028809,-1.54458
W44,GOOD,12,116,2025-10-30 10:27:17,2025-10-30 10:28:13,SHORT,REVERSAL,0,100.0,496.5,100.0,18.0,1250,False,True,0.0,unclear,0.551634,0.182752,0.125555,1.523601
W44,GOOD,12,117,2025-10-30 10:28:13,2025-10-30 10:30:04,LONG,REVERSAL,0,100.0,496.5,100.0,33.0,2400,False,True,1.0,chop,0.008723,0.045249,0.030644,0.190559
W44,GOOD,12,118,2025-10-30 10:30:04,2025-10-30 10:36:05,SHORT,REVERSAL,1,100.0,493.0,56.0,100.0,7816,False,True,1.0,chop,0.222365,0.149228,0.019871,1.183566
W44,GOOD,12,119,2025-10-30 10:36:05,2025-10-30 10:37:45,LONG,REVERSAL,1,100.0,493.0,50.0,100.0,2625,False,True,1.0,chop,0.068746,0.029014,0.018821,0.671329
W44,GOOD,12,120,2025-10-30 10:37:45,2025-10-30 10:43:28,SHORT,HARD_STOP,1,-250.0,-1257.0,67.0,125.0,6484,True,False,0.0,unclear,0.453588,0.035785,0.051719,-2.030594
W44,GOOD,12,121,2025-10-30 10:45:48,2025-10-30 10:51:32,LONG,HARD_STOP,1,-250.0,-1257.0,8.0,125.0,7777,True,False,0.0,unclear,0.747465,0.267352,0.116672,-2.016608
W44,GOOD,12,122,2025-10-30 10:52:56,2025-10-30 10:57:50,LONG,REVERSAL,1,99.0,488.0,49.5,101.0,7044,False,True,0.0,unclear,0.830128,0.323607,0.072473,-2.319056
W44,GOOD,12,123,2025-10-30 10:57:50,2025-10-30 11:02:42,SHORT,HARD_STOP,1,-250.0,-1257.0,17.0,125.0,6374,True,False,1.0,chop,0.279237,0.103286,0.082318,1.208042
W44,GOOD,12,124,2025-10-30 11:06:31,2025-10-30 11:09:06,LONG,REVERSAL,0,101.0,501.5,101.0,19.0,2253,False,True,1.0,chop,0.385288,0.088983,0.022402,-1.177448
W44,GOOD,12,125,2025-10-30 11:09:06,2025-10-30 11:33:44,SHORT,REVERSAL,0,100.0,496.5,100.0,81.0,15950,False,True,0.0,unclear,0.487071,0.161554,0.034026,1.747378
W44,GOOD,12,126,2025-10-30 11:33:44,2025-10-30 11:40:13,LONG,HARD_STOP,1,-250.0,-1257.0,36.0,125.0,6417,True,False,0.0,unclear,0.788345,0.2725,0.114198,-2.282343
W44,GOOD,12,127,2025-10-30 11:41:14,2025-10-30 11:44:55,LONG,REVERSAL,0,100.0,496.5,100.0,7.0,4400,False,True,0.0,unclear,0.811227,0.237968,0.133397,-2.036713
W44,GOOD,12,128,2025-10-30 11:44:55,2025-10-30 11:47:23,SHORT,REVERSAL,0,100.0,496.5,100.0,46.0,3146,False,True,1.0,chop,0.120125,0.083732,0.086366,0.632867
W44,GOOD,12,129,2025-10-30 11:47:23,2025-10-30 11:55:19,LONG,REVERSAL,0,100.0,496.5,100.0,36.0,7521,False,True,0.0,unclear,0.904174,0.378238,0.102757,-2.725524
W44,GOOD,12,130,2025-10-30 11:55:19,2025-10-30 12:06:12,SHORT,HARD_STOP,1,-251.0,-1262.0,56.0,125.5,9254,True,False,0.0,unclear,0.594146,0.112,0.056992,1.200175
W44,GOOD,12,131,2025-10-30 12:09:33,2025-10-30 12:33:41,SHORT,REVERSAL,1,100.0,493.0,50.0,100.0,20555,False,True,0.0,unclear,0.628012,0.225714,0.033655,1.697552
W44,GOOD,12,132,2025-10-30 12:33:41,2025-10-30 13:05:48,LONG,HARD_STOP,1,-250.0,-1257.0,71.0,125.0,22306,True,False,1.0,chop,0.355447,0.083095,0.049574,-0.471154
W44,GOOD,12,133,2025-10-30 13:08:18,2025-10-30 13:11:15,SHORT,REVERSAL,0,100.0,496.5,100.0,7.0,1542,False,True,0.0,unclear,0.533185,0.137845,0.011751,1.667832
W44,GOOD,12,134,2025-10-30 13:11:15,2025-10-30 13:22:54,LONG,REVERSAL,0,100.0,496.5,100.0,39.0,7839,False,True,1.0,chop,0.103541,0.015957,0.007676,-0.673951
W44,GOOD,12,135,2025-10-30 13:22:54,2025-10-30 13:35:54,SHORT,REVERSAL,1,100.0,493.0,50.0,111.0,9147,False,True,0.0,unclear,0.401951,0.155,0.089024,1.336538
W44,GOOD,12,136,2025-10-30 13:35:54,2025-10-30 13:46:53,LONG,REVERSAL,0,100.0,496.5,100.0,21.0,5062,False,True,1.0,chop,0.177752,0.092838,0.009709,-0.509615
W44,GOOD,12,137,2025-10-30 13:46:53,2025-10-30 14:06:52,SHORT,REVERSAL,0,100.0,496.5,100.0,67.0,10387,False,True,0.0,unclear,0.927862,0.287834,0.086035,2.416958
W44,GOOD,12,138,2025-10-30 14:06:52,2025-10-30 14:16:26,LONG,HARD_STOP,1,-250.0,-1257.0,26.0,125.0,7276,True,False,0.0,unclear,0.823344,0.261838,0.134579,-2.053322
W44,GOOD,12,139,2025-10-30 14:20:23,2025-10-30 14:21:31,SHORT,REVERSAL,0,102.0,506.5,102.0,6.0,1052,False,True,0.0,unclear,0.461423,0.234921,0.023474,1.11014
W44,GOOD,12,140,2025-10-30 14:21:31,2025-10-30 14:30:10,LONG,REVERSAL,0,100.0,496.5,100.0,14.0,4806,False,True,0.0,unclear,0.450996,0.230088,0.048673,-1.370629
W44,GOOD,12,141,2025-10-30 14:30:10,2025-10-30 14:37:58,SHORT,REVERSAL,0,100.0,496.5,100.0,45.0,5126,False,True,0.0,unclear,0.525696,0.256997,0.071143,1.534091
W44,GOOD,12,142,2025-10-30 14:37:58,2025-10-30 14:48:04,LONG,REVERSAL,0,100.0,496.5,100.0,47.0,6884,False,True,0.0,unclear,0.452232,0.097015,0.078889,-1.29021
W44,GOOD,12,143,2025-10-30 14:48:04,2025-10-30 14:57:32,SHORT,REVERSAL,0,100.0,496.5,100.0,16.0,5887,False,True,0.0,unclear,0.707595,0.337047,0.090087,2.350524
W44,GOOD,12,144,2025-10-30 14:57:32,2025-10-30 15:16:03,LONG,HARD_STOP,1,-250.0,-1257.0,27.0,125.0,12762,True,False,1.0,chop,0.346135,0.127027,0.029779,-1.430944
W44,GOOD,12,145,2025-10-30 15:17:25,2025-10-30 15:19:03,LONG,REVERSAL,0,100.0,496.5,100.0,0.0,1889,False,True,0.0,unclear,0.776486,0.396774,0.199296,-1.868881
W44,GOOD,12,146,2025-10-30 15:19:03,2025-10-30 15:21:14,SHORT,REVERSAL,0,101.0,501.5,101.0,4.0,1758,False,True,1.0,chop,0.379414,0.114379,0.023607,1.255245
W44,GOOD,12,147,2025-10-30 15:21:14,2025-10-30 15:25:30,LONG,REVERSAL,1,100.0,493.0,50.0,100.0,6113,False,True,0.0,unclear,0.450571,0.152738,0.002527,-1.66521
W44,GOOD,12,148,2025-10-30 15:25:30,2025-10-30 15:38:44,SHORT,REVERSAL,1,102.0,503.0,51.0,124.0,11027,False,True,0.0,unclear,0.807193,0.205882,0.097167,2.118881
W44,GOOD,12,149,2025-10-30 15:38:44,2025-10-30 15:48:59,LONG,REVERSAL,1,100.0,493.0,51.0,100.0,8788,False,True,0.0,unclear,0.842639,0.179567,0.018519,-1.701923
W44,GOOD,12,150,2025-10-30 15:48:59,2025-10-30 15:49:50,SHORT,EOD_FLATTEN,0,-10.0,-53.5,21.0,41.0,981,False,False,0.0,unclear,0.532559,0.122563,0.033993,1.603147
W44,GOOD,12,151,2025-10-31 09:30:58,2025-10-31 09:41:35,LONG,HARD_STOP,1,-250.0,-1257.0,55.0,125.0,21981,True,False,0.0,unclear,0.496971,0.188272,0.121003,-1.019231
W44,GOOD,12,152,2025-10-31 09:43:01,2025-10-31 09:47:04,LONG,REVERSAL,1,100.0,493.0,69.0,100.0,11497,False,True,0.0,unclear,0.604137,0.177143,0.141317,-1.271853
W44,GOOD,12,153,2025-10-31 09:47:04,2025-10-31 09:54:26,SHORT,REVERSAL,0,100.0,496.5,100.0,61.0,12200,False,True,0.0,unclear,0.877791,0.246835,0.012477,2.041084
W44,GOOD,12,154,2025-10-31 09:54:26,2025-10-31 09:55:27,LONG,REVERSAL,0,100.0,496.5,100.0,17.0,2233,False,True,0.0,unclear,0.411109,0.3,0.067273,-1.923951
W44,GOOD,12,155,2025-10-31 09:55:27,2025-10-31 09:57:05,SHORT,REVERSAL,0,100.0,496.5,100.0,13.0,2044,False,True,0.0,unclear,0.466772,0.074742,0.036814,1.658217
W44,GOOD,12,156,2025-10-31 09:57:05,2025-10-31 10:06:03,LONG,REVERSAL,1,100.0,493.0,87.0,100.0,16433,False,True,1.0,chop,0.227186,0.213368,0.047673,-0.969406
W44,GOOD,12,157,2025-10-31 10:06:03,2025-10-31 10:11:15,SHORT,REVERSAL,1,102.0,503.0,51.0,100.0,6512,False,True,0.0,unclear,0.881208,0.328947,0.03436,2.222028
W44,GOOD,12,158,2025-10-31 10:11:15,2025-10-31 10:23:25,LONG,REVERSAL,1,100.0,493.0,99.0,100.0,15074,False,True,1.0,chop,0.242489,0.213152,0.041849,-0.990385
W44,GOOD,12,159,2025-10-31 10:23:25,2025-10-31 10:36:18,SHORT,HARD_STOP,1,-250.0,-1257.0,7.0,125.0,12386,True,False,0.0,unclear,0.630609,0.203857,0.020768,1.716783
W44,GOOD,12,160,2025-10-31 10:41:33,2025-10-31 11:22:48,SHORT,REVERSAL,1,102.0,503.0,51.0,100.0,34292,False,True,0.0,unclear,0.60432,0.129032,0.076646,0.883741
W44,GOOD,12,161,2025-10-31 11:22:48,2025-10-31 11:37:26,LONG,HARD_STOP,1,-250.0,-1257.0,38.0,125.0,12191,True,False,0.0,unclear,0.89404,0.235669,0.049283,-2.121503
W44,GOOD,12,162,2025-10-31 11:39:20,2025-10-31 11:44:57,LONG,REVERSAL,0,100.0,496.5,100.0,74.0,9234,False,True,0.0,unclear,0.678914,0.277154,0.116672,-1.258741
W44,GOOD,12,163,2025-10-31 11:44:57,2025-10-31 11:46:21,SHORT,REVERSAL,1,104.0,513.0,59.0,114.0,5060,False,True,0.0,unclear,0.78746,0.293307,0.197121,2.638986
W44,GOOD,12,164,2025-10-31 11:46:21,2025-10-31 11:48:33,LONG,HARD_STOP,1,-254.0,-1277.0,38.0,127.0,3778,True,False,1.0,chop,0.321147,0.212928,0.079524,-1.13986
W44,GOOD,12,165,2025-10-31 11:50:09,2025-10-31 11:50:18,LONG,REVERSAL,0,100.0,496.5,100.0,9.0,559,False,True,1.0,chop,0.136905,0.002481,0.038268,-0.590035
W44,GOOD,12,166,2025-10-31 11:50:18,2025-10-31 11:56:00,SHORT,REVERSAL,0,100.0,496.5,100.0,77.0,5962,False,True,1.0,chop,0.02964,0.065268,0.026229,-0.30507
W44,GOOD,12,167,2025-10-31 11:56:00,2025-10-31 12:03:47,LONG,HARD_STOP,1,-250.0,-1257.0,55.0,125.0,10209,True,False,0.0,unclear,0.929797,0.384615,0.130988,-3.77972
W44,GOOD,12,168,2025-10-31 12:04:16,2025-10-31 12:09:49,SHORT,REVERSAL,0,100.0,496.5,100.0,59.0,5566,False,True,1.0,chop,0.033937,0.092243,0.014944,0.374126
W44,GOOD,12,169,2025-10-31 12:09:49,2025-10-31 12:19:17,LONG,HARD_STOP,1,-250.0,-1257.0,40.0,125.0,11652,True,False,0.0,unclear,0.703935,0.199095,0.069325,-2.984266
W44,GOOD,12,170,2025-10-31 12:21:40,2025-10-31 12:32:01,SHORT,HARD_STOP,1,-250.0,-1257.0,72.0,125.0,11440,True,False,0.0,unclear,0.540966,0.183784,0.037959,1.487762
W44,GOOD,12,171,2025-10-31 12:38:16,2025-10-31 12:46:08,LONG,HARD_STOP,1,-250.0,-1257.0,78.0,125.0,7875,True,False,1.0,chop,0.156792,0.032581,0.045831,-0.597902
W44,GOOD,12,172,2025-10-31 12:46:42,2025-10-31 12:51:40,SHORT,REVERSAL,0,100.0,496.5,100.0,47.0,3974,False,True,1.0,chop,0.097731,0.05679,0.006246,-0.661713
W44,GOOD,12,173,2025-10-31 12:51:40,2025-10-31 13:04:23,LONG,HARD_STOP,1,-250.0,-1257.0,48.0,125.0,13764,True,False,0.0,unclear,0.756604,0.3026,0.041312,-2.972902
W44,GOOD,12,174,2025-10-31 13:06:40,2025-10-31 13:07:42,LONG,REVERSAL,0,100.0,496.5,100.0,0.0,1470,False,True,0.0,unclear,0.531005,0.069638,0.016079,-0.954545
W44,GOOD,12,175,2025-10-31 13:07:42,2025-10-31 13:14:06,SHORT,REVERSAL,0,100.0,496.5,100.0,80.0,7433,False,True,1.0,chop,0.33092,0.067751,0.051546,1.124126
W44,GOOD,12,176,2025-10-31 13:14:06,2025-10-31 13:30:46,LONG,REVERSAL,0,100.0,496.5,100.0,52.0,18458,False,True,1.0,chop,0.202377,0.114713,0.009209,-0.545455
W44,GOOD,12,177,2025-10-31 13:30:46,2025-10-31 13:36:46,SHORT,REVERSAL,0,100.0,496.5,100.0,89.0,7825,False,True,1.0,chop,0.293169,0.142857,0.024137,1.317308
W44,GOOD,12,178,2025-10-31 13:36:46,2025-10-31 13:43:35,LONG,REVERSAL,0,102.0,506.5,102.0,68.0,6702,False,True,1.0,chop,0.283791,0.227513,0.067664,-1.256119
W44,GOOD,12,179,2025-10-31 13:43:35,2025-10-31 13:51:04,SHORT,HARD_STOP,1,-250.0,-1257.0,7.0,125.0,8258,True,False,0.0,unclear,0.68147,0.175258,0.032382,1.706294
W44,GOOD,12,180,2025-10-31 13:55:12,2025-10-31 14:02:55,LONG,REVERSAL,0,100.0,496.5,100.0,55.0,6361,False,True,0.0,unclear,0.857513,0.278481,0.004139,-1.819056
W44,GOOD,12,181,2025-10-31 14:02:55,2025-10-31 14:56:15,SHORT,REVERSAL,1,100.0,493.0,63.0,108.0,35291,False,True,0.0,unclear,0.958336,0.329609,0.081509,2.63549
W44,GOOD,12,182,2025-10-31 14:56:15,2025-10-31 14:58:11,LONG,REVERSAL,0,100.0,496.5,100.0,39.0,2351,False,True,0.0,unclear,0.558018,0.1875,0.068037,-0.973776
W44,GOOD,12,183,2025-10-31 14:58:11,2025-10-31 15:20:17,SHORT,HARD_STOP,1,-250.0,-1257.0,37.0,125.0,16871,True,False,0.0,unclear,0.621335,0.179191,0.072682,2.191434
W44,GOOD,12,184,2025-10-31 15:27:01,2025-10-31 15:35:05,SHORT,HARD_STOP,1,-250.0,-1257.0,7.0,125.0,9095,True,False,0.0,unclear,0.459438,0.093878,0.022774,0.5
W44,GOOD,12,185,2025-10-31 15:36:30,2025-10-31 15:49:50,LONG,EOD_FLATTEN,1,-212.0,-1067.0,27.0,115.0,12403,False,False,0.0,unclear,0.626177,0.170635,0.066334,-1.564685
W40,GOOD,12,0,2025-09-29 09:31:23,2025-09-29 09:43:21,SHORT,HARD_STOP,1,-250.0,-1257.0,50.0,125.0,21972,True,False,1.0,chop,0.031017,0.01227,0.015801,0.23951
W40,GOOD,12,1,2025-09-29 09:45:03,2025-09-29 09:52:26,SHORT,REVERSAL,1,100.0,493.0,50.0,100.0,15688,False,True,0.0,unclear,0.912952,0.367769,0.175329,1.826923
W40,GOOD,12,2,2025-09-29 09:52:26,2025-09-29 09:54:00,LONG,REVERSAL,0,100.0,496.5,100.0,7.0,2443,False,True,0.0,unclear,0.82142,0.292254,0.153226,-1.768357
W40,GOOD,12,3,2025-09-29 09:54:00,2025-09-29 10:03:51,SHORT,REVERSAL,0,100.0,496.5,100.0,44.0,16010,False,True,0.0,unclear,0.927134,0.342193,0.053604,2.542832
W40,GOOD,12,4,2025-09-29 10:03:51,2025-09-29 10:07:47,LONG,REVERSAL,0,100.0,496.5,100.0,13.0,5751,False,True,0.0,unclear,0.684345,0.241935,0.141732,-1.215909
W40,GOOD,12,5,2025-09-29 10:07:47,2025-09-29 10:13:02,SHORT,REVERSAL,1,100.0,493.0,50.0,100.0,8795,False,True,0.0,unclear,0.864223,0.265873,0.096287,1.298951
W40,GOOD,12,6,2025-09-29 10:13:02,2025-09-29 10:22:14,LONG,REVERSAL,1,99.0,488.0,53.0,101.0,11196,False,True,0.0,unclear,0.412201,0.226027,0.1139,-0.948427
W40,GOOD,12,7,2025-09-29 10:22:14,2025-09-29 10:57:23,SHORT,REVERSAL,0,100.0,496.5,100.0,85.0,29448,False,True,2.0,trend,0.921435,0.442231,0.10751,2.222028
W40,GOOD,12,8,2025-09-29 10:57:23,2025-09-29 11:15:39,LONG,HARD_STOP,1,-250.0,-1257.0,79.0,125.0,19321,True,False,0.0,unclear,0.746342,0.271028,0.075342,-1.046329
W40,GOOD,12,9,2025-09-29 11:17:58,2025-09-29 11:22:24,LONG,REVERSAL,0,100.0,496.5,100.0,10.0,6790,False,True,0.0,unclear,0.856885,0.340996,0.15667,-2.042832
W40,GOOD,12,10,2025-09-29 11:22:24,2025-09-29 11:27:45,SHORT,REVERSAL,0,100.0,496.5,100.0,20.0,6660,False,True,0.0,unclear,0.757865,0.229927,0.045056,1.408217
W40,GOOD,12,11,2025-09-29 11:27:45,2025-09-29 11:40:09,LONG,REVERSAL,1,100.0,493.0,50.0,100.0,15899,False,True,1.0,chop,0.337069,0.151292,0.071186,-0.552448
W40,GOOD,12,12,2025-09-29 11:40:09,2025-09-29 11:50:29,SHORT,REVERSAL,0,100.0,496.5,100.0,17.0,9836,False,True,0.0,unclear,0.464656,0.130584,0.005226,0.678322
W40,GOOD,12,13,2025-09-29 11:50:29,2025-09-29 12:14:37,LONG,REVERSAL,0,100.0,496.5,100.0,57.0,22797,False,True,0.0,unclear,0.767521,0.393519,0.194428,-1.306818
W40,GOOD,12,14,2025-09-29 12:14:37,2025-09-29 12:17:30,SHORT,REVERSAL,0,100.0,496.5,100.0,11.0,3244,False,True,0.0,unclear,0.465488,0.15261,0.088836,0.865385
W40,GOOD,12,15,2025-09-29 12:17:30,2025-09-29 12:42:12,LONG,REVERSAL,0,100.0,496.5,100.0,56.0,14223,False,True,0.0,unclear,0.885622,0.388186,0.133293,-2.393357
W40,GOOD,12,16,2025-09-29 12:42:12,2025-09-29 12:44:48,SHORT,REVERSAL,0,101.0,501.5,101.0,4.0,2157,False,True,1.0,chop,0.388791,0.117409,0.031925,0.795455
W40,GOOD,12,17,2025-09-29 12:44:48,2025-09-29 13:26:45,LONG,REVERSAL,1,100.0,493.0,50.0,107.0,30108,False,True,0.0,unclear,0.895291,0.316514,0.043154,-2.263112
W40,GOOD,12,18,2025-09-29 13:26:45,2025-09-29 14:40:25,SHORT,REVERSAL,1,100.0,493.0,98.0,100.0,38654,False,True,0.0,unclear,0.869222,0.232653,0.03023,1.11014
W40,GOOD,12,19,2025-09-29 14:40:25,2025-09-29 15:15:22,LONG,HARD_STOP,1,-250.0,-1257.0,51.0,125.0,22081,True,False,0.0,unclear,0.471281,0.140845,0.113622,-0.958042
W40,GOOD,12,20,2025-09-29 15:19:43,2025-09-29 15:49:50,SHORT,EOD_FLATTEN,1,-146.0,-737.0,21.0,100.0,23451,False,False,0.0,unclear,0.637785,0.265625,0.079101,1.297203
W40,GOOD,12,21,2025-09-30 09:30:36,2025-09-30 09:34:29,LONG,HARD_STOP,1,-250.0,-1257.0,45.0,125.0,8120,True,False,1.0,chop,0.169316,0.208459,0.094486,-0.879371
W40,GOOD,12,22,2025-09-30 09:36:30,2025-09-30 09:37:20,SHORT,REVERSAL,0,100.0,496.5,100.0,11.0,1356,False,True,0.0,unclear,0.443108,0.186301,0.04798,1.103147
W40,GOOD,12,23,2025-09-30 09:37:20,2025-09-30 09:44:12,LONG,REVERSAL,0,100.0,496.5,100.0,62.0,11681,False,True,1.0,chop,0.231227,0.107239,0.059673,-1.009615
W40,GOOD,12,24,2025-09-30 09:44:12,2025-09-30 09:52:03,SHORT,REVERSAL,0,100.0,496.5,100.0,97.0,12790,False,True,0.0,unclear,0.722252,0.228412,0.074505,2.118007
W40,GOOD,12,25,2025-09-30 09:52:03,2025-09-30 09:56:25,LONG,REVERSAL,1,100.0,493.0,64.0,100.0,8824,False,True,0.0,unclear,0.656986,0.13012,0.028807,-1.430944
W40,GOOD,12,26,2025-09-30 09:56:25,2025-09-30 10:02:10,SHORT,HARD_STOP,1,-250.0,-1257.0,37.0,125.0,8417,True,False,0.0,unclear,0.793179,0.36,0.079365,2.457168
W40,GOOD,12,27,2025-09-30 10:05:08,2025-09-30 10:17:02,LONG,REVERSAL,1,100.0,493.0,50.0,113.0,16579,False,True,0.0,unclear,0.665567,0.261017,0.077962,-1.606643
W40,GOOD,12,28,2025-09-30 10:17:02,2025-09-30 10:26:11,SHORT,REVERSAL,0,100.0,496.5,100.0,45.0,9230,False,True,0.0,unclear,0.563262,0.162228,0.134658,1.530594
W40,GOOD,12,29,2025-09-30 10:26:11,2025-09-30 10:29:32,LONG,REVERSAL,0,100.0,496.5,100.0,7.0,3199,False,True,1.0,chop,0.362525,0.103797,0.141322,-0.857517
W40,GOOD,12,30,2025-09-30 10:29:32,2025-09-30 10:38:38,SHORT,REVERSAL,0,100.0,496.5,100.0,86.0,10501,False,True,0.0,unclear,0.419541,0.180412,0.083546,1.254371
W40,GOOD,12,31,2025-09-30 10:38:38,2025-09-30 10:42:00,LONG,REVERSAL,0,100.0,496.5,100.0,42.0,5184,False,True,0.0,unclear,0.914853,0.355263,0.179275,-2.403846
W40,GOOD,12,32,2025-09-30 10:42:00,2025-09-30 10:48:15,SHORT,HARD_STOP,1,-250.0,-1257.0,48.0,125.0,7987,True,False,0.0,unclear,0.919308,0.38125,0.121593,2.511364
W40,GOOD,12,33,2025-09-30 10:55:36,2025-09-30 11:16:35,SHORT,REVERSAL,0,100.0,496.5,100.0,80.0,24445,False,True,0.0,unclear,0.576609,0.18543,0.122681,1.242133
W40,GOOD,12,34,2025-09-30 11:16:35,2025-09-30 11:27:09,LONG,HARD_STOP,1,-250.0,-1257.0,30.0,125.0,14434,True,False,0.0,unclear,0.680216,0.320463,0.135524,-1.215909
W40,GOOD,12,35,2025-09-30 11:29:14,2025-09-30 11:35:24,SHORT,REVERSAL,1,100.0,493.0,50.0,100.0,6955,False,True,0.0,unclear,0.811702,0.188925,0.111525,1.027972
W40,GOOD,12,36,2025-09-30 11:35:24,2025-09-30 11:51:52,LONG,REVERSAL,0,100.0,496.5,100.0,76.0,14331,False,True,0.0,unclear,0.862163,0.395604,0.124029,-2.124126
W40,GOOD,12,37,2025-09-30 11:51:52,2025-09-30 12:08:40,SHORT,REVERSAL,0,100.0,496.5,100.0,62.0,13660,False,True,0.0,unclear,0.717509,0.245833,0.059844,1.030594
W40,GOOD,12,38,2025-09-30 12:08:40,2025-09-30 12:19:01,LONG,REVERSAL,0,100.0,496.5,100.0,3.0,5931,False,True,0.0,unclear,0.346658,0.163842,0.202237,-1.512238
W40,GOOD,12,39,2025-09-30 12:19:01,2025-09-30 12:26:57,SHORT,REVERSAL,1,100.0,493.0,50.0,103.0,8539,False,True,0.0,unclear,0.484364,0.195584,0.036749,1.008741
W40,GOOD,12,40,2025-09-30 12:26:57,2025-09-30 13:11:16,LONG,HARD_STOP,1,-250.0,-1257.0,75.0,125.0,22354,True,False,0.0,unclear,0.920825,0.324627,0.105247,-1.899476
W40,GOOD,12,41,2025-09-30 13:21:16,2025-09-30 13:49:51,LONG,REVERSAL,0,100.0,496.5,100.0,78.0,19983,False,True,0.0,unclear,0.734063,0.198738,0.003369,-1.484266
W40,GOOD,12,42,2025-09-30 13:49:51,2025-09-30 14:15:16,SHORT,HARD_STOP,1,-250.0,-1257.0,57.0,125.0,18558,True,False,0.0,unclear,0.871215,0.300469,0.077563,1.157343
W40,GOOD,12,43,2025-09-30 14:18:26,2025-09-30 14:26:12,LONG,REVERSAL,0,100.0,496.5,100.0,7.0,5083,False,True,0.0,unclear,0.733362,0.273148,0.048352,-1.109266
W40,GOOD,12,44,2025-09-30 14:26:12,2025-09-30 15:31:19,SHORT,HARD_STOP,1,-250.0,-1257.0,52.0,125.0,40940,True,False,1.0,chop,0.271597,0.103321,0.079177,0.821678
W40,GOOD,12,45,2025-09-30 15:40:08,2025-09-30 15:49:47,LONG,REVERSAL,0,100.0,496.5,100.0,68.0,10017,False,True,0.0,unclear,0.578963,0.206107,0.038534,-1.016608
W40,GOOD,12,46,2025-09-30 15:49:47,2025-09-30 15:49:50,SHORT,EOD_FLATTEN,0,1.0,1.5,3.0,2.0,47,False,True,0.0,unclear,0.97394,0.372294,0.062327,2.141608
W40,GOOD,12,47,2025-10-01 09:31:01,2025-10-01 09:31:18,LONG,REVERSAL,0,100.0,496.5,100.0,1.0,1002,False,True,1.0,chop,0.147281,0.018919,0.098248,0.300699
W40,GOOD,12,48,2025-10-01 09:31:18,2025-10-01 09:32:51,SHORT,HARD_STOP,1,-250.0,-1257.0,4.0,125.0,5448,True,False,0.0,unclear,0.72841,0.273713,0.007571,1.72465
W40,GOOD,12,49,2025-10-01 09:34:05,2025-10-01 09:35:12,SHORT,REVERSAL,0,100.0,496.5,100.0,8.0,2601,False,True,0.0,unclear,0.738784,0.180428,0.000628,1.486888
W40,GOOD,12,50,2025-10-01 09:35:12,2025-10-01 09:36:23,LONG,REVERSAL,0,100.0,496.5,100.0,15.0,2374,False,True,0.0,unclear,0.855663,0.253776,0.05566,-2.361888
W40,GOOD,12,51,2025-10-01 09:36:23,2025-10-01 09:42:20,SHORT,REVERSAL,0,100.0,496.5,100.0,30.0,9135,False,True,0.0,unclear,0.792248,0.210059,0.014898,1.729021
W40,GOOD,12,52,2025-10-01 09:42:20,2025-10-01 09:45:03,LONG,REVERSAL,0,100.0,496.5,100.0,23.0,3575,False,True,0.0,unclear,0.749815,0.298817,0.099813,-1.70542
W40,GOOD,12,53,2025-10-01 09:45:03,2025-10-01 09:45:44,SHORT,REVERSAL,0,100.0,496.5,100.0,6.0,1027,False,True,0.0,unclear,0.695481,0.171123,0.088568,1.882867
W40,GOOD,12,54,2025-10-01 09:45:44,2025-10-01 09:49:02,LONG,HARD_STOP,1,-250.0,-1257.0,44.0,125.0,6296,True,False,1.0,chop,0.054582,0.065327,0.037457,-0.445804
W40,GOOD,12,55,2025-10-01 09:49:40,2025-10-01 09:53:47,LONG,REVERSAL,0,100.0,496.5,100.0,81.0,9472,False,True,0.0,unclear,0.739164,0.347458,0.05508,-2.054196
W40,GOOD,12,56,2025-10-01 09:53:47,2025-10-01 09:59:31,SHORT,REVERSAL,1,100.0,493.0,50.0,124.0,9159,False,True,1.0,chop,0.046161,0.117925,0.034329,0.379371
W40,GOOD,12,57,2025-10-01 09:59:31,2025-10-01 10:01:09,LONG,REVERSAL,0,100.0,496.5,100.0,85.0,3364,False,True,0.0,unclear,0.842372,0.24,0.18043,-2.352273
W40,GOOD,12,58,2025-10-01 10:01:09,2025-10-01 10:08:44,SHORT,REVERSAL,1,100.0,493.0,50.0,100.0,9611,False,True,0.0,unclear,0.67999,0.11822,0.083589,2.744755
W40,GOOD,12,59,2025-10-01 10:08:44,2025-10-01 10:10:05,LONG,REVERSAL,0,100.0,496.5,100.0,6.0,1542,False,True,1.0,chop,0.320023,0.045685,0.07486,-0.791084
W40,GOOD,12,60,2025-10-01 10:10:05,2025-10-01 10:20:48,SHORT,HARD_STOP,1,-250.0,-1257.0,44.0,125.0,11480,True,False,0.0,unclear,0.625515,0.08642,0.011132,1.405594
W40,GOOD,12,61,2025-10-01 10:25:56,2025-10-01 10:40:36,SHORT,REVERSAL,1,100.0,493.0,50.0,100.0,17392,False,True,0.0,unclear,0.73967,0.229167,0.018692,1.380245
W40,GOOD,12,62,2025-10-01 10:40:36,2025-10-01 11:00:50,LONG,REVERSAL,0,100.0,496.5,100.0,22.0,17138,False,True,0.0,unclear,0.810328,0.253112,0.139557,-1.524476
W40,GOOD,12,63,2025-10-01 11:00:50,2025-10-01 11:12:39,SHORT,REVERSAL,0,100.0,496.5,100.0,48.0,11751,False,True,0.0,unclear,0.475957,0.169492,0.110575,0.927448
W40,GOOD,12,64,2025-10-01 11:12:39,2025-10-01 11:32:33,LONG,REVERSAL,0,100.0,496.5,100.0,34.0,14598,False,True,2.0,trend,0.906741,0.468354,0.120024,-2.145105
W40,GOOD,12,65,2025-10-01 11:32:33,2025-10-01 12:34:52,SHORT,HARD_STOP,1,-250.0,-1257.0,36.0,125.0,36105,True,False,0.0,unclear,0.712618,0.175573,0.001238,1.466783
W40,GOOD,12,66,2025-10-01 12:59:06,2025-10-01 14:00:23,SHORT,HARD_STOP,1,-250.0,-1257.0,14.0,125.0,35257,True,False,0.0,unclear,0.661706,0.228571,0.092727,1.180944
W40,GOOD,12,67,2025-10-01 14:02:55,2025-10-01 14:09:37,LONG,REVERSAL,0,100.0,496.5,100.0,50.0,5847,False,True,2.0,trend,0.903405,0.404762,0.124002,-2.04021
W40,GOOD,12,68,2025-10-01 14:09:37,2025-10-01 15:22:32,SHORT,REVERSAL,1,100.0,493.0,50.0,100.0,36079,False,True,0.0,unclear,0.791094,0.179894,0.111884,0.842657
W40,GOOD,12,69,2025-10-01 15:22:32,2025-10-01 15:34:28,LONG,REVERSAL,0,100.0,496.5,100.0,9.0,6317,False,True,0.0,unclear,0.909577,0.350962,0.067729,-1.491259
W40,GOOD,12,70,2025-10-01 15:34:28,2025-10-01 15:43:44,SHORT,REVERSAL,0,100.0,496.5,100.0,1.0,6281,False,True,0.0,unclear,0.694681,0.176471,0.07612,0.888986
W40,GOOD,12,71,2025-10-01 15:43:44,2025-10-01 15:49:50,LONG,EOD_FLATTEN,0,44.0,216.5,64.0,38.0,5346,False,True,0.0,unclear,0.679598,0.178423,0.030832,-1.339161
W40,GOOD,12,72,2025-10-02 09:30:26,2025-10-02 09:37:39,LONG,HARD_STOP,1,-250.0,-1257.0,42.0,125.0,17561,True,False,0.0,unclear,0.78029,0.394366,0.122293,-1.567308
W40,GOOD,12,73,2025-10-02 09:39:52,2025-10-02 09:49:30,LONG,HARD_STOP,1,-250.0,-1257.0,31.0,125.0,21641,True,False,1.0,chop,0.237026,0.244253,0.125628,-0.766608
W40,GOOD,12,74,2025-10-02 09:51:13,2025-10-02 09:52:15,SHORT,REVERSAL,0,100.0,496.5,100.0,18.0,2095,False,True,0.0,unclear,0.657486,0.226667,0.013405,1.783217
W40,GOOD,12,75,2025-10-02 09:52:15,2025-10-02 09:53:26,LONG,REVERSAL,0,100.0,496.5,100.0,24.0,2489,False,True,0.0,unclear,0.513534,0.108527,0.017791,-1.744755
W40,GOOD,12,76,2025-10-02 09:53:26,2025-10-02 09:57:09,SHORT,REVERSAL,0,100.0,496.5,100.0,56.0,6497,False,True,0.0,unclear,0.761498,0.226629,0.066024,2.100524
W40,GOOD,12,77,2025-10-02 09:57:09,2025-10-02 09:58:33,LONG,REVERSAL,0,100.0,496.5,100.0,2.0,1975,False,True,0.0,unclear,0.634344,0.243697,0.114348,-1.45542
W40,GOOD,12,78,2025-10-02 09:58:33,2025-10-02 10:11:51,SHORT,REVERSAL,1,100.0,493.0,50.0,100.0,20259,False,True,0.0,unclear,0.683669,0.191977,0.011799,1.702797
W40,GOOD,12,79,2025-10-02 10:11:51,2025-10-02 10:16:25,LONG,REVERSAL,0,100.0,496.5,100.0,17.0,4773,False,True,0.0,unclear,0.913516,0.317003,0.158698,-2.736888
W40,GOOD,12,80,2025-10-02 10:16:25,2025-10-02 10:46:17,SHORT,REVERSAL,0,100.0,496.5,100.0,86.0,32646,False,True,1.0,chop,0.07094,0.046798,0.004408,0.358392
W40,GOOD,12,81,2025-10-02 10:46:17,2025-10-02 11:04:12,LONG,HARD_STOP,1,-250.0,-1257.0,47.0,125.0,22644,True,False,0.0,unclear,0.624977,0.184127,0.147692,-1.36451
W40,GOOD,12,82,2025-10-02 11:06:51,2025-10-02 11:37:15,SHORT,REVERSAL,1,100.0,493.0,50.0,100.0,27904,False,True,0.0,unclear,0.900591,0.26129,0.160593,1.589161
W40,GOOD,12,83,2025-10-02 11:37:15,2025-10-02 11:50:42,LONG,REVERSAL,0,100.0,496.5,100.0,72.0,13932,False,True,0.0,unclear,0.632537,0.268657,0.110006,-1.465909
W40,GOOD,12,84,2025-10-02 11:50:42,2025-10-02 12:05:25,SHORT,REVERSAL,1,100.0,493.0,50.0,104.0,15741,False,True,2.0,trend,0.88792,0.405622,0.107587,2.105769
W40,GOOD,12,85,2025-10-02 12:05:25,2025-10-02 12:23:50,LONG,REVERSAL,0,100.0,496.5,100.0,9.0,11093,False,True,2.0,trend,0.858772,0.44898,0.110765,-2.763986
W40,GOOD,12,86,2025-10-02 12:23:50,2025-10-02 12:41:28,SHORT,REVERSAL,0,100.0,496.5,100.0,9.0,8478,False,True,1.0,chop,0.301099,0.115672,0.023213,0.843531
W40,GOOD,12,87,2025-10-02 12:41:28,2025-10-02 12:52:41,LONG,REVERSAL,0,100.0,496.5,100.0,39.0,6861,False,True,0.0,unclear,0.508264,0.227941,0.114953,-1.256993
W40,GOOD,12,88,2025-10-02 12:52:41,2025-10-02 13:42:36,SHORT,HARD_STOP,1,-250.0,-1257.0,37.0,125.0,24117,True,False,0.0,unclear,0.86903,0.251163,0.053361,1.741259
W40,GOOD,12,89,2025-10-02 13:47:09,2025-10-02 14:25:39,LONG,REVERSAL,0,100.0,496.5,100.0,35.0,17399,False,True,0.0,unclear,0.817037,0.248869,0.065924,-1.328671
W40,GOOD,12,90,2025-10-02 14:25:39,2025-10-02 15:49:50,SHORT,EOD_FLATTEN,0,-12.0,-63.5,62.0,54.0,35369,False,False,0.0,unclear,0.5568,0.152047,0.001821,0.534965
W40,GOOD,12,91,2025-10-03 09:30:53,2025-10-03 09:31:31,LONG,REVERSAL,0,100.0,496.5,100.0,1.0,1718,False,True,0.0,unclear,0.602661,0.247191,0.067387,-1.542832
W40,GOOD,12,92,2025-10-03 09:31:31,2025-10-03 09:41:39,SHORT,REVERSAL,0,100.0,496.5,100.0,78.0,17403,False,True,1.0,chop,0.324538,0.162722,0.028571,1.25
W40,GOOD,12,93,2025-10-03 09:41:39,2025-10-03 09:46:39,LONG,REVERSAL,0,100.0,496.5,100.0,30.0,6218,False,True,2.0,trend,0.749969,0.341333,0.250655,-2.34965
W40,GOOD,12,94,2025-10-03 09:46:39,2025-10-03 09:55:53,SHORT,REVERSAL,0,100.0,496.5,100.0,88.0,11192,False,True,0.0,unclear,0.76922,0.155689,0.081765,1.122378
W40,GOOD,12,95,2025-10-03 09:55:53,2025-10-03 10:00:08,LONG,HARD_STOP,1,-250.0,-1257.0,35.0,125.0,6466,True,False,2.0,trend,0.90279,0.363354,0.238541,-2.125
W40,GOOD,12,96,2025-10-03 10:01:18,2025-10-03 10:16:50,LONG,REVERSAL,0,100.0,496.5,100.0,99.0,23274,False,True,0.0,unclear,0.772584,0.198492,0.031163,-1.76486
W40,GOOD,12,97,2025-10-03 10:16:50,2025-10-03 10:19:37,SHORT,REVERSAL,0,100.0,496.5,100.0,0.0,3162,False,True,0.0,unclear,0.819005,0.241758,0.165019,1.590909
W40,GOOD,12,98,2025-10-03 10:19:37,2025-10-03 10:26:30,LONG,REVERSAL,0,100.0,496.5,100.0,66.0,8240,False,True,0.0,unclear,0.646358,0.132686,0.144469,-1.298951
W40,GOOD,12,99,2025-10-03 10:26:30,2025-10-03 10:49:15,SHORT,REVERSAL,1,100.0,493.0,95.0,100.0,23628,False,True,0.0,unclear,0.899518,0.338583,0.177007,2.402098
W40,GOOD,12,100,2025-10-03 10:49:15,2025-10-03 11:14:07,LONG,REVERSAL,0,100.0,496.5,100.0,38.0,20073,False,True,0.0,unclear,0.660961,0.210356,0.082222,-1.319056
W40,GOOD,12,101,2025-10-03 11:14:07,2025-10-03 12:40:17,SHORT,REVERSAL,1,100.0,493.0,87.0,100.0,49855,False,True,0.0,unclear,0.824332,0.249042,0.039498,1.933566
W40,GOOD,12,102,2025-10-03 12:40:17,2025-10-03 13:02:32,LONG,HARD_STOP,1,-250.0,-1257.0,15.0,125.0,14751,True,False,0.0,unclear,0.866668,0.327103,0.126559,-1.500874
W40,GOOD,12,103,2025-10-03 13:03:05,2025-10-03 13:07:32,LONG,REVERSAL,1,99.0,488.0,49.5,101.0,12371,False,True,2.0,trend,0.950392,0.467181,0.155156,-2.752622
W40,GOOD,12,104,2025-10-03 13:07:32,2025-10-03 13:18:47,SHORT,REVERSAL,1,100.0,493.0,50.0,100.0,13524,False,True,0.0,unclear,0.891489,0.298462,0.102126,2.865385
W40,GOOD,12,105,2025-10-03 13:18:47,2025-10-03 13:33:25,LONG,REVERSAL,1,100.0,493.0,50.0,121.0,17322,False,True,1.0,chop,0.057492,0.082019,0.025297,-0.40035
W40,GOOD,12,106,2025-10-03 13:33:25,2025-10-03 13:37:21,SHORT,REVERSAL,0,100.0,496.5,100.0,8.0,3638,False,True,2.0,trend,0.942947,0.436567,0.098941,2.339161
W40,GOOD,12,107,2025-10-03 13:37:21,2025-10-03 13:46:45,LONG,HARD_STOP,1,-250.0,-1257.0,43.0,125.0,9674,True,False,0.0,unclear,0.479299,0.179941,0.075904,-0.861014
W40,GOOD,12,108,2025-10-03 13:50:28,2025-10-03 13:53:35,LONG,HARD_STOP,1,-250.0,-1257.0,25.0,125.0,6514,True,False,0.0,unclear,0.646228,0.176152,0.078679,-1.247378
W40,GOOD,12,109,2025-10-03 13:55:08,2025-10-03 14:04:14,SHORT,REVERSAL,1,100.0,493.0,50.0,100.0,14238,False,True,1.0,chop,0.102052,0.148438,0.055196,0.734266
W40,GOOD,12,110,2025-10-03 14:04:14,2025-10-03 14:11:17,LONG,REVERSAL,0,100.0,496.5,100.0,89.0,8405,False,True,0.0,unclear,0.718832,0.252427,0.053128,-2.375874
W40,GOOD,12,111,2025-10-03 14:11:17,2025-10-03 14:22:19,SHORT,HARD_STOP,1,-250.0,-1257.0,28.0,125.0,11965,True,False,0.0,unclear,0.676036,0.263039,0.117829,2.704545
W40,GOOD,12,112,2025-10-03 14:26:52,2025-10-03 14:32:55,SHORT,REVERSAL,0,100.0,496.5,100.0,49.0,6928,False,True,0.0,unclear,0.769082,0.250965,0.102893,1.247378
W40,GOOD,12,113,2025-10-03 14:32:55,2025-10-03 14:56:55,LONG,REVERSAL,1,100.0,493.0,56.0,100.0,18266,False,True,0.0,unclear,0.91251,0.371324,0.110227,-2.413462
W40,GOOD,12,114,2025-10-03 14:56:55,2025-10-03 15:49:50,SHORT,EOD_FLATTEN,0,-41.0,-208.5,50.0,91.0,27957,False,False,0.0,unclear,0.855399,0.236422,0.152306,1.530594
