week,category,lookback,cycle_id,seed_dt,exit_dt,direction,exit_type,depth,pnl_ticks,net_pnl,mfe_ticks,mae_ticks,bars_held,is_stop,is_win,regime,regime_label,r2,choppiness,vol_imbalance,slope
W39,WORST,8,0,2025-09-22 09:31:14,2025-09-22 10:02:33,SHORT,HARD_STOP,1,-250.0,-1257.0,71.0,125.0,50499,True,False,0.0,unclear,0.618082,0.283784,0.182495,1.404762
W39,WORST,8,1,2025-09-22 10:11:09,2025-09-22 10:21:39,LONG,REVERSAL,0,100.0,496.5,100.0,32.0,10791,False,True,2.0,trend,0.909389,0.5,0.273378,-2.116071
W39,WORST,8,2,2025-09-22 10:21:39,2025-09-22 11:00:45,SHORT,HARD_STOP,1,-250.0,-1257.0,20.0,125.0,35752,True,False,2.0,trend,0.880536,0.53125,0.369128,1.9375
W39,WORST,8,3,2025-09-22 11:11:37,2025-09-22 12:09:56,LONG,REVERSAL,0,100.0,496.5,100.0,62.0,42583,False,True,0.0,unclear,0.552717,0.301587,0.102457,-1.142857
W39,WORST,8,4,2025-09-22 12:09:56,2025-09-22 12:34:15,SHORT,HARD_STOP,1,-250.0,-1257.0,11.0,125.0,29416,True,False,2.0,trend,0.585741,0.258333,0.225022,0.842262
W39,WORST,8,5,2025-09-22 13:48:44,2025-09-22 15:38:05,SHORT,REVERSAL,1,100.0,493.0,62.0,100.0,59128,False,True,0.0,unclear,0.434596,0.171717,0.089512,0.616071
W39,WORST,8,6,2025-09-22 15:38:05,2025-09-22 15:49:50,LONG,EOD_FLATTEN,0,20.0,96.5,25.0,34.0,10853,False,True,0.0,unclear,0.804368,0.290698,0.039895,-0.916667
W39,WORST,8,7,2025-09-23 09:35:25,2025-09-23 09:55:08,LONG,HARD_STOP,1,-250.0,-1257.0,24.0,125.0,36410,True,False,0.0,unclear,0.497877,0.316129,0.163847,-1.098214
W39,WORST,8,8,2025-09-23 10:05:37,2025-09-23 11:42:32,SHORT,REVERSAL,0,100.0,496.5,100.0,83.0,96101,False,True,2.0,trend,0.772418,0.409938,0.162441,1.872024
W39,WORST,8,9,2025-09-23 11:42:32,2025-09-23 11:46:20,LONG,REVERSAL,0,100.0,496.5,100.0,0.0,3760,False,True,0.0,unclear,0.502664,0.116071,0.132791,-0.800595
W39,WORST,8,10,2025-09-23 11:46:20,2025-09-23 12:08:23,SHORT,REVERSAL,0,100.0,496.5,100.0,27.0,12476,False,True,0.0,unclear,0.677171,0.305785,0.145613,1.104167
W39,WORST,8,11,2025-09-23 12:08:23,2025-09-23 12:22:06,LONG,REVERSAL,0,100.0,496.5,100.0,58.0,13864,False,True,0.0,unclear,0.854554,0.316239,0.118767,-1.333333
W39,WORST,8,12,2025-09-23 12:22:06,2025-09-23 12:29:05,SHORT,REVERSAL,0,100.0,496.5,100.0,0.0,4559,False,True,0.0,unclear,0.810792,0.285714,0.121539,1.053571
W39,WORST,8,13,2025-09-23 12:29:05,2025-09-23 13:25:58,LONG,HARD_STOP,1,-250.0,-1257.0,90.0,125.0,49873,True,False,0.0,unclear,0.409213,0.225166,0.09897,-0.895833
W39,WORST,8,14,2025-09-23 13:28:33,2025-09-23 13:39:18,LONG,HARD_STOP,1,-250.0,-1257.0,46.0,125.0,20864,True,False,1.0,chop,0.325575,0.25,0.068917,-0.717262
W39,WORST,8,15,2025-09-23 13:41:04,2025-09-23 13:42:16,LONG,REVERSAL,1,100.0,493.0,50.0,100.0,5038,False,True,0.0,unclear,0.89077,0.362745,0.199283,-1.455357
W39,WORST,8,16,2025-09-23 13:42:16,2025-09-23 14:15:51,SHORT,REVERSAL,1,100.0,493.0,57.0,113.0,49199,False,True,2.0,trend,0.970941,0.606936,0.214487,3.598214
W39,WORST,8,17,2025-09-23 14:15:51,2025-09-23 14:32:41,LONG,REVERSAL,0,100.0,496.5,100.0,65.0,16395,False,True,1.0,chop,0.267107,0.01676,0.070093,-0.616071
W39,WORST,8,18,2025-09-23 14:32:41,2025-09-23 14:39:30,SHORT,REVERSAL,0,100.0,496.5,100.0,22.0,5786,False,True,0.0,unclear,0.731819,0.278107,0.088083,1.354167
W39,WORST,8,19,2025-09-23 14:39:30,2025-09-23 15:45:06,LONG,REVERSAL,0,100.0,496.5,100.0,86.0,52458,False,True,2.0,trend,0.911505,0.433121,0.125828,-2.467262
W39,WORST,8,20,2025-09-23 15:45:06,2025-09-23 15:49:50,SHORT,EOD_FLATTEN,0,12.0,56.5,42.0,32.0,4585,False,True,0.0,unclear,0.946677,0.271845,0.100457,1.095238
W39,WORST,8,21,2025-09-24 09:30:43,2025-09-24 09:33:32,LONG,HARD_STOP,1,-251.0,-1262.0,5.0,125.5,9305,True,False,2.0,trend,0.930734,0.423913,0.158439,-3.080357
W39,WORST,8,22,2025-09-24 09:35:35,2025-09-24 09:37:40,SHORT,REVERSAL,0,100.0,496.5,100.0,12.0,5168,False,True,1.0,chop,0.32786,0.173913,0.135669,1.083333
W39,WORST,8,23,2025-09-24 09:37:40,2025-09-24 09:51:57,LONG,HARD_STOP,1,-250.0,-1257.0,91.0,125.0,28868,True,False,0.0,unclear,0.527063,0.248705,0.103704,-1.431548
W39,WORST,8,24,2025-09-24 09:53:28,2025-09-24 10:10:28,SHORT,REVERSAL,1,102.0,503.0,51.0,100.0,25016,False,True,1.0,chop,0.291601,0.234742,0.06379,1.044643
W39,WORST,8,25,2025-09-24 10:10:28,2025-09-24 10:16:51,LONG,REVERSAL,0,100.0,496.5,100.0,14.0,7055,False,True,0.0,unclear,0.57462,0.05,0.134752,-0.845238
W39,WORST,8,26,2025-09-24 10:16:51,2025-09-24 10:32:34,SHORT,REVERSAL,0,100.0,496.5,100.0,22.0,15156,False,True,0.0,unclear,0.540769,0.20283,0.083532,1.39881
W39,WORST,8,27,2025-09-24 10:32:34,2025-09-24 11:23:13,LONG,REVERSAL,1,100.0,493.0,82.0,100.0,47652,False,True,0.0,unclear,0.801516,0.307692,0.07714,-2.339286
W39,WORST,8,28,2025-09-24 11:23:13,2025-09-24 11:31:35,SHORT,REVERSAL,0,100.0,496.5,100.0,3.0,6084,False,True,0.0,unclear,0.815289,0.22695,0.138182,1.651786
W39,WORST,8,29,2025-09-24 11:31:35,2025-09-24 11:46:53,LONG,HARD_STOP,1,-250.0,-1257.0,14.0,125.0,17592,True,False,0.0,unclear,0.694614,0.181208,0.057054,-0.952381
W39,WORST,8,30,2025-09-24 11:50:39,2025-09-24 11:58:46,LONG,HARD_STOP,1,-250.0,-1257.0,39.0,125.0,17029,True,False,0.0,unclear,0.603621,0.25,0.050769,-0.970238
W39,WORST,8,31,2025-09-24 12:02:15,2025-09-24 12:12:38,LONG,HARD_STOP,1,-250.0,-1257.0,51.0,125.0,16350,True,False,2.0,trend,0.956795,0.50303,0.174825,-3.366071
W39,WORST,8,32,2025-09-24 12:13:45,2025-09-24 12:25:08,SHORT,HARD_STOP,1,-250.0,-1257.0,74.0,125.0,17133,True,False,2.0,trend,0.972709,0.509677,0.164765,2.580357
W39,WORST,8,33,2025-09-24 12:27:44,2025-09-24 13:30:32,SHORT,HARD_STOP,1,-250.0,-1257.0,81.0,125.0,50279,True,False,0.0,unclear,0.823,0.333333,0.127854,2.386905
W39,WORST,8,34,2025-09-24 13:36:48,2025-09-24 14:11:04,LONG,HARD_STOP,1,-250.0,-1257.0,10.0,125.0,23262,True,False,2.0,trend,0.804368,0.430556,0.131034,-1.833333
W39,WORST,8,35,2025-09-24 14:15:21,2025-09-24 15:45:15,SHORT,REVERSAL,1,100.0,493.0,57.0,100.0,50747,False,True,0.0,unclear,0.908798,0.371429,0.1343,1.839286
W39,WORST,8,36,2025-09-24 15:45:15,2025-09-24 15:49:50,LONG,EOD_FLATTEN,0,67.0,331.5,74.0,29.0,4539,False,True,0.0,unclear,0.616898,0.257353,0.094564,-0.940476
W39,WORST,8,37,2025-09-25 09:30:20,2025-09-25 09:32:56,LONG,REVERSAL,1,100.0,493.0,50.0,100.0,10320,False,True,1.0,chop,0.311914,0.192623,0.076412,-1.389881
W39,WORST,8,38,2025-09-25 09:32:56,2025-09-25 09:34:15,SHORT,REVERSAL,0,100.0,496.5,100.0,30.0,3617,False,True,0.0,unclear,0.829955,0.390558,0.049496,2.627976
W39,WORST,8,39,2025-09-25 09:34:15,2025-09-25 09:36:38,LONG,HARD_STOP,1,-250.0,-1257.0,9.0,125.0,7807,True,False,2.0,trend,0.938124,0.482143,0.124476,-3.928571
W39,WORST,8,40,2025-09-25 09:40:04,2025-09-25 09:42:39,LONG,HARD_STOP,1,-252.0,-1267.0,5.0,126.0,8307,True,False,0.0,unclear,0.421286,0.124378,0.064561,-0.955357
W39,WORST,8,41,2025-09-25 09:44:07,2025-09-25 09:45:30,LONG,REVERSAL,0,100.0,496.5,100.0,11.0,4332,False,True,1.0,chop,0.033497,0.124352,0.037904,-0.241071
W39,WORST,8,42,2025-09-25 09:45:30,2025-09-25 09:49:01,SHORT,HARD_STOP,1,-251.0,-1262.0,54.0,125.5,12218,True,False,0.0,unclear,0.966058,0.322034,0.166276,1.901786
W39,WORST,8,43,2025-09-25 09:50:11,2025-09-25 09:51:56,SHORT,REVERSAL,0,100.0,496.5,100.0,73.0,6667,False,True,0.0,unclear,0.803388,0.391089,0.12844,3.208333
W39,WORST,8,44,2025-09-25 09:51:56,2025-09-25 09:58:33,LONG,HARD_STOP,1,-250.0,-1257.0,34.0,125.0,18586,True,False,2.0,trend,0.754238,0.256318,0.292911,-1.842262
W39,WORST,8,45,2025-09-25 10:00:00,2025-09-25 10:02:20,SHORT,HARD_STOP,1,-250.0,-1257.0,41.0,125.0,7206,True,False,0.0,unclear,0.703843,0.324,0.113947,2.35119
W39,WORST,8,46,2025-09-25 10:04:01,2025-09-25 10:07:12,SHORT,HARD_STOP,1,-250.0,-1257.0,17.0,125.0,8155,True,False,0.0,unclear,0.901928,0.37395,0.110716,2.625
W39,WORST,8,47,2025-09-25 10:09:05,2025-09-25 10:15:44,SHORT,HARD_STOP,1,-250.0,-1257.0,41.0,125.0,14861,True,False,0.0,unclear,0.826677,0.388535,0.149728,2.059524
W39,WORST,8,48,2025-09-25 10:18:34,2025-09-25 10:21:23,LONG,REVERSAL,0,100.0,496.5,100.0,17.0,4467,False,True,0.0,unclear,0.852333,0.240223,0.117159,-1.526786
W39,WORST,8,49,2025-09-25 10:21:23,2025-09-25 10:28:20,SHORT,REVERSAL,1,100.0,493.0,50.0,100.0,13864,False,True,0.0,unclear,0.528769,0.179191,0.042174,1.172619
W39,WORST,8,50,2025-09-25 10:28:20,2025-09-25 10:42:37,LONG,REVERSAL,0,100.0,496.5,100.0,40.0,20904,False,True,2.0,trend,0.554794,0.221477,0.21269,-1.508929
W39,WORST,8,51,2025-09-25 10:42:37,2025-09-25 11:02:49,SHORT,REVERSAL,0,100.0,496.5,100.0,79.0,29184,False,True,2.0,trend,0.945984,0.43128,0.091846,2.994048
W39,WORST,8,52,2025-09-25 11:02:49,2025-09-25 11:11:01,LONG,REVERSAL,1,100.0,493.0,51.0,100.0,13148,False,True,0.0,unclear,0.884486,0.37037,0.190497,-2.16369
W39,WORST,8,53,2025-09-25 11:11:01,2025-09-25 11:24:58,SHORT,REVERSAL,1,100.0,493.0,50.0,124.0,17066,False,True,0.0,unclear,0.587058,0.304348,0.083135,1.642857
W39,WORST,8,54,2025-09-25 11:24:58,2025-09-25 11:34:10,LONG,REVERSAL,0,100.0,496.5,100.0,99.0,12072,False,True,0.0,unclear,0.792848,0.252294,0.094884,-1.770833
W39,WORST,8,55,2025-09-25 11:34:10,2025-09-25 11:41:36,SHORT,HARD_STOP,1,-250.0,-1257.0,3.0,125.0,10324,True,False,0.0,unclear,0.650313,0.234742,0.096296,1.857143
W39,WORST,8,56,2025-09-25 11:53:43,2025-09-25 12:33:06,LONG,REVERSAL,1,100.0,493.0,80.0,110.0,34200,False,True,0.0,unclear,0.802408,0.225,0.020105,-2.166667
W39,WORST,8,57,2025-09-25 12:33:06,2025-09-25 12:39:39,SHORT,REVERSAL,0,101.0,501.5,101.0,3.0,3290,False,True,0.0,unclear,0.750659,0.167598,0.182201,1.4375
W39,WORST,8,58,2025-09-25 12:39:39,2025-09-25 13:20:31,LONG,HARD_STOP,1,-250.0,-1257.0,43.0,125.0,30130,True,False,0.0,unclear,0.680864,0.291667,0.072272,-2.104167
W39,WORST,8,59,2025-09-25 13:21:47,2025-09-25 13:27:43,LONG,REVERSAL,0,100.0,496.5,100.0,53.0,8502,False,True,0.0,unclear,0.965531,0.398907,0.115684,-2.514881
W39,WORST,8,60,2025-09-25 13:27:43,2025-09-25 13:32:04,SHORT,REVERSAL,0,100.0,496.5,100.0,13.0,3658,False,True,0.0,unclear,0.667223,0.309013,0.076775,2.139881
W39,WORST,8,61,2025-09-25 13:32:04,2025-09-25 13:56:56,LONG,HARD_STOP,1,-250.0,-1257.0,25.0,125.0,20738,True,False,2.0,trend,0.812071,0.420091,0.169881,-3.035714
W39,WORST,8,62,2025-09-25 14:00:21,2025-09-25 14:04:17,LONG,HARD_STOP,1,-250.0,-1257.0,7.0,125.0,9642,True,False,1.0,chop,0.366407,0.186047,0.057958,-0.821429
W39,WORST,8,63,2025-09-25 14:06:01,2025-09-25 14:12:20,SHORT,HARD_STOP,1,-250.0,-1257.0,24.0,125.0,10252,True,False,0.0,unclear,0.786735,0.350515,0.150838,2.14881
W39,WORST,8,64,2025-09-25 14:15:06,2025-09-25 14:25:27,SHORT,HARD_STOP,1,-250.0,-1257.0,9.0,125.0,13430,True,False,0.0,unclear,0.897159,0.294118,0.064501,2.014881
W39,WORST,8,65,2025-09-25 14:33:31,2025-09-25 14:38:36,LONG,REVERSAL,0,100.0,496.5,100.0,15.0,4343,False,True,2.0,trend,0.869495,0.417989,0.071396,-2.744048
W39,WORST,8,66,2025-09-25 14:38:36,2025-09-25 14:41:29,SHORT,HARD_STOP,1,-250.0,-1257.0,8.0,125.0,4782,True,False,0.0,unclear,0.686975,0.227642,0.096596,1.782738
W39,WORST,8,67,2025-09-25 14:45:29,2025-09-25 15:49:50,LONG,EOD_FLATTEN,0,-64.0,-323.5,97.0,93.0,51109,False,False,1.0,chop,0.036822,0.130435,0.059853,-0.321429
W39,WORST,8,68,2025-09-26 09:30:03,2025-09-26 09:31:38,LONG,REVERSAL,1,100.0,493.0,50.0,100.0,8367,False,True,2.0,trend,0.928,0.5,0.187014,-4.35119
W39,WORST,8,69,2025-09-26 09:31:38,2025-09-26 09:32:31,SHORT,HARD_STOP,1,-250.0,-1257.0,17.0,125.0,3596,True,False,2.0,trend,0.912986,0.412322,0.150881,2.672619
W39,WORST,8,70,2025-09-26 09:33:12,2025-09-26 09:41:00,SHORT,REVERSAL,0,101.0,501.5,101.0,53.0,16449,False,True,0.0,unclear,0.591462,0.086486,0.087242,1.044643
W39,WORST,8,71,2025-09-26 09:41:00,2025-09-26 09:42:37,LONG,REVERSAL,0,100.0,496.5,100.0,21.0,3303,False,True,2.0,trend,0.973487,0.488806,0.154502,-4.755952
W39,WORST,8,72,2025-09-26 09:42:37,2025-09-26 09:45:04,SHORT,REVERSAL,0,100.0,496.5,100.0,81.0,5724,False,True,0.0,unclear,0.866026,0.332031,0.087832,3.297619
W39,WORST,8,73,2025-09-26 09:45:04,2025-09-26 09:46:59,LONG,REVERSAL,0,101.0,501.5,101.0,95.0,5088,False,True,0.0,unclear,0.628601,0.143345,0.083969,-1.639881
W39,WORST,8,74,2025-09-26 09:46:59,2025-09-26 10:03:19,SHORT,REVERSAL,1,100.0,493.0,72.0,113.0,24728,False,True,2.0,trend,0.993821,0.52518,0.163996,5.157738
W39,WORST,8,75,2025-09-26 10:03:19,2025-09-26 10:06:20,LONG,HARD_STOP,1,-250.0,-1257.0,21.0,125.0,6883,True,False,2.0,trend,0.962024,0.404444,0.224661,-3.610119
W39,WORST,8,76,2025-09-26 10:07:02,2025-09-26 10:21:48,LONG,HARD_STOP,1,-250.0,-1257.0,47.0,125.0,30156,True,False,0.0,unclear,0.723348,0.340807,0.155678,-2.241071
W39,WORST,8,77,2025-09-26 10:24:20,2025-09-26 10:26:56,LONG,HARD_STOP,1,-250.0,-1257.0,23.0,125.0,7249,True,False,0.0,unclear,0.757804,0.270588,0.091395,-2.9375
W39,WORST,8,78,2025-09-26 10:28:42,2025-09-26 10:31:43,SHORT,REVERSAL,1,100.0,493.0,50.0,100.0,7452,False,True,0.0,unclear,0.791414,0.24,0.11924,2.479167
W39,WORST,8,79,2025-09-26 10:31:43,2025-09-26 10:36:32,LONG,REVERSAL,0,100.0,496.5,100.0,24.0,7429,False,True,0.0,unclear,0.923131,0.252252,0.015429,-1.880952
W39,WORST,8,80,2025-09-26 10:36:32,2025-09-26 10:40:25,SHORT,HARD_STOP,1,-250.0,-1257.0,37.0,125.0,8172,True,False,2.0,trend,0.90677,0.422222,0.09977,2.928571
W39,WORST,8,81,2025-09-26 10:42:42,2025-09-26 10:45:47,SHORT,REVERSAL,0,100.0,496.5,100.0,26.0,5418,False,True,1.0,chop,0.323267,0.247788,0.011861,1.133929
W39,WORST,8,82,2025-09-26 10:45:47,2025-09-26 10:49:54,LONG,HARD_STOP,1,-250.0,-1257.0,8.0,125.0,7315,True,False,0.0,unclear,0.785674,0.323009,0.161476,-2.830357
W39,WORST,8,83,2025-09-26 10:51:45,2025-09-26 10:56:34,SHORT,REVERSAL,1,100.0,493.0,50.0,100.0,7304,False,True,0.0,unclear,0.733367,0.329588,0.113658,2.991071
W39,WORST,8,84,2025-09-26 10:56:34,2025-09-26 11:16:38,LONG,REVERSAL,1,100.0,493.0,92.0,100.0,24204,False,True,0.0,unclear,0.790982,0.254826,0.017479,-3.294643
W39,WORST,8,85,2025-09-26 11:16:38,2025-09-26 11:23:28,SHORT,REVERSAL,1,100.0,493.0,50.0,100.0,8901,False,True,0.0,unclear,0.780333,0.276018,0.08628,2.705357
W39,WORST,8,86,2025-09-26 11:23:28,2025-09-26 11:25:22,LONG,REVERSAL,0,100.0,496.5,100.0,15.0,2331,False,True,1.0,chop,0.011349,0.151316,0.057184,-0.327381
W39,WORST,8,87,2025-09-26 11:25:22,2025-09-26 11:38:02,SHORT,REVERSAL,1,100.0,493.0,50.0,100.0,13937,False,True,2.0,trend,0.944126,0.429864,0.124883,3.434524
W39,WORST,8,88,2025-09-26 11:38:02,2025-09-26 12:07:01,LONG,REVERSAL,1,100.0,493.0,77.0,100.0,21528,False,True,0.0,unclear,0.928289,0.360784,0.064735,-3.654762
W39,WORST,8,89,2025-09-26 12:07:01,2025-09-26 12:21:04,SHORT,HARD_STOP,1,-250.0,-1257.0,91.0,125.0,9247,True,False,0.0,unclear,0.514511,0.149798,0.10504,1.428571
W39,WORST,8,90,2025-09-26 12:24:41,2025-09-26 12:33:49,SHORT,REVERSAL,0,100.0,496.5,100.0,55.0,9088,False,True,1.0,chop,0.335522,0.128571,0.060018,1.267857
W39,WORST,8,91,2025-09-26 12:33:49,2025-09-26 12:37:19,LONG,REVERSAL,0,100.0,496.5,100.0,0.0,2248,False,True,0.0,unclear,0.688456,0.297674,0.055556,-3.095238
W39,WORST,8,92,2025-09-26 12:37:19,2025-09-26 13:13:15,SHORT,HARD_STOP,1,-250.0,-1257.0,55.0,125.0,20020,True,False,0.0,unclear,0.717786,0.187251,0.005206,2.404762
W39,WORST,8,93,2025-09-26 13:20:11,2025-09-26 13:28:27,LONG,REVERSAL,0,100.0,496.5,100.0,5.0,4187,False,True,0.0,unclear,0.956429,0.296774,0.110502,-1.595238
W39,WORST,8,94,2025-09-26 13:28:27,2025-09-26 13:41:36,SHORT,REVERSAL,0,101.0,501.5,101.0,1.0,6577,False,True,0.0,unclear,0.766168,0.253012,0.138577,1.72619
W39,WORST,8,95,2025-09-26 13:41:36,2025-09-26 13:59:29,LONG,REVERSAL,1,100.0,493.0,61.0,100.0,10108,False,True,0.0,unclear,0.807416,0.211111,0.071594,-1.892857
W39,WORST,8,96,2025-09-26 13:59:29,2025-09-26 14:40:25,SHORT,HARD_STOP,1,-250.0,-1257.0,79.0,125.0,23336,True,False,2.0,trend,0.794442,0.47973,0.156107,2.071429
W39,WORST,8,97,2025-09-26 14:45:18,2025-09-26 15:49:50,LONG,EOD_FLATTEN,0,58.0,286.5,93.0,33.0,27451,False,True,2.0,trend,0.754831,0.431111,0.092643,-3.125
W48,BAD,8,0,2025-11-24 09:30:01,2025-11-24 09:30:15,SHORT,REVERSAL,0,100.0,496.5,100.0,40.0,1661,False,True,1.0,chop,0.358868,0.250825,0.023585,1.654762
W48,BAD,8,1,2025-11-24 09:30:15,2025-11-24 09:30:44,LONG,REVERSAL,0,101.0,501.5,101.0,5.0,1914,False,True,1.0,chop,0.279606,0.113253,0.03195,-2.068452
W48,BAD,8,2,2025-11-24 09:30:44,2025-11-24 09:31:19,SHORT,HARD_STOP,1,-250.0,-1257.0,28.0,125.0,2360,True,False,0.0,unclear,0.457928,0.159091,0.031977,1.6875
W48,BAD,8,3,2025-11-24 09:31:23,2025-11-24 09:31:55,LONG,REVERSAL,0,100.0,496.5,100.0,12.0,1610,False,True,1.0,chop,0.048029,0.002375,0.116487,0.684524
W48,BAD,8,4,2025-11-24 09:31:55,2025-11-24 09:32:38,SHORT,HARD_STOP,1,-250.0,-1257.0,13.0,125.0,2799,True,False,0.0,unclear,0.856692,0.291553,0.096,3.66369
W48,BAD,8,5,2025-11-24 09:33:34,2025-11-24 09:35:04,SHORT,HARD_STOP,1,-254.0,-1277.0,54.0,127.0,4735,True,False,0.0,unclear,0.881594,0.219424,0.127397,2.020833
W48,BAD,8,6,2025-11-24 09:35:34,2025-11-24 09:36:20,SHORT,REVERSAL,0,101.0,501.5,101.0,34.0,2631,False,True,0.0,unclear,0.786052,0.303279,0.020966,3.428571
W48,BAD,8,7,2025-11-24 09:36:20,2025-11-24 09:37:05,LONG,REVERSAL,0,100.0,496.5,100.0,19.0,1558,False,True,0.0,unclear,0.624083,0.311111,0.090744,-2.622024
W48,BAD,8,8,2025-11-24 09:37:05,2025-11-24 09:37:28,SHORT,REVERSAL,0,100.0,496.5,100.0,6.0,696,False,True,0.0,unclear,0.613141,0.137615,0.042373,2.330357
W48,BAD,8,9,2025-11-24 09:37:28,2025-11-24 09:40:23,LONG,HARD_STOP,1,-250.0,-1257.0,38.0,125.0,6344,True,False,0.0,unclear,0.573623,0.260388,0.07794,-2.988095
W48,BAD,8,10,2025-11-24 09:40:36,2025-11-24 09:41:13,LONG,REVERSAL,0,100.0,496.5,100.0,48.0,1682,False,True,2.0,trend,0.940104,0.413514,0.160347,-5.97619
W48,BAD,8,11,2025-11-24 09:41:13,2025-11-24 09:43:10,SHORT,REVERSAL,1,100.0,493.0,88.0,100.0,3967,False,True,0.0,unclear,0.550023,0.237164,0.08156,3.294643
W48,BAD,8,12,2025-11-24 09:43:10,2025-11-24 09:43:40,LONG,REVERSAL,1,100.0,493.0,50.0,100.0,1076,False,True,1.0,chop,0.339198,0.188082,0.102059,-3.098214
W48,BAD,8,13,2025-11-24 09:43:40,2025-11-24 09:44:21,SHORT,REVERSAL,0,100.0,496.5,100.0,55.0,954,False,True,0.0,unclear,0.405554,0.160612,0.030769,-4.363095
W48,BAD,8,14,2025-11-24 09:44:21,2025-11-24 09:45:17,LONG,REVERSAL,0,100.0,496.5,100.0,82.0,2459,False,True,1.0,chop,0.096282,0.036832,0.052088,-1.25
W48,BAD,8,15,2025-11-24 09:45:17,2025-11-24 09:46:02,SHORT,REVERSAL,0,100.0,496.5,100.0,35.0,1580,False,True,0.0,unclear,0.867091,0.341026,0.075792,5.910714
W48,BAD,8,16,2025-11-24 09:46:02,2025-11-24 09:47:08,LONG,REVERSAL,0,100.0,496.5,100.0,38.0,1623,False,True,1.0,chop,0.262469,0.123552,0.010743,-1.455357
W48,BAD,8,17,2025-11-24 09:47:08,2025-11-24 09:49:01,SHORT,REVERSAL,1,100.0,493.0,50.0,100.0,3212,False,True,1.0,chop,0.032308,0.057143,0.040872,0.708333
W48,BAD,8,18,2025-11-24 09:49:01,2025-11-24 09:50:00,LONG,HARD_STOP,1,-252.0,-1267.0,38.0,126.0,1902,True,False,0.0,unclear,0.440952,0.180915,0.06811,-2.458333
W48,BAD,8,19,2025-11-24 09:50:11,2025-11-24 09:51:03,LONG,REVERSAL,0,100.0,496.5,100.0,42.0,2523,False,True,0.0,unclear,0.878069,0.390187,0.139252,-5.595238
W48,BAD,8,20,2025-11-24 09:51:03,2025-11-24 09:51:33,SHORT,REVERSAL,0,100.0,496.5,100.0,55.0,1125,False,True,0.0,unclear,0.748019,0.331183,0.078959,4.520833
W48,BAD,8,21,2025-11-24 09:51:33,2025-11-24 09:51:59,LONG,REVERSAL,0,102.0,506.5,102.0,22.0,776,False,True,1.0,chop,0.011263,0.037665,0.067154,0.553571
W48,BAD,8,22,2025-11-24 09:51:59,2025-11-24 09:52:49,SHORT,HARD_STOP,1,-250.0,-1257.0,3.0,125.0,2152,True,False,1.0,chop,0.165981,0.0,0.123922,-2.011905
W48,BAD,8,23,2025-11-24 09:53:00,2025-11-24 09:53:09,LONG,REVERSAL,0,101.0,501.5,101.0,5.0,336,False,True,1.0,chop,0.0858,0.029046,0.055884,0.473214
W48,BAD,8,24,2025-11-24 09:53:09,2025-11-24 09:54:55,SHORT,REVERSAL,0,100.0,496.5,100.0,89.0,2574,False,True,1.0,chop,0.297143,0.099222,0.074125,1.113095
W48,BAD,8,25,2025-11-24 09:54:55,2025-11-24 09:56:20,LONG,REVERSAL,0,101.0,501.5,101.0,35.0,2483,False,True,0.0,unclear,0.791843,0.319475,0.007339,-6.595238
W48,BAD,8,26,2025-11-24 09:56:20,2025-11-24 10:00:04,SHORT,HARD_STOP,1,-250.0,-1257.0,99.0,125.0,5011,True,False,1.0,chop,0.01544,0.003914,0.046655,0.446429
W48,BAD,8,27,2025-11-24 10:01:15,2025-11-24 10:05:41,SHORT,HARD_STOP,1,-250.0,-1257.0,86.0,125.0,8498,True,False,1.0,chop,0.149695,0.158291,0.006182,0.791667
W48,BAD,8,28,2025-11-24 10:06:20,2025-11-24 10:10:38,LONG,HARD_STOP,1,-251.0,-1262.0,71.0,125.5,6629,True,False,0.0,unclear,0.632097,0.151125,0.020633,-2.383929
W48,BAD,8,29,2025-11-24 10:11:02,2025-11-24 10:12:40,LONG,REVERSAL,1,100.0,493.0,50.0,100.0,3510,False,True,1.0,chop,0.385636,0.158562,0.097561,-2.386905
W48,BAD,8,30,2025-11-24 10:12:40,2025-11-24 10:14:30,SHORT,HARD_STOP,1,-250.0,-1257.0,40.0,125.0,3712,True,False,1.0,chop,0.002598,0.083516,0.008752,0.181548
W48,BAD,8,31,2025-11-24 10:16:03,2025-11-24 10:20:37,LONG,REVERSAL,1,99.0,488.0,78.0,101.0,6623,False,True,0.0,unclear,0.5482,0.211735,0.070369,-2.580357
W48,BAD,8,32,2025-11-24 10:20:37,2025-11-24 10:21:09,SHORT,REVERSAL,0,100.0,496.5,100.0,0.0,574,False,True,0.0,unclear,0.555191,0.134804,0.062924,2.386905
W48,BAD,8,33,2025-11-24 10:21:09,2025-11-24 10:21:22,LONG,REVERSAL,0,100.0,496.5,100.0,4.0,400,False,True,1.0,chop,0.08828,0.09073,0.034349,0.91369
W48,BAD,8,34,2025-11-24 10:21:22,2025-11-24 10:24:36,SHORT,REVERSAL,0,100.0,496.5,100.0,91.0,4676,False,True,1.0,chop,0.126937,0.10223,0.000483,1.196429
W48,BAD,8,35,2025-11-24 10:24:36,2025-11-24 10:27:11,LONG,REVERSAL,0,100.0,496.5,100.0,80.0,5144,False,True,0.0,unclear,0.907179,0.331476,0.099571,-4.047619
W48,BAD,8,36,2025-11-24 10:27:11,2025-11-24 10:29:04,SHORT,REVERSAL,1,102.0,503.0,51.0,100.0,3386,False,True,0.0,unclear,0.659124,0.261242,0.163776,3.833333
W48,BAD,8,37,2025-11-24 10:29:04,2025-11-24 10:33:00,LONG,REVERSAL,0,100.0,496.5,100.0,61.0,5302,False,True,0.0,unclear,0.469986,0.084746,0.050496,-1.425595
W48,BAD,8,38,2025-11-24 10:33:00,2025-11-24 10:37:33,SHORT,REVERSAL,1,100.0,493.0,68.0,100.0,6270,False,True,0.0,unclear,0.483044,0.170088,0.071362,1.559524
W48,BAD,8,39,2025-11-24 10:37:33,2025-11-24 10:39:00,LONG,REVERSAL,0,100.0,496.5,100.0,11.0,1622,False,True,0.0,unclear,0.572727,0.16369,0.125291,-1.5
W48,BAD,8,40,2025-11-24 10:39:00,2025-11-24 10:55:15,SHORT,REVERSAL,1,100.0,493.0,50.0,115.0,19515,False,True,0.0,unclear,0.683082,0.250729,0.033875,3.190476
W48,BAD,8,41,2025-11-24 10:55:15,2025-11-24 11:01:48,LONG,REVERSAL,0,100.0,496.5,100.0,56.0,6568,False,True,0.0,unclear,0.940003,0.332,0.090226,-2.904762
W48,BAD,8,42,2025-11-24 11:01:48,2025-11-24 11:08:39,SHORT,HARD_STOP,1,-250.0,-1257.0,29.0,125.0,7735,True,False,0.0,unclear,0.721009,0.24,0.109353,1.940476
W48,BAD,8,43,2025-11-24 11:12:22,2025-11-24 11:33:32,SHORT,REVERSAL,0,100.0,496.5,100.0,65.0,18544,False,True,0.0,unclear,0.885356,0.32906,0.076485,3.294643
W48,BAD,8,44,2025-11-24 11:33:32,2025-11-24 11:34:10,LONG,REVERSAL,0,101.0,501.5,101.0,3.0,780,False,True,0.0,unclear,0.668324,0.186916,0.071726,-1.0
W48,BAD,8,45,2025-11-24 11:34:10,2025-11-24 11:58:00,SHORT,REVERSAL,0,100.0,496.5,100.0,95.0,18332,False,True,1.0,chop,0.352783,0.283951,0.064322,1.860119
W48,BAD,8,46,2025-11-24 11:58:00,2025-11-24 12:01:36,LONG,REVERSAL,0,100.0,496.5,100.0,28.0,4005,False,True,0.0,unclear,0.863045,0.371179,0.100505,-3.431548
W48,BAD,8,47,2025-11-24 12:01:36,2025-11-24 12:03:17,SHORT,REVERSAL,0,100.0,496.5,100.0,3.0,1418,False,True,1.0,chop,0.187492,0.157692,0.05364,0.735119
W48,BAD,8,48,2025-11-24 12:03:17,2025-11-24 12:16:21,LONG,REVERSAL,0,100.0,496.5,100.0,48.0,9047,False,True,0.0,unclear,0.681695,0.156364,0.041607,-2.202381
W48,BAD,8,49,2025-11-24 12:16:21,2025-11-24 12:39:23,SHORT,HARD_STOP,1,-250.0,-1257.0,38.0,125.0,16729,True,False,0.0,unclear,0.901268,0.39485,0.122468,3.952381
W48,BAD,8,50,2025-11-24 12:40:51,2025-11-24 14:27:09,SHORT,REVERSAL,1,100.0,493.0,95.0,100.0,62570,False,True,0.0,unclear,0.520391,0.141304,0.073796,0.738095
W48,BAD,8,51,2025-11-24 14:27:09,2025-11-24 14:38:37,LONG,REVERSAL,1,100.0,493.0,50.0,100.0,10105,False,True,0.0,unclear,0.85722,0.201031,0.030991,-1.633929
W48,BAD,8,52,2025-11-24 14:38:37,2025-11-24 14:46:00,SHORT,REVERSAL,0,100.0,496.5,100.0,21.0,5313,False,True,2.0,trend,0.974874,0.437788,0.08785,3.532738
W48,BAD,8,53,2025-11-24 14:46:00,2025-11-24 15:03:16,LONG,REVERSAL,0,100.0,496.5,100.0,61.0,13097,False,True,0.0,unclear,0.821441,0.364532,0.053093,-1.943452
W48,BAD,8,54,2025-11-24 15:03:16,2025-11-24 15:26:01,SHORT,REVERSAL,1,100.0,493.0,50.0,100.0,16608,False,True,0.0,unclear,0.818082,0.267045,0.109643,1.544643
W48,BAD,8,55,2025-11-24 15:26:01,2025-11-24 15:44:14,LONG,REVERSAL,0,100.0,496.5,100.0,33.0,11739,False,True,0.0,unclear,0.879953,0.240741,0.03626,-2.017857
W48,BAD,8,56,2025-11-24 15:44:14,2025-11-24 15:49:50,SHORT,EOD_FLATTEN,0,6.0,26.5,58.0,41.0,5458,False,True,0.0,unclear,0.477452,0.18593,0.019905,1.616071
W48,BAD,8,57,2025-11-25 09:30:03,2025-11-25 09:30:15,SHORT,REVERSAL,0,100.0,496.5,100.0,44.0,1557,False,True,1.0,chop,0.373208,0.279835,0.11641,2.425595
W48,BAD,8,58,2025-11-25 09:30:15,2025-11-25 09:31:07,LONG,REVERSAL,1,100.0,493.0,50.0,100.0,4192,False,True,0.0,unclear,0.826253,0.303125,0.05134,-4.535714
W48,BAD,8,59,2025-11-25 09:31:07,2025-11-25 09:37:14,SHORT,REVERSAL,1,100.0,493.0,61.0,100.0,14120,False,True,2.0,trend,0.66274,0.465385,0.04582,4.059524
W48,BAD,8,60,2025-11-25 09:37:14,2025-11-25 09:40:40,LONG,HARD_STOP,1,-250.0,-1257.0,63.0,125.0,8612,True,False,1.0,chop,0.389167,0.158416,0.07066,-1.770833
W48,BAD,8,61,2025-11-25 09:42:13,2025-11-25 09:43:14,LONG,HARD_STOP,1,-250.0,-1257.0,13.0,125.0,4121,True,False,1.0,chop,0.206314,0.167683,0.022328,-1.053571
W48,BAD,8,62,2025-11-25 09:44:04,2025-11-25 09:45:00,SHORT,REVERSAL,0,101.0,501.5,101.0,30.0,2582,False,True,0.0,unclear,0.438522,0.34657,0.119199,2.619048
W48,BAD,8,63,2025-11-25 09:45:00,2025-11-25 09:46:20,LONG,HARD_STOP,1,-250.0,-1257.0,9.0,125.0,6020,True,False,0.0,unclear,0.528951,0.29097,0.040452,-2.342262
W48,BAD,8,64,2025-11-25 09:47:15,2025-11-25 09:48:02,SHORT,REVERSAL,0,100.0,496.5,100.0,40.0,3592,False,True,0.0,unclear,0.769132,0.218543,0.093333,2.252976
W48,BAD,8,65,2025-11-25 09:48:02,2025-11-25 09:49:28,LONG,HARD_STOP,1,-250.0,-1257.0,41.0,125.0,6871,True,False,2.0,trend,0.861433,0.514925,0.372408,-3.83631
W48,BAD,8,66,2025-11-25 09:50:05,2025-11-25 09:50:35,LONG,REVERSAL,0,103.0,511.5,103.0,64.0,3107,False,True,1.0,chop,0.31914,0.231511,0.007394,-1.383929
W48,BAD,8,67,2025-11-25 09:50:35,2025-11-25 09:51:40,SHORT,HARD_STOP,1,-250.0,-1257.0,17.0,125.0,5186,True,False,2.0,trend,0.959657,0.550388,0.193443,4.636905
W48,BAD,8,68,2025-11-25 09:52:03,2025-11-25 09:55:00,SHORT,HARD_STOP,1,-250.0,-1257.0,57.0,125.0,9285,True,False,2.0,trend,0.836628,0.431507,0.07166,3.5
W48,BAD,8,69,2025-11-25 09:56:13,2025-11-25 09:57:23,LONG,REVERSAL,0,100.0,496.5,100.0,65.0,2591,False,True,0.0,unclear,0.550809,0.381703,0.178814,-2.78869
W48,BAD,8,70,2025-11-25 09:57:23,2025-11-25 09:59:06,SHORT,HARD_STOP,1,-250.0,-1257.0,5.0,125.0,3983,True,False,0.0,unclear,0.871111,0.391727,0.136792,4.955357
W48,BAD,8,71,2025-11-25 10:00:04,2025-11-25 10:01:31,LONG,HARD_STOP,1,-250.0,-1257.0,16.0,125.0,4907,True,False,1.0,chop,0.212992,0.140056,0.169929,-1.377976
W48,BAD,8,72,2025-11-25 10:01:57,2025-11-25 10:02:07,SHORT,REVERSAL,0,104.0,516.5,104.0,19.0,486,False,True,0.0,unclear,0.597183,0.117801,0.008664,1.863095
W48,BAD,8,73,2025-11-25 10:02:07,2025-11-25 10:02:44,LONG,HARD_STOP,1,-250.0,-1257.0,12.0,125.0,2696,True,False,1.0,chop,0.051797,0.059809,0.019861,-0.720238
W48,BAD,8,74,2025-11-25 10:03:20,2025-11-25 10:04:29,LONG,REVERSAL,1,100.0,493.0,70.0,100.0,3634,False,True,0.0,unclear,0.584903,0.170455,0.070331,-2.321429
W48,BAD,8,75,2025-11-25 10:04:29,2025-11-25 10:05:06,SHORT,REVERSAL,0,100.0,496.5,100.0,13.0,1593,False,True,1.0,chop,0.255559,0.135593,0.090649,2.425595
W48,BAD,8,76,2025-11-25 10:05:06,2025-11-25 10:05:29,LONG,REVERSAL,0,101.0,501.5,101.0,2.0,1097,False,True,0.0,unclear,0.613001,0.215584,0.046792,-2.595238
W48,BAD,8,77,2025-11-25 10:05:29,2025-11-25 10:05:50,SHORT,HARD_STOP,1,-252.0,-1267.0,8.0,126.0,1927,True,False,1.0,chop,0.000587,0.053672,0.016043,0.080357
W48,BAD,8,78,2025-11-25 10:06:01,2025-11-25 10:07:03,LONG,REVERSAL,0,100.0,496.5,100.0,57.0,2729,False,True,1.0,chop,0.000213,0.03871,0.021459,-0.050595
W48,BAD,8,79,2025-11-25 10:07:03,2025-11-25 10:08:30,SHORT,HARD_STOP,1,-250.0,-1257.0,27.0,125.0,3883,True,False,0.0,unclear,0.629581,0.264019,0.088838,4.571429
W48,BAD,8,80,2025-11-25 10:08:53,2025-11-25 10:11:18,LONG,HARD_STOP,1,-250.0,-1257.0,99.0,125.0,5701,True,False,1.0,chop,0.001104,0.034188,0.021375,0.098214
W48,BAD,8,81,2025-11-25 10:11:34,2025-11-25 10:11:50,LONG,REVERSAL,0,100.0,496.5,100.0,18.0,714,False,True,0.0,unclear,0.509082,0.317618,0.19311,-2.949405
W48,BAD,8,82,2025-11-25 10:11:50,2025-11-25 10:13:37,SHORT,HARD_STOP,1,-250.0,-1257.0,61.0,125.0,3150,True,False,1.0,chop,0.005691,0.037037,0.104614,0.190476
W48,BAD,8,83,2025-11-25 10:13:50,2025-11-25 10:16:26,LONG,REVERSAL,1,99.0,488.0,49.5,103.0,4475,False,True,1.0,chop,0.330081,0.061914,0.052023,2.416667
W48,BAD,8,84,2025-11-25 10:16:26,2025-11-25 10:20:25,SHORT,REVERSAL,1,100.0,493.0,84.0,100.0,6739,False,True,0.0,unclear,0.650912,0.202899,0.033382,3.520833
W48,BAD,8,85,2025-11-25 10:20:25,2025-11-25 10:23:03,LONG,HARD_STOP,1,-250.0,-1257.0,77.0,125.0,4380,True,False,1.0,chop,0.162873,0.065169,0.003846,1.08631
W48,BAD,8,86,2025-11-25 10:23:30,2025-11-25 10:27:22,SHORT,REVERSAL,1,104.0,513.0,75.0,100.0,6675,False,True,1.0,chop,0.0133,0.023392,0.022835,-0.39881
W48,BAD,8,87,2025-11-25 10:27:22,2025-11-25 10:28:19,LONG,REVERSAL,0,100.0,496.5,100.0,50.0,1120,False,True,0.0,unclear,0.79678,0.263587,0.014898,-4.151786
W48,BAD,8,88,2025-11-25 10:28:19,2025-11-25 10:30:04,SHORT,HARD_STOP,1,-250.0,-1257.0,55.0,125.0,2708,True,False,1.0,chop,0.006617,0.040773,0.050752,0.357143
W48,BAD,8,89,2025-11-25 10:30:31,2025-11-25 10:33:02,SHORT,REVERSAL,0,100.0,496.5,100.0,38.0,5473,False,True,2.0,trend,0.910876,0.614148,0.14652,5.690476
W48,BAD,8,90,2025-11-25 10:33:02,2025-11-25 10:34:08,LONG,REVERSAL,0,100.0,496.5,100.0,0.0,1662,False,True,0.0,unclear,0.942325,0.337931,0.119785,-4.116071
W48,BAD,8,91,2025-11-25 10:34:08,2025-11-25 10:35:04,SHORT,REVERSAL,0,101.0,501.5,101.0,5.0,1138,False,True,0.0,unclear,0.680248,0.15,0.018868,2.0
W48,BAD,8,92,2025-11-25 10:35:04,2025-11-25 10:36:39,LONG,REVERSAL,1,100.0,493.0,50.0,100.0,2999,False,True,0.0,unclear,0.579398,0.283537,0.04398,-2.22619
W48,BAD,8,93,2025-11-25 10:36:39,2025-11-25 10:44:31,SHORT,HARD_STOP,1,-251.0,-1262.0,52.0,125.5,9204,True,False,1.0,chop,0.389832,0.138539,0.100093,1.428571
W48,BAD,8,94,2025-11-25 10:45:22,2025-11-25 10:49:02,SHORT,REVERSAL,0,100.0,496.5,100.0,50.0,6285,False,True,0.0,unclear,0.787993,0.213974,0.028966,2.568452
W48,BAD,8,95,2025-11-25 10:49:02,2025-11-25 10:50:07,LONG,HARD_STOP,1,-250.0,-1257.0,1.0,125.0,2986,True,False,0.0,unclear,0.933944,0.393548,0.084104,-4.044643
W48,BAD,8,96,2025-11-25 10:50:37,2025-11-25 10:57:38,LONG,REVERSAL,0,100.0,496.5,100.0,97.0,8827,False,True,1.0,chop,0.341352,0.161473,0.009413,-1.491071
W48,BAD,8,97,2025-11-25 10:57:38,2025-11-25 10:59:39,SHORT,REVERSAL,1,99.0,488.0,49.5,101.0,2914,False,True,0.0,unclear,0.45953,0.171362,0.066925,3.607143
W48,BAD,8,98,2025-11-25 10:59:39,2025-11-25 11:04:20,LONG,REVERSAL,1,100.0,493.0,50.0,100.0,4563,False,True,0.0,unclear,0.75603,0.264151,0.096987,-3.613095
W48,BAD,8,99,2025-11-25 11:04:20,2025-11-25 11:05:38,SHORT,REVERSAL,0,101.0,501.5,101.0,46.0,1615,False,True,1.0,chop,0.384816,0.194245,0.053723,2.720238
W48,BAD,8,100,2025-11-25 11:05:38,2025-11-25 11:07:10,LONG,REVERSAL,0,100.0,496.5,100.0,39.0,1659,False,True,0.0,unclear,0.811699,0.274648,0.005311,-4.705357
W48,BAD,8,101,2025-11-25 11:07:10,2025-11-25 11:09:25,SHORT,REVERSAL,0,101.0,501.5,101.0,42.0,1859,False,True,0.0,unclear,0.465527,0.19685,0.086068,2.797619
W48,BAD,8,102,2025-11-25 11:09:25,2025-11-25 11:17:22,LONG,REVERSAL,0,100.0,496.5,100.0,47.0,6540,False,True,2.0,trend,0.874523,0.428161,0.041409,-4.85119
W48,BAD,8,103,2025-11-25 11:17:22,2025-11-25 11:21:00,SHORT,HARD_STOP,1,-250.0,-1257.0,47.0,125.0,3698,True,False,0.0,unclear,0.901855,0.3125,0.08168,4.720238
W48,BAD,8,104,2025-11-25 11:22:12,2025-11-25 11:23:05,SHORT,REVERSAL,0,100.0,496.5,100.0,28.0,1267,False,True,0.0,unclear,0.800486,0.210762,0.088574,1.994048
W48,BAD,8,105,2025-11-25 11:23:05,2025-11-25 11:40:00,LONG,REVERSAL,0,100.0,496.5,100.0,99.0,14612,False,True,1.0,chop,0.367312,0.192857,0.018298,-2.089286
W48,BAD,8,106,2025-11-25 11:40:00,2025-11-25 11:45:20,SHORT,REVERSAL,0,100.0,496.5,100.0,51.0,4811,False,True,0.0,unclear,0.802958,0.257246,0.142994,2.47619
W48,BAD,8,107,2025-11-25 11:45:20,2025-11-25 11:50:31,LONG,REVERSAL,0,100.0,496.5,100.0,46.0,4599,False,True,2.0,trend,0.799147,0.511278,0.109995,-4.03869
W48,BAD,8,108,2025-11-25 11:50:31,2025-11-25 12:00:15,SHORT,HARD_STOP,1,-250.0,-1257.0,32.0,125.0,8865,True,False,0.0,unclear,0.850476,0.312704,0.085036,4.470238
W48,BAD,8,109,2025-11-25 12:01:17,2025-11-25 12:04:24,LONG,REVERSAL,0,100.0,496.5,100.0,20.0,2114,False,True,0.0,unclear,0.537055,0.166113,0.017958,-1.133929
W48,BAD,8,110,2025-11-25 12:04:24,2025-11-25 12:19:57,SHORT,HARD_STOP,1,-250.0,-1257.0,19.0,125.0,12651,True,False,2.0,trend,0.980107,0.416667,0.065249,3.443452
W48,BAD,8,111,2025-11-25 12:23:13,2025-11-25 12:28:54,SHORT,REVERSAL,1,100.0,493.0,50.0,100.0,6519,False,True,0.0,unclear,0.835123,0.356098,0.072464,2.285714
W48,BAD,8,112,2025-11-25 12:28:54,2025-11-25 12:32:18,LONG,REVERSAL,0,100.0,496.5,100.0,23.0,2961,False,True,0.0,unclear,0.708178,0.219048,0.083922,-1.883929
W48,BAD,8,113,2025-11-25 12:32:18,2025-11-25 12:37:47,SHORT,HARD_STOP,1,-250.0,-1257.0,8.0,125.0,6551,True,False,0.0,unclear,0.872386,0.345291,0.130631,2.85119
W48,BAD,8,114,2025-11-25 12:42:31,2025-11-25 12:58:41,LONG,HARD_STOP,1,-250.0,-1257.0,43.0,125.0,12219,True,False,0.0,unclear,0.486324,0.20354,0.030055,-1.110119
W48,BAD,8,115,2025-11-25 13:01:33,2025-11-25 13:38:15,SHORT,REVERSAL,1,100.0,493.0,56.0,100.0,19917,False,True,0.0,unclear,0.645094,0.190114,0.040115,1.41369
W48,BAD,8,116,2025-11-25 13:38:15,2025-11-25 13:47:00,LONG,REVERSAL,0,100.0,496.5,100.0,6.0,3431,False,True,0.0,unclear,0.788817,0.294118,0.070046,-2.291667
W48,BAD,8,117,2025-11-25 13:47:00,2025-11-25 14:15:44,SHORT,REVERSAL,0,100.0,496.5,100.0,91.0,15420,False,True,0.0,unclear,0.623853,0.15873,0.150226,2.089286
W48,BAD,8,118,2025-11-25 14:15:44,2025-11-25 14:19:04,LONG,HARD_STOP,1,-250.0,-1257.0,16.0,125.0,3464,True,False,1.0,chop,0.160764,0.192488,0.033395,-0.598214
W48,BAD,8,119,2025-11-25 14:19:40,2025-11-25 14:38:10,SHORT,REVERSAL,0,100.0,496.5,100.0,43.0,10899,False,True,1.0,chop,0.011796,0.056452,0.021048,0.377976
W48,BAD,8,120,2025-11-25 14:38:10,2025-11-25 14:51:06,LONG,REVERSAL,0,100.0,496.5,100.0,68.0,8017,False,True,0.0,unclear,0.962428,0.239631,0.090218,-1.886905
W48,BAD,8,121,2025-11-25 14:51:06,2025-11-25 15:00:24,SHORT,HARD_STOP,1,-250.0,-1257.0,19.0,125.0,6701,True,False,2.0,trend,0.890514,0.415094,0.039511,3.514881
W48,BAD,8,122,2025-11-25 15:24:19,2025-11-25 15:47:53,SHORT,HARD_STOP,1,-250.0,-1257.0,54.0,125.0,19826,True,False,0.0,unclear,0.701169,0.196721,0.039385,1.25
W48,BAD,8,123,2025-11-26 09:30:48,2025-11-26 09:34:08,SHORT,REVERSAL,1,100.0,493.0,50.0,100.0,9150,False,True,1.0,chop,0.172868,0.130221,0.173488,1.321429
W48,BAD,8,124,2025-11-26 09:34:08,2025-11-26 09:36:12,LONG,REVERSAL,0,100.0,496.5,100.0,22.0,3714,False,True,0.0,unclear,0.630705,0.303571,0.157056,-2.556548
W48,BAD,8,125,2025-11-26 09:36:12,2025-11-26 09:37:42,SHORT,REVERSAL,0,100.0,496.5,100.0,11.0,2212,False,True,0.0,unclear,0.930959,0.246212,0.092025,2.464286
W48,BAD,8,126,2025-11-26 09:37:42,2025-11-26 09:38:05,LONG,HARD_STOP,1,-250.0,-1257.0,5.0,125.0,1644,True,False,0.0,unclear,0.727881,0.171598,0.059049,-2.059524
W48,BAD,8,127,2025-11-26 09:38:34,2025-11-26 09:45:07,SHORT,HARD_STOP,1,-251.0,-1262.0,81.0,125.5,12302,True,False,0.0,unclear,0.736262,0.300412,0.159061,2.660714
W48,BAD,8,128,2025-11-26 09:47:23,2025-11-26 09:52:08,SHORT,REVERSAL,0,100.0,496.5,100.0,79.0,7412,False,True,0.0,unclear,0.890767,0.28839,0.081809,2.300595
W48,BAD,8,129,2025-11-26 09:52:08,2025-11-26 09:58:46,LONG,HARD_STOP,1,-251.0,-1262.0,56.0,125.5,11614,True,False,2.0,trend,0.824069,0.444444,0.22217,-4.002976
W48,BAD,8,130,2025-11-26 09:59:09,2025-11-26 10:01:17,LONG,REVERSAL,1,100.0,493.0,50.0,100.0,6422,False,True,2.0,trend,0.938659,0.47619,0.297025,-4.395833
W48,BAD,8,131,2025-11-26 10:01:17,2025-11-26 10:04:16,SHORT,REVERSAL,1,100.0,493.0,98.0,100.0,7158,False,True,0.0,unclear,0.676518,0.131944,0.072892,2.75
W48,BAD,8,132,2025-11-26 10:04:16,2025-11-26 10:08:07,LONG,REVERSAL,0,100.0,496.5,100.0,77.0,6069,False,True,2.0,trend,0.952558,0.424354,0.089531,-4.0
W48,BAD,8,133,2025-11-26 10:08:07,2025-11-26 10:10:45,SHORT,REVERSAL,1,100.0,493.0,50.0,100.0,5193,False,True,0.0,unclear,0.530987,0.216828,0.15666,2.967262
W48,BAD,8,134,2025-11-26 10:10:45,2025-11-26 10:16:51,LONG,REVERSAL,1,99.0,488.0,49.5,101.0,9954,False,True,1.0,chop,0.380247,0.163934,0.139961,-1.46131
W48,BAD,8,135,2025-11-26 10:16:51,2025-11-26 10:18:26,SHORT,REVERSAL,0,100.0,496.5,100.0,15.0,2204,False,True,0.0,unclear,0.923102,0.382979,0.046049,4.375
W48,BAD,8,136,2025-11-26 10:18:26,2025-11-26 10:19:00,LONG,REVERSAL,0,100.0,496.5,100.0,16.0,837,False,True,1.0,chop,0.137473,0.124682,0.039301,-1.428571
W48,BAD,8,137,2025-11-26 10:19:00,2025-11-26 10:21:16,SHORT,REVERSAL,0,101.0,501.5,101.0,16.0,2695,False,True,1.0,chop,0.005212,0.091584,0.001435,-0.279762
W48,BAD,8,138,2025-11-26 10:21:16,2025-11-26 10:25:39,LONG,REVERSAL,1,100.0,493.0,55.0,100.0,6938,False,True,0.0,unclear,0.475853,0.124675,0.022994,-2.181548
W48,BAD,8,139,2025-11-26 10:25:39,2025-11-26 10:32:10,SHORT,HARD_STOP,1,-250.0,-1257.0,70.0,125.0,8661,True,False,0.0,unclear,0.854908,0.296296,0.009533,3.666667
W48,BAD,8,140,2025-11-26 10:34:22,2025-11-26 10:42:06,SHORT,REVERSAL,1,100.0,493.0,50.0,100.0,9026,False,True,0.0,unclear,0.625301,0.290441,0.040749,2.491071
W48,BAD,8,141,2025-11-26 10:42:06,2025-11-26 10:48:40,LONG,REVERSAL,1,100.0,493.0,51.0,100.0,6816,False,True,0.0,unclear,0.595886,0.285256,0.198152,-2.235119
W48,BAD,8,142,2025-11-26 10:48:40,2025-11-26 10:59:16,SHORT,HARD_STOP,1,-250.0,-1257.0,46.0,125.0,9077,True,False,0.0,unclear,0.765742,0.175084,0.121055,2.883929
W48,BAD,8,143,2025-11-26 11:04:35,2025-11-26 11:24:53,SHORT,HARD_STOP,1,-250.0,-1257.0,7.0,125.0,19305,True,False,0.0,unclear,0.830832,0.23494,0.010272,1.720238
W48,BAD,8,144,2025-11-26 11:30:19,2025-11-26 11:35:11,LONG,REVERSAL,0,100.0,496.5,100.0,19.0,3854,False,True,0.0,unclear,0.808269,0.348259,0.113778,-2.178571
W48,BAD,8,145,2025-11-26 11:35:11,2025-11-26 11:50:13,SHORT,REVERSAL,1,100.0,493.0,50.0,100.0,15730,False,True,0.0,unclear,0.545086,0.211111,0.091897,1.032738
W48,BAD,8,146,2025-11-26 11:50:13,2025-11-26 11:56:31,LONG,REVERSAL,0,100.0,496.5,100.0,18.0,4991,False,True,0.0,unclear,0.529788,0.258242,0.107985,-1.122024
W48,BAD,8,147,2025-11-26 11:56:31,2025-11-26 12:04:46,SHORT,REVERSAL,0,100.0,496.5,100.0,1.0,4983,False,True,0.0,unclear,0.857903,0.331429,0.054462,2.22619
W48,BAD,8,148,2025-11-26 12:04:46,2025-11-26 12:24:14,LONG,REVERSAL,1,100.0,493.0,52.0,100.0,15987,False,True,2.0,trend,0.903466,0.41,0.147601,-2.717262
W48,BAD,8,149,2025-11-26 12:24:14,2025-11-26 12:50:08,SHORT,REVERSAL,1,100.0,493.0,50.0,100.0,14884,False,True,1.0,chop,0.354271,0.162281,0.080705,1.47619
W48,BAD,8,150,2025-11-26 12:50:08,2025-11-26 13:09:30,LONG,HARD_STOP,1,-250.0,-1257.0,73.0,125.0,12341,True,False,2.0,trend,0.952035,0.596491,0.130958,-3.47619
W48,BAD,8,151,2025-11-26 13:09:51,2025-11-26 13:20:45,SHORT,REVERSAL,1,100.0,493.0,50.0,100.0,10904,False,True,1.0,chop,0.186645,0.212034,0.017399,1.27381
W48,BAD,8,152,2025-11-26 13:20:45,2025-11-26 13:21:56,LONG,REVERSAL,0,100.0,496.5,100.0,10.0,977,False,True,0.0,unclear,0.811039,0.277273,0.018834,-1.860119
W48,BAD,8,153,2025-11-26 13:21:56,2025-11-26 13:31:22,SHORT,REVERSAL,1,100.0,493.0,50.0,100.0,6016,False,True,0.0,unclear,0.482773,0.223529,0.058005,2.434524
W48,BAD,8,154,2025-11-26 13:31:22,2025-11-26 13:45:32,LONG,HARD_STOP,1,-250.0,-1257.0,15.0,125.0,10384,True,False,2.0,trend,0.961744,0.436275,0.156339,-3.5625
W48,BAD,8,155,2025-11-26 13:48:19,2025-11-26 14:04:40,SHORT,REVERSAL,1,100.0,493.0,67.0,100.0,11501,False,True,0.0,unclear,0.563885,0.185039,0.111111,1.866071
W48,BAD,8,156,2025-11-26 14:04:40,2025-11-26 14:18:01,LONG,REVERSAL,0,100.0,496.5,100.0,55.0,7787,False,True,2.0,trend,0.91634,0.40566,0.068117,-3.607143
W48,BAD,8,157,2025-11-26 14:18:01,2025-11-26 14:50:01,SHORT,REVERSAL,0,100.0,496.5,100.0,75.0,18118,False,True,0.0,unclear,0.441733,0.095238,0.007227,0.973214
W48,BAD,8,158,2025-11-26 14:50:01,2025-11-26 15:01:08,LONG,REVERSAL,0,100.0,496.5,100.0,15.0,5376,False,True,0.0,unclear,0.914326,0.374408,0.047031,-3.339286
W48,BAD,8,159,2025-11-26 15:01:08,2025-11-26 15:49:50,SHORT,EOD_FLATTEN,0,49.0,241.5,71.0,97.0,24815,False,True,0.0,unclear,0.537152,0.291457,0.094904,1.223214
W48,BAD,8,160,2025-11-28 09:32:14,2025-11-28 09:37:49,SHORT,HARD_STOP,1,-250.0,-1257.0,18.0,125.0,3924,True,False,0.0,unclear,0.793856,0.266667,0.001855,2.645833
W48,BAD,8,161,2025-11-28 09:38:38,2025-11-28 09:40:54,LONG,HARD_STOP,1,-252.0,-1267.0,8.0,126.0,1864,True,False,1.0,chop,0.000148,0.014778,0.00613,0.047619
W48,BAD,8,162,2025-11-28 09:42:15,2025-11-28 10:05:10,SHORT,REVERSAL,1,100.0,493.0,53.0,122.0,10576,False,True,1.0,chop,0.28951,0.060417,0.146559,-2.22619
W48,BAD,8,163,2025-11-28 10:05:10,2025-11-28 10:07:33,LONG,REVERSAL,0,100.0,496.5,100.0,15.0,1166,False,True,0.0,unclear,0.553778,0.152047,0.069533,-3.35119
W48,BAD,8,164,2025-11-28 10:07:33,2025-11-28 11:06:25,SHORT,HARD_STOP,1,-250.0,-1257.0,87.0,125.0,23555,True,False,1.0,chop,0.007169,0.031169,0.095018,0.241071
W48,BAD,8,165,2025-11-28 11:21:19,2025-11-28 11:27:46,LONG,HARD_STOP,1,-250.0,-1257.0,16.0,125.0,4113,True,False,2.0,trend,0.91433,0.431818,0.026066,-3.35119
W48,BAD,8,166,2025-11-28 11:32:01,2025-11-28 11:42:03,SHORT,REVERSAL,1,100.0,493.0,50.0,100.0,4705,False,True,1.0,chop,0.00266,0.115385,0.019577,0.113095
W48,BAD,8,167,2025-11-28 11:42:03,2025-11-28 11:48:12,LONG,REVERSAL,0,100.0,496.5,100.0,45.0,2096,False,True,2.0,trend,0.927586,0.458167,0.121616,-3.863095
W48,BAD,8,168,2025-11-28 11:48:12,2025-11-28 12:57:20,SHORT,HARD_STOP,1,-250.0,-1257.0,93.0,125.0,33249,True,False,0.0,unclear,0.676669,0.330508,0.02036,2.386905
W48,BAD,8,169,2025-11-28 12:59:04,2025-11-28 13:14:59,SHORT,DATA_END,0,-1.0,-8.5,68.0,62.0,16675,False,False,0.0,unclear,0.640983,0.096552,0.097056,1.011905
W45,AVG,8,0,2025-11-03 09:31:06,2025-11-03 09:34:34,SHORT,REVERSAL,0,100.0,496.5,100.0,23.0,7762,False,True,0.0,unclear,0.830656,0.318182,0.100761,2.622024
W45,AVG,8,1,2025-11-03 09:34:34,2025-11-03 09:37:55,LONG,HARD_STOP,1,-250.0,-1257.0,12.0,125.0,7452,True,False,0.0,unclear,0.979177,0.385,0.153984,-2.559524
W45,AVG,8,2,2025-11-03 09:40:00,2025-11-03 09:51:01,LONG,HARD_STOP,1,-250.0,-1257.0,60.0,125.0,18261,True,False,0.0,unclear,0.428898,0.120833,0.075349,-1.110119
W45,AVG,8,3,2025-11-03 09:51:32,2025-11-03 10:00:41,SHORT,REVERSAL,0,100.0,496.5,100.0,52.0,10912,False,True,0.0,unclear,0.588775,0.073684,0.027356,2.389881
W45,AVG,8,4,2025-11-03 10:00:41,2025-11-03 10:08:56,LONG,REVERSAL,1,99.0,488.0,50.0,101.0,13747,False,True,1.0,chop,0.102594,0.050704,0.132616,-0.970238
W45,AVG,8,5,2025-11-03 10:08:56,2025-11-03 10:15:10,SHORT,REVERSAL,1,100.0,493.0,50.0,100.0,8771,False,True,2.0,trend,0.744176,0.456349,0.279254,3.217262
W45,AVG,8,6,2025-11-03 10:15:10,2025-11-03 10:25:23,LONG,HARD_STOP,1,-250.0,-1257.0,32.0,125.0,13716,True,False,0.0,unclear,0.901842,0.394422,0.160617,-3.309524
W45,AVG,8,7,2025-11-03 10:26:30,2025-11-03 10:38:05,LONG,REVERSAL,1,102.0,503.0,51.0,109.0,17599,False,True,0.0,unclear,0.977354,0.390805,0.064722,-2.767857
W45,AVG,8,8,2025-11-03 10:38:05,2025-11-03 10:44:26,SHORT,HARD_STOP,1,-250.0,-1257.0,21.0,125.0,9068,True,False,0.0,unclear,0.888828,0.376761,0.100926,3.880952
W45,AVG,8,9,2025-11-03 10:45:58,2025-11-03 10:58:02,LONG,REVERSAL,0,100.0,496.5,100.0,96.0,13389,False,True,1.0,chop,0.248616,0.191667,0.151823,-1.28869
W45,AVG,8,10,2025-11-03 10:58:02,2025-11-03 11:00:42,SHORT,REVERSAL,0,100.0,496.5,100.0,36.0,3641,False,True,0.0,unclear,0.465756,0.245136,0.118356,2.422619
W45,AVG,8,11,2025-11-03 11:00:42,2025-11-03 11:23:28,LONG,REVERSAL,0,100.0,496.5,100.0,77.0,17044,False,True,0.0,unclear,0.77241,0.353414,0.184404,-2.380952
W45,AVG,8,12,2025-11-03 11:23:28,2025-11-03 11:25:29,SHORT,REVERSAL,0,100.0,496.5,100.0,5.0,1393,False,True,0.0,unclear,0.874362,0.294372,0.022792,2.508929
W45,AVG,8,13,2025-11-03 11:25:29,2025-11-03 11:32:44,LONG,REVERSAL,1,100.0,493.0,50.0,100.0,7511,False,True,0.0,unclear,0.809816,0.288809,0.083563,-3.324405
W45,AVG,8,14,2025-11-03 11:32:44,2025-11-03 11:58:21,SHORT,HARD_STOP,1,-250.0,-1257.0,92.0,125.0,21151,True,False,0.0,unclear,0.850666,0.387755,0.160898,3.267857
W45,AVG,8,15,2025-11-03 12:00:16,2025-11-03 12:13:50,LONG,REVERSAL,0,100.0,496.5,100.0,79.0,9383,False,True,2.0,trend,0.825044,0.430693,0.175405,-3.458333
W45,AVG,8,16,2025-11-03 12:13:50,2025-11-03 12:26:08,SHORT,REVERSAL,0,100.0,496.5,100.0,64.0,10303,False,True,0.0,unclear,0.768523,0.21,0.033858,1.642857
W45,AVG,8,17,2025-11-03 12:26:08,2025-11-03 12:32:53,LONG,REVERSAL,0,100.0,496.5,100.0,56.0,5417,False,True,2.0,trend,0.929408,0.443902,0.194073,-3.16369
W45,AVG,8,18,2025-11-03 12:32:53,2025-11-03 13:52:03,SHORT,REVERSAL,1,100.0,493.0,50.0,103.0,36203,False,True,0.0,unclear,0.911957,0.346939,0.095571,2.904762
W45,AVG,8,19,2025-11-03 13:52:03,2025-11-03 14:42:03,LONG,HARD_STOP,1,-250.0,-1257.0,61.0,125.0,27602,True,False,2.0,trend,0.930054,0.473118,0.141674,-2.717262
W45,AVG,8,20,2025-11-03 14:45:00,2025-11-03 15:25:03,SHORT,REVERSAL,1,100.0,493.0,50.0,100.0,19025,False,True,2.0,trend,0.94982,0.468927,0.151146,2.845238
W45,AVG,8,21,2025-11-03 15:25:03,2025-11-03 15:49:50,LONG,EOD_FLATTEN,0,-19.0,-98.5,76.0,79.0,14853,False,False,0.0,unclear,0.880992,0.303738,0.120656,-2.595238
W45,AVG,8,22,2025-11-04 09:30:04,2025-11-04 09:31:16,LONG,REVERSAL,0,100.0,496.5,100.0,46.0,5257,False,True,0.0,unclear,0.904253,0.261194,0.000929,-3.214286
W45,AVG,8,23,2025-11-04 09:31:16,2025-11-04 09:32:43,SHORT,REVERSAL,0,100.0,496.5,100.0,58.0,5103,False,True,1.0,chop,0.048543,0.114865,0.085044,0.345238
W45,AVG,8,24,2025-11-04 09:32:43,2025-11-04 09:33:59,LONG,HARD_STOP,1,-250.0,-1257.0,19.0,125.0,4773,True,False,0.0,unclear,0.402443,0.112782,0.084461,-1.053571
W45,AVG,8,25,2025-11-04 09:35:06,2025-11-04 09:38:04,SHORT,REVERSAL,1,100.0,493.0,96.0,102.0,9236,False,True,1.0,chop,0.296241,0.181818,0.094286,0.994048
W45,AVG,8,26,2025-11-04 09:38:04,2025-11-04 09:40:48,LONG,REVERSAL,0,100.0,496.5,100.0,49.0,5745,False,True,0.0,unclear,0.821267,0.239216,0.085355,-1.946429
W45,AVG,8,27,2025-11-04 09:40:48,2025-11-04 09:41:48,SHORT,HARD_STOP,1,-250.0,-1257.0,13.0,125.0,3166,True,False,0.0,unclear,0.718578,0.392857,0.096681,3.133929
W45,AVG,8,28,2025-11-04 09:43:47,2025-11-04 09:44:17,LONG,REVERSAL,0,100.0,496.5,100.0,1.0,1068,False,True,0.0,unclear,0.783168,0.217949,0.092351,-2.089286
W45,AVG,8,29,2025-11-04 09:44:17,2025-11-04 09:47:28,SHORT,REVERSAL,0,100.0,496.5,100.0,42.0,6684,False,True,0.0,unclear,0.47187,0.145228,0.013764,1.72619
W45,AVG,8,30,2025-11-04 09:47:28,2025-11-04 09:48:46,LONG,REVERSAL,0,100.0,496.5,100.0,46.0,3339,False,True,0.0,unclear,0.582075,0.303249,0.085478,-2.107143
W45,AVG,8,31,2025-11-04 09:48:46,2025-11-04 09:51:40,SHORT,HARD_STOP,1,-250.0,-1257.0,21.0,125.0,6562,True,False,0.0,unclear,0.541302,0.312081,0.117978,2.369048
W45,AVG,8,32,2025-11-04 09:53:37,2025-11-04 09:59:45,SHORT,HARD_STOP,1,-250.0,-1257.0,31.0,125.0,11640,True,False,0.0,unclear,0.964499,0.369099,0.068855,2.877976
W45,AVG,8,33,2025-11-04 10:06:06,2025-11-04 10:13:15,LONG,REVERSAL,1,100.0,493.0,50.0,100.0,11957,False,True,0.0,unclear,0.759105,0.180095,0.092261,-1.479167
W45,AVG,8,34,2025-11-04 10:13:15,2025-11-04 10:30:00,SHORT,REVERSAL,1,100.0,493.0,66.0,100.0,18802,False,True,2.0,trend,0.934365,0.545455,0.193129,4.535714
W45,AVG,8,35,2025-11-04 10:30:00,2025-11-04 10:40:54,LONG,REVERSAL,0,101.0,501.5,101.0,71.0,10996,False,True,0.0,unclear,0.456089,0.195455,0.146341,-1.452381
W45,AVG,8,36,2025-11-04 10:40:54,2025-11-04 10:45:13,SHORT,REVERSAL,0,100.0,496.5,100.0,17.0,4052,False,True,0.0,unclear,0.449175,0.07,0.087098,0.958333
W45,AVG,8,37,2025-11-04 10:45:13,2025-11-04 10:51:20,LONG,HARD_STOP,1,-250.0,-1257.0,23.0,125.0,8307,True,False,0.0,unclear,0.876906,0.289796,0.047214,-2.869048
W45,AVG,8,38,2025-11-04 10:55:38,2025-11-04 10:58:50,LONG,REVERSAL,1,100.0,493.0,50.0,100.0,6022,False,True,0.0,unclear,0.892526,0.230303,0.076291,-1.592262
W45,AVG,8,39,2025-11-04 10:58:50,2025-11-04 11:02:43,SHORT,REVERSAL,1,100.0,493.0,50.0,100.0,6219,False,True,0.0,unclear,0.818537,0.209677,0.148561,2.092262
W45,AVG,8,40,2025-11-04 11:02:43,2025-11-04 11:20:37,LONG,HARD_STOP,1,-250.0,-1257.0,36.0,125.0,17810,True,False,0.0,unclear,0.479362,0.185771,0.014981,-2.583333
W45,AVG,8,41,2025-11-04 11:26:38,2025-11-04 11:28:13,LONG,REVERSAL,0,100.0,496.5,100.0,13.0,1591,False,True,1.0,chop,0.294099,0.085938,0.000461,-1.184524
W45,AVG,8,42,2025-11-04 11:28:13,2025-11-04 11:40:36,SHORT,REVERSAL,1,100.0,493.0,58.0,100.0,11453,False,True,0.0,unclear,0.916735,0.295833,0.043676,2.672619
W45,AVG,8,43,2025-11-04 11:40:36,2025-11-04 11:43:34,LONG,REVERSAL,0,100.0,496.5,100.0,43.0,2670,False,True,0.0,unclear,0.772631,0.346154,0.014657,-3.181548
W45,AVG,8,44,2025-11-04 11:43:34,2025-11-04 11:45:42,SHORT,REVERSAL,0,100.0,496.5,100.0,20.0,2209,False,True,0.0,unclear,0.698098,0.36,0.050591,2.324405
W45,AVG,8,45,2025-11-04 11:45:42,2025-11-04 11:55:55,LONG,REVERSAL,1,100.0,493.0,50.0,100.0,10007,False,True,2.0,trend,0.805866,0.416058,0.046555,-3.642857
W45,AVG,8,46,2025-11-04 11:55:55,2025-11-04 11:56:39,SHORT,REVERSAL,0,100.0,496.5,100.0,5.0,862,False,True,0.0,unclear,0.499826,0.138211,0.054178,1.997024
W45,AVG,8,47,2025-11-04 11:56:39,2025-11-04 12:17:17,LONG,HARD_STOP,1,-250.0,-1257.0,65.0,125.0,16873,True,False,2.0,trend,0.816506,0.405405,0.021378,-4.133929
W45,AVG,8,48,2025-11-04 12:19:10,2025-11-04 12:22:18,LONG,REVERSAL,1,100.0,493.0,50.0,100.0,7393,False,True,2.0,trend,0.852947,0.403141,0.044312,-2.782738
W45,AVG,8,49,2025-11-04 12:22:18,2025-11-04 12:26:14,SHORT,HARD_STOP,1,-250.0,-1257.0,12.0,125.0,5234,True,False,0.0,unclear,0.904905,0.337255,0.076562,3.136905
W45,AVG,8,50,2025-11-04 12:28:44,2025-11-04 12:42:32,LONG,HARD_STOP,1,-250.0,-1257.0,38.0,125.0,12457,True,False,0.0,unclear,0.910457,0.349442,0.1009,-2.979167
W45,AVG,8,51,2025-11-04 12:43:59,2025-11-04 12:53:47,SHORT,REVERSAL,1,100.0,493.0,50.0,115.0,9405,False,True,0.0,unclear,0.655137,0.153285,0.061127,2.532738
W45,AVG,8,52,2025-11-04 12:53:47,2025-11-04 13:11:32,LONG,HARD_STOP,1,-250.0,-1257.0,18.0,125.0,14560,True,False,0.0,unclear,0.798373,0.309701,0.051936,-3.133929
W45,AVG,8,53,2025-11-04 13:15:10,2025-11-04 13:18:17,SHORT,REVERSAL,0,101.0,501.5,101.0,18.0,2649,False,True,0.0,unclear,0.744981,0.311224,0.03609,2.258929
W45,AVG,8,54,2025-11-04 13:18:17,2025-11-04 13:23:35,LONG,REVERSAL,0,100.0,496.5,100.0,88.0,7704,False,True,2.0,trend,0.924226,0.419355,0.158043,-3.056548
W45,AVG,8,55,2025-11-04 13:23:35,2025-11-04 13:25:47,SHORT,REVERSAL,0,100.0,496.5,100.0,1.0,1992,False,True,0.0,unclear,0.857739,0.276596,0.028918,2.419643
W45,AVG,8,56,2025-11-04 13:25:47,2025-11-04 13:30:36,LONG,REVERSAL,1,100.0,493.0,50.0,100.0,4480,False,True,0.0,unclear,0.933272,0.293578,0.098737,-2.291667
W45,AVG,8,57,2025-11-04 13:30:36,2025-11-04 13:35:49,SHORT,REVERSAL,0,100.0,496.5,100.0,31.0,3898,False,True,0.0,unclear,0.677306,0.326271,0.162048,2.651786
W45,AVG,8,58,2025-11-04 13:35:49,2025-11-04 13:43:28,LONG,REVERSAL,0,100.0,496.5,100.0,54.0,6238,False,True,1.0,chop,0.380635,0.133663,0.077928,-0.764881
W45,AVG,8,59,2025-11-04 13:43:28,2025-11-04 13:54:39,SHORT,HARD_STOP,1,-250.0,-1257.0,44.0,125.0,9866,True,False,2.0,trend,0.944387,0.444934,0.121821,3.136905
W45,AVG,8,60,2025-11-04 13:56:51,2025-11-04 14:02:05,LONG,REVERSAL,0,100.0,496.5,100.0,26.0,3830,False,True,0.0,unclear,0.738814,0.310345,0.020572,-2.863095
W45,AVG,8,61,2025-11-04 14:02:05,2025-11-04 14:05:28,SHORT,REVERSAL,0,100.0,496.5,100.0,15.0,2047,False,True,0.0,unclear,0.764329,0.164794,0.111419,2.428571
W45,AVG,8,62,2025-11-04 14:05:28,2025-11-04 14:37:51,LONG,HARD_STOP,1,-250.0,-1257.0,76.0,125.0,22271,True,False,0.0,unclear,0.717162,0.246006,0.062141,-3.297619
W45,AVG,8,63,2025-11-04 14:38:43,2025-11-04 15:01:05,LONG,REVERSAL,0,100.0,496.5,100.0,67.0,20794,False,True,2.0,trend,0.951276,0.576037,0.160369,-4.949405
W45,AVG,8,64,2025-11-04 15:01:05,2025-11-04 15:02:37,SHORT,REVERSAL,0,100.0,496.5,100.0,0.0,1396,False,True,0.0,unclear,0.494669,0.119835,0.036355,1.33631
W45,AVG,8,65,2025-11-04 15:02:37,2025-11-04 15:05:58,LONG,REVERSAL,0,100.0,496.5,100.0,10.0,2315,False,True,0.0,unclear,0.789484,0.249027,0.008099,-2.738095
W45,AVG,8,66,2025-11-04 15:05:58,2025-11-04 15:21:23,SHORT,REVERSAL,0,100.0,496.5,100.0,96.0,12139,False,True,0.0,unclear,0.913767,0.370833,0.047929,3.235119
W45,AVG,8,67,2025-11-04 15:21:23,2025-11-04 15:29:08,LONG,REVERSAL,0,100.0,496.5,100.0,37.0,4802,False,True,0.0,unclear,0.660214,0.166667,0.012168,-1.455357
W45,AVG,8,68,2025-11-04 15:29:08,2025-11-04 15:48:07,SHORT,REVERSAL,1,100.0,493.0,87.0,100.0,13106,False,True,0.0,unclear,0.767213,0.361217,0.188951,2.592262
W45,AVG,8,69,2025-11-04 15:48:07,2025-11-04 15:49:50,LONG,EOD_FLATTEN,0,-95.0,-478.5,27.0,97.0,1406,False,False,1.0,chop,0.208305,0.104418,0.092105,-0.738095
W45,AVG,8,70,2025-11-05 09:30:04,2025-11-05 09:31:45,SHORT,REVERSAL,0,100.0,496.5,100.0,83.0,5549,False,True,1.0,chop,0.009897,0.117155,0.013116,0.28869
W45,AVG,8,71,2025-11-05 09:31:45,2025-11-05 09:37:30,LONG,REVERSAL,1,100.0,493.0,91.0,121.0,14025,False,True,2.0,trend,0.79793,0.299363,0.232732,-3.377976
W45,AVG,8,72,2025-11-05 09:37:30,2025-11-05 09:41:32,SHORT,REVERSAL,1,100.0,493.0,50.0,121.0,7821,False,True,2.0,trend,0.958848,0.508306,0.184475,5.485119
W45,AVG,8,73,2025-11-05 09:41:32,2025-11-05 09:46:15,LONG,REVERSAL,0,100.0,496.5,100.0,89.0,8236,False,True,0.0,unclear,0.828971,0.301829,0.153596,-3.654762
W45,AVG,8,74,2025-11-05 09:46:15,2025-11-05 09:47:48,SHORT,HARD_STOP,1,-250.0,-1257.0,22.0,125.0,4776,True,False,0.0,unclear,0.43908,0.147147,0.030039,1.107143
W45,AVG,8,75,2025-11-05 09:48:35,2025-11-05 09:53:50,SHORT,HARD_STOP,1,-250.0,-1257.0,61.0,125.0,10420,True,False,0.0,unclear,0.843801,0.306723,0.039529,2.880952
W45,AVG,8,76,2025-11-05 09:56:51,2025-11-05 10:03:07,SHORT,REVERSAL,0,100.0,496.5,100.0,95.0,13409,False,True,1.0,chop,0.16441,0.106383,0.065127,0.89881
W45,AVG,8,77,2025-11-05 10:03:07,2025-11-05 10:05:28,LONG,REVERSAL,0,100.0,496.5,100.0,30.0,5058,False,True,1.0,chop,0.136149,0.198606,0.124128,-0.758929
W45,AVG,8,78,2025-11-05 10:05:28,2025-11-05 10:07:44,SHORT,REVERSAL,1,100.0,493.0,50.0,116.0,5738,False,True,0.0,unclear,0.5548,0.304054,0.055607,3.306548
W45,AVG,8,79,2025-11-05 10:07:44,2025-11-05 10:21:16,LONG,HARD_STOP,1,-252.0,-1267.0,44.0,126.0,18149,True,False,2.0,trend,0.97176,0.552,0.174321,-4.988095
W45,AVG,8,80,2025-11-05 10:22:42,2025-11-05 10:24:00,SHORT,HARD_STOP,1,-250.0,-1257.0,5.0,125.0,2497,True,False,0.0,unclear,0.52171,0.3,0.021669,2.053571
W45,AVG,8,81,2025-11-05 10:26:21,2025-11-05 10:29:35,SHORT,REVERSAL,1,100.0,493.0,50.0,100.0,5283,False,True,1.0,chop,0.097962,0.166102,0.040036,0.782738
W45,AVG,8,82,2025-11-05 10:29:35,2025-11-05 10:41:14,LONG,REVERSAL,0,100.0,496.5,100.0,69.0,13024,False,True,0.0,unclear,0.832177,0.380769,0.063674,-3.458333
W45,AVG,8,83,2025-11-05 10:41:14,2025-11-05 10:53:26,SHORT,REVERSAL,0,100.0,496.5,100.0,76.0,13524,False,True,0.0,unclear,0.425263,0.333333,0.099399,1.684524
W45,AVG,8,84,2025-11-05 10:53:26,2025-11-05 10:58:57,LONG,REVERSAL,0,100.0,496.5,100.0,60.0,5322,False,True,0.0,unclear,0.825637,0.3125,0.002299,-3.532738
W45,AVG,8,85,2025-11-05 10:58:57,2025-11-05 11:03:29,SHORT,REVERSAL,0,100.0,496.5,100.0,62.0,5215,False,True,1.0,chop,0.360082,0.125348,0.10831,1.666667
W45,AVG,8,86,2025-11-05 11:03:29,2025-11-05 11:04:56,LONG,REVERSAL,0,100.0,496.5,100.0,64.0,1579,False,True,2.0,trend,0.928427,0.454545,0.005613,-5.571429
W45,AVG,8,87,2025-11-05 11:04:56,2025-11-05 11:10:22,SHORT,REVERSAL,0,100.0,496.5,100.0,60.0,4255,False,True,1.0,chop,0.391664,0.142077,0.0942,2.71131
W45,AVG,8,88,2025-11-05 11:10:22,2025-11-05 11:15:26,LONG,REVERSAL,1,100.0,493.0,60.0,100.0,5125,False,True,1.0,chop,0.081472,0.169444,0.100141,-0.785714
W45,AVG,8,89,2025-11-05 11:15:26,2025-11-05 11:17:27,SHORT,REVERSAL,0,101.0,501.5,101.0,12.0,2421,False,True,0.0,unclear,0.668446,0.310502,0.045727,2.41369
W45,AVG,8,90,2025-11-05 11:17:27,2025-11-05 11:22:40,LONG,REVERSAL,0,100.0,496.5,100.0,34.0,4996,False,True,0.0,unclear,0.923007,0.333333,0.074357,-3.333333
W45,AVG,8,91,2025-11-05 11:22:40,2025-11-05 11:26:24,SHORT,HARD_STOP,1,-250.0,-1257.0,42.0,125.0,5060,True,False,0.0,unclear,0.76536,0.311258,0.175829,2.857143
W45,AVG,8,92,2025-11-05 11:29:13,2025-11-05 11:56:24,SHORT,HARD_STOP,1,-250.0,-1257.0,67.0,125.0,26760,True,False,2.0,trend,0.888985,0.254386,0.219065,1.889881
W45,AVG,8,93,2025-11-05 12:03:35,2025-11-05 12:27:30,LONG,REVERSAL,0,100.0,496.5,100.0,93.0,15431,False,True,0.0,unclear,0.574739,0.158491,0.006182,-1.922619
W45,AVG,8,94,2025-11-05 12:27:30,2025-11-05 13:17:01,SHORT,HARD_STOP,1,-250.0,-1257.0,17.0,125.0,30524,True,False,0.0,unclear,0.809137,0.322034,0.072422,2.133929
W45,AVG,8,95,2025-11-05 13:33:01,2025-11-05 14:07:33,SHORT,REVERSAL,1,100.0,493.0,50.0,102.0,20125,False,True,0.0,unclear,0.782555,0.319527,0.071663,1.669643
W45,AVG,8,96,2025-11-05 14:07:33,2025-11-05 14:17:54,LONG,REVERSAL,0,100.0,496.5,100.0,46.0,9058,False,True,0.0,unclear,0.571706,0.198758,0.078228,-1.35119
W45,AVG,8,97,2025-11-05 14:17:54,2025-11-05 15:27:10,SHORT,REVERSAL,0,100.0,496.5,100.0,81.0,34637,False,True,0.0,unclear,0.843625,0.333333,0.032078,1.375
W45,AVG,8,98,2025-11-05 15:27:10,2025-11-05 15:48:03,LONG,HARD_STOP,1,-251.0,-1262.0,33.0,125.5,17062,True,False,0.0,unclear,0.780534,0.304348,0.044928,-1.080357
W45,AVG,8,99,2025-11-06 09:30:11,2025-11-06 09:30:23,SHORT,REVERSAL,0,100.0,496.5,100.0,7.0,849,False,True,0.0,unclear,0.605511,0.114391,0.014616,2.330357
W45,AVG,8,100,2025-11-06 09:30:23,2025-11-06 09:32:45,LONG,REVERSAL,1,100.0,493.0,50.0,100.0,7146,False,True,1.0,chop,0.065389,0.15411,0.02513,-0.830357
W45,AVG,8,101,2025-11-06 09:32:45,2025-11-06 09:33:54,SHORT,REVERSAL,0,100.0,496.5,100.0,39.0,2737,False,True,1.0,chop,0.296158,0.182456,0.068702,0.96131
W45,AVG,8,102,2025-11-06 09:33:54,2025-11-06 09:34:29,LONG,REVERSAL,0,100.0,496.5,100.0,13.0,1306,False,True,0.0,unclear,0.953357,0.37594,0.082484,-3.607143
W45,AVG,8,103,2025-11-06 09:34:29,2025-11-06 09:35:03,SHORT,REVERSAL,0,100.0,496.5,100.0,15.0,1152,False,True,0.0,unclear,0.855768,0.352713,0.005682,3.83631
W45,AVG,8,104,2025-11-06 09:35:03,2025-11-06 09:38:29,LONG,REVERSAL,0,100.0,496.5,100.0,60.0,8661,False,True,1.0,chop,0.339881,0.206767,0.106166,-2.053571
W45,AVG,8,105,2025-11-06 09:38:29,2025-11-06 09:40:09,SHORT,REVERSAL,0,100.0,496.5,100.0,32.0,3390,False,True,0.0,unclear,0.792715,0.254386,0.111851,2.291667
W45,AVG,8,106,2025-11-06 09:40:09,2025-11-06 09:41:32,LONG,HARD_STOP,1,-250.0,-1257.0,71.0,125.0,4767,True,False,2.0,trend,0.934021,0.337349,0.213921,-3.47619
W45,AVG,8,107,2025-11-06 09:42:22,2025-11-06 09:47:10,SHORT,HARD_STOP,1,-250.0,-1257.0,73.0,125.0,9975,True,False,0.0,unclear,0.763309,0.357977,0.176636,3.017857
W45,AVG,8,108,2025-11-06 09:48:51,2025-11-06 09:49:37,SHORT,REVERSAL,0,100.0,496.5,100.0,15.0,1657,False,True,0.0,unclear,0.982457,0.285068,0.092646,2.232143
W45,AVG,8,109,2025-11-06 09:49:37,2025-11-06 09:50:33,LONG,HARD_STOP,1,-250.0,-1257.0,31.0,125.0,3517,True,False,2.0,trend,0.828023,0.477477,0.060161,-3.863095
W45,AVG,8,110,2025-11-06 09:51:22,2025-11-06 09:53:16,LONG,REVERSAL,1,100.0,493.0,50.0,100.0,5785,False,True,0.0,unclear,0.850059,0.304348,0.105948,-2.556548
W45,AVG,8,111,2025-11-06 09:53:16,2025-11-06 09:54:55,SHORT,REVERSAL,0,100.0,496.5,100.0,19.0,3016,False,True,0.0,unclear,0.945658,0.39781,0.091163,4.03869
W45,AVG,8,112,2025-11-06 09:54:55,2025-11-06 09:59:52,LONG,HARD_STOP,1,-250.0,-1257.0,39.0,125.0,11868,True,False,0.0,unclear,0.569579,0.274021,0.090253,-1.833333
W45,AVG,8,113,2025-11-06 10:00:30,2025-11-06 10:02:33,LONG,HARD_STOP,1,-250.0,-1257.0,24.0,125.0,7234,True,False,0.0,unclear,0.683702,0.192469,0.078755,-1.46131
W45,AVG,8,114,2025-11-06 10:03:47,2025-11-06 10:04:28,SHORT,REVERSAL,0,101.0,501.5,101.0,25.0,2102,False,True,0.0,unclear,0.451808,0.198758,0.129335,2.3125
W45,AVG,8,115,2025-11-06 10:04:28,2025-11-06 10:05:16,LONG,REVERSAL,0,100.0,496.5,100.0,59.0,3080,False,True,2.0,trend,0.960384,0.550781,0.089655,-4.434524
W45,AVG,8,116,2025-11-06 10:05:16,2025-11-06 10:08:37,SHORT,REVERSAL,0,100.0,496.5,100.0,84.0,8673,False,True,2.0,trend,0.976231,0.548872,0.156206,5.306548
W45,AVG,8,117,2025-11-06 10:08:37,2025-11-06 10:09:34,LONG,REVERSAL,0,100.0,496.5,100.0,13.0,2073,False,True,0.0,unclear,0.456451,0.28013,0.096558,-2.425595
W45,AVG,8,118,2025-11-06 10:09:34,2025-11-06 10:12:45,SHORT,REVERSAL,1,100.0,493.0,65.0,100.0,7881,False,True,0.0,unclear,0.631809,0.28125,0.092664,2.303571
W45,AVG,8,119,2025-11-06 10:12:45,2025-11-06 10:15:08,LONG,HARD_STOP,1,-250.0,-1257.0,3.0,125.0,5225,True,False,1.0,chop,0.395508,0.211679,0.096503,-1.467262
W45,AVG,8,120,2025-11-06 10:15:27,2025-11-06 10:17:18,SHORT,HARD_STOP,1,-252.0,-1267.0,33.0,126.0,4990,True,False,0.0,unclear,0.52848,0.189189,0.114583,1.985119
W45,AVG,8,121,2025-11-06 10:18:44,2025-11-06 10:24:01,SHORT,HARD_STOP,1,-250.0,-1257.0,88.0,125.0,11785,True,False,0.0,unclear,0.555548,0.199219,0.147386,1.955357
W45,AVG,8,122,2025-11-06 10:26:27,2025-11-06 10:32:44,LONG,HARD_STOP,1,-252.0,-1267.0,27.0,126.0,11561,True,False,1.0,chop,0.225191,0.06734,0.049196,-1.386905
W45,AVG,8,123,2025-11-06 10:33:05,2025-11-06 10:36:31,LONG,HARD_STOP,1,-250.0,-1257.0,33.0,125.0,6830,True,False,2.0,trend,0.892526,0.491803,0.202578,-5.127976
W45,AVG,8,124,2025-11-06 10:36:53,2025-11-06 10:40:12,LONG,HARD_STOP,1,-252.0,-1267.0,20.0,126.0,9420,True,False,2.0,trend,0.765083,0.535714,0.126785,-3.125
W45,AVG,8,125,2025-11-06 10:42:25,2025-11-06 10:43:15,LONG,REVERSAL,0,100.0,496.5,100.0,2.0,1388,False,True,1.0,chop,0.026789,0.00885,0.029929,0.318452
W45,AVG,8,126,2025-11-06 10:43:15,2025-11-06 10:44:23,SHORT,REVERSAL,0,100.0,496.5,100.0,35.0,3436,False,True,0.0,unclear,0.891673,0.249169,0.066293,2.839286
W45,AVG,8,127,2025-11-06 10:44:23,2025-11-06 10:48:44,LONG,REVERSAL,1,100.0,493.0,99.0,100.0,11206,False,True,2.0,trend,0.875386,0.468401,0.142342,-3.83631
W45,AVG,8,128,2025-11-06 10:48:44,2025-11-06 10:49:32,SHORT,REVERSAL,0,100.0,496.5,100.0,15.0,1743,False,True,0.0,unclear,0.556285,0.251908,0.045987,2.133929
W45,AVG,8,129,2025-11-06 10:49:32,2025-11-06 10:49:53,LONG,REVERSAL,0,100.0,496.5,100.0,0.0,706,False,True,0.0,unclear,0.636311,0.233766,0.008396,-2.389881
W45,AVG,8,130,2025-11-06 10:49:53,2025-11-06 10:53:33,SHORT,REVERSAL,0,100.0,496.5,100.0,96.0,7776,False,True,1.0,chop,0.31127,0.15942,0.013764,1.452381
W45,AVG,8,131,2025-11-06 10:53:33,2025-11-06 10:54:47,LONG,REVERSAL,0,100.0,496.5,100.0,41.0,2983,False,True,0.0,unclear,0.407747,0.207358,0.12268,-1.666667
W45,AVG,8,132,2025-11-06 10:54:47,2025-11-06 10:56:29,SHORT,REVERSAL,0,101.0,501.5,101.0,76.0,3466,False,True,2.0,trend,0.899526,0.431973,0.150943,4.247024
W45,AVG,8,133,2025-11-06 10:56:29,2025-11-06 11:01:06,LONG,REVERSAL,0,101.0,501.5,101.0,90.0,8567,False,True,0.0,unclear,0.840271,0.38342,0.074749,-6.47619
W45,AVG,8,134,2025-11-06 11:01:06,2025-11-06 11:07:19,SHORT,REVERSAL,1,100.0,493.0,84.0,100.0,11044,False,True,0.0,unclear,0.610936,0.294702,0.094067,3.261905
W45,AVG,8,135,2025-11-06 11:07:19,2025-11-06 11:12:01,LONG,REVERSAL,1,100.0,493.0,69.0,100.0,6374,False,True,2.0,trend,0.779986,0.401993,0.124476,-3.699405
W45,AVG,8,136,2025-11-06 11:12:01,2025-11-06 11:18:53,SHORT,REVERSAL,0,100.0,496.5,100.0,92.0,8438,False,True,0.0,unclear,0.528101,0.132791,0.005261,2.279762
W45,AVG,8,137,2025-11-06 11:18:53,2025-11-06 11:21:01,LONG,REVERSAL,0,100.0,496.5,100.0,86.0,3205,False,True,0.0,unclear,0.439354,0.2875,0.081998,-2.854167
W45,AVG,8,138,2025-11-06 11:21:01,2025-11-06 11:22:26,SHORT,REVERSAL,0,100.0,496.5,100.0,21.0,1587,False,True,0.0,unclear,0.458263,0.079909,0.08242,2.833333
W45,AVG,8,139,2025-11-06 11:22:26,2025-11-06 11:29:05,LONG,REVERSAL,1,100.0,493.0,50.0,100.0,10285,False,True,0.0,unclear,0.435132,0.29064,0.053428,-2.880952
W45,AVG,8,140,2025-11-06 11:29:05,2025-11-06 11:30:41,SHORT,REVERSAL,1,100.0,493.0,50.0,100.0,2835,False,True,0.0,unclear,0.704988,0.273723,0.125884,2.639881
W45,AVG,8,141,2025-11-06 11:30:41,2025-11-06 11:35:33,LONG,HARD_STOP,1,-250.0,-1257.0,60.0,125.0,5330,True,False,0.0,unclear,0.872319,0.327465,0.058717,-3.497024
W45,AVG,8,142,2025-11-06 11:35:37,2025-11-06 11:36:36,LONG,REVERSAL,0,100.0,496.5,100.0,23.0,2519,False,True,2.0,trend,0.990946,0.656604,0.345955,-6.630952
W45,AVG,8,143,2025-11-06 11:36:36,2025-11-06 11:40:26,SHORT,REVERSAL,0,100.0,496.5,100.0,50.0,4614,False,True,0.0,unclear,0.654733,0.304511,0.132251,2.428571
W45,AVG,8,144,2025-11-06 11:40:26,2025-11-06 11:52:32,LONG,REVERSAL,0,100.0,496.5,100.0,92.0,15435,False,True,0.0,unclear,0.681115,0.288889,0.031993,-2.175595
W45,AVG,8,145,2025-11-06 11:52:32,2025-11-06 11:55:17,SHORT,REVERSAL,0,101.0,501.5,101.0,56.0,4089,False,True,0.0,unclear,0.707236,0.231454,0.081454,3.416667
W45,AVG,8,146,2025-11-06 11:55:17,2025-11-06 11:56:52,LONG,HARD_STOP,1,-250.0,-1257.0,20.0,125.0,3423,True,False,1.0,chop,0.032985,0.125,0.007916,-0.723214
W45,AVG,8,147,2025-11-06 11:57:50,2025-11-06 12:01:06,SHORT,HARD_STOP,1,-250.0,-1257.0,65.0,125.0,5150,True,False,0.0,unclear,0.884004,0.29304,0.005811,3.065476
W45,AVG,8,148,2025-11-06 12:02:09,2025-11-06 12:05:48,LONG,REVERSAL,0,101.0,501.5,101.0,19.0,3468,False,True,1.0,chop,0.149721,0.058309,0.022264,-0.883929
W45,AVG,8,149,2025-11-06 12:05:48,2025-11-06 12:07:29,SHORT,REVERSAL,0,101.0,501.5,101.0,28.0,2244,False,True,0.0,unclear,0.575163,0.238372,0.026952,1.910714
W45,AVG,8,150,2025-11-06 12:07:29,2025-11-06 12:09:28,LONG,REVERSAL,0,100.0,496.5,100.0,61.0,2256,False,True,0.0,unclear,0.47967,0.152284,0.017282,-3.077381
W45,AVG,8,151,2025-11-06 12:09:28,2025-11-06 12:13:40,SHORT,REVERSAL,1,100.0,493.0,50.0,100.0,6167,False,True,0.0,unclear,0.57434,0.382114,0.050911,4.190476
W45,AVG,8,152,2025-11-06 12:13:40,2025-11-06 12:18:12,LONG,REVERSAL,1,100.0,493.0,50.0,100.0,5758,False,True,0.0,unclear,0.511972,0.264085,0.134011,-1.872024
W45,AVG,8,153,2025-11-06 12:18:12,2025-11-06 12:20:08,SHORT,REVERSAL,0,100.0,496.5,100.0,16.0,2215,False,True,0.0,unclear,0.791007,0.371014,0.066092,4.21131
W45,AVG,8,154,2025-11-06 12:20:08,2025-11-06 12:26:42,LONG,HARD_STOP,1,-250.0,-1257.0,42.0,125.0,7504,True,False,0.0,unclear,0.588335,0.071651,0.048302,-1.342262
W45,AVG,8,155,2025-11-06 12:27:19,2025-11-06 12:32:26,SHORT,HARD_STOP,1,-250.0,-1257.0,21.0,125.0,6199,True,False,0.0,unclear,0.706951,0.225,0.112964,2.919643
W45,AVG,8,156,2025-11-06 12:34:21,2025-11-06 12:37:23,LONG,REVERSAL,0,100.0,496.5,100.0,43.0,3277,False,True,1.0,chop,0.380858,0.168285,0.067353,-2.10119
W45,AVG,8,157,2025-11-06 12:37:23,2025-11-06 12:39:50,SHORT,REVERSAL,0,101.0,501.5,101.0,10.0,2344,False,True,1.0,chop,0.361987,0.095588,0.032692,1.059524
W45,AVG,8,158,2025-11-06 12:39:50,2025-11-06 12:42:31,LONG,REVERSAL,0,100.0,496.5,100.0,33.0,2418,False,True,1.0,chop,0.378539,0.241497,0.045192,-2.497024
W45,AVG,8,159,2025-11-06 12:42:31,2025-11-06 12:48:15,SHORT,HARD_STOP,1,-250.0,-1257.0,8.0,125.0,6996,True,False,0.0,unclear,0.558088,0.214286,0.031205,2.544643
W45,AVG,8,160,2025-11-06 12:51:38,2025-11-06 13:03:15,SHORT,REVERSAL,0,100.0,496.5,100.0,63.0,10882,False,True,0.0,unclear,0.844738,0.326087,0.109665,2.160714
W45,AVG,8,161,2025-11-06 13:03:15,2025-11-06 13:06:00,LONG,HARD_STOP,1,-252.0,-1267.0,26.0,126.0,4547,True,False,0.0,unclear,0.864306,0.362369,0.112703,-4.672619
W45,AVG,8,162,2025-11-06 13:06:45,2025-11-06 13:23:32,LONG,REVERSAL,0,100.0,496.5,100.0,89.0,15549,False,True,2.0,trend,0.774043,0.419244,0.059659,-3.491071
W45,AVG,8,163,2025-11-06 13:23:32,2025-11-06 13:25:26,SHORT,HARD_STOP,1,-252.0,-1267.0,0.0,126.0,2353,True,False,1.0,chop,0.321019,0.171053,0.038745,1.604167
W45,AVG,8,164,2025-11-06 13:26:47,2025-11-06 13:27:57,SHORT,REVERSAL,0,100.0,496.5,100.0,6.0,1419,False,True,2.0,trend,0.862479,0.4,0.021739,3.193452
W45,AVG,8,165,2025-11-06 13:27:57,2025-11-06 13:29:07,LONG,REVERSAL,0,100.0,496.5,100.0,0.0,983,False,True,0.0,unclear,0.706968,0.180769,0.059085,-2.901786
W45,AVG,8,166,2025-11-06 13:29:07,2025-11-06 13:46:45,SHORT,REVERSAL,1,100.0,493.0,70.0,100.0,15053,False,True,0.0,unclear,0.589899,0.269962,0.007098,2.514881
W45,AVG,8,167,2025-11-06 13:46:45,2025-11-06 13:51:23,LONG,REVERSAL,0,100.0,496.5,100.0,38.0,4625,False,True,2.0,trend,0.969091,0.4,0.051351,-3.827381
W45,AVG,8,168,2025-11-06 13:51:23,2025-11-06 13:55:47,SHORT,REVERSAL,0,100.0,496.5,100.0,10.0,2837,False,True,0.0,unclear,0.608126,0.178808,0.048579,1.407738
W45,AVG,8,169,2025-11-06 13:55:47,2025-11-06 14:00:47,LONG,REVERSAL,1,100.0,493.0,50.0,100.0,5022,False,True,1.0,chop,0.047225,0.068768,0.072368,-0.758929
W45,AVG,8,170,2025-11-06 14:00:47,2025-11-06 14:05:23,SHORT,HARD_STOP,1,-250.0,-1257.0,54.0,125.0,5305,True,False,0.0,unclear,0.487244,0.030405,0.040389,0.839286
W45,AVG,8,171,2025-11-06 14:06:24,2025-11-06 14:08:17,SHORT,REVERSAL,0,100.0,496.5,100.0,41.0,2761,False,True,2.0,trend,0.967672,0.491071,0.127902,3.630952
W45,AVG,8,172,2025-11-06 14:08:17,2025-11-06 14:14:25,LONG,REVERSAL,0,100.0,496.5,100.0,36.0,4643,False,True,0.0,unclear,0.865347,0.29572,0.140589,-2.800595
W45,AVG,8,173,2025-11-06 14:14:25,2025-11-06 14:17:21,SHORT,REVERSAL,0,100.0,496.5,100.0,6.0,2659,False,True,0.0,unclear,0.683861,0.217082,0.055083,1.964286
W45,AVG,8,174,2025-11-06 14:17:21,2025-11-06 14:25:03,LONG,REVERSAL,0,100.0,496.5,100.0,52.0,5314,False,True,0.0,unclear,0.793362,0.30721,0.026858,-3.107143
W45,AVG,8,175,2025-11-06 14:25:03,2025-11-06 14:41:15,SHORT,REVERSAL,1,100.0,493.0,50.0,101.0,14599,False,True,0.0,unclear,0.508127,0.175227,0.099567,2.193452
W45,AVG,8,176,2025-11-06 14:41:15,2025-11-06 14:44:42,LONG,REVERSAL,1,98.0,483.0,49.0,102.0,4034,False,True,2.0,trend,0.821266,0.345,0.227866,-2.428571
W45,AVG,8,177,2025-11-06 14:44:42,2025-11-06 14:48:55,SHORT,REVERSAL,0,101.0,501.5,101.0,27.0,3080,False,True,0.0,unclear,0.94009,0.330798,0.102267,3.574405
W45,AVG,8,178,2025-11-06 14:48:55,2025-11-06 14:56:14,LONG,REVERSAL,0,100.0,496.5,100.0,80.0,6934,False,True,0.0,unclear,0.893793,0.330159,0.093839,-3.276786
W45,AVG,8,179,2025-11-06 14:56:14,2025-11-06 14:59:40,SHORT,REVERSAL,1,100.0,493.0,50.0,100.0,3666,False,True,0.0,unclear,0.735534,0.326733,0.128604,3.345238
W45,AVG,8,180,2025-11-06 14:59:40,2025-11-06 15:23:49,LONG,REVERSAL,1,100.0,493.0,59.0,109.0,16392,False,True,0.0,unclear,0.900275,0.34188,0.081056,-3.440476
W45,AVG,8,181,2025-11-06 15:23:49,2025-11-06 15:28:17,SHORT,REVERSAL,0,100.0,496.5,100.0,15.0,2450,False,True,0.0,unclear,0.655438,0.148551,0.079551,1.85119
W45,AVG,8,182,2025-11-06 15:28:17,2025-11-06 15:32:09,LONG,HARD_STOP,1,-250.0,-1257.0,30.0,125.0,5281,True,False,0.0,unclear,0.683811,0.168254,0.099953,-3.133929
W45,AVG,8,183,2025-11-06 15:32:58,2025-11-06 15:38:36,SHORT,REVERSAL,1,104.0,513.0,52.0,100.0,5391,False,True,1.0,chop,0.233039,0.106227,0.038023,1.568452
W45,AVG,8,184,2025-11-06 15:38:36,2025-11-06 15:45:02,LONG,HARD_STOP,1,-250.0,-1257.0,13.0,125.0,6366,True,False,0.0,unclear,0.534766,0.181529,0.123636,-2.217262
W45,AVG,8,185,2025-11-06 15:46:22,2025-11-06 15:49:50,LONG,EOD_FLATTEN,1,-42.0,-217.0,3.0,100.0,4720,False,False,2.0,trend,0.709374,0.395349,0.242048,-3.145833
W45,AVG,8,186,2025-11-07 09:30:06,2025-11-07 09:32:58,LONG,REVERSAL,1,100.0,493.0,63.0,112.0,9976,False,True,0.0,unclear,0.702639,0.243827,0.011364,-2.827381
W45,AVG,8,187,2025-11-07 09:32:58,2025-11-07 09:33:37,SHORT,REVERSAL,0,101.0,501.5,101.0,13.0,1120,False,True,1.0,chop,0.208289,0.167116,0.053915,2.315476
W45,AVG,8,188,2025-11-07 09:33:37,2025-11-07 09:36:19,LONG,HARD_STOP,1,-250.0,-1257.0,56.0,125.0,6779,True,False,1.0,chop,0.007927,0.04902,0.103349,-0.404762
W45,AVG,8,189,2025-11-07 09:37:07,2025-11-07 09:37:51,LONG,HARD_STOP,1,-250.0,-1257.0,17.0,125.0,3284,True,False,1.0,chop,0.325503,0.179167,0.145175,-1.220238
W45,AVG,8,190,2025-11-07 09:38:37,2025-11-07 09:39:09,SHORT,REVERSAL,0,100.0,496.5,100.0,34.0,1941,False,True,0.0,unclear,0.676002,0.311728,0.150386,3.285714
W45,AVG,8,191,2025-11-07 09:39:09,2025-11-07 09:42:03,LONG,REVERSAL,0,100.0,496.5,100.0,82.0,9644,False,True,0.0,unclear,0.891713,0.330275,0.034234,-4.032738
W45,AVG,8,192,2025-11-07 09:42:03,2025-11-07 09:46:36,SHORT,REVERSAL,1,100.0,493.0,94.0,100.0,10541,False,True,2.0,trend,0.912756,0.453608,0.146299,5.342262
W45,AVG,8,193,2025-11-07 09:46:36,2025-11-07 09:47:25,LONG,REVERSAL,1,100.0,493.0,50.0,100.0,2085,False,True,1.0,chop,0.232699,0.143902,0.091301,-1.770833
W45,AVG,8,194,2025-11-07 09:47:25,2025-11-07 09:48:01,SHORT,REVERSAL,0,100.0,496.5,100.0,13.0,1088,False,True,0.0,unclear,0.480226,0.120743,0.016175,1.952381
W45,AVG,8,195,2025-11-07 09:48:01,2025-11-07 09:48:28,LONG,REVERSAL,0,100.0,496.5,100.0,23.0,1047,False,True,0.0,unclear,0.547309,0.196319,0.011121,-2.761905
W45,AVG,8,196,2025-11-07 09:48:28,2025-11-07 09:49:31,SHORT,REVERSAL,1,100.0,493.0,50.0,100.0,2744,False,True,0.0,unclear,0.433689,0.229226,0.00689,2.916667
W45,AVG,8,197,2025-11-07 09:49:31,2025-11-07 09:50:42,LONG,REVERSAL,1,100.0,493.0,50.0,100.0,2417,False,True,0.0,unclear,0.569608,0.393189,0.034192,-3.994048
W45,AVG,8,198,2025-11-07 09:50:42,2025-11-07 09:51:18,SHORT,REVERSAL,0,100.0,496.5,100.0,22.0,834,False,True,0.0,unclear,0.741627,0.281481,0.03389,3.574405
W45,AVG,8,199,2025-11-07 09:51:18,2025-11-07 09:51:29,LONG,REVERSAL,0,100.0,496.5,100.0,15.0,528,False,True,1.0,chop,0.059301,0.111111,0.020545,-0.916667
W45,AVG,8,200,2025-11-07 09:51:29,2025-11-07 09:53:04,SHORT,HARD_STOP,1,-251.0,-1262.0,40.0,125.5,3511,True,False,1.0,chop,0.002017,0.153846,0.007685,0.1875
W45,AVG,8,201,2025-11-07 09:53:37,2025-11-07 09:56:06,LONG,REVERSAL,0,100.0,496.5,100.0,54.0,3898,False,True,0.0,unclear,0.56879,0.113208,0.051123,-2.363095
W45,AVG,8,202,2025-11-07 09:56:06,2025-11-07 09:59:08,SHORT,REVERSAL,1,100.0,493.0,76.0,100.0,5477,False,True,0.0,unclear,0.734307,0.121372,0.003236,2.083333
W45,AVG,8,203,2025-11-07 09:59:08,2025-11-07 10:00:44,LONG,HARD_STOP,1,-250.0,-1257.0,83.0,125.0,3389,True,False,0.0,unclear,0.715062,0.264798,0.003263,-3.098214
W45,AVG,8,204,2025-11-07 10:02:28,2025-11-07 10:03:14,SHORT,REVERSAL,0,100.0,496.5,100.0,30.0,2005,False,True,1.0,chop,0.295594,0.113703,0.012597,1.678571
W45,AVG,8,205,2025-11-07 10:03:14,2025-11-07 10:06:16,LONG,HARD_STOP,1,-250.0,-1257.0,30.0,125.0,6327,True,False,0.0,unclear,0.895663,0.326733,0.108298,-4.03869
W45,AVG,8,206,2025-11-07 10:06:50,2025-11-07 10:08:50,LONG,REVERSAL,0,100.0,496.5,100.0,45.0,5381,False,True,0.0,unclear,0.868293,0.319797,0.023529,-2.276786
W45,AVG,8,207,2025-11-07 10:08:50,2025-11-07 10:09:54,SHORT,HARD_STOP,1,-250.0,-1257.0,0.0,125.0,3353,True,False,2.0,trend,0.863633,0.40636,0.129445,3.321429
W45,AVG,8,208,2025-11-07 10:10:24,2025-11-07 10:12:53,SHORT,REVERSAL,1,98.0,483.0,49.0,102.0,6594,False,True,0.0,unclear,0.565916,0.227545,0.018519,2.627976
W45,AVG,8,209,2025-11-07 10:12:53,2025-11-07 10:13:48,LONG,REVERSAL,0,100.0,496.5,100.0,0.0,1597,False,True,1.0,chop,0.218725,0.19398,0.049672,-1.526786
W45,AVG,8,210,2025-11-07 10:13:48,2025-11-07 10:17:05,SHORT,REVERSAL,1,102.0,503.0,51.0,100.0,7208,False,True,0.0,unclear,0.527879,0.21021,0.007985,2.142857
W45,AVG,8,211,2025-11-07 10:17:05,2025-11-07 10:19:43,LONG,REVERSAL,1,104.0,513.0,52.0,100.0,6202,False,True,0.0,unclear,0.578031,0.238095,0.061361,-2.291667
W45,AVG,8,212,2025-11-07 10:19:43,2025-11-07 10:21:57,SHORT,REVERSAL,1,100.0,493.0,61.0,100.0,4788,False,True,1.0,chop,0.39458,0.198777,0.084431,2.627976
W45,AVG,8,213,2025-11-07 10:21:57,2025-11-07 10:23:48,LONG,HARD_STOP,1,-260.0,-1307.0,92.0,130.0,3746,True,False,1.0,chop,0.011518,0.091533,0.056463,-0.357143
W45,AVG,8,214,2025-11-07 10:24:13,2025-11-07 10:24:52,SHORT,REVERSAL,0,100.0,496.5,100.0,28.0,1120,False,True,1.0,chop,0.023958,0.0,0.203937,0.517857
W45,AVG,8,215,2025-11-07 10:24:52,2025-11-07 10:25:46,LONG,REVERSAL,0,100.0,496.5,100.0,11.0,1878,False,True,1.0,chop,0.046289,0.107256,0.016803,-0.827381
W45,AVG,8,216,2025-11-07 10:25:46,2025-11-07 10:26:41,SHORT,HARD_STOP,1,-250.0,-1257.0,26.0,125.0,2512,True,False,0.0,unclear,0.549781,0.275862,0.101944,2.089286
W45,AVG,8,217,2025-11-07 10:26:55,2025-11-07 10:31:07,LONG,HARD_STOP,1,-251.0,-1262.0,65.0,125.5,7565,True,False,1.0,chop,0.235214,0.091892,0.045455,1.699405
W45,AVG,8,218,2025-11-07 10:31:37,2025-11-07 10:32:35,SHORT,REVERSAL,0,100.0,496.5,100.0,12.0,1693,False,True,1.0,chop,0.068679,0.074519,0.043602,0.782738
W45,AVG,8,219,2025-11-07 10:32:35,2025-11-07 10:37:07,LONG,REVERSAL,1,104.0,513.0,65.0,118.0,8879,False,True,0.0,unclear,0.900687,0.220903,0.017015,-3.53869
W45,AVG,8,220,2025-11-07 10:37:07,2025-11-07 10:37:38,SHORT,REVERSAL,0,100.0,496.5,100.0,43.0,998,False,True,0.0,unclear,0.939757,0.391304,0.068803,5.333333
W45,AVG,8,221,2025-11-07 10:37:38,2025-11-07 10:41:40,LONG,HARD_STOP,1,-251.0,-1262.0,44.0,125.5,6160,True,False,1.0,chop,0.372004,0.117801,0.016424,-2.217262
W45,AVG,8,222,2025-11-07 10:44:41,2025-11-07 10:50:28,LONG,REVERSAL,0,100.0,496.5,100.0,90.0,9518,False,True,0.0,unclear,0.802971,0.236111,0.053814,-2.297619
W45,AVG,8,223,2025-11-07 10:50:28,2025-11-07 10:51:30,SHORT,REVERSAL,0,100.0,496.5,100.0,25.0,1657,False,True,2.0,trend,0.966746,0.452703,0.219298,5.03869
W45,AVG,8,224,2025-11-07 10:51:30,2025-11-07 11:00:00,LONG,HARD_STOP,1,-250.0,-1257.0,46.0,125.0,10453,True,False,0.0,unclear,0.885732,0.259494,0.060478,-2.949405
W45,AVG,8,225,2025-11-07 11:00:26,2025-11-07 11:04:13,SHORT,REVERSAL,0,100.0,496.5,100.0,61.0,4610,False,True,0.0,unclear,0.408806,0.28692,0.092231,2.092262
W45,AVG,8,226,2025-11-07 11:04:13,2025-11-07 11:05:00,LONG,REVERSAL,0,100.0,496.5,100.0,9.0,979,False,True,0.0,unclear,0.617074,0.290625,0.088194,-2.565476
W45,AVG,8,227,2025-11-07 11:05:00,2025-11-07 11:06:50,SHORT,REVERSAL,0,100.0,496.5,100.0,37.0,2147,False,True,1.0,chop,0.013679,0.009615,0.088828,0.431548
W45,AVG,8,228,2025-11-07 11:06:50,2025-11-07 11:15:18,LONG,HARD_STOP,1,-250.0,-1257.0,47.0,125.0,12440,True,False,0.0,unclear,0.418406,0.134021,0.086142,-2.877976
W45,AVG,8,229,2025-11-07 11:17:21,2025-11-07 11:23:23,SHORT,HARD_STOP,1,-250.0,-1257.0,52.0,125.0,9379,True,False,0.0,unclear,0.775971,0.313305,0.122222,3.047619
W45,AVG,8,230,2025-11-07 11:24:41,2025-11-07 11:34:31,LONG,REVERSAL,1,100.0,493.0,50.0,100.0,10196,False,True,0.0,unclear,0.740491,0.219585,0.022446,-2.800595
W45,AVG,8,231,2025-11-07 11:34:31,2025-11-07 11:35:38,SHORT,REVERSAL,0,100.0,496.5,100.0,11.0,1898,False,True,0.0,unclear,0.674831,0.310734,0.08797,3.75
W45,AVG,8,232,2025-11-07 11:35:38,2025-11-07 11:43:52,LONG,REVERSAL,1,100.0,493.0,50.0,102.0,9029,False,True,0.0,unclear,0.652825,0.216828,0.015075,-2.482143
W45,AVG,8,233,2025-11-07 11:43:52,2025-11-07 11:46:39,SHORT,REVERSAL,0,100.0,496.5,100.0,54.0,3513,False,True,0.0,unclear,0.680778,0.377778,0.194296,3.276786
W45,AVG,8,234,2025-11-07 11:46:39,2025-11-07 11:51:23,LONG,REVERSAL,0,100.0,496.5,100.0,35.0,4124,False,True,2.0,trend,0.93401,0.483776,0.140301,-5.565476
W45,AVG,8,235,2025-11-07 11:51:23,2025-11-07 11:54:28,SHORT,REVERSAL,0,100.0,496.5,100.0,62.0,3367,False,True,0.0,unclear,0.718095,0.279452,0.139513,2.970238
W45,AVG,8,236,2025-11-07 11:54:28,2025-11-07 11:57:35,LONG,HARD_STOP,1,-252.0,-1267.0,31.0,126.0,4496,True,False,2.0,trend,0.895088,0.370607,0.215669,-4.651786
W45,AVG,8,237,2025-11-07 11:59:36,2025-11-07 12:07:03,SHORT,REVERSAL,0,100.0,496.5,100.0,57.0,6258,False,True,0.0,unclear,0.928955,0.334842,0.10382,2.952381
W45,AVG,8,238,2025-11-07 12:07:03,2025-11-07 12:11:52,LONG,REVERSAL,0,100.0,496.5,100.0,38.0,4208,False,True,0.0,unclear,0.676699,0.281457,0.002809,-3.0
W45,AVG,8,239,2025-11-07 12:11:52,2025-11-07 12:16:30,SHORT,HARD_STOP,1,-250.0,-1257.0,26.0,125.0,5428,True,False,1.0,chop,0.087994,0.142857,0.041057,0.919643
W45,AVG,8,240,2025-11-07 12:20:51,2025-11-07 12:23:29,SHORT,HARD_STOP,1,-252.0,-1267.0,0.0,126.0,4363,True,False,1.0,chop,0.169265,0.174699,0.102003,1.261905
W45,AVG,8,241,2025-11-07 12:26:13,2025-11-07 12:28:06,SHORT,REVERSAL,0,100.0,496.5,100.0,33.0,2428,False,True,0.0,unclear,0.646334,0.174342,0.129047,2.550595
W45,AVG,8,242,2025-11-07 12:28:06,2025-11-07 12:32:41,LONG,REVERSAL,0,100.0,496.5,100.0,52.0,4951,False,True,0.0,unclear,0.752746,0.335849,0.145244,-3.318452
W45,AVG,8,243,2025-11-07 12:32:41,2025-11-07 12:35:07,SHORT,REVERSAL,0,100.0,496.5,100.0,14.0,2087,False,True,0.0,unclear,0.913817,0.286932,0.093839,3.357143
W45,AVG,8,244,2025-11-07 12:35:07,2025-11-07 12:37:29,LONG,REVERSAL,0,100.0,496.5,100.0,26.0,2128,False,True,1.0,chop,0.338311,0.326154,0.017461,-1.866071
W45,AVG,8,245,2025-11-07 12:37:29,2025-11-07 12:38:28,SHORT,REVERSAL,0,101.0,501.5,101.0,1.0,674,False,True,0.0,unclear,0.567478,0.2,0.130317,2.470238
W45,AVG,8,246,2025-11-07 12:38:28,2025-11-07 12:48:05,LONG,HARD_STOP,1,-252.0,-1267.0,42.0,126.0,8460,True,False,1.0,chop,0.373092,0.297935,0.025806,-2.446429
W45,AVG,8,247,2025-11-07 12:48:53,2025-11-07 12:51:47,LONG,REVERSAL,0,101.0,501.5,101.0,40.0,3285,False,True,2.0,trend,0.896302,0.432343,0.332852,-4.104167
W45,AVG,8,248,2025-11-07 12:51:47,2025-11-07 12:57:01,SHORT,HARD_STOP,1,-251.0,-1262.0,71.0,125.5,5488,True,False,2.0,trend,0.945587,0.511111,0.165453,5.607143
W45,AVG,8,249,2025-11-07 13:00:14,2025-11-07 13:05:14,SHORT,REVERSAL,0,100.0,496.5,100.0,28.0,4417,False,True,0.0,unclear,0.602333,0.241758,0.088299,2.217262
W45,AVG,8,250,2025-11-07 13:05:14,2025-11-07 13:08:08,LONG,REVERSAL,0,100.0,496.5,100.0,24.0,2149,False,True,1.0,chop,0.179013,0.162338,0.067522,-1.08631
W45,AVG,8,251,2025-11-07 13:08:08,2025-11-07 13:17:45,SHORT,REVERSAL,1,100.0,493.0,50.0,100.0,8153,False,True,2.0,trend,0.844256,0.437107,0.147732,3.886905
W45,AVG,8,252,2025-11-07 13:17:45,2025-11-07 13:18:34,LONG,REVERSAL,0,100.0,496.5,100.0,13.0,882,False,True,0.0,unclear,0.540845,0.236364,0.151711,-1.577381
W45,AVG,8,253,2025-11-07 13:18:34,2025-11-07 13:25:38,SHORT,HARD_STOP,1,-250.0,-1257.0,52.0,125.0,7180,True,False,0.0,unclear,0.537619,0.259124,0.00273,2.264881
W45,AVG,8,254,2025-11-07 13:31:44,2025-11-07 13:36:16,SHORT,REVERSAL,0,100.0,496.5,100.0,23.0,4197,False,True,0.0,unclear,0.596998,0.200837,0.092736,1.208333
W45,AVG,8,255,2025-11-07 13:36:16,2025-11-07 13:39:03,LONG,REVERSAL,0,100.0,496.5,100.0,43.0,2576,False,True,0.0,unclear,0.495939,0.161404,0.080928,-1.502976
W45,AVG,8,256,2025-11-07 13:39:03,2025-11-07 13:47:52,SHORT,REVERSAL,0,100.0,496.5,100.0,98.0,7258,False,True,0.0,unclear,0.836293,0.382671,0.094718,3.678571
W45,AVG,8,257,2025-11-07 13:47:52,2025-11-07 13:54:05,LONG,HARD_STOP,1,-251.0,-1262.0,40.0,125.5,6639,True,False,0.0,unclear,0.902117,0.293333,0.104779,-3.446429
W45,AVG,8,258,2025-11-07 13:54:59,2025-11-07 13:58:00,SHORT,HARD_STOP,1,-250.0,-1257.0,5.0,125.0,4087,True,False,1.0,chop,0.362221,0.232653,0.027436,1.720238
W45,AVG,8,259,2025-11-07 14:00:00,2025-11-07 14:02:09,LONG,REVERSAL,0,100.0,496.5,100.0,69.0,2195,False,True,1.0,chop,0.350909,0.220395,0.052107,-2.372024
W45,AVG,8,260,2025-11-07 14:02:09,2025-11-07 14:31:26,SHORT,HARD_STOP,1,-250.0,-1257.0,89.0,125.0,20691,True,False,0.0,unclear,0.750918,0.258667,0.088813,4.184524
W45,AVG,8,261,2025-11-07 14:36:02,2025-11-07 14:40:33,SHORT,HARD_STOP,1,-250.0,-1257.0,24.0,125.0,6214,True,False,0.0,unclear,0.58043,0.329457,0.024732,1.943452
W45,AVG,8,262,2025-11-07 14:41:12,2025-11-07 14:45:20,SHORT,REVERSAL,1,100.0,493.0,66.0,100.0,7199,False,True,2.0,trend,0.995038,0.509294,0.047619,5.005952
W45,AVG,8,263,2025-11-07 14:45:20,2025-11-07 14:48:58,LONG,REVERSAL,1,100.0,493.0,54.0,100.0,5708,False,True,0.0,unclear,0.865736,0.212355,0.012241,-2.657738
W45,AVG,8,264,2025-11-07 14:48:58,2025-11-07 15:02:54,SHORT,HARD_STOP,1,-250.0,-1257.0,66.0,125.0,12558,True,False,0.0,unclear,0.61441,0.107527,0.052977,2.46131
W45,AVG,8,265,2025-11-07 15:03:12,2025-11-07 15:04:14,LONG,REVERSAL,0,102.0,506.5,102.0,4.0,926,False,True,1.0,chop,0.160484,0.007614,0.023037,1.535714
W45,AVG,8,266,2025-11-07 15:04:14,2025-11-07 15:05:02,SHORT,REVERSAL,0,100.0,496.5,100.0,23.0,1344,False,True,1.0,chop,0.051617,0.056757,0.090823,0.77381
W45,AVG,8,267,2025-11-07 15:05:02,2025-11-07 15:08:27,LONG,REVERSAL,1,100.0,493.0,53.0,100.0,6510,False,True,0.0,unclear,0.880503,0.342282,0.101092,-4.166667
W45,AVG,8,268,2025-11-07 15:08:27,2025-11-07 15:14:41,SHORT,REVERSAL,1,100.0,493.0,50.0,100.0,4791,False,True,2.0,trend,0.936046,0.420382,0.146016,4.52381
W45,AVG,8,269,2025-11-07 15:14:41,2025-11-07 15:19:07,LONG,HARD_STOP,1,-250.0,-1257.0,54.0,125.0,3552,True,False,0.0,unclear,0.523439,0.054286,0.038033,-1.467262
W45,AVG,8,270,2025-11-07 15:19:32,2025-11-07 15:21:02,SHORT,REVERSAL,0,100.0,496.5,100.0,15.0,1389,False,True,1.0,chop,0.174531,0.089041,0.002671,0.922619
W45,AVG,8,271,2025-11-07 15:21:02,2025-11-07 15:27:38,LONG,REVERSAL,1,102.0,503.0,89.0,100.0,6975,False,True,0.0,unclear,0.7323,0.293286,0.020175,-3.479167
W45,AVG,8,272,2025-11-07 15:27:38,2025-11-07 15:29:52,SHORT,REVERSAL,1,102.0,503.0,51.0,100.0,2800,False,True,0.0,unclear,0.820763,0.373626,0.009848,3.303571
W45,AVG,8,273,2025-11-07 15:29:52,2025-11-07 15:30:22,LONG,REVERSAL,0,101.0,501.5,101.0,2.0,612,False,True,1.0,chop,4.4e-05,0.077612,0.066426,0.020833
W45,AVG,8,274,2025-11-07 15:30:22,2025-11-07 15:44:00,SHORT,HARD_STOP,1,-250.0,-1257.0,30.0,125.0,11885,True,False,1.0,chop,0.001176,0.048159,0.009276,-0.116071
W45,AVG,8,275,2025-11-07 15:46:02,2025-11-07 15:49:50,LONG,EOD_FLATTEN,1,-236.0,-1187.0,62.0,120.0,3668,False,False,2.0,trend,0.88878,0.429688,0.066104,-3.5625
W44,GOOD,8,0,2025-10-27 09:30:06,2025-10-27 09:35:02,SHORT,REVERSAL,0,100.0,496.5,100.0,82.0,13555,False,True,0.0,unclear,0.592482,0.265217,0.02514,2.16369
W44,GOOD,8,1,2025-10-27 09:35:02,2025-10-27 09:38:46,LONG,REVERSAL,0,100.0,496.5,100.0,70.0,8901,False,True,0.0,unclear,0.776672,0.323276,0.159213,-2.208333
W44,GOOD,8,2,2025-10-27 09:38:46,2025-10-27 09:41:59,SHORT,REVERSAL,0,100.0,496.5,100.0,32.0,5791,False,True,2.0,trend,0.908812,0.462617,0.127358,3.16369
W44,GOOD,8,3,2025-10-27 09:41:59,2025-10-27 09:44:42,LONG,REVERSAL,0,100.0,496.5,100.0,7.0,3405,False,True,2.0,trend,0.889677,0.504237,0.081232,-4.541667
W44,GOOD,8,4,2025-10-27 09:44:42,2025-10-27 09:51:18,SHORT,REVERSAL,0,100.0,496.5,100.0,36.0,7549,False,True,0.0,unclear,0.816028,0.29386,0.092279,2.348214
W44,GOOD,8,5,2025-10-27 09:51:18,2025-10-27 09:52:54,LONG,REVERSAL,0,100.0,496.5,100.0,22.0,2123,False,True,0.0,unclear,0.561447,0.352113,0.187355,-1.607143
W44,GOOD,8,6,2025-10-27 09:52:54,2025-10-27 10:17:38,SHORT,REVERSAL,1,100.0,493.0,50.0,100.0,28145,False,True,0.0,unclear,0.739121,0.370044,0.1163,2.446429
W44,GOOD,8,7,2025-10-27 10:17:38,2025-10-27 10:29:01,LONG,REVERSAL,0,100.0,496.5,100.0,64.0,13007,False,True,0.0,unclear,0.764411,0.293578,0.075856,-1.839286
W44,GOOD,8,8,2025-10-27 10:29:01,2025-10-27 10:51:03,SHORT,REVERSAL,1,100.0,493.0,50.0,100.0,20385,False,True,2.0,trend,0.853699,0.544118,0.179849,3.520833
W44,GOOD,8,9,2025-10-27 10:51:03,2025-10-27 11:11:56,LONG,REVERSAL,0,100.0,496.5,100.0,51.0,17246,False,True,0.0,unclear,0.848699,0.238372,0.010214,-1.895833
W44,GOOD,8,10,2025-10-27 11:11:56,2025-10-27 14:17:23,SHORT,HARD_STOP,1,-250.0,-1257.0,59.0,125.0,84139,True,False,0.0,unclear,0.95053,0.311765,0.064741,2.110119
W44,GOOD,8,11,2025-10-27 15:22:31,2025-10-27 15:46:32,LONG,REVERSAL,0,100.0,496.5,100.0,3.0,14776,False,True,0.0,unclear,0.497623,0.182692,0.075355,-0.53869
W44,GOOD,8,12,2025-10-27 15:46:32,2025-10-27 15:49:50,SHORT,EOD_FLATTEN,0,-13.0,-68.5,6.0,31.0,4684,False,False,0.0,unclear,0.982468,0.397727,0.136767,1.369048
W44,GOOD,8,13,2025-10-28 09:30:10,2025-10-28 09:35:58,SHORT,REVERSAL,0,100.0,496.5,100.0,84.0,13135,False,True,2.0,trend,0.964923,0.492147,0.117026,3.613095
W44,GOOD,8,14,2025-10-28 09:35:58,2025-10-28 09:41:19,LONG,REVERSAL,0,100.0,496.5,100.0,29.0,8139,False,True,0.0,unclear,0.822547,0.369048,0.091084,-3.639881
W44,GOOD,8,15,2025-10-28 09:41:19,2025-10-28 09:48:24,SHORT,REVERSAL,0,100.0,496.5,100.0,32.0,8452,False,True,0.0,unclear,0.651407,0.355263,0.003784,2.050595
W44,GOOD,8,16,2025-10-28 09:48:24,2025-10-28 09:56:04,LONG,REVERSAL,0,100.0,496.5,100.0,77.0,11131,False,True,0.0,unclear,0.511874,0.184783,0.156706,-1.110119
W44,GOOD,8,17,2025-10-28 09:56:04,2025-10-28 10:21:05,SHORT,REVERSAL,0,100.0,496.5,100.0,47.0,22133,False,True,2.0,trend,0.856618,0.665289,0.41573,5.467262
W44,GOOD,8,18,2025-10-28 10:21:05,2025-10-28 10:37:18,LONG,REVERSAL,1,100.0,493.0,71.0,100.0,15596,False,True,0.0,unclear,0.911535,0.313131,0.116412,-2.526786
W44,GOOD,8,19,2025-10-28 10:37:18,2025-10-28 10:40:23,SHORT,REVERSAL,0,100.0,496.5,100.0,13.0,3168,False,True,0.0,unclear,0.671095,0.323171,0.145025,1.279762
W44,GOOD,8,20,2025-10-28 10:40:23,2025-10-28 11:02:01,LONG,REVERSAL,0,100.0,496.5,100.0,60.0,18067,False,True,2.0,trend,0.890279,0.417526,0.2,-2.467262
W44,GOOD,8,21,2025-10-28 11:02:01,2025-10-28 11:35:20,SHORT,REVERSAL,0,100.0,496.5,100.0,32.0,17877,False,True,0.0,unclear,0.804454,0.316667,0.13211,1.827381
W44,GOOD,8,22,2025-10-28 11:35:20,2025-10-28 11:37:44,LONG,REVERSAL,0,100.0,496.5,100.0,71.0,3544,False,True,0.0,unclear,0.605637,0.176471,0.167213,-0.869048
W44,GOOD,8,23,2025-10-28 11:37:44,2025-10-28 12:27:53,SHORT,HARD_STOP,1,-250.0,-1257.0,70.0,125.0,29459,True,False,2.0,trend,0.93939,0.388571,0.264534,2.25
W44,GOOD,8,24,2025-10-28 12:30:45,2025-10-28 12:30:59,SHORT,REVERSAL,1,98.0,483.0,49.0,102.0,3137,False,True,2.0,trend,0.729406,0.537255,0.363746,4.10119
W44,GOOD,8,25,2025-10-28 12:30:59,2025-10-28 12:32:26,LONG,REVERSAL,1,100.0,493.0,57.0,103.0,4983,False,True,0.0,unclear,0.69568,0.215805,0.022328,-2.616071
W44,GOOD,8,26,2025-10-28 12:32:26,2025-10-28 13:59:15,SHORT,HARD_STOP,1,-250.0,-1257.0,92.0,125.0,54982,True,False,0.0,unclear,0.539602,0.139881,0.059374,2.833333
W44,GOOD,8,27,2025-10-28 14:18:28,2025-10-28 15:26:46,SHORT,HARD_STOP,1,-250.0,-1257.0,6.0,125.0,40053,True,False,1.0,chop,0.183998,0.222222,0.110805,0.363095
W44,GOOD,8,28,2025-10-28 15:40:09,2025-10-28 15:49:50,LONG,EOD_FLATTEN,0,-86.0,-433.5,9.0,92.0,10891,False,False,1.0,chop,0.171934,0.192308,0.024164,-0.360119
W44,GOOD,8,29,2025-10-29 09:33:00,2025-10-29 09:37:18,SHORT,REVERSAL,0,100.0,496.5,100.0,10.0,8600,False,True,2.0,trend,0.647461,0.175758,0.280059,1.52381
W44,GOOD,8,30,2025-10-29 09:37:18,2025-10-29 09:51:19,LONG,REVERSAL,0,100.0,496.5,100.0,42.0,21690,False,True,0.0,unclear,0.55318,0.25,0.031915,-1.175595
W44,GOOD,8,31,2025-10-29 09:51:19,2025-10-29 10:04:29,SHORT,REVERSAL,1,100.0,493.0,50.0,100.0,19206,False,True,2.0,trend,0.682864,0.353175,0.240518,2.744048
W44,GOOD,8,32,2025-10-29 10:04:29,2025-10-29 10:13:29,LONG,REVERSAL,1,100.0,493.0,50.0,100.0,11009,False,True,0.0,unclear,0.83342,0.355422,0.142984,-2.505952
W44,GOOD,8,33,2025-10-29 10:13:29,2025-10-29 10:49:48,SHORT,REVERSAL,0,100.0,496.5,100.0,73.0,28778,False,True,2.0,trend,0.861015,0.4689,0.059529,3.044643
W44,GOOD,8,34,2025-10-29 10:49:48,2025-10-29 11:19:17,LONG,REVERSAL,1,100.0,493.0,68.0,100.0,30214,False,True,0.0,unclear,0.538632,0.255814,0.08181,-1.172619
W44,GOOD,8,35,2025-10-29 11:19:17,2025-10-29 11:33:18,SHORT,REVERSAL,0,100.0,496.5,100.0,46.0,9287,False,True,0.0,unclear,0.851243,0.393258,0.102079,2.345238
W44,GOOD,8,36,2025-10-29 11:33:18,2025-10-29 12:21:08,LONG,REVERSAL,1,100.0,493.0,50.0,100.0,38998,False,True,0.0,unclear,0.46819,0.10628,0.087523,-0.967262
W44,GOOD,8,37,2025-10-29 12:21:08,2025-10-29 13:23:10,SHORT,REVERSAL,1,100.0,493.0,54.0,100.0,26822,False,True,2.0,trend,0.937904,0.435754,0.051537,2.770833
W44,GOOD,8,38,2025-10-29 13:23:10,2025-10-29 13:52:19,LONG,REVERSAL,0,100.0,496.5,100.0,85.0,10636,False,True,0.0,unclear,0.896784,0.320513,0.137037,-1.6875
W44,GOOD,8,39,2025-10-29 13:52:19,2025-10-29 14:03:01,SHORT,REVERSAL,0,100.0,496.5,100.0,99.0,6302,False,True,0.0,unclear,0.646301,0.321429,0.084069,1.910714
W44,GOOD,8,40,2025-10-29 14:03:01,2025-10-29 14:06:10,LONG,REVERSAL,1,102.0,503.0,51.0,100.0,3752,False,True,1.0,chop,0.106076,0.139024,0.006865,-1.410714
W44,GOOD,8,41,2025-10-29 14:06:10,2025-10-29 14:15:12,SHORT,REVERSAL,0,100.0,496.5,100.0,76.0,5721,False,True,1.0,chop,0.184446,0.055432,0.010009,2.154762
W44,GOOD,8,42,2025-10-29 14:15:12,2025-10-29 14:16:51,LONG,REVERSAL,0,100.0,496.5,100.0,11.0,1240,False,True,0.0,unclear,0.829558,0.243827,0.120509,-2.345238
W44,GOOD,8,43,2025-10-29 14:16:51,2025-10-29 14:35:24,SHORT,REVERSAL,1,100.0,493.0,80.0,122.0,12588,False,True,0.0,unclear,0.508754,0.117264,0.007018,2.122024
W44,GOOD,8,44,2025-10-29 14:35:24,2025-10-29 14:35:29,LONG,HARD_STOP,1,-253.0,-1272.0,9.0,126.5,1078,True,False,2.0,trend,0.855912,0.470588,0.047489,-5.425595
W44,GOOD,8,45,2025-10-29 14:35:30,2025-10-29 14:35:36,LONG,REVERSAL,1,100.0,493.0,50.0,100.0,1913,False,True,2.0,trend,0.967809,0.566972,0.274438,-11.6875
W44,GOOD,8,46,2025-10-29 14:35:36,2025-10-29 14:36:00,SHORT,REVERSAL,0,100.0,496.5,100.0,94.0,2288,False,True,1.0,chop,0.00165,0.001639,0.141201,0.107143
W44,GOOD,8,47,2025-10-29 14:36:00,2025-10-29 14:36:34,LONG,REVERSAL,0,100.0,496.5,100.0,60.0,2685,False,True,0.0,unclear,0.461706,0.304482,0.098592,-4.458333
W44,GOOD,8,48,2025-10-29 14:36:34,2025-10-29 14:36:40,SHORT,REVERSAL,0,100.0,496.5,100.0,10.0,298,False,True,1.0,chop,0.194495,0.136943,0.026757,1.666667
W44,GOOD,8,49,2025-10-29 14:36:40,2025-10-29 14:36:57,LONG,REVERSAL,1,100.0,493.0,50.0,100.0,1533,False,True,1.0,chop,0.069429,0.062969,0.015539,0.979167
W44,GOOD,8,50,2025-10-29 14:36:57,2025-10-29 14:37:35,SHORT,REVERSAL,0,100.0,496.5,100.0,64.0,1674,False,True,1.0,chop,0.025196,0.089527,0.008776,0.946429
W44,GOOD,8,51,2025-10-29 14:37:35,2025-10-29 14:39:28,LONG,HARD_STOP,1,-250.0,-1257.0,87.0,125.0,5324,True,False,0.0,unclear,0.431332,0.081571,0.071766,-3.223214
W44,GOOD,8,52,2025-10-29 14:39:38,2025-10-29 14:39:57,SHORT,REVERSAL,0,101.0,501.5,101.0,7.0,754,False,True,0.0,unclear,0.831838,0.321224,0.077121,-5.604167
W44,GOOD,8,53,2025-10-29 14:39:57,2025-10-29 14:40:11,LONG,REVERSAL,0,100.0,496.5,100.0,0.0,708,False,True,1.0,chop,0.083796,0.091476,0.03508,-0.553571
W44,GOOD,8,54,2025-10-29 14:40:11,2025-10-29 14:40:28,SHORT,REVERSAL,0,100.0,496.5,100.0,26.0,906,False,True,1.0,chop,0.116351,0.070423,0.135847,0.723214
W44,GOOD,8,55,2025-10-29 14:40:28,2025-10-29 14:40:41,LONG,REVERSAL,0,100.0,496.5,100.0,69.0,660,False,True,1.0,chop,0.009435,0.102713,0.094482,-0.282738
W44,GOOD,8,56,2025-10-29 14:40:41,2025-10-29 14:41:12,SHORT,REVERSAL,0,101.0,501.5,101.0,23.0,1139,False,True,1.0,chop,0.011197,0.091973,0.062025,-0.482143
W44,GOOD,8,57,2025-10-29 14:41:12,2025-10-29 14:41:36,LONG,REVERSAL,1,104.0,513.0,52.0,100.0,958,False,True,1.0,chop,0.028519,0.036671,0.031514,-1.002976
W44,GOOD,8,58,2025-10-29 14:41:36,2025-10-29 14:43:16,SHORT,REVERSAL,0,100.0,496.5,100.0,47.0,2874,False,True,0.0,unclear,0.469266,0.082459,0.041147,-4.502976
W44,GOOD,8,59,2025-10-29 14:43:16,2025-10-29 14:43:22,LONG,REVERSAL,0,101.0,501.5,101.0,2.0,166,False,True,1.0,chop,0.018734,0.046252,0.022502,0.279762
W44,GOOD,8,60,2025-10-29 14:43:22,2025-10-29 14:43:36,SHORT,HARD_STOP,1,-260.0,-1307.0,0.0,130.0,754,True,False,1.0,chop,0.394851,0.183413,0.074009,2.949405
W44,GOOD,8,61,2025-10-29 14:43:54,2025-10-29 14:44:23,LONG,HARD_STOP,1,-250.0,-1257.0,21.0,125.0,1155,True,False,1.0,chop,0.014196,0.001684,0.023033,0.547619
W44,GOOD,8,62,2025-10-29 14:45:01,2025-10-29 14:45:09,LONG,REVERSAL,0,104.0,516.5,104.0,7.0,281,False,True,1.0,chop,0.142811,0.030797,0.000928,-0.738095
W44,GOOD,8,63,2025-10-29 14:45:09,2025-10-29 14:45:23,SHORT,HARD_STOP,1,-252.0,-1267.0,0.0,126.0,604,True,False,1.0,chop,0.130574,0.114545,0.027878,1.508929
W44,GOOD,8,64,2025-10-29 14:45:36,2025-10-29 14:46:58,LONG,REVERSAL,0,100.0,496.5,100.0,88.0,2485,False,True,0.0,unclear,0.710731,0.2959,0.092631,8.205357
W44,GOOD,8,65,2025-10-29 14:46:58,2025-10-29 14:47:13,SHORT,REVERSAL,0,102.0,506.5,102.0,8.0,517,False,True,0.0,unclear,0.77811,0.253425,0.140658,5.827381
W44,GOOD,8,66,2025-10-29 14:47:13,2025-10-29 14:48:26,LONG,REVERSAL,1,104.0,513.0,96.0,100.0,2107,False,True,1.0,chop,0.227515,0.085106,0.115604,2.473214
W44,GOOD,8,67,2025-10-29 14:48:26,2025-10-29 14:49:27,SHORT,REVERSAL,1,102.0,503.0,51.0,100.0,1452,False,True,1.0,chop,0.001276,0.061798,0.028973,-0.208333
W44,GOOD,8,68,2025-10-29 14:49:27,2025-10-29 14:50:06,LONG,REVERSAL,0,101.0,501.5,101.0,20.0,802,False,True,1.0,chop,0.139202,0.120482,0.003565,1.64881
W44,GOOD,8,69,2025-10-29 14:50:06,2025-10-29 14:51:46,SHORT,HARD_STOP,1,-250.0,-1257.0,31.0,125.0,4315,True,False,1.0,chop,0.123354,0.219424,0.017138,1.729167
W44,GOOD,8,70,2025-10-29 14:52:10,2025-10-29 14:52:31,SHORT,REVERSAL,0,100.0,496.5,100.0,5.0,544,False,True,0.0,unclear,0.452087,0.170626,0.03102,2.910714
W44,GOOD,8,71,2025-10-29 14:52:31,2025-10-29 14:54:24,LONG,REVERSAL,0,100.0,496.5,100.0,18.0,2404,False,True,1.0,chop,0.310373,0.159624,0.028407,-1.675595
W44,GOOD,8,72,2025-10-29 14:54:24,2025-10-29 14:56:05,SHORT,REVERSAL,1,100.0,493.0,77.0,100.0,3936,False,True,1.0,chop,0.352264,0.214123,0.131058,2.455357
W44,GOOD,8,73,2025-10-29 14:56:05,2025-10-29 14:57:25,LONG,REVERSAL,1,100.0,493.0,50.0,100.0,2140,False,True,1.0,chop,0.168361,0.066239,0.033426,-1.422619
W44,GOOD,8,74,2025-10-29 14:57:25,2025-10-29 14:58:20,SHORT,REVERSAL,0,100.0,496.5,100.0,80.0,1569,False,True,1.0,chop,0.037285,0.026005,0.005623,-0.827381
W44,GOOD,8,75,2025-10-29 14:58:20,2025-10-29 14:59:14,LONG,REVERSAL,0,100.0,496.5,100.0,41.0,1028,False,True,1.0,chop,0.213908,0.100885,0.048402,-2.267857
W44,GOOD,8,76,2025-10-29 14:59:14,2025-10-29 14:59:33,SHORT,REVERSAL,0,100.0,496.5,100.0,7.0,312,False,True,1.0,chop,0.089204,0.148214,0.029803,-1.544643
W44,GOOD,8,77,2025-10-29 14:59:33,2025-10-29 15:00:10,LONG,REVERSAL,0,100.0,496.5,100.0,20.0,813,False,True,1.0,chop,0.157652,0.036563,0.014752,1.425595
W44,GOOD,8,78,2025-10-29 15:00:10,2025-10-29 15:01:16,SHORT,REVERSAL,0,100.0,496.5,100.0,56.0,2073,False,True,1.0,chop,0.055546,0.10325,0.0,0.613095
W44,GOOD,8,79,2025-10-29 15:01:16,2025-10-29 15:03:02,LONG,REVERSAL,1,100.0,493.0,50.0,100.0,2747,False,True,0.0,unclear,0.913017,0.264368,0.139364,-4.875
W44,GOOD,8,80,2025-10-29 15:03:02,2025-10-29 15:03:40,SHORT,REVERSAL,0,100.0,496.5,100.0,60.0,986,False,True,1.0,chop,0.067865,0.070513,0.027051,0.877976
W44,GOOD,8,81,2025-10-29 15:03:40,2025-10-29 15:05:06,LONG,REVERSAL,1,100.0,493.0,50.0,103.0,2814,False,True,1.0,chop,0.000241,0.08818,0.066141,-0.077381
W44,GOOD,8,82,2025-10-29 15:05:06,2025-10-29 15:06:01,SHORT,HARD_STOP,1,-250.0,-1257.0,35.0,125.0,1459,True,False,1.0,chop,0.116661,0.072235,0.145446,1.357143
W44,GOOD,8,83,2025-10-29 15:07:09,2025-10-29 15:17:21,SHORT,REVERSAL,0,102.0,506.5,102.0,88.0,9673,False,True,1.0,chop,0.162194,0.171756,0.134583,1.267857
W44,GOOD,8,84,2025-10-29 15:17:21,2025-10-29 15:19:23,LONG,REVERSAL,0,100.0,496.5,100.0,94.0,2146,False,True,0.0,unclear,0.516355,0.170732,0.040283,-2.744048
W44,GOOD,8,85,2025-10-29 15:19:23,2025-10-29 15:20:36,SHORT,REVERSAL,0,100.0,496.5,100.0,18.0,1166,False,True,0.0,unclear,0.570478,0.178808,0.044435,4.824405
W44,GOOD,8,86,2025-10-29 15:20:36,2025-10-29 15:20:52,LONG,REVERSAL,0,100.0,496.5,100.0,2.0,294,False,True,1.0,chop,0.106183,0.002375,0.012048,-1.107143
W44,GOOD,8,87,2025-10-29 15:20:52,2025-10-29 15:23:21,SHORT,REVERSAL,1,99.0,488.0,64.0,101.0,2968,False,True,1.0,chop,0.047189,0.114486,0.007916,-0.782738
W44,GOOD,8,88,2025-10-29 15:23:21,2025-10-29 15:25:21,LONG,REVERSAL,0,101.0,501.5,101.0,36.0,1735,False,True,0.0,unclear,0.572773,0.218362,0.112992,-3.455357
W44,GOOD,8,89,2025-10-29 15:25:21,2025-10-29 15:28:28,SHORT,REVERSAL,0,100.0,496.5,100.0,57.0,3065,False,True,0.0,unclear,0.510508,0.196429,0.035305,2.1875
W44,GOOD,8,90,2025-10-29 15:28:28,2025-10-29 15:36:07,LONG,HARD_STOP,1,-252.0,-1267.0,34.0,126.0,7237,True,False,0.0,unclear,0.7042,0.28866,0.02008,-3.66369
W44,GOOD,8,91,2025-10-29 15:37:15,2025-10-29 15:40:08,SHORT,HARD_STOP,1,-251.0,-1262.0,25.0,125.5,3239,True,False,1.0,chop,0.024344,0.080128,0.041367,0.508929
W44,GOOD,8,92,2025-10-29 15:41:03,2025-10-29 15:43:49,LONG,REVERSAL,1,100.0,493.0,84.0,100.0,3107,False,True,1.0,chop,0.173116,0.028125,0.092984,-1.041667
W44,GOOD,8,93,2025-10-29 15:43:49,2025-10-29 15:47:13,SHORT,REVERSAL,1,100.0,493.0,74.0,100.0,3731,False,True,1.0,chop,0.247538,0.10119,0.006135,1.282738
W44,GOOD,8,94,2025-10-29 15:47:13,2025-10-29 15:48:16,LONG,REVERSAL,0,103.0,511.5,103.0,6.0,851,False,True,0.0,unclear,0.932538,0.38796,0.141801,-4.369048
W44,GOOD,8,95,2025-10-29 15:48:16,2025-10-29 15:49:50,SHORT,EOD_FLATTEN,0,-8.0,-43.5,7.0,74.0,1566,False,False,1.0,chop,0.267631,0.181818,0.082029,1.770833
W44,GOOD,8,96,2025-10-30 09:30:07,2025-10-30 09:33:22,LONG,HARD_STOP,1,-250.0,-1257.0,41.0,125.0,10362,True,False,0.0,unclear,0.738811,0.269231,0.100696,-1.96131
W44,GOOD,8,97,2025-10-30 09:34:52,2025-10-30 09:36:29,LONG,HARD_STOP,1,-250.0,-1257.0,17.0,125.0,4919,True,False,0.0,unclear,0.592312,0.191419,0.128477,-2.455357
W44,GOOD,8,98,2025-10-30 09:36:59,2025-10-30 09:43:01,LONG,REVERSAL,1,99.0,488.0,53.0,103.5,19295,False,True,2.0,trend,0.988345,0.40625,0.131543,-2.800595
W44,GOOD,8,99,2025-10-30 09:43:01,2025-10-30 09:46:25,SHORT,HARD_STOP,1,-252.0,-1267.0,95.0,126.0,10810,True,False,0.0,unclear,0.456112,0.198068,0.224597,0.916667
W44,GOOD,8,100,2025-10-30 09:47:47,2025-10-30 09:48:13,LONG,REVERSAL,0,102.0,506.5,102.0,6.0,836,False,True,0.0,unclear,0.812748,0.230216,0.022901,-2.553571
W44,GOOD,8,101,2025-10-30 09:48:13,2025-10-30 09:50:12,SHORT,HARD_STOP,1,-250.0,-1257.0,6.0,125.0,5369,True,False,1.0,chop,0.151373,0.132075,0.021236,1.089286
W44,GOOD,8,102,2025-10-30 09:50:40,2025-10-30 09:54:37,SHORT,HARD_STOP,1,-250.0,-1257.0,34.0,125.0,8878,True,False,0.0,unclear,0.8437,0.3,0.192047,2.872024
W44,GOOD,8,103,2025-10-30 09:55:12,2025-10-30 10:00:21,LONG,REVERSAL,0,100.0,496.5,100.0,46.0,8829,False,True,0.0,unclear,0.705718,0.170149,0.021863,-2.247024
W44,GOOD,8,104,2025-10-30 10:00:21,2025-10-30 10:01:10,SHORT,REVERSAL,1,100.0,493.0,50.0,100.0,3313,False,True,0.0,unclear,0.618466,0.221053,0.120181,2.904762
W44,GOOD,8,105,2025-10-30 10:01:10,2025-10-30 10:04:41,LONG,HARD_STOP,1,-252.0,-1267.0,61.0,126.0,5851,True,False,0.0,unclear,0.720213,0.188623,0.007634,-1.872024
W44,GOOD,8,106,2025-10-30 10:05:17,2025-10-30 10:08:12,SHORT,REVERSAL,1,100.0,493.0,50.0,104.0,5556,False,True,0.0,unclear,0.738019,0.23662,0.100608,3.193452
W44,GOOD,8,107,2025-10-30 10:08:12,2025-10-30 10:10:11,LONG,HARD_STOP,1,-250.0,-1257.0,63.0,125.0,4581,True,False,0.0,unclear,0.839337,0.213158,0.014925,-4.136905
W44,GOOD,8,108,2025-10-30 10:11:28,2025-10-30 10:13:00,SHORT,REVERSAL,0,101.0,501.5,101.0,15.0,1999,False,True,0.0,unclear,0.750511,0.245902,0.028681,2.4375
W44,GOOD,8,109,2025-10-30 10:13:00,2025-10-30 10:14:13,LONG,REVERSAL,0,100.0,496.5,100.0,35.0,1985,False,True,0.0,unclear,0.648058,0.185366,0.033812,-2.830357
W44,GOOD,8,110,2025-10-30 10:14:13,2025-10-30 10:16:57,SHORT,REVERSAL,0,100.0,496.5,100.0,97.0,3960,False,True,0.0,unclear,0.774705,0.175853,0.062695,3.630952
W44,GOOD,8,111,2025-10-30 10:16:57,2025-10-30 10:18:49,LONG,REVERSAL,1,102.0,503.0,51.0,100.0,3501,False,True,1.0,chop,0.364079,0.197297,0.107907,-2.636905
W44,GOOD,8,112,2025-10-30 10:18:49,2025-10-30 10:20:01,SHORT,REVERSAL,0,100.0,496.5,100.0,60.0,1785,False,True,2.0,trend,0.919143,0.47205,0.160763,4.732143
W44,GOOD,8,113,2025-10-30 10:20:01,2025-10-30 10:21:22,LONG,REVERSAL,0,100.0,496.5,100.0,32.0,2507,False,True,2.0,trend,0.938998,0.405263,0.012489,-5.369048
W44,GOOD,8,114,2025-10-30 10:21:22,2025-10-30 10:23:04,SHORT,REVERSAL,0,100.0,496.5,100.0,36.0,2230,False,True,0.0,unclear,0.521967,0.166227,0.047364,2.910714
W44,GOOD,8,115,2025-10-30 10:23:04,2025-10-30 10:27:17,LONG,REVERSAL,1,100.0,493.0,50.0,100.0,6303,False,True,0.0,unclear,0.562328,0.290503,0.09821,-3.675595
W44,GOOD,8,116,2025-10-30 10:27:17,2025-10-30 10:28:13,SHORT,REVERSAL,0,100.0,496.5,100.0,18.0,1250,False,True,0.0,unclear,0.92337,0.315254,0.152091,3.223214
W44,GOOD,8,117,2025-10-30 10:28:13,2025-10-30 10:30:04,LONG,REVERSAL,0,100.0,496.5,100.0,33.0,2400,False,True,0.0,unclear,0.559073,0.117845,0.005566,-2.380952
W44,GOOD,8,118,2025-10-30 10:30:04,2025-10-30 10:36:05,SHORT,REVERSAL,1,100.0,493.0,56.0,100.0,7816,False,True,1.0,chop,0.340133,0.119593,0.074627,2.511905
W44,GOOD,8,119,2025-10-30 10:36:05,2025-10-30 10:37:45,LONG,REVERSAL,1,100.0,493.0,50.0,100.0,2625,False,True,1.0,chop,0.315223,0.109756,0.055272,-1.955357
W44,GOOD,8,120,2025-10-30 10:37:45,2025-10-30 10:43:28,SHORT,HARD_STOP,1,-250.0,-1257.0,67.0,125.0,6484,True,False,1.0,chop,0.082971,0.047887,0.041531,-1.157738
W44,GOOD,8,121,2025-10-30 10:45:48,2025-10-30 10:51:32,LONG,HARD_STOP,1,-250.0,-1257.0,8.0,125.0,7777,True,False,0.0,unclear,0.617549,0.362007,0.135714,-2.505952
W44,GOOD,8,122,2025-10-30 10:52:56,2025-10-30 10:57:50,LONG,REVERSAL,1,99.0,488.0,49.5,101.0,7044,False,True,0.0,unclear,0.517929,0.237443,0.066228,-1.306548
W44,GOOD,8,123,2025-10-30 10:57:50,2025-10-30 11:02:42,SHORT,HARD_STOP,1,-250.0,-1257.0,17.0,125.0,6374,True,False,0.0,unclear,0.761383,0.288136,0.158407,3.404762
W44,GOOD,8,124,2025-10-30 11:06:31,2025-10-30 11:09:06,LONG,REVERSAL,0,101.0,501.5,101.0,19.0,2253,False,True,0.0,unclear,0.526387,0.258675,0.080285,-2.041667
W44,GOOD,8,125,2025-10-30 11:09:06,2025-10-30 11:33:44,SHORT,REVERSAL,0,100.0,496.5,100.0,81.0,15950,False,True,0.0,unclear,0.706833,0.286119,0.101847,3.190476
W44,GOOD,8,126,2025-10-30 11:33:44,2025-10-30 11:40:13,LONG,HARD_STOP,1,-250.0,-1257.0,36.0,125.0,6417,True,False,0.0,unclear,0.568028,0.211155,0.130637,-2.02381
W44,GOOD,8,127,2025-10-30 11:41:14,2025-10-30 11:44:55,LONG,REVERSAL,0,100.0,496.5,100.0,7.0,4400,False,True,0.0,unclear,0.845206,0.29646,0.152038,-2.854167
W44,GOOD,8,128,2025-10-30 11:44:55,2025-10-30 11:47:23,SHORT,REVERSAL,0,100.0,496.5,100.0,46.0,3146,False,True,0.0,unclear,0.735261,0.226804,0.102079,2.747024
W44,GOOD,8,129,2025-10-30 11:47:23,2025-10-30 11:55:19,LONG,REVERSAL,0,100.0,496.5,100.0,36.0,7521,False,True,0.0,unclear,0.769893,0.384906,0.132841,-2.797619
W44,GOOD,8,130,2025-10-30 11:55:19,2025-10-30 12:06:12,SHORT,HARD_STOP,1,-251.0,-1262.0,56.0,125.5,9254,True,False,0.0,unclear,0.76125,0.26087,0.099388,1.803571
W44,GOOD,8,131,2025-10-30 12:09:33,2025-10-30 12:33:41,SHORT,REVERSAL,1,100.0,493.0,50.0,100.0,20555,False,True,1.0,chop,0.199621,0.150685,0.007833,0.886905
W44,GOOD,8,132,2025-10-30 12:33:41,2025-10-30 13:05:48,LONG,HARD_STOP,1,-250.0,-1257.0,71.0,125.0,22306,True,False,1.0,chop,0.188906,0.096491,0.033898,-0.452381
W44,GOOD,8,133,2025-10-30 13:08:18,2025-10-30 13:11:15,SHORT,REVERSAL,0,100.0,496.5,100.0,7.0,1542,False,True,0.0,unclear,0.80819,0.265306,0.015206,3.35119
W44,GOOD,8,134,2025-10-30 13:11:15,2025-10-30 13:22:54,LONG,REVERSAL,0,100.0,496.5,100.0,39.0,7839,False,True,0.0,unclear,0.932293,0.298507,0.034483,-3.08631
W44,GOOD,8,135,2025-10-30 13:22:54,2025-10-30 13:35:54,SHORT,REVERSAL,1,100.0,493.0,50.0,111.0,9147,False,True,0.0,unclear,0.902225,0.296,0.160181,3.196429
W44,GOOD,8,136,2025-10-30 13:35:54,2025-10-30 13:46:53,LONG,REVERSAL,0,100.0,496.5,100.0,21.0,5062,False,True,0.0,unclear,0.544446,0.1,0.007963,-1.52381
W44,GOOD,8,137,2025-10-30 13:46:53,2025-10-30 14:06:52,SHORT,REVERSAL,0,100.0,496.5,100.0,67.0,10387,False,True,0.0,unclear,0.934963,0.327014,0.122605,2.315476
W44,GOOD,8,138,2025-10-30 14:06:52,2025-10-30 14:16:26,LONG,HARD_STOP,1,-250.0,-1257.0,26.0,125.0,7276,True,False,0.0,unclear,0.855952,0.313008,0.19145,-2.824405
W44,GOOD,8,139,2025-10-30 14:20:23,2025-10-30 14:21:31,SHORT,REVERSAL,0,102.0,506.5,102.0,6.0,1052,False,True,1.0,chop,0.00765,0.120192,0.021256,0.154762
W44,GOOD,8,140,2025-10-30 14:21:31,2025-10-30 14:30:10,LONG,REVERSAL,0,100.0,496.5,100.0,14.0,4806,False,True,0.0,unclear,0.434295,0.221757,0.0845,-2.175595
W44,GOOD,8,141,2025-10-30 14:30:10,2025-10-30 14:37:58,SHORT,REVERSAL,0,100.0,496.5,100.0,45.0,5126,False,True,0.0,unclear,0.437101,0.206897,0.096249,2.104167
W44,GOOD,8,142,2025-10-30 14:37:58,2025-10-30 14:48:04,LONG,REVERSAL,0,100.0,496.5,100.0,47.0,6884,False,True,0.0,unclear,0.663417,0.240741,0.150169,-2.25
W44,GOOD,8,143,2025-10-30 14:48:04,2025-10-30 14:57:32,SHORT,REVERSAL,0,100.0,496.5,100.0,16.0,5887,False,True,2.0,trend,0.891625,0.431034,0.050309,4.116071
W44,GOOD,8,144,2025-10-30 14:57:32,2025-10-30 15:16:03,LONG,HARD_STOP,1,-250.0,-1257.0,27.0,125.0,12762,True,False,0.0,unclear,0.859218,0.395161,0.06486,-3.854167
W44,GOOD,8,145,2025-10-30 15:17:25,2025-10-30 15:19:03,LONG,REVERSAL,0,100.0,496.5,100.0,0.0,1889,False,True,0.0,unclear,0.770845,0.352041,0.115294,-2.401786
W44,GOOD,8,146,2025-10-30 15:19:03,2025-10-30 15:21:14,SHORT,REVERSAL,0,101.0,501.5,101.0,4.0,1758,False,True,0.0,unclear,0.930034,0.390625,0.117925,3.181548
W44,GOOD,8,147,2025-10-30 15:21:14,2025-10-30 15:25:30,LONG,REVERSAL,1,100.0,493.0,50.0,100.0,6113,False,True,0.0,unclear,0.879009,0.384314,0.071225,-3.776786
W44,GOOD,8,148,2025-10-30 15:25:30,2025-10-30 15:38:44,SHORT,REVERSAL,1,102.0,503.0,51.0,124.0,11027,False,True,0.0,unclear,0.690066,0.186603,0.128298,2.196429
W44,GOOD,8,149,2025-10-30 15:38:44,2025-10-30 15:48:59,LONG,REVERSAL,1,100.0,493.0,51.0,100.0,8788,False,True,0.0,unclear,0.774989,0.197183,0.062349,-1.764881
W44,GOOD,8,150,2025-10-30 15:48:59,2025-10-30 15:49:50,SHORT,EOD_FLATTEN,0,-10.0,-53.5,21.0,41.0,981,False,False,0.0,unclear,0.95666,0.383929,0.083414,3.33631
W44,GOOD,8,151,2025-10-31 09:30:58,2025-10-31 09:41:35,LONG,HARD_STOP,1,-250.0,-1257.0,55.0,125.0,21981,True,False,0.0,unclear,0.503874,0.101382,0.141002,-1.526786
W44,GOOD,8,152,2025-10-31 09:43:01,2025-10-31 09:47:04,LONG,REVERSAL,1,100.0,493.0,69.0,100.0,11497,False,True,0.0,unclear,0.291221,0.297561,0.158131,-1.056548
W44,GOOD,8,153,2025-10-31 09:47:04,2025-10-31 09:54:26,SHORT,REVERSAL,0,100.0,496.5,100.0,61.0,12200,False,True,0.0,unclear,0.83318,0.341709,0.019737,1.964286
W44,GOOD,8,154,2025-10-31 09:54:26,2025-10-31 09:55:27,LONG,REVERSAL,0,100.0,496.5,100.0,17.0,2233,False,True,2.0,trend,0.901041,0.491103,0.094272,-4.889881
W44,GOOD,8,155,2025-10-31 09:55:27,2025-10-31 09:57:05,SHORT,REVERSAL,0,100.0,496.5,100.0,13.0,2044,False,True,0.0,unclear,0.479155,0.246094,0.101042,1.842262
W44,GOOD,8,156,2025-10-31 09:57:05,2025-10-31 10:06:03,LONG,REVERSAL,1,100.0,493.0,87.0,100.0,16433,False,True,0.0,unclear,0.57024,0.387833,0.1242,-2.744048
W44,GOOD,8,157,2025-10-31 10:06:03,2025-10-31 10:11:15,SHORT,REVERSAL,1,102.0,503.0,51.0,100.0,6512,False,True,0.0,unclear,0.818801,0.373206,0.131868,2.767857
W44,GOOD,8,158,2025-10-31 10:11:15,2025-10-31 10:23:25,LONG,REVERSAL,1,100.0,493.0,99.0,100.0,15074,False,True,1.0,chop,0.022201,0.119205,0.059211,-0.410714
W44,GOOD,8,159,2025-10-31 10:23:25,2025-10-31 10:36:18,SHORT,HARD_STOP,1,-250.0,-1257.0,7.0,125.0,12386,True,False,0.0,unclear,0.695197,0.350806,0.077879,2.255952
W44,GOOD,8,160,2025-10-31 10:41:33,2025-10-31 11:22:48,SHORT,REVERSAL,1,102.0,503.0,51.0,100.0,34292,False,True,0.0,unclear,0.471163,0.149321,0.049639,0.973214
W44,GOOD,8,161,2025-10-31 11:22:48,2025-10-31 11:37:26,LONG,HARD_STOP,1,-250.0,-1257.0,38.0,125.0,12191,True,False,0.0,unclear,0.925869,0.297778,0.13374,-2.196429
W44,GOOD,8,162,2025-10-31 11:39:20,2025-10-31 11:44:57,LONG,REVERSAL,0,100.0,496.5,100.0,74.0,9234,False,True,0.0,unclear,0.51648,0.196629,0.028571,-1.235119
W44,GOOD,8,163,2025-10-31 11:44:57,2025-10-31 11:46:21,SHORT,REVERSAL,1,104.0,513.0,59.0,114.0,5060,False,True,0.0,unclear,0.622509,0.316109,0.073516,2.833333
W44,GOOD,8,164,2025-10-31 11:46:21,2025-10-31 11:48:33,LONG,HARD_STOP,1,-254.0,-1277.0,38.0,127.0,3778,True,False,1.0,chop,0.077264,0.127219,0.07385,-0.627976
W44,GOOD,8,165,2025-10-31 11:50:09,2025-10-31 11:50:18,LONG,REVERSAL,0,100.0,496.5,100.0,9.0,559,False,True,0.0,unclear,0.409713,0.141844,0.061443,-1.446429
W44,GOOD,8,166,2025-10-31 11:50:18,2025-10-31 11:56:00,SHORT,REVERSAL,0,100.0,496.5,100.0,77.0,5962,False,True,1.0,chop,0.181022,0.159236,0.01448,1.1875
W44,GOOD,8,167,2025-10-31 11:56:00,2025-10-31 12:03:47,LONG,HARD_STOP,1,-250.0,-1257.0,55.0,125.0,10209,True,False,0.0,unclear,0.949402,0.385542,0.174052,-3.592262
W44,GOOD,8,168,2025-10-31 12:04:16,2025-10-31 12:09:49,SHORT,REVERSAL,0,100.0,496.5,100.0,59.0,5566,False,True,1.0,chop,0.205796,0.095385,0.01687,1.491071
W44,GOOD,8,169,2025-10-31 12:09:49,2025-10-31 12:19:17,LONG,HARD_STOP,1,-250.0,-1257.0,40.0,125.0,11652,True,False,2.0,trend,0.954848,0.535316,0.119124,-4.752976
W44,GOOD,8,170,2025-10-31 12:21:40,2025-10-31 12:32:01,SHORT,HARD_STOP,1,-250.0,-1257.0,72.0,125.0,11440,True,False,0.0,unclear,0.465359,0.323636,0.107486,1.982143
W44,GOOD,8,171,2025-10-31 12:38:16,2025-10-31 12:46:08,LONG,HARD_STOP,1,-250.0,-1257.0,78.0,125.0,7875,True,False,0.0,unclear,0.759232,0.140794,0.069635,-2.232143
W44,GOOD,8,172,2025-10-31 12:46:42,2025-10-31 12:51:40,SHORT,REVERSAL,0,100.0,496.5,100.0,47.0,3974,False,True,1.0,chop,0.029165,0.010239,0.031394,0.559524
W44,GOOD,8,173,2025-10-31 12:51:40,2025-10-31 13:04:23,LONG,HARD_STOP,1,-250.0,-1257.0,48.0,125.0,13764,True,False,2.0,trend,0.925137,0.51938,0.115002,-4.610119
W44,GOOD,8,174,2025-10-31 13:06:40,2025-10-31 13:07:42,LONG,REVERSAL,0,100.0,496.5,100.0,0.0,1470,False,True,0.0,unclear,0.717314,0.135802,0.006878,-1.818452
W44,GOOD,8,175,2025-10-31 13:07:42,2025-10-31 13:14:06,SHORT,REVERSAL,0,100.0,496.5,100.0,80.0,7433,False,True,0.0,unclear,0.957421,0.378151,0.103417,3.285714
W44,GOOD,8,176,2025-10-31 13:14:06,2025-10-31 13:30:46,LONG,REVERSAL,0,100.0,496.5,100.0,52.0,18458,False,True,1.0,chop,0.02966,0.112727,0.044139,-0.270833
W44,GOOD,8,177,2025-10-31 13:30:46,2025-10-31 13:36:46,SHORT,REVERSAL,0,100.0,496.5,100.0,89.0,7825,False,True,2.0,trend,0.950283,0.521552,0.095436,3.943452
W44,GOOD,8,178,2025-10-31 13:36:46,2025-10-31 13:43:35,LONG,REVERSAL,0,102.0,506.5,102.0,68.0,6702,False,True,0.0,unclear,0.787508,0.314607,0.085418,-3.800595
W44,GOOD,8,179,2025-10-31 13:43:35,2025-10-31 13:51:04,SHORT,HARD_STOP,1,-250.0,-1257.0,7.0,125.0,8258,True,False,0.0,unclear,0.931287,0.340741,0.08536,3.202381
W44,GOOD,8,180,2025-10-31 13:55:12,2025-10-31 14:02:55,LONG,REVERSAL,0,100.0,496.5,100.0,55.0,6361,False,True,0.0,unclear,0.688506,0.275701,0.051823,-1.669643
W44,GOOD,8,181,2025-10-31 14:02:55,2025-10-31 14:56:15,SHORT,REVERSAL,1,100.0,493.0,63.0,108.0,35291,False,True,0.0,unclear,0.933358,0.30137,0.060498,2.52381
W44,GOOD,8,182,2025-10-31 14:56:15,2025-10-31 14:58:11,LONG,REVERSAL,0,100.0,496.5,100.0,39.0,2351,False,True,0.0,unclear,0.465171,0.211712,0.110913,-1.279762
W44,GOOD,8,183,2025-10-31 14:58:11,2025-10-31 15:20:17,SHORT,HARD_STOP,1,-250.0,-1257.0,37.0,125.0,16871,True,False,2.0,trend,0.94917,0.506494,0.193518,3.752976
W44,GOOD,8,184,2025-10-31 15:27:01,2025-10-31 15:35:05,SHORT,HARD_STOP,1,-250.0,-1257.0,7.0,125.0,9095,True,False,1.0,chop,0.293737,0.136095,0.04648,0.511905
W44,GOOD,8,185,2025-10-31 15:36:30,2025-10-31 15:49:50,LONG,EOD_FLATTEN,1,-212.0,-1067.0,27.0,115.0,12403,False,False,2.0,trend,0.958467,0.452941,0.098644,-2.970238
W40,GOOD,8,0,2025-09-29 09:31:23,2025-09-29 09:43:21,SHORT,HARD_STOP,1,-250.0,-1257.0,50.0,125.0,21972,True,False,0.0,unclear,0.88733,0.255507,0.049976,2.139881
W40,GOOD,8,1,2025-09-29 09:45:03,2025-09-29 09:52:26,SHORT,REVERSAL,1,100.0,493.0,50.0,100.0,15688,False,True,2.0,trend,0.762085,0.28,0.214892,1.651786
W40,GOOD,8,2,2025-09-29 09:52:26,2025-09-29 09:54:00,LONG,REVERSAL,0,100.0,496.5,100.0,7.0,2443,False,True,0.0,unclear,0.798336,0.304598,0.140618,-2.375
W40,GOOD,8,3,2025-09-29 09:54:00,2025-09-29 10:03:51,SHORT,REVERSAL,0,100.0,496.5,100.0,44.0,16010,False,True,0.0,unclear,0.789874,0.363208,0.141279,2.077381
W40,GOOD,8,4,2025-09-29 10:03:51,2025-09-29 10:07:47,LONG,REVERSAL,0,100.0,496.5,100.0,13.0,5751,False,True,1.0,chop,0.236697,0.061856,0.135957,-0.592262
W40,GOOD,8,5,2025-09-29 10:07:47,2025-09-29 10:13:02,SHORT,REVERSAL,1,100.0,493.0,50.0,100.0,8795,False,True,0.0,unclear,0.695824,0.251397,0.050496,1.407738
W40,GOOD,8,6,2025-09-29 10:13:02,2025-09-29 10:22:14,LONG,REVERSAL,1,99.0,488.0,53.0,101.0,11196,False,True,1.0,chop,0.299145,0.13198,0.065511,-1.041667
W40,GOOD,8,7,2025-09-29 10:22:14,2025-09-29 10:57:23,SHORT,REVERSAL,0,100.0,496.5,100.0,85.0,29448,False,True,0.0,unclear,0.75726,0.335294,0.144316,1.964286
W40,GOOD,8,8,2025-09-29 10:57:23,2025-09-29 11:15:39,LONG,HARD_STOP,1,-250.0,-1257.0,79.0,125.0,19321,True,False,1.0,chop,0.323008,0.143885,0.049505,-0.407738
W40,GOOD,8,9,2025-09-29 11:17:58,2025-09-29 11:22:24,LONG,REVERSAL,0,100.0,496.5,100.0,10.0,6790,False,True,2.0,trend,0.67369,0.410256,0.289646,-1.940476
W40,GOOD,8,10,2025-09-29 11:22:24,2025-09-29 11:27:45,SHORT,REVERSAL,0,100.0,496.5,100.0,20.0,6660,False,True,0.0,unclear,0.834609,0.358696,0.123104,2.241071
W40,GOOD,8,11,2025-09-29 11:27:45,2025-09-29 11:40:09,LONG,REVERSAL,1,100.0,493.0,50.0,100.0,15899,False,True,0.0,unclear,0.409009,0.081522,0.028228,-0.735119
W40,GOOD,8,12,2025-09-29 11:40:09,2025-09-29 11:50:29,SHORT,REVERSAL,0,100.0,496.5,100.0,17.0,9836,False,True,0.0,unclear,0.413534,0.202128,0.026654,0.982143
W40,GOOD,8,13,2025-09-29 11:50:29,2025-09-29 12:14:37,LONG,REVERSAL,0,100.0,496.5,100.0,57.0,22797,False,True,2.0,trend,0.702796,0.410448,0.214035,-1.6875
W40,GOOD,8,14,2025-09-29 12:14:37,2025-09-29 12:17:30,SHORT,REVERSAL,0,100.0,496.5,100.0,11.0,3244,False,True,1.0,chop,0.312201,0.13125,0.091552,0.985119
W40,GOOD,8,15,2025-09-29 12:17:30,2025-09-29 12:42:12,LONG,REVERSAL,0,100.0,496.5,100.0,56.0,14223,False,True,2.0,trend,0.972046,0.463277,0.219005,-2.967262
W40,GOOD,8,16,2025-09-29 12:42:12,2025-09-29 12:44:48,SHORT,REVERSAL,0,101.0,501.5,101.0,4.0,2157,False,True,0.0,unclear,0.965501,0.373418,0.09689,1.994048
W40,GOOD,8,17,2025-09-29 12:44:48,2025-09-29 13:26:45,LONG,REVERSAL,1,100.0,493.0,50.0,107.0,30108,False,True,2.0,trend,0.900062,0.560606,0.112053,-2.675595
W40,GOOD,8,18,2025-09-29 13:26:45,2025-09-29 14:40:25,SHORT,REVERSAL,1,100.0,493.0,98.0,100.0,38654,False,True,0.0,unclear,0.685281,0.273333,0.065588,1.133929
W40,GOOD,8,19,2025-09-29 14:40:25,2025-09-29 15:15:22,LONG,HARD_STOP,1,-250.0,-1257.0,51.0,125.0,22081,True,False,2.0,trend,0.941488,0.430657,0.169315,-2.247024
W40,GOOD,8,20,2025-09-29 15:19:43,2025-09-29 15:49:50,SHORT,EOD_FLATTEN,1,-146.0,-737.0,21.0,100.0,23451,False,False,1.0,chop,0.037848,0.139665,0.091752,0.244048
W40,GOOD,8,21,2025-09-30 09:30:36,2025-09-30 09:34:29,LONG,HARD_STOP,1,-250.0,-1257.0,45.0,125.0,8120,True,False,0.0,unclear,0.826808,0.346774,0.077519,-3.485119
W40,GOOD,8,22,2025-09-30 09:36:30,2025-09-30 09:37:20,SHORT,REVERSAL,0,100.0,496.5,100.0,11.0,1356,False,True,0.0,unclear,0.645869,0.176955,0.003802,2.235119
W40,GOOD,8,23,2025-09-30 09:37:20,2025-09-30 09:44:12,LONG,REVERSAL,0,100.0,496.5,100.0,62.0,11681,False,True,0.0,unclear,0.892963,0.321839,0.119318,-3.568452
W40,GOOD,8,24,2025-09-30 09:44:12,2025-09-30 09:52:03,SHORT,REVERSAL,0,100.0,496.5,100.0,97.0,12790,False,True,2.0,trend,0.840959,0.420408,0.149673,3.550595
W40,GOOD,8,25,2025-09-30 09:52:03,2025-09-30 09:56:25,LONG,REVERSAL,1,100.0,493.0,64.0,100.0,8824,False,True,0.0,unclear,0.615291,0.189394,0.099331,-1.625
W40,GOOD,8,26,2025-09-30 09:56:25,2025-09-30 10:02:10,SHORT,HARD_STOP,1,-250.0,-1257.0,37.0,125.0,8417,True,False,0.0,unclear,0.69524,0.21875,0.031295,2.770833
W40,GOOD,8,27,2025-09-30 10:05:08,2025-09-30 10:17:02,LONG,REVERSAL,1,100.0,493.0,50.0,113.0,16579,False,True,0.0,unclear,0.802012,0.341709,0.105787,-2.800595
W40,GOOD,8,28,2025-09-30 10:17:02,2025-09-30 10:26:11,SHORT,REVERSAL,0,100.0,496.5,100.0,45.0,9230,False,True,0.0,unclear,0.684078,0.325581,0.133895,2.571429
W40,GOOD,8,29,2025-09-30 10:26:11,2025-09-30 10:29:32,LONG,REVERSAL,0,100.0,496.5,100.0,7.0,3199,False,True,1.0,chop,0.183142,0.153846,0.11301,-0.610119
W40,GOOD,8,30,2025-09-30 10:29:32,2025-09-30 10:38:38,SHORT,REVERSAL,0,100.0,496.5,100.0,86.0,10501,False,True,1.0,chop,0.003451,0.025547,0.024976,0.127976
W40,GOOD,8,31,2025-09-30 10:38:38,2025-09-30 10:42:00,LONG,REVERSAL,0,100.0,496.5,100.0,42.0,5184,False,True,2.0,trend,0.878516,0.408163,0.212465,-2.815476
W40,GOOD,8,32,2025-09-30 10:42:00,2025-09-30 10:48:15,SHORT,HARD_STOP,1,-250.0,-1257.0,48.0,125.0,7987,True,False,0.0,unclear,0.848584,0.336406,0.152866,2.839286
W40,GOOD,8,33,2025-09-30 10:55:36,2025-09-30 11:16:35,SHORT,REVERSAL,0,100.0,496.5,100.0,80.0,24445,False,True,0.0,unclear,0.744036,0.256684,0.18525,2.33631
W40,GOOD,8,34,2025-09-30 11:16:35,2025-09-30 11:27:09,LONG,HARD_STOP,1,-250.0,-1257.0,30.0,125.0,14434,True,False,0.0,unclear,0.841346,0.336842,0.124823,-1.973214
W40,GOOD,8,35,2025-09-30 11:29:14,2025-09-30 11:35:24,SHORT,REVERSAL,1,100.0,493.0,50.0,100.0,6955,False,True,0.0,unclear,0.447594,0.116505,0.051604,0.714286
W40,GOOD,8,36,2025-09-30 11:35:24,2025-09-30 11:51:52,LONG,REVERSAL,0,100.0,496.5,100.0,76.0,14331,False,True,0.0,unclear,0.80013,0.392857,0.198697,-2.744048
W40,GOOD,8,37,2025-09-30 11:51:52,2025-09-30 12:08:40,SHORT,REVERSAL,0,100.0,496.5,100.0,62.0,13660,False,True,1.0,chop,0.321931,0.175439,0.030653,0.797619
W40,GOOD,8,38,2025-09-30 12:08:40,2025-09-30 12:19:01,LONG,REVERSAL,0,100.0,496.5,100.0,3.0,5931,False,True,2.0,trend,0.900204,0.363281,0.274483,-4.377976
W40,GOOD,8,39,2025-09-30 12:19:01,2025-09-30 12:26:57,SHORT,REVERSAL,1,100.0,493.0,50.0,103.0,8539,False,True,1.0,chop,0.165931,0.146341,0.056338,0.809524
W40,GOOD,8,40,2025-09-30 12:26:57,2025-09-30 13:11:16,LONG,HARD_STOP,1,-250.0,-1257.0,75.0,125.0,22354,True,False,0.0,unclear,0.81768,0.21875,0.101039,-1.604167
W40,GOOD,8,41,2025-09-30 13:21:16,2025-09-30 13:49:51,LONG,REVERSAL,0,100.0,496.5,100.0,78.0,19983,False,True,0.0,unclear,0.634115,0.326733,0.149233,-1.723214
W40,GOOD,8,42,2025-09-30 13:49:51,2025-09-30 14:15:16,SHORT,HARD_STOP,1,-250.0,-1257.0,57.0,125.0,18558,True,False,0.0,unclear,0.684242,0.333333,0.06637,1.151786
W40,GOOD,8,43,2025-09-30 14:18:26,2025-09-30 14:26:12,LONG,REVERSAL,0,100.0,496.5,100.0,7.0,5083,False,True,1.0,chop,0.323497,0.077465,0.016033,-0.732143
W40,GOOD,8,44,2025-09-30 14:26:12,2025-09-30 15:31:19,SHORT,HARD_STOP,1,-250.0,-1257.0,52.0,125.0,40940,True,False,0.0,unclear,0.865234,0.316667,0.158485,2.467262
W40,GOOD,8,45,2025-09-30 15:40:08,2025-09-30 15:49:47,LONG,REVERSAL,0,100.0,496.5,100.0,68.0,10017,False,True,0.0,unclear,0.723015,0.233161,0.079009,-1.848214
W40,GOOD,8,46,2025-09-30 15:49:47,2025-09-30 15:49:50,SHORT,EOD_FLATTEN,0,1.0,1.5,3.0,2.0,47,False,True,2.0,trend,0.978368,0.459459,0.145307,2.321429
W40,GOOD,8,47,2025-10-01 09:31:01,2025-10-01 09:31:18,LONG,REVERSAL,0,100.0,496.5,100.0,1.0,1002,False,True,1.0,chop,0.284904,0.1,0.059266,0.633929
W40,GOOD,8,48,2025-10-01 09:31:18,2025-10-01 09:32:51,SHORT,HARD_STOP,1,-250.0,-1257.0,4.0,125.0,5448,True,False,0.0,unclear,0.650704,0.256198,0.02178,2.395833
W40,GOOD,8,49,2025-10-01 09:34:05,2025-10-01 09:35:12,SHORT,REVERSAL,0,100.0,496.5,100.0,8.0,2601,False,True,0.0,unclear,0.848912,0.304348,0.08716,2.342262
W40,GOOD,8,50,2025-10-01 09:35:12,2025-10-01 09:36:23,LONG,REVERSAL,0,100.0,496.5,100.0,15.0,2374,False,True,0.0,unclear,0.670405,0.276316,0.104816,-2.089286
W40,GOOD,8,51,2025-10-01 09:36:23,2025-10-01 09:42:20,SHORT,REVERSAL,0,100.0,496.5,100.0,30.0,9135,False,True,0.0,unclear,0.468864,0.185022,0.031365,1.142857
W40,GOOD,8,52,2025-10-01 09:42:20,2025-10-01 09:45:03,LONG,REVERSAL,0,100.0,496.5,100.0,23.0,3575,False,True,1.0,chop,0.325254,0.21519,0.11877,-0.973214
W40,GOOD,8,53,2025-10-01 09:45:03,2025-10-01 09:45:44,SHORT,REVERSAL,0,100.0,496.5,100.0,6.0,1027,False,True,0.0,unclear,0.735436,0.250951,0.175024,1.982143
W40,GOOD,8,54,2025-10-01 09:45:44,2025-10-01 09:49:02,LONG,HARD_STOP,1,-250.0,-1257.0,44.0,125.0,6296,True,False,0.0,unclear,0.703126,0.298113,0.097892,-2.642857
W40,GOOD,8,55,2025-10-01 09:49:40,2025-10-01 09:53:47,LONG,REVERSAL,0,100.0,496.5,100.0,81.0,9472,False,True,2.0,trend,0.918743,0.431718,0.029532,-3.458333
W40,GOOD,8,56,2025-10-01 09:53:47,2025-10-01 09:59:31,SHORT,REVERSAL,1,100.0,493.0,50.0,124.0,9159,False,True,1.0,chop,0.273916,0.137809,0.069458,1.64881
W40,GOOD,8,57,2025-10-01 09:59:31,2025-10-01 10:01:09,LONG,REVERSAL,0,100.0,496.5,100.0,85.0,3364,False,True,2.0,trend,0.773179,0.241497,0.206865,-2.517857
W40,GOOD,8,58,2025-10-01 10:01:09,2025-10-01 10:08:44,SHORT,REVERSAL,1,100.0,493.0,50.0,100.0,9611,False,True,0.0,unclear,0.684876,0.255435,0.147294,3.020833
W40,GOOD,8,59,2025-10-01 10:08:44,2025-10-01 10:10:05,LONG,REVERSAL,0,100.0,496.5,100.0,6.0,1542,False,True,1.0,chop,0.174172,0.013699,0.065033,-0.806548
W40,GOOD,8,60,2025-10-01 10:10:05,2025-10-01 10:20:48,SHORT,HARD_STOP,1,-250.0,-1257.0,44.0,125.0,11480,True,False,0.0,unclear,0.675896,0.225564,0.037276,2.276786
W40,GOOD,8,61,2025-10-01 10:25:56,2025-10-01 10:40:36,SHORT,REVERSAL,1,100.0,493.0,50.0,100.0,17392,False,True,0.0,unclear,0.870475,0.364865,0.077333,1.916667
W40,GOOD,8,62,2025-10-01 10:40:36,2025-10-01 11:00:50,LONG,REVERSAL,0,100.0,496.5,100.0,22.0,17138,False,True,0.0,unclear,0.928389,0.39375,0.164569,-2.166667
W40,GOOD,8,63,2025-10-01 11:00:50,2025-10-01 11:12:39,SHORT,REVERSAL,0,100.0,496.5,100.0,48.0,11751,False,True,0.0,unclear,0.785683,0.236364,0.122109,2.03869
W40,GOOD,8,64,2025-10-01 11:12:39,2025-10-01 11:32:33,LONG,REVERSAL,0,100.0,496.5,100.0,34.0,14598,False,True,0.0,unclear,0.903423,0.349315,0.104998,-2.208333
W40,GOOD,8,65,2025-10-01 11:32:33,2025-10-01 12:34:52,SHORT,HARD_STOP,1,-250.0,-1257.0,36.0,125.0,36105,True,False,0.0,unclear,0.747412,0.345238,0.044831,1.75
W40,GOOD,8,66,2025-10-01 12:59:06,2025-10-01 14:00:23,SHORT,HARD_STOP,1,-250.0,-1257.0,14.0,125.0,35257,True,False,2.0,trend,0.96217,0.481203,0.138654,2.258929
W40,GOOD,8,67,2025-10-01 14:02:55,2025-10-01 14:09:37,LONG,REVERSAL,0,100.0,496.5,100.0,50.0,5847,False,True,2.0,trend,0.952771,0.5,0.119417,-2.880952
W40,GOOD,8,68,2025-10-01 14:09:37,2025-10-01 15:22:32,SHORT,REVERSAL,1,100.0,493.0,50.0,100.0,36079,False,True,0.0,unclear,0.837476,0.289062,0.12069,1.238095
W40,GOOD,8,69,2025-10-01 15:22:32,2025-10-01 15:34:28,LONG,REVERSAL,0,100.0,496.5,100.0,9.0,6317,False,True,0.0,unclear,0.718426,0.277778,0.113449,-1.261905
W40,GOOD,8,70,2025-10-01 15:34:28,2025-10-01 15:43:44,SHORT,REVERSAL,0,100.0,496.5,100.0,1.0,6281,False,True,0.0,unclear,0.758451,0.268657,0.137024,0.994048
W40,GOOD,8,71,2025-10-01 15:43:44,2025-10-01 15:49:50,LONG,EOD_FLATTEN,0,44.0,216.5,64.0,38.0,5346,False,True,2.0,trend,0.947809,0.489796,0.111392,-2.291667
W40,GOOD,8,72,2025-10-02 09:30:26,2025-10-02 09:37:39,LONG,HARD_STOP,1,-250.0,-1257.0,42.0,125.0,17561,True,False,0.0,unclear,0.594354,0.185185,0.061874,-0.610119
W40,GOOD,8,73,2025-10-02 09:39:52,2025-10-02 09:49:30,LONG,HARD_STOP,1,-250.0,-1257.0,31.0,125.0,21641,True,False,1.0,chop,0.172713,0.125581,0.07109,-0.785714
W40,GOOD,8,74,2025-10-02 09:51:13,2025-10-02 09:52:15,SHORT,REVERSAL,0,100.0,496.5,100.0,18.0,2095,False,True,0.0,unclear,0.438431,0.215613,0.051108,2.005952
W40,GOOD,8,75,2025-10-02 09:52:15,2025-10-02 09:53:26,LONG,REVERSAL,0,100.0,496.5,100.0,24.0,2489,False,True,2.0,trend,0.848596,0.4375,0.098202,-3.142857
W40,GOOD,8,76,2025-10-02 09:53:26,2025-10-02 09:57:09,SHORT,REVERSAL,0,100.0,496.5,100.0,56.0,6497,False,True,2.0,trend,0.761165,0.42623,0.191663,2.72619
W40,GOOD,8,77,2025-10-02 09:57:09,2025-10-02 09:58:33,LONG,REVERSAL,0,100.0,496.5,100.0,2.0,1975,False,True,1.0,chop,0.224987,0.154167,0.059495,-0.690476
W40,GOOD,8,78,2025-10-02 09:58:33,2025-10-02 10:11:51,SHORT,REVERSAL,1,100.0,493.0,50.0,100.0,20259,False,True,0.0,unclear,0.927469,0.39738,0.021349,2.949405
W40,GOOD,8,79,2025-10-02 10:11:51,2025-10-02 10:16:25,LONG,REVERSAL,0,100.0,496.5,100.0,17.0,4773,False,True,2.0,trend,0.898851,0.39207,0.20108,-2.657738
W40,GOOD,8,80,2025-10-02 10:16:25,2025-10-02 10:46:17,SHORT,REVERSAL,0,100.0,496.5,100.0,86.0,32646,False,True,0.0,unclear,0.427393,0.274725,0.039048,1.482143
W40,GOOD,8,81,2025-10-02 10:46:17,2025-10-02 11:04:12,LONG,HARD_STOP,1,-250.0,-1257.0,47.0,125.0,22644,True,False,0.0,unclear,0.825271,0.327014,0.182994,-2.22619
W40,GOOD,8,82,2025-10-02 11:06:51,2025-10-02 11:37:15,SHORT,REVERSAL,1,100.0,493.0,50.0,100.0,27904,False,True,0.0,unclear,0.687477,0.207207,0.108706,1.3125
W40,GOOD,8,83,2025-10-02 11:37:15,2025-10-02 11:50:42,LONG,REVERSAL,0,100.0,496.5,100.0,72.0,13932,False,True,0.0,unclear,0.522083,0.346491,0.185701,-1.988095
W40,GOOD,8,84,2025-10-02 11:50:42,2025-10-02 12:05:25,SHORT,REVERSAL,1,100.0,493.0,50.0,104.0,15741,False,True,0.0,unclear,0.641191,0.314286,0.158237,1.550595
W40,GOOD,8,85,2025-10-02 12:05:25,2025-10-02 12:23:50,LONG,REVERSAL,0,100.0,496.5,100.0,9.0,11093,False,True,2.0,trend,0.978639,0.704142,0.176362,-4.294643
W40,GOOD,8,86,2025-10-02 12:23:50,2025-10-02 12:41:28,SHORT,REVERSAL,0,100.0,496.5,100.0,9.0,8478,False,True,2.0,trend,0.992523,0.403226,0.027867,2.794643
W40,GOOD,8,87,2025-10-02 12:41:28,2025-10-02 12:52:41,LONG,REVERSAL,0,100.0,496.5,100.0,39.0,6861,False,True,0.0,unclear,0.914299,0.390374,0.134572,-2.901786
W40,GOOD,8,88,2025-10-02 12:52:41,2025-10-02 13:42:36,SHORT,HARD_STOP,1,-250.0,-1257.0,37.0,125.0,24117,True,False,0.0,unclear,0.873178,0.396694,0.088763,1.553571
W40,GOOD,8,89,2025-10-02 13:47:09,2025-10-02 14:25:39,LONG,REVERSAL,0,100.0,496.5,100.0,35.0,17399,False,True,0.0,unclear,0.657746,0.160714,0.077566,-1.53869
W40,GOOD,8,90,2025-10-02 14:25:39,2025-10-02 15:49:50,SHORT,EOD_FLATTEN,0,-12.0,-63.5,62.0,54.0,35369,False,False,1.0,chop,0.011414,0.0,0.05045,0.068452
W40,GOOD,8,91,2025-10-03 09:30:53,2025-10-03 09:31:31,LONG,REVERSAL,0,100.0,496.5,100.0,1.0,1718,False,True,2.0,trend,0.884063,0.408046,0.132668,-3.193452
W40,GOOD,8,92,2025-10-03 09:31:31,2025-10-03 09:41:39,SHORT,REVERSAL,0,100.0,496.5,100.0,78.0,17403,False,True,2.0,trend,0.843873,0.439834,0.117184,3.511905
W40,GOOD,8,93,2025-10-03 09:41:39,2025-10-03 09:46:39,LONG,REVERSAL,0,100.0,496.5,100.0,30.0,6218,False,True,0.0,unclear,0.677311,0.165957,0.024237,-1.247024
W40,GOOD,8,94,2025-10-03 09:46:39,2025-10-03 09:55:53,SHORT,REVERSAL,0,100.0,496.5,100.0,88.0,11192,False,True,0.0,unclear,0.515207,0.103004,0.035349,0.916667
W40,GOOD,8,95,2025-10-03 09:55:53,2025-10-03 10:00:08,LONG,HARD_STOP,1,-250.0,-1257.0,35.0,125.0,6466,True,False,0.0,unclear,0.799435,0.278302,0.187588,-1.824405
W40,GOOD,8,96,2025-10-03 10:01:18,2025-10-03 10:16:50,LONG,REVERSAL,0,100.0,496.5,100.0,99.0,23274,False,True,0.0,unclear,0.714308,0.272727,0.080056,-2.130952
W40,GOOD,8,97,2025-10-03 10:16:50,2025-10-03 10:19:37,SHORT,REVERSAL,0,100.0,496.5,100.0,0.0,3162,False,True,0.0,unclear,0.586333,0.256983,0.183786,1.363095
W40,GOOD,8,98,2025-10-03 10:19:37,2025-10-03 10:26:30,LONG,REVERSAL,0,100.0,496.5,100.0,66.0,8240,False,True,0.0,unclear,0.642155,0.169082,0.151119,-1.041667
W40,GOOD,8,99,2025-10-03 10:26:30,2025-10-03 10:49:15,SHORT,REVERSAL,1,100.0,493.0,95.0,100.0,23628,False,True,2.0,trend,0.976979,0.564626,0.257976,3.235119
W40,GOOD,8,100,2025-10-03 10:49:15,2025-10-03 11:14:07,LONG,REVERSAL,0,100.0,496.5,100.0,38.0,20073,False,True,0.0,unclear,0.445558,0.303922,0.107807,-1.428571
W40,GOOD,8,101,2025-10-03 11:14:07,2025-10-03 12:40:17,SHORT,REVERSAL,1,100.0,493.0,87.0,100.0,49855,False,True,0.0,unclear,0.859922,0.33908,0.129785,1.955357
W40,GOOD,8,102,2025-10-03 12:40:17,2025-10-03 13:02:32,LONG,HARD_STOP,1,-250.0,-1257.0,15.0,125.0,14751,True,False,0.0,unclear,0.717286,0.176471,0.131919,-0.901786
W40,GOOD,8,103,2025-10-03 13:03:05,2025-10-03 13:07:32,LONG,REVERSAL,1,99.0,488.0,49.5,101.0,12371,False,True,2.0,trend,0.850803,0.426966,0.22023,-2.407738
W40,GOOD,8,104,2025-10-03 13:07:32,2025-10-03 13:18:47,SHORT,REVERSAL,1,100.0,493.0,50.0,100.0,13524,False,True,0.0,unclear,0.933712,0.389744,0.176208,2.568452
W40,GOOD,8,105,2025-10-03 13:18:47,2025-10-03 13:33:25,LONG,REVERSAL,1,100.0,493.0,50.0,121.0,17322,False,True,0.0,unclear,0.808701,0.337719,0.009479,-2.622024
W40,GOOD,8,106,2025-10-03 13:33:25,2025-10-03 13:37:21,SHORT,REVERSAL,0,100.0,496.5,100.0,8.0,3638,False,True,0.0,unclear,0.885168,0.386905,0.097861,1.958333
W40,GOOD,8,107,2025-10-03 13:37:21,2025-10-03 13:46:45,LONG,HARD_STOP,1,-250.0,-1257.0,43.0,125.0,9674,True,False,1.0,chop,0.211241,0.165289,0.057557,-0.815476
W40,GOOD,8,108,2025-10-03 13:50:28,2025-10-03 13:53:35,LONG,HARD_STOP,1,-250.0,-1257.0,25.0,125.0,6514,True,False,0.0,unclear,0.643247,0.1673,0.091161,-1.866071
W40,GOOD,8,109,2025-10-03 13:55:08,2025-10-03 14:04:14,SHORT,REVERSAL,1,100.0,493.0,50.0,100.0,14238,False,True,2.0,trend,0.668839,0.441296,0.085422,3.205357
W40,GOOD,8,110,2025-10-03 14:04:14,2025-10-03 14:11:17,LONG,REVERSAL,0,100.0,496.5,100.0,89.0,8405,False,True,2.0,trend,0.898887,0.487365,0.118901,-3.866071
W40,GOOD,8,111,2025-10-03 14:11:17,2025-10-03 14:22:19,SHORT,HARD_STOP,1,-250.0,-1257.0,28.0,125.0,11965,True,False,2.0,trend,0.970009,0.540541,0.124074,4.764881
W40,GOOD,8,112,2025-10-03 14:26:52,2025-10-03 14:32:55,SHORT,REVERSAL,0,100.0,496.5,100.0,49.0,6928,False,True,0.0,unclear,0.884597,0.360759,0.044736,1.928571
W40,GOOD,8,113,2025-10-03 14:32:55,2025-10-03 14:56:55,LONG,REVERSAL,1,100.0,493.0,56.0,100.0,18266,False,True,2.0,trend,0.970866,0.441489,0.146451,-2.782738
W40,GOOD,8,114,2025-10-03 14:56:55,2025-10-03 15:49:50,SHORT,EOD_FLATTEN,0,-41.0,-208.5,50.0,91.0,27957,False,False,0.0,unclear,0.659743,0.246073,0.164915,1.241071
