cycle_id,week,category,seed_dt,exit_dt,direction,seed_price,exit_price,exit_type,depth,max_position,pnl_ticks,pnl_dollars,bars_held,mfe_ticks,mae_ticks,agg_bars_held
285,2025-W40,WEAKEST,2025-09-29 09:30:50,2025-09-29 09:31:03,LONG,24851.75,24861.75,REVERSAL,0,1,40.0,196.5,652,40.0,0.0,3
286,2025-W40,WEAKEST,2025-09-29 09:31:22,2025-09-29 09:31:29,SHORT,24872.75,24862.75,REVERSAL,0,1,40.0,196.5,278,40.0,2.0,2
287,2025-W40,WEAKEST,2025-09-29 09:32:45,2025-09-29 09:33:01,LONG,24873.0,24883.25,REVERSAL,0,1,41.0,201.5,505,41.0,5.0,3
288,2025-W40,WEAKEST,2025-09-29 09:33:19,2025-09-29 09:36:37,LONG,24876.0,24876.0,REVERSAL,1,2,40.0,193.0,5351,38.0,40.0,22
289,2025-W40,WEAKEST,2025-09-29 09:36:49,2025-09-29 09:37:08,LONG,24870.0,24880.0,REVERSAL,0,1,40.0,196.5,589,40.0,7.0,4
290,2025-W40,WEAKEST,2025-09-29 09:38:08,2025-09-29 09:39:01,LONG,24880.75,24881.0,REVERSAL,1,2,42.0,203.0,1355,29.0,40.0,7
291,2025-W40,WEAKEST,2025-09-29 09:45:00,2025-09-29 09:47:24,SHORT,24919.25,24939.25,HARD_STOP,1,2,-120.0,-607.0,6459,20.0,60.0,26
292,2025-W40,WEAKEST,2025-09-29 09:48:11,2025-09-29 09:48:31,LONG,24929.0,24939.0,REVERSAL,0,1,40.0,196.5,490,40.0,5.0,2
293,2025-W40,WEAKEST,2025-09-29 09:50:35,2025-09-29 09:50:55,SHORT,24950.75,24940.75,REVERSAL,0,1,40.0,196.5,520,40.0,4.0,3
294,2025-W40,WEAKEST,2025-09-29 09:54:04,2025-09-29 09:55:26,SHORT,24953.5,24943.5,REVERSAL,0,1,40.0,196.5,2186,40.0,8.0,10
295,2025-W40,WEAKEST,2025-09-29 09:55:36,2025-09-29 09:56:20,LONG,24931.75,24941.75,REVERSAL,0,1,40.0,196.5,1195,40.0,8.0,5
296,2025-W40,WEAKEST,2025-09-29 09:57:31,2025-09-29 09:57:56,SHORT,24943.25,24933.25,REVERSAL,0,1,40.0,196.5,471,40.0,12.0,2
297,2025-W40,WEAKEST,2025-09-29 09:58:09,2025-09-29 10:00:50,SHORT,24941.75,24941.75,REVERSAL,1,2,40.0,193.0,3764,37.0,50.0,16
298,2025-W40,WEAKEST,2025-09-29 10:08:00,2025-09-29 10:08:26,SHORT,24956.25,24946.25,REVERSAL,0,1,40.0,196.5,841,40.0,7.0,4
299,2025-W40,WEAKEST,2025-09-29 10:14:34,2025-09-29 10:19:30,LONG,24954.75,24934.75,HARD_STOP,1,2,-120.0,-607.0,4962,27.0,60.0,21
300,2025-W40,WEAKEST,2025-09-29 10:20:54,2025-09-29 10:22:14,SHORT,24928.0,24948.0,HARD_STOP,1,2,-120.0,-607.0,2300,11.0,60.0,10
301,2025-W40,WEAKEST,2025-09-29 10:27:21,2025-09-29 10:29:15,SHORT,24965.0,24955.0,REVERSAL,0,1,40.0,196.5,1112,40.0,3.0,5
302,2025-W40,WEAKEST,2025-09-29 10:33:31,2025-09-29 10:34:05,LONG,24943.0,24953.0,REVERSAL,0,1,40.0,196.5,482,40.0,0.0,2
303,2025-W40,WEAKEST,2025-09-29 10:35:11,2025-09-29 10:35:16,SHORT,24959.5,24949.5,REVERSAL,0,1,40.0,196.5,320,40.0,6.0,2
304,2025-W40,WEAKEST,2025-09-29 10:52:40,2025-09-29 10:53:15,SHORT,24958.0,24948.0,REVERSAL,0,1,40.0,196.5,352,40.0,3.0,2
305,2025-W40,WEAKEST,2025-09-29 10:57:16,2025-09-29 11:00:36,LONG,24926.5,24936.75,REVERSAL,0,1,41.0,201.5,3177,41.0,16.0,14
306,2025-W40,WEAKEST,2025-09-29 11:01:33,2025-09-29 11:06:15,SHORT,24941.0,24931.0,REVERSAL,0,1,40.0,196.5,2913,40.0,7.0,12
307,2025-W40,WEAKEST,2025-09-29 11:07:01,2025-09-29 11:08:01,SHORT,24935.25,24925.25,REVERSAL,0,1,40.0,196.5,564,40.0,2.0,3
308,2025-W40,WEAKEST,2025-09-29 11:10:37,2025-09-29 11:11:34,SHORT,24918.5,24908.5,REVERSAL,0,1,40.0,196.5,903,40.0,4.0,4
309,2025-W40,WEAKEST,2025-09-29 11:12:20,2025-09-29 11:16:31,LONG,24894.75,24874.75,HARD_STOP,1,2,-120.0,-607.0,7477,29.0,60.0,30
310,2025-W40,WEAKEST,2025-09-29 11:16:46,2025-09-29 11:17:31,SHORT,24889.25,24879.25,REVERSAL,0,1,40.0,196.5,1037,40.0,2.0,5
311,2025-W40,WEAKEST,2025-09-29 11:21:30,2025-09-29 11:24:28,SHORT,24882.25,24882.25,REVERSAL,1,2,40.0,193.0,4083,29.0,40.0,17
312,2025-W40,WEAKEST,2025-09-29 11:25:15,2025-09-29 11:25:43,SHORT,24882.25,24872.25,REVERSAL,0,1,40.0,196.5,549,40.0,0.0,3
313,2025-W40,WEAKEST,2025-09-29 11:28:48,2025-09-29 11:30:17,LONG,24864.0,24874.0,REVERSAL,0,1,40.0,196.5,1789,40.0,9.0,8
314,2025-W40,WEAKEST,2025-09-29 11:30:17,2025-09-29 11:30:29,SHORT,24874.0,24863.75,REVERSAL,0,1,41.0,201.5,349,41.0,0.0,2
315,2025-W40,WEAKEST,2025-09-29 11:34:34,2025-09-29 11:35:04,LONG,24853.5,24863.5,REVERSAL,0,1,40.0,196.5,435,40.0,2.0,3
316,2025-W40,WEAKEST,2025-09-29 11:37:38,2025-09-29 11:38:44,LONG,24852.75,24862.75,REVERSAL,0,1,40.0,196.5,1200,40.0,5.0,5
317,2025-W40,WEAKEST,2025-09-29 11:40:51,2025-09-29 11:42:34,LONG,24852.0,24862.25,REVERSAL,0,1,41.0,201.5,1303,41.0,7.0,6
318,2025-W40,WEAKEST,2025-09-29 11:46:00,2025-09-29 11:50:29,LONG,24859.0,24839.0,HARD_STOP,1,2,-120.0,-607.0,4488,24.0,60.0,19
319,2025-W40,WEAKEST,2025-09-29 11:51:30,2025-09-29 11:52:15,SHORT,24851.0,24841.0,REVERSAL,0,1,40.0,196.5,594,40.0,12.0,3
320,2025-W40,WEAKEST,2025-09-29 11:54:15,2025-09-29 11:55:53,SHORT,24842.25,24842.25,REVERSAL,1,2,40.0,193.0,1828,20.0,40.0,8
321,2025-W40,WEAKEST,2025-09-29 11:56:27,2025-09-29 11:57:01,LONG,24832.25,24842.25,REVERSAL,0,1,40.0,196.5,548,40.0,0.0,3
322,2025-W40,WEAKEST,2025-09-29 12:00:15,2025-09-29 12:01:14,SHORT,24855.75,24845.75,REVERSAL,0,1,40.0,196.5,1168,40.0,3.0,5
323,2025-W40,WEAKEST,2025-09-29 12:04:11,2025-09-29 12:09:18,LONG,24831.75,24841.75,REVERSAL,0,1,40.0,196.5,3526,40.0,23.0,15
324,2025-W40,WEAKEST,2025-09-29 12:12:00,2025-09-29 12:16:44,SHORT,24854.5,24854.5,REVERSAL,1,2,40.0,193.0,4545,20.0,40.0,19
325,2025-W40,WEAKEST,2025-09-29 12:19:21,2025-09-29 12:21:26,SHORT,24850.75,24840.75,REVERSAL,0,1,40.0,196.5,1429,40.0,8.0,6
326,2025-W40,WEAKEST,2025-09-29 12:24:11,2025-09-29 12:43:30,SHORT,24853.5,24853.5,REVERSAL,1,2,40.0,193.0,9352,34.0,40.0,38
327,2025-W40,WEAKEST,2025-09-29 12:46:23,2025-09-29 12:48:11,SHORT,24845.5,24835.5,REVERSAL,0,1,40.0,196.5,1163,40.0,9.0,5
328,2025-W40,WEAKEST,2025-09-29 12:57:41,2025-09-29 12:59:32,LONG,24823.75,24833.75,REVERSAL,0,1,40.0,196.5,893,40.0,2.0,4
329,2025-W40,WEAKEST,2025-09-29 13:00:22,2025-09-29 13:03:03,LONG,24828.5,24808.5,HARD_STOP,1,2,-120.0,-607.0,2789,22.0,60.0,12
330,2025-W40,WEAKEST,2025-09-29 13:18:19,2025-09-29 13:20:44,SHORT,24834.75,24824.75,REVERSAL,0,1,40.0,196.5,1634,40.0,16.0,7
331,2025-W40,WEAKEST,2025-09-29 13:24:11,2025-09-29 13:32:00,SHORT,24832.75,24822.25,REVERSAL,0,1,42.0,206.5,4255,42.0,34.0,18
332,2025-W40,WEAKEST,2025-09-29 13:38:13,2025-09-29 13:44:21,SHORT,24825.25,24825.25,REVERSAL,1,2,40.0,193.0,3183,20.0,40.0,14
333,2025-W40,WEAKEST,2025-09-29 13:52:59,2025-09-29 14:22:34,SHORT,24846.5,24866.5,HARD_STOP,1,2,-120.0,-607.0,14954,31.0,60.0,60
334,2025-W40,WEAKEST,2025-09-29 14:48:22,2025-09-29 15:02:24,LONG,24850.5,24830.5,HARD_STOP,1,2,-120.0,-607.0,6196,4.0,60.0,25
335,2025-W40,WEAKEST,2025-09-29 15:07:06,2025-09-29 15:10:50,LONG,24815.0,24825.0,REVERSAL,0,1,40.0,196.5,3696,40.0,33.0,15
336,2025-W40,WEAKEST,2025-09-29 15:16:53,2025-09-29 15:18:23,LONG,24784.25,24794.25,REVERSAL,0,1,40.0,196.5,1823,40.0,7.0,8
337,2025-W40,WEAKEST,2025-09-29 15:21:03,2025-09-29 15:29:40,SHORT,24808.5,24808.5,REVERSAL,1,2,40.0,193.0,6044,26.0,40.0,25
338,2025-W40,WEAKEST,2025-09-29 15:35:07,2025-09-29 15:46:31,SHORT,24812.25,24832.25,HARD_STOP,1,2,-120.0,-607.0,8387,18.0,60.0,34
339,2025-W40,WEAKEST,2025-09-30 09:30:39,2025-09-30 09:30:42,LONG,24802.0,24812.0,REVERSAL,0,1,40.0,196.5,307,40.0,4.0,2
340,2025-W40,WEAKEST,2025-09-30 09:33:45,2025-09-30 09:35:14,LONG,24774.25,24774.25,REVERSAL,1,2,40.0,193.0,3519,29.0,49.0,15
341,2025-W40,WEAKEST,2025-09-30 09:35:42,2025-09-30 09:36:08,LONG,24763.25,24773.25,REVERSAL,0,1,40.0,196.5,556,40.0,6.0,3
342,2025-W40,WEAKEST,2025-09-30 09:36:33,2025-09-30 09:36:54,SHORT,24781.75,24771.75,REVERSAL,0,1,40.0,196.5,448,40.0,2.0,2
343,2025-W40,WEAKEST,2025-09-30 09:37:20,2025-09-30 09:38:00,LONG,24756.75,24757.25,REVERSAL,1,2,44.0,213.0,2126,22.0,40.0,9
344,2025-W40,WEAKEST,2025-09-30 09:38:53,2025-09-30 09:39:06,SHORT,24757.5,24747.5,REVERSAL,0,1,40.0,196.5,278,40.0,1.0,2
345,2025-W40,WEAKEST,2025-09-30 09:40:30,2025-09-30 09:41:33,SHORT,24766.5,24756.5,REVERSAL,0,1,40.0,196.5,1564,40.0,30.0,7
346,2025-W40,WEAKEST,2025-09-30 09:41:43,2025-09-30 09:43:23,SHORT,24764.25,24754.0,REVERSAL,0,1,41.0,201.5,1215,41.0,12.0,6
347,2025-W40,WEAKEST,2025-09-30 09:44:02,2025-09-30 09:45:28,SHORT,24780.5,24800.5,HARD_STOP,1,2,-120.0,-607.0,3580,29.0,60.0,15
348,2025-W40,WEAKEST,2025-09-30 09:46:07,2025-09-30 09:47:38,LONG,24795.0,24795.0,REVERSAL,1,2,40.0,193.0,2238,22.0,40.0,10
349,2025-W40,WEAKEST,2025-09-30 09:50:06,2025-09-30 09:54:00,LONG,24776.0,24756.0,HARD_STOP,1,2,-120.0,-607.0,4231,17.0,60.0,18
350,2025-W40,WEAKEST,2025-09-30 09:54:43,2025-09-30 09:55:22,LONG,24741.25,24741.25,REVERSAL,1,2,40.0,193.0,2202,20.0,56.0,10
351,2025-W40,WEAKEST,2025-09-30 10:03:07,2025-09-30 10:04:49,SHORT,24808.25,24798.25,REVERSAL,0,1,40.0,196.5,2282,40.0,18.0,10
352,2025-W40,WEAKEST,2025-09-30 10:07:22,2025-09-30 10:11:03,LONG,24768.5,24768.5,REVERSAL,1,2,40.0,193.0,3909,31.0,53.0,16
353,2025-W40,WEAKEST,2025-09-30 10:11:56,2025-09-30 10:12:06,LONG,24747.75,24757.75,REVERSAL,0,1,40.0,196.5,296,40.0,3.0,2
354,2025-W40,WEAKEST,2025-09-30 10:14:51,2025-09-30 10:15:19,SHORT,24774.0,24764.0,REVERSAL,0,1,40.0,196.5,662,40.0,10.0,3
355,2025-W40,WEAKEST,2025-09-30 10:20:27,2025-09-30 10:23:21,SHORT,24783.0,24783.0,REVERSAL,1,2,40.0,193.0,2158,26.0,42.0,9
356,2025-W40,WEAKEST,2025-09-30 10:24:33,2025-09-30 10:27:29,LONG,24765.25,24775.25,REVERSAL,0,1,40.0,196.5,2524,40.0,17.0,11
357,2025-W40,WEAKEST,2025-09-30 10:27:51,2025-09-30 10:29:29,LONG,24773.5,24783.5,REVERSAL,0,1,40.0,196.5,1063,40.0,16.0,5
358,2025-W40,WEAKEST,2025-09-30 10:30:23,2025-09-30 10:30:44,LONG,24777.75,24788.25,REVERSAL,0,1,42.0,206.5,318,42.0,6.0,2
359,2025-W40,WEAKEST,2025-09-30 10:31:44,2025-09-30 10:32:06,SHORT,24808.0,24798.0,REVERSAL,0,1,40.0,196.5,566,40.0,5.0,3
360,2025-W40,WEAKEST,2025-09-30 10:33:39,2025-09-30 10:35:02,LONG,24789.0,24799.0,REVERSAL,0,1,40.0,196.5,1111,40.0,6.0,5
361,2025-W40,WEAKEST,2025-09-30 10:36:27,2025-09-30 10:38:18,LONG,24788.75,24768.75,HARD_STOP,1,2,-120.0,-607.0,1801,17.0,60.0,8
362,2025-W40,WEAKEST,2025-09-30 10:40:40,2025-09-30 10:42:00,SHORT,24769.25,24789.25,HARD_STOP,1,2,-120.0,-607.0,1937,23.0,60.0,8
363,2025-W40,WEAKEST,2025-09-30 10:42:18,2025-09-30 10:44:32,LONG,24779.5,24789.5,REVERSAL,0,1,40.0,196.5,1663,40.0,15.0,7
364,2025-W40,WEAKEST,2025-09-30 10:47:00,2025-09-30 10:48:11,SHORT,24805.25,24825.25,HARD_STOP,1,2,-120.0,-607.0,2196,28.0,60.0,9
365,2025-W40,WEAKEST,2025-09-30 10:48:38,2025-09-30 10:55:26,LONG,24826.75,24836.75,REVERSAL,0,1,40.0,196.5,7316,40.0,36.0,30
366,2025-W40,WEAKEST,2025-09-30 10:55:46,2025-09-30 10:56:02,SHORT,24852.0,24842.0,REVERSAL,0,1,40.0,196.5,904,40.0,10.0,4
367,2025-W40,WEAKEST,2025-09-30 10:56:28,2025-09-30 10:59:06,LONG,24834.5,24844.5,REVERSAL,0,1,40.0,196.5,2285,40.0,19.0,10
368,2025-W40,WEAKEST,2025-09-30 11:00:33,2025-09-30 11:03:29,SHORT,24857.75,24847.75,REVERSAL,0,1,40.0,196.5,3720,40.0,20.0,15
369,2025-W40,WEAKEST,2025-09-30 11:05:02,2025-09-30 11:06:25,SHORT,24859.75,24849.75,REVERSAL,0,1,40.0,196.5,1378,40.0,9.0,6
370,2025-W40,WEAKEST,2025-09-30 11:12:33,2025-09-30 11:13:47,SHORT,24850.75,24840.75,REVERSAL,0,1,40.0,196.5,828,40.0,5.0,4
371,2025-W40,WEAKEST,2025-09-30 11:23:47,2025-09-30 11:27:07,LONG,24795.25,24775.25,HARD_STOP,1,2,-120.0,-607.0,3304,20.0,60.0,14
372,2025-W40,WEAKEST,2025-09-30 11:27:25,2025-09-30 11:27:35,LONG,24756.75,24766.75,REVERSAL,0,1,40.0,196.5,607,40.0,5.0,3
373,2025-W40,WEAKEST,2025-09-30 11:29:26,2025-09-30 11:32:20,SHORT,24780.0,24800.0,HARD_STOP,1,2,-120.0,-607.0,3601,20.0,60.0,15
374,2025-W40,WEAKEST,2025-09-30 11:36:36,2025-09-30 11:41:29,LONG,24785.25,24765.25,HARD_STOP,1,2,-120.0,-607.0,3805,11.0,60.0,16
375,2025-W40,WEAKEST,2025-09-30 11:50:35,2025-09-30 11:52:14,SHORT,24799.5,24799.5,REVERSAL,1,2,40.0,193.0,1459,20.0,40.0,7
376,2025-W40,WEAKEST,2025-09-30 12:01:19,2025-09-30 12:02:56,SHORT,24807.25,24807.25,REVERSAL,1,2,40.0,193.0,883,20.0,40.0,4
377,2025-W40,WEAKEST,2025-09-30 12:08:40,2025-09-30 12:08:41,LONG,24783.0,24793.0,REVERSAL,0,1,40.0,196.5,353,40.0,0.0,2
378,2025-W40,WEAKEST,2025-09-30 12:21:55,2025-09-30 12:22:31,SHORT,24841.5,24831.0,REVERSAL,0,1,42.0,206.5,786,42.0,3.0,4
379,2025-W40,WEAKEST,2025-09-30 12:24:41,2025-09-30 12:28:21,LONG,24815.75,24815.75,REVERSAL,1,2,40.0,193.0,2282,20.0,40.0,10
380,2025-W40,WEAKEST,2025-09-30 12:37:42,2025-09-30 12:44:15,LONG,24811.25,24811.25,REVERSAL,1,2,40.0,193.0,2962,20.0,41.0,13
381,2025-W40,WEAKEST,2025-09-30 12:53:23,2025-09-30 12:58:34,LONG,24798.0,24778.0,HARD_STOP,1,2,-120.0,-607.0,2324,6.0,60.0,11
382,2025-W40,WEAKEST,2025-09-30 12:59:50,2025-09-30 13:00:16,SHORT,24785.0,24775.0,REVERSAL,0,1,40.0,196.5,518,40.0,3.0,3
383,2025-W40,WEAKEST,2025-09-30 13:09:39,2025-09-30 13:10:45,SHORT,24780.25,24770.25,REVERSAL,0,1,40.0,196.5,590,40.0,6.0,3
384,2025-W40,WEAKEST,2025-09-30 13:16:22,2025-09-30 13:16:43,SHORT,24776.0,24766.0,REVERSAL,0,1,40.0,196.5,361,40.0,1.0,2
385,2025-W40,WEAKEST,2025-09-30 13:24:27,2025-09-30 13:25:18,LONG,24736.75,24746.75,REVERSAL,0,1,40.0,196.5,614,40.0,4.0,3
386,2025-W40,WEAKEST,2025-09-30 13:27:51,2025-09-30 13:29:10,LONG,24733.75,24744.0,REVERSAL,0,1,41.0,201.5,861,41.0,4.0,4
387,2025-W40,WEAKEST,2025-09-30 13:30:09,2025-09-30 13:33:54,LONG,24738.25,24748.25,REVERSAL,0,1,40.0,196.5,2572,40.0,23.0,11
388,2025-W40,WEAKEST,2025-09-30 13:40:41,2025-09-30 13:49:25,SHORT,24753.0,24773.0,HARD_STOP,1,2,-120.0,-607.0,5640,26.0,60.0,23
389,2025-W40,WEAKEST,2025-09-30 13:57:43,2025-09-30 14:06:10,LONG,24777.0,24777.0,REVERSAL,1,2,40.0,193.0,4896,21.0,40.0,20
390,2025-W40,WEAKEST,2025-09-30 14:13:51,2025-09-30 14:15:16,SHORT,24806.5,24826.5,HARD_STOP,1,2,-120.0,-607.0,1043,3.0,60.0,5
391,2025-W40,WEAKEST,2025-09-30 14:20:13,2025-09-30 14:20:56,LONG,24811.75,24821.75,REVERSAL,0,1,40.0,196.5,449,40.0,0.0,2
392,2025-W40,WEAKEST,2025-09-30 14:25:13,2025-09-30 14:47:14,SHORT,24825.25,24845.25,HARD_STOP,1,2,-120.0,-607.0,12565,38.0,60.0,51
393,2025-W40,WEAKEST,2025-09-30 14:52:03,2025-09-30 15:03:16,LONG,24841.75,24851.75,REVERSAL,0,1,40.0,196.5,5715,40.0,30.0,24
394,2025-W40,WEAKEST,2025-09-30 15:16:19,2025-09-30 15:20:10,LONG,24826.25,24836.25,REVERSAL,0,1,40.0,196.5,1838,40.0,16.0,8
395,2025-W40,WEAKEST,2025-09-30 15:25:42,2025-09-30 15:31:57,SHORT,24857.0,24877.0,HARD_STOP,1,2,-120.0,-607.0,6235,16.0,60.0,25
396,2025-W40,WEAKEST,2025-09-30 15:37:38,2025-09-30 15:40:49,LONG,24864.75,24844.75,HARD_STOP,1,2,-120.0,-607.0,2895,13.0,60.0,12
397,2025-W40,WEAKEST,2025-09-30 15:47:30,2025-09-30 15:49:50,SHORT,24859.5,24877.75,EOD_FLATTEN,1,2,-106.0,-537.0,2360,17.0,56.0,11
398,2025-W40,WEAKEST,2025-10-01 09:30:10,2025-10-01 09:30:12,LONG,24756.75,24767.0,REVERSAL,0,1,41.0,201.5,265,41.0,7.0,2
399,2025-W40,WEAKEST,2025-10-01 09:30:21,2025-10-01 09:30:25,LONG,24745.0,24755.0,REVERSAL,0,1,40.0,196.5,346,40.0,5.0,2
400,2025-W40,WEAKEST,2025-10-01 09:31:35,2025-10-01 09:31:38,SHORT,24807.0,24797.0,REVERSAL,0,1,40.0,196.5,329,40.0,2.0,2
401,2025-W40,WEAKEST,2025-10-01 09:31:49,2025-10-01 09:33:41,SHORT,24804.75,24824.75,HARD_STOP,1,2,-120.0,-607.0,5159,38.0,60.0,21
402,2025-W40,WEAKEST,2025-10-01 09:34:06,2025-10-01 09:34:33,SHORT,24834.25,24824.25,REVERSAL,0,1,40.0,196.5,1122,40.0,7.0,5
403,2025-W40,WEAKEST,2025-10-01 09:34:50,2025-10-01 09:35:23,LONG,24811.0,24821.0,REVERSAL,0,1,40.0,196.5,1249,40.0,23.0,5
404,2025-W40,WEAKEST,2025-10-01 09:36:51,2025-10-01 09:37:16,LONG,24827.5,24837.5,REVERSAL,0,1,40.0,196.5,598,40.0,8.0,3
405,2025-W40,WEAKEST,2025-10-01 09:37:59,2025-10-01 09:38:20,LONG,24826.5,24837.0,REVERSAL,0,1,42.0,206.5,441,42.0,3.0,2
406,2025-W40,WEAKEST,2025-10-01 09:38:32,2025-10-01 09:39:13,LONG,24828.75,24828.75,REVERSAL,1,2,40.0,193.0,1157,20.0,40.0,6
407,2025-W40,WEAKEST,2025-10-01 09:46:35,2025-10-01 09:47:58,LONG,24814.5,24794.5,HARD_STOP,1,2,-120.0,-607.0,1819,11.0,60.0,9
408,2025-W40,WEAKEST,2025-10-01 09:49:03,2025-10-01 09:49:11,LONG,24759.5,24769.5,REVERSAL,0,1,40.0,196.5,515,40.0,1.0,3
409,2025-W40,WEAKEST,2025-10-01 09:49:28,2025-10-01 09:50:00,LONG,24754.0,24734.0,HARD_STOP,1,2,-120.0,-607.0,2064,14.0,60.0,9
410,2025-W40,WEAKEST,2025-10-01 09:50:03,2025-10-01 09:51:00,SHORT,24736.0,24756.0,HARD_STOP,1,2,-120.0,-607.0,3039,36.0,60.0,13
411,2025-W40,WEAKEST,2025-10-01 09:51:25,2025-10-01 09:52:03,LONG,24753.0,24763.0,REVERSAL,0,1,40.0,196.5,955,40.0,16.0,4
412,2025-W40,WEAKEST,2025-10-01 09:52:54,2025-10-01 09:53:45,LONG,24751.5,24761.5,REVERSAL,0,1,40.0,196.5,989,40.0,19.0,5
413,2025-W40,WEAKEST,2025-10-01 09:54:03,2025-10-01 09:54:12,SHORT,24781.0,24771.0,REVERSAL,0,1,40.0,196.5,344,40.0,3.0,2
414,2025-W40,WEAKEST,2025-10-01 09:57:46,2025-10-01 09:58:15,SHORT,24798.5,24788.5,REVERSAL,0,1,40.0,196.5,520,40.0,16.0,4
415,2025-W40,WEAKEST,2025-10-01 09:58:31,2025-10-01 09:58:46,SHORT,24797.0,24787.0,REVERSAL,0,1,40.0,196.5,217,40.0,0.0,2
416,2025-W40,WEAKEST,2025-10-01 09:59:40,2025-10-01 09:59:46,LONG,24760.75,24770.75,REVERSAL,0,1,40.0,196.5,176,40.0,2.0,1
417,2025-W40,WEAKEST,2025-10-01 09:59:46,2025-10-01 09:59:56,SHORT,24770.75,24760.75,REVERSAL,0,1,40.0,196.5,253,40.0,31.0,2
418,2025-W40,WEAKEST,2025-10-01 10:01:14,2025-10-01 10:01:16,SHORT,24799.75,24789.0,REVERSAL,0,1,43.0,211.5,211,43.0,4.0,1
419,2025-W40,WEAKEST,2025-10-01 10:01:16,2025-10-01 10:02:26,LONG,24789.0,24799.0,REVERSAL,0,1,40.0,196.5,1335,40.0,19.0,7
420,2025-W40,WEAKEST,2025-10-01 10:05:42,2025-10-01 10:06:09,SHORT,24819.0,24809.0,REVERSAL,0,1,40.0,196.5,524,40.0,11.0,3
421,2025-W40,WEAKEST,2025-10-01 10:07:05,2025-10-01 10:07:52,SHORT,24814.75,24804.75,REVERSAL,0,1,40.0,196.5,602,40.0,7.0,3
422,2025-W40,WEAKEST,2025-10-01 10:08:46,2025-10-01 10:09:11,LONG,24799.25,24809.25,REVERSAL,0,1,40.0,196.5,415,40.0,16.0,2
423,2025-W40,WEAKEST,2025-10-01 10:14:17,2025-10-01 10:19:04,SHORT,24833.0,24853.0,HARD_STOP,1,2,-120.0,-607.0,4862,29.0,60.0,20
424,2025-W40,WEAKEST,2025-10-01 10:21:28,2025-10-01 10:23:06,SHORT,24877.0,24867.0,REVERSAL,0,1,40.0,196.5,3066,40.0,25.0,13
425,2025-W40,WEAKEST,2025-10-01 10:23:50,2025-10-01 10:30:33,SHORT,24873.5,24893.5,HARD_STOP,1,2,-120.0,-607.0,7889,36.0,60.0,32
426,2025-W40,WEAKEST,2025-10-01 10:31:17,2025-10-01 10:34:43,LONG,24883.25,24893.25,REVERSAL,0,1,40.0,196.5,3203,40.0,34.0,13
427,2025-W40,WEAKEST,2025-10-01 10:41:10,2025-10-01 10:47:00,LONG,24891.0,24891.0,REVERSAL,1,2,40.0,193.0,5304,22.0,40.0,22
428,2025-W40,WEAKEST,2025-10-01 10:57:24,2025-10-01 10:59:42,SHORT,24901.0,24891.0,REVERSAL,0,1,40.0,196.5,2083,40.0,7.0,9
429,2025-W40,WEAKEST,2025-10-01 10:59:42,2025-10-01 11:00:21,LONG,24891.0,24901.0,REVERSAL,0,1,40.0,196.5,565,40.0,1.0,3
430,2025-W40,WEAKEST,2025-10-01 11:07:05,2025-10-01 11:10:25,SHORT,24913.0,24903.0,REVERSAL,0,1,40.0,196.5,2286,40.0,10.0,10
431,2025-W40,WEAKEST,2025-10-01 11:15:03,2025-10-01 11:15:58,SHORT,24901.5,24891.5,REVERSAL,0,1,40.0,196.5,691,40.0,4.0,3
432,2025-W40,WEAKEST,2025-10-01 11:16:57,2025-10-01 11:28:21,LONG,24883.75,24893.75,REVERSAL,0,1,40.0,196.5,7734,40.0,34.0,32
433,2025-W40,WEAKEST,2025-10-01 11:39:33,2025-10-01 11:48:48,SHORT,24925.0,24925.0,REVERSAL,1,2,40.0,193.0,6645,20.0,40.0,28
434,2025-W40,WEAKEST,2025-10-01 12:19:34,2025-10-01 12:23:55,SHORT,24938.75,24928.75,REVERSAL,0,1,40.0,196.5,2486,40.0,2.0,10
435,2025-W40,WEAKEST,2025-10-01 12:33:15,2025-10-01 12:42:57,SHORT,24946.75,24936.75,REVERSAL,0,1,40.0,196.5,3394,40.0,23.0,14
436,2025-W40,WEAKEST,2025-10-01 12:51:05,2025-10-01 13:02:21,SHORT,24946.25,24966.25,HARD_STOP,1,2,-120.0,-607.0,5603,37.0,60.0,23
437,2025-W40,WEAKEST,2025-10-01 13:10:33,2025-10-01 13:11:36,LONG,24966.5,24976.5,REVERSAL,0,1,40.0,196.5,643,40.0,1.0,3
438,2025-W40,WEAKEST,2025-10-01 13:51:39,2025-10-01 13:59:43,LONG,24973.5,24983.5,REVERSAL,0,1,40.0,196.5,3352,40.0,16.0,14
439,2025-W40,WEAKEST,2025-10-01 14:00:36,2025-10-01 14:01:58,SHORT,25009.5,24999.25,REVERSAL,0,1,41.0,201.5,1591,41.0,2.0,7
440,2025-W40,WEAKEST,2025-10-01 14:03:01,2025-10-01 14:04:48,LONG,24980.75,24990.75,REVERSAL,0,1,40.0,196.5,1316,40.0,32.0,7
441,2025-W40,WEAKEST,2025-10-01 14:10:49,2025-10-01 14:21:08,SHORT,25007.0,25007.0,REVERSAL,1,2,40.0,193.0,6349,22.0,40.0,26
442,2025-W40,WEAKEST,2025-10-01 14:38:59,2025-10-01 14:43:28,SHORT,25022.75,25022.75,REVERSAL,1,2,40.0,193.0,3707,20.0,40.0,15
443,2025-W40,WEAKEST,2025-10-01 15:09:12,2025-10-01 15:12:16,SHORT,25030.0,25020.0,REVERSAL,0,1,40.0,196.5,1296,40.0,11.0,6
444,2025-W40,WEAKEST,2025-10-01 15:20:00,2025-10-01 15:31:27,LONG,25016.75,25026.75,REVERSAL,0,1,40.0,196.5,6139,40.0,35.0,25
445,2025-W40,WEAKEST,2025-10-01 15:38:08,2025-10-01 15:40:57,LONG,25019.5,25029.5,REVERSAL,0,1,40.0,196.5,1581,40.0,10.0,7
446,2025-W40,WEAKEST,2025-10-02 09:30:07,2025-10-02 09:34:37,LONG,25146.75,25126.75,HARD_STOP,1,2,-120.0,-607.0,11406,31.0,60.0,46
447,2025-W40,WEAKEST,2025-10-02 09:36:40,2025-10-02 09:37:54,LONG,25109.75,25089.75,HARD_STOP,1,2,-120.0,-607.0,3168,39.0,60.0,13
448,2025-W40,WEAKEST,2025-10-02 09:38:52,2025-10-02 09:39:08,LONG,25080.5,25090.5,REVERSAL,0,1,40.0,196.5,673,40.0,6.0,3
449,2025-W40,WEAKEST,2025-10-02 09:40:23,2025-10-02 09:40:35,SHORT,25079.25,25068.75,REVERSAL,0,1,42.0,206.5,524,42.0,6.0,3
450,2025-W40,WEAKEST,2025-10-02 09:41:48,2025-10-02 09:42:08,LONG,25047.75,25057.75,REVERSAL,0,1,40.0,196.5,893,40.0,7.0,4
451,2025-W40,WEAKEST,2025-10-02 09:42:37,2025-10-02 09:42:52,LONG,25043.0,25053.25,REVERSAL,0,1,41.0,201.5,360,41.0,2.0,2
452,2025-W40,WEAKEST,2025-10-02 09:43:34,2025-10-02 09:43:51,LONG,25037.75,25047.75,REVERSAL,0,1,40.0,196.5,553,40.0,1.0,3
453,2025-W40,WEAKEST,2025-10-02 09:45:15,2025-10-02 09:46:13,SHORT,25046.25,25066.25,HARD_STOP,1,2,-120.0,-607.0,2839,30.0,60.0,12
454,2025-W40,WEAKEST,2025-10-02 09:46:33,2025-10-02 09:46:51,LONG,25056.25,25066.25,REVERSAL,0,1,40.0,196.5,479,40.0,7.0,2
455,2025-W40,WEAKEST,2025-10-02 09:47:38,2025-10-02 09:48:45,SHORT,25070.0,25060.0,REVERSAL,0,1,40.0,196.5,1448,40.0,3.0,6
456,2025-W40,WEAKEST,2025-10-02 09:49:36,2025-10-02 09:50:36,LONG,25027.0,25037.0,REVERSAL,0,1,40.0,196.5,2841,40.0,28.0,12
457,2025-W40,WEAKEST,2025-10-02 09:50:41,2025-10-02 09:51:04,LONG,25029.0,25039.0,REVERSAL,0,1,40.0,196.5,794,40.0,19.0,4
458,2025-W40,WEAKEST,2025-10-02 09:51:39,2025-10-02 09:52:34,LONG,25027.0,25027.0,REVERSAL,1,2,40.0,193.0,2180,31.0,40.0,9
459,2025-W40,WEAKEST,2025-10-02 09:53:00,2025-10-02 09:54:48,SHORT,25038.75,25058.75,HARD_STOP,1,2,-120.0,-607.0,3307,34.0,60.0,14
460,2025-W40,WEAKEST,2025-10-02 10:00:11,2025-10-02 10:00:26,SHORT,25058.0,25048.0,REVERSAL,0,1,40.0,196.5,431,40.0,9.0,3
461,2025-W40,WEAKEST,2025-10-02 10:00:34,2025-10-02 10:00:51,LONG,25041.5,25051.5,REVERSAL,0,1,40.0,196.5,430,40.0,2.0,2
462,2025-W40,WEAKEST,2025-10-02 10:01:24,2025-10-02 10:01:33,LONG,25058.75,25068.75,REVERSAL,0,1,40.0,196.5,264,40.0,9.0,2
463,2025-W40,WEAKEST,2025-10-02 10:11:53,2025-10-02 10:12:05,LONG,25042.0,25052.0,REVERSAL,0,1,40.0,196.5,474,40.0,5.0,2
464,2025-W40,WEAKEST,2025-10-02 10:16:52,2025-10-02 10:18:09,SHORT,25075.0,25065.0,REVERSAL,0,1,40.0,196.5,1004,40.0,10.0,5
465,2025-W40,WEAKEST,2025-10-02 10:20:43,2025-10-02 10:21:04,LONG,25047.5,25057.5,REVERSAL,0,1,40.0,196.5,656,40.0,1.0,3
466,2025-W40,WEAKEST,2025-10-02 10:22:01,2025-10-02 10:23:46,SHORT,25063.75,25083.75,HARD_STOP,1,2,-120.0,-607.0,1966,36.0,60.0,9
467,2025-W40,WEAKEST,2025-10-02 10:25:11,2025-10-02 10:25:43,SHORT,25087.25,25077.25,REVERSAL,0,1,40.0,196.5,704,40.0,10.0,3
468,2025-W40,WEAKEST,2025-10-02 10:26:47,2025-10-02 10:28:46,SHORT,25085.75,25075.75,REVERSAL,0,1,40.0,196.5,1839,40.0,23.0,8
469,2025-W40,WEAKEST,2025-10-02 10:30:12,2025-10-02 10:31:36,SHORT,25084.25,25074.25,REVERSAL,0,1,40.0,196.5,1709,40.0,26.0,7
470,2025-W40,WEAKEST,2025-10-02 10:32:26,2025-10-02 10:33:00,SHORT,25079.0,25069.0,REVERSAL,0,1,40.0,196.5,340,40.0,0.0,2
471,2025-W40,WEAKEST,2025-10-02 10:35:40,2025-10-02 10:36:12,SHORT,25082.25,25072.25,REVERSAL,0,1,40.0,196.5,562,40.0,0.0,3
472,2025-W40,WEAKEST,2025-10-02 10:36:40,2025-10-02 10:37:09,SHORT,25076.75,25066.75,REVERSAL,0,1,40.0,196.5,282,40.0,3.0,2
473,2025-W40,WEAKEST,2025-10-02 10:37:58,2025-10-02 10:40:24,SHORT,25083.0,25073.0,REVERSAL,0,1,40.0,196.5,1909,40.0,24.0,8
474,2025-W40,WEAKEST,2025-10-02 10:42:00,2025-10-02 10:46:05,LONG,25069.5,25049.5,HARD_STOP,1,2,-120.0,-607.0,4314,29.0,60.0,18
475,2025-W40,WEAKEST,2025-10-02 10:46:32,2025-10-02 10:48:05,LONG,25035.75,25046.0,REVERSAL,0,1,41.0,201.5,3065,41.0,39.0,13
476,2025-W40,WEAKEST,2025-10-02 10:49:44,2025-10-02 10:54:51,LONG,25046.25,25026.0,HARD_STOP,1,2,-120.0,-607.0,4526,28.0,60.0,19
477,2025-W40,WEAKEST,2025-10-02 10:55:48,2025-10-02 10:57:42,LONG,25022.5,25032.5,REVERSAL,0,1,40.0,196.5,2138,40.0,13.0,9
478,2025-W40,WEAKEST,2025-10-02 11:01:07,2025-10-02 11:02:02,SHORT,25031.0,25021.0,REVERSAL,0,1,40.0,196.5,944,40.0,3.0,4
479,2025-W40,WEAKEST,2025-10-02 11:04:30,2025-10-02 11:05:24,LONG,24997.0,25007.0,REVERSAL,0,1,40.0,196.5,1969,40.0,13.0,8
480,2025-W40,WEAKEST,2025-10-02 11:07:42,2025-10-02 11:08:20,SHORT,25035.5,25025.5,REVERSAL,0,1,40.0,196.5,798,40.0,9.0,4
481,2025-W40,WEAKEST,2025-10-02 11:10:05,2025-10-02 11:11:42,SHORT,25035.25,25035.0,REVERSAL,1,2,42.0,203.0,2559,21.0,44.0,11
482,2025-W40,WEAKEST,2025-10-02 11:13:21,2025-10-02 11:13:49,LONG,25026.25,25036.25,REVERSAL,0,1,40.0,196.5,634,40.0,11.0,3
483,2025-W40,WEAKEST,2025-10-02 11:16:47,2025-10-02 11:20:15,SHORT,25034.75,25024.75,REVERSAL,0,1,40.0,196.5,2194,40.0,4.0,9
484,2025-W40,WEAKEST,2025-10-02 11:23:07,2025-10-02 11:26:05,SHORT,25044.5,25034.5,REVERSAL,0,1,40.0,196.5,2857,40.0,31.0,12
485,2025-W40,WEAKEST,2025-10-02 11:32:33,2025-10-02 11:37:15,LONG,25030.25,25010.25,HARD_STOP,1,2,-120.0,-607.0,3659,23.0,60.0,15
486,2025-W40,WEAKEST,2025-10-02 11:37:38,2025-10-02 11:38:12,LONG,25001.0,25011.0,REVERSAL,0,1,40.0,196.5,948,40.0,1.0,5
487,2025-W40,WEAKEST,2025-10-02 11:38:12,2025-10-02 11:41:01,SHORT,25011.0,25031.0,HARD_STOP,1,2,-120.0,-607.0,2823,17.0,60.0,12
488,2025-W40,WEAKEST,2025-10-02 11:42:44,2025-10-02 11:43:02,LONG,25021.75,25031.75,REVERSAL,0,1,40.0,196.5,516,40.0,6.0,3
489,2025-W40,WEAKEST,2025-10-02 11:43:41,2025-10-02 11:45:27,LONG,25021.25,25031.25,REVERSAL,0,1,40.0,196.5,853,40.0,0.0,4
490,2025-W40,WEAKEST,2025-10-02 11:53:05,2025-10-02 11:55:31,SHORT,25051.0,25071.0,HARD_STOP,1,2,-120.0,-607.0,3154,5.0,60.0,13
491,2025-W40,WEAKEST,2025-10-02 12:21:41,2025-10-02 12:22:49,LONG,25049.25,25059.25,REVERSAL,0,1,40.0,196.5,708,40.0,3.0,3
492,2025-W40,WEAKEST,2025-10-02 12:31:45,2025-10-02 12:37:46,SHORT,25063.5,25053.5,REVERSAL,0,1,40.0,196.5,2431,40.0,22.0,10
493,2025-W40,WEAKEST,2025-10-02 12:39:30,2025-10-02 12:40:44,SHORT,25063.0,25053.0,REVERSAL,0,1,40.0,196.5,678,40.0,8.0,3
494,2025-W40,WEAKEST,2025-10-02 12:55:48,2025-10-02 13:02:54,SHORT,25075.0,25065.0,REVERSAL,0,1,40.0,196.5,3761,40.0,21.0,16
495,2025-W40,WEAKEST,2025-10-02 13:12:55,2025-10-02 13:41:34,SHORT,25078.75,25098.75,HARD_STOP,1,2,-120.0,-607.0,13464,32.0,60.0,54
496,2025-W40,WEAKEST,2025-10-02 13:49:15,2025-10-02 14:01:33,LONG,25094.0,25094.0,REVERSAL,1,2,40.0,193.0,5239,20.0,40.0,22
497,2025-W40,WEAKEST,2025-10-02 14:07:42,2025-10-02 14:25:57,SHORT,25094.25,25114.25,HARD_STOP,1,2,-120.0,-607.0,8084,30.0,60.0,33
498,2025-W40,WEAKEST,2025-10-02 14:29:10,2025-10-02 14:57:21,LONG,25105.25,25115.25,REVERSAL,0,1,40.0,196.5,10150,40.0,31.0,41
499,2025-W40,WEAKEST,2025-10-02 15:26:48,2025-10-02 15:36:30,SHORT,25123.0,25113.0,REVERSAL,0,1,40.0,196.5,3863,40.0,14.0,16
500,2025-W40,WEAKEST,2025-10-03 09:33:58,2025-10-03 09:34:30,SHORT,25147.75,25137.5,REVERSAL,0,1,41.0,201.5,595,41.0,4.0,3
501,2025-W40,WEAKEST,2025-10-03 09:35:17,2025-10-03 09:36:56,LONG,25142.5,25142.5,REVERSAL,1,2,40.0,193.0,2067,28.0,40.0,9
502,2025-W40,WEAKEST,2025-10-03 09:37:25,2025-10-03 09:39:37,SHORT,25150.0,25150.0,REVERSAL,1,2,40.0,193.0,2736,24.0,40.0,12
503,2025-W40,WEAKEST,2025-10-03 09:41:29,2025-10-03 09:43:02,LONG,25125.5,25125.5,REVERSAL,1,2,40.0,193.0,3447,23.0,40.0,14
504,2025-W40,WEAKEST,2025-10-03 09:47:29,2025-10-03 09:48:31,SHORT,25157.75,25147.75,REVERSAL,0,1,40.0,196.5,1140,40.0,1.0,5
505,2025-W40,WEAKEST,2025-10-03 09:53:01,2025-10-03 09:54:05,SHORT,25161.0,25151.0,REVERSAL,0,1,40.0,196.5,1428,40.0,28.0,6
506,2025-W40,WEAKEST,2025-10-03 09:55:05,2025-10-03 09:56:08,LONG,25129.5,25129.5,REVERSAL,1,2,40.0,193.0,1723,35.0,40.0,7
507,2025-W40,WEAKEST,2025-10-03 09:56:20,2025-10-03 10:00:00,LONG,25119.75,25099.25,HARD_STOP,1,2,-124.0,-627.0,4767,14.0,62.0,20
508,2025-W40,WEAKEST,2025-10-03 10:00:14,2025-10-03 10:00:44,SHORT,25094.75,25084.75,REVERSAL,0,1,40.0,196.5,1145,40.0,24.0,5
509,2025-W40,WEAKEST,2025-10-03 10:01:10,2025-10-03 10:01:39,LONG,25077.75,25077.75,REVERSAL,1,2,40.0,193.0,1426,27.0,40.0,6
510,2025-W40,WEAKEST,2025-10-03 10:01:45,2025-10-03 10:02:00,LONG,25072.25,25082.25,REVERSAL,0,1,40.0,196.5,653,40.0,30.0,4
511,2025-W40,WEAKEST,2025-10-03 10:02:50,2025-10-03 10:03:36,LONG,25070.25,25080.25,REVERSAL,0,1,40.0,196.5,1196,40.0,15.0,5
512,2025-W40,WEAKEST,2025-10-03 10:04:33,2025-10-03 10:05:13,SHORT,25087.0,25077.0,REVERSAL,0,1,40.0,196.5,731,40.0,4.0,3
513,2025-W40,WEAKEST,2025-10-03 10:08:56,2025-10-03 10:09:52,LONG,25060.0,25070.0,REVERSAL,0,1,40.0,196.5,2326,40.0,36.0,10
514,2025-W40,WEAKEST,2025-10-03 10:11:39,2025-10-03 10:11:49,LONG,25058.5,25068.5,REVERSAL,0,1,40.0,196.5,290,40.0,5.0,2
515,2025-W40,WEAKEST,2025-10-03 10:15:43,2025-10-03 10:17:12,SHORT,25086.75,25086.75,REVERSAL,1,2,40.0,193.0,2666,25.0,40.0,11
516,2025-W40,WEAKEST,2025-10-03 10:22:32,2025-10-03 10:23:08,LONG,25068.0,25078.0,REVERSAL,0,1,40.0,196.5,687,40.0,12.0,3
517,2025-W40,WEAKEST,2025-10-03 10:31:47,2025-10-03 10:32:34,SHORT,25098.75,25088.75,REVERSAL,0,1,40.0,196.5,604,40.0,4.0,3
518,2025-W40,WEAKEST,2025-10-03 10:33:14,2025-10-03 10:33:33,LONG,25079.0,25089.0,REVERSAL,0,1,40.0,196.5,266,40.0,1.0,2
519,2025-W40,WEAKEST,2025-10-03 10:44:33,2025-10-03 10:49:15,SHORT,25111.0,25101.0,REVERSAL,0,1,40.0,196.5,3644,40.0,32.0,15
520,2025-W40,WEAKEST,2025-10-03 10:50:07,2025-10-03 10:51:31,LONG,25095.25,25105.25,REVERSAL,0,1,40.0,196.5,1337,40.0,16.0,6
521,2025-W40,WEAKEST,2025-10-03 10:54:52,2025-10-03 11:00:47,SHORT,25121.0,25111.0,REVERSAL,0,1,40.0,196.5,4350,40.0,9.0,18
522,2025-W40,WEAKEST,2025-10-03 11:05:15,2025-10-03 11:05:48,LONG,25103.25,25113.25,REVERSAL,0,1,40.0,196.5,525,40.0,5.0,3
523,2025-W40,WEAKEST,2025-10-03 11:09:35,2025-10-03 11:12:45,LONG,25107.5,25117.5,REVERSAL,0,1,40.0,196.5,1948,40.0,33.0,8
524,2025-W40,WEAKEST,2025-10-03 11:41:19,2025-10-03 11:46:22,LONG,25113.5,25123.5,REVERSAL,0,1,40.0,196.5,2923,40.0,24.0,13
525,2025-W40,WEAKEST,2025-10-03 11:48:05,2025-10-03 11:49:55,LONG,25115.25,25125.25,REVERSAL,0,1,40.0,196.5,809,40.0,1.0,4
526,2025-W40,WEAKEST,2025-10-03 11:57:14,2025-10-03 11:58:38,SHORT,25151.0,25141.0,REVERSAL,0,1,40.0,196.5,853,40.0,3.0,4
527,2025-W40,WEAKEST,2025-10-03 12:03:44,2025-10-03 12:10:19,SHORT,25149.5,25139.5,REVERSAL,0,1,40.0,196.5,3425,40.0,26.0,14
528,2025-W40,WEAKEST,2025-10-03 13:00:18,2025-10-03 13:01:38,LONG,25103.25,25083.25,HARD_STOP,1,2,-120.0,-607.0,2395,17.0,60.0,10
529,2025-W40,WEAKEST,2025-10-03 13:03:27,2025-10-03 13:04:10,LONG,25057.5,25037.5,HARD_STOP,1,2,-120.0,-607.0,1955,8.0,60.0,9
530,2025-W40,WEAKEST,2025-10-03 13:04:52,2025-10-03 13:05:11,SHORT,25048.25,25038.25,REVERSAL,0,1,40.0,196.5,932,40.0,33.0,4
531,2025-W40,WEAKEST,2025-10-03 13:06:01,2025-10-03 13:06:08,LONG,25029.0,25039.0,REVERSAL,0,1,40.0,196.5,390,40.0,10.0,3
532,2025-W40,WEAKEST,2025-10-03 13:06:32,2025-10-03 13:06:38,SHORT,25040.5,25030.5,REVERSAL,0,1,40.0,196.5,141,40.0,4.0,2
533,2025-W40,WEAKEST,2025-10-03 13:07:38,2025-10-03 13:10:23,SHORT,25058.75,25058.75,REVERSAL,1,2,40.0,193.0,3751,28.0,40.0,16
534,2025-W40,WEAKEST,2025-10-03 13:12:04,2025-10-03 13:13:30,SHORT,25084.5,25084.5,REVERSAL,1,2,40.0,193.0,1554,31.0,40.0,7
535,2025-W40,WEAKEST,2025-10-03 13:14:22,2025-10-03 13:18:43,LONG,25079.0,25059.0,HARD_STOP,1,2,-120.0,-607.0,4614,19.0,60.0,19
536,2025-W40,WEAKEST,2025-10-03 13:22:05,2025-10-03 13:22:27,LONG,25034.25,25044.25,REVERSAL,0,1,40.0,196.5,533,40.0,9.0,3
537,2025-W40,WEAKEST,2025-10-03 13:30:15,2025-10-03 13:30:33,LONG,25016.25,25026.25,REVERSAL,0,1,40.0,196.5,496,40.0,6.0,3
538,2025-W40,WEAKEST,2025-10-03 13:36:05,2025-10-03 13:36:55,SHORT,25045.75,25035.75,REVERSAL,0,1,40.0,196.5,601,40.0,5.0,3
539,2025-W40,WEAKEST,2025-10-03 13:36:55,2025-10-03 13:41:26,LONG,25035.75,25015.5,HARD_STOP,1,2,-120.0,-607.0,3563,29.0,60.0,15
540,2025-W40,WEAKEST,2025-10-03 13:45:32,2025-10-03 13:46:46,LONG,25006.25,24986.25,HARD_STOP,1,2,-120.0,-607.0,2015,38.0,60.0,9
541,2025-W40,WEAKEST,2025-10-03 13:49:41,2025-10-03 13:51:39,LONG,24982.25,24962.25,HARD_STOP,1,2,-120.0,-607.0,3141,36.0,60.0,13
542,2025-W40,WEAKEST,2025-10-03 13:51:53,2025-10-03 13:52:02,LONG,24952.5,24962.5,REVERSAL,0,1,40.0,196.5,423,40.0,4.0,2
543,2025-W40,WEAKEST,2025-10-03 13:54:20,2025-10-03 13:55:01,LONG,24925.25,24935.25,REVERSAL,0,1,40.0,196.5,1264,40.0,8.0,6
544,2025-W40,WEAKEST,2025-10-03 13:56:04,2025-10-03 13:56:26,SHORT,24963.25,24963.25,REVERSAL,1,2,40.0,193.0,640,20.0,40.0,4
545,2025-W40,WEAKEST,2025-10-03 13:57:56,2025-10-03 13:58:11,LONG,24968.25,24978.25,REVERSAL,0,1,40.0,196.5,407,40.0,20.0,2
546,2025-W40,WEAKEST,2025-10-03 13:58:39,2025-10-03 13:58:48,LONG,24970.25,24980.25,REVERSAL,0,1,40.0,196.5,181,40.0,3.0,2
547,2025-W40,WEAKEST,2025-10-03 13:59:20,2025-10-03 13:59:40,SHORT,24982.0,24972.0,REVERSAL,0,1,40.0,196.5,343,40.0,5.0,2
548,2025-W40,WEAKEST,2025-10-03 14:03:50,2025-10-03 14:05:03,LONG,24952.75,24952.75,REVERSAL,1,2,40.0,193.0,1589,29.0,40.0,7
549,2025-W40,WEAKEST,2025-10-03 14:05:03,2025-10-03 14:05:13,SHORT,24952.75,24942.75,REVERSAL,0,1,40.0,196.5,164,40.0,1.0,2
550,2025-W40,WEAKEST,2025-10-03 14:07:27,2025-10-03 14:09:05,LONG,24937.25,24947.25,REVERSAL,0,1,40.0,196.5,1417,40.0,38.0,6
551,2025-W40,WEAKEST,2025-10-03 14:09:19,2025-10-03 14:09:25,SHORT,24957.25,24947.25,REVERSAL,0,1,40.0,196.5,138,40.0,1.0,1
552,2025-W40,WEAKEST,2025-10-03 14:09:25,2025-10-03 14:10:44,LONG,24947.25,24957.25,REVERSAL,0,1,40.0,196.5,1259,40.0,39.0,6
553,2025-W40,WEAKEST,2025-10-03 14:13:37,2025-10-03 14:14:04,SHORT,24977.75,24967.75,REVERSAL,0,1,40.0,196.5,302,40.0,9.0,2
554,2025-W40,WEAKEST,2025-10-03 14:14:35,2025-10-03 14:17:48,SHORT,24976.25,24996.25,HARD_STOP,1,2,-120.0,-607.0,2998,23.0,60.0,13
555,2025-W40,WEAKEST,2025-10-03 14:21:21,2025-10-03 14:24:44,SHORT,25004.5,25024.5,HARD_STOP,1,2,-120.0,-607.0,2676,20.0,60.0,11
556,2025-W40,WEAKEST,2025-10-03 14:26:27,2025-10-03 14:31:07,SHORT,25030.75,25030.75,REVERSAL,1,2,40.0,193.0,4711,20.0,40.0,19
557,2025-W40,WEAKEST,2025-10-03 14:33:18,2025-10-03 14:34:42,LONG,24998.25,25008.25,REVERSAL,0,1,40.0,196.5,1733,40.0,17.0,7
558,2025-W40,WEAKEST,2025-10-03 14:38:06,2025-10-03 14:40:07,SHORT,25016.0,25006.0,REVERSAL,0,1,40.0,196.5,1049,40.0,12.0,5
559,2025-W40,WEAKEST,2025-10-03 14:43:53,2025-10-03 14:45:13,SHORT,25018.25,25008.0,REVERSAL,0,1,41.0,201.5,439,41.0,0.0,2
560,2025-W40,WEAKEST,2025-10-03 14:48:22,2025-10-03 14:52:42,LONG,25001.25,24981.25,HARD_STOP,1,2,-120.0,-607.0,4466,23.0,60.0,19
561,2025-W40,WEAKEST,2025-10-03 14:53:30,2025-10-03 14:57:28,SHORT,24991.75,25011.75,HARD_STOP,1,2,-120.0,-607.0,2994,31.0,60.0,12
562,2025-W40,WEAKEST,2025-10-03 15:00:06,2025-10-03 15:01:55,SHORT,25014.0,25004.0,REVERSAL,0,1,40.0,196.5,1465,40.0,13.0,6
563,2025-W40,WEAKEST,2025-10-03 15:08:51,2025-10-03 15:10:04,LONG,25001.75,25012.0,REVERSAL,0,1,41.0,201.5,528,41.0,7.0,3
564,2025-W40,WEAKEST,2025-10-03 15:16:45,2025-10-03 15:22:25,LONG,25008.0,25008.0,REVERSAL,1,2,40.0,193.0,2847,20.0,40.0,13
565,2025-W40,WEAKEST,2025-10-03 15:37:15,2025-10-03 15:38:30,SHORT,25020.75,25010.25,REVERSAL,0,1,42.0,206.5,780,42.0,8.0,4
566,2025-W40,WEAKEST,2025-10-03 15:41:58,2025-10-03 15:44:05,SHORT,25024.5,25014.5,REVERSAL,0,1,40.0,196.5,947,40.0,5.0,4
567,2025-W40,WEAKEST,2025-10-03 15:48:29,2025-10-03 15:49:50,SHORT,25020.25,25017.5,EOD_FLATTEN,0,1,11.0,51.5,389,15.0,6.0,2
568,2025-W41,MID,2025-10-06 09:30:18,2025-10-06 09:30:26,LONG,25189.5,25199.5,REVERSAL,0,1,40.0,196.5,621,40.0,16.0,3
569,2025-W41,MID,2025-10-06 09:31:44,2025-10-06 09:32:00,LONG,25196.25,25196.25,REVERSAL,1,2,40.0,193.0,577,20.0,40.0,3
570,2025-W41,MID,2025-10-06 09:36:47,2025-10-06 09:37:03,LONG,25171.5,25181.5,REVERSAL,0,1,40.0,196.5,251,40.0,6.0,2
571,2025-W41,MID,2025-10-06 09:39:24,2025-10-06 09:39:43,LONG,25159.25,25159.5,REVERSAL,1,2,42.0,203.0,1118,21.0,40.0,5
572,2025-W41,MID,2025-10-06 09:42:30,2025-10-06 09:43:28,LONG,25154.5,25134.5,HARD_STOP,1,2,-120.0,-607.0,2061,31.0,60.0,9
573,2025-W41,MID,2025-10-06 09:44:06,2025-10-06 09:44:25,LONG,25119.5,25129.5,REVERSAL,0,1,40.0,196.5,751,40.0,11.0,4
574,2025-W41,MID,2025-10-06 09:44:54,2025-10-06 09:45:58,SHORT,25144.25,25144.25,REVERSAL,1,2,40.0,193.0,2261,34.0,40.0,10
575,2025-W41,MID,2025-10-06 09:45:58,2025-10-06 09:46:26,LONG,25144.25,25154.25,REVERSAL,0,1,40.0,196.5,526,40.0,1.0,3
576,2025-W41,MID,2025-10-06 09:47:13,2025-10-06 09:48:11,SHORT,25170.0,25160.0,REVERSAL,0,1,40.0,196.5,1703,40.0,14.0,7
577,2025-W41,MID,2025-10-06 09:52:07,2025-10-06 09:52:28,LONG,25143.25,25153.25,REVERSAL,0,1,40.0,196.5,430,40.0,8.0,2
578,2025-W41,MID,2025-10-06 09:53:40,2025-10-06 09:56:00,LONG,25149.0,25149.0,REVERSAL,1,2,40.0,193.0,2383,31.0,40.0,10
579,2025-W41,MID,2025-10-06 09:57:05,2025-10-06 09:57:40,SHORT,25151.75,25141.75,REVERSAL,0,1,40.0,196.5,469,40.0,3.0,2
580,2025-W41,MID,2025-10-06 09:58:43,2025-10-06 10:00:52,SHORT,25151.75,25172.0,HARD_STOP,1,2,-121.0,-612.0,3499,16.0,60.5,14
581,2025-W41,MID,2025-10-06 10:03:19,2025-10-06 10:03:45,LONG,25154.0,25164.0,REVERSAL,0,1,40.0,196.5,323,40.0,6.0,2
582,2025-W41,MID,2025-10-06 10:06:00,2025-10-06 10:08:29,SHORT,25169.25,25159.25,REVERSAL,0,1,40.0,196.5,2159,40.0,31.0,9
583,2025-W41,MID,2025-10-06 10:08:40,2025-10-06 10:09:00,LONG,25151.75,25161.75,REVERSAL,0,1,40.0,196.5,413,40.0,13.0,2
584,2025-W41,MID,2025-10-06 10:10:29,2025-10-06 10:12:02,LONG,25138.75,25148.75,REVERSAL,0,1,40.0,196.5,1547,40.0,14.0,7
585,2025-W41,MID,2025-10-06 10:13:51,2025-10-06 10:14:16,SHORT,25163.5,25153.5,REVERSAL,0,1,40.0,196.5,318,40.0,4.0,2
586,2025-W41,MID,2025-10-06 10:16:08,2025-10-06 10:19:12,SHORT,25170.25,25160.25,REVERSAL,0,1,40.0,196.5,1845,40.0,4.0,8
587,2025-W41,MID,2025-10-06 10:33:39,2025-10-06 10:34:32,LONG,25130.5,25140.75,REVERSAL,0,1,41.0,201.5,434,41.0,4.0,2
588,2025-W41,MID,2025-10-06 10:34:59,2025-10-06 10:37:06,LONG,25132.5,25132.5,REVERSAL,1,2,40.0,193.0,2602,20.0,40.0,12
589,2025-W41,MID,2025-10-06 10:37:49,2025-10-06 10:38:11,LONG,25125.0,25135.0,REVERSAL,0,1,40.0,196.5,299,40.0,1.0,2
590,2025-W41,MID,2025-10-06 10:40:48,2025-10-06 10:42:33,LONG,25131.0,25111.0,HARD_STOP,1,2,-120.0,-607.0,2512,12.0,60.0,11
591,2025-W41,MID,2025-10-06 10:49:11,2025-10-06 10:50:13,SHORT,25156.5,25146.5,REVERSAL,0,1,40.0,196.5,1046,40.0,6.0,5
592,2025-W41,MID,2025-10-06 10:53:58,2025-10-06 10:58:11,LONG,25136.0,25146.0,REVERSAL,0,1,40.0,196.5,2752,40.0,19.0,12
593,2025-W41,MID,2025-10-06 11:08:52,2025-10-06 11:10:06,SHORT,25170.5,25160.5,REVERSAL,0,1,40.0,196.5,942,40.0,3.0,4
594,2025-W41,MID,2025-10-06 11:22:51,2025-10-06 11:27:18,LONG,25161.25,25171.25,REVERSAL,0,1,40.0,196.5,1920,40.0,23.0,9
595,2025-W41,MID,2025-10-06 11:29:57,2025-10-06 11:33:59,LONG,25161.0,25171.0,REVERSAL,0,1,40.0,196.5,1770,40.0,11.0,8
596,2025-W41,MID,2025-10-06 11:41:42,2025-10-06 11:47:28,SHORT,25177.25,25197.25,HARD_STOP,1,2,-120.0,-607.0,4326,12.0,60.0,18
597,2025-W41,MID,2025-10-06 11:49:22,2025-10-06 11:53:00,SHORT,25202.5,25202.5,REVERSAL,1,2,40.0,193.0,3952,20.0,40.0,16
598,2025-W41,MID,2025-10-06 11:58:10,2025-10-06 12:00:31,SHORT,25211.5,25201.5,REVERSAL,0,1,40.0,196.5,1899,40.0,11.0,8
599,2025-W41,MID,2025-10-06 12:05:51,2025-10-06 12:06:17,LONG,25191.75,25201.75,REVERSAL,0,1,40.0,196.5,378,40.0,0.0,2
600,2025-W41,MID,2025-10-06 12:10:05,2025-10-06 12:16:54,LONG,25185.75,25195.75,REVERSAL,0,1,40.0,196.5,3719,40.0,12.0,15
601,2025-W41,MID,2025-10-06 12:25:01,2025-10-06 12:34:32,SHORT,25204.0,25194.0,REVERSAL,0,1,40.0,196.5,2983,40.0,3.0,12
602,2025-W41,MID,2025-10-06 12:39:22,2025-10-06 12:41:31,SHORT,25200.0,25190.0,REVERSAL,0,1,40.0,196.5,728,40.0,1.0,3
603,2025-W41,MID,2025-10-06 12:43:03,2025-10-06 13:08:42,SHORT,25199.25,25189.25,REVERSAL,0,1,40.0,196.5,8071,40.0,22.0,33
604,2025-W41,MID,2025-10-06 13:27:45,2025-10-06 13:35:04,SHORT,25219.5,25209.5,REVERSAL,0,1,40.0,196.5,4177,40.0,25.0,17
605,2025-W41,MID,2025-10-06 13:45:09,2025-10-06 14:25:36,SHORT,25217.0,25237.0,HARD_STOP,1,2,-120.0,-607.0,17163,28.0,60.0,69
606,2025-W41,MID,2025-10-06 15:03:43,2025-10-06 15:42:11,LONG,25231.0,25211.0,HARD_STOP,1,2,-120.0,-607.0,17059,31.0,60.0,69
607,2025-W41,MID,2025-10-07 09:31:15,2025-10-07 09:31:54,LONG,25224.75,25234.75,REVERSAL,0,1,40.0,196.5,1312,40.0,21.0,6
608,2025-W41,MID,2025-10-07 09:35:01,2025-10-07 09:36:25,SHORT,25242.0,25262.0,HARD_STOP,1,2,-120.0,-607.0,2945,32.0,60.0,12
609,2025-W41,MID,2025-10-07 09:36:48,2025-10-07 09:41:10,LONG,25246.75,25256.75,REVERSAL,0,1,40.0,196.5,4740,40.0,35.0,19
610,2025-W41,MID,2025-10-07 09:42:22,2025-10-07 09:43:40,LONG,25240.5,25250.75,REVERSAL,0,1,41.0,201.5,1940,41.0,18.0,8
611,2025-W41,MID,2025-10-07 09:44:11,2025-10-07 09:46:43,LONG,25242.0,25242.0,REVERSAL,1,2,40.0,193.0,3184,29.0,40.0,13
612,2025-W41,MID,2025-10-07 09:55:17,2025-10-07 09:56:45,SHORT,25254.0,25254.0,REVERSAL,1,2,40.0,193.0,2470,20.0,40.0,10
613,2025-W41,MID,2025-10-07 09:57:35,2025-10-07 10:03:41,LONG,25244.0,25224.0,HARD_STOP,1,2,-120.0,-607.0,7110,34.0,60.0,29
614,2025-W41,MID,2025-10-07 10:06:24,2025-10-07 10:10:04,SHORT,25229.75,25249.75,HARD_STOP,1,2,-120.0,-607.0,3380,3.0,60.0,15
615,2025-W41,MID,2025-10-07 10:12:44,2025-10-07 10:22:00,LONG,25247.0,25227.0,HARD_STOP,1,2,-120.0,-607.0,6516,19.0,60.0,27
616,2025-W41,MID,2025-10-07 10:32:54,2025-10-07 10:35:38,SHORT,25223.0,25213.0,REVERSAL,0,1,40.0,196.5,2701,40.0,25.0,11
617,2025-W41,MID,2025-10-07 10:35:54,2025-10-07 10:38:01,LONG,25201.75,25201.75,REVERSAL,1,2,40.0,193.0,5184,26.0,40.0,21
618,2025-W41,MID,2025-10-07 10:39:25,2025-10-07 10:40:25,LONG,25192.0,25202.0,REVERSAL,0,1,40.0,196.5,1051,40.0,5.0,5
619,2025-W41,MID,2025-10-07 10:42:13,2025-10-07 10:42:32,LONG,25194.25,25204.25,REVERSAL,0,1,40.0,196.5,306,40.0,0.0,2
620,2025-W41,MID,2025-10-07 10:43:29,2025-10-07 10:46:53,LONG,25190.25,25200.25,REVERSAL,0,1,40.0,196.5,3185,40.0,8.0,14
621,2025-W41,MID,2025-10-07 10:54:16,2025-10-07 10:56:45,LONG,25192.25,25172.25,HARD_STOP,1,2,-120.0,-607.0,2605,10.0,60.0,11
622,2025-W41,MID,2025-10-07 11:06:37,2025-10-07 11:07:00,LONG,25101.75,25081.5,HARD_STOP,1,2,-121.0,-612.0,1499,2.0,60.5,6
623,2025-W41,MID,2025-10-07 11:07:03,2025-10-07 11:07:06,SHORT,25091.25,25081.25,REVERSAL,0,1,40.0,196.5,223,40.0,10.0,2
624,2025-W41,MID,2025-10-07 11:07:11,2025-10-07 11:07:43,LONG,25074.5,25084.5,REVERSAL,0,1,40.0,196.5,1583,40.0,14.0,7
625,2025-W41,MID,2025-10-07 11:08:04,2025-10-07 11:08:11,LONG,25079.5,25089.5,REVERSAL,0,1,40.0,196.5,319,40.0,1.0,2
626,2025-W41,MID,2025-10-07 11:08:18,2025-10-07 11:08:24,SHORT,25099.0,25088.75,REVERSAL,0,1,41.0,201.5,294,41.0,9.0,2
627,2025-W41,MID,2025-10-07 11:08:30,2025-10-07 11:08:47,SHORT,25091.75,25081.75,REVERSAL,0,1,40.0,196.5,542,40.0,30.0,3
628,2025-W41,MID,2025-10-07 11:09:43,2025-10-07 11:09:55,LONG,25053.75,25063.75,REVERSAL,0,1,40.0,196.5,721,40.0,3.0,3
629,2025-W41,MID,2025-10-07 11:11:23,2025-10-07 11:12:13,SHORT,25098.75,25088.75,REVERSAL,0,1,40.0,196.5,2071,40.0,34.0,9
630,2025-W41,MID,2025-10-07 11:14:11,2025-10-07 11:15:06,SHORT,25114.5,25104.5,REVERSAL,0,1,40.0,196.5,1183,40.0,3.0,5
631,2025-W41,MID,2025-10-07 11:15:20,2025-10-07 11:16:22,LONG,25097.0,25107.0,REVERSAL,0,1,40.0,196.5,2020,40.0,34.0,9
632,2025-W41,MID,2025-10-07 11:18:17,2025-10-07 11:20:02,LONG,25103.0,25103.0,REVERSAL,1,2,40.0,193.0,2127,37.0,40.0,9
633,2025-W41,MID,2025-10-07 11:23:50,2025-10-07 11:24:50,SHORT,25115.5,25105.5,REVERSAL,0,1,40.0,196.5,845,40.0,15.0,4
634,2025-W41,MID,2025-10-07 11:26:50,2025-10-07 11:27:03,LONG,25077.0,25087.0,REVERSAL,0,1,40.0,196.5,473,40.0,6.0,2
635,2025-W41,MID,2025-10-07 11:27:43,2025-10-07 11:28:06,SHORT,25089.5,25079.25,REVERSAL,0,1,41.0,201.5,476,41.0,12.0,2
636,2025-W41,MID,2025-10-07 11:28:42,2025-10-07 11:29:29,LONG,25067.5,25077.5,REVERSAL,0,1,40.0,196.5,926,40.0,5.0,4
637,2025-W41,MID,2025-10-07 11:31:31,2025-10-07 11:32:17,LONG,25058.75,25058.75,REVERSAL,1,2,40.0,193.0,2286,30.0,40.0,10
638,2025-W41,MID,2025-10-07 11:33:54,2025-10-07 11:34:26,LONG,25053.5,25063.5,REVERSAL,0,1,40.0,196.5,605,40.0,10.0,3
639,2025-W41,MID,2025-10-07 11:36:43,2025-10-07 11:39:13,LONG,25031.0,25011.0,HARD_STOP,1,2,-120.0,-607.0,4308,35.0,60.0,18
640,2025-W41,MID,2025-10-07 11:40:17,2025-10-07 11:40:28,LONG,25011.25,25021.25,REVERSAL,0,1,40.0,196.5,340,40.0,6.0,2
641,2025-W41,MID,2025-10-07 11:41:14,2025-10-07 11:42:03,SHORT,25047.25,25037.25,REVERSAL,0,1,40.0,196.5,1796,40.0,18.0,8
642,2025-W41,MID,2025-10-07 11:42:47,2025-10-07 11:43:03,SHORT,25057.5,25047.5,REVERSAL,0,1,40.0,196.5,430,40.0,2.0,2
643,2025-W41,MID,2025-10-07 11:44:33,2025-10-07 11:46:15,LONG,25038.0,25018.0,HARD_STOP,1,2,-120.0,-607.0,2405,31.0,60.0,10
644,2025-W41,MID,2025-10-07 11:46:48,2025-10-07 11:48:14,LONG,25016.5,24996.25,HARD_STOP,1,2,-122.0,-617.0,3437,28.0,61.0,14
645,2025-W41,MID,2025-10-07 11:48:27,2025-10-07 11:49:01,LONG,24991.25,25001.5,REVERSAL,0,1,41.0,201.5,981,41.0,7.0,4
646,2025-W41,MID,2025-10-07 11:51:38,2025-10-07 11:51:48,SHORT,25004.25,24994.0,REVERSAL,0,1,41.0,201.5,206,41.0,1.0,1
647,2025-W41,MID,2025-10-07 11:51:48,2025-10-07 11:52:50,LONG,24994.0,25004.0,REVERSAL,0,1,40.0,196.5,1038,40.0,16.0,5
648,2025-W41,MID,2025-10-07 12:05:17,2025-10-07 12:05:33,SHORT,25058.5,25048.5,REVERSAL,0,1,40.0,196.5,362,40.0,8.0,2
649,2025-W41,MID,2025-10-07 12:08:36,2025-10-07 12:09:27,LONG,25019.0,25029.0,REVERSAL,0,1,40.0,196.5,632,40.0,4.0,3
650,2025-W41,MID,2025-10-07 12:09:27,2025-10-07 12:10:14,SHORT,25029.0,25018.75,REVERSAL,0,1,41.0,201.5,878,41.0,17.0,5
651,2025-W41,MID,2025-10-07 12:13:15,2025-10-07 12:15:46,LONG,25016.75,25026.75,REVERSAL,0,1,40.0,196.5,2142,40.0,27.0,9
652,2025-W41,MID,2025-10-07 12:20:43,2025-10-07 12:20:52,SHORT,25016.5,25006.5,REVERSAL,0,1,40.0,196.5,145,40.0,0.0,1
653,2025-W41,MID,2025-10-07 12:20:52,2025-10-07 12:21:25,LONG,25006.5,25016.5,REVERSAL,0,1,40.0,196.5,269,40.0,0.0,2
654,2025-W41,MID,2025-10-07 12:28:21,2025-10-07 12:29:20,SHORT,25042.0,25032.0,REVERSAL,0,1,40.0,196.5,1012,40.0,22.0,5
655,2025-W41,MID,2025-10-07 12:29:38,2025-10-07 12:32:40,SHORT,25039.75,25059.75,HARD_STOP,1,2,-120.0,-607.0,3218,28.0,60.0,14
656,2025-W41,MID,2025-10-07 12:37:42,2025-10-07 12:39:53,SHORT,25089.5,25079.25,REVERSAL,0,1,41.0,201.5,2025,41.0,10.0,9
657,2025-W41,MID,2025-10-07 12:46:31,2025-10-07 12:49:22,LONG,25065.0,25045.0,HARD_STOP,1,2,-120.0,-607.0,2581,17.0,60.0,11
658,2025-W41,MID,2025-10-07 12:52:06,2025-10-07 12:53:16,LONG,25035.75,25045.75,REVERSAL,0,1,40.0,196.5,909,40.0,11.0,4
659,2025-W41,MID,2025-10-07 12:54:31,2025-10-07 13:01:11,LONG,25029.25,25029.25,REVERSAL,1,2,40.0,193.0,5795,39.0,49.0,24
660,2025-W41,MID,2025-10-07 13:03:01,2025-10-07 13:03:24,LONG,25035.75,25045.75,REVERSAL,0,1,40.0,196.5,245,40.0,6.0,2
661,2025-W41,MID,2025-10-07 13:05:20,2025-10-07 13:05:35,LONG,25027.75,25038.25,REVERSAL,0,1,42.0,206.5,258,42.0,2.0,2
662,2025-W41,MID,2025-10-07 13:07:37,2025-10-07 13:08:04,LONG,25029.25,25039.25,REVERSAL,0,1,40.0,196.5,175,40.0,1.0,1
663,2025-W41,MID,2025-10-07 13:08:04,2025-10-07 13:11:01,SHORT,25039.25,25059.25,HARD_STOP,1,2,-120.0,-607.0,2136,19.0,60.0,10
664,2025-W41,MID,2025-10-07 13:13:06,2025-10-07 13:13:53,LONG,25027.25,25037.25,REVERSAL,0,1,40.0,196.5,696,40.0,6.0,3
665,2025-W41,MID,2025-10-07 13:17:45,2025-10-07 13:20:44,LONG,25041.0,25051.0,REVERSAL,0,1,40.0,196.5,1192,40.0,21.0,5
666,2025-W41,MID,2025-10-07 13:26:38,2025-10-07 13:44:50,LONG,25044.0,25044.0,REVERSAL,1,2,40.0,193.0,8128,36.0,54.0,33
667,2025-W41,MID,2025-10-07 13:48:50,2025-10-07 13:50:24,SHORT,25052.0,25042.0,REVERSAL,0,1,40.0,196.5,789,40.0,17.0,4
668,2025-W41,MID,2025-10-07 13:50:56,2025-10-07 13:56:42,LONG,25025.25,25025.0,REVERSAL,1,2,39.0,188.0,3669,27.0,41.0,15
669,2025-W41,MID,2025-10-07 13:59:01,2025-10-07 14:01:47,LONG,25014.5,25014.5,REVERSAL,1,2,40.0,193.0,2654,25.0,40.0,11
670,2025-W41,MID,2025-10-07 14:06:02,2025-10-07 14:06:55,LONG,25002.75,25012.75,REVERSAL,0,1,40.0,196.5,359,40.0,0.0,2
671,2025-W41,MID,2025-10-07 14:16:02,2025-10-07 14:16:38,SHORT,25044.75,25034.5,REVERSAL,0,1,41.0,201.5,324,41.0,3.0,2
672,2025-W41,MID,2025-10-07 14:32:06,2025-10-07 14:43:01,SHORT,25038.25,25028.25,REVERSAL,0,1,40.0,196.5,4580,40.0,37.0,19
673,2025-W41,MID,2025-10-07 14:47:12,2025-10-07 14:48:13,LONG,25030.0,25040.0,REVERSAL,0,1,40.0,196.5,319,40.0,6.0,2
674,2025-W41,MID,2025-10-07 15:04:09,2025-10-07 15:09:06,LONG,25045.75,25045.75,REVERSAL,1,2,40.0,193.0,2436,20.0,40.0,10
675,2025-W41,MID,2025-10-07 15:11:03,2025-10-07 15:19:01,LONG,25034.5,25044.5,REVERSAL,0,1,40.0,196.5,3028,40.0,5.0,13
676,2025-W41,MID,2025-10-07 15:26:08,2025-10-07 15:37:28,LONG,25037.5,25047.5,REVERSAL,0,1,40.0,196.5,4613,40.0,29.0,20
677,2025-W41,MID,2025-10-08 09:30:09,2025-10-08 09:30:37,LONG,25081.75,25091.75,REVERSAL,0,1,40.0,196.5,1230,40.0,4.0,5
678,2025-W41,MID,2025-10-08 09:31:19,2025-10-08 09:32:13,SHORT,25099.75,25119.75,HARD_STOP,1,2,-120.0,-607.0,2552,4.0,60.0,11
679,2025-W41,MID,2025-10-08 09:33:44,2025-10-08 09:34:45,SHORT,25128.5,25118.5,REVERSAL,0,1,40.0,196.5,2049,40.0,25.0,9
680,2025-W41,MID,2025-10-08 09:35:08,2025-10-08 09:36:26,LONG,25116.5,25126.5,REVERSAL,0,1,40.0,196.5,2291,40.0,21.0,10
681,2025-W41,MID,2025-10-08 09:39:21,2025-10-08 09:40:03,SHORT,25130.25,25150.25,HARD_STOP,1,2,-120.0,-607.0,2517,6.0,60.0,11
682,2025-W41,MID,2025-10-08 09:41:10,2025-10-08 09:44:59,LONG,25133.0,25133.0,REVERSAL,1,2,40.0,193.0,5029,26.0,52.0,21
683,2025-W41,MID,2025-10-08 09:48:04,2025-10-08 09:50:53,SHORT,25159.0,25149.0,REVERSAL,0,1,40.0,196.5,5076,40.0,28.0,21
684,2025-W41,MID,2025-10-08 09:52:33,2025-10-08 09:53:27,LONG,25145.75,25155.75,REVERSAL,0,1,40.0,196.5,825,40.0,11.0,4
685,2025-W41,MID,2025-10-08 09:56:04,2025-10-08 10:00:22,SHORT,25170.5,25190.5,HARD_STOP,1,2,-120.0,-607.0,6567,19.0,60.0,27
686,2025-W41,MID,2025-10-08 10:00:22,2025-10-08 10:00:46,SHORT,25197.5,25187.5,REVERSAL,0,1,40.0,196.5,1583,40.0,1.0,7
687,2025-W41,MID,2025-10-08 10:01:44,2025-10-08 10:04:26,SHORT,25206.0,25196.0,REVERSAL,0,1,40.0,196.5,4408,40.0,21.0,18
688,2025-W41,MID,2025-10-08 10:05:28,2025-10-08 10:11:08,SHORT,25210.5,25230.5,HARD_STOP,1,2,-120.0,-607.0,7685,35.0,60.0,31
689,2025-W41,MID,2025-10-08 10:13:36,2025-10-08 10:17:42,LONG,25220.5,25220.5,REVERSAL,1,2,40.0,193.0,4944,20.0,40.0,20
690,2025-W41,MID,2025-10-08 10:26:10,2025-10-08 10:26:52,LONG,25200.75,25210.75,REVERSAL,0,1,40.0,196.5,631,40.0,5.0,3
691,2025-W41,MID,2025-10-08 10:31:34,2025-10-08 10:35:09,SHORT,25220.0,25210.0,REVERSAL,0,1,40.0,196.5,3203,40.0,24.0,13
692,2025-W41,MID,2025-10-08 10:46:55,2025-10-08 10:48:30,LONG,25188.25,25198.25,REVERSAL,0,1,40.0,196.5,1602,40.0,11.0,7
693,2025-W41,MID,2025-10-08 10:50:15,2025-10-08 10:58:14,LONG,25185.25,25185.25,REVERSAL,1,2,40.0,193.0,8831,21.0,40.0,36
694,2025-W41,MID,2025-10-08 11:03:48,2025-10-08 11:19:14,SHORT,25201.5,25201.5,REVERSAL,1,2,40.0,193.0,10231,20.0,55.0,41
695,2025-W41,MID,2025-10-08 11:26:34,2025-10-08 11:31:56,SHORT,25240.75,25230.75,REVERSAL,0,1,40.0,196.5,4662,40.0,23.0,20
696,2025-W41,MID,2025-10-08 11:34:21,2025-10-08 11:37:13,LONG,25230.25,25240.25,REVERSAL,0,1,40.0,196.5,1286,40.0,1.0,6
697,2025-W41,MID,2025-10-08 11:42:55,2025-10-08 11:45:15,LONG,25233.25,25243.25,REVERSAL,0,1,40.0,196.5,1119,40.0,3.0,5
698,2025-W41,MID,2025-10-08 12:02:20,2025-10-08 12:19:08,SHORT,25254.5,25274.5,HARD_STOP,1,2,-120.0,-607.0,9049,31.0,60.0,37
699,2025-W41,MID,2025-10-08 12:27:14,2025-10-08 12:50:15,LONG,25254.5,25234.5,HARD_STOP,1,2,-120.0,-607.0,9701,13.0,60.0,40
700,2025-W41,MID,2025-10-08 12:52:36,2025-10-08 13:11:51,SHORT,25243.5,25243.5,REVERSAL,1,2,40.0,193.0,8429,38.0,40.0,35
701,2025-W41,MID,2025-10-08 13:15:25,2025-10-08 13:37:21,SHORT,25251.5,25271.5,HARD_STOP,1,2,-120.0,-607.0,10075,7.0,60.0,41
702,2025-W41,MID,2025-10-08 13:50:57,2025-10-08 14:04:14,LONG,25275.0,25285.0,REVERSAL,0,1,40.0,196.5,6433,40.0,39.0,26
703,2025-W41,MID,2025-10-08 14:10:50,2025-10-08 14:28:33,SHORT,25283.0,25283.25,REVERSAL,1,2,39.0,188.0,9953,19.5,41.0,41
704,2025-W41,MID,2025-10-08 14:42:11,2025-10-08 15:04:23,LONG,25281.0,25281.0,REVERSAL,1,2,40.0,193.0,11253,20.0,41.0,46
705,2025-W41,MID,2025-10-09 09:31:23,2025-10-09 09:32:10,SHORT,25326.0,25315.75,REVERSAL,0,1,41.0,201.5,1757,41.0,27.0,8
706,2025-W41,MID,2025-10-09 09:33:08,2025-10-09 09:34:42,LONG,25311.0,25311.0,REVERSAL,1,2,40.0,193.0,2989,20.0,40.0,13
707,2025-W41,MID,2025-10-09 09:39:07,2025-10-09 09:39:47,LONG,25295.25,25305.25,REVERSAL,0,1,40.0,196.5,823,40.0,14.0,4
708,2025-W41,MID,2025-10-09 09:39:47,2025-10-09 09:40:02,SHORT,25305.25,25295.25,REVERSAL,0,1,40.0,196.5,509,40.0,3.0,3
709,2025-W41,MID,2025-10-09 09:40:28,2025-10-09 09:41:56,LONG,25293.25,25273.25,HARD_STOP,1,2,-120.0,-607.0,3338,19.0,60.0,14
710,2025-W41,MID,2025-10-09 09:42:13,2025-10-09 09:43:04,LONG,25262.75,25272.75,REVERSAL,0,1,40.0,196.5,2027,40.0,16.0,9
711,2025-W41,MID,2025-10-09 09:51:20,2025-10-09 09:51:46,SHORT,25311.0,25301.0,REVERSAL,0,1,40.0,196.5,1001,40.0,23.0,5
712,2025-W41,MID,2025-10-09 09:52:17,2025-10-09 09:52:30,LONG,25273.75,25283.75,REVERSAL,0,1,40.0,196.5,486,40.0,2.0,2
713,2025-W41,MID,2025-10-09 09:54:19,2025-10-09 09:56:14,LONG,25266.75,25267.0,REVERSAL,1,2,42.0,203.0,3310,25.0,41.0,14
714,2025-W41,MID,2025-10-09 09:59:23,2025-10-09 09:59:47,SHORT,25286.75,25276.75,REVERSAL,0,1,40.0,196.5,490,40.0,19.0,2
715,2025-W41,MID,2025-10-09 10:01:47,2025-10-09 10:03:32,LONG,25266.25,25276.25,REVERSAL,0,1,40.0,196.5,1961,40.0,20.0,8
716,2025-W41,MID,2025-10-09 10:07:26,2025-10-09 10:07:54,SHORT,25287.25,25277.25,REVERSAL,0,1,40.0,196.5,692,40.0,6.0,3
717,2025-W41,MID,2025-10-09 10:10:10,2025-10-09 10:12:45,SHORT,25276.5,25266.5,REVERSAL,0,1,40.0,196.5,2076,40.0,11.0,9
718,2025-W41,MID,2025-10-09 10:14:49,2025-10-09 10:15:43,SHORT,25275.5,25265.5,REVERSAL,0,1,40.0,196.5,801,40.0,0.0,4
719,2025-W41,MID,2025-10-09 10:17:46,2025-10-09 10:18:48,LONG,25263.0,25273.0,REVERSAL,0,1,40.0,196.5,849,40.0,13.0,4
720,2025-W41,MID,2025-10-09 10:23:42,2025-10-09 10:25:34,SHORT,25274.5,25264.5,REVERSAL,0,1,40.0,196.5,1886,40.0,9.0,8
721,2025-W41,MID,2025-10-09 10:27:30,2025-10-09 10:31:20,LONG,25252.75,25232.75,HARD_STOP,1,2,-120.0,-607.0,5693,36.0,60.0,23
722,2025-W41,MID,2025-10-09 10:36:26,2025-10-09 10:37:13,LONG,25218.75,25228.75,REVERSAL,0,1,40.0,196.5,884,40.0,9.0,4
723,2025-W41,MID,2025-10-09 10:39:11,2025-10-09 10:40:27,LONG,25220.75,25220.75,REVERSAL,1,2,40.0,193.0,2386,20.0,40.0,10
724,2025-W41,MID,2025-10-09 10:42:33,2025-10-09 10:46:08,LONG,25208.0,25208.0,REVERSAL,1,2,40.0,193.0,6237,29.0,40.0,25
725,2025-W41,MID,2025-10-09 10:47:19,2025-10-09 10:47:53,SHORT,25218.75,25208.75,REVERSAL,0,1,40.0,196.5,618,40.0,5.0,3
726,2025-W41,MID,2025-10-09 10:50:31,2025-10-09 10:57:50,SHORT,25231.5,25251.5,HARD_STOP,1,2,-120.0,-607.0,7368,14.0,60.0,30
727,2025-W41,MID,2025-10-09 11:00:16,2025-10-09 11:02:40,SHORT,25260.5,25250.5,REVERSAL,0,1,40.0,196.5,2710,40.0,26.0,11
728,2025-W41,MID,2025-10-09 11:03:17,2025-10-09 11:07:29,SHORT,25251.75,25251.75,REVERSAL,1,2,40.0,193.0,3370,20.0,40.0,14
729,2025-W41,MID,2025-10-09 11:20:25,2025-10-09 11:24:21,LONG,25251.0,25231.0,HARD_STOP,1,2,-120.0,-607.0,4278,30.0,60.0,18
730,2025-W41,MID,2025-10-09 11:34:46,2025-10-09 11:36:13,LONG,25204.75,25214.75,REVERSAL,0,1,40.0,196.5,2733,40.0,28.0,11
731,2025-W41,MID,2025-10-09 11:40:27,2025-10-09 11:45:43,LONG,25214.25,25224.25,REVERSAL,0,1,40.0,196.5,3721,40.0,19.0,15
732,2025-W41,MID,2025-10-09 11:47:06,2025-10-09 11:49:48,SHORT,25230.0,25250.0,HARD_STOP,1,2,-120.0,-607.0,3626,36.0,60.0,15
733,2025-W41,MID,2025-10-09 11:55:13,2025-10-09 12:07:33,SHORT,25266.0,25256.0,REVERSAL,0,1,40.0,196.5,8632,40.0,34.0,35
734,2025-W41,MID,2025-10-09 12:10:41,2025-10-09 12:20:23,SHORT,25264.25,25254.25,REVERSAL,0,1,40.0,196.5,5174,40.0,39.0,21
735,2025-W41,MID,2025-10-09 12:21:23,2025-10-09 12:23:19,LONG,25245.0,25245.0,REVERSAL,1,2,40.0,193.0,1847,26.0,40.0,8
736,2025-W41,MID,2025-10-09 12:25:24,2025-10-09 12:25:58,SHORT,25260.75,25250.75,REVERSAL,0,1,40.0,196.5,452,40.0,7.0,2
737,2025-W41,MID,2025-10-09 12:26:01,2025-10-09 12:26:13,SHORT,25257.5,25247.5,REVERSAL,0,1,40.0,196.5,326,40.0,2.0,2
738,2025-W41,MID,2025-10-09 12:36:36,2025-10-09 12:38:51,SHORT,25259.5,25249.5,REVERSAL,0,1,40.0,196.5,1225,40.0,8.0,5
739,2025-W41,MID,2025-10-09 12:50:31,2025-10-09 12:52:34,SHORT,25252.5,25242.5,REVERSAL,0,1,40.0,196.5,1205,40.0,17.0,6
740,2025-W41,MID,2025-10-09 12:53:28,2025-10-09 12:57:46,LONG,25237.5,25217.5,HARD_STOP,1,2,-120.0,-607.0,4067,28.0,60.0,17
741,2025-W41,MID,2025-10-09 12:58:12,2025-10-09 12:58:38,LONG,25198.25,25208.25,REVERSAL,0,1,40.0,196.5,1139,40.0,2.0,5
742,2025-W41,MID,2025-10-09 13:00:46,2025-10-09 13:03:02,SHORT,25213.25,25203.25,REVERSAL,0,1,40.0,196.5,1717,40.0,25.0,8
743,2025-W41,MID,2025-10-09 13:03:28,2025-10-09 13:03:50,SHORT,25211.25,25201.25,REVERSAL,0,1,40.0,196.5,380,40.0,5.0,2
744,2025-W41,MID,2025-10-09 13:09:22,2025-10-09 13:09:57,SHORT,25233.25,25223.25,REVERSAL,0,1,40.0,196.5,522,40.0,2.0,3
745,2025-W41,MID,2025-10-09 13:10:25,2025-10-09 13:16:55,LONG,25211.0,25191.0,HARD_STOP,1,2,-120.0,-607.0,6083,31.0,60.0,25
746,2025-W41,MID,2025-10-09 13:19:08,2025-10-09 13:19:31,LONG,25185.25,25195.25,REVERSAL,0,1,40.0,196.5,332,40.0,3.0,2
747,2025-W41,MID,2025-10-09 13:25:53,2025-10-09 13:29:17,LONG,25191.0,25171.0,HARD_STOP,1,2,-120.0,-607.0,3530,8.0,60.0,15
748,2025-W41,MID,2025-10-09 13:34:33,2025-10-09 13:36:35,LONG,25174.5,25175.0,REVERSAL,1,2,44.0,213.0,2123,24.0,40.0,9
749,2025-W41,MID,2025-10-09 13:54:18,2025-10-09 14:04:01,SHORT,25209.25,25199.25,REVERSAL,0,1,40.0,196.5,5520,40.0,39.0,23
750,2025-W41,MID,2025-10-09 14:06:48,2025-10-09 14:08:47,LONG,25185.0,25195.0,REVERSAL,0,1,40.0,196.5,1240,40.0,1.0,5
751,2025-W41,MID,2025-10-09 14:23:09,2025-10-09 14:29:00,SHORT,25225.25,25215.25,REVERSAL,0,1,40.0,196.5,3491,40.0,37.0,14
752,2025-W41,MID,2025-10-09 14:35:02,2025-10-09 14:50:29,SHORT,25215.0,25215.0,REVERSAL,1,2,40.0,193.0,5874,24.0,40.0,24
753,2025-W41,MID,2025-10-09 14:51:03,2025-10-09 14:51:46,SHORT,25227.75,25217.75,REVERSAL,0,1,40.0,196.5,326,40.0,0.0,2
754,2025-W41,MID,2025-10-09 15:12:26,2025-10-09 15:13:06,SHORT,25260.0,25250.0,REVERSAL,0,1,40.0,196.5,741,40.0,2.0,3
755,2025-W41,MID,2025-10-09 15:18:52,2025-10-09 15:38:49,SHORT,25260.0,25280.0,HARD_STOP,1,2,-120.0,-607.0,11434,13.0,60.0,46
756,2025-W41,MID,2025-10-09 15:45:20,2025-10-09 15:49:50,LONG,25270.0,25273.5,EOD_FLATTEN,0,1,14.0,66.5,3280,39.0,2.0,14
757,2025-W41,MID,2025-10-10 09:30:32,2025-10-10 09:31:04,SHORT,25310.0,25330.0,HARD_STOP,1,2,-120.0,-607.0,2510,21.0,60.0,11
758,2025-W41,MID,2025-10-10 09:32:54,2025-10-10 09:34:20,LONG,25334.5,25334.5,REVERSAL,1,2,40.0,193.0,3041,20.0,40.0,13
759,2025-W41,MID,2025-10-10 09:36:23,2025-10-10 09:36:36,LONG,25327.5,25337.5,REVERSAL,0,1,40.0,196.5,342,40.0,2.0,2
760,2025-W41,MID,2025-10-10 09:38:09,2025-10-10 09:38:59,SHORT,25366.5,25366.5,REVERSAL,1,2,40.0,193.0,1663,20.0,40.0,7
761,2025-W41,MID,2025-10-10 09:40:00,2025-10-10 09:40:19,SHORT,25373.0,25363.0,REVERSAL,0,1,40.0,196.5,782,40.0,3.0,4
762,2025-W41,MID,2025-10-10 09:41:18,2025-10-10 09:42:13,LONG,25357.5,25367.5,REVERSAL,0,1,40.0,196.5,947,40.0,0.0,4
763,2025-W41,MID,2025-10-10 09:48:34,2025-10-10 09:49:38,SHORT,25375.5,25365.5,REVERSAL,0,1,40.0,196.5,1270,40.0,18.0,6
764,2025-W41,MID,2025-10-10 09:50:55,2025-10-10 09:52:09,LONG,25336.5,25336.5,REVERSAL,1,2,40.0,193.0,2962,28.0,40.0,12
765,2025-W41,MID,2025-10-10 09:53:42,2025-10-10 09:54:19,LONG,25334.0,25344.0,REVERSAL,0,1,40.0,196.5,667,40.0,11.0,3
766,2025-W41,MID,2025-10-10 09:57:13,2025-10-10 10:00:19,SHORT,25349.5,25369.5,HARD_STOP,1,2,-120.0,-607.0,4045,27.0,60.0,17
767,2025-W41,MID,2025-10-10 10:01:32,2025-10-10 10:01:43,LONG,25316.0,25326.0,REVERSAL,0,1,40.0,196.5,663,40.0,9.0,3
768,2025-W41,MID,2025-10-10 10:05:12,2025-10-10 10:06:11,LONG,25327.75,25337.75,REVERSAL,0,1,40.0,196.5,1059,40.0,3.0,5
769,2025-W41,MID,2025-10-10 10:06:27,2025-10-10 10:06:45,LONG,25327.75,25337.75,REVERSAL,0,1,40.0,196.5,297,40.0,1.0,2
770,2025-W41,MID,2025-10-10 10:07:50,2025-10-10 10:08:23,SHORT,25354.25,25344.25,REVERSAL,0,1,40.0,196.5,821,40.0,6.0,4
771,2025-W41,MID,2025-10-10 10:10:31,2025-10-10 10:11:25,LONG,25341.0,25351.0,REVERSAL,0,1,40.0,196.5,682,40.0,10.0,3
772,2025-W41,MID,2025-10-10 10:16:16,2025-10-10 10:16:45,LONG,25313.75,25314.0,REVERSAL,1,2,42.0,203.0,1345,21.0,40.0,6
773,2025-W41,MID,2025-10-10 10:17:20,2025-10-10 10:18:07,LONG,25304.25,25314.25,REVERSAL,0,1,40.0,196.5,1228,40.0,4.0,5
774,2025-W41,MID,2025-10-10 10:22:56,2025-10-10 10:25:31,SHORT,25331.5,25351.5,HARD_STOP,1,2,-120.0,-607.0,2514,12.0,60.0,11
775,2025-W41,MID,2025-10-10 10:26:01,2025-10-10 10:27:03,LONG,25342.75,25352.75,REVERSAL,0,1,40.0,196.5,1035,40.0,8.0,5
776,2025-W41,MID,2025-10-10 10:33:45,2025-10-10 10:37:10,LONG,25333.75,25333.75,REVERSAL,1,2,40.0,193.0,3183,37.0,43.0,13
777,2025-W41,MID,2025-10-10 10:40:37,2025-10-10 10:44:06,LONG,25324.0,25334.0,REVERSAL,0,1,40.0,196.5,3253,40.0,32.0,14
778,2025-W41,MID,2025-10-10 10:48:00,2025-10-10 10:50:23,SHORT,25351.5,25341.5,REVERSAL,0,1,40.0,196.5,2663,40.0,21.0,11
779,2025-W41,MID,2025-10-10 10:57:57,2025-10-10 10:57:58,LONG,25270.0,25280.0,REVERSAL,0,1,40.0,196.5,165,40.0,0.0,1
780,2025-W41,MID,2025-10-10 10:57:58,2025-10-10 10:57:58,SHORT,25280.0,25270.0,REVERSAL,0,1,40.0,196.5,205,40.0,19.0,2
781,2025-W41,MID,2025-10-10 10:58:00,2025-10-10 10:58:00,SHORT,25268.5,25257.75,REVERSAL,0,1,43.0,211.5,170,43.0,5.0,1
782,2025-W41,MID,2025-10-10 10:58:00,2025-10-10 10:58:01,LONG,25257.75,25267.75,REVERSAL,0,1,40.0,196.5,181,40.0,1.0,2
783,2025-W41,MID,2025-10-10 10:58:02,2025-10-10 10:58:03,SHORT,25272.0,25261.0,REVERSAL,0,1,44.0,216.5,322,44.0,0.0,2
784,2025-W41,MID,2025-10-10 10:58:07,2025-10-10 10:58:07,LONG,25260.0,25270.0,REVERSAL,0,1,40.0,196.5,104,40.0,1.0,1
785,2025-W41,MID,2025-10-10 10:58:07,2025-10-10 10:58:08,SHORT,25270.0,25260.0,REVERSAL,0,1,40.0,196.5,120,40.0,6.0,1
786,2025-W41,MID,2025-10-10 10:58:08,2025-10-10 10:58:11,LONG,25260.0,25240.0,HARD_STOP,1,2,-120.0,-607.0,1070,6.0,60.0,6
787,2025-W41,MID,2025-10-10 10:58:17,2025-10-10 10:58:18,LONG,25190.5,25200.5,REVERSAL,0,1,40.0,196.5,99,40.0,2.0,1
788,2025-W41,MID,2025-10-10 10:59:32,2025-10-10 10:59:34,SHORT,25189.0,25179.0,REVERSAL,0,1,40.0,196.5,118,40.0,2.0,1
789,2025-W41,MID,2025-10-10 10:59:34,2025-10-10 10:59:36,LONG,25179.0,25189.0,REVERSAL,0,1,40.0,196.5,251,40.0,27.0,2
790,2025-W41,MID,2025-10-10 10:59:49,2025-10-10 10:59:51,SHORT,25193.0,25193.5,REVERSAL,1,2,39.0,188.0,183,19.5,43.0,1
791,2025-W41,MID,2025-10-10 11:00:08,2025-10-10 11:00:16,LONG,25139.0,25149.25,REVERSAL,0,1,41.0,201.5,855,41.0,36.0,4
792,2025-W41,MID,2025-10-10 11:00:31,2025-10-10 11:00:37,LONG,25100.5,25080.25,HARD_STOP,1,2,-122.0,-617.0,485,10.0,61.0,3
793,2025-W41,MID,2025-10-10 11:01:02,2025-10-10 11:01:02,LONG,25077.5,25088.75,REVERSAL,0,1,45.0,221.5,22,45.0,2.0,1
794,2025-W41,MID,2025-10-10 11:01:02,2025-10-10 11:01:03,SHORT,25088.75,25078.0,REVERSAL,0,1,43.0,211.5,63,43.0,2.0,1
795,2025-W41,MID,2025-10-10 11:01:03,2025-10-10 11:01:05,LONG,25078.0,25088.0,REVERSAL,0,1,40.0,196.5,211,40.0,30.0,2
796,2025-W41,MID,2025-10-10 11:01:55,2025-10-10 11:01:56,LONG,25068.25,25078.75,REVERSAL,0,1,42.0,206.5,78,42.0,2.0,1
797,2025-W41,MID,2025-10-10 11:01:56,2025-10-10 11:02:00,SHORT,25078.75,25068.5,REVERSAL,0,1,41.0,201.5,335,41.0,33.0,2
798,2025-W41,MID,2025-10-10 11:02:15,2025-10-10 11:02:18,LONG,25040.25,25051.0,REVERSAL,0,1,43.0,211.5,251,43.0,7.0,2
799,2025-W41,MID,2025-10-10 11:02:30,2025-10-10 11:02:33,SHORT,25036.0,25025.25,REVERSAL,0,1,43.0,211.5,144,43.0,2.0,1
800,2025-W41,MID,2025-10-10 11:02:33,2025-10-10 11:02:38,LONG,25025.25,25025.25,REVERSAL,1,2,41.0,198.0,650,37.0,41.0,4
801,2025-W41,MID,2025-10-10 11:03:27,2025-10-10 11:03:31,SHORT,25079.25,25067.5,REVERSAL,0,1,47.0,231.5,322,47.0,23.0,2
802,2025-W41,MID,2025-10-10 11:03:36,2025-10-10 11:03:41,LONG,25048.25,25046.75,REVERSAL,1,2,35.0,168.0,222,25.0,47.0,1
803,2025-W41,MID,2025-10-10 11:03:41,2025-10-10 11:03:47,SHORT,25055.75,25076.0,HARD_STOP,1,2,-122.0,-617.0,295,10.0,61.0,3
804,2025-W41,MID,2025-10-10 11:03:50,2025-10-10 11:03:57,LONG,25068.5,25068.25,REVERSAL,1,2,39.0,188.0,435,19.5,41.0,2
805,2025-W41,MID,2025-10-10 11:04:33,2025-10-10 11:04:40,LONG,25011.75,25011.5,REVERSAL,1,2,40.0,193.0,542,21.0,56.0,3
806,2025-W41,MID,2025-10-10 11:04:40,2025-10-10 11:04:46,SHORT,25011.5,25031.5,HARD_STOP,1,2,-120.0,-607.0,497,36.0,60.0,3
807,2025-W41,MID,2025-10-10 11:05:02,2025-10-10 11:05:05,LONG,25015.5,25026.25,REVERSAL,0,1,43.0,211.5,225,43.0,18.0,1
808,2025-W41,MID,2025-10-10 11:05:05,2025-10-10 11:05:08,SHORT,25026.25,25046.5,HARD_STOP,1,2,-121.0,-612.0,247,7.0,60.5,2
809,2025-W41,MID,2025-10-10 11:05:48,2025-10-10 11:05:53,LONG,25044.0,25054.0,REVERSAL,0,1,40.0,196.5,177,40.0,16.0,1
810,2025-W41,MID,2025-10-10 11:05:59,2025-10-10 11:06:01,SHORT,25068.25,25056.0,REVERSAL,0,1,49.0,241.5,261,49.0,31.0,2
811,2025-W41,MID,2025-10-10 11:06:06,2025-10-10 11:06:17,LONG,25064.25,25043.25,HARD_STOP,1,2,-128.0,-647.0,677,37.0,64.0,3
812,2025-W41,MID,2025-10-10 11:06:38,2025-10-10 11:06:45,SHORT,25085.0,25075.0,REVERSAL,0,1,40.0,196.5,408,40.0,18.0,2
813,2025-W41,MID,2025-10-10 11:07:12,2025-10-10 11:07:14,LONG,25032.75,25044.25,REVERSAL,0,1,46.0,226.5,156,46.0,8.0,1
814,2025-W41,MID,2025-10-10 11:07:14,2025-10-10 11:07:17,SHORT,25044.25,25034.25,REVERSAL,0,1,40.0,196.5,293,40.0,11.0,2
815,2025-W41,MID,2025-10-10 11:07:26,2025-10-10 11:07:28,LONG,25026.5,25037.0,REVERSAL,0,1,42.0,206.5,122,42.0,9.0,1
816,2025-W41,MID,2025-10-10 11:07:28,2025-10-10 11:07:30,SHORT,25037.0,25026.5,REVERSAL,0,1,42.0,206.5,147,42.0,0.0,2
817,2025-W41,MID,2025-10-10 11:07:56,2025-10-10 11:08:03,SHORT,25036.25,25026.0,REVERSAL,0,1,41.0,201.5,476,41.0,20.0,2
818,2025-W41,MID,2025-10-10 11:08:24,2025-10-10 11:08:26,SHORT,25045.75,25035.25,REVERSAL,0,1,42.0,206.5,129,42.0,9.0,1
819,2025-W41,MID,2025-10-10 11:08:28,2025-10-10 11:08:30,LONG,25026.0,25036.5,REVERSAL,0,1,42.0,206.5,101,42.0,17.0,2
820,2025-W41,MID,2025-10-10 11:08:45,2025-10-10 11:08:50,SHORT,25026.5,25016.0,REVERSAL,0,1,42.0,206.5,213,42.0,27.0,1
821,2025-W41,MID,2025-10-10 11:08:50,2025-10-10 11:09:02,LONG,25016.0,25016.5,REVERSAL,1,2,45.0,218.0,890,22.5,45.5,5
822,2025-W41,MID,2025-10-10 11:09:08,2025-10-10 11:09:09,SHORT,25038.25,25027.75,REVERSAL,0,1,42.0,206.5,47,42.0,0.0,1
823,2025-W41,MID,2025-10-10 11:09:09,2025-10-10 11:09:23,LONG,25027.75,25007.75,HARD_STOP,1,2,-120.0,-607.0,588,17.0,60.0,3
824,2025-W41,MID,2025-10-10 11:09:28,2025-10-10 11:09:30,SHORT,25001.75,24990.5,REVERSAL,0,1,45.0,221.5,151,45.0,1.0,1
825,2025-W41,MID,2025-10-10 11:09:30,2025-10-10 11:09:31,LONG,24990.5,25000.5,REVERSAL,0,1,40.0,196.5,151,40.0,0.0,2
826,2025-W41,MID,2025-10-10 11:10:33,2025-10-10 11:10:35,SHORT,25065.25,25055.25,REVERSAL,0,1,40.0,196.5,136,40.0,7.0,1
827,2025-W41,MID,2025-10-10 11:10:35,2025-10-10 11:10:49,LONG,25055.25,25055.25,REVERSAL,1,2,40.0,193.0,1053,20.0,45.0,5
828,2025-W41,MID,2025-10-10 11:12:05,2025-10-10 11:12:23,LONG,25041.25,25041.25,REVERSAL,1,2,40.0,193.0,866,25.0,58.0,4
829,2025-W41,MID,2025-10-10 11:14:49,2025-10-10 11:15:21,LONG,25058.0,25068.5,REVERSAL,0,1,42.0,206.5,1126,42.0,29.0,5
830,2025-W41,MID,2025-10-10 11:15:30,2025-10-10 11:15:36,LONG,25062.75,25063.25,REVERSAL,1,2,45.0,218.0,368,22.5,57.5,3
831,2025-W41,MID,2025-10-10 11:16:56,2025-10-10 11:17:24,LONG,25016.0,25016.0,REVERSAL,1,2,40.0,193.0,1110,29.0,40.0,5
832,2025-W41,MID,2025-10-10 11:17:27,2025-10-10 11:17:48,LONG,25004.25,25014.5,REVERSAL,0,1,41.0,201.5,991,41.0,31.0,4
833,2025-W41,MID,2025-10-10 11:18:01,2025-10-10 11:18:01,LONG,24997.75,25008.0,REVERSAL,0,1,41.0,201.5,39,41.0,0.0,1
834,2025-W41,MID,2025-10-10 11:18:01,2025-10-10 11:18:02,SHORT,25008.0,24998.0,REVERSAL,0,1,40.0,196.5,89,40.0,15.0,1
835,2025-W41,MID,2025-10-10 11:18:02,2025-10-10 11:18:09,LONG,24998.0,24978.0,HARD_STOP,1,2,-120.0,-607.0,646,8.0,60.0,4
836,2025-W41,MID,2025-10-10 11:18:17,2025-10-10 11:18:19,SHORT,24982.25,24972.25,REVERSAL,0,1,40.0,196.5,86,40.0,9.0,1
837,2025-W41,MID,2025-10-10 11:18:19,2025-10-10 11:18:30,LONG,24972.25,24952.0,HARD_STOP,1,2,-122.0,-617.0,699,18.0,61.0,4
838,2025-W41,MID,2025-10-10 11:18:44,2025-10-10 11:18:53,LONG,24941.75,24951.75,REVERSAL,0,1,40.0,196.5,505,40.0,7.0,3
839,2025-W41,MID,2025-10-10 11:19:15,2025-10-10 11:19:17,SHORT,24940.5,24930.5,REVERSAL,0,1,40.0,196.5,120,40.0,2.0,1
840,2025-W41,MID,2025-10-10 11:19:17,2025-10-10 11:19:25,LONG,24930.5,24910.25,HARD_STOP,1,2,-120.0,-607.0,669,4.0,60.0,4
841,2025-W41,MID,2025-10-10 11:19:48,2025-10-10 11:20:06,SHORT,24950.0,24940.0,REVERSAL,0,1,40.0,196.5,1177,40.0,39.0,5
842,2025-W41,MID,2025-10-10 11:20:11,2025-10-10 11:20:14,LONG,24929.25,24939.25,REVERSAL,0,1,40.0,196.5,301,40.0,26.0,2
843,2025-W41,MID,2025-10-10 11:20:59,2025-10-10 11:21:00,LONG,24905.25,24915.75,REVERSAL,0,1,42.0,206.5,110,42.0,8.0,1
844,2025-W41,MID,2025-10-10 11:21:00,2025-10-10 11:21:03,SHORT,24915.75,24905.75,REVERSAL,0,1,40.0,196.5,178,40.0,8.0,2
845,2025-W41,MID,2025-10-10 11:21:15,2025-10-10 11:21:21,LONG,24877.25,24887.25,REVERSAL,0,1,40.0,196.5,523,40.0,13.0,3
846,2025-W41,MID,2025-10-10 11:21:29,2025-10-10 11:21:37,SHORT,24892.5,24891.75,REVERSAL,1,2,46.0,223.0,656,30.0,40.0,3
847,2025-W41,MID,2025-10-10 11:22:24,2025-10-10 11:22:26,LONG,24861.5,24872.0,REVERSAL,0,1,42.0,206.5,112,42.0,5.0,1
848,2025-W41,MID,2025-10-10 11:22:26,2025-10-10 11:22:40,SHORT,24872.0,24892.0,HARD_STOP,1,2,-120.0,-607.0,794,30.0,60.0,4
849,2025-W41,MID,2025-10-10 11:22:43,2025-10-10 11:22:54,LONG,24885.5,24895.5,REVERSAL,0,1,40.0,196.5,648,40.0,37.0,3
850,2025-W41,MID,2025-10-10 11:22:58,2025-10-10 11:23:01,LONG,24883.5,24894.5,REVERSAL,0,1,44.0,216.5,186,44.0,8.0,1
851,2025-W41,MID,2025-10-10 11:23:01,2025-10-10 11:23:03,SHORT,24894.5,24884.5,REVERSAL,0,1,40.0,196.5,163,40.0,4.0,2
852,2025-W41,MID,2025-10-10 11:23:46,2025-10-10 11:23:47,LONG,24866.0,24876.25,REVERSAL,0,1,41.0,201.5,88,41.0,4.0,1
853,2025-W41,MID,2025-10-10 11:23:47,2025-10-10 11:23:59,SHORT,24876.25,24866.0,REVERSAL,0,1,41.0,201.5,472,41.0,24.0,3
854,2025-W41,MID,2025-10-10 11:24:10,2025-10-10 11:24:14,LONG,24838.0,24848.5,REVERSAL,0,1,42.0,206.5,354,42.0,11.0,2
855,2025-W41,MID,2025-10-10 11:24:39,2025-10-10 11:24:58,LONG,24838.75,24818.0,HARD_STOP,1,2,-125.0,-632.0,1503,24.0,62.5,7
856,2025-W41,MID,2025-10-10 11:25:04,2025-10-10 11:25:06,SHORT,24844.25,24834.25,REVERSAL,0,1,40.0,196.5,138,40.0,0.0,1
857,2025-W41,MID,2025-10-10 11:25:06,2025-10-10 11:25:08,LONG,24834.25,24844.25,REVERSAL,0,1,40.0,196.5,178,40.0,1.0,2
858,2025-W41,MID,2025-10-10 11:25:34,2025-10-10 11:25:39,LONG,24811.75,24822.0,REVERSAL,0,1,41.0,201.5,243,41.0,6.0,1
859,2025-W41,MID,2025-10-10 11:25:39,2025-10-10 11:25:44,SHORT,24822.0,24822.0,REVERSAL,1,2,40.0,193.0,309,20.0,40.0,3
860,2025-W41,MID,2025-10-10 11:26:09,2025-10-10 11:26:14,SHORT,24845.5,24835.5,REVERSAL,0,1,40.0,196.5,408,40.0,6.0,2
861,2025-W41,MID,2025-10-10 11:28:07,2025-10-10 11:28:14,SHORT,24876.75,24866.75,REVERSAL,0,1,40.0,196.5,480,40.0,16.0,3
862,2025-W41,MID,2025-10-10 11:28:21,2025-10-10 11:28:24,LONG,24861.5,24871.5,REVERSAL,0,1,40.0,196.5,268,40.0,16.0,2
863,2025-W41,MID,2025-10-10 11:29:23,2025-10-10 11:29:27,LONG,24834.75,24834.25,REVERSAL,1,2,38.0,183.0,207,19.0,42.0,1
864,2025-W41,MID,2025-10-10 11:30:18,2025-10-10 11:30:28,LONG,24774.5,24754.25,HARD_STOP,1,2,-121.0,-612.0,984,23.0,60.5,4
865,2025-W41,MID,2025-10-10 11:31:00,2025-10-10 11:31:03,SHORT,24763.0,24753.0,REVERSAL,0,1,40.0,196.5,135,40.0,2.0,2
866,2025-W41,MID,2025-10-10 11:31:09,2025-10-10 11:31:10,SHORT,24765.75,24755.75,REVERSAL,0,1,40.0,196.5,88,40.0,3.0,1
867,2025-W41,MID,2025-10-10 11:31:10,2025-10-10 11:31:15,LONG,24755.75,24765.75,REVERSAL,0,1,40.0,196.5,386,40.0,13.0,2
868,2025-W41,MID,2025-10-10 11:31:27,2025-10-10 11:31:31,LONG,24733.25,24744.0,REVERSAL,0,1,43.0,211.5,267,43.0,9.0,2
869,2025-W41,MID,2025-10-10 11:32:50,2025-10-10 11:32:53,LONG,24698.25,24708.25,REVERSAL,0,1,40.0,196.5,293,40.0,15.0,2
870,2025-W41,MID,2025-10-10 11:33:06,2025-10-10 11:33:08,SHORT,24711.75,24701.25,REVERSAL,0,1,42.0,206.5,217,42.0,9.0,1
871,2025-W41,MID,2025-10-10 11:33:08,2025-10-10 11:33:11,LONG,24701.25,24711.25,REVERSAL,0,1,40.0,196.5,275,40.0,24.0,2
872,2025-W41,MID,2025-10-10 11:33:36,2025-10-10 11:33:39,SHORT,24739.5,24728.75,REVERSAL,0,1,43.0,211.5,142,43.0,3.0,1
873,2025-W41,MID,2025-10-10 11:33:39,2025-10-10 11:33:53,LONG,24728.75,24708.25,HARD_STOP,1,2,-122.0,-617.0,757,27.0,61.0,4
874,2025-W41,MID,2025-10-10 11:33:59,2025-10-10 11:34:01,LONG,24700.5,24710.75,REVERSAL,0,1,41.0,201.5,176,41.0,0.0,1
875,2025-W41,MID,2025-10-10 11:34:18,2025-10-10 11:34:20,LONG,24673.0,24683.5,REVERSAL,0,1,42.0,206.5,228,42.0,6.0,1
876,2025-W41,MID,2025-10-10 11:34:20,2025-10-10 11:34:22,SHORT,24683.5,24673.5,REVERSAL,0,1,40.0,196.5,248,40.0,24.0,2
877,2025-W41,MID,2025-10-10 11:36:29,2025-10-10 11:36:34,SHORT,24761.0,24750.75,REVERSAL,0,1,41.0,201.5,306,41.0,25.0,2
878,2025-W41,MID,2025-10-10 11:37:20,2025-10-10 11:37:22,SHORT,24771.5,24761.5,REVERSAL,0,1,40.0,196.5,99,40.0,0.0,1
879,2025-W41,MID,2025-10-10 11:37:22,2025-10-10 11:37:27,LONG,24761.5,24772.0,REVERSAL,0,1,42.0,206.5,344,42.0,8.0,2
880,2025-W41,MID,2025-10-10 11:37:55,2025-10-10 11:37:55,SHORT,24788.0,24778.0,REVERSAL,0,1,40.0,196.5,156,40.0,3.0,1
881,2025-W41,MID,2025-10-10 11:37:55,2025-10-10 11:38:00,LONG,24778.0,24788.0,REVERSAL,0,1,40.0,196.5,505,40.0,14.0,3
882,2025-W41,MID,2025-10-10 11:38:27,2025-10-10 11:38:34,SHORT,24774.75,24764.75,REVERSAL,0,1,40.0,196.5,300,40.0,33.0,2
883,2025-W41,MID,2025-10-10 11:38:52,2025-10-10 11:38:54,SHORT,24753.75,24743.0,REVERSAL,0,1,43.0,211.5,107,43.0,14.0,1
884,2025-W41,MID,2025-10-10 11:38:54,2025-10-10 11:39:10,LONG,24743.0,24745.25,REVERSAL,1,2,58.0,283.0,733,29.0,51.0,4
885,2025-W41,MID,2025-10-10 11:39:53,2025-10-10 11:40:05,LONG,24724.0,24704.0,HARD_STOP,1,2,-120.0,-607.0,676,26.0,60.0,3
886,2025-W41,MID,2025-10-10 11:40:27,2025-10-10 11:40:32,LONG,24686.0,24696.0,REVERSAL,0,1,40.0,196.5,150,40.0,6.0,1
887,2025-W41,MID,2025-10-10 11:41:59,2025-10-10 11:42:04,SHORT,24746.5,24735.5,REVERSAL,0,1,44.0,216.5,289,44.0,24.0,2
888,2025-W41,MID,2025-10-10 11:44:14,2025-10-10 11:44:32,SHORT,24807.0,24827.25,HARD_STOP,1,2,-121.0,-612.0,1420,12.0,60.5,6
889,2025-W41,MID,2025-10-10 11:44:35,2025-10-10 11:44:46,SHORT,24837.0,24857.25,HARD_STOP,1,2,-121.0,-612.0,890,30.0,60.5,4
890,2025-W41,MID,2025-10-10 11:45:26,2025-10-10 11:45:34,SHORT,24891.75,24881.75,REVERSAL,0,1,40.0,196.5,468,40.0,15.0,3
891,2025-W41,MID,2025-10-10 11:46:01,2025-10-10 11:46:02,SHORT,24870.25,24860.0,REVERSAL,0,1,41.0,201.5,215,41.0,11.0,1
892,2025-W41,MID,2025-10-10 11:46:02,2025-10-10 11:46:06,LONG,24860.0,24870.0,REVERSAL,0,1,40.0,196.5,211,40.0,16.0,2
893,2025-W41,MID,2025-10-10 11:46:45,2025-10-10 11:46:47,LONG,24865.0,24875.0,REVERSAL,0,1,40.0,196.5,235,40.0,31.0,1
894,2025-W41,MID,2025-10-10 11:46:47,2025-10-10 11:46:50,SHORT,24875.0,24865.0,REVERSAL,0,1,40.0,196.5,126,40.0,6.0,2
895,2025-W41,MID,2025-10-10 11:47:25,2025-10-10 11:47:30,SHORT,24856.0,24846.0,REVERSAL,0,1,40.0,196.5,217,40.0,4.0,1
896,2025-W41,MID,2025-10-10 11:47:30,2025-10-10 11:47:37,LONG,24846.0,24845.75,REVERSAL,1,2,39.0,188.0,296,19.5,41.0,3
897,2025-W41,MID,2025-10-10 11:47:37,2025-10-10 11:47:39,SHORT,24845.75,24835.5,REVERSAL,0,1,41.0,201.5,97,41.0,13.0,1
898,2025-W41,MID,2025-10-10 11:47:39,2025-10-10 11:47:41,LONG,24835.5,24847.25,REVERSAL,0,1,47.0,231.5,106,47.0,7.0,1
899,2025-W41,MID,2025-10-10 11:47:41,2025-10-10 11:47:46,SHORT,24847.25,24836.5,REVERSAL,0,1,43.0,211.5,173,43.0,14.0,2
900,2025-W41,MID,2025-10-10 11:48:09,2025-10-10 11:48:10,LONG,24815.5,24825.5,REVERSAL,0,1,40.0,196.5,52,40.0,1.0,1
901,2025-W41,MID,2025-10-10 11:48:10,2025-10-10 11:48:12,SHORT,24825.5,24815.5,REVERSAL,0,1,40.0,196.5,119,40.0,14.0,1
902,2025-W41,MID,2025-10-10 11:48:12,2025-10-10 11:48:14,LONG,24815.5,24825.5,REVERSAL,0,1,40.0,196.5,116,40.0,8.0,2
903,2025-W41,MID,2025-10-10 11:48:58,2025-10-10 11:49:09,SHORT,24851.0,24841.0,REVERSAL,0,1,40.0,196.5,565,40.0,27.0,3
904,2025-W41,MID,2025-10-10 11:49:19,2025-10-10 11:49:21,LONG,24838.5,24849.25,REVERSAL,0,1,43.0,211.5,245,43.0,15.0,1
905,2025-W41,MID,2025-10-10 11:49:21,2025-10-10 11:49:23,SHORT,24849.25,24839.0,REVERSAL,0,1,41.0,201.5,98,41.0,2.0,2
906,2025-W41,MID,2025-10-10 11:49:39,2025-10-10 11:49:44,LONG,24829.0,24839.0,REVERSAL,0,1,40.0,196.5,228,40.0,28.0,1
907,2025-W41,MID,2025-10-10 11:49:44,2025-10-10 11:50:08,SHORT,24839.0,24838.5,REVERSAL,1,2,44.0,213.0,954,22.0,40.0,5
908,2025-W41,MID,2025-10-10 11:50:12,2025-10-10 11:50:22,SHORT,24846.25,24836.25,REVERSAL,0,1,40.0,196.5,492,40.0,28.0,3
909,2025-W41,MID,2025-10-10 11:51:45,2025-10-10 11:51:58,SHORT,24877.0,24877.0,REVERSAL,1,2,40.0,193.0,663,20.0,40.0,3
910,2025-W41,MID,2025-10-10 11:51:58,2025-10-10 11:52:02,LONG,24877.0,24857.0,HARD_STOP,1,2,-120.0,-607.0,392,10.0,60.0,3
911,2025-W41,MID,2025-10-10 11:52:33,2025-10-10 11:52:39,LONG,24862.5,24872.5,REVERSAL,0,1,40.0,196.5,265,40.0,30.0,2
912,2025-W41,MID,2025-10-10 11:52:51,2025-10-10 11:53:19,SHORT,24871.25,24871.5,REVERSAL,1,2,39.0,188.0,1207,27.0,41.0,5
913,2025-W41,MID,2025-10-10 11:53:27,2025-10-10 11:53:31,LONG,24871.25,24881.25,REVERSAL,0,1,40.0,196.5,241,40.0,5.0,1
914,2025-W41,MID,2025-10-10 11:53:31,2025-10-10 11:53:34,SHORT,24881.25,24870.0,REVERSAL,0,1,45.0,221.5,85,45.0,0.0,2
915,2025-W41,MID,2025-10-10 11:54:16,2025-10-10 11:54:23,LONG,24843.25,24853.5,REVERSAL,0,1,41.0,201.5,256,41.0,16.0,2
916,2025-W41,MID,2025-10-10 11:55:30,2025-10-10 11:55:36,LONG,24819.5,24829.5,REVERSAL,0,1,40.0,196.5,214,40.0,16.0,1
917,2025-W41,MID,2025-10-10 11:55:36,2025-10-10 11:55:51,SHORT,24829.5,24828.25,REVERSAL,1,2,51.0,248.0,550,25.5,41.0,4
918,2025-W41,MID,2025-10-10 11:56:28,2025-10-10 11:56:30,LONG,24792.0,24802.0,REVERSAL,0,1,40.0,196.5,114,40.0,0.0,1
919,2025-W41,MID,2025-10-10 11:56:30,2025-10-10 11:56:36,SHORT,24802.0,24792.0,REVERSAL,0,1,40.0,196.5,331,40.0,0.0,2
920,2025-W41,MID,2025-10-10 11:58:08,2025-10-10 11:58:20,LONG,24775.25,24786.0,REVERSAL,0,1,43.0,211.5,607,43.0,12.0,3
921,2025-W41,MID,2025-10-10 11:59:01,2025-10-10 11:59:08,SHORT,24837.75,24826.25,REVERSAL,0,1,46.0,226.5,293,46.0,22.0,2
922,2025-W41,MID,2025-10-10 12:00:05,2025-10-10 12:00:10,LONG,24799.25,24809.75,REVERSAL,0,1,42.0,206.5,298,42.0,11.0,2
923,2025-W41,MID,2025-10-10 12:00:19,2025-10-10 12:00:52,LONG,24794.75,24794.5,REVERSAL,1,2,39.0,188.0,1018,30.0,41.0,5
924,2025-W41,MID,2025-10-10 12:01:52,2025-10-10 12:02:03,LONG,24795.25,24805.5,REVERSAL,0,1,41.0,201.5,380,41.0,32.0,2
925,2025-W41,MID,2025-10-10 12:02:56,2025-10-10 12:03:18,LONG,24777.5,24777.25,REVERSAL,1,2,39.0,188.0,1239,24.0,53.5,5
926,2025-W41,MID,2025-10-10 12:03:39,2025-10-10 12:03:44,SHORT,24792.75,24782.0,REVERSAL,0,1,43.0,211.5,208,43.0,15.0,1
927,2025-W41,MID,2025-10-10 12:03:44,2025-10-10 12:04:01,LONG,24782.0,24761.75,HARD_STOP,1,2,-121.0,-612.0,558,14.0,60.5,4
928,2025-W41,MID,2025-10-10 12:04:28,2025-10-10 12:04:33,SHORT,24780.0,24770.0,REVERSAL,0,1,40.0,196.5,159,40.0,16.0,1
929,2025-W41,MID,2025-10-10 12:04:33,2025-10-10 12:04:48,LONG,24770.0,24780.0,REVERSAL,0,1,40.0,196.5,358,40.0,24.0,3
930,2025-W41,MID,2025-10-10 12:05:09,2025-10-10 12:05:37,SHORT,24796.75,24817.75,HARD_STOP,1,2,-127.0,-642.0,1200,30.0,63.5,5
931,2025-W41,MID,2025-10-10 12:06:23,2025-10-10 12:06:46,LONG,24784.5,24764.0,HARD_STOP,1,2,-120.0,-607.0,756,25.0,60.0,4
932,2025-W41,MID,2025-10-10 12:07:11,2025-10-10 12:07:33,SHORT,24767.25,24787.25,HARD_STOP,1,2,-120.0,-607.0,619,13.0,60.0,3
933,2025-W41,MID,2025-10-10 12:07:45,2025-10-10 12:07:56,SHORT,24793.25,24783.25,REVERSAL,0,1,40.0,196.5,310,40.0,27.0,2
934,2025-W41,MID,2025-10-10 12:09:15,2025-10-10 12:09:26,SHORT,24807.75,24797.5,REVERSAL,0,1,41.0,201.5,182,41.0,10.0,1
935,2025-W41,MID,2025-10-10 12:09:26,2025-10-10 12:09:47,LONG,24797.5,24807.5,REVERSAL,0,1,40.0,196.5,550,40.0,17.0,3
936,2025-W41,MID,2025-10-10 12:12:00,2025-10-10 12:12:03,SHORT,24814.0,24803.5,REVERSAL,0,1,42.0,206.5,156,42.0,0.0,1
937,2025-W41,MID,2025-10-10 12:12:03,2025-10-10 12:12:06,LONG,24803.5,24813.75,REVERSAL,0,1,41.0,201.5,146,41.0,10.0,2
938,2025-W41,MID,2025-10-10 12:12:32,2025-10-10 12:12:37,LONG,24795.75,24805.75,REVERSAL,0,1,40.0,196.5,135,40.0,4.0,1
939,2025-W41,MID,2025-10-10 12:12:37,2025-10-10 12:12:59,SHORT,24805.75,24795.75,REVERSAL,0,1,40.0,196.5,588,40.0,26.0,3
940,2025-W41,MID,2025-10-10 12:13:45,2025-10-10 12:13:56,SHORT,24816.75,24806.75,REVERSAL,0,1,40.0,196.5,381,40.0,21.0,2
941,2025-W41,MID,2025-10-10 12:14:06,2025-10-10 12:15:24,SHORT,24814.0,24814.0,REVERSAL,1,2,40.0,193.0,1903,30.0,49.0,9
942,2025-W41,MID,2025-10-10 12:15:34,2025-10-10 12:15:44,SHORT,24813.25,24803.0,REVERSAL,0,1,41.0,201.5,271,41.0,1.0,2
943,2025-W41,MID,2025-10-10 12:16:03,2025-10-10 12:16:09,LONG,24802.25,24812.5,REVERSAL,0,1,41.0,201.5,166,41.0,12.0,1
944,2025-W41,MID,2025-10-10 12:16:09,2025-10-10 12:16:19,SHORT,24812.5,24801.5,REVERSAL,0,1,44.0,216.5,390,44.0,35.0,3
945,2025-W41,MID,2025-10-10 12:17:05,2025-10-10 12:17:07,LONG,24770.5,24780.5,REVERSAL,0,1,40.0,196.5,177,40.0,22.0,1
946,2025-W41,MID,2025-10-10 12:17:07,2025-10-10 12:17:14,SHORT,24780.5,24770.5,REVERSAL,0,1,40.0,196.5,277,40.0,16.0,2
947,2025-W41,MID,2025-10-10 12:18:00,2025-10-10 12:18:01,LONG,24761.0,24771.0,REVERSAL,0,1,40.0,196.5,104,40.0,4.0,1
948,2025-W41,MID,2025-10-10 12:18:01,2025-10-10 12:18:08,SHORT,24771.0,24760.75,REVERSAL,0,1,41.0,201.5,213,41.0,4.0,2
949,2025-W41,MID,2025-10-10 12:18:37,2025-10-10 12:18:48,SHORT,24771.75,24761.75,REVERSAL,0,1,40.0,196.5,214,40.0,16.0,1
950,2025-W41,MID,2025-10-10 12:18:48,2025-10-10 12:19:08,LONG,24761.75,24762.0,REVERSAL,1,2,42.0,203.0,851,21.0,50.0,5
951,2025-W41,MID,2025-10-10 12:20:21,2025-10-10 12:20:28,LONG,24768.5,24778.5,REVERSAL,0,1,40.0,196.5,118,40.0,11.0,1
952,2025-W41,MID,2025-10-10 12:20:28,2025-10-10 12:20:41,SHORT,24778.5,24768.5,REVERSAL,0,1,40.0,196.5,244,40.0,11.0,2
953,2025-W41,MID,2025-10-10 12:23:35,2025-10-10 12:23:57,SHORT,24845.0,24834.5,REVERSAL,0,1,42.0,206.5,799,42.0,4.0,4
954,2025-W41,MID,2025-10-10 12:24:13,2025-10-10 12:24:21,LONG,24825.25,24835.5,REVERSAL,0,1,41.0,201.5,210,41.0,1.0,1
955,2025-W41,MID,2025-10-10 12:24:21,2025-10-10 12:24:39,SHORT,24835.5,24825.0,REVERSAL,0,1,42.0,206.5,357,42.0,14.0,3
956,2025-W41,MID,2025-10-10 12:25:16,2025-10-10 12:25:23,LONG,24795.0,24805.0,REVERSAL,0,1,40.0,196.5,141,40.0,7.0,1
957,2025-W41,MID,2025-10-10 12:25:23,2025-10-10 12:25:57,SHORT,24805.0,24804.75,REVERSAL,1,2,42.0,203.0,774,30.0,51.0,4
958,2025-W41,MID,2025-10-10 12:25:57,2025-10-10 12:26:07,LONG,24804.75,24814.75,REVERSAL,0,1,40.0,196.5,209,40.0,7.0,2
959,2025-W41,MID,2025-10-10 12:27:15,2025-10-10 12:27:29,SHORT,24814.25,24804.25,REVERSAL,0,1,40.0,196.5,162,40.0,4.0,1
960,2025-W41,MID,2025-10-10 12:27:29,2025-10-10 12:27:53,LONG,24804.25,24815.0,REVERSAL,0,1,43.0,211.5,373,43.0,17.0,3
961,2025-W41,MID,2025-10-10 12:28:25,2025-10-10 12:28:34,LONG,24790.25,24800.25,REVERSAL,0,1,40.0,196.5,193,40.0,4.0,1
962,2025-W41,MID,2025-10-10 12:28:34,2025-10-10 12:28:46,SHORT,24800.25,24790.25,REVERSAL,0,1,40.0,196.5,191,40.0,18.0,2
963,2025-W41,MID,2025-10-10 12:35:05,2025-10-10 12:35:40,LONG,24773.0,24773.0,REVERSAL,1,2,40.0,193.0,1463,20.0,46.0,7
964,2025-W41,MID,2025-10-10 12:35:44,2025-10-10 12:36:08,LONG,24775.0,24785.0,REVERSAL,0,1,40.0,196.5,698,40.0,31.0,3
965,2025-W41,MID,2025-10-10 12:39:24,2025-10-10 12:40:02,LONG,24776.5,24786.75,REVERSAL,0,1,41.0,201.5,773,41.0,9.0,4
966,2025-W41,MID,2025-10-10 12:40:35,2025-10-10 12:40:42,SHORT,24789.75,24779.5,REVERSAL,0,1,41.0,201.5,253,41.0,7.0,2
967,2025-W41,MID,2025-10-10 12:42:02,2025-10-10 12:42:12,SHORT,24777.0,24766.75,REVERSAL,0,1,41.0,201.5,232,41.0,0.0,1
968,2025-W41,MID,2025-10-10 12:42:12,2025-10-10 12:42:26,LONG,24766.75,24776.75,REVERSAL,0,1,40.0,196.5,439,40.0,11.0,3
969,2025-W41,MID,2025-10-10 12:42:54,2025-10-10 12:43:35,LONG,24752.5,24732.25,HARD_STOP,1,2,-122.0,-617.0,1724,12.0,61.0,7
970,2025-W41,MID,2025-10-10 12:45:03,2025-10-10 12:45:35,LONG,24730.0,24740.0,REVERSAL,0,1,40.0,196.5,850,40.0,12.0,4
971,2025-W41,MID,2025-10-10 12:48:25,2025-10-10 12:50:42,LONG,24696.75,24676.75,HARD_STOP,1,2,-120.0,-607.0,4082,39.0,60.0,17
972,2025-W41,MID,2025-10-10 12:51:16,2025-10-10 12:51:40,SHORT,24691.75,24691.0,REVERSAL,1,2,46.0,223.0,855,36.0,40.0,4
973,2025-W41,MID,2025-10-10 12:52:18,2025-10-10 12:53:02,LONG,24676.25,24676.5,REVERSAL,1,2,42.0,203.0,1277,36.0,40.0,6
974,2025-W41,MID,2025-10-10 12:53:16,2025-10-10 12:53:25,SHORT,24683.5,24673.5,REVERSAL,0,1,40.0,196.5,390,40.0,1.0,2
975,2025-W41,MID,2025-10-10 12:57:28,2025-10-10 12:57:32,LONG,24676.75,24686.75,REVERSAL,0,1,40.0,196.5,113,40.0,4.0,1
976,2025-W41,MID,2025-10-10 12:57:32,2025-10-10 12:57:44,SHORT,24686.75,24676.75,REVERSAL,0,1,40.0,196.5,237,40.0,3.0,2
977,2025-W41,MID,2025-10-10 12:59:03,2025-10-10 12:59:21,LONG,24651.25,24661.25,REVERSAL,0,1,40.0,196.5,612,40.0,15.0,3
978,2025-W41,MID,2025-10-10 12:59:31,2025-10-10 12:59:44,LONG,24653.75,24663.75,REVERSAL,0,1,40.0,196.5,207,40.0,3.0,2
979,2025-W41,MID,2025-10-10 12:59:52,2025-10-10 13:00:07,LONG,24660.75,24640.5,HARD_STOP,1,2,-120.0,-607.0,618,11.0,60.0,3
980,2025-W41,MID,2025-10-10 13:00:11,2025-10-10 13:00:34,SHORT,24648.25,24668.25,HARD_STOP,1,2,-120.0,-607.0,653,1.0,60.0,4
981,2025-W41,MID,2025-10-10 13:01:15,2025-10-10 13:01:20,LONG,24640.5,24650.5,REVERSAL,0,1,40.0,196.5,207,40.0,3.0,1
982,2025-W41,MID,2025-10-10 13:01:20,2025-10-10 13:01:49,SHORT,24650.5,24640.5,REVERSAL,0,1,40.0,196.5,458,40.0,23.0,3
983,2025-W41,MID,2025-10-10 13:03:03,2025-10-10 13:04:37,LONG,24623.0,24633.0,REVERSAL,0,1,40.0,196.5,2435,40.0,25.0,10
984,2025-W41,MID,2025-10-10 13:04:47,2025-10-10 13:06:14,LONG,24624.75,24625.0,REVERSAL,1,2,42.0,203.0,1921,36.0,40.0,9
985,2025-W41,MID,2025-10-10 13:11:54,2025-10-10 13:12:13,SHORT,24664.5,24654.5,REVERSAL,0,1,40.0,196.5,662,40.0,16.0,3
986,2025-W41,MID,2025-10-10 13:12:34,2025-10-10 13:12:37,SHORT,24656.25,24646.0,REVERSAL,0,1,41.0,201.5,50,41.0,3.0,1
987,2025-W41,MID,2025-10-10 13:12:37,2025-10-10 13:13:51,LONG,24646.0,24625.75,HARD_STOP,1,2,-122.0,-617.0,1542,30.0,61.0,7
988,2025-W41,MID,2025-10-10 13:14:42,2025-10-10 13:14:54,LONG,24612.5,24622.5,REVERSAL,0,1,40.0,196.5,340,40.0,1.0,2
989,2025-W41,MID,2025-10-10 13:18:02,2025-10-10 13:18:20,SHORT,24669.75,24659.75,REVERSAL,0,1,40.0,196.5,554,40.0,19.0,4
990,2025-W41,MID,2025-10-10 13:18:57,2025-10-10 13:19:38,LONG,24645.75,24656.0,REVERSAL,0,1,41.0,201.5,817,41.0,20.0,4
991,2025-W41,MID,2025-10-10 13:23:18,2025-10-10 13:24:27,SHORT,24684.0,24673.75,REVERSAL,0,1,41.0,201.5,1500,41.0,19.0,7
992,2025-W41,MID,2025-10-10 13:26:22,2025-10-10 13:26:45,SHORT,24682.25,24672.25,REVERSAL,0,1,40.0,196.5,388,40.0,9.0,2
993,2025-W41,MID,2025-10-10 13:26:50,2025-10-10 13:27:52,SHORT,24678.25,24698.25,HARD_STOP,1,2,-120.0,-607.0,1420,17.0,60.0,6
994,2025-W41,MID,2025-10-10 13:30:23,2025-10-10 13:30:50,SHORT,24727.0,24717.0,REVERSAL,0,1,40.0,196.5,678,40.0,12.0,3
995,2025-W41,MID,2025-10-10 13:31:59,2025-10-10 13:32:08,SHORT,24711.0,24701.0,REVERSAL,0,1,40.0,196.5,225,40.0,1.0,1
996,2025-W41,MID,2025-10-10 13:32:08,2025-10-10 13:32:42,LONG,24701.0,24711.0,REVERSAL,0,1,40.0,196.5,788,40.0,27.0,5
997,2025-W41,MID,2025-10-10 13:33:19,2025-10-10 13:34:10,SHORT,24719.0,24739.0,HARD_STOP,1,2,-120.0,-607.0,1334,31.0,60.0,6
998,2025-W41,MID,2025-10-10 13:41:13,2025-10-10 13:42:35,SHORT,24739.25,24729.25,REVERSAL,0,1,40.0,196.5,1264,40.0,19.0,6
999,2025-W41,MID,2025-10-10 13:42:53,2025-10-10 13:43:31,SHORT,24729.0,24719.0,REVERSAL,0,1,40.0,196.5,654,40.0,26.0,4
1000,2025-W41,MID,2025-10-10 13:44:21,2025-10-10 13:44:31,SHORT,24730.5,24720.5,REVERSAL,0,1,40.0,196.5,183,40.0,7.0,1
1001,2025-W41,MID,2025-10-10 13:44:31,2025-10-10 13:46:11,LONG,24720.5,24700.5,HARD_STOP,1,2,-120.0,-607.0,2138,0.0,60.0,10
1002,2025-W41,MID,2025-10-10 13:46:44,2025-10-10 13:47:08,LONG,24665.0,24675.0,REVERSAL,0,1,40.0,196.5,1139,40.0,13.0,5
1003,2025-W41,MID,2025-10-10 13:47:17,2025-10-10 13:48:20,SHORT,24686.0,24706.0,HARD_STOP,1,2,-120.0,-607.0,2614,34.0,60.0,11
1004,2025-W41,MID,2025-10-10 13:48:32,2025-10-10 13:48:35,SHORT,24715.5,24705.5,REVERSAL,0,1,40.0,196.5,166,40.0,1.0,1
1005,2025-W41,MID,2025-10-10 13:48:35,2025-10-10 13:49:03,LONG,24705.5,24705.5,REVERSAL,1,2,40.0,193.0,793,20.0,40.0,4
1006,2025-W41,MID,2025-10-10 13:49:09,2025-10-10 13:49:15,LONG,24695.5,24705.5,REVERSAL,0,1,40.0,196.5,103,40.0,3.0,1
1007,2025-W41,MID,2025-10-10 13:49:15,2025-10-10 13:49:35,SHORT,24705.5,24695.5,REVERSAL,0,1,40.0,196.5,407,40.0,1.0,3
1008,2025-W41,MID,2025-10-10 13:50:27,2025-10-10 13:50:36,LONG,24682.25,24692.5,REVERSAL,0,1,41.0,201.5,285,41.0,0.0,2
1009,2025-W41,MID,2025-10-10 13:55:34,2025-10-10 13:56:26,SHORT,24676.5,24666.0,REVERSAL,0,1,42.0,206.5,1023,42.0,30.0,5
1010,2025-W41,MID,2025-10-10 14:00:58,2025-10-10 14:02:35,LONG,24655.0,24655.75,REVERSAL,1,2,46.0,223.0,1546,37.0,40.0,7
1011,2025-W41,MID,2025-10-10 14:02:46,2025-10-10 14:03:06,SHORT,24662.5,24652.5,REVERSAL,0,1,40.0,196.5,411,40.0,14.0,2
1012,2025-W41,MID,2025-10-10 14:03:42,2025-10-10 14:05:14,SHORT,24652.75,24652.25,REVERSAL,1,2,44.0,213.0,1166,34.0,40.0,5
1013,2025-W41,MID,2025-10-10 14:09:39,2025-10-10 14:09:56,LONG,24655.0,24665.0,REVERSAL,0,1,40.0,196.5,197,40.0,0.0,1
1014,2025-W41,MID,2025-10-10 14:09:56,2025-10-10 14:11:16,SHORT,24665.0,24665.0,REVERSAL,1,2,40.0,193.0,1125,34.0,53.0,6
1015,2025-W41,MID,2025-10-10 14:18:17,2025-10-10 14:19:01,LONG,24664.0,24664.0,REVERSAL,1,2,40.0,193.0,706,22.0,40.0,3
1016,2025-W41,MID,2025-10-10 14:22:58,2025-10-10 14:23:05,SHORT,24716.25,24706.25,REVERSAL,0,1,40.0,196.5,428,40.0,2.0,2
1017,2025-W41,MID,2025-10-10 14:23:51,2025-10-10 14:24:49,LONG,24698.5,24708.5,REVERSAL,0,1,40.0,196.5,686,40.0,30.0,3
1018,2025-W41,MID,2025-10-10 14:26:08,2025-10-10 14:26:39,LONG,24701.0,24711.25,REVERSAL,0,1,41.0,201.5,324,41.0,12.0,2
1019,2025-W41,MID,2025-10-10 14:27:06,2025-10-10 14:27:57,LONG,24703.5,24703.5,REVERSAL,1,2,40.0,193.0,534,24.0,40.0,3
1020,2025-W41,MID,2025-10-10 14:28:46,2025-10-10 14:30:08,LONG,24683.0,24683.0,REVERSAL,1,2,40.0,193.0,1633,24.0,54.0,7
1021,2025-W41,MID,2025-10-10 14:30:12,2025-10-10 14:33:31,LONG,24677.0,24677.0,REVERSAL,1,2,40.0,193.0,2649,35.0,51.0,11
1022,2025-W41,MID,2025-10-10 14:36:00,2025-10-10 14:37:35,LONG,24648.0,24658.0,REVERSAL,0,1,40.0,196.5,1102,40.0,13.0,5
1023,2025-W41,MID,2025-10-10 14:38:31,2025-10-10 14:38:51,SHORT,24660.5,24650.5,REVERSAL,0,1,40.0,196.5,276,40.0,20.0,2
1024,2025-W41,MID,2025-10-10 14:39:45,2025-10-10 14:40:04,LONG,24648.5,24658.5,REVERSAL,0,1,40.0,196.5,286,40.0,6.0,2
1025,2025-W41,MID,2025-10-10 14:48:20,2025-10-10 14:51:18,LONG,24612.0,24622.0,REVERSAL,0,1,40.0,196.5,3659,40.0,34.0,15
1026,2025-W41,MID,2025-10-10 14:51:53,2025-10-10 14:52:05,LONG,24602.5,24612.5,REVERSAL,0,1,40.0,196.5,220,40.0,0.0,1
1027,2025-W41,MID,2025-10-10 14:52:05,2025-10-10 14:52:27,SHORT,24612.5,24602.5,REVERSAL,0,1,40.0,196.5,503,40.0,4.0,3
1028,2025-W41,MID,2025-10-10 14:54:49,2025-10-10 14:55:18,LONG,24578.5,24588.5,REVERSAL,0,1,40.0,196.5,693,40.0,20.0,3
1029,2025-W41,MID,2025-10-10 14:56:47,2025-10-10 14:59:01,LONG,24590.5,24590.5,REVERSAL,1,2,40.0,193.0,2132,27.0,40.0,9
1030,2025-W41,MID,2025-10-10 15:01:15,2025-10-10 15:02:07,LONG,24605.5,24615.75,REVERSAL,0,1,41.0,201.5,880,41.0,24.0,4
1031,2025-W41,MID,2025-10-10 15:04:51,2025-10-10 15:05:14,SHORT,24621.75,24611.75,REVERSAL,0,1,40.0,196.5,344,40.0,8.0,2
1032,2025-W41,MID,2025-10-10 15:12:02,2025-10-10 15:12:50,LONG,24566.5,24566.5,REVERSAL,1,2,40.0,193.0,1412,20.0,40.0,7
1033,2025-W41,MID,2025-10-10 15:13:21,2025-10-10 15:13:36,SHORT,24582.25,24572.0,REVERSAL,0,1,41.0,201.5,258,41.0,1.0,2
1034,2025-W41,MID,2025-10-10 15:13:57,2025-10-10 15:14:02,LONG,24564.75,24574.75,REVERSAL,0,1,40.0,196.5,117,40.0,4.0,2
1035,2025-W41,MID,2025-10-10 15:16:07,2025-10-10 15:17:58,SHORT,24584.25,24574.25,REVERSAL,0,1,40.0,196.5,1874,40.0,24.0,8
1036,2025-W41,MID,2025-10-10 15:25:18,2025-10-10 15:27:17,LONG,24558.75,24538.75,HARD_STOP,1,2,-120.0,-607.0,2167,27.0,60.0,10
1037,2025-W41,MID,2025-10-10 15:30:12,2025-10-10 15:31:30,SHORT,24539.5,24529.5,REVERSAL,0,1,40.0,196.5,1594,40.0,27.0,7
1038,2025-W41,MID,2025-10-10 15:35:23,2025-10-10 15:36:15,LONG,24494.5,24494.5,REVERSAL,1,2,40.0,193.0,1423,30.0,40.0,6
1039,2025-W41,MID,2025-10-10 15:37:22,2025-10-10 15:38:38,LONG,24482.5,24462.5,HARD_STOP,1,2,-120.0,-607.0,2142,25.0,60.0,9
1040,2025-W41,MID,2025-10-10 15:39:08,2025-10-10 15:39:21,SHORT,24459.75,24449.75,REVERSAL,0,1,40.0,196.5,501,40.0,10.0,3
1041,2025-W41,MID,2025-10-10 15:39:21,2025-10-10 15:39:27,LONG,24449.75,24459.75,REVERSAL,0,1,40.0,196.5,204,40.0,5.0,1
1042,2025-W41,MID,2025-10-10 15:39:27,2025-10-10 15:40:10,SHORT,24459.75,24480.0,HARD_STOP,1,2,-122.0,-617.0,1771,32.0,61.0,8
1043,2025-W41,MID,2025-10-10 15:40:53,2025-10-10 15:41:52,SHORT,24494.0,24514.25,HARD_STOP,1,2,-121.0,-612.0,2178,38.0,60.5,9
1044,2025-W41,MID,2025-10-10 15:42:27,2025-10-10 15:42:47,LONG,24497.0,24507.5,REVERSAL,0,1,42.0,206.5,405,42.0,4.0,2
1045,2025-W41,MID,2025-10-10 15:45:38,2025-10-10 15:46:18,SHORT,24541.5,24531.5,REVERSAL,0,1,40.0,196.5,1301,40.0,20.0,6
1046,2025-W41,MID,2025-10-10 15:47:26,2025-10-10 15:47:44,SHORT,24547.25,24537.25,REVERSAL,0,1,40.0,196.5,454,40.0,0.0,2
1047,2025-W41,MID,2025-10-10 15:48:30,2025-10-10 15:49:30,SHORT,24541.5,24541.5,REVERSAL,1,2,40.0,193.0,1395,20.0,41.0,6
3159,2025-W46,GOOD,2025-11-10 09:31:10,2025-11-10 09:31:15,SHORT,25581.25,25571.25,REVERSAL,0,1,40.0,196.5,429,40.0,14.0,2
3160,2025-W46,GOOD,2025-11-10 09:32:03,2025-11-10 09:32:18,SHORT,25580.0,25570.0,REVERSAL,0,1,40.0,196.5,745,40.0,4.0,3
3161,2025-W46,GOOD,2025-11-10 09:35:52,2025-11-10 09:36:44,SHORT,25598.25,25588.25,REVERSAL,0,1,40.0,196.5,2268,40.0,21.0,10
3162,2025-W46,GOOD,2025-11-10 09:37:51,2025-11-10 09:38:22,SHORT,25602.0,25592.0,REVERSAL,0,1,40.0,196.5,749,40.0,3.0,4
3163,2025-W46,GOOD,2025-11-10 09:42:12,2025-11-10 09:42:28,SHORT,25625.0,25615.0,REVERSAL,0,1,40.0,196.5,752,40.0,11.0,4
3164,2025-W46,GOOD,2025-11-10 09:45:01,2025-11-10 09:47:18,SHORT,25634.0,25634.0,REVERSAL,1,2,40.0,193.0,5112,22.0,40.0,21
3165,2025-W46,GOOD,2025-11-10 09:50:22,2025-11-10 09:51:13,LONG,25593.0,25603.0,REVERSAL,0,1,40.0,196.5,1821,40.0,6.0,8
3166,2025-W46,GOOD,2025-11-10 09:51:46,2025-11-10 09:52:45,SHORT,25611.5,25601.5,REVERSAL,0,1,40.0,196.5,1216,40.0,18.0,5
3167,2025-W46,GOOD,2025-11-10 09:55:14,2025-11-10 09:56:08,SHORT,25613.0,25613.0,REVERSAL,1,2,40.0,193.0,1520,20.0,40.0,7
3168,2025-W46,GOOD,2025-11-10 10:03:49,2025-11-10 10:04:14,LONG,25624.5,25634.5,REVERSAL,0,1,40.0,196.5,426,40.0,13.0,2
3169,2025-W46,GOOD,2025-11-10 10:05:04,2025-11-10 10:05:11,LONG,25631.25,25641.25,REVERSAL,0,1,40.0,196.5,174,40.0,4.0,1
3170,2025-W46,GOOD,2025-11-10 10:05:11,2025-11-10 10:06:48,SHORT,25641.25,25641.0,REVERSAL,1,2,42.0,203.0,1992,27.0,40.0,9
3171,2025-W46,GOOD,2025-11-10 10:09:29,2025-11-10 10:10:00,LONG,25632.5,25642.5,REVERSAL,0,1,40.0,196.5,497,40.0,2.0,2
3172,2025-W46,GOOD,2025-11-10 10:13:31,2025-11-10 10:15:30,LONG,25638.0,25638.0,REVERSAL,1,2,40.0,193.0,2919,37.0,53.0,12
3173,2025-W46,GOOD,2025-11-10 10:16:45,2025-11-10 10:18:08,SHORT,25644.75,25634.75,REVERSAL,0,1,40.0,196.5,1299,40.0,1.0,6
3174,2025-W46,GOOD,2025-11-10 10:22:10,2025-11-10 10:22:53,SHORT,25654.75,25644.75,REVERSAL,0,1,40.0,196.5,577,40.0,1.0,3
3175,2025-W46,GOOD,2025-11-10 10:27:10,2025-11-10 10:28:49,LONG,25654.25,25664.25,REVERSAL,0,1,40.0,196.5,1381,40.0,23.0,6
3176,2025-W46,GOOD,2025-11-10 10:32:15,2025-11-10 10:32:39,LONG,25640.25,25650.25,REVERSAL,0,1,40.0,196.5,363,40.0,9.0,2
3177,2025-W46,GOOD,2025-11-10 10:36:30,2025-11-10 10:37:07,SHORT,25663.0,25652.75,REVERSAL,0,1,41.0,201.5,643,41.0,3.0,3
3178,2025-W46,GOOD,2025-11-10 10:40:47,2025-11-10 10:45:49,LONG,25626.0,25626.0,REVERSAL,1,2,40.0,193.0,5106,29.0,40.0,21
3179,2025-W46,GOOD,2025-11-10 10:47:02,2025-11-10 10:49:29,LONG,25620.5,25600.5,HARD_STOP,1,2,-120.0,-607.0,3578,30.0,60.0,15
3180,2025-W46,GOOD,2025-11-10 10:50:10,2025-11-10 10:50:41,LONG,25596.0,25576.0,HARD_STOP,1,2,-120.0,-607.0,1740,22.0,60.0,7
3181,2025-W46,GOOD,2025-11-10 10:53:16,2025-11-10 10:54:51,LONG,25555.25,25555.75,REVERSAL,1,2,44.0,213.0,3070,22.0,43.0,14
3182,2025-W46,GOOD,2025-11-10 10:56:49,2025-11-10 10:59:15,LONG,25539.25,25519.0,HARD_STOP,1,2,-121.0,-612.0,3831,30.0,60.5,16
3183,2025-W46,GOOD,2025-11-10 10:59:31,2025-11-10 11:00:20,SHORT,25526.5,25516.5,REVERSAL,0,1,40.0,196.5,1839,40.0,8.0,8
3184,2025-W46,GOOD,2025-11-10 11:00:47,2025-11-10 11:00:54,LONG,25494.0,25504.0,REVERSAL,0,1,40.0,196.5,379,40.0,4.0,2
3185,2025-W46,GOOD,2025-11-10 11:02:40,2025-11-10 11:03:14,LONG,25495.5,25505.5,REVERSAL,0,1,40.0,196.5,923,40.0,6.0,4
3186,2025-W46,GOOD,2025-11-10 11:04:46,2025-11-10 11:05:21,LONG,25502.75,25482.75,HARD_STOP,1,2,-120.0,-607.0,1812,16.0,60.0,8
3187,2025-W46,GOOD,2025-11-10 11:09:23,2025-11-10 11:12:06,SHORT,25512.25,25532.25,HARD_STOP,1,2,-120.0,-607.0,3679,32.0,60.0,15
3188,2025-W46,GOOD,2025-11-10 11:12:23,2025-11-10 11:12:59,SHORT,25537.0,25527.0,REVERSAL,0,1,40.0,196.5,1075,40.0,3.0,5
3189,2025-W46,GOOD,2025-11-10 11:13:31,2025-11-10 11:13:53,SHORT,25518.0,25508.0,REVERSAL,0,1,40.0,196.5,363,40.0,4.0,2
3190,2025-W46,GOOD,2025-11-10 11:14:15,2025-11-10 11:14:42,SHORT,25519.25,25509.25,REVERSAL,0,1,40.0,196.5,439,40.0,7.0,2
3191,2025-W46,GOOD,2025-11-10 11:16:03,2025-11-10 11:16:21,SHORT,25522.25,25512.25,REVERSAL,0,1,40.0,196.5,362,40.0,19.0,2
3192,2025-W46,GOOD,2025-11-10 11:16:41,2025-11-10 11:17:07,LONG,25501.0,25511.25,REVERSAL,0,1,41.0,201.5,532,41.0,9.0,3
3193,2025-W46,GOOD,2025-11-10 11:17:07,2025-11-10 11:17:34,SHORT,25511.25,25501.0,REVERSAL,0,1,41.0,201.5,405,41.0,11.0,2
3194,2025-W46,GOOD,2025-11-10 11:21:38,2025-11-10 11:23:24,LONG,25496.5,25496.5,REVERSAL,1,2,40.0,193.0,2860,20.0,58.0,12
3195,2025-W46,GOOD,2025-11-10 11:24:30,2025-11-10 11:24:38,LONG,25483.75,25494.25,REVERSAL,0,1,42.0,206.5,157,42.0,0.0,1
3196,2025-W46,GOOD,2025-11-10 11:24:38,2025-11-10 11:25:31,SHORT,25494.25,25484.0,REVERSAL,0,1,41.0,201.5,632,41.0,1.0,4
3197,2025-W46,GOOD,2025-11-10 11:33:03,2025-11-10 11:34:20,SHORT,25508.75,25498.75,REVERSAL,0,1,40.0,196.5,1324,40.0,34.0,6
3198,2025-W46,GOOD,2025-11-10 11:36:54,2025-11-10 11:37:22,LONG,25482.25,25492.75,REVERSAL,0,1,42.0,206.5,377,42.0,14.0,2
3199,2025-W46,GOOD,2025-11-10 11:37:40,2025-11-10 11:40:00,LONG,25486.75,25486.75,REVERSAL,1,2,40.0,193.0,1867,27.0,40.0,8
3200,2025-W46,GOOD,2025-11-10 11:42:35,2025-11-10 11:43:22,SHORT,25483.25,25473.25,REVERSAL,0,1,40.0,196.5,588,40.0,8.0,3
3201,2025-W46,GOOD,2025-11-10 11:43:52,2025-11-10 11:44:06,LONG,25460.0,25470.5,REVERSAL,0,1,42.0,206.5,296,42.0,2.0,2
3202,2025-W46,GOOD,2025-11-10 11:44:58,2025-11-10 11:46:04,SHORT,25484.5,25474.25,REVERSAL,0,1,41.0,201.5,1527,41.0,24.0,7
3203,2025-W46,GOOD,2025-11-10 11:46:45,2025-11-10 11:47:10,LONG,25462.5,25472.5,REVERSAL,0,1,40.0,196.5,424,40.0,3.0,2
3204,2025-W46,GOOD,2025-11-10 11:47:36,2025-11-10 11:48:15,SHORT,25480.25,25470.25,REVERSAL,0,1,40.0,196.5,687,40.0,21.0,4
3205,2025-W46,GOOD,2025-11-10 11:50:18,2025-11-10 11:50:36,SHORT,25498.75,25488.75,REVERSAL,0,1,40.0,196.5,437,40.0,1.0,2
3206,2025-W46,GOOD,2025-11-10 11:50:56,2025-11-10 11:53:24,LONG,25475.25,25475.25,REVERSAL,1,2,40.0,193.0,2526,33.0,40.0,11
3207,2025-W46,GOOD,2025-11-10 11:55:12,2025-11-10 11:56:46,SHORT,25475.75,25495.75,HARD_STOP,1,2,-120.0,-607.0,1332,39.0,60.0,6
3208,2025-W46,GOOD,2025-11-10 11:58:46,2025-11-10 12:01:10,SHORT,25516.0,25536.0,HARD_STOP,1,2,-120.0,-607.0,3402,24.0,60.0,14
3209,2025-W46,GOOD,2025-11-10 12:01:28,2025-11-10 12:02:50,LONG,25527.25,25537.25,REVERSAL,0,1,40.0,196.5,1305,40.0,3.0,6
3210,2025-W46,GOOD,2025-11-10 12:04:33,2025-11-10 12:05:01,SHORT,25561.0,25551.0,REVERSAL,0,1,40.0,196.5,741,40.0,8.0,3
3211,2025-W46,GOOD,2025-11-10 12:06:15,2025-11-10 12:08:29,SHORT,25571.5,25561.5,REVERSAL,0,1,40.0,196.5,2044,40.0,16.0,9
3212,2025-W46,GOOD,2025-11-10 12:09:41,2025-11-10 12:11:45,LONG,25545.5,25525.5,HARD_STOP,1,2,-120.0,-607.0,2062,24.0,60.0,9
3213,2025-W46,GOOD,2025-11-10 12:12:13,2025-11-10 12:13:52,SHORT,25542.25,25532.25,REVERSAL,0,1,40.0,196.5,1246,40.0,11.0,5
3214,2025-W46,GOOD,2025-11-10 12:22:46,2025-11-10 12:24:05,SHORT,25549.75,25539.75,REVERSAL,0,1,40.0,196.5,819,40.0,18.0,4
3215,2025-W46,GOOD,2025-11-10 12:24:35,2025-11-10 12:25:01,LONG,25530.0,25540.0,REVERSAL,0,1,40.0,196.5,375,40.0,9.0,3
3216,2025-W46,GOOD,2025-11-10 12:38:39,2025-11-10 12:38:58,SHORT,25589.75,25579.75,REVERSAL,0,1,40.0,196.5,383,40.0,1.0,2
3217,2025-W46,GOOD,2025-11-10 12:44:04,2025-11-10 12:50:59,SHORT,25600.75,25620.75,HARD_STOP,1,2,-120.0,-607.0,5200,37.0,60.0,22
3218,2025-W46,GOOD,2025-11-10 12:51:45,2025-11-10 12:52:26,SHORT,25631.5,25621.5,REVERSAL,0,1,40.0,196.5,726,40.0,0.0,3
3219,2025-W46,GOOD,2025-11-10 12:59:52,2025-11-10 13:00:58,LONG,25634.25,25644.25,REVERSAL,0,1,40.0,196.5,1080,40.0,5.0,5
3220,2025-W46,GOOD,2025-11-10 13:16:51,2025-11-10 13:20:43,SHORT,25653.75,25643.75,REVERSAL,0,1,40.0,196.5,2631,40.0,21.0,11
3221,2025-W46,GOOD,2025-11-10 13:26:36,2025-11-10 13:31:08,LONG,25645.0,25645.0,REVERSAL,1,2,40.0,193.0,3337,20.0,45.0,14
3222,2025-W46,GOOD,2025-11-10 14:04:53,2025-11-10 14:10:49,SHORT,25663.75,25663.75,REVERSAL,1,2,40.0,193.0,3165,20.0,40.0,13
3223,2025-W46,GOOD,2025-11-10 14:18:06,2025-11-10 14:28:45,SHORT,25675.25,25695.25,HARD_STOP,1,2,-120.0,-607.0,5859,29.0,60.0,24
3224,2025-W46,GOOD,2025-11-10 14:36:27,2025-11-10 14:39:01,LONG,25682.25,25692.25,REVERSAL,0,1,40.0,196.5,1167,40.0,15.0,6
3225,2025-W46,GOOD,2025-11-10 14:44:31,2025-11-10 14:58:48,SHORT,25702.0,25702.0,REVERSAL,1,2,40.0,193.0,10250,32.0,40.0,42
3226,2025-W46,GOOD,2025-11-10 15:04:02,2025-11-10 15:15:51,SHORT,25708.75,25708.75,REVERSAL,1,2,40.0,193.0,8730,20.0,58.0,36
3227,2025-W46,GOOD,2025-11-10 15:20:03,2025-11-10 15:21:40,SHORT,25714.75,25704.5,REVERSAL,0,1,41.0,201.5,945,41.0,2.0,4
3228,2025-W46,GOOD,2025-11-10 15:30:25,2025-11-10 15:31:57,LONG,25699.5,25709.5,REVERSAL,0,1,40.0,196.5,1286,40.0,6.0,6
3229,2025-W46,GOOD,2025-11-10 15:43:03,2025-11-10 15:49:36,SHORT,25735.75,25755.75,HARD_STOP,1,2,-120.0,-607.0,6179,38.0,60.0,25
3230,2025-W46,GOOD,2025-11-11 09:30:57,2025-11-11 09:31:06,SHORT,25621.5,25611.0,REVERSAL,0,1,42.0,206.5,385,42.0,3.0,3
3231,2025-W46,GOOD,2025-11-11 09:33:05,2025-11-11 09:33:29,SHORT,25630.0,25620.0,REVERSAL,0,1,40.0,196.5,774,40.0,16.0,4
3232,2025-W46,GOOD,2025-11-11 09:37:09,2025-11-11 09:37:31,SHORT,25642.25,25632.25,REVERSAL,0,1,40.0,196.5,994,40.0,15.0,4
3233,2025-W46,GOOD,2025-11-11 09:37:52,2025-11-11 09:38:30,LONG,25611.0,25621.0,REVERSAL,0,1,40.0,196.5,1226,40.0,22.0,5
3234,2025-W46,GOOD,2025-11-11 09:41:41,2025-11-11 09:43:07,LONG,25603.75,25603.75,REVERSAL,1,2,40.0,193.0,2512,25.0,41.0,11
3235,2025-W46,GOOD,2025-11-11 09:43:07,2025-11-11 09:44:16,SHORT,25603.75,25603.75,REVERSAL,1,2,40.0,193.0,1418,35.0,40.0,6
3236,2025-W46,GOOD,2025-11-11 09:46:26,2025-11-11 09:46:39,SHORT,25619.25,25609.25,REVERSAL,0,1,40.0,196.5,331,40.0,23.0,2
3237,2025-W46,GOOD,2025-11-11 09:50:15,2025-11-11 09:50:32,LONG,25572.0,25572.0,REVERSAL,1,2,40.0,193.0,1859,20.0,40.0,8
3238,2025-W46,GOOD,2025-11-11 09:51:38,2025-11-11 09:51:51,LONG,25564.0,25574.0,REVERSAL,0,1,40.0,196.5,456,40.0,13.0,2
3239,2025-W46,GOOD,2025-11-11 09:53:14,2025-11-11 09:54:25,LONG,25570.0,25580.0,REVERSAL,0,1,40.0,196.5,1352,40.0,20.0,6
3240,2025-W46,GOOD,2025-11-11 09:56:25,2025-11-11 09:59:13,SHORT,25612.0,25632.0,HARD_STOP,1,2,-120.0,-607.0,5180,26.0,60.0,21
3241,2025-W46,GOOD,2025-11-11 10:00:09,2025-11-11 10:01:45,LONG,25620.0,25620.0,REVERSAL,1,2,40.0,193.0,2744,20.0,40.0,11
3242,2025-W46,GOOD,2025-11-11 10:03:57,2025-11-11 10:05:47,LONG,25602.25,25582.0,HARD_STOP,1,2,-121.0,-612.0,2870,35.0,60.5,12
3243,2025-W46,GOOD,2025-11-11 10:06:21,2025-11-11 10:06:34,SHORT,25593.25,25583.25,REVERSAL,0,1,40.0,196.5,434,40.0,7.0,2
3244,2025-W46,GOOD,2025-11-11 10:06:51,2025-11-11 10:07:51,LONG,25554.0,25564.0,REVERSAL,0,1,40.0,196.5,2398,40.0,35.0,10
3245,2025-W46,GOOD,2025-11-11 10:09:31,2025-11-11 10:09:43,LONG,25561.5,25572.0,REVERSAL,0,1,42.0,206.5,233,42.0,0.0,1
3246,2025-W46,GOOD,2025-11-11 10:09:43,2025-11-11 10:10:06,SHORT,25572.0,25592.25,HARD_STOP,1,2,-121.0,-612.0,628,9.0,60.5,4
3247,2025-W46,GOOD,2025-11-11 10:10:45,2025-11-11 10:12:04,LONG,25578.75,25588.75,REVERSAL,0,1,40.0,196.5,1473,40.0,32.0,6
3248,2025-W46,GOOD,2025-11-11 10:13:28,2025-11-11 10:14:47,LONG,25568.25,25568.25,REVERSAL,1,2,40.0,193.0,1676,37.0,40.0,7
3249,2025-W46,GOOD,2025-11-11 10:16:24,2025-11-11 10:16:54,SHORT,25568.5,25558.5,REVERSAL,0,1,40.0,196.5,369,40.0,7.0,2
3250,2025-W46,GOOD,2025-11-11 10:18:11,2025-11-11 10:18:36,SHORT,25566.5,25556.0,REVERSAL,0,1,42.0,206.5,453,42.0,17.0,2
3251,2025-W46,GOOD,2025-11-11 10:20:37,2025-11-11 10:21:47,SHORT,25562.5,25552.5,REVERSAL,0,1,40.0,196.5,1358,40.0,17.0,6
3252,2025-W46,GOOD,2025-11-11 10:22:13,2025-11-11 10:22:29,LONG,25548.75,25558.75,REVERSAL,0,1,40.0,196.5,311,40.0,8.0,2
3253,2025-W46,GOOD,2025-11-11 10:22:43,2025-11-11 10:23:00,SHORT,25569.25,25559.25,REVERSAL,0,1,40.0,196.5,415,40.0,12.0,2
3254,2025-W46,GOOD,2025-11-11 10:23:34,2025-11-11 10:25:36,SHORT,25558.0,25578.0,HARD_STOP,1,2,-120.0,-607.0,1893,30.0,60.0,8
3255,2025-W46,GOOD,2025-11-11 10:28:48,2025-11-11 10:28:54,LONG,25536.0,25546.0,REVERSAL,0,1,40.0,196.5,315,40.0,12.0,2
3256,2025-W46,GOOD,2025-11-11 10:30:00,2025-11-11 10:30:27,LONG,25543.5,25543.75,REVERSAL,1,2,42.0,203.0,879,21.0,40.0,5
3257,2025-W46,GOOD,2025-11-11 10:30:51,2025-11-11 10:32:14,SHORT,25550.75,25540.75,REVERSAL,0,1,40.0,196.5,1523,40.0,9.0,7
3258,2025-W46,GOOD,2025-11-11 10:33:46,2025-11-11 10:34:40,LONG,25517.0,25517.0,REVERSAL,1,2,40.0,193.0,1445,20.0,40.0,7
3259,2025-W46,GOOD,2025-11-11 10:36:17,2025-11-11 10:36:38,SHORT,25512.5,25502.25,REVERSAL,0,1,41.0,201.5,407,41.0,4.0,3
3260,2025-W46,GOOD,2025-11-11 10:36:38,2025-11-11 10:37:08,LONG,25502.25,25512.25,REVERSAL,0,1,40.0,196.5,734,40.0,8.0,3
3261,2025-W46,GOOD,2025-11-11 10:38:13,2025-11-11 10:39:17,SHORT,25517.0,25507.0,REVERSAL,0,1,40.0,196.5,1162,40.0,26.0,5
3262,2025-W46,GOOD,2025-11-11 10:40:05,2025-11-11 10:40:16,SHORT,25525.5,25515.5,REVERSAL,0,1,40.0,196.5,382,40.0,5.0,2
3263,2025-W46,GOOD,2025-11-11 10:40:31,2025-11-11 10:41:51,SHORT,25522.5,25542.75,HARD_STOP,1,2,-122.0,-617.0,2080,16.0,61.0,10
3264,2025-W46,GOOD,2025-11-11 10:45:08,2025-11-11 10:45:38,SHORT,25542.75,25532.75,REVERSAL,0,1,40.0,196.5,587,40.0,19.0,3
3265,2025-W46,GOOD,2025-11-11 10:46:30,2025-11-11 10:48:01,LONG,25518.75,25518.5,REVERSAL,1,2,39.0,188.0,1804,23.0,41.0,8
3266,2025-W46,GOOD,2025-11-11 10:50:18,2025-11-11 10:50:52,LONG,25506.75,25516.75,REVERSAL,0,1,40.0,196.5,421,40.0,8.0,2
3267,2025-W46,GOOD,2025-11-11 10:51:59,2025-11-11 10:52:27,SHORT,25507.75,25497.75,REVERSAL,0,1,40.0,196.5,517,40.0,8.0,3
3268,2025-W46,GOOD,2025-11-11 10:56:51,2025-11-11 10:59:10,SHORT,25496.75,25516.75,HARD_STOP,1,2,-120.0,-607.0,2684,32.0,60.0,11
3269,2025-W46,GOOD,2025-11-11 11:00:15,2025-11-11 11:03:09,SHORT,25521.25,25541.25,HARD_STOP,1,2,-120.0,-607.0,3469,36.0,60.0,14
3270,2025-W46,GOOD,2025-11-11 11:05:48,2025-11-11 11:06:16,SHORT,25532.75,25522.75,REVERSAL,0,1,40.0,196.5,491,40.0,6.0,2
3271,2025-W46,GOOD,2025-11-11 11:06:28,2025-11-11 11:07:29,LONG,25516.0,25526.0,REVERSAL,0,1,40.0,196.5,945,40.0,9.0,4
3272,2025-W46,GOOD,2025-11-11 11:09:48,2025-11-11 11:10:05,LONG,25508.75,25518.75,REVERSAL,0,1,40.0,196.5,349,40.0,7.0,2
3273,2025-W46,GOOD,2025-11-11 11:13:54,2025-11-11 11:15:39,LONG,25520.0,25530.0,REVERSAL,0,1,40.0,196.5,1326,40.0,23.0,6
3274,2025-W46,GOOD,2025-11-11 11:16:43,2025-11-11 11:17:40,LONG,25524.5,25534.5,REVERSAL,0,1,40.0,196.5,658,40.0,14.0,3
3275,2025-W46,GOOD,2025-11-11 11:21:30,2025-11-11 11:23:39,SHORT,25561.5,25581.5,HARD_STOP,1,2,-120.0,-607.0,2650,8.0,60.0,11
3276,2025-W46,GOOD,2025-11-11 11:29:05,2025-11-11 11:30:21,LONG,25514.75,25494.5,HARD_STOP,1,2,-122.0,-617.0,2605,19.0,61.0,11
3277,2025-W46,GOOD,2025-11-11 11:30:42,2025-11-11 11:33:39,SHORT,25496.0,25516.0,HARD_STOP,1,2,-120.0,-607.0,4084,25.0,60.0,17
3278,2025-W46,GOOD,2025-11-11 11:35:06,2025-11-11 11:36:30,LONG,25515.5,25525.5,REVERSAL,0,1,40.0,196.5,1234,40.0,29.0,5
3279,2025-W46,GOOD,2025-11-11 11:36:45,2025-11-11 11:37:09,SHORT,25535.25,25525.25,REVERSAL,0,1,40.0,196.5,552,40.0,2.0,3
3280,2025-W46,GOOD,2025-11-11 11:42:09,2025-11-11 11:44:13,SHORT,25520.5,25520.5,REVERSAL,1,2,40.0,193.0,1818,20.0,40.0,8
3281,2025-W46,GOOD,2025-11-11 11:44:49,2025-11-11 11:45:25,LONG,25512.75,25522.75,REVERSAL,0,1,40.0,196.5,556,40.0,2.0,3
3282,2025-W46,GOOD,2025-11-11 11:45:43,2025-11-11 11:46:44,LONG,25515.75,25525.75,REVERSAL,0,1,40.0,196.5,728,40.0,22.0,4
3283,2025-W46,GOOD,2025-11-11 11:50:44,2025-11-11 11:51:00,LONG,25509.25,25519.25,REVERSAL,0,1,40.0,196.5,334,40.0,5.0,2
3284,2025-W46,GOOD,2025-11-11 11:51:49,2025-11-11 11:52:17,SHORT,25529.25,25519.25,REVERSAL,0,1,40.0,196.5,230,40.0,2.0,1
3285,2025-W46,GOOD,2025-11-11 11:52:17,2025-11-11 11:53:19,LONG,25519.25,25529.25,REVERSAL,0,1,40.0,196.5,471,40.0,6.0,3
3286,2025-W46,GOOD,2025-11-11 11:57:46,2025-11-11 12:00:19,LONG,25511.75,25522.0,REVERSAL,0,1,41.0,201.5,1673,41.0,32.0,7
3287,2025-W46,GOOD,2025-11-11 12:03:56,2025-11-11 12:05:38,SHORT,25534.5,25554.5,HARD_STOP,1,2,-120.0,-607.0,1653,25.0,60.0,7
3288,2025-W46,GOOD,2025-11-11 12:07:10,2025-11-11 12:09:16,LONG,25561.0,25561.0,REVERSAL,1,2,40.0,193.0,2209,29.0,40.0,9
3289,2025-W46,GOOD,2025-11-11 12:16:35,2025-11-11 12:20:59,SHORT,25574.0,25594.5,HARD_STOP,1,2,-123.0,-622.0,2920,20.0,61.5,13
3290,2025-W46,GOOD,2025-11-11 12:21:04,2025-11-11 12:22:24,LONG,25588.75,25588.75,REVERSAL,1,2,40.0,193.0,1224,20.0,40.0,6
3291,2025-W46,GOOD,2025-11-11 12:34:44,2025-11-11 12:35:54,SHORT,25575.25,25565.25,REVERSAL,0,1,40.0,196.5,498,40.0,3.0,2
3292,2025-W46,GOOD,2025-11-11 12:36:12,2025-11-11 12:48:25,SHORT,25571.5,25591.5,HARD_STOP,1,2,-120.0,-607.0,5600,36.0,60.0,24
3293,2025-W46,GOOD,2025-11-11 12:50:21,2025-11-11 12:50:35,LONG,25587.0,25597.0,REVERSAL,0,1,40.0,196.5,302,40.0,1.0,2
3294,2025-W46,GOOD,2025-11-11 12:52:49,2025-11-11 12:54:48,SHORT,25612.75,25612.75,REVERSAL,1,2,40.0,193.0,2609,20.0,40.0,11
3295,2025-W46,GOOD,2025-11-11 12:55:42,2025-11-11 12:58:50,SHORT,25628.25,25618.25,REVERSAL,0,1,40.0,196.5,2227,40.0,12.0,9
3296,2025-W46,GOOD,2025-11-11 13:03:11,2025-11-11 13:03:54,LONG,25611.75,25621.75,REVERSAL,0,1,40.0,196.5,551,40.0,8.0,3
3297,2025-W46,GOOD,2025-11-11 13:12:01,2025-11-11 13:12:59,LONG,25625.75,25635.75,REVERSAL,0,1,40.0,196.5,308,40.0,3.0,2
3298,2025-W46,GOOD,2025-11-11 13:14:18,2025-11-11 13:16:57,LONG,25630.0,25640.0,REVERSAL,0,1,40.0,196.5,1335,40.0,25.0,7
3299,2025-W46,GOOD,2025-11-11 13:21:03,2025-11-11 13:22:06,SHORT,25669.5,25659.5,REVERSAL,0,1,40.0,196.5,1026,40.0,9.0,5
3300,2025-W46,GOOD,2025-11-11 13:23:32,2025-11-11 13:25:47,LONG,25654.75,25634.75,HARD_STOP,1,2,-120.0,-607.0,2352,21.0,60.0,10
3301,2025-W46,GOOD,2025-11-11 13:34:36,2025-11-11 13:36:31,LONG,25633.75,25613.75,HARD_STOP,1,2,-120.0,-607.0,1201,18.0,60.0,5
3302,2025-W46,GOOD,2025-11-11 13:38:22,2025-11-11 13:41:07,SHORT,25627.75,25647.75,HARD_STOP,1,2,-120.0,-607.0,2194,35.0,60.0,9
3303,2025-W46,GOOD,2025-11-11 13:43:26,2025-11-11 13:45:04,LONG,25646.25,25656.25,REVERSAL,0,1,40.0,196.5,805,40.0,1.0,4
3304,2025-W46,GOOD,2025-11-11 13:46:25,2025-11-11 13:48:11,SHORT,25665.75,25655.75,REVERSAL,0,1,40.0,196.5,1115,40.0,20.0,5
3305,2025-W46,GOOD,2025-11-11 13:53:49,2025-11-11 13:54:25,SHORT,25681.25,25671.25,REVERSAL,0,1,40.0,196.5,407,40.0,2.0,2
3306,2025-W46,GOOD,2025-11-11 13:58:48,2025-11-11 14:00:21,SHORT,25694.5,25684.5,REVERSAL,0,1,40.0,196.5,1026,40.0,7.0,5
3307,2025-W46,GOOD,2025-11-11 14:08:31,2025-11-11 14:09:17,SHORT,25661.75,25651.75,REVERSAL,0,1,40.0,196.5,459,40.0,3.0,3
3308,2025-W46,GOOD,2025-11-11 14:20:43,2025-11-11 14:21:26,SHORT,25665.75,25655.75,REVERSAL,0,1,40.0,196.5,266,40.0,1.0,2
3309,2025-W46,GOOD,2025-11-11 14:27:44,2025-11-11 14:35:09,SHORT,25670.75,25660.75,REVERSAL,0,1,40.0,196.5,3475,40.0,18.0,14
3310,2025-W46,GOOD,2025-11-11 14:37:29,2025-11-11 14:39:22,SHORT,25667.75,25657.5,REVERSAL,0,1,41.0,201.5,667,41.0,5.0,3
3311,2025-W46,GOOD,2025-11-11 14:40:53,2025-11-11 14:42:13,LONG,25651.5,25661.5,REVERSAL,0,1,40.0,196.5,473,40.0,2.0,2
3312,2025-W46,GOOD,2025-11-11 14:47:20,2025-11-11 14:50:25,SHORT,25663.0,25662.75,REVERSAL,1,2,42.0,203.0,1619,21.0,40.0,7
3313,2025-W46,GOOD,2025-11-11 14:50:25,2025-11-11 14:55:31,LONG,25662.75,25672.75,REVERSAL,0,1,40.0,196.5,1459,40.0,6.0,7
3314,2025-W46,GOOD,2025-11-11 14:56:43,2025-11-11 15:01:14,LONG,25669.25,25669.25,REVERSAL,1,2,40.0,193.0,2126,20.0,40.0,10
3315,2025-W46,GOOD,2025-11-11 15:04:46,2025-11-11 15:17:20,SHORT,25672.75,25662.75,REVERSAL,0,1,40.0,196.5,4689,40.0,38.0,20
3316,2025-W46,GOOD,2025-11-11 15:27:08,2025-11-11 15:27:40,LONG,25652.75,25663.0,REVERSAL,0,1,41.0,201.5,305,41.0,2.0,2
3317,2025-W46,GOOD,2025-11-11 15:33:24,2025-11-11 15:34:23,SHORT,25667.75,25657.75,REVERSAL,0,1,40.0,196.5,513,40.0,4.0,3
3318,2025-W46,GOOD,2025-11-11 15:40:02,2025-11-11 15:40:35,LONG,25646.75,25656.75,REVERSAL,0,1,40.0,196.5,289,40.0,0.0,2
3319,2025-W46,GOOD,2025-11-11 15:42:21,2025-11-11 15:42:50,LONG,25650.0,25660.0,REVERSAL,0,1,40.0,196.5,263,40.0,6.0,2
3320,2025-W46,GOOD,2025-11-11 15:46:43,2025-11-11 15:49:50,LONG,25653.25,25654.75,EOD_FLATTEN,0,1,6.0,26.5,1361,35.0,7.0,6
3321,2025-W46,GOOD,2025-11-12 09:30:49,2025-11-12 09:31:16,LONG,25735.25,25715.25,HARD_STOP,1,2,-120.0,-607.0,2486,29.0,60.0,10
3322,2025-W46,GOOD,2025-11-12 09:32:02,2025-11-12 09:32:04,LONG,25693.0,25703.0,REVERSAL,0,1,40.0,196.5,157,40.0,0.0,1
3323,2025-W46,GOOD,2025-11-12 09:32:04,2025-11-12 09:32:29,SHORT,25703.0,25693.0,REVERSAL,0,1,40.0,196.5,1201,40.0,7.0,6
3324,2025-W46,GOOD,2025-11-12 09:33:10,2025-11-12 09:33:43,SHORT,25706.25,25696.25,REVERSAL,0,1,40.0,196.5,1523,40.0,28.0,7
3325,2025-W46,GOOD,2025-11-12 09:34:46,2025-11-12 09:35:12,LONG,25677.75,25687.75,REVERSAL,0,1,40.0,196.5,1219,40.0,21.0,5
3326,2025-W46,GOOD,2025-11-12 09:37:22,2025-11-12 09:37:31,SHORT,25692.25,25682.25,REVERSAL,0,1,40.0,196.5,466,40.0,4.0,2
3327,2025-W46,GOOD,2025-11-12 09:39:50,2025-11-12 09:40:08,LONG,25676.0,25686.25,REVERSAL,0,1,41.0,201.5,663,41.0,9.0,3
3328,2025-W46,GOOD,2025-11-12 09:41:04,2025-11-12 09:41:59,LONG,25659.75,25659.75,REVERSAL,1,2,40.0,193.0,2668,39.0,40.0,11
3329,2025-W46,GOOD,2025-11-12 09:44:42,2025-11-12 09:45:13,LONG,25639.25,25649.25,REVERSAL,0,1,40.0,196.5,1148,40.0,8.0,5
3330,2025-W46,GOOD,2025-11-12 09:46:37,2025-11-12 09:46:42,LONG,25633.5,25634.75,REVERSAL,1,2,50.0,243.0,710,28.0,40.0,3
3331,2025-W46,GOOD,2025-11-12 09:48:58,2025-11-12 09:50:37,LONG,25584.25,25584.25,REVERSAL,1,2,40.0,193.0,3787,27.0,48.0,16
3332,2025-W46,GOOD,2025-11-12 09:51:01,2025-11-12 09:52:55,LONG,25593.5,25593.75,REVERSAL,1,2,42.0,203.0,2837,34.0,40.0,12
3333,2025-W46,GOOD,2025-11-12 09:53:47,2025-11-12 09:54:11,SHORT,25612.5,25602.25,REVERSAL,0,1,41.0,201.5,1066,41.0,16.0,5
3334,2025-W46,GOOD,2025-11-12 09:54:11,2025-11-12 09:55:06,LONG,25602.25,25582.0,HARD_STOP,1,2,-120.0,-607.0,1818,38.0,60.0,8
3335,2025-W46,GOOD,2025-11-12 09:55:18,2025-11-12 09:56:00,LONG,25575.5,25575.25,REVERSAL,1,2,39.0,188.0,2171,26.0,41.0,9
3336,2025-W46,GOOD,2025-11-12 09:56:40,2025-11-12 09:56:56,LONG,25568.5,25578.5,REVERSAL,0,1,40.0,196.5,312,40.0,6.0,2
3337,2025-W46,GOOD,2025-11-12 09:57:09,2025-11-12 09:58:01,LONG,25575.5,25575.5,REVERSAL,1,2,40.0,193.0,1310,20.0,40.0,7
3338,2025-W46,GOOD,2025-11-12 09:58:52,2025-11-12 09:59:18,SHORT,25597.75,25587.75,REVERSAL,0,1,40.0,196.5,1025,40.0,17.0,5
3339,2025-W46,GOOD,2025-11-12 10:02:09,2025-11-12 10:04:11,SHORT,25612.75,25632.75,HARD_STOP,1,2,-120.0,-607.0,3000,20.0,60.0,13
3340,2025-W46,GOOD,2025-11-12 10:07:04,2025-11-12 10:08:15,SHORT,25629.5,25649.5,HARD_STOP,1,2,-120.0,-607.0,1682,23.0,60.0,7
3341,2025-W46,GOOD,2025-11-12 10:11:20,2025-11-12 10:12:34,LONG,25646.0,25626.0,HARD_STOP,1,2,-120.0,-607.0,2031,33.0,60.0,9
3342,2025-W46,GOOD,2025-11-12 10:13:03,2025-11-12 10:13:17,SHORT,25621.25,25611.25,REVERSAL,0,1,40.0,196.5,439,40.0,5.0,2
3343,2025-W46,GOOD,2025-11-12 10:13:32,2025-11-12 10:15:32,LONG,25594.0,25594.0,REVERSAL,1,2,40.0,193.0,3845,28.0,40.0,16
3344,2025-W46,GOOD,2025-11-12 10:15:42,2025-11-12 10:16:09,LONG,25587.75,25597.75,REVERSAL,0,1,40.0,196.5,700,40.0,18.0,4
3345,2025-W46,GOOD,2025-11-12 10:16:19,2025-11-12 10:16:36,LONG,25588.25,25599.0,REVERSAL,0,1,43.0,211.5,332,43.0,4.0,2
3346,2025-W46,GOOD,2025-11-12 10:17:02,2025-11-12 10:18:19,SHORT,25605.25,25595.25,REVERSAL,0,1,40.0,196.5,1961,40.0,34.0,9
3347,2025-W46,GOOD,2025-11-12 10:25:19,2025-11-12 10:25:30,LONG,25592.25,25602.25,REVERSAL,0,1,40.0,196.5,265,40.0,5.0,2
3348,2025-W46,GOOD,2025-11-12 10:25:58,2025-11-12 10:26:18,LONG,25592.25,25602.25,REVERSAL,0,1,40.0,196.5,360,40.0,6.0,2
3349,2025-W46,GOOD,2025-11-12 10:27:44,2025-11-12 10:28:17,LONG,25596.0,25606.5,REVERSAL,0,1,42.0,206.5,413,42.0,15.0,2
3350,2025-W46,GOOD,2025-11-12 10:29:28,2025-11-12 10:29:50,SHORT,25626.5,25616.5,REVERSAL,0,1,40.0,196.5,492,40.0,7.0,2
3351,2025-W46,GOOD,2025-11-12 10:35:25,2025-11-12 10:36:07,LONG,25579.25,25559.25,HARD_STOP,1,2,-120.0,-607.0,1233,5.0,60.0,6
3352,2025-W46,GOOD,2025-11-12 10:40:40,2025-11-12 10:42:52,SHORT,25586.5,25586.5,REVERSAL,1,2,40.0,193.0,2699,33.0,48.0,11
3353,2025-W46,GOOD,2025-11-12 10:43:21,2025-11-12 10:43:46,SHORT,25597.25,25587.25,REVERSAL,0,1,40.0,196.5,412,40.0,0.0,2
3354,2025-W46,GOOD,2025-11-12 10:45:12,2025-11-12 10:46:14,SHORT,25601.75,25591.75,REVERSAL,0,1,40.0,196.5,1547,40.0,35.0,7
3355,2025-W46,GOOD,2025-11-12 10:48:13,2025-11-12 10:49:05,SHORT,25582.0,25572.0,REVERSAL,0,1,40.0,196.5,1035,40.0,30.0,5
3356,2025-W46,GOOD,2025-11-12 10:50:04,2025-11-12 10:50:23,SHORT,25577.5,25567.5,REVERSAL,0,1,40.0,196.5,423,40.0,4.0,2
3357,2025-W46,GOOD,2025-11-12 11:00:36,2025-11-12 11:00:44,SHORT,25560.25,25550.25,REVERSAL,0,1,40.0,196.5,182,40.0,4.0,1
3358,2025-W46,GOOD,2025-11-12 11:00:44,2025-11-12 11:01:54,LONG,25550.25,25550.25,REVERSAL,1,2,40.0,193.0,1450,30.0,40.0,7
3359,2025-W46,GOOD,2025-11-12 11:02:54,2025-11-12 11:03:32,SHORT,25565.75,25555.75,REVERSAL,0,1,40.0,196.5,630,40.0,13.0,3
3360,2025-W46,GOOD,2025-11-12 11:10:16,2025-11-12 11:10:53,LONG,25534.75,25514.75,HARD_STOP,1,2,-120.0,-607.0,1555,32.0,60.0,7
3361,2025-W46,GOOD,2025-11-12 11:12:00,2025-11-12 11:13:14,LONG,25504.0,25514.0,REVERSAL,0,1,40.0,196.5,2327,40.0,12.0,10
3362,2025-W46,GOOD,2025-11-12 11:14:27,2025-11-12 11:14:51,LONG,25498.75,25508.75,REVERSAL,0,1,40.0,196.5,491,40.0,0.0,3
3363,2025-W46,GOOD,2025-11-12 11:15:22,2025-11-12 11:18:14,SHORT,25530.0,25530.0,REVERSAL,1,2,40.0,193.0,4273,22.0,53.0,18
3364,2025-W46,GOOD,2025-11-12 11:18:34,2025-11-12 11:20:59,SHORT,25536.25,25536.25,REVERSAL,1,2,40.0,193.0,2106,33.0,43.0,10
3365,2025-W46,GOOD,2025-11-12 11:20:59,2025-11-12 11:21:37,LONG,25536.25,25546.5,REVERSAL,0,1,41.0,201.5,732,41.0,20.0,4
3366,2025-W46,GOOD,2025-11-12 11:22:53,2025-11-12 11:24:16,SHORT,25548.25,25538.25,REVERSAL,0,1,40.0,196.5,960,40.0,11.0,4
3367,2025-W46,GOOD,2025-11-12 11:28:01,2025-11-12 11:29:51,SHORT,25562.75,25582.75,HARD_STOP,1,2,-120.0,-607.0,2698,37.0,60.0,11
3368,2025-W46,GOOD,2025-11-12 11:33:35,2025-11-12 11:34:22,SHORT,25590.5,25580.5,REVERSAL,0,1,40.0,196.5,1282,40.0,18.0,6
3369,2025-W46,GOOD,2025-11-12 11:34:39,2025-11-12 11:37:23,SHORT,25579.5,25599.5,HARD_STOP,1,2,-120.0,-607.0,2817,29.0,60.0,12
3370,2025-W46,GOOD,2025-11-12 11:43:00,2025-11-12 11:45:21,LONG,25564.0,25564.0,REVERSAL,1,2,40.0,193.0,2113,20.0,49.0,9
3371,2025-W46,GOOD,2025-11-12 11:47:21,2025-11-12 11:48:15,LONG,25524.0,25504.0,HARD_STOP,1,2,-120.0,-607.0,1770,20.0,60.0,8
3372,2025-W46,GOOD,2025-11-12 11:50:20,2025-11-12 11:52:35,SHORT,25524.5,25544.75,HARD_STOP,1,2,-122.0,-617.0,3819,36.0,61.0,16
3373,2025-W46,GOOD,2025-11-12 11:54:02,2025-11-12 11:54:39,SHORT,25531.5,25521.5,REVERSAL,0,1,40.0,196.5,477,40.0,5.0,2
3374,2025-W46,GOOD,2025-11-12 11:55:05,2025-11-12 11:56:43,SHORT,25524.5,25544.5,HARD_STOP,1,2,-120.0,-607.0,1911,24.0,60.0,9
3375,2025-W46,GOOD,2025-11-12 11:57:15,2025-11-12 11:57:41,LONG,25542.75,25552.75,REVERSAL,0,1,40.0,196.5,470,40.0,4.0,2
3376,2025-W46,GOOD,2025-11-12 12:05:14,2025-11-12 12:05:43,SHORT,25548.75,25538.75,REVERSAL,0,1,40.0,196.5,647,40.0,12.0,3
3377,2025-W46,GOOD,2025-11-12 12:10:11,2025-11-12 12:10:27,LONG,25522.0,25532.0,REVERSAL,0,1,40.0,196.5,374,40.0,1.0,2
3378,2025-W46,GOOD,2025-11-12 12:12:07,2025-11-12 12:12:57,SHORT,25553.25,25543.25,REVERSAL,0,1,40.0,196.5,712,40.0,5.0,3
3379,2025-W46,GOOD,2025-11-12 12:13:12,2025-11-12 12:15:35,SHORT,25551.75,25571.75,HARD_STOP,1,2,-120.0,-607.0,1957,25.0,60.0,9
3380,2025-W46,GOOD,2025-11-12 12:16:33,2025-11-12 12:17:21,LONG,25553.0,25533.0,HARD_STOP,1,2,-120.0,-607.0,1093,21.0,60.0,5
3381,2025-W46,GOOD,2025-11-12 12:18:21,2025-11-12 12:18:53,SHORT,25534.0,25524.0,REVERSAL,0,1,40.0,196.5,495,40.0,10.0,3
3382,2025-W46,GOOD,2025-11-12 12:18:53,2025-11-12 12:19:10,LONG,25524.0,25534.0,REVERSAL,0,1,40.0,196.5,364,40.0,14.0,2
3383,2025-W46,GOOD,2025-11-12 12:24:35,2025-11-12 12:26:04,SHORT,25556.0,25556.0,REVERSAL,1,2,40.0,193.0,1143,20.0,40.0,5
3384,2025-W46,GOOD,2025-11-12 12:26:11,2025-11-12 12:26:20,LONG,25544.0,25554.0,REVERSAL,0,1,40.0,196.5,180,40.0,7.0,1
3385,2025-W46,GOOD,2025-11-12 12:26:20,2025-11-12 12:27:44,SHORT,25554.0,25544.0,REVERSAL,0,1,40.0,196.5,904,40.0,28.0,5
3386,2025-W46,GOOD,2025-11-12 12:34:38,2025-11-12 12:36:55,SHORT,25565.25,25585.25,HARD_STOP,1,2,-120.0,-607.0,2108,0.0,60.0,9
3387,2025-W46,GOOD,2025-11-12 12:39:08,2025-11-12 12:39:37,SHORT,25615.75,25605.5,REVERSAL,0,1,41.0,201.5,662,41.0,0.0,3
3388,2025-W46,GOOD,2025-11-12 12:40:07,2025-11-12 12:41:41,SHORT,25618.25,25618.25,REVERSAL,1,2,40.0,193.0,1868,20.0,40.0,8
3389,2025-W46,GOOD,2025-11-12 12:51:39,2025-11-12 12:51:49,LONG,25555.5,25565.5,REVERSAL,0,1,40.0,196.5,141,40.0,3.0,1
3390,2025-W46,GOOD,2025-11-12 12:51:49,2025-11-12 12:53:41,SHORT,25565.5,25566.25,REVERSAL,1,2,37.0,178.0,1668,18.5,45.5,8
3391,2025-W46,GOOD,2025-11-12 12:55:09,2025-11-12 12:55:24,SHORT,25579.5,25569.0,REVERSAL,0,1,42.0,206.5,207,42.0,3.0,1
3392,2025-W46,GOOD,2025-11-12 12:55:24,2025-11-12 12:55:40,LONG,25569.0,25579.0,REVERSAL,0,1,40.0,196.5,223,40.0,12.0,2
3393,2025-W46,GOOD,2025-11-12 12:57:20,2025-11-12 12:57:36,SHORT,25594.5,25584.5,REVERSAL,0,1,40.0,196.5,437,40.0,2.0,2
3394,2025-W46,GOOD,2025-11-12 12:58:37,2025-11-12 13:00:20,SHORT,25614.0,25604.0,REVERSAL,0,1,40.0,196.5,1543,40.0,13.0,7
3395,2025-W46,GOOD,2025-11-12 13:04:17,2025-11-12 13:04:31,LONG,25605.0,25615.0,REVERSAL,0,1,40.0,196.5,201,40.0,1.0,1
3396,2025-W46,GOOD,2025-11-12 13:04:31,2025-11-12 13:05:12,SHORT,25615.0,25605.0,REVERSAL,0,1,40.0,196.5,360,40.0,0.0,3
3397,2025-W46,GOOD,2025-11-12 13:10:36,2025-11-12 13:11:22,SHORT,25598.25,25588.25,REVERSAL,0,1,40.0,196.5,700,40.0,9.0,3
3398,2025-W46,GOOD,2025-11-12 13:15:47,2025-11-12 13:16:55,SHORT,25617.5,25607.5,REVERSAL,0,1,40.0,196.5,783,40.0,11.0,4
3399,2025-W46,GOOD,2025-11-12 13:16:55,2025-11-12 13:17:06,LONG,25607.5,25617.5,REVERSAL,0,1,40.0,196.5,175,40.0,0.0,1
3400,2025-W46,GOOD,2025-11-12 13:17:06,2025-11-12 13:17:44,SHORT,25617.5,25617.5,REVERSAL,1,2,40.0,193.0,854,20.0,40.0,5
3401,2025-W46,GOOD,2025-11-12 13:19:31,2025-11-12 13:20:12,SHORT,25624.75,25614.75,REVERSAL,0,1,40.0,196.5,384,40.0,3.0,2
3402,2025-W46,GOOD,2025-11-12 13:24:01,2025-11-12 13:27:37,SHORT,25611.0,25601.0,REVERSAL,0,1,40.0,196.5,2151,40.0,37.0,9
3403,2025-W46,GOOD,2025-11-12 13:29:59,2025-11-12 13:32:16,SHORT,25610.25,25610.25,REVERSAL,1,2,40.0,193.0,1740,24.0,40.0,8
3404,2025-W46,GOOD,2025-11-12 13:36:29,2025-11-12 13:37:44,LONG,25606.5,25616.5,REVERSAL,0,1,40.0,196.5,509,40.0,10.0,3
3405,2025-W46,GOOD,2025-11-12 13:44:26,2025-11-12 13:47:21,LONG,25611.0,25591.0,HARD_STOP,1,2,-120.0,-607.0,2969,20.0,60.0,12
3406,2025-W46,GOOD,2025-11-12 13:51:38,2025-11-12 13:53:58,SHORT,25613.25,25603.25,REVERSAL,0,1,40.0,196.5,1259,40.0,20.0,6
3407,2025-W46,GOOD,2025-11-12 13:53:58,2025-11-12 13:55:13,LONG,25603.25,25613.25,REVERSAL,0,1,40.0,196.5,332,40.0,0.0,2
3408,2025-W46,GOOD,2025-11-12 14:02:39,2025-11-12 14:04:17,SHORT,25614.25,25614.25,REVERSAL,1,2,40.0,193.0,1117,23.0,40.0,5
3409,2025-W46,GOOD,2025-11-12 14:07:32,2025-11-12 14:08:14,LONG,25592.0,25602.25,REVERSAL,0,1,41.0,201.5,404,41.0,1.0,2
3410,2025-W46,GOOD,2025-11-12 14:10:49,2025-11-12 14:11:38,SHORT,25611.25,25601.25,REVERSAL,0,1,40.0,196.5,405,40.0,5.0,2
3411,2025-W46,GOOD,2025-11-12 14:16:28,2025-11-12 14:19:09,LONG,25592.5,25592.5,REVERSAL,1,2,40.0,193.0,1567,20.0,40.0,7
3412,2025-W46,GOOD,2025-11-12 14:22:38,2025-11-12 14:23:27,LONG,25587.25,25597.25,REVERSAL,0,1,40.0,196.5,528,40.0,12.0,3
3413,2025-W46,GOOD,2025-11-12 14:23:38,2025-11-12 14:25:17,LONG,25587.5,25597.5,REVERSAL,0,1,40.0,196.5,691,40.0,5.0,4
3414,2025-W46,GOOD,2025-11-12 14:26:10,2025-11-12 14:26:53,LONG,25594.5,25604.75,REVERSAL,0,1,41.0,201.5,266,41.0,2.0,2
3415,2025-W46,GOOD,2025-11-12 14:30:10,2025-11-12 14:33:02,LONG,25579.5,25559.5,HARD_STOP,1,2,-120.0,-607.0,3097,4.0,60.0,14
3416,2025-W46,GOOD,2025-11-12 14:37:27,2025-11-12 14:40:11,SHORT,25591.0,25581.0,REVERSAL,0,1,40.0,196.5,1431,40.0,8.0,6
3417,2025-W46,GOOD,2025-11-12 14:44:43,2025-11-12 14:48:11,SHORT,25586.0,25586.0,REVERSAL,1,2,40.0,193.0,1702,30.0,40.0,7
3418,2025-W46,GOOD,2025-11-12 14:50:31,2025-11-12 14:51:07,LONG,25573.75,25583.75,REVERSAL,0,1,40.0,196.5,343,40.0,4.0,2
3419,2025-W46,GOOD,2025-11-12 15:00:00,2025-11-12 15:01:51,LONG,25578.75,25558.75,HARD_STOP,1,2,-120.0,-607.0,1544,20.0,60.0,7
3420,2025-W46,GOOD,2025-11-12 15:04:40,2025-11-12 15:05:07,SHORT,25572.0,25562.0,REVERSAL,0,1,40.0,196.5,350,40.0,14.0,2
3421,2025-W46,GOOD,2025-11-12 15:07:34,2025-11-12 15:11:16,SHORT,25564.0,25554.0,REVERSAL,0,1,40.0,196.5,1782,40.0,12.0,8
3422,2025-W46,GOOD,2025-11-12 15:16:11,2025-11-12 15:16:23,LONG,25551.25,25561.25,REVERSAL,0,1,40.0,196.5,146,40.0,5.0,1
3423,2025-W46,GOOD,2025-11-12 15:16:23,2025-11-12 15:20:00,SHORT,25561.25,25581.25,HARD_STOP,1,2,-120.0,-607.0,2671,22.0,60.0,12
3424,2025-W46,GOOD,2025-11-12 15:20:36,2025-11-12 15:21:12,LONG,25570.25,25580.5,REVERSAL,0,1,41.0,201.5,392,41.0,3.0,2
3425,2025-W46,GOOD,2025-11-12 15:32:03,2025-11-12 15:36:50,SHORT,25620.75,25620.75,REVERSAL,1,2,40.0,193.0,5375,29.0,54.0,22
3426,2025-W46,GOOD,2025-11-12 15:38:46,2025-11-12 15:39:49,LONG,25601.25,25611.25,REVERSAL,0,1,40.0,196.5,849,40.0,7.0,4
3427,2025-W46,GOOD,2025-11-12 15:40:43,2025-11-12 15:41:23,LONG,25613.75,25623.75,REVERSAL,0,1,40.0,196.5,437,40.0,4.0,3
3428,2025-W46,GOOD,2025-11-12 15:45:28,2025-11-12 15:47:46,LONG,25617.5,25617.5,REVERSAL,1,2,40.0,193.0,1673,22.0,40.0,7
3429,2025-W46,GOOD,2025-11-13 09:30:03,2025-11-13 09:30:08,SHORT,25497.75,25487.75,REVERSAL,0,1,40.0,196.5,533,40.0,17.0,3
3430,2025-W46,GOOD,2025-11-13 09:30:44,2025-11-13 09:31:05,LONG,25469.0,25449.0,HARD_STOP,1,2,-120.0,-607.0,1282,28.0,60.0,6
3431,2025-W46,GOOD,2025-11-13 09:31:19,2025-11-13 09:31:32,LONG,25435.75,25445.75,REVERSAL,0,1,40.0,196.5,844,40.0,9.0,4
3432,2025-W46,GOOD,2025-11-13 09:31:39,2025-11-13 09:31:48,SHORT,25453.75,25443.75,REVERSAL,0,1,40.0,196.5,472,40.0,9.0,2
3433,2025-W46,GOOD,2025-11-13 09:32:13,2025-11-13 09:32:14,LONG,25456.25,25466.5,REVERSAL,0,1,41.0,201.5,86,41.0,3.0,2
3434,2025-W46,GOOD,2025-11-13 09:32:45,2025-11-13 09:32:58,SHORT,25461.0,25451.0,REVERSAL,0,1,40.0,196.5,290,40.0,6.0,2
3435,2025-W46,GOOD,2025-11-13 09:35:24,2025-11-13 09:35:47,LONG,25402.75,25402.75,REVERSAL,1,2,40.0,193.0,1458,20.0,40.0,6
3436,2025-W46,GOOD,2025-11-13 09:35:51,2025-11-13 09:35:56,LONG,25396.0,25406.0,REVERSAL,0,1,40.0,196.5,182,40.0,0.0,2
3437,2025-W46,GOOD,2025-11-13 09:37:22,2025-11-13 09:37:56,LONG,25360.25,25370.25,REVERSAL,0,1,40.0,196.5,1460,40.0,19.0,6
3438,2025-W46,GOOD,2025-11-13 09:38:16,2025-11-13 09:38:28,SHORT,25371.75,25361.75,REVERSAL,0,1,40.0,196.5,388,40.0,2.0,2
3439,2025-W46,GOOD,2025-11-13 09:40:09,2025-11-13 09:40:13,LONG,25343.5,25353.5,REVERSAL,0,1,40.0,196.5,307,40.0,2.0,2
3440,2025-W46,GOOD,2025-11-13 09:40:34,2025-11-13 09:41:19,SHORT,25359.0,25359.0,REVERSAL,1,2,40.0,193.0,2176,34.0,49.0,9
3441,2025-W46,GOOD,2025-11-13 09:42:41,2025-11-13 09:43:01,SHORT,25350.5,25340.5,REVERSAL,0,1,40.0,196.5,845,40.0,0.0,4
3442,2025-W46,GOOD,2025-11-13 09:46:09,2025-11-13 09:46:25,LONG,25297.25,25307.25,REVERSAL,0,1,40.0,196.5,416,40.0,2.0,2
3443,2025-W46,GOOD,2025-11-13 09:46:40,2025-11-13 09:46:45,SHORT,25317.5,25307.25,REVERSAL,0,1,41.0,201.5,226,41.0,2.0,1
3444,2025-W46,GOOD,2025-11-13 09:46:45,2025-11-13 09:47:02,LONG,25307.25,25317.25,REVERSAL,0,1,40.0,196.5,623,40.0,37.0,4
3445,2025-W46,GOOD,2025-11-13 09:50:46,2025-11-13 09:51:15,SHORT,25336.25,25336.25,REVERSAL,1,2,40.0,193.0,943,20.0,40.0,5
3446,2025-W46,GOOD,2025-11-13 09:51:28,2025-11-13 09:51:42,SHORT,25339.0,25359.0,HARD_STOP,1,2,-120.0,-607.0,867,14.0,60.0,5
3447,2025-W46,GOOD,2025-11-13 09:53:19,2025-11-13 09:53:31,SHORT,25379.0,25369.0,REVERSAL,0,1,40.0,196.5,453,40.0,29.0,3
3448,2025-W46,GOOD,2025-11-13 09:54:25,2025-11-13 09:54:50,LONG,25372.25,25352.25,HARD_STOP,1,2,-120.0,-607.0,840,27.0,60.0,4
3449,2025-W46,GOOD,2025-11-13 09:55:58,2025-11-13 09:56:14,SHORT,25376.0,25396.0,HARD_STOP,1,2,-120.0,-607.0,708,33.0,60.0,3
3450,2025-W46,GOOD,2025-11-13 09:57:08,2025-11-13 09:57:16,SHORT,25414.5,25404.25,REVERSAL,0,1,41.0,201.5,368,41.0,13.0,2
3451,2025-W46,GOOD,2025-11-13 10:02:00,2025-11-13 10:02:35,LONG,25366.0,25346.0,HARD_STOP,1,2,-120.0,-607.0,1290,23.0,60.0,6
3452,2025-W46,GOOD,2025-11-13 10:02:47,2025-11-13 10:02:56,SHORT,25351.0,25341.0,REVERSAL,0,1,40.0,196.5,207,40.0,4.0,2
3453,2025-W46,GOOD,2025-11-13 10:03:31,2025-11-13 10:03:39,LONG,25344.25,25354.5,REVERSAL,0,1,41.0,201.5,187,41.0,0.0,1
3454,2025-W46,GOOD,2025-11-13 10:03:39,2025-11-13 10:04:17,SHORT,25354.5,25344.5,REVERSAL,0,1,40.0,196.5,974,40.0,28.0,5
3455,2025-W46,GOOD,2025-11-13 10:04:41,2025-11-13 10:05:00,LONG,25327.25,25337.25,REVERSAL,0,1,40.0,196.5,511,40.0,14.0,3
3456,2025-W46,GOOD,2025-11-13 10:05:05,2025-11-13 10:05:15,SHORT,25346.5,25336.5,REVERSAL,0,1,40.0,196.5,272,40.0,5.0,2
3457,2025-W46,GOOD,2025-11-13 10:07:56,2025-11-13 10:08:32,SHORT,25403.5,25423.5,HARD_STOP,1,2,-120.0,-607.0,1441,38.0,60.0,6
3458,2025-W46,GOOD,2025-11-13 10:08:42,2025-11-13 10:08:42,SHORT,25440.0,25430.0,REVERSAL,0,1,40.0,196.5,214,40.0,0.0,1
3459,2025-W46,GOOD,2025-11-13 10:08:42,2025-11-13 10:09:07,LONG,25430.0,25440.0,REVERSAL,0,1,40.0,196.5,1520,40.0,25.0,7
3460,2025-W46,GOOD,2025-11-13 10:09:21,2025-11-13 10:09:52,LONG,25430.5,25440.5,REVERSAL,0,1,40.0,196.5,828,40.0,7.0,4
3461,2025-W46,GOOD,2025-11-13 10:12:03,2025-11-13 10:12:36,SHORT,25435.25,25455.5,HARD_STOP,1,2,-121.0,-612.0,1276,25.0,60.5,6
3462,2025-W46,GOOD,2025-11-13 10:15:53,2025-11-13 10:16:35,SHORT,25474.75,25494.75,HARD_STOP,1,2,-120.0,-607.0,1782,17.0,60.0,8
3463,2025-W46,GOOD,2025-11-13 10:17:18,2025-11-13 10:18:19,LONG,25464.0,25465.0,REVERSAL,1,2,48.0,233.0,2408,24.0,49.0,10
3464,2025-W46,GOOD,2025-11-13 10:18:46,2025-11-13 10:19:12,LONG,25449.0,25459.0,REVERSAL,0,1,40.0,196.5,596,40.0,10.0,3
3465,2025-W46,GOOD,2025-11-13 10:22:10,2025-11-13 10:23:09,LONG,25412.25,25392.25,HARD_STOP,1,2,-120.0,-607.0,2042,22.0,60.0,9
3466,2025-W46,GOOD,2025-11-13 10:23:39,2025-11-13 10:23:45,SHORT,25411.75,25401.5,REVERSAL,0,1,41.0,201.5,266,41.0,5.0,2
3467,2025-W46,GOOD,2025-11-13 10:24:31,2025-11-13 10:24:44,SHORT,25418.25,25408.25,REVERSAL,0,1,40.0,196.5,494,40.0,20.0,2
3468,2025-W46,GOOD,2025-11-13 10:28:17,2025-11-13 10:28:41,LONG,25373.5,25383.5,REVERSAL,0,1,40.0,196.5,548,40.0,11.0,3
3469,2025-W46,GOOD,2025-11-13 10:30:02,2025-11-13 10:31:31,LONG,25380.25,25380.25,REVERSAL,1,2,40.0,193.0,1827,24.0,40.0,8
3470,2025-W46,GOOD,2025-11-13 10:34:40,2025-11-13 10:35:06,LONG,25319.0,25329.0,REVERSAL,0,1,40.0,196.5,965,40.0,15.0,4
3471,2025-W46,GOOD,2025-11-13 10:35:50,2025-11-13 10:36:34,SHORT,25333.75,25323.75,REVERSAL,0,1,40.0,196.5,1508,40.0,29.0,7
3472,2025-W46,GOOD,2025-11-13 10:36:57,2025-11-13 10:37:05,SHORT,25337.25,25327.25,REVERSAL,0,1,40.0,196.5,209,40.0,2.0,1
3473,2025-W46,GOOD,2025-11-13 10:37:05,2025-11-13 10:37:39,LONG,25327.25,25307.25,HARD_STOP,1,2,-120.0,-607.0,977,9.0,60.0,5
3474,2025-W46,GOOD,2025-11-13 10:38:38,2025-11-13 10:39:00,LONG,25296.0,25306.0,REVERSAL,0,1,40.0,196.5,596,40.0,6.0,3
3475,2025-W46,GOOD,2025-11-13 10:40:15,2025-11-13 10:40:44,LONG,25310.25,25320.5,REVERSAL,0,1,41.0,201.5,615,41.0,7.0,3
3476,2025-W46,GOOD,2025-11-13 10:41:02,2025-11-13 10:41:10,SHORT,25332.75,25322.75,REVERSAL,0,1,40.0,196.5,300,40.0,12.0,2
3477,2025-W46,GOOD,2025-11-13 10:41:25,2025-11-13 10:42:22,LONG,25308.75,25318.75,REVERSAL,0,1,40.0,196.5,1153,40.0,24.0,5
3478,2025-W46,GOOD,2025-11-13 10:43:11,2025-11-13 10:43:24,LONG,25292.5,25302.5,REVERSAL,0,1,40.0,196.5,338,40.0,1.0,2
3479,2025-W46,GOOD,2025-11-13 10:44:10,2025-11-13 10:45:24,LONG,25292.5,25272.5,HARD_STOP,1,2,-120.0,-607.0,2068,20.0,60.0,9
3480,2025-W46,GOOD,2025-11-13 10:49:13,2025-11-13 10:50:35,LONG,25234.75,25234.75,REVERSAL,1,2,40.0,193.0,2683,39.0,40.0,11
3481,2025-W46,GOOD,2025-11-13 10:51:24,2025-11-13 10:51:34,LONG,25229.0,25239.25,REVERSAL,0,1,41.0,201.5,172,41.0,2.0,1
3482,2025-W46,GOOD,2025-11-13 10:51:34,2025-11-13 10:52:01,SHORT,25239.25,25229.25,REVERSAL,0,1,40.0,196.5,445,40.0,2.0,3
3483,2025-W46,GOOD,2025-11-13 10:53:47,2025-11-13 10:54:14,LONG,25227.25,25207.25,HARD_STOP,1,2,-120.0,-607.0,1174,24.0,60.0,5
3484,2025-W46,GOOD,2025-11-13 10:57:47,2025-11-13 10:58:03,SHORT,25225.25,25215.25,REVERSAL,0,1,40.0,196.5,371,40.0,0.0,2
3485,2025-W46,GOOD,2025-11-13 10:58:20,2025-11-13 10:59:33,SHORT,25232.0,25252.0,HARD_STOP,1,2,-120.0,-607.0,3011,25.0,60.0,13
3486,2025-W46,GOOD,2025-11-13 11:01:03,2025-11-13 11:01:12,LONG,25257.0,25267.0,REVERSAL,0,1,40.0,196.5,328,40.0,6.0,2
3487,2025-W46,GOOD,2025-11-13 11:02:01,2025-11-13 11:02:13,LONG,25255.5,25265.5,REVERSAL,0,1,40.0,196.5,308,40.0,8.0,2
3488,2025-W46,GOOD,2025-11-13 11:03:18,2025-11-13 11:03:40,LONG,25247.75,25227.5,HARD_STOP,1,2,-121.0,-612.0,855,24.0,60.5,4
3489,2025-W46,GOOD,2025-11-13 11:03:50,2025-11-13 11:04:11,SHORT,25232.0,25222.0,REVERSAL,0,1,40.0,196.5,472,40.0,9.0,3
3490,2025-W46,GOOD,2025-11-13 11:05:01,2025-11-13 11:05:56,LONG,25217.25,25217.5,REVERSAL,1,2,42.0,203.0,1235,22.0,40.0,5
3491,2025-W46,GOOD,2025-11-13 11:05:56,2025-11-13 11:06:19,SHORT,25217.5,25207.5,REVERSAL,0,1,40.0,196.5,337,40.0,8.0,3
3492,2025-W46,GOOD,2025-11-13 11:06:33,2025-11-13 11:06:43,SHORT,25217.25,25207.25,REVERSAL,0,1,40.0,196.5,211,40.0,2.0,2
3493,2025-W46,GOOD,2025-11-13 11:06:55,2025-11-13 11:07:40,LONG,25195.5,25205.5,REVERSAL,0,1,40.0,196.5,1316,40.0,14.0,6
3494,2025-W46,GOOD,2025-11-13 11:08:30,2025-11-13 11:09:02,LONG,25207.5,25217.5,REVERSAL,0,1,40.0,196.5,595,40.0,5.0,3
3495,2025-W46,GOOD,2025-11-13 11:10:09,2025-11-13 11:10:17,LONG,25212.25,25222.25,REVERSAL,0,1,40.0,196.5,236,40.0,5.0,1
3496,2025-W46,GOOD,2025-11-13 11:10:17,2025-11-13 11:10:35,SHORT,25222.25,25212.25,REVERSAL,0,1,40.0,196.5,404,40.0,13.0,3
3497,2025-W46,GOOD,2025-11-13 11:15:19,2025-11-13 11:15:54,SHORT,25241.5,25241.5,REVERSAL,1,2,40.0,193.0,1347,30.0,40.0,6
3498,2025-W46,GOOD,2025-11-13 11:16:21,2025-11-13 11:19:10,LONG,25210.75,25190.75,HARD_STOP,1,2,-120.0,-607.0,2990,39.0,60.0,12
3499,2025-W46,GOOD,2025-11-13 11:20:28,2025-11-13 11:20:34,LONG,25201.5,25211.75,REVERSAL,0,1,41.0,201.5,128,41.0,1.0,1
3500,2025-W46,GOOD,2025-11-13 11:20:34,2025-11-13 11:21:14,SHORT,25211.75,25211.75,REVERSAL,1,2,40.0,193.0,873,20.0,40.0,5
3501,2025-W46,GOOD,2025-11-13 11:21:37,2025-11-13 11:21:55,SHORT,25211.75,25201.75,REVERSAL,0,1,40.0,196.5,213,40.0,22.0,2
3502,2025-W46,GOOD,2025-11-13 11:28:32,2025-11-13 11:29:24,SHORT,25226.0,25216.0,REVERSAL,0,1,40.0,196.5,1084,40.0,39.0,5
3503,2025-W46,GOOD,2025-11-13 11:29:45,2025-11-13 11:30:39,SHORT,25228.75,25228.5,REVERSAL,1,2,43.0,208.0,1268,34.0,41.0,6
3504,2025-W46,GOOD,2025-11-13 11:32:25,2025-11-13 11:32:33,SHORT,25236.25,25226.25,REVERSAL,0,1,40.0,196.5,223,40.0,12.0,1
3505,2025-W46,GOOD,2025-11-13 11:32:33,2025-11-13 11:33:36,LONG,25226.25,25236.25,REVERSAL,0,1,40.0,196.5,1037,40.0,37.0,6
3506,2025-W46,GOOD,2025-11-13 11:33:49,2025-11-13 11:34:03,LONG,25230.0,25240.0,REVERSAL,0,1,40.0,196.5,238,40.0,7.0,2
3507,2025-W46,GOOD,2025-11-13 11:34:35,2025-11-13 11:35:14,SHORT,25256.5,25246.5,REVERSAL,0,1,40.0,196.5,1339,40.0,27.0,6
3508,2025-W46,GOOD,2025-11-13 11:35:16,2025-11-13 11:35:34,SHORT,25251.25,25241.25,REVERSAL,0,1,40.0,196.5,505,40.0,8.0,3
3509,2025-W46,GOOD,2025-11-13 11:37:22,2025-11-13 11:37:42,LONG,25204.0,25214.0,REVERSAL,0,1,40.0,196.5,325,40.0,20.0,2
3510,2025-W46,GOOD,2025-11-13 11:39:42,2025-11-13 11:40:54,LONG,25181.25,25181.25,REVERSAL,1,2,40.0,193.0,2463,24.0,52.0,11
3511,2025-W46,GOOD,2025-11-13 11:42:12,2025-11-13 11:43:01,SHORT,25179.75,25169.75,REVERSAL,0,1,40.0,196.5,602,40.0,17.0,3
3512,2025-W46,GOOD,2025-11-13 11:45:37,2025-11-13 11:45:43,LONG,25170.0,25180.0,REVERSAL,0,1,40.0,196.5,75,40.0,2.0,1
3513,2025-W46,GOOD,2025-11-13 11:45:43,2025-11-13 11:45:58,SHORT,25180.0,25170.0,REVERSAL,0,1,40.0,196.5,274,40.0,8.0,2
3514,2025-W46,GOOD,2025-11-13 11:51:23,2025-11-13 11:52:02,SHORT,25217.0,25207.0,REVERSAL,0,1,40.0,196.5,843,40.0,17.0,4
3515,2025-W46,GOOD,2025-11-13 11:53:04,2025-11-13 11:53:10,SHORT,25193.0,25183.0,REVERSAL,0,1,40.0,196.5,86,40.0,0.0,1
3516,2025-W46,GOOD,2025-11-13 11:53:10,2025-11-13 11:53:58,LONG,25183.0,25183.0,REVERSAL,1,2,41.0,198.0,900,22.0,41.0,4
3517,2025-W46,GOOD,2025-11-13 12:00:25,2025-11-13 12:00:28,SHORT,25211.5,25201.5,REVERSAL,0,1,40.0,196.5,107,40.0,4.0,1
3518,2025-W46,GOOD,2025-11-13 12:00:28,2025-11-13 12:00:50,LONG,25201.5,25211.5,REVERSAL,0,1,40.0,196.5,367,40.0,18.0,2
3519,2025-W46,GOOD,2025-11-13 12:01:17,2025-11-13 12:01:47,SHORT,25206.5,25196.5,REVERSAL,0,1,40.0,196.5,386,40.0,10.0,2
3520,2025-W46,GOOD,2025-11-13 12:02:11,2025-11-13 12:02:15,LONG,25185.25,25195.5,REVERSAL,0,1,41.0,201.5,82,41.0,5.0,1
3521,2025-W46,GOOD,2025-11-13 12:02:15,2025-11-13 12:02:28,SHORT,25195.5,25185.5,REVERSAL,0,1,40.0,196.5,155,40.0,2.0,1
3522,2025-W46,GOOD,2025-11-13 12:02:28,2025-11-13 12:03:09,LONG,25185.5,25185.25,REVERSAL,1,2,39.0,188.0,717,30.0,41.0,4
3523,2025-W46,GOOD,2025-11-13 12:04:14,2025-11-13 12:05:11,SHORT,25204.25,25224.25,HARD_STOP,1,2,-120.0,-607.0,922,35.0,60.0,4
3524,2025-W46,GOOD,2025-11-13 12:06:25,2025-11-13 12:07:10,SHORT,25221.25,25211.25,REVERSAL,0,1,40.0,196.5,551,40.0,20.0,3
3525,2025-W46,GOOD,2025-11-13 12:07:10,2025-11-13 12:07:15,LONG,25211.25,25221.75,REVERSAL,0,1,42.0,206.5,98,42.0,6.0,1
3526,2025-W46,GOOD,2025-11-13 12:07:15,2025-11-13 12:07:54,SHORT,25221.75,25221.5,REVERSAL,1,2,42.0,203.0,828,21.0,40.0,4
3527,2025-W46,GOOD,2025-11-13 12:10:44,2025-11-13 12:11:32,LONG,25167.0,25167.0,REVERSAL,1,2,40.0,193.0,1284,24.0,43.0,6
3528,2025-W46,GOOD,2025-11-13 12:14:00,2025-11-13 12:14:20,SHORT,25184.75,25174.75,REVERSAL,0,1,40.0,196.5,295,40.0,3.0,2
3529,2025-W46,GOOD,2025-11-13 12:15:03,2025-11-13 12:15:25,SHORT,25178.5,25198.75,HARD_STOP,1,2,-122.0,-617.0,442,6.0,61.0,3
3530,2025-W46,GOOD,2025-11-13 12:16:13,2025-11-13 12:16:35,LONG,25188.25,25198.25,REVERSAL,0,1,40.0,196.5,511,40.0,10.0,3
3531,2025-W46,GOOD,2025-11-13 12:18:43,2025-11-13 12:18:53,LONG,25195.75,25206.0,REVERSAL,0,1,41.0,201.5,236,41.0,13.0,1
3532,2025-W46,GOOD,2025-11-13 12:18:53,2025-11-13 12:19:33,SHORT,25206.0,25205.25,REVERSAL,1,2,46.0,223.0,500,23.0,40.0,3
3533,2025-W46,GOOD,2025-11-13 12:19:33,2025-11-13 12:20:06,LONG,25205.25,25205.75,REVERSAL,1,2,44.0,213.0,452,22.0,40.0,3
3534,2025-W46,GOOD,2025-11-13 12:20:06,2025-11-13 12:20:23,SHORT,25205.75,25195.75,REVERSAL,0,1,40.0,196.5,222,40.0,9.0,2
3535,2025-W46,GOOD,2025-11-13 12:25:58,2025-11-13 12:26:21,SHORT,25234.0,25224.0,REVERSAL,0,1,40.0,196.5,254,40.0,11.0,2
3536,2025-W46,GOOD,2025-11-13 12:30:02,2025-11-13 12:31:08,SHORT,25238.75,25239.0,REVERSAL,1,2,39.0,188.0,1125,19.5,41.0,5
3537,2025-W46,GOOD,2025-11-13 12:31:45,2025-11-13 12:32:42,SHORT,25250.0,25240.0,REVERSAL,0,1,40.0,196.5,568,40.0,18.0,3
3538,2025-W46,GOOD,2025-11-13 12:35:31,2025-11-13 12:35:37,LONG,25220.75,25230.75,REVERSAL,0,1,40.0,196.5,140,40.0,3.0,1
3539,2025-W46,GOOD,2025-11-13 12:35:37,2025-11-13 12:35:50,SHORT,25230.75,25220.75,REVERSAL,0,1,40.0,196.5,183,40.0,3.0,2
3540,2025-W46,GOOD,2025-11-13 12:36:11,2025-11-13 12:36:23,LONG,25211.5,25222.25,REVERSAL,0,1,43.0,211.5,212,43.0,4.0,1
3541,2025-W46,GOOD,2025-11-13 12:36:23,2025-11-13 12:37:48,SHORT,25222.25,25212.25,REVERSAL,0,1,40.0,196.5,1243,40.0,29.0,6
3542,2025-W46,GOOD,2025-11-13 12:39:39,2025-11-13 12:40:54,SHORT,25235.0,25225.0,REVERSAL,0,1,40.0,196.5,859,40.0,28.0,5
3543,2025-W46,GOOD,2025-11-13 12:41:46,2025-11-13 12:42:00,LONG,25201.0,25211.0,REVERSAL,0,1,40.0,196.5,374,40.0,18.0,2
3544,2025-W46,GOOD,2025-11-13 12:42:44,2025-11-13 12:43:15,LONG,25205.5,25215.75,REVERSAL,0,1,41.0,201.5,333,41.0,6.0,2
3545,2025-W46,GOOD,2025-11-13 12:43:47,2025-11-13 12:44:01,LONG,25195.25,25205.25,REVERSAL,0,1,40.0,196.5,220,40.0,1.0,1
3546,2025-W46,GOOD,2025-11-13 12:50:43,2025-11-13 12:50:55,LONG,25161.25,25171.25,REVERSAL,0,1,40.0,196.5,412,40.0,22.0,2
3547,2025-W46,GOOD,2025-11-13 12:53:22,2025-11-13 12:53:36,SHORT,25162.0,25152.0,REVERSAL,0,1,40.0,196.5,313,40.0,6.0,2
3548,2025-W46,GOOD,2025-11-13 12:56:45,2025-11-13 12:57:00,SHORT,25162.25,25152.0,REVERSAL,0,1,41.0,201.5,187,41.0,0.0,1
3549,2025-W46,GOOD,2025-11-13 12:57:00,2025-11-13 12:57:39,LONG,25152.0,25131.75,HARD_STOP,1,2,-121.0,-612.0,1012,14.0,60.5,5
3550,2025-W46,GOOD,2025-11-13 12:58:42,2025-11-13 12:58:57,LONG,25128.75,25138.75,REVERSAL,0,1,40.0,196.5,310,40.0,12.0,2
3551,2025-W46,GOOD,2025-11-13 13:02:44,2025-11-13 13:03:00,LONG,25142.0,25152.0,REVERSAL,0,1,40.0,196.5,219,40.0,8.0,1
3552,2025-W46,GOOD,2025-11-13 13:03:00,2025-11-13 13:03:14,SHORT,25152.0,25141.75,REVERSAL,0,1,41.0,201.5,173,41.0,8.0,2
3553,2025-W46,GOOD,2025-11-13 13:05:07,2025-11-13 13:05:42,SHORT,25144.0,25133.5,REVERSAL,0,1,42.0,206.5,354,42.0,17.0,2
3554,2025-W46,GOOD,2025-11-13 13:07:38,2025-11-13 13:07:46,LONG,25140.25,25150.25,REVERSAL,0,1,40.0,196.5,169,40.0,8.0,1
3555,2025-W46,GOOD,2025-11-13 13:07:46,2025-11-13 13:08:22,SHORT,25150.25,25140.0,REVERSAL,0,1,41.0,201.5,458,41.0,19.0,3
3556,2025-W46,GOOD,2025-11-13 13:09:09,2025-11-13 13:09:22,SHORT,25142.5,25132.5,REVERSAL,0,1,40.0,196.5,160,40.0,0.0,1
3557,2025-W46,GOOD,2025-11-13 13:09:22,2025-11-13 13:10:55,LONG,25132.5,25132.5,REVERSAL,1,2,40.0,193.0,1900,20.0,53.0,9
3558,2025-W46,GOOD,2025-11-13 13:10:55,2025-11-13 13:11:06,SHORT,25132.5,25122.5,REVERSAL,0,1,40.0,196.5,171,40.0,4.0,1
3559,2025-W46,GOOD,2025-11-13 13:11:06,2025-11-13 13:11:34,LONG,25122.5,25132.5,REVERSAL,0,1,40.0,196.5,482,40.0,13.0,3
3560,2025-W46,GOOD,2025-11-13 13:16:15,2025-11-13 13:17:17,LONG,25136.75,25116.75,HARD_STOP,1,2,-120.0,-607.0,1380,38.0,60.0,6
3561,2025-W46,GOOD,2025-11-13 13:17:56,2025-11-13 13:18:39,LONG,25110.0,25120.0,REVERSAL,0,1,40.0,196.5,842,40.0,20.0,4
3562,2025-W46,GOOD,2025-11-13 13:19:30,2025-11-13 13:20:47,LONG,25108.75,25118.75,REVERSAL,0,1,40.0,196.5,1261,40.0,15.0,6
3563,2025-W46,GOOD,2025-11-13 13:22:46,2025-11-13 13:22:54,LONG,25106.75,25117.0,REVERSAL,0,1,41.0,201.5,134,41.0,2.0,1
3564,2025-W46,GOOD,2025-11-13 13:22:54,2025-11-13 13:23:34,SHORT,25117.0,25116.25,REVERSAL,1,2,46.0,223.0,733,23.0,40.0,4
3565,2025-W46,GOOD,2025-11-13 13:26:41,2025-11-13 13:27:20,LONG,25069.0,25079.5,REVERSAL,0,1,42.0,206.5,833,42.0,22.0,4
3566,2025-W46,GOOD,2025-11-13 13:27:36,2025-11-13 13:28:03,LONG,25074.0,25084.0,REVERSAL,0,1,40.0,196.5,576,40.0,4.0,4
3567,2025-W46,GOOD,2025-11-13 13:28:55,2025-11-13 13:29:29,LONG,25062.0,25072.0,REVERSAL,0,1,40.0,196.5,677,40.0,3.0,3
3568,2025-W46,GOOD,2025-11-13 13:30:09,2025-11-13 13:33:16,LONG,25068.75,25068.75,REVERSAL,1,2,40.0,193.0,3527,20.0,50.0,15
3569,2025-W46,GOOD,2025-11-13 13:33:16,2025-11-13 13:33:23,SHORT,25068.75,25058.5,REVERSAL,0,1,41.0,201.5,205,41.0,10.0,2
3570,2025-W46,GOOD,2025-11-13 13:36:14,2025-11-13 13:36:30,LONG,25036.5,25046.5,REVERSAL,0,1,40.0,196.5,355,40.0,2.0,2
3571,2025-W46,GOOD,2025-11-13 13:38:33,2025-11-13 13:39:29,LONG,25025.0,25025.0,REVERSAL,1,2,40.0,193.0,874,20.0,40.0,4
3572,2025-W46,GOOD,2025-11-13 13:45:20,2025-11-13 13:45:32,SHORT,25071.5,25061.5,REVERSAL,0,1,40.0,196.5,490,40.0,32.0,2
3573,2025-W46,GOOD,2025-11-13 13:49:34,2025-11-13 13:50:07,SHORT,25057.25,25047.25,REVERSAL,0,1,40.0,196.5,412,40.0,0.0,2
3574,2025-W46,GOOD,2025-11-13 13:51:26,2025-11-13 13:51:32,LONG,25040.0,25050.0,REVERSAL,0,1,40.0,196.5,162,40.0,10.0,1
3575,2025-W46,GOOD,2025-11-13 13:51:48,2025-11-13 13:52:02,SHORT,25066.25,25056.0,REVERSAL,0,1,41.0,201.5,219,41.0,6.0,1
3576,2025-W46,GOOD,2025-11-13 13:52:02,2025-11-13 13:52:22,LONG,25056.0,25056.0,REVERSAL,1,2,40.0,193.0,485,20.0,40.0,3
3577,2025-W46,GOOD,2025-11-13 13:52:22,2025-11-13 13:52:41,SHORT,25056.0,25046.0,REVERSAL,0,1,40.0,196.5,308,40.0,7.0,3
3578,2025-W46,GOOD,2025-11-13 13:55:23,2025-11-13 13:55:26,SHORT,25062.0,25052.0,REVERSAL,0,1,40.0,196.5,94,40.0,1.0,1
3579,2025-W46,GOOD,2025-11-13 13:55:26,2025-11-13 13:56:06,LONG,25052.0,25052.0,REVERSAL,1,2,40.0,193.0,584,26.0,40.0,3
3580,2025-W46,GOOD,2025-11-13 13:56:06,2025-11-13 13:57:11,SHORT,25052.0,25052.25,REVERSAL,1,2,39.0,188.0,877,19.5,51.5,5
3581,2025-W46,GOOD,2025-11-13 14:02:26,2025-11-13 14:02:49,LONG,25030.75,25041.25,REVERSAL,0,1,42.0,206.5,401,42.0,11.0,2
3582,2025-W46,GOOD,2025-11-13 14:03:06,2025-11-13 14:03:52,LONG,25034.75,25034.25,REVERSAL,1,2,38.0,183.0,853,19.0,42.0,5
3583,2025-W46,GOOD,2025-11-13 14:05:52,2025-11-13 14:06:05,LONG,25040.5,25051.0,REVERSAL,0,1,42.0,206.5,174,42.0,13.0,1
3584,2025-W46,GOOD,2025-11-13 14:06:05,2025-11-13 14:07:17,SHORT,25051.0,25041.0,REVERSAL,0,1,40.0,196.5,941,40.0,28.0,5
3585,2025-W46,GOOD,2025-11-13 14:11:21,2025-11-13 14:14:33,LONG,25041.0,25021.0,HARD_STOP,1,2,-120.0,-607.0,2025,34.0,60.0,9
3586,2025-W46,GOOD,2025-11-13 14:18:17,2025-11-13 14:18:26,SHORT,25051.75,25041.75,REVERSAL,0,1,40.0,196.5,171,40.0,7.0,1
3587,2025-W46,GOOD,2025-11-13 14:18:26,2025-11-13 14:18:55,LONG,25041.75,25051.75,REVERSAL,0,1,40.0,196.5,277,40.0,23.0,2
3588,2025-W46,GOOD,2025-11-13 14:20:08,2025-11-13 14:20:13,SHORT,25044.0,25033.75,REVERSAL,0,1,41.0,201.5,84,41.0,1.0,1
3589,2025-W46,GOOD,2025-11-13 14:20:13,2025-11-13 14:20:32,LONG,25033.75,25043.75,REVERSAL,0,1,40.0,196.5,155,40.0,6.0,2
3590,2025-W46,GOOD,2025-11-13 14:24:21,2025-11-13 14:25:06,SHORT,25067.0,25087.0,HARD_STOP,1,2,-120.0,-607.0,641,0.0,60.0,3
3591,2025-W46,GOOD,2025-11-13 14:26:39,2025-11-13 14:29:22,SHORT,25101.25,25121.5,HARD_STOP,1,2,-121.0,-612.0,2610,31.0,60.5,11
3592,2025-W46,GOOD,2025-11-13 14:30:45,2025-11-13 14:32:31,LONG,25099.0,25109.0,REVERSAL,0,1,40.0,196.5,1714,40.0,28.0,8
3593,2025-W46,GOOD,2025-11-13 14:32:45,2025-11-13 14:33:14,SHORT,25116.0,25106.0,REVERSAL,0,1,40.0,196.5,357,40.0,12.0,2
3594,2025-W46,GOOD,2025-11-13 14:40:51,2025-11-13 14:41:40,LONG,25080.0,25080.0,REVERSAL,1,2,40.0,193.0,1098,20.0,43.0,5
3595,2025-W46,GOOD,2025-11-13 14:43:53,2025-11-13 14:44:13,SHORT,25097.0,25086.75,REVERSAL,0,1,41.0,201.5,327,41.0,16.0,2
3596,2025-W46,GOOD,2025-11-13 14:44:33,2025-11-13 14:45:11,SHORT,25089.0,25089.5,REVERSAL,1,2,38.0,183.0,714,19.0,42.0,4
3597,2025-W46,GOOD,2025-11-13 14:45:35,2025-11-13 14:45:59,SHORT,25087.25,25077.25,REVERSAL,0,1,40.0,196.5,270,40.0,16.0,2
3598,2025-W46,GOOD,2025-11-13 14:46:48,2025-11-13 14:47:05,LONG,25067.5,25077.5,REVERSAL,0,1,40.0,196.5,210,40.0,11.0,1
3599,2025-W46,GOOD,2025-11-13 14:47:05,2025-11-13 14:47:38,SHORT,25077.5,25067.5,REVERSAL,0,1,40.0,196.5,385,40.0,18.0,3
3600,2025-W46,GOOD,2025-11-13 14:47:53,2025-11-13 14:49:57,LONG,25059.25,25059.25,REVERSAL,1,2,40.0,193.0,1877,23.0,40.0,8
3601,2025-W46,GOOD,2025-11-13 14:54:50,2025-11-13 14:55:04,LONG,25046.0,25026.0,HARD_STOP,1,2,-120.0,-607.0,558,4.0,60.0,3
3602,2025-W46,GOOD,2025-11-13 14:59:43,2025-11-13 15:00:41,SHORT,25052.75,25052.5,REVERSAL,1,2,42.0,203.0,1378,31.0,40.0,6
3603,2025-W46,GOOD,2025-11-13 15:11:39,2025-11-13 15:11:47,SHORT,25076.25,25066.25,REVERSAL,0,1,40.0,196.5,134,40.0,3.0,1
3604,2025-W46,GOOD,2025-11-13 15:11:47,2025-11-13 15:12:14,LONG,25066.25,25076.25,REVERSAL,0,1,40.0,196.5,360,40.0,29.0,2
3605,2025-W46,GOOD,2025-11-13 15:13:25,2025-11-13 15:13:44,LONG,25069.75,25080.0,REVERSAL,0,1,41.0,201.5,293,41.0,27.0,2
3606,2025-W46,GOOD,2025-11-13 15:18:07,2025-11-13 15:18:29,LONG,25041.75,25051.75,REVERSAL,0,1,40.0,196.5,328,40.0,8.0,2
3607,2025-W46,GOOD,2025-11-13 15:21:16,2025-11-13 15:21:33,LONG,25019.75,25029.75,REVERSAL,0,1,40.0,196.5,357,40.0,19.0,2
3608,2025-W46,GOOD,2025-11-13 15:23:11,2025-11-13 15:23:54,LONG,25028.25,25038.25,REVERSAL,0,1,40.0,196.5,491,40.0,14.0,2
3609,2025-W46,GOOD,2025-11-13 15:25:38,2025-11-13 15:26:11,LONG,25032.5,25042.5,REVERSAL,0,1,40.0,196.5,358,40.0,6.0,2
3610,2025-W46,GOOD,2025-11-13 15:35:54,2025-11-13 15:36:03,SHORT,25118.0,25108.0,REVERSAL,0,1,40.0,196.5,246,40.0,10.0,1
3611,2025-W46,GOOD,2025-11-13 15:36:03,2025-11-13 15:38:01,LONG,25108.0,25108.0,REVERSAL,1,2,41.0,198.0,1913,20.5,41.0,9
3612,2025-W46,GOOD,2025-11-13 15:41:12,2025-11-13 15:41:23,SHORT,25140.75,25130.75,REVERSAL,0,1,40.0,196.5,347,40.0,17.0,2
3613,2025-W46,GOOD,2025-11-13 15:44:08,2025-11-13 15:44:28,LONG,25111.5,25121.5,REVERSAL,0,1,40.0,196.5,371,40.0,5.0,2
3614,2025-W46,GOOD,2025-11-13 15:46:35,2025-11-13 15:46:41,LONG,25114.0,25124.25,REVERSAL,0,1,41.0,201.5,68,41.0,4.0,1
3615,2025-W46,GOOD,2025-11-13 15:46:41,2025-11-13 15:47:52,SHORT,25124.25,25124.0,REVERSAL,1,2,42.0,203.0,1217,29.0,40.0,6
3616,2025-W46,GOOD,2025-11-14 09:30:01,2025-11-14 09:30:03,SHORT,24734.75,24724.75,REVERSAL,0,1,40.0,196.5,263,40.0,0.0,2
3617,2025-W46,GOOD,2025-11-14 09:30:52,2025-11-14 09:31:01,LONG,24710.5,24710.5,REVERSAL,1,2,40.0,193.0,1076,24.0,46.0,5
3618,2025-W46,GOOD,2025-11-14 09:31:06,2025-11-14 09:31:14,LONG,24705.0,24704.75,REVERSAL,1,2,39.0,188.0,523,19.5,41.0,3
3619,2025-W46,GOOD,2025-11-14 09:31:14,2025-11-14 09:31:26,SHORT,24704.75,24694.25,REVERSAL,0,1,42.0,206.5,500,42.0,19.0,3
3620,2025-W46,GOOD,2025-11-14 09:32:35,2025-11-14 09:33:08,LONG,24660.0,24640.0,HARD_STOP,1,2,-120.0,-607.0,2133,8.0,60.0,10
3621,2025-W46,GOOD,2025-11-14 09:33:22,2025-11-14 09:33:27,LONG,24627.5,24637.5,REVERSAL,0,1,40.0,196.5,291,40.0,2.0,2
3622,2025-W46,GOOD,2025-11-14 09:33:37,2025-11-14 09:34:00,LONG,24632.5,24642.5,REVERSAL,0,1,40.0,196.5,1107,40.0,20.0,5
3623,2025-W46,GOOD,2025-11-14 09:34:17,2025-11-14 09:34:26,LONG,24642.25,24652.25,REVERSAL,0,1,40.0,196.5,440,40.0,5.0,2
3624,2025-W46,GOOD,2025-11-14 09:34:43,2025-11-14 09:34:49,LONG,24635.5,24645.5,REVERSAL,0,1,40.0,196.5,277,40.0,9.0,2
3625,2025-W46,GOOD,2025-11-14 09:35:03,2025-11-14 09:35:05,SHORT,24663.75,24653.75,REVERSAL,0,1,40.0,196.5,160,40.0,0.0,1
3626,2025-W46,GOOD,2025-11-14 09:35:05,2025-11-14 09:35:10,LONG,24653.75,24664.0,REVERSAL,0,1,41.0,201.5,218,41.0,5.0,2
3627,2025-W46,GOOD,2025-11-14 09:36:20,2025-11-14 09:36:27,SHORT,24784.25,24774.25,REVERSAL,0,1,40.0,196.5,844,40.0,12.0,4
3628,2025-W46,GOOD,2025-11-14 09:36:51,2025-11-14 09:37:18,SHORT,24777.5,24797.5,HARD_STOP,1,2,-120.0,-607.0,1848,36.0,60.0,8
3629,2025-W46,GOOD,2025-11-14 09:38:14,2025-11-14 09:38:17,SHORT,24791.75,24781.75,REVERSAL,0,1,40.0,196.5,196,40.0,1.0,1
3630,2025-W46,GOOD,2025-11-14 09:38:17,2025-11-14 09:38:21,LONG,24781.75,24792.0,REVERSAL,0,1,41.0,201.5,203,41.0,3.0,2
3631,2025-W46,GOOD,2025-11-14 09:38:26,2025-11-14 09:38:26,SHORT,24806.0,24796.0,REVERSAL,0,1,40.0,196.5,106,40.0,9.0,1
3632,2025-W46,GOOD,2025-11-14 09:40:26,2025-11-14 09:40:29,LONG,24792.75,24803.25,REVERSAL,0,1,42.0,206.5,133,42.0,8.0,1
3633,2025-W46,GOOD,2025-11-14 09:40:31,2025-11-14 09:40:33,SHORT,24811.5,24801.5,REVERSAL,0,1,40.0,196.5,37,40.0,1.0,2
3634,2025-W46,GOOD,2025-11-14 09:41:06,2025-11-14 09:41:08,SHORT,24820.25,24810.25,REVERSAL,0,1,40.0,196.5,193,40.0,0.0,1
3635,2025-W46,GOOD,2025-11-14 09:41:08,2025-11-14 09:41:23,LONG,24810.25,24820.25,REVERSAL,0,1,40.0,196.5,743,40.0,37.0,4
3636,2025-W46,GOOD,2025-11-14 09:41:44,2025-11-14 09:41:57,LONG,24826.25,24836.25,REVERSAL,0,1,40.0,196.5,590,40.0,14.0,3
3637,2025-W46,GOOD,2025-11-14 09:42:20,2025-11-14 09:42:36,LONG,24803.0,24782.75,HARD_STOP,1,2,-122.0,-617.0,913,26.0,61.0,4
3638,2025-W46,GOOD,2025-11-14 09:42:38,2025-11-14 09:43:09,SHORT,24790.0,24810.0,HARD_STOP,1,2,-120.0,-607.0,1579,19.0,60.0,7
3639,2025-W46,GOOD,2025-11-14 09:43:21,2025-11-14 09:43:29,LONG,24800.0,24810.0,REVERSAL,0,1,40.0,196.5,244,40.0,0.0,1
3640,2025-W46,GOOD,2025-11-14 09:43:29,2025-11-14 09:43:47,SHORT,24810.0,24830.0,HARD_STOP,1,2,-120.0,-607.0,694,22.0,60.0,4
3641,2025-W46,GOOD,2025-11-14 09:43:50,2025-11-14 09:43:52,SHORT,24839.5,24829.25,REVERSAL,0,1,41.0,201.5,113,41.0,3.0,1
3642,2025-W46,GOOD,2025-11-14 09:43:52,2025-11-14 09:44:04,LONG,24829.25,24839.25,REVERSAL,0,1,40.0,196.5,547,40.0,16.0,3
3643,2025-W46,GOOD,2025-11-14 09:44:13,2025-11-14 09:44:21,LONG,24834.25,24844.25,REVERSAL,0,1,40.0,196.5,329,40.0,13.0,2
3644,2025-W46,GOOD,2025-11-14 09:45:23,2025-11-14 09:46:12,SHORT,24848.75,24848.75,REVERSAL,1,2,40.0,193.0,3299,38.0,49.0,14
3645,2025-W46,GOOD,2025-11-14 09:46:30,2025-11-14 09:47:12,SHORT,24868.0,24868.0,REVERSAL,1,2,40.0,193.0,2428,24.0,40.0,10
3646,2025-W46,GOOD,2025-11-14 09:47:14,2025-11-14 09:47:38,SHORT,24869.75,24869.5,REVERSAL,1,2,42.0,203.0,753,21.0,40.0,4
3647,2025-W46,GOOD,2025-11-14 09:47:46,2025-11-14 09:48:01,SHORT,24888.5,24878.5,REVERSAL,0,1,40.0,196.5,839,40.0,9.0,4
3648,2025-W46,GOOD,2025-11-14 09:48:34,2025-11-14 09:49:01,SHORT,24911.0,24901.0,REVERSAL,0,1,40.0,196.5,1664,40.0,21.0,7
3649,2025-W46,GOOD,2025-11-14 09:49:27,2025-11-14 09:49:45,LONG,24893.25,24893.25,REVERSAL,1,2,40.0,193.0,1339,22.0,44.0,6
3650,2025-W46,GOOD,2025-11-14 09:50:11,2025-11-14 09:50:17,SHORT,24897.5,24887.5,REVERSAL,0,1,40.0,196.5,182,40.0,10.0,1
3651,2025-W46,GOOD,2025-11-14 09:50:17,2025-11-14 09:50:43,LONG,24887.5,24867.5,HARD_STOP,1,2,-120.0,-607.0,1373,32.0,60.0,7
3652,2025-W46,GOOD,2025-11-14 09:52:13,2025-11-14 09:52:33,SHORT,24928.25,24928.5,REVERSAL,1,2,39.0,188.0,1187,26.0,41.0,5
3653,2025-W46,GOOD,2025-11-14 09:52:38,2025-11-14 09:52:54,SHORT,24935.5,24925.5,REVERSAL,0,1,40.0,196.5,647,40.0,15.0,4
3654,2025-W46,GOOD,2025-11-14 09:53:00,2025-11-14 09:53:04,SHORT,24929.5,24919.5,REVERSAL,0,1,40.0,196.5,251,40.0,14.0,2
3655,2025-W46,GOOD,2025-11-14 09:56:57,2025-11-14 09:57:21,SHORT,24951.5,24951.25,REVERSAL,1,2,42.0,203.0,1147,21.0,40.0,5
3656,2025-W46,GOOD,2025-11-14 09:57:30,2025-11-14 09:57:38,LONG,24945.75,24955.75,REVERSAL,0,1,40.0,196.5,354,40.0,20.0,2
3657,2025-W46,GOOD,2025-11-14 09:59:46,2025-11-14 10:00:00,LONG,24948.0,24958.0,REVERSAL,0,1,40.0,196.5,621,40.0,14.0,3
3658,2025-W46,GOOD,2025-11-14 10:00:10,2025-11-14 10:00:23,LONG,24941.75,24951.75,REVERSAL,0,1,40.0,196.5,482,40.0,8.0,2
3659,2025-W46,GOOD,2025-11-14 10:01:50,2025-11-14 10:01:54,LONG,24905.75,24915.75,REVERSAL,0,1,40.0,196.5,215,40.0,0.0,1
3660,2025-W46,GOOD,2025-11-14 10:01:54,2025-11-14 10:02:24,SHORT,24915.75,24936.0,HARD_STOP,1,2,-121.0,-612.0,1357,11.0,60.5,7
3661,2025-W46,GOOD,2025-11-14 10:02:26,2025-11-14 10:02:55,LONG,24927.25,24927.5,REVERSAL,1,2,42.0,203.0,1168,21.0,48.0,6
3662,2025-W46,GOOD,2025-11-14 10:03:35,2025-11-14 10:03:47,LONG,24928.5,24938.75,REVERSAL,0,1,41.0,201.5,410,41.0,24.0,2
3663,2025-W46,GOOD,2025-11-14 10:04:52,2025-11-14 10:04:54,LONG,24902.75,24912.75,REVERSAL,0,1,40.0,196.5,129,40.0,2.0,1
3664,2025-W46,GOOD,2025-11-14 10:04:54,2025-11-14 10:05:01,SHORT,24912.75,24902.75,REVERSAL,0,1,40.0,196.5,289,40.0,16.0,2
3665,2025-W46,GOOD,2025-11-14 10:05:10,2025-11-14 10:05:22,SHORT,24907.5,24907.0,REVERSAL,1,2,44.0,213.0,658,22.0,40.0,3
3666,2025-W46,GOOD,2025-11-14 10:05:22,2025-11-14 10:05:50,LONG,24907.0,24917.0,REVERSAL,0,1,40.0,196.5,1170,40.0,33.0,6
3667,2025-W46,GOOD,2025-11-14 10:05:58,2025-11-14 10:06:01,SHORT,24930.0,24919.75,REVERSAL,0,1,41.0,201.5,158,41.0,3.0,1
3668,2025-W46,GOOD,2025-11-14 10:06:01,2025-11-14 10:06:05,LONG,24919.75,24929.75,REVERSAL,0,1,40.0,196.5,258,40.0,12.0,2
3669,2025-W46,GOOD,2025-11-14 10:06:33,2025-11-14 10:06:59,SHORT,24961.25,24981.25,HARD_STOP,1,2,-120.0,-607.0,1508,32.0,60.0,7
3670,2025-W46,GOOD,2025-11-14 10:07:01,2025-11-14 10:07:11,LONG,24974.0,24954.0,HARD_STOP,1,2,-120.0,-607.0,710,4.0,60.0,4
3671,2025-W46,GOOD,2025-11-14 10:07:17,2025-11-14 10:07:41,LONG,24946.0,24926.0,HARD_STOP,1,2,-120.0,-607.0,894,22.0,60.0,4
3672,2025-W46,GOOD,2025-11-14 10:08:48,2025-11-14 10:08:52,SHORT,24939.25,24929.0,REVERSAL,0,1,41.0,201.5,158,41.0,15.0,1
3673,2025-W46,GOOD,2025-11-14 10:08:52,2025-11-14 10:09:38,LONG,24929.0,24929.25,REVERSAL,1,2,42.0,203.0,1626,21.0,48.0,8
3674,2025-W46,GOOD,2025-11-14 10:09:47,2025-11-14 10:10:43,SHORT,24945.0,24965.0,HARD_STOP,1,2,-120.0,-607.0,2553,36.0,60.0,11
3675,2025-W46,GOOD,2025-11-14 10:10:52,2025-11-14 10:11:01,LONG,24962.75,24942.75,HARD_STOP,1,2,-120.0,-607.0,535,4.0,60.0,3
3676,2025-W46,GOOD,2025-11-14 10:12:57,2025-11-14 10:13:01,LONG,24871.75,24881.75,REVERSAL,0,1,40.0,196.5,193,40.0,12.0,1
3677,2025-W46,GOOD,2025-11-14 10:13:01,2025-11-14 10:13:27,SHORT,24881.75,24871.75,REVERSAL,0,1,40.0,196.5,812,40.0,15.0,5
3678,2025-W46,GOOD,2025-11-14 10:13:35,2025-11-14 10:14:17,LONG,24868.25,24878.5,REVERSAL,0,1,41.0,201.5,1328,41.0,20.0,6
3679,2025-W46,GOOD,2025-11-14 10:14:22,2025-11-14 10:14:50,LONG,24873.0,24883.0,REVERSAL,0,1,40.0,196.5,679,40.0,21.0,4
3680,2025-W46,GOOD,2025-11-14 10:15:11,2025-11-14 10:16:01,SHORT,24918.5,24938.5,HARD_STOP,1,2,-120.0,-607.0,2264,14.0,60.0,10
3681,2025-W46,GOOD,2025-11-14 10:16:51,2025-11-14 10:17:00,SHORT,24978.0,24968.0,REVERSAL,0,1,40.0,196.5,371,40.0,14.0,2
3682,2025-W46,GOOD,2025-11-14 10:19:44,2025-11-14 10:20:01,LONG,24930.0,24940.0,REVERSAL,0,1,40.0,196.5,510,40.0,30.0,3
3683,2025-W46,GOOD,2025-11-14 10:20:23,2025-11-14 10:20:25,LONG,24926.0,24936.0,REVERSAL,0,1,40.0,196.5,132,40.0,7.0,1
3684,2025-W46,GOOD,2025-11-14 10:20:25,2025-11-14 10:20:50,SHORT,24936.0,24956.0,HARD_STOP,1,2,-120.0,-607.0,656,9.0,60.0,4
3685,2025-W46,GOOD,2025-11-14 10:20:59,2025-11-14 10:21:17,LONG,24946.0,24926.0,HARD_STOP,1,2,-120.0,-607.0,671,16.0,60.0,4
3686,2025-W46,GOOD,2025-11-14 10:22:47,2025-11-14 10:22:58,SHORT,24959.5,24947.5,REVERSAL,0,1,48.0,236.5,263,48.0,1.0,2
3687,2025-W46,GOOD,2025-11-14 10:24:25,2025-11-14 10:24:34,LONG,24913.75,24923.75,REVERSAL,0,1,40.0,196.5,263,40.0,16.0,2
3688,2025-W46,GOOD,2025-11-14 10:25:19,2025-11-14 10:25:26,SHORT,24926.0,24916.0,REVERSAL,0,1,40.0,196.5,219,40.0,14.0,1
3689,2025-W46,GOOD,2025-11-14 10:25:26,2025-11-14 10:25:36,LONG,24916.0,24926.0,REVERSAL,0,1,40.0,196.5,318,40.0,32.0,3
3690,2025-W46,GOOD,2025-11-14 10:25:56,2025-11-14 10:26:05,LONG,24906.0,24916.0,REVERSAL,0,1,40.0,196.5,268,40.0,13.0,2
3691,2025-W46,GOOD,2025-11-14 10:26:53,2025-11-14 10:27:16,SHORT,24964.0,24984.0,HARD_STOP,1,2,-120.0,-607.0,1172,31.0,60.0,5
3692,2025-W46,GOOD,2025-11-14 10:28:08,2025-11-14 10:29:07,SHORT,25018.25,25018.25,REVERSAL,1,2,40.0,193.0,2743,39.0,40.0,11
3693,2025-W46,GOOD,2025-11-14 10:29:42,2025-11-14 10:30:09,LONG,25006.75,25016.75,REVERSAL,0,1,40.0,196.5,859,40.0,13.0,4
3694,2025-W46,GOOD,2025-11-14 10:31:32,2025-11-14 10:31:57,LONG,24990.75,24990.75,REVERSAL,1,2,40.0,193.0,936,35.0,40.0,4
3695,2025-W46,GOOD,2025-11-14 10:32:45,2025-11-14 10:32:56,SHORT,25010.5,25000.5,REVERSAL,0,1,40.0,196.5,276,40.0,9.0,2
3696,2025-W46,GOOD,2025-11-14 10:36:11,2025-11-14 10:36:15,LONG,25009.0,25019.25,REVERSAL,0,1,41.0,201.5,142,41.0,0.0,1
3697,2025-W46,GOOD,2025-11-14 10:36:15,2025-11-14 10:36:44,SHORT,25019.25,25019.0,REVERSAL,1,2,42.0,203.0,1167,21.0,47.0,6
3698,2025-W46,GOOD,2025-11-14 10:37:25,2025-11-14 10:37:39,SHORT,25032.0,25031.75,REVERSAL,1,2,42.0,203.0,1259,21.0,40.0,6
3699,2025-W46,GOOD,2025-11-14 10:38:43,2025-11-14 10:38:54,LONG,25044.75,25054.75,REVERSAL,0,1,40.0,196.5,617,40.0,1.0,3
3700,2025-W46,GOOD,2025-11-14 10:39:37,2025-11-14 10:41:18,SHORT,25078.0,25068.0,REVERSAL,0,1,40.0,196.5,4172,40.0,37.0,17
3701,2025-W46,GOOD,2025-11-14 10:44:29,2025-11-14 10:44:41,SHORT,25096.0,25086.0,REVERSAL,0,1,40.0,196.5,435,40.0,12.0,2
3702,2025-W46,GOOD,2025-11-14 10:44:53,2025-11-14 10:45:00,SHORT,25097.25,25087.25,REVERSAL,0,1,40.0,196.5,234,40.0,3.0,1
3703,2025-W46,GOOD,2025-11-14 10:45:00,2025-11-14 10:45:16,LONG,25087.25,25097.25,REVERSAL,0,1,40.0,196.5,614,40.0,8.0,4
3704,2025-W46,GOOD,2025-11-14 10:47:02,2025-11-14 10:48:08,SHORT,25152.5,25172.5,HARD_STOP,1,2,-120.0,-607.0,2479,17.0,60.0,11
3705,2025-W46,GOOD,2025-11-14 10:49:06,2025-11-14 10:49:11,LONG,25143.5,25154.25,REVERSAL,0,1,43.0,211.5,195,43.0,7.0,1
3706,2025-W46,GOOD,2025-11-14 10:49:11,2025-11-14 10:50:32,SHORT,25154.25,25144.25,REVERSAL,0,1,40.0,196.5,2529,40.0,23.0,11
3707,2025-W46,GOOD,2025-11-14 10:52:40,2025-11-14 10:52:56,SHORT,25155.0,25144.75,REVERSAL,0,1,41.0,201.5,266,41.0,4.0,2
3708,2025-W46,GOOD,2025-11-14 10:53:06,2025-11-14 10:53:14,SHORT,25153.5,25143.5,REVERSAL,0,1,40.0,196.5,231,40.0,4.0,2
3709,2025-W46,GOOD,2025-11-14 10:55:20,2025-11-14 10:55:53,LONG,25132.25,25112.0,HARD_STOP,1,2,-121.0,-612.0,1146,33.0,60.5,5
3710,2025-W46,GOOD,2025-11-14 10:57:24,2025-11-14 10:57:47,SHORT,25123.75,25113.75,REVERSAL,0,1,40.0,196.5,510,40.0,10.0,3
3711,2025-W46,GOOD,2025-11-14 11:00:35,2025-11-14 11:00:47,SHORT,25153.5,25143.25,REVERSAL,0,1,41.0,201.5,309,41.0,13.0,2
3712,2025-W46,GOOD,2025-11-14 11:01:05,2025-11-14 11:02:43,LONG,25136.25,25116.25,HARD_STOP,1,2,-120.0,-607.0,2727,19.0,60.0,11
3713,2025-W46,GOOD,2025-11-14 11:03:34,2025-11-14 11:03:47,LONG,25115.75,25126.0,REVERSAL,0,1,41.0,201.5,261,41.0,12.0,2
3714,2025-W46,GOOD,2025-11-14 11:05:00,2025-11-14 11:05:31,LONG,25095.0,25075.0,HARD_STOP,1,2,-120.0,-607.0,879,4.0,60.0,4
3715,2025-W46,GOOD,2025-11-14 11:07:15,2025-11-14 11:08:07,LONG,25083.75,25083.5,REVERSAL,1,2,39.0,188.0,949,36.0,41.0,4
3716,2025-W46,GOOD,2025-11-14 11:11:18,2025-11-14 11:12:30,SHORT,25113.5,25113.75,REVERSAL,1,2,40.0,193.0,1255,20.0,42.0,6
3717,2025-W46,GOOD,2025-11-14 11:13:51,2025-11-14 11:14:16,SHORT,25139.0,25129.0,REVERSAL,0,1,40.0,196.5,585,40.0,18.0,3
3718,2025-W46,GOOD,2025-11-14 11:14:48,2025-11-14 11:15:13,LONG,25116.75,25126.75,REVERSAL,0,1,40.0,196.5,505,40.0,5.0,3
3719,2025-W46,GOOD,2025-11-14 11:15:38,2025-11-14 11:16:33,SHORT,25135.5,25125.5,REVERSAL,0,1,40.0,196.5,822,40.0,7.0,4
3720,2025-W46,GOOD,2025-11-14 11:17:55,2025-11-14 11:18:24,SHORT,25162.5,25152.5,REVERSAL,0,1,40.0,196.5,755,40.0,9.0,4
3721,2025-W46,GOOD,2025-11-14 11:20:05,2025-11-14 11:20:31,SHORT,25169.25,25169.25,REVERSAL,1,2,40.0,193.0,702,20.0,40.0,3
3722,2025-W46,GOOD,2025-11-14 11:22:01,2025-11-14 11:22:45,SHORT,25184.0,25184.0,REVERSAL,1,2,40.0,193.0,1406,24.0,40.0,6
3723,2025-W46,GOOD,2025-11-14 11:23:10,2025-11-14 11:25:14,SHORT,25206.0,25226.0,HARD_STOP,1,2,-120.0,-607.0,3044,19.0,60.0,13
3724,2025-W46,GOOD,2025-11-14 11:34:06,2025-11-14 11:35:10,LONG,25213.75,25223.75,REVERSAL,0,1,40.0,196.5,1161,40.0,26.0,6
3725,2025-W46,GOOD,2025-11-14 11:35:20,2025-11-14 11:36:04,LONG,25215.5,25226.0,REVERSAL,0,1,42.0,206.5,734,42.0,26.0,4
3726,2025-W46,GOOD,2025-11-14 11:36:58,2025-11-14 11:38:46,SHORT,25238.75,25258.75,HARD_STOP,1,2,-120.0,-607.0,2072,39.0,60.0,9
3727,2025-W46,GOOD,2025-11-14 11:40:20,2025-11-14 11:40:27,SHORT,25256.75,25246.0,REVERSAL,0,1,43.0,211.5,147,43.0,2.0,1
3728,2025-W46,GOOD,2025-11-14 11:40:27,2025-11-14 11:40:58,LONG,25246.0,25256.0,REVERSAL,0,1,40.0,196.5,361,40.0,8.0,3
3729,2025-W46,GOOD,2025-11-14 11:47:31,2025-11-14 11:48:30,LONG,25191.0,25191.0,REVERSAL,1,2,40.0,193.0,1300,20.0,40.0,6
3730,2025-W46,GOOD,2025-11-14 11:48:43,2025-11-14 11:49:39,SHORT,25201.0,25221.0,HARD_STOP,1,2,-120.0,-607.0,1244,24.0,60.0,5
3731,2025-W46,GOOD,2025-11-14 11:56:15,2025-11-14 11:56:52,SHORT,25257.5,25247.25,REVERSAL,0,1,41.0,201.5,597,41.0,5.0,3
3732,2025-W46,GOOD,2025-11-14 12:00:03,2025-11-14 12:00:50,LONG,25243.0,25222.75,HARD_STOP,1,2,-122.0,-617.0,1083,25.0,61.0,5
3733,2025-W46,GOOD,2025-11-14 12:00:53,2025-11-14 12:02:08,SHORT,25232.0,25232.0,REVERSAL,1,2,40.0,193.0,1129,20.0,40.0,6
3734,2025-W46,GOOD,2025-11-14 12:03:15,2025-11-14 12:05:03,SHORT,25241.0,25241.0,REVERSAL,1,2,40.0,193.0,1646,38.0,40.0,7
3735,2025-W46,GOOD,2025-11-14 12:05:51,2025-11-14 12:07:09,SHORT,25250.5,25250.5,REVERSAL,1,2,40.0,193.0,1347,31.0,40.0,6
3736,2025-W46,GOOD,2025-11-14 12:08:13,2025-11-14 12:08:31,SHORT,25244.5,25234.0,REVERSAL,0,1,42.0,206.5,293,42.0,13.0,2
3737,2025-W46,GOOD,2025-11-14 12:09:07,2025-11-14 12:10:03,SHORT,25257.25,25277.25,HARD_STOP,1,2,-120.0,-607.0,1203,26.0,60.0,5
3738,2025-W46,GOOD,2025-11-14 12:10:55,2025-11-14 12:11:11,SHORT,25290.0,25280.0,REVERSAL,0,1,40.0,196.5,352,40.0,3.0,2
3739,2025-W46,GOOD,2025-11-14 12:11:32,2025-11-14 12:12:17,SHORT,25283.75,25273.75,REVERSAL,0,1,40.0,196.5,805,40.0,38.0,5
3740,2025-W46,GOOD,2025-11-14 12:14:13,2025-11-14 12:14:43,SHORT,25285.5,25275.5,REVERSAL,0,1,40.0,196.5,431,40.0,8.0,3
3741,2025-W46,GOOD,2025-11-14 12:16:56,2025-11-14 12:17:24,SHORT,25278.25,25268.25,REVERSAL,0,1,40.0,196.5,342,40.0,10.0,2
3742,2025-W46,GOOD,2025-11-14 12:18:16,2025-11-14 12:19:06,LONG,25261.75,25271.75,REVERSAL,0,1,40.0,196.5,592,40.0,2.0,3
3743,2025-W46,GOOD,2025-11-14 12:31:18,2025-11-14 12:33:17,LONG,25243.5,25243.5,REVERSAL,1,2,40.0,193.0,2162,20.0,57.0,9
3744,2025-W46,GOOD,2025-11-14 12:34:38,2025-11-14 12:35:00,LONG,25234.75,25244.75,REVERSAL,0,1,40.0,196.5,256,40.0,0.0,2
3745,2025-W46,GOOD,2025-11-14 12:35:43,2025-11-14 12:36:02,SHORT,25260.0,25249.5,REVERSAL,0,1,42.0,206.5,247,42.0,3.0,1
3746,2025-W46,GOOD,2025-11-14 12:36:02,2025-11-14 12:36:27,LONG,25249.5,25259.5,REVERSAL,0,1,40.0,196.5,234,40.0,4.0,2
3747,2025-W46,GOOD,2025-11-14 12:38:59,2025-11-14 12:39:30,SHORT,25283.0,25272.75,REVERSAL,0,1,41.0,201.5,572,41.0,3.0,3
3748,2025-W46,GOOD,2025-11-14 12:40:51,2025-11-14 12:41:00,LONG,25250.5,25260.75,REVERSAL,0,1,41.0,201.5,268,41.0,2.0,2
3749,2025-W46,GOOD,2025-11-14 12:41:14,2025-11-14 12:42:24,LONG,25257.0,25257.0,REVERSAL,1,2,40.0,193.0,1054,20.0,40.0,5
3750,2025-W46,GOOD,2025-11-14 12:43:47,2025-11-14 12:44:02,SHORT,25252.25,25242.0,REVERSAL,0,1,41.0,201.5,230,41.0,4.0,2
3751,2025-W46,GOOD,2025-11-14 12:47:05,2025-11-14 12:48:17,LONG,25235.0,25215.0,HARD_STOP,1,2,-120.0,-607.0,1452,34.0,60.0,6
3752,2025-W46,GOOD,2025-11-14 12:49:27,2025-11-14 12:50:59,LONG,25204.5,25184.5,HARD_STOP,1,2,-120.0,-607.0,3362,23.0,60.0,14
3753,2025-W46,GOOD,2025-11-14 12:51:45,2025-11-14 12:52:00,LONG,25163.5,25173.5,REVERSAL,0,1,40.0,196.5,538,40.0,13.0,3
3754,2025-W46,GOOD,2025-11-14 12:52:50,2025-11-14 12:54:00,SHORT,25200.5,25220.5,HARD_STOP,1,2,-120.0,-607.0,1854,26.0,60.0,8
3755,2025-W46,GOOD,2025-11-14 12:55:48,2025-11-14 12:56:25,SHORT,25212.0,25202.0,REVERSAL,0,1,40.0,196.5,597,40.0,21.0,3
3756,2025-W46,GOOD,2025-11-14 12:57:08,2025-11-14 12:57:21,SHORT,25216.75,25206.75,REVERSAL,0,1,40.0,196.5,215,40.0,7.0,1
3757,2025-W46,GOOD,2025-11-14 12:57:21,2025-11-14 12:58:26,LONG,25206.75,25186.75,HARD_STOP,1,2,-120.0,-607.0,1404,9.0,60.0,7
3758,2025-W46,GOOD,2025-11-14 12:59:09,2025-11-14 12:59:48,LONG,25187.25,25197.25,REVERSAL,0,1,40.0,196.5,548,40.0,11.0,3
3759,2025-W46,GOOD,2025-11-14 13:00:01,2025-11-14 13:00:11,LONG,25195.0,25205.0,REVERSAL,0,1,40.0,196.5,273,40.0,12.0,2
3760,2025-W46,GOOD,2025-11-14 13:04:24,2025-11-14 13:05:48,LONG,25148.25,25128.0,HARD_STOP,1,2,-122.0,-617.0,2086,7.0,61.0,9
3761,2025-W46,GOOD,2025-11-14 13:06:45,2025-11-14 13:07:04,LONG,25131.75,25141.75,REVERSAL,0,1,40.0,196.5,381,40.0,1.0,3
3762,2025-W46,GOOD,2025-11-14 13:10:43,2025-11-14 13:11:04,SHORT,25168.5,25158.5,REVERSAL,0,1,40.0,196.5,509,40.0,8.0,3
3763,2025-W46,GOOD,2025-11-14 13:12:19,2025-11-14 13:12:27,SHORT,25197.0,25186.75,REVERSAL,0,1,41.0,201.5,367,41.0,26.0,2
3764,2025-W46,GOOD,2025-11-14 13:13:03,2025-11-14 13:13:34,SHORT,25206.0,25206.0,REVERSAL,1,2,40.0,193.0,831,23.0,40.0,4
3765,2025-W46,GOOD,2025-11-14 13:15:29,2025-11-14 13:15:44,LONG,25194.0,25204.0,REVERSAL,0,1,40.0,196.5,257,40.0,1.0,2
3766,2025-W46,GOOD,2025-11-14 13:16:04,2025-11-14 13:16:24,SHORT,25212.0,25202.0,REVERSAL,0,1,40.0,196.5,360,40.0,17.0,2
3767,2025-W46,GOOD,2025-11-14 13:18:16,2025-11-14 13:21:13,LONG,25170.5,25150.5,HARD_STOP,1,2,-120.0,-607.0,2538,27.0,60.0,11
3768,2025-W46,GOOD,2025-11-14 13:22:49,2025-11-14 13:23:18,LONG,25130.0,25140.0,REVERSAL,0,1,40.0,196.5,697,40.0,8.0,3
3769,2025-W46,GOOD,2025-11-14 13:25:10,2025-11-14 13:25:15,SHORT,25157.0,25147.0,REVERSAL,0,1,40.0,196.5,116,40.0,6.0,1
3770,2025-W46,GOOD,2025-11-14 13:25:15,2025-11-14 13:27:07,LONG,25147.0,25146.75,REVERSAL,1,2,39.0,188.0,1432,19.5,43.5,7
3771,2025-W46,GOOD,2025-11-14 13:28:52,2025-11-14 13:29:11,SHORT,25161.75,25151.5,REVERSAL,0,1,41.0,201.5,296,41.0,12.0,2
3772,2025-W46,GOOD,2025-11-14 13:34:00,2025-11-14 13:34:10,SHORT,25187.25,25176.75,REVERSAL,0,1,42.0,206.5,135,42.0,4.0,1
3773,2025-W46,GOOD,2025-11-14 13:34:10,2025-11-14 13:34:56,LONG,25176.75,25176.5,REVERSAL,1,2,39.0,188.0,638,25.0,41.0,4
3774,2025-W46,GOOD,2025-11-14 13:38:12,2025-11-14 13:38:43,LONG,25115.5,25125.5,REVERSAL,0,1,40.0,196.5,647,40.0,0.0,3
3775,2025-W46,GOOD,2025-11-14 13:42:33,2025-11-14 13:44:02,LONG,25106.0,25106.0,REVERSAL,1,2,40.0,193.0,1720,20.0,40.0,8
3776,2025-W46,GOOD,2025-11-14 13:46:32,2025-11-14 13:46:49,LONG,25090.75,25100.75,REVERSAL,0,1,40.0,196.5,247,40.0,0.0,1
3777,2025-W46,GOOD,2025-11-14 13:46:49,2025-11-14 13:48:09,SHORT,25100.75,25090.5,REVERSAL,0,1,41.0,201.5,965,41.0,15.0,5
3778,2025-W46,GOOD,2025-11-14 13:50:09,2025-11-14 13:50:57,SHORT,25124.0,25123.75,REVERSAL,1,2,42.0,203.0,1228,32.0,40.0,5
3779,2025-W46,GOOD,2025-11-14 13:51:09,2025-11-14 13:51:52,SHORT,25129.75,25149.75,HARD_STOP,1,2,-120.0,-607.0,938,5.0,60.0,5
3780,2025-W46,GOOD,2025-11-14 13:56:17,2025-11-14 13:56:32,LONG,25172.5,25182.5,REVERSAL,0,1,40.0,196.5,542,40.0,10.0,3
3781,2025-W46,GOOD,2025-11-14 13:58:27,2025-11-14 13:58:38,SHORT,25175.75,25165.75,REVERSAL,0,1,40.0,196.5,140,40.0,0.0,1
3782,2025-W46,GOOD,2025-11-14 13:58:38,2025-11-14 13:58:56,LONG,25165.75,25175.75,REVERSAL,0,1,40.0,196.5,239,40.0,1.0,2
3783,2025-W46,GOOD,2025-11-14 14:00:08,2025-11-14 14:01:07,SHORT,25179.25,25169.0,REVERSAL,0,1,41.0,201.5,992,41.0,20.0,4
3784,2025-W46,GOOD,2025-11-14 14:02:24,2025-11-14 14:02:38,SHORT,25180.75,25170.75,REVERSAL,0,1,40.0,196.5,161,40.0,8.0,1
3785,2025-W46,GOOD,2025-11-14 14:02:38,2025-11-14 14:03:18,LONG,25170.75,25181.0,REVERSAL,0,1,41.0,201.5,399,41.0,12.0,3
3786,2025-W46,GOOD,2025-11-14 14:04:45,2025-11-14 14:05:01,LONG,25149.75,25159.75,REVERSAL,0,1,40.0,196.5,197,40.0,0.0,1
3787,2025-W46,GOOD,2025-11-14 14:05:01,2025-11-14 14:05:08,SHORT,25159.75,25149.75,REVERSAL,0,1,40.0,196.5,127,40.0,5.0,2
3788,2025-W46,GOOD,2025-11-14 14:13:04,2025-11-14 14:13:27,SHORT,25156.0,25146.0,REVERSAL,0,1,40.0,196.5,383,40.0,2.0,2
3789,2025-W46,GOOD,2025-11-14 14:17:45,2025-11-14 14:18:15,LONG,25152.75,25162.75,REVERSAL,0,1,40.0,196.5,311,40.0,1.0,2
3790,2025-W46,GOOD,2025-11-14 14:23:42,2025-11-14 14:25:16,SHORT,25213.75,25203.5,REVERSAL,0,1,41.0,201.5,1295,41.0,30.0,6
3791,2025-W46,GOOD,2025-11-14 14:26:21,2025-11-14 14:26:37,SHORT,25202.75,25192.75,REVERSAL,0,1,40.0,196.5,178,40.0,3.0,1
3792,2025-W46,GOOD,2025-11-14 14:26:37,2025-11-14 14:27:01,LONG,25192.75,25192.5,REVERSAL,1,2,39.0,188.0,388,19.5,41.0,3
3793,2025-W46,GOOD,2025-11-14 14:29:59,2025-11-14 14:31:13,SHORT,25203.0,25203.0,REVERSAL,1,2,40.0,193.0,1268,20.0,44.0,6
3794,2025-W46,GOOD,2025-11-14 14:32:42,2025-11-14 14:33:01,SHORT,25201.0,25191.0,REVERSAL,0,1,40.0,196.5,189,40.0,0.0,1
3795,2025-W46,GOOD,2025-11-14 14:33:01,2025-11-14 14:34:00,LONG,25191.0,25201.0,REVERSAL,0,1,40.0,196.5,801,40.0,30.0,4
3796,2025-W46,GOOD,2025-11-14 14:43:04,2025-11-14 14:44:20,SHORT,25209.25,25199.25,REVERSAL,0,1,40.0,196.5,550,40.0,11.0,3
3797,2025-W46,GOOD,2025-11-14 14:49:58,2025-11-14 14:50:29,LONG,25212.0,25222.0,REVERSAL,0,1,40.0,196.5,389,40.0,19.0,2
3798,2025-W46,GOOD,2025-11-14 14:51:36,2025-11-14 14:51:50,SHORT,25235.0,25225.0,REVERSAL,0,1,40.0,196.5,139,40.0,3.0,1
3799,2025-W46,GOOD,2025-11-14 14:51:50,2025-11-14 14:52:18,LONG,25225.0,25235.0,REVERSAL,0,1,40.0,196.5,206,40.0,7.0,2
3800,2025-W46,GOOD,2025-11-14 14:57:53,2025-11-14 14:58:53,SHORT,25231.25,25221.25,REVERSAL,0,1,40.0,196.5,689,40.0,10.0,3
3801,2025-W46,GOOD,2025-11-14 15:00:01,2025-11-14 15:01:14,SHORT,25231.75,25221.5,REVERSAL,0,1,41.0,201.5,1555,41.0,23.0,7
3802,2025-W46,GOOD,2025-11-14 15:02:22,2025-11-14 15:02:39,SHORT,25250.0,25240.0,REVERSAL,0,1,40.0,196.5,221,40.0,5.0,1
3803,2025-W46,GOOD,2025-11-14 15:02:39,2025-11-14 15:02:46,LONG,25240.0,25250.0,REVERSAL,0,1,40.0,196.5,86,40.0,0.0,2
3804,2025-W46,GOOD,2025-11-14 15:10:36,2025-11-14 15:11:55,LONG,25211.25,25191.0,HARD_STOP,1,2,-122.0,-617.0,822,11.0,61.0,5
3805,2025-W46,GOOD,2025-11-14 15:17:00,2025-11-14 15:17:12,SHORT,25185.25,25175.0,REVERSAL,0,1,41.0,201.5,152,41.0,7.0,1
3806,2025-W46,GOOD,2025-11-14 15:17:12,2025-11-14 15:18:36,LONG,25175.0,25155.0,HARD_STOP,1,2,-120.0,-607.0,1191,9.0,60.0,6
3807,2025-W46,GOOD,2025-11-14 15:21:47,2025-11-14 15:23:37,LONG,25130.75,25140.75,REVERSAL,0,1,40.0,196.5,1901,40.0,33.0,8
3808,2025-W46,GOOD,2025-11-14 15:27:23,2025-11-14 15:28:07,LONG,25126.75,25136.75,REVERSAL,0,1,40.0,196.5,472,40.0,4.0,2
3809,2025-W46,GOOD,2025-11-14 15:28:44,2025-11-14 15:29:39,LONG,25134.25,25145.0,REVERSAL,0,1,43.0,211.5,418,43.0,3.0,3
3810,2025-W46,GOOD,2025-11-14 15:30:20,2025-11-14 15:31:17,LONG,25128.75,25139.25,REVERSAL,0,1,42.0,206.5,726,42.0,16.0,3
3811,2025-W46,GOOD,2025-11-14 15:31:27,2025-11-14 15:32:30,LONG,25129.5,25139.5,REVERSAL,0,1,40.0,196.5,851,40.0,16.0,4
3812,2025-W46,GOOD,2025-11-14 15:33:00,2025-11-14 15:34:13,SHORT,25150.5,25150.75,REVERSAL,1,2,39.0,188.0,1391,36.0,41.0,6
3813,2025-W46,GOOD,2025-11-14 15:34:50,2025-11-14 15:35:24,LONG,25145.25,25155.25,REVERSAL,0,1,40.0,196.5,355,40.0,1.0,2
3814,2025-W46,GOOD,2025-11-14 15:35:41,2025-11-14 15:36:13,SHORT,25160.5,25150.5,REVERSAL,0,1,40.0,196.5,346,40.0,3.0,2
3815,2025-W46,GOOD,2025-11-14 15:40:41,2025-11-14 15:41:09,LONG,25109.75,25119.75,REVERSAL,0,1,40.0,196.5,550,40.0,7.0,3
3816,2025-W46,GOOD,2025-11-14 15:43:11,2025-11-14 15:45:28,LONG,25109.5,25119.75,REVERSAL,0,1,41.0,201.5,1968,41.0,23.0,8
3817,2025-W46,GOOD,2025-11-14 15:49:38,2025-11-14 15:49:50,LONG,25076.25,25079.0,EOD_FLATTEN,0,1,11.0,51.5,254,24.0,1.0,2
3818,2025-W47,BEST,2025-11-17 09:30:00,2025-11-17 09:30:00,LONG,24986.25,24996.5,REVERSAL,0,1,41.0,201.5,204,41.0,5.0,1
3819,2025-W47,BEST,2025-11-17 09:30:00,2025-11-17 09:30:02,SHORT,24996.5,24986.25,REVERSAL,0,1,41.0,201.5,293,41.0,8.0,2
3820,2025-W47,BEST,2025-11-17 09:30:08,2025-11-17 09:30:15,LONG,24980.25,24990.75,REVERSAL,0,1,42.0,206.5,786,42.0,7.0,4
3821,2025-W47,BEST,2025-11-17 09:30:22,2025-11-17 09:31:02,LONG,24972.75,24972.5,REVERSAL,1,2,39.0,188.0,2925,33.0,50.5,12
3822,2025-W47,BEST,2025-11-17 09:32:13,2025-11-17 09:32:26,SHORT,25059.25,25049.25,REVERSAL,0,1,40.0,196.5,993,40.0,28.0,4
3823,2025-W47,BEST,2025-11-17 09:33:08,2025-11-17 09:33:12,SHORT,25079.0,25069.0,REVERSAL,0,1,40.0,196.5,352,40.0,4.0,2
3824,2025-W47,BEST,2025-11-17 09:35:06,2025-11-17 09:35:20,SHORT,25103.5,25093.5,REVERSAL,0,1,40.0,196.5,528,40.0,1.0,3
3825,2025-W47,BEST,2025-11-17 09:35:48,2025-11-17 09:36:16,SHORT,25099.75,25120.0,HARD_STOP,1,2,-121.0,-612.0,1692,17.0,60.5,7
3826,2025-W47,BEST,2025-11-17 09:37:42,2025-11-17 09:37:49,SHORT,25175.0,25165.0,REVERSAL,0,1,40.0,196.5,384,40.0,11.0,2
3827,2025-W47,BEST,2025-11-17 09:39:36,2025-11-17 09:40:57,SHORT,25168.5,25168.5,REVERSAL,1,2,40.0,193.0,3268,29.0,44.0,14
3828,2025-W47,BEST,2025-11-17 09:41:52,2025-11-17 09:41:57,LONG,25158.0,25168.0,REVERSAL,0,1,40.0,196.5,209,40.0,6.0,1
3829,2025-W47,BEST,2025-11-17 09:41:57,2025-11-17 09:42:01,SHORT,25168.0,25157.5,REVERSAL,0,1,42.0,206.5,205,42.0,8.0,2
3830,2025-W47,BEST,2025-11-17 09:46:40,2025-11-17 09:47:47,SHORT,25199.5,25219.75,HARD_STOP,1,2,-122.0,-617.0,2261,36.0,61.0,10
3831,2025-W47,BEST,2025-11-17 09:49:48,2025-11-17 09:51:29,SHORT,25221.0,25241.0,HARD_STOP,1,2,-120.0,-607.0,3405,14.0,60.0,14
3832,2025-W47,BEST,2025-11-17 09:54:54,2025-11-17 09:55:17,LONG,25234.0,25244.0,REVERSAL,0,1,40.0,196.5,551,40.0,4.0,3
3833,2025-W47,BEST,2025-11-17 09:55:45,2025-11-17 09:55:49,SHORT,25252.75,25242.75,REVERSAL,0,1,40.0,196.5,152,40.0,5.0,1
3834,2025-W47,BEST,2025-11-17 09:55:49,2025-11-17 09:56:22,LONG,25242.75,25222.25,HARD_STOP,1,2,-123.0,-622.0,1090,8.0,61.5,5
3835,2025-W47,BEST,2025-11-17 10:01:38,2025-11-17 10:01:52,LONG,25179.75,25189.75,REVERSAL,0,1,40.0,196.5,394,40.0,13.0,2
3836,2025-W47,BEST,2025-11-17 10:02:05,2025-11-17 10:02:18,SHORT,25198.25,25188.25,REVERSAL,0,1,40.0,196.5,245,40.0,8.0,1
3837,2025-W47,BEST,2025-11-17 10:02:18,2025-11-17 10:03:09,LONG,25188.25,25188.25,REVERSAL,1,2,40.0,193.0,1424,20.0,56.0,7
3838,2025-W47,BEST,2025-11-17 10:05:11,2025-11-17 10:05:25,LONG,25128.5,25138.5,REVERSAL,0,1,40.0,196.5,508,40.0,10.0,3
3839,2025-W47,BEST,2025-11-17 10:07:42,2025-11-17 10:07:54,LONG,25110.0,25120.25,REVERSAL,0,1,41.0,201.5,478,41.0,11.0,2
3840,2025-W47,BEST,2025-11-17 10:08:09,2025-11-17 10:08:31,LONG,25107.5,25087.25,HARD_STOP,1,2,-121.0,-612.0,943,17.0,60.5,5
3841,2025-W47,BEST,2025-11-17 10:08:44,2025-11-17 10:08:51,LONG,25076.5,25086.5,REVERSAL,0,1,40.0,196.5,410,40.0,10.0,2
3842,2025-W47,BEST,2025-11-17 10:09:40,2025-11-17 10:09:51,LONG,25063.5,25073.5,REVERSAL,0,1,40.0,196.5,406,40.0,11.0,2
3843,2025-W47,BEST,2025-11-17 10:10:12,2025-11-17 10:10:25,LONG,25083.5,25093.5,REVERSAL,0,1,40.0,196.5,388,40.0,20.0,3
3844,2025-W47,BEST,2025-11-17 10:10:55,2025-11-17 10:11:20,SHORT,25102.75,25123.0,HARD_STOP,1,2,-122.0,-617.0,1106,29.0,61.0,5
3845,2025-W47,BEST,2025-11-17 10:12:02,2025-11-17 10:12:20,SHORT,25132.5,25122.5,REVERSAL,0,1,40.0,196.5,412,40.0,21.0,2
3846,2025-W47,BEST,2025-11-17 10:13:25,2025-11-17 10:13:41,LONG,25114.75,25125.25,REVERSAL,0,1,42.0,206.5,463,42.0,9.0,2
3847,2025-W47,BEST,2025-11-17 10:17:34,2025-11-17 10:18:03,LONG,25096.75,25106.75,REVERSAL,0,1,40.0,196.5,847,40.0,38.0,4
3848,2025-W47,BEST,2025-11-17 10:19:02,2025-11-17 10:19:11,LONG,25081.0,25091.0,REVERSAL,0,1,40.0,196.5,341,40.0,28.0,2
3849,2025-W47,BEST,2025-11-17 10:19:53,2025-11-17 10:19:59,LONG,25057.25,25067.25,REVERSAL,0,1,40.0,196.5,281,40.0,2.0,2
3850,2025-W47,BEST,2025-11-17 10:20:38,2025-11-17 10:21:03,SHORT,25096.0,25086.0,REVERSAL,0,1,40.0,196.5,759,40.0,16.0,4
3851,2025-W47,BEST,2025-11-17 10:22:17,2025-11-17 10:22:31,SHORT,25105.0,25095.0,REVERSAL,0,1,40.0,196.5,523,40.0,2.0,3
3852,2025-W47,BEST,2025-11-17 10:22:52,2025-11-17 10:24:01,SHORT,25106.75,25106.75,REVERSAL,1,2,40.0,193.0,1686,24.0,40.0,7
3853,2025-W47,BEST,2025-11-17 10:26:49,2025-11-17 10:26:56,SHORT,25104.0,25094.0,REVERSAL,0,1,40.0,196.5,277,40.0,22.0,2
3854,2025-W47,BEST,2025-11-17 10:29:33,2025-11-17 10:30:15,SHORT,25139.25,25139.25,REVERSAL,1,2,41.0,198.0,1067,20.5,48.5,5
3855,2025-W47,BEST,2025-11-17 10:30:32,2025-11-17 10:30:51,LONG,25142.0,25141.5,REVERSAL,1,2,38.0,183.0,660,19.0,42.0,3
3856,2025-W47,BEST,2025-11-17 10:31:06,2025-11-17 10:31:14,SHORT,25149.25,25139.25,REVERSAL,0,1,40.0,196.5,140,40.0,0.0,1
3857,2025-W47,BEST,2025-11-17 10:31:14,2025-11-17 10:31:37,LONG,25139.25,25139.75,REVERSAL,1,2,44.0,213.0,561,22.0,40.0,4
3858,2025-W47,BEST,2025-11-17 10:31:52,2025-11-17 10:32:19,LONG,25138.0,25118.0,HARD_STOP,1,2,-120.0,-607.0,641,5.0,60.0,3
3859,2025-W47,BEST,2025-11-17 10:35:40,2025-11-17 10:36:03,SHORT,25094.5,25084.5,REVERSAL,0,1,40.0,196.5,544,40.0,5.0,3
3860,2025-W47,BEST,2025-11-17 10:36:03,2025-11-17 10:36:17,LONG,25084.5,25094.5,REVERSAL,0,1,40.0,196.5,313,40.0,10.0,2
3861,2025-W47,BEST,2025-11-17 10:36:35,2025-11-17 10:36:45,LONG,25081.0,25091.0,REVERSAL,0,1,40.0,196.5,185,40.0,1.0,1
3862,2025-W47,BEST,2025-11-17 10:36:45,2025-11-17 10:37:03,SHORT,25091.0,25080.75,REVERSAL,0,1,41.0,201.5,330,41.0,1.0,3
3863,2025-W47,BEST,2025-11-17 10:38:44,2025-11-17 10:38:46,LONG,25074.75,25084.75,REVERSAL,0,1,40.0,196.5,72,40.0,1.0,1
3864,2025-W47,BEST,2025-11-17 10:38:46,2025-11-17 10:39:02,SHORT,25084.75,25074.25,REVERSAL,0,1,42.0,206.5,349,42.0,2.0,2
3865,2025-W47,BEST,2025-11-17 10:39:27,2025-11-17 10:40:02,SHORT,25078.25,25068.25,REVERSAL,0,1,40.0,196.5,539,40.0,22.0,3
3866,2025-W47,BEST,2025-11-17 10:40:45,2025-11-17 10:41:02,SHORT,25074.75,25064.5,REVERSAL,0,1,41.0,201.5,258,41.0,5.0,2
3867,2025-W47,BEST,2025-11-17 10:41:36,2025-11-17 10:42:07,LONG,25075.75,25075.75,REVERSAL,1,2,40.0,193.0,596,22.0,40.0,3
3868,2025-W47,BEST,2025-11-17 10:42:07,2025-11-17 10:42:27,SHORT,25075.75,25065.75,REVERSAL,0,1,40.0,196.5,292,40.0,4.0,2
3869,2025-W47,BEST,2025-11-17 10:43:27,2025-11-17 10:43:35,SHORT,25102.5,25092.5,REVERSAL,0,1,40.0,196.5,236,40.0,7.0,1
3870,2025-W47,BEST,2025-11-17 10:43:35,2025-11-17 10:43:43,LONG,25092.5,25102.5,REVERSAL,0,1,40.0,196.5,208,40.0,8.0,2
3871,2025-W47,BEST,2025-11-17 10:44:11,2025-11-17 10:44:46,SHORT,25119.5,25119.5,REVERSAL,1,2,40.0,193.0,1002,29.0,40.0,5
3872,2025-W47,BEST,2025-11-17 10:45:47,2025-11-17 10:46:05,LONG,25119.0,25129.0,REVERSAL,0,1,40.0,196.5,287,40.0,27.0,2
3873,2025-W47,BEST,2025-11-17 10:48:34,2025-11-17 10:48:38,SHORT,25148.5,25138.5,REVERSAL,0,1,40.0,196.5,119,40.0,8.0,1
3874,2025-W47,BEST,2025-11-17 10:48:38,2025-11-17 10:49:25,LONG,25138.5,25118.25,HARD_STOP,1,2,-122.0,-617.0,1110,27.0,61.0,5
3875,2025-W47,BEST,2025-11-17 10:49:38,2025-11-17 10:49:50,LONG,25094.0,25104.0,REVERSAL,0,1,40.0,196.5,386,40.0,11.0,2
3876,2025-W47,BEST,2025-11-17 10:52:43,2025-11-17 10:52:59,LONG,25089.75,25090.0,REVERSAL,1,2,42.0,203.0,291,21.0,40.0,2
3877,2025-W47,BEST,2025-11-17 10:53:12,2025-11-17 10:54:19,SHORT,25118.25,25108.25,REVERSAL,0,1,40.0,196.5,910,40.0,6.0,4
3878,2025-W47,BEST,2025-11-17 10:58:47,2025-11-17 10:59:52,LONG,25068.0,25078.25,REVERSAL,0,1,41.0,201.5,1178,41.0,34.0,5
3879,2025-W47,BEST,2025-11-17 11:03:14,2025-11-17 11:03:31,LONG,25030.75,25041.0,REVERSAL,0,1,41.0,201.5,282,41.0,1.0,2
3880,2025-W47,BEST,2025-11-17 11:03:38,2025-11-17 11:03:45,SHORT,25049.5,25039.5,REVERSAL,0,1,40.0,196.5,149,40.0,6.0,1
3881,2025-W47,BEST,2025-11-17 11:03:45,2025-11-17 11:04:01,LONG,25039.5,25050.0,REVERSAL,0,1,42.0,206.5,250,42.0,11.0,2
3882,2025-W47,BEST,2025-11-17 11:05:21,2025-11-17 11:05:33,LONG,25046.75,25057.0,REVERSAL,0,1,41.0,201.5,187,41.0,0.0,1
3883,2025-W47,BEST,2025-11-17 11:05:33,2025-11-17 11:05:39,SHORT,25057.0,25046.75,REVERSAL,0,1,41.0,201.5,114,41.0,4.0,2
3884,2025-W47,BEST,2025-11-17 11:08:28,2025-11-17 11:09:32,LONG,25005.5,25005.5,REVERSAL,1,2,40.0,193.0,1269,20.0,40.0,6
3885,2025-W47,BEST,2025-11-17 11:10:14,2025-11-17 11:10:26,SHORT,25022.25,25012.25,REVERSAL,0,1,40.0,196.5,377,40.0,12.0,2
3886,2025-W47,BEST,2025-11-17 11:10:40,2025-11-17 11:11:05,SHORT,25017.25,25007.25,REVERSAL,0,1,40.0,196.5,428,40.0,16.0,3
3887,2025-W47,BEST,2025-11-17 11:15:05,2025-11-17 11:16:05,LONG,24972.0,24952.0,HARD_STOP,1,2,-120.0,-607.0,1814,12.0,60.0,8
3888,2025-W47,BEST,2025-11-17 11:17:18,2025-11-17 11:17:40,SHORT,24961.25,24951.25,REVERSAL,0,1,40.0,196.5,422,40.0,0.0,2
3889,2025-W47,BEST,2025-11-17 11:18:55,2025-11-17 11:20:55,LONG,24964.75,24964.5,REVERSAL,1,2,39.0,188.0,2660,33.0,58.5,11
3890,2025-W47,BEST,2025-11-17 11:21:03,2025-11-17 11:22:15,LONG,24959.25,24969.25,REVERSAL,0,1,40.0,196.5,1258,40.0,38.0,6
3891,2025-W47,BEST,2025-11-17 11:22:43,2025-11-17 11:23:09,SHORT,24972.0,24972.0,REVERSAL,1,2,40.0,193.0,649,23.0,40.0,3
3892,2025-W47,BEST,2025-11-17 11:23:38,2025-11-17 11:23:50,SHORT,24988.25,24978.25,REVERSAL,0,1,40.0,196.5,338,40.0,14.0,2
3893,2025-W47,BEST,2025-11-17 11:24:39,2025-11-17 11:25:01,SHORT,24990.25,24980.25,REVERSAL,0,1,40.0,196.5,355,40.0,11.0,2
3894,2025-W47,BEST,2025-11-17 11:26:05,2025-11-17 11:26:37,SHORT,24995.75,25015.75,HARD_STOP,1,2,-120.0,-607.0,842,39.0,60.0,4
3895,2025-W47,BEST,2025-11-17 11:28:36,2025-11-17 11:30:01,SHORT,25053.5,25073.5,HARD_STOP,1,2,-120.0,-607.0,2188,26.0,60.0,9
3896,2025-W47,BEST,2025-11-17 11:31:53,2025-11-17 11:33:08,SHORT,25096.0,25096.0,REVERSAL,1,2,40.0,193.0,1827,30.0,40.0,8
3897,2025-W47,BEST,2025-11-17 11:33:15,2025-11-17 11:33:35,SHORT,25104.5,25094.5,REVERSAL,0,1,40.0,196.5,380,40.0,15.0,2
3898,2025-W47,BEST,2025-11-17 11:35:01,2025-11-17 11:35:17,SHORT,25100.25,25089.75,REVERSAL,0,1,42.0,206.5,308,42.0,6.0,2
3899,2025-W47,BEST,2025-11-17 11:36:29,2025-11-17 11:37:25,SHORT,25110.5,25110.5,REVERSAL,1,2,40.0,193.0,1242,32.0,40.0,5
3900,2025-W47,BEST,2025-11-17 11:41:26,2025-11-17 11:41:36,SHORT,25153.0,25143.0,REVERSAL,0,1,40.0,196.5,312,40.0,12.0,2
3901,2025-W47,BEST,2025-11-17 11:42:43,2025-11-17 11:44:14,SHORT,25146.5,25136.5,REVERSAL,0,1,40.0,196.5,1625,40.0,27.0,7
3902,2025-W47,BEST,2025-11-17 11:45:12,2025-11-17 11:45:17,LONG,25134.5,25144.5,REVERSAL,0,1,40.0,196.5,110,40.0,1.0,1
3903,2025-W47,BEST,2025-11-17 11:45:17,2025-11-17 11:45:54,SHORT,25144.5,25144.5,REVERSAL,1,2,40.0,193.0,683,20.0,40.0,4
3904,2025-W47,BEST,2025-11-17 11:46:23,2025-11-17 11:46:43,LONG,25142.75,25152.75,REVERSAL,0,1,40.0,196.5,283,40.0,13.0,2
3905,2025-W47,BEST,2025-11-17 11:48:44,2025-11-17 11:50:34,SHORT,25155.0,25175.0,HARD_STOP,1,2,-120.0,-607.0,2542,38.0,60.0,11
3906,2025-W47,BEST,2025-11-17 11:51:01,2025-11-17 11:51:12,SHORT,25178.5,25168.5,REVERSAL,0,1,40.0,196.5,363,40.0,3.0,2
3907,2025-W47,BEST,2025-11-17 11:52:46,2025-11-17 11:53:37,SHORT,25182.5,25172.25,REVERSAL,0,1,41.0,201.5,1031,41.0,14.0,5
3908,2025-W47,BEST,2025-11-17 11:54:09,2025-11-17 11:56:23,LONG,25168.25,25168.25,REVERSAL,1,2,40.0,193.0,2457,35.0,50.0,10
3909,2025-W47,BEST,2025-11-17 11:57:34,2025-11-17 12:00:03,SHORT,25189.0,25188.75,REVERSAL,1,2,42.0,203.0,3105,26.0,40.0,13
3910,2025-W47,BEST,2025-11-17 12:00:50,2025-11-17 12:02:18,LONG,25178.5,25188.5,REVERSAL,0,1,40.0,196.5,1353,40.0,26.0,6
3911,2025-W47,BEST,2025-11-17 12:13:42,2025-11-17 12:14:42,SHORT,25172.25,25162.25,REVERSAL,0,1,40.0,196.5,486,40.0,6.0,2
3912,2025-W47,BEST,2025-11-17 12:16:35,2025-11-17 12:17:01,SHORT,25164.5,25154.5,REVERSAL,0,1,40.0,196.5,264,40.0,7.0,2
3913,2025-W47,BEST,2025-11-17 12:18:06,2025-11-17 12:19:17,LONG,25148.75,25128.75,HARD_STOP,1,2,-120.0,-607.0,1196,14.0,60.0,5
3914,2025-W47,BEST,2025-11-17 12:19:49,2025-11-17 12:20:10,SHORT,25146.5,25136.25,REVERSAL,0,1,41.0,201.5,272,41.0,0.0,2
3915,2025-W47,BEST,2025-11-17 12:23:54,2025-11-17 12:24:48,SHORT,25157.5,25147.25,REVERSAL,0,1,41.0,201.5,538,41.0,9.0,3
3916,2025-W47,BEST,2025-11-17 12:26:34,2025-11-17 12:27:02,SHORT,25154.0,25144.0,REVERSAL,0,1,40.0,196.5,221,40.0,3.0,1
3917,2025-W47,BEST,2025-11-17 12:27:02,2025-11-17 12:29:23,LONG,25144.0,25144.25,REVERSAL,1,2,42.0,203.0,1550,36.0,50.0,8
3918,2025-W47,BEST,2025-11-17 12:30:04,2025-11-17 12:30:31,SHORT,25156.0,25146.0,REVERSAL,0,1,40.0,196.5,445,40.0,11.0,2
3919,2025-W47,BEST,2025-11-17 12:30:43,2025-11-17 12:31:05,SHORT,25150.75,25140.5,REVERSAL,0,1,41.0,201.5,205,41.0,1.0,2
3920,2025-W47,BEST,2025-11-17 12:35:29,2025-11-17 12:35:39,SHORT,25164.25,25153.75,REVERSAL,0,1,42.0,206.5,145,42.0,2.0,1
3921,2025-W47,BEST,2025-11-17 12:35:39,2025-11-17 12:37:31,LONG,25153.75,25133.5,HARD_STOP,1,2,-121.0,-612.0,1619,23.0,60.5,8
3922,2025-W47,BEST,2025-11-17 12:41:18,2025-11-17 12:42:12,LONG,25078.75,25088.75,REVERSAL,0,1,40.0,196.5,1151,40.0,15.0,5
3923,2025-W47,BEST,2025-11-17 12:42:23,2025-11-17 12:44:05,SHORT,25097.75,25087.75,REVERSAL,0,1,40.0,196.5,1404,40.0,24.0,6
3924,2025-W47,BEST,2025-11-17 12:44:52,2025-11-17 12:45:14,LONG,25073.75,25053.5,HARD_STOP,1,2,-121.0,-612.0,1342,14.0,60.5,6
3925,2025-W47,BEST,2025-11-17 12:53:27,2025-11-17 12:54:25,LONG,25041.25,25021.0,HARD_STOP,1,2,-120.0,-607.0,1061,20.0,60.0,6
3926,2025-W47,BEST,2025-11-17 12:58:28,2025-11-17 12:58:50,SHORT,25022.0,25012.0,REVERSAL,0,1,40.0,196.5,323,40.0,3.0,2
3927,2025-W47,BEST,2025-11-17 12:59:19,2025-11-17 13:01:05,LONG,25006.25,24986.25,HARD_STOP,1,2,-120.0,-607.0,2428,5.0,60.0,10
3928,2025-W47,BEST,2025-11-17 13:03:46,2025-11-17 13:05:03,LONG,24974.0,24974.0,REVERSAL,1,2,40.0,193.0,1254,22.0,40.0,6
3929,2025-W47,BEST,2025-11-17 13:12:48,2025-11-17 13:13:29,LONG,24975.5,24985.5,REVERSAL,0,1,40.0,196.5,433,40.0,4.0,2
3930,2025-W47,BEST,2025-11-17 13:14:29,2025-11-17 13:15:12,SHORT,24993.25,24982.5,REVERSAL,0,1,43.0,211.5,839,43.0,16.0,4
3931,2025-W47,BEST,2025-11-17 13:18:01,2025-11-17 13:18:20,SHORT,25006.25,24996.0,REVERSAL,0,1,41.0,201.5,293,41.0,5.0,2
3932,2025-W47,BEST,2025-11-17 13:19:00,2025-11-17 13:22:10,SHORT,24998.25,24998.25,REVERSAL,1,2,40.0,193.0,2485,27.0,49.0,10
3933,2025-W47,BEST,2025-11-17 13:26:31,2025-11-17 13:27:00,LONG,24981.0,24991.0,REVERSAL,0,1,40.0,196.5,324,40.0,12.0,2
3934,2025-W47,BEST,2025-11-17 13:27:15,2025-11-17 13:27:41,SHORT,24992.5,24982.5,REVERSAL,0,1,40.0,196.5,316,40.0,9.0,2
3935,2025-W47,BEST,2025-11-17 13:30:42,2025-11-17 13:32:31,LONG,24973.25,24973.5,REVERSAL,1,2,42.0,203.0,1961,21.0,41.0,8
3936,2025-W47,BEST,2025-11-17 13:33:45,2025-11-17 13:37:12,LONG,24968.5,24978.5,REVERSAL,0,1,40.0,196.5,1920,40.0,36.0,8
3937,2025-W47,BEST,2025-11-17 13:40:48,2025-11-17 13:41:43,LONG,24967.5,24977.5,REVERSAL,0,1,40.0,196.5,766,40.0,20.0,4
3938,2025-W47,BEST,2025-11-17 13:42:28,2025-11-17 13:43:29,SHORT,24990.75,24980.75,REVERSAL,0,1,40.0,196.5,844,40.0,27.0,4
3939,2025-W47,BEST,2025-11-17 13:45:49,2025-11-17 13:46:44,SHORT,25005.0,25025.0,HARD_STOP,1,2,-120.0,-607.0,1055,20.0,60.0,5
3940,2025-W47,BEST,2025-11-17 13:49:46,2025-11-17 13:50:30,LONG,25013.75,25023.75,REVERSAL,0,1,40.0,196.5,749,40.0,17.0,3
3941,2025-W47,BEST,2025-11-17 13:51:49,2025-11-17 13:52:01,LONG,24979.75,24989.75,REVERSAL,0,1,40.0,196.5,321,40.0,7.0,2
3942,2025-W47,BEST,2025-11-17 13:55:19,2025-11-17 13:55:22,LONG,24931.0,24941.0,REVERSAL,0,1,40.0,196.5,124,40.0,6.0,1
3943,2025-W47,BEST,2025-11-17 13:55:22,2025-11-17 13:55:27,SHORT,24941.0,24931.0,REVERSAL,0,1,40.0,196.5,163,40.0,0.0,2
3944,2025-W47,BEST,2025-11-17 13:59:04,2025-11-17 13:59:14,LONG,24888.25,24898.25,REVERSAL,0,1,40.0,196.5,295,40.0,0.0,2
3945,2025-W47,BEST,2025-11-17 14:00:00,2025-11-17 14:00:54,LONG,24894.0,24904.0,REVERSAL,0,1,40.0,196.5,1413,40.0,28.0,6
3946,2025-W47,BEST,2025-11-17 14:02:44,2025-11-17 14:03:44,LONG,24876.25,24856.0,HARD_STOP,1,2,-122.0,-617.0,1760,28.0,61.0,8
3947,2025-W47,BEST,2025-11-17 14:04:56,2025-11-17 14:05:13,SHORT,24874.5,24864.25,REVERSAL,0,1,41.0,201.5,341,41.0,10.0,2
3948,2025-W47,BEST,2025-11-17 14:06:26,2025-11-17 14:06:28,SHORT,24884.75,24874.75,REVERSAL,0,1,40.0,196.5,91,40.0,5.0,1
3949,2025-W47,BEST,2025-11-17 14:06:28,2025-11-17 14:07:58,LONG,24874.75,24874.75,REVERSAL,1,2,40.0,193.0,1698,23.0,40.0,8
3950,2025-W47,BEST,2025-11-17 14:16:32,2025-11-17 14:17:00,LONG,24859.25,24869.25,REVERSAL,0,1,40.0,196.5,277,40.0,2.0,2
3951,2025-W47,BEST,2025-11-17 14:17:06,2025-11-17 14:17:13,SHORT,24879.5,24869.5,REVERSAL,0,1,40.0,196.5,223,40.0,7.0,1
3952,2025-W47,BEST,2025-11-17 14:17:13,2025-11-17 14:19:26,LONG,24869.5,24849.5,HARD_STOP,1,2,-120.0,-607.0,2041,33.0,60.0,10
3953,2025-W47,BEST,2025-11-17 14:25:15,2025-11-17 14:25:41,SHORT,24866.75,24856.75,REVERSAL,0,1,40.0,196.5,391,40.0,11.0,2
3954,2025-W47,BEST,2025-11-17 14:27:11,2025-11-17 14:27:34,SHORT,24845.75,24835.75,REVERSAL,0,1,40.0,196.5,427,40.0,3.0,2
3955,2025-W47,BEST,2025-11-17 14:31:14,2025-11-17 14:34:03,LONG,24850.25,24830.25,HARD_STOP,1,2,-120.0,-607.0,2497,19.0,60.0,10
3956,2025-W47,BEST,2025-11-17 14:34:09,2025-11-17 14:34:25,LONG,24818.75,24828.75,REVERSAL,0,1,40.0,196.5,391,40.0,0.0,2
3957,2025-W47,BEST,2025-11-17 14:35:11,2025-11-17 14:35:23,SHORT,24837.5,24827.0,REVERSAL,0,1,42.0,206.5,124,42.0,0.0,1
3958,2025-W47,BEST,2025-11-17 14:35:23,2025-11-17 14:35:41,LONG,24827.0,24837.0,REVERSAL,0,1,40.0,196.5,270,40.0,8.0,2
3959,2025-W47,BEST,2025-11-17 14:36:13,2025-11-17 14:36:36,SHORT,24845.5,24835.5,REVERSAL,0,1,40.0,196.5,271,40.0,3.0,2
3960,2025-W47,BEST,2025-11-17 14:40:16,2025-11-17 14:40:23,LONG,24779.5,24789.75,REVERSAL,0,1,41.0,201.5,336,41.0,5.0,2
3961,2025-W47,BEST,2025-11-17 14:42:49,2025-11-17 14:44:06,SHORT,24799.0,24819.0,HARD_STOP,1,2,-120.0,-607.0,1422,31.0,60.0,6
3962,2025-W47,BEST,2025-11-17 14:46:04,2025-11-17 14:47:11,LONG,24796.5,24776.5,HARD_STOP,1,2,-120.0,-607.0,1332,22.0,60.0,6
3963,2025-W47,BEST,2025-11-17 14:49:46,2025-11-17 14:51:35,SHORT,24801.75,24802.0,REVERSAL,1,2,39.0,188.0,2179,22.0,41.0,10
3964,2025-W47,BEST,2025-11-17 14:56:28,2025-11-17 14:58:01,LONG,24773.0,24773.0,REVERSAL,1,2,40.0,193.0,1564,20.0,40.0,7
3965,2025-W47,BEST,2025-11-17 15:03:01,2025-11-17 15:03:05,LONG,24742.0,24752.0,REVERSAL,0,1,40.0,196.5,89,40.0,0.0,1
3966,2025-W47,BEST,2025-11-17 15:03:05,2025-11-17 15:03:34,SHORT,24752.0,24741.75,REVERSAL,0,1,41.0,201.5,633,41.0,21.0,3
3967,2025-W47,BEST,2025-11-17 15:03:47,2025-11-17 15:04:01,LONG,24735.25,24745.25,REVERSAL,0,1,40.0,196.5,294,40.0,0.0,2
3968,2025-W47,BEST,2025-11-17 15:06:04,2025-11-17 15:07:03,SHORT,24773.0,24763.0,REVERSAL,0,1,40.0,196.5,806,40.0,23.0,4
3969,2025-W47,BEST,2025-11-17 15:09:14,2025-11-17 15:09:52,LONG,24752.25,24762.25,REVERSAL,0,1,40.0,196.5,469,40.0,9.0,2
3970,2025-W47,BEST,2025-11-17 15:14:44,2025-11-17 15:15:26,LONG,24750.0,24760.0,REVERSAL,0,1,40.0,196.5,923,40.0,22.0,4
3971,2025-W47,BEST,2025-11-17 15:15:35,2025-11-17 15:17:05,SHORT,24774.5,24774.5,REVERSAL,1,2,40.0,193.0,1574,24.0,42.0,7
3972,2025-W47,BEST,2025-11-17 15:17:20,2025-11-17 15:18:30,SHORT,24779.0,24799.0,HARD_STOP,1,2,-120.0,-607.0,1107,25.0,60.0,6
3973,2025-W47,BEST,2025-11-17 15:20:33,2025-11-17 15:21:40,LONG,24785.5,24765.25,HARD_STOP,1,2,-121.0,-612.0,1034,14.0,60.5,5
3974,2025-W47,BEST,2025-11-17 15:25:31,2025-11-17 15:25:35,SHORT,24806.75,24796.75,REVERSAL,0,1,40.0,196.5,119,40.0,3.0,1
3975,2025-W47,BEST,2025-11-17 15:25:35,2025-11-17 15:27:38,LONG,24796.75,24796.5,REVERSAL,1,2,39.0,188.0,2148,36.0,41.0,10
3976,2025-W47,BEST,2025-11-17 15:32:07,2025-11-17 15:32:45,SHORT,24795.75,24795.5,REVERSAL,1,2,42.0,203.0,451,21.0,40.0,2
3977,2025-W47,BEST,2025-11-17 15:35:38,2025-11-17 15:37:07,SHORT,24792.75,24792.75,REVERSAL,1,2,40.0,193.0,1238,38.0,40.0,5
3978,2025-W47,BEST,2025-11-17 15:49:19,2025-11-17 15:49:28,SHORT,24846.25,24836.25,REVERSAL,0,1,40.0,196.5,361,40.0,5.0,2
3979,2025-W47,BEST,2025-11-18 09:30:00,2025-11-18 09:30:01,LONG,24708.25,24718.25,REVERSAL,0,1,40.0,196.5,217,40.0,9.0,1
3980,2025-W47,BEST,2025-11-18 09:30:01,2025-11-18 09:30:07,SHORT,24718.25,24738.25,HARD_STOP,1,2,-120.0,-607.0,894,35.0,60.0,5
3981,2025-W47,BEST,2025-11-18 09:30:20,2025-11-18 09:30:22,LONG,24728.0,24738.0,REVERSAL,0,1,40.0,196.5,203,40.0,8.0,1
3982,2025-W47,BEST,2025-11-18 09:30:22,2025-11-18 09:30:36,SHORT,24738.0,24758.0,HARD_STOP,1,2,-120.0,-607.0,1136,25.0,60.0,6
3983,2025-W47,BEST,2025-11-18 09:31:16,2025-11-18 09:32:01,LONG,24682.25,24682.25,REVERSAL,1,2,40.0,193.0,3887,29.0,51.0,16
3984,2025-W47,BEST,2025-11-18 09:32:35,2025-11-18 09:32:45,SHORT,24781.0,24780.5,REVERSAL,1,2,44.0,213.0,1353,37.0,48.0,6
3985,2025-W47,BEST,2025-11-18 09:33:25,2025-11-18 09:33:25,SHORT,24830.25,24820.0,REVERSAL,0,1,41.0,201.5,240,41.0,7.0,1
3986,2025-W47,BEST,2025-11-18 09:33:25,2025-11-18 09:33:28,LONG,24820.0,24830.0,REVERSAL,0,1,40.0,196.5,248,40.0,1.0,2
3987,2025-W47,BEST,2025-11-18 09:33:37,2025-11-18 09:33:50,LONG,24805.75,24806.0,REVERSAL,1,2,42.0,203.0,850,32.0,40.0,4
3988,2025-W47,BEST,2025-11-18 09:34:40,2025-11-18 09:34:41,LONG,24742.0,24753.25,REVERSAL,0,1,45.0,221.5,94,45.0,3.0,1
3989,2025-W47,BEST,2025-11-18 09:34:41,2025-11-18 09:34:48,SHORT,24753.25,24743.25,REVERSAL,0,1,40.0,196.5,275,40.0,2.0,2
3990,2025-W47,BEST,2025-11-18 09:35:42,2025-11-18 09:35:51,LONG,24719.75,24729.75,REVERSAL,0,1,40.0,196.5,399,40.0,2.0,2
3991,2025-W47,BEST,2025-11-18 09:36:12,2025-11-18 09:36:27,SHORT,24741.75,24742.0,REVERSAL,1,2,40.0,193.0,780,20.0,42.0,4
3992,2025-W47,BEST,2025-11-18 09:37:46,2025-11-18 09:37:50,SHORT,24781.75,24771.25,REVERSAL,0,1,42.0,206.5,139,42.0,8.0,1
3993,2025-W47,BEST,2025-11-18 09:38:07,2025-11-18 09:38:08,LONG,24758.5,24768.5,REVERSAL,0,1,40.0,196.5,64,40.0,10.0,1
3994,2025-W47,BEST,2025-11-18 09:38:08,2025-11-18 09:38:27,SHORT,24768.5,24768.5,REVERSAL,1,2,40.0,193.0,639,20.0,47.0,3
3995,2025-W47,BEST,2025-11-18 09:38:47,2025-11-18 09:38:55,LONG,24738.0,24748.25,REVERSAL,0,1,41.0,201.5,330,41.0,31.0,2
3996,2025-W47,BEST,2025-11-18 09:39:18,2025-11-18 09:39:32,SHORT,24771.0,24761.0,REVERSAL,0,1,40.0,196.5,490,40.0,25.0,2
3997,2025-W47,BEST,2025-11-18 09:40:38,2025-11-18 09:40:43,LONG,24713.5,24724.5,REVERSAL,0,1,44.0,216.5,265,44.0,10.0,2
3998,2025-W47,BEST,2025-11-18 09:42:44,2025-11-18 09:43:05,LONG,24679.0,24659.0,HARD_STOP,1,2,-120.0,-607.0,1019,37.0,60.0,5
3999,2025-W47,BEST,2025-11-18 09:43:51,2025-11-18 09:43:56,LONG,24663.75,24673.75,REVERSAL,0,1,40.0,196.5,141,40.0,2.0,1
4000,2025-W47,BEST,2025-11-18 09:43:56,2025-11-18 09:44:01,SHORT,24673.75,24663.75,REVERSAL,0,1,40.0,196.5,111,40.0,5.0,2
4001,2025-W47,BEST,2025-11-18 09:44:14,2025-11-18 09:44:17,LONG,24657.0,24667.0,REVERSAL,0,1,40.0,196.5,147,40.0,7.0,1
4002,2025-W47,BEST,2025-11-18 09:44:17,2025-11-18 09:44:35,SHORT,24667.0,24657.0,REVERSAL,0,1,40.0,196.5,450,40.0,17.0,3
4003,2025-W47,BEST,2025-11-18 09:44:53,2025-11-18 09:45:09,LONG,24654.25,24654.25,REVERSAL,1,2,40.0,193.0,1085,21.0,40.0,5
4004,2025-W47,BEST,2025-11-18 09:46:39,2025-11-18 09:46:41,SHORT,24710.5,24699.5,REVERSAL,0,1,44.0,216.5,138,44.0,9.0,1
4005,2025-W47,BEST,2025-11-18 09:46:44,2025-11-18 09:46:58,LONG,24691.5,24670.75,HARD_STOP,1,2,-125.0,-632.0,686,6.0,62.5,4
4006,2025-W47,BEST,2025-11-18 09:47:25,2025-11-18 09:47:27,LONG,24628.5,24638.5,REVERSAL,0,1,40.0,196.5,265,40.0,3.0,2
4007,2025-W47,BEST,2025-11-18 09:47:36,2025-11-18 09:47:49,LONG,24626.75,24636.75,REVERSAL,0,1,40.0,196.5,510,40.0,13.0,3
4008,2025-W47,BEST,2025-11-18 09:48:10,2025-11-18 09:48:12,SHORT,24659.0,24649.0,REVERSAL,0,1,40.0,196.5,98,40.0,5.0,1
4009,2025-W47,BEST,2025-11-18 09:48:12,2025-11-18 09:48:21,LONG,24649.0,24647.5,REVERSAL,1,2,34.0,163.0,373,17.0,46.0,2
4010,2025-W47,BEST,2025-11-18 09:50:52,2025-11-18 09:51:01,LONG,24619.25,24629.25,REVERSAL,0,1,40.0,196.5,285,40.0,21.0,3
4011,2025-W47,BEST,2025-11-18 09:52:04,2025-11-18 09:52:44,LONG,24596.75,24596.75,REVERSAL,1,2,40.0,193.0,1915,20.0,56.0,9
4012,2025-W47,BEST,2025-11-18 09:53:01,2025-11-18 09:53:10,SHORT,24597.75,24587.5,REVERSAL,0,1,41.0,201.5,514,41.0,33.0,3
4013,2025-W47,BEST,2025-11-18 09:54:47,2025-11-18 09:55:05,LONG,24571.25,24551.25,HARD_STOP,1,2,-120.0,-607.0,1060,35.0,60.0,5
4014,2025-W47,BEST,2025-11-18 09:56:15,2025-11-18 09:56:16,SHORT,24566.0,24556.0,REVERSAL,0,1,40.0,196.5,51,40.0,3.0,1
4015,2025-W47,BEST,2025-11-18 09:56:16,2025-11-18 09:56:55,LONG,24556.0,24556.25,REVERSAL,1,2,42.0,203.0,1701,21.0,48.0,8
4016,2025-W47,BEST,2025-11-18 09:57:02,2025-11-18 09:57:04,SHORT,24565.0,24555.0,REVERSAL,0,1,40.0,196.5,127,40.0,9.0,2
4017,2025-W47,BEST,2025-11-18 09:57:29,2025-11-18 09:57:34,LONG,24568.75,24579.0,REVERSAL,0,1,41.0,201.5,213,41.0,17.0,2
4018,2025-W47,BEST,2025-11-18 09:57:44,2025-11-18 09:57:46,SHORT,24585.0,24575.0,REVERSAL,0,1,40.0,196.5,58,40.0,2.0,1
4019,2025-W47,BEST,2025-11-18 09:57:46,2025-11-18 09:58:18,LONG,24575.0,24555.0,HARD_STOP,1,2,-120.0,-607.0,1433,33.0,60.0,6
4020,2025-W47,BEST,2025-11-18 09:58:49,2025-11-18 09:59:21,LONG,24545.5,24525.5,HARD_STOP,1,2,-120.0,-607.0,1569,33.0,60.0,7
4021,2025-W47,BEST,2025-11-18 10:00:32,2025-11-18 10:00:52,SHORT,24541.0,24541.5,REVERSAL,1,2,38.0,183.0,1036,24.0,42.0,5
4022,2025-W47,BEST,2025-11-18 10:02:17,2025-11-18 10:02:20,LONG,24461.0,24471.0,REVERSAL,0,1,40.0,196.5,387,40.0,6.0,2
4023,2025-W47,BEST,2025-11-18 10:02:29,2025-11-18 10:02:39,LONG,24464.75,24474.75,REVERSAL,0,1,40.0,196.5,541,40.0,14.0,3
4024,2025-W47,BEST,2025-11-18 10:03:02,2025-11-18 10:03:04,SHORT,24477.25,24467.25,REVERSAL,0,1,40.0,196.5,101,40.0,6.0,1
4025,2025-W47,BEST,2025-11-18 10:03:04,2025-11-18 10:03:25,LONG,24467.25,24467.25,REVERSAL,1,2,40.0,193.0,1556,20.0,40.0,7
4026,2025-W47,BEST,2025-11-18 10:04:33,2025-11-18 10:04:58,LONG,24436.5,24446.5,REVERSAL,0,1,40.0,196.5,1040,40.0,7.0,5
4027,2025-W47,BEST,2025-11-18 10:05:12,2025-11-18 10:05:17,LONG,24434.0,24444.0,REVERSAL,0,1,40.0,196.5,332,40.0,16.0,2
4028,2025-W47,BEST,2025-11-18 10:05:30,2025-11-18 10:05:48,SHORT,24454.75,24475.0,HARD_STOP,1,2,-121.0,-612.0,1217,39.0,60.5,5
4029,2025-W47,BEST,2025-11-18 10:05:53,2025-11-18 10:06:02,LONG,24468.0,24478.5,REVERSAL,0,1,42.0,206.5,522,42.0,11.0,4
4030,2025-W47,BEST,2025-11-18 10:06:10,2025-11-18 10:06:15,SHORT,24505.75,24495.75,REVERSAL,0,1,40.0,196.5,367,40.0,12.0,2
4031,2025-W47,BEST,2025-11-18 10:06:26,2025-11-18 10:06:30,SHORT,24506.0,24496.0,REVERSAL,0,1,40.0,196.5,322,40.0,20.0,2
4032,2025-W47,BEST,2025-11-18 10:07:39,2025-11-18 10:07:42,SHORT,24552.25,24542.25,REVERSAL,0,1,40.0,196.5,163,40.0,4.0,1
4033,2025-W47,BEST,2025-11-18 10:07:42,2025-11-18 10:08:05,LONG,24542.25,24542.75,REVERSAL,1,2,45.0,218.0,1226,22.5,41.0,6
4034,2025-W47,BEST,2025-11-18 10:08:10,2025-11-18 10:08:19,LONG,24536.5,24536.5,REVERSAL,1,2,40.0,193.0,630,20.0,40.0,4
4035,2025-W47,BEST,2025-11-18 10:08:31,2025-11-18 10:08:34,SHORT,24559.75,24549.5,REVERSAL,0,1,41.0,201.5,228,41.0,5.0,1
4036,2025-W47,BEST,2025-11-18 10:08:34,2025-11-18 10:08:52,LONG,24549.5,24549.75,REVERSAL,1,2,42.0,203.0,631,21.0,40.0,4
4037,2025-W47,BEST,2025-11-18 10:10:05,2025-11-18 10:10:08,SHORT,24548.25,24538.0,REVERSAL,0,1,41.0,201.5,140,41.0,4.0,1
4038,2025-W47,BEST,2025-11-18 10:10:08,2025-11-18 10:10:13,LONG,24538.0,24548.0,REVERSAL,0,1,40.0,196.5,311,40.0,22.0,2
4039,2025-W47,BEST,2025-11-18 10:11:21,2025-11-18 10:11:36,LONG,24510.25,24490.25,HARD_STOP,1,2,-120.0,-607.0,676,10.0,60.0,4
4040,2025-W47,BEST,2025-11-18 10:11:55,2025-11-18 10:12:00,LONG,24468.25,24478.25,REVERSAL,0,1,40.0,196.5,290,40.0,1.0,2
4041,2025-W47,BEST,2025-11-18 10:13:30,2025-11-18 10:13:31,SHORT,24518.0,24508.0,REVERSAL,0,1,40.0,196.5,72,40.0,2.0,1
4042,2025-W47,BEST,2025-11-18 10:13:31,2025-11-18 10:13:43,LONG,24508.0,24518.0,REVERSAL,0,1,40.0,196.5,348,40.0,28.0,2
4043,2025-W47,BEST,2025-11-18 10:16:54,2025-11-18 10:17:05,LONG,24451.75,24462.25,REVERSAL,0,1,42.0,206.5,561,42.0,22.0,3
4044,2025-W47,BEST,2025-11-18 10:17:40,2025-11-18 10:17:44,LONG,24438.75,24448.75,REVERSAL,0,1,40.0,196.5,173,40.0,9.0,1
4045,2025-W47,BEST,2025-11-18 10:17:44,2025-11-18 10:18:07,SHORT,24448.75,24469.0,HARD_STOP,1,2,-122.0,-617.0,838,31.0,61.0,5
4046,2025-W47,BEST,2025-11-18 10:18:16,2025-11-18 10:18:25,SHORT,24480.0,24470.0,REVERSAL,0,1,40.0,196.5,415,40.0,30.0,2
4047,2025-W47,BEST,2025-11-18 10:18:34,2025-11-18 10:18:37,LONG,24459.75,24469.75,REVERSAL,0,1,40.0,196.5,124,40.0,3.0,1
4048,2025-W47,BEST,2025-11-18 10:18:37,2025-11-18 10:18:45,SHORT,24469.75,24459.75,REVERSAL,0,1,40.0,196.5,168,40.0,3.0,2
4049,2025-W47,BEST,2025-11-18 10:19:32,2025-11-18 10:19:35,SHORT,24496.25,24485.25,REVERSAL,0,1,44.0,216.5,172,44.0,17.0,1
4050,2025-W47,BEST,2025-11-18 10:19:35,2025-11-18 10:19:44,LONG,24485.25,24495.25,REVERSAL,0,1,40.0,196.5,262,40.0,14.0,2
4051,2025-W47,BEST,2025-11-18 10:20:23,2025-11-18 10:20:26,SHORT,24532.75,24522.75,REVERSAL,0,1,40.0,196.5,130,40.0,14.0,1
4052,2025-W47,BEST,2025-11-18 10:20:26,2025-11-18 10:20:28,LONG,24522.75,24533.25,REVERSAL,0,1,42.0,206.5,83,42.0,4.0,1
4053,2025-W47,BEST,2025-11-18 10:20:28,2025-11-18 10:20:54,SHORT,24533.25,24553.5,HARD_STOP,1,2,-120.0,-607.0,910,38.0,60.0,5
4054,2025-W47,BEST,2025-11-18 10:21:20,2025-11-18 10:21:21,LONG,24565.75,24576.25,REVERSAL,0,1,42.0,206.5,78,42.0,1.0,1
4055,2025-W47,BEST,2025-11-18 10:21:21,2025-11-18 10:21:32,SHORT,24576.25,24576.25,REVERSAL,1,2,40.0,193.0,439,20.0,40.0,3
4056,2025-W47,BEST,2025-11-18 10:21:44,2025-11-18 10:21:51,SHORT,24587.75,24577.0,REVERSAL,0,1,43.0,211.5,257,43.0,10.0,2
4057,2025-W47,BEST,2025-11-18 10:22:00,2025-11-18 10:22:06,LONG,24561.0,24571.0,REVERSAL,0,1,40.0,196.5,253,40.0,18.0,2
4058,2025-W47,BEST,2025-11-18 10:22:11,2025-11-18 10:22:41,LONG,24564.5,24565.0,REVERSAL,1,2,45.0,218.0,1204,30.0,43.5,5
4059,2025-W47,BEST,2025-11-18 10:23:12,2025-11-18 10:23:24,SHORT,24594.75,24584.5,REVERSAL,0,1,41.0,201.5,883,41.0,5.0,4
4060,2025-W47,BEST,2025-11-18 10:23:44,2025-11-18 10:23:46,SHORT,24607.75,24597.5,REVERSAL,0,1,41.0,201.5,204,41.0,23.0,2
4061,2025-W47,BEST,2025-11-18 10:23:55,2025-11-18 10:23:56,LONG,24587.0,24597.0,REVERSAL,0,1,40.0,196.5,74,40.0,0.0,1
4062,2025-W47,BEST,2025-11-18 10:23:56,2025-11-18 10:24:03,SHORT,24597.0,24587.0,REVERSAL,0,1,40.0,196.5,228,40.0,5.0,2
4063,2025-W47,BEST,2025-11-18 10:24:38,2025-11-18 10:24:45,LONG,24534.75,24546.25,REVERSAL,0,1,46.0,226.5,268,46.0,8.0,2
4064,2025-W47,BEST,2025-11-18 10:25:43,2025-11-18 10:25:49,LONG,24548.5,24548.75,REVERSAL,1,2,44.0,213.0,126,22.0,42.0,1
4065,2025-W47,BEST,2025-11-18 10:29:01,2025-11-18 10:29:18,LONG,24557.75,24558.0,REVERSAL,1,2,42.0,203.0,434,31.0,40.0,2
4066,2025-W47,BEST,2025-11-18 10:30:42,2025-11-18 10:30:44,SHORT,24580.5,24570.5,REVERSAL,0,1,40.0,196.5,98,40.0,16.0,1
4067,2025-W47,BEST,2025-11-18 10:30:44,2025-11-18 10:30:58,LONG,24570.5,24570.25,REVERSAL,1,2,39.0,188.0,531,20.0,56.5,3
4068,2025-W47,BEST,2025-11-18 10:31:44,2025-11-18 10:31:58,LONG,24549.25,24529.0,HARD_STOP,1,2,-120.0,-607.0,518,9.0,60.0,3
4069,2025-W47,BEST,2025-11-18 10:32:01,2025-11-18 10:32:08,SHORT,24530.25,24520.25,REVERSAL,0,1,40.0,196.5,294,40.0,17.0,2
4070,2025-W47,BEST,2025-11-18 10:32:15,2025-11-18 10:32:22,SHORT,24550.5,24539.75,REVERSAL,0,1,43.0,211.5,218,43.0,17.0,1
4071,2025-W47,BEST,2025-11-18 10:32:22,2025-11-18 10:32:26,LONG,24539.75,24550.0,REVERSAL,0,1,41.0,201.5,172,41.0,17.0,2
4072,2025-W47,BEST,2025-11-18 10:34:54,2025-11-18 10:35:10,LONG,24520.0,24499.5,HARD_STOP,1,2,-121.0,-612.0,635,9.0,60.5,3
4073,2025-W47,BEST,2025-11-18 10:35:20,2025-11-18 10:36:01,LONG,24485.5,24485.75,REVERSAL,1,2,42.0,203.0,1908,36.0,41.0,8
4074,2025-W47,BEST,2025-11-18 10:36:01,2025-11-18 10:36:04,SHORT,24485.75,24475.75,REVERSAL,0,1,40.0,196.5,219,40.0,6.0,2
4075,2025-W47,BEST,2025-11-18 10:36:38,2025-11-18 10:37:08,LONG,24468.25,24479.75,REVERSAL,0,1,46.0,226.5,1076,46.0,29.0,5
4076,2025-W47,BEST,2025-11-18 10:37:49,2025-11-18 10:37:52,LONG,24454.75,24465.0,REVERSAL,0,1,41.0,201.5,185,41.0,15.0,1
4077,2025-W47,BEST,2025-11-18 10:37:52,2025-11-18 10:38:05,SHORT,24465.0,24464.75,REVERSAL,1,2,42.0,203.0,428,32.0,40.0,3
4078,2025-W47,BEST,2025-11-18 10:38:21,2025-11-18 10:38:23,SHORT,24497.25,24487.0,REVERSAL,0,1,41.0,201.5,86,41.0,0.0,1
4079,2025-W47,BEST,2025-11-18 10:38:23,2025-11-18 10:38:44,LONG,24487.0,24497.0,REVERSAL,0,1,40.0,196.5,695,40.0,37.0,4
4080,2025-W47,BEST,2025-11-18 10:41:35,2025-11-18 10:41:36,SHORT,24528.0,24518.0,REVERSAL,0,1,40.0,196.5,38,40.0,0.0,1
4081,2025-W47,BEST,2025-11-18 10:41:36,2025-11-18 10:41:42,LONG,24518.0,24519.5,REVERSAL,1,2,52.0,253.0,139,26.0,40.0,1
4082,2025-W47,BEST,2025-11-18 10:44:07,2025-11-18 10:44:20,LONG,24469.25,24480.0,REVERSAL,0,1,43.0,211.5,327,43.0,21.0,2
4083,2025-W47,BEST,2025-11-18 10:45:24,2025-11-18 10:45:25,LONG,24475.75,24485.75,REVERSAL,0,1,40.0,196.5,51,40.0,9.0,1
4084,2025-W47,BEST,2025-11-18 10:45:25,2025-11-18 10:45:45,SHORT,24485.75,24475.5,REVERSAL,0,1,41.0,201.5,318,41.0,25.0,2
4085,2025-W47,BEST,2025-11-18 10:45:51,2025-11-18 10:45:54,SHORT,24491.25,24480.25,REVERSAL,0,1,44.0,216.5,83,44.0,13.0,1
4086,2025-W47,BEST,2025-11-18 10:47:31,2025-11-18 10:47:34,SHORT,24497.75,24487.75,REVERSAL,0,1,40.0,196.5,132,40.0,10.0,1
4087,2025-W47,BEST,2025-11-18 10:47:34,2025-11-18 10:48:36,LONG,24487.75,24488.0,REVERSAL,1,2,42.0,203.0,1210,28.0,53.0,6
4088,2025-W47,BEST,2025-11-18 10:50:08,2025-11-18 10:50:26,LONG,24450.5,24460.5,REVERSAL,0,1,40.0,196.5,823,40.0,22.0,4
4089,2025-W47,BEST,2025-11-18 10:50:26,2025-11-18 10:50:28,SHORT,24460.5,24450.5,REVERSAL,0,1,40.0,196.5,83,40.0,0.0,1
4090,2025-W47,BEST,2025-11-18 10:52:08,2025-11-18 10:52:13,SHORT,24506.25,24495.5,REVERSAL,0,1,43.0,211.5,171,43.0,11.0,1
4091,2025-W47,BEST,2025-11-18 10:52:13,2025-11-18 10:52:28,LONG,24495.5,24495.0,REVERSAL,1,2,39.0,188.0,422,21.0,45.5,3
4092,2025-W47,BEST,2025-11-18 10:54:02,2025-11-18 10:54:35,LONG,24468.75,24478.75,REVERSAL,0,1,40.0,196.5,641,40.0,29.0,3
4093,2025-W47,BEST,2025-11-18 10:54:49,2025-11-18 10:55:33,SHORT,24494.25,24514.5,HARD_STOP,1,2,-120.0,-607.0,1055,38.0,60.0,5
4094,2025-W47,BEST,2025-11-18 10:55:54,2025-11-18 10:56:15,LONG,24519.75,24520.0,REVERSAL,1,2,42.0,203.0,540,28.0,40.0,3
4095,2025-W47,BEST,2025-11-18 10:56:56,2025-11-18 10:57:09,LONG,24478.5,24488.75,REVERSAL,0,1,41.0,201.5,336,41.0,20.0,2
4096,2025-W47,BEST,2025-11-18 11:00:04,2025-11-18 11:00:15,LONG,24447.5,24457.5,REVERSAL,0,1,40.0,196.5,501,40.0,18.0,3
4097,2025-W47,BEST,2025-11-18 11:01:37,2025-11-18 11:01:39,LONG,24406.75,24416.75,REVERSAL,0,1,40.0,196.5,204,40.0,1.0,1
4098,2025-W47,BEST,2025-11-18 11:02:18,2025-11-18 11:02:27,LONG,24402.0,24412.0,REVERSAL,0,1,40.0,196.5,479,40.0,8.0,3
4099,2025-W47,BEST,2025-11-18 11:03:04,2025-11-18 11:03:24,LONG,24383.25,24393.75,REVERSAL,0,1,42.0,206.5,791,42.0,28.0,4
4100,2025-W47,BEST,2025-11-18 11:03:52,2025-11-18 11:03:59,SHORT,24416.25,24406.25,REVERSAL,0,1,40.0,196.5,232,40.0,6.0,1
4101,2025-W47,BEST,2025-11-18 11:03:59,2025-11-18 11:04:36,LONG,24406.25,24406.25,REVERSAL,1,2,40.0,193.0,965,37.0,40.0,5
4102,2025-W47,BEST,2025-11-18 11:05:44,2025-11-18 11:05:54,LONG,24404.5,24415.0,REVERSAL,0,1,42.0,206.5,177,42.0,4.0,1
4103,2025-W47,BEST,2025-11-18 11:05:54,2025-11-18 11:06:15,SHORT,24415.0,24414.75,REVERSAL,1,2,42.0,203.0,698,21.0,40.0,4
4104,2025-W47,BEST,2025-11-18 11:07:26,2025-11-18 11:07:29,SHORT,24467.75,24457.75,REVERSAL,0,1,40.0,196.5,168,40.0,18.0,1
4105,2025-W47,BEST,2025-11-18 11:07:29,2025-11-18 11:07:36,LONG,24457.75,24468.0,REVERSAL,0,1,41.0,201.5,281,41.0,0.0,2
4106,2025-W47,BEST,2025-11-18 11:08:06,2025-11-18 11:08:13,SHORT,24484.75,24474.75,REVERSAL,0,1,40.0,196.5,280,40.0,15.0,2
4107,2025-W47,BEST,2025-11-18 11:08:54,2025-11-18 11:09:02,SHORT,24496.75,24486.75,REVERSAL,0,1,40.0,196.5,336,40.0,14.0,2
4108,2025-W47,BEST,2025-11-18 11:09:15,2025-11-18 11:09:40,SHORT,24487.0,24507.0,HARD_STOP,1,2,-120.0,-607.0,596,34.0,60.0,3
4109,2025-W47,BEST,2025-11-18 11:11:01,2025-11-18 11:11:23,SHORT,24512.5,24533.25,HARD_STOP,1,2,-125.0,-632.0,730,11.0,62.5,3
4110,2025-W47,BEST,2025-11-18 11:11:48,2025-11-18 11:12:00,SHORT,24546.75,24536.75,REVERSAL,0,1,40.0,196.5,350,40.0,23.0,2
4111,2025-W47,BEST,2025-11-18 11:18:38,2025-11-18 11:19:09,SHORT,24542.25,24532.25,REVERSAL,0,1,40.0,196.5,972,40.0,39.0,4
4112,2025-W47,BEST,2025-11-18 11:19:12,2025-11-18 11:19:43,SHORT,24541.0,24561.25,HARD_STOP,1,2,-122.0,-617.0,751,18.0,61.0,4
4113,2025-W47,BEST,2025-11-18 11:20:00,2025-11-18 11:20:06,LONG,24549.5,24560.0,REVERSAL,0,1,42.0,206.5,160,42.0,15.0,1
4114,2025-W47,BEST,2025-11-18 11:20:06,2025-11-18 11:20:24,SHORT,24560.0,24550.0,REVERSAL,0,1,40.0,196.5,304,40.0,3.0,2
4115,2025-W47,BEST,2025-11-18 11:21:00,2025-11-18 11:21:13,SHORT,24579.5,24569.5,REVERSAL,0,1,40.0,196.5,260,40.0,3.0,2
4116,2025-W47,BEST,2025-11-18 11:21:37,2025-11-18 11:21:55,SHORT,24572.0,24562.0,REVERSAL,0,1,40.0,196.5,323,40.0,21.0,2
4117,2025-W47,BEST,2025-11-18 11:24:12,2025-11-18 11:24:49,SHORT,24599.25,24589.25,REVERSAL,0,1,40.0,196.5,1026,40.0,26.0,5
4118,2025-W47,BEST,2025-11-18 11:25:01,2025-11-18 11:25:57,SHORT,24595.5,24615.5,HARD_STOP,1,2,-120.0,-607.0,1382,8.0,60.0,6
4119,2025-W47,BEST,2025-11-18 11:28:25,2025-11-18 11:28:49,SHORT,24653.0,24653.0,REVERSAL,1,2,40.0,193.0,1248,27.0,40.0,5
4120,2025-W47,BEST,2025-11-18 11:29:00,2025-11-18 11:29:15,LONG,24647.5,24657.5,REVERSAL,0,1,40.0,196.5,470,40.0,4.0,2
4121,2025-W47,BEST,2025-11-18 11:29:25,2025-11-18 11:29:30,SHORT,24666.0,24656.0,REVERSAL,0,1,40.0,196.5,150,40.0,2.0,1
4122,2025-W47,BEST,2025-11-18 11:29:30,2025-11-18 11:30:12,LONG,24656.0,24656.0,REVERSAL,1,2,40.0,193.0,1352,20.0,48.0,7
4123,2025-W47,BEST,2025-11-18 11:35:02,2025-11-18 11:35:04,LONG,24639.25,24649.5,REVERSAL,0,1,41.0,201.5,179,41.0,4.0,1
4124,2025-W47,BEST,2025-11-18 11:35:04,2025-11-18 11:35:06,SHORT,24649.5,24639.0,REVERSAL,0,1,42.0,206.5,166,42.0,1.0,2
4125,2025-W47,BEST,2025-11-18 11:36:32,2025-11-18 11:36:40,LONG,24646.25,24656.25,REVERSAL,0,1,40.0,196.5,156,40.0,18.0,1
4126,2025-W47,BEST,2025-11-18 11:36:40,2025-11-18 11:37:20,SHORT,24656.25,24676.25,HARD_STOP,1,2,-120.0,-607.0,751,29.0,60.0,4
4127,2025-W47,BEST,2025-11-18 11:37:22,2025-11-18 11:37:37,LONG,24665.25,24675.25,REVERSAL,0,1,40.0,196.5,283,40.0,16.0,3
4128,2025-W47,BEST,2025-11-18 11:38:54,2025-11-18 11:39:03,SHORT,24693.0,24683.0,REVERSAL,0,1,40.0,196.5,359,40.0,4.0,2
4129,2025-W47,BEST,2025-11-18 11:41:00,2025-11-18 11:41:02,LONG,24651.75,24661.75,REVERSAL,0,1,40.0,196.5,42,40.0,4.0,1
4130,2025-W47,BEST,2025-11-18 11:41:02,2025-11-18 11:41:06,SHORT,24661.75,24651.25,REVERSAL,0,1,42.0,206.5,68,42.0,7.0,1
4131,2025-W47,BEST,2025-11-18 11:41:06,2025-11-18 11:41:47,LONG,24651.25,24651.5,REVERSAL,1,2,43.0,208.0,987,21.5,52.5,5
4132,2025-W47,BEST,2025-11-18 11:43:41,2025-11-18 11:44:03,SHORT,24680.25,24669.5,REVERSAL,0,1,43.0,211.5,360,43.0,5.0,2
4133,2025-W47,BEST,2025-11-18 11:45:24,2025-11-18 11:45:25,SHORT,24696.25,24686.25,REVERSAL,0,1,40.0,196.5,68,40.0,3.0,1
4134,2025-W47,BEST,2025-11-18 11:45:25,2025-11-18 11:46:11,LONG,24686.25,24666.25,HARD_STOP,1,2,-120.0,-607.0,1067,22.0,60.0,5
4135,2025-W47,BEST,2025-11-18 11:46:36,2025-11-18 11:46:45,SHORT,24675.25,24665.25,REVERSAL,0,1,40.0,196.5,122,40.0,0.0,1
4136,2025-W47,BEST,2025-11-18 11:46:51,2025-11-18 11:47:00,LONG,24655.0,24655.25,REVERSAL,1,2,42.0,203.0,331,21.0,40.0,3
4137,2025-W47,BEST,2025-11-18 11:47:00,2025-11-18 11:47:16,SHORT,24655.25,24645.0,REVERSAL,0,1,41.0,201.5,257,41.0,31.0,2
4138,2025-W47,BEST,2025-11-18 11:47:51,2025-11-18 11:48:11,LONG,24622.0,24633.0,REVERSAL,0,1,44.0,216.5,676,44.0,17.0,3
4139,2025-W47,BEST,2025-11-18 11:49:41,2025-11-18 11:50:15,LONG,24645.5,24645.5,REVERSAL,1,2,40.0,193.0,661,26.0,40.0,3
4140,2025-W47,BEST,2025-11-18 11:51:57,2025-11-18 11:52:03,LONG,24627.0,24637.75,REVERSAL,0,1,43.0,211.5,96,43.0,14.0,1
4141,2025-W47,BEST,2025-11-18 11:52:03,2025-11-18 11:52:14,SHORT,24637.75,24627.5,REVERSAL,0,1,41.0,201.5,201,41.0,38.0,2
4142,2025-W47,BEST,2025-11-18 11:53:04,2025-11-18 11:53:29,SHORT,24635.5,24625.0,REVERSAL,0,1,42.0,206.5,281,42.0,27.0,2
4143,2025-W47,BEST,2025-11-18 11:57:45,2025-11-18 11:57:53,SHORT,24682.25,24672.25,REVERSAL,0,1,40.0,196.5,90,40.0,7.0,1
4144,2025-W47,BEST,2025-11-18 11:57:53,2025-11-18 11:58:47,LONG,24672.25,24652.25,HARD_STOP,1,2,-120.0,-607.0,725,26.0,60.0,4
4145,2025-W47,BEST,2025-11-18 11:59:45,2025-11-18 12:00:04,SHORT,24658.25,24648.0,REVERSAL,0,1,41.0,201.5,307,41.0,10.0,2
4146,2025-W47,BEST,2025-11-18 12:07:28,2025-11-18 12:07:32,SHORT,24651.0,24641.0,REVERSAL,0,1,40.0,196.5,159,40.0,2.0,1
4147,2025-W47,BEST,2025-11-18 12:08:52,2025-11-18 12:09:09,SHORT,24637.75,24627.75,REVERSAL,0,1,40.0,196.5,167,40.0,1.0,1
4148,2025-W47,BEST,2025-11-18 12:09:59,2025-11-18 12:10:26,SHORT,24623.0,24643.0,HARD_STOP,1,2,-120.0,-607.0,854,34.0,60.0,4
4149,2025-W47,BEST,2025-11-18 12:13:12,2025-11-18 12:14:10,SHORT,24640.75,24630.75,REVERSAL,0,1,40.0,196.5,606,40.0,17.0,3
4150,2025-W47,BEST,2025-11-18 12:14:59,2025-11-18 12:15:08,LONG,24592.75,24602.75,REVERSAL,0,1,40.0,196.5,291,40.0,6.0,2
4151,2025-W47,BEST,2025-11-18 12:16:47,2025-11-18 12:16:52,SHORT,24625.0,24614.25,REVERSAL,0,1,43.0,211.5,87,43.0,12.0,1
4152,2025-W47,BEST,2025-11-18 12:17:45,2025-11-18 12:18:04,LONG,24578.75,24588.75,REVERSAL,0,1,40.0,196.5,380,40.0,23.0,2
4153,2025-W47,BEST,2025-11-18 12:20:33,2025-11-18 12:20:39,SHORT,24621.0,24611.0,REVERSAL,0,1,40.0,196.5,159,40.0,17.0,1
4154,2025-W47,BEST,2025-11-18 12:20:39,2025-11-18 12:20:49,LONG,24611.0,24621.75,REVERSAL,0,1,43.0,211.5,155,43.0,18.0,2
4155,2025-W47,BEST,2025-11-18 12:23:44,2025-11-18 12:24:16,LONG,24588.75,24588.75,REVERSAL,1,2,40.0,193.0,434,20.0,41.0,3
4156,2025-W47,BEST,2025-11-18 12:24:16,2025-11-18 12:25:00,SHORT,24588.75,24578.75,REVERSAL,0,1,40.0,196.5,387,40.0,19.0,2
4157,2025-W47,BEST,2025-11-18 12:28:05,2025-11-18 12:28:20,LONG,24541.5,24542.0,REVERSAL,1,2,45.0,218.0,454,26.0,41.0,3
4158,2025-W47,BEST,2025-11-18 12:32:58,2025-11-18 12:33:06,LONG,24498.0,24508.5,REVERSAL,0,1,42.0,206.5,203,42.0,18.0,1
4159,2025-W47,BEST,2025-11-18 12:33:06,2025-11-18 12:33:59,SHORT,24508.5,24508.5,REVERSAL,1,2,40.0,193.0,964,20.0,40.0,5
4160,2025-W47,BEST,2025-11-18 12:37:38,2025-11-18 12:37:49,SHORT,24577.0,24567.0,REVERSAL,0,1,40.0,196.5,217,40.0,5.0,1
4161,2025-W47,BEST,2025-11-18 12:37:49,2025-11-18 12:38:01,LONG,24567.0,24578.0,REVERSAL,0,1,44.0,216.5,199,44.0,11.0,2
4162,2025-W47,BEST,2025-11-18 12:38:58,2025-11-18 12:39:10,SHORT,24616.75,24606.75,REVERSAL,0,1,40.0,196.5,264,40.0,17.0,2
4163,2025-W47,BEST,2025-11-18 12:41:05,2025-11-18 12:41:41,SHORT,24672.5,24672.0,REVERSAL,1,2,44.0,213.0,749,26.0,40.0,4
4164,2025-W47,BEST,2025-11-18 12:43:01,2025-11-18 12:43:37,SHORT,24704.0,24724.0,HARD_STOP,1,2,-120.0,-607.0,1091,17.0,60.0,6
4165,2025-W47,BEST,2025-11-18 12:44:04,2025-11-18 12:44:31,LONG,24699.0,24709.0,REVERSAL,0,1,40.0,196.5,525,40.0,3.0,3
4166,2025-W47,BEST,2025-11-18 12:44:56,2025-11-18 12:45:02,SHORT,24724.0,24714.0,REVERSAL,0,1,40.0,196.5,227,40.0,0.0,1
4167,2025-W47,BEST,2025-11-18 12:45:02,2025-11-18 12:45:10,LONG,24714.0,24693.5,HARD_STOP,1,2,-123.0,-622.0,290,11.0,61.5,3
4168,2025-W47,BEST,2025-11-18 12:48:35,2025-11-18 12:48:54,SHORT,24727.0,24716.75,REVERSAL,0,1,41.0,201.5,403,41.0,17.0,3
4169,2025-W47,BEST,2025-11-18 12:52:48,2025-11-18 12:53:21,SHORT,24713.25,24733.5,HARD_STOP,1,2,-121.0,-612.0,1025,34.0,60.5,5
4170,2025-W47,BEST,2025-11-18 12:53:26,2025-11-18 12:53:42,LONG,24725.25,24735.5,REVERSAL,0,1,41.0,201.5,274,41.0,2.0,2
4171,2025-W47,BEST,2025-11-18 12:55:50,2025-11-18 12:55:54,LONG,24709.25,24719.25,REVERSAL,0,1,40.0,196.5,217,40.0,7.0,1
4172,2025-W47,BEST,2025-11-18 12:55:54,2025-11-18 12:56:27,SHORT,24719.25,24739.75,HARD_STOP,1,2,-122.0,-617.0,680,17.0,61.0,4
4173,2025-W47,BEST,2025-11-18 12:56:57,2025-11-18 12:57:00,SHORT,24760.5,24750.5,REVERSAL,0,1,40.0,196.5,214,40.0,7.0,1
4174,2025-W47,BEST,2025-11-18 12:57:00,2025-11-18 12:57:22,LONG,24750.5,24760.5,REVERSAL,0,1,40.0,196.5,438,40.0,19.0,3
4175,2025-W47,BEST,2025-11-18 12:57:36,2025-11-18 12:57:54,SHORT,24769.0,24759.0,REVERSAL,0,1,40.0,196.5,612,40.0,9.0,3
4176,2025-W47,BEST,2025-11-18 12:58:18,2025-11-18 12:58:57,SHORT,24780.0,24770.0,REVERSAL,0,1,40.0,196.5,975,40.0,10.0,4
4177,2025-W47,BEST,2025-11-18 12:59:01,2025-11-18 12:59:15,SHORT,24777.75,24767.25,REVERSAL,0,1,42.0,206.5,263,42.0,22.0,2
4178,2025-W47,BEST,2025-11-18 12:59:50,2025-11-18 13:00:01,LONG,24749.25,24759.5,REVERSAL,0,1,41.0,201.5,290,41.0,13.0,2
4179,2025-W47,BEST,2025-11-18 13:01:34,2025-11-18 13:02:13,SHORT,24772.0,24762.0,REVERSAL,0,1,40.0,196.5,593,40.0,17.0,3
4180,2025-W47,BEST,2025-11-18 13:03:25,2025-11-18 13:03:55,SHORT,24761.25,24751.25,REVERSAL,0,1,40.0,196.5,510,40.0,24.0,3
4181,2025-W47,BEST,2025-11-18 13:06:06,2025-11-18 13:06:15,SHORT,24774.25,24763.25,REVERSAL,0,1,44.0,216.5,207,44.0,23.0,1
4182,2025-W47,BEST,2025-11-18 13:06:15,2025-11-18 13:06:29,LONG,24763.25,24773.75,REVERSAL,0,1,42.0,206.5,336,42.0,24.0,3
4183,2025-W47,BEST,2025-11-18 13:07:19,2025-11-18 13:08:06,SHORT,24781.75,24771.75,REVERSAL,0,1,40.0,196.5,525,40.0,5.0,3
4184,2025-W47,BEST,2025-11-18 13:08:15,2025-11-18 13:08:39,SHORT,24773.5,24773.5,REVERSAL,1,2,40.0,193.0,296,20.0,40.0,2
4185,2025-W47,BEST,2025-11-18 13:12:22,2025-11-18 13:12:46,SHORT,24778.5,24768.5,REVERSAL,0,1,40.0,196.5,271,40.0,17.0,2
4186,2025-W47,BEST,2025-11-18 13:14:03,2025-11-18 13:15:13,LONG,24764.25,24744.25,HARD_STOP,1,2,-120.0,-607.0,1108,29.0,60.0,5
4187,2025-W47,BEST,2025-11-18 13:15:35,2025-11-18 13:15:39,LONG,24735.0,24745.5,REVERSAL,0,1,42.0,206.5,76,42.0,3.0,1
4188,2025-W47,BEST,2025-11-18 13:15:39,2025-11-18 13:15:42,SHORT,24745.5,24735.5,REVERSAL,0,1,40.0,196.5,104,40.0,1.0,2
4189,2025-W47,BEST,2025-11-18 13:18:48,2025-11-18 13:19:00,SHORT,24764.0,24753.5,REVERSAL,0,1,42.0,206.5,165,42.0,16.0,1
4190,2025-W47,BEST,2025-11-18 13:19:00,2025-11-18 13:19:44,LONG,24753.5,24763.5,REVERSAL,0,1,40.0,196.5,430,40.0,10.0,3
4191,2025-W47,BEST,2025-11-18 13:20:56,2025-11-18 13:21:02,LONG,24723.0,24733.0,REVERSAL,0,1,40.0,196.5,165,40.0,4.0,1
4192,2025-W47,BEST,2025-11-18 13:21:02,2025-11-18 13:21:22,SHORT,24733.0,24732.75,REVERSAL,1,2,42.0,203.0,229,21.0,40.0,2
4193,2025-W47,BEST,2025-11-18 13:23:15,2025-11-18 13:23:22,SHORT,24770.5,24760.5,REVERSAL,0,1,40.0,196.5,70,40.0,0.0,1
4194,2025-W47,BEST,2025-11-18 13:23:22,2025-11-18 13:23:37,LONG,24760.5,24770.5,REVERSAL,0,1,40.0,196.5,199,40.0,9.0,2
4195,2025-W47,BEST,2025-11-18 13:24:45,2025-11-18 13:24:54,SHORT,24776.25,24766.25,REVERSAL,0,1,40.0,196.5,92,40.0,2.0,1
4196,2025-W47,BEST,2025-11-18 13:24:54,2025-11-18 13:25:32,LONG,24766.25,24746.25,HARD_STOP,1,2,-120.0,-607.0,566,12.0,60.0,3
4197,2025-W47,BEST,2025-11-18 13:30:28,2025-11-18 13:30:37,SHORT,24765.5,24754.5,REVERSAL,0,1,44.0,216.5,151,44.0,3.0,1
4198,2025-W47,BEST,2025-11-18 13:30:37,2025-11-18 13:31:45,LONG,24754.5,24754.75,REVERSAL,1,2,42.0,203.0,929,27.0,55.0,5
4199,2025-W47,BEST,2025-11-18 13:34:23,2025-11-18 13:34:34,LONG,24769.0,24779.75,REVERSAL,0,1,43.0,211.5,117,43.0,12.0,1
4200,2025-W47,BEST,2025-11-18 13:34:34,2025-11-18 13:35:29,SHORT,24779.75,24769.5,REVERSAL,0,1,41.0,201.5,556,41.0,28.0,3
4201,2025-W47,BEST,2025-11-18 13:37:28,2025-11-18 13:37:38,LONG,24716.75,24727.25,REVERSAL,0,1,42.0,206.5,300,42.0,8.0,2
4202,2025-W47,BEST,2025-11-18 13:38:01,2025-11-18 13:38:39,LONG,24724.75,24734.75,REVERSAL,0,1,40.0,196.5,467,40.0,36.0,3
4203,2025-W47,BEST,2025-11-18 13:39:24,2025-11-18 13:39:27,SHORT,24760.25,24750.0,REVERSAL,0,1,41.0,201.5,68,41.0,3.0,1
4204,2025-W47,BEST,2025-11-18 13:39:27,2025-11-18 13:40:01,LONG,24750.0,24760.5,REVERSAL,0,1,42.0,206.5,300,42.0,25.0,2
4205,2025-W47,BEST,2025-11-18 13:40:20,2025-11-18 13:40:55,SHORT,24782.25,24802.5,HARD_STOP,1,2,-121.0,-612.0,961,33.0,60.5,4
4206,2025-W47,BEST,2025-11-18 13:41:00,2025-11-18 13:42:20,LONG,24793.25,24772.75,HARD_STOP,1,2,-124.0,-627.0,1418,33.0,62.0,7
4207,2025-W47,BEST,2025-11-18 13:44:57,2025-11-18 13:45:16,LONG,24750.5,24761.5,REVERSAL,0,1,44.0,216.5,305,44.0,33.0,2
4208,2025-W47,BEST,2025-11-18 13:49:00,2025-11-18 13:49:28,LONG,24741.5,24751.75,REVERSAL,0,1,41.0,201.5,715,41.0,15.0,4
4209,2025-W47,BEST,2025-11-18 13:50:00,2025-11-18 13:50:06,SHORT,24770.0,24760.0,REVERSAL,0,1,40.0,196.5,109,40.0,12.0,1
4210,2025-W47,BEST,2025-11-18 13:50:06,2025-11-18 13:50:29,LONG,24760.0,24770.0,REVERSAL,0,1,40.0,196.5,223,40.0,12.0,2
4211,2025-W47,BEST,2025-11-18 13:51:02,2025-11-18 13:51:20,SHORT,24776.25,24765.5,REVERSAL,0,1,43.0,211.5,183,43.0,10.0,1
4212,2025-W47,BEST,2025-11-18 13:51:20,2025-11-18 13:51:29,LONG,24765.5,24775.5,REVERSAL,0,1,40.0,196.5,123,40.0,5.0,2
4213,2025-W47,BEST,2025-11-18 13:52:33,2025-11-18 13:52:35,SHORT,24804.0,24794.0,REVERSAL,0,1,40.0,196.5,181,40.0,2.0,1
4214,2025-W47,BEST,2025-11-18 13:52:35,2025-11-18 13:54:29,LONG,24794.0,24774.0,HARD_STOP,1,2,-120.0,-607.0,1398,37.0,60.0,7
4215,2025-W47,BEST,2025-11-18 13:56:43,2025-11-18 13:56:44,LONG,24723.75,24734.0,REVERSAL,0,1,41.0,201.5,187,41.0,30.0,1
4216,2025-W47,BEST,2025-11-18 13:56:44,2025-11-18 13:57:17,SHORT,24734.0,24724.0,REVERSAL,0,1,40.0,196.5,508,40.0,8.0,3
4217,2025-W47,BEST,2025-11-18 14:02:56,2025-11-18 14:03:04,SHORT,24741.0,24731.0,REVERSAL,0,1,40.0,196.5,134,40.0,1.0,1
4218,2025-W47,BEST,2025-11-18 14:03:04,2025-11-18 14:03:31,LONG,24731.0,24710.75,HARD_STOP,1,2,-121.0,-612.0,326,8.5,60.5,2
4219,2025-W47,BEST,2025-11-18 14:03:39,2025-11-18 14:03:43,LONG,24704.25,24714.5,REVERSAL,0,1,41.0,201.5,54,41.0,0.0,1
4220,2025-W47,BEST,2025-11-18 14:03:43,2025-11-18 14:04:09,SHORT,24714.5,24714.5,REVERSAL,1,2,40.0,193.0,316,25.0,40.0,2
4221,2025-W47,BEST,2025-11-18 14:05:24,2025-11-18 14:05:42,SHORT,24731.0,24720.75,REVERSAL,0,1,41.0,201.5,190,41.0,16.0,1
4222,2025-W47,BEST,2025-11-18 14:05:42,2025-11-18 14:06:13,LONG,24720.75,24731.0,REVERSAL,0,1,41.0,201.5,226,41.0,0.0,2
4223,2025-W47,BEST,2025-11-18 14:13:01,2025-11-18 14:13:15,LONG,24734.25,24744.25,REVERSAL,0,1,40.0,196.5,224,40.0,15.0,1
4224,2025-W47,BEST,2025-11-18 14:16:35,2025-11-18 14:16:56,LONG,24721.75,24731.75,REVERSAL,0,1,40.0,196.5,256,40.0,14.0,2
4225,2025-W47,BEST,2025-11-18 14:20:10,2025-11-18 14:20:12,SHORT,24768.5,24758.5,REVERSAL,0,1,40.0,196.5,99,40.0,7.0,1
4226,2025-W47,BEST,2025-11-18 14:20:12,2025-11-18 14:20:54,LONG,24758.5,24738.25,HARD_STOP,1,2,-122.0,-617.0,586,30.0,61.0,3
4227,2025-W47,BEST,2025-11-18 14:22:35,2025-11-18 14:22:52,SHORT,24736.0,24726.0,REVERSAL,0,1,40.0,196.5,230,40.0,10.0,1
4228,2025-W47,BEST,2025-11-18 14:22:52,2025-11-18 14:23:26,LONG,24726.0,24706.0,HARD_STOP,1,2,-120.0,-607.0,526,11.0,60.0,4
4229,2025-W47,BEST,2025-11-18 14:28:58,2025-11-18 14:29:10,LONG,24693.75,24703.75,REVERSAL,0,1,40.0,196.5,224,40.0,2.0,1
4230,2025-W47,BEST,2025-11-18 14:29:10,2025-11-18 14:29:32,SHORT,24703.75,24703.75,REVERSAL,1,2,40.0,193.0,311,20.0,40.0,3
4231,2025-W47,BEST,2025-11-18 14:30:11,2025-11-18 14:31:07,SHORT,24718.25,24708.25,REVERSAL,0,1,40.0,196.5,868,40.0,29.0,4
4232,2025-W47,BEST,2025-11-18 14:37:26,2025-11-18 14:37:36,SHORT,24760.5,24750.0,REVERSAL,0,1,42.0,206.5,303,42.0,25.0,2
4233,2025-W47,BEST,2025-11-18 14:40:17,2025-11-18 14:40:38,SHORT,24805.5,24795.5,REVERSAL,0,1,40.0,196.5,518,40.0,19.0,3
4234,2025-W47,BEST,2025-11-18 14:41:03,2025-11-18 14:41:24,SHORT,24801.0,24791.0,REVERSAL,0,1,40.0,196.5,229,40.0,5.0,1
4235,2025-W47,BEST,2025-11-18 14:41:24,2025-11-18 14:42:03,LONG,24791.0,24770.0,HARD_STOP,1,2,-127.0,-642.0,687,36.0,63.5,4
4236,2025-W47,BEST,2025-11-18 14:44:41,2025-11-18 14:44:51,LONG,24732.0,24742.0,REVERSAL,0,1,40.0,196.5,221,40.0,24.0,1
4237,2025-W47,BEST,2025-11-18 14:44:51,2025-11-18 14:45:55,SHORT,24742.0,24762.25,HARD_STOP,1,2,-120.0,-607.0,1169,28.0,60.0,6
4238,2025-W47,BEST,2025-11-18 14:46:12,2025-11-18 14:47:00,LONG,24753.25,24764.0,REVERSAL,0,1,43.0,211.5,636,43.0,37.0,3
4239,2025-W47,BEST,2025-11-18 14:47:54,2025-11-18 14:48:08,SHORT,24798.5,24788.5,REVERSAL,0,1,40.0,196.5,238,40.0,2.0,1
4240,2025-W47,BEST,2025-11-18 14:48:08,2025-11-18 14:48:37,LONG,24788.5,24768.25,HARD_STOP,1,2,-122.0,-617.0,490,16.0,61.0,3
4241,2025-W47,BEST,2025-11-18 14:49:10,2025-11-18 14:49:26,SHORT,24779.5,24769.25,REVERSAL,0,1,41.0,201.5,245,41.0,29.0,1
4242,2025-W47,BEST,2025-11-18 14:49:26,2025-11-18 14:49:55,LONG,24769.25,24769.75,REVERSAL,1,2,44.0,213.0,313,24.0,40.0,3
4243,2025-W47,BEST,2025-11-18 14:53:37,2025-11-18 14:53:46,LONG,24731.5,24741.5,REVERSAL,0,1,40.0,196.5,167,40.0,13.0,1
4244,2025-W47,BEST,2025-11-18 14:53:46,2025-11-18 14:53:58,SHORT,24741.5,24731.5,REVERSAL,0,1,40.0,196.5,199,40.0,4.0,2
4245,2025-W47,BEST,2025-11-18 14:55:50,2025-11-18 14:57:06,SHORT,24733.75,24753.75,HARD_STOP,1,2,-120.0,-607.0,1252,37.0,60.0,6
4246,2025-W47,BEST,2025-11-18 14:57:44,2025-11-18 14:58:08,LONG,24740.5,24750.5,REVERSAL,0,1,40.0,196.5,210,40.0,5.0,1
4247,2025-W47,BEST,2025-11-18 14:58:08,2025-11-18 14:58:45,SHORT,24750.5,24750.5,REVERSAL,1,2,40.0,193.0,391,20.0,40.0,3
4248,2025-W47,BEST,2025-11-18 15:06:49,2025-11-18 15:08:16,LONG,24726.0,24726.0,REVERSAL,1,2,40.0,193.0,928,28.0,40.0,5
4249,2025-W47,BEST,2025-11-18 15:09:01,2025-11-18 15:09:22,LONG,24713.5,24723.5,REVERSAL,0,1,40.0,196.5,192,40.0,2.0,1
4250,2025-W47,BEST,2025-11-18 15:09:22,2025-11-18 15:09:36,SHORT,24723.5,24713.5,REVERSAL,0,1,40.0,196.5,113,40.0,19.0,2
4251,2025-W47,BEST,2025-11-18 15:12:02,2025-11-18 15:13:06,SHORT,24723.5,24713.0,REVERSAL,0,1,42.0,206.5,742,42.0,22.0,3
4252,2025-W47,BEST,2025-11-18 15:14:02,2025-11-18 15:14:22,SHORT,24712.25,24702.0,REVERSAL,0,1,41.0,201.5,278,41.0,5.0,2
4253,2025-W47,BEST,2025-11-18 15:18:53,2025-11-18 15:20:00,LONG,24714.0,24715.0,REVERSAL,1,2,48.0,233.0,762,24.0,40.0,4
4254,2025-W47,BEST,2025-11-18 15:20:21,2025-11-18 15:20:44,SHORT,24716.0,24706.0,REVERSAL,0,1,40.0,196.5,214,40.0,6.0,1
4255,2025-W47,BEST,2025-11-18 15:20:44,2025-11-18 15:20:53,LONG,24706.0,24716.5,REVERSAL,0,1,42.0,206.5,108,42.0,3.0,2
4256,2025-W47,BEST,2025-11-18 15:21:11,2025-11-18 15:21:32,SHORT,24731.75,24721.75,REVERSAL,0,1,40.0,196.5,193,40.0,6.0,1
4257,2025-W47,BEST,2025-11-18 15:21:32,2025-11-18 15:21:42,LONG,24721.75,24732.0,REVERSAL,0,1,41.0,201.5,87,41.0,5.0,2
4258,2025-W47,BEST,2025-11-18 15:23:14,2025-11-18 15:24:24,LONG,24710.0,24690.0,HARD_STOP,1,2,-120.0,-607.0,788,37.0,60.0,4
4259,2025-W47,BEST,2025-11-18 15:24:44,2025-11-18 15:25:18,SHORT,24694.0,24684.0,REVERSAL,0,1,40.0,196.5,439,40.0,8.0,3
4260,2025-W47,BEST,2025-11-18 15:26:42,2025-11-18 15:26:50,SHORT,24682.5,24672.5,REVERSAL,0,1,40.0,196.5,169,40.0,12.0,1
4261,2025-W47,BEST,2025-11-18 15:26:50,2025-11-18 15:28:03,LONG,24672.5,24652.5,HARD_STOP,1,2,-120.0,-607.0,1067,16.0,60.0,5
4262,2025-W47,BEST,2025-11-18 15:29:16,2025-11-18 15:29:22,SHORT,24689.0,24679.0,REVERSAL,0,1,40.0,196.5,112,40.0,4.0,1
4263,2025-W47,BEST,2025-11-18 15:29:22,2025-11-18 15:29:45,LONG,24679.0,24689.0,REVERSAL,0,1,40.0,196.5,317,40.0,19.0,2
4264,2025-W47,BEST,2025-11-18 15:30:02,2025-11-18 15:30:09,SHORT,24701.5,24691.5,REVERSAL,0,1,40.0,196.5,275,40.0,14.0,2
4265,2025-W47,BEST,2025-11-18 15:30:24,2025-11-18 15:30:33,LONG,24679.5,24690.25,REVERSAL,0,1,43.0,211.5,101,43.0,8.0,1
4266,2025-W47,BEST,2025-11-18 15:30:33,2025-11-18 15:30:53,SHORT,24690.25,24710.25,HARD_STOP,1,2,-120.0,-607.0,473,24.0,60.0,3
4267,2025-W47,BEST,2025-11-18 15:38:00,2025-11-18 15:39:01,SHORT,24686.5,24687.0,REVERSAL,1,2,38.0,183.0,1042,35.0,42.0,5
4268,2025-W47,BEST,2025-11-18 15:40:29,2025-11-18 15:40:49,SHORT,24685.75,24675.0,REVERSAL,0,1,43.0,211.5,265,43.0,30.0,2
4269,2025-W47,BEST,2025-11-18 15:41:21,2025-11-18 15:41:30,SHORT,24678.25,24668.0,REVERSAL,0,1,41.0,201.5,107,41.0,9.0,1
4270,2025-W47,BEST,2025-11-18 15:41:30,2025-11-18 15:42:08,LONG,24668.0,24678.0,REVERSAL,0,1,40.0,196.5,283,40.0,0.0,2
4271,2025-W47,BEST,2025-11-18 15:45:25,2025-11-18 15:45:32,SHORT,24667.0,24657.0,REVERSAL,0,1,40.0,196.5,133,40.0,15.0,1
4272,2025-W47,BEST,2025-11-18 15:45:32,2025-11-18 15:46:00,LONG,24657.0,24667.0,REVERSAL,0,1,40.0,196.5,405,40.0,27.0,3
4273,2025-W47,BEST,2025-11-18 15:46:57,2025-11-18 15:47:18,LONG,24630.25,24640.5,REVERSAL,0,1,41.0,201.5,657,41.0,16.0,3
4274,2025-W47,BEST,2025-11-18 15:47:52,2025-11-18 15:48:22,SHORT,24650.25,24640.0,REVERSAL,0,1,41.0,201.5,491,41.0,12.0,2
4275,2025-W47,BEST,2025-11-18 15:48:35,2025-11-18 15:48:59,SHORT,24646.5,24646.5,REVERSAL,1,2,40.0,193.0,504,31.0,40.0,3
4276,2025-W47,BEST,2025-11-19 09:31:05,2025-11-19 09:31:09,SHORT,24616.25,24606.25,REVERSAL,0,1,40.0,196.5,267,40.0,24.0,2
4277,2025-W47,BEST,2025-11-19 09:31:14,2025-11-19 09:31:17,LONG,24596.75,24606.75,REVERSAL,0,1,40.0,196.5,117,40.0,0.0,1
4278,2025-W47,BEST,2025-11-19 09:31:17,2025-11-19 09:31:27,SHORT,24606.75,24596.75,REVERSAL,0,1,40.0,196.5,614,40.0,38.0,3
4279,2025-W47,BEST,2025-11-19 09:33:44,2025-11-19 09:34:01,SHORT,24610.75,24631.0,HARD_STOP,1,2,-122.0,-617.0,699,10.0,61.0,4
4280,2025-W47,BEST,2025-11-19 09:34:35,2025-11-19 09:34:59,LONG,24620.0,24630.0,REVERSAL,0,1,40.0,196.5,822,40.0,35.0,4
4281,2025-W47,BEST,2025-11-19 09:35:37,2025-11-19 09:35:39,SHORT,24669.0,24659.0,REVERSAL,0,1,40.0,196.5,79,40.0,1.0,1
4282,2025-W47,BEST,2025-11-19 09:35:39,2025-11-19 09:35:44,LONG,24659.0,24669.0,REVERSAL,0,1,40.0,196.5,151,40.0,3.0,2
4283,2025-W47,BEST,2025-11-19 09:36:38,2025-11-19 09:36:42,SHORT,24679.0,24668.25,REVERSAL,0,1,43.0,211.5,114,43.0,0.0,1
4284,2025-W47,BEST,2025-11-19 09:36:42,2025-11-19 09:36:48,LONG,24668.25,24678.5,REVERSAL,0,1,41.0,201.5,161,41.0,10.0,2
4285,2025-W47,BEST,2025-11-19 09:37:01,2025-11-19 09:37:19,LONG,24669.5,24679.5,REVERSAL,0,1,40.0,196.5,431,40.0,21.0,2
4286,2025-W47,BEST,2025-11-19 09:37:52,2025-11-19 09:38:15,LONG,24679.75,24679.5,REVERSAL,1,2,39.0,188.0,650,19.5,41.0,3
4287,2025-W47,BEST,2025-11-19 09:38:44,2025-11-19 09:39:00,LONG,24650.0,24660.0,REVERSAL,0,1,40.0,196.5,558,40.0,26.0,3
4288,2025-W47,BEST,2025-11-19 09:39:40,2025-11-19 09:40:35,SHORT,24676.5,24676.75,REVERSAL,1,2,39.0,188.0,1428,38.0,43.5,6
4289,2025-W47,BEST,2025-11-19 09:40:52,2025-11-19 09:41:16,SHORT,24670.0,24690.0,HARD_STOP,1,2,-120.0,-607.0,785,26.0,60.0,4
4290,2025-W47,BEST,2025-11-19 09:41:31,2025-11-19 09:41:37,SHORT,24703.0,24692.5,REVERSAL,0,1,42.0,206.5,269,42.0,6.0,2
4291,2025-W47,BEST,2025-11-19 09:42:25,2025-11-19 09:42:33,SHORT,24718.0,24708.0,REVERSAL,0,1,40.0,196.5,393,40.0,12.0,2
4292,2025-W47,BEST,2025-11-19 09:42:59,2025-11-19 09:43:09,SHORT,24716.75,24706.75,REVERSAL,0,1,40.0,196.5,301,40.0,9.0,2
4293,2025-W47,BEST,2025-11-19 09:44:24,2025-11-19 09:44:47,SHORT,24745.5,24745.5,REVERSAL,1,2,40.0,193.0,1355,34.0,40.0,6
4294,2025-W47,BEST,2025-11-19 09:47:15,2025-11-19 09:47:43,SHORT,24762.0,24751.75,REVERSAL,0,1,41.0,201.5,1095,41.0,16.0,5
4295,2025-W47,BEST,2025-11-19 09:49:05,2025-11-19 09:50:10,SHORT,24769.75,24759.75,REVERSAL,0,1,40.0,196.5,2223,40.0,39.0,9
4296,2025-W47,BEST,2025-11-19 09:50:26,2025-11-19 09:50:49,LONG,24747.0,24757.25,REVERSAL,0,1,41.0,201.5,707,41.0,17.0,3
4297,2025-W47,BEST,2025-11-19 09:51:18,2025-11-19 09:51:26,SHORT,24770.75,24760.5,REVERSAL,0,1,41.0,201.5,222,41.0,3.0,1
4298,2025-W47,BEST,2025-11-19 09:51:26,2025-11-19 09:51:34,LONG,24760.5,24770.75,REVERSAL,0,1,41.0,201.5,268,41.0,6.0,2
4299,2025-W47,BEST,2025-11-19 09:52:37,2025-11-19 09:53:22,SHORT,24792.0,24812.0,HARD_STOP,1,2,-120.0,-607.0,1446,8.0,60.0,6
4300,2025-W47,BEST,2025-11-19 09:54:54,2025-11-19 09:55:01,SHORT,24842.75,24832.75,REVERSAL,0,1,40.0,196.5,430,40.0,2.0,2
4301,2025-W47,BEST,2025-11-19 09:55:22,2025-11-19 09:56:56,SHORT,24837.5,24857.75,HARD_STOP,1,2,-122.0,-617.0,3488,24.0,61.0,15
4302,2025-W47,BEST,2025-11-19 10:02:15,2025-11-19 10:02:36,SHORT,24911.75,24901.75,REVERSAL,0,1,40.0,196.5,921,40.0,16.0,4
4303,2025-W47,BEST,2025-11-19 10:04:03,2025-11-19 10:04:18,SHORT,24925.0,24915.0,REVERSAL,0,1,40.0,196.5,682,40.0,25.0,4
4304,2025-W47,BEST,2025-11-19 10:06:18,2025-11-19 10:06:45,SHORT,24938.25,24928.0,REVERSAL,0,1,41.0,201.5,766,41.0,2.0,4
4305,2025-W47,BEST,2025-11-19 10:08:56,2025-11-19 10:09:26,LONG,24921.0,24921.0,REVERSAL,1,2,40.0,193.0,1070,20.0,40.0,5
4306,2025-W47,BEST,2025-11-19 10:10:09,2025-11-19 10:10:27,LONG,24907.0,24907.0,REVERSAL,1,2,40.0,193.0,1236,20.0,40.0,5
4307,2025-W47,BEST,2025-11-19 10:10:42,2025-11-19 10:10:49,LONG,24897.25,24907.25,REVERSAL,0,1,40.0,196.5,241,40.0,5.0,1
4308,2025-W47,BEST,2025-11-19 10:10:49,2025-11-19 10:11:09,SHORT,24907.25,24927.5,HARD_STOP,1,2,-121.0,-612.0,866,10.0,60.5,5
4309,2025-W47,BEST,2025-11-19 10:11:36,2025-11-19 10:13:02,SHORT,24944.75,24934.5,REVERSAL,0,1,41.0,201.5,2573,41.0,21.0,11
4310,2025-W47,BEST,2025-11-19 10:13:24,2025-11-19 10:15:06,SHORT,24943.0,24963.0,HARD_STOP,1,2,-120.0,-607.0,2853,30.0,60.0,12
4311,2025-W47,BEST,2025-11-19 10:16:44,2025-11-19 10:17:42,SHORT,24981.75,24971.75,REVERSAL,0,1,40.0,196.5,1423,40.0,25.0,6
4312,2025-W47,BEST,2025-11-19 10:19:45,2025-11-19 10:21:15,LONG,24955.75,24955.75,REVERSAL,1,2,40.0,193.0,2699,21.0,59.0,11
4313,2025-W47,BEST,2025-11-19 10:24:10,2025-11-19 10:24:43,LONG,24949.0,24959.0,REVERSAL,0,1,40.0,196.5,651,40.0,28.0,3
4314,2025-W47,BEST,2025-11-19 10:25:46,2025-11-19 10:26:32,LONG,24946.75,24946.75,REVERSAL,1,2,40.0,193.0,1440,20.0,40.0,7
4315,2025-W47,BEST,2025-11-19 10:27:26,2025-11-19 10:28:02,SHORT,24962.75,24952.75,REVERSAL,0,1,40.0,196.5,575,40.0,16.0,3
4316,2025-W47,BEST,2025-11-19 10:31:03,2025-11-19 10:31:07,LONG,24930.25,24940.5,REVERSAL,0,1,41.0,201.5,129,41.0,1.0,1
4317,2025-W47,BEST,2025-11-19 10:31:07,2025-11-19 10:31:25,SHORT,24940.5,24930.5,REVERSAL,0,1,40.0,196.5,323,40.0,14.0,2
4318,2025-W47,BEST,2025-11-19 10:32:06,2025-11-19 10:32:16,SHORT,24956.5,24946.5,REVERSAL,0,1,40.0,196.5,277,40.0,2.0,2
4319,2025-W47,BEST,2025-11-19 10:33:04,2025-11-19 10:33:31,SHORT,24954.5,24944.5,REVERSAL,0,1,40.0,196.5,392,40.0,8.0,2
4320,2025-W47,BEST,2025-11-19 10:35:33,2025-11-19 10:35:44,LONG,24917.25,24927.75,REVERSAL,0,1,42.0,206.5,298,42.0,2.0,2
4321,2025-W47,BEST,2025-11-19 10:44:27,2025-11-19 10:44:56,SHORT,24921.0,24910.75,REVERSAL,0,1,41.0,201.5,466,41.0,0.0,2
4322,2025-W47,BEST,2025-11-19 10:45:33,2025-11-19 10:46:14,LONG,24888.75,24898.75,REVERSAL,0,1,40.0,196.5,792,40.0,14.0,4
4323,2025-W47,BEST,2025-11-19 10:51:19,2025-11-19 10:51:40,LONG,24849.75,24829.75,HARD_STOP,1,2,-120.0,-607.0,952,12.0,60.0,5
4324,2025-W47,BEST,2025-11-19 10:51:59,2025-11-19 10:52:27,SHORT,24840.75,24841.0,REVERSAL,1,2,39.0,188.0,996,19.5,41.0,4
4325,2025-W47,BEST,2025-11-19 10:52:27,2025-11-19 10:53:22,LONG,24841.0,24821.0,HARD_STOP,1,2,-120.0,-607.0,2103,21.0,60.0,10
4326,2025-W47,BEST,2025-11-19 10:53:39,2025-11-19 10:54:46,LONG,24813.0,24823.0,REVERSAL,0,1,40.0,196.5,2485,40.0,34.0,10
4327,2025-W47,BEST,2025-11-19 10:55:19,2025-11-19 10:56:14,LONG,24793.75,24793.75,REVERSAL,1,2,40.0,193.0,2704,31.0,40.0,11
4328,2025-W47,BEST,2025-11-19 10:56:35,2025-11-19 10:57:53,LONG,24773.75,24753.75,HARD_STOP,1,2,-120.0,-607.0,3866,35.0,60.0,16
4329,2025-W47,BEST,2025-11-19 10:58:28,2025-11-19 10:59:01,SHORT,24763.0,24753.0,REVERSAL,0,1,40.0,196.5,1454,40.0,35.0,6
4330,2025-W47,BEST,2025-11-19 11:00:36,2025-11-19 11:00:41,LONG,24766.0,24776.25,REVERSAL,0,1,41.0,201.5,358,41.0,9.0,2
4331,2025-W47,BEST,2025-11-19 11:00:55,2025-11-19 11:01:00,SHORT,24777.0,24767.0,REVERSAL,0,1,40.0,196.5,239,40.0,0.0,1
4332,2025-W47,BEST,2025-11-19 11:01:00,2025-11-19 11:01:17,LONG,24767.0,24777.0,REVERSAL,0,1,40.0,196.5,568,40.0,0.0,4
4333,2025-W47,BEST,2025-11-19 11:02:05,2025-11-19 11:02:51,LONG,24771.5,24781.5,REVERSAL,0,1,40.0,196.5,1571,40.0,21.0,7
4334,2025-W47,BEST,2025-11-19 11:03:40,2025-11-19 11:05:12,LONG,24765.0,24775.0,REVERSAL,0,1,40.0,196.5,2423,40.0,37.0,10
4335,2025-W47,BEST,2025-11-19 11:05:31,2025-11-19 11:05:58,LONG,24765.0,24745.0,HARD_STOP,1,2,-120.0,-607.0,1116,22.0,60.0,5
4336,2025-W47,BEST,2025-11-19 11:07:22,2025-11-19 11:08:09,SHORT,24744.5,24734.5,REVERSAL,0,1,40.0,196.5,2008,40.0,39.0,9
4337,2025-W47,BEST,2025-11-19 11:08:09,2025-11-19 11:08:15,LONG,24734.5,24745.0,REVERSAL,0,1,42.0,206.5,191,42.0,4.0,1
4338,2025-W47,BEST,2025-11-19 11:08:15,2025-11-19 11:08:32,SHORT,24745.0,24735.0,REVERSAL,0,1,40.0,196.5,454,40.0,18.0,3
4339,2025-W47,BEST,2025-11-19 11:11:02,2025-11-19 11:11:35,LONG,24719.75,24730.0,REVERSAL,0,1,41.0,201.5,1136,41.0,39.0,5
4340,2025-W47,BEST,2025-11-19 11:12:30,2025-11-19 11:12:56,LONG,24702.0,24712.0,REVERSAL,0,1,40.0,196.5,502,40.0,6.0,3
4341,2025-W47,BEST,2025-11-19 11:13:02,2025-11-19 11:13:12,SHORT,24717.75,24707.25,REVERSAL,0,1,42.0,206.5,166,42.0,1.0,1
4342,2025-W47,BEST,2025-11-19 11:13:12,2025-11-19 11:13:57,LONG,24707.25,24717.25,REVERSAL,0,1,40.0,196.5,936,40.0,35.0,5
4343,2025-W47,BEST,2025-11-19 11:17:11,2025-11-19 11:17:19,LONG,24707.0,24717.0,REVERSAL,0,1,40.0,196.5,234,40.0,6.0,1
4344,2025-W47,BEST,2025-11-19 11:17:19,2025-11-19 11:18:12,SHORT,24717.0,24717.0,REVERSAL,1,2,40.0,193.0,1112,20.0,40.0,6
4345,2025-W47,BEST,2025-11-19 11:21:49,2025-11-19 11:23:01,SHORT,24749.5,24739.5,REVERSAL,0,1,40.0,196.5,1358,40.0,29.0,7
4346,2025-W47,BEST,2025-11-19 11:25:08,2025-11-19 11:26:16,LONG,24674.25,24674.5,REVERSAL,1,2,42.0,203.0,2377,37.0,42.0,10
4347,2025-W47,BEST,2025-11-19 11:26:28,2025-11-19 11:27:16,SHORT,24679.5,24700.0,HARD_STOP,1,2,-123.0,-622.0,1015,20.0,61.5,5
4348,2025-W47,BEST,2025-11-19 11:32:22,2025-11-19 11:32:35,LONG,24703.5,24703.75,REVERSAL,1,2,42.0,203.0,238,21.0,40.0,1
4349,2025-W47,BEST,2025-11-19 11:33:02,2025-11-19 11:33:12,LONG,24692.25,24702.25,REVERSAL,0,1,40.0,196.5,180,40.0,1.0,1
4350,2025-W47,BEST,2025-11-19 11:33:12,2025-11-19 11:33:21,SHORT,24702.25,24692.0,REVERSAL,0,1,41.0,201.5,178,41.0,6.0,2
4351,2025-W47,BEST,2025-11-19 11:36:04,2025-11-19 11:36:35,LONG,24674.0,24653.75,HARD_STOP,1,2,-120.0,-607.0,1227,24.0,60.0,6
4352,2025-W47,BEST,2025-11-19 11:37:16,2025-11-19 11:37:20,SHORT,24681.25,24671.25,REVERSAL,0,1,40.0,196.5,106,40.0,6.0,1
4353,2025-W47,BEST,2025-11-19 11:37:20,2025-11-19 11:38:10,LONG,24671.25,24681.25,REVERSAL,0,1,40.0,196.5,820,40.0,18.0,4
4354,2025-W47,BEST,2025-11-19 11:38:43,2025-11-19 11:38:46,SHORT,24686.5,24676.25,REVERSAL,0,1,41.0,201.5,88,41.0,1.0,1
4355,2025-W47,BEST,2025-11-19 11:38:46,2025-11-19 11:39:10,LONG,24676.25,24686.5,REVERSAL,0,1,41.0,201.5,421,41.0,14.0,3
4356,2025-W47,BEST,2025-11-19 11:40:40,2025-11-19 11:41:44,LONG,24662.0,24662.0,REVERSAL,1,2,40.0,193.0,1236,26.0,40.0,6
4357,2025-W47,BEST,2025-11-19 11:42:49,2025-11-19 11:43:18,SHORT,24689.0,24679.0,REVERSAL,0,1,40.0,196.5,726,40.0,36.0,4
4358,2025-W47,BEST,2025-11-19 11:45:00,2025-11-19 11:45:43,LONG,24677.25,24676.75,REVERSAL,1,2,38.0,183.0,1056,28.0,42.0,5
4359,2025-W47,BEST,2025-11-19 11:46:14,2025-11-19 11:46:17,SHORT,24699.0,24688.25,REVERSAL,0,1,43.0,211.5,78,43.0,0.0,1
4360,2025-W47,BEST,2025-11-19 11:46:17,2025-11-19 11:46:43,LONG,24688.25,24699.5,REVERSAL,0,1,45.0,221.5,460,45.0,24.0,3
4361,2025-W47,BEST,2025-11-19 11:49:19,2025-11-19 11:49:23,LONG,24649.25,24659.25,REVERSAL,0,1,40.0,196.5,100,40.0,0.0,1
4362,2025-W47,BEST,2025-11-19 11:49:23,2025-11-19 11:49:46,SHORT,24659.25,24659.25,REVERSAL,1,2,40.0,193.0,464,20.0,40.0,3
4363,2025-W47,BEST,2025-11-19 11:50:00,2025-11-19 11:50:17,SHORT,24670.5,24660.5,REVERSAL,0,1,40.0,196.5,301,40.0,21.0,2
4364,2025-W47,BEST,2025-11-19 11:50:37,2025-11-19 11:51:14,SHORT,24663.5,24663.75,REVERSAL,1,2,40.0,193.0,454,20.0,42.0,3
4365,2025-W47,BEST,2025-11-19 11:53:03,2025-11-19 11:54:11,SHORT,24682.0,24682.0,REVERSAL,1,2,40.0,193.0,1282,26.0,52.0,6
4366,2025-W47,BEST,2025-11-19 11:54:29,2025-11-19 11:55:29,SHORT,24682.75,24672.5,REVERSAL,0,1,41.0,201.5,697,41.0,34.0,4
4367,2025-W47,BEST,2025-11-19 11:57:38,2025-11-19 11:58:19,SHORT,24703.0,24693.0,REVERSAL,0,1,40.0,196.5,696,40.0,17.0,3
4368,2025-W47,BEST,2025-11-19 12:04:32,2025-11-19 12:04:36,LONG,24619.75,24630.0,REVERSAL,0,1,41.0,201.5,117,41.0,0.0,1
4369,2025-W47,BEST,2025-11-19 12:04:36,2025-11-19 12:04:56,SHORT,24630.0,24620.0,REVERSAL,0,1,40.0,196.5,383,40.0,15.0,3
4370,2025-W47,BEST,2025-11-19 12:08:36,2025-11-19 12:09:03,LONG,24623.25,24633.25,REVERSAL,0,1,40.0,196.5,391,40.0,2.0,2
4371,2025-W47,BEST,2025-11-19 12:09:08,2025-11-19 12:09:10,SHORT,24644.0,24633.5,REVERSAL,0,1,42.0,206.5,58,42.0,1.0,1
4372,2025-W47,BEST,2025-11-19 12:10:21,2025-11-19 12:10:43,LONG,24617.75,24627.75,REVERSAL,0,1,40.0,196.5,469,40.0,11.0,3
4373,2025-W47,BEST,2025-11-19 12:12:26,2025-11-19 12:12:36,LONG,24618.25,24628.25,REVERSAL,0,1,40.0,196.5,196,40.0,6.0,1
4374,2025-W47,BEST,2025-11-19 12:12:36,2025-11-19 12:12:46,SHORT,24628.25,24618.25,REVERSAL,0,1,40.0,196.5,96,40.0,13.0,2
4375,2025-W47,BEST,2025-11-19 12:14:16,2025-11-19 12:14:28,LONG,24602.75,24613.0,REVERSAL,0,1,41.0,201.5,158,41.0,0.0,1
4376,2025-W47,BEST,2025-11-19 12:14:28,2025-11-19 12:16:04,SHORT,24613.0,24612.0,REVERSAL,1,2,48.0,233.0,1502,36.0,44.0,7
4377,2025-W47,BEST,2025-11-19 12:16:30,2025-11-19 12:16:43,LONG,24610.25,24620.75,REVERSAL,0,1,42.0,206.5,138,42.0,10.0,1
4378,2025-W47,BEST,2025-11-19 12:16:43,2025-11-19 12:17:11,SHORT,24620.75,24621.0,REVERSAL,1,2,39.0,188.0,425,23.0,41.0,3
4379,2025-W47,BEST,2025-11-19 12:18:48,2025-11-19 12:19:03,SHORT,24634.75,24624.25,REVERSAL,0,1,42.0,206.5,137,42.0,13.0,1
4380,2025-W47,BEST,2025-11-19 12:19:03,2025-11-19 12:19:14,LONG,24624.25,24634.5,REVERSAL,0,1,41.0,201.5,168,41.0,5.0,2
4381,2025-W47,BEST,2025-11-19 12:20:12,2025-11-19 12:21:03,LONG,24610.75,24621.25,REVERSAL,0,1,42.0,206.5,586,42.0,12.0,3
4382,2025-W47,BEST,2025-11-19 12:22:07,2025-11-19 12:22:16,LONG,24620.25,24620.5,REVERSAL,1,2,43.0,208.0,232,21.5,41.0,1
4383,2025-W47,BEST,2025-11-19 12:23:57,2025-11-19 12:24:01,LONG,24614.0,24624.5,REVERSAL,0,1,42.0,206.5,97,42.0,6.0,1
4384,2025-W47,BEST,2025-11-19 12:24:01,2025-11-19 12:24:14,SHORT,24624.5,24612.75,REVERSAL,0,1,47.0,231.5,239,47.0,19.0,2
4385,2025-W47,BEST,2025-11-19 12:28:33,2025-11-19 12:29:10,SHORT,24632.0,24631.75,REVERSAL,1,2,42.0,203.0,1188,39.0,49.0,5
4386,2025-W47,BEST,2025-11-19 12:29:26,2025-11-19 12:29:54,LONG,24622.75,24632.75,REVERSAL,0,1,40.0,196.5,339,40.0,15.0,2
4387,2025-W47,BEST,2025-11-19 12:30:58,2025-11-19 12:31:31,SHORT,24622.25,24612.25,REVERSAL,0,1,40.0,196.5,657,40.0,32.0,3
4388,2025-W47,BEST,2025-11-19 12:37:38,2025-11-19 12:37:49,LONG,24513.0,24523.0,REVERSAL,0,1,40.0,196.5,420,40.0,13.0,2
4389,2025-W47,BEST,2025-11-19 12:38:19,2025-11-19 12:38:29,SHORT,24534.25,24524.25,REVERSAL,0,1,40.0,196.5,253,40.0,14.0,2
4390,2025-W47,BEST,2025-11-19 12:39:14,2025-11-19 12:39:52,LONG,24516.25,24526.5,REVERSAL,0,1,41.0,201.5,480,41.0,11.0,2
4391,2025-W47,BEST,2025-11-19 12:40:38,2025-11-19 12:41:00,SHORT,24534.5,24524.5,REVERSAL,0,1,40.0,196.5,366,40.0,4.0,2
4392,2025-W47,BEST,2025-11-19 12:43:51,2025-11-19 12:44:06,SHORT,24626.5,24616.5,REVERSAL,0,1,40.0,196.5,318,40.0,1.0,3
4393,2025-W47,BEST,2025-11-19 12:44:56,2025-11-19 12:45:03,LONG,24613.0,24623.25,REVERSAL,0,1,41.0,201.5,187,41.0,3.0,1
4394,2025-W47,BEST,2025-11-19 12:45:03,2025-11-19 12:45:21,SHORT,24623.25,24613.25,REVERSAL,0,1,40.0,196.5,329,40.0,22.0,3
4395,2025-W47,BEST,2025-11-19 12:46:09,2025-11-19 12:46:13,SHORT,24608.0,24598.0,REVERSAL,0,1,40.0,196.5,126,40.0,4.0,1
4396,2025-W47,BEST,2025-11-19 12:46:13,2025-11-19 12:46:37,LONG,24598.0,24598.0,REVERSAL,1,2,42.0,203.0,387,24.0,42.0,3
4397,2025-W47,BEST,2025-11-19 12:46:37,2025-11-19 12:47:09,SHORT,24598.0,24598.25,REVERSAL,1,2,39.0,188.0,444,19.5,41.0,2
4398,2025-W47,BEST,2025-11-19 12:47:48,2025-11-19 12:48:03,SHORT,24623.5,24613.0,REVERSAL,0,1,42.0,206.5,276,42.0,16.0,2
4399,2025-W47,BEST,2025-11-19 12:48:56,2025-11-19 12:49:01,LONG,24594.25,24604.75,REVERSAL,0,1,42.0,206.5,63,42.0,0.0,1
4400,2025-W47,BEST,2025-11-19 12:49:01,2025-11-19 12:49:37,SHORT,24604.75,24594.5,REVERSAL,0,1,41.0,201.5,586,41.0,38.0,3
4401,2025-W47,BEST,2025-11-19 12:51:07,2025-11-19 12:51:10,SHORT,24621.75,24611.75,REVERSAL,0,1,40.0,196.5,71,40.0,1.0,1
4402,2025-W47,BEST,2025-11-19 12:51:10,2025-11-19 12:51:19,LONG,24611.75,24621.75,REVERSAL,0,1,40.0,196.5,182,40.0,13.0,2
4403,2025-W47,BEST,2025-11-19 12:51:23,2025-11-19 12:52:01,LONG,24625.25,24635.25,REVERSAL,0,1,40.0,196.5,453,40.0,22.0,2
4404,2025-W47,BEST,2025-11-19 12:53:12,2025-11-19 12:53:40,SHORT,24650.0,24640.0,REVERSAL,0,1,40.0,196.5,574,40.0,8.0,3
4405,2025-W47,BEST,2025-11-19 12:54:10,2025-11-19 12:54:34,SHORT,24641.0,24631.0,REVERSAL,0,1,40.0,196.5,473,40.0,38.0,3
4406,2025-W47,BEST,2025-11-19 12:55:20,2025-11-19 12:55:34,SHORT,24651.75,24641.75,REVERSAL,0,1,40.0,196.5,257,40.0,9.0,2
4407,2025-W47,BEST,2025-11-19 12:56:48,2025-11-19 12:57:01,LONG,24632.75,24642.75,REVERSAL,0,1,40.0,196.5,182,40.0,18.0,2
4408,2025-W47,BEST,2025-11-19 12:57:27,2025-11-19 12:58:05,LONG,24645.25,24625.25,HARD_STOP,1,2,-120.0,-607.0,442,16.0,60.0,2
4409,2025-W47,BEST,2025-11-19 13:01:00,2025-11-19 13:01:16,SHORT,24645.75,24635.75,REVERSAL,0,1,40.0,196.5,218,40.0,7.0,1
4410,2025-W47,BEST,2025-11-19 13:01:16,2025-11-19 13:01:42,LONG,24635.75,24645.75,REVERSAL,0,1,40.0,196.5,171,40.0,11.0,2
4411,2025-W47,BEST,2025-11-19 13:05:03,2025-11-19 13:05:10,SHORT,24667.25,24657.0,REVERSAL,0,1,41.0,201.5,109,41.0,0.0,1
4412,2025-W47,BEST,2025-11-19 13:05:10,2025-11-19 13:06:07,LONG,24657.0,24657.25,REVERSAL,1,2,42.0,203.0,912,21.0,40.0,5
4413,2025-W47,BEST,2025-11-19 13:09:37,2025-11-19 13:10:02,SHORT,24652.5,24642.5,REVERSAL,0,1,40.0,196.5,339,40.0,13.0,2
4414,2025-W47,BEST,2025-11-19 13:12:12,2025-11-19 13:12:17,LONG,24656.75,24666.75,REVERSAL,0,1,40.0,196.5,87,40.0,7.0,1
4415,2025-W47,BEST,2025-11-19 13:12:17,2025-11-19 13:13:29,SHORT,24666.75,24686.75,HARD_STOP,1,2,-120.0,-607.0,848,22.0,60.0,4
4416,2025-W47,BEST,2025-11-19 13:14:19,2025-11-19 13:14:43,LONG,24659.0,24669.25,REVERSAL,0,1,41.0,201.5,331,41.0,12.0,2
4417,2025-W47,BEST,2025-11-19 13:15:52,2025-11-19 13:16:02,LONG,24647.25,24657.25,REVERSAL,0,1,40.0,196.5,137,40.0,9.0,1
4418,2025-W47,BEST,2025-11-19 13:16:02,2025-11-19 13:16:12,SHORT,24657.25,24647.25,REVERSAL,0,1,40.0,196.5,139,40.0,3.0,2
4419,2025-W47,BEST,2025-11-19 13:17:34,2025-11-19 13:17:52,SHORT,24649.0,24639.0,REVERSAL,0,1,40.0,196.5,99,40.0,4.0,1
4420,2025-W47,BEST,2025-11-19 13:17:52,2025-11-19 13:18:39,LONG,24639.0,24639.0,REVERSAL,1,2,40.0,193.0,808,20.0,40.0,4
4421,2025-W47,BEST,2025-11-19 13:18:39,2025-11-19 13:19:05,SHORT,24639.0,24629.0,REVERSAL,0,1,40.0,196.5,345,40.0,5.0,3
4422,2025-W47,BEST,2025-11-19 13:20:48,2025-11-19 13:23:02,SHORT,24646.25,24666.5,HARD_STOP,1,2,-121.0,-612.0,1303,25.0,60.5,6
4423,2025-W47,BEST,2025-11-19 13:26:20,2025-11-19 13:26:29,LONG,24643.25,24653.25,REVERSAL,0,1,40.0,196.5,77,40.0,5.0,1
4424,2025-W47,BEST,2025-11-19 13:26:29,2025-11-19 13:26:54,SHORT,24653.25,24643.25,REVERSAL,0,1,40.0,196.5,216,40.0,11.0,2
4425,2025-W47,BEST,2025-11-19 13:33:00,2025-11-19 13:34:04,LONG,24613.25,24623.25,REVERSAL,0,1,40.0,196.5,657,40.0,23.0,3
4426,2025-W47,BEST,2025-11-19 13:35:57,2025-11-19 13:36:50,SHORT,24649.75,24669.75,HARD_STOP,1,2,-120.0,-607.0,683,13.0,60.0,3
4427,2025-W47,BEST,2025-11-19 13:39:32,2025-11-19 13:39:37,LONG,24663.25,24673.25,REVERSAL,0,1,40.0,196.5,250,40.0,16.0,2
4428,2025-W47,BEST,2025-11-19 13:40:01,2025-11-19 13:40:16,SHORT,24684.0,24673.75,REVERSAL,0,1,41.0,201.5,193,41.0,13.0,1
4429,2025-W47,BEST,2025-11-19 13:40:16,2025-11-19 13:41:33,LONG,24673.75,24674.0,REVERSAL,1,2,42.0,203.0,1150,21.0,55.0,6
4430,2025-W47,BEST,2025-11-19 13:45:35,2025-11-19 13:47:04,LONG,24621.0,24631.0,REVERSAL,0,1,40.0,196.5,1015,40.0,27.0,5
4431,2025-W47,BEST,2025-11-19 13:49:11,2025-11-19 13:49:33,LONG,24605.0,24615.0,REVERSAL,0,1,40.0,196.5,246,40.0,3.0,1
4432,2025-W47,BEST,2025-11-19 13:49:33,2025-11-19 13:49:45,SHORT,24615.0,24605.0,REVERSAL,0,1,40.0,196.5,151,40.0,0.0,2
4433,2025-W47,BEST,2025-11-19 13:52:13,2025-11-19 13:53:22,SHORT,24664.0,24664.0,REVERSAL,1,2,40.0,193.0,827,27.0,40.0,4
4434,2025-W47,BEST,2025-11-19 13:58:06,2025-11-19 13:59:01,SHORT,24698.25,24688.25,REVERSAL,0,1,40.0,196.5,472,40.0,12.0,3
4435,2025-W47,BEST,2025-11-19 14:00:53,2025-11-19 14:01:03,SHORT,24675.0,24664.75,REVERSAL,0,1,41.0,201.5,161,41.0,5.0,1
4436,2025-W47,BEST,2025-11-19 14:01:27,2025-11-19 14:01:41,SHORT,24677.0,24667.0,REVERSAL,0,1,40.0,196.5,133,40.0,9.0,1
4437,2025-W47,BEST,2025-11-19 14:01:41,2025-11-19 14:02:01,LONG,24667.0,24677.0,REVERSAL,0,1,40.0,196.5,367,40.0,39.0,3
4438,2025-W47,BEST,2025-11-19 14:03:50,2025-11-19 14:04:00,LONG,24653.75,24663.75,REVERSAL,0,1,40.0,196.5,126,40.0,3.0,1
4439,2025-W47,BEST,2025-11-19 14:04:00,2025-11-19 14:04:18,SHORT,24663.75,24653.5,REVERSAL,0,1,41.0,201.5,237,41.0,4.0,2
4440,2025-W47,BEST,2025-11-19 14:08:00,2025-11-19 14:08:23,LONG,24640.0,24650.0,REVERSAL,0,1,40.0,196.5,272,40.0,19.0,2
4441,2025-W47,BEST,2025-11-19 14:10:13,2025-11-19 14:11:00,LONG,24644.25,24644.25,REVERSAL,1,2,40.0,193.0,659,20.0,40.0,3
4442,2025-W47,BEST,2025-11-19 14:11:00,2025-11-19 14:13:21,SHORT,24644.25,24665.0,HARD_STOP,1,2,-123.0,-622.0,1528,35.0,61.5,7
4443,2025-W47,BEST,2025-11-19 14:28:31,2025-11-19 14:30:12,LONG,24592.25,24602.25,REVERSAL,0,1,40.0,196.5,1136,40.0,23.0,5
4444,2025-W47,BEST,2025-11-19 14:32:03,2025-11-19 14:32:17,LONG,24587.5,24597.5,REVERSAL,0,1,40.0,196.5,152,40.0,0.0,1
4445,2025-W47,BEST,2025-11-19 14:32:17,2025-11-19 14:32:55,SHORT,24597.5,24587.5,REVERSAL,0,1,40.0,196.5,363,40.0,30.0,3
4446,2025-W47,BEST,2025-11-19 14:38:48,2025-11-19 14:40:07,LONG,24582.0,24582.0,REVERSAL,1,2,40.0,193.0,905,29.0,40.0,4
4447,2025-W47,BEST,2025-11-19 14:40:37,2025-11-19 14:41:07,SHORT,24588.0,24578.0,REVERSAL,0,1,40.0,196.5,268,40.0,14.0,2
4448,2025-W47,BEST,2025-11-19 14:45:25,2025-11-19 14:45:32,SHORT,24608.5,24598.5,REVERSAL,0,1,40.0,196.5,112,40.0,2.0,1
4449,2025-W47,BEST,2025-11-19 14:45:32,2025-11-19 14:46:13,LONG,24598.5,24598.5,REVERSAL,1,2,40.0,193.0,569,38.0,40.0,3
4450,2025-W47,BEST,2025-11-19 14:54:41,2025-11-19 14:55:17,SHORT,24679.5,24699.5,HARD_STOP,1,2,-120.0,-607.0,824,31.0,60.0,4
4451,2025-W47,BEST,2025-11-19 14:56:00,2025-11-19 14:56:13,SHORT,24692.0,24682.0,REVERSAL,0,1,40.0,196.5,293,40.0,26.0,2
4452,2025-W47,BEST,2025-11-19 14:57:01,2025-11-19 14:57:11,SHORT,24687.5,24677.5,REVERSAL,0,1,40.0,196.5,126,40.0,4.0,1
4453,2025-W47,BEST,2025-11-19 14:57:11,2025-11-19 14:57:44,LONG,24677.5,24657.0,HARD_STOP,1,2,-123.0,-622.0,564,6.0,61.5,3
4454,2025-W47,BEST,2025-11-19 15:02:43,2025-11-19 15:06:22,SHORT,24657.75,24677.75,HARD_STOP,1,2,-120.0,-607.0,1689,24.0,60.0,7
4455,2025-W47,BEST,2025-11-19 15:12:03,2025-11-19 15:13:11,SHORT,24703.5,24693.5,REVERSAL,0,1,40.0,196.5,719,40.0,14.0,3
4456,2025-W47,BEST,2025-11-19 15:16:58,2025-11-19 15:17:21,SHORT,24748.5,24737.75,REVERSAL,0,1,43.0,211.5,452,43.0,2.0,2
4457,2025-W47,BEST,2025-11-19 15:22:33,2025-11-19 15:22:59,SHORT,24801.25,24791.25,REVERSAL,0,1,40.0,196.5,599,40.0,9.0,3
4458,2025-W47,BEST,2025-11-19 15:23:39,2025-11-19 15:24:14,LONG,24755.5,24755.5,REVERSAL,1,2,40.0,193.0,1282,34.0,56.0,6
4459,2025-W47,BEST,2025-11-19 15:25:48,2025-11-19 15:26:18,LONG,24746.5,24756.5,REVERSAL,0,1,40.0,196.5,496,40.0,9.0,2
4460,2025-W47,BEST,2025-11-19 15:28:36,2025-11-19 15:29:31,SHORT,24776.25,24766.25,REVERSAL,0,1,40.0,196.5,728,40.0,28.0,4
4461,2025-W47,BEST,2025-11-19 15:32:46,2025-11-19 15:35:41,SHORT,24769.0,24769.0,REVERSAL,1,2,40.0,193.0,1894,29.0,40.0,8
4462,2025-W47,BEST,2025-11-19 15:36:42,2025-11-19 15:37:00,SHORT,24792.5,24782.5,REVERSAL,0,1,40.0,196.5,362,40.0,7.0,3
4463,2025-W47,BEST,2025-11-19 15:38:19,2025-11-19 15:38:30,SHORT,24827.0,24817.0,REVERSAL,0,1,40.0,196.5,410,40.0,13.0,2
4464,2025-W47,BEST,2025-11-19 15:45:02,2025-11-19 15:45:42,LONG,24765.25,24745.0,HARD_STOP,1,2,-121.0,-612.0,724,6.5,60.5,4
4465,2025-W47,BEST,2025-11-19 15:46:10,2025-11-19 15:46:32,LONG,24717.5,24728.0,REVERSAL,0,1,42.0,206.5,652,42.0,9.0,3
4466,2025-W47,BEST,2025-11-19 15:47:19,2025-11-19 15:47:36,LONG,24724.75,24734.75,REVERSAL,0,1,40.0,196.5,318,40.0,13.0,2
4467,2025-W47,BEST,2025-11-20 09:30:21,2025-11-20 09:30:23,LONG,25195.25,25205.25,REVERSAL,0,1,40.0,196.5,198,40.0,10.0,1
4468,2025-W47,BEST,2025-11-20 09:30:23,2025-11-20 09:30:26,SHORT,25205.25,25195.25,REVERSAL,0,1,40.0,196.5,172,40.0,2.0,2
4469,2025-W47,BEST,2025-11-20 09:30:34,2025-11-20 09:30:42,LONG,25185.5,25165.5,HARD_STOP,1,2,-120.0,-607.0,887,18.0,60.0,4
4470,2025-W47,BEST,2025-11-20 09:31:03,2025-11-20 09:31:04,SHORT,25208.0,25197.5,REVERSAL,0,1,42.0,206.5,99,42.0,9.0,1
4471,2025-W47,BEST,2025-11-20 09:31:59,2025-11-20 09:32:12,SHORT,25204.75,25205.0,REVERSAL,1,2,39.0,188.0,739,36.0,41.0,4
4472,2025-W47,BEST,2025-11-20 09:32:59,2025-11-20 09:33:04,SHORT,25196.5,25185.75,REVERSAL,0,1,43.0,211.5,148,43.0,5.0,1
4473,2025-W47,BEST,2025-11-20 09:33:04,2025-11-20 09:33:35,LONG,25185.75,25165.75,HARD_STOP,1,2,-120.0,-607.0,978,33.0,60.0,5
4474,2025-W47,BEST,2025-11-20 09:33:50,2025-11-20 09:33:53,LONG,25155.0,25165.0,REVERSAL,0,1,40.0,196.5,283,40.0,15.0,2
4475,2025-W47,BEST,2025-11-20 09:34:48,2025-11-20 09:34:53,SHORT,25201.75,25191.25,REVERSAL,0,1,42.0,206.5,159,42.0,12.0,1
4476,2025-W47,BEST,2025-11-20 09:34:53,2025-11-20 09:35:06,LONG,25191.25,25201.25,REVERSAL,0,1,40.0,196.5,453,40.0,19.0,3
4477,2025-W47,BEST,2025-11-20 09:35:22,2025-11-20 09:35:26,SHORT,25225.0,25215.0,REVERSAL,0,1,40.0,196.5,194,40.0,8.0,1
4478,2025-W47,BEST,2025-11-20 09:35:26,2025-11-20 09:36:05,LONG,25215.0,25195.0,HARD_STOP,1,2,-120.0,-607.0,1700,20.0,60.0,8
4479,2025-W47,BEST,2025-11-20 09:37:12,2025-11-20 09:37:16,SHORT,25225.0,25215.0,REVERSAL,0,1,40.0,196.5,162,40.0,11.0,1
4480,2025-W47,BEST,2025-11-20 09:39:34,2025-11-20 09:39:39,LONG,25187.25,25197.5,REVERSAL,0,1,41.0,201.5,117,41.0,10.0,1
4481,2025-W47,BEST,2025-11-20 09:39:39,2025-11-20 09:40:00,SHORT,25197.5,25218.0,HARD_STOP,1,2,-124.0,-627.0,588,4.0,62.0,3
4482,2025-W47,BEST,2025-11-20 09:41:43,2025-11-20 09:41:48,LONG,25148.75,25158.75,REVERSAL,0,1,40.0,196.5,258,40.0,11.0,2
4483,2025-W47,BEST,2025-11-20 09:42:17,2025-11-20 09:42:27,SHORT,25185.0,25174.75,REVERSAL,0,1,41.0,201.5,248,41.0,7.0,1
4484,2025-W47,BEST,2025-11-20 09:42:27,2025-11-20 09:42:29,LONG,25174.75,25185.5,REVERSAL,0,1,43.0,211.5,30,43.0,0.0,2
4485,2025-W47,BEST,2025-11-20 09:43:48,2025-11-20 09:44:02,SHORT,25233.75,25223.75,REVERSAL,0,1,40.0,196.5,531,40.0,14.0,3
4486,2025-W47,BEST,2025-11-20 09:45:02,2025-11-20 09:45:05,SHORT,25217.75,25207.75,REVERSAL,0,1,40.0,196.5,210,40.0,13.0,1
4487,2025-W47,BEST,2025-11-20 09:45:05,2025-11-20 09:45:28,LONG,25207.75,25187.25,HARD_STOP,1,2,-123.0,-622.0,1126,21.0,61.5,6
4488,2025-W47,BEST,2025-11-20 09:45:57,2025-11-20 09:46:02,SHORT,25200.0,25190.0,REVERSAL,0,1,40.0,196.5,201,40.0,23.0,1
4489,2025-W47,BEST,2025-11-20 09:46:02,2025-11-20 09:46:03,LONG,25190.0,25200.0,REVERSAL,0,1,40.0,196.5,72,40.0,11.0,2
4490,2025-W47,BEST,2025-11-20 09:46:47,2025-11-20 09:46:52,LONG,25190.0,25200.0,REVERSAL,0,1,40.0,196.5,158,40.0,17.0,1
4491,2025-W47,BEST,2025-11-20 09:46:52,2025-11-20 09:47:08,SHORT,25200.0,25220.0,HARD_STOP,1,2,-120.0,-607.0,599,12.0,60.0,4
4492,2025-W47,BEST,2025-11-20 09:48:01,2025-11-20 09:48:07,SHORT,25264.75,25254.75,REVERSAL,0,1,40.0,196.5,383,40.0,13.0,2
4493,2025-W47,BEST,2025-11-20 09:48:19,2025-11-20 09:48:37,SHORT,25253.5,25243.5,REVERSAL,0,1,40.0,196.5,424,40.0,26.0,2
4494,2025-W47,BEST,2025-11-20 09:49:22,2025-11-20 09:49:45,LONG,25229.5,25209.5,HARD_STOP,1,2,-120.0,-607.0,928,35.0,60.0,4
4495,2025-W47,BEST,2025-11-20 09:49:53,2025-11-20 09:49:55,LONG,25202.75,25213.0,REVERSAL,0,1,41.0,201.5,184,41.0,16.0,1
4496,2025-W47,BEST,2025-11-20 09:49:55,2025-11-20 09:50:05,SHORT,25213.0,25233.0,HARD_STOP,1,2,-120.0,-607.0,635,7.0,60.0,4
4497,2025-W47,BEST,2025-11-20 09:50:16,2025-11-20 09:50:29,SHORT,25243.5,25233.25,REVERSAL,0,1,41.0,201.5,464,41.0,7.0,2
4498,2025-W47,BEST,2025-11-20 09:50:36,2025-11-20 09:50:55,LONG,25223.0,25233.0,REVERSAL,0,1,40.0,196.5,519,40.0,35.0,3
4499,2025-W47,BEST,2025-11-20 09:51:49,2025-11-20 09:52:00,SHORT,25251.25,25241.0,REVERSAL,0,1,41.0,201.5,237,41.0,9.0,2
4500,2025-W47,BEST,2025-11-20 09:52:24,2025-11-20 09:52:53,LONG,25230.0,25230.0,REVERSAL,1,2,40.0,193.0,1281,31.0,40.0,6
4501,2025-W47,BEST,2025-11-20 09:53:24,2025-11-20 09:53:30,SHORT,25249.5,25239.5,REVERSAL,0,1,40.0,196.5,144,40.0,2.0,1
4502,2025-W47,BEST,2025-11-20 09:53:30,2025-11-20 09:53:43,LONG,25239.5,25249.5,REVERSAL,0,1,40.0,196.5,419,40.0,38.0,3
4503,2025-W47,BEST,2025-11-20 09:54:01,2025-11-20 09:54:10,SHORT,25257.5,25247.25,REVERSAL,0,1,41.0,201.5,217,41.0,0.0,1
4504,2025-W47,BEST,2025-11-20 09:54:10,2025-11-20 09:54:32,LONG,25247.25,25248.0,REVERSAL,1,2,46.0,223.0,598,25.0,40.0,4
4505,2025-W47,BEST,2025-11-20 09:55:53,2025-11-20 09:56:01,LONG,25251.5,25261.5,REVERSAL,0,1,40.0,196.5,246,40.0,26.0,1
4506,2025-W47,BEST,2025-11-20 09:56:01,2025-11-20 09:56:18,SHORT,25261.5,25281.5,HARD_STOP,1,2,-120.0,-607.0,1176,7.0,60.0,6
4507,2025-W47,BEST,2025-11-20 09:56:38,2025-11-20 09:57:08,SHORT,25287.25,25277.25,REVERSAL,0,1,40.0,196.5,1350,40.0,17.0,6
4508,2025-W47,BEST,2025-11-20 09:59:45,2025-11-20 10:00:01,SHORT,25269.25,25290.0,HARD_STOP,1,2,-123.0,-622.0,658,3.0,61.5,4
4509,2025-W47,BEST,2025-11-20 10:00:24,2025-11-20 10:00:37,SHORT,25296.75,25286.75,REVERSAL,0,1,40.0,196.5,300,40.0,0.0,2
4510,2025-W47,BEST,2025-11-20 10:01:46,2025-11-20 10:02:13,SHORT,25296.25,25286.0,REVERSAL,0,1,41.0,201.5,784,41.0,9.0,4
4511,2025-W47,BEST,2025-11-20 10:03:50,2025-11-20 10:03:59,SHORT,25283.25,25273.25,REVERSAL,0,1,40.0,196.5,376,40.0,16.0,2
4512,2025-W47,BEST,2025-11-20 10:05:28,2025-11-20 10:05:28,LONG,25231.75,25243.25,REVERSAL,0,1,46.0,226.5,2,46.0,0.0,1
4513,2025-W47,BEST,2025-11-20 10:05:29,2025-11-20 10:05:42,SHORT,25248.5,25238.5,REVERSAL,0,1,40.0,196.5,610,40.0,16.0,4
4514,2025-W47,BEST,2025-11-20 10:05:59,2025-11-20 10:06:02,SHORT,25239.75,25229.75,REVERSAL,0,1,40.0,196.5,143,40.0,4.0,1
4515,2025-W47,BEST,2025-11-20 10:06:02,2025-11-20 10:06:17,LONG,25229.75,25239.75,REVERSAL,0,1,40.0,196.5,499,40.0,11.0,3
4516,2025-W47,BEST,2025-11-20 10:07:00,2025-11-20 10:07:56,LONG,25211.75,25211.75,REVERSAL,1,2,41.0,198.0,1961,20.5,56.5,9
4517,2025-W47,BEST,2025-11-20 10:08:17,2025-11-20 10:08:23,LONG,25187.0,25197.25,REVERSAL,0,1,41.0,201.5,363,41.0,2.0,2
4518,2025-W47,BEST,2025-11-20 10:09:17,2025-11-20 10:09:45,SHORT,25200.25,25190.25,REVERSAL,0,1,40.0,196.5,607,40.0,18.0,3
4519,2025-W47,BEST,2025-11-20 10:11:00,2025-11-20 10:11:16,LONG,25199.75,25209.75,REVERSAL,0,1,40.0,196.5,418,40.0,34.0,2
4520,2025-W47,BEST,2025-11-20 10:14:32,2025-11-20 10:14:35,LONG,25161.0,25171.0,REVERSAL,0,1,40.0,196.5,241,40.0,5.0,1
4521,2025-W47,BEST,2025-11-20 10:14:35,2025-11-20 10:15:01,SHORT,25171.0,25171.0,REVERSAL,1,2,40.0,193.0,852,20.0,57.0,5
4522,2025-W47,BEST,2025-11-20 10:15:05,2025-11-20 10:15:20,SHORT,25179.25,25179.25,REVERSAL,1,2,40.0,193.0,448,20.0,40.0,3
4523,2025-W47,BEST,2025-11-20 10:16:31,2025-11-20 10:16:41,LONG,25162.0,25172.25,REVERSAL,0,1,41.0,201.5,415,41.0,21.0,2
4524,2025-W47,BEST,2025-11-20 10:20:01,2025-11-20 10:20:16,SHORT,25219.0,25209.0,REVERSAL,0,1,40.0,196.5,308,40.0,18.0,2
4525,2025-W47,BEST,2025-11-20 10:21:33,2025-11-20 10:21:40,SHORT,25215.75,25205.5,REVERSAL,0,1,41.0,201.5,67,41.0,3.0,1
4526,2025-W47,BEST,2025-11-20 10:24:26,2025-11-20 10:25:00,SHORT,25257.5,25247.5,REVERSAL,0,1,40.0,196.5,864,40.0,14.0,4
4527,2025-W47,BEST,2025-11-20 10:25:46,2025-11-20 10:25:48,SHORT,25249.75,25239.75,REVERSAL,0,1,40.0,196.5,71,40.0,0.0,1
4528,2025-W47,BEST,2025-11-20 10:25:48,2025-11-20 10:26:02,LONG,25239.75,25249.75,REVERSAL,0,1,40.0,196.5,214,40.0,20.0,2
4529,2025-W47,BEST,2025-11-20 10:26:14,2025-11-20 10:26:26,LONG,25237.0,25247.0,REVERSAL,0,1,40.0,196.5,230,40.0,11.0,1
4530,2025-W47,BEST,2025-11-20 10:26:26,2025-11-20 10:27:03,SHORT,25247.0,25247.0,REVERSAL,1,2,41.0,198.0,1071,20.5,41.0,6
4531,2025-W47,BEST,2025-11-20 10:28:17,2025-11-20 10:28:25,LONG,25242.25,25253.25,REVERSAL,0,1,44.0,216.5,109,44.0,1.0,1
4532,2025-W47,BEST,2025-11-20 10:28:25,2025-11-20 10:28:38,SHORT,25253.25,25243.25,REVERSAL,0,1,40.0,196.5,197,40.0,15.0,2
4533,2025-W47,BEST,2025-11-20 10:29:13,2025-11-20 10:29:33,SHORT,25264.75,25254.75,REVERSAL,0,1,40.0,196.5,411,40.0,14.0,2
4534,2025-W47,BEST,2025-11-20 10:29:55,2025-11-20 10:30:51,SHORT,25261.75,25261.75,REVERSAL,1,2,40.0,193.0,1404,23.0,40.0,7
4535,2025-W47,BEST,2025-11-20 10:31:09,2025-11-20 10:31:20,LONG,25257.0,25267.0,REVERSAL,0,1,40.0,196.5,217,40.0,8.0,1
4536,2025-W47,BEST,2025-11-20 10:31:20,2025-11-20 10:32:48,SHORT,25267.0,25267.0,REVERSAL,1,2,40.0,193.0,2177,30.0,40.0,10
4537,2025-W47,BEST,2025-11-20 10:34:37,2025-11-20 10:36:14,SHORT,25262.5,25282.5,HARD_STOP,1,2,-120.0,-607.0,1884,24.0,60.0,8
4538,2025-W47,BEST,2025-11-20 10:38:00,2025-11-20 10:38:17,SHORT,25309.75,25299.75,REVERSAL,0,1,40.0,196.5,382,40.0,1.0,2
4539,2025-W47,BEST,2025-11-20 10:38:47,2025-11-20 10:38:56,LONG,25280.5,25290.5,REVERSAL,0,1,40.0,196.5,261,40.0,0.0,2
4540,2025-W47,BEST,2025-11-20 10:42:16,2025-11-20 10:42:42,SHORT,25286.0,25276.0,REVERSAL,0,1,40.0,196.5,484,40.0,26.0,2
4541,2025-W47,BEST,2025-11-20 10:42:46,2025-11-20 10:44:38,SHORT,25285.5,25305.75,HARD_STOP,1,2,-121.0,-612.0,1899,9.0,60.5,8
4542,2025-W47,BEST,2025-11-20 10:46:52,2025-11-20 10:47:03,LONG,25265.0,25275.0,REVERSAL,0,1,40.0,196.5,308,40.0,13.0,2
4543,2025-W47,BEST,2025-11-20 10:47:16,2025-11-20 10:48:16,LONG,25269.75,25249.5,HARD_STOP,1,2,-120.0,-607.0,1438,31.0,60.0,7
4544,2025-W47,BEST,2025-11-20 10:49:22,2025-11-20 10:49:40,SHORT,25243.75,25233.75,REVERSAL,0,1,40.0,196.5,355,40.0,1.0,2
4545,2025-W47,BEST,2025-11-20 10:50:00,2025-11-20 10:50:46,LONG,25226.25,25236.25,REVERSAL,0,1,40.0,196.5,1726,40.0,26.0,7
4546,2025-W47,BEST,2025-11-20 10:51:14,2025-11-20 10:51:23,LONG,25220.0,25230.25,REVERSAL,0,1,41.0,201.5,204,41.0,5.0,1
4547,2025-W47,BEST,2025-11-20 10:51:23,2025-11-20 10:51:56,SHORT,25230.25,25220.25,REVERSAL,0,1,40.0,196.5,503,40.0,4.0,3
4548,2025-W47,BEST,2025-11-20 10:55:03,2025-11-20 10:56:35,LONG,25189.0,25169.0,HARD_STOP,1,2,-120.0,-607.0,4065,25.0,60.0,17
4549,2025-W47,BEST,2025-11-20 10:56:50,2025-11-20 10:56:56,SHORT,25176.75,25166.75,REVERSAL,0,1,40.0,196.5,175,40.0,1.0,1
4550,2025-W47,BEST,2025-11-20 10:56:56,2025-11-20 10:57:03,LONG,25166.75,25177.0,REVERSAL,0,1,41.0,201.5,248,41.0,0.0,2
4551,2025-W47,BEST,2025-11-20 10:57:52,2025-11-20 10:58:00,SHORT,25205.75,25195.5,REVERSAL,0,1,41.0,201.5,308,41.0,1.0,2
4552,2025-W47,BEST,2025-11-20 10:58:07,2025-11-20 10:59:42,LONG,25177.5,25157.5,HARD_STOP,1,2,-120.0,-607.0,2781,30.0,60.0,12
4553,2025-W47,BEST,2025-11-20 11:03:12,2025-11-20 11:03:30,LONG,25118.0,25128.0,REVERSAL,0,1,40.0,196.5,492,40.0,6.0,2
4554,2025-W47,BEST,2025-11-20 11:07:10,2025-11-20 11:07:24,LONG,25091.0,25101.0,REVERSAL,0,1,40.0,196.5,397,40.0,12.0,2
4555,2025-W47,BEST,2025-11-20 11:09:39,2025-11-20 11:10:26,LONG,25072.75,25052.75,HARD_STOP,1,2,-120.0,-607.0,1680,8.0,60.0,8
4556,2025-W47,BEST,2025-11-20 11:11:09,2025-11-20 11:11:24,LONG,25040.75,25051.0,REVERSAL,0,1,41.0,201.5,562,41.0,0.0,3
4557,2025-W47,BEST,2025-11-20 11:11:30,2025-11-20 11:11:39,SHORT,25058.5,25048.5,REVERSAL,0,1,40.0,196.5,237,40.0,2.0,1
4558,2025-W47,BEST,2025-11-20 11:11:39,2025-11-20 11:11:45,LONG,25048.5,25058.5,REVERSAL,0,1,40.0,196.5,174,40.0,0.0,2
4559,2025-W47,BEST,2025-11-20 11:11:57,2025-11-20 11:12:13,SHORT,25064.0,25054.0,REVERSAL,0,1,40.0,196.5,489,40.0,4.0,2
4560,2025-W47,BEST,2025-11-20 11:12:33,2025-11-20 11:13:03,LONG,25020.0,25030.0,REVERSAL,0,1,40.0,196.5,1903,40.0,37.0,8
4561,2025-W47,BEST,2025-11-20 11:13:21,2025-11-20 11:14:04,SHORT,25042.0,25032.0,REVERSAL,0,1,40.0,196.5,1527,40.0,24.0,7
4562,2025-W47,BEST,2025-11-20 11:14:55,2025-11-20 11:15:11,LONG,25008.5,24988.25,HARD_STOP,1,2,-121.0,-612.0,1497,14.0,60.5,6
4563,2025-W47,BEST,2025-11-20 11:15:27,2025-11-20 11:15:51,SHORT,24993.25,24983.0,REVERSAL,0,1,41.0,201.5,1125,41.0,20.0,5
4564,2025-W47,BEST,2025-11-20 11:16:02,2025-11-20 11:16:10,LONG,24974.5,24954.5,HARD_STOP,1,2,-120.0,-607.0,958,24.0,60.0,4
4565,2025-W47,BEST,2025-11-20 11:18:14,2025-11-20 11:18:39,SHORT,24970.0,24970.0,REVERSAL,1,2,40.0,193.0,1001,20.0,53.0,5
4566,2025-W47,BEST,2025-11-20 11:18:52,2025-11-20 11:18:57,LONG,24932.75,24942.75,REVERSAL,0,1,40.0,196.5,355,40.0,3.0,2
4567,2025-W47,BEST,2025-11-20 11:20:49,2025-11-20 11:20:54,SHORT,24973.0,24962.75,REVERSAL,0,1,41.0,201.5,278,41.0,7.0,2
4568,2025-W47,BEST,2025-11-20 11:21:17,2025-11-20 11:21:26,SHORT,24966.75,24956.0,REVERSAL,0,1,43.0,211.5,372,43.0,23.0,2
4569,2025-W47,BEST,2025-11-20 11:23:28,2025-11-20 11:23:32,LONG,24908.5,24919.25,REVERSAL,0,1,43.0,211.5,116,43.0,0.0,1
4570,2025-W47,BEST,2025-11-20 11:23:32,2025-11-20 11:23:55,SHORT,24919.25,24919.25,REVERSAL,1,2,40.0,193.0,832,20.0,40.0,4
4571,2025-W47,BEST,2025-11-20 11:25:55,2025-11-20 11:26:18,SHORT,24928.25,24927.75,REVERSAL,1,2,44.0,213.0,994,22.0,49.0,5
4572,2025-W47,BEST,2025-11-20 11:26:26,2025-11-20 11:26:31,SHORT,24941.25,24931.25,REVERSAL,0,1,40.0,196.5,206,40.0,11.0,1
4573,2025-W47,BEST,2025-11-20 11:26:44,2025-11-20 11:26:53,LONG,24921.75,24921.75,REVERSAL,1,2,40.0,193.0,547,20.0,40.0,3
4574,2025-W47,BEST,2025-11-20 11:28:07,2025-11-20 11:28:20,SHORT,24960.25,24960.25,REVERSAL,1,2,40.0,193.0,479,20.0,40.0,3
4575,2025-W47,BEST,2025-11-20 11:28:28,2025-11-20 11:28:28,LONG,24952.5,24962.75,REVERSAL,0,1,41.0,201.5,61,41.0,4.0,1
4576,2025-W47,BEST,2025-11-20 11:28:28,2025-11-20 11:28:34,SHORT,24962.75,24952.25,REVERSAL,0,1,42.0,206.5,205,42.0,0.0,2
4577,2025-W47,BEST,2025-11-20 11:28:46,2025-11-20 11:28:56,SHORT,24973.5,24963.5,REVERSAL,0,1,40.0,196.5,429,40.0,5.0,2
4578,2025-W47,BEST,2025-11-20 11:29:05,2025-11-20 11:29:18,LONG,24926.75,24906.75,HARD_STOP,1,2,-120.0,-607.0,917,20.0,60.0,4
4579,2025-W47,BEST,2025-11-20 11:29:23,2025-11-20 11:29:27,LONG,24898.0,24908.0,REVERSAL,0,1,40.0,196.5,221,40.0,4.0,1
4580,2025-W47,BEST,2025-11-20 11:29:27,2025-11-20 11:30:00,SHORT,24908.0,24898.0,REVERSAL,0,1,40.0,196.5,1112,40.0,35.0,6
4581,2025-W47,BEST,2025-11-20 11:31:01,2025-11-20 11:31:05,SHORT,24923.75,24913.0,REVERSAL,0,1,43.0,211.5,184,43.0,17.0,1
4582,2025-W47,BEST,2025-11-20 11:31:05,2025-11-20 11:31:23,LONG,24913.0,24892.5,HARD_STOP,1,2,-124.0,-627.0,512,26.0,62.0,3
4583,2025-W47,BEST,2025-11-20 11:31:36,2025-11-20 11:31:53,LONG,24858.75,24868.75,REVERSAL,0,1,40.0,196.5,944,40.0,21.0,5
4584,2025-W47,BEST,2025-11-20 11:32:00,2025-11-20 11:32:05,SHORT,24875.5,24865.5,REVERSAL,0,1,40.0,196.5,184,40.0,7.0,2
4585,2025-W47,BEST,2025-11-20 11:32:20,2025-11-20 11:32:33,SHORT,24887.25,24877.25,REVERSAL,0,1,40.0,196.5,317,40.0,26.0,2
4586,2025-W47,BEST,2025-11-20 11:32:47,2025-11-20 11:32:59,SHORT,24884.25,24874.25,REVERSAL,0,1,40.0,196.5,267,40.0,8.0,2
4587,2025-W47,BEST,2025-11-20 11:34:40,2025-11-20 11:34:47,LONG,24855.25,24867.0,REVERSAL,0,1,47.0,231.5,214,47.0,3.0,1
4588,2025-W47,BEST,2025-11-20 11:34:47,2025-11-20 11:34:54,SHORT,24867.0,24866.25,REVERSAL,1,2,46.0,223.0,305,23.0,40.0,3
4589,2025-W47,BEST,2025-11-20 11:36:28,2025-11-20 11:36:44,LONG,24853.75,24833.75,HARD_STOP,1,2,-120.0,-607.0,547,4.0,60.0,3
4590,2025-W47,BEST,2025-11-20 11:37:38,2025-11-20 11:37:47,SHORT,24843.0,24832.25,REVERSAL,0,1,43.0,211.5,393,43.0,29.0,2
4591,2025-W47,BEST,2025-11-20 11:37:53,2025-11-20 11:37:59,LONG,24812.0,24822.25,REVERSAL,0,1,41.0,201.5,232,41.0,5.0,1
4592,2025-W47,BEST,2025-11-20 11:37:59,2025-11-20 11:38:06,SHORT,24822.25,24812.25,REVERSAL,0,1,40.0,196.5,287,40.0,29.0,3
4593,2025-W47,BEST,2025-11-20 11:38:20,2025-11-20 11:38:28,LONG,24794.75,24804.75,REVERSAL,0,1,40.0,196.5,304,40.0,6.0,2
4594,2025-W47,BEST,2025-11-20 11:39:31,2025-11-20 11:40:00,SHORT,24817.5,24807.5,REVERSAL,0,1,40.0,196.5,1226,40.0,31.0,5
4595,2025-W47,BEST,2025-11-20 11:40:24,2025-11-20 11:40:27,SHORT,24792.5,24781.75,REVERSAL,0,1,43.0,211.5,92,43.0,0.0,1
4596,2025-W47,BEST,2025-11-20 11:40:27,2025-11-20 11:40:56,LONG,24781.75,24761.75,HARD_STOP,1,2,-120.0,-607.0,889,23.0,60.0,4
4597,2025-W47,BEST,2025-11-20 11:42:13,2025-11-20 11:42:20,LONG,24738.25,24748.25,REVERSAL,0,1,40.0,196.5,450,40.0,9.0,2
4598,2025-W47,BEST,2025-11-20 11:43:15,2025-11-20 11:43:17,SHORT,24793.25,24783.0,REVERSAL,0,1,41.0,201.5,106,41.0,6.0,1
4599,2025-W47,BEST,2025-11-20 11:43:17,2025-11-20 11:43:19,LONG,24783.0,24793.0,REVERSAL,0,1,40.0,196.5,55,40.0,0.0,1
4600,2025-W47,BEST,2025-11-20 11:43:19,2025-11-20 11:43:30,SHORT,24793.0,24783.0,REVERSAL,0,1,40.0,196.5,520,40.0,21.0,3
4601,2025-W47,BEST,2025-11-20 11:43:38,2025-11-20 11:43:40,LONG,24772.25,24772.25,REVERSAL,1,2,40.0,193.0,208,20.0,40.0,1
4602,2025-W47,BEST,2025-11-20 11:44:20,2025-11-20 11:44:24,LONG,24746.25,24756.5,REVERSAL,0,1,41.0,201.5,113,41.0,7.0,1
4603,2025-W47,BEST,2025-11-20 11:44:24,2025-11-20 11:44:42,SHORT,24756.5,24746.25,REVERSAL,0,1,41.0,201.5,524,41.0,24.0,3
4604,2025-W47,BEST,2025-11-20 11:45:10,2025-11-20 11:45:12,LONG,24713.5,24723.5,REVERSAL,0,1,40.0,196.5,248,40.0,12.0,1
4605,2025-W47,BEST,2025-11-20 11:45:12,2025-11-20 11:45:18,SHORT,24723.5,24744.0,HARD_STOP,1,2,-120.0,-607.0,352,5.0,60.0,3
4606,2025-W47,BEST,2025-11-20 11:46:48,2025-11-20 11:46:52,LONG,24724.0,24734.0,REVERSAL,0,1,40.0,196.5,202,40.0,25.0,1
4607,2025-W47,BEST,2025-11-20 11:46:52,2025-11-20 11:47:00,SHORT,24734.0,24723.75,REVERSAL,0,1,41.0,201.5,237,41.0,11.0,2
4608,2025-W47,BEST,2025-11-20 11:47:07,2025-11-20 11:47:10,LONG,24701.75,24713.0,REVERSAL,0,1,45.0,221.5,292,45.0,0.0,2
4609,2025-W47,BEST,2025-11-20 11:47:16,2025-11-20 11:47:23,SHORT,24719.25,24709.25,REVERSAL,0,1,40.0,196.5,219,40.0,3.0,1
4610,2025-W47,BEST,2025-11-20 11:47:23,2025-11-20 11:47:27,LONG,24709.25,24719.5,REVERSAL,0,1,41.0,201.5,156,41.0,22.0,2
4611,2025-W47,BEST,2025-11-20 11:48:27,2025-11-20 11:48:31,SHORT,24761.0,24751.0,REVERSAL,0,1,40.0,196.5,286,40.0,19.0,2
4612,2025-W47,BEST,2025-11-20 11:49:35,2025-11-20 11:49:41,LONG,24730.25,24740.25,REVERSAL,0,1,40.0,196.5,246,40.0,14.0,1
4613,2025-W47,BEST,2025-11-20 11:49:41,2025-11-20 11:49:52,SHORT,24740.25,24740.25,REVERSAL,1,2,40.0,193.0,443,20.0,40.0,3
4614,2025-W47,BEST,2025-11-20 11:50:19,2025-11-20 11:50:46,LONG,24747.25,24757.25,REVERSAL,0,1,40.0,196.5,1105,40.0,36.0,5
4615,2025-W47,BEST,2025-11-20 11:51:28,2025-11-20 11:51:30,SHORT,24785.75,24775.5,REVERSAL,0,1,41.0,201.5,174,41.0,6.0,1
4616,2025-W47,BEST,2025-11-20 11:51:30,2025-11-20 11:51:33,LONG,24775.5,24785.5,REVERSAL,0,1,40.0,196.5,174,40.0,6.0,2
4617,2025-W47,BEST,2025-11-20 11:54:41,2025-11-20 11:54:52,LONG,24640.5,24640.0,REVERSAL,1,2,38.0,183.0,797,23.0,42.0,4
4618,2025-W47,BEST,2025-11-20 11:55:17,2025-11-20 11:55:24,SHORT,24654.25,24644.25,REVERSAL,0,1,40.0,196.5,190,40.0,4.0,1
4619,2025-W47,BEST,2025-11-20 11:55:24,2025-11-20 11:55:34,LONG,24644.25,24623.75,HARD_STOP,1,2,-120.0,-607.0,589,25.0,60.0,4
4620,2025-W47,BEST,2025-11-20 11:56:01,2025-11-20 11:56:05,SHORT,24620.5,24610.5,REVERSAL,0,1,40.0,196.5,123,40.0,0.0,1
4621,2025-W47,BEST,2025-11-20 11:56:05,2025-11-20 11:56:19,LONG,24610.5,24611.25,REVERSAL,1,2,47.0,228.0,983,38.0,41.0,5
4622,2025-W47,BEST,2025-11-20 11:57:01,2025-11-20 11:57:16,LONG,24603.75,24602.5,REVERSAL,1,2,35.0,168.0,1156,37.0,53.5,5
4623,2025-W47,BEST,2025-11-20 11:57:36,2025-11-20 11:57:41,LONG,24577.25,24587.25,REVERSAL,0,1,40.0,196.5,275,40.0,14.0,2
4624,2025-W47,BEST,2025-11-20 11:57:54,2025-11-20 11:58:00,SHORT,24604.75,24594.5,REVERSAL,0,1,41.0,201.5,359,41.0,20.0,2
4625,2025-W47,BEST,2025-11-20 11:58:09,2025-11-20 11:58:19,LONG,24566.75,24546.75,HARD_STOP,1,2,-120.0,-607.0,892,19.0,60.0,4
4626,2025-W47,BEST,2025-11-20 11:58:25,2025-11-20 11:58:32,LONG,24542.0,24552.0,REVERSAL,0,1,40.0,196.5,592,40.0,25.0,3
4627,2025-W47,BEST,2025-11-20 11:59:51,2025-11-20 11:59:53,SHORT,24551.75,24551.75,REVERSAL,1,2,40.0,193.0,176,20.0,40.0,1
4628,2025-W47,BEST,2025-11-20 12:00:12,2025-11-20 12:00:12,SHORT,24580.0,24570.0,REVERSAL,0,1,40.0,196.5,74,40.0,0.0,1
4629,2025-W47,BEST,2025-11-20 12:00:12,2025-11-20 12:00:12,LONG,24560.0,24570.25,REVERSAL,0,1,41.0,201.5,34,41.0,7.0,1
4630,2025-W47,BEST,2025-11-20 12:00:23,2025-11-20 12:00:27,SHORT,24596.5,24596.5,REVERSAL,1,2,40.0,193.0,258,20.0,40.0,2
4631,2025-W47,BEST,2025-11-20 12:00:44,2025-11-20 12:00:52,LONG,24592.5,24603.0,REVERSAL,0,1,42.0,206.5,280,42.0,5.0,2
4632,2025-W47,BEST,2025-11-20 12:00:59,2025-11-20 12:01:00,LONG,24565.25,24575.5,REVERSAL,0,1,41.0,201.5,73,41.0,2.0,1
4633,2025-W47,BEST,2025-11-20 12:01:02,2025-11-20 12:01:17,SHORT,24581.75,24571.5,REVERSAL,0,1,41.0,201.5,494,41.0,31.0,3
4634,2025-W47,BEST,2025-11-20 12:04:06,2025-11-20 12:04:08,LONG,24577.25,24587.75,REVERSAL,0,1,42.0,206.5,59,42.0,0.0,1
4635,2025-W47,BEST,2025-11-20 12:04:08,2025-11-20 12:04:13,SHORT,24587.75,24577.75,REVERSAL,0,1,40.0,196.5,131,40.0,22.0,1
4636,2025-W47,BEST,2025-11-20 12:04:13,2025-11-20 12:04:17,LONG,24577.75,24588.25,REVERSAL,0,1,42.0,206.5,157,42.0,34.0,2
4637,2025-W47,BEST,2025-11-20 12:04:32,2025-11-20 12:04:38,LONG,24585.0,24595.5,REVERSAL,0,1,42.0,206.5,142,42.0,5.0,1
4638,2025-W47,BEST,2025-11-20 12:04:38,2025-11-20 12:04:41,SHORT,24595.5,24595.5,REVERSAL,1,2,40.0,193.0,94,20.0,40.0,1
4639,2025-W47,BEST,2025-11-20 12:05:22,2025-11-20 12:05:22,LONG,24569.5,24579.75,REVERSAL,0,1,41.0,201.5,37,41.0,0.0,1
4640,2025-W47,BEST,2025-11-20 12:05:22,2025-11-20 12:05:30,SHORT,24579.75,24568.5,REVERSAL,0,1,45.0,221.5,303,45.0,19.0,2
4641,2025-W47,BEST,2025-11-20 12:06:01,2025-11-20 12:06:04,LONG,24548.25,24560.0,REVERSAL,0,1,47.0,231.5,256,47.0,29.0,2
4642,2025-W47,BEST,2025-11-20 12:06:20,2025-11-20 12:06:25,SHORT,24565.75,24554.75,REVERSAL,0,1,44.0,216.5,328,44.0,31.0,2
4643,2025-W47,BEST,2025-11-20 12:07:32,2025-11-20 12:07:32,SHORT,24520.75,24510.5,REVERSAL,0,1,41.0,201.5,27,41.0,4.0,1
4644,2025-W47,BEST,2025-11-20 12:07:46,2025-11-20 12:07:47,SHORT,24524.25,24514.0,REVERSAL,0,1,41.0,201.5,21,41.0,12.0,1
4645,2025-W47,BEST,2025-11-20 12:07:47,2025-11-20 12:07:57,LONG,24514.0,24514.0,REVERSAL,1,2,40.0,193.0,383,20.0,40.0,2
4646,2025-W47,BEST,2025-11-20 12:08:52,2025-11-20 12:09:00,SHORT,24581.5,24571.5,REVERSAL,0,1,40.0,196.5,153,40.0,10.0,1
4647,2025-W47,BEST,2025-11-20 12:09:00,2025-11-20 12:09:15,LONG,24571.5,24551.0,HARD_STOP,1,2,-124.0,-627.0,627,33.0,62.0,4
4648,2025-W47,BEST,2025-11-20 12:11:12,2025-11-20 12:11:17,LONG,24495.5,24505.75,REVERSAL,0,1,41.0,201.5,180,41.0,21.0,1
4649,2025-W47,BEST,2025-11-20 12:11:17,2025-11-20 12:11:27,SHORT,24505.75,24505.75,REVERSAL,1,2,40.0,193.0,376,23.0,43.0,3
4650,2025-W47,BEST,2025-11-20 12:12:17,2025-11-20 12:12:20,LONG,24435.5,24446.0,REVERSAL,0,1,42.0,206.5,188,42.0,6.0,1
4651,2025-W47,BEST,2025-11-20 12:12:20,2025-11-20 12:12:26,SHORT,24446.0,24436.0,REVERSAL,0,1,40.0,196.5,446,40.0,39.0,3
4652,2025-W47,BEST,2025-11-20 12:12:28,2025-11-20 12:12:54,SHORT,24443.0,24463.0,HARD_STOP,1,2,-120.0,-607.0,1322,26.0,60.0,6
4653,2025-W47,BEST,2025-11-20 12:13:02,2025-11-20 12:13:06,LONG,24466.0,24465.25,REVERSAL,1,2,37.0,178.0,221,18.5,43.0,1
4654,2025-W47,BEST,2025-11-20 12:13:33,2025-11-20 12:14:01,LONG,24435.5,24446.0,REVERSAL,0,1,42.0,206.5,1163,42.0,28.0,5
4655,2025-W47,BEST,2025-11-20 12:14:30,2025-11-20 12:14:44,SHORT,24508.5,24498.5,REVERSAL,0,1,40.0,196.5,722,40.0,30.0,3
4656,2025-W47,BEST,2025-11-20 12:14:46,2025-11-20 12:14:53,SHORT,24504.75,24494.5,REVERSAL,0,1,41.0,201.5,344,41.0,36.0,2
4657,2025-W47,BEST,2025-11-20 12:15:04,2025-11-20 12:15:05,LONG,24458.5,24468.75,REVERSAL,0,1,41.0,201.5,31,41.0,1.0,1
4658,2025-W47,BEST,2025-11-20 12:15:05,2025-11-20 12:15:10,SHORT,24468.75,24467.5,REVERSAL,1,2,50.0,243.0,418,25.0,40.0,2
4659,2025-W47,BEST,2025-11-20 12:15:20,2025-11-20 12:15:21,LONG,24448.0,24458.25,REVERSAL,0,1,41.0,201.5,71,41.0,2.0,1
4660,2025-W47,BEST,2025-11-20 12:15:21,2025-11-20 12:15:30,SHORT,24458.25,24448.0,REVERSAL,0,1,41.0,201.5,337,41.0,23.0,2
4661,2025-W47,BEST,2025-11-20 12:17:06,2025-11-20 12:17:18,LONG,24414.5,24393.75,HARD_STOP,1,2,-125.0,-632.0,529,7.5,62.5,3
4662,2025-W47,BEST,2025-11-20 12:17:21,2025-11-20 12:17:25,SHORT,24406.25,24394.75,REVERSAL,0,1,46.0,226.5,159,46.0,18.0,2
4663,2025-W47,BEST,2025-11-20 12:18:03,2025-11-20 12:18:06,LONG,24394.0,24404.0,REVERSAL,0,1,40.0,196.5,191,40.0,27.0,1
4664,2025-W47,BEST,2025-11-20 12:18:06,2025-11-20 12:18:21,SHORT,24404.0,24394.0,REVERSAL,0,1,40.0,196.5,540,40.0,24.0,3
4665,2025-W47,BEST,2025-11-20 12:18:47,2025-11-20 12:18:51,SHORT,24426.25,24415.25,REVERSAL,0,1,44.0,216.5,281,44.0,6.0,2
4666,2025-W47,BEST,2025-11-20 12:21:00,2025-11-20 12:21:07,LONG,24381.25,24391.75,REVERSAL,0,1,42.0,206.5,409,42.0,29.0,3
4667,2025-W47,BEST,2025-11-20 12:22:27,2025-11-20 12:22:34,LONG,24418.5,24429.25,REVERSAL,0,1,43.0,211.5,322,43.0,22.0,2
4668,2025-W47,BEST,2025-11-20 12:22:54,2025-11-20 12:22:55,LONG,24422.25,24432.75,REVERSAL,0,1,42.0,206.5,54,42.0,4.0,1
4669,2025-W47,BEST,2025-11-20 12:22:56,2025-11-20 12:23:02,SHORT,24438.0,24459.0,HARD_STOP,1,2,-123.0,-622.0,278,18.0,61.5,2
4670,2025-W47,BEST,2025-11-20 12:23:09,2025-11-20 12:23:13,SHORT,24460.25,24450.0,REVERSAL,0,1,41.0,201.5,118,41.0,2.0,1
4671,2025-W47,BEST,2025-11-20 12:23:13,2025-11-20 12:23:19,LONG,24450.0,24460.0,REVERSAL,0,1,40.0,196.5,210,40.0,29.0,2
4672,2025-W47,BEST,2025-11-20 12:23:25,2025-11-20 12:23:36,SHORT,24458.5,24448.5,REVERSAL,0,1,40.0,196.5,269,40.0,17.0,2
4673,2025-W47,BEST,2025-11-20 12:23:41,2025-11-20 12:23:44,SHORT,24465.5,24455.25,REVERSAL,0,1,41.0,201.5,105,41.0,3.0,1
4674,2025-W47,BEST,2025-11-20 12:23:47,2025-11-20 12:23:54,LONG,24444.75,24455.75,REVERSAL,0,1,44.0,216.5,226,44.0,6.0,2
4675,2025-W47,BEST,2025-11-20 12:24:34,2025-11-20 12:24:34,LONG,24442.25,24452.75,REVERSAL,0,1,42.0,206.5,48,42.0,2.0,1
4676,2025-W47,BEST,2025-11-20 12:24:34,2025-11-20 12:24:37,SHORT,24452.75,24442.0,REVERSAL,0,1,43.0,211.5,70,43.0,15.0,1
4677,2025-W47,BEST,2025-11-20 12:24:37,2025-11-20 12:24:45,LONG,24442.0,24452.0,REVERSAL,0,1,40.0,196.5,349,40.0,21.0,2
4678,2025-W47,BEST,2025-11-20 12:25:23,2025-11-20 12:25:25,LONG,24398.25,24408.25,REVERSAL,0,1,40.0,196.5,90,40.0,7.0,1
4679,2025-W47,BEST,2025-11-20 12:25:25,2025-11-20 12:25:32,SHORT,24408.25,24398.25,REVERSAL,0,1,40.0,196.5,236,40.0,20.0,2
4680,2025-W47,BEST,2025-11-20 12:26:45,2025-11-20 12:27:02,SHORT,24457.5,24477.5,HARD_STOP,1,2,-120.0,-607.0,460,27.0,60.0,2
4681,2025-W47,BEST,2025-11-20 12:27:14,2025-11-20 12:27:16,SHORT,24486.25,24476.0,REVERSAL,0,1,41.0,201.5,119,41.0,2.0,1
4682,2025-W47,BEST,2025-11-20 12:27:16,2025-11-20 12:27:21,LONG,24476.0,24486.25,REVERSAL,0,1,41.0,201.5,149,41.0,14.0,2
4683,2025-W47,BEST,2025-11-20 12:28:29,2025-11-20 12:28:38,SHORT,24469.5,24458.5,REVERSAL,0,1,44.0,216.5,219,44.0,23.0,1
4684,2025-W47,BEST,2025-11-20 12:28:38,2025-11-20 12:28:44,LONG,24458.5,24469.5,REVERSAL,0,1,44.0,216.5,286,44.0,35.0,3
4685,2025-W47,BEST,2025-11-20 12:29:12,2025-11-20 12:29:18,LONG,24446.25,24456.25,REVERSAL,0,1,40.0,196.5,184,40.0,20.0,1
4686,2025-W47,BEST,2025-11-20 12:29:18,2025-11-20 12:29:27,SHORT,24456.25,24456.75,REVERSAL,1,2,38.0,183.0,226,19.0,42.0,2
4687,2025-W47,BEST,2025-11-20 12:29:34,2025-11-20 12:29:35,LONG,24433.5,24444.0,REVERSAL,0,1,42.0,206.5,38,42.0,0.0,1
4688,2025-W47,BEST,2025-11-20 12:29:42,2025-11-20 12:30:08,SHORT,24450.25,24471.0,HARD_STOP,1,2,-125.0,-632.0,709,39.0,62.5,4
4689,2025-W47,BEST,2025-11-20 12:30:31,2025-11-20 12:30:37,LONG,24470.25,24480.5,REVERSAL,0,1,41.0,201.5,282,41.0,31.0,2
4690,2025-W47,BEST,2025-11-20 12:30:59,2025-11-20 12:31:03,SHORT,24480.25,24470.25,REVERSAL,0,1,40.0,196.5,157,40.0,6.0,1
4691,2025-W47,BEST,2025-11-20 12:31:03,2025-11-20 12:31:07,LONG,24470.25,24480.25,REVERSAL,0,1,40.0,196.5,114,40.0,9.0,2
4692,2025-W47,BEST,2025-11-20 12:31:18,2025-11-20 12:31:25,LONG,24450.75,24460.75,REVERSAL,0,1,40.0,196.5,217,40.0,21.0,1
4693,2025-W47,BEST,2025-11-20 12:31:25,2025-11-20 12:31:34,SHORT,24460.75,24450.75,REVERSAL,0,1,40.0,196.5,199,40.0,33.0,2
4694,2025-W47,BEST,2025-11-20 12:32:08,2025-11-20 12:32:24,SHORT,24450.75,24440.5,REVERSAL,0,1,41.0,201.5,390,41.0,20.0,2
4695,2025-W47,BEST,2025-11-20 12:32:47,2025-11-20 12:32:50,LONG,24414.0,24424.0,REVERSAL,0,1,40.0,196.5,98,40.0,11.0,1
4696,2025-W47,BEST,2025-11-20 12:32:52,2025-11-20 12:32:54,LONG,24418.5,24429.25,REVERSAL,0,1,43.0,211.5,60,43.0,7.0,1
4697,2025-W47,BEST,2025-11-20 12:32:54,2025-11-20 12:32:59,SHORT,24429.25,24418.25,REVERSAL,0,1,44.0,216.5,167,44.0,4.0,2
4698,2025-W47,BEST,2025-11-20 12:35:37,2025-11-20 12:36:05,LONG,24339.5,24318.25,HARD_STOP,1,2,-128.0,-647.0,1046,36.0,64.0,5
4699,2025-W47,BEST,2025-11-20 12:36:34,2025-11-20 12:36:40,SHORT,24333.75,24323.25,REVERSAL,0,1,42.0,206.5,218,42.0,24.0,1
4700,2025-W47,BEST,2025-11-20 12:36:40,2025-11-20 12:36:44,LONG,24323.25,24333.75,REVERSAL,0,1,42.0,206.5,127,42.0,3.0,2
4701,2025-W47,BEST,2025-11-20 12:43:26,2025-11-20 12:43:30,LONG,24390.75,24401.25,REVERSAL,0,1,42.0,206.5,78,42.0,5.0,1
4702,2025-W47,BEST,2025-11-20 12:43:30,2025-11-20 12:43:35,SHORT,24401.25,24390.0,REVERSAL,0,1,45.0,221.5,90,45.0,7.0,1
4703,2025-W47,BEST,2025-11-20 12:43:35,2025-11-20 12:43:47,LONG,24390.0,24369.5,HARD_STOP,1,2,-124.0,-627.0,368,32.0,62.0,3
4704,2025-W47,BEST,2025-11-20 12:44:01,2025-11-20 12:44:31,SHORT,24374.75,24374.75,REVERSAL,1,2,40.0,193.0,686,27.0,40.0,4
4705,2025-W47,BEST,2025-11-20 12:45:45,2025-11-20 12:46:01,LONG,24349.75,24329.25,HARD_STOP,1,2,-124.0,-627.0,635,21.0,62.0,3
4706,2025-W47,BEST,2025-11-20 12:47:45,2025-11-20 12:47:55,LONG,24320.75,24330.75,REVERSAL,0,1,40.0,196.5,235,40.0,2.0,1
4707,2025-W47,BEST,2025-11-20 12:47:55,2025-11-20 12:48:07,SHORT,24330.75,24352.75,HARD_STOP,1,2,-127.0,-642.0,340,12.0,63.5,3
4708,2025-W47,BEST,2025-11-20 12:50:27,2025-11-20 12:50:32,LONG,24335.5,24336.75,REVERSAL,1,2,50.0,243.0,251,25.0,40.0,2
4709,2025-W47,BEST,2025-11-20 12:50:59,2025-11-20 12:51:01,SHORT,24378.5,24368.5,REVERSAL,0,1,40.0,196.5,148,40.0,12.0,1
4710,2025-W47,BEST,2025-11-20 12:51:01,2025-11-20 12:51:06,LONG,24368.5,24378.75,REVERSAL,0,1,41.0,201.5,256,41.0,11.0,2
4711,2025-W47,BEST,2025-11-20 12:51:39,2025-11-20 12:51:46,LONG,24377.75,24388.0,REVERSAL,0,1,41.0,201.5,173,41.0,17.0,1
4712,2025-W47,BEST,2025-11-20 12:51:46,2025-11-20 12:52:02,SHORT,24388.0,24408.0,HARD_STOP,1,2,-120.0,-607.0,419,9.0,60.0,3
4713,2025-W47,BEST,2025-11-20 12:52:18,2025-11-20 12:52:33,LONG,24410.75,24390.5,HARD_STOP,1,2,-122.0,-617.0,568,27.0,61.0,3
4714,2025-W47,BEST,2025-11-20 12:53:05,2025-11-20 12:53:20,LONG,24373.25,24353.0,HARD_STOP,1,2,-121.0,-612.0,443,10.0,60.5,2
4715,2025-W47,BEST,2025-11-20 12:54:47,2025-11-20 12:54:56,LONG,24333.0,24333.5,REVERSAL,1,2,44.0,213.0,188,22.0,40.0,1
4716,2025-W47,BEST,2025-11-20 12:56:21,2025-11-20 12:56:24,LONG,24356.25,24367.5,REVERSAL,0,1,45.0,221.5,76,45.0,4.0,1
4717,2025-W47,BEST,2025-11-20 12:56:24,2025-11-20 12:56:39,SHORT,24367.5,24387.5,HARD_STOP,1,2,-120.0,-607.0,363,26.0,60.0,2
4718,2025-W47,BEST,2025-11-20 12:58:51,2025-11-20 12:59:04,SHORT,24403.5,24391.5,REVERSAL,0,1,48.0,236.5,269,48.0,8.0,2
4719,2025-W47,BEST,2025-11-20 12:59:24,2025-11-20 12:59:26,SHORT,24421.25,24410.75,REVERSAL,0,1,42.0,206.5,80,42.0,0.0,1
4720,2025-W47,BEST,2025-11-20 12:59:26,2025-11-20 12:59:42,LONG,24410.75,24390.5,HARD_STOP,1,2,-122.0,-617.0,444,17.0,61.0,3
4721,2025-W47,BEST,2025-11-20 13:00:20,2025-11-20 13:00:27,SHORT,24392.25,24382.25,REVERSAL,0,1,40.0,196.5,204,40.0,32.0,1
4722,2025-W47,BEST,2025-11-20 13:00:27,2025-11-20 13:00:40,LONG,24382.25,24392.5,REVERSAL,0,1,41.0,201.5,182,41.0,11.0,2
4723,2025-W47,BEST,2025-11-20 13:03:29,2025-11-20 13:03:41,SHORT,24445.5,24445.75,REVERSAL,1,2,39.0,188.0,888,33.0,50.5,4
4724,2025-W47,BEST,2025-11-20 13:03:59,2025-11-20 13:04:09,LONG,24437.0,24447.0,REVERSAL,0,1,40.0,196.5,248,40.0,2.0,2
4725,2025-W47,BEST,2025-11-20 13:04:35,2025-11-20 13:04:47,LONG,24431.75,24442.0,REVERSAL,0,1,41.0,201.5,296,41.0,1.0,2
4726,2025-W47,BEST,2025-11-20 13:06:26,2025-11-20 13:07:20,SHORT,24478.75,24478.5,REVERSAL,1,2,42.0,203.0,1519,21.0,49.0,7
4727,2025-W47,BEST,2025-11-20 13:12:19,2025-11-20 13:12:28,SHORT,24537.0,24526.5,REVERSAL,0,1,42.0,206.5,192,42.0,4.0,1
4728,2025-W47,BEST,2025-11-20 13:12:28,2025-11-20 13:12:34,LONG,24526.5,24536.5,REVERSAL,0,1,40.0,196.5,138,40.0,2.0,2
4729,2025-W47,BEST,2025-11-20 13:16:53,2025-11-20 13:17:01,LONG,24516.25,24527.0,REVERSAL,0,1,43.0,211.5,332,43.0,36.0,3
4730,2025-W47,BEST,2025-11-20 13:17:12,2025-11-20 13:17:16,SHORT,24541.0,24531.0,REVERSAL,0,1,40.0,196.5,97,40.0,9.0,1
4731,2025-W47,BEST,2025-11-20 13:17:21,2025-11-20 13:17:23,LONG,24522.25,24534.0,REVERSAL,0,1,47.0,231.5,63,47.0,11.0,2
4732,2025-W47,BEST,2025-11-20 13:17:33,2025-11-20 13:17:35,LONG,24518.25,24530.0,REVERSAL,0,1,47.0,231.5,48,47.0,0.0,1
4733,2025-W47,BEST,2025-11-20 13:17:35,2025-11-20 13:17:47,SHORT,24530.0,24520.0,REVERSAL,0,1,40.0,196.5,265,40.0,14.0,2
4734,2025-W47,BEST,2025-11-20 13:18:43,2025-11-20 13:18:58,LONG,24477.75,24477.5,REVERSAL,1,2,39.0,188.0,407,19.5,41.0,3
4735,2025-W47,BEST,2025-11-20 13:20:11,2025-11-20 13:20:23,SHORT,24527.75,24517.0,REVERSAL,0,1,43.0,211.5,383,43.0,19.0,3
4736,2025-W47,BEST,2025-11-20 13:22:16,2025-11-20 13:22:18,LONG,24495.5,24506.5,REVERSAL,0,1,44.0,216.5,26,44.0,1.0,1
4737,2025-W47,BEST,2025-11-20 13:22:18,2025-11-20 13:22:34,SHORT,24506.5,24496.5,REVERSAL,0,1,40.0,196.5,197,40.0,22.0,2
4738,2025-W47,BEST,2025-11-20 13:22:59,2025-11-20 13:23:03,SHORT,24516.0,24506.0,REVERSAL,0,1,40.0,196.5,63,40.0,7.0,1
4739,2025-W47,BEST,2025-11-20 13:23:04,2025-11-20 13:23:23,LONG,24498.0,24499.25,REVERSAL,1,2,53.0,258.0,407,26.5,43.0,2
4740,2025-W47,BEST,2025-11-20 13:30:34,2025-11-20 13:30:47,LONG,24485.0,24495.25,REVERSAL,0,1,41.0,201.5,463,41.0,29.0,2
4741,2025-W47,BEST,2025-11-20 13:31:11,2025-11-20 13:31:22,SHORT,24504.75,24493.75,REVERSAL,0,1,44.0,216.5,355,44.0,35.0,2
4742,2025-W47,BEST,2025-11-20 13:33:59,2025-11-20 13:34:18,LONG,24419.25,24419.5,REVERSAL,1,2,42.0,203.0,697,23.0,40.0,3
4743,2025-W47,BEST,2025-11-20 13:34:18,2025-11-20 13:34:29,SHORT,24419.5,24440.0,HARD_STOP,1,2,-124.0,-627.0,381,9.0,62.0,3
4744,2025-W47,BEST,2025-11-20 13:35:38,2025-11-20 13:35:48,LONG,24432.0,24442.5,REVERSAL,0,1,42.0,206.5,162,42.0,19.0,1
4745,2025-W47,BEST,2025-11-20 13:35:48,2025-11-20 13:36:00,SHORT,24442.5,24432.5,REVERSAL,0,1,40.0,196.5,188,40.0,31.0,2
4746,2025-W47,BEST,2025-11-20 13:36:15,2025-11-20 13:36:31,SHORT,24431.0,24421.0,REVERSAL,0,1,40.0,196.5,218,40.0,11.0,1
4747,2025-W47,BEST,2025-11-20 13:36:31,2025-11-20 13:37:07,LONG,24421.0,24420.5,REVERSAL,1,2,38.0,183.0,750,19.0,53.0,4
4748,2025-W47,BEST,2025-11-20 13:37:16,2025-11-20 13:37:30,LONG,24408.75,24418.75,REVERSAL,0,1,40.0,196.5,323,40.0,29.0,2
4749,2025-W47,BEST,2025-11-20 13:46:00,2025-11-20 13:46:07,LONG,24315.5,24325.75,REVERSAL,0,1,41.0,201.5,194,41.0,7.0,1
4750,2025-W47,BEST,2025-11-20 13:46:07,2025-11-20 13:46:25,SHORT,24325.75,24315.25,REVERSAL,0,1,42.0,206.5,413,42.0,25.0,3
4751,2025-W47,BEST,2025-11-20 13:50:33,2025-11-20 13:51:07,LONG,24271.0,24281.25,REVERSAL,0,1,41.0,201.5,755,41.0,33.0,4
4752,2025-W47,BEST,2025-11-20 13:51:34,2025-11-20 13:51:56,SHORT,24280.5,24270.0,REVERSAL,0,1,42.0,206.5,318,42.0,23.0,2
4753,2025-W47,BEST,2025-11-20 13:52:25,2025-11-20 13:52:32,LONG,24250.0,24260.0,REVERSAL,0,1,40.0,196.5,213,40.0,2.0,1
4754,2025-W47,BEST,2025-11-20 13:52:32,2025-11-20 13:53:05,SHORT,24260.0,24260.0,REVERSAL,1,2,40.0,193.0,644,20.0,40.0,4
4755,2025-W47,BEST,2025-11-20 13:54:29,2025-11-20 13:54:31,SHORT,24268.25,24258.25,REVERSAL,0,1,40.0,196.5,48,40.0,1.0,1
4756,2025-W47,BEST,2025-11-20 13:54:31,2025-11-20 13:55:35,LONG,24258.25,24258.5,REVERSAL,1,2,42.0,203.0,1227,33.0,53.0,6
4757,2025-W47,BEST,2025-11-20 13:57:01,2025-11-20 13:57:10,SHORT,24261.75,24262.25,REVERSAL,1,2,38.0,183.0,229,19.0,42.0,1
4758,2025-W47,BEST,2025-11-20 14:00:29,2025-11-20 14:00:33,LONG,24276.0,24286.0,REVERSAL,0,1,40.0,196.5,86,40.0,16.0,1
4759,2025-W47,BEST,2025-11-20 14:00:33,2025-11-20 14:00:59,SHORT,24286.0,24275.75,REVERSAL,0,1,41.0,201.5,433,41.0,23.0,3
4760,2025-W47,BEST,2025-11-20 14:01:10,2025-11-20 14:01:17,LONG,24271.0,24282.0,REVERSAL,0,1,44.0,216.5,134,44.0,14.0,1
4761,2025-W47,BEST,2025-11-20 14:01:17,2025-11-20 14:01:37,SHORT,24282.0,24282.0,REVERSAL,1,2,40.0,193.0,360,20.0,51.0,2
4762,2025-W47,BEST,2025-11-20 14:02:13,2025-11-20 14:02:15,SHORT,24295.0,24284.5,REVERSAL,0,1,42.0,206.5,58,42.0,8.0,1
4763,2025-W47,BEST,2025-11-20 14:02:15,2025-11-20 14:02:30,LONG,24284.5,24284.0,REVERSAL,1,2,39.0,188.0,186,19.5,43.0,1
4764,2025-W47,BEST,2025-11-20 14:03:04,2025-11-20 14:03:26,LONG,24255.0,24255.25,REVERSAL,1,2,42.0,203.0,583,21.0,40.0,3
4765,2025-W47,BEST,2025-11-20 14:04:16,2025-11-20 14:04:17,SHORT,24249.75,24239.75,REVERSAL,0,1,40.0,196.5,101,40.0,10.0,1
4766,2025-W47,BEST,2025-11-20 14:04:17,2025-11-20 14:05:05,LONG,24239.75,24239.75,REVERSAL,1,2,40.0,193.0,993,35.0,40.0,5
4767,2025-W47,BEST,2025-11-20 14:05:33,2025-11-20 14:05:38,SHORT,24256.75,24246.5,REVERSAL,0,1,41.0,201.5,103,41.0,8.0,1
4768,2025-W47,BEST,2025-11-20 14:05:45,2025-11-20 14:05:53,LONG,24242.75,24252.75,REVERSAL,0,1,40.0,196.5,130,40.0,0.0,2
4769,2025-W47,BEST,2025-11-20 14:07:43,2025-11-20 14:07:48,SHORT,24240.5,24230.5,REVERSAL,0,1,40.0,196.5,70,40.0,0.0,1
4770,2025-W47,BEST,2025-11-20 14:10:31,2025-11-20 14:10:32,LONG,24245.75,24256.75,REVERSAL,0,1,44.0,216.5,62,44.0,4.0,1
4771,2025-W47,BEST,2025-11-20 14:10:40,2025-11-20 14:11:04,SHORT,24264.25,24284.25,HARD_STOP,1,2,-120.0,-607.0,527,26.0,60.0,3
4772,2025-W47,BEST,2025-11-20 14:11:30,2025-11-20 14:11:33,LONG,24272.25,24282.25,REVERSAL,0,1,40.0,196.5,50,40.0,3.0,1
4773,2025-W47,BEST,2025-11-20 14:11:33,2025-11-20 14:12:03,SHORT,24282.25,24272.25,REVERSAL,0,1,40.0,196.5,476,40.0,26.0,3
4774,2025-W47,BEST,2025-11-20 14:13:28,2025-11-20 14:13:37,SHORT,24268.75,24258.5,REVERSAL,0,1,41.0,201.5,241,41.0,11.0,1
4775,2025-W47,BEST,2025-11-20 14:13:37,2025-11-20 14:13:39,LONG,24258.5,24269.5,REVERSAL,0,1,44.0,216.5,43,44.0,3.0,2
4776,2025-W47,BEST,2025-11-20 14:15:35,2025-11-20 14:15:46,LONG,24252.75,24263.5,REVERSAL,0,1,43.0,211.5,117,43.0,6.0,1
4777,2025-W47,BEST,2025-11-20 14:15:46,2025-11-20 14:16:13,SHORT,24263.5,24253.5,REVERSAL,0,1,40.0,196.5,329,40.0,20.0,2
4778,2025-W47,BEST,2025-11-20 14:18:30,2025-11-20 14:18:43,SHORT,24320.25,24310.25,REVERSAL,0,1,40.0,196.5,449,40.0,33.0,2
4779,2025-W47,BEST,2025-11-20 14:18:58,2025-11-20 14:19:15,SHORT,24302.75,24303.0,REVERSAL,1,2,39.0,188.0,502,22.0,41.0,3
4780,2025-W47,BEST,2025-11-20 14:19:35,2025-11-20 14:19:39,LONG,24270.25,24280.75,REVERSAL,0,1,42.0,206.5,185,42.0,7.0,1
4781,2025-W47,BEST,2025-11-20 14:21:09,2025-11-20 14:21:14,LONG,24300.5,24310.75,REVERSAL,0,1,41.0,201.5,128,41.0,23.0,1
4782,2025-W47,BEST,2025-11-20 14:21:14,2025-11-20 14:21:58,SHORT,24310.75,24310.75,REVERSAL,1,2,40.0,193.0,825,20.0,42.0,4
4783,2025-W47,BEST,2025-11-20 14:27:21,2025-11-20 14:27:26,SHORT,24343.25,24333.25,REVERSAL,0,1,40.0,196.5,181,40.0,1.0,1
4784,2025-W47,BEST,2025-11-20 14:27:26,2025-11-20 14:27:40,LONG,24333.25,24343.25,REVERSAL,0,1,40.0,196.5,134,40.0,11.0,2
4785,2025-W47,BEST,2025-11-20 14:30:55,2025-11-20 14:30:58,LONG,24300.5,24310.75,REVERSAL,0,1,41.0,201.5,147,41.0,8.0,1
4786,2025-W47,BEST,2025-11-20 14:30:58,2025-11-20 14:31:16,SHORT,24310.75,24300.25,REVERSAL,0,1,42.0,206.5,458,42.0,19.0,3
4787,2025-W47,BEST,2025-11-20 14:31:54,2025-11-20 14:32:17,SHORT,24298.0,24288.0,REVERSAL,0,1,40.0,196.5,285,40.0,27.0,2
4788,2025-W47,BEST,2025-11-20 14:34:30,2025-11-20 14:34:51,LONG,24266.5,24276.5,REVERSAL,0,1,40.0,196.5,297,40.0,25.0,2
4789,2025-W47,BEST,2025-11-20 14:35:42,2025-11-20 14:35:55,SHORT,24308.75,24298.75,REVERSAL,0,1,40.0,196.5,171,40.0,15.0,1
4790,2025-W47,BEST,2025-11-20 14:38:30,2025-11-20 14:39:12,LONG,24276.25,24286.25,REVERSAL,0,1,40.0,196.5,609,40.0,27.0,3
4791,2025-W47,BEST,2025-11-20 14:40:46,2025-11-20 14:40:48,LONG,24265.25,24275.5,REVERSAL,0,1,41.0,201.5,85,41.0,7.0,1
4792,2025-W47,BEST,2025-11-20 14:40:48,2025-11-20 14:42:05,SHORT,24275.5,24275.5,REVERSAL,1,2,40.0,193.0,1000,36.0,43.0,5
4793,2025-W47,BEST,2025-11-20 14:42:05,2025-11-20 14:42:24,LONG,24275.5,24285.75,REVERSAL,0,1,41.0,201.5,259,41.0,32.0,2
4794,2025-W47,BEST,2025-11-20 14:44:23,2025-11-20 14:44:33,SHORT,24325.0,24314.75,REVERSAL,0,1,41.0,201.5,150,41.0,6.0,1
4795,2025-W47,BEST,2025-11-20 14:44:38,2025-11-20 14:44:54,LONG,24306.25,24316.75,REVERSAL,0,1,42.0,206.5,175,42.0,0.0,2
4796,2025-W47,BEST,2025-11-20 14:48:12,2025-11-20 14:48:33,LONG,24288.0,24298.25,REVERSAL,0,1,41.0,201.5,182,41.0,22.0,2
4797,2025-W47,BEST,2025-11-20 14:49:39,2025-11-20 14:50:00,LONG,24276.25,24287.0,REVERSAL,0,1,43.0,211.5,159,43.0,15.0,1
4798,2025-W47,BEST,2025-11-20 14:50:00,2025-11-20 14:50:08,SHORT,24287.0,24307.25,HARD_STOP,1,2,-122.0,-617.0,130,6.0,61.0,2
4799,2025-W47,BEST,2025-11-20 14:52:18,2025-11-20 14:52:26,SHORT,24311.5,24301.0,REVERSAL,0,1,42.0,206.5,145,42.0,4.0,1
4800,2025-W47,BEST,2025-11-20 14:52:26,2025-11-20 14:52:45,LONG,24301.0,24311.25,REVERSAL,0,1,41.0,201.5,240,41.0,24.0,2
4801,2025-W47,BEST,2025-11-20 14:53:22,2025-11-20 14:53:31,SHORT,24330.5,24320.25,REVERSAL,0,1,41.0,201.5,133,41.0,12.0,1
4802,2025-W47,BEST,2025-11-20 14:53:31,2025-11-20 14:53:58,LONG,24320.25,24320.5,REVERSAL,1,2,44.0,213.0,387,22.0,42.0,3
4803,2025-W47,BEST,2025-11-20 14:55:56,2025-11-20 14:56:00,SHORT,24369.75,24359.75,REVERSAL,0,1,40.0,196.5,90,40.0,2.0,1
4804,2025-W47,BEST,2025-11-20 14:56:00,2025-11-20 14:56:37,LONG,24359.75,24339.75,HARD_STOP,1,2,-120.0,-607.0,864,18.0,60.0,4
4805,2025-W47,BEST,2025-11-20 14:57:24,2025-11-20 14:57:55,SHORT,24364.0,24384.25,HARD_STOP,1,2,-122.0,-617.0,725,16.0,61.0,4
4806,2025-W47,BEST,2025-11-20 14:58:22,2025-11-20 14:58:37,SHORT,24390.0,24380.0,REVERSAL,0,1,40.0,196.5,283,40.0,2.0,2
4807,2025-W47,BEST,2025-11-20 15:01:14,2025-11-20 15:01:20,LONG,24343.0,24353.0,REVERSAL,0,1,40.0,196.5,262,40.0,17.0,2
4808,2025-W47,BEST,2025-11-20 15:01:31,2025-11-20 15:01:51,LONG,24355.75,24335.75,HARD_STOP,1,2,-120.0,-607.0,424,1.0,60.0,2
4809,2025-W47,BEST,2025-11-20 15:02:30,2025-11-20 15:03:08,LONG,24305.5,24305.5,REVERSAL,1,2,40.0,193.0,978,20.0,58.0,4
4810,2025-W47,BEST,2025-11-20 15:03:10,2025-11-20 15:03:31,LONG,24294.0,24304.25,REVERSAL,0,1,41.0,201.5,306,41.0,17.0,2
4811,2025-W47,BEST,2025-11-20 15:04:08,2025-11-20 15:04:11,SHORT,24324.5,24314.5,REVERSAL,0,1,40.0,196.5,48,40.0,1.0,1
4812,2025-W47,BEST,2025-11-20 15:05:12,2025-11-20 15:05:14,LONG,24292.75,24302.75,REVERSAL,0,1,40.0,196.5,55,40.0,0.0,1
4813,2025-W47,BEST,2025-11-20 15:05:14,2025-11-20 15:05:16,SHORT,24302.75,24292.75,REVERSAL,0,1,40.0,196.5,86,40.0,0.0,1
4814,2025-W47,BEST,2025-11-20 15:05:16,2025-11-20 15:05:31,LONG,24292.75,24302.75,REVERSAL,0,1,40.0,196.5,250,40.0,21.0,2
4815,2025-W47,BEST,2025-11-20 15:06:54,2025-11-20 15:06:58,SHORT,24341.5,24331.5,REVERSAL,0,1,40.0,196.5,123,40.0,15.0,1
4816,2025-W47,BEST,2025-11-20 15:07:03,2025-11-20 15:07:20,LONG,24322.25,24302.25,HARD_STOP,1,2,-120.0,-607.0,458,15.0,60.0,3
4817,2025-W47,BEST,2025-11-20 15:08:20,2025-11-20 15:08:29,SHORT,24311.75,24301.0,REVERSAL,0,1,43.0,211.5,129,43.0,15.0,1
4818,2025-W47,BEST,2025-11-20 15:08:29,2025-11-20 15:09:32,LONG,24301.0,24301.25,REVERSAL,1,2,42.0,203.0,844,21.0,40.0,4
4819,2025-W47,BEST,2025-11-20 15:10:41,2025-11-20 15:11:08,SHORT,24304.0,24293.5,REVERSAL,0,1,42.0,206.5,258,42.0,14.0,2
4820,2025-W47,BEST,2025-11-20 15:11:40,2025-11-20 15:11:51,LONG,24276.25,24286.25,REVERSAL,0,1,40.0,196.5,177,40.0,6.0,1
4821,2025-W47,BEST,2025-11-20 15:11:51,2025-11-20 15:11:57,SHORT,24286.25,24275.0,REVERSAL,0,1,45.0,221.5,127,45.0,0.0,2
4822,2025-W47,BEST,2025-11-20 15:14:45,2025-11-20 15:15:01,SHORT,24291.5,24291.0,REVERSAL,1,2,44.0,213.0,233,22.0,40.0,1
4823,2025-W47,BEST,2025-11-20 15:16:02,2025-11-20 15:16:09,SHORT,24330.0,24319.25,REVERSAL,0,1,43.0,211.5,203,43.0,14.0,1
4824,2025-W47,BEST,2025-11-20 15:16:33,2025-11-20 15:17:06,SHORT,24309.75,24299.75,REVERSAL,0,1,40.0,196.5,369,40.0,29.0,2
4825,2025-W47,BEST,2025-11-20 15:17:42,2025-11-20 15:18:08,LONG,24304.75,24315.0,REVERSAL,0,1,41.0,201.5,314,41.0,35.0,2
4826,2025-W47,BEST,2025-11-20 15:18:19,2025-11-20 15:18:24,SHORT,24319.75,24319.75,REVERSAL,1,2,40.0,193.0,127,20.0,40.0,1
4827,2025-W47,BEST,2025-11-20 15:19:02,2025-11-20 15:19:28,SHORT,24310.0,24309.25,REVERSAL,1,2,47.0,228.0,236,23.5,41.0,1
4828,2025-W47,BEST,2025-11-20 15:29:04,2025-11-20 15:29:37,LONG,24287.0,24297.0,REVERSAL,0,1,40.0,196.5,495,40.0,19.0,3
4829,2025-W47,BEST,2025-11-20 15:31:31,2025-11-20 15:31:46,SHORT,24304.25,24294.25,REVERSAL,0,1,40.0,196.5,286,40.0,4.0,2
4830,2025-W47,BEST,2025-11-20 15:32:39,2025-11-20 15:32:55,LONG,24264.0,24274.0,REVERSAL,0,1,40.0,196.5,289,40.0,1.0,2
4831,2025-W47,BEST,2025-11-20 15:41:04,2025-11-20 15:41:10,LONG,24160.0,24170.0,REVERSAL,0,1,40.0,196.5,290,40.0,16.0,2
4832,2025-W47,BEST,2025-11-20 15:43:08,2025-11-20 15:44:27,LONG,24159.5,24159.5,REVERSAL,1,2,40.0,193.0,1339,33.0,40.0,6
4833,2025-W47,BEST,2025-11-20 15:45:14,2025-11-20 15:45:28,SHORT,24168.25,24158.25,REVERSAL,0,1,40.0,196.5,297,40.0,22.0,2
4834,2025-W47,BEST,2025-11-20 15:46:44,2025-11-20 15:47:46,LONG,24129.0,24139.25,REVERSAL,0,1,41.0,201.5,1479,41.0,27.0,6
4835,2025-W47,BEST,2025-11-20 15:48:50,2025-11-20 15:49:00,LONG,24128.75,24139.0,REVERSAL,0,1,41.0,201.5,91,41.0,4.0,1
4836,2025-W47,BEST,2025-11-20 15:49:00,2025-11-20 15:49:14,SHORT,24139.0,24129.0,REVERSAL,0,1,40.0,196.5,240,40.0,10.0,2
4837,2025-W47,BEST,2025-11-21 09:30:00,2025-11-21 09:30:02,LONG,24176.25,24186.25,REVERSAL,0,1,40.0,196.5,459,40.0,0.0,2
4838,2025-W47,BEST,2025-11-21 09:30:39,2025-11-21 09:30:41,SHORT,24276.5,24266.5,REVERSAL,0,1,40.0,196.5,247,40.0,1.0,1
4839,2025-W47,BEST,2025-11-21 09:30:41,2025-11-21 09:30:51,LONG,24266.5,24246.5,HARD_STOP,1,2,-120.0,-607.0,911,25.0,60.0,5
4840,2025-W47,BEST,2025-11-21 09:30:56,2025-11-21 09:31:02,LONG,24242.75,24252.75,REVERSAL,0,1,40.0,196.5,487,40.0,5.0,2
4841,2025-W47,BEST,2025-11-21 09:31:03,2025-11-21 09:31:06,SHORT,24267.25,24256.75,REVERSAL,0,1,42.0,206.5,205,42.0,2.0,1
4842,2025-W47,BEST,2025-11-21 09:31:06,2025-11-21 09:31:07,LONG,24256.75,24267.0,REVERSAL,0,1,41.0,201.5,128,41.0,16.0,2
4843,2025-W47,BEST,2025-11-21 09:32:55,2025-11-21 09:33:01,SHORT,24239.5,24229.0,REVERSAL,0,1,42.0,206.5,352,42.0,34.0,2
4844,2025-W47,BEST,2025-11-21 09:34:18,2025-11-21 09:34:23,SHORT,24226.0,24246.25,HARD_STOP,1,2,-122.0,-617.0,300,11.0,61.0,3
4845,2025-W47,BEST,2025-11-21 09:34:57,2025-11-21 09:35:00,LONG,24222.5,24232.75,REVERSAL,0,1,41.0,201.5,253,41.0,5.0,2
4846,2025-W47,BEST,2025-11-21 09:35:26,2025-11-21 09:35:53,LONG,24195.5,24196.5,REVERSAL,1,2,48.0,233.0,1362,24.0,52.0,6
4847,2025-W47,BEST,2025-11-21 09:36:49,2025-11-21 09:37:14,SHORT,24246.75,24244.5,REVERSAL,1,2,58.0,283.0,1245,36.0,45.0,5
4848,2025-W47,BEST,2025-11-21 09:37:39,2025-11-21 09:37:44,SHORT,24267.5,24257.0,REVERSAL,0,1,42.0,206.5,179,42.0,5.0,1
4849,2025-W47,BEST,2025-11-21 09:37:44,2025-11-21 09:37:52,LONG,24257.0,24237.0,HARD_STOP,1,2,-120.0,-607.0,281,10.0,60.0,2
4850,2025-W47,BEST,2025-11-21 09:37:59,2025-11-21 09:38:01,LONG,24238.0,24248.0,REVERSAL,0,1,40.0,196.5,133,40.0,12.0,1
4851,2025-W47,BEST,2025-11-21 09:39:17,2025-11-21 09:39:23,LONG,24183.5,24193.5,REVERSAL,0,1,40.0,196.5,250,40.0,11.0,2
4852,2025-W47,BEST,2025-11-21 09:41:34,2025-11-21 09:41:52,SHORT,24243.5,24233.5,REVERSAL,0,1,40.0,196.5,532,40.0,33.0,3
4853,2025-W47,BEST,2025-11-21 09:42:06,2025-11-21 09:42:12,SHORT,24263.75,24253.75,REVERSAL,0,1,40.0,196.5,228,40.0,11.0,1
4854,2025-W47,BEST,2025-11-21 09:42:12,2025-11-21 09:42:17,LONG,24253.75,24233.5,HARD_STOP,1,2,-120.0,-607.0,295,6.0,60.0,3
4855,2025-W47,BEST,2025-11-21 09:43:08,2025-11-21 09:43:18,LONG,24186.25,24198.5,REVERSAL,0,1,49.0,241.5,323,49.0,24.0,2
4856,2025-W47,BEST,2025-11-21 09:45:25,2025-11-21 09:45:42,LONG,24176.0,24176.0,REVERSAL,1,2,40.0,193.0,581,39.0,40.0,3
4857,2025-W47,BEST,2025-11-21 09:45:58,2025-11-21 09:46:14,LONG,24147.5,24127.25,HARD_STOP,1,2,-121.0,-612.0,1408,22.0,60.5,6
4858,2025-W47,BEST,2025-11-21 09:46:15,2025-11-21 09:46:30,SHORT,24130.25,24130.25,REVERSAL,1,2,40.0,193.0,996,20.0,51.0,5
4859,2025-W47,BEST,2025-11-21 09:46:34,2025-11-21 09:47:00,LONG,24118.0,24118.0,REVERSAL,1,2,40.0,193.0,1978,30.0,46.0,8
4860,2025-W47,BEST,2025-11-21 09:47:42,2025-11-21 09:47:47,LONG,24132.75,24143.0,REVERSAL,0,1,41.0,201.5,276,41.0,16.0,2
4861,2025-W47,BEST,2025-11-21 09:48:23,2025-11-21 09:48:24,SHORT,24205.25,24195.25,REVERSAL,0,1,40.0,196.5,299,40.0,12.0,2
4862,2025-W47,BEST,2025-11-21 09:50:33,2025-11-21 09:50:35,LONG,24187.25,24198.25,REVERSAL,0,1,44.0,216.5,69,44.0,6.0,1
4863,2025-W47,BEST,2025-11-21 09:50:35,2025-11-21 09:50:51,SHORT,24198.25,24198.25,REVERSAL,1,2,40.0,193.0,426,28.0,41.0,2
4864,2025-W47,BEST,2025-11-21 09:51:44,2025-11-21 09:51:50,SHORT,24216.25,24205.75,REVERSAL,0,1,42.0,206.5,171,42.0,17.0,1
4865,2025-W47,BEST,2025-11-21 09:51:50,2025-11-21 09:52:07,LONG,24205.75,24185.75,HARD_STOP,1,2,-120.0,-607.0,369,39.0,60.0,3
4866,2025-W47,BEST,2025-11-21 09:52:09,2025-11-21 09:52:27,SHORT,24200.25,24220.25,HARD_STOP,1,2,-120.0,-607.0,504,39.0,60.0,3
4867,2025-W47,BEST,2025-11-21 09:53:16,2025-11-21 09:53:19,LONG,24211.0,24221.25,REVERSAL,0,1,41.0,201.5,65,41.0,0.0,1
4868,2025-W47,BEST,2025-11-21 09:53:19,2025-11-21 09:53:27,SHORT,24221.25,24220.0,REVERSAL,1,2,50.0,243.0,183,25.0,40.0,1
4869,2025-W47,BEST,2025-11-21 09:54:50,2025-11-21 09:54:53,SHORT,24296.0,24285.5,REVERSAL,0,1,42.0,206.5,149,42.0,8.0,1
4870,2025-W47,BEST,2025-11-21 09:54:53,2025-11-21 09:55:01,LONG,24285.5,24265.5,HARD_STOP,1,2,-120.0,-607.0,444,4.0,60.0,3
4871,2025-W47,BEST,2025-11-21 09:55:03,2025-11-21 09:55:36,SHORT,24271.0,24260.5,REVERSAL,0,1,42.0,206.5,908,42.0,39.0,4
4872,2025-W47,BEST,2025-11-21 09:55:36,2025-11-21 09:56:04,LONG,24260.5,24240.0,HARD_STOP,1,2,-123.0,-622.0,932,38.0,61.5,5
4873,2025-W47,BEST,2025-11-21 09:56:15,2025-11-21 09:56:16,LONG,24217.5,24227.5,REVERSAL,0,1,40.0,196.5,76,40.0,1.0,1
4874,2025-W47,BEST,2025-11-21 09:56:16,2025-11-21 09:56:18,SHORT,24227.5,24216.75,REVERSAL,0,1,43.0,211.5,108,43.0,7.0,1
4875,2025-W47,BEST,2025-11-21 09:56:18,2025-11-21 09:56:19,LONG,24216.75,24227.0,REVERSAL,0,1,41.0,201.5,37,41.0,0.0,1
4876,2025-W47,BEST,2025-11-21 09:56:19,2025-11-21 09:56:25,SHORT,24227.0,24216.25,REVERSAL,0,1,43.0,211.5,132,43.0,2.0,2
4877,2025-W47,BEST,2025-11-21 09:56:34,2025-11-21 09:56:37,LONG,24182.75,24193.25,REVERSAL,0,1,42.0,206.5,300,42.0,29.0,2
4878,2025-W47,BEST,2025-11-21 09:58:11,2025-11-21 09:58:11,SHORT,24210.75,24200.5,REVERSAL,0,1,41.0,201.5,25,41.0,0.0,1
4879,2025-W47,BEST,2025-11-21 09:58:11,2025-11-21 09:58:35,LONG,24200.5,24200.5,REVERSAL,1,2,40.0,193.0,578,32.0,46.0,3
4880,2025-W47,BEST,2025-11-21 09:58:35,2025-11-21 09:59:30,SHORT,24200.5,24190.0,REVERSAL,0,1,42.0,206.5,725,42.0,34.0,4
4881,2025-W47,BEST,2025-11-21 10:00:08,2025-11-21 10:00:09,SHORT,24221.5,24211.0,REVERSAL,0,1,42.0,206.5,18,42.0,0.0,1
4882,2025-W47,BEST,2025-11-21 10:00:10,2025-11-21 10:00:34,SHORT,24216.5,24216.25,REVERSAL,1,2,42.0,203.0,817,33.0,40.0,4
4883,2025-W47,BEST,2025-11-21 10:01:03,2025-11-21 10:01:11,LONG,24147.25,24127.25,HARD_STOP,1,2,-120.0,-607.0,827,30.0,60.0,4
4884,2025-W47,BEST,2025-11-21 10:01:32,2025-11-21 10:01:35,LONG,24124.0,24134.0,REVERSAL,0,1,40.0,196.5,129,40.0,2.0,1
4885,2025-W47,BEST,2025-11-21 10:01:35,2025-11-21 10:01:44,SHORT,24134.0,24124.0,REVERSAL,0,1,40.0,196.5,392,40.0,25.0,3
4886,2025-W47,BEST,2025-11-21 10:02:43,2025-11-21 10:02:46,LONG,24095.5,24105.5,REVERSAL,0,1,40.0,196.5,133,40.0,1.0,1
4887,2025-W47,BEST,2025-11-21 10:02:46,2025-11-21 10:03:03,SHORT,24105.5,24095.5,REVERSAL,0,1,40.0,196.5,549,40.0,12.0,3
4888,2025-W47,BEST,2025-11-21 10:03:18,2025-11-21 10:03:24,SHORT,24094.75,24084.75,REVERSAL,0,1,40.0,196.5,289,40.0,36.0,2
4889,2025-W47,BEST,2025-11-21 10:04:46,2025-11-21 10:04:49,SHORT,24137.0,24136.75,REVERSAL,1,2,42.0,203.0,228,21.0,40.0,1
4890,2025-W47,BEST,2025-11-21 10:05:10,2025-11-21 10:05:12,SHORT,24174.75,24164.75,REVERSAL,0,1,40.0,196.5,130,40.0,7.0,1
4891,2025-W47,BEST,2025-11-21 10:05:12,2025-11-21 10:05:14,LONG,24164.75,24174.75,REVERSAL,0,1,40.0,196.5,176,40.0,25.0,2
4892,2025-W47,BEST,2025-11-21 10:06:04,2025-11-21 10:06:05,LONG,24171.0,24181.5,REVERSAL,0,1,42.0,206.5,197,42.0,8.0,1
4893,2025-W47,BEST,2025-11-21 10:06:05,2025-11-21 10:06:08,SHORT,24181.5,24201.75,HARD_STOP,1,2,-120.0,-607.0,221,0.0,60.0,2
4894,2025-W47,BEST,2025-11-21 10:06:33,2025-11-21 10:06:34,LONG,24206.0,24216.0,REVERSAL,0,1,40.0,196.5,24,40.0,0.0,1
4895,2025-W47,BEST,2025-11-21 10:06:34,2025-11-21 10:06:45,SHORT,24216.0,24206.0,REVERSAL,0,1,40.0,196.5,499,40.0,33.0,3
4896,2025-W47,BEST,2025-11-21 10:06:49,2025-11-21 10:06:53,LONG,24198.25,24208.25,REVERSAL,0,1,40.0,196.5,102,40.0,12.0,1
4897,2025-W47,BEST,2025-11-21 10:06:53,2025-11-21 10:07:01,SHORT,24208.25,24208.5,REVERSAL,1,2,39.0,188.0,225,19.5,41.0,2
4898,2025-W47,BEST,2025-11-21 10:07:26,2025-11-21 10:07:27,LONG,24177.0,24187.75,REVERSAL,0,1,43.0,211.5,92,43.0,0.0,1
4899,2025-W47,BEST,2025-11-21 10:07:29,2025-11-21 10:07:36,SHORT,24197.75,24187.75,REVERSAL,0,1,40.0,196.5,235,40.0,29.0,2
4900,2025-W47,BEST,2025-11-21 10:11:40,2025-11-21 10:11:51,LONG,24118.25,24117.5,REVERSAL,1,2,37.0,178.0,366,18.5,44.5,3
4901,2025-W47,BEST,2025-11-21 10:15:05,2025-11-21 10:15:13,LONG,24097.75,24108.75,REVERSAL,0,1,44.0,216.5,212,44.0,16.0,1
4902,2025-W47,BEST,2025-11-21 10:15:48,2025-11-21 10:15:51,SHORT,24121.25,24110.5,REVERSAL,0,1,43.0,211.5,77,43.0,0.0,1
4903,2025-W47,BEST,2025-11-21 10:15:54,2025-11-21 10:16:03,LONG,24104.25,24105.5,REVERSAL,1,2,51.0,248.0,315,25.5,41.0,2
4904,2025-W47,BEST,2025-11-21 10:16:16,2025-11-21 10:16:19,SHORT,24101.25,24091.25,REVERSAL,0,1,40.0,196.5,177,40.0,26.0,1
4905,2025-W47,BEST,2025-11-21 10:16:19,2025-11-21 10:16:29,LONG,24091.25,24101.5,REVERSAL,0,1,41.0,201.5,300,41.0,15.0,3
4906,2025-W47,BEST,2025-11-21 10:16:44,2025-11-21 10:16:46,SHORT,24122.0,24111.25,REVERSAL,0,1,43.0,211.5,52,43.0,1.0,1
4907,2025-W47,BEST,2025-11-21 10:16:53,2025-11-21 10:17:02,LONG,24101.75,24081.75,HARD_STOP,1,2,-120.0,-607.0,266,8.0,60.0,2
4908,2025-W47,BEST,2025-11-21 10:17:35,2025-11-21 10:17:44,LONG,24052.75,24062.75,REVERSAL,0,1,40.0,196.5,598,40.0,29.0,3
4909,2025-W47,BEST,2025-11-21 10:19:33,2025-11-21 10:20:05,SHORT,24132.5,24131.0,REVERSAL,1,2,52.0,253.0,751,36.0,40.0,4
4910,2025-W47,BEST,2025-11-21 10:21:00,2025-11-21 10:21:08,LONG,24084.25,24064.0,HARD_STOP,1,2,-121.0,-612.0,317,3.0,60.5,2
4911,2025-W47,BEST,2025-11-21 10:21:36,2025-11-21 10:21:45,SHORT,24064.75,24054.75,REVERSAL,0,1,40.0,196.5,215,40.0,39.0,1
4912,2025-W47,BEST,2025-11-21 10:21:45,2025-11-21 10:22:02,LONG,24054.75,24034.5,HARD_STOP,1,2,-121.0,-612.0,529,0.0,60.5,3
4913,2025-W47,BEST,2025-11-21 10:22:40,2025-11-21 10:22:43,SHORT,24090.0,24110.0,HARD_STOP,1,2,-120.0,-607.0,309,12.0,60.0,3
4914,2025-W47,BEST,2025-11-21 10:22:47,2025-11-21 10:22:51,SHORT,24127.25,24116.75,REVERSAL,0,1,42.0,206.5,185,42.0,3.0,1
4915,2025-W47,BEST,2025-11-21 10:22:51,2025-11-21 10:22:59,LONG,24116.75,24116.75,REVERSAL,1,2,40.0,193.0,487,20.0,40.0,3
4916,2025-W47,BEST,2025-11-21 10:23:50,2025-11-21 10:23:53,SHORT,24144.5,24133.75,REVERSAL,0,1,43.0,211.5,128,43.0,8.0,1
4917,2025-W47,BEST,2025-11-21 10:23:53,2025-11-21 10:24:05,LONG,24133.75,24113.5,HARD_STOP,1,2,-122.0,-617.0,556,19.0,61.0,3
4918,2025-W47,BEST,2025-11-21 10:24:20,2025-11-21 10:24:22,LONG,24093.25,24103.25,REVERSAL,0,1,40.0,196.5,115,40.0,10.0,1
4919,2025-W47,BEST,2025-11-21 10:24:22,2025-11-21 10:24:29,SHORT,24103.25,24123.75,HARD_STOP,1,2,-123.0,-622.0,242,5.0,61.5,2
4920,2025-W47,BEST,2025-11-21 10:24:34,2025-11-21 10:24:39,SHORT,24141.0,24131.0,REVERSAL,0,1,40.0,196.5,188,40.0,21.0,1
4921,2025-W47,BEST,2025-11-21 10:24:39,2025-11-21 10:24:43,LONG,24131.0,24141.75,REVERSAL,0,1,43.0,211.5,157,43.0,19.0,2
4922,2025-W47,BEST,2025-11-21 10:25:42,2025-11-21 10:25:47,LONG,24157.75,24167.75,REVERSAL,0,1,40.0,196.5,167,40.0,9.0,1
4923,2025-W47,BEST,2025-11-21 10:25:47,2025-11-21 10:25:50,SHORT,24167.75,24157.75,REVERSAL,0,1,40.0,196.5,114,40.0,0.0,2
4924,2025-W47,BEST,2025-11-21 10:26:40,2025-11-21 10:26:44,LONG,24099.25,24109.25,REVERSAL,0,1,40.0,196.5,105,40.0,16.0,1
4925,2025-W47,BEST,2025-11-21 10:26:44,2025-11-21 10:27:01,SHORT,24109.25,24110.0,REVERSAL,1,2,37.0,178.0,530,18.5,43.0,3
4926,2025-W47,BEST,2025-11-21 10:27:05,2025-11-21 10:27:26,SHORT,24117.75,24117.5,REVERSAL,1,2,42.0,203.0,492,33.0,46.0,3
4927,2025-W47,BEST,2025-11-21 10:28:42,2025-11-21 10:28:44,LONG,24063.5,24073.75,REVERSAL,0,1,41.0,201.5,110,41.0,13.0,2
4928,2025-W47,BEST,2025-11-21 10:29:00,2025-11-21 10:29:06,LONG,24044.0,24054.0,REVERSAL,0,1,40.0,196.5,253,40.0,36.0,2
4929,2025-W47,BEST,2025-11-21 10:29:23,2025-11-21 10:29:40,LONG,24039.5,24039.5,REVERSAL,1,2,40.0,193.0,532,22.0,40.0,3
4930,2025-W47,BEST,2025-11-21 10:30:09,2025-11-21 10:30:14,SHORT,24037.5,24027.0,REVERSAL,0,1,42.0,206.5,160,42.0,8.0,2
4931,2025-W47,BEST,2025-11-21 10:32:38,2025-11-21 10:32:41,SHORT,24079.25,24069.0,REVERSAL,0,1,41.0,201.5,198,41.0,28.0,1
4932,2025-W47,BEST,2025-11-21 10:32:41,2025-11-21 10:32:55,LONG,24069.0,24069.5,REVERSAL,1,2,44.0,213.0,358,22.0,40.0,3
4933,2025-W47,BEST,2025-11-21 10:34:37,2025-11-21 10:34:47,LONG,24012.75,24022.75,REVERSAL,0,1,40.0,196.5,297,40.0,4.0,2
4934,2025-W47,BEST,2025-11-21 10:34:53,2025-11-21 10:34:56,SHORT,24032.0,24022.0,REVERSAL,0,1,40.0,196.5,162,40.0,16.0,1
4935,2025-W47,BEST,2025-11-21 10:34:56,2025-11-21 10:35:11,LONG,24022.0,24002.0,HARD_STOP,1,2,-120.0,-607.0,804,8.0,60.0,4
4936,2025-W47,BEST,2025-11-21 10:35:12,2025-11-21 10:35:26,SHORT,24009.25,23999.25,REVERSAL,0,1,40.0,196.5,545,40.0,11.0,3
4937,2025-W47,BEST,2025-11-21 10:35:43,2025-11-21 10:35:43,LONG,23980.0,23990.0,REVERSAL,0,1,40.0,196.5,129,40.0,11.0,1
4938,2025-W47,BEST,2025-11-21 10:35:43,2025-11-21 10:35:47,SHORT,23990.0,23979.75,REVERSAL,0,1,41.0,201.5,199,41.0,12.0,2
4939,2025-W47,BEST,2025-11-21 10:36:11,2025-11-21 10:36:25,LONG,23976.25,23986.25,REVERSAL,0,1,40.0,196.5,470,40.0,36.0,2
4940,2025-W47,BEST,2025-11-21 10:36:40,2025-11-21 10:36:46,LONG,23949.0,23959.0,REVERSAL,0,1,40.0,196.5,315,40.0,23.0,2
4941,2025-W47,BEST,2025-11-21 10:37:13,2025-11-21 10:37:18,LONG,23928.25,23938.25,REVERSAL,0,1,40.0,196.5,272,40.0,4.0,2
4942,2025-W47,BEST,2025-11-21 10:37:36,2025-11-21 10:37:42,SHORT,23966.25,23956.0,REVERSAL,0,1,41.0,201.5,270,41.0,27.0,2
4943,2025-W47,BEST,2025-11-21 10:38:19,2025-11-21 10:38:24,LONG,23957.0,23967.25,REVERSAL,0,1,41.0,201.5,133,41.0,11.0,2
4944,2025-W47,BEST,2025-11-21 10:38:40,2025-11-21 10:38:54,SHORT,23982.0,23971.5,REVERSAL,0,1,42.0,206.5,464,42.0,12.0,2
4945,2025-W47,BEST,2025-11-21 10:39:25,2025-11-21 10:39:36,LONG,23945.0,23955.0,REVERSAL,0,1,40.0,196.5,393,40.0,28.0,2
4946,2025-W47,BEST,2025-11-21 10:39:52,2025-11-21 10:40:19,LONG,23949.75,23949.75,REVERSAL,1,2,40.0,193.0,1166,22.0,59.0,5
4947,2025-W47,BEST,2025-11-21 10:40:28,2025-11-21 10:40:30,SHORT,23960.25,23950.0,REVERSAL,0,1,41.0,201.5,88,41.0,1.0,1
4948,2025-W47,BEST,2025-11-21 10:40:30,2025-11-21 10:40:31,LONG,23950.0,23960.0,REVERSAL,0,1,40.0,196.5,57,40.0,1.0,1
4949,2025-W47,BEST,2025-11-21 10:40:31,2025-11-21 10:40:39,SHORT,23960.0,23960.0,REVERSAL,1,2,40.0,193.0,452,20.0,42.0,3
4950,2025-W47,BEST,2025-11-21 10:41:30,2025-11-21 10:41:33,SHORT,23994.0,23984.0,REVERSAL,0,1,40.0,196.5,159,40.0,7.0,1
4951,2025-W47,BEST,2025-11-21 10:41:33,2025-11-21 10:41:46,LONG,23984.0,23984.0,REVERSAL,1,2,41.0,198.0,381,36.0,41.5,3
4952,2025-W47,BEST,2025-11-21 10:41:56,2025-11-21 10:42:04,LONG,23970.25,23980.5,REVERSAL,0,1,41.0,201.5,302,41.0,18.0,2
4953,2025-W47,BEST,2025-11-21 10:42:28,2025-11-21 10:42:35,LONG,23965.75,23975.75,REVERSAL,0,1,40.0,196.5,182,40.0,23.0,1
4954,2025-W47,BEST,2025-11-21 10:42:35,2025-11-21 10:42:44,SHORT,23975.75,23975.0,REVERSAL,1,2,47.0,228.0,229,23.5,41.0,2
4955,2025-W47,BEST,2025-11-21 10:43:04,2025-11-21 10:43:10,SHORT,24005.25,23995.25,REVERSAL,0,1,40.0,196.5,134,40.0,0.0,1
4956,2025-W47,BEST,2025-11-21 10:43:14,2025-11-21 10:43:18,SHORT,24001.0,24001.25,REVERSAL,1,2,39.0,188.0,172,19.5,41.0,2
4957,2025-W47,BEST,2025-11-21 10:44:13,2025-11-21 10:44:31,SHORT,24041.5,24041.25,REVERSAL,1,2,42.0,203.0,1012,34.0,42.0,5
4958,2025-W47,BEST,2025-11-21 10:44:37,2025-11-21 10:44:49,SHORT,24044.5,24043.75,REVERSAL,1,2,46.0,223.0,342,23.0,40.0,2
4959,2025-W47,BEST,2025-11-21 10:45:37,2025-11-21 10:45:40,SHORT,24050.5,24039.75,REVERSAL,0,1,43.0,211.5,163,43.0,23.0,1
4960,2025-W47,BEST,2025-11-21 10:45:40,2025-11-21 10:45:47,LONG,24039.75,24039.5,REVERSAL,1,2,39.0,188.0,237,19.5,41.0,2
4961,2025-W47,BEST,2025-11-21 10:46:20,2025-11-21 10:46:36,SHORT,24046.75,24036.25,REVERSAL,0,1,42.0,206.5,245,42.0,19.0,1
4962,2025-W47,BEST,2025-11-21 10:46:36,2025-11-21 10:46:40,LONG,24036.25,24046.25,REVERSAL,0,1,40.0,196.5,122,40.0,28.0,2
4963,2025-W47,BEST,2025-11-21 10:47:27,2025-11-21 10:47:33,SHORT,24074.0,24063.5,REVERSAL,0,1,42.0,206.5,263,42.0,26.0,2
4964,2025-W47,BEST,2025-11-21 10:48:11,2025-11-21 10:48:13,LONG,24059.5,24069.5,REVERSAL,0,1,40.0,196.5,52,40.0,0.0,1
4965,2025-W47,BEST,2025-11-21 10:48:13,2025-11-21 10:48:23,SHORT,24069.5,24059.5,REVERSAL,0,1,40.0,196.5,249,40.0,29.0,2
4966,2025-W47,BEST,2025-11-21 10:49:39,2025-11-21 10:49:46,SHORT,24101.75,24091.5,REVERSAL,0,1,41.0,201.5,209,41.0,6.0,1
4967,2025-W47,BEST,2025-11-21 10:49:46,2025-11-21 10:49:47,LONG,24091.5,24102.5,REVERSAL,0,1,44.0,216.5,63,44.0,5.0,2
4968,2025-W47,BEST,2025-11-21 10:50:54,2025-11-21 10:50:56,SHORT,24095.5,24085.5,REVERSAL,0,1,40.0,196.5,60,40.0,3.0,1
4969,2025-W47,BEST,2025-11-21 10:50:56,2025-11-21 10:50:58,LONG,24085.5,24095.75,REVERSAL,0,1,41.0,201.5,47,41.0,5.0,1
4970,2025-W47,BEST,2025-11-21 10:50:58,2025-11-21 10:51:07,SHORT,24095.75,24085.75,REVERSAL,0,1,40.0,196.5,137,40.0,2.0,1
4971,2025-W47,BEST,2025-11-21 10:51:07,2025-11-21 10:51:19,LONG,24085.75,24065.25,HARD_STOP,1,2,-121.0,-612.0,388,26.0,60.5,3
4972,2025-W47,BEST,2025-11-21 10:54:46,2025-11-21 10:54:47,SHORT,24098.25,24088.25,REVERSAL,0,1,40.0,196.5,62,40.0,2.0,1
4973,2025-W47,BEST,2025-11-21 10:54:49,2025-11-21 10:54:52,SHORT,24095.0,24084.5,REVERSAL,0,1,42.0,206.5,85,42.0,1.0,2
4974,2025-W47,BEST,2025-11-21 10:58:22,2025-11-21 10:58:25,LONG,24023.25,24033.5,REVERSAL,0,1,41.0,201.5,58,41.0,1.0,1
4975,2025-W47,BEST,2025-11-21 10:58:25,2025-11-21 10:58:29,SHORT,24033.5,24022.25,REVERSAL,0,1,45.0,221.5,42,45.0,3.0,1
4976,2025-W47,BEST,2025-11-21 10:58:29,2025-11-21 10:58:46,LONG,24022.25,24032.25,REVERSAL,0,1,40.0,196.5,402,40.0,17.0,3
4977,2025-W47,BEST,2025-11-21 10:58:52,2025-11-21 10:58:58,SHORT,24056.25,24046.25,REVERSAL,0,1,40.0,196.5,109,40.0,7.0,1
4978,2025-W47,BEST,2025-11-21 10:59:01,2025-11-21 10:59:11,LONG,24040.5,24041.0,REVERSAL,1,2,44.0,213.0,152,22.0,40.0,2
4979,2025-W47,BEST,2025-11-21 11:03:40,2025-11-21 11:03:52,LONG,23993.75,24005.25,REVERSAL,0,1,46.0,226.5,125,46.0,15.0,1
4980,2025-W47,BEST,2025-11-21 11:03:52,2025-11-21 11:04:01,SHORT,24005.25,23993.0,REVERSAL,0,1,49.0,241.5,161,49.0,32.0,2
4981,2025-W47,BEST,2025-11-21 11:08:43,2025-11-21 11:09:03,SHORT,24022.25,24022.0,REVERSAL,1,2,42.0,203.0,366,21.0,40.0,2
4982,2025-W47,BEST,2025-11-21 11:13:24,2025-11-21 11:13:37,SHORT,24084.25,24074.25,REVERSAL,0,1,40.0,196.5,324,40.0,18.0,2
4983,2025-W47,BEST,2025-11-21 11:22:24,2025-11-21 11:22:35,SHORT,24112.75,24102.75,REVERSAL,0,1,40.0,196.5,387,40.0,13.0,3
4984,2025-W47,BEST,2025-11-21 11:27:40,2025-11-21 11:27:41,SHORT,24145.75,24135.75,REVERSAL,0,1,40.0,196.5,34,40.0,0.0,1
4985,2025-W47,BEST,2025-11-21 11:27:50,2025-11-21 11:28:02,LONG,24132.25,24133.75,REVERSAL,1,2,53.0,258.0,304,26.5,41.0,2
4986,2025-W47,BEST,2025-11-21 11:29:02,2025-11-21 11:29:07,LONG,24140.0,24150.0,REVERSAL,0,1,40.0,196.5,144,40.0,2.0,2
4987,2025-W47,BEST,2025-11-21 11:30:13,2025-11-21 11:30:15,SHORT,24192.25,24182.25,REVERSAL,0,1,40.0,196.5,72,40.0,1.0,1
4988,2025-W47,BEST,2025-11-21 11:30:15,2025-11-21 11:30:26,LONG,24182.25,24193.0,REVERSAL,0,1,43.0,211.5,303,43.0,17.0,2
4989,2025-W47,BEST,2025-11-21 11:31:11,2025-11-21 11:31:14,LONG,24169.25,24179.5,REVERSAL,0,1,41.0,201.5,122,41.0,2.0,1
4990,2025-W47,BEST,2025-11-21 11:31:14,2025-11-21 11:31:35,SHORT,24179.5,24169.5,REVERSAL,0,1,40.0,196.5,504,40.0,14.0,3
4991,2025-W47,BEST,2025-11-21 11:34:30,2025-11-21 11:34:33,SHORT,24194.25,24184.0,REVERSAL,0,1,41.0,201.5,114,41.0,2.0,1
4992,2025-W47,BEST,2025-11-21 11:34:33,2025-11-21 11:34:52,LONG,24184.0,24163.0,HARD_STOP,1,2,-126.0,-637.0,326,22.0,63.0,2
4993,2025-W47,BEST,2025-11-21 11:37:30,2025-11-21 11:37:38,SHORT,24223.0,24213.0,REVERSAL,0,1,40.0,196.5,160,40.0,6.0,2
4994,2025-W47,BEST,2025-11-21 11:38:40,2025-11-21 11:38:48,SHORT,24226.25,24216.25,REVERSAL,0,1,40.0,196.5,186,40.0,12.0,1
4995,2025-W47,BEST,2025-11-21 11:38:48,2025-11-21 11:39:10,LONG,24216.25,24196.25,HARD_STOP,1,2,-120.0,-607.0,458,29.0,60.0,3
4996,2025-W47,BEST,2025-11-21 11:39:40,2025-11-21 11:39:47,SHORT,24210.75,24200.75,REVERSAL,0,1,40.0,196.5,131,40.0,0.0,1
4997,2025-W47,BEST,2025-11-21 11:39:47,2025-11-21 11:40:01,LONG,24200.75,24210.75,REVERSAL,0,1,40.0,196.5,160,40.0,9.0,2
4998,2025-W47,BEST,2025-11-21 11:40:27,2025-11-21 11:40:52,LONG,24214.5,24224.75,REVERSAL,0,1,41.0,201.5,334,41.0,37.0,2
4999,2025-W47,BEST,2025-11-21 11:45:42,2025-11-21 11:45:52,LONG,24196.25,24195.5,REVERSAL,1,2,38.0,183.0,241,19.0,44.0,1
5000,2025-W47,BEST,2025-11-21 11:46:25,2025-11-21 11:46:32,SHORT,24222.0,24211.5,REVERSAL,0,1,42.0,206.5,171,42.0,15.0,1
5001,2025-W47,BEST,2025-11-21 11:46:32,2025-11-21 11:47:06,LONG,24211.5,24210.75,REVERSAL,1,2,37.0,178.0,414,23.0,43.0,3
5002,2025-W47,BEST,2025-11-21 11:47:16,2025-11-21 11:47:18,LONG,24201.0,24211.25,REVERSAL,0,1,41.0,201.5,22,41.0,0.0,1
5003,2025-W47,BEST,2025-11-21 11:47:18,2025-11-21 11:47:27,SHORT,24211.25,24211.0,REVERSAL,1,2,42.0,203.0,125,21.0,40.0,1
5004,2025-W47,BEST,2025-11-21 11:48:37,2025-11-21 11:48:55,SHORT,24235.0,24236.0,REVERSAL,1,2,36.0,173.0,278,18.0,44.0,2
5005,2025-W47,BEST,2025-11-21 11:51:20,2025-11-21 11:51:33,SHORT,24265.25,24255.0,REVERSAL,0,1,41.0,201.5,338,41.0,17.0,2
5006,2025-W47,BEST,2025-11-21 11:55:41,2025-11-21 11:55:55,SHORT,24290.75,24280.75,REVERSAL,0,1,40.0,196.5,217,40.0,9.0,2
5007,2025-W47,BEST,2025-11-21 11:56:03,2025-11-21 11:56:11,SHORT,24296.5,24286.5,REVERSAL,0,1,40.0,196.5,221,40.0,14.0,1
5008,2025-W47,BEST,2025-11-21 11:57:46,2025-11-21 11:58:22,SHORT,24330.0,24350.0,HARD_STOP,1,2,-120.0,-607.0,1109,24.0,60.0,5
5009,2025-W47,BEST,2025-11-21 11:59:28,2025-11-21 12:00:03,SHORT,24371.0,24371.0,REVERSAL,1,2,40.0,193.0,1238,33.0,40.0,5
5010,2025-W47,BEST,2025-11-21 12:00:03,2025-11-21 12:00:11,LONG,24371.0,24351.0,HARD_STOP,1,2,-120.0,-607.0,408,1.0,60.0,3
5011,2025-W47,BEST,2025-11-21 12:01:49,2025-11-21 12:02:02,LONG,24328.75,24338.75,REVERSAL,0,1,40.0,196.5,330,40.0,19.0,2
5012,2025-W47,BEST,2025-11-21 12:02:51,2025-11-21 12:03:29,LONG,24318.5,24329.25,REVERSAL,0,1,43.0,211.5,1113,43.0,23.0,5
5013,2025-W47,BEST,2025-11-21 12:04:43,2025-11-21 12:05:08,SHORT,24354.75,24354.75,REVERSAL,1,2,40.0,193.0,583,20.0,40.0,3
5014,2025-W47,BEST,2025-11-21 12:05:08,2025-11-21 12:05:30,LONG,24354.75,24334.5,HARD_STOP,1,2,-121.0,-612.0,443,15.0,60.5,3
5015,2025-W47,BEST,2025-11-21 12:09:09,2025-11-21 12:09:40,SHORT,24367.75,24387.75,HARD_STOP,1,2,-120.0,-607.0,973,14.0,60.0,4
5016,2025-W47,BEST,2025-11-21 12:10:37,2025-11-21 12:10:46,SHORT,24378.75,24368.75,REVERSAL,0,1,40.0,196.5,224,40.0,14.0,1
5017,2025-W47,BEST,2025-11-21 12:10:46,2025-11-21 12:11:01,LONG,24368.75,24380.25,REVERSAL,0,1,46.0,226.5,203,46.0,15.0,2
5018,2025-W47,BEST,2025-11-21 12:11:54,2025-11-21 12:12:00,LONG,24370.75,24380.75,REVERSAL,0,1,40.0,196.5,47,40.0,8.0,1
5019,2025-W47,BEST,2025-11-21 12:12:00,2025-11-21 12:12:02,SHORT,24380.75,24370.75,REVERSAL,0,1,40.0,196.5,43,40.0,2.0,1
5020,2025-W47,BEST,2025-11-21 12:12:02,2025-11-21 12:12:37,LONG,24370.75,24350.5,HARD_STOP,1,2,-121.0,-612.0,541,20.0,60.5,3
5021,2025-W47,BEST,2025-11-21 12:12:52,2025-11-21 12:13:26,SHORT,24356.0,24346.0,REVERSAL,0,1,40.0,196.5,519,40.0,38.0,3
5022,2025-W47,BEST,2025-11-21 12:14:13,2025-11-21 12:14:21,SHORT,24364.0,24354.0,REVERSAL,0,1,40.0,196.5,198,40.0,4.0,1
5023,2025-W47,BEST,2025-11-21 12:14:21,2025-11-21 12:15:09,LONG,24354.0,24365.0,REVERSAL,0,1,44.0,216.5,656,44.0,7.0,4
5024,2025-W47,BEST,2025-11-21 12:15:38,2025-11-21 12:15:54,LONG,24343.0,24353.0,REVERSAL,0,1,40.0,196.5,243,40.0,12.0,1
5025,2025-W47,BEST,2025-11-21 12:15:54,2025-11-21 12:16:11,SHORT,24353.0,24342.5,REVERSAL,0,1,42.0,206.5,259,42.0,32.0,3
5026,2025-W47,BEST,2025-11-21 12:21:07,2025-11-21 12:21:11,SHORT,24344.0,24333.75,REVERSAL,0,1,41.0,201.5,94,41.0,2.0,1
5027,2025-W47,BEST,2025-11-21 12:21:11,2025-11-21 12:21:44,LONG,24333.75,24333.5,REVERSAL,1,2,39.0,188.0,596,26.0,52.5,3
5028,2025-W47,BEST,2025-11-21 12:24:08,2025-11-21 12:25:07,SHORT,24378.25,24368.25,REVERSAL,0,1,40.0,196.5,1086,40.0,29.0,5
5029,2025-W47,BEST,2025-11-21 12:26:14,2025-11-21 12:27:02,SHORT,24384.0,24374.0,REVERSAL,0,1,40.0,196.5,707,40.0,28.0,3
5030,2025-W47,BEST,2025-11-21 12:33:02,2025-11-21 12:33:13,SHORT,24395.0,24385.0,REVERSAL,0,1,40.0,196.5,232,40.0,19.0,1
5031,2025-W47,BEST,2025-11-21 12:33:13,2025-11-21 12:33:22,LONG,24385.0,24395.0,REVERSAL,0,1,40.0,196.5,97,40.0,7.0,2
5032,2025-W47,BEST,2025-11-21 12:34:08,2025-11-21 12:34:19,SHORT,24398.5,24388.5,REVERSAL,0,1,40.0,196.5,268,40.0,9.0,2
5033,2025-W47,BEST,2025-11-21 12:35:00,2025-11-21 12:35:05,LONG,24382.5,24392.5,REVERSAL,0,1,40.0,196.5,90,40.0,10.0,2
5034,2025-W47,BEST,2025-11-21 12:35:24,2025-11-21 12:36:07,LONG,24389.75,24399.75,REVERSAL,0,1,40.0,196.5,582,40.0,33.0,4
5035,2025-W47,BEST,2025-11-21 12:37:07,2025-11-21 12:37:46,SHORT,24407.5,24396.25,REVERSAL,0,1,45.0,221.5,690,45.0,32.0,3
5036,2025-W47,BEST,2025-11-21 12:40:11,2025-11-21 12:41:07,LONG,24372.0,24352.0,HARD_STOP,1,2,-120.0,-607.0,1029,33.0,60.0,5
5037,2025-W47,BEST,2025-11-21 12:45:59,2025-11-21 12:46:10,SHORT,24392.75,24382.5,REVERSAL,0,1,41.0,201.5,87,41.0,20.0,2
5038,2025-W47,BEST,2025-11-21 12:51:54,2025-11-21 12:52:22,LONG,24360.25,24340.25,HARD_STOP,1,2,-120.0,-607.0,471,5.0,60.0,3
5039,2025-W47,BEST,2025-11-21 12:53:13,2025-11-21 12:53:29,SHORT,24356.0,24346.0,REVERSAL,0,1,40.0,196.5,245,40.0,8.0,1
5040,2025-W47,BEST,2025-11-21 12:53:29,2025-11-21 12:53:39,LONG,24346.0,24356.0,REVERSAL,0,1,40.0,196.5,126,40.0,1.0,2
5041,2025-W47,BEST,2025-11-21 12:55:11,2025-11-21 12:56:06,SHORT,24374.5,24373.25,REVERSAL,1,2,50.0,243.0,799,28.0,40.0,4
5042,2025-W47,BEST,2025-11-21 12:58:50,2025-11-21 12:59:09,LONG,24337.75,24347.75,REVERSAL,0,1,40.0,196.5,238,40.0,16.0,1
5043,2025-W47,BEST,2025-11-21 12:59:09,2025-11-21 13:00:29,SHORT,24347.75,24347.75,REVERSAL,1,2,40.0,193.0,1023,20.0,40.0,6
5044,2025-W47,BEST,2025-11-21 13:03:33,2025-11-21 13:03:49,LONG,24322.75,24332.75,REVERSAL,0,1,40.0,196.5,323,40.0,1.0,2
5045,2025-W47,BEST,2025-11-21 13:05:07,2025-11-21 13:05:22,LONG,24277.25,24277.25,REVERSAL,1,2,40.0,193.0,736,20.0,40.0,4
5046,2025-W47,BEST,2025-11-21 13:05:29,2025-11-21 13:05:46,LONG,24271.0,24271.0,REVERSAL,1,2,41.0,198.0,655,20.5,41.0,4
5047,2025-W47,BEST,2025-11-21 13:08:36,2025-11-21 13:09:14,LONG,24262.75,24262.5,REVERSAL,1,2,39.0,188.0,569,19.5,42.5,3
5048,2025-W47,BEST,2025-11-21 13:09:32,2025-11-21 13:09:48,SHORT,24276.75,24266.25,REVERSAL,0,1,42.0,206.5,206,42.0,12.0,1
5049,2025-W47,BEST,2025-11-21 13:09:48,2025-11-21 13:10:26,LONG,24266.25,24246.25,HARD_STOP,1,2,-120.0,-607.0,548,28.0,60.0,4
5050,2025-W47,BEST,2025-11-21 13:13:23,2025-11-21 13:13:33,SHORT,24263.0,24253.0,REVERSAL,0,1,40.0,196.5,200,40.0,16.0,1
5051,2025-W47,BEST,2025-11-21 13:13:33,2025-11-21 13:14:47,LONG,24253.0,24233.0,HARD_STOP,1,2,-120.0,-607.0,857,23.0,60.0,5
5052,2025-W47,BEST,2025-11-21 13:19:26,2025-11-21 13:19:49,SHORT,24238.0,24227.75,REVERSAL,0,1,41.0,201.5,408,41.0,26.0,2
5053,2025-W47,BEST,2025-11-21 13:20:02,2025-11-21 13:20:02,SHORT,24235.25,24225.0,REVERSAL,0,1,41.0,201.5,33,41.0,0.0,1
5054,2025-W47,BEST,2025-11-21 13:20:02,2025-11-21 13:20:05,LONG,24225.0,24235.25,REVERSAL,0,1,41.0,201.5,45,41.0,3.0,1
5055,2025-W47,BEST,2025-11-21 13:20:05,2025-11-21 13:21:18,SHORT,24235.25,24255.75,HARD_STOP,1,2,-124.0,-627.0,1527,28.0,62.0,7
5056,2025-W47,BEST,2025-11-21 13:21:36,2025-11-21 13:22:03,SHORT,24267.75,24257.75,REVERSAL,0,1,40.0,196.5,803,40.0,37.0,4
5057,2025-W47,BEST,2025-11-21 13:22:15,2025-11-21 13:22:54,LONG,24246.75,24256.75,REVERSAL,0,1,40.0,196.5,544,40.0,22.0,3
5058,2025-W47,BEST,2025-11-21 13:26:35,2025-11-21 13:26:52,LONG,24238.0,24248.0,REVERSAL,0,1,40.0,196.5,137,40.0,12.0,1
5059,2025-W47,BEST,2025-11-21 13:30:48,2025-11-21 13:31:18,SHORT,24294.5,24284.5,REVERSAL,0,1,40.0,196.5,701,40.0,20.0,3
5060,2025-W47,BEST,2025-11-21 13:32:27,2025-11-21 13:33:20,SHORT,24327.25,24327.25,REVERSAL,1,2,40.0,193.0,1028,23.0,40.0,5
5061,2025-W47,BEST,2025-11-21 13:33:53,2025-11-21 13:33:55,LONG,24301.25,24311.25,REVERSAL,0,1,40.0,196.5,73,40.0,0.0,1
5062,2025-W47,BEST,2025-11-21 13:33:55,2025-11-21 13:35:30,SHORT,24311.25,24331.25,HARD_STOP,1,2,-120.0,-607.0,1230,33.0,60.0,6
5063,2025-W47,BEST,2025-11-21 13:38:28,2025-11-21 13:40:12,SHORT,24362.0,24361.75,REVERSAL,1,2,42.0,203.0,1338,21.0,43.0,7
5064,2025-W47,BEST,2025-11-21 13:40:37,2025-11-21 13:40:44,LONG,24352.75,24362.75,REVERSAL,0,1,40.0,196.5,98,40.0,0.0,1
5065,2025-W47,BEST,2025-11-21 13:40:44,2025-11-21 13:41:08,SHORT,24362.75,24352.25,REVERSAL,0,1,42.0,206.5,298,42.0,18.0,2
5066,2025-W47,BEST,2025-11-21 13:45:08,2025-11-21 13:46:07,SHORT,24391.0,24381.0,REVERSAL,0,1,40.0,196.5,818,40.0,13.0,4
5067,2025-W47,BEST,2025-11-21 13:46:39,2025-11-21 13:46:49,SHORT,24389.5,24379.25,REVERSAL,0,1,41.0,201.5,74,41.0,0.0,1
5068,2025-W47,BEST,2025-11-21 13:48:19,2025-11-21 13:48:22,SHORT,24441.0,24461.0,HARD_STOP,1,2,-120.0,-607.0,213,2.0,60.0,2
5069,2025-W47,BEST,2025-11-21 13:48:29,2025-11-21 13:48:36,SHORT,24488.5,24509.0,HARD_STOP,1,2,-124.0,-627.0,720,34.0,62.0,3
5070,2025-W47,BEST,2025-11-21 13:48:40,2025-11-21 13:48:43,LONG,24499.25,24479.25,HARD_STOP,1,2,-120.0,-607.0,453,6.0,60.0,3
5071,2025-W47,BEST,2025-11-21 13:48:49,2025-11-21 13:48:57,SHORT,24501.25,24491.0,REVERSAL,0,1,41.0,201.5,494,41.0,14.0,2
5072,2025-W47,BEST,2025-11-21 13:49:00,2025-11-21 13:49:10,SHORT,24499.25,24519.25,HARD_STOP,1,2,-120.0,-607.0,588,37.0,60.0,3
5073,2025-W47,BEST,2025-11-21 13:49:17,2025-11-21 13:49:19,SHORT,24529.75,24519.5,REVERSAL,0,1,41.0,201.5,242,41.0,13.0,1
5074,2025-W47,BEST,2025-11-21 13:49:36,2025-11-21 13:49:40,LONG,24494.75,24505.75,REVERSAL,0,1,44.0,216.5,183,44.0,6.0,1
5075,2025-W47,BEST,2025-11-21 13:49:40,2025-11-21 13:50:01,SHORT,24505.75,24526.0,HARD_STOP,1,2,-122.0,-617.0,871,31.0,61.0,5
5076,2025-W47,BEST,2025-11-21 13:50:57,2025-11-21 13:51:12,SHORT,24541.75,24541.5,REVERSAL,1,2,43.0,208.0,623,27.0,41.0,3
5077,2025-W47,BEST,2025-11-21 13:51:35,2025-11-21 13:51:43,LONG,24529.75,24539.75,REVERSAL,0,1,40.0,196.5,293,40.0,32.0,2
5078,2025-W47,BEST,2025-11-21 13:53:28,2025-11-21 13:53:36,LONG,24506.75,24516.75,REVERSAL,0,1,40.0,196.5,166,40.0,2.0,1
5079,2025-W47,BEST,2025-11-21 13:53:36,2025-11-21 13:54:00,SHORT,24516.75,24506.75,REVERSAL,0,1,40.0,196.5,545,40.0,14.0,3
5080,2025-W47,BEST,2025-11-21 13:54:13,2025-11-21 13:54:19,LONG,24485.25,24495.75,REVERSAL,0,1,42.0,206.5,191,42.0,1.0,1
5081,2025-W47,BEST,2025-11-21 13:54:19,2025-11-21 13:54:31,SHORT,24495.75,24485.75,REVERSAL,0,1,40.0,196.5,205,40.0,14.0,2
5082,2025-W47,BEST,2025-11-21 13:58:04,2025-11-21 13:58:38,LONG,24467.25,24468.0,REVERSAL,1,2,50.0,243.0,563,39.0,44.0,3
5083,2025-W47,BEST,2025-11-21 14:00:21,2025-11-21 14:00:29,SHORT,24499.0,24489.0,REVERSAL,0,1,40.0,196.5,189,40.0,6.0,1
5084,2025-W47,BEST,2025-11-21 14:00:29,2025-11-21 14:00:44,LONG,24489.0,24489.25,REVERSAL,1,2,42.0,203.0,285,21.0,40.0,2
5085,2025-W47,BEST,2025-11-21 14:03:45,2025-11-21 14:03:48,SHORT,24512.0,24501.75,REVERSAL,0,1,41.0,201.5,66,41.0,5.0,1
5086,2025-W47,BEST,2025-11-21 14:03:48,2025-11-21 14:04:01,LONG,24501.75,24512.0,REVERSAL,0,1,41.0,201.5,198,41.0,15.0,2
5087,2025-W47,BEST,2025-11-21 14:04:29,2025-11-21 14:04:37,LONG,24510.0,24520.0,REVERSAL,0,1,40.0,196.5,245,40.0,0.0,2
5088,2025-W47,BEST,2025-11-21 14:06:02,2025-11-21 14:06:10,LONG,24515.0,24525.0,REVERSAL,0,1,40.0,196.5,233,40.0,38.0,1
5089,2025-W47,BEST,2025-11-21 14:06:10,2025-11-21 14:06:18,SHORT,24525.0,24524.0,REVERSAL,1,2,48.0,233.0,296,24.0,40.0,3
5090,2025-W47,BEST,2025-11-21 14:07:40,2025-11-21 14:07:45,SHORT,24553.25,24543.0,REVERSAL,0,1,41.0,201.5,134,41.0,1.0,1
5091,2025-W47,BEST,2025-11-21 14:07:45,2025-11-21 14:08:52,LONG,24543.0,24543.0,REVERSAL,1,2,40.0,193.0,1162,30.0,40.0,6
5092,2025-W47,BEST,2025-11-21 14:09:24,2025-11-21 14:09:38,SHORT,24561.25,24551.25,REVERSAL,0,1,40.0,196.5,314,40.0,5.0,2
5093,2025-W47,BEST,2025-11-21 14:10:10,2025-11-21 14:10:16,SHORT,24565.5,24555.5,REVERSAL,0,1,40.0,196.5,95,40.0,0.0,1
5094,2025-W47,BEST,2025-11-21 14:10:16,2025-11-21 14:10:53,LONG,24555.5,24555.0,REVERSAL,1,2,38.0,183.0,653,19.0,42.0,3
5095,2025-W47,BEST,2025-11-21 14:18:14,2025-11-21 14:18:19,LONG,24523.75,24534.0,REVERSAL,0,1,41.0,201.5,69,41.0,2.0,1
5096,2025-W47,BEST,2025-11-21 14:18:19,2025-11-21 14:19:09,SHORT,24534.0,24554.25,HARD_STOP,1,2,-121.0,-612.0,615,16.0,60.5,3
5097,2025-W47,BEST,2025-11-21 14:19:59,2025-11-21 14:20:11,LONG,24552.0,24562.0,REVERSAL,0,1,40.0,196.5,293,40.0,33.0,2
5098,2025-W47,BEST,2025-11-21 14:22:20,2025-11-21 14:23:14,SHORT,24592.75,24582.75,REVERSAL,0,1,40.0,196.5,708,40.0,8.0,3
5099,2025-W47,BEST,2025-11-21 14:24:15,2025-11-21 14:24:35,LONG,24572.75,24583.25,REVERSAL,0,1,42.0,206.5,269,42.0,12.0,2
5100,2025-W47,BEST,2025-11-21 14:25:38,2025-11-21 14:26:00,SHORT,24593.5,24583.5,REVERSAL,0,1,40.0,196.5,324,40.0,11.0,2
5101,2025-W47,BEST,2025-11-21 14:31:08,2025-11-21 14:31:40,LONG,24563.5,24573.5,REVERSAL,0,1,40.0,196.5,745,40.0,30.0,3
5102,2025-W47,BEST,2025-11-21 14:33:32,2025-11-21 14:33:40,LONG,24521.25,24531.25,REVERSAL,0,1,40.0,196.5,174,40.0,1.0,1
5103,2025-W47,BEST,2025-11-21 14:33:40,2025-11-21 14:34:49,SHORT,24531.25,24521.25,REVERSAL,0,1,40.0,196.5,1158,40.0,28.0,6
5104,2025-W47,BEST,2025-11-21 14:40:19,2025-11-21 14:40:26,SHORT,24577.75,24567.75,REVERSAL,0,1,40.0,196.5,309,40.0,21.0,2
5105,2025-W47,BEST,2025-11-21 14:44:24,2025-11-21 14:44:50,LONG,24499.5,24510.5,REVERSAL,0,1,44.0,216.5,515,44.0,14.0,3
5106,2025-W47,BEST,2025-11-21 14:45:11,2025-11-21 14:45:17,LONG,24498.0,24508.0,REVERSAL,0,1,40.0,196.5,131,40.0,4.0,1
5107,2025-W47,BEST,2025-11-21 14:45:17,2025-11-21 14:45:40,SHORT,24508.0,24497.75,REVERSAL,0,1,41.0,201.5,304,41.0,3.0,2
5108,2025-W47,BEST,2025-11-21 14:46:26,2025-11-21 14:46:46,LONG,24483.25,24493.75,REVERSAL,0,1,42.0,206.5,420,42.0,13.0,2
5109,2025-W47,BEST,2025-11-21 14:47:23,2025-11-21 14:47:39,LONG,24473.75,24484.0,REVERSAL,0,1,41.0,201.5,284,41.0,4.0,2
5110,2025-W47,BEST,2025-11-21 14:57:18,2025-11-21 14:57:36,LONG,24433.75,24444.0,REVERSAL,0,1,41.0,201.5,218,41.0,17.0,1
5111,2025-W47,BEST,2025-11-21 14:57:36,2025-11-21 14:59:01,SHORT,24444.0,24444.5,REVERSAL,1,2,39.0,188.0,700,20.0,43.0,4
5112,2025-W47,BEST,2025-11-21 14:59:37,2025-11-21 15:00:37,SHORT,24458.0,24478.0,HARD_STOP,1,2,-120.0,-607.0,1151,22.0,60.0,5
5113,2025-W47,BEST,2025-11-21 15:00:53,2025-11-21 15:01:24,LONG,24469.25,24469.0,REVERSAL,1,2,39.0,188.0,374,19.5,51.5,3
5114,2025-W47,BEST,2025-11-21 15:05:09,2025-11-21 15:06:05,LONG,24450.5,24460.5,REVERSAL,0,1,40.0,196.5,679,40.0,34.0,3
5115,2025-W47,BEST,2025-11-21 15:06:50,2025-11-21 15:07:21,LONG,24451.0,24461.0,REVERSAL,0,1,40.0,196.5,243,40.0,16.0,1
5116,2025-W47,BEST,2025-11-21 15:07:21,2025-11-21 15:08:18,SHORT,24461.0,24451.0,REVERSAL,0,1,40.0,196.5,470,40.0,27.0,3
5117,2025-W47,BEST,2025-11-21 15:08:32,2025-11-21 15:10:26,SHORT,24461.25,24460.25,REVERSAL,1,2,48.0,233.0,988,24.0,46.0,5
5118,2025-W47,BEST,2025-11-21 15:15:18,2025-11-21 15:15:29,SHORT,24483.25,24472.5,REVERSAL,0,1,43.0,211.5,80,43.0,0.0,1
5119,2025-W47,BEST,2025-11-21 15:15:29,2025-11-21 15:16:54,LONG,24472.5,24483.25,REVERSAL,0,1,43.0,211.5,756,43.0,39.0,4
5120,2025-W47,BEST,2025-11-21 15:19:00,2025-11-21 15:19:06,LONG,24482.25,24492.75,REVERSAL,0,1,42.0,206.5,68,42.0,6.0,1
5121,2025-W47,BEST,2025-11-21 15:19:06,2025-11-21 15:20:00,SHORT,24492.75,24482.5,REVERSAL,0,1,41.0,201.5,421,41.0,7.0,3
5122,2025-W47,BEST,2025-11-21 15:20:52,2025-11-21 15:22:12,SHORT,24483.0,24472.75,REVERSAL,0,1,41.0,201.5,549,41.0,22.0,3
5123,2025-W47,BEST,2025-11-21 15:23:46,2025-11-21 15:24:12,LONG,24453.75,24433.75,HARD_STOP,1,2,-120.0,-607.0,618,8.0,60.0,3
5124,2025-W47,BEST,2025-11-21 15:24:17,2025-11-21 15:24:30,LONG,24428.5,24439.0,REVERSAL,0,1,42.0,206.5,193,42.0,2.0,1
5125,2025-W47,BEST,2025-11-21 15:24:30,2025-11-21 15:25:44,SHORT,24439.0,24438.75,REVERSAL,1,2,42.0,203.0,1077,21.0,59.0,6
5126,2025-W47,BEST,2025-11-21 15:25:44,2025-11-21 15:25:57,LONG,24438.75,24449.25,REVERSAL,0,1,42.0,206.5,141,42.0,18.0,1
5127,2025-W47,BEST,2025-11-21 15:29:00,2025-11-21 15:30:00,LONG,24403.0,24383.0,HARD_STOP,1,2,-120.0,-607.0,903,7.0,60.0,5
5128,2025-W47,BEST,2025-11-21 15:30:01,2025-11-21 15:30:04,LONG,24368.0,24378.0,REVERSAL,0,1,40.0,196.5,152,40.0,4.0,1
5129,2025-W47,BEST,2025-11-21 15:30:05,2025-11-21 15:30:15,SHORT,24388.25,24378.25,REVERSAL,0,1,40.0,196.5,302,40.0,8.0,3
5130,2025-W47,BEST,2025-11-21 15:30:15,2025-11-21 15:31:09,LONG,24378.25,24378.25,REVERSAL,1,2,40.0,193.0,1439,33.0,40.0,6
5131,2025-W47,BEST,2025-11-21 15:32:02,2025-11-21 15:32:07,SHORT,24370.75,24360.5,REVERSAL,0,1,41.0,201.5,52,41.0,0.0,1
5132,2025-W47,BEST,2025-11-21 15:32:07,2025-11-21 15:33:07,LONG,24360.5,24370.5,REVERSAL,0,1,40.0,196.5,1032,40.0,30.0,5
5133,2025-W47,BEST,2025-11-21 15:33:47,2025-11-21 15:33:56,SHORT,24399.5,24389.25,REVERSAL,0,1,41.0,201.5,291,41.0,3.0,2
5134,2025-W47,BEST,2025-11-21 15:38:15,2025-11-21 15:38:19,SHORT,24426.5,24416.5,REVERSAL,0,1,40.0,196.5,40,40.0,3.0,1
5135,2025-W47,BEST,2025-11-21 15:38:19,2025-11-21 15:39:41,LONG,24416.5,24426.5,REVERSAL,0,1,40.0,196.5,627,40.0,14.0,3
5136,2025-W47,BEST,2025-11-21 15:44:24,2025-11-21 15:44:56,LONG,24380.0,24390.0,REVERSAL,0,1,40.0,196.5,375,40.0,17.0,2
5137,2025-W47,BEST,2025-11-21 15:45:59,2025-11-21 15:46:24,SHORT,24403.5,24403.5,REVERSAL,1,2,40.0,193.0,431,20.0,40.0,2
5138,2025-W47,BEST,2025-11-21 15:49:12,2025-11-21 15:49:21,SHORT,24428.75,24418.75,REVERSAL,0,1,40.0,196.5,87,40.0,6.0,1
5139,2025-W47,BEST,2025-11-21 15:49:21,2025-11-21 15:49:50,LONG,24418.75,24412.75,EOD_FLATTEN,0,1,-24.0,-123.5,302,25.0,32.0,2
5140,2025-W48,LOW,2025-11-24 09:30:06,2025-11-24 09:30:09,SHORT,24549.0,24539.0,REVERSAL,0,1,40.0,196.5,326,40.0,16.0,2
5141,2025-W48,LOW,2025-11-24 09:30:19,2025-11-24 09:30:23,SHORT,24536.0,24526.0,REVERSAL,0,1,40.0,196.5,272,40.0,7.0,2
5142,2025-W48,LOW,2025-11-24 09:31:06,2025-11-24 09:31:09,SHORT,24580.25,24570.0,REVERSAL,0,1,41.0,201.5,206,41.0,10.0,1
5143,2025-W48,LOW,2025-11-24 09:31:09,2025-11-24 09:31:12,LONG,24570.0,24580.0,REVERSAL,0,1,40.0,196.5,222,40.0,15.0,2
5144,2025-W48,LOW,2025-11-24 09:31:25,2025-11-24 09:31:28,LONG,24566.0,24576.25,REVERSAL,0,1,41.0,201.5,129,41.0,4.0,1
5145,2025-W48,LOW,2025-11-24 09:31:28,2025-11-24 09:31:36,SHORT,24576.25,24566.25,REVERSAL,0,1,40.0,196.5,310,40.0,7.0,2
5146,2025-W48,LOW,2025-11-24 09:35:09,2025-11-24 09:35:17,SHORT,24699.75,24689.5,REVERSAL,0,1,41.0,201.5,631,41.0,0.0,3
5147,2025-W48,LOW,2025-11-24 09:35:38,2025-11-24 09:35:45,SHORT,24720.5,24710.5,REVERSAL,0,1,40.0,196.5,440,40.0,5.0,2
5148,2025-W48,LOW,2025-11-24 09:35:51,2025-11-24 09:35:57,SHORT,24719.5,24709.5,REVERSAL,0,1,40.0,196.5,261,40.0,5.0,2
5149,2025-W48,LOW,2025-11-24 09:36:22,2025-11-24 09:36:24,LONG,24685.75,24695.75,REVERSAL,0,1,40.0,196.5,96,40.0,5.0,1
5150,2025-W48,LOW,2025-11-24 09:36:24,2025-11-24 09:37:24,SHORT,24695.75,24695.25,REVERSAL,1,2,44.0,213.0,1829,22.0,59.0,8
5151,2025-W48,LOW,2025-11-24 09:38:07,2025-11-24 09:38:12,LONG,24670.25,24680.5,REVERSAL,0,1,41.0,201.5,226,41.0,11.0,1
5152,2025-W48,LOW,2025-11-24 09:38:12,2025-11-24 09:38:36,SHORT,24680.5,24680.0,REVERSAL,1,2,44.0,213.0,719,22.0,52.0,4
5153,2025-W48,LOW,2025-11-24 09:39:06,2025-11-24 09:39:40,LONG,24667.0,24647.0,HARD_STOP,1,2,-120.0,-607.0,1130,31.0,60.0,5
5154,2025-W48,LOW,2025-11-24 09:40:37,2025-11-24 09:41:02,LONG,24632.0,24632.25,REVERSAL,1,2,42.0,203.0,1117,29.0,40.0,5
5155,2025-W48,LOW,2025-11-24 09:44:44,2025-11-24 09:44:47,LONG,24614.25,24624.25,REVERSAL,0,1,40.0,196.5,131,40.0,7.0,1
5156,2025-W48,LOW,2025-11-24 09:44:47,2025-11-24 09:45:00,SHORT,24624.25,24614.25,REVERSAL,0,1,40.0,196.5,452,40.0,26.0,3
5157,2025-W48,LOW,2025-11-24 09:45:21,2025-11-24 09:45:32,SHORT,24654.25,24644.0,REVERSAL,0,1,41.0,201.5,397,41.0,38.0,2
5158,2025-W48,LOW,2025-11-24 09:45:36,2025-11-24 09:45:36,LONG,24636.0,24646.25,REVERSAL,0,1,41.0,201.5,37,41.0,2.0,1
5159,2025-W48,LOW,2025-11-24 09:46:37,2025-11-24 09:46:42,LONG,24628.5,24638.75,REVERSAL,0,1,41.0,201.5,150,41.0,32.0,1
5160,2025-W48,LOW,2025-11-24 09:46:47,2025-11-24 09:46:52,SHORT,24645.0,24635.0,REVERSAL,0,1,40.0,196.5,100,40.0,9.0,2
5161,2025-W48,LOW,2025-11-24 09:48:20,2025-11-24 09:48:30,SHORT,24684.0,24674.0,REVERSAL,0,1,40.0,196.5,283,40.0,22.0,2
5162,2025-W48,LOW,2025-11-24 09:49:28,2025-11-24 09:49:30,LONG,24624.75,24634.75,REVERSAL,0,1,40.0,196.5,142,40.0,19.0,1
5163,2025-W48,LOW,2025-11-24 09:49:30,2025-11-24 09:49:38,SHORT,24634.75,24624.75,REVERSAL,0,1,40.0,196.5,207,40.0,14.0,2
5164,2025-W48,LOW,2025-11-24 09:50:15,2025-11-24 09:50:33,LONG,24588.0,24598.25,REVERSAL,0,1,41.0,201.5,1021,41.0,32.0,5
5165,2025-W48,LOW,2025-11-24 09:50:36,2025-11-24 09:50:38,SHORT,24602.0,24592.0,REVERSAL,0,1,40.0,196.5,125,40.0,4.0,1
5166,2025-W48,LOW,2025-11-24 09:53:45,2025-11-24 09:53:49,SHORT,24662.75,24652.5,REVERSAL,0,1,41.0,201.5,66,41.0,13.0,1
5167,2025-W48,LOW,2025-11-24 09:53:49,2025-11-24 09:53:52,LONG,24652.5,24662.5,REVERSAL,0,1,40.0,196.5,44,40.0,0.0,2
5168,2025-W48,LOW,2025-11-24 09:54:11,2025-11-24 09:54:15,SHORT,24678.5,24668.5,REVERSAL,0,1,40.0,196.5,177,40.0,11.0,1
5169,2025-W48,LOW,2025-11-24 09:54:15,2025-11-24 09:54:39,LONG,24668.5,24648.5,HARD_STOP,1,2,-120.0,-607.0,488,21.0,60.0,3
5170,2025-W48,LOW,2025-11-24 09:57:04,2025-11-24 09:57:15,SHORT,24660.0,24650.0,REVERSAL,0,1,40.0,196.5,166,40.0,10.0,1
5171,2025-W48,LOW,2025-11-24 09:57:15,2025-11-24 09:57:22,LONG,24650.0,24650.0,REVERSAL,1,2,40.0,193.0,128,20.0,40.0,2
5172,2025-W48,LOW,2025-11-24 09:57:48,2025-11-24 09:57:51,SHORT,24659.75,24649.0,REVERSAL,0,1,43.0,211.5,43,43.0,4.0,1
5173,2025-W48,LOW,2025-11-24 09:57:51,2025-11-24 09:57:54,LONG,24649.0,24660.75,REVERSAL,0,1,47.0,231.5,20,47.0,1.0,1
5174,2025-W48,LOW,2025-11-24 09:57:54,2025-11-24 09:58:01,SHORT,24660.75,24650.5,REVERSAL,0,1,41.0,201.5,143,41.0,3.0,1
5175,2025-W48,LOW,2025-11-24 09:58:01,2025-11-24 09:58:13,LONG,24650.5,24660.75,REVERSAL,0,1,41.0,201.5,203,41.0,23.0,2
5176,2025-W48,LOW,2025-11-24 09:59:32,2025-11-24 09:59:34,SHORT,24671.25,24661.25,REVERSAL,0,1,40.0,196.5,33,40.0,1.0,1
5177,2025-W48,LOW,2025-11-24 09:59:39,2025-11-24 09:59:46,LONG,24652.75,24662.75,REVERSAL,0,1,40.0,196.5,62,40.0,0.0,1
5178,2025-W48,LOW,2025-11-24 10:00:03,2025-11-24 10:00:34,SHORT,24699.75,24699.75,REVERSAL,1,2,40.0,193.0,1738,31.0,48.0,7
5179,2025-W48,LOW,2025-11-24 10:00:34,2025-11-24 10:00:38,LONG,24699.75,24710.0,REVERSAL,0,1,41.0,201.5,97,41.0,4.0,2
5180,2025-W48,LOW,2025-11-24 10:01:38,2025-11-24 10:01:48,LONG,24698.75,24708.75,REVERSAL,0,1,40.0,196.5,172,40.0,13.0,1
5181,2025-W48,LOW,2025-11-24 10:01:48,2025-11-24 10:02:01,SHORT,24708.75,24728.75,HARD_STOP,1,2,-120.0,-607.0,738,1.0,60.0,4
5182,2025-W48,LOW,2025-11-24 10:02:41,2025-11-24 10:03:15,SHORT,24735.25,24725.0,REVERSAL,0,1,41.0,201.5,1031,41.0,30.0,5
5183,2025-W48,LOW,2025-11-24 10:05:06,2025-11-24 10:05:09,SHORT,24742.75,24732.5,REVERSAL,0,1,41.0,201.5,105,41.0,1.0,1
5184,2025-W48,LOW,2025-11-24 10:05:09,2025-11-24 10:05:14,LONG,24732.5,24742.75,REVERSAL,0,1,41.0,201.5,178,41.0,7.0,2
5185,2025-W48,LOW,2025-11-24 10:07:59,2025-11-24 10:08:11,LONG,24731.5,24732.25,REVERSAL,1,2,46.0,223.0,332,23.0,40.0,2
5186,2025-W48,LOW,2025-11-24 10:10:07,2025-11-24 10:10:15,SHORT,24725.0,24715.0,REVERSAL,0,1,40.0,196.5,177,40.0,16.0,1
5187,2025-W48,LOW,2025-11-24 10:12:02,2025-11-24 10:12:27,LONG,24678.75,24678.75,REVERSAL,1,2,40.0,193.0,821,20.0,40.0,4
5188,2025-W48,LOW,2025-11-24 10:12:51,2025-11-24 10:12:54,SHORT,24713.75,24703.75,REVERSAL,0,1,40.0,196.5,129,40.0,3.0,1
5189,2025-W48,LOW,2025-11-24 10:12:54,2025-11-24 10:13:18,LONG,24703.75,24713.75,REVERSAL,0,1,40.0,196.5,572,40.0,12.0,3
5190,2025-W48,LOW,2025-11-24 10:14:36,2025-11-24 10:15:24,SHORT,24741.5,24741.75,REVERSAL,1,2,39.0,188.0,1501,33.0,41.0,7
5191,2025-W48,LOW,2025-11-24 10:15:33,2025-11-24 10:15:35,LONG,24732.5,24742.5,REVERSAL,0,1,40.0,196.5,48,40.0,0.0,1
5192,2025-W48,LOW,2025-11-24 10:15:35,2025-11-24 10:15:42,SHORT,24742.5,24732.5,REVERSAL,0,1,40.0,196.5,112,40.0,7.0,1
5193,2025-W48,LOW,2025-11-24 10:15:42,2025-11-24 10:15:44,LONG,24732.5,24742.5,REVERSAL,0,1,40.0,196.5,70,40.0,2.0,1
5194,2025-W48,LOW,2025-11-24 10:15:44,2025-11-24 10:16:01,SHORT,24742.5,24732.5,REVERSAL,0,1,40.0,196.5,294,40.0,4.0,3
5195,2025-W48,LOW,2025-11-24 10:16:41,2025-11-24 10:17:23,SHORT,24739.0,24728.75,REVERSAL,0,1,41.0,201.5,751,41.0,28.0,4
5196,2025-W48,LOW,2025-11-24 10:19:09,2025-11-24 10:19:16,SHORT,24733.0,24722.75,REVERSAL,0,1,41.0,201.5,138,41.0,6.0,1
5197,2025-W48,LOW,2025-11-24 10:19:16,2025-11-24 10:19:51,LONG,24722.75,24702.25,HARD_STOP,1,2,-121.0,-612.0,774,34.0,60.5,4
5198,2025-W48,LOW,2025-11-24 10:21:38,2025-11-24 10:22:25,SHORT,24725.5,24725.75,REVERSAL,1,2,39.0,188.0,1129,32.0,42.5,5
5199,2025-W48,LOW,2025-11-24 10:23:10,2025-11-24 10:23:14,SHORT,24747.5,24737.5,REVERSAL,0,1,40.0,196.5,160,40.0,6.0,1
5200,2025-W48,LOW,2025-11-24 10:23:14,2025-11-24 10:24:01,LONG,24737.5,24717.5,HARD_STOP,1,2,-120.0,-607.0,1127,36.0,60.0,6
5201,2025-W48,LOW,2025-11-24 10:24:44,2025-11-24 10:24:56,LONG,24696.5,24706.75,REVERSAL,0,1,41.0,201.5,532,41.0,15.0,3
5202,2025-W48,LOW,2025-11-24 10:25:19,2025-11-24 10:25:25,LONG,24684.25,24695.0,REVERSAL,0,1,43.0,211.5,266,43.0,12.0,2
5203,2025-W48,LOW,2025-11-24 10:26:01,2025-11-24 10:26:19,LONG,24697.25,24707.25,REVERSAL,0,1,40.0,196.5,446,40.0,37.0,2
5204,2025-W48,LOW,2025-11-24 10:26:50,2025-11-24 10:27:04,LONG,24699.25,24709.25,REVERSAL,0,1,40.0,196.5,346,40.0,13.0,2
5205,2025-W48,LOW,2025-11-24 10:27:22,2025-11-24 10:28:03,SHORT,24728.75,24728.75,REVERSAL,1,2,40.0,193.0,934,31.0,40.0,4
5206,2025-W48,LOW,2025-11-24 10:28:19,2025-11-24 10:29:03,SHORT,24747.75,24737.75,REVERSAL,0,1,40.0,196.5,1058,40.0,17.0,5
5207,2025-W48,LOW,2025-11-24 10:30:35,2025-11-24 10:30:58,LONG,24717.75,24727.75,REVERSAL,0,1,40.0,196.5,471,40.0,28.0,2
5208,2025-W48,LOW,2025-11-24 10:37:32,2025-11-24 10:37:38,LONG,24753.5,24763.5,REVERSAL,0,1,40.0,196.5,138,40.0,11.0,1
5209,2025-W48,LOW,2025-11-24 10:37:38,2025-11-24 10:38:06,SHORT,24763.5,24753.5,REVERSAL,0,1,40.0,196.5,410,40.0,19.0,3
5210,2025-W48,LOW,2025-11-24 10:45:46,2025-11-24 10:46:24,SHORT,24816.5,24806.5,REVERSAL,0,1,40.0,196.5,530,40.0,0.0,3
5211,2025-W48,LOW,2025-11-24 10:49:42,2025-11-24 10:51:03,SHORT,24809.0,24799.0,REVERSAL,0,1,40.0,196.5,1368,40.0,21.0,6
5212,2025-W48,LOW,2025-11-24 10:54:48,2025-11-24 10:55:59,LONG,24785.25,24765.25,HARD_STOP,1,2,-120.0,-607.0,1918,18.0,60.0,8
5213,2025-W48,LOW,2025-11-24 11:00:14,2025-11-24 11:02:38,SHORT,24792.5,24812.5,HARD_STOP,1,2,-120.0,-607.0,2102,28.0,60.0,9
5214,2025-W48,LOW,2025-11-24 11:07:22,2025-11-24 11:10:23,SHORT,24841.75,24842.0,REVERSAL,1,2,39.0,188.0,3722,24.0,56.5,15
5215,2025-W48,LOW,2025-11-24 11:10:39,2025-11-24 11:11:04,SHORT,24851.5,24841.25,REVERSAL,0,1,41.0,201.5,332,41.0,0.0,3
5216,2025-W48,LOW,2025-11-24 11:13:26,2025-11-24 11:15:21,SHORT,24864.25,24854.25,REVERSAL,0,1,40.0,196.5,1841,40.0,19.0,8
5217,2025-W48,LOW,2025-11-24 11:17:54,2025-11-24 11:26:40,SHORT,24869.25,24859.25,REVERSAL,0,1,40.0,196.5,6682,40.0,35.0,28
5218,2025-W48,LOW,2025-11-24 11:29:42,2025-11-24 11:30:30,LONG,24861.5,24871.5,REVERSAL,0,1,40.0,196.5,782,40.0,11.0,4
5219,2025-W48,LOW,2025-11-24 11:33:31,2025-11-24 11:33:49,LONG,24842.0,24852.0,REVERSAL,0,1,40.0,196.5,371,40.0,8.0,2
5220,2025-W48,LOW,2025-11-24 11:34:35,2025-11-24 11:35:00,SHORT,24870.0,24860.0,REVERSAL,0,1,40.0,196.5,305,40.0,4.0,2
5221,2025-W48,LOW,2025-11-24 11:35:32,2025-11-24 11:36:00,LONG,24846.5,24856.75,REVERSAL,0,1,41.0,201.5,292,41.0,0.0,2
5222,2025-W48,LOW,2025-11-24 11:36:23,2025-11-24 11:41:08,LONG,24853.5,24863.5,REVERSAL,0,1,40.0,196.5,3179,40.0,33.0,14
5223,2025-W48,LOW,2025-11-24 11:45:44,2025-11-24 11:46:51,SHORT,24888.25,24878.0,REVERSAL,0,1,41.0,201.5,1157,41.0,5.0,5
5224,2025-W48,LOW,2025-11-24 12:00:23,2025-11-24 12:00:56,SHORT,24865.5,24855.25,REVERSAL,0,1,41.0,201.5,415,41.0,0.0,2
5225,2025-W48,LOW,2025-11-24 12:01:19,2025-11-24 12:02:08,SHORT,24861.25,24851.0,REVERSAL,0,1,41.0,201.5,578,41.0,22.0,4
5226,2025-W48,LOW,2025-11-24 12:04:48,2025-11-24 12:05:02,LONG,24839.5,24849.5,REVERSAL,0,1,40.0,196.5,185,40.0,2.0,1
5227,2025-W48,LOW,2025-11-24 12:05:02,2025-11-24 12:05:26,SHORT,24849.5,24839.5,REVERSAL,0,1,40.0,196.5,250,40.0,4.0,2
5228,2025-W48,LOW,2025-11-24 12:10:09,2025-11-24 12:11:02,SHORT,24844.25,24834.25,REVERSAL,0,1,40.0,196.5,525,40.0,11.0,3
5229,2025-W48,LOW,2025-11-24 12:11:28,2025-11-24 12:12:39,SHORT,24841.0,24831.0,REVERSAL,0,1,40.0,196.5,492,40.0,11.0,3
5230,2025-W48,LOW,2025-11-24 12:16:48,2025-11-24 12:22:29,SHORT,24870.25,24890.25,HARD_STOP,1,2,-120.0,-607.0,3915,27.0,60.0,16
5231,2025-W48,LOW,2025-11-24 12:26:00,2025-11-24 12:31:22,SHORT,24883.0,24883.0,REVERSAL,1,2,40.0,193.0,3131,39.0,40.0,13
5232,2025-W48,LOW,2025-11-24 12:33:17,2025-11-24 12:35:09,SHORT,24895.75,24885.75,REVERSAL,0,1,40.0,196.5,718,40.0,2.0,3
5233,2025-W48,LOW,2025-11-24 12:36:00,2025-11-24 12:39:59,SHORT,24894.5,24914.5,HARD_STOP,1,2,-120.0,-607.0,4748,24.0,60.0,19
5234,2025-W48,LOW,2025-11-24 12:40:01,2025-11-24 12:40:03,LONG,24914.75,24925.0,REVERSAL,0,1,41.0,201.5,155,41.0,1.0,2
5235,2025-W48,LOW,2025-11-24 12:40:16,2025-11-24 12:41:44,SHORT,24931.0,24921.0,REVERSAL,0,1,40.0,196.5,2817,40.0,16.0,12
5236,2025-W48,LOW,2025-11-24 12:42:17,2025-11-24 12:45:34,LONG,24914.75,24924.75,REVERSAL,0,1,40.0,196.5,2628,40.0,21.0,12
5237,2025-W48,LOW,2025-11-24 12:49:05,2025-11-24 12:50:26,LONG,24924.25,24934.25,REVERSAL,0,1,40.0,196.5,736,40.0,11.0,3
5238,2025-W48,LOW,2025-11-24 12:54:19,2025-11-24 12:55:00,SHORT,24937.25,24927.25,REVERSAL,0,1,40.0,196.5,463,40.0,10.0,2
5239,2025-W48,LOW,2025-11-24 12:56:46,2025-11-24 13:00:19,LONG,24918.0,24928.0,REVERSAL,0,1,40.0,196.5,2243,40.0,23.0,10
5240,2025-W48,LOW,2025-11-24 13:06:01,2025-11-24 13:16:38,SHORT,24934.0,24934.0,REVERSAL,1,2,40.0,193.0,6686,28.0,59.0,27
5241,2025-W48,LOW,2025-11-24 13:33:10,2025-11-24 13:34:02,SHORT,24939.75,24929.75,REVERSAL,0,1,40.0,196.5,384,40.0,0.0,2
5242,2025-W48,LOW,2025-11-24 13:36:43,2025-11-24 13:37:23,SHORT,24937.5,24927.25,REVERSAL,0,1,41.0,201.5,353,41.0,6.0,2
5243,2025-W48,LOW,2025-11-24 13:42:09,2025-11-24 13:46:52,SHORT,24929.25,24929.25,REVERSAL,1,2,40.0,193.0,1804,20.0,40.0,8
5244,2025-W48,LOW,2025-11-24 13:49:18,2025-11-24 13:50:05,SHORT,24940.25,24930.25,REVERSAL,0,1,40.0,196.5,602,40.0,2.0,3
5245,2025-W48,LOW,2025-11-24 13:54:38,2025-11-24 13:57:21,SHORT,24936.75,24926.75,REVERSAL,0,1,40.0,196.5,1398,40.0,9.0,7
5246,2025-W48,LOW,2025-11-24 14:03:20,2025-11-24 14:17:28,SHORT,24944.75,24944.75,REVERSAL,1,2,40.0,193.0,7222,23.0,45.0,29
5247,2025-W48,LOW,2025-11-24 14:22:40,2025-11-24 14:30:51,LONG,24940.25,24920.25,HARD_STOP,1,2,-120.0,-607.0,4695,27.0,60.0,19
5248,2025-W48,LOW,2025-11-24 14:34:41,2025-11-24 14:37:39,LONG,24907.0,24917.0,REVERSAL,0,1,40.0,196.5,2749,40.0,20.0,11
5249,2025-W48,LOW,2025-11-24 14:42:47,2025-11-24 14:50:28,LONG,24921.5,24921.75,REVERSAL,1,2,42.0,203.0,4240,21.0,43.0,18
5250,2025-W48,LOW,2025-11-24 14:55:10,2025-11-24 14:56:49,SHORT,24914.0,24914.0,REVERSAL,1,2,40.0,193.0,1902,24.0,42.0,8
5251,2025-W48,LOW,2025-11-24 14:57:53,2025-11-24 14:58:21,SHORT,24921.0,24910.75,REVERSAL,0,1,41.0,201.5,359,41.0,7.0,2
5252,2025-W48,LOW,2025-11-24 15:00:08,2025-11-24 15:03:43,SHORT,24919.25,24939.25,HARD_STOP,1,2,-120.0,-607.0,3121,26.0,60.0,13
5253,2025-W48,LOW,2025-11-24 15:04:47,2025-11-24 15:10:00,SHORT,24947.5,24937.25,REVERSAL,0,1,41.0,201.5,3548,41.0,14.0,15
5254,2025-W48,LOW,2025-11-24 15:13:29,2025-11-24 15:14:02,SHORT,24951.5,24941.5,REVERSAL,0,1,40.0,196.5,467,40.0,2.0,2
5255,2025-W48,LOW,2025-11-24 15:30:16,2025-11-24 15:31:18,LONG,24929.25,24939.5,REVERSAL,0,1,41.0,201.5,743,41.0,10.0,4
5256,2025-W48,LOW,2025-11-24 15:33:33,2025-11-24 15:49:00,SHORT,24949.25,24949.25,REVERSAL,1,2,40.0,193.0,11205,37.0,57.0,45
5257,2025-W48,LOW,2025-11-25 09:30:01,2025-11-25 09:30:02,LONG,24843.5,24854.0,REVERSAL,0,1,42.0,206.5,426,42.0,0.0,2
5258,2025-W48,LOW,2025-11-25 09:30:28,2025-11-25 09:31:01,LONG,24831.0,24831.0,REVERSAL,1,2,40.0,193.0,2568,36.0,40.0,11
5259,2025-W48,LOW,2025-11-25 09:31:08,2025-11-25 09:31:11,SHORT,24853.75,24843.25,REVERSAL,0,1,42.0,206.5,172,42.0,14.0,1
5260,2025-W48,LOW,2025-11-25 09:31:11,2025-11-25 09:31:22,LONG,24843.25,24843.25,REVERSAL,1,2,40.0,193.0,660,20.0,40.0,4
5261,2025-W48,LOW,2025-11-25 09:31:39,2025-11-25 09:32:10,LONG,24835.0,24845.0,REVERSAL,0,1,40.0,196.5,1145,40.0,21.0,5
5262,2025-W48,LOW,2025-11-25 09:32:14,2025-11-25 09:32:34,LONG,24836.25,24846.25,REVERSAL,0,1,40.0,196.5,657,40.0,5.0,4
5263,2025-W48,LOW,2025-11-25 09:32:55,2025-11-25 09:33:00,LONG,24837.25,24848.0,REVERSAL,0,1,43.0,211.5,189,43.0,2.0,1
5264,2025-W48,LOW,2025-11-25 09:33:00,2025-11-25 09:33:17,SHORT,24848.0,24838.0,REVERSAL,0,1,40.0,196.5,614,40.0,14.0,4
5265,2025-W48,LOW,2025-11-25 09:33:23,2025-11-25 09:33:28,LONG,24831.5,24841.5,REVERSAL,0,1,40.0,196.5,209,40.0,13.0,1
5266,2025-W48,LOW,2025-11-25 09:33:28,2025-11-25 09:34:10,SHORT,24841.5,24861.5,HARD_STOP,1,2,-120.0,-607.0,1137,25.0,60.0,6
5267,2025-W48,LOW,2025-11-25 09:37:16,2025-11-25 09:38:01,LONG,24843.5,24853.5,REVERSAL,0,1,40.0,196.5,1324,40.0,30.0,6
5268,2025-W48,LOW,2025-11-25 09:40:11,2025-11-25 09:40:40,LONG,24818.0,24798.0,HARD_STOP,1,2,-120.0,-607.0,2683,10.0,60.0,12
5269,2025-W48,LOW,2025-11-25 09:42:22,2025-11-25 09:43:03,LONG,24780.5,24760.5,HARD_STOP,1,2,-120.0,-607.0,2206,24.0,60.0,10
5270,2025-W48,LOW,2025-11-25 09:45:15,2025-11-25 09:45:16,LONG,24694.0,24704.0,REVERSAL,0,1,40.0,196.5,335,40.0,9.0,2
5271,2025-W48,LOW,2025-11-25 09:48:28,2025-11-25 09:48:52,LONG,24652.75,24653.0,REVERSAL,1,2,42.0,203.0,1580,23.0,40.0,7
5272,2025-W48,LOW,2025-11-25 09:49:28,2025-11-25 09:49:28,LONG,24623.25,24633.75,REVERSAL,0,1,42.0,206.5,97,42.0,0.0,1
5273,2025-W48,LOW,2025-11-25 09:49:28,2025-11-25 09:50:03,SHORT,24633.75,24623.75,REVERSAL,0,1,40.0,196.5,1996,40.0,37.0,9
5274,2025-W48,LOW,2025-11-25 09:50:28,2025-11-25 09:50:45,SHORT,24639.5,24639.5,REVERSAL,1,2,40.0,193.0,1313,36.0,40.0,6
5275,2025-W48,LOW,2025-11-25 09:51:55,2025-11-25 09:52:00,SHORT,24698.0,24688.0,REVERSAL,0,1,40.0,196.5,314,40.0,3.0,2
5276,2025-W48,LOW,2025-11-25 09:53:10,2025-11-25 09:53:30,SHORT,24713.75,24703.75,REVERSAL,0,1,40.0,196.5,530,40.0,17.0,3
5277,2025-W48,LOW,2025-11-25 09:54:09,2025-11-25 09:54:32,SHORT,24743.75,24733.75,REVERSAL,0,1,40.0,196.5,1194,40.0,29.0,5
5278,2025-W48,LOW,2025-11-25 09:54:37,2025-11-25 09:55:00,SHORT,24740.25,24760.5,HARD_STOP,1,2,-120.0,-607.0,788,28.0,60.0,4
5279,2025-W48,LOW,2025-11-25 09:55:52,2025-11-25 09:56:00,LONG,24758.5,24768.5,REVERSAL,0,1,40.0,196.5,320,40.0,18.0,2
5280,2025-W48,LOW,2025-11-25 09:56:18,2025-11-25 09:56:25,LONG,24738.25,24748.25,REVERSAL,0,1,40.0,196.5,289,40.0,7.0,2
5281,2025-W48,LOW,2025-11-25 09:57:31,2025-11-25 09:57:35,SHORT,24793.5,24783.5,REVERSAL,0,1,40.0,196.5,275,40.0,3.0,2
5282,2025-W48,LOW,2025-11-25 09:58:12,2025-11-25 09:58:19,SHORT,24796.0,24786.0,REVERSAL,0,1,40.0,196.5,226,40.0,9.0,1
5283,2025-W48,LOW,2025-11-25 09:58:19,2025-11-25 09:58:39,LONG,24786.0,24796.0,REVERSAL,0,1,40.0,196.5,513,40.0,16.0,3
5284,2025-W48,LOW,2025-11-25 10:01:45,2025-11-25 10:01:49,LONG,24767.0,24777.0,REVERSAL,0,1,40.0,196.5,263,40.0,14.0,2
5285,2025-W48,LOW,2025-11-25 10:02:48,2025-11-25 10:03:26,LONG,24704.5,24704.5,REVERSAL,1,2,40.0,193.0,2060,39.0,54.0,9
5286,2025-W48,LOW,2025-11-25 10:04:01,2025-11-25 10:04:16,LONG,24677.75,24657.75,HARD_STOP,1,2,-120.0,-607.0,733,13.0,60.0,3
5287,2025-W48,LOW,2025-11-25 10:04:32,2025-11-25 10:04:39,SHORT,24689.5,24679.5,REVERSAL,0,1,40.0,196.5,316,40.0,12.0,2
5288,2025-W48,LOW,2025-11-25 10:04:46,2025-11-25 10:05:03,SHORT,24683.25,24672.5,REVERSAL,0,1,43.0,211.5,674,43.0,31.0,4
5289,2025-W48,LOW,2025-11-25 10:05:11,2025-11-25 10:05:31,SHORT,24673.75,24694.0,HARD_STOP,1,2,-122.0,-617.0,945,21.0,61.0,5
5290,2025-W48,LOW,2025-11-25 10:06:04,2025-11-25 10:06:11,LONG,24716.75,24727.0,REVERSAL,0,1,41.0,201.5,254,41.0,7.0,2
5291,2025-W48,LOW,2025-11-25 10:07:31,2025-11-25 10:07:50,SHORT,24755.5,24745.5,REVERSAL,0,1,40.0,196.5,646,40.0,39.0,3
5292,2025-W48,LOW,2025-11-25 10:07:50,2025-11-25 10:07:54,LONG,24745.5,24756.75,REVERSAL,0,1,45.0,221.5,67,45.0,0.0,1
5293,2025-W48,LOW,2025-11-25 10:08:05,2025-11-25 10:08:40,SHORT,24772.5,24792.5,HARD_STOP,1,2,-120.0,-607.0,1335,34.0,60.0,6
5294,2025-W48,LOW,2025-11-25 10:11:01,2025-11-25 10:11:02,SHORT,24773.75,24763.25,REVERSAL,0,1,42.0,206.5,83,42.0,7.0,1
5295,2025-W48,LOW,2025-11-25 10:11:34,2025-11-25 10:11:37,LONG,24709.0,24719.75,REVERSAL,0,1,43.0,211.5,195,43.0,5.0,1
5296,2025-W48,LOW,2025-11-25 10:11:37,2025-11-25 10:11:42,SHORT,24719.75,24709.5,REVERSAL,0,1,41.0,201.5,212,41.0,10.0,2
5297,2025-W48,LOW,2025-11-25 10:13:01,2025-11-25 10:13:02,SHORT,24759.75,24749.5,REVERSAL,0,1,41.0,201.5,68,41.0,0.0,1
5298,2025-W48,LOW,2025-11-25 10:14:43,2025-11-25 10:14:59,LONG,24731.75,24742.25,REVERSAL,0,1,42.0,206.5,336,42.0,12.0,2
5299,2025-W48,LOW,2025-11-25 10:16:39,2025-11-25 10:16:48,LONG,24740.0,24750.75,REVERSAL,0,1,43.0,211.5,192,43.0,0.0,1
5300,2025-W48,LOW,2025-11-25 10:17:56,2025-11-25 10:18:04,LONG,24740.25,24752.0,REVERSAL,0,1,47.0,231.5,239,47.0,29.0,1
5301,2025-W48,LOW,2025-11-25 10:18:04,2025-11-25 10:18:23,SHORT,24752.0,24742.0,REVERSAL,0,1,40.0,196.5,363,40.0,18.0,3
5302,2025-W48,LOW,2025-11-25 10:19:07,2025-11-25 10:19:16,SHORT,24771.25,24761.25,REVERSAL,0,1,40.0,196.5,274,40.0,21.0,2
5303,2025-W48,LOW,2025-11-25 10:19:42,2025-11-25 10:19:50,LONG,24758.25,24768.25,REVERSAL,0,1,40.0,196.5,220,40.0,10.0,1
5304,2025-W48,LOW,2025-11-25 10:19:50,2025-11-25 10:20:16,SHORT,24768.25,24767.5,REVERSAL,1,2,46.0,223.0,896,25.0,40.0,5
5305,2025-W48,LOW,2025-11-25 10:20:43,2025-11-25 10:20:44,LONG,24741.5,24752.0,REVERSAL,0,1,42.0,206.5,41,42.0,2.0,1
5306,2025-W48,LOW,2025-11-25 10:20:44,2025-11-25 10:21:02,SHORT,24752.0,24741.25,REVERSAL,0,1,43.0,211.5,422,43.0,32.0,2
5307,2025-W48,LOW,2025-11-25 10:24:39,2025-11-25 10:25:14,LONG,24716.75,24727.5,REVERSAL,0,1,43.0,211.5,698,43.0,31.0,4
5308,2025-W48,LOW,2025-11-25 10:27:42,2025-11-25 10:27:43,LONG,24714.0,24724.0,REVERSAL,0,1,40.0,196.5,44,40.0,5.0,1
5309,2025-W48,LOW,2025-11-25 10:27:43,2025-11-25 10:28:01,SHORT,24724.0,24723.25,REVERSAL,1,2,48.0,233.0,251,24.0,42.0,2
5310,2025-W48,LOW,2025-11-25 10:28:20,2025-11-25 10:28:29,SHORT,24749.75,24739.5,REVERSAL,0,1,41.0,201.5,209,41.0,3.0,1
5311,2025-W48,LOW,2025-11-25 10:28:29,2025-11-25 10:28:34,LONG,24739.5,24749.5,REVERSAL,0,1,40.0,196.5,96,40.0,12.0,2
5312,2025-W48,LOW,2025-11-25 10:29:56,2025-11-25 10:30:06,SHORT,24778.5,24799.0,HARD_STOP,1,2,-121.0,-612.0,556,8.0,60.5,3
5313,2025-W48,LOW,2025-11-25 10:31:17,2025-11-25 10:31:20,LONG,24805.0,24815.25,REVERSAL,0,1,41.0,201.5,74,41.0,0.0,1
5314,2025-W48,LOW,2025-11-25 10:31:20,2025-11-25 10:32:32,SHORT,24815.25,24815.25,REVERSAL,1,2,40.0,193.0,2322,39.0,40.0,10
5315,2025-W48,LOW,2025-11-25 10:33:02,2025-11-25 10:33:19,LONG,24796.75,24806.75,REVERSAL,0,1,40.0,196.5,508,40.0,7.0,3
5316,2025-W48,LOW,2025-11-25 10:33:39,2025-11-25 10:33:48,SHORT,24816.25,24806.25,REVERSAL,0,1,40.0,196.5,189,40.0,8.0,1
5317,2025-W48,LOW,2025-11-25 10:33:48,2025-11-25 10:34:06,LONG,24806.25,24816.5,REVERSAL,0,1,41.0,201.5,399,41.0,0.0,3
5318,2025-W48,LOW,2025-11-25 10:34:17,2025-11-25 10:35:04,LONG,24809.75,24789.25,HARD_STOP,1,2,-120.0,-607.0,1040,35.0,60.0,5
5319,2025-W48,LOW,2025-11-25 10:39:00,2025-11-25 10:39:49,SHORT,24798.5,24788.5,REVERSAL,0,1,40.0,196.5,687,40.0,38.0,4
5320,2025-W48,LOW,2025-11-25 10:41:55,2025-11-25 10:42:00,SHORT,24802.5,24792.25,REVERSAL,0,1,41.0,201.5,75,41.0,0.0,1
5321,2025-W48,LOW,2025-11-25 10:42:00,2025-11-25 10:42:05,LONG,24792.25,24802.5,REVERSAL,0,1,41.0,201.5,117,41.0,15.0,1
5322,2025-W48,LOW,2025-11-25 10:42:05,2025-11-25 10:42:45,SHORT,24802.5,24792.5,REVERSAL,0,1,40.0,196.5,506,40.0,36.0,3
5323,2025-W48,LOW,2025-11-25 10:44:38,2025-11-25 10:45:35,SHORT,24843.75,24863.75,HARD_STOP,1,2,-120.0,-607.0,2337,33.0,60.0,10
5324,2025-W48,LOW,2025-11-25 10:47:45,2025-11-25 10:47:58,LONG,24852.0,24862.25,REVERSAL,0,1,41.0,201.5,293,41.0,10.0,2
5325,2025-W48,LOW,2025-11-25 10:48:42,2025-11-25 10:49:11,LONG,24840.0,24820.0,HARD_STOP,1,2,-120.0,-607.0,1145,18.0,60.0,5
5326,2025-W48,LOW,2025-11-25 10:49:58,2025-11-25 10:50:01,SHORT,24810.5,24800.5,REVERSAL,0,1,40.0,196.5,141,40.0,8.0,1
5327,2025-W48,LOW,2025-11-25 10:50:01,2025-11-25 10:50:13,LONG,24800.5,24800.5,REVERSAL,1,2,40.0,193.0,617,20.0,40.0,4
5328,2025-W48,LOW,2025-11-25 10:53:05,2025-11-25 10:53:54,SHORT,24799.5,24789.5,REVERSAL,0,1,40.0,196.5,823,40.0,23.0,4
5329,2025-W48,LOW,2025-11-25 10:54:40,2025-11-25 10:54:59,SHORT,24802.5,24792.5,REVERSAL,0,1,40.0,196.5,214,40.0,10.0,1
5330,2025-W48,LOW,2025-11-25 10:54:59,2025-11-25 10:55:48,LONG,24792.5,24792.5,REVERSAL,1,2,40.0,193.0,580,20.0,40.0,4
5331,2025-W48,LOW,2025-11-25 10:55:48,2025-11-25 10:56:25,SHORT,24792.5,24782.5,REVERSAL,0,1,40.0,196.5,349,40.0,12.0,2
5332,2025-W48,LOW,2025-11-25 10:59:25,2025-11-25 10:59:39,SHORT,24819.5,24809.5,REVERSAL,0,1,40.0,196.5,236,40.0,15.0,2
5333,2025-W48,LOW,2025-11-25 11:00:00,2025-11-25 11:00:03,LONG,24808.0,24818.5,REVERSAL,0,1,42.0,206.5,192,42.0,35.0,1
5334,2025-W48,LOW,2025-11-25 11:00:03,2025-11-25 11:00:19,SHORT,24818.5,24808.5,REVERSAL,0,1,40.0,196.5,253,40.0,7.0,2
5335,2025-W48,LOW,2025-11-25 11:01:30,2025-11-25 11:01:51,LONG,24800.5,24810.5,REVERSAL,0,1,40.0,196.5,287,40.0,32.0,2
5336,2025-W48,LOW,2025-11-25 11:04:42,2025-11-25 11:04:55,SHORT,24820.5,24810.5,REVERSAL,0,1,40.0,196.5,275,40.0,7.0,2
5337,2025-W48,LOW,2025-11-25 11:07:24,2025-11-25 11:07:45,SHORT,24818.5,24808.5,REVERSAL,0,1,40.0,196.5,308,40.0,10.0,2
5338,2025-W48,LOW,2025-11-25 11:10:41,2025-11-25 11:11:00,LONG,24780.0,24790.0,REVERSAL,0,1,40.0,196.5,286,40.0,22.0,2
5339,2025-W48,LOW,2025-11-25 11:20:26,2025-11-25 11:21:41,SHORT,24845.5,24865.5,HARD_STOP,1,2,-120.0,-607.0,1525,13.0,60.0,7
5340,2025-W48,LOW,2025-11-25 11:22:21,2025-11-25 11:22:41,SHORT,24881.5,24871.5,REVERSAL,0,1,40.0,196.5,401,40.0,7.0,2
5341,2025-W48,LOW,2025-11-25 11:24:33,2025-11-25 11:25:21,LONG,24850.0,24860.0,REVERSAL,0,1,40.0,196.5,929,40.0,15.0,4
5342,2025-W48,LOW,2025-11-25 11:25:53,2025-11-25 11:26:42,LONG,24840.5,24840.5,REVERSAL,1,2,40.0,193.0,875,20.0,40.0,4
5343,2025-W48,LOW,2025-11-25 11:28:34,2025-11-25 11:29:12,LONG,24842.75,24853.0,REVERSAL,0,1,41.0,201.5,465,41.0,24.0,2
5344,2025-W48,LOW,2025-11-25 11:32:01,2025-11-25 11:32:36,LONG,24849.75,24859.75,REVERSAL,0,1,40.0,196.5,442,40.0,13.0,2
5345,2025-W48,LOW,2025-11-25 11:33:09,2025-11-25 11:33:39,SHORT,24868.75,24858.75,REVERSAL,0,1,40.0,196.5,390,40.0,16.0,2
5346,2025-W48,LOW,2025-11-25 11:38:22,2025-11-25 11:38:38,SHORT,24868.25,24858.0,REVERSAL,0,1,41.0,201.5,159,41.0,0.0,1
5347,2025-W48,LOW,2025-11-25 11:38:38,2025-11-25 11:39:03,LONG,24858.0,24868.0,REVERSAL,0,1,40.0,196.5,261,40.0,7.0,2
5348,2025-W48,LOW,2025-11-25 11:45:33,2025-11-25 11:46:00,LONG,24844.0,24854.0,REVERSAL,0,1,40.0,196.5,590,40.0,17.0,3
5349,2025-W48,LOW,2025-11-25 11:50:32,2025-11-25 11:53:09,SHORT,24876.25,24896.25,HARD_STOP,1,2,-120.0,-607.0,2287,32.0,60.0,10
5350,2025-W48,LOW,2025-11-25 11:55:51,2025-11-25 12:00:16,SHORT,24903.75,24923.75,HARD_STOP,1,2,-120.0,-607.0,4478,27.0,60.0,18
5351,2025-W48,LOW,2025-11-25 12:00:28,2025-11-25 12:02:11,LONG,24904.5,24904.5,REVERSAL,1,2,40.0,193.0,1792,27.0,40.0,8
5352,2025-W48,LOW,2025-11-25 12:07:18,2025-11-25 12:13:31,SHORT,24927.75,24947.75,HARD_STOP,1,2,-120.0,-607.0,4028,14.0,60.0,17
5353,2025-W48,LOW,2025-11-25 12:16:41,2025-11-25 12:17:24,LONG,24935.5,24945.75,REVERSAL,0,1,41.0,201.5,452,41.0,7.0,2
5354,2025-W48,LOW,2025-11-25 12:20:19,2025-11-25 12:21:36,SHORT,24974.0,24974.0,REVERSAL,1,2,40.0,193.0,1325,20.0,40.0,6
5355,2025-W48,LOW,2025-11-25 12:25:03,2025-11-25 12:26:25,SHORT,25014.25,25004.25,REVERSAL,0,1,40.0,196.5,1344,40.0,2.0,6
5356,2025-W48,LOW,2025-11-25 12:28:28,2025-11-25 12:31:29,LONG,24993.25,25003.25,REVERSAL,0,1,40.0,196.5,2418,40.0,36.0,10
5357,2025-W48,LOW,2025-11-25 12:36:46,2025-11-25 12:38:36,SHORT,25046.0,25046.0,REVERSAL,1,2,40.0,193.0,2565,20.0,40.0,11
5358,2025-W48,LOW,2025-11-25 12:42:40,2025-11-25 12:45:19,LONG,25031.25,25041.25,REVERSAL,0,1,40.0,196.5,2189,40.0,19.0,9
5359,2025-W48,LOW,2025-11-25 12:55:25,2025-11-25 12:58:28,LONG,25016.25,24995.75,HARD_STOP,1,2,-123.0,-622.0,2018,23.0,61.5,9
5360,2025-W48,LOW,2025-11-25 13:03:38,2025-11-25 13:05:30,SHORT,25009.0,24998.75,REVERSAL,0,1,41.0,201.5,962,41.0,16.0,4
5361,2025-W48,LOW,2025-11-25 13:15:40,2025-11-25 13:23:05,LONG,24995.5,25005.75,REVERSAL,0,1,41.0,201.5,4353,41.0,31.0,19
5362,2025-W48,LOW,2025-11-25 13:27:46,2025-11-25 13:29:28,LONG,25009.75,25020.0,REVERSAL,0,1,41.0,201.5,638,41.0,4.0,3
5363,2025-W48,LOW,2025-11-25 13:30:16,2025-11-25 13:32:01,SHORT,25027.5,25017.5,REVERSAL,0,1,40.0,196.5,928,40.0,4.0,4
5364,2025-W48,LOW,2025-11-25 13:33:27,2025-11-25 13:36:05,SHORT,25026.5,25016.5,REVERSAL,0,1,40.0,196.5,805,40.0,0.0,4
5365,2025-W48,LOW,2025-11-25 13:39:43,2025-11-25 13:40:15,SHORT,25017.5,25007.5,REVERSAL,0,1,40.0,196.5,242,40.0,0.0,1
5366,2025-W48,LOW,2025-11-25 13:40:15,2025-11-25 13:42:11,LONG,25007.5,25017.5,REVERSAL,0,1,40.0,196.5,882,40.0,29.0,5
5367,2025-W48,LOW,2025-11-25 13:45:38,2025-11-25 13:48:18,SHORT,25021.5,25041.75,HARD_STOP,1,2,-121.0,-612.0,1662,15.0,60.5,7
5368,2025-W48,LOW,2025-11-25 14:09:12,2025-11-25 14:11:30,LONG,25008.0,25018.0,REVERSAL,0,1,40.0,196.5,1234,40.0,21.0,5
5369,2025-W48,LOW,2025-11-25 14:12:36,2025-11-25 14:17:37,LONG,25005.75,24985.5,HARD_STOP,1,2,-121.0,-612.0,2776,32.0,60.5,12
5370,2025-W48,LOW,2025-11-25 14:19:39,2025-11-25 14:20:01,SHORT,24978.0,24968.0,REVERSAL,0,1,40.0,196.5,566,40.0,8.0,3
5371,2025-W48,LOW,2025-11-25 14:22:19,2025-11-25 14:22:46,SHORT,24988.75,24978.75,REVERSAL,0,1,40.0,196.5,575,40.0,1.0,3
5372,2025-W48,LOW,2025-11-25 14:26:36,2025-11-25 14:28:52,LONG,24972.0,24982.0,REVERSAL,0,1,40.0,196.5,957,40.0,8.0,4
5373,2025-W48,LOW,2025-11-25 14:31:49,2025-11-25 14:38:10,LONG,24975.25,24955.25,HARD_STOP,1,2,-120.0,-607.0,3410,27.0,60.0,14
5374,2025-W48,LOW,2025-11-25 14:47:10,2025-11-25 14:48:31,SHORT,24965.25,24955.25,REVERSAL,0,1,40.0,196.5,665,40.0,15.0,3
5375,2025-W48,LOW,2025-11-25 14:51:07,2025-11-25 14:53:12,SHORT,24980.5,25000.5,HARD_STOP,1,2,-120.0,-607.0,1875,21.0,60.0,8
5376,2025-W48,LOW,2025-11-25 14:54:16,2025-11-25 14:57:22,SHORT,25000.25,25020.25,HARD_STOP,1,2,-120.0,-607.0,2107,34.0,60.0,9
5377,2025-W48,LOW,2025-11-25 15:11:32,2025-11-25 15:27:43,SHORT,25028.75,25048.75,HARD_STOP,1,2,-120.0,-607.0,7856,23.0,60.0,32
5378,2025-W48,LOW,2025-11-25 15:34:37,2025-11-25 15:36:28,SHORT,25074.25,25074.25,REVERSAL,1,2,40.0,193.0,2038,20.0,40.0,9
5379,2025-W48,LOW,2025-11-25 15:38:46,2025-11-25 15:41:10,SHORT,25081.5,25071.5,REVERSAL,0,1,40.0,196.5,1901,40.0,17.0,8
5380,2025-W48,LOW,2025-11-26 09:30:03,2025-11-26 09:30:05,LONG,25211.75,25222.75,REVERSAL,0,1,44.0,216.5,160,44.0,0.0,1
5381,2025-W48,LOW,2025-11-26 09:30:05,2025-11-26 09:30:18,SHORT,25222.75,25212.75,REVERSAL,0,1,40.0,196.5,622,40.0,15.0,4
5382,2025-W48,LOW,2025-11-26 09:31:46,2025-11-26 09:31:52,LONG,25228.75,25239.0,REVERSAL,0,1,41.0,201.5,170,41.0,2.0,1
5383,2025-W48,LOW,2025-11-26 09:31:52,2025-11-26 09:32:15,SHORT,25239.0,25229.0,REVERSAL,0,1,40.0,196.5,718,40.0,16.0,4
5384,2025-W48,LOW,2025-11-26 09:34:08,2025-11-26 09:34:33,LONG,25235.25,25245.25,REVERSAL,0,1,40.0,196.5,778,40.0,31.0,4
5385,2025-W48,LOW,2025-11-26 09:35:26,2025-11-26 09:35:38,LONG,25238.5,25248.75,REVERSAL,0,1,41.0,201.5,390,41.0,10.0,2
5386,2025-W48,LOW,2025-11-26 09:36:14,2025-11-26 09:36:21,SHORT,25259.0,25249.0,REVERSAL,0,1,40.0,196.5,252,40.0,7.0,2
5387,2025-W48,LOW,2025-11-26 09:37:17,2025-11-26 09:37:57,LONG,25241.25,25221.25,HARD_STOP,1,2,-120.0,-607.0,1311,28.0,60.0,6
5388,2025-W48,LOW,2025-11-26 09:39:02,2025-11-26 09:39:32,LONG,25205.5,25215.5,REVERSAL,0,1,40.0,196.5,896,40.0,35.0,4
5389,2025-W48,LOW,2025-11-26 09:39:43,2025-11-26 09:40:00,LONG,25215.5,25225.5,REVERSAL,0,1,40.0,196.5,449,40.0,10.0,3
5390,2025-W48,LOW,2025-11-26 09:40:18,2025-11-26 09:40:49,LONG,25216.5,25216.5,REVERSAL,1,2,40.0,193.0,744,24.0,40.0,3
5391,2025-W48,LOW,2025-11-26 09:41:25,2025-11-26 09:41:27,LONG,25211.0,25221.5,REVERSAL,0,1,42.0,206.5,85,42.0,3.0,1
5392,2025-W48,LOW,2025-11-26 09:41:27,2025-11-26 09:42:02,SHORT,25221.5,25221.5,REVERSAL,1,2,40.0,193.0,669,20.0,40.0,4
5393,2025-W48,LOW,2025-11-26 09:43:10,2025-11-26 09:43:47,SHORT,25224.75,25214.75,REVERSAL,0,1,40.0,196.5,796,40.0,22.0,4
5394,2025-W48,LOW,2025-11-26 09:44:04,2025-11-26 09:45:00,SHORT,25217.5,25237.5,HARD_STOP,1,2,-120.0,-607.0,1078,32.0,60.0,5
5395,2025-W48,LOW,2025-11-26 09:46:43,2025-11-26 09:48:36,SHORT,25256.5,25246.25,REVERSAL,0,1,41.0,201.5,2953,41.0,33.0,12
5396,2025-W48,LOW,2025-11-26 09:50:00,2025-11-26 09:51:25,SHORT,25263.0,25263.0,REVERSAL,1,2,40.0,193.0,2676,38.0,49.0,11
5397,2025-W48,LOW,2025-11-26 09:52:46,2025-11-26 09:53:46,LONG,25234.75,25244.75,REVERSAL,0,1,40.0,196.5,1521,40.0,26.0,7
5398,2025-W48,LOW,2025-11-26 09:55:12,2025-11-26 09:55:26,LONG,25215.25,25225.25,REVERSAL,0,1,40.0,196.5,552,40.0,14.0,3
5399,2025-W48,LOW,2025-11-26 09:55:34,2025-11-26 09:56:07,LONG,25221.5,25221.5,REVERSAL,1,2,40.0,193.0,814,20.0,40.0,4
5400,2025-W48,LOW,2025-11-26 09:56:35,2025-11-26 09:56:57,LONG,25196.75,25206.75,REVERSAL,0,1,40.0,196.5,735,40.0,13.0,3
5401,2025-W48,LOW,2025-11-26 09:57:04,2025-11-26 09:57:11,LONG,25195.75,25205.75,REVERSAL,0,1,40.0,196.5,308,40.0,13.0,2
5402,2025-W48,LOW,2025-11-26 10:00:04,2025-11-26 10:00:09,LONG,25139.0,25149.5,REVERSAL,0,1,42.0,206.5,511,42.0,21.0,3
5403,2025-W48,LOW,2025-11-26 10:00:26,2025-11-26 10:01:00,LONG,25146.75,25156.75,REVERSAL,0,1,40.0,196.5,1207,40.0,23.0,5
5404,2025-W48,LOW,2025-11-26 10:03:14,2025-11-26 10:03:41,SHORT,25198.0,25188.0,REVERSAL,0,1,40.0,196.5,704,40.0,8.0,4
5405,2025-W48,LOW,2025-11-26 10:05:03,2025-11-26 10:05:14,LONG,25163.0,25173.0,REVERSAL,0,1,40.0,196.5,259,40.0,5.0,2
5406,2025-W48,LOW,2025-11-26 10:05:39,2025-11-26 10:05:45,LONG,25155.0,25165.25,REVERSAL,0,1,41.0,201.5,145,41.0,1.0,1
5407,2025-W48,LOW,2025-11-26 10:05:45,2025-11-26 10:05:56,SHORT,25165.25,25155.25,REVERSAL,0,1,40.0,196.5,227,40.0,9.0,2
5408,2025-W48,LOW,2025-11-26 10:07:09,2025-11-26 10:07:31,SHORT,25179.25,25169.0,REVERSAL,0,1,41.0,201.5,588,41.0,6.0,3
5409,2025-W48,LOW,2025-11-26 10:07:31,2025-11-26 10:07:57,LONG,25169.0,25179.25,REVERSAL,0,1,41.0,201.5,388,41.0,12.0,2
5410,2025-W48,LOW,2025-11-26 10:08:18,2025-11-26 10:09:01,SHORT,25198.0,25218.0,HARD_STOP,1,2,-120.0,-607.0,1739,26.0,60.0,7
5411,2025-W48,LOW,2025-11-26 10:10:27,2025-11-26 10:10:41,SHORT,25210.5,25200.5,REVERSAL,0,1,40.0,196.5,270,40.0,1.0,2
5412,2025-W48,LOW,2025-11-26 10:11:07,2025-11-26 10:11:18,LONG,25179.5,25189.5,REVERSAL,0,1,40.0,196.5,308,40.0,6.0,2
5413,2025-W48,LOW,2025-11-26 10:17:39,2025-11-26 10:17:46,SHORT,25192.5,25182.25,REVERSAL,0,1,41.0,201.5,168,41.0,8.0,1
5414,2025-W48,LOW,2025-11-26 10:17:46,2025-11-26 10:18:00,LONG,25182.25,25192.25,REVERSAL,0,1,40.0,196.5,208,40.0,12.0,2
5415,2025-W48,LOW,2025-11-26 10:20:31,2025-11-26 10:21:38,LONG,25178.0,25178.25,REVERSAL,1,2,42.0,203.0,1456,38.0,44.0,6
5416,2025-W48,LOW,2025-11-26 10:25:37,2025-11-26 10:25:59,SHORT,25167.0,25157.0,REVERSAL,0,1,40.0,196.5,398,40.0,12.0,2
5417,2025-W48,LOW,2025-11-26 10:26:27,2025-11-26 10:27:29,SHORT,25185.0,25205.0,HARD_STOP,1,2,-120.0,-607.0,2188,24.0,60.0,9
5418,2025-W48,LOW,2025-11-26 10:28:25,2025-11-26 10:28:31,LONG,25187.25,25197.75,REVERSAL,0,1,42.0,206.5,154,42.0,3.0,1
5419,2025-W48,LOW,2025-11-26 10:28:31,2025-11-26 10:28:43,SHORT,25197.75,25187.75,REVERSAL,0,1,40.0,196.5,225,40.0,5.0,2
5420,2025-W48,LOW,2025-11-26 10:29:24,2025-11-26 10:29:53,SHORT,25200.0,25190.0,REVERSAL,0,1,40.0,196.5,437,40.0,11.0,2
5421,2025-W48,LOW,2025-11-26 10:30:54,2025-11-26 10:33:14,SHORT,25201.75,25201.75,REVERSAL,1,2,40.0,193.0,2064,31.0,40.0,10
5422,2025-W48,LOW,2025-11-26 10:35:07,2025-11-26 10:37:27,SHORT,25233.5,25223.5,REVERSAL,0,1,40.0,196.5,2960,40.0,31.0,12
5423,2025-W48,LOW,2025-11-26 10:38:11,2025-11-26 10:40:40,SHORT,25239.5,25239.5,REVERSAL,1,2,40.0,193.0,2405,33.0,40.0,10
5424,2025-W48,LOW,2025-11-26 10:42:12,2025-11-26 10:42:35,LONG,25215.25,25225.25,REVERSAL,0,1,40.0,196.5,615,40.0,15.0,3
5425,2025-W48,LOW,2025-11-26 10:43:35,2025-11-26 10:45:00,SHORT,25229.0,25219.0,REVERSAL,0,1,40.0,196.5,1080,40.0,20.0,5
5426,2025-W48,LOW,2025-11-26 10:45:27,2025-11-26 10:45:40,SHORT,25227.25,25217.25,REVERSAL,0,1,40.0,196.5,228,40.0,4.0,1
5427,2025-W48,LOW,2025-11-26 10:45:40,2025-11-26 10:47:33,LONG,25217.25,25197.25,HARD_STOP,1,2,-120.0,-607.0,1721,29.0,60.0,8
5428,2025-W48,LOW,2025-11-26 10:48:40,2025-11-26 10:50:01,SHORT,25221.5,25211.5,REVERSAL,0,1,40.0,196.5,1088,40.0,22.0,5
5429,2025-W48,LOW,2025-11-26 10:55:06,2025-11-26 10:56:02,SHORT,25247.5,25237.25,REVERSAL,0,1,41.0,201.5,620,41.0,8.0,3
5430,2025-W48,LOW,2025-11-26 10:59:36,2025-11-26 11:04:45,SHORT,25269.5,25289.5,HARD_STOP,1,2,-120.0,-607.0,6628,25.0,60.0,27
5431,2025-W48,LOW,2025-11-26 11:07:44,2025-11-26 11:08:01,LONG,25293.75,25304.0,REVERSAL,0,1,41.0,201.5,235,41.0,0.0,2
5432,2025-W48,LOW,2025-11-26 11:11:29,2025-11-26 11:13:36,LONG,25296.75,25296.75,REVERSAL,1,2,40.0,193.0,1820,20.0,40.0,9
5433,2025-W48,LOW,2025-11-26 11:33:05,2025-11-26 11:40:04,SHORT,25334.75,25354.75,HARD_STOP,1,2,-120.0,-607.0,6040,23.0,60.0,25
5434,2025-W48,LOW,2025-11-26 11:41:48,2025-11-26 11:46:10,SHORT,25368.0,25358.0,REVERSAL,0,1,40.0,196.5,4659,40.0,32.0,19
5435,2025-W48,LOW,2025-11-26 11:50:21,2025-11-26 11:51:26,LONG,25336.0,25346.0,REVERSAL,0,1,40.0,196.5,1194,40.0,6.0,5
5436,2025-W48,LOW,2025-11-26 11:51:26,2025-11-26 12:04:07,SHORT,25346.0,25346.0,REVERSAL,1,2,40.0,193.0,7845,25.0,52.0,33
5437,2025-W48,LOW,2025-11-26 12:06:14,2025-11-26 12:06:59,SHORT,25349.25,25339.25,REVERSAL,0,1,40.0,196.5,520,40.0,10.0,3
5438,2025-W48,LOW,2025-11-26 12:09:00,2025-11-26 12:09:27,LONG,25318.0,25328.0,REVERSAL,0,1,40.0,196.5,666,40.0,5.0,4
5439,2025-W48,LOW,2025-11-26 12:10:13,2025-11-26 12:10:40,LONG,25325.25,25335.25,REVERSAL,0,1,40.0,196.5,355,40.0,0.0,2
5440,2025-W48,LOW,2025-11-26 12:13:21,2025-11-26 12:16:25,LONG,25323.25,25333.25,REVERSAL,0,1,40.0,196.5,2311,40.0,38.0,10
5441,2025-W48,LOW,2025-11-26 12:19:13,2025-11-26 12:20:33,LONG,25314.5,25324.5,REVERSAL,0,1,40.0,196.5,834,40.0,5.0,4
5442,2025-W48,LOW,2025-11-26 12:22:29,2025-11-26 12:23:30,LONG,25325.75,25335.75,REVERSAL,0,1,40.0,196.5,570,40.0,14.0,3
5443,2025-W48,LOW,2025-11-26 12:37:00,2025-11-26 12:38:29,SHORT,25348.0,25338.0,REVERSAL,0,1,40.0,196.5,727,40.0,4.0,4
5444,2025-W48,LOW,2025-11-26 12:44:46,2025-11-26 12:48:39,SHORT,25367.75,25357.75,REVERSAL,0,1,40.0,196.5,2146,40.0,6.0,9
5445,2025-W48,LOW,2025-11-26 12:53:14,2025-11-26 12:57:07,LONG,25341.25,25351.25,REVERSAL,0,1,40.0,196.5,2080,40.0,35.0,9
5446,2025-W48,LOW,2025-11-26 12:57:07,2025-11-26 12:58:03,SHORT,25351.25,25341.0,REVERSAL,0,1,41.0,201.5,329,41.0,2.0,2
5447,2025-W48,LOW,2025-11-26 12:59:23,2025-11-26 13:01:27,LONG,25335.25,25345.25,REVERSAL,0,1,40.0,196.5,948,40.0,4.0,4
5448,2025-W48,LOW,2025-11-26 13:09:16,2025-11-26 13:09:17,LONG,25310.0,25320.0,REVERSAL,0,1,40.0,196.5,379,40.0,11.0,2
5449,2025-W48,LOW,2025-11-26 13:09:58,2025-11-26 13:11:15,SHORT,25313.75,25313.75,REVERSAL,1,2,40.0,193.0,2374,34.0,40.0,10
5450,2025-W48,LOW,2025-11-26 13:13:12,2025-11-26 13:13:18,LONG,25310.5,25320.5,REVERSAL,0,1,40.0,196.5,99,40.0,4.0,1
5451,2025-W48,LOW,2025-11-26 13:13:18,2025-11-26 13:16:15,SHORT,25320.5,25320.5,REVERSAL,1,2,40.0,193.0,2787,20.0,56.0,12
5452,2025-W48,LOW,2025-11-26 13:22:37,2025-11-26 13:24:32,SHORT,25343.5,25333.5,REVERSAL,0,1,40.0,196.5,1882,40.0,39.0,8
5453,2025-W48,LOW,2025-11-26 13:24:32,2025-11-26 13:24:53,LONG,25333.5,25343.5,REVERSAL,0,1,40.0,196.5,339,40.0,3.0,2
5454,2025-W48,LOW,2025-11-26 13:36:40,2025-11-26 13:38:37,LONG,25309.0,25309.0,REVERSAL,1,2,40.0,193.0,1728,20.0,40.0,8
5455,2025-W48,LOW,2025-11-26 13:42:30,2025-11-26 13:44:37,LONG,25312.25,25292.25,HARD_STOP,1,2,-120.0,-607.0,1225,13.0,60.0,6
5456,2025-W48,LOW,2025-11-26 13:45:40,2025-11-26 13:46:08,LONG,25288.0,25298.25,REVERSAL,0,1,41.0,201.5,495,41.0,6.0,3
5457,2025-W48,LOW,2025-11-26 13:50:19,2025-11-26 13:51:00,SHORT,25329.5,25319.5,REVERSAL,0,1,40.0,196.5,676,40.0,4.0,3
5458,2025-W48,LOW,2025-11-26 13:52:27,2025-11-26 13:53:23,LONG,25312.25,25312.25,REVERSAL,1,2,40.0,193.0,866,20.0,40.0,4
5459,2025-W48,LOW,2025-11-26 13:58:44,2025-11-26 14:01:53,SHORT,25320.0,25340.0,HARD_STOP,1,2,-120.0,-607.0,1872,36.0,60.0,8
5460,2025-W48,LOW,2025-11-26 14:02:46,2025-11-26 14:03:30,LONG,25327.5,25337.5,REVERSAL,0,1,40.0,196.5,539,40.0,7.0,3
5461,2025-W48,LOW,2025-11-26 14:05:00,2025-11-26 14:07:22,LONG,25305.25,25315.25,REVERSAL,0,1,40.0,196.5,1591,40.0,19.0,7
5462,2025-W48,LOW,2025-11-26 14:09:06,2025-11-26 14:10:06,LONG,25302.75,25313.0,REVERSAL,0,1,41.0,201.5,466,41.0,9.0,2
5463,2025-W48,LOW,2025-11-26 14:10:31,2025-11-26 14:12:02,LONG,25303.0,25313.0,REVERSAL,0,1,40.0,196.5,864,40.0,21.0,5
5464,2025-W48,LOW,2025-11-26 14:18:01,2025-11-26 14:21:02,SHORT,25335.0,25325.0,REVERSAL,0,1,40.0,196.5,1774,40.0,36.0,8
5465,2025-W48,LOW,2025-11-26 14:21:02,2025-11-26 14:21:42,LONG,25325.0,25335.0,REVERSAL,0,1,40.0,196.5,386,40.0,2.0,2
5466,2025-W48,LOW,2025-11-26 14:40:36,2025-11-26 14:41:16,LONG,25316.75,25326.75,REVERSAL,0,1,40.0,196.5,672,40.0,20.0,4
5467,2025-W48,LOW,2025-11-26 14:44:01,2025-11-26 14:45:53,LONG,25320.25,25330.25,REVERSAL,0,1,40.0,196.5,715,40.0,15.0,3
5468,2025-W48,LOW,2025-11-26 14:50:30,2025-11-26 14:51:28,SHORT,25324.0,25314.0,REVERSAL,0,1,40.0,196.5,426,40.0,11.0,2
5469,2025-W48,LOW,2025-11-26 14:54:34,2025-11-26 14:55:10,SHORT,25331.75,25321.75,REVERSAL,0,1,40.0,196.5,491,40.0,4.0,2
5470,2025-W48,LOW,2025-11-26 15:00:21,2025-11-26 15:06:21,SHORT,25331.25,25331.25,REVERSAL,1,2,40.0,193.0,2929,20.0,40.0,13
5471,2025-W48,LOW,2025-11-26 15:26:55,2025-11-26 15:30:01,SHORT,25354.5,25344.5,REVERSAL,0,1,40.0,196.5,1134,40.0,4.0,5
5472,2025-W48,LOW,2025-11-26 15:36:09,2025-11-26 15:49:50,LONG,25335.75,25324.25,EOD_FLATTEN,1,2,-52.0,-267.0,6827,37.0,40.0,28
5473,2025-W48,LOW,2025-11-27 09:46:09,2025-11-27 10:13:32,LONG,25297.0,25307.0,REVERSAL,0,1,40.0,196.5,2302,40.0,33.0,10
5474,2025-W48,LOW,2025-11-27 11:04:49,2025-11-27 11:08:10,LONG,25286.5,25296.5,REVERSAL,0,1,40.0,196.5,335,40.0,0.0,2
5475,2025-W48,LOW,2025-11-28 09:32:20,2025-11-28 09:36:08,SHORT,25381.75,25402.25,HARD_STOP,1,2,-123.0,-622.0,2507,33.0,61.5,11
5476,2025-W48,LOW,2025-11-28 09:36:16,2025-11-28 09:37:04,LONG,25393.75,25403.75,REVERSAL,0,1,40.0,196.5,440,40.0,27.0,3
5477,2025-W48,LOW,2025-11-28 09:39:50,2025-11-28 09:40:50,LONG,25375.0,25355.0,HARD_STOP,1,2,-120.0,-607.0,924,35.0,60.0,4
5478,2025-W48,LOW,2025-11-28 09:41:23,2025-11-28 09:41:56,SHORT,25347.25,25337.0,REVERSAL,0,1,41.0,201.5,255,41.0,8.0,2
5479,2025-W48,LOW,2025-11-28 09:45:26,2025-11-28 09:46:02,LONG,25346.75,25357.0,REVERSAL,0,1,41.0,201.5,326,41.0,16.0,2
5480,2025-W48,LOW,2025-11-28 09:52:38,2025-11-28 09:53:00,LONG,25366.75,25376.75,REVERSAL,0,1,40.0,196.5,269,40.0,16.0,2
5481,2025-W48,LOW,2025-11-28 09:53:24,2025-11-28 09:53:35,SHORT,25384.5,25374.5,REVERSAL,0,1,40.0,196.5,143,40.0,0.0,1
5482,2025-W48,LOW,2025-11-28 09:53:35,2025-11-28 09:54:32,LONG,25374.5,25384.75,REVERSAL,0,1,41.0,201.5,353,41.0,4.0,3
5483,2025-W48,LOW,2025-11-28 09:55:24,2025-11-28 09:55:33,SHORT,25388.5,25378.0,REVERSAL,0,1,42.0,206.5,201,42.0,0.0,2
5484,2025-W48,LOW,2025-11-28 09:57:05,2025-11-28 10:01:14,LONG,25380.5,25380.75,REVERSAL,1,2,42.0,203.0,1351,38.0,50.0,6
5485,2025-W48,LOW,2025-11-28 10:02:17,2025-11-28 10:03:23,SHORT,25389.0,25379.0,REVERSAL,0,1,40.0,196.5,272,40.0,6.0,2
5486,2025-W48,LOW,2025-11-28 10:07:33,2025-11-28 10:08:12,SHORT,25380.25,25370.0,REVERSAL,0,1,41.0,201.5,303,41.0,4.0,2
5487,2025-W48,LOW,2025-11-28 10:18:54,2025-11-28 10:21:32,SHORT,25390.5,25390.5,REVERSAL,1,2,40.0,193.0,903,20.0,40.0,5
5488,2025-W48,LOW,2025-11-28 10:22:35,2025-11-28 10:29:26,LONG,25381.0,25361.0,HARD_STOP,1,2,-120.0,-607.0,2288,32.0,60.0,10
5489,2025-W48,LOW,2025-11-28 10:32:03,2025-11-28 10:34:22,SHORT,25370.0,25390.0,HARD_STOP,1,2,-120.0,-607.0,943,20.0,60.0,4
5490,2025-W48,LOW,2025-11-28 10:34:46,2025-11-28 10:37:04,LONG,25382.0,25392.0,REVERSAL,0,1,40.0,196.5,1028,40.0,10.0,5
5491,2025-W48,LOW,2025-11-28 10:39:16,2025-11-28 10:40:18,LONG,25373.75,25384.25,REVERSAL,0,1,42.0,206.5,373,42.0,15.0,2
5492,2025-W48,LOW,2025-11-28 10:51:03,2025-11-28 10:55:45,SHORT,25412.5,25402.5,REVERSAL,0,1,40.0,196.5,2373,40.0,37.0,10
5493,2025-W48,LOW,2025-11-28 11:00:19,2025-11-28 11:01:32,SHORT,25410.25,25400.25,REVERSAL,0,1,40.0,196.5,433,40.0,9.0,3
5494,2025-W48,LOW,2025-11-28 11:04:02,2025-11-28 11:20:18,SHORT,25417.5,25417.25,REVERSAL,1,2,42.0,203.0,6881,32.0,55.0,28
5495,2025-W48,LOW,2025-11-28 11:21:31,2025-11-28 11:26:14,LONG,25410.75,25390.75,HARD_STOP,1,2,-120.0,-607.0,2604,18.0,60.0,11
5496,2025-W48,LOW,2025-11-28 11:29:49,2025-11-28 11:30:17,SHORT,25390.5,25380.5,REVERSAL,0,1,40.0,196.5,320,40.0,7.0,2
5497,2025-W48,LOW,2025-11-28 11:36:50,2025-11-28 11:40:36,SHORT,25415.5,25405.5,REVERSAL,0,1,40.0,196.5,1659,40.0,19.0,7
5498,2025-W48,LOW,2025-11-28 11:42:31,2025-11-28 11:43:01,LONG,25382.25,25392.25,REVERSAL,0,1,40.0,196.5,270,40.0,1.0,2
5499,2025-W48,LOW,2025-11-28 11:54:31,2025-11-28 12:00:55,SHORT,25422.5,25412.5,REVERSAL,0,1,40.0,196.5,2775,40.0,36.0,12
5500,2025-W48,LOW,2025-11-28 12:01:31,2025-11-28 12:01:53,LONG,25405.5,25415.75,REVERSAL,0,1,41.0,201.5,143,41.0,0.0,2
5501,2025-W48,LOW,2025-11-28 12:04:52,2025-11-28 12:18:30,SHORT,25422.25,25422.0,REVERSAL,1,2,42.0,203.0,5306,21.0,51.0,22
5502,2025-W48,LOW,2025-11-28 12:21:16,2025-11-28 12:23:44,SHORT,25425.25,25415.25,REVERSAL,0,1,40.0,196.5,659,40.0,17.0,3
5503,2025-W48,LOW,2025-11-28 12:26:31,2025-11-28 12:28:21,SHORT,25431.25,25421.25,REVERSAL,0,1,40.0,196.5,496,40.0,16.0,2
5504,2025-W48,LOW,2025-11-28 12:34:06,2025-11-28 12:35:14,LONG,25408.5,25419.0,REVERSAL,0,1,42.0,206.5,309,42.0,1.0,2
5505,2025-W48,LOW,2025-11-28 12:50:36,2025-11-28 12:51:01,SHORT,25434.25,25424.25,REVERSAL,0,1,40.0,196.5,456,40.0,2.0,2
5506,2025-W48,LOW,2025-11-28 12:52:57,2025-11-28 12:54:01,SHORT,25437.0,25427.0,REVERSAL,0,1,40.0,196.5,642,40.0,1.0,3
5507,2025-W48,LOW,2025-11-28 12:55:20,2025-11-28 12:58:03,SHORT,25451.75,25472.0,HARD_STOP,1,2,-121.0,-612.0,2606,23.0,60.5,11
5508,2025-W48,LOW,2025-11-28 13:00:06,2025-11-28 13:00:07,LONG,25471.75,25481.75,REVERSAL,0,1,40.0,196.5,171,40.0,13.0,1
5509,2025-W48,LOW,2025-11-28 13:00:07,2025-11-28 13:04:37,SHORT,25481.75,25481.75,REVERSAL,1,2,41.0,198.0,5242,39.0,51.5,22
