entry_date,entry_time,exit_date,exit_time,direction,entry_price,exit_price,exit_type,pnl_pts,pnl_dollar,win,std100,avg_range_10,avg_duration_10,band_width,range_bw_ratio,ema_position,price_position,stddev_ratio,hour
9/22/2025,09:30:25,9/22/2025,09:31:13,short,24823.0,24840.29,STOP,-17.2911,-349.82,0,17.291124,4.65,3.0,25.936686,0.179283,1.09708,1.598348,,9.0
9/22/2025,09:31:33,9/22/2025,09:33:22,short,24834.0,24854.96,STOP,-20.9632,-423.26,0,20.963198,5.7,4.0,31.444796,0.18127,1.092554,1.498893,,9.0
9/22/2025,09:39:34,9/22/2025,09:44:11,long,24831.5,24848.15,TARGET,16.6514,329.03,1,11.100963,4.55,9.4,16.651444,0.27325,0.716591,0.013406,,9.0
9/22/2025,09:44:11,9/22/2025,09:48:03,short,24846.75,24855.25,STOP,-8.497,-173.94,0,8.496974,5.15,8.9,12.745461,0.404065,0.188484,0.877978,,9.0
9/22/2025,09:48:28,9/22/2025,09:51:46,short,24857.5,24866.28,STOP,-8.7796,-179.59,0,8.779628,5.275,11.0,13.169442,0.400548,0.749385,1.648302,,9.0
9/22/2025,10:11:01,9/22/2025,10:13:06,long,24862.75,24855.03,STOP,-7.7171,-158.34,0,7.717108,4.275,16.8,11.575661,0.369309,0.761793,-0.333646,0.224629,10.0
9/22/2025,10:13:27,9/22/2025,10:17:09,long,24865.0,24876.8,TARGET,11.7982,231.96,1,7.865485,3.975,13.1,11.798227,0.336915,0.294615,-0.116194,0.227162,10.0
9/22/2025,10:17:25,9/22/2025,10:21:30,short,24878.0,24886.1,STOP,-8.1024,-166.05,0,8.102413,4.15,13.9,12.15362,0.341462,0.296043,1.016718,0.231326,10.0
9/22/2025,10:22:00,9/22/2025,10:27:30,short,24884.25,24892.62,STOP,-8.3748,-171.5,0,8.374776,3.775,10.3,12.562164,0.300506,0.625438,1.285892,0.230821,10.0
9/22/2025,11:05:08,9/22/2025,11:12:14,long,24916.5,24909.16,STOP,-7.3395,-150.79,0,7.33951,3.35,14.8,11.009264,0.304289,0.795916,0.042204,0.209062,11.0
9/22/2025,11:15:25,9/22/2025,11:17:26,long,24914.0,24907.28,STOP,-6.7208,-138.42,0,6.72085,3.9,20.1,10.081274,0.386856,0.07875,-0.287847,0.20912,11.0
9/22/2025,11:31:18,9/22/2025,11:33:51,short,24925.5,24913.55,TARGET,11.9478,234.96,1,7.965207,3.225,26.3,11.947811,0.269924,0.350035,1.049473,0.262055,11.0
9/22/2025,11:34:18,9/22/2025,11:34:44,long,24912.75,24905.2,STOP,-7.5464,-154.93,0,7.546372,3.275,22.7,11.319557,0.289322,0.427448,0.023391,0.248531,11.0
9/22/2025,11:35:28,9/22/2025,11:36:26,long,24910.5,24904.23,STOP,-6.2658,-129.32,0,6.265786,5.15,4.4,9.398678,0.547949,0.273654,0.043287,0.208589,11.0
9/22/2025,11:50:03,9/22/2025,11:55:48,short,24916.75,24907.67,TARGET,9.0835,177.67,1,6.055671,4.2,31.1,9.083506,0.462377,0.407927,1.049347,0.215279,11.0
9/22/2025,11:55:48,9/22/2025,12:00:28,long,24908.25,24916.5,REVERSAL,8.25,161.0,1,6.077193,4.075,32.0,9.11579,0.447027,0.448046,0.08698,0.225962,11.0
9/22/2025,12:00:28,9/22/2025,12:01:11,short,24916.5,24922.48,STOP,-5.9826,-123.65,0,5.982589,4.0,36.6,8.973883,0.445738,0.450781,0.962175,0.231736,12.0
9/22/2025,12:01:11,9/22/2025,12:05:28,short,24921.75,24912.5,TARGET,9.2487,180.97,1,6.165819,3.625,30.4,9.248728,0.391946,0.54746,1.479324,0.244513,12.0
9/22/2025,12:05:51,9/22/2025,12:06:47,short,24920.0,24926.54,STOP,-6.5361,-134.72,0,6.53609,4.425,17.2,9.804135,0.45134,0.863352,1.21271,0.281644,12.0
9/22/2025,12:13:22,9/22/2025,12:15:55,short,24946.0,24958.96,STOP,-12.9571,-263.14,0,12.957053,4.45,10.5,19.43558,0.228962,1.116008,1.562227,0.583781,12.0
9/22/2025,13:13:45,9/22/2025,13:14:58,long,24981.75,24977.64,STOP,-4.1137,-86.27,0,4.113739,3.65,32.9,6.170609,0.591514,0.678919,-0.153096,0.13945,13.0
9/22/2025,13:16:29,9/22/2025,13:17:00,long,24982.0,24977.21,STOP,-4.7907,-99.81,0,4.79071,3.125,14.5,7.186065,0.434869,0.280541,0.053302,0.161332,13.0
9/22/2025,13:22:33,9/22/2025,13:32:49,short,24991.0,24995.98,STOP,-4.983,-103.66,0,4.983036,4.25,25.5,7.474554,0.568596,0.312329,1.391023,0.165258,13.0
9/22/2025,13:32:58,9/22/2025,13:33:35,short,24989.0,24981.75,TARGET,7.2532,141.06,1,4.835475,4.05,23.6,7.253213,0.558373,0.578462,0.89741,0.156359,13.0
9/22/2025,13:33:35,9/22/2025,13:37:30,long,24981.75,24989.02,TARGET,7.2667,141.33,1,4.844463,4.2,17.8,7.266694,0.577979,0.549628,-0.090709,0.156433,13.0
9/22/2025,13:37:30,9/22/2025,13:43:51,short,24988.75,24993.59,STOP,-4.8385,-100.77,0,4.838473,2.95,22.4,7.257709,0.406464,0.472077,0.977768,0.155352,13.0
9/22/2025,13:46:16,9/22/2025,13:48:13,short,24992.5,24997.95,STOP,-5.4494,-112.99,0,5.44939,3.05,19.5,8.174085,0.37313,0.849019,1.297643,0.171113,13.0
9/22/2025,13:57:37,9/22/2025,14:03:44,long,24984.25,24993.47,TARGET,9.2163,180.33,1,6.144169,3.6,26.9,9.216254,0.390614,0.830992,0.048895,0.192126,13.0
9/22/2025,14:03:44,9/22/2025,14:11:25,short,24993.75,24998.91,STOP,-5.1628,-107.26,0,5.162814,2.925,29.4,7.744221,0.377701,0.629745,1.043631,0.163931,14.0
9/22/2025,14:13:51,9/22/2025,14:16:31,short,24998.75,25004.21,STOP,-5.4623,-113.25,0,5.462328,2.9,26.4,8.193492,0.353939,0.817594,1.36227,0.178379,14.0
9/22/2025,14:54:38,9/22/2025,14:57:16,long,25006.25,25014.11,TARGET,7.8593,153.19,1,5.239558,3.0,30.8,7.859337,0.381712,0.746193,0.215307,0.219541,14.0
9/22/2025,14:57:16,9/22/2025,15:11:19,short,25014.0,25018.72,STOP,-4.7244,-98.49,0,4.724405,3.175,31.7,7.086607,0.448028,0.654067,1.205556,0.202377,14.0
9/22/2025,15:12:32,9/22/2025,15:12:55,short,25015.5,25019.76,STOP,-4.2632,-89.26,0,4.263241,2.825,26.7,6.394862,0.441761,0.79339,1.181016,0.21594,15.0
9/22/2025,15:33:50,9/22/2025,15:36:15,long,25010.75,25006.36,STOP,-4.391,-91.82,0,4.390999,3.625,37.3,6.586498,0.550368,0.697811,-0.076558,0.256604,15.0
9/22/2025,15:40:13,9/22/2025,15:40:55,long,25003.0,24995.9,STOP,-7.1026,-146.05,0,7.102614,2.95,14.2,10.65392,0.276893,0.023553,-0.372683,0.44777,15.0
9/23/2025,09:30:01,9/23/2025,09:31:29,long,24996.75,24988.45,STOP,-8.2983,-169.97,0,8.298307,4.525,30.1,12.447461,0.363528,0.599504,0.291925,0.848509,9.0
9/23/2025,09:31:29,9/23/2025,09:32:41,long,24990.25,25001.35,TARGET,11.0981,217.96,1,7.398758,6.1,5.9,11.098137,0.549642,0.524101,-0.112941,0.813489,9.0
9/23/2025,09:32:41,9/23/2025,09:33:02,short,25000.5,24993.75,REVERSAL,6.75,131.0,1,7.417066,5.45,6.7,11.125599,0.489861,0.460129,0.830544,0.846953,9.0
9/23/2025,09:33:02,9/23/2025,09:34:01,long,24993.75,25004.28,TARGET,10.5309,206.62,1,7.020605,5.5,6.3,10.530908,0.522272,0.419006,0.161947,0.813401,9.0
9/23/2025,09:34:01,9/23/2025,09:34:43,short,25004.25,24995.87,TARGET,8.3815,163.63,1,5.587696,4.925,7.4,8.381544,0.587601,0.285136,1.206314,0.665587,9.0
9/23/2025,09:34:43,9/23/2025,09:34:53,long,24996.75,24991.14,STOP,-5.613,-116.26,0,5.612987,4.5,8.0,8.419481,0.534475,0.382713,0.259486,0.675993,9.0
9/23/2025,09:35:08,9/23/2025,09:35:23,long,24992.25,24986.41,STOP,-5.8427,-120.85,0,5.842664,4.625,6.0,8.763996,0.527727,0.28496,-0.206014,0.703133,9.0
9/23/2025,09:52:43,9/23/2025,09:54:21,short,24967.5,24953.0,REVERSAL,14.5,286.0,1,10.785017,5.125,10.8,16.177526,0.316798,0.438179,0.915391,0.628382,9.0
9/23/2025,09:54:21,9/23/2025,09:54:41,long,24953.0,24945.36,STOP,-7.6366,-156.73,0,7.63663,4.525,9.8,11.454945,0.395026,0.675428,0.008727,0.436512,9.0
9/23/2025,09:54:53,9/23/2025,09:55:08,long,24947.25,24940.32,STOP,-6.9289,-142.58,0,6.928932,4.975,8.7,10.393398,0.478669,0.616048,-0.479468,0.387924,9.0
9/23/2025,10:05:35,9/23/2025,10:12:44,short,24954.5,24939.38,TARGET,15.1226,298.45,1,10.08172,4.725,11.2,15.122579,0.312447,0.263366,1.000411,0.424492,10.0
9/23/2025,10:12:44,9/23/2025,10:13:02,long,24939.5,24951.04,TARGET,11.5358,226.72,1,7.690505,5.225,11.2,11.535758,0.452939,0.81555,-0.022072,0.311206,10.0
9/23/2025,10:13:02,9/23/2025,10:13:46,short,24952.0,24959.69,STOP,-7.6895,-157.79,0,7.689522,5.2,9.4,11.534283,0.45083,0.804461,1.067872,0.310771,10.0
9/23/2025,10:13:53,9/23/2025,10:15:45,short,24958.75,24946.69,TARGET,12.0572,237.14,1,8.038132,4.6,9.8,12.057198,0.381515,0.852398,1.556008,0.325104,10.0
9/23/2025,10:16:13,9/23/2025,10:18:18,short,24952.0,24959.93,STOP,-7.9286,-162.57,0,7.928576,4.625,12.6,11.892864,0.388889,0.814197,0.883213,0.321052,10.0
9/23/2025,10:18:18,9/23/2025,10:22:07,short,24957.75,24946.42,TARGET,11.3333,222.67,1,7.555532,4.85,15.3,11.333298,0.427942,0.80166,1.300076,0.305865,10.0
9/23/2025,10:22:07,9/23/2025,10:22:26,long,24949.25,24942.76,STOP,-6.4922,-133.84,0,6.49219,4.875,13.1,9.738284,0.500602,0.716744,0.321837,0.264247,10.0
9/23/2025,10:22:26,9/23/2025,10:24:38,long,24943.75,24937.32,STOP,-6.4267,-132.53,0,6.426704,5.125,12.3,9.640056,0.531636,0.640198,-0.255701,0.261501,10.0
9/23/2025,10:27:31,9/23/2025,10:35:08,short,24957.75,24948.08,TARGET,9.6712,189.42,1,6.447453,4.85,13.2,9.671179,0.50149,0.231149,1.245514,0.261339,10.0
9/23/2025,10:35:23,9/23/2025,10:40:17,short,24957.75,24948.11,TARGET,9.6444,188.89,1,6.429568,4.4,17.7,9.644353,0.456226,0.604937,1.109683,0.284892,10.0
9/23/2025,10:40:55,9/23/2025,10:41:31,short,24960.0,24966.39,STOP,-6.3883,-131.77,0,6.388276,5.05,16.2,9.582414,0.527007,0.693253,1.274074,0.299233,10.0
9/23/2025,10:42:41,9/23/2025,10:43:52,short,24967.25,24954.74,TARGET,12.5071,246.14,1,8.338069,3.325,7.7,12.507104,0.265849,0.966066,1.536211,0.39668,10.0
9/23/2025,10:44:27,9/23/2025,10:47:23,long,24950.0,24941.57,STOP,-8.4349,-172.7,0,8.434874,3.9,10.6,12.652311,0.308244,0.834729,0.145914,0.408273,10.0
9/23/2025,10:48:03,9/23/2025,10:55:15,long,24947.75,24958.59,TARGET,10.8369,212.74,1,7.2246,4.625,10.5,10.836901,0.426783,0.237344,-0.199462,0.364992,10.0
9/23/2025,10:55:31,9/23/2025,10:57:20,short,24960.5,24949.33,TARGET,11.1727,219.45,1,7.448444,3.975,18.8,11.172666,0.355779,0.274705,1.048884,0.42139,10.0
9/23/2025,10:57:20,9/23/2025,11:00:37,long,24948.0,24940.49,STOP,-7.506,-154.12,0,7.506002,3.725,16.2,11.259003,0.330846,0.34849,-0.073541,0.441063,10.0
9/23/2025,11:00:37,9/23/2025,11:09:56,long,24940.0,24950.75,REVERSAL,10.75,211.0,1,8.166892,3.925,17.5,12.250337,0.320399,0.187717,-0.592011,0.505981,11.0
9/23/2025,11:09:56,9/23/2025,11:12:11,short,24950.75,24957.03,STOP,-6.2849,-129.7,0,6.284875,4.475,15.5,9.427312,0.474685,0.21219,1.008098,0.497626,11.0
9/23/2025,11:15:23,9/23/2025,11:17:57,short,24955.0,24963.25,STOP,-8.2501,-169.0,0,8.25012,3.9,15.3,12.37518,0.315147,0.821299,1.049891,0.759086,11.0
9/23/2025,11:37:47,9/23/2025,11:39:43,long,24950.0,24942.14,STOP,-7.8647,-161.29,0,7.864716,4.0,25.4,11.797073,0.339067,0.564683,-0.029792,0.893702,11.0
9/23/2025,11:43:14,9/23/2025,11:46:20,long,24941.0,24955.69,TARGET,14.6895,289.79,1,9.792973,4.075,10.7,14.689459,0.27741,-0.116446,-0.43145,1.069594,11.0
9/23/2025,11:47:30,9/23/2025,11:54:08,short,24960.0,24945.54,TARGET,14.4646,285.29,1,9.643082,3.625,19.2,14.464623,0.250611,0.161993,0.955249,1.072228,11.0
9/23/2025,11:54:08,9/23/2025,12:06:52,long,24945.25,24936.26,STOP,-8.9892,-183.78,0,8.989192,4.85,29.8,13.483788,0.359691,0.349965,-0.001157,1.025214,11.0
9/23/2025,12:06:52,9/23/2025,12:08:23,long,24935.75,24928.19,STOP,-7.5644,-155.29,0,7.564408,3.725,30.6,11.346613,0.328292,0.316525,-0.543043,0.868193,12.0
9/23/2025,12:20:39,9/23/2025,12:29:00,short,24946.75,24929.16,TARGET,17.5888,347.78,1,11.725886,3.15,17.8,17.588829,0.179091,0.306447,1.000886,1.09274,12.0
9/23/2025,12:29:00,9/23/2025,12:35:02,long,24929.25,24919.48,STOP,-9.7672,-199.34,0,9.767168,4.6,28.8,14.650752,0.313977,0.700775,0.059238,0.901253,12.0
9/23/2025,12:35:02,9/23/2025,12:35:11,long,24919.0,24932.42,TARGET,13.4196,264.39,1,8.946375,5.25,22.8,13.419562,0.39122,0.631859,-0.582189,0.798654,12.0
9/23/2025,12:35:11,9/23/2025,12:36:20,short,24935.25,24924.0,REVERSAL,11.25,221.0,1,9.009667,6.55,15.6,13.514501,0.484665,0.580641,0.664268,0.793063,12.0
9/23/2025,12:36:20,9/23/2025,12:38:04,long,24924.0,24937.58,TARGET,13.5793,267.59,1,9.052835,6.875,7.8,13.579252,0.506287,0.526988,-0.1567,0.788622,12.0
9/23/2025,12:38:04,9/23/2025,12:49:11,short,24941.0,24949.94,STOP,-8.9373,-182.75,0,8.937315,5.55,14.3,13.405973,0.413995,0.453673,1.068403,0.765752,12.0
9/23/2025,12:49:11,9/23/2025,12:53:52,short,24950.0,24938.74,TARGET,11.2573,221.15,1,7.50484,3.45,13.9,11.25726,0.306469,0.635965,1.567978,0.642619,12.0
9/23/2025,12:55:00,9/23/2025,12:55:34,long,24931.25,24923.87,STOP,-7.3798,-151.6,0,7.379812,4.525,25.6,11.069717,0.408773,0.824069,-0.082445,0.632789,12.0
9/23/2025,12:56:27,9/23/2025,13:01:21,long,24926.25,24918.31,STOP,-7.941,-162.82,0,7.940974,4.15,8.7,11.911461,0.348404,0.501133,-0.296082,0.665832,12.0
9/23/2025,13:47:18,9/23/2025,13:48:23,short,24818.5,24828.79,STOP,-10.2919,-209.84,0,10.291926,7.45,6.5,15.43789,0.482579,0.377499,1.283786,0.201435,13.0
9/23/2025,13:50:03,9/23/2025,14:02:26,short,24831.5,24845.47,STOP,-13.9658,-283.32,0,13.965809,4.95,7.0,20.948713,0.236291,1.065224,1.572023,0.272275,13.0
9/23/2025,14:03:41,9/23/2025,14:06:05,long,24820.75,24812.59,STOP,-8.1635,-167.27,0,8.163459,5.975,10.3,12.245189,0.487947,0.587382,-0.196804,0.165289,14.0
9/23/2025,14:06:16,9/23/2025,14:10:08,long,24824.75,24816.43,STOP,-8.323,-170.46,0,8.323049,6.1,12.5,12.484574,0.488603,0.246835,0.166789,0.170503,14.0
9/23/2025,14:26:35,9/23/2025,14:39:19,short,24823.75,24805.18,TARGET,18.5683,367.37,1,12.378882,4.325,11.3,18.568323,0.232924,0.194028,1.013644,0.296037,14.0
9/23/2025,14:39:31,9/23/2025,14:47:41,long,24803.75,24820.8,TARGET,17.0549,337.1,1,11.369932,4.95,13.6,17.054898,0.290239,0.871739,-0.055266,0.329949,14.0
9/23/2025,14:50:24,9/23/2025,14:53:34,long,24806.5,24796.13,STOP,-10.3666,-211.33,0,10.366568,4.45,20.4,15.549851,0.286176,0.423857,-0.050166,0.359339,14.0
9/23/2025,14:55:43,9/23/2025,14:57:15,long,24803.0,24792.26,STOP,-10.7444,-218.89,0,10.744417,6.575,12.9,16.116626,0.407964,0.008389,-0.198037,0.418141,14.0
9/23/2025,15:11:41,9/23/2025,15:17:22,short,24809.0,24817.18,STOP,-8.1764,-167.53,0,8.176366,4.675,18.1,12.26455,0.38118,0.296356,1.02081,0.435943,15.0
9/23/2025,15:20:12,9/23/2025,15:21:22,short,24817.25,24803.02,TARGET,14.2293,280.59,1,9.486182,4.025,15.1,14.229273,0.282868,1.017258,1.479671,0.637065,15.0
9/23/2025,15:27:20,9/23/2025,15:30:00,long,24793.5,24807.65,TARGET,14.1512,279.02,1,9.434132,5.125,22.7,14.151198,0.36216,0.664771,-0.257533,0.697653,15.0
9/23/2025,15:32:31,9/23/2025,15:40:35,short,24813.75,24822.23,STOP,-8.4773,-173.55,0,8.477344,4.375,18.2,12.716017,0.344054,0.520118,1.123426,0.644929,15.0
9/23/2025,15:40:35,9/23/2025,15:45:00,short,24822.75,24830.98,STOP,-8.232,-168.64,0,8.232026,4.325,22.2,12.348039,0.350258,0.750018,1.552799,0.630495,15.0
9/24/2025,09:30:01,9/24/2025,09:30:07,short,24889.5,24899.21,STOP,-9.7068,-198.14,0,9.706834,5.05,30.1,14.56025,0.346835,0.268745,0.827776,0.328136,9.0
9/24/2025,09:30:07,9/24/2025,09:30:36,short,24889.25,24876.0,REVERSAL,13.25,261.0,1,9.810159,5.675,15.5,14.715238,0.385655,0.353066,0.79816,0.331851,9.0
9/24/2025,09:30:36,9/24/2025,09:30:47,long,24876.0,24866.76,STOP,-9.2404,-188.81,0,9.240431,6.3,3.5,13.860647,0.454524,0.458202,-0.086733,0.314884,9.0
9/24/2025,09:31:00,9/24/2025,09:31:09,long,24872.0,24864.53,STOP,-7.4677,-153.35,0,7.467651,5.2,3.4,11.201477,0.464224,0.364578,-0.322883,0.260578,9.0
9/24/2025,09:42:54,9/24/2025,09:43:59,short,24846.0,24834.9,TARGET,11.1017,218.03,1,7.401103,6.375,8.8,11.101654,0.574239,0.448844,1.01051,0.288573,9.0
9/24/2025,09:43:59,9/24/2025,09:43:59,long,24830.75,24841.19,TARGET,10.4398,204.8,1,6.959854,6.375,10.2,10.439781,0.610645,0.585292,-0.3652,0.273634,9.0
9/24/2025,09:43:59,9/24/2025,09:45:51,long,24834.5,24827.58,STOP,-6.9172,-142.34,0,6.917223,6.975,9.3,10.375834,0.672235,0.576462,0.004859,0.272271,9.0
9/24/2025,09:46:01,9/24/2025,09:46:36,long,24836.5,24829.39,STOP,-7.1116,-146.23,0,7.111566,5.15,9.1,10.667349,0.482782,0.305936,0.23986,0.284635,9.0
9/24/2025,09:59:34,9/24/2025,10:02:40,short,24823.75,24805.35,TARGET,18.3971,363.94,1,12.264704,5.35,15.8,18.397056,0.290807,0.465991,1.143445,0.398374,9.0
9/24/2025,10:03:34,9/24/2025,10:03:48,short,24815.0,24823.62,STOP,-8.6217,-176.43,0,8.621682,5.9,12.6,12.932523,0.456214,0.820173,0.986371,0.274392,10.0
9/24/2025,10:05:20,9/24/2025,10:09:43,short,24830.75,24814.0,REVERSAL,16.75,331.0,1,12.837727,4.025,6.5,19.25659,0.209019,1.072544,1.439678,0.410221,10.0
9/24/2025,10:09:43,9/24/2025,10:14:13,long,24814.0,24826.5,REVERSAL,12.5,246.0,1,8.751098,5.35,14.0,13.126647,0.407568,0.674188,0.160043,0.273174,10.0
9/24/2025,10:14:13,9/24/2025,10:17:02,short,24826.5,24834.71,STOP,-8.2143,-168.29,0,8.214345,6.3,13.3,12.321518,0.511301,0.396351,1.075213,0.254691,10.0
9/24/2025,10:17:14,9/24/2025,10:21:37,short,24832.0,24819.35,TARGET,12.6521,249.04,1,8.434727,5.35,14.7,12.65209,0.422855,0.594105,1.345908,0.260495,10.0
9/24/2025,10:21:45,9/24/2025,10:31:24,long,24818.0,24825.75,REVERSAL,7.75,151.0,1,8.626,5.225,17.1,12.938999,0.403818,0.643976,0.059665,0.275518,10.0
9/24/2025,10:31:24,9/24/2025,10:32:10,short,24825.75,24814.91,TARGET,10.8446,212.89,1,7.229756,4.4,20.9,10.844634,0.405731,0.427758,0.954142,0.254373,10.0
9/24/2025,10:32:10,9/24/2025,10:32:35,long,24814.25,24807.09,STOP,-7.1607,-147.21,0,7.160719,5.075,16.6,10.741079,0.472485,0.408844,-0.132153,0.255566,10.0
9/24/2025,10:35:17,9/24/2025,10:41:32,long,24809.25,24799.31,STOP,-9.9398,-202.8,0,9.939801,5.025,12.8,14.909702,0.337029,0.019272,-0.134486,0.377805,10.0
9/24/2025,10:46:25,9/24/2025,10:49:25,short,24820.5,24828.68,STOP,-8.1829,-167.66,0,8.182928,4.65,19.0,12.274393,0.378837,0.280133,1.068867,0.345161,10.0
9/24/2025,10:49:30,9/24/2025,10:50:49,short,24825.5,24813.61,TARGET,11.8947,233.89,1,7.929803,4.825,17.5,11.894704,0.405643,0.642609,1.520202,0.351487,10.0
9/24/2025,10:50:49,9/24/2025,10:51:41,short,24819.25,24827.2,STOP,-7.9535,-163.07,0,7.95351,4.55,15.5,11.930265,0.381383,0.700639,0.989721,0.362557,10.0
9/24/2025,10:51:41,9/24/2025,10:53:44,short,24825.25,24813.15,TARGET,12.103,238.06,1,8.068645,4.9,16.8,12.102967,0.404859,0.725876,1.461335,0.371601,10.0
9/24/2025,10:54:35,9/24/2025,10:55:19,long,24806.0,24797.53,STOP,-8.4735,-173.47,0,8.473522,4.4,15.5,12.710282,0.346176,0.746542,-0.109152,0.414917,10.0
9/24/2025,10:55:31,9/24/2025,10:57:30,long,24799.25,24790.25,STOP,-8.9997,-183.99,0,8.999693,4.525,12.1,13.49954,0.335197,0.542169,-0.49596,0.457765,10.0
9/24/2025,11:20:03,9/24/2025,11:21:01,short,24794.5,24801.63,STOP,-7.1281,-146.56,0,7.128104,5.025,22.9,10.692156,0.469971,0.174607,0.724697,0.440314,11.0
9/24/2025,11:21:01,9/24/2025,11:22:41,short,24797.0,24803.61,STOP,-6.6125,-136.25,0,6.612478,4.1,18.1,9.918717,0.41336,0.32522,1.02653,0.409168,11.0
9/24/2025,11:31:28,9/24/2025,11:33:24,long,24785.75,24778.19,STOP,-7.5607,-155.21,0,7.560731,4.275,21.0,11.341096,0.376948,0.725149,-0.06961,0.492572,11.0
9/24/2025,11:35:43,9/24/2025,11:39:06,long,24774.25,24764.04,STOP,-10.2063,-208.13,0,10.206333,4.575,11.3,15.309499,0.298834,0.164748,-0.411526,0.643062,11.0
9/24/2025,12:18:39,9/24/2025,12:21:26,short,24660.5,24673.65,STOP,-13.1498,-267.0,0,13.149792,4.675,8.3,19.724688,0.237013,0.348044,0.908878,0.218393,12.0
9/24/2025,12:25:14,9/24/2025,12:27:44,short,24683.25,24702.02,STOP,-18.7687,-379.37,0,18.768726,4.2,10.0,28.153089,0.149184,1.1316,1.402832,0.319138,12.0
9/24/2025,12:46:32,9/24/2025,12:47:09,long,24680.5,24692.61,TARGET,12.1103,238.21,1,8.073508,5.2,16.9,12.110261,0.429388,0.683097,-0.318727,0.158406,12.0
9/24/2025,12:47:33,9/24/2025,12:50:12,short,24695.0,24687.5,REVERSAL,7.5,146.0,1,7.297977,5.5,15.2,10.946966,0.502422,0.613251,0.855121,0.144604,12.0
9/24/2025,12:50:12,9/24/2025,12:57:14,long,24687.5,24681.15,STOP,-6.3493,-130.99,0,6.349301,5.45,22.0,9.523951,0.572242,0.524287,0.02462,0.127501,12.0
9/24/2025,12:58:00,9/24/2025,12:59:04,long,24685.5,24679.25,STOP,-6.2496,-128.99,0,6.2496,5.125,22.4,9.3744,0.546702,0.168288,-0.177377,0.13095,12.0
9/24/2025,13:00:17,9/24/2025,13:01:38,short,24692.0,24698.16,STOP,-6.1615,-127.23,0,6.161539,4.975,25.1,9.242309,0.538285,0.113288,0.503516,0.130478,13.0
9/24/2025,13:01:38,9/24/2025,13:03:25,short,24696.5,24687.31,TARGET,9.191,179.82,1,6.127346,5.1,23.8,9.19102,0.554889,0.216035,0.986888,0.131132,13.0
9/24/2025,13:03:25,9/24/2025,13:04:14,long,24685.75,24694.55,TARGET,8.8041,172.08,1,5.869389,5.525,19.9,8.804083,0.62755,0.33593,-0.170712,0.127266,13.0
9/24/2025,13:04:14,9/24/2025,13:06:52,short,24693.75,24699.61,STOP,-5.8643,-121.29,0,5.864309,5.8,23.6,8.796463,0.659356,0.367581,0.739017,0.127942,13.0
9/24/2025,13:06:52,9/24/2025,13:08:01,short,24700.75,24706.51,STOP,-5.7636,-119.27,0,5.763569,6.625,27.3,8.645353,0.766308,0.495113,1.570517,0.128124,13.0
9/24/2025,13:45:51,9/24/2025,13:47:31,long,24719.25,24708.35,STOP,-10.9016,-222.03,0,10.901634,4.4,28.3,16.352451,0.269073,0.605027,-0.036617,0.381021,13.0
9/24/2025,13:47:31,9/24/2025,14:10:13,long,24708.5,24696.95,STOP,-11.5458,-234.92,0,11.545773,4.575,14.0,17.318659,0.264166,0.40519,-0.562582,0.404395,13.0
9/24/2025,14:15:43,9/24/2025,14:21:25,short,24711.25,24699.0,REVERSAL,12.25,241.0,1,10.249629,4.6,18.5,15.374444,0.299198,0.104974,0.694479,0.36363,14.0
9/24/2025,14:21:25,9/24/2025,14:31:25,long,24699.0,24710.9,TARGET,11.9034,234.07,1,7.935573,4.6,26.7,11.903359,0.386446,0.384125,-0.074838,0.282143,14.0
9/24/2025,14:31:25,9/24/2025,14:38:05,short,24710.25,24718.37,STOP,-8.1189,-166.38,0,8.118871,4.85,27.8,12.178307,0.398249,0.386794,0.997401,0.296183,14.0
9/24/2025,14:41:41,9/24/2025,14:45:22,short,24715.25,24724.24,STOP,-8.9943,-183.89,0,8.99433,4.075,20.6,13.491495,0.302042,0.972656,1.275489,0.355845,14.0
9/24/2025,15:15:00,9/24/2025,15:19:30,long,24717.0,24730.6,TARGET,13.598,267.96,1,9.065339,4.5,38.6,13.598008,0.330931,0.679786,-0.066076,0.530955,15.0
9/24/2025,15:19:30,9/24/2025,15:24:15,short,24732.0,24724.75,REVERSAL,7.25,141.0,1,7.777665,4.475,27.0,11.666497,0.383577,0.536513,1.000793,0.459677,15.0
9/24/2025,15:24:15,9/24/2025,15:36:05,long,24724.75,24717.21,STOP,-7.5412,-154.82,0,7.54122,4.25,34.3,11.31183,0.375713,0.454847,0.336454,0.455912,15.0
9/24/2025,15:39:59,9/24/2025,15:42:17,long,24720.0,24713.1,STOP,-6.898,-141.96,0,6.897994,3.625,26.1,10.346991,0.350343,0.007096,-0.20721,0.431281,15.0
9/25/2025,09:30:00,9/25/2025,09:30:03,short,24571.25,24558.25,REVERSAL,13.0,256.0,1,11.185831,5.95,14.0,16.778747,0.354615,0.947518,0.871452,0.141664,9.0
9/25/2025,09:30:03,9/25/2025,09:30:20,long,24558.25,24547.04,STOP,-11.206,-228.12,0,11.205998,6.5,12.0,16.808998,0.386698,0.879272,0.107948,0.141416,9.0
9/25/2025,09:30:20,9/25/2025,09:30:27,long,24545.5,24534.12,STOP,-11.3785,-231.57,0,11.378512,7.775,2.0,17.067767,0.455537,0.703757,-0.619947,0.142355,9.0
9/25/2025,09:46:48,9/25/2025,09:48:26,short,24462.0,24477.69,STOP,-15.6929,-317.86,0,15.692867,6.25,4.5,23.5393,0.265513,0.433164,1.076377,0.199943,9.0
9/25/2025,09:49:21,9/25/2025,09:50:08,short,24481.0,24500.23,STOP,-19.2271,-388.54,0,19.227119,4.525,3.8,28.840679,0.156896,1.142155,1.503877,0.275979,9.0
9/25/2025,09:52:26,9/25/2025,09:58:32,long,24456.75,24434.68,STOP,-22.0674,-445.35,0,22.067394,6.1,3.2,33.101092,0.184284,0.742982,-0.15738,0.374799,9.0
9/25/2025,09:58:32,9/25/2025,10:00:01,long,24436.5,24470.35,TARGET,33.8519,673.04,1,22.567966,6.5,6.7,33.851949,0.192013,0.104312,-0.522984,0.436209,9.0
9/25/2025,10:00:24,9/25/2025,10:01:03,long,24451.0,24465.75,REVERSAL,14.75,291.0,1,13.330766,9.75,5.6,19.996149,0.487594,0.198938,0.037786,0.269585,10.0
9/25/2025,10:01:03,9/25/2025,10:01:24,short,24465.75,24476.45,STOP,-10.6979,-217.96,0,10.697908,7.825,6.2,16.046861,0.487634,0.254453,0.973924,0.218526,10.0
9/25/2025,10:03:04,9/25/2025,10:03:55,short,24485.25,24501.69,STOP,-16.4366,-332.73,0,16.436609,7.0,4.8,24.654913,0.283919,1.021516,1.391506,0.357412,10.0
9/25/2025,10:28:37,9/25/2025,10:32:07,long,24605.25,24626.48,TARGET,21.2282,420.56,1,14.152128,4.575,5.0,21.228192,0.215515,0.733587,0.057428,0.214876,10.0
9/25/2025,10:32:07,9/25/2025,10:36:08,short,24629.75,24617.25,REVERSAL,12.5,246.0,1,10.847639,5.925,10.0,16.271459,0.364135,0.47574,1.147453,0.159481,10.0
9/25/2025,10:36:08,9/25/2025,10:36:36,long,24617.25,24609.04,STOP,-8.2125,-168.25,0,8.212513,5.275,12.2,12.318769,0.428208,0.461153,-0.003094,0.119615,10.0
9/25/2025,10:36:36,9/25/2025,10:38:12,long,24613.5,24625.98,TARGET,12.4774,245.55,1,8.318255,5.2,11.7,12.477383,0.416754,0.388369,-0.287625,0.121334,10.0
9/25/2025,10:38:22,9/25/2025,10:38:57,long,24619.5,24623.75,REVERSAL,4.25,81.0,1,8.364135,5.875,10.6,12.546202,0.468269,0.320038,0.209075,0.122898,10.0
9/25/2025,10:38:57,9/25/2025,10:39:25,short,24623.75,24632.12,STOP,-8.3673,-171.35,0,8.367339,6.375,11.0,12.551009,0.507927,0.361184,0.547606,0.123135,10.0
9/25/2025,10:39:25,9/25/2025,10:40:18,short,24632.5,24619.94,TARGET,12.5594,247.19,1,8.372967,7.175,11.7,12.55945,0.571283,0.399756,1.247843,0.123371,10.0
9/25/2025,10:40:29,9/25/2025,10:40:43,short,24622.5,24614.5,REVERSAL,8.0,156.0,1,7.639354,6.25,10.2,11.459031,0.545421,0.552772,0.50829,0.112991,10.0
9/25/2025,10:40:43,9/25/2025,10:41:49,long,24614.5,24625.66,TARGET,11.1608,219.22,1,7.440546,6.65,10.6,11.160818,0.595834,0.548249,-0.184314,0.110134,10.0
9/25/2025,10:42:03,9/25/2025,10:42:31,short,24631.0,24638.13,STOP,-7.1309,-146.62,0,7.130875,6.675,12.0,10.696312,0.624047,0.602458,1.381145,0.10581,10.0
9/25/2025,10:43:48,9/25/2025,10:45:22,short,24633.5,24619.83,TARGET,13.6748,269.5,1,9.116556,4.75,6.6,13.674835,0.347353,0.947791,1.247358,0.135345,10.0
9/25/2025,10:46:37,9/25/2025,10:47:31,long,24618.75,24630.83,TARGET,12.0796,237.59,1,8.053065,5.175,12.3,12.079597,0.428408,0.734833,-0.027335,0.12018,10.0
9/25/2025,10:47:31,9/25/2025,10:47:57,short,24632.0,24639.97,STOP,-7.9742,-163.48,0,7.974232,5.625,12.9,11.961347,0.470265,0.674046,1.060347,0.119167,10.0
9/25/2025,10:50:07,9/25/2025,10:50:34,short,24644.25,24627.93,TARGET,16.321,322.42,1,10.880661,5.575,10.6,16.320991,0.341585,0.955086,1.359936,0.160604,10.0
9/25/2025,10:50:44,9/25/2025,10:55:05,long,24620.25,24636.65,TARGET,16.3972,323.94,1,10.931463,5.175,5.1,16.397194,0.315603,0.814881,-0.126632,0.161446,10.0
9/25/2025,10:55:16,9/25/2025,10:56:03,short,24638.5,24648.41,STOP,-9.9058,-202.12,0,9.905789,6.075,14.8,14.858683,0.408852,0.454261,0.951588,0.145503,10.0
9/25/2025,10:56:03,9/25/2025,10:58:59,short,24649.0,24633.79,TARGET,15.2096,300.19,1,10.13976,5.725,12.8,15.209639,0.376406,0.553752,1.562155,0.149029,10.0
9/25/2025,11:00:11,9/25/2025,11:02:15,long,24630.0,24619.96,STOP,-10.0358,-204.72,0,10.035817,5.1,12.3,15.053725,0.338787,0.603835,0.111226,0.15222,11.0
9/25/2025,11:02:15,9/25/2025,11:02:51,long,24620.25,24609.9,STOP,-10.3476,-210.95,0,10.347559,7.0,12.4,15.521338,0.450992,0.443566,-0.430654,0.161771,11.0
9/25/2025,11:11:25,9/25/2025,11:14:44,short,24633.0,24652.55,STOP,-19.5504,-395.01,0,19.550364,5.75,7.8,29.325545,0.196075,0.136648,1.025566,0.4435,11.0
9/25/2025,11:15:34,9/25/2025,11:24:10,short,24642.5,24613.34,TARGET,29.1584,579.17,1,19.438901,6.3,11.8,29.158351,0.216062,0.931333,1.360045,0.530548,11.0
9/25/2025,11:25:13,9/25/2025,11:34:01,long,24607.0,24638.0,REVERSAL,31.0,616.0,1,21.725877,6.45,14.4,32.588816,0.197921,0.630474,0.010568,0.838392,11.0
9/25/2025,11:34:01,9/25/2025,11:35:30,short,24638.0,24656.71,STOP,-18.7067,-378.13,0,18.706733,6.075,14.1,28.0601,0.2165,0.245911,1.025568,0.964662,11.0
9/25/2025,11:35:44,9/25/2025,11:39:28,short,24648.5,24667.47,STOP,-18.9745,-383.49,0,18.974459,5.175,9.2,28.461689,0.181823,0.668049,1.380833,1.018504,11.0
9/25/2025,11:58:31,9/25/2025,12:00:36,long,24668.5,24685.82,TARGET,17.3154,342.31,1,11.543633,5.7,18.2,17.31545,0.329186,0.50132,-0.082572,0.433534,11.0
9/25/2025,12:00:36,9/25/2025,12:01:02,short,24688.5,24675.56,TARGET,12.9412,254.82,1,8.627492,6.925,14.8,12.941238,0.535111,0.326859,1.100986,0.317385,12.0
9/25/2025,12:01:12,9/25/2025,12:01:58,long,24678.5,24689.0,REVERSAL,10.5,206.0,1,7.703218,7.15,11.8,11.554827,0.618789,0.258775,0.253999,0.281556,12.0
9/25/2025,12:01:58,9/25/2025,12:03:11,short,24689.0,24677.91,TARGET,11.0905,217.81,1,7.393648,7.175,12.5,11.090471,0.646952,0.26601,1.152362,0.26862,12.0
9/25/2025,12:03:11,9/25/2025,12:05:00,long,24675.5,24668.44,STOP,-7.0642,-145.28,0,7.064175,7.025,16.6,10.596263,0.66297,0.25493,-0.141028,0.254551,12.0
9/25/2025,12:06:04,9/25/2025,12:07:05,long,24682.0,24674.88,STOP,-7.122,-146.44,0,7.121964,7.0,18.9,10.682946,0.65525,0.110253,0.474024,0.255066,12.0
9/25/2025,12:32:45,9/25/2025,12:39:09,short,24667.5,24646.39,TARGET,21.1085,418.17,1,14.072321,5.8,13.6,21.108482,0.274771,0.17109,0.87402,0.49604,12.0
9/25/2025,12:39:09,9/25/2025,12:40:19,long,24647.0,24634.22,STOP,-12.7835,-259.67,0,12.783528,7.85,31.5,19.175293,0.409381,0.379749,-0.043408,0.451779,12.0
9/25/2025,12:41:28,9/25/2025,13:13:12,long,24628.5,24639.75,REVERSAL,11.25,221.0,1,15.608606,7.05,6.9,23.412908,0.301116,0.131174,-0.495498,0.548262,12.0
9/25/2025,13:13:12,9/25/2025,13:15:01,short,24639.75,24622.6,TARGET,17.1502,339.0,1,11.433487,6.675,27.6,17.15023,0.389208,0.384873,0.978273,0.400796,13.0
9/25/2025,13:15:01,9/25/2025,13:15:20,long,24622.25,24615.39,STOP,-6.8615,-141.23,0,6.861521,7.95,8.1,10.292281,0.772424,0.697133,-0.144901,0.243435,13.0
9/25/2025,13:16:27,9/25/2025,13:17:39,long,24622.75,24634.12,TARGET,11.3687,223.37,1,7.579104,7.05,11.1,11.368656,0.620126,0.418124,0.050738,0.269285,13.0
9/25/2025,13:17:39,9/25/2025,13:18:32,short,24633.75,24622.63,TARGET,11.1231,218.46,1,7.415413,7.075,13.9,11.12312,0.636063,0.420038,0.996264,0.266033,13.0
9/25/2025,13:18:32,9/25/2025,13:19:19,long,24619.75,24612.34,STOP,-7.4098,-152.2,0,7.409759,7.125,16.6,11.114638,0.641047,0.423823,-0.248113,0.268802,13.0
9/25/2025,13:25:10,9/25/2025,13:36:34,long,24582.25,24558.96,STOP,-23.2925,-469.85,0,23.292507,6.875,12.4,34.93876,0.196773,-0.100697,-0.356427,0.773164,13.0
9/25/2025,14:10:12,9/25/2025,14:11:31,short,24498.75,24516.65,STOP,-17.9006,-362.01,0,17.900566,7.35,11.0,26.850849,0.273734,0.429565,0.819729,0.278627,14.0
9/25/2025,14:13:08,9/25/2025,14:15:11,short,24518.25,24535.38,STOP,-17.1251,-346.5,0,17.125109,6.225,9.7,25.687664,0.242334,0.994151,1.619312,0.268749,14.0
9/25/2025,15:10:30,9/25/2025,15:11:10,long,24612.25,24627.5,TARGET,15.2451,300.9,1,10.163385,5.85,19.6,15.245078,0.38373,0.683941,-0.030663,0.211321,15.0
9/25/2025,15:11:10,9/25/2025,15:14:52,short,24629.75,24614.48,TARGET,15.2701,301.4,1,10.180097,7.075,17.5,15.270146,0.463322,0.692349,1.117217,0.210757,15.0
9/25/2025,15:15:12,9/25/2025,15:23:48,long,24613.0,24603.24,STOP,-9.762,-199.24,0,9.76198,6.4,25.3,14.64297,0.43707,0.609418,-0.077069,0.199575,15.0
9/25/2025,15:25:31,9/25/2025,15:26:31,long,24611.5,24601.21,STOP,-10.2883,-209.77,0,10.288257,5.4,17.6,15.432385,0.349914,-0.051725,-0.054354,0.206869,15.0
9/26/2025,09:31:17,9/26/2025,09:32:18,long,24615.5,24661.72,TARGET,46.2203,920.41,1,30.813513,6.85,3.1,46.220269,0.148203,-0.111991,-0.461862,0.784879,9.0
9/26/2025,09:32:26,9/26/2025,09:33:43,short,24672.5,24698.62,STOP,-26.1207,-526.41,0,26.120669,7.35,3.6,39.181004,0.187591,0.235763,1.101695,0.664494,9.0
9/26/2025,09:33:43,9/26/2025,09:41:29,short,24697.25,24665.75,REVERSAL,31.5,626.0,1,28.629523,5.65,4.9,42.944284,0.131566,0.801331,1.573309,0.713942,9.0
9/26/2025,09:41:29,9/26/2025,09:42:48,long,24665.75,24694.02,TARGET,28.2734,561.47,1,18.848954,8.175,5.9,28.273431,0.289141,0.605524,-0.061746,0.45065,9.0
9/26/2025,09:42:48,9/26/2025,09:43:10,short,24696.25,24707.51,STOP,-11.2608,-229.22,0,11.260813,6.825,7.9,16.891219,0.404056,0.364665,1.094392,0.271004,9.0
9/26/2025,09:43:36,9/26/2025,09:43:54,short,24703.75,24688.69,TARGET,15.0573,297.15,1,10.038193,5.9,6.1,15.05729,0.391837,0.514359,1.447548,0.242051,9.0
9/26/2025,09:43:57,9/26/2025,09:44:16,long,24685.5,24675.71,STOP,-9.7924,-199.85,0,9.792368,7.025,6.0,14.688552,0.478264,0.469486,0.208106,0.237712,9.0
9/26/2025,09:44:16,9/26/2025,09:45:02,long,24674.5,24664.65,STOP,-9.8524,-201.05,0,9.852443,8.175,6.6,14.778664,0.553162,0.416085,-0.533585,0.240962,9.0
9/26/2025,09:47:01,9/26/2025,09:49:02,short,24694.5,24709.34,STOP,-14.8366,-300.73,0,14.836621,8.25,7.3,22.254931,0.370704,0.185315,1.034376,0.387648,9.0
9/26/2025,09:49:02,9/26/2025,09:50:59,short,24709.5,24685.43,TARGET,24.0721,477.44,1,16.048073,7.075,7.9,24.07211,0.293909,0.601498,1.524422,0.416539,9.0
9/26/2025,09:53:48,9/26/2025,09:55:43,short,24697.5,24676.25,REVERSAL,21.25,421.0,1,16.438922,8.625,12.6,24.658383,0.34978,0.65174,0.952584,0.419627,9.0
9/26/2025,09:55:43,9/26/2025,09:56:44,long,24676.25,24697.75,REVERSAL,21.5,426.0,1,16.176202,7.8,13.9,24.264304,0.32146,0.587087,0.054284,0.411851,9.0
9/26/2025,09:56:44,9/26/2025,09:59:54,short,24697.75,24713.7,STOP,-15.9541,-323.08,0,15.954082,7.1,13.0,23.931123,0.296685,0.620868,0.965712,0.405833,9.0
9/26/2025,09:59:54,9/26/2025,10:00:14,short,24715.0,24731.47,STOP,-16.4687,-333.37,0,16.468747,7.1,17.3,24.70312,0.287413,0.795251,1.601177,0.41562,9.0
9/26/2025,10:03:27,9/26/2025,10:04:04,long,24693.75,24680.03,STOP,-13.7179,-278.36,0,13.717903,6.475,7.7,20.576855,0.314674,0.814528,0.11498,0.364825,10.0
9/26/2025,10:04:04,9/26/2025,10:05:08,long,24683.75,24669.44,STOP,-14.3108,-290.22,0,14.310811,6.55,5.6,21.466217,0.305131,0.587539,-0.292291,0.389984,10.0
9/26/2025,10:35:50,9/26/2025,10:36:31,short,24559.5,24571.69,STOP,-12.1856,-247.71,0,12.185559,7.85,11.5,18.278339,0.42947,0.645427,1.144479,0.20432,10.0
9/26/2025,10:36:46,9/26/2025,10:38:11,short,24565.75,24577.9,STOP,-12.1511,-247.02,0,12.151054,7.2,7.0,18.226581,0.395027,0.909222,1.487431,0.20278,10.0
9/26/2025,10:48:29,9/26/2025,10:49:46,long,24597.75,24574.26,STOP,-23.4893,-473.79,0,23.489293,7.225,9.1,35.233939,0.205058,0.552922,0.290685,0.428201,10.0
9/26/2025,10:49:46,9/26/2025,11:03:41,long,24571.25,24589.25,REVERSAL,18.0,356.0,1,21.685634,7.8,11.6,32.528451,0.23979,0.326967,-0.57944,0.396267,10.0
9/26/2025,11:03:41,9/26/2025,11:05:25,short,24589.25,24571.44,TARGET,17.8065,352.13,1,11.87099,7.475,11.5,17.806485,0.419791,0.39267,1.12393,0.255439,11.0
9/26/2025,11:05:35,9/26/2025,11:06:14,long,24572.0,24586.0,REVERSAL,14.0,276.0,1,11.169511,8.45,10.7,16.754266,0.504349,0.601259,0.187393,0.255671,11.0
9/26/2025,11:06:14,9/26/2025,11:10:20,short,24586.0,24571.25,REVERSAL,14.75,291.0,1,11.159976,8.775,12.3,16.739964,0.524195,0.598165,1.040174,0.261808,11.0
9/26/2025,11:10:20,9/26/2025,11:11:47,long,24571.25,24561.81,STOP,-9.4442,-192.88,0,9.444237,8.4,18.9,14.166356,0.592954,0.550047,-0.119602,0.259633,11.0
9/26/2025,11:12:56,9/26/2025,11:14:43,long,24565.0,24554.54,STOP,-10.4624,-213.25,0,10.462367,6.775,13.6,15.69355,0.431706,0.263718,-0.361978,0.320603,11.0
9/26/2025,11:17:01,9/26/2025,11:18:08,short,24578.25,24589.37,STOP,-11.1208,-226.42,0,11.120776,6.725,10.5,16.681163,0.403149,0.216942,0.793145,0.393206,11.0
9/26/2025,11:18:08,9/26/2025,11:19:22,short,24589.0,24599.87,STOP,-10.8693,-221.39,0,10.869258,6.325,10.7,16.303887,0.387944,0.416552,1.477374,0.395689,11.0
9/26/2025,11:38:40,9/26/2025,11:44:14,long,24590.5,24616.07,TARGET,25.5717,507.43,1,17.047833,7.775,18.7,25.57175,0.304046,0.711263,-0.156095,0.624217,11.0
9/26/2025,11:45:03,9/26/2025,11:59:05,long,24594.0,24578.2,STOP,-15.7951,-319.9,0,15.795058,7.75,17.6,23.692587,0.327107,0.367957,-0.130155,0.579565,11.0
9/26/2025,12:02:01,9/26/2025,12:04:01,long,24587.5,24574.59,STOP,-12.907,-262.14,0,12.906993,7.775,16.8,19.36049,0.401591,-0.008763,-0.228933,0.482167,12.0
9/26/2025,12:14:21,9/26/2025,12:18:53,short,24602.0,24612.26,STOP,-10.255,-209.1,0,10.255022,9.3,31.1,15.382532,0.604582,0.203962,1.07289,0.438711,12.0
9/26/2025,12:26:17,9/26/2025,13:11:43,short,24673.5,24707.93,STOP,-34.4336,-692.67,0,34.433648,5.75,8.9,51.650472,0.111325,1.12798,1.636921,1.309429,12.0
9/26/2025,13:41:24,9/26/2025,13:43:43,long,24691.5,24705.12,TARGET,13.6185,268.37,1,9.078977,6.5,23.8,13.618465,0.477293,0.749075,-0.024472,0.192933,13.0
9/26/2025,13:43:43,9/26/2025,13:44:57,short,24706.25,24694.9,TARGET,11.3499,223.0,1,7.566621,6.125,23.3,11.349931,0.539651,0.673725,1.06388,0.160484,13.0
9/26/2025,13:44:57,9/26/2025,13:46:35,long,24695.5,24688.33,STOP,-7.1689,-147.38,0,7.168878,6.225,29.3,10.753318,0.578891,0.623221,0.068273,0.151988,13.0
9/26/2025,13:46:49,9/26/2025,13:53:12,long,24690.5,24683.33,STOP,-7.1658,-147.32,0,7.165841,5.65,28.7,10.748761,0.525642,0.449969,-0.396382,0.151907,13.0
9/26/2025,14:00:58,9/26/2025,14:05:28,short,24704.25,24687.3,TARGET,16.9518,335.04,1,11.301209,4.35,19.9,16.951813,0.25661,0.107831,1.012187,0.24098,14.0
9/26/2025,14:05:28,9/26/2025,14:10:08,long,24686.5,24674.79,STOP,-11.7068,-238.14,0,11.706773,5.7,25.8,17.560159,0.324598,0.387259,-0.041852,0.251591,14.0
9/26/2025,14:10:08,9/26/2025,14:14:50,long,24675.0,24693.44,TARGET,18.4439,364.88,1,12.295934,5.65,28.0,18.443901,0.306334,0.269942,-0.559971,0.271587,14.0
9/26/2025,14:15:38,9/26/2025,14:24:48,short,24704.0,24715.58,STOP,-11.5839,-235.68,0,11.583948,5.85,27.7,17.375922,0.336673,0.393486,1.174497,0.262586,14.0
9/26/2025,14:27:01,9/26/2025,14:40:24,short,24719.25,24734.28,STOP,-15.0291,-304.58,0,15.029133,4.375,13.3,22.5437,0.194068,1.026061,1.579237,0.338469,14.0
9/26/2025,15:07:39,9/26/2025,15:15:16,long,24716.0,24708.47,STOP,-7.531,-154.62,0,7.531042,5.8,38.5,11.296564,0.51343,0.591283,0.165385,0.166466,15.0
9/26/2025,15:16:07,9/26/2025,15:17:56,long,24716.75,24721.75,REVERSAL,5.0,96.0,1,6.624426,6.05,39.8,9.93664,0.608858,0.305972,0.184501,0.150159,15.0
9/26/2025,15:17:56,9/26/2025,15:23:24,short,24721.75,24728.29,STOP,-6.5378,-134.76,0,6.537837,5.825,41.6,9.806756,0.593978,0.361475,0.700627,0.149126,15.0
9/26/2025,15:23:24,9/26/2025,15:30:29,short,24729.0,24719.34,TARGET,9.656,189.12,1,6.43734,5.175,43.7,9.65601,0.535936,0.416536,1.392708,0.148398,15.0
9/26/2025,15:31:52,9/26/2025,15:35:41,long,24720.25,24713.47,STOP,-6.7787,-139.57,0,6.778689,4.55,35.7,10.168033,0.447481,0.562766,0.389113,0.161429,15.0
9/26/2025,15:35:41,9/26/2025,15:38:11,long,24714.75,24724.86,TARGET,10.1053,198.11,1,6.736837,4.625,37.7,10.105256,0.457683,0.532014,-0.117995,0.162966,15.0
9/26/2025,15:38:11,9/26/2025,15:40:36,short,24724.5,24716.0,REVERSAL,8.5,166.0,1,6.342308,5.075,41.6,9.513462,0.533455,0.567487,0.923347,0.155791,15.0
9/26/2025,15:40:36,9/26/2025,15:41:54,long,24716.0,24725.25,TARGET,9.2487,180.97,1,6.165819,5.35,37.5,9.248728,0.578458,0.595643,0.047776,0.154928,15.0
9/26/2025,15:41:54,9/26/2025,15:44:49,short,24724.5,24715.42,TARGET,9.0814,177.63,1,6.054273,5.4,37.3,9.081409,0.594621,0.624128,0.988636,0.153998,15.0
9/26/2025,15:44:49,9/26/2025,15:47:19,long,24717.5,24711.6,STOP,-5.8992,-121.98,0,5.899165,5.025,39.8,8.848748,0.567877,0.563315,0.210694,0.154501,15.0
9/29/2025,09:30:09,9/29/2025,09:32:31,long,24860.0,24884.64,TARGET,24.6436,488.87,1,16.429094,4.775,6.9,24.643641,0.193762,0.190744,-0.3208,0.239587,9.0
9/29/2025,09:37:04,9/29/2025,09:43:06,short,24883.5,24895.38,STOP,-11.8795,-241.59,0,11.879524,7.4,8.8,17.819287,0.41528,0.591775,1.124043,0.184196,9.0
9/29/2025,09:46:33,9/29/2025,09:49:27,short,24924.75,24945.0,STOP,-20.2461,-408.92,0,20.246126,4.925,6.1,30.369189,0.162171,1.116257,1.498545,0.373704,9.0
9/29/2025,10:01:04,9/29/2025,10:02:50,long,24933.0,24925.1,STOP,-7.8963,-161.93,0,7.896288,6.275,6.1,11.844432,0.529785,0.643794,-0.173523,0.199131,10.0
9/29/2025,10:03:12,9/29/2025,10:03:46,long,24930.5,24922.5,STOP,-7.9955,-163.91,0,7.995459,6.4,8.3,11.993189,0.533636,0.266581,-0.352359,0.216765,10.0
9/29/2025,10:06:44,9/29/2025,10:07:50,short,24945.75,24954.9,STOP,-9.1536,-187.07,0,9.153569,4.525,10.0,13.730353,0.329562,0.251735,1.083925,0.268528,10.0
9/29/2025,10:08:08,9/29/2025,10:08:47,short,24947.25,24956.53,STOP,-9.2806,-189.61,0,9.28064,5.575,10.3,13.92096,0.400475,0.439755,1.080779,0.274439,10.0
9/29/2025,10:19:27,9/29/2025,10:20:02,long,24937.25,24923.43,STOP,-13.8242,-280.48,0,13.824226,6.25,16.4,20.736339,0.301403,0.644229,0.065377,0.418117,10.0
9/29/2025,10:20:14,9/29/2025,10:22:01,long,24923.0,24944.51,TARGET,21.5059,426.12,1,14.337249,5.675,12.6,21.505874,0.263881,0.433549,-0.559594,0.435761,10.0
9/29/2025,10:23:31,9/29/2025,10:37:05,short,24959.5,24940.32,TARGET,19.1754,379.51,1,12.783614,4.975,12.4,19.17542,0.259447,0.228625,1.096336,0.385164,10.0
9/29/2025,10:37:05,9/29/2025,10:41:36,long,24940.5,24954.5,REVERSAL,14.0,276.0,1,11.171183,6.15,20.3,16.756774,0.367016,0.671409,-0.006213,0.333231,10.0
9/29/2025,10:41:36,9/29/2025,10:52:53,short,24954.5,24947.25,REVERSAL,7.25,141.0,1,11.1967,5.275,21.3,16.795051,0.314081,0.57132,0.912026,0.339819,10.0
9/29/2025,10:52:53,9/29/2025,10:54:19,long,24947.25,24940.51,STOP,-6.7393,-138.79,0,6.739256,5.075,15.1,10.108884,0.502034,0.377073,-0.039872,0.203477,10.0
9/29/2025,10:59:46,9/29/2025,11:09:05,long,24929.75,24920.08,STOP,-9.6677,-197.35,0,9.667664,5.0,16.2,14.501496,0.344792,-0.016489,-0.58575,0.305432,10.0
9/29/2025,11:45:28,9/29/2025,11:46:34,short,24866.25,24853.9,TARGET,12.3548,243.1,1,8.236504,4.675,16.9,12.354756,0.378397,0.338868,0.823762,0.222519,11.0
9/29/2025,11:46:34,9/29/2025,11:48:55,long,24854.75,24847.18,STOP,-7.5741,-155.48,0,7.574053,4.725,15.1,11.361079,0.415894,0.370581,-0.091053,0.202989,11.0
9/29/2025,11:49:12,9/29/2025,11:50:15,long,24849.25,24842.61,STOP,-6.6372,-136.74,0,6.637215,4.75,15.8,9.955822,0.477108,0.357297,-0.539844,0.174179,11.0
9/29/2025,12:10:11,9/29/2025,12:14:19,short,24850.75,24860.77,STOP,-10.0195,-204.39,0,10.01948,4.675,18.4,15.02922,0.311061,0.203877,0.932824,0.230932,12.0
9/29/2025,12:16:08,9/29/2025,12:17:20,short,24857.0,24841.97,TARGET,15.0263,296.53,1,10.017547,4.175,15.8,15.026321,0.277846,0.941961,1.331874,0.236358,12.0
9/29/2025,12:17:37,9/29/2025,12:19:05,long,24834.25,24849.42,TARGET,15.1709,299.42,1,10.113945,5.25,13.2,15.170917,0.346057,0.833524,-0.177283,0.238855,12.0
9/29/2025,12:19:54,9/29/2025,12:31:07,short,24849.25,24859.43,STOP,-10.1824,-207.65,0,10.182422,4.925,12.9,15.273633,0.322451,0.609521,0.788897,0.238739,12.0
9/29/2025,12:31:07,9/29/2025,12:44:07,short,24859.25,24844.75,REVERSAL,14.5,286.0,1,10.37832,5.475,30.6,15.56748,0.351695,0.731037,1.32319,0.252209,12.0
9/29/2025,12:44:07,9/29/2025,12:45:20,long,24844.75,24836.79,STOP,-7.9576,-163.15,0,7.957573,4.825,23.8,11.93636,0.404227,0.616006,-0.049791,0.20888,12.0
9/29/2025,12:46:04,9/29/2025,12:48:12,long,24843.5,24835.43,STOP,-8.0705,-165.41,0,8.070491,4.075,15.2,12.105736,0.336617,0.349269,-0.128421,0.216466,12.0
9/29/2025,13:18:02,9/29/2025,13:32:02,short,24835.0,24819.78,TARGET,15.2239,300.48,1,10.149241,5.3,21.1,15.223862,0.348138,0.33773,1.073442,0.401233,13.0
9/29/2025,13:32:07,9/29/2025,13:33:53,long,24817.75,24830.61,TARGET,12.8585,253.17,1,8.572303,4.525,23.5,12.858454,0.351909,0.753636,-0.023002,0.422781,13.0
9/29/2025,13:33:53,9/29/2025,13:40:25,short,24830.5,24838.76,STOP,-8.2601,-169.2,0,8.260064,4.525,14.5,12.390095,0.365211,0.736835,1.043983,0.417141,13.0
9/29/2025,13:41:20,9/29/2025,13:44:48,short,24836.0,24824.5,TARGET,11.4967,225.93,1,7.66447,4.875,31.6,11.496705,0.424035,0.723866,1.432441,0.403825,13.0
9/29/2025,13:47:10,9/29/2025,13:48:10,short,24833.25,24824.85,TARGET,8.3971,163.94,1,5.598071,4.475,31.9,8.397107,0.532922,0.61182,1.209768,0.303814,13.0
9/29/2025,13:50:53,9/29/2025,13:52:00,short,24833.75,24839.13,STOP,-5.3796,-111.59,0,5.379644,4.7,34.9,8.069466,0.582443,0.564362,1.259964,0.293169,13.0
9/29/2025,13:57:13,9/29/2025,14:02:56,short,24841.0,24848.55,STOP,-7.5518,-155.04,0,7.551765,4.25,26.7,11.327647,0.375188,0.91966,1.458716,0.429393,13.0
9/29/2025,14:38:33,9/29/2025,14:40:32,long,24846.0,24837.0,STOP,-8.9996,-183.99,0,8.999612,4.5,21.9,13.499419,0.333348,0.71598,0.027017,0.630332,14.0
9/29/2025,14:41:12,9/29/2025,15:00:06,long,24845.0,24836.71,STOP,-8.2852,-169.7,0,8.285151,4.25,22.5,12.427726,0.341977,0.391019,-0.123203,0.581955,14.0
9/29/2025,15:25:46,9/29/2025,15:47:05,short,24819.0,24833.2,STOP,-14.1977,-287.95,0,14.197742,4.125,21.6,21.296613,0.193693,0.40361,1.014284,0.735269,15.0
9/30/2025,09:30:03,9/30/2025,09:30:35,short,24830.0,24805.73,TARGET,24.2732,481.46,1,16.18215,6.05,21.1,24.273225,0.249246,0.759416,1.13053,0.883725,9.0
9/30/2025,09:30:35,9/30/2025,09:33:13,long,24802.5,24788.07,STOP,-14.4265,-292.53,0,14.426456,7.25,3.5,21.639683,0.335033,0.62727,-0.153776,0.790613,9.0
9/30/2025,09:35:14,9/30/2025,09:37:38,long,24774.25,24750.75,STOP,-23.5048,-474.1,0,23.504801,6.375,5.4,35.257201,0.180814,-0.138644,-0.495258,1.123208,9.0
9/30/2025,09:44:08,9/30/2025,09:45:28,short,24783.25,24800.2,STOP,-16.9539,-343.08,0,16.953948,6.775,13.7,25.430923,0.266408,0.3019,1.002243,0.623639,9.0
9/30/2025,09:46:40,9/30/2025,09:49:32,short,24792.0,24768.0,TARGET,23.9951,475.9,1,15.996731,6.65,7.9,23.995096,0.27714,1.033326,1.41227,0.594893,9.0
9/30/2025,09:51:59,9/30/2025,09:54:14,long,24760.0,24742.34,STOP,-17.6586,-357.17,0,17.658584,8.525,13.0,26.487876,0.321845,0.715572,0.004302,0.650496,9.0
9/30/2025,09:54:14,9/30/2025,09:55:03,long,24743.75,24725.9,STOP,-17.8491,-360.98,0,17.849085,7.025,9.8,26.773627,0.262385,0.362766,-0.599309,0.644915,9.0
9/30/2025,09:59:20,9/30/2025,10:02:05,short,24780.5,24802.59,STOP,-22.0944,-445.89,0,22.094423,6.525,8.5,33.141634,0.196882,0.292258,0.86163,0.754596,9.0
9/30/2025,10:02:05,9/30/2025,10:05:20,short,24802.75,24771.23,TARGET,31.5245,626.49,1,21.016329,7.15,11.1,31.524494,0.226808,0.736757,1.61564,0.725675,10.0
9/30/2025,10:05:54,9/30/2025,10:06:21,short,24775.5,24762.25,REVERSAL,13.25,261.0,1,23.952487,7.55,4.8,35.92873,0.210138,0.928429,0.630745,0.849589,10.0
9/30/2025,10:06:21,9/30/2025,10:17:02,long,24762.25,24790.25,REVERSAL,28.0,556.0,1,23.974358,9.0,5.8,35.961536,0.250267,0.790335,0.262037,0.853962,10.0
9/30/2025,10:17:02,9/30/2025,10:24:26,short,24790.25,24765.09,TARGET,25.1551,499.1,1,16.770077,7.875,12.7,25.155115,0.313058,0.226046,1.010334,0.672889,10.0
9/30/2025,10:24:34,9/30/2025,10:27:29,long,24769.5,24779.75,REVERSAL,10.25,201.0,1,11.647139,7.625,11.2,17.470709,0.436445,0.801703,0.329429,0.478611,10.0
9/30/2025,10:27:29,9/30/2025,10:30:44,short,24779.75,24791.04,STOP,-11.2869,-229.74,0,11.28692,7.35,17.5,16.93038,0.434131,0.719653,1.003976,0.462469,10.0
9/30/2025,10:33:25,9/30/2025,10:38:12,short,24791.75,24771.46,TARGET,20.2879,401.76,1,13.525255,6.35,13.2,20.287883,0.312995,0.922551,1.163697,0.554139,10.0
9/30/2025,10:38:12,9/30/2025,10:39:01,long,24769.25,24758.64,STOP,-10.6057,-216.11,0,10.605748,7.0,15.8,15.908623,0.440013,0.657336,-0.358654,0.439796,10.0
9/30/2025,10:40:23,9/30/2025,10:41:57,long,24768.75,24787.97,TARGET,19.2245,380.49,1,12.816331,6.9,9.6,19.224497,0.358917,0.191661,-0.084151,0.527772,10.0
9/30/2025,10:41:57,9/30/2025,10:45:21,short,24788.5,24801.36,STOP,-12.8627,-261.25,0,12.86272,7.725,10.2,19.29408,0.400382,0.250127,0.974627,0.533193,10.0
9/30/2025,10:45:21,9/30/2025,10:48:00,short,24801.5,24814.73,STOP,-13.229,-268.58,0,13.229035,6.825,16.6,19.843553,0.34394,0.543444,1.578562,0.551939,10.0
9/30/2025,11:11:40,9/30/2025,11:12:32,long,24835.25,24850.01,TARGET,14.7646,291.29,1,9.843036,5.05,19.9,14.764553,0.342035,0.71115,-0.056739,0.301637,11.0
9/30/2025,11:12:32,9/30/2025,11:14:07,short,24852.0,24838.1,TARGET,13.9003,274.01,1,9.26688,5.275,14.4,13.90032,0.379488,0.628026,1.060599,0.282476,11.0
9/30/2025,11:14:07,9/30/2025,11:14:47,long,24836.75,24827.99,STOP,-8.7616,-179.23,0,8.761594,6.175,14.7,13.142391,0.469854,0.545218,-0.117468,0.266117,11.0
9/30/2025,11:21:19,9/30/2025,11:27:04,long,24802.25,24780.23,STOP,-22.0154,-444.31,0,22.015375,6.675,4.9,33.023062,0.202131,-0.12446,-0.361671,0.676,11.0
9/30/2025,11:49:11,9/30/2025,11:50:01,short,24791.75,24802.2,STOP,-10.4484,-212.97,0,10.448446,6.25,18.1,15.672669,0.398783,0.367553,1.263431,0.352513,11.0
9/30/2025,11:50:23,9/30/2025,11:51:30,short,24794.0,24805.04,STOP,-11.0407,-224.81,0,11.040721,4.775,10.4,16.561082,0.288327,0.633195,1.328146,0.37264,11.0
9/30/2025,12:08:40,9/30/2025,12:19:50,long,24787.75,24810.75,REVERSAL,23.0,456.0,1,16.175662,7.675,26.5,24.263492,0.316319,0.894381,0.24509,0.595344,12.0
9/30/2025,12:19:50,9/30/2025,12:20:57,short,24810.75,24821.47,STOP,-10.7239,-218.48,0,10.723944,7.125,32.5,16.085916,0.442934,0.450369,1.181031,0.400825,12.0
9/30/2025,12:23:03,9/30/2025,12:26:22,short,24829.0,24808.16,TARGET,20.8413,412.83,1,13.894215,5.825,9.0,20.841323,0.279493,0.935258,1.509413,0.524056,12.0
9/30/2025,12:30:14,9/30/2025,12:42:00,short,24819.25,24801.5,REVERSAL,17.75,351.0,1,13.297997,7.025,26.1,19.946996,0.352183,0.739463,0.936407,0.509379,12.0
9/30/2025,12:42:00,9/30/2025,12:58:06,long,24801.5,24788.04,STOP,-13.4571,-273.14,0,13.457121,5.575,41.2,20.185682,0.276186,0.61449,0.057731,0.517778,12.0
9/30/2025,13:01:10,9/30/2025,13:11:04,long,24780.25,24762.98,STOP,-17.265,-349.3,0,17.265007,5.8,15.3,25.897511,0.22396,-0.108894,-0.547881,0.708191,13.0
9/30/2025,13:45:16,9/30/2025,13:49:17,short,24762.0,24773.65,STOP,-11.6501,-237.0,0,11.650142,6.3,23.8,17.475214,0.360511,0.368852,1.066946,0.406256,13.0
9/30/2025,13:55:22,9/30/2025,14:10:57,short,24785.5,24804.23,STOP,-18.7276,-378.55,0,18.727632,5.45,21.2,28.091449,0.194009,1.142389,1.510539,0.751576,13.0
9/30/2025,15:13:47,9/30/2025,15:15:29,long,24832.75,24824.68,STOP,-8.0703,-165.41,0,8.070258,4.475,33.7,12.105387,0.36967,0.656595,0.12971,0.257209,15.0
9/30/2025,15:15:52,9/30/2025,15:16:12,long,24830.75,24822.77,STOP,-7.9758,-163.52,0,7.975846,4.775,27.0,11.963769,0.399122,0.453046,-0.049367,0.253089,15.0
9/30/2025,15:21:05,9/30/2025,15:21:52,short,24843.5,24849.56,STOP,-6.0603,-125.21,0,6.060257,4.4,22.8,9.090386,0.484028,0.234024,1.001904,0.189295,15.0
9/30/2025,15:23:28,9/30/2025,15:24:29,short,24845.0,24851.17,STOP,-6.1693,-127.39,0,6.169264,4.925,17.9,9.253896,0.532208,0.449962,1.006003,0.189222,15.0
9/30/2025,15:41:00,9/30/2025,15:46:32,long,24840.0,24861.59,TARGET,21.5885,427.77,1,14.392363,5.5,9.9,21.588544,0.254765,0.77442,-0.087349,0.37716,15.0
10/1/2025,09:30:03,10/1/2025,09:30:08,long,24766.0,24755.18,STOP,-10.8246,-220.49,0,10.824628,6.175,13.4,16.236942,0.380306,0.163203,-0.32882,0.152307,9.0
10/1/2025,09:30:11,10/1/2025,09:30:18,long,24762.25,24751.16,STOP,-11.092,-225.84,0,11.091973,6.0,10.2,16.63796,0.360621,0.134554,-0.484045,0.157369,9.0
10/1/2025,09:31:25,10/1/2025,09:31:33,short,24785.5,24798.63,STOP,-13.1317,-266.63,0,13.131737,7.425,4.1,19.697606,0.376949,0.0999,1.132818,0.198293,9.0
10/1/2025,09:31:39,10/1/2025,09:32:50,short,24797.75,24811.9,STOP,-14.1501,-287.0,0,14.150146,8.0,2.9,21.225218,0.37691,0.36143,1.580201,0.218186,9.0
10/1/2025,09:43:25,10/1/2025,09:44:02,long,24806.5,24829.52,TARGET,23.0182,456.36,1,15.345439,7.65,11.3,23.018159,0.332346,0.609922,0.054699,0.290287,9.0
10/1/2025,09:44:02,10/1/2025,09:45:35,short,24826.5,24809.0,REVERSAL,17.5,346.0,1,12.141797,7.6,11.0,18.212695,0.417291,0.539961,0.928547,0.231732,9.0
10/1/2025,09:45:35,10/1/2025,09:47:38,long,24809.0,24798.72,STOP,-10.283,-209.66,0,10.282965,8.175,11.5,15.424447,0.530003,0.467715,-0.270044,0.20003,9.0
10/1/2025,09:50:29,10/1/2025,09:56:35,long,24747.25,24797.0,REVERSAL,49.75,991.0,1,33.776739,8.2,3.1,50.665108,0.161847,-0.131673,-0.476856,0.685366,9.0
10/1/2025,09:56:35,10/1/2025,09:59:59,short,24797.0,24755.54,TARGET,41.4564,825.13,1,27.63759,7.15,10.0,41.456386,0.17247,0.420912,1.044186,0.564335,9.0
10/1/2025,10:00:21,10/1/2025,10:02:27,short,24784.0,24804.47,STOP,-20.4657,-413.31,0,20.465684,15.625,7.3,30.698526,0.508982,0.874585,1.024862,0.417841,10.0
10/1/2025,10:02:27,10/1/2025,10:03:38,short,24796.75,24818.69,STOP,-21.9426,-442.85,0,21.94261,8.8,10.7,32.913914,0.267364,0.939662,1.293813,0.467666,10.0
10/1/2025,10:45:34,10/1/2025,10:51:13,long,24882.0,24896.91,TARGET,14.9147,294.29,1,9.943112,6.35,20.9,14.914667,0.425755,0.622557,0.028149,0.214258,10.0
10/1/2025,10:51:13,10/1/2025,10:52:57,short,24897.25,24885.01,TARGET,12.2442,240.88,1,8.16277,6.15,21.0,12.244155,0.50228,0.335589,1.023311,0.171253,10.0
10/1/2025,10:54:08,10/1/2025,11:00:32,short,24898.0,24906.1,STOP,-8.0969,-165.94,0,8.096896,6.375,18.8,12.145344,0.524893,0.391672,1.043006,0.168783,10.0
10/1/2025,11:03:32,10/1/2025,11:12:04,short,24908.25,24892.8,TARGET,15.4498,305.0,1,10.299837,4.225,13.5,15.449756,0.273467,1.031974,1.283831,0.210888,11.0
10/1/2025,11:12:04,10/1/2025,11:19:18,long,24890.0,24879.33,STOP,-10.6696,-217.39,0,10.66961,5.4,22.1,16.004414,0.337407,0.769743,-0.062813,0.209372,11.0
10/1/2025,11:21:15,10/1/2025,11:31:05,long,24886.5,24902.98,TARGET,16.4801,325.6,1,10.986747,5.1,22.0,16.480121,0.309464,0.040632,-0.249236,0.211426,11.0
10/1/2025,11:31:35,10/1/2025,11:36:09,short,24904.5,24916.22,STOP,-11.7175,-238.35,0,11.717545,5.175,19.4,17.576317,0.29443,0.24649,0.968244,0.222508,11.0
10/1/2025,11:40:52,10/1/2025,11:55:43,short,24922.5,24937.96,STOP,-15.4578,-313.16,0,15.457761,4.675,17.0,23.186641,0.201625,1.109853,1.514701,0.284741,11.0
10/1/2025,12:21:30,10/1/2025,12:25:27,long,24932.25,24940.75,REVERSAL,8.5,166.0,1,6.416763,4.475,23.0,9.625145,0.464928,0.821429,0.283899,0.155659,12.0
10/1/2025,12:25:27,10/1/2025,12:30:10,short,24940.75,24946.88,STOP,-6.1339,-126.68,0,6.133887,4.575,30.3,9.20083,0.497238,0.691801,1.148583,0.156308,12.0
10/1/2025,12:32:49,10/1/2025,12:42:09,short,24947.5,24937.87,TARGET,9.6305,188.61,1,6.420308,4.325,35.9,9.630461,0.449096,0.843668,1.567446,0.174184,12.0
10/1/2025,12:43:14,10/1/2025,12:44:39,short,24942.75,24933.69,TARGET,9.0597,177.19,1,6.039795,4.625,44.4,9.059692,0.510503,0.817392,0.836932,0.172012,12.0
10/1/2025,12:44:39,10/1/2025,12:47:30,long,24933.25,24942.24,TARGET,8.9949,175.9,1,5.996588,4.975,41.6,8.994882,0.553092,0.758378,-0.224579,0.172016,12.0
10/1/2025,12:48:00,10/1/2025,12:48:58,short,24943.5,24939.5,REVERSAL,4.0,76.0,1,5.698909,4.825,30.7,8.548364,0.564435,0.600336,0.889841,0.169386,12.0
10/1/2025,12:48:58,10/1/2025,12:50:34,long,24939.5,24944.75,REVERSAL,5.25,101.0,1,5.686049,4.45,25.9,8.529073,0.521745,0.578741,0.410893,0.172264,12.0
10/1/2025,12:50:34,10/1/2025,12:57:52,short,24944.75,24950.32,STOP,-5.5725,-115.45,0,5.572479,4.8,30.0,8.358719,0.574251,0.567282,1.012638,0.171224,12.0
10/1/2025,12:57:52,10/1/2025,12:58:59,short,24950.0,24955.4,STOP,-5.4001,-112.0,0,5.40013,4.1,43.8,8.100194,0.506161,0.594704,1.572814,0.176933,12.0
10/1/2025,13:42:04,10/1/2025,13:42:55,long,24971.0,24964.45,STOP,-6.5495,-134.99,0,6.549475,3.775,41.2,9.824213,0.384255,0.686406,-0.006402,0.204206,13.0
10/1/2025,13:43:04,10/1/2025,13:51:21,long,24967.75,24976.2,TARGET,8.4502,165.0,1,5.633436,3.275,29.8,8.450154,0.387567,0.488335,-0.5201,0.175915,13.0
10/1/2025,13:51:46,10/1/2025,13:58:51,long,24972.5,24980.35,TARGET,7.846,152.92,1,5.230685,5.225,44.5,7.846028,0.665942,0.200303,-0.03116,0.161483,13.0
10/1/2025,13:58:51,10/1/2025,13:59:42,short,24980.25,24985.56,STOP,-5.3075,-110.15,0,5.307483,4.55,42.5,7.961224,0.57152,0.284434,0.961612,0.161519,13.0
10/1/2025,13:59:42,10/1/2025,14:00:07,short,24984.25,24989.59,STOP,-5.3357,-110.71,0,5.335703,4.2,33.5,8.003554,0.524767,0.347802,1.425214,0.16166,13.0
10/1/2025,14:03:00,10/1/2025,14:04:31,long,24979.0,24993.5,REVERSAL,14.5,286.0,1,10.033109,5.425,12.0,15.049663,0.360473,0.878942,0.329564,0.291206,14.0
10/1/2025,14:04:31,10/1/2025,14:05:28,short,24993.5,25003.55,STOP,-10.0544,-205.09,0,10.054376,5.825,13.5,15.081564,0.386233,0.850452,1.248928,0.291922,14.0
10/1/2025,14:05:34,10/1/2025,14:09:35,short,25001.0,25011.59,STOP,-10.5927,-215.85,0,10.59267,5.6,15.9,15.889004,0.352445,0.896743,1.635376,0.306558,14.0
10/1/2025,15:12:16,10/1/2025,15:21:30,long,25020.0,25013.31,STOP,-6.6853,-137.71,0,6.685338,3.95,34.8,10.028008,0.393897,0.79384,0.200838,0.181914,15.0
10/1/2025,15:28:36,10/1/2025,15:31:10,long,25017.5,25026.4,TARGET,8.9024,174.05,1,5.934903,4.175,35.9,8.902354,0.468977,-0.011075,-0.21526,0.171944,15.0
10/1/2025,15:31:51,10/1/2025,15:34:10,short,25027.25,25033.19,STOP,-5.9351,-122.7,0,5.935096,3.775,19.5,8.902645,0.424031,0.144357,0.870957,0.173087,15.0
10/1/2025,15:34:30,10/1/2025,15:37:42,short,25030.75,25021.6,TARGET,9.149,178.98,1,6.099357,3.8,27.6,9.149035,0.415344,0.314861,1.21483,0.178453,15.0
10/1/2025,15:37:42,10/1/2025,15:40:54,long,25019.75,25028.72,TARGET,8.968,175.36,1,5.978647,4.275,27.2,8.967971,0.476696,0.401513,0.031109,0.175964,15.0
10/1/2025,15:40:54,10/1/2025,15:41:38,short,25028.75,25019.71,TARGET,9.0409,176.82,1,6.02724,4.625,29.9,9.04086,0.511566,0.387167,1.083186,0.17873,15.0
10/1/2025,15:41:38,10/1/2025,15:43:05,long,25020.25,25014.37,STOP,-5.8809,-121.62,0,5.880889,5.175,16.4,8.821333,0.586646,0.42593,0.168984,0.175895,15.0
10/1/2025,15:43:05,10/1/2025,15:44:41,long,25013.25,25007.35,STOP,-5.8964,-121.93,0,5.89645,5.4,14.2,8.844675,0.610537,0.388043,-0.574375,0.177734,15.0
10/2/2025,09:30:00,10/2/2025,09:30:05,short,25166.5,25149.5,REVERSAL,17.0,336.0,1,16.561741,4.225,28.5,24.842612,0.170071,0.897136,0.92407,0.296421,9.0
10/2/2025,09:30:05,10/2/2025,09:32:28,long,25149.5,25135.9,STOP,-13.5958,-275.92,0,13.595768,4.3,9.6,20.393652,0.21085,0.787368,0.083694,0.240975,9.0
10/2/2025,09:33:00,10/2/2025,09:33:34,long,25143.0,25130.66,STOP,-12.3365,-250.73,0,12.336453,5.575,6.5,18.504679,0.301275,-0.030153,-0.323711,0.211705,9.0
10/2/2025,09:53:34,10/2/2025,09:55:49,short,25051.75,25030.74,TARGET,21.0062,416.12,1,14.004163,7.225,7.3,21.006244,0.343945,0.185601,0.832401,0.312781,9.0
10/2/2025,09:55:49,10/2/2025,09:58:33,long,25028.0,25049.08,TARGET,21.0847,417.69,1,14.056451,7.325,9.5,21.084677,0.347409,0.346631,-0.278646,0.317712,9.0
10/2/2025,09:58:43,10/2/2025,09:59:11,short,25051.75,25066.36,STOP,-14.6134,-296.27,0,14.613375,6.975,10.2,21.920062,0.318202,0.328898,0.981522,0.322697,9.0
10/2/2025,09:59:23,10/2/2025,10:04:56,short,25060.75,25075.21,STOP,-14.4602,-293.2,0,14.460155,7.575,9.3,21.690232,0.349236,0.51635,1.407897,0.318737,9.0
10/2/2025,10:11:41,10/2/2025,10:16:25,long,25046.75,25070.04,TARGET,23.2853,461.71,1,15.523538,7.625,8.8,23.285307,0.32746,0.781604,0.042845,0.34086,10.0
10/2/2025,10:16:25,10/2/2025,10:19:04,short,25072.75,25081.32,STOP,-8.5675,-175.35,0,8.567489,8.225,19.1,12.851234,0.640016,0.420638,1.248955,0.186161,10.0
10/2/2025,10:19:36,10/2/2025,10:19:53,short,25069.75,25061.5,REVERSAL,8.25,161.0,1,8.685593,7.8,13.6,13.028389,0.598693,0.647754,0.802033,0.188591,10.0
10/2/2025,10:19:53,10/2/2025,10:20:30,long,25061.5,25052.99,STOP,-8.5085,-174.17,0,8.50848,6.75,9.8,12.762719,0.528884,0.595883,0.150936,0.184544,10.0
10/2/2025,10:20:30,10/2/2025,10:21:33,long,25052.0,25064.95,TARGET,12.9546,255.09,1,8.636421,7.45,8.6,12.954632,0.575084,0.530414,-0.567958,0.186998,10.0
10/2/2025,10:21:33,10/2/2025,10:23:07,long,25063.0,25074.75,REVERSAL,11.75,231.0,1,8.977611,6.975,9.3,13.466417,0.517955,0.364546,0.321779,0.193922,10.0
10/2/2025,10:23:07,10/2/2025,10:23:40,short,25074.75,25083.65,STOP,-8.8984,-181.97,0,8.898432,7.45,14.1,13.347649,0.558151,0.382295,1.172778,0.192034,10.0
10/2/2025,10:24:32,10/2/2025,10:27:33,short,25081.0,25090.78,STOP,-9.775,-199.5,0,9.775012,5.225,11.5,14.662519,0.356351,0.67223,1.485676,0.211297,10.0
10/2/2025,10:33:14,10/2/2025,10:35:33,long,25066.25,25080.0,REVERSAL,13.75,271.0,1,10.820924,6.825,13.8,16.231386,0.420482,0.779728,0.145132,0.249034,10.0
10/2/2025,10:35:33,10/2/2025,10:37:05,short,25080.0,25068.25,REVERSAL,11.75,231.0,1,10.112803,5.075,13.9,15.169204,0.334559,0.583952,0.963769,0.239051,10.0
10/2/2025,10:37:05,10/2/2025,10:37:58,long,25068.25,25082.73,TARGET,14.481,285.62,1,9.653997,6.55,15.5,14.480995,0.452317,0.518441,0.122954,0.232578,10.0
10/2/2025,10:37:58,10/2/2025,10:39:40,short,25079.0,25088.58,STOP,-9.5785,-195.57,0,9.57848,6.95,16.5,14.36772,0.483723,0.526863,0.846958,0.232847,10.0
10/2/2025,10:39:40,10/2/2025,10:40:09,short,25088.75,25074.06,TARGET,14.6919,289.84,1,9.794584,7.1,22.0,14.691875,0.48326,0.597289,1.471455,0.244226,10.0
10/2/2025,10:41:03,10/2/2025,10:42:33,short,25078.0,25065.75,REVERSAL,12.25,241.0,1,9.7795,7.125,18.5,14.66925,0.48571,0.611759,0.719677,0.250055,10.0
10/2/2025,10:42:33,10/2/2025,10:44:14,long,25065.75,25056.0,STOP,-9.7507,-199.01,0,9.750668,7.825,20.4,14.626002,0.535006,0.580256,-0.090387,0.255459,10.0
10/2/2025,10:44:33,10/2/2025,10:45:24,long,25064.5,25055.15,STOP,-9.3485,-190.97,0,9.348496,7.775,14.4,14.022743,0.554456,0.310512,-0.221863,0.259981,10.0
10/2/2025,11:07:27,10/2/2025,11:10:37,short,25034.75,25049.36,STOP,-14.6129,-296.26,0,14.612942,6.5,10.8,21.919413,0.296541,0.140809,0.96728,0.682241,11.0
10/2/2025,11:11:33,10/2/2025,11:24:39,short,25034.75,25047.89,STOP,-13.1428,-266.86,0,13.142779,5.35,9.9,19.714169,0.271378,0.803899,1.073699,0.615436,11.0
10/2/2025,11:32:01,10/2/2025,11:35:37,long,25032.25,25024.14,STOP,-8.1088,-166.18,0,8.108808,6.725,18.2,12.163213,0.552897,0.728217,0.205259,0.374059,11.0
10/2/2025,11:35:37,10/2/2025,11:37:15,long,25028.25,25020.93,STOP,-7.3164,-150.33,0,7.31639,5.375,21.6,10.974586,0.489768,0.449565,-0.220528,0.337421,11.0
10/2/2025,11:41:13,10/2/2025,11:42:38,short,25038.75,25021.51,TARGET,17.2382,340.76,1,11.492109,6.25,14.3,17.238163,0.362568,0.125698,0.945668,0.507988,11.0
10/2/2025,11:42:38,10/2/2025,11:50:22,long,25022.75,25040.1,TARGET,17.3496,342.99,1,11.566429,5.85,13.0,17.349643,0.337183,0.213761,0.02535,0.509359,11.0
10/2/2025,11:50:22,10/2/2025,11:52:49,short,25039.75,25051.37,STOP,-11.623,-236.46,0,11.62301,5.575,15.3,17.434515,0.319768,0.381124,1.059092,0.50911,11.0
10/2/2025,12:00:03,10/2/2025,12:21:20,short,25070.0,25052.75,REVERSAL,17.25,341.0,1,22.617675,4.625,13.6,33.926512,0.136324,1.114787,1.369895,0.98399,12.0
10/2/2025,12:21:20,10/2/2025,12:23:45,long,25052.75,25067.36,TARGET,14.6115,288.23,1,9.741023,6.1,34.2,14.611534,0.417478,0.331194,-0.130666,0.430982,12.0
10/2/2025,12:23:45,10/2/2025,12:25:35,short,25069.5,25056.45,TARGET,13.0541,257.08,1,8.702721,5.775,22.5,13.054081,0.44239,0.265756,0.9918,0.389261,12.0
10/2/2025,12:25:35,10/2/2025,12:26:23,long,25054.75,25067.56,TARGET,12.8085,252.17,1,8.53899,6.0,22.9,12.808485,0.468439,0.243005,-0.172991,0.382457,12.0
10/2/2025,12:30:26,10/2/2025,12:35:39,long,25060.75,25063.0,REVERSAL,2.25,41.0,1,8.518748,6.675,35.0,12.778122,0.522377,0.280771,0.302984,0.380459,12.0
10/2/2025,12:35:39,10/2/2025,12:37:19,short,25063.0,25054.0,REVERSAL,9.0,176.0,1,8.24617,5.825,39.6,12.369255,0.470926,0.376922,0.529711,0.369535,12.0
10/2/2025,12:37:19,10/2/2025,12:41:12,long,25054.0,25046.09,STOP,-7.9101,-162.2,0,7.910112,5.95,39.7,11.865168,0.501468,0.381219,-0.17656,0.357029,12.0
10/2/2025,12:42:08,10/2/2025,12:46:20,long,25054.0,25059.5,REVERSAL,5.5,106.0,1,7.304837,5.925,13.3,10.957256,0.540738,0.251259,0.074711,0.342706,12.0
10/2/2025,12:46:20,10/2/2025,12:47:10,short,25059.5,25051.0,REVERSAL,8.5,166.0,1,6.697934,5.675,27.7,10.046901,0.564851,0.330578,0.692348,0.322194,12.0
10/2/2025,12:47:10,10/2/2025,12:50:24,long,25051.0,25060.68,TARGET,9.6815,189.63,1,6.454361,5.725,30.2,9.681541,0.591331,0.336546,-0.141943,0.31207,12.0
10/2/2025,12:50:24,10/2/2025,12:52:44,short,25064.0,25070.19,STOP,-6.1906,-127.81,0,6.190618,5.35,26.8,9.285927,0.576141,0.346825,1.210753,0.306307,12.0
10/2/2025,13:00:22,10/2/2025,13:11:57,short,25071.25,25079.89,STOP,-8.6433,-176.87,0,8.643282,4.05,28.1,12.964923,0.312381,0.892901,1.258392,0.427753,13.0
10/2/2025,14:03:21,10/2/2025,14:07:26,long,25083.25,25094.47,TARGET,11.2219,220.44,1,7.481242,4.55,31.7,11.221862,0.405459,0.522624,-0.025314,0.294816,14.0
10/2/2025,14:07:26,10/2/2025,14:11:14,short,25091.5,25098.3,STOP,-6.8027,-140.05,0,6.802655,5.125,28.0,10.203983,0.502255,0.40977,0.656557,0.272862,14.0
10/2/2025,14:11:14,10/2/2025,14:12:40,short,25099.5,25105.32,STOP,-5.8207,-120.41,0,5.820651,4.8,36.3,8.730976,0.549767,0.392195,1.472973,0.238237,14.0
10/2/2025,15:36:49,10/2/2025,15:40:36,long,25109.25,25103.23,STOP,-6.0162,-124.32,0,6.016217,3.825,35.9,9.024326,0.423854,0.877207,0.059801,0.231022,15.0
10/2/2025,15:40:47,10/2/2025,15:41:34,long,25108.5,25102.79,STOP,-5.7116,-118.23,0,5.711609,4.4,21.6,8.567413,0.513574,0.481184,-0.083023,0.226255,15.0
10/3/2025,09:30:27,10/3/2025,09:30:49,short,25143.0,25123.33,TARGET,19.6685,389.37,1,13.112309,4.925,14.7,19.668464,0.250401,0.417686,0.954535,0.495513,9.0
10/3/2025,09:30:49,10/3/2025,09:31:23,long,25122.0,25139.8,TARGET,17.7988,351.98,1,11.865839,5.5,4.7,17.798758,0.30901,0.445552,-0.091333,0.449503,9.0
10/3/2025,09:31:23,10/3/2025,09:31:32,short,25142.25,25153.69,STOP,-11.4387,-232.77,0,11.438716,6.775,5.3,17.158074,0.394858,0.493547,1.117056,0.434268,9.0
10/3/2025,09:32:42,10/3/2025,09:38:56,short,25148.5,25161.44,STOP,-12.936,-262.72,0,12.935999,5.575,6.3,19.403998,0.287312,0.985758,1.307437,0.490009,9.0
10/3/2025,09:41:20,10/3/2025,09:41:45,long,25128.0,25116.58,STOP,-11.4186,-232.37,0,11.418608,7.325,9.5,17.127911,0.427665,0.832458,-0.403788,0.438252,9.0
10/3/2025,09:42:03,10/3/2025,09:42:32,long,25128.25,25116.21,STOP,-12.0439,-244.88,0,12.043878,5.8,4.2,18.065817,0.321048,0.303683,-0.316459,0.46387,9.0
10/3/2025,09:47:22,10/3/2025,09:53:13,short,25154.25,25166.81,STOP,-12.56,-255.2,0,12.560019,7.125,16.6,18.840028,0.378184,0.203949,1.091427,0.487637,9.0
10/3/2025,09:53:22,10/3/2025,09:54:18,short,25157.25,25137.87,TARGET,19.3779,383.56,1,12.918621,5.5,10.6,19.377932,0.283828,0.746624,1.187122,0.507596,9.0
10/3/2025,09:54:43,10/3/2025,09:55:45,long,25133.25,25120.21,STOP,-13.0408,-264.82,0,13.040781,6.375,10.3,19.561172,0.325901,0.66317,-0.039589,0.515818,9.0
10/3/2025,09:55:45,10/3/2025,09:56:46,long,25121.25,25107.7,STOP,-13.5543,-275.09,0,13.554335,6.375,9.8,20.331503,0.313553,0.493836,-0.569768,0.538722,9.0
10/3/2025,10:15:13,10/3/2025,10:16:16,short,25083.0,25092.78,STOP,-9.78,-199.6,0,9.779978,7.1,11.4,14.669967,0.483982,0.4343,0.978017,0.2857,10.0
10/3/2025,10:17:12,10/3/2025,10:19:36,short,25088.5,25073.53,TARGET,14.9699,295.4,1,9.979911,5.65,8.0,14.969866,0.377425,0.881857,1.328498,0.287791,10.0
10/3/2025,10:21:52,10/3/2025,10:23:54,long,25073.0,25062.81,STOP,-10.1882,-207.76,0,10.188217,7.25,16.0,15.282326,0.474404,0.720141,0.253637,0.28348,10.0
10/3/2025,10:23:54,10/3/2025,10:24:53,long,25064.0,25079.35,TARGET,15.3499,303.0,1,10.233241,7.4,15.4,15.349861,0.482089,0.587501,-0.287466,0.280195,10.0
10/3/2025,10:25:58,10/3/2025,10:26:22,short,25085.0,25095.19,STOP,-10.1933,-207.87,0,10.19335,5.725,12.0,15.290024,0.374427,0.605533,1.103335,0.275669,10.0
10/3/2025,10:26:53,10/3/2025,10:37:20,short,25092.0,25103.97,STOP,-11.9689,-243.38,0,11.96887,4.925,5.5,17.953305,0.274323,0.826627,1.25585,0.327789,10.0
10/3/2025,10:50:05,10/3/2025,10:52:49,long,25099.25,25114.0,REVERSAL,14.75,291.0,1,12.348136,5.9,10.1,18.522205,0.318537,0.716543,0.264877,0.427668,10.0
10/3/2025,10:52:49,10/3/2025,11:00:49,short,25114.0,25114.25,REVERSAL,-0.25,-9.0,0,11.791873,6.175,16.4,17.68781,0.34911,0.626358,1.026634,0.412086,10.0
10/3/2025,11:00:49,10/3/2025,11:01:36,long,25114.25,25106.51,STOP,-7.7401,-158.8,0,7.740115,5.725,25.3,11.610172,0.493102,0.613933,0.704562,0.272051,11.0
10/3/2025,11:01:36,10/3/2025,11:02:10,long,25109.25,25112.0,REVERSAL,2.75,51.0,1,7.350384,6.225,23.3,11.025577,0.564596,0.564884,0.236068,0.258409,11.0
10/3/2025,11:02:10,10/3/2025,11:02:44,short,25112.0,25107.0,REVERSAL,5.0,96.0,1,6.996515,6.675,22.2,10.494773,0.636031,0.540547,0.451881,0.245997,11.0
10/3/2025,11:02:44,10/3/2025,11:05:47,long,25107.0,25117.33,TARGET,10.3335,202.67,1,6.889031,6.425,18.8,10.333547,0.621761,0.492414,-0.041924,0.242345,11.0
10/3/2025,11:05:47,10/3/2025,11:09:01,short,25115.75,25107.5,REVERSAL,8.25,161.0,1,6.95933,5.575,20.1,10.438995,0.534055,0.393998,0.809896,0.245436,11.0
10/3/2025,11:09:01,10/3/2025,11:10:31,long,25107.5,25100.58,STOP,-6.9221,-142.44,0,6.9221,5.175,18.9,10.38315,0.498404,0.581494,0.017247,0.245659,11.0
10/3/2025,11:10:36,10/3/2025,11:11:15,long,25105.0,25115.09,TARGET,10.0864,197.73,1,6.724289,5.325,22.2,10.086434,0.527937,0.532828,-0.174916,0.239473,11.0
10/3/2025,11:12:20,10/3/2025,11:13:25,short,25117.0,25123.49,STOP,-6.4871,-133.74,0,6.487073,5.95,24.4,9.73061,0.611472,0.584522,1.060345,0.232121,11.0
10/3/2025,11:18:28,10/3/2025,11:21:30,short,25125.0,25133.66,STOP,-8.661,-177.22,0,8.661009,4.725,17.9,12.991513,0.363699,0.94353,1.336508,0.316111,11.0
10/3/2025,11:40:00,10/3/2025,11:40:13,long,25114.5,25104.78,STOP,-9.723,-198.46,0,9.723006,5.6,25.5,14.584509,0.383969,0.662141,-0.331704,0.390345,11.0
10/3/2025,11:40:35,10/3/2025,11:50:13,long,25113.5,25128.31,TARGET,14.8054,292.11,1,9.87029,5.375,11.1,14.805435,0.363042,0.361301,-0.376536,0.397971,11.0
10/3/2025,11:53:22,10/3/2025,11:56:22,short,25135.25,25144.23,STOP,-8.983,-183.66,0,8.982969,4.375,19.5,13.474453,0.324689,0.278747,1.093345,0.377544,11.0
10/3/2025,11:56:38,10/3/2025,12:06:21,short,25144.75,25154.46,STOP,-9.7106,-198.21,0,9.71065,4.025,17.9,14.565975,0.276329,0.613725,1.6405,0.413776,11.0
10/3/2025,12:36:05,10/3/2025,12:40:25,long,25131.0,25122.38,STOP,-8.6223,-176.45,0,8.622347,4.45,50.3,12.933521,0.344067,0.56676,-0.155081,0.346054,12.0
10/3/2025,12:46:03,10/3/2025,12:50:02,long,25124.75,25115.84,STOP,-8.9071,-182.14,0,8.907052,4.575,29.8,13.360577,0.342425,-0.084931,-0.584721,0.367485,12.0
10/3/2025,13:11:22,10/3/2025,13:19:58,short,25075.5,25041.5,REVERSAL,34.0,676.0,1,23.112323,5.725,11.0,34.668485,0.165136,0.434873,0.931083,0.767344,13.0
10/3/2025,13:19:58,10/3/2025,13:28:07,long,25041.5,25024.08,STOP,-17.4183,-352.37,0,17.418266,6.375,16.2,26.127398,0.243997,0.795038,-0.096883,0.549813,13.0
10/3/2025,13:28:28,10/3/2025,13:30:04,long,25036.75,25019.1,STOP,-17.6483,-356.97,0,17.648281,6.475,16.0,26.472421,0.244594,-0.022345,-0.251065,0.482478,13.0
10/3/2025,13:59:08,10/3/2025,14:01:37,short,24980.5,24961.5,REVERSAL,19.0,376.0,1,20.637653,8.3,11.1,30.95648,0.268118,0.431621,0.916553,0.334768,13.0
10/3/2025,14:01:37,10/3/2025,14:02:18,long,24961.5,24977.0,REVERSAL,15.5,306.0,1,17.133713,8.8,8.8,25.700569,0.342405,0.579111,0.424223,0.273366,14.0
10/3/2025,14:02:18,10/3/2025,14:03:34,short,24977.0,24952.84,TARGET,24.1594,479.19,1,16.106243,8.525,9.3,24.159365,0.352865,0.658619,1.097387,0.256545,14.0
10/3/2025,14:04:06,10/3/2025,14:06:28,long,24943.5,24929.06,STOP,-14.4444,-292.89,0,14.444392,8.575,13.0,21.666588,0.395771,0.686649,-0.27481,0.228892,14.0
10/3/2025,14:06:59,10/3/2025,14:08:11,long,24945.25,24929.99,STOP,-15.2626,-309.25,0,15.262604,7.85,11.8,22.893905,0.342886,0.375776,0.037322,0.239381,14.0
10/3/2025,14:10:46,10/3/2025,14:11:31,short,24966.75,24982.21,STOP,-15.462,-313.24,0,15.462014,10.125,15.5,23.193021,0.436554,0.273908,0.991419,0.244218,14.0
10/3/2025,14:11:47,10/3/2025,14:17:47,short,24982.5,24997.69,STOP,-15.1871,-307.74,0,15.187095,6.15,10.1,22.780643,0.269966,0.436919,1.551221,0.243968,14.0
10/3/2025,14:40:19,10/3/2025,14:49:02,long,25011.75,24996.54,STOP,-15.2116,-308.23,0,15.211588,8.0,25.0,22.817382,0.35061,0.431795,0.401829,0.376681,14.0
10/3/2025,14:49:02,10/3/2025,14:52:37,long,24993.75,24980.62,STOP,-13.1278,-266.56,0,13.127756,7.675,30.9,19.691633,0.389759,0.181225,-0.638174,0.331116,14.0
10/3/2025,15:00:26,10/3/2025,15:02:28,short,25010.75,24999.0,REVERSAL,11.75,231.0,1,12.303125,5.375,19.2,18.454687,0.291254,0.325344,0.745195,0.321906,15.0
10/3/2025,15:02:28,10/3/2025,15:05:23,long,24999.0,25013.55,TARGET,14.5469,286.94,1,9.697916,6.575,17.9,14.546874,0.451987,0.450146,0.141332,0.257996,15.0
10/3/2025,15:05:23,10/3/2025,15:11:20,short,25012.0,25020.8,STOP,-8.8033,-180.07,0,8.803261,6.475,22.8,13.204891,0.490349,0.551121,1.161876,0.238968,15.0
10/3/2025,15:12:26,10/3/2025,15:17:59,short,25017.5,25002.02,TARGET,15.4793,305.59,1,10.319509,5.725,18.0,15.479264,0.36985,0.846251,1.306563,0.306711,15.0
10/3/2025,15:21:27,10/3/2025,15:33:38,long,24999.75,25014.63,TARGET,14.8787,293.57,1,9.919104,6.2,30.2,14.878656,0.416704,0.777084,0.204106,0.317788,15.0
10/3/2025,15:33:38,10/3/2025,15:41:36,short,25015.25,25023.98,STOP,-8.7318,-178.64,0,8.731808,6.125,41.0,13.097712,0.467639,0.585938,1.202031,0.291608,15.0
10/3/2025,15:42:59,10/3/2025,15:50:00,short,25019.25,25008.74,TARGET,10.5078,206.16,1,7.00521,5.025,32.5,10.507815,0.478215,0.736946,1.352937,0.238801,15.0
10/6/2025,09:30:00,10/6/2025,09:30:12,short,25214.25,25191.86,TARGET,22.3937,443.87,1,14.92914,4.875,14.0,22.39371,0.217695,0.524382,1.040888,0.188772,9.0
10/6/2025,09:30:12,10/6/2025,09:31:12,long,25190.25,25210.19,TARGET,19.9423,394.85,1,13.294859,6.4,5.2,19.942288,0.320926,0.472188,-0.198766,0.166663,9.0
10/6/2025,09:31:55,10/6/2025,09:32:11,long,25193.0,25182.06,STOP,-10.9354,-222.71,0,10.935404,7.7,5.7,16.403107,0.469423,0.390432,0.005124,0.135602,9.0
10/6/2025,09:34:01,10/6/2025,09:34:29,long,25182.0,25167.43,STOP,-14.5725,-295.45,0,14.572507,7.275,6.0,21.858761,0.332818,0.021662,0.032796,0.182238,9.0
10/6/2025,09:47:41,10/6/2025,09:50:43,short,25169.75,25143.66,TARGET,26.0942,517.88,1,17.39613,6.4,7.5,26.094195,0.245265,0.330635,0.939561,0.284738,9.0
10/6/2025,09:50:43,10/6/2025,09:59:03,long,25143.25,25159.0,REVERSAL,15.75,311.0,1,17.067195,9.025,12.7,25.600793,0.352528,0.462297,-0.042561,0.312381,9.0
10/6/2025,09:59:03,10/6/2025,10:00:47,short,25159.0,25171.19,STOP,-12.1884,-247.77,0,12.188441,7.975,14.2,18.282662,0.436206,0.551835,1.108227,0.27598,9.0
10/6/2025,10:01:07,10/6/2025,10:01:49,short,25161.75,25144.2,TARGET,17.5543,347.09,1,11.702835,7.85,6.6,17.554253,0.447185,0.708743,1.094158,0.281689,10.0
10/6/2025,10:01:49,10/6/2025,10:02:46,long,25148.5,25162.25,REVERSAL,13.75,271.0,1,9.909706,7.45,7.6,14.864559,0.501192,0.61411,0.215094,0.244761,10.0
10/6/2025,10:02:46,10/6/2025,10:04:20,short,25162.25,25171.6,STOP,-9.3548,-191.1,0,9.354837,7.15,8.8,14.032255,0.50954,0.532144,1.124454,0.237631,10.0
10/6/2025,10:05:54,10/6/2025,10:08:33,short,25169.0,25152.77,TARGET,16.2345,320.69,1,10.822986,6.475,11.5,16.234479,0.398842,0.842565,1.32756,0.289276,10.0
10/6/2025,10:09:55,10/6/2025,10:12:19,long,25145.5,25162.15,TARGET,16.6452,328.9,1,11.096819,8.2,16.5,16.645229,0.492634,0.843958,-0.09116,0.311595,10.0
10/6/2025,10:12:19,10/6/2025,10:20:57,short,25162.5,25173.53,STOP,-11.0303,-224.61,0,11.030261,7.65,12.4,16.545391,0.462364,0.484138,0.929727,0.32416,10.0
10/6/2025,10:20:57,10/6/2025,10:24:15,short,25175.25,25159.96,TARGET,15.2872,301.74,1,10.191497,7.175,26.6,15.287246,0.469345,0.610416,1.526836,0.363803,10.0
10/6/2025,10:25:03,10/6/2025,10:28:42,long,25155.5,25144.79,STOP,-10.7074,-218.15,0,10.70742,6.525,17.6,16.06113,0.40626,0.65192,0.11522,0.424983,10.0
10/6/2025,10:28:42,10/6/2025,10:31:09,long,25145.0,25134.42,STOP,-10.5774,-215.55,0,10.577418,6.675,19.5,15.866127,0.420708,0.381735,-0.516946,0.445578,10.0
10/6/2025,10:48:18,10/6/2025,10:49:00,short,25142.75,25152.04,STOP,-9.2943,-189.89,0,9.294263,6.525,18.0,13.941394,0.468031,0.313538,1.026669,0.358014,10.0
10/6/2025,10:50:13,10/6/2025,10:54:55,short,25147.25,25133.49,TARGET,13.758,271.16,1,9.171994,4.15,11.5,13.757991,0.301643,0.753755,1.367678,0.377798,10.0
10/6/2025,10:57:40,10/6/2025,10:59:43,short,25143.75,25152.65,STOP,-8.9027,-182.05,0,8.90267,6.075,24.5,13.354004,0.45492,0.826323,1.139134,0.39434,10.0
10/6/2025,11:00:56,10/6/2025,11:04:03,short,25149.5,25159.53,STOP,-10.0254,-204.51,0,10.025374,4.825,17.8,15.038061,0.320853,0.923389,1.312937,0.454068,11.0
10/6/2025,12:09:58,10/6/2025,12:24:38,long,25186.25,25204.34,TARGET,18.0871,357.74,1,12.058071,4.95,26.1,18.087106,0.273676,0.627578,-0.137609,0.525313,12.0
10/6/2025,12:34:08,10/6/2025,12:35:36,long,25196.25,25188.14,STOP,-8.1065,-166.13,0,8.10648,4.8,51.2,12.159721,0.394746,0.226006,0.168167,0.332418,12.0
10/6/2025,12:35:36,10/6/2025,12:47:58,long,25189.25,25201.39,TARGET,12.1355,238.71,1,8.090343,5.35,45.4,12.135515,0.440855,0.215413,-0.364405,0.330993,12.0
10/6/2025,12:49:18,10/6/2025,12:53:07,long,25192.75,25200.5,REVERSAL,7.75,151.0,1,7.282374,5.075,49.5,10.923561,0.464592,0.365883,0.045707,0.293553,12.0
10/6/2025,12:53:07,10/6/2025,13:05:25,short,25200.5,25191.02,TARGET,9.4847,185.69,1,6.323144,4.675,42.3,9.484716,0.492898,0.440002,0.89959,0.253246,12.0
10/6/2025,13:05:25,10/6/2025,13:10:26,long,25190.5,25185.57,STOP,-4.9304,-102.61,0,4.930423,5.275,54.5,7.395634,0.713259,0.7577,-0.195343,0.193433,13.0
10/6/2025,13:13:12,10/6/2025,13:15:45,long,25190.75,25185.67,STOP,-5.081,-105.62,0,5.081016,4.4,44.5,7.621523,0.577312,0.504119,-0.03631,0.198472,13.0
10/6/2025,13:17:40,10/6/2025,13:20:11,short,25196.75,25201.74,STOP,-4.9926,-103.85,0,4.99262,4.9,31.5,7.488929,0.654299,0.423256,0.773737,0.193674,13.0
10/6/2025,13:20:11,10/6/2025,13:20:52,short,25202.75,25207.63,STOP,-4.8823,-101.65,0,4.882286,5.125,35.3,7.323429,0.699809,0.463027,1.542886,0.188575,13.0
10/6/2025,14:56:57,10/6/2025,15:21:02,long,25232.0,25223.93,STOP,-8.0681,-165.36,0,8.068105,3.8,46.0,12.102158,0.313994,0.721618,0.117217,0.303968,14.0
10/6/2025,15:25:04,10/6/2025,15:30:18,long,25227.25,25219.22,STOP,-8.0251,-164.5,0,8.025079,4.225,25.2,12.037619,0.350983,-0.067187,-0.296669,0.345084,15.0
10/7/2025,09:30:18,10/7/2025,09:36:07,long,25222.75,25250.5,REVERSAL,27.75,551.0,1,18.922849,4.425,11.4,28.384274,0.155896,0.564123,-0.008644,0.570866,9.0
10/7/2025,09:36:07,10/7/2025,09:36:22,short,25250.5,25263.25,STOP,-12.7494,-258.99,0,12.749396,5.8,9.2,19.124094,0.303282,0.339801,1.10029,0.374108,9.0
10/7/2025,09:36:32,10/7/2025,09:45:35,short,25250.5,25232.72,TARGET,17.7774,351.55,1,11.851581,5.45,6.2,17.777372,0.30657,0.599966,1.174734,0.341702,9.0
10/7/2025,09:45:35,10/7/2025,09:47:13,long,25236.0,25249.75,REVERSAL,13.75,271.0,1,9.931862,5.925,13.4,14.897792,0.39771,0.751087,0.216401,0.264298,9.0
10/7/2025,09:47:13,10/7/2025,09:47:57,short,25249.75,25235.71,TARGET,14.0369,276.74,1,9.357915,5.7,10.5,14.036872,0.406073,0.595984,1.113919,0.246575,9.0
10/7/2025,09:47:57,10/7/2025,09:49:54,long,25237.5,25250.57,TARGET,13.0654,257.31,1,8.710254,5.725,10.1,13.065381,0.438181,0.537102,0.15443,0.228033,9.0
10/7/2025,09:49:54,10/7/2025,09:50:15,short,25248.0,25235.15,TARGET,12.8453,252.91,1,8.563558,6.4,14.6,12.845337,0.498235,0.504824,0.933231,0.222314,9.0
10/7/2025,09:50:15,10/7/2025,09:54:24,long,25233.75,25246.65,TARGET,12.8954,253.91,1,8.596937,6.7,14.6,12.895405,0.519565,0.488831,-0.163608,0.222766,9.0
10/7/2025,09:54:29,10/7/2025,09:55:30,short,25250.75,25257.59,STOP,-6.8376,-140.75,0,6.837582,5.4,19.4,10.256373,0.526502,0.226333,1.17909,0.174809,9.0
10/7/2025,09:56:30,10/7/2025,09:58:36,short,25253.75,25241.59,TARGET,12.1596,239.19,1,8.106431,4.55,8.1,12.159646,0.374189,0.692539,1.163054,0.202138,9.0
10/7/2025,09:58:45,10/7/2025,10:00:55,long,25237.75,25249.43,TARGET,11.6761,229.52,1,7.784075,5.9,13.5,11.676112,0.505305,0.68221,-0.153685,0.192457,9.0
10/7/2025,10:01:33,10/7/2025,10:02:35,long,25240.75,25233.11,STOP,-7.6355,-156.71,0,7.63554,5.675,13.7,11.45331,0.49549,0.573579,0.163416,0.187716,10.0
10/7/2025,10:02:35,10/7/2025,10:03:38,long,25232.0,25224.46,STOP,-7.5358,-154.72,0,7.535791,5.5,14.0,11.303687,0.486567,0.513471,-0.547446,0.185113,10.0
10/7/2025,10:09:58,10/7/2025,10:20:46,short,25249.25,25233.09,TARGET,16.1636,319.27,1,10.775754,5.7,19.2,16.163631,0.352644,0.267858,1.08016,0.265439,10.0
10/7/2025,10:20:46,10/7/2025,10:27:12,long,25233.75,25224.32,STOP,-9.4308,-192.62,0,9.430767,5.075,27.8,14.146151,0.358755,0.609128,0.109434,0.24963,10.0
10/7/2025,10:28:23,10/7/2025,10:35:53,long,25218.0,25206.07,STOP,-11.9324,-242.65,0,11.932377,4.625,6.3,17.898565,0.258401,0.130479,-0.363058,0.36187,10.0
10/7/2025,11:11:39,10/7/2025,11:20:36,short,25105.25,25124.31,STOP,-19.0561,-385.12,0,19.056084,7.375,5.4,28.584126,0.25801,0.27736,1.081791,0.33028,11.0
10/7/2025,11:20:36,10/7/2025,11:26:02,short,25124.75,25098.0,REVERSAL,26.75,531.0,1,18.582317,7.875,11.0,27.873475,0.282527,0.879061,1.57988,0.308621,11.0
10/7/2025,11:26:02,10/7/2025,11:26:30,long,25098.0,25087.59,STOP,-10.4148,-212.3,0,10.414839,7.4,13.1,15.622258,0.473683,0.703282,0.002473,0.177632,11.0
10/7/2025,11:27:38,10/7/2025,11:27:55,long,25091.0,25078.47,STOP,-12.5304,-254.61,0,12.530352,7.05,6.4,18.795528,0.375089,0.122392,-0.199901,0.213363,11.0
10/7/2025,11:42:39,10/7/2025,11:45:38,short,25055.75,25030.16,TARGET,25.5946,507.89,1,17.063059,8.025,8.1,25.594588,0.313543,0.293692,1.005478,0.288115,11.0
10/7/2025,11:45:38,10/7/2025,11:47:38,long,25024.0,25009.08,STOP,-14.9195,-302.39,0,14.919458,7.025,10.9,22.379187,0.313908,0.561811,-0.210258,0.260656,11.0
10/7/2025,11:47:38,10/7/2025,11:48:25,long,25009.0,24993.39,STOP,-15.6051,-316.1,0,15.605136,7.675,10.4,23.407704,0.327884,0.350802,-0.646417,0.272274,11.0
10/7/2025,11:57:52,10/7/2025,12:00:30,short,25025.75,25045.23,STOP,-19.481,-393.62,0,19.480964,6.75,8.2,29.221446,0.230995,0.378711,0.938462,0.357567,11.0
10/7/2025,12:02:45,10/7/2025,12:11:16,short,25040.75,25021.5,REVERSAL,19.25,381.0,1,20.360571,6.5,9.9,30.540857,0.21283,1.121035,1.370064,0.415866,12.0
10/7/2025,12:11:16,10/7/2025,12:19:30,long,25021.5,25003.81,STOP,-17.6929,-357.86,0,17.692919,8.3,15.9,26.539378,0.312743,0.524296,0.142983,0.460645,12.0
10/7/2025,12:20:29,10/7/2025,12:22:56,long,25016.0,25000.67,STOP,-15.3311,-310.62,0,15.3311,7.625,19.7,22.99665,0.33157,-0.043434,-0.227389,0.41715,12.0
10/7/2025,12:25:34,10/7/2025,12:26:38,short,25037.0,25051.61,STOP,-14.6112,-296.22,0,14.611173,6.4,14.5,21.916759,0.292014,0.203873,0.881101,0.399389,12.0
10/7/2025,12:26:38,10/7/2025,12:29:20,short,25052.75,25030.97,TARGET,21.7776,431.55,1,14.518407,4.775,10.0,21.777611,0.219262,0.476486,1.608478,0.39935,12.0
10/7/2025,12:29:24,10/7/2025,12:30:20,short,25036.5,25049.63,STOP,-13.1349,-266.7,0,13.134877,7.375,14.2,19.702316,0.374321,0.811193,0.956799,0.366002,12.0
10/7/2025,12:31:36,10/7/2025,12:32:27,short,25046.75,25060.32,STOP,-13.5726,-275.45,0,13.572573,6.625,13.6,20.358859,0.325411,1.006011,1.425641,0.378862,12.0
10/7/2025,12:49:18,10/7/2025,12:54:16,long,25047.75,25031.45,STOP,-16.3042,-330.08,0,16.304187,6.75,19.2,24.456281,0.276003,0.655746,0.002582,0.494148,12.0
10/7/2025,12:55:41,10/7/2025,12:58:08,long,25038.5,25021.06,STOP,-17.4381,-352.76,0,17.43815,6.55,17.9,26.157225,0.250409,-0.000686,-0.273496,0.583126,12.0
10/7/2025,13:10:44,10/7/2025,13:12:46,short,25056.0,25031.98,TARGET,24.021,476.42,1,16.013978,7.1,29.2,24.020967,0.295575,0.333137,1.020379,0.69331,13.0
10/7/2025,13:12:52,10/7/2025,13:13:58,long,25030.5,25045.75,REVERSAL,15.25,301.0,1,13.446378,5.825,12.1,20.169566,0.288801,0.540374,-0.016496,0.599276,13.0
10/7/2025,13:13:58,10/7/2025,13:15:21,short,25045.75,25057.39,STOP,-11.6414,-236.83,0,11.641395,6.7,12.2,17.462092,0.383688,0.587581,0.877532,0.525595,13.0
10/7/2025,13:15:21,10/7/2025,13:17:20,short,25057.0,25040.4,TARGET,16.6001,328.0,1,11.066721,6.475,15.5,16.600082,0.390058,0.728359,1.595928,0.503359,13.0
10/7/2025,13:17:20,10/7/2025,13:20:17,short,25040.0,25050.68,STOP,-10.6848,-217.7,0,10.684808,7.525,24.4,16.027212,0.469514,0.794831,0.594995,0.489632,13.0
10/7/2025,13:20:17,10/7/2025,13:23:28,short,25047.0,25057.25,STOP,-10.2453,-208.91,0,10.245285,7.0,31.6,15.367928,0.455494,0.849847,1.082544,0.471277,13.0
10/7/2025,13:34:25,10/7/2025,13:37:32,long,25037.0,25025.53,STOP,-11.4666,-233.33,0,11.466609,6.425,32.4,17.199914,0.373548,0.703464,0.228196,0.53301,13.0
10/7/2025,13:37:32,10/7/2025,13:45:59,long,25031.75,25047.57,TARGET,15.8219,312.44,1,10.54791,6.15,32.7,15.821865,0.388703,0.500422,-0.166167,0.490282,13.0
10/7/2025,13:47:10,10/7/2025,13:50:26,short,25052.25,25038.4,TARGET,13.855,273.1,1,9.23664,6.575,33.8,13.854961,0.474559,0.29032,1.139843,0.431168,13.0
10/7/2025,13:50:26,10/7/2025,13:50:56,long,25034.0,25024.82,STOP,-9.1762,-187.52,0,9.176218,5.975,26.7,13.764326,0.434093,0.362033,-0.243771,0.429801,13.0
10/7/2025,13:56:48,10/7/2025,13:58:50,long,25025.5,25013.95,STOP,-11.5468,-234.94,0,11.546834,6.125,26.6,17.320251,0.353632,0.053677,-0.312633,0.539389,13.0
10/7/2025,14:12:06,10/7/2025,14:56:06,short,25036.0,25050.85,STOP,-14.8524,-301.05,0,14.852403,6.15,26.6,22.278604,0.27605,0.237508,1.054456,0.688746,14.0
10/7/2025,14:56:06,10/7/2025,15:10:10,short,25049.75,25035.1,TARGET,14.6452,288.9,1,9.763441,5.375,42.6,14.645161,0.367015,0.792944,1.506134,0.538252,14.0
10/7/2025,15:10:10,10/7/2025,15:19:00,long,25036.5,25046.71,TARGET,10.2092,200.18,1,6.806124,5.775,28.3,10.209185,0.565667,0.76346,0.111379,0.376146,15.0
10/7/2025,15:19:00,10/7/2025,15:19:51,short,25045.75,25036.23,TARGET,9.5159,186.32,1,6.343924,5.625,43.7,9.515886,0.591117,0.536497,1.006784,0.353781,15.0
10/7/2025,15:19:51,10/7/2025,15:35:39,long,25033.5,25043.09,TARGET,9.5934,187.87,1,6.395604,6.025,39.8,9.593406,0.628036,0.49994,-0.260939,0.356873,15.0
10/7/2025,15:36:11,10/7/2025,15:38:00,short,25043.25,25049.31,STOP,-6.0608,-125.22,0,6.060827,4.525,36.3,9.09124,0.497732,0.310079,0.750516,0.347046,15.0
10/7/2025,15:38:00,10/7/2025,15:41:29,short,25049.25,25055.44,STOP,-6.1939,-127.88,0,6.193857,3.9,25.4,9.290786,0.419771,0.43571,1.358646,0.357521,15.0
10/8/2025,09:30:00,10/8/2025,09:31:02,short,25085.0,25099.07,STOP,-14.0688,-285.38,0,14.068776,6.6,26.5,21.103165,0.312749,0.689944,0.960239,0.748554,9.0
10/8/2025,09:34:07,10/8/2025,09:40:00,short,25125.75,25149.53,STOP,-23.7751,-479.5,0,23.775091,5.7,5.9,35.662637,0.159831,1.106932,1.488289,1.026718,9.0
10/8/2025,09:44:08,10/8/2025,09:44:58,long,25117.5,25133.61,TARGET,16.1065,318.13,1,10.737678,6.05,12.2,16.106517,0.375624,0.70584,-0.018734,0.362228,9.0
10/8/2025,09:45:01,10/8/2025,09:45:59,short,25133.0,25142.17,STOP,-9.1745,-187.49,0,9.174496,5.55,10.3,13.761743,0.403292,0.609996,0.91619,0.305089,9.0
10/8/2025,09:45:59,10/8/2025,09:47:18,short,25140.0,25148.52,STOP,-8.5179,-174.36,0,8.517882,4.975,6.7,12.776823,0.389377,0.617478,1.37013,0.276756,9.0
10/8/2025,10:18:51,10/8/2025,10:22:04,long,25206.0,25197.96,STOP,-8.0379,-164.76,0,8.037878,5.25,15.3,12.056816,0.435438,0.712751,-0.017964,0.153917,10.0
10/8/2025,10:24:09,10/8/2025,10:29:15,long,25199.5,25214.84,TARGET,15.3401,302.8,1,10.226748,5.175,10.7,15.340122,0.337351,-0.044622,-0.251135,0.198509,10.0
10/8/2025,10:29:30,10/8/2025,10:32:57,short,25214.5,25225.15,STOP,-10.6534,-217.07,0,10.653442,4.7,17.3,15.980162,0.294115,0.209687,0.771743,0.204944,10.0
10/8/2025,10:32:57,10/8/2025,10:35:10,short,25222.75,25207.97,TARGET,14.7813,291.63,1,9.854211,4.8,14.3,14.781317,0.324734,0.672879,1.399446,0.18922,10.0
10/8/2025,10:35:46,10/8/2025,10:37:43,long,25200.25,25214.27,TARGET,14.0234,276.47,1,9.348929,4.825,16.2,14.023394,0.344068,0.710814,-0.087946,0.179516,10.0
10/8/2025,10:38:02,10/8/2025,10:43:00,short,25212.0,25202.0,REVERSAL,10.0,196.0,1,9.328987,4.175,14.6,13.993481,0.298353,0.680889,0.767982,0.181668,10.0
10/8/2025,10:43:00,10/8/2025,10:46:42,long,25202.0,25193.05,STOP,-8.9465,-182.93,0,8.946502,5.05,23.7,13.419753,0.376311,0.68903,0.089411,0.176945,10.0
10/8/2025,10:46:42,10/8/2025,10:51:19,long,25190.0,25180.57,STOP,-9.4298,-192.6,0,9.429838,5.475,16.9,14.144757,0.387069,0.403215,-0.658026,0.196644,10.0
10/8/2025,11:01:00,10/8/2025,11:11:26,short,25201.25,25213.02,STOP,-11.7685,-239.37,0,11.768511,4.025,14.1,17.652766,0.22801,0.257068,0.993974,0.342603,11.0
10/8/2025,11:14:00,10/8/2025,11:24:40,short,25212.5,25224.88,STOP,-12.3779,-251.56,0,12.377872,4.1,20.7,18.566808,0.220824,1.064666,1.509193,0.409053,11.0
10/8/2025,12:26:05,10/8/2025,12:31:04,long,25251.75,25243.99,STOP,-7.7644,-159.29,0,7.764437,3.875,26.5,11.646655,0.332714,0.836926,-0.04565,0.315012,12.0
10/8/2025,12:33:26,10/8/2025,12:47:56,long,25248.5,25241.08,STOP,-7.4177,-152.35,0,7.417722,3.4,29.0,11.126583,0.305574,0.236536,-0.382571,0.295321,12.0
10/8/2025,13:15:39,10/8/2025,13:18:35,short,25252.75,25259.0,STOP,-6.2486,-128.97,0,6.24865,3.625,31.0,9.372975,0.38675,0.509295,1.04145,0.237049,13.0
10/8/2025,13:19:35,10/8/2025,13:23:01,short,25253.5,25259.26,STOP,-5.7617,-119.23,0,5.761651,3.3,32.0,8.642476,0.381835,0.778928,1.202634,0.217081,13.0
10/8/2025,14:40:48,10/8/2025,14:49:35,long,25277.5,25269.94,STOP,-7.5596,-155.19,0,7.559637,4.55,32.1,11.339456,0.401254,0.654051,-0.084023,0.302541,14.0
10/8/2025,14:51:57,10/8/2025,14:53:33,long,25277.25,25270.26,STOP,-6.9865,-143.73,0,6.98655,4.125,34.9,10.479824,0.393613,0.090587,-0.184649,0.308613,14.0
10/8/2025,15:05:41,10/8/2025,15:13:53,short,25283.0,25291.01,STOP,-8.0086,-164.17,0,8.008559,3.125,21.8,12.012839,0.260138,0.171181,0.651088,0.407723,15.0
10/8/2025,15:13:53,10/8/2025,15:15:26,short,25292.0,25299.09,STOP,-7.0891,-145.78,0,7.089081,3.95,43.6,10.633621,0.371463,0.501363,1.600989,0.390546,15.0
10/9/2025,09:30:00,10/9/2025,09:30:02,short,25328.0,25318.55,TARGET,9.4482,184.96,1,6.298811,5.95,18.1,9.448217,0.629748,0.693398,0.893196,0.346193,9.0
10/9/2025,09:30:02,10/9/2025,09:30:08,long,25321.25,25314.97,STOP,-6.2765,-129.53,0,6.276481,5.9,12.5,9.414722,0.626678,0.627488,0.177367,0.346376,9.0
10/9/2025,09:30:28,10/9/2025,09:30:32,long,25321.0,25314.51,STOP,-6.4931,-133.86,0,6.493066,7.025,2.7,9.739598,0.721282,0.436227,0.270011,0.363162,9.0
10/9/2025,09:31:01,10/9/2025,09:31:42,short,25331.5,25321.34,TARGET,10.1627,199.25,1,6.775137,8.025,4.7,10.162705,0.789652,0.385619,1.361483,0.380863,9.0
10/9/2025,09:32:00,10/9/2025,09:32:03,long,25322.0,25315.8,STOP,-6.2029,-128.06,0,6.202872,6.975,5.9,9.304308,0.749653,0.4123,0.298749,0.352538,9.0
10/9/2025,09:32:03,10/9/2025,09:33:06,long,25316.0,25309.75,STOP,-6.2516,-129.03,0,6.251629,7.375,5.8,9.377444,0.786462,0.390938,-0.33205,0.355542,9.0
10/9/2025,09:48:58,10/9/2025,09:51:25,short,25296.25,25312.73,STOP,-16.4831,-333.66,0,16.483092,5.425,9.4,24.724638,0.219417,0.205574,1.079078,0.600217,9.0
10/9/2025,09:51:45,10/9/2025,09:53:24,short,25296.5,25272.06,TARGET,24.4431,484.86,1,16.295379,6.475,8.4,24.443068,0.264901,0.936958,1.100375,0.586977,9.0
10/9/2025,09:53:24,10/9/2025,09:55:50,long,25268.0,25252.45,STOP,-15.5493,-314.99,0,15.549273,7.075,7.4,23.32391,0.303337,0.762345,-0.004204,0.539753,9.0
10/9/2025,09:55:50,10/9/2025,09:56:56,long,25252.25,25275.85,TARGET,23.6032,468.06,1,15.735434,6.175,10.6,23.60315,0.261618,0.384535,-0.65885,0.523909,9.0
10/9/2025,09:58:24,10/9/2025,10:00:01,short,25293.0,25271.5,REVERSAL,21.5,426.0,1,15.70083,6.2,8.2,23.551245,0.263256,0.40242,1.006661,0.524347,9.0
10/9/2025,10:00:01,10/9/2025,10:07:24,long,25271.5,25287.25,REVERSAL,15.75,311.0,1,14.289667,7.2,11.4,21.4345,0.335907,0.329931,-0.035002,0.480056,10.0
10/9/2025,10:07:24,10/9/2025,10:08:21,short,25287.25,25271.24,TARGET,16.0105,316.21,1,10.673676,6.725,15.0,16.010515,0.420036,0.528498,1.115065,0.40464,10.0
10/9/2025,10:08:21,10/9/2025,10:15:46,long,25268.25,25259.65,STOP,-8.5958,-175.92,0,8.595811,6.225,14.7,12.893717,0.482793,0.625349,-0.102037,0.330876,10.0
10/9/2025,10:15:57,10/9/2025,10:21:13,long,25263.75,25255.28,STOP,-8.465,-173.3,0,8.465029,5.575,16.7,12.697544,0.439061,0.296063,-0.325947,0.319792,10.0
10/9/2025,10:23:39,10/9/2025,10:25:36,short,25272.75,25266.0,REVERSAL,6.75,131.0,1,8.792495,6.1,11.2,13.188743,0.462516,0.086151,0.804237,0.333787,10.0
10/9/2025,10:25:36,10/9/2025,10:26:18,long,25266.0,25257.22,STOP,-8.7808,-179.62,0,8.780835,6.1,12.5,13.171253,0.46313,0.234679,0.282291,0.344975,10.0
10/9/2025,10:26:18,10/9/2025,10:29:22,long,25256.25,25247.53,STOP,-8.7235,-178.47,0,8.72351,6.2,15.0,13.085264,0.473815,0.233155,-0.422985,0.343742,10.0
10/9/2025,10:49:15,10/9/2025,10:50:06,short,25226.5,25237.85,STOP,-11.3535,-231.07,0,11.353524,6.225,14.1,17.030286,0.365525,0.230545,1.04315,0.349565,10.0
10/9/2025,10:50:19,10/9/2025,10:52:25,short,25232.25,25242.47,STOP,-10.2214,-208.43,0,10.221447,4.675,6.2,15.33217,0.304914,0.688839,1.519914,0.321706,10.0
10/9/2025,11:20:24,10/9/2025,11:21:46,long,25252.0,25244.42,STOP,-7.5765,-155.53,0,7.576452,5.3,17.4,11.364677,0.466357,0.753656,0.128014,0.303049,11.0
10/9/2025,11:22:20,10/9/2025,11:23:32,long,25251.25,25244.53,STOP,-6.7194,-138.39,0,6.719436,5.7,15.1,10.079154,0.565524,0.443297,-0.048905,0.268805,11.0
10/9/2025,11:46:53,10/9/2025,11:49:08,short,25231.0,25241.26,STOP,-10.261,-209.22,0,10.261012,5.875,24.1,15.391518,0.381704,0.338877,1.016681,0.455235,11.0
10/9/2025,11:56:14,10/9/2025,12:20:22,short,25263.0,25252.25,REVERSAL,10.75,211.0,1,19.769074,4.3,17.4,29.653611,0.145008,1.114848,1.555015,0.960441,11.0
10/9/2025,12:20:22,10/9/2025,12:21:58,long,25252.25,25241.51,STOP,-10.7377,-218.75,0,10.737689,5.425,27.5,16.106534,0.33682,0.684987,0.016035,0.524863,12.0
10/9/2025,12:24:17,10/9/2025,12:25:58,long,25254.5,25246.37,STOP,-8.1342,-166.68,0,8.134209,6.2,18.0,12.201313,0.508142,0.062572,-0.05076,0.404706,12.0
10/9/2025,12:49:11,10/9/2025,12:53:06,short,25257.75,25239.96,TARGET,17.7936,351.87,1,11.862404,6.15,22.4,17.793605,0.34563,0.295306,1.015775,0.59487,12.0
10/9/2025,12:53:24,10/9/2025,12:54:53,long,25241.25,25230.68,STOP,-10.5674,-215.35,0,10.567441,5.9,20.4,15.851162,0.372212,0.453486,0.147187,0.536443,12.0
10/9/2025,12:54:53,10/9/2025,12:57:37,long,25227.5,25216.25,STOP,-11.2451,-228.9,0,11.245072,6.575,16.4,16.867608,0.3898,0.324175,-0.588477,0.574811,12.0
10/9/2025,13:20:37,10/9/2025,13:21:42,short,25211.25,25194.47,TARGET,16.7803,331.61,1,11.186882,6.45,11.5,16.780322,0.384379,0.171117,0.966767,0.467428,13.0
10/9/2025,13:21:42,10/9/2025,13:26:22,long,25193.5,25182.23,STOP,-11.2716,-229.43,0,11.271618,6.175,11.6,16.907427,0.365224,0.217563,-0.08702,0.466882,13.0
10/9/2025,13:26:42,10/9/2025,13:29:16,long,25184.25,25172.54,STOP,-11.7106,-238.21,0,11.710626,5.475,18.0,17.565938,0.311683,0.173089,-0.447857,0.468585,13.0
10/9/2025,13:37:37,10/9/2025,13:40:01,short,25194.0,25205.92,STOP,-11.9157,-242.31,0,11.915688,6.0,12.5,17.873532,0.335692,0.178814,0.995006,0.417655,13.0
10/9/2025,13:41:48,10/9/2025,13:50:23,short,25201.75,25214.77,STOP,-13.0217,-264.43,0,13.021715,5.6,19.0,19.532573,0.286701,0.669976,1.29777,0.45458,13.0
10/9/2025,14:06:34,10/9/2025,14:10:02,long,25184.0,25205.64,TARGET,21.6375,428.75,1,14.424998,6.3,25.6,21.637497,0.291161,0.774027,-0.036915,0.492228,14.0
10/9/2025,14:11:51,10/9/2025,14:16:42,short,25209.75,25222.47,STOP,-12.7246,-258.49,0,12.724607,6.0,27.4,19.08691,0.314352,0.614716,1.102376,0.430319,14.0
10/9/2025,14:21:12,10/9/2025,14:21:45,short,25213.25,25222.99,STOP,-9.741,-198.82,0,9.740989,5.05,26.3,14.611484,0.345619,0.846124,0.979246,0.32911,14.0
10/10/2025,09:30:09,10/10/2025,09:30:38,long,25300.25,25317.23,TARGET,16.9797,335.59,1,11.319767,5.85,3.5,16.97965,0.34453,0.386146,-0.005164,0.458178,9.0
10/10/2025,09:30:48,10/10/2025,09:31:01,short,25317.75,25327.74,STOP,-9.9912,-203.82,0,9.991225,5.75,3.6,14.986837,0.38367,0.314722,1.006611,0.424936,9.0
10/10/2025,09:32:45,10/10/2025,09:37:17,short,25335.0,25349.65,STOP,-14.6465,-296.93,0,14.646502,5.3,5.5,21.969753,0.241241,1.032784,1.446073,0.641326,9.0
10/10/2025,09:49:47,10/10/2025,09:50:48,long,25350.25,25337.81,STOP,-12.4424,-252.85,0,12.442378,6.35,9.2,18.663567,0.340235,0.766271,-0.366126,0.434862,9.0
10/10/2025,09:52:22,10/10/2025,09:54:46,long,25345.5,25329.56,STOP,-15.9437,-322.87,0,15.943718,6.15,6.2,23.915577,0.257155,-0.044029,-0.209161,0.568638,9.0
10/10/2025,10:00:03,10/10/2025,10:01:08,short,25365.5,25338.84,TARGET,26.6621,529.24,1,17.77474,7.35,9.5,26.662109,0.275672,0.361093,0.916415,0.670231,10.0
10/10/2025,10:01:08,10/10/2025,10:01:31,long,25338.0,25321.66,STOP,-16.345,-330.9,0,16.34495,7.675,9.0,24.517425,0.313043,0.457281,-0.091824,0.613001,10.0
10/10/2025,10:01:43,10/10/2025,10:02:55,long,25321.0,25344.02,TARGET,23.017,456.34,1,15.344684,8.125,3.5,23.017026,0.353,0.309084,-0.623842,0.574885,10.0
10/10/2025,10:03:26,10/10/2025,10:07:39,long,25332.5,25350.67,TARGET,18.1657,359.31,1,12.11049,6.675,8.0,18.165735,0.36745,0.334759,-0.001218,0.454442,10.0
10/10/2025,10:07:39,10/10/2025,10:13:22,short,25351.5,25333.28,TARGET,18.2167,360.33,1,12.14448,7.4,13.9,18.21672,0.40622,0.386044,1.133484,0.45641,10.0
10/10/2025,10:13:22,10/10/2025,10:16:05,long,25330.0,25317.74,STOP,-12.2613,-249.23,0,12.261347,7.9,17.3,18.39202,0.429534,0.523203,-0.159389,0.459884,10.0
10/10/2025,10:18:07,10/10/2025,10:21:24,long,25320.5,25338.5,REVERSAL,18.0,356.0,1,14.174505,6.4,9.0,21.261758,0.30101,0.086232,-0.062983,0.532829,10.0
10/10/2025,10:21:24,10/10/2025,10:25:30,short,25338.5,25351.48,STOP,-12.9849,-263.7,0,12.984919,5.9,10.9,19.477378,0.302916,0.239991,0.872098,0.488847,10.0
10/10/2025,10:25:30,10/10/2025,10:29:06,short,25350.5,25330.39,TARGET,20.111,398.22,1,13.40735,5.3,15.6,20.111024,0.263537,0.553435,1.40423,0.508115,10.0
10/10/2025,10:30:24,10/10/2025,10:36:34,short,25344.0,25323.97,TARGET,20.0332,396.66,1,13.355485,6.325,15.7,20.033227,0.315725,0.793669,1.066808,0.555913,10.0
10/10/2025,10:36:38,10/10/2025,10:37:26,long,25322.25,25341.31,TARGET,19.0558,377.12,1,12.703888,6.15,21.5,19.055832,0.322736,0.759816,-0.000372,0.587667,10.0
10/10/2025,10:37:26,10/10/2025,10:40:28,short,25341.75,25322.66,TARGET,19.0928,377.86,1,12.728511,5.85,10.8,19.092767,0.306399,0.682576,1.008046,0.597472,10.0
10/10/2025,10:40:28,10/10/2025,10:44:14,long,25323.75,25340.22,TARGET,16.4657,325.31,1,10.977138,5.775,18.2,16.465708,0.350729,0.54272,-0.14027,0.521802,10.0
10/10/2025,10:45:25,10/10/2025,10:48:00,short,25343.5,25351.65,STOP,-8.1533,-167.07,0,8.153259,5.5,18.1,12.229888,0.449718,0.173225,1.074412,0.389492,10.0
10/10/2025,10:48:56,10/10/2025,10:52:46,short,25349.5,25335.69,TARGET,13.8109,272.22,1,9.207266,4.35,15.3,13.810899,0.314969,0.588608,1.321815,0.449958,10.0
10/10/2025,10:53:34,10/10/2025,10:55:06,long,25333.0,25345.0,REVERSAL,12.0,236.0,1,9.139358,5.575,18.9,13.709037,0.406666,0.716108,0.149684,0.475203,10.0
10/10/2025,10:55:06,10/10/2025,10:57:53,short,25345.0,25331.62,TARGET,13.3813,263.63,1,8.92089,5.325,20.6,13.381335,0.397942,0.740341,1.059361,0.468571,10.0
10/10/2025,10:57:53,10/10/2025,10:57:53,long,25330.0,25321.08,STOP,-8.9226,-182.45,0,8.922603,6.55,24.1,13.383905,0.489394,0.695733,-0.062616,0.482081,10.0
10/10/2025,10:58:25,10/10/2025,10:59:02,long,25225.5,25177.07,STOP,-48.4258,-972.52,0,48.425815,15.825,1.2,72.638722,0.217859,-0.137085,-0.55061,1.526654,10.0
10/10/2025,11:05:44,10/10/2025,11:06:46,short,25064.25,25090.51,STOP,-26.2648,-529.3,0,26.264786,16.975,3.9,39.397179,0.430868,0.277406,0.896094,0.221152,11.0
10/10/2025,11:06:52,10/10/2025,11:07:04,short,25080.0,25044.85,TARGET,35.1514,699.03,1,23.434262,17.275,3.9,35.151392,0.491446,0.784526,1.472152,0.19243,11.0
10/10/2025,11:07:04,10/10/2025,11:07:18,short,25051.0,25027.0,REVERSAL,24.0,476.0,1,23.05132,17.275,3.8,34.57698,0.49961,0.81369,0.661307,0.188738,11.0
10/10/2025,11:07:18,10/10/2025,11:08:56,long,25027.0,25004.2,STOP,-22.8044,-460.09,0,22.80441,15.225,3.2,34.206614,0.445089,0.745813,-0.006627,0.185394,11.0
10/10/2025,11:09:00,10/10/2025,11:09:19,long,25026.5,25003.29,STOP,-23.2127,-468.25,0,23.212742,16.8,4.0,34.819112,0.482494,0.247301,0.061376,0.1805,11.0
10/10/2025,11:10:26,10/10/2025,11:10:59,short,25050.25,25074.8,STOP,-24.5479,-494.96,0,24.54794,14.75,4.1,36.82191,0.400577,0.22551,0.981439,0.185664,11.0
10/10/2025,11:11:25,10/10/2025,11:12:17,short,25066.0,25025.31,TARGET,40.6896,809.79,1,27.126424,14.775,3.9,40.689637,0.363115,0.624793,1.13628,0.2063,11.0
10/10/2025,11:13:20,10/10/2025,11:13:44,short,25062.25,25089.03,STOP,-26.7754,-539.51,0,26.775358,13.5,5.9,40.163038,0.33613,0.664934,1.058785,0.20419,11.0
10/10/2025,11:13:57,10/10/2025,11:16:19,short,25073.75,25034.76,TARGET,38.9857,775.71,1,25.990485,14.05,6.1,38.985728,0.360388,0.841352,1.38449,0.198656,11.0
10/10/2025,11:16:29,10/10/2025,11:17:48,long,25022.5,24995.61,STOP,-26.8888,-541.78,0,26.888812,16.6,5.9,40.333218,0.411571,0.746207,-0.034423,0.208096,11.0
10/10/2025,11:17:54,10/10/2025,11:18:17,long,24998.25,24970.18,STOP,-28.0694,-565.39,0,28.069381,12.525,5.8,42.104072,0.297477,0.316854,-0.55833,0.218845,11.0
10/10/2025,11:27:24,10/10/2025,11:28:51,short,24877.25,24838.94,TARGET,38.3109,762.22,1,25.540616,15.025,4.3,38.310924,0.392186,0.206813,1.106681,0.235544,11.0
10/10/2025,11:28:51,10/10/2025,11:30:02,long,24832.25,24807.36,STOP,-24.8907,-501.81,0,24.890664,11.6,4.7,37.335996,0.310692,0.640879,-0.047461,0.240716,11.0
10/10/2025,11:30:02,10/10/2025,11:30:13,long,24803.75,24779.96,STOP,-23.7855,-479.71,0,23.785454,12.225,4.4,35.678181,0.342646,0.411334,-0.610132,0.236966,11.0
10/10/2025,11:35:17,10/10/2025,11:40:00,short,24760.5,24713.3,TARGET,47.1996,939.99,1,31.466396,13.125,3.6,47.199594,0.278074,0.218048,0.987663,0.257988,11.0
10/10/2025,11:40:00,10/10/2025,11:42:22,long,24711.75,24753.88,TARGET,42.1338,838.68,1,28.08923,15.35,5.8,42.133844,0.364315,0.670461,-0.195581,0.231411,11.0
10/10/2025,11:42:29,10/10/2025,11:43:04,short,24768.75,24793.64,STOP,-24.8912,-501.82,0,24.891169,13.575,6.1,37.336754,0.363583,0.181246,1.156659,0.208657,11.0
10/10/2025,11:43:13,10/10/2025,11:44:16,short,24785.0,24812.58,STOP,-27.5758,-555.52,0,27.575819,13.05,3.9,41.363729,0.315494,0.583744,1.408828,0.235008,11.0
10/10/2025,11:54:11,10/10/2025,11:54:37,long,24840.75,24871.49,TARGET,30.7351,610.7,1,20.490097,13.525,6.1,30.735145,0.44005,0.677407,-0.061816,0.330259,11.0
10/10/2025,11:54:37,10/10/2025,11:55:02,short,24882.0,24851.33,TARGET,30.6748,609.5,1,20.449859,13.65,6.6,30.674788,0.444991,0.691475,1.290144,0.332435,11.0
10/10/2025,11:55:08,10/10/2025,11:56:11,long,24831.25,24811.73,STOP,-19.5214,-394.43,0,19.521402,14.325,6.2,29.282102,0.489207,0.698988,-0.350263,0.319898,11.0
10/10/2025,11:58:23,10/10/2025,12:03:00,long,24800.0,24766.78,STOP,-33.2154,-668.31,0,33.215433,11.7,6.4,49.823149,0.234831,-0.072763,-0.352917,0.573933,11.0
10/10/2025,12:05:22,10/10/2025,12:06:04,short,24799.25,24788.75,REVERSAL,10.5,206.0,1,19.938615,15.325,7.2,29.907922,0.512406,0.178727,0.559182,0.357054,12.0
10/10/2025,12:06:04,10/10/2025,12:06:40,long,24788.75,24770.63,STOP,-18.1208,-366.42,0,18.120765,14.75,6.2,27.181147,0.542656,0.367311,0.240721,0.330785,12.0
10/10/2025,12:06:40,10/10/2025,12:07:35,long,24766.25,24792.87,TARGET,26.6184,528.37,1,17.745611,14.25,6.8,26.618417,0.535344,0.347829,-0.548616,0.327111,12.0
10/10/2025,12:07:54,10/10/2025,12:08:26,long,24795.75,24809.25,REVERSAL,13.5,266.0,1,18.427119,13.125,8.4,27.640679,0.474844,0.304956,0.626806,0.343587,12.0
10/10/2025,12:08:26,10/10/2025,12:10:15,short,24809.25,24781.43,TARGET,27.8242,552.48,1,18.549478,13.675,8.4,27.824216,0.491478,0.366215,1.102083,0.346176,12.0
10/10/2025,12:10:15,10/10/2025,12:11:10,long,24775.75,24757.61,STOP,-18.1369,-366.74,0,18.136892,14.2,9.2,27.205338,0.521956,0.448847,-0.138478,0.340113,12.0
10/10/2025,12:11:15,10/10/2025,12:11:29,long,24766.0,24791.08,TARGET,25.0841,497.68,1,16.722741,9.65,7.3,25.084112,0.384706,0.35245,-0.398676,0.313078,12.0
10/10/2025,12:11:33,10/10/2025,12:11:56,short,24799.0,24815.05,STOP,-16.0523,-325.05,0,16.052325,10.4,7.3,24.078488,0.431921,0.406494,0.965561,0.300624,12.0
10/10/2025,12:12:27,10/10/2025,12:12:42,short,24794.0,24810.28,STOP,-16.2823,-329.65,0,16.282299,12.0,5.4,24.423449,0.491331,0.654153,0.743004,0.305637,12.0
10/10/2025,12:16:38,10/10/2025,12:18:04,long,24776.75,24758.72,STOP,-18.0266,-364.53,0,18.026556,12.95,7.4,27.039834,0.478923,0.776895,-0.139612,0.343257,12.0
10/10/2025,12:18:23,10/10/2025,12:19:05,long,24768.25,24749.99,STOP,-18.2642,-369.28,0,18.264169,11.55,8.6,27.396253,0.42159,0.345512,-0.404412,0.358744,12.0
10/10/2025,12:23:02,10/10/2025,12:23:21,short,24809.25,24829.4,STOP,-20.1466,-406.93,0,20.146635,11.85,8.9,30.219952,0.392125,0.296068,1.222701,0.441131,12.0
10/10/2025,12:24:13,10/10/2025,12:25:00,short,24835.25,24798.7,TARGET,36.554,727.08,1,24.369311,9.15,6.0,36.553967,0.250315,0.705856,1.637838,0.538697,12.0
10/10/2025,12:25:38,10/10/2025,12:29:14,short,24815.75,24779.01,TARGET,36.7417,730.83,1,24.494466,12.375,9.5,36.741699,0.336811,0.714066,1.04713,0.548198,12.0
10/10/2025,12:30:22,10/10/2025,12:32:09,short,24806.5,24830.08,STOP,-23.5772,-475.54,0,23.577202,10.675,10.7,35.365804,0.301845,0.721005,0.869142,0.535959,12.0
10/10/2025,12:32:09,10/10/2025,12:34:08,short,24830.0,24793.23,TARGET,36.7671,731.34,1,24.511373,10.475,9.9,36.767059,0.284902,0.827374,1.444868,0.563646,12.0
10/10/2025,12:34:17,10/10/2025,12:35:12,long,24784.5,24761.5,STOP,-22.9986,-463.97,0,22.998633,11.8,8.7,34.497949,0.342049,0.706358,0.026711,0.547475,12.0
10/10/2025,12:35:30,10/10/2025,12:36:25,long,24766.5,24800.65,TARGET,34.1455,678.91,1,22.763635,9.025,6.0,34.145453,0.26431,0.262775,-0.506576,0.58418,12.0
10/10/2025,12:37:30,10/10/2025,12:38:06,long,24786.5,24766.27,STOP,-20.2278,-408.56,0,20.227777,9.625,9.7,30.341666,0.317221,0.126191,-0.049162,0.561819,12.0
10/10/2025,12:38:34,10/10/2025,12:42:48,long,24776.5,24755.0,STOP,-21.4954,-433.91,0,21.495436,9.525,10.3,32.243154,0.295412,0.065892,-0.266519,0.607577,12.0
10/10/2025,13:11:50,10/10/2025,13:13:47,short,24662.75,24626.24,TARGET,36.5068,726.14,1,24.337853,10.8,9.2,36.50678,0.295835,0.165466,1.008947,0.379125,13.0
10/10/2025,13:13:47,10/10/2025,13:15:34,long,24621.75,24651.05,TARGET,29.301,582.02,1,19.533968,11.05,10.7,29.300952,0.377121,0.406581,-0.104417,0.298591,13.0
10/10/2025,13:15:34,10/10/2025,13:17:33,short,24651.75,24668.46,STOP,-16.708,-338.16,0,16.707957,11.475,7.3,25.061935,0.457866,0.464831,1.226899,0.246576,13.0
10/10/2025,13:18:43,10/10/2025,13:20:42,short,24649.0,24622.87,TARGET,26.1281,518.56,1,17.4187,9.375,10.9,26.12805,0.35881,0.96756,1.068259,0.252784,13.0
10/10/2025,13:20:42,10/10/2025,13:21:32,long,24623.75,24650.09,TARGET,26.3371,522.74,1,17.558071,9.6,10.6,26.337107,0.364505,0.812761,0.060411,0.251486,13.0
10/10/2025,13:21:32,10/10/2025,13:22:17,short,24650.0,24667.5,STOP,-17.5037,-354.07,0,17.503704,10.45,8.8,26.255556,0.398011,0.767422,1.031697,0.250047,13.0
10/10/2025,13:24:27,10/10/2025,13:27:05,short,24668.5,24689.81,STOP,-21.3102,-430.2,0,21.310241,8.4,10.5,31.965361,0.262784,0.937277,1.269661,0.304275,13.0
10/10/2025,13:44:52,10/10/2025,13:46:17,long,24707.25,24693.73,STOP,-13.5176,-274.35,0,13.517558,9.65,13.9,20.276337,0.475924,0.635735,-0.238546,0.227205,13.0
10/10/2025,13:47:25,10/10/2025,13:52:22,long,24686.25,24665.21,STOP,-21.0437,-424.87,0,21.043741,8.5,5.4,31.565611,0.26928,0.00372,-0.476854,0.378825,13.0
10/10/2025,14:11:00,10/10/2025,14:11:13,short,24669.75,24659.75,REVERSAL,10.0,196.0,1,15.207839,11.375,18.0,22.811759,0.498646,0.359139,0.507562,0.432426,14.0
10/10/2025,14:11:13,10/10/2025,14:13:51,long,24659.75,24679.5,REVERSAL,19.75,391.0,1,14.86225,11.875,18.1,22.293375,0.532669,0.363629,0.078574,0.42367,14.0
10/10/2025,14:13:51,10/10/2025,14:14:36,short,24679.5,24691.28,STOP,-11.779,-239.58,0,11.779038,10.875,19.0,17.668556,0.6155,0.480919,1.246807,0.342552,14.0
10/10/2025,14:17:46,10/10/2025,14:18:36,short,24682.25,24661.25,TARGET,20.998,415.96,1,13.998683,9.3,16.4,20.998024,0.442899,0.962571,1.184588,0.424535,14.0
10/10/2025,14:18:36,10/10/2025,14:19:58,long,24660.25,24681.26,TARGET,21.0149,416.3,1,14.009942,10.6,16.2,21.014913,0.504404,0.879639,0.147631,0.426854,14.0
10/10/2025,14:19:58,10/10/2025,14:20:44,short,24690.75,24704.83,STOP,-14.0767,-285.53,0,14.076687,12.275,15.0,21.115031,0.581339,0.815709,1.565473,0.429803,14.0
10/10/2025,14:21:45,10/10/2025,14:22:25,short,24692.25,24708.86,STOP,-16.6086,-336.17,0,16.608639,10.775,10.7,24.912958,0.432506,0.950034,1.331896,0.50716,14.0
10/10/2025,14:29:30,10/10/2025,14:34:35,long,24669.5,24650.08,STOP,-19.4169,-392.34,0,19.416864,9.15,18.2,29.125296,0.31416,0.869071,0.102493,0.584413,14.0
10/10/2025,14:37:09,10/10/2025,14:44:37,long,24651.75,24632.56,STOP,-19.194,-387.88,0,19.193953,9.4,20.1,28.790929,0.326492,0.173966,-0.528362,0.575426,14.0
10/10/2025,15:00:41,10/10/2025,15:02:37,short,24632.0,24596.08,TARGET,35.9231,714.46,1,23.948721,8.525,9.7,35.923082,0.237313,0.259556,1.098501,0.590566,15.0
10/10/2025,15:04:35,10/10/2025,15:09:18,short,24622.25,24595.48,TARGET,26.7651,531.3,1,17.84337,10.125,15.5,26.765055,0.378292,0.612538,1.163925,0.424638,15.0
10/10/2025,15:09:37,10/10/2025,15:11:45,long,24593.25,24578.98,STOP,-14.2737,-289.47,0,14.273729,8.75,18.6,21.410594,0.408676,0.790701,0.120281,0.330796,15.0
10/10/2025,15:13:03,10/10/2025,15:22:04,long,24574.75,24556.85,STOP,-17.8992,-361.98,0,17.899212,6.95,7.8,26.848817,0.258857,0.283654,-0.277874,0.385348,15.0
10/10/2025,15:41:58,10/10/2025,15:44:47,short,24511.75,24538.43,STOP,-26.6764,-537.53,0,26.676387,8.4,6.6,40.01458,0.209923,0.26803,0.810449,0.393256,15.0
10/10/2025,15:44:50,10/10/2025,15:50:11,short,24538.5,24502.05,TARGET,36.4492,724.98,1,24.299457,7.725,8.1,36.449185,0.211939,0.736548,1.654484,0.353399,15.0
10/13/2025,09:30:00,10/13/2025,09:30:07,long,24826.5,24804.51,STOP,-21.994,-443.88,0,21.993989,7.575,12.0,32.990984,0.229608,0.407386,-0.052954,0.533938,9.0
10/13/2025,09:30:17,10/13/2025,09:33:05,long,24822.0,24803.34,STOP,-18.6551,-377.1,0,18.655076,9.125,1.7,27.982614,0.326095,-0.013091,-0.370987,0.45242,9.0
10/13/2025,09:41:00,10/13/2025,09:41:40,short,24771.75,24741.18,TARGET,30.5691,607.38,1,20.379414,9.175,5.5,30.569121,0.300139,0.358621,0.929682,0.455659,9.0
10/13/2025,09:41:40,10/13/2025,09:42:32,long,24741.75,24767.46,TARGET,25.7134,510.27,1,17.14226,8.8,5.2,25.71339,0.342234,0.479447,-0.033477,0.393441,9.0
10/13/2025,09:42:32,10/13/2025,09:42:57,short,24767.25,24780.95,STOP,-13.7014,-278.03,0,13.701437,9.125,5.9,20.552155,0.443992,0.582106,1.248097,0.320238,9.0
10/13/2025,09:45:15,10/13/2025,09:47:35,short,24790.75,24815.96,STOP,-25.2071,-508.14,0,25.207084,9.575,5.0,37.810626,0.253236,1.091061,1.183472,0.634965,9.0
10/13/2025,10:12:23,10/13/2025,10:15:20,long,24883.5,24873.41,STOP,-10.0874,-205.75,0,10.087399,9.45,10.7,15.131099,0.624542,0.704292,-0.11975,0.202736,10.0
10/13/2025,10:15:28,10/13/2025,10:15:56,long,24887.25,24902.14,TARGET,14.8871,293.74,1,9.924741,8.3,12.6,14.887111,0.557529,0.322903,0.133576,0.195721,10.0
10/13/2025,10:15:56,10/13/2025,10:16:59,short,24902.75,24887.86,TARGET,14.8883,293.77,1,9.92554,7.875,11.6,14.88831,0.528938,0.38902,1.17637,0.194692,10.0
10/13/2025,10:17:24,10/13/2025,10:19:45,long,24878.0,24868.18,STOP,-9.8219,-200.44,0,9.821851,9.9,11.6,14.732776,0.671971,0.43435,-0.453656,0.19073,10.0
10/13/2025,10:23:09,10/13/2025,10:32:37,long,24817.5,24844.5,REVERSAL,27.0,536.0,1,34.159726,7.725,4.5,51.239589,0.150762,-0.130684,-0.466001,0.665805,10.0
10/13/2025,10:32:37,10/13/2025,10:35:08,short,24844.5,24866.2,STOP,-21.7,-438.0,0,21.69995,10.3,11.8,32.549926,0.316437,0.330089,1.1212,0.422704,10.0
10/13/2025,10:40:59,10/13/2025,10:45:00,short,24868.5,24828.04,TARGET,40.4589,805.18,1,26.972567,8.5,16.4,40.45885,0.21009,1.091621,1.300134,0.517458,10.0
10/13/2025,10:46:19,10/13/2025,10:50:02,long,24824.25,24799.37,STOP,-24.8777,-501.55,0,24.877708,10.2,15.2,37.316562,0.273337,0.638455,0.009534,0.502367,10.0
10/13/2025,10:50:58,10/13/2025,10:52:12,long,24799.75,24772.97,STOP,-26.782,-539.64,0,26.781983,7.825,8.9,40.172974,0.194783,-0.084835,-0.520089,0.615641,10.0
10/13/2025,11:07:01,10/13/2025,11:08:26,short,24762.75,24774.74,STOP,-11.9851,-243.7,0,11.985095,9.9,12.1,17.977642,0.550684,0.365345,0.327564,0.257114,11.0
10/13/2025,11:08:26,10/13/2025,11:08:55,short,24777.25,24788.47,STOP,-11.2218,-228.44,0,11.221777,9.95,16.8,16.832665,0.591113,0.453355,1.216761,0.239008,11.0
10/13/2025,11:42:08,10/13/2025,11:47:36,long,24861.75,24882.11,TARGET,20.3647,403.29,1,13.576435,7.0,19.1,20.364653,0.343733,0.662115,0.007971,0.298531,11.0
10/13/2025,11:47:36,10/13/2025,11:48:00,short,24883.5,24870.9,TARGET,12.6014,248.03,1,8.400966,7.1,19.3,12.601449,0.563427,0.19654,1.174922,0.189326,11.0
10/13/2025,11:48:44,10/13/2025,11:49:33,long,24866.25,24879.12,TARGET,12.8711,253.42,1,8.580709,7.2,12.2,12.871064,0.559394,0.144142,-0.184287,0.195489,11.0
10/13/2025,11:49:59,10/13/2025,11:50:36,short,24884.75,24871.81,TARGET,12.9443,254.89,1,8.629528,6.95,13.4,12.944292,0.536916,0.226201,1.230052,0.197698,11.0
10/13/2025,11:50:36,10/13/2025,11:50:55,short,24873.25,24867.0,REVERSAL,6.25,121.0,1,8.604339,6.975,14.3,12.906509,0.540425,0.29047,0.348139,0.19805,11.0
10/13/2025,11:50:55,10/13/2025,11:51:41,long,24867.0,24879.96,TARGET,12.9615,255.23,1,8.640987,7.35,15.5,12.96148,0.567065,0.282416,-0.1257,0.199047,11.0
10/13/2025,11:51:41,10/13/2025,11:57:09,short,24882.25,24890.9,STOP,-8.6487,-176.97,0,8.648662,7.525,17.7,12.972993,0.580051,0.328531,1.049603,0.199188,11.0
10/13/2025,12:00:43,10/13/2025,12:00:54,short,24883.25,24893.98,STOP,-10.7334,-218.67,0,10.733359,6.775,19.8,16.100039,0.420806,0.790932,0.810558,0.246048,12.0
10/13/2025,12:22:00,10/13/2025,12:22:04,long,24886.75,24874.08,STOP,-12.6663,-257.33,0,12.666299,7.075,9.8,18.999448,0.372379,0.861891,0.159069,0.263697,12.0
10/13/2025,12:22:05,10/13/2025,12:23:42,long,24885.0,24899.0,REVERSAL,14.0,276.0,1,12.690385,9.45,5.8,19.035577,0.496439,0.694421,0.069096,0.263587,12.0
10/13/2025,12:23:42,10/13/2025,12:24:09,short,24899.0,24909.63,STOP,-10.6267,-216.53,0,10.626735,9.5,9.8,15.940103,0.595981,0.516877,0.757213,0.219205,12.0
10/13/2025,12:24:18,10/13/2025,12:27:32,short,24906.25,24917.09,STOP,-10.8427,-220.85,0,10.842745,11.1,7.2,16.264117,0.682484,0.667633,1.024006,0.220705,12.0
10/13/2025,12:41:03,10/13/2025,12:49:07,long,24893.25,24910.85,TARGET,17.5963,347.93,1,11.730851,5.425,23.1,17.596277,0.308304,0.647436,-0.186083,0.224788,12.0
10/13/2025,12:49:07,10/13/2025,12:49:47,short,24912.5,24924.08,STOP,-11.5757,-235.51,0,11.575719,6.95,20.2,17.363579,0.400263,0.436303,1.004792,0.218491,12.0
10/13/2025,12:49:49,10/13/2025,12:51:37,short,24922.5,24934.72,STOP,-12.2244,-248.49,0,12.224417,7.85,5.6,18.336625,0.428105,0.623188,1.476052,0.228194,12.0
10/13/2025,13:13:04,10/13/2025,13:41:16,long,24909.75,24890.0,STOP,-19.7493,-398.99,0,19.749255,6.1,15.1,29.623882,0.205915,0.799308,-0.11631,0.338528,13.0
10/13/2025,13:41:16,10/13/2025,13:53:32,long,24893.25,24910.0,REVERSAL,16.75,331.0,1,19.227404,6.925,33.6,28.841106,0.240109,0.058476,-0.33622,0.462234,13.0
10/13/2025,13:53:32,10/13/2025,13:55:35,short,24910.0,24896.75,TARGET,13.2512,261.02,1,8.834122,6.1,30.6,13.251184,0.460336,0.242288,0.872608,0.296095,13.0
10/13/2025,13:55:35,10/13/2025,13:57:32,long,24897.0,24909.47,TARGET,12.4732,245.46,1,8.315472,6.725,24.0,12.473207,0.539156,0.371825,-0.098683,0.300769,13.0
10/13/2025,13:57:32,10/13/2025,13:59:06,short,24915.0,24922.96,STOP,-7.9594,-163.19,0,7.959367,7.325,21.7,11.939051,0.613533,0.437391,1.435166,0.303518,13.0
10/13/2025,14:08:06,10/13/2025,14:17:00,short,24928.75,24941.3,STOP,-12.5523,-255.05,0,12.552336,5.55,31.6,18.828505,0.294766,1.053098,1.601521,0.552387,14.0
10/13/2025,14:42:10,10/13/2025,14:43:33,long,24920.5,24906.42,STOP,-14.0809,-285.62,0,14.080929,5.65,23.3,21.121394,0.267501,0.715247,-0.170765,0.597278,14.0
10/13/2025,14:44:31,10/13/2025,14:48:33,long,24920.75,24908.4,STOP,-12.3486,-250.97,0,12.348574,6.3,15.2,18.522861,0.34012,0.296496,-0.295503,0.531373,14.0
10/13/2025,15:16:20,10/13/2025,15:19:04,short,24920.0,24931.36,STOP,-11.3606,-231.21,0,11.360556,6.675,30.5,17.040833,0.391706,0.443207,1.165754,0.609211,15.0
10/13/2025,15:25:41,10/13/2025,15:29:17,short,24934.25,24910.4,TARGET,23.8493,472.99,1,15.899515,4.975,25.0,23.849272,0.208602,1.071473,1.418581,0.851372,15.0
10/13/2025,15:39:46,10/13/2025,15:49:59,short,24930.0,24907.61,TARGET,22.3947,443.89,1,14.929832,5.55,30.1,22.394747,0.247826,0.730985,1.064976,0.840488,15.0
10/14/2025,09:30:00,10/14/2025,09:30:23,short,24635.5,24601.24,TARGET,34.2635,681.27,1,22.842304,8.25,13.3,34.263457,0.240781,0.795008,1.016658,0.470072,9.0
10/14/2025,09:30:23,10/14/2025,09:33:42,long,24598.25,24575.9,STOP,-22.3546,-451.09,0,22.3546,11.25,2.3,33.531899,0.335501,0.721165,-0.064388,0.464886,9.0
10/14/2025,09:38:14,10/14/2025,09:43:19,long,24487.5,24445.3,STOP,-42.197,-847.94,0,42.197027,7.55,4.0,63.295541,0.119282,-0.090622,-0.49616,0.866174,9.0
10/14/2025,09:46:23,10/14/2025,09:52:25,short,24487.75,24513.9,STOP,-26.1539,-527.08,0,26.153916,7.575,3.3,39.230874,0.193088,0.312186,0.957357,0.404183,9.0
10/14/2025,09:52:35,10/14/2025,09:53:23,short,24509.25,24531.66,STOP,-22.4083,-452.17,0,22.408318,11.475,6.0,33.612477,0.341391,0.857635,1.514653,0.32642,9.0
10/14/2025,10:47:56,10/14/2025,10:49:58,long,24700.0,24720.35,TARGET,20.3461,402.92,1,13.564084,7.25,10.4,20.346126,0.356333,0.752662,-0.280247,0.144467,10.0
10/14/2025,10:50:18,10/14/2025,10:51:37,long,24709.5,24695.74,STOP,-13.7578,-279.16,0,13.757793,7.125,10.2,20.63669,0.345259,0.543588,0.261347,0.144094,10.0
10/14/2025,10:51:37,10/14/2025,10:52:41,long,24695.75,24681.83,STOP,-13.9172,-282.34,0,13.917204,8.825,11.1,20.875806,0.422738,0.44491,-0.377451,0.145316,10.0
10/14/2025,11:01:19,10/14/2025,11:03:44,short,24715.75,24732.4,STOP,-16.6473,-336.95,0,16.647308,7.9,11.9,24.970961,0.316367,0.253683,0.971748,0.185171,11.0
10/14/2025,11:07:30,10/14/2025,11:13:50,short,24742.0,24704.61,TARGET,37.3946,743.89,1,24.929754,6.95,11.4,37.394631,0.185856,1.092588,1.341765,0.298699,11.0
10/14/2025,11:15:58,10/14/2025,11:35:19,long,24701.75,24734.5,REVERSAL,32.75,651.0,1,22.500453,9.175,21.5,33.750679,0.271846,0.601701,0.001566,0.296005,11.0
10/14/2025,11:35:19,10/14/2025,11:36:01,short,24734.5,24749.53,STOP,-15.0251,-304.5,0,15.025117,9.425,24.9,22.537676,0.418189,0.406638,1.270266,0.264432,11.0
10/14/2025,11:38:34,10/14/2025,11:38:58,short,24729.75,24748.69,STOP,-18.9439,-382.88,0,18.94394,10.875,10.1,28.415909,0.382708,1.043227,0.844173,0.346506,11.0
10/14/2025,11:39:39,10/14/2025,11:41:18,long,24707.0,24736.39,TARGET,29.3915,583.83,1,19.594362,15.075,4.7,29.391543,0.512903,0.855326,0.012275,0.382741,11.0
10/14/2025,11:41:18,10/14/2025,11:43:40,short,24740.25,24759.26,STOP,-19.0108,-384.22,0,19.01075,12.075,7.9,28.516125,0.423445,0.614359,1.10834,0.401652,11.0
10/14/2025,11:48:31,10/14/2025,11:52:00,short,24792.0,24819.81,STOP,-27.8098,-560.2,0,27.809782,8.125,14.1,41.714673,0.194776,1.022414,1.558261,0.623816,11.0
10/14/2025,12:06:11,10/14/2025,12:07:10,long,24783.25,24764.34,STOP,-18.9082,-382.16,0,18.908197,7.175,16.2,28.362295,0.252977,0.488749,-0.055667,0.462462,12.0
10/14/2025,12:10:03,10/14/2025,12:15:22,long,24777.75,24803.75,TARGET,25.9984,515.97,1,17.33229,6.325,17.1,25.998435,0.243284,-0.017582,-0.339089,0.43961,12.0
10/14/2025,12:18:38,10/14/2025,12:19:42,short,24814.25,24832.1,STOP,-17.8451,-360.9,0,17.845069,7.35,21.1,26.767603,0.274586,0.299212,1.073641,0.443941,12.0
10/14/2025,12:22:46,10/14/2025,12:37:00,short,24861.75,24895.3,STOP,-33.5532,-675.06,0,33.553232,6.85,8.3,50.329848,0.136102,1.110881,1.513365,0.692566,12.0
10/15/2025,09:30:01,10/15/2025,09:30:31,long,24984.75,24971.07,STOP,-13.6832,-277.66,0,13.683175,6.275,14.1,20.524762,0.305728,0.551006,-0.260788,0.138367,9.0
10/15/2025,09:31:05,10/15/2025,09:31:24,long,24984.25,24971.11,STOP,-13.1441,-266.88,0,13.144105,7.95,4.6,19.716158,0.403223,-0.02028,-0.281085,0.132964,9.0
10/15/2025,09:37:27,10/15/2025,09:37:47,short,24987.25,24963.31,TARGET,23.9401,474.8,1,15.960054,7.825,9.2,23.940081,0.326858,0.253923,0.81464,0.169194,9.0
10/15/2025,09:37:47,10/15/2025,09:38:10,long,24971.0,24955.89,STOP,-15.1053,-306.11,0,15.105258,8.525,8.6,22.657887,0.376249,0.292303,0.172631,0.161767,9.0
10/15/2025,09:38:10,10/15/2025,09:38:27,long,24955.0,24940.75,STOP,-14.2537,-289.07,0,14.25375,8.8,7.1,21.380624,0.411588,0.292351,-0.530138,0.154243,9.0
10/15/2025,09:43:05,10/15/2025,09:43:34,short,24967.75,24951.5,REVERSAL,16.25,321.0,1,14.328864,8.225,6.3,21.493296,0.382677,0.330334,0.822426,0.188626,9.0
10/15/2025,09:43:34,10/15/2025,09:43:52,long,24951.5,24937.3,STOP,-14.1962,-287.92,0,14.196192,8.675,6.4,21.294288,0.407386,0.385529,0.078525,0.18839,9.0
10/15/2025,09:43:52,10/15/2025,09:44:11,long,24942.0,24927.66,STOP,-14.3438,-290.88,0,14.343757,8.575,5.5,21.515636,0.398547,0.352931,-0.322774,0.192177,9.0
10/15/2025,09:45:17,10/15/2025,09:46:40,short,24973.5,24949.98,TARGET,23.5196,466.39,1,15.679723,8.675,5.8,23.519585,0.368842,0.308576,1.275736,0.224346,9.0
10/15/2025,09:46:40,10/15/2025,09:47:52,long,24943.5,24926.57,STOP,-16.931,-342.62,0,16.930999,9.5,7.2,25.396498,0.374067,0.543615,-0.021529,0.256289,9.0
10/15/2025,09:49:23,10/15/2025,09:51:04,long,24913.25,24944.58,TARGET,31.3265,622.53,1,20.884338,9.125,5.4,31.326507,0.291287,0.065604,-0.489817,0.393491,9.0
10/15/2025,09:51:34,10/15/2025,09:53:00,short,24955.5,24977.38,STOP,-21.8845,-441.69,0,21.884546,8.475,5.7,32.82682,0.258173,0.250233,0.951689,0.468496,9.0
10/15/2025,09:53:06,10/15/2025,09:55:14,short,24969.75,24991.92,STOP,-22.17,-447.4,0,22.169987,8.025,7.9,33.25498,0.241317,0.640273,1.367314,0.532577,9.0
10/15/2025,10:40:11,10/15/2025,10:40:26,long,25093.0,25107.16,TARGET,14.1566,279.13,1,9.43776,7.275,16.1,14.15664,0.513893,0.791571,0.055509,0.146097,10.0
10/15/2025,10:40:26,10/15/2025,10:41:17,short,25106.0,25091.84,TARGET,14.1566,279.13,1,9.437747,7.675,15.8,14.156621,0.542149,0.777689,0.963211,0.145577,10.0
10/15/2025,10:41:17,10/15/2025,10:42:24,long,25091.25,25105.23,TARGET,13.9764,275.53,1,9.317584,7.85,13.7,13.976376,0.561662,0.695937,-0.097258,0.142847,10.0
10/15/2025,10:43:11,10/15/2025,10:43:28,long,25096.75,25088.65,STOP,-8.0971,-165.94,0,8.097123,7.4,15.4,12.145684,0.60927,0.514409,0.187955,0.122702,10.0
10/15/2025,10:43:28,10/15/2025,10:43:53,long,25088.0,25080.13,STOP,-7.8697,-161.39,0,7.869661,7.35,15.0,11.804492,0.622644,0.463902,-0.570991,0.119133,10.0
10/15/2025,10:47:30,10/15/2025,10:47:50,short,25105.75,25099.75,REVERSAL,6.0,116.0,1,6.951832,6.3,19.9,10.427748,0.604157,0.169521,0.911163,0.103895,10.0
10/15/2025,10:47:50,10/15/2025,10:48:21,long,25099.75,25092.81,STOP,-6.9361,-142.72,0,6.936135,6.475,20.4,10.404203,0.622345,0.172184,0.332279,0.103572,10.0
10/15/2025,10:49:06,10/15/2025,10:49:45,long,25094.5,25087.22,STOP,-7.2811,-149.62,0,7.28108,7.2,19.7,10.921619,0.659243,0.120969,-0.099957,0.108336,10.0
10/15/2025,10:58:52,10/15/2025,11:03:10,short,25104.25,25090.41,TARGET,13.8421,272.84,1,9.228088,7.8,20.5,13.842131,0.563497,0.151605,1.018706,0.136432,10.0
10/15/2025,11:03:10,10/15/2025,11:06:27,long,25089.5,25100.5,REVERSAL,11.0,216.0,1,8.438935,8.15,17.5,12.658403,0.643841,0.577172,-0.015468,0.124474,11.0
10/15/2025,11:06:27,10/15/2025,11:08:16,short,25100.5,25088.63,TARGET,11.8701,233.4,1,7.913426,7.225,18.7,11.87014,0.60867,0.517552,1.021687,0.11673,11.0
10/15/2025,11:08:35,10/15/2025,11:11:27,long,25087.0,25079.42,STOP,-7.5784,-155.57,0,7.578444,8.2,20.5,11.367667,0.721344,0.562595,-0.09225,0.112263,11.0
10/15/2025,11:13:32,10/15/2025,11:16:23,long,25074.25,25062.82,STOP,-11.4262,-232.52,0,11.426166,6.925,10.1,17.139249,0.404043,0.061323,-0.403482,0.176012,11.0
10/15/2025,11:55:59,10/15/2025,12:02:20,short,24941.0,24965.09,STOP,-24.0944,-485.89,0,24.09438,7.075,6.5,36.14157,0.195758,0.302271,0.980333,0.344532,11.0
10/15/2025,12:03:53,10/15/2025,12:08:11,short,24954.75,24979.22,STOP,-24.4715,-493.43,0,24.471501,7.275,13.4,36.707252,0.19819,1.085842,1.354804,0.337456,12.0
10/15/2025,12:17:02,10/15/2025,12:20:23,long,24939.0,24959.42,TARGET,20.4199,404.4,1,13.613252,9.325,19.2,20.419877,0.456663,0.724324,-0.038813,0.194007,12.0
10/15/2025,12:21:13,10/15/2025,12:23:48,long,24940.25,24960.1,TARGET,19.8528,393.06,1,13.235198,9.375,15.9,19.852797,0.472226,0.378647,-0.030782,0.19277,12.0
10/15/2025,12:23:48,10/15/2025,12:24:56,short,24960.0,24972.65,STOP,-12.6485,-256.97,0,12.648451,9.7,20.5,18.972677,0.511262,0.331408,0.936549,0.186424,12.0
10/15/2025,12:24:56,10/15/2025,12:25:45,short,24972.5,24985.09,STOP,-12.5903,-255.81,0,12.590324,9.2,22.3,18.885485,0.487147,0.389349,1.553719,0.186553,12.0
10/15/2025,12:31:52,10/15/2025,12:34:50,long,24946.5,24931.1,STOP,-15.3996,-311.99,0,15.399647,11.15,16.7,23.09947,0.482695,0.689822,0.02066,0.242016,12.0
10/15/2025,12:34:50,10/15/2025,12:37:29,long,24931.25,24954.04,TARGET,22.7935,451.87,1,15.195692,7.625,19.9,22.793539,0.334525,0.403891,-0.65241,0.242762,12.0
10/15/2025,12:37:29,10/15/2025,12:37:59,long,24955.5,24966.25,REVERSAL,10.75,211.0,1,14.72785,9.475,20.2,22.091775,0.428893,0.384113,0.512788,0.2388,12.0
10/15/2025,12:37:59,10/15/2025,12:38:25,short,24966.25,24944.19,TARGET,22.0623,437.25,1,14.708231,9.5,18.9,22.062347,0.430598,0.418255,1.00278,0.239698,12.0
10/15/2025,12:38:25,10/15/2025,12:41:24,long,24945.75,24931.07,STOP,-14.68,-297.6,0,14.679982,10.325,18.4,22.019973,0.468892,0.424775,0.083333,0.240337,12.0
10/15/2025,12:41:24,10/15/2025,12:45:27,long,24932.5,24917.41,STOP,-15.0921,-305.84,0,15.092072,9.5,21.7,22.638107,0.419646,0.335022,-0.446413,0.251018,12.0
10/15/2025,13:19:04,10/15/2025,13:25:03,short,24748.5,24777.59,STOP,-29.0875,-585.75,0,29.08746,10.675,6.7,43.63119,0.244664,0.456833,1.119224,0.323537,13.0
10/15/2025,13:25:40,10/15/2025,13:35:10,short,24767.5,24797.99,STOP,-30.4921,-613.84,0,30.49214,9.65,9.3,45.73821,0.210983,1.036183,1.462051,0.319139,13.0
10/15/2025,14:03:13,10/15/2025,14:12:54,long,24864.5,24896.15,TARGET,31.6476,628.95,1,21.098372,8.75,12.0,31.647559,0.276483,0.729318,0.004938,0.256577,14.0
10/15/2025,14:12:54,10/15/2025,14:18:24,short,24904.75,24886.42,TARGET,18.3253,362.51,1,12.216866,9.825,24.3,18.325299,0.536144,0.260184,1.434091,0.160184,14.0
10/15/2025,14:19:01,10/15/2025,14:21:19,short,24894.0,24906.72,STOP,-12.7175,-258.35,0,12.71753,8.875,21.4,19.076295,0.465237,0.562081,0.689633,0.171585,14.0
10/15/2025,14:21:19,10/15/2025,14:22:51,short,24904.75,24917.58,STOP,-12.831,-260.62,0,12.830987,10.4,25.6,19.24648,0.540359,0.605128,1.231952,0.174323,14.0
10/15/2025,15:07:42,10/15/2025,15:16:22,long,24918.5,24941.95,TARGET,23.4506,465.01,1,15.633717,6.725,23.2,23.450576,0.286773,0.70258,0.089669,0.189847,15.0
10/15/2025,15:16:22,10/15/2025,15:22:02,short,24941.5,24953.66,STOP,-12.1563,-247.13,0,12.156296,6.9,24.9,18.234444,0.378405,0.245537,1.08214,0.146036,15.0
10/15/2025,15:22:31,10/15/2025,15:35:07,short,24942.75,24923.88,TARGET,18.8745,373.49,1,12.583003,7.425,24.2,18.874505,0.393388,0.594574,1.040147,0.15169,15.0
10/15/2025,15:35:07,10/15/2025,15:35:43,long,24926.25,24913.84,STOP,-12.415,-252.3,0,12.414957,6.575,28.5,18.622435,0.353069,0.588669,-0.010674,0.154283,15.0
10/15/2025,15:36:02,10/15/2025,15:36:48,long,24912.75,24899.62,STOP,-13.1259,-266.52,0,13.125905,5.9,23.4,19.688857,0.299662,0.444006,-0.595797,0.166612,15.0
10/16/2025,09:30:00,10/16/2025,09:30:55,long,25047.75,25072.62,TARGET,24.8704,493.41,1,16.580286,6.575,23.5,24.870428,0.26437,0.418214,-0.210583,0.277139,9.0
10/16/2025,09:31:30,10/16/2025,09:31:51,short,25080.25,25096.27,STOP,-16.0163,-324.33,0,16.016309,7.375,5.5,24.024463,0.306979,0.394582,1.101886,0.270324,9.0
10/16/2025,09:32:16,10/16/2025,09:36:03,short,25092.0,25067.85,TARGET,24.1473,478.95,1,16.098192,7.0,3.2,24.147288,0.289888,0.661035,1.301953,0.267219,9.0
10/16/2025,09:36:57,10/16/2025,09:38:15,long,25067.75,25086.25,REVERSAL,18.5,366.0,1,15.003895,8.7,7.9,22.505843,0.386566,0.69057,0.27217,0.245893,9.0
10/16/2025,09:38:15,10/16/2025,09:39:51,short,25086.25,25063.59,TARGET,22.6631,449.26,1,15.108751,8.225,7.8,22.663126,0.362924,0.620596,1.112007,0.248254,9.0
10/16/2025,09:39:51,10/16/2025,09:40:30,long,25058.0,25043.32,STOP,-14.6782,-297.56,0,14.678199,9.675,9.6,22.017298,0.439427,0.554798,-0.223749,0.241619,9.0
10/16/2025,09:42:00,10/16/2025,09:43:34,long,25059.25,25082.41,TARGET,23.1556,459.11,1,15.437084,8.8,7.2,23.155626,0.380037,-0.046408,-0.112918,0.263858,9.0
10/16/2025,09:43:34,10/16/2025,09:45:03,short,25083.0,25097.77,STOP,-14.7654,-299.31,0,14.765395,8.55,7.9,22.148092,0.386038,0.202208,0.977468,0.25234,9.0
10/16/2025,09:46:33,10/16/2025,09:47:55,short,25101.25,25069.2,TARGET,32.0452,636.9,1,21.363457,7.1,4.9,32.045185,0.221562,1.045677,1.240673,0.369875,9.0
10/16/2025,09:47:55,10/16/2025,09:50:04,long,25065.0,25042.73,STOP,-22.2658,-449.32,0,22.265797,8.175,5.6,33.398696,0.24477,0.853062,0.060013,0.415917,9.0
10/16/2025,09:50:04,10/16/2025,09:55:02,long,25036.75,25071.97,TARGET,35.2198,700.4,1,23.479844,8.7,7.6,35.219766,0.24702,0.43648,-0.664332,0.47311,9.0
10/16/2025,09:56:16,10/16/2025,09:57:03,short,25093.5,25053.98,TARGET,39.522,786.44,1,26.347967,8.225,10.6,39.521951,0.208112,0.277001,1.001051,0.779465,9.0
10/16/2025,09:57:03,10/16/2025,09:58:59,long,25055.25,25082.75,REVERSAL,27.5,546.0,1,25.442451,8.15,6.3,38.163677,0.213554,0.371034,0.073351,0.798154,9.0
10/16/2025,09:58:59,10/16/2025,10:01:03,short,25082.75,25053.16,TARGET,29.5869,587.74,1,19.72462,10.575,10.5,29.58693,0.357421,0.52386,1.087253,0.698749,9.0
10/16/2025,10:01:03,10/16/2025,10:03:50,long,25054.5,25039.48,STOP,-15.0183,-304.37,0,15.018251,10.45,11.8,22.527377,0.46388,0.733853,0.175839,0.569975,10.0
10/16/2025,10:03:50,10/16/2025,10:04:47,long,25041.0,25062.48,TARGET,21.4835,425.67,1,14.322321,11.575,15.1,21.483481,0.538786,0.697879,-0.383353,0.557852,10.0
10/16/2025,10:05:27,10/16/2025,10:05:59,short,25069.5,25083.89,STOP,-14.3855,-291.71,0,14.385516,10.475,8.8,21.578274,0.485442,0.566023,0.945703,0.58365,10.0
10/16/2025,10:06:08,10/16/2025,10:07:16,short,25080.25,25059.83,TARGET,20.4224,404.45,1,13.614954,9.75,8.1,20.422431,0.477416,0.629555,1.366449,0.576002,10.0
10/16/2025,10:07:16,10/16/2025,10:11:08,long,25052.75,25040.16,STOP,-12.5865,-255.73,0,12.586484,9.925,9.6,18.879725,0.525696,0.59508,-0.117461,0.571248,10.0
10/16/2025,10:13:03,10/16/2025,10:13:46,long,25039.75,25023.48,STOP,-16.2666,-329.33,0,16.266645,8.7,5.6,24.399968,0.356558,-0.003108,-0.192624,0.760841,10.0
10/16/2025,10:15:49,10/16/2025,10:16:45,short,25063.0,25079.39,STOP,-16.3903,-331.81,0,16.390296,9.175,8.5,24.585445,0.373188,0.172604,0.936946,0.80543,10.0
10/16/2025,10:16:45,10/16/2025,10:22:19,short,25078.5,25094.96,STOP,-16.4621,-333.24,0,16.462145,8.275,6.2,24.693218,0.335112,0.471396,1.559198,0.838425,10.0
10/16/2025,10:26:53,10/16/2025,10:30:00,long,25049.0,25087.28,TARGET,38.2794,761.59,1,25.5196,9.65,9.0,38.2794,0.252094,0.83781,-0.022605,1.243718,10.0
10/16/2025,10:30:05,10/16/2025,10:35:43,short,25096.25,25114.38,STOP,-18.1345,-366.69,0,18.134457,9.4,12.6,27.201685,0.345567,0.472,1.243888,0.892533,10.0
10/16/2025,10:36:55,10/16/2025,10:41:23,short,25125.5,25146.61,STOP,-21.1128,-426.26,0,21.112823,7.925,6.0,31.669234,0.250243,0.937503,1.558914,0.923177,10.0
10/16/2025,10:47:59,10/16/2025,10:51:05,long,25132.0,25110.21,STOP,-21.791,-439.82,0,21.790958,7.15,8.1,32.686437,0.218745,0.780999,0.102893,0.584431,10.0
10/16/2025,10:51:16,10/16/2025,10:52:44,long,25125.25,25106.9,STOP,-18.3548,-371.1,0,18.354781,7.175,6.2,27.532171,0.260604,0.156338,-0.318588,0.478978,10.0
10/16/2025,11:08:11,10/16/2025,11:15:47,short,25117.5,25103.5,REVERSAL,14.0,276.0,1,15.152548,9.1,11.8,22.728823,0.400373,0.156038,0.594814,0.390588,11.0
10/16/2025,11:15:47,10/16/2025,11:18:46,long,25103.5,25120.25,REVERSAL,16.75,331.0,1,14.849918,8.65,25.7,22.274877,0.38833,0.49353,-0.023796,0.383194,11.0
10/16/2025,11:18:46,10/16/2025,11:22:02,short,25120.25,25105.0,REVERSAL,15.25,301.0,1,14.233387,7.925,17.9,21.350081,0.371193,0.517619,0.815807,0.37606,11.0
10/16/2025,11:22:02,10/16/2025,11:23:40,long,25105.0,25093.25,STOP,-11.7482,-238.96,0,11.748228,8.35,21.5,17.622341,0.47383,0.640282,0.144202,0.315001,11.0
10/16/2025,11:23:40,10/16/2025,11:25:03,long,25090.75,25079.29,STOP,-11.4614,-233.23,0,11.46144,8.875,18.6,17.19216,0.516224,0.560483,-0.618533,0.310507,11.0
10/16/2025,11:36:54,10/16/2025,11:40:24,short,25055.5,25025.5,REVERSAL,30.0,596.0,1,22.702248,9.0,10.8,34.053372,0.264291,0.486285,0.899153,0.528881,11.0
10/16/2025,11:40:24,10/16/2025,11:40:35,long,25025.5,25008.96,STOP,-16.5396,-334.79,0,16.539606,10.9,13.4,24.809409,0.439349,0.864261,0.013592,0.387381,11.0
10/16/2025,11:40:41,10/16/2025,11:41:11,long,25010.5,24993.87,STOP,-16.6289,-336.58,0,16.628891,10.45,9.5,24.943336,0.41895,0.737845,-0.514299,0.387684,11.0
10/16/2025,11:51:43,10/16/2025,11:54:17,short,25007.25,24981.75,REVERSAL,25.5,506.0,1,25.242674,11.375,8.2,37.864011,0.300417,0.334289,0.749049,0.438604,11.0
10/16/2025,11:54:17,10/16/2025,11:56:42,long,24981.75,24967.92,STOP,-13.8277,-280.55,0,13.82769,9.775,12.7,20.741534,0.471277,0.578092,0.075731,0.234429,11.0
10/16/2025,11:57:29,10/16/2025,11:58:14,long,24969.5,24954.67,STOP,-14.8341,-300.68,0,14.834146,10.4,8.0,22.251218,0.46739,0.271231,-0.186479,0.238517,11.0
10/16/2025,12:05:00,10/16/2025,12:11:20,short,24982.25,24956.75,REVERSAL,25.5,506.0,1,20.19356,11.9,11.0,30.290339,0.392865,0.097892,0.860511,0.29109,12.0
10/16/2025,12:11:20,10/16/2025,12:11:49,long,24956.75,24975.0,REVERSAL,18.25,361.0,1,13.714909,8.575,15.4,20.572363,0.416821,0.693231,0.086581,0.200551,12.0
10/16/2025,12:11:49,10/16/2025,12:12:07,short,24975.0,24988.24,STOP,-13.2426,-268.85,0,13.242578,9.65,13.6,19.863867,0.485807,0.717983,1.019914,0.194703,12.0
10/16/2025,12:13:13,10/16/2025,12:15:16,short,24974.75,24988.63,STOP,-13.8832,-281.66,0,13.88317,9.9,9.5,20.824755,0.475396,0.908867,0.955708,0.209297,12.0
10/16/2025,12:17:00,10/16/2025,12:18:27,long,24956.0,24941.66,STOP,-14.336,-290.72,0,14.335983,10.3,9.7,21.503974,0.478981,0.793926,-0.076173,0.227681,12.0
10/16/2025,12:21:10,10/16/2025,12:26:20,long,24913.75,24885.17,STOP,-28.5805,-575.61,0,28.580457,9.675,7.0,42.870685,0.225679,-0.099674,-0.494852,0.447537,12.0
10/16/2025,12:41:11,10/16/2025,12:45:00,short,24812.5,24783.48,TARGET,29.0221,576.44,1,19.348075,12.6,6.9,29.022113,0.434152,0.377427,1.21101,0.230591,12.0
10/16/2025,12:45:06,10/16/2025,12:45:40,long,24782.5,24765.14,STOP,-17.3583,-351.17,0,17.358293,13.6,11.2,26.03744,0.522325,0.74983,0.155496,0.201355,12.0
10/16/2025,12:45:40,10/16/2025,12:46:20,long,24763.25,24745.84,STOP,-17.4064,-352.13,0,17.406421,12.0,10.6,26.109631,0.459601,0.600391,-0.578338,0.200791,12.0
10/16/2025,12:49:38,10/16/2025,12:50:08,short,24803.25,24823.25,STOP,-19.9993,-403.99,0,19.999264,15.45,11.7,29.998896,0.515019,0.275358,1.05027,0.227234,12.0
10/16/2025,12:51:21,10/16/2025,12:53:52,short,24831.5,24858.73,STOP,-27.2251,-548.5,0,27.225105,8.3,5.0,40.837658,0.203244,0.85897,1.418821,0.322205,12.0
10/16/2025,13:03:52,10/16/2025,13:08:38,long,24853.5,24903.97,TARGET,50.4719,1005.44,1,33.647956,10.65,9.1,50.471935,0.211008,0.658923,-0.010284,0.45469,13.0
10/16/2025,13:08:38,10/16/2025,13:12:00,short,24893.75,24920.53,STOP,-26.7847,-539.69,0,26.784667,12.8,7.0,40.177,0.31859,0.192839,0.650521,0.380883,13.0
10/16/2025,13:12:00,10/16/2025,13:15:05,short,24916.0,24876.31,TARGET,39.6927,789.85,1,26.461774,14.175,11.0,39.692661,0.357119,0.450632,1.189989,0.387838,13.0
10/16/2025,13:16:10,10/16/2025,13:17:45,short,24904.5,24925.78,STOP,-21.2841,-429.68,0,21.284064,13.075,15.2,31.926096,0.40954,0.832647,1.150643,0.32444,13.0
10/16/2025,13:19:39,10/16/2025,13:21:26,short,24930.5,24883.66,TARGET,46.8434,932.87,1,31.228932,12.4,6.7,46.843399,0.264712,1.061952,1.263288,0.492865,13.0
10/16/2025,13:21:26,10/16/2025,13:27:33,long,24876.5,24920.1,TARGET,43.5969,867.94,1,29.064619,12.725,9.4,43.596928,0.291878,0.863252,-0.071313,0.472017,13.0
10/16/2025,13:27:54,10/16/2025,13:30:25,short,24928.0,24950.02,STOP,-22.0237,-444.47,0,22.023725,12.725,22.0,33.035588,0.385191,0.462923,1.126446,0.386732,13.0
10/16/2025,13:30:25,10/16/2025,13:31:50,short,24949.5,24915.38,TARGET,34.1248,678.5,1,22.749891,11.75,15.1,34.124836,0.344324,0.617873,1.612533,0.403244,13.0
10/16/2025,13:32:34,10/16/2025,13:39:44,short,24931.25,24900.0,REVERSAL,31.25,621.0,1,22.095579,11.5,12.9,33.143369,0.346977,0.627843,0.976641,0.391084,13.0
10/16/2025,13:39:44,10/16/2025,13:40:47,long,24900.0,24877.93,STOP,-22.0674,-445.35,0,22.067399,12.15,29.1,33.101099,0.367057,0.611518,-0.045903,0.387297,13.0
10/16/2025,13:42:21,10/16/2025,13:45:35,long,24874.25,24848.81,STOP,-25.4403,-512.81,0,25.440266,11.325,12.3,38.160399,0.296774,0.169779,-0.573168,0.454084,13.0
10/16/2025,14:22:33,10/16/2025,14:26:05,short,24729.0,24687.0,REVERSAL,42.0,836.0,1,28.81741,11.375,10.0,43.226115,0.263151,0.295172,0.948167,0.370097,14.0
10/16/2025,14:26:05,10/16/2025,14:30:03,long,24687.0,24712.77,TARGET,25.7708,511.42,1,17.18053,11.75,10.8,25.770795,0.455942,0.791031,-0.057899,0.211829,14.0
10/16/2025,14:30:03,10/16/2025,14:30:33,short,24716.0,24689.89,TARGET,26.1097,518.19,1,17.406445,12.125,14.9,26.109667,0.464387,0.592105,1.160962,0.204436,14.0
10/16/2025,14:31:07,10/16/2025,14:31:40,long,24683.75,24666.33,STOP,-17.4209,-352.42,0,17.420885,13.775,13.6,26.131327,0.527145,0.570815,-0.051254,0.201954,14.0
10/16/2025,14:32:50,10/16/2025,14:33:59,long,24670.75,24650.56,STOP,-20.1938,-407.88,0,20.193843,11.3,8.7,30.290764,0.373051,0.195959,-0.32649,0.224489,14.0
10/16/2025,14:35:53,10/16/2025,14:39:04,short,24703.5,24726.02,STOP,-22.5224,-454.45,0,22.522446,13.025,7.8,33.783669,0.385541,0.183058,0.884579,0.238774,14.0
10/16/2025,14:39:04,10/16/2025,14:43:24,short,24725.25,24748.16,STOP,-22.9146,-462.29,0,22.914613,11.4,12.5,34.371919,0.331666,0.499375,1.403499,0.242447,14.0
10/16/2025,15:13:10,10/16/2025,15:13:27,long,24768.5,24753.88,STOP,-14.615,-296.3,0,14.615013,10.05,14.5,21.922519,0.458433,0.717866,-0.142262,0.185909,15.0
10/16/2025,15:13:39,10/16/2025,15:15:17,long,24763.75,24748.53,STOP,-15.2175,-308.35,0,15.21746,9.125,12.9,22.826191,0.39976,0.56953,-0.292073,0.195116,15.0
10/16/2025,15:36:23,10/16/2025,15:49:21,short,24765.5,24792.14,STOP,-26.6439,-536.88,0,26.643852,12.4,20.7,39.965778,0.310265,0.268272,1.086001,0.487748,15.0
10/17/2025,09:30:01,10/17/2025,09:30:04,long,24737.0,24758.57,TARGET,21.5715,427.43,1,14.381033,10.4,8.1,21.571549,0.482117,0.120155,-0.066487,0.12366,9.0
10/17/2025,09:30:06,10/17/2025,09:30:21,short,24763.25,24741.88,TARGET,21.3711,423.42,1,14.247425,11.6,3.9,21.371137,0.542788,0.194491,1.169244,0.122619,9.0
10/17/2025,09:30:21,10/17/2025,09:30:36,long,24736.0,24723.28,STOP,-12.7216,-258.43,0,12.7216,12.85,2.1,19.0824,0.673395,0.348015,-0.117323,0.109707,9.0
10/17/2025,09:31:16,10/17/2025,09:31:31,long,24720.5,24743.33,TARGET,22.8263,452.53,1,15.217527,12.6,3.3,22.82629,0.551995,0.066532,-0.342231,0.133622,9.0
10/17/2025,09:31:31,10/17/2025,09:31:34,long,24741.75,24751.75,REVERSAL,10.0,196.0,1,15.354034,12.65,3.5,23.031051,0.549258,0.093206,0.613,0.135833,9.0
10/17/2025,09:31:34,10/17/2025,09:32:37,short,24751.75,24767.05,STOP,-15.2959,-309.92,0,15.295854,12.125,3.4,22.943781,0.528466,0.131719,1.051784,0.135611,9.0
10/17/2025,09:32:49,10/17/2025,09:33:14,short,24746.25,24728.25,REVERSAL,18.0,356.0,1,15.450622,13.075,4.7,23.175933,0.564163,0.497794,0.804734,0.142868,9.0
10/17/2025,09:33:14,10/17/2025,09:33:47,long,24728.25,24749.78,TARGET,21.5304,426.61,1,14.353614,13.05,5.0,21.53042,0.606119,0.532354,0.058532,0.13472,9.0
10/17/2025,09:33:47,10/17/2025,09:34:00,short,24753.0,24767.35,STOP,-14.3481,-290.96,0,14.348083,12.725,5.8,21.522125,0.591252,0.539177,1.229482,0.137469,9.0
10/17/2025,09:34:04,10/17/2025,09:34:26,short,24761.0,24775.78,STOP,-14.7766,-299.53,0,14.776614,12.85,6.3,22.164921,0.579745,0.607229,1.527863,0.14319,9.0
10/17/2025,09:39:35,10/17/2025,09:43:47,long,24730.5,24702.28,STOP,-28.2196,-568.39,0,28.219649,10.85,5.9,42.329474,0.256323,0.766172,-0.169274,0.304854,9.0
10/17/2025,09:44:49,10/17/2025,09:48:11,long,24687.75,24743.1,TARGET,55.3506,1103.01,1,36.900379,8.675,5.4,55.350569,0.156728,-0.093585,-0.607396,0.497446,9.0
10/17/2025,09:48:11,10/17/2025,09:51:04,short,24754.25,24789.28,STOP,-35.0256,-704.51,0,35.025627,13.9,6.5,52.538441,0.264568,0.22117,1.048979,0.621139,9.0
10/17/2025,09:54:00,10/17/2025,10:00:05,short,24841.0,24805.5,REVERSAL,35.5,706.0,1,53.781926,6.375,3.2,80.672889,0.079023,1.11836,1.634303,1.428755,9.0
10/17/2025,10:00:05,10/17/2025,10:02:33,long,24805.5,24860.5,REVERSAL,55.0,1096.0,1,37.665721,9.7,7.6,56.498581,0.171686,0.729443,0.129814,0.800999,10.0
10/17/2025,10:02:33,10/17/2025,10:09:07,short,24860.5,24817.82,TARGET,42.6774,849.55,1,28.451615,11.0,5.7,42.677422,0.257748,0.197977,1.094635,0.610782,10.0
10/17/2025,10:09:07,10/17/2025,10:11:37,long,24828.5,24858.5,REVERSAL,30.0,596.0,1,28.03781,12.825,10.5,42.056715,0.304945,0.590729,0.207894,0.552608,10.0
10/17/2025,10:11:37,10/17/2025,10:12:00,short,24858.5,24883.9,STOP,-25.4008,-512.02,0,25.400808,14.125,11.6,38.101213,0.370723,0.595028,1.115269,0.493782,10.0
10/17/2025,10:12:23,10/17/2025,10:13:16,short,24879.75,24907.61,STOP,-27.8642,-561.28,0,27.864233,12.0,7.2,41.796349,0.287106,0.804623,1.515759,0.525201,10.0
10/17/2025,10:23:35,10/17/2025,10:25:13,long,24885.25,24926.87,TARGET,41.6238,828.48,1,27.749209,11.575,11.3,41.623814,0.278086,0.385015,-0.087945,0.377287,10.0
10/17/2025,10:25:40,10/17/2025,10:27:37,long,24898.0,24928.3,TARGET,30.3027,602.05,1,20.201773,12.7,10.6,30.302659,0.419105,0.221383,-0.07924,0.270182,10.0
10/17/2025,10:27:48,10/17/2025,10:28:03,short,24932.5,24904.2,TARGET,28.2996,561.99,1,18.866367,12.0,13.1,28.299551,0.424035,0.239953,1.023242,0.249986,10.0
10/17/2025,10:28:03,10/17/2025,10:30:45,long,24907.5,24888.59,STOP,-18.9053,-382.11,0,18.905257,12.8,11.9,28.357885,0.451374,0.262501,0.138725,0.249755,10.0
10/17/2025,10:30:45,10/17/2025,10:32:56,long,24888.0,24868.94,STOP,-19.0629,-385.26,0,19.062928,11.55,11.7,28.594392,0.403925,0.267367,-0.449312,0.25035,10.0
10/17/2025,10:48:00,10/17/2025,10:49:09,short,24842.25,24860.95,STOP,-18.7008,-378.02,0,18.700848,12.45,11.2,28.051272,0.44383,0.447206,1.089545,0.275013,10.0
10/17/2025,10:49:45,10/17/2025,10:50:22,short,24841.0,24858.82,STOP,-17.8177,-360.35,0,17.817687,10.975,12.5,26.726531,0.410641,0.771375,1.089489,0.268691,10.0
10/17/2025,10:53:16,10/17/2025,10:53:30,long,24832.0,24840.25,REVERSAL,8.25,161.0,1,18.737671,12.825,12.6,28.106507,0.4563,0.755843,0.718544,0.298401,10.0
10/17/2025,10:53:30,10/17/2025,10:54:55,short,24840.25,24812.06,TARGET,28.1881,559.76,1,18.79205,13.025,13.3,28.188075,0.462075,0.760421,1.005888,0.300466,10.0
10/17/2025,10:54:55,10/17/2025,10:56:00,long,24808.5,24789.51,STOP,-18.9894,-383.79,0,18.989427,13.05,15.5,28.484141,0.45815,0.72264,-0.122452,0.311697,10.0
10/17/2025,10:58:47,10/17/2025,11:02:51,long,24773.0,24817.55,TARGET,44.5522,887.04,1,29.701483,9.325,10.0,44.552225,0.209305,-0.035559,-0.501746,0.569249,10.0
10/17/2025,11:02:58,10/17/2025,11:12:04,short,24827.25,24778.96,TARGET,48.294,961.88,1,32.196005,12.4,9.6,48.294007,0.256761,0.166255,0.963722,0.669767,11.0
10/17/2025,11:12:04,10/17/2025,11:14:57,long,24776.5,24747.76,STOP,-28.7394,-578.79,0,28.739387,12.175,10.4,43.109081,0.282423,0.81309,-0.073487,0.60698,11.0
10/17/2025,11:15:11,10/17/2025,11:21:33,long,24756.0,24725.77,STOP,-30.2259,-608.52,0,30.22586,9.325,11.6,45.33879,0.205674,0.23331,-0.472732,0.607987,11.0
10/17/2025,11:30:36,10/17/2025,11:31:21,short,24754.5,24725.74,TARGET,28.7625,571.25,1,19.175009,9.5,8.8,28.762514,0.330291,0.319949,0.911821,0.30126,11.0
10/17/2025,11:31:21,10/17/2025,11:33:56,long,24724.0,24705.65,STOP,-18.3477,-370.95,0,18.347715,11.2,8.4,27.521573,0.406953,0.352529,-0.126418,0.28581,11.0
10/17/2025,11:33:56,10/17/2025,11:35:56,long,24715.5,24696.68,STOP,-18.822,-380.44,0,18.822002,12.375,12.3,28.233004,0.438317,0.253998,-0.255676,0.284476,11.0
10/17/2025,11:39:15,10/17/2025,11:39:44,short,24729.5,24747.19,STOP,-17.6858,-357.72,0,17.68582,9.325,9.8,26.52873,0.351506,0.153471,0.856029,0.263159,11.0
10/17/2025,11:39:44,10/17/2025,11:40:13,short,24751.75,24769.89,STOP,-18.1391,-366.78,0,18.139117,9.075,7.8,27.208676,0.333533,0.303397,1.645499,0.273831,11.0
10/17/2025,12:35:14,10/17/2025,12:37:31,long,24926.5,24951.93,TARGET,25.4256,504.51,1,16.950386,8.65,16.6,25.425578,0.340209,0.817021,0.116233,0.209387,12.0
10/17/2025,12:37:31,10/17/2025,12:38:45,short,24960.0,24936.04,TARGET,23.9649,475.3,1,15.976613,8.95,15.1,23.964919,0.373463,0.654537,1.416339,0.194586,12.0
10/17/2025,12:39:28,10/17/2025,12:41:45,long,24932.25,24916.25,STOP,-16.001,-324.02,0,16.001011,11.05,19.8,24.001517,0.460388,0.62934,0.233246,0.192671,12.0
10/17/2025,12:41:45,10/17/2025,12:45:18,long,24916.0,24899.74,STOP,-16.2595,-329.19,0,16.259524,9.85,20.6,24.389286,0.403866,0.534598,-0.398858,0.193823,12.0
10/17/2025,12:48:48,10/17/2025,12:50:23,short,24951.75,24970.65,STOP,-18.9027,-382.05,0,18.902724,9.7,16.7,28.354086,0.342102,0.08752,1.037401,0.219853,12.0
10/17/2025,12:50:23,10/17/2025,12:51:00,short,24972.0,24942.44,TARGET,29.562,587.24,1,19.708027,9.425,15.4,29.56204,0.318821,0.312751,1.657143,0.22647,12.0
10/17/2025,12:51:00,10/17/2025,12:52:00,short,24946.75,24916.98,TARGET,29.7698,591.4,1,19.846554,10.1,14.3,29.769832,0.33927,0.394245,0.795769,0.22681,12.0
10/17/2025,12:52:00,10/17/2025,12:54:08,long,24914.75,24894.8,STOP,-19.9485,-402.97,0,19.948474,10.875,14.6,29.922711,0.363436,0.38266,-0.258538,0.227053,12.0
10/17/2025,12:57:24,10/17/2025,13:11:03,long,24884.75,24859.9,STOP,-24.8511,-501.02,0,24.851144,9.075,14.4,37.276716,0.24345,0.064649,-0.536304,0.285156,12.0
10/17/2025,13:33:00,10/17/2025,13:35:04,short,24885.5,24902.59,STOP,-17.0923,-345.85,0,17.092326,12.4,20.4,25.638489,0.483648,0.256824,1.040301,0.255501,13.0
10/17/2025,13:38:15,10/17/2025,13:42:46,short,24889.75,24861.57,TARGET,28.1837,559.67,1,18.78911,9.9,17.7,28.183665,0.351267,0.847072,1.097509,0.321678,13.0
10/17/2025,13:42:46,10/17/2025,13:45:24,long,24855.75,24837.51,STOP,-18.2436,-368.87,0,18.243605,12.65,25.6,27.365407,0.462262,0.820792,-0.08203,0.349576,13.0
10/17/2025,13:45:37,10/17/2025,13:49:05,long,24843.0,24871.84,TARGET,28.8414,572.83,1,19.227632,10.35,21.9,28.841449,0.358859,0.568567,-0.431645,0.391678,13.0
10/17/2025,13:50:07,10/17/2025,13:50:42,short,24891.0,24910.55,STOP,-19.5543,-395.09,0,19.554315,9.825,21.8,29.331472,0.334964,0.507224,1.275788,0.426693,13.0
10/17/2025,13:51:14,10/17/2025,13:53:09,short,24904.0,24925.39,STOP,-21.3853,-431.71,0,21.385313,9.425,12.9,32.07797,0.293815,0.687755,1.526483,0.484692,13.0
10/17/2025,14:41:54,10/17/2025,15:01:31,long,24987.5,25017.65,TARGET,30.1544,599.09,1,20.102911,8.775,25.9,30.154366,0.291003,0.696625,0.037878,0.408244,14.0
10/17/2025,15:01:31,10/17/2025,15:10:57,short,25018.0,25030.2,STOP,-12.1954,-247.91,0,12.195408,9.275,34.5,18.293112,0.507021,0.086409,1.065103,0.234176,15.0
10/17/2025,15:15:33,10/17/2025,15:30:41,short,25036.5,25008.63,TARGET,27.8669,553.34,1,18.577905,7.075,20.5,27.866858,0.253886,1.050198,1.381603,0.319299,15.0
10/17/2025,15:31:05,10/17/2025,15:32:40,long,25011.0,24991.54,STOP,-19.4622,-393.24,0,19.462197,6.2,20.6,29.193295,0.212378,0.733802,0.182461,0.311562,15.0
10/17/2025,15:32:40,10/17/2025,15:35:00,long,24988.25,25016.62,TARGET,28.3718,563.44,1,18.914554,7.15,14.3,28.371832,0.252011,0.497531,-0.639246,0.301652,15.0
10/17/2025,15:35:00,10/17/2025,15:45:13,long,25016.75,24998.51,STOP,-18.2353,-368.71,0,18.235254,7.95,17.7,27.35288,0.290646,0.288166,0.337494,0.289633,15.0
10/20/2025,09:30:01,10/20/2025,09:30:26,short,25131.25,25161.1,STOP,-29.8543,-601.09,0,29.854318,6.025,14.7,44.781476,0.134542,0.92466,1.061951,0.587471,9.0
10/20/2025,09:30:26,10/20/2025,09:31:10,short,25160.25,25186.45,STOP,-26.204,-528.08,0,26.203986,6.525,2.4,39.305979,0.166005,0.936329,1.616815,0.509165,9.0
10/20/2025,09:44:52,10/20/2025,09:46:27,long,25189.25,25208.67,TARGET,19.4214,384.43,1,12.947611,8.8,12.4,19.421416,0.453108,0.589309,0.023593,0.207945,9.0
10/20/2025,09:46:27,10/20/2025,09:49:28,short,25208.25,25219.59,STOP,-11.3439,-230.88,0,11.343891,8.65,8.3,17.015837,0.50835,0.39105,0.964126,0.180385,9.0
10/20/2025,09:49:28,10/20/2025,09:51:15,short,25221.75,25232.65,STOP,-10.9042,-222.08,0,10.904156,7.475,15.0,16.356234,0.457012,0.518302,1.663165,0.169435,9.0
10/20/2025,10:15:12,10/20/2025,10:22:24,long,25222.75,25241.48,TARGET,18.7302,370.6,1,12.486788,6.05,15.1,18.730182,0.323008,0.802159,-0.068734,0.209512,10.0
10/20/2025,10:22:30,10/20/2025,10:25:38,short,25246.75,25256.72,STOP,-9.9659,-203.32,0,9.965948,7.8,13.9,14.948922,0.521777,0.199419,1.234334,0.167012,10.0
10/20/2025,10:25:41,10/20/2025,10:26:45,short,25255.0,25265.15,STOP,-10.153,-207.06,0,10.153035,5.325,15.8,15.229552,0.349649,0.546897,1.612804,0.168441,10.0
10/20/2025,11:13:18,10/20/2025,11:13:56,long,25303.5,25297.29,STOP,-6.2081,-128.16,0,6.20811,5.15,21.2,9.312164,0.55304,0.666537,-0.211435,0.143389,11.0
10/20/2025,11:15:41,10/20/2025,11:17:46,long,25301.25,25311.71,TARGET,10.461,205.22,1,6.973989,5.05,12.0,10.460984,0.482746,0.149233,-0.29677,0.165526,11.0
10/20/2025,11:18:08,10/20/2025,11:20:04,short,25313.5,25320.52,STOP,-7.0213,-144.43,0,7.021262,5.825,18.0,10.531894,0.553082,0.164156,0.863183,0.168408,11.0
10/20/2025,11:20:42,10/20/2025,11:25:39,short,25318.0,25325.25,STOP,-7.2494,-148.99,0,7.249429,4.675,17.6,10.874143,0.429919,0.411691,1.151775,0.17374,11.0
10/20/2025,11:46:47,10/20/2025,11:47:30,long,25308.25,25319.5,REVERSAL,11.25,221.0,1,8.397989,5.375,31.0,12.596984,0.426689,0.639408,0.062991,0.203896,11.0
10/20/2025,11:47:30,10/20/2025,11:48:10,short,25319.5,25327.88,STOP,-8.3782,-171.56,0,8.378178,5.35,29.6,12.567267,0.425709,0.655089,0.959328,0.203899,11.0
10/20/2025,11:52:17,10/20/2025,11:52:19,short,25322.25,25318.75,REVERSAL,3.5,66.0,1,8.854301,6.275,10.2,13.281452,0.472463,0.959673,0.557223,0.221774,11.0
10/20/2025,11:52:19,10/20/2025,11:52:20,long,25318.75,25325.75,REVERSAL,7.0,136.0,1,8.545812,7.825,8.6,12.818718,0.610435,0.910092,0.262847,0.215063,11.0
10/20/2025,11:52:20,10/20/2025,11:52:25,short,25325.75,25312.99,TARGET,12.7631,251.26,1,8.50875,8.35,6.7,12.763124,0.654229,0.897904,0.800279,0.214453,11.0
10/20/2025,11:52:29,10/20/2025,11:52:33,long,25321.25,25328.25,REVERSAL,7.0,136.0,1,8.618149,10.5,3.3,12.927224,0.812239,0.757861,0.449719,0.219325,11.0
10/20/2025,11:52:33,10/20/2025,11:52:48,short,25328.25,25336.87,STOP,-8.6168,-176.34,0,8.616836,10.9,3.4,12.925255,0.84331,0.757188,0.981422,0.219593,11.0
10/20/2025,11:52:49,10/20/2025,11:53:11,short,25328.5,25315.44,TARGET,13.0634,257.27,1,8.708903,9.85,3.0,13.063355,0.754018,0.764969,0.97461,0.223197,11.0
10/20/2025,11:53:11,10/20/2025,11:54:44,long,25314.5,25327.62,TARGET,13.1154,258.31,1,8.743585,8.85,4.6,13.115377,0.67478,0.724526,-0.10349,0.225136,11.0
10/20/2025,11:54:44,10/20/2025,11:55:36,short,25326.25,25313.04,TARGET,13.2147,260.29,1,8.809802,8.225,11.0,13.214704,0.622413,0.627667,0.791531,0.22864,11.0
10/20/2025,11:55:36,10/20/2025,11:55:53,long,25313.5,25304.65,STOP,-8.8464,-180.93,0,8.846444,8.475,14.0,13.269666,0.638675,0.586945,-0.152428,0.230686,11.0
10/20/2025,11:56:23,10/20/2025,11:57:22,long,25316.0,25306.47,STOP,-9.5261,-194.52,0,9.526097,8.625,12.3,14.289146,0.603605,0.382701,0.109144,0.250941,11.0
10/20/2025,12:27:35,10/20/2025,12:32:42,short,25315.75,25307.0,REVERSAL,8.75,171.0,1,7.51643,5.525,28.3,11.274645,0.490038,0.285841,0.904669,0.251146,12.0
10/20/2025,12:32:42,10/20/2025,12:33:20,long,25307.0,25299.99,STOP,-7.0095,-144.19,0,7.009516,5.125,30.7,10.514274,0.487433,0.378238,0.122656,0.241251,12.0
10/20/2025,12:33:20,10/20/2025,12:36:13,long,25299.25,25292.11,STOP,-7.1398,-146.8,0,7.139809,5.45,30.5,10.709714,0.508884,0.33784,-0.571457,0.247668,12.0
10/20/2025,12:41:37,10/20/2025,12:43:55,short,25310.0,25306.0,REVERSAL,4.0,76.0,1,6.987927,5.5,31.4,10.48189,0.524715,0.293877,0.676256,0.26247,12.0
10/20/2025,12:43:55,10/20/2025,12:46:10,long,25306.0,25299.12,STOP,-6.8766,-141.53,0,6.876625,5.55,36.3,10.314937,0.538055,0.349989,0.312166,0.265755,12.0
10/20/2025,12:46:10,10/20/2025,12:49:12,long,25300.25,25310.7,TARGET,10.4466,204.93,1,6.964414,5.425,33.8,10.446622,0.519307,0.318868,-0.205252,0.278307,12.0
10/20/2025,12:49:12,10/20/2025,12:58:01,short,25311.25,25317.76,STOP,-6.5072,-134.14,0,6.50716,5.75,38.4,9.760739,0.589095,0.372361,0.927734,0.27266,12.0
10/20/2025,13:00:32,10/20/2025,13:01:03,short,25317.25,25323.07,STOP,-5.8229,-120.46,0,5.822892,5.025,46.1,8.734338,0.575316,0.762952,1.665801,0.298573,13.0
10/20/2025,13:58:39,10/20/2025,14:02:31,long,25332.25,25342.75,REVERSAL,10.5,206.0,1,8.692064,4.375,42.8,13.038096,0.335555,0.735988,0.073941,0.620406,13.0
10/20/2025,14:02:31,10/20/2025,14:06:52,short,25342.75,25349.34,STOP,-6.5899,-135.8,0,6.589884,4.275,37.1,9.884826,0.432481,0.629612,0.839662,0.47332,14.0
10/20/2025,14:06:52,10/20/2025,14:18:44,short,25348.5,25339.97,TARGET,8.5275,166.55,1,5.684982,3.9,40.2,8.527474,0.457345,0.635579,1.428176,0.403383,14.0
10/20/2025,14:18:44,10/20/2025,14:22:16,long,25339.0,25333.69,STOP,-5.3107,-110.21,0,5.310694,3.675,47.1,7.966042,0.461333,0.669629,0.041177,0.363115,14.0
10/20/2025,14:22:33,10/20/2025,14:26:06,long,25340.0,25335.04,STOP,-4.9592,-103.18,0,4.95917,4.625,38.9,7.438755,0.621744,0.46696,0.107125,0.33811,14.0
10/20/2025,15:29:12,10/20/2025,15:43:59,short,25323.75,25310.25,REVERSAL,13.5,266.0,1,9.806659,4.2,26.3,14.709989,0.28552,0.244047,0.85639,0.683302,15.0
10/20/2025,15:43:59,10/20/2025,15:48:22,long,25310.25,25324.72,TARGET,14.4733,285.47,1,9.648858,4.025,41.4,14.473288,0.278099,0.447217,-0.088152,0.673007,15.0
10/21/2025,09:30:01,10/21/2025,09:30:27,short,25302.0,25287.45,TARGET,14.5495,286.99,1,9.699678,5.125,28.8,14.549517,0.352245,0.248949,0.994862,0.457595,9.0
10/21/2025,09:30:27,10/21/2025,09:31:28,long,25288.5,25279.12,STOP,-9.3775,-191.55,0,9.377521,5.3,6.2,14.066281,0.376788,0.270543,-0.005464,0.445688,9.0
10/21/2025,09:33:49,10/21/2025,09:36:04,long,25274.25,25289.25,REVERSAL,15.0,296.0,1,13.21718,6.325,7.9,19.82577,0.319029,-0.002102,-0.184463,0.592042,9.0
10/21/2025,09:36:04,10/21/2025,09:37:18,short,25289.25,25279.75,REVERSAL,9.5,186.0,1,11.212215,6.325,8.1,16.818323,0.376078,0.248205,0.810078,0.496183,9.0
10/21/2025,09:37:18,10/21/2025,09:38:04,long,25279.75,25285.5,REVERSAL,5.75,111.0,1,10.431443,6.2,10.5,15.647164,0.396238,0.355137,0.29549,0.460815,9.0
10/21/2025,09:38:04,10/21/2025,09:39:08,short,25285.5,25280.75,REVERSAL,4.75,91.0,1,10.038924,6.225,11.2,15.058386,0.413391,0.420671,0.702545,0.444544,9.0
10/21/2025,09:39:08,10/21/2025,09:40:14,long,25280.75,25270.72,STOP,-10.0313,-204.63,0,10.031342,6.15,12.0,15.047013,0.408719,0.418827,0.407457,0.443957,9.0
10/21/2025,09:40:14,10/21/2025,09:41:23,long,25272.5,25262.47,STOP,-10.0286,-204.57,0,10.028565,6.075,12.1,15.042848,0.403846,0.395685,-0.120062,0.441882,9.0
10/21/2025,09:50:57,10/21/2025,09:55:14,short,25262.0,25238.8,TARGET,23.1975,459.95,1,15.464977,7.075,8.3,23.197466,0.30499,0.240725,1.023117,0.526486,9.0
10/21/2025,09:55:14,10/21/2025,09:57:11,long,25230.25,25219.15,STOP,-11.0988,-225.98,0,11.098796,7.425,12.8,16.648194,0.445994,0.767248,-0.472178,0.369701,9.0
10/21/2025,09:57:42,10/21/2025,10:05:59,long,25223.75,25244.21,TARGET,20.4644,405.29,1,13.642949,7.05,8.6,20.464424,0.3445,0.2156,-0.461058,0.431733,9.0
10/21/2025,10:05:59,10/21/2025,10:10:04,short,25246.5,25224.7,TARGET,21.7972,431.94,1,14.531491,7.85,14.4,21.797236,0.360137,0.223335,0.957053,0.447741,10.0
10/21/2025,10:10:04,10/21/2025,10:12:11,long,25222.75,25243.32,TARGET,20.5673,407.35,1,13.711509,7.6,15.7,20.567263,0.369519,0.430636,-0.144835,0.451404,10.0
10/21/2025,10:12:11,10/21/2025,10:14:36,short,25240.0,25251.47,STOP,-11.4749,-233.5,0,11.474891,7.575,12.7,17.212337,0.440091,0.572236,0.873279,0.404807,10.0
10/21/2025,10:16:05,10/21/2025,10:16:42,short,25240.75,25250.37,STOP,-9.6238,-196.48,0,9.623823,5.25,13.0,14.435734,0.363681,0.946922,1.042924,0.371953,10.0
10/21/2025,10:26:29,10/21/2025,10:28:15,long,25242.5,25226.13,STOP,-16.3743,-331.49,0,16.374305,7.1,14.8,24.561458,0.289071,0.856035,0.018656,0.664322,10.0
10/21/2025,10:29:15,10/21/2025,10:36:24,long,25219.75,25249.4,TARGET,29.6456,588.91,1,19.763711,6.975,6.0,29.645567,0.23528,0.080548,-0.574866,0.763408,10.0
10/21/2025,10:37:44,10/21/2025,10:54:26,short,25259.0,25282.05,STOP,-23.0511,-465.02,0,23.051147,6.325,13.2,34.57672,0.182927,0.321551,0.993179,0.868131,10.0
10/21/2025,11:00:27,10/21/2025,11:15:20,short,25293.5,25278.5,REVERSAL,15.0,296.0,1,18.909398,4.85,14.4,28.364096,0.170991,1.088343,1.496594,0.859609,11.0
10/21/2025,11:15:20,10/21/2025,11:16:45,long,25278.5,25268.62,STOP,-9.8842,-201.68,0,9.884165,6.65,18.3,14.826248,0.448529,0.618679,0.091097,0.430703,11.0
10/21/2025,11:17:57,10/21/2025,11:30:02,long,25265.25,25283.43,TARGET,18.1837,359.67,1,12.122472,6.875,6.6,18.183707,0.378086,-0.01019,-0.503233,0.537497,11.0
10/21/2025,11:30:02,10/21/2025,11:37:22,short,25284.25,25266.85,TARGET,17.3992,343.98,1,11.599457,6.275,19.8,17.399185,0.360649,0.288681,0.959217,0.507126,11.0
10/21/2025,11:37:22,10/21/2025,11:40:21,long,25268.0,25286.23,TARGET,18.2274,360.55,1,12.15162,6.975,23.0,18.22743,0.382665,0.625673,-0.000756,0.514657,11.0
10/21/2025,11:40:21,10/21/2025,11:45:16,short,25285.75,25297.78,STOP,-12.0281,-244.56,0,12.028145,7.025,15.7,18.042218,0.389365,0.527603,1.107741,0.510625,11.0
10/21/2025,11:49:33,10/21/2025,11:51:23,short,25305.75,25320.59,STOP,-14.839,-300.78,0,14.838999,5.025,11.6,22.258499,0.225756,1.04626,1.486589,0.575773,11.0
10/21/2025,12:41:28,10/21/2025,12:42:58,long,25327.0,25333.5,REVERSAL,6.5,126.0,1,6.939944,5.6,32.5,10.409916,0.537949,0.778478,0.381603,0.209771,12.0
10/21/2025,12:42:58,10/21/2025,12:46:23,short,25333.5,25340.4,STOP,-6.8964,-141.93,0,6.896384,5.175,28.1,10.344577,0.500262,0.755774,0.98552,0.20741,12.0
10/21/2025,12:46:23,10/21/2025,12:50:10,short,25339.75,25346.26,STOP,-6.5091,-134.18,0,6.509121,4.875,35.1,9.763681,0.499299,0.769561,1.550833,0.193449,12.0
10/21/2025,12:52:15,10/21/2025,12:52:19,long,25325.25,25318.5,STOP,-6.7527,-139.05,0,6.752664,7.375,12.5,10.128996,0.728108,0.613405,-0.052375,0.19398,12.0
10/21/2025,12:56:26,10/21/2025,12:58:48,long,25299.25,25283.74,STOP,-15.5125,-314.25,0,15.512492,8.475,12.1,23.268738,0.364223,-0.071228,-0.510369,0.456469,12.0
10/21/2025,13:12:00,10/21/2025,13:18:56,short,25307.0,25276.94,TARGET,30.0644,597.29,1,20.042932,7.1,23.2,30.064398,0.23616,0.319667,1.055391,0.752588,13.0
10/21/2025,13:19:08,10/21/2025,13:30:08,long,25269.5,25292.65,TARGET,23.1512,459.02,1,15.434109,7.075,20.7,23.151163,0.3056,0.636354,-0.208928,0.602738,13.0
10/21/2025,13:30:08,10/21/2025,13:53:41,short,25291.5,25305.79,STOP,-14.2851,-289.7,0,14.285098,7.45,26.9,21.427647,0.347682,0.488609,1.079392,0.598086,13.0
10/21/2025,13:53:41,10/21/2025,13:55:26,short,25304.25,25316.84,STOP,-12.5922,-255.84,0,12.59221,5.45,41.6,18.888315,0.288538,0.741231,1.426499,0.528945,13.0
10/21/2025,14:42:40,10/21/2025,14:50:59,long,25301.25,25313.56,TARGET,12.3089,242.18,1,8.205957,4.8,40.7,12.308935,0.389961,0.67153,-0.019541,0.370474,14.0
10/21/2025,14:50:59,10/21/2025,14:53:19,short,25315.25,25304.86,TARGET,10.3936,203.87,1,6.929049,5.6,40.6,10.393573,0.538794,0.495859,1.097725,0.321618,14.0
10/21/2025,14:53:19,10/21/2025,14:58:05,long,25304.0,25313.95,TARGET,9.9471,194.94,1,6.631412,5.4,42.8,9.947117,0.542871,0.435426,-0.040609,0.309235,14.0
10/21/2025,14:59:47,10/21/2025,15:08:10,long,25305.25,25312.5,REVERSAL,7.25,141.0,1,6.487909,4.675,47.4,9.731864,0.480381,0.415875,0.054299,0.304868,14.0
10/21/2025,15:08:10,10/21/2025,15:20:09,short,25312.5,25318.98,STOP,-6.4797,-133.59,0,6.479726,4.675,43.4,9.719589,0.480987,0.421591,0.847751,0.30616,15.0
10/21/2025,15:20:09,10/21/2025,15:27:16,short,25319.0,25309.4,TARGET,9.5979,187.96,1,6.398572,4.85,55.7,9.597857,0.505321,0.625455,1.548411,0.313712,15.0
10/21/2025,15:29:15,10/21/2025,15:31:00,long,25306.0,25300.22,STOP,-5.7814,-119.63,0,5.781424,4.4,45.7,8.672137,0.507372,0.603202,-0.036488,0.287366,15.0
10/21/2025,15:32:42,10/21/2025,15:44:51,long,25304.75,25313.02,TARGET,8.273,161.46,1,5.515329,4.5,32.6,8.272993,0.543939,0.364116,-0.21679,0.276328,15.0
10/21/2025,15:44:51,10/21/2025,15:49:58,short,25314.0,25319.04,STOP,-5.0382,-104.76,0,5.038229,5.1,51.4,7.557343,0.67484,0.40854,1.095447,0.25289,15.0
10/22/2025,09:30:00,10/22/2025,09:30:20,short,25263.5,25237.68,TARGET,25.8167,512.33,1,17.211155,6.225,56.0,25.816733,0.241123,0.921895,1.036571,0.555166,9.0
10/22/2025,09:30:20,10/22/2025,09:30:38,long,25238.75,25222.55,STOP,-16.2006,-328.01,0,16.200559,7.2,6.2,24.300838,0.296286,0.853401,0.114005,0.523782,9.0
10/22/2025,09:30:38,10/22/2025,09:33:44,long,25222.0,25205.52,STOP,-16.4833,-333.67,0,16.48328,6.3,3.2,24.72492,0.254804,0.670845,-0.542066,0.531326,9.0
10/22/2025,09:39:47,10/22/2025,09:41:26,short,25220.0,25238.17,STOP,-18.1655,-367.31,0,18.165535,6.85,9.1,27.248302,0.251392,0.295388,1.046456,0.517414,9.0
10/22/2025,09:42:25,10/22/2025,09:43:44,short,25232.0,25251.89,STOP,-19.8913,-401.83,0,19.89133,5.85,7.0,29.836995,0.196065,1.012903,1.344589,0.581751,9.0
10/22/2025,10:02:45,10/22/2025,10:05:00,long,25256.25,25244.95,STOP,-11.2981,-229.96,0,11.298147,6.2,10.0,16.94722,0.365842,0.700557,0.116309,0.329385,10.0
10/22/2025,10:05:01,10/22/2025,10:08:33,long,25251.5,25268.08,TARGET,16.577,327.54,1,11.05136,7.425,12.7,16.577041,0.447909,0.414292,-0.196294,0.322433,10.0
10/22/2025,10:09:45,10/22/2025,10:10:45,long,25253.75,25244.78,STOP,-8.9678,-183.36,0,8.967796,5.875,16.9,13.451694,0.436748,0.154519,-0.328706,0.263138,10.0
10/22/2025,10:15:32,10/22/2025,10:23:30,long,25219.75,25199.07,STOP,-20.6804,-417.61,0,20.680367,6.95,3.8,31.02055,0.224045,-0.112931,-0.332754,0.726944,10.0
10/22/2025,10:36:48,10/22/2025,10:38:14,short,25129.75,25107.16,TARGET,22.5916,447.83,1,15.061084,7.125,6.7,22.591626,0.315382,0.34841,1.09978,0.282838,10.0
10/22/2025,10:38:14,10/22/2025,10:39:48,long,25103.75,25091.66,STOP,-12.091,-245.82,0,12.090987,8.3,7.8,18.136481,0.457641,0.561391,-0.034558,0.220282,10.0
10/22/2025,10:39:48,10/22/2025,10:40:46,long,25093.75,25112.02,TARGET,18.2656,361.31,1,12.177041,7.275,8.3,18.265561,0.398291,0.428966,-0.445358,0.213728,10.0
10/22/2025,10:40:46,10/22/2025,10:41:04,short,25117.5,25101.64,TARGET,15.8566,313.13,1,10.571041,9.3,6.6,15.856561,0.586508,0.440529,1.089031,0.180721,10.0
10/22/2025,10:41:04,10/22/2025,10:42:15,long,25099.75,25089.28,STOP,-10.4724,-213.45,0,10.47241,9.725,6.3,15.708615,0.619087,0.469456,-0.023757,0.177807,10.0
10/22/2025,10:42:31,10/22/2025,10:42:48,long,25088.5,25077.32,STOP,-11.1766,-227.53,0,11.176563,9.675,9.7,16.764845,0.5771,0.299474,-0.610508,0.18488,10.0
10/22/2025,10:48:59,10/22/2025,10:50:00,short,25101.25,25119.91,STOP,-18.6594,-377.19,0,18.659403,8.45,8.3,27.989104,0.301903,0.117311,1.012432,0.260101,10.0
10/22/2025,10:51:30,10/22/2025,10:53:02,short,25117.75,25138.53,STOP,-20.7771,-419.54,0,20.777142,6.975,7.7,31.165713,0.223804,0.902959,1.436045,0.288977,10.0
10/22/2025,11:10:38,10/22/2025,11:12:29,long,25150.25,25131.7,STOP,-18.5538,-375.08,0,18.553848,7.675,13.5,27.830772,0.275774,0.638131,0.098825,0.336134,11.0
10/22/2025,11:13:47,10/22/2025,11:16:32,long,25146.25,25130.34,STOP,-15.9126,-322.25,0,15.912632,8.5,8.6,23.868949,0.356111,-0.003893,-0.201644,0.309508,11.0
10/22/2025,11:34:02,10/22/2025,11:35:12,short,25053.75,25023.28,TARGET,30.4688,605.38,1,20.312538,7.2,9.4,30.468808,0.236307,0.284507,0.843384,0.466375,11.0
10/22/2025,11:35:12,10/22/2025,11:40:23,long,25023.5,25048.0,REVERSAL,24.5,486.0,1,17.144074,7.6,9.9,25.716111,0.295535,0.351033,-0.137149,0.389289,11.0
10/22/2025,11:40:23,10/22/2025,11:41:11,short,25048.0,25064.12,STOP,-16.1174,-326.35,0,16.117394,10.075,13.8,24.176091,0.416734,0.426257,1.052612,0.343516,11.0
10/22/2025,11:41:28,10/22/2025,11:44:17,short,25057.0,25073.64,STOP,-16.6393,-336.79,0,16.639309,8.55,6.5,24.958963,0.342562,0.757252,1.380245,0.352746,11.0
10/22/2025,12:01:32,10/22/2025,12:03:00,long,25085.75,25063.92,STOP,-21.8252,-440.5,0,21.825168,8.0,12.2,32.737752,0.244366,0.699289,0.219361,0.460065,12.0
10/22/2025,12:03:00,10/22/2025,12:06:30,long,25062.75,25093.45,TARGET,30.6986,609.97,1,20.465745,8.35,12.7,30.698618,0.271999,0.45129,-0.581645,0.430879,12.0
10/22/2025,12:06:53,10/22/2025,12:09:23,long,25086.75,25069.53,STOP,-17.2164,-348.33,0,17.216433,9.85,16.6,25.82465,0.381419,0.053317,0.054979,0.361627,12.0
10/22/2025,12:10:19,10/22/2025,12:11:00,long,25068.25,25050.08,STOP,-18.1671,-367.34,0,18.167088,8.925,18.8,27.250633,0.327515,-0.028501,-0.559425,0.381542,12.0
10/23/2025,09:30:30,10/23/2025,09:36:19,short,25026.75,25051.91,STOP,-25.1555,-507.11,0,25.155498,8.075,3.0,37.733247,0.214002,0.976902,1.610228,0.56108,9.0
10/23/2025,09:36:19,10/23/2025,09:39:19,short,25051.75,25072.84,STOP,-21.0934,-425.87,0,21.093382,7.375,7.2,31.640073,0.23309,0.914864,1.616148,0.472123,9.0
10/23/2025,10:00:45,10/23/2025,10:03:31,long,25143.0,25162.65,TARGET,19.6502,389.0,1,13.10013,8.9,9.0,19.650195,0.452922,0.666636,-0.099994,0.199634,10.0
10/23/2025,10:03:31,10/23/2025,10:04:35,short,25162.75,25149.57,TARGET,13.1797,259.59,1,8.786447,7.75,12.6,13.17967,0.588027,0.258323,0.887718,0.130558,10.0
10/23/2025,10:04:35,10/23/2025,10:05:25,long,25149.5,25140.84,STOP,-8.6601,-177.2,0,8.66013,7.85,8.1,12.990195,0.604302,0.33524,-0.19514,0.126461,10.0
10/23/2025,10:05:30,10/23/2025,10:05:38,long,25154.75,25145.91,STOP,-8.8399,-180.8,0,8.83988,8.15,7.6,13.25982,0.614639,0.275483,0.243209,0.127512,10.0
10/23/2025,10:23:37,10/23/2025,10:24:42,short,25131.5,25146.71,STOP,-15.2055,-308.11,0,15.205483,6.45,11.1,22.808225,0.282793,0.243629,1.054076,0.236622,10.0
10/23/2025,10:25:06,10/23/2025,10:26:32,short,25149.75,25167.9,STOP,-18.1529,-367.06,0,18.152923,8.075,2.7,27.229384,0.296555,0.771962,1.507,0.302708,10.0
10/23/2025,10:45:16,10/23/2025,10:45:51,long,25148.25,25170.2,TARGET,21.9466,434.93,1,14.631093,6.925,12.1,21.946639,0.315538,0.764935,-0.125494,0.33665,10.0
10/23/2025,10:45:51,10/23/2025,10:47:05,short,25174.75,25189.25,STOP,-14.4998,-294.0,0,14.499832,9.425,5.1,21.749748,0.433338,0.652816,1.058512,0.349297,10.0
10/23/2025,10:47:05,10/23/2025,10:52:32,short,25190.5,25167.9,TARGET,22.6044,448.09,1,15.069589,7.1,9.9,22.604383,0.314098,0.745935,1.621464,0.372349,10.0
10/23/2025,10:53:02,10/23/2025,10:59:19,long,25158.75,25180.64,TARGET,21.8853,433.71,1,14.59019,6.575,14.5,21.885285,0.30043,0.698277,-0.150665,0.406606,10.0
10/23/2025,10:59:19,10/23/2025,11:02:06,short,25186.0,25166.93,TARGET,19.0741,377.48,1,12.716047,7.3,15.8,19.07407,0.382719,0.284736,1.114447,0.398333,10.0
10/23/2025,11:03:02,10/23/2025,11:12:12,short,25183.25,25171.5,REVERSAL,11.75,231.0,1,12.839622,8.075,12.4,19.259433,0.419275,0.573309,0.978207,0.42581,11.0
10/23/2025,11:12:12,10/23/2025,11:17:41,long,25171.5,25160.4,STOP,-11.1031,-226.06,0,11.103062,6.5,17.8,16.654592,0.390283,0.585575,0.092004,0.427204,11.0
10/23/2025,11:19:36,10/23/2025,11:20:30,long,25159.75,25148.28,STOP,-11.4716,-233.43,0,11.471611,6.375,18.0,17.207417,0.37048,0.267476,-0.237909,0.46833,11.0
10/23/2025,11:28:44,10/23/2025,11:30:27,short,25180.0,25191.9,STOP,-11.9019,-242.04,0,11.901926,7.125,17.6,17.852889,0.399095,0.252528,1.033247,0.508549,11.0
10/23/2025,11:31:05,10/23/2025,11:31:35,short,25191.25,25203.84,STOP,-12.5939,-255.88,0,12.593928,5.25,12.8,18.890892,0.277912,0.629968,1.55527,0.527149,11.0
10/23/2025,11:36:45,10/23/2025,11:43:50,long,25164.75,25149.16,STOP,-15.5871,-315.74,0,15.587122,6.5,13.6,23.380683,0.278007,0.894295,0.123728,0.618351,11.0
10/23/2025,11:43:50,10/23/2025,11:44:12,long,25147.0,25131.11,STOP,-15.8928,-321.86,0,15.892824,7.9,22.0,23.839237,0.331386,0.51558,-0.56956,0.631058,11.0
10/23/2025,11:52:15,10/23/2025,11:53:35,short,25177.75,25199.18,STOP,-21.4257,-432.51,0,21.425712,6.3,17.2,32.138569,0.196026,0.316718,0.897031,0.837192,11.0
10/23/2025,11:53:42,10/23/2025,11:56:44,short,25195.75,25216.18,STOP,-20.4302,-412.6,0,20.430198,5.425,8.7,30.645296,0.177026,0.66294,1.529359,0.788734,11.0
10/23/2025,12:25:11,10/23/2025,12:27:50,long,25203.0,25193.61,STOP,-9.3935,-191.87,0,9.393454,5.375,20.5,14.090181,0.381471,0.708352,0.052525,0.402601,12.0
10/23/2025,12:28:43,10/23/2025,12:32:23,long,25196.75,25212.34,TARGET,15.592,307.84,1,10.39468,6.425,16.0,15.59202,0.41207,0.346634,-0.232747,0.458203,12.0
10/23/2025,12:32:47,10/23/2025,12:43:08,short,25217.75,25228.15,STOP,-10.3967,-211.93,0,10.396675,5.2,24.4,15.595012,0.33344,0.371998,1.107887,0.457049,12.0
10/23/2025,12:43:42,10/23/2025,12:53:03,short,25226.25,25235.1,STOP,-8.8539,-181.08,0,8.85391,5.25,32.1,13.280865,0.395306,0.541342,1.523089,0.380841,12.0
10/23/2025,13:08:01,10/23/2025,13:08:11,long,25207.5,25194.41,STOP,-13.0884,-265.77,0,13.088387,6.325,14.7,19.63258,0.322169,0.824148,-0.357121,0.477132,13.0
10/24/2025,09:30:00,10/24/2025,09:30:15,long,25459.25,25448.63,STOP,-10.615,-216.3,0,10.615004,5.3,27.6,15.922507,0.332862,0.497484,-0.38915,0.122943,9.0
10/24/2025,09:31:14,10/24/2025,09:31:30,long,25449.75,25436.28,STOP,-13.4685,-273.37,0,13.468492,7.675,4.2,20.202738,0.379899,0.078242,-0.287765,0.157113,9.0
10/24/2025,09:33:56,10/24/2025,09:34:30,short,25473.75,25488.3,STOP,-14.5453,-294.91,0,14.545305,6.75,8.5,21.817958,0.309378,0.323261,1.036714,0.174346,9.0
10/24/2025,09:34:30,10/24/2025,09:36:38,short,25490.0,25505.27,STOP,-15.2674,-309.35,0,15.267436,5.875,7.9,22.901154,0.256537,0.494017,1.65802,0.183841,9.0
10/24/2025,09:47:29,10/24/2025,09:48:01,long,25500.0,25490.48,STOP,-9.5242,-194.48,0,9.524198,7.925,8.3,14.286297,0.554727,0.568561,-0.342066,0.128566,9.0
10/24/2025,09:51:06,10/24/2025,09:56:07,long,25477.75,25503.08,TARGET,25.3301,502.6,1,16.886762,6.6,5.6,25.330143,0.260559,-0.092989,-0.481242,0.252755,9.0
10/24/2025,09:56:22,10/24/2025,09:57:43,short,25508.5,25483.37,TARGET,25.1324,498.65,1,16.754939,7.175,13.0,25.132408,0.285488,0.251421,1.059537,0.279742,9.0
10/24/2025,09:57:43,10/24/2025,09:59:28,long,25489.0,25508.5,REVERSAL,19.5,386.0,1,16.35974,8.4,10.2,24.53961,0.342304,0.398335,0.313363,0.280204,9.0
10/24/2025,09:59:28,10/24/2025,10:00:56,short,25508.5,25524.05,STOP,-15.5479,-314.96,0,15.547936,9.15,12.8,23.321904,0.392335,0.492457,1.182084,0.27144,9.0
10/24/2025,10:01:04,10/24/2025,10:01:52,short,25513.5,25528.74,STOP,-15.238,-308.76,0,15.238041,8.225,7.0,22.857062,0.359845,0.893915,1.423566,0.270129,10.0
10/24/2025,10:20:26,10/24/2025,10:22:31,long,25514.5,25505.43,STOP,-9.0715,-185.43,0,9.071521,6.35,17.9,13.607282,0.466662,0.655526,-0.282669,0.248617,10.0
10/24/2025,10:23:44,10/24/2025,10:25:00,long,25513.75,25503.39,STOP,-10.3638,-211.28,0,10.363777,6.225,14.3,15.545665,0.400433,0.235941,-0.138602,0.343015,10.0
10/24/2025,10:39:36,10/24/2025,10:42:18,short,25511.5,25524.8,STOP,-13.2979,-269.96,0,13.297877,5.5,14.3,19.946815,0.275733,0.340895,1.077285,0.538932,10.0
10/24/2025,10:45:31,10/24/2025,10:50:29,short,25528.5,25504.08,TARGET,24.423,484.46,1,16.281989,4.425,14.6,24.422983,0.181182,1.0337,1.568256,0.669844,10.0
10/24/2025,10:52:08,10/24/2025,10:53:20,long,25494.0,25476.73,STOP,-17.2683,-349.37,0,17.268324,5.7,10.8,25.902485,0.220056,0.705635,0.050236,0.72561,10.0
10/24/2025,10:56:14,10/24/2025,10:56:50,long,25472.5,25450.97,STOP,-21.5313,-434.63,0,21.53134,5.575,9.3,32.29701,0.172617,-0.049822,-0.418661,0.964649,10.0
10/24/2025,11:09:30,10/24/2025,11:14:21,short,25485.5,25500.22,STOP,-14.72,-298.4,0,14.720028,8.425,24.5,22.080042,0.381566,0.459055,1.164061,0.644122,11.0
10/24/2025,11:19:31,10/24/2025,11:22:06,short,25512.25,25533.94,STOP,-21.6904,-437.81,0,21.69043,5.125,16.0,32.535646,0.15752,1.119665,1.537785,0.957684,11.0
10/24/2025,11:42:21,10/24/2025,11:45:06,long,25525.0,25514.86,STOP,-10.1433,-206.87,0,10.143314,5.65,27.2,15.214971,0.371345,0.573406,0.254025,0.411773,11.0
10/24/2025,11:45:09,10/24/2025,11:45:10,long,25518.0,25508.93,STOP,-9.0725,-185.45,0,9.07254,6.7,16.8,13.608809,0.492328,0.293923,-0.352022,0.370116,11.0
10/27/2025,09:30:01,10/27/2025,09:30:06,long,25831.5,25840.5,REVERSAL,9.0,176.0,1,8.619185,6.9,24.1,12.928777,0.533693,0.200262,0.424974,0.066142,9.0
10/27/2025,09:30:06,10/27/2025,09:30:10,short,25840.5,25849.01,STOP,-8.5064,-174.13,0,8.506402,7.5,15.9,12.759602,0.587793,0.262477,1.138539,0.065287,9.0
10/27/2025,09:30:39,10/27/2025,09:30:58,short,25843.5,25852.49,STOP,-8.9859,-183.72,0,8.985896,7.375,3.0,13.478843,0.547154,0.723699,1.300699,0.069087,9.0
10/27/2025,09:34:16,10/27/2025,09:34:58,long,25830.25,25819.88,STOP,-10.3743,-211.49,0,10.374264,7.35,8.8,15.561396,0.472323,0.791727,-0.012165,0.081861,9.0
10/27/2025,09:34:58,10/27/2025,09:35:07,long,25819.0,25808.2,STOP,-10.7952,-219.9,0,10.795237,6.85,8.2,16.192856,0.423026,0.590013,-0.644949,0.086042,9.0
10/27/2025,09:38:46,10/27/2025,09:41:50,short,25842.25,25816.07,TARGET,26.1817,519.63,1,17.454456,6.775,9.5,26.181684,0.258769,0.180146,0.924533,0.155959,9.0
10/27/2025,09:41:50,10/27/2025,09:44:19,long,25815.5,25837.25,REVERSAL,21.75,431.0,1,16.618262,7.375,9.1,24.927392,0.295859,0.419581,-0.093825,0.165717,9.0
10/27/2025,09:44:19,10/27/2025,09:50:23,short,25837.25,25815.94,TARGET,21.3059,422.12,1,14.203917,7.725,13.3,21.305875,0.362576,0.524368,0.999862,0.155008,9.0
10/27/2025,09:51:02,10/27/2025,09:52:21,long,25814.5,25833.41,TARGET,18.9102,374.2,1,12.606788,6.475,12.5,18.910182,0.342408,0.711168,-0.072707,0.199025,9.0
10/27/2025,09:52:21,10/27/2025,09:55:16,short,25834.5,25845.55,STOP,-11.0522,-225.04,0,11.052227,7.5,11.8,16.578341,0.452398,0.594679,0.955112,0.203286,9.0
10/27/2025,09:56:29,10/27/2025,09:57:03,short,25836.25,25844.99,STOP,-8.7427,-178.85,0,8.742711,6.025,12.1,13.114067,0.45943,0.719474,0.785952,0.208576,9.0
10/27/2025,10:16:49,10/27/2025,10:17:38,long,25847.25,25838.18,STOP,-9.0653,-185.31,0,9.065306,6.275,13.6,13.597959,0.461466,0.566041,-0.310048,0.338922,10.0
10/27/2025,10:18:33,10/27/2025,10:19:50,long,25844.75,25835.8,STOP,-8.9506,-183.01,0,8.950637,6.9,10.4,13.425955,0.51393,0.200039,-0.509984,0.354303,10.0
10/27/2025,10:28:31,10/27/2025,10:31:34,short,25860.0,25873.01,STOP,-13.0121,-264.24,0,13.012085,7.275,14.6,19.518128,0.37273,0.173013,1.076515,0.659159,10.0
10/27/2025,10:31:50,10/27/2025,10:33:07,short,25862.0,25874.74,STOP,-12.7411,-258.82,0,12.741106,6.95,13.7,19.111659,0.363652,0.746898,1.202974,0.648018,10.0
10/27/2025,10:52:05,10/27/2025,10:59:02,long,25865.25,25851.94,STOP,-13.3126,-270.25,0,13.312592,4.625,17.8,19.968889,0.23161,0.629247,0.148328,0.647507,10.0
10/27/2025,11:00:03,10/27/2025,11:02:44,long,25865.0,25878.86,TARGET,13.8648,273.3,1,9.243199,5.225,11.8,13.864798,0.376854,-0.051601,-0.213137,0.448059,11.0
10/27/2025,11:03:23,10/27/2025,11:12:22,short,25882.75,25892.15,STOP,-9.3974,-191.95,0,9.39741,5.875,18.6,14.096115,0.416781,0.145874,1.082253,0.450558,11.0
10/27/2025,11:12:48,10/27/2025,11:15:07,short,25886.5,25896.01,STOP,-9.5109,-194.22,0,9.510881,4.425,21.3,14.266321,0.310171,0.826005,1.350254,0.436964,11.0
10/27/2025,11:54:22,10/27/2025,12:00:28,long,25889.75,25899.3,TARGET,9.5505,187.01,1,6.366991,4.3,23.8,9.550486,0.450239,0.697807,-0.135308,0.267767,11.0
10/27/2025,12:00:57,10/27/2025,12:02:56,short,25899.0,25905.07,STOP,-6.0706,-125.41,0,6.070595,4.925,30.0,9.105892,0.540859,0.501719,0.796786,0.255625,12.0
10/27/2025,12:02:56,10/27/2025,12:07:13,short,25904.5,25910.09,STOP,-5.5892,-115.78,0,5.589164,4.075,26.7,8.383745,0.48606,0.542879,1.364769,0.234133,12.0
10/27/2025,13:10:20,10/27/2025,13:10:52,long,25905.0,25900.67,STOP,-4.3327,-90.65,0,4.332693,3.925,38.1,6.499039,0.603935,0.79664,0.091478,0.194047,13.0
10/27/2025,13:10:59,10/27/2025,13:16:04,long,25907.0,25910.5,REVERSAL,3.5,66.0,1,4.4274,4.125,28.4,6.6411,0.621132,0.702583,0.424335,0.198057,13.0
10/27/2025,13:16:04,10/27/2025,13:18:17,short,25910.5,25903.84,TARGET,6.6616,129.23,1,4.441044,4.1,38.5,6.661565,0.615471,0.657336,0.942464,0.197431,13.0
10/27/2025,13:18:17,10/27/2025,13:19:28,long,25905.25,25900.8,STOP,-4.4459,-92.92,0,4.445882,3.7,44.5,6.668823,0.554821,0.626988,0.155486,0.197112,13.0
10/27/2025,13:19:28,10/27/2025,13:21:42,long,25900.5,25896.02,STOP,-4.4758,-93.52,0,4.475832,3.625,47.2,6.713747,0.539937,0.55992,-0.543754,0.198236,13.0
10/27/2025,13:36:48,10/27/2025,13:39:44,short,25911.0,25916.47,STOP,-5.4733,-113.47,0,5.473282,3.9,38.2,8.209923,0.475035,0.226162,1.01858,0.243931,13.0
10/27/2025,13:39:44,10/27/2025,13:41:21,short,25914.0,25919.58,STOP,-5.5762,-115.52,0,5.576231,3.3,39.9,8.364346,0.394532,0.407037,1.352428,0.248257,13.0
10/27/2025,15:15:01,10/27/2025,15:15:41,long,25928.75,25923.66,STOP,-5.0901,-105.8,0,5.090144,3.55,32.1,7.635216,0.464951,0.68929,-0.21609,0.256001,15.0
10/27/2025,15:16:03,10/27/2025,15:22:19,long,25927.0,25921.62,STOP,-5.3812,-111.62,0,5.381205,3.225,23.8,8.071808,0.399539,0.50355,-0.355137,0.274782,15.0
10/27/2025,15:37:02,10/27/2025,15:37:14,short,25933.0,25939.13,STOP,-6.1287,-126.57,0,6.128695,2.7,20.1,9.193042,0.2937,0.171297,0.585935,0.374583,15.0
10/27/2025,15:37:14,10/27/2025,15:37:28,short,25938.0,25944.17,STOP,-6.1679,-127.36,0,6.167889,3.25,15.2,9.251833,0.351282,0.23702,1.118256,0.378306,15.0
10/28/2025,09:30:00,10/28/2025,09:30:04,short,26051.5,26069.99,STOP,-18.4931,-373.86,0,18.493097,5.725,36.1,27.739645,0.206383,0.964094,1.231714,0.638066,9.0
10/28/2025,09:30:23,10/28/2025,09:31:15,short,26068.5,26087.88,STOP,-19.3836,-391.67,0,19.383584,7.275,2.3,29.075376,0.250212,1.007167,1.554415,0.632211,9.0
10/28/2025,09:35:45,10/28/2025,09:41:15,long,26051.75,26074.05,TARGET,22.3035,442.07,1,14.869,6.775,7.5,22.303499,0.303764,0.787641,-0.036239,0.390876,9.0
10/28/2025,09:42:36,10/28/2025,09:47:11,short,26078.0,26060.54,TARGET,17.4551,345.1,1,11.636741,5.925,13.4,17.455112,0.339442,0.328559,1.052847,0.285203,9.0
10/28/2025,09:47:11,10/28/2025,09:48:22,long,26059.5,26048.01,STOP,-11.4917,-233.83,0,11.491652,7.025,13.4,17.237478,0.407542,0.469445,-0.108703,0.271063,9.0
10/28/2025,09:49:09,10/28/2025,09:51:00,long,26049.75,26037.54,STOP,-12.2113,-248.23,0,12.211258,6.35,8.4,18.316887,0.346675,0.237882,-0.33625,0.289372,9.0
10/28/2025,09:56:04,10/28/2025,09:57:50,short,26075.0,26053.31,TARGET,21.687,429.74,1,14.458026,6.75,9.7,21.687039,0.311246,0.100258,1.356041,0.352986,9.0
10/28/2025,09:59:44,10/28/2025,10:20:36,short,26068.25,26052.75,REVERSAL,15.5,306.0,1,15.200267,6.175,15.1,22.800401,0.270829,0.559367,0.963808,0.368339,9.0
10/28/2025,10:20:36,10/28/2025,10:27:04,long,26052.75,26042.56,STOP,-10.1926,-207.85,0,10.192638,6.2,24.2,15.288957,0.405521,0.527034,-0.176796,0.242914,10.0
10/28/2025,10:34:26,10/28/2025,10:40:17,long,26034.25,26020.3,STOP,-13.9517,-283.03,0,13.951733,4.8,12.9,20.927599,0.229362,-0.109735,-0.396902,0.389797,10.0
10/28/2025,10:49:18,10/28/2025,10:50:26,short,26041.75,26024.83,TARGET,16.9246,334.49,1,11.283035,5.05,13.8,16.924552,0.298383,0.229095,1.016853,0.45754,10.0
10/28/2025,10:50:26,10/28/2025,10:52:35,long,26028.25,26036.0,REVERSAL,7.75,151.0,1,10.066987,5.85,14.9,15.10048,0.387405,0.301183,0.267391,0.421808,10.0
10/28/2025,10:52:35,10/28/2025,10:54:51,short,26036.0,26045.75,STOP,-9.7462,-198.92,0,9.746182,6.15,18.1,14.619273,0.420678,0.39759,0.824401,0.427017,10.0
10/28/2025,10:54:51,10/28/2025,11:08:07,short,26044.75,26054.22,STOP,-9.4651,-193.3,0,9.465126,5.525,25.3,14.19769,0.389148,0.549759,1.46653,0.429996,10.0
10/28/2025,11:32:13,10/28/2025,11:33:15,long,26034.5,26028.38,STOP,-6.1203,-126.41,0,6.120343,5.5,30.7,9.180515,0.599095,0.604281,-0.216735,0.361938,11.0
10/28/2025,11:36:04,10/28/2025,11:37:33,long,26030.0,26043.33,TARGET,13.3346,262.69,1,8.889748,6.0,11.2,13.334622,0.449957,0.032719,-0.210744,0.504351,11.0
10/28/2025,11:37:43,10/28/2025,11:41:17,short,26046.75,26033.33,TARGET,13.4223,264.45,1,8.948205,5.85,12.6,13.422307,0.435842,0.15629,1.05486,0.506398,11.0
10/28/2025,11:41:17,10/28/2025,11:46:59,long,26035.0,26045.5,REVERSAL,10.5,206.0,1,9.203082,4.925,21.1,13.804623,0.356765,0.356536,0.118787,0.519962,11.0
10/28/2025,11:46:59,10/28/2025,11:56:12,short,26045.5,26054.49,STOP,-8.9864,-183.73,0,8.986371,4.8,31.9,13.479557,0.356095,0.415601,0.943078,0.511651,11.0
10/28/2025,11:57:05,10/28/2025,11:59:46,short,26054.0,26063.33,STOP,-9.3342,-190.68,0,9.334163,5.0,31.9,14.001245,0.357111,0.823258,1.484198,0.566483,11.0
10/28/2025,12:31:59,10/28/2025,12:32:25,long,26085.25,26110.0,REVERSAL,24.75,491.0,1,20.160508,9.4,4.9,30.240761,0.310839,0.939184,0.283157,0.81446,12.0
10/28/2025,12:32:25,10/28/2025,12:47:35,short,26110.0,26129.78,STOP,-19.7835,-399.67,0,19.783539,9.925,4.6,29.675308,0.334453,0.874063,1.06579,0.788178,12.0
10/28/2025,12:47:35,10/28/2025,12:59:18,short,26130.75,26109.03,TARGET,21.7202,430.4,1,14.480111,5.05,23.8,21.720167,0.232503,0.652079,1.58321,0.497322,12.0
10/28/2025,13:00:57,10/28/2025,13:10:16,short,26121.25,26104.58,TARGET,16.665,329.3,1,11.110018,4.975,31.1,16.665027,0.298529,0.706981,1.034053,0.342499,13.0
10/28/2025,13:10:16,10/28/2025,13:11:14,long,26105.5,26121.92,TARGET,16.4202,324.4,1,10.946825,4.75,33.3,16.420237,0.289277,0.736276,0.098818,0.323818,13.0
10/28/2025,13:11:14,10/28/2025,13:11:57,short,26121.5,26131.42,STOP,-9.9199,-202.4,0,9.919929,4.9,26.9,14.879894,0.329303,0.70527,1.06116,0.290702,13.0
10/28/2025,13:13:11,10/28/2025,13:18:11,short,26129.5,26140.02,STOP,-10.5178,-214.36,0,10.517799,5.15,11.7,15.776699,0.326431,0.835742,1.37344,0.297944,13.0
10/28/2025,15:03:16,10/28/2025,15:04:16,long,26181.75,26188.86,TARGET,7.1094,138.19,1,4.739618,4.575,19.1,7.109426,0.643512,0.767784,0.163123,0.122494,15.0
10/28/2025,15:04:16,10/28/2025,15:05:21,short,26190.0,26194.72,STOP,-4.7222,-98.44,0,4.722155,4.425,23.4,7.083233,0.624715,0.757869,1.304717,0.122648,15.0
10/28/2025,15:15:28,10/28/2025,15:26:36,short,26204.25,26213.53,STOP,-9.2779,-189.56,0,9.277943,3.9,30.1,13.916914,0.280235,1.077315,1.462498,0.246125,15.0
10/28/2025,15:40:34,10/28/2025,15:41:06,long,26202.25,26191.75,STOP,-10.4985,-213.97,0,10.498458,4.0,20.4,15.747687,0.254006,0.730654,-0.025315,0.281815,15.0
10/28/2025,15:42:56,10/28/2025,15:50:00,long,26191.75,26179.31,STOP,-12.4379,-252.76,0,12.437872,4.45,9.1,18.656807,0.238519,0.073798,-0.41602,0.336685,15.0
10/29/2025,09:30:02,10/29/2025,09:33:00,short,26280.25,26290.98,STOP,-10.7252,-218.5,0,10.725226,6.175,14.2,16.087839,0.38383,0.37972,1.232696,0.230622,9.0
10/29/2025,09:33:06,10/29/2025,09:33:30,short,26279.0,26288.43,STOP,-9.4274,-192.55,0,9.427387,5.7,5.5,14.14108,0.403081,0.963107,1.13662,0.199663,9.0
10/29/2025,09:37:12,10/29/2025,09:37:31,long,26267.5,26260.2,STOP,-7.2957,-149.91,0,7.295658,5.8,8.8,10.943486,0.529996,0.636074,-0.134853,0.157007,9.0
10/29/2025,09:38:16,10/29/2025,09:39:10,long,26266.75,26279.18,TARGET,12.4276,244.55,1,8.285077,6.6,6.4,12.427615,0.531075,0.30631,-0.047169,0.181337,9.0
10/29/2025,09:39:30,10/29/2025,09:39:54,short,26282.5,26270.44,TARGET,12.0584,237.17,1,8.03891,6.25,8.9,12.058365,0.518312,0.322899,1.185624,0.17753,9.0
10/29/2025,09:40:01,10/29/2025,09:41:33,long,26266.75,26278.29,TARGET,11.5386,226.77,1,7.692374,6.25,8.3,11.538561,0.541662,0.280419,-0.184444,0.170882,9.0
10/29/2025,09:41:49,10/29/2025,09:43:00,long,26273.0,26265.66,STOP,-7.3432,-150.86,0,7.343218,5.875,9.7,11.014827,0.533372,0.187463,0.361096,0.168257,9.0
10/29/2025,09:43:00,10/29/2025,09:43:25,long,26263.5,26274.46,TARGET,10.9634,215.27,1,7.308955,6.475,12.1,10.963432,0.5906,0.211599,-0.460694,0.17022,9.0
10/29/2025,09:43:40,10/29/2025,09:45:01,long,26272.25,26280.25,REVERSAL,8.0,156.0,1,7.292686,6.375,12.7,10.93903,0.582776,0.226618,0.33408,0.171491,9.0
10/29/2025,09:45:01,10/29/2025,09:45:55,short,26280.25,26269.34,TARGET,10.9117,214.23,1,7.274442,6.225,16.9,10.911662,0.570491,0.279328,1.059035,0.1734,9.0
10/29/2025,09:46:31,10/29/2025,09:47:02,short,26279.25,26286.45,STOP,-7.1991,-147.98,0,7.199067,6.45,9.0,10.798601,0.5973,0.386126,0.976219,0.178793,9.0
10/29/2025,09:47:07,10/29/2025,09:48:08,short,26283.0,26272.01,TARGET,10.9901,215.8,1,7.326757,6.375,10.1,10.990136,0.580066,0.525449,1.298216,0.184183,9.0
10/29/2025,09:48:40,10/29/2025,09:49:08,long,26267.0,26277.41,TARGET,10.4081,204.16,1,6.938721,5.1,8.1,10.408082,0.490004,0.640445,-0.126436,0.183957,9.0
10/29/2025,09:49:08,10/29/2025,09:50:58,short,26279.5,26269.56,TARGET,9.941,194.82,1,6.627346,5.625,8.7,9.941019,0.565837,0.676601,1.134995,0.178758,9.0
10/29/2025,09:50:58,10/29/2025,09:51:14,long,26267.5,26277.15,TARGET,9.65,189.0,1,6.43334,5.475,11.0,9.650011,0.567357,0.74492,-0.051554,0.184529,9.0
10/29/2025,09:51:14,10/29/2025,09:51:19,short,26282.5,26289.01,STOP,-6.5069,-134.14,0,6.506925,6.275,11.2,9.760387,0.642905,0.757953,1.477676,0.188746,9.0
10/29/2025,09:51:41,10/29/2025,09:52:24,short,26283.75,26291.38,STOP,-7.6274,-156.55,0,7.627424,7.45,6.4,11.441136,0.651159,0.905812,1.358306,0.230366,9.0
10/29/2025,10:04:31,10/29/2025,10:08:19,long,26288.75,26272.98,STOP,-15.7733,-319.47,0,15.773288,5.5,8.6,23.659932,0.232461,0.825397,0.111263,0.74713,10.0
10/29/2025,10:08:50,10/29/2025,10:14:11,long,26277.75,26298.36,TARGET,20.6067,408.13,1,13.737791,5.6,13.4,20.606686,0.271756,0.099852,-0.551115,0.69232,10.0
10/29/2025,10:14:43,10/29/2025,10:27:16,long,26283.75,26293.25,REVERSAL,9.5,186.0,1,15.460402,5.8,13.1,23.190603,0.250101,0.099125,-0.078467,0.847915,10.0
10/29/2025,10:27:16,10/29/2025,10:31:07,short,26293.25,26300.75,STOP,-7.4953,-153.91,0,7.49527,6.8,22.7,11.242905,0.604826,0.583505,1.043232,0.411215,10.0
10/29/2025,10:32:36,10/29/2025,10:34:22,short,26295.75,26302.99,STOP,-7.2425,-148.85,0,7.242487,5.725,16.3,10.863731,0.526983,0.928217,1.268382,0.398017,10.0
10/29/2025,10:42:53,10/29/2025,10:44:02,long,26283.5,26275.44,STOP,-8.0618,-165.24,0,8.061793,5.6,21.6,12.092689,0.46309,0.834063,-0.194635,0.44694,10.0
10/29/2025,10:45:03,10/29/2025,10:46:19,long,26282.5,26274.39,STOP,-8.1074,-166.15,0,8.107396,5.175,13.0,12.161094,0.425537,0.36133,-0.262884,0.478867,10.0
10/29/2025,11:19:34,10/29/2025,11:24:06,short,26266.75,26276.64,STOP,-9.8856,-201.71,0,9.885561,5.175,21.3,14.828342,0.348994,0.183684,0.979993,0.568162,11.0
10/29/2025,11:24:29,10/29/2025,11:28:33,short,26271.5,26256.86,TARGET,14.6415,288.83,1,9.761014,4.725,26.1,14.641521,0.322712,0.600589,1.318904,0.559444,11.0
10/29/2025,11:29:56,10/29/2025,11:33:05,long,26250.25,26240.39,STOP,-9.8574,-201.15,0,9.857388,4.975,24.7,14.786082,0.336465,0.628706,-0.116796,0.558089,11.0
10/29/2025,11:33:05,10/29/2025,11:37:16,long,26244.0,26234.07,STOP,-9.927,-202.54,0,9.927007,6.525,18.9,14.890511,0.438199,0.464452,-0.409136,0.546498,11.0
10/29/2025,12:20:10,10/29/2025,12:24:37,short,26237.0,26247.82,STOP,-10.8189,-220.38,0,10.818922,5.775,33.4,16.228383,0.355858,0.256815,1.084316,0.395223,12.0
10/29/2025,12:29:46,10/29/2025,12:44:19,short,26246.0,26258.33,STOP,-12.3304,-250.61,0,12.330374,4.25,27.6,18.495561,0.229785,0.977427,1.431305,0.49732,12.0
10/29/2025,13:20:23,10/29/2025,13:23:07,long,26247.0,26239.83,STOP,-7.1739,-147.48,0,7.173868,5.15,44.4,10.760801,0.478589,0.749102,-0.111014,0.328688,13.0
10/29/2025,13:34:24,10/29/2025,13:42:05,long,26234.5,26252.98,TARGET,18.4764,365.53,1,12.317594,5.8,36.3,18.476391,0.313914,-0.019633,-0.318748,0.595315,13.0
10/29/2025,13:47:44,10/29/2025,14:00:07,short,26258.5,26271.14,STOP,-12.635,-256.7,0,12.635035,5.75,45.6,18.952553,0.303389,0.224917,0.991886,0.682751,13.0
10/29/2025,14:00:38,10/29/2025,14:01:19,short,26273.0,26252.81,TARGET,20.1894,399.79,1,13.459633,15.375,30.3,20.189449,0.761536,0.634024,1.641066,0.805805,14.0
10/29/2025,14:01:19,10/29/2025,14:01:53,short,26249.5,26263.03,STOP,-13.525,-274.5,0,13.525044,18.025,17.1,20.287566,0.888475,0.665165,0.475724,0.817039,14.0
10/29/2025,14:01:53,10/29/2025,14:02:49,short,26266.0,26245.64,TARGET,20.3588,403.18,1,13.572502,14.4,9.2,20.358753,0.707312,0.698646,1.286762,0.828601,14.0
10/29/2025,14:02:49,10/29/2025,14:03:02,short,26243.75,26237.25,REVERSAL,6.5,126.0,1,13.711802,13.375,12.0,20.567704,0.650291,0.744778,0.196855,0.847,14.0
10/29/2025,14:03:02,10/29/2025,14:03:06,long,26237.25,26223.49,STOP,-13.7639,-279.28,0,13.763941,13.625,12.8,20.645911,0.659937,0.718211,-0.108716,0.852227,14.0
10/29/2025,14:03:20,10/29/2025,14:05:09,long,26238.0,26223.86,STOP,-14.1398,-286.8,0,14.13984,13.325,11.2,21.20976,0.628249,0.624479,-0.020633,0.880093,14.0
10/29/2025,14:08:24,10/29/2025,14:12:48,short,26251.0,26228.56,TARGET,22.4428,444.86,1,14.961847,11.525,17.2,22.442771,0.513528,0.442638,0.823155,0.926903,14.0
10/29/2025,14:12:48,10/29/2025,14:15:00,long,26228.0,26213.05,STOP,-14.9475,-302.95,0,14.94751,10.75,26.4,22.421266,0.479456,0.460521,-0.169342,0.937715,14.0
10/29/2025,14:15:33,10/29/2025,14:16:44,long,26217.25,26240.36,TARGET,23.1054,458.11,1,15.403632,11.4,26.9,23.105448,0.49339,0.288608,-0.593898,0.97531,14.0
10/29/2025,14:18:19,10/29/2025,14:20:25,short,26255.25,26232.84,TARGET,22.4139,444.28,1,14.942592,10.075,23.4,22.413889,0.449498,0.282249,1.021217,0.958961,14.0
10/29/2025,14:20:25,10/29/2025,14:30:14,long,26232.5,26254.57,TARGET,22.0683,437.37,1,14.712185,8.25,26.0,22.068278,0.37384,0.270663,-0.022923,0.951213,14.0
10/29/2025,14:30:14,10/29/2025,14:33:02,short,26255.75,26270.79,STOP,-15.0432,-304.86,0,15.043245,9.9,32.1,22.564867,0.438735,0.312327,1.106585,1.005355,14.0
10/29/2025,14:35:07,10/29/2025,14:35:24,short,26260.75,26237.5,TARGET,23.2451,460.9,1,15.496717,9.65,14.1,23.245075,0.415142,0.905129,1.293501,1.029546,14.0
10/29/2025,14:35:26,10/29/2025,14:35:28,long,26224.5,26209.26,STOP,-15.2411,-308.82,0,15.241103,12.375,10.2,22.861655,0.541299,0.847129,-0.243385,1.013442,14.0
10/29/2025,14:35:41,10/29/2025,14:35:45,long,26190.5,26161.95,STOP,-28.5549,-575.1,0,28.554883,16.6,1.1,42.832325,0.387558,0.127619,-0.472338,1.483763,14.0
10/29/2025,14:45:20,10/29/2025,14:47:49,short,26134.5,26089.43,TARGET,45.0723,897.45,1,30.048215,17.65,6.0,45.072323,0.391593,0.261106,1.118894,0.518643,14.0
10/29/2025,14:47:55,10/29/2025,14:48:17,long,26087.75,26116.0,REVERSAL,28.25,561.0,1,23.491297,16.6,8.8,35.236945,0.471096,0.63697,0.152779,0.386509,14.0
10/29/2025,14:48:17,10/29/2025,14:49:14,short,26116.0,26139.28,STOP,-23.2837,-469.67,0,23.283655,16.5,8.0,34.925483,0.472434,0.646569,0.974725,0.380191,14.0
10/29/2025,14:49:14,10/29/2025,14:50:07,short,26126.25,26149.61,STOP,-23.3566,-471.13,0,23.356602,16.325,9.3,35.034903,0.465964,0.769477,1.262953,0.379213,14.0
10/29/2025,15:02:11,10/29/2025,15:03:07,long,26148.5,26189.27,TARGET,40.769,811.38,1,27.179332,14.575,8.1,40.768997,0.357502,0.657568,-0.246707,0.442781,15.0
10/29/2025,15:03:07,10/29/2025,15:03:24,long,26184.5,26162.17,STOP,-22.3267,-450.53,0,22.326665,16.025,9.7,33.489998,0.478501,0.463807,0.582263,0.364785,15.0
10/29/2025,15:03:24,10/29/2025,15:03:57,long,26151.0,26129.69,STOP,-21.3105,-430.21,0,21.310458,16.525,8.7,31.965687,0.516961,0.394983,-0.481443,0.34846,15.0
10/29/2025,15:07:05,10/29/2025,15:18:07,short,26206.0,26168.54,TARGET,37.4636,745.27,1,24.975713,15.175,10.3,37.463569,0.40506,0.182197,1.153835,0.411627,15.0
10/29/2025,15:18:07,10/29/2025,15:19:11,long,26160.0,26197.08,TARGET,37.0756,737.51,1,24.717061,14.825,18.5,37.075591,0.399859,0.682995,-0.069917,0.431048,15.0
10/29/2025,15:19:11,10/29/2025,15:22:06,short,26198.5,26223.4,STOP,-24.8996,-501.99,0,24.899606,14.175,16.5,37.349409,0.379524,0.658866,0.969954,0.437789,15.0
10/29/2025,15:22:37,10/29/2025,15:29:54,short,26220.5,26180.63,TARGET,39.8655,793.31,1,26.576987,15.15,12.6,39.86548,0.380028,0.840713,1.446809,0.476331,15.0
10/29/2025,15:29:54,10/29/2025,15:30:32,long,26182.5,26207.21,TARGET,24.7069,490.14,1,16.471251,13.075,18.0,24.706877,0.529205,0.710228,-0.206382,0.299051,15.0
10/29/2025,15:31:41,10/29/2025,15:33:36,long,26190.25,26174.54,STOP,-15.7115,-318.23,0,15.711504,13.825,15.0,23.567257,0.586619,0.592891,0.050117,0.288369,15.0
10/29/2025,15:34:33,10/29/2025,15:36:04,long,26180.0,26162.87,STOP,-17.1331,-346.66,0,17.133129,10.0,16.4,25.699694,0.38911,0.334268,-0.212168,0.321345,15.0
10/29/2025,15:39:23,10/29/2025,15:42:14,short,26209.25,26179.08,TARGET,30.166,599.32,1,20.11064,9.85,13.5,30.16596,0.326527,0.279448,0.996255,0.397155,15.0
10/29/2025,15:42:14,10/29/2025,15:45:05,long,26180.0,26210.4,TARGET,30.3955,603.91,1,20.26367,11.175,14.2,30.395505,0.367653,0.390393,-0.019567,0.403494,15.0
10/30/2025,09:30:01,10/30/2025,09:30:06,short,26117.5,26104.5,REVERSAL,13.0,256.0,1,11.738265,9.425,12.2,17.607398,0.535286,0.720033,0.927377,0.151321,9.0
10/30/2025,09:30:06,10/30/2025,09:30:18,long,26104.5,26092.91,STOP,-11.59,-235.8,0,11.589994,8.5,7.5,17.384992,0.488927,0.710456,0.204486,0.148759,9.0
10/30/2025,09:30:18,10/30/2025,09:30:22,long,26091.5,26079.83,STOP,-11.6703,-237.41,0,11.670281,8.5,1.9,17.505422,0.485564,0.625469,-0.486123,0.148513,9.0
10/30/2025,09:43:23,10/30/2025,09:44:07,short,25984.5,25960.0,REVERSAL,24.5,486.0,1,18.107503,8.425,3.8,27.161254,0.310185,0.437316,0.89063,0.169987,9.0
10/30/2025,09:44:07,10/30/2025,09:44:51,long,25960.0,25978.52,TARGET,18.5153,366.31,1,12.343546,8.55,5.4,18.515318,0.46178,0.659815,-0.067233,0.114638,9.0
10/30/2025,09:44:51,10/30/2025,09:44:52,short,25974.25,25984.53,STOP,-10.2833,-209.67,0,10.283307,8.55,4.6,15.42496,0.554296,0.724247,0.88509,0.095094,9.0
10/30/2025,09:44:52,10/30/2025,09:44:59,short,25985.0,25969.8,TARGET,15.1993,299.99,1,10.132875,8.8,4.2,15.199312,0.578974,0.777618,1.605971,0.093831,9.0
10/30/2025,09:49:55,10/30/2025,09:50:31,short,26058.75,26094.43,STOP,-35.6767,-717.53,0,35.676716,8.525,5.7,53.515074,0.159301,1.124878,1.57694,0.352372,9.0
10/30/2025,09:51:39,10/30/2025,10:00:21,short,26102.25,26149.08,STOP,-46.8262,-940.52,0,46.826223,8.425,5.6,70.239334,0.119947,1.104373,1.552687,0.490815,9.0
10/30/2025,10:03:25,10/30/2025,10:04:36,long,26116.5,26098.01,STOP,-18.4898,-373.8,0,18.489837,16.025,9.7,27.734755,0.577795,0.78371,0.003601,0.269641,10.0
10/30/2025,10:05:02,10/30/2025,10:05:28,long,26109.25,26136.14,TARGET,26.8871,533.74,1,17.924708,11.75,7.9,26.887062,0.437013,0.323684,-0.301873,0.273375,10.0
10/30/2025,10:05:41,10/30/2025,10:08:08,short,26144.0,26133.25,REVERSAL,10.75,211.0,1,17.749872,10.825,6.0,26.624809,0.406576,0.322112,0.966201,0.272994,10.0
10/30/2025,10:08:08,10/30/2025,10:08:45,long,26133.25,26115.9,STOP,-17.3497,-350.99,0,17.349653,10.725,9.2,26.02448,0.412112,0.429848,0.483189,0.270587,10.0
10/30/2025,10:08:45,10/30/2025,10:09:06,long,26107.5,26089.92,STOP,-17.5753,-355.51,0,17.57528,11.2,8.2,26.36292,0.424839,0.367829,-0.482915,0.275205,10.0
10/30/2025,10:31:53,10/30/2025,10:37:08,short,26061.0,26030.51,TARGET,30.4851,605.7,1,20.323374,12.05,10.9,30.485061,0.395276,0.25593,0.989912,0.33376,10.0
10/30/2025,10:37:16,10/30/2025,10:38:01,long,26023.75,26047.87,TARGET,24.1185,478.37,1,16.078987,10.4,11.8,24.11848,0.431205,0.659798,-0.242895,0.264424,10.0
10/30/2025,10:38:01,10/30/2025,10:39:20,short,26047.5,26028.25,REVERSAL,19.25,381.0,1,16.072067,11.15,10.4,24.108101,0.4625,0.618229,0.772523,0.264977,10.0
10/30/2025,10:39:20,10/30/2025,10:40:02,long,26028.25,26052.36,TARGET,24.1147,478.29,1,16.076446,11.7,12.0,24.114668,0.485182,0.58144,-0.00716,0.266418,10.0
10/30/2025,10:40:02,10/30/2025,10:41:13,short,26051.0,26066.61,STOP,-15.6065,-316.13,0,15.606515,11.425,14.7,23.409773,0.488044,0.622219,0.973841,0.259749,10.0
10/30/2025,10:44:46,10/30/2025,10:47:05,short,26082.25,26050.3,TARGET,31.9499,635.0,1,21.29995,6.95,10.4,31.949924,0.217528,1.040376,1.516278,0.374268,10.0
10/30/2025,10:48:13,10/30/2025,10:51:32,long,26045.75,26027.5,STOP,-18.2518,-369.04,0,18.251849,9.85,10.7,27.377773,0.359781,0.719055,0.098032,0.345293,10.0
10/30/2025,10:57:20,10/30/2025,11:02:37,long,26001.5,26051.83,TARGET,50.3334,1002.67,1,33.555596,8.575,11.4,50.333394,0.170364,-0.093053,-0.292416,0.721909,10.0
10/30/2025,11:02:37,10/30/2025,11:22:12,short,26049.5,26076.76,STOP,-27.2611,-549.22,0,27.261058,8.575,13.3,40.891587,0.209701,0.33448,1.042043,0.617772,11.0
10/30/2025,11:22:12,10/30/2025,11:32:40,short,26058.5,26038.0,REVERSAL,20.5,406.0,1,25.817411,10.675,26.4,38.726117,0.275654,0.973523,1.080874,0.591476,11.0
10/30/2025,11:32:40,10/30/2025,11:36:39,long,26038.0,26024.24,STOP,-13.7619,-279.24,0,13.761943,7.8,26.9,20.642914,0.377854,0.664575,-0.102265,0.328124,11.0
10/30/2025,11:42:07,10/30/2025,11:55:48,long,25993.0,26008.0,REVERSAL,15.0,296.0,1,30.227686,7.1,8.2,45.341528,0.156589,-0.141189,-0.447366,0.763392,11.0
10/30/2025,11:55:48,10/30/2025,12:04:20,short,26008.0,26025.71,STOP,-17.7119,-358.24,0,17.711881,8.075,21.0,26.567821,0.303939,0.316655,0.968424,0.522368,11.0
10/30/2025,12:15:09,10/30/2025,12:33:23,short,26091.25,26063.5,REVERSAL,27.75,551.0,1,38.997732,5.25,13.4,58.496598,0.089749,1.118263,1.619296,1.250002,12.0
10/30/2025,12:33:23,10/30/2025,12:35:41,long,26063.5,26047.46,STOP,-16.0441,-324.88,0,16.044087,7.2,18.1,24.06613,0.299176,0.539701,0.028175,0.46949,12.0
10/30/2025,12:39:25,10/30/2025,12:43:32,long,26053.75,26038.05,STOP,-15.6997,-317.99,0,15.699685,8.025,15.7,23.549528,0.340771,-0.124348,-0.380166,0.459254,12.0
10/30/2025,12:55:27,10/30/2025,13:00:40,short,26074.75,26054.54,TARGET,20.2135,400.27,1,13.475694,8.25,23.6,20.21354,0.408142,0.363703,1.038377,0.389884,12.0
10/30/2025,13:00:40,10/30/2025,13:02:52,long,26055.0,26041.84,STOP,-13.1554,-267.11,0,13.155441,7.825,28.0,19.733161,0.396541,0.513749,0.082049,0.379543,13.0
10/30/2025,13:04:00,10/30/2025,13:05:01,long,26043.5,26032.01,STOP,-11.4941,-233.88,0,11.494125,7.7,22.0,17.241187,0.446605,0.423378,-0.42743,0.336503,13.0
10/30/2025,13:24:48,10/30/2025,14:06:02,short,26054.0,26046.0,REVERSAL,8.0,156.0,1,22.350254,6.075,16.9,33.525381,0.181206,0.233395,1.00775,0.670281,13.0
10/30/2025,14:06:02,10/30/2025,14:07:03,long,26046.0,26033.46,STOP,-12.5402,-254.8,0,12.540228,7.45,28.3,18.810342,0.396059,0.684306,0.144743,0.386269,14.0
10/30/2025,14:07:03,10/30/2025,14:12:34,long,26032.25,26019.99,STOP,-12.2634,-249.27,0,12.263381,7.4,25.8,18.395072,0.402282,0.560136,-0.620681,0.377982,14.0
10/30/2025,14:47:31,10/30/2025,14:57:08,short,26007.5,25990.25,REVERSAL,17.25,341.0,1,12.235015,8.075,23.2,18.352523,0.439994,0.24849,0.90158,0.377054,14.0
10/30/2025,14:57:08,10/30/2025,15:01:01,long,25990.25,25979.89,STOP,-10.3589,-211.18,0,10.358864,7.85,23.9,15.538296,0.505203,0.60433,-0.075514,0.330372,14.0
10/30/2025,15:02:50,10/30/2025,15:05:03,long,25978.0,25965.31,STOP,-12.6925,-257.85,0,12.69252,7.2,10.9,19.03878,0.378175,0.161948,-0.421409,0.391977,15.0
10/30/2025,15:31:02,10/30/2025,15:39:20,short,25945.25,25910.36,TARGET,34.8883,693.77,1,23.258882,7.35,20.1,34.888322,0.210672,0.302568,0.901495,0.48391,15.0
10/30/2025,15:39:20,10/30/2025,15:47:09,long,25911.75,25893.78,STOP,-17.9662,-363.32,0,17.966197,7.1,21.5,26.949295,0.263458,0.683497,0.01251,0.363593,15.0
10/31/2025,09:30:00,10/31/2025,09:31:22,long,26191.5,26168.57,STOP,-22.931,-462.62,0,22.931013,5.75,13.0,34.39652,0.167168,0.016638,-0.367893,0.239218,9.0
10/31/2025,09:32:26,10/31/2025,09:33:08,long,26175.75,26158.13,STOP,-17.6243,-356.49,0,17.624318,7.45,5.0,26.436478,0.281808,-0.08544,-0.274309,0.241224,9.0
10/31/2025,09:52:22,10/31/2025,09:52:52,short,26120.75,26109.25,REVERSAL,11.5,226.0,1,11.572198,8.875,9.9,17.358298,0.511283,0.375703,0.690975,0.300567,9.0
10/31/2025,09:52:52,10/31/2025,09:53:19,long,26109.25,26124.79,TARGET,15.5441,306.88,1,10.362741,8.8,10.4,15.544111,0.566131,0.414065,0.037445,0.267121,9.0
10/31/2025,09:53:19,10/31/2025,09:54:15,short,26122.0,26107.38,TARGET,14.6246,288.49,1,9.749744,8.7,10.6,14.624615,0.594887,0.466035,0.920524,0.250107,9.0
10/31/2025,09:54:15,10/31/2025,09:54:25,long,26102.25,26093.02,STOP,-9.2293,-188.59,0,9.229335,8.5,10.3,13.844002,0.613984,0.497544,-0.420796,0.23401,9.0
10/31/2025,09:54:41,10/31/2025,09:56:58,long,26110.25,26100.27,STOP,-9.9792,-203.58,0,9.97924,8.225,7.4,14.96886,0.549474,0.361956,0.289897,0.24763,9.0
10/31/2025,10:07:10,10/31/2025,10:08:48,short,26102.5,26115.71,STOP,-13.211,-268.22,0,13.210964,8.925,8.8,19.816446,0.450383,0.210477,0.870526,0.265842,10.0
10/31/2025,10:08:52,10/31/2025,10:11:15,short,26109.75,26091.23,TARGET,18.5211,366.42,1,12.347387,7.975,11.7,18.521081,0.43059,0.50123,1.320012,0.246307,10.0
10/31/2025,10:12:47,10/31/2025,10:14:23,short,26100.25,26083.25,REVERSAL,17.0,336.0,1,11.405695,7.7,13.0,17.108542,0.450068,0.671452,0.896147,0.225799,10.0
10/31/2025,10:14:23,10/31/2025,10:15:58,long,26083.25,26100.35,TARGET,17.1026,338.05,1,11.40172,8.7,16.0,17.10258,0.508695,0.612084,-0.116574,0.223965,10.0
10/31/2025,10:15:58,10/31/2025,10:18:45,short,26100.5,26112.07,STOP,-11.5728,-235.46,0,11.572833,8.275,13.2,17.35925,0.476691,0.528518,0.919805,0.225036,10.0
10/31/2025,10:18:45,10/31/2025,10:21:08,short,26113.0,26095.31,TARGET,17.6864,349.73,1,11.790966,8.625,17.8,17.686449,0.487661,0.675242,1.603953,0.229428,10.0
10/31/2025,10:21:16,10/31/2025,10:21:51,long,26081.5,26069.1,STOP,-12.3985,-251.97,0,12.39846,9.225,10.8,18.597691,0.496029,0.691601,-0.185972,0.239774,10.0
10/31/2025,10:22:11,10/31/2025,10:23:52,long,26081.5,26101.9,TARGET,20.4041,404.08,1,13.602725,8.225,5.5,20.404087,0.403106,0.40254,0.000223,0.259397,10.0
10/31/2025,10:23:52,10/31/2025,10:27:34,short,26101.0,26113.72,STOP,-12.721,-258.42,0,12.720966,8.325,10.8,19.081449,0.436288,0.311079,0.922531,0.242187,10.0
10/31/2025,10:27:34,10/31/2025,10:30:29,short,26104.75,26116.65,STOP,-11.9001,-242.0,0,11.900142,8.6,18.9,17.850212,0.481787,0.487221,0.973524,0.231515,10.0
10/31/2025,11:05:22,10/31/2025,11:07:43,long,26162.75,26154.88,STOP,-7.871,-161.42,0,7.871021,6.6,24.2,11.806531,0.559013,0.453216,0.524351,0.26796,11.0
10/31/2025,11:07:43,10/31/2025,11:08:39,long,26152.0,26162.35,TARGET,10.3464,202.93,1,6.897581,6.6,27.5,10.346371,0.637905,0.294961,-0.568249,0.235592,11.0
10/31/2025,11:08:39,10/31/2025,11:10:41,long,26156.5,26149.99,STOP,-6.5058,-134.12,0,6.505769,6.65,25.8,9.758653,0.681447,0.208477,-0.19528,0.222106,11.0
10/31/2025,11:11:32,10/31/2025,11:13:06,long,26159.75,26169.67,TARGET,9.9248,194.5,1,6.616559,7.1,22.9,9.924838,0.715377,0.171278,0.154402,0.224868,11.0
10/31/2025,11:13:06,10/31/2025,11:13:37,short,26172.25,26162.34,TARGET,9.909,194.18,1,6.605999,6.925,24.4,9.908998,0.69886,0.236154,1.38682,0.22395,11.0
10/31/2025,11:14:40,10/31/2025,11:16:28,short,26173.5,26180.27,STOP,-6.7661,-139.32,0,6.766082,6.2,18.8,10.149123,0.61089,0.356805,1.463384,0.228967,11.0
10/31/2025,11:20:29,10/31/2025,11:22:16,short,26169.0,26158.2,TARGET,10.8047,212.09,1,7.203112,5.7,24.1,10.804668,0.52755,0.917491,0.956516,0.239206,11.0
10/31/2025,11:22:16,10/31/2025,11:22:29,long,26163.75,26156.71,STOP,-7.0428,-144.86,0,7.042782,6.175,23.0,10.564173,0.584523,0.8938,0.493847,0.232636,11.0
10/31/2025,11:22:29,10/31/2025,11:25:10,long,26157.5,26150.44,STOP,-7.0607,-145.21,0,7.060721,6.4,20.7,10.591081,0.604282,0.863455,-0.086815,0.233191,11.0
10/31/2025,11:45:19,10/31/2025,11:45:22,short,26133.0,26156.55,STOP,-23.5457,-474.91,0,23.545723,10.05,3.5,35.318584,0.284553,0.197255,0.990323,0.741201,11.0
10/31/2025,11:45:23,10/31/2025,11:46:50,short,26134.0,26099.55,TARGET,34.4542,685.08,1,22.969463,13.1,2.6,34.454194,0.380215,0.362067,1.044346,0.722248,11.0
10/31/2025,11:47:08,10/31/2025,11:48:30,long,26097.25,26075.85,STOP,-21.3974,-431.95,0,21.397411,10.1,9.0,32.096117,0.31468,0.562523,0.025254,0.672275,11.0
10/31/2025,11:48:47,10/31/2025,11:50:05,long,26081.0,26061.13,STOP,-19.8708,-401.42,0,19.870804,8.8,7.1,29.806206,0.295241,0.396311,-0.299162,0.614642,11.0
10/31/2025,12:26:29,10/31/2025,12:41:03,short,26017.5,25985.5,REVERSAL,32.0,636.0,1,22.738057,6.675,11.1,34.107085,0.195707,0.322314,1.131467,0.35177,12.0
10/31/2025,12:41:03,10/31/2025,12:51:35,long,25985.5,25963.61,STOP,-21.8909,-441.82,0,21.890863,8.3,15.6,32.836295,0.252769,0.83618,0.027657,0.326565,12.0
10/31/2025,12:52:13,10/31/2025,12:54:51,long,25975.75,25955.87,STOP,-19.8757,-401.51,0,19.875736,7.25,14.8,29.813604,0.243178,-0.038672,-0.385586,0.295518,12.0
10/31/2025,13:26:25,10/31/2025,13:29:07,short,25922.75,25904.55,TARGET,18.2044,360.09,1,12.136257,6.725,11.4,18.204385,0.369416,0.237229,0.925447,0.190262,13.0
10/31/2025,13:29:07,10/31/2025,13:30:35,long,25902.75,25920.97,TARGET,18.2197,360.39,1,12.146475,7.55,14.8,18.219712,0.414386,0.335281,-0.151492,0.190912,13.0
10/31/2025,13:30:35,10/31/2025,13:31:22,short,25929.0,25940.56,STOP,-11.555,-235.1,0,11.555015,8.4,12.6,17.332522,0.484638,0.417932,1.397013,0.182044,13.0
10/31/2025,13:33:03,10/31/2025,13:36:32,short,25931.5,25911.25,TARGET,20.2525,401.05,1,13.501656,6.325,10.1,20.252485,0.312307,1.010282,1.322368,0.223726,13.0
10/31/2025,13:36:42,10/31/2025,13:38:14,long,25898.75,25919.88,TARGET,21.1327,418.65,1,14.088448,8.475,14.1,21.132672,0.401038,0.823277,-0.317455,0.252519,13.0
10/31/2025,13:41:45,10/31/2025,13:43:03,long,25907.75,25926.75,REVERSAL,19.0,376.0,1,14.170501,8.35,19.5,21.255752,0.392835,0.495562,0.129747,0.266376,13.0
10/31/2025,13:43:03,10/31/2025,13:43:48,short,25926.75,25940.77,STOP,-14.0227,-284.45,0,14.022737,8.7,18.1,21.034105,0.413614,0.502533,0.997288,0.26619,13.0
10/31/2025,13:43:55,10/31/2025,13:45:19,short,25937.0,25951.09,STOP,-14.0911,-285.82,0,14.091065,7.25,15.6,21.136597,0.343007,0.583225,1.393237,0.27403,13.0
10/31/2025,14:49:25,10/31/2025,14:54:41,long,25995.75,25986.66,STOP,-9.0865,-185.73,0,9.086546,7.175,29.0,13.629819,0.526419,0.675926,0.122702,0.243337,14.0
10/31/2025,14:55:24,10/31/2025,14:56:15,long,25986.75,25977.42,STOP,-9.326,-190.52,0,9.326,5.525,22.6,13.989,0.394953,0.246326,-0.491136,0.260888,14.0
10/31/2025,14:58:36,10/31/2025,14:59:04,short,26007.0,26016.42,STOP,-9.4236,-192.47,0,9.423574,7.125,12.9,14.135361,0.504055,0.086183,0.913856,0.269569,14.0
10/31/2025,14:59:04,10/31/2025,15:00:25,short,26017.75,26003.34,TARGET,14.4074,284.15,1,9.604906,6.65,13.2,14.407359,0.46157,0.175574,1.627028,0.273767,14.0
10/31/2025,15:00:35,10/31/2025,15:02:13,short,26011.5,26021.59,STOP,-10.0852,-205.7,0,10.085226,6.25,11.9,15.127838,0.413146,0.42735,1.119057,0.283045,15.0
10/31/2025,15:02:46,10/31/2025,15:03:36,short,26016.0,25999.77,TARGET,16.2344,320.69,1,10.822928,6.3,14.1,16.234392,0.388065,0.684938,1.312165,0.298159,15.0
10/31/2025,15:04:23,10/31/2025,15:05:31,short,26007.5,26018.22,STOP,-10.7182,-218.36,0,10.718165,6.3,13.0,16.077248,0.391858,0.686513,0.812087,0.292536,15.0
10/31/2025,15:05:31,10/31/2025,15:08:13,short,26016.75,26027.6,STOP,-10.8514,-221.03,0,10.851411,6.875,16.5,16.277117,0.422372,0.732425,1.364711,0.294808,15.0
11/3/2025,09:30:00,11/3/2025,09:35:04,short,26246.25,26223.0,REVERSAL,23.25,461.0,1,29.535141,5.725,26.3,44.302712,0.129225,0.86783,1.46704,0.373234,9.0
11/3/2025,09:35:04,11/3/2025,09:35:54,long,26223.0,26206.88,STOP,-16.1218,-326.44,0,16.121774,6.575,5.6,24.182661,0.271889,0.796704,-0.036335,0.183095,9.0
11/3/2025,09:36:04,11/3/2025,09:37:48,long,26211.75,26195.59,STOP,-16.1647,-327.29,0,16.164732,5.8,6.0,24.247098,0.239204,0.437081,-0.492593,0.184329,9.0
11/3/2025,10:09:42,11/3/2025,10:12:53,short,26127.0,26142.97,STOP,-15.9689,-323.38,0,15.968933,6.875,7.6,23.953399,0.287016,0.223436,0.750173,0.304847,10.0
11/3/2025,10:13:43,11/3/2025,10:15:10,short,26142.75,26120.21,TARGET,22.538,446.76,1,15.025344,6.4,9.1,22.538017,0.283965,0.836411,1.502528,0.327158,10.0
11/3/2025,10:15:47,11/3/2025,10:16:25,long,26110.0,26095.31,STOP,-14.6936,-297.87,0,14.693573,7.3,10.7,22.04036,0.331211,0.816489,0.095288,0.331098,10.0
11/3/2025,10:16:25,11/3/2025,10:16:43,long,26101.25,26086.41,STOP,-14.8375,-300.75,0,14.837523,6.425,8.4,22.256285,0.288682,0.683741,-0.231029,0.33298,10.0
11/3/2025,10:39:08,11/3/2025,10:40:03,short,26060.0,26082.5,STOP,-22.4985,-453.97,0,22.498506,7.325,8.3,33.747759,0.217051,0.359184,0.872914,0.335746,10.0
11/3/2025,10:42:35,11/3/2025,10:44:26,short,26078.25,26098.02,STOP,-19.7715,-399.43,0,19.771541,6.45,12.3,29.657311,0.217484,1.072147,1.581774,0.299307,10.0
11/3/2025,11:00:41,11/3/2025,11:02:27,long,26076.25,26064.16,STOP,-12.0859,-245.72,0,12.085906,7.125,12.4,18.128859,0.39302,0.71903,0.104084,0.252169,11.0
11/3/2025,11:02:27,11/3/2025,11:07:30,long,26066.0,26084.54,TARGET,18.5392,366.78,1,12.359481,8.95,14.7,18.539222,0.48276,0.586039,-0.396208,0.266702,11.0
11/3/2025,11:08:06,11/3/2025,11:11:40,long,26066.5,26085.0,TARGET,18.4983,365.97,1,12.332225,9.6,20.7,18.498338,0.518966,0.421337,-0.241418,0.285893,11.0
11/3/2025,11:11:40,11/3/2025,11:12:42,short,26091.25,26073.19,TARGET,18.0613,357.23,1,12.040883,8.425,23.8,18.061325,0.466466,0.46176,1.16731,0.288326,11.0
11/3/2025,11:13:05,11/3/2025,11:14:29,long,26068.0,26086.03,TARGET,18.0296,356.59,1,12.019726,8.75,20.8,18.029589,0.485313,0.436933,-0.140198,0.292786,11.0
11/3/2025,11:14:29,11/3/2025,11:16:17,short,26084.25,26068.0,REVERSAL,16.25,321.0,1,12.06441,8.425,16.9,18.096616,0.465557,0.405341,0.754191,0.298542,11.0
11/3/2025,11:16:17,11/3/2025,11:17:52,long,26068.0,26085.65,TARGET,17.6528,349.06,1,11.768552,8.925,21.5,17.652828,0.505585,0.365717,-0.182185,0.295695,11.0
11/3/2025,11:18:07,11/3/2025,11:23:05,short,26091.0,26101.77,STOP,-10.7736,-219.47,0,10.773618,9.1,24.6,16.160427,0.563104,0.3338,1.104563,0.275037,11.0
11/3/2025,11:23:05,11/3/2025,11:25:15,short,26097.0,26080.01,TARGET,16.9916,335.83,1,11.327752,7.3,21.5,16.991628,0.429623,0.589323,1.314372,0.303651,11.0
11/3/2025,11:25:30,11/3/2025,11:26:28,long,26074.0,26062.56,STOP,-11.4429,-232.86,0,11.442885,8.05,22.6,17.164328,0.468996,0.591657,-0.050706,0.314724,11.0
11/3/2025,11:28:34,11/3/2025,11:30:25,long,26061.75,26049.05,STOP,-12.7041,-258.08,0,12.704084,7.625,12.6,19.056126,0.400134,0.249319,-0.410468,0.36917,11.0
11/3/2025,11:33:27,11/3/2025,11:35:18,short,26085.25,26065.93,TARGET,19.3187,382.37,1,12.879145,7.2,15.3,19.318717,0.372696,0.262397,1.038467,0.402315,11.0
11/3/2025,11:35:18,11/3/2025,11:35:45,long,26069.75,26056.89,STOP,-12.8589,-261.18,0,12.858881,6.275,14.7,19.288321,0.325326,0.329089,0.210058,0.406958,11.0
11/3/2025,11:35:45,11/3/2025,11:38:37,long,26058.5,26077.96,TARGET,19.4583,385.17,1,12.972205,7.125,13.8,19.458307,0.366168,0.312178,-0.354648,0.412403,11.0
11/3/2025,11:39:13,11/3/2025,11:48:20,short,26087.5,26067.8,TARGET,19.7041,390.08,1,13.136069,7.075,19.5,19.704104,0.359062,0.360838,1.130199,0.432516,11.0
11/3/2025,11:48:20,11/3/2025,11:51:53,long,26067.0,26083.75,REVERSAL,16.75,331.0,1,13.799537,7.5,29.2,20.699306,0.362331,0.638138,0.036458,0.493876,11.0
11/3/2025,11:51:53,11/3/2025,11:54:31,short,26083.75,26096.55,STOP,-12.8024,-260.05,0,12.802411,7.625,17.2,19.203616,0.397061,0.574208,1.03831,0.47291,11.0
11/3/2025,11:54:45,11/3/2025,11:56:28,short,26089.5,26101.89,STOP,-12.3889,-251.78,0,12.388851,6.625,21.5,18.583276,0.356503,0.776047,1.379689,0.46133,11.0
11/3/2025,12:25:32,11/3/2025,12:26:08,long,26111.0,26096.16,STOP,-14.8377,-300.75,0,14.837664,6.15,22.4,22.256496,0.276324,0.819591,0.240076,0.55018,12.0
11/3/2025,12:26:08,11/3/2025,12:31:58,long,26096.0,26118.06,TARGET,22.0605,437.21,1,14.706982,6.3,16.5,22.060473,0.285579,0.701639,-0.447056,0.545093,12.0
11/3/2025,12:32:45,11/3/2025,12:37:08,short,26129.0,26144.52,STOP,-15.525,-314.5,0,15.52498,6.1,21.2,23.28747,0.261943,0.478985,1.081858,0.568024,12.0
11/3/2025,12:37:39,11/3/2025,12:51:08,short,26142.0,26156.14,STOP,-14.1394,-286.79,0,14.139398,5.475,22.2,21.209097,0.258144,0.652369,1.456783,0.490408,12.0
11/3/2025,13:28:53,11/3/2025,13:29:54,long,26138.25,26147.85,TARGET,9.5961,187.92,1,6.397423,5.975,33.0,9.596135,0.622647,0.583119,-0.326895,0.216438,13.0
11/3/2025,13:29:54,11/3/2025,13:31:29,long,26145.5,26151.5,REVERSAL,6.0,116.0,1,6.173279,6.4,32.5,9.259918,0.691151,0.536284,0.405777,0.20818,13.0
11/3/2025,13:31:29,11/3/2025,13:32:40,short,26151.5,26157.3,STOP,-5.7998,-120.0,0,5.799754,6.475,32.6,8.699631,0.744284,0.508761,1.041402,0.194292,13.0
11/3/2025,13:34:53,11/3/2025,13:35:17,short,26148.5,26154.59,STOP,-6.0926,-125.85,0,6.092621,5.9,27.0,9.138931,0.64559,0.660333,0.558541,0.19986,13.0
11/3/2025,13:47:07,11/3/2025,13:51:14,long,26146.75,26140.7,STOP,-6.0543,-125.09,0,6.054263,5.0,41.3,9.081394,0.550576,0.742427,0.035314,0.188991,13.0
11/3/2025,13:56:12,11/3/2025,13:59:08,long,26140.5,26131.99,STOP,-8.5088,-174.18,0,8.508773,6.9,25.0,12.76316,0.540618,0.137381,-0.129742,0.268882,13.0
11/3/2025,14:52:45,11/3/2025,14:55:28,short,26107.75,26120.72,STOP,-12.9651,-263.3,0,12.96509,7.4,33.0,19.447636,0.380509,0.287065,0.869839,0.460139,14.0
11/3/2025,14:55:28,11/3/2025,15:07:02,short,26122.5,26103.43,TARGET,19.0727,377.45,1,12.715161,6.175,27.4,19.072741,0.32376,0.527025,1.659115,0.463189,14.0
11/3/2025,15:18:13,11/3/2025,15:23:59,short,26111.75,26097.25,REVERSAL,14.5,286.0,1,13.169998,7.2,28.5,19.754997,0.364465,0.708623,0.964693,0.550273,15.0
11/3/2025,15:23:59,11/3/2025,15:33:50,long,26097.25,26084.05,STOP,-13.1976,-267.95,0,13.197555,7.525,47.9,19.796333,0.380121,0.661046,0.219014,0.558741,15.0
11/3/2025,15:36:55,11/3/2025,15:44:59,long,26091.5,26109.23,TARGET,17.7348,350.7,1,11.823203,6.05,18.1,17.734804,0.341137,-0.055272,-0.169446,0.531402,15.0
11/3/2025,15:44:59,11/3/2025,15:47:06,short,26105.25,26088.48,TARGET,16.7672,331.34,1,11.178153,5.525,27.4,16.767229,0.329512,0.209667,0.733789,0.495675,15.0
11/4/2025,09:30:00,11/4/2025,09:30:17,short,25729.5,25711.0,REVERSAL,18.5,366.0,1,18.434686,8.15,13.0,27.652029,0.294734,0.974674,0.881889,0.302911,9.0
11/4/2025,09:30:17,11/4/2025,09:30:47,long,25711.0,25736.52,TARGET,25.5238,506.48,1,17.015865,8.825,1.7,25.523797,0.345756,0.746692,0.106642,0.305404,9.0
11/4/2025,09:30:47,11/4/2025,09:31:31,short,25737.5,25753.96,STOP,-16.4614,-333.23,0,16.461432,8.825,3.4,24.692148,0.357401,0.656823,1.113555,0.32019,9.0
11/4/2025,09:31:36,11/4/2025,09:32:13,short,25750.75,25725.29,TARGET,25.4613,505.23,1,16.974205,7.75,3.9,25.461308,0.304383,0.761531,1.47167,0.383724,9.0
11/4/2025,09:32:42,11/4/2025,09:33:04,long,25721.0,25704.99,STOP,-16.0093,-324.19,0,16.009334,8.575,4.7,24.014001,0.357083,0.650683,0.18914,0.431892,9.0
11/4/2025,09:34:59,11/4/2025,09:36:51,long,25676.25,25714.95,TARGET,38.7,770.0,1,25.799985,7.675,5.2,38.699977,0.198321,-0.084885,-0.567507,0.789903,9.0
11/4/2025,09:36:53,11/4/2025,09:38:18,short,25715.75,25682.75,REVERSAL,33.0,656.0,1,25.844817,8.625,4.2,38.767226,0.222482,0.161757,0.795804,0.778832,9.0
11/4/2025,09:38:18,11/4/2025,09:40:20,long,25682.75,25702.75,REVERSAL,20.0,396.0,1,25.31561,9.55,6.3,37.973415,0.251492,0.327521,0.002349,0.767485,9.0
11/4/2025,09:40:20,11/4/2025,09:40:50,short,25702.75,25720.98,STOP,-18.2252,-368.5,0,18.225248,9.075,7.6,27.337871,0.331957,0.499057,0.836895,0.553567,9.0
11/4/2025,09:43:22,11/4/2025,09:50:44,short,25760.75,25792.12,STOP,-31.3653,-631.31,0,31.36528,7.875,6.5,47.04792,0.167383,1.110642,1.603875,1.001252,9.0
11/4/2025,10:06:51,11/4/2025,10:08:40,long,25853.75,25839.51,STOP,-14.2395,-288.79,0,14.23947,7.075,7.8,21.359205,0.331239,0.66504,0.090341,0.230158,10.0
11/4/2025,10:09:21,11/4/2025,10:10:05,long,25852.5,25841.24,STOP,-11.2554,-229.11,0,11.255424,7.075,5.2,16.883136,0.419057,0.097174,-0.223651,0.174887,10.0
11/4/2025,10:19:13,11/4/2025,10:19:38,short,25865.25,25878.71,STOP,-13.4551,-273.1,0,13.455057,8.1,15.4,20.182586,0.401336,0.351638,0.961165,0.199689,10.0
11/4/2025,10:19:48,11/4/2025,10:26:13,short,25871.25,25884.48,STOP,-13.2349,-268.7,0,13.234901,7.45,12.4,19.852351,0.37527,0.546194,1.277238,0.195379,10.0
11/4/2025,10:32:07,11/4/2025,10:39:12,long,25855.25,25875.73,TARGET,20.4818,405.64,1,13.654531,8.0,13.6,20.481797,0.390591,0.749219,0.145783,0.194488,10.0
11/4/2025,10:39:12,11/4/2025,10:41:23,short,25878.0,25888.46,STOP,-10.4612,-213.22,0,10.461201,8.35,17.7,15.691801,0.532125,0.358088,1.297391,0.148463,10.0
11/4/2025,10:41:51,11/4/2025,10:42:49,short,25886.0,25869.88,TARGET,16.1172,318.34,1,10.744824,6.9,15.0,16.117237,0.428113,0.589547,1.588896,0.152526,10.0
11/4/2025,10:43:00,11/4/2025,10:45:03,short,25881.25,25865.5,TARGET,15.7527,311.05,1,10.501803,8.0,15.9,15.752705,0.507849,0.611266,1.258441,0.148987,10.0
11/4/2025,10:45:03,11/4/2025,10:46:04,long,25861.75,25851.11,STOP,-10.6372,-216.74,0,10.637165,7.075,15.8,15.955747,0.443414,0.615054,0.021489,0.150806,10.0
11/4/2025,10:46:13,11/4/2025,10:47:20,long,25852.25,25841.34,STOP,-10.9106,-222.21,0,10.910584,6.625,17.0,16.365876,0.404806,0.482359,-0.522249,0.15475,10.0
11/4/2025,11:31:32,11/4/2025,11:33:13,short,25780.0,25760.53,TARGET,19.4709,385.42,1,12.980613,7.125,17.5,19.47092,0.36593,0.278794,1.047868,0.316811,11.0
11/4/2025,11:33:13,11/4/2025,11:36:03,long,25754.0,25773.13,TARGET,19.1326,378.65,1,12.75507,8.45,19.2,19.132605,0.441654,0.322852,-0.258261,0.30757,11.0
11/4/2025,11:36:03,11/4/2025,11:36:55,short,25773.5,25784.51,STOP,-11.0077,-224.15,0,11.007697,8.625,18.9,16.511546,0.522362,0.432205,0.933636,0.259836,11.0
11/4/2025,11:38:08,11/4/2025,11:38:23,short,25769.25,25780.4,STOP,-11.1506,-227.01,0,11.150611,7.225,16.8,16.725916,0.431964,0.672589,0.670245,0.260731,11.0
11/4/2025,11:40:47,11/4/2025,11:41:30,long,25757.25,25775.33,TARGET,18.0847,357.69,1,12.056435,8.225,14.4,18.084652,0.454806,0.785522,-0.047287,0.279436,11.0
11/4/2025,11:41:30,11/4/2025,11:43:24,short,25778.0,25789.89,STOP,-11.8932,-241.86,0,11.893163,9.55,14.4,17.839744,0.535322,0.775105,1.134398,0.274631,11.0
11/4/2025,11:44:30,11/4/2025,11:46:45,short,25777.25,25758.07,TARGET,19.1772,379.54,1,12.784819,7.65,18.0,19.177229,0.398911,0.92414,1.006851,0.293942,11.0
11/4/2025,11:46:45,11/4/2025,11:49:59,long,25753.5,25740.75,STOP,-12.7462,-258.92,0,12.746248,8.775,15.7,19.119373,0.458959,0.79824,-0.225442,0.290729,11.0
11/4/2025,11:50:54,11/4/2025,11:51:40,long,25746.5,25732.13,STOP,-14.3728,-291.46,0,14.372848,7.0,14.2,21.559271,0.324686,0.17158,-0.404483,0.321569,11.0
11/4/2025,12:25:19,11/4/2025,12:40:22,short,25712.25,25675.44,TARGET,36.8101,732.2,1,24.54005,8.225,10.9,36.810075,0.223444,0.315776,1.042854,0.437873,12.0
11/4/2025,12:40:22,11/4/2025,12:48:09,long,25676.75,25710.74,TARGET,33.9862,675.72,1,22.657444,7.8,19.2,33.986166,0.229505,0.692272,0.050847,0.471314,12.0
11/4/2025,12:48:09,11/4/2025,12:50:22,short,25704.75,25719.88,STOP,-15.1334,-306.67,0,15.133381,7.85,16.5,22.700071,0.345814,0.168477,0.773678,0.340204,12.0
11/4/2025,12:50:22,11/4/2025,12:52:45,short,25724.5,25701.23,TARGET,23.2714,461.43,1,15.514267,7.475,15.5,23.2714,0.32121,0.349708,1.574495,0.357388,12.0
11/4/2025,12:53:44,11/4/2025,12:55:34,long,25685.5,25670.86,STOP,-14.6428,-296.86,0,14.642791,8.15,15.3,21.964186,0.371059,0.574771,-0.088116,0.346507,12.0
11/4/2025,12:55:45,11/4/2025,12:58:02,long,25678.5,25663.99,STOP,-14.5076,-294.15,0,14.507607,6.65,15.4,21.76141,0.305587,0.444921,-0.285335,0.344732,12.0
11/4/2025,13:23:32,11/4/2025,13:24:57,short,25660.75,25642.0,REVERSAL,18.75,371.0,1,15.193537,7.825,11.0,22.790306,0.343348,0.158418,0.826564,0.344482,13.0
11/4/2025,13:24:57,11/4/2025,13:26:38,long,25642.0,25627.51,STOP,-14.4922,-293.84,0,14.492166,7.3,14.9,21.738249,0.335814,0.249409,0.036646,0.330171,13.0
11/4/2025,13:29:15,11/4/2025,13:35:47,long,25629.0,25615.0,STOP,-13.9952,-283.9,0,13.99521,6.325,15.7,20.992815,0.301294,0.120717,-0.252162,0.310238,13.0
11/4/2025,13:43:27,11/4/2025,13:44:43,short,25633.25,25646.44,STOP,-13.1928,-267.86,0,13.192776,6.725,17.0,19.789165,0.339832,0.197523,0.645029,0.282543,13.0
11/4/2025,13:44:43,11/4/2025,13:50:49,short,25648.25,25661.5,STOP,-13.2484,-268.97,0,13.248414,7.1,16.8,19.872621,0.357275,0.336452,1.396334,0.285553,13.0
11/4/2025,14:09:34,11/4/2025,14:24:49,long,25643.5,25672.75,REVERSAL,29.25,581.0,1,20.401333,7.2,19.9,30.601999,0.235279,0.723249,0.111953,0.605213,14.0
11/4/2025,14:24:49,11/4/2025,14:27:59,short,25672.75,25655.92,TARGET,16.8253,332.51,1,11.216867,9.025,25.6,16.8253,0.536395,0.220956,1.056899,0.382984,14.0
11/4/2025,14:27:59,11/4/2025,14:30:29,long,25661.5,25650.86,STOP,-10.6391,-216.78,0,10.639095,8.225,22.2,15.958643,0.515395,0.299753,0.298228,0.373274,14.0
11/4/2025,14:30:29,11/4/2025,14:31:01,long,25649.5,25638.96,STOP,-10.5363,-214.73,0,10.536337,8.6,21.3,15.804506,0.544149,0.327457,-0.407336,0.375338,14.0
11/4/2025,15:00:21,11/4/2025,15:14:06,short,25609.5,25624.6,STOP,-15.1008,-306.02,0,15.100843,8.1,19.5,22.651265,0.357596,0.457753,1.011561,0.447154,15.0
11/4/2025,15:17:36,11/4/2025,15:20:39,short,25619.75,25598.8,TARGET,20.9497,414.99,1,13.966463,7.025,15.5,20.949695,0.335327,1.086315,1.33438,0.436013,15.0
11/4/2025,15:20:46,11/4/2025,15:22:09,long,25602.5,25589.26,STOP,-13.2417,-268.83,0,13.241679,6.7,14.0,19.862519,0.337319,0.894859,0.331718,0.441953,15.0
11/4/2025,15:22:09,11/4/2025,15:27:40,long,25590.75,25609.94,TARGET,19.191,379.82,1,12.793999,6.375,11.8,19.190998,0.332187,0.70112,-0.304544,0.435797,15.0
11/4/2025,15:29:05,11/4/2025,15:31:09,short,25615.5,25597.76,TARGET,17.7361,350.72,1,11.824091,7.4,25.3,17.736136,0.417227,0.415151,0.955144,0.412721,15.0
11/4/2025,15:31:09,11/4/2025,15:32:28,long,25598.5,25615.7,TARGET,17.2049,340.1,1,11.469933,7.475,19.5,17.2049,0.434469,0.421526,-0.095615,0.405622,15.0
11/4/2025,15:34:47,11/4/2025,15:36:01,long,25603.75,25621.0,TARGET,17.2539,341.08,1,11.502574,8.425,25.1,17.253862,0.488296,0.406178,0.200792,0.412542,15.0
11/4/2025,15:36:01,11/4/2025,15:44:31,short,25621.75,25633.35,STOP,-11.5984,-235.97,0,11.598408,8.675,27.4,17.397612,0.498632,0.460629,1.226105,0.418236,15.0
11/5/2025,09:30:02,11/5/2025,09:31:42,long,25551.75,25535.02,STOP,-16.7253,-338.51,0,16.725267,7.225,11.7,25.087901,0.287987,0.000112,-0.099193,0.251999,9.0
11/5/2025,09:32:06,11/5/2025,09:34:41,long,25536.25,25517.87,STOP,-18.3788,-371.58,0,18.378771,7.975,5.2,27.568156,0.289283,0.047259,-0.462614,0.333701,9.0
11/5/2025,09:38:25,11/5/2025,09:39:37,short,25544.75,25565.65,STOP,-20.9049,-422.1,0,20.904907,8.625,6.4,31.35736,0.275055,0.247262,0.905886,0.545516,9.0
11/5/2025,09:39:50,11/5/2025,09:41:41,short,25557.0,25523.38,TARGET,33.6159,668.32,1,22.410581,8.375,7.2,33.615871,0.249138,0.596452,1.185762,0.587504,9.0
11/5/2025,09:42:13,11/5/2025,09:43:50,long,25519.5,25542.25,REVERSAL,22.75,451.0,1,19.481886,8.75,6.5,29.22283,0.299423,0.719579,0.1513,0.509384,9.0
11/5/2025,09:43:50,11/5/2025,09:46:24,short,25542.25,25561.87,STOP,-19.6171,-396.34,0,19.6171,8.425,9.0,29.42565,0.286315,0.623133,0.971442,0.522784,9.0
11/5/2025,09:46:28,11/5/2025,09:47:16,short,25564.5,25585.35,STOP,-20.8471,-420.94,0,20.84707,9.125,8.6,31.270605,0.291808,0.796811,1.598716,0.570376,9.0
11/5/2025,10:03:05,11/5/2025,10:03:53,long,25647.5,25673.23,TARGET,25.7318,510.64,1,17.154544,8.025,7.6,25.731816,0.311871,0.646534,-0.115095,0.267009,10.0
11/5/2025,10:04:22,11/5/2025,10:05:27,long,25655.5,25674.5,TARGET,18.9955,375.91,1,12.663642,8.825,6.9,18.995462,0.464585,0.359349,-0.091325,0.194155,10.0
11/5/2025,10:05:27,11/5/2025,10:05:45,short,25676.75,25687.58,STOP,-10.8309,-220.62,0,10.830883,9.125,8.2,16.246324,0.561666,0.181433,1.030274,0.167056,10.0
11/5/2025,10:07:10,11/5/2025,10:07:47,short,25692.25,25669.06,TARGET,23.1929,459.86,1,15.461915,8.2,5.7,23.192873,0.353557,0.811706,1.247751,0.244322,10.0
11/5/2025,10:10:03,11/5/2025,10:14:15,long,25660.75,25645.47,STOP,-15.2843,-309.69,0,15.284339,10.825,13.0,22.926509,0.472161,0.641141,-0.120897,0.246648,10.0
11/5/2025,10:14:15,11/5/2025,10:19:15,long,25645.75,25670.25,TARGET,24.5004,486.01,1,16.333607,10.425,14.3,24.500411,0.425503,0.330665,-0.524983,0.269073,10.0
11/5/2025,10:19:38,11/5/2025,10:20:28,long,25652.0,25635.01,STOP,-16.9909,-343.82,0,16.990928,9.2,11.7,25.486391,0.360977,0.185432,-0.150249,0.284626,10.0
11/5/2025,10:20:42,11/5/2025,10:21:16,long,25647.0,25628.99,STOP,-18.0139,-364.28,0,18.013859,9.175,10.5,27.020788,0.339553,0.107186,-0.248313,0.301842,10.0
11/5/2025,10:23:17,11/5/2025,10:26:22,short,25675.0,25693.54,STOP,-18.54,-374.8,0,18.539953,9.675,7.4,27.80993,0.347897,0.148916,1.107787,0.311019,10.0
11/5/2025,10:29:14,11/5/2025,10:41:14,short,25697.25,25722.58,STOP,-25.3344,-510.69,0,25.334376,7.55,9.6,38.001565,0.198676,1.063808,1.350623,0.39986,10.0
11/5/2025,10:50:15,11/5/2025,10:51:28,long,25695.75,25713.49,TARGET,17.7402,350.8,1,11.826773,8.2,11.7,17.74016,0.462228,0.810632,-0.016765,0.194468,10.0
11/5/2025,10:51:28,11/5/2025,10:52:20,short,25713.0,25695.26,TARGET,17.7404,350.81,1,11.826955,8.95,13.1,17.740433,0.504497,0.726495,0.96518,0.198873,10.0
11/5/2025,10:52:20,11/5/2025,10:55:30,long,25697.5,25686.17,STOP,-11.3272,-230.54,0,11.327172,9.05,12.5,16.990758,0.532643,0.656882,0.017826,0.194339,10.0
11/5/2025,10:56:49,11/5/2025,10:58:34,long,25695.75,25712.24,TARGET,16.4851,325.7,1,10.990092,9.025,14.2,16.485138,0.547463,0.220596,-0.124654,0.205121,10.0
11/5/2025,10:58:34,11/5/2025,11:00:41,short,25714.25,25705.25,REVERSAL,9.0,176.0,1,10.942492,10.625,14.6,16.413738,0.647324,0.266533,1.001105,0.209153,10.0
11/5/2025,11:00:41,11/5/2025,11:01:06,long,25705.25,25719.25,REVERSAL,14.0,276.0,1,11.137184,7.525,10.2,16.705777,0.450443,0.443957,0.357834,0.219272,11.0
11/5/2025,11:01:06,11/5/2025,11:01:34,short,25719.25,25730.28,STOP,-11.0293,-224.59,0,11.029284,8.425,11.1,16.543926,0.50925,0.46066,1.175777,0.218459,11.0
11/5/2025,11:02:03,11/5/2025,11:03:18,short,25722.0,25705.4,TARGET,16.6014,328.03,1,11.067605,9.075,11.4,16.601407,0.54664,0.537889,1.263489,0.222219,11.0
11/5/2025,11:03:18,11/5/2025,11:03:38,long,25697.25,25686.08,STOP,-11.1667,-227.33,0,11.166707,9.75,17.0,16.750061,0.582087,0.529632,-0.218206,0.228312,11.0
11/5/2025,11:04:26,11/5/2025,11:04:53,long,25702.25,25710.75,REVERSAL,8.5,166.0,1,11.819351,10.475,16.6,17.729027,0.590839,0.391184,0.184557,0.25405,11.0
11/5/2025,11:04:53,11/5/2025,11:06:03,short,25710.75,25722.39,STOP,-11.6352,-236.7,0,11.635204,11.025,17.0,17.452806,0.631704,0.410643,0.676906,0.252326,11.0
11/5/2025,11:06:29,11/5/2025,11:07:43,short,25712.75,25700.0,REVERSAL,12.75,251.0,1,11.95245,10.525,15.6,17.928675,0.587048,0.547122,0.754202,0.278168,11.0
11/5/2025,11:07:43,11/5/2025,11:13:27,long,25700.0,25688.02,STOP,-11.9791,-243.58,0,11.979131,10.7,16.4,17.968696,0.59548,0.527404,0.052973,0.289125,11.0
11/5/2025,11:13:27,11/5/2025,11:14:32,long,25685.75,25673.61,STOP,-12.1429,-246.86,0,12.142943,10.15,19.3,18.214415,0.557251,0.354385,-0.573737,0.349043,11.0
11/5/2025,11:24:09,11/5/2025,11:25:36,short,25705.75,25724.26,STOP,-18.5136,-374.27,0,18.513563,9.075,14.9,27.770345,0.326787,0.142057,0.956782,0.744351,11.0
11/5/2025,11:25:46,11/5/2025,11:29:05,short,25723.25,25741.69,STOP,-18.4441,-372.88,0,18.444088,6.625,9.7,27.666132,0.239462,0.509938,1.594298,0.763072,11.0
11/5/2025,12:04:24,11/5/2025,12:08:50,long,25763.5,25751.53,STOP,-11.9666,-243.33,0,11.966598,7.45,20.8,17.949897,0.415044,0.680711,0.120889,0.301444,12.0
11/5/2025,12:12:03,11/5/2025,12:20:17,long,25761.5,25776.99,TARGET,15.4866,305.73,1,10.324432,6.95,17.2,15.486648,0.448774,-0.058433,-0.149592,0.265553,12.0
11/5/2025,12:20:40,11/5/2025,12:27:30,short,25779.5,25789.91,STOP,-10.4101,-212.2,0,10.41011,6.4,28.6,15.615166,0.409858,0.216494,1.069318,0.27221,12.0
11/5/2025,12:28:00,11/5/2025,12:31:26,short,25788.75,25800.02,STOP,-11.2746,-229.49,0,11.274567,6.075,20.4,16.911851,0.359216,0.699383,1.53936,0.314219,12.0
11/5/2025,13:11:01,11/5/2025,13:14:05,long,25805.0,25817.4,TARGET,12.3993,243.99,1,8.266217,5.675,43.2,12.399326,0.457686,0.534967,-0.00164,0.185265,13.0
11/5/2025,13:14:05,11/5/2025,13:15:42,short,25818.5,25826.21,STOP,-7.7089,-158.18,0,7.708873,5.225,40.6,11.563309,0.45186,0.50273,1.061042,0.171712,13.0
11/5/2025,13:18:03,11/5/2025,13:25:44,short,25825.0,25814.99,TARGET,10.0135,196.27,1,6.675685,4.175,23.8,10.013528,0.416936,0.677576,1.497151,0.146058,13.0
11/5/2025,13:25:44,11/5/2025,13:28:14,long,25811.5,25820.86,TARGET,9.3564,183.13,1,6.237613,5.775,33.1,9.35642,0.617223,0.701271,-0.072601,0.13367,13.0
11/5/2025,13:28:35,11/5/2025,13:29:10,short,25821.0,25827.25,STOP,-6.2537,-129.07,0,6.253707,5.8,35.8,9.38056,0.6183,0.680324,0.960527,0.133899,13.0
11/5/2025,13:30:08,11/5/2025,13:32:21,short,25826.0,25832.51,STOP,-6.5053,-134.11,0,6.505292,5.65,33.6,9.757937,0.579016,0.746385,1.426681,0.138953,13.0
11/5/2025,14:07:13,11/5/2025,14:10:57,long,25833.0,25856.68,TARGET,23.6764,469.53,1,15.784249,4.55,28.9,23.676374,0.192175,0.59515,-0.14558,0.308991,14.0
11/5/2025,14:11:36,11/5/2025,14:17:56,long,25843.5,25860.19,TARGET,16.6906,329.81,1,11.127096,5.6,7.1,16.690645,0.335517,0.133228,-0.010166,0.23647,14.0
11/5/2025,14:17:56,11/5/2025,14:36:01,short,25857.0,25868.05,STOP,-11.0527,-225.05,0,11.052684,4.325,27.2,16.579026,0.260872,0.254339,0.808673,0.256778,14.0
11/5/2025,14:36:01,11/5/2025,14:55:07,short,25866.0,25876.56,STOP,-10.5631,-215.26,0,10.563055,4.675,32.8,15.844582,0.295054,0.859662,1.423028,0.265883,14.0
11/5/2025,15:05:37,11/5/2025,15:15:36,long,25855.0,25864.82,TARGET,9.8221,192.44,1,6.548089,4.575,24.6,9.822134,0.465785,0.735263,-0.238638,0.17845,15.0
11/5/2025,15:16:58,11/5/2025,15:17:50,long,25857.75,25851.77,STOP,-5.9771,-123.54,0,5.9771,4.175,33.1,8.96565,0.465666,0.323142,-0.035934,0.167252,15.0
11/5/2025,15:21:43,11/5/2025,15:23:45,long,25852.75,25846.4,STOP,-6.3456,-130.91,0,6.345614,3.675,28.5,9.518421,0.386093,0.066625,-0.497277,0.17943,15.0
11/6/2025,09:30:00,11/6/2025,09:35:18,long,25661.25,25624.28,STOP,-36.9656,-743.31,0,36.965601,7.1,11.4,55.448401,0.128047,0.00497,-0.626723,0.858332,9.0
11/6/2025,09:35:46,11/6/2025,09:38:24,long,25625.25,25655.5,REVERSAL,30.25,601.0,1,24.080933,7.35,5.2,36.1214,0.20348,0.030471,-0.560867,0.496789,9.0
11/6/2025,09:38:24,11/6/2025,09:40:02,short,25655.5,25637.5,REVERSAL,18.0,356.0,1,14.316412,7.3,7.7,21.474618,0.339936,0.258759,0.835745,0.286373,9.0
11/6/2025,09:40:02,11/6/2025,09:40:53,long,25637.5,25625.22,STOP,-12.2778,-249.56,0,12.277845,8.075,8.1,18.416767,0.438459,0.534678,0.018781,0.243817,9.0
11/6/2025,09:42:14,11/6/2025,09:45:35,long,25607.75,25637.53,TARGET,29.7774,591.55,1,19.851614,7.7,5.3,29.777421,0.258585,0.011755,-0.415711,0.36479,9.0
11/6/2025,09:45:40,11/6/2025,09:47:27,short,25639.75,25660.0,STOP,-20.2467,-408.93,0,20.246728,8.825,5.0,30.370092,0.290582,0.233688,0.990614,0.353607,9.0
11/6/2025,09:47:27,11/6/2025,09:50:31,short,25658.5,25626.46,TARGET,32.0394,636.79,1,21.359602,7.275,7.9,32.039404,0.227064,0.577217,1.487768,0.369057,9.0
11/6/2025,09:50:31,11/6/2025,09:51:08,long,25612.25,25590.07,STOP,-22.1753,-447.51,0,22.175326,9.6,5.0,33.262989,0.288609,0.867395,0.065358,0.379892,9.0
11/6/2025,09:51:08,11/6/2025,09:51:49,long,25591.75,25568.35,STOP,-23.3991,-471.98,0,23.399057,7.525,3.7,35.098586,0.214396,0.549356,-0.388141,0.392342,9.0
11/6/2025,10:10:10,11/6/2025,10:10:22,short,25466.0,25480.18,STOP,-14.1847,-287.69,0,14.184674,10.45,8.5,21.277011,0.49114,0.542675,1.357968,0.159391,10.0
11/6/2025,10:11:58,11/6/2025,10:12:48,short,25472.75,25445.72,TARGET,27.0308,536.62,1,18.020533,7.925,7.4,27.0308,0.293184,0.987668,1.278649,0.206588,10.0
11/6/2025,10:12:53,11/6/2025,10:15:01,long,25437.0,25419.11,STOP,-17.8928,-361.86,0,17.892766,9.0,5.5,26.839149,0.335331,0.83448,-0.121573,0.206361,10.0
11/6/2025,10:15:20,11/6/2025,10:16:10,long,25421.75,25450.69,TARGET,28.9397,574.79,1,19.293135,7.25,4.7,28.939703,0.250521,0.095957,-0.555384,0.223768,10.0
11/6/2025,10:16:41,11/6/2025,10:17:19,short,25460.75,25480.86,STOP,-20.1072,-406.14,0,20.107185,8.425,5.5,30.160778,0.279336,0.254653,0.866701,0.235497,10.0
11/6/2025,10:17:23,11/6/2025,10:18:50,short,25480.0,25500.5,STOP,-20.4961,-413.92,0,20.496128,8.15,6.3,30.744192,0.265091,0.452752,1.474168,0.24153,10.0
11/6/2025,10:30:12,11/6/2025,10:32:32,long,25502.75,25486.0,STOP,-16.7547,-339.09,0,16.754667,7.8,9.0,25.132001,0.310361,0.544015,0.066389,0.243739,10.0
11/6/2025,10:38:09,11/6/2025,10:48:09,long,25369.25,25315.55,STOP,-53.6983,-1077.97,0,53.698313,8.325,5.1,80.547469,0.103355,-0.119711,-0.53768,0.862183,10.0
11/6/2025,10:50:04,11/6/2025,10:50:19,short,25353.25,25332.63,TARGET,20.6196,408.39,1,13.746426,8.95,7.5,20.619639,0.434052,0.15746,1.021954,0.219022,10.0
11/6/2025,10:50:19,11/6/2025,10:51:28,long,25331.0,25351.72,TARGET,20.7246,410.49,1,13.81643,9.125,5.8,20.724646,0.440297,0.245811,-0.05007,0.219591,10.0
11/6/2025,10:51:28,11/6/2025,10:51:46,short,25347.25,25361.09,STOP,-13.8385,-280.77,0,13.83853,10.5,7.4,20.757794,0.505834,0.303879,0.777486,0.217133,10.0
11/6/2025,10:51:46,11/6/2025,10:52:14,short,25352.75,25332.24,TARGET,20.5065,406.13,1,13.671005,9.275,7.7,20.506507,0.452295,0.403315,1.055799,0.214075,10.0
11/6/2025,10:52:14,11/6/2025,10:53:30,long,25328.5,25314.73,STOP,-13.7661,-279.32,0,13.766148,8.225,6.0,20.649221,0.39832,0.419362,-0.11104,0.21383,10.0
11/6/2025,10:54:07,11/6/2025,10:54:42,long,25315.75,25336.38,TARGET,20.6262,408.52,1,13.750777,8.7,5.8,20.626166,0.421794,0.210422,-0.422251,0.205711,10.0
11/6/2025,10:54:59,11/6/2025,10:56:12,short,25344.75,25325.13,TARGET,19.6206,388.41,1,13.080391,9.075,7.6,19.620586,0.462524,0.305008,1.069682,0.19362,10.0
11/6/2025,10:56:12,11/6/2025,10:56:32,long,25319.0,25305.56,STOP,-13.4437,-272.87,0,13.443712,12.525,7.3,20.165568,0.621108,0.421529,-0.291448,0.196122,10.0
11/6/2025,10:56:49,11/6/2025,10:59:32,long,25312.5,25297.95,STOP,-14.5466,-294.93,0,14.546585,9.775,6.8,21.819877,0.447986,0.288822,-0.442948,0.208959,10.0
11/6/2025,11:01:03,11/6/2025,11:05:06,short,25341.0,25357.3,STOP,-16.3011,-330.02,0,16.301069,9.025,6.2,24.451603,0.369096,0.18427,1.151082,0.219871,11.0
11/6/2025,11:06:40,11/6/2025,11:07:37,short,25353.5,25324.11,TARGET,29.3891,583.78,1,19.592728,6.975,6.6,29.389092,0.237333,1.001234,1.357461,0.25911,11.0
11/6/2025,11:08:23,11/6/2025,11:10:25,short,25346.25,25317.45,TARGET,28.8043,572.09,1,19.202886,10.55,8.5,28.804329,0.366264,0.85283,1.028306,0.254543,11.0
11/6/2025,11:10:25,11/6/2025,11:14:02,long,25319.75,25347.0,REVERSAL,27.25,541.0,1,18.996927,11.0,11.3,28.49539,0.386027,0.789458,0.138363,0.25237,11.0
11/6/2025,11:14:02,11/6/2025,11:16:49,short,25347.0,25327.75,REVERSAL,19.25,381.0,1,17.718961,13.475,14.5,26.578441,0.50699,0.525503,1.054303,0.233644,11.0
11/6/2025,11:16:49,11/6/2025,11:18:52,long,25327.75,25313.67,STOP,-14.0827,-285.65,0,14.082705,12.175,9.8,21.124057,0.576357,0.497219,-0.000969,0.184775,11.0
11/6/2025,11:19:50,11/6/2025,11:20:54,long,25310.75,25335.24,TARGET,24.4892,485.78,1,16.326105,10.725,11.0,24.489158,0.437949,0.113151,-0.545871,0.212746,11.0
11/6/2025,11:21:01,11/6/2025,11:22:29,long,25322.5,25305.83,STOP,-16.6703,-337.41,0,16.670254,12.625,11.3,25.005381,0.504891,0.107921,-0.040984,0.218032,11.0
11/6/2025,11:23:27,11/6/2025,11:25:26,long,25300.5,25281.75,STOP,-18.7542,-379.08,0,18.754209,9.225,7.9,28.131313,0.327926,0.050028,-0.540833,0.248619,11.0
11/6/2025,11:29:38,11/6/2025,11:32:10,short,25335.0,25304.01,TARGET,30.9908,615.82,1,20.660545,8.225,12.8,30.990818,0.265401,0.203022,1.168746,0.299779,11.0
11/6/2025,11:33:36,11/6/2025,11:34:52,short,25316.5,25301.75,REVERSAL,14.75,291.0,1,18.098053,11.275,15.6,27.14708,0.41533,0.517931,0.700206,0.297519,11.0
11/6/2025,11:34:52,11/6/2025,11:35:06,long,25301.75,25285.5,STOP,-16.2469,-328.94,0,16.246894,10.625,17.5,24.370341,0.435981,0.549607,0.192967,0.275209,11.0
11/6/2025,11:35:06,11/6/2025,11:35:31,long,25287.0,25271.59,STOP,-15.4067,-312.13,0,15.40671,10.35,16.4,23.110065,0.447857,0.534177,-0.410318,0.26414,11.0
11/6/2025,11:52:14,11/6/2025,11:53:01,short,25266.5,25282.34,STOP,-15.8409,-320.82,0,15.840862,10.7,10.8,23.761293,0.450312,0.2708,1.031958,0.427785,11.0
11/6/2025,11:54:02,11/6/2025,11:54:41,short,25263.25,25276.69,STOP,-13.4445,-272.89,0,13.444481,9.1,8.7,20.166721,0.451238,0.69662,0.994999,0.366188,11.0
11/6/2025,11:55:11,11/6/2025,11:55:38,long,25246.25,25232.55,STOP,-13.7004,-278.01,0,13.700369,11.625,11.7,20.550554,0.565678,0.713436,0.142224,0.373016,11.0
11/6/2025,11:55:38,11/6/2025,11:56:40,long,25235.0,25221.12,STOP,-13.8821,-281.64,0,13.882065,10.225,11.1,20.823097,0.491041,0.634366,-0.356621,0.375533,11.0
11/6/2025,12:00:03,11/6/2025,12:00:50,short,25247.0,25264.91,STOP,-17.9119,-362.24,0,17.911913,11.05,11.3,26.867869,0.411272,0.209064,0.678745,0.437111,12.0
11/6/2025,12:00:50,11/6/2025,12:07:31,short,25268.5,25241.41,TARGET,27.0942,537.88,1,18.062809,11.45,7.3,27.094213,0.422599,0.353323,1.430365,0.443225,12.0
11/6/2025,12:08:36,11/6/2025,12:09:20,long,25233.75,25263.79,TARGET,30.0395,596.79,1,20.026348,10.475,12.8,30.039522,0.348707,0.61218,-0.010244,0.495294,12.0
11/6/2025,12:09:20,11/6/2025,12:10:12,short,25274.25,25294.45,STOP,-20.2015,-408.03,0,20.201482,11.125,12.4,30.302223,0.367135,0.642143,1.321804,0.500071,12.0
11/6/2025,12:12:19,11/6/2025,12:15:11,short,25287.0,25248.3,TARGET,38.7008,770.02,1,25.800537,8.525,9.8,38.700806,0.22028,1.028927,1.348949,0.647509,12.0
11/6/2025,12:16:30,11/6/2025,12:21:34,long,25247.75,25225.22,STOP,-22.5302,-454.6,0,22.5302,8.35,12.7,33.7953,0.247076,0.692578,0.100832,0.57288,12.0
11/6/2025,12:23:00,11/6/2025,12:23:48,long,25240.5,25220.01,STOP,-20.4869,-413.74,0,20.486869,9.05,12.5,30.730304,0.294498,0.080009,-0.224285,0.51872,12.0
11/6/2025,12:32:16,11/6/2025,12:38:41,short,25261.5,25283.02,STOP,-21.5235,-434.47,0,21.523473,10.6,12.7,32.285209,0.328324,0.310751,1.077741,0.519628,12.0
11/6/2025,12:39:15,11/6/2025,12:43:38,short,25270.5,25292.02,STOP,-21.5187,-434.37,0,21.518681,8.15,16.4,32.278021,0.252494,0.977793,1.321844,0.557777,12.0
11/6/2025,13:04:22,11/6/2025,13:05:07,long,25296.75,25272.28,STOP,-24.4737,-493.47,0,24.473722,7.85,13.5,36.710583,0.213835,0.708431,-0.136942,0.676112,13.0
11/6/2025,13:12:19,11/6/2025,13:24:03,long,25237.25,25291.0,REVERSAL,53.75,1071.0,1,42.267829,9.2,13.4,63.401744,0.145106,-0.117354,-0.523276,1.195812,13.0
11/6/2025,13:24:03,11/6/2025,13:25:55,short,25291.0,25321.78,STOP,-30.7836,-619.67,0,30.783568,9.05,20.4,46.175352,0.195992,0.352154,1.003353,0.889887,13.0
11/6/2025,13:33:35,11/6/2025,13:36:54,short,25328.25,25366.69,STOP,-38.4403,-772.81,0,38.440268,8.675,19.7,57.660402,0.15045,1.124043,1.367363,1.020142,13.0
11/6/2025,13:55:47,11/6/2025,13:56:25,long,25333.25,25319.76,STOP,-13.4926,-273.85,0,13.492619,10.3,22.9,20.238929,0.50892,0.565075,-0.200877,0.300531,13.0
11/6/2025,13:58:46,11/6/2025,14:01:26,long,25326.0,25347.44,TARGET,21.4351,424.7,1,14.290071,9.25,14.1,21.435106,0.431535,0.038596,-0.475153,0.323615,13.0
11/6/2025,14:01:56,11/6/2025,14:04:03,long,25334.25,25356.45,TARGET,22.1962,439.92,1,14.797482,9.575,17.1,22.196223,0.43138,0.053685,-0.038605,0.33332,14.0
11/6/2025,14:04:03,11/6/2025,14:05:08,short,25360.0,25375.05,STOP,-15.045,-304.9,0,15.045018,10.75,14.3,22.567527,0.476348,0.138775,1.127783,0.336867,14.0
11/6/2025,14:08:03,11/6/2025,14:25:20,short,25381.0,25404.87,STOP,-23.87,-481.4,0,23.869951,7.6,10.2,35.804927,0.212261,0.968584,1.312528,0.495646,14.0
11/6/2025,14:41:46,11/6/2025,14:49:08,long,25390.5,25370.66,STOP,-19.8405,-400.81,0,19.840467,5.825,9.7,29.7607,0.195728,0.724919,-0.031658,0.364948,14.0
11/7/2025,09:30:05,11/7/2025,09:30:38,long,25085.0,25069.21,STOP,-15.7929,-319.86,0,15.792854,9.1,9.0,23.68928,0.38414,0.497662,-0.131298,0.184373,9.0
11/7/2025,09:31:15,11/7/2025,09:35:12,long,25065.25,25043.99,STOP,-21.2635,-429.27,0,21.263543,8.275,3.2,31.895315,0.259442,-0.013797,-0.466129,0.240376,9.0
11/7/2025,09:43:17,11/7/2025,09:46:45,short,24979.0,24942.3,TARGET,36.7015,730.03,1,24.467679,10.325,5.5,36.701519,0.281324,0.414927,1.063805,0.253482,9.0
11/7/2025,09:46:45,11/7/2025,09:48:28,long,24940.75,24969.85,TARGET,29.1027,578.05,1,19.401804,11.925,7.4,29.102706,0.409756,0.961257,-0.036033,0.225081,9.0
11/7/2025,09:48:28,11/7/2025,09:48:47,short,24973.5,24993.08,STOP,-19.5783,-395.57,0,19.578281,10.975,7.5,29.367421,0.373713,0.685038,1.092238,0.236657,9.0
11/7/2025,09:48:53,11/7/2025,09:49:31,short,24991.0,24960.63,TARGET,30.365,603.3,1,20.243351,9.65,5.5,30.365027,0.3178,0.753319,1.56817,0.250086,9.0
11/7/2025,09:49:38,11/7/2025,09:50:00,long,24949.75,24930.6,STOP,-19.1538,-387.08,0,19.153802,9.675,6.1,28.730704,0.336748,0.704985,0.085461,0.240777,9.0
11/7/2025,09:50:00,11/7/2025,09:51:33,long,24945.5,24973.21,TARGET,27.7129,550.26,1,18.475294,11.2,6.7,27.71294,0.404143,0.585314,-0.099179,0.232717,9.0
11/7/2025,09:51:33,11/7/2025,09:52:37,short,24977.5,24995.02,STOP,-17.5228,-354.46,0,17.522751,13.1,8.5,26.284127,0.4984,0.391044,1.032356,0.226865,9.0
11/7/2025,09:53:35,11/7/2025,09:55:42,short,24992.75,25012.22,STOP,-19.4685,-393.37,0,19.46854,12.025,6.6,29.202811,0.411775,0.719539,1.275353,0.260183,9.0
11/7/2025,10:00:41,11/7/2025,10:04:25,long,24967.0,24939.98,STOP,-27.0221,-544.44,0,27.022091,14.525,6.5,40.533136,0.358349,0.795553,-0.078786,0.386808,10.0
11/7/2025,10:05:02,11/7/2025,10:06:06,long,24956.75,24930.15,STOP,-26.6003,-536.01,0,26.600341,10.475,8.6,39.900511,0.262528,-0.038182,-0.330127,0.418783,10.0
11/7/2025,10:09:43,11/7/2025,10:10:25,short,24960.5,24991.12,STOP,-30.6244,-616.49,0,30.624385,9.85,5.2,45.936578,0.214426,0.218002,1.005153,0.470886,10.0
11/7/2025,10:10:36,11/7/2025,10:11:15,short,24983.25,25014.58,STOP,-31.3343,-630.69,0,31.334303,11.125,3.8,47.001455,0.236695,0.696075,1.466832,0.4933,10.0
11/7/2025,10:22:06,11/7/2025,10:22:24,long,25006.0,25022.25,REVERSAL,16.25,321.0,1,12.551768,11.3,5.6,18.827652,0.600181,0.462859,0.179992,0.29684,10.0
11/7/2025,10:22:24,11/7/2025,10:22:45,short,25022.25,25034.8,STOP,-12.5473,-254.95,0,12.547309,11.075,6.2,18.820964,0.58844,0.473266,1.031588,0.298521,10.0
11/7/2025,10:22:55,11/7/2025,10:23:15,short,25023.75,25004.6,TARGET,19.149,378.98,1,12.765993,10.75,7.8,19.148989,0.561387,0.537873,1.080579,0.306129,10.0
11/7/2025,10:23:15,11/7/2025,10:23:26,long,25000.75,24988.04,STOP,-12.7114,-258.23,0,12.711431,10.825,8.3,19.067146,0.56773,0.509197,-0.131322,0.30699,10.0
11/7/2025,10:25:46,11/7/2025,10:26:29,long,24985.5,25017.67,TARGET,32.1668,639.34,1,21.444556,10.475,7.5,32.166834,0.325646,-0.025414,-0.126266,0.580083,10.0
11/7/2025,10:26:29,11/7/2025,10:28:13,short,25021.25,24989.4,TARGET,31.8548,633.1,1,21.236557,11.175,5.6,31.854836,0.35081,0.142154,1.018681,0.591913,10.0
11/7/2025,10:28:38,11/7/2025,10:29:44,long,24983.5,24965.28,STOP,-18.2169,-368.34,0,18.216897,13.425,10.1,27.325345,0.491302,0.395421,-0.135216,0.517917,10.0
11/7/2025,10:30:11,11/7/2025,10:31:07,long,24973.5,24954.07,STOP,-19.4291,-392.58,0,19.429124,10.425,6.9,29.143686,0.35771,0.251675,-0.283274,0.554739,10.0
11/7/2025,11:19:52,11/7/2025,11:23:17,short,24818.75,24839.49,STOP,-20.7351,-418.7,0,20.735124,7.275,8.6,31.102685,0.233903,0.282253,0.876816,0.262356,11.0
11/7/2025,11:23:47,11/7/2025,11:26:35,short,24827.25,24800.61,TARGET,26.6356,528.71,1,17.757043,10.45,13.0,26.635564,0.392333,0.940163,1.338447,0.219069,11.0
11/7/2025,11:29:15,11/7/2025,11:34:27,long,24794.0,24819.9,TARGET,25.9032,514.06,1,17.268769,7.8,15.1,25.903153,0.301122,0.703191,0.091845,0.211482,11.0
11/7/2025,11:34:27,11/7/2025,11:35:36,short,24816.5,24796.25,REVERSAL,20.25,401.0,1,16.172528,10.8,17.1,24.258791,0.445199,0.409357,0.926237,0.199207,11.0
11/7/2025,11:35:36,11/7/2025,11:38:39,long,24796.25,24781.7,STOP,-14.5452,-294.9,0,14.545215,9.4,10.9,21.817822,0.43084,0.355652,-0.058488,0.180908,11.0
11/7/2025,11:40:49,11/7/2025,11:41:41,long,24775.0,24756.66,STOP,-18.3366,-370.73,0,18.336633,6.475,12.3,27.50495,0.235412,-0.069682,-0.579897,0.235501,11.0
11/7/2025,11:51:23,11/7/2025,11:54:04,short,24798.25,24775.39,TARGET,22.8645,453.29,1,15.243006,9.925,18.8,22.864508,0.434079,0.260199,1.01007,0.215777,11.0
11/7/2025,11:54:04,11/7/2025,11:55:41,long,24774.75,24759.57,STOP,-15.1789,-307.58,0,15.178937,10.1,15.1,22.768405,0.443597,0.483392,-0.004098,0.221563,11.0
11/7/2025,11:55:41,11/7/2025,11:56:56,long,24758.75,24743.38,STOP,-15.3661,-311.32,0,15.366054,8.3,15.0,23.049081,0.360101,0.382714,-0.590065,0.226845,11.0
11/7/2025,12:13:52,11/7/2025,12:16:34,short,24768.0,24792.46,STOP,-24.4555,-493.11,0,24.455486,7.3,13.7,36.683228,0.199001,0.278065,1.026535,0.452825,12.0
11/7/2025,12:20:08,11/7/2025,12:20:56,short,24784.75,24809.52,STOP,-24.7737,-499.47,0,24.773683,8.7,15.5,37.160524,0.234119,1.091631,1.447174,0.536028,12.0
11/7/2025,12:38:47,11/7/2025,12:47:59,long,24812.75,24791.29,STOP,-21.4607,-433.21,0,21.460723,10.575,19.0,32.191084,0.328507,0.742004,-0.019631,0.579383,12.0
11/10/2025,09:30:04,11/10/2025,09:30:09,short,25541.0,25527.5,TARGET,13.4979,265.96,1,8.998573,6.85,10.3,13.49786,0.507488,0.524286,0.69392,0.080928,9.0
11/10/2025,09:30:09,11/10/2025,09:30:18,long,25527.5,25540.52,TARGET,13.0205,256.41,1,8.680307,6.575,5.8,13.02046,0.504974,0.454171,-0.355961,0.079059,9.0
11/10/2025,09:30:25,11/10/2025,09:30:44,short,25548.5,25557.12,STOP,-8.6237,-176.47,0,8.62371,7.975,2.0,12.935565,0.616517,0.493978,1.189765,0.081404,9.0
11/10/2025,09:31:51,11/10/2025,09:32:00,short,25566.5,25581.02,STOP,-14.5167,-294.33,0,14.516682,7.875,4.3,21.775024,0.361653,1.04205,1.411939,0.158652,9.0
11/10/2025,09:48:43,11/10/2025,09:49:04,long,25615.25,25627.75,REVERSAL,12.5,246.0,1,12.860456,6.125,7.5,19.290683,0.317511,0.814728,0.158773,0.249432,9.0
11/10/2025,09:49:04,11/10/2025,09:49:37,short,25627.75,25616.75,REVERSAL,11.0,216.0,1,11.806324,6.675,6.9,17.709485,0.376917,0.779643,0.775841,0.230401,9.0
11/10/2025,09:49:37,11/10/2025,09:50:09,long,25616.75,25605.96,STOP,-10.7911,-219.82,0,10.791126,6.35,7.0,16.186689,0.392298,0.679722,0.070017,0.211784,9.0
11/10/2025,09:51:17,11/10/2025,09:52:46,long,25607.25,25594.34,STOP,-12.9063,-262.13,0,12.906321,5.675,6.1,19.359482,0.293138,0.055428,-0.278688,0.260364,9.0
11/10/2025,09:57:15,11/10/2025,09:58:46,short,25633.5,25648.61,STOP,-15.113,-306.26,0,15.112986,7.575,9.8,22.669479,0.33415,0.269065,1.154184,0.326462,9.0
11/10/2025,09:59:45,11/10/2025,10:10:41,short,25638.25,25655.9,STOP,-17.6526,-357.05,0,17.652587,6.15,8.6,26.47888,0.232261,0.854103,1.168741,0.382391,9.0
11/10/2025,10:14:17,11/10/2025,10:14:48,long,25631.5,25621.47,STOP,-10.0336,-204.67,0,10.033631,7.6,13.1,15.050446,0.504968,0.731809,-0.061445,0.234862,10.0
11/10/2025,10:15:05,11/10/2025,10:16:40,long,25627.75,25641.38,TARGET,13.6255,268.51,1,9.083698,6.925,10.9,13.625547,0.508236,0.453677,-0.430788,0.212894,10.0
11/10/2025,10:18:06,11/10/2025,10:18:23,long,25641.25,25636.0,REVERSAL,-5.25,-109.0,0,8.882509,7.675,15.3,13.323764,0.576038,0.432234,0.6047,0.208321,10.0
11/10/2025,10:18:23,11/10/2025,10:18:36,short,25636.0,25630.75,REVERSAL,5.25,101.0,1,8.795267,7.675,16.1,13.1929,0.581752,0.435483,0.220494,0.206382,10.0
11/10/2025,10:18:36,11/10/2025,10:19:18,long,25630.75,25622.03,STOP,-8.7208,-178.42,0,8.720836,7.8,15.7,13.081254,0.596273,0.428464,-0.165456,0.204791,10.0
11/10/2025,10:21:03,11/10/2025,10:24:59,short,25649.0,25658.63,STOP,-9.6289,-196.58,0,9.628928,7.475,10.5,14.443392,0.517538,0.303658,1.265056,0.233894,10.0
11/10/2025,10:25:57,11/10/2025,10:26:14,short,25651.5,25662.52,STOP,-11.0208,-224.42,0,11.020759,5.725,11.1,16.531138,0.346316,0.746044,1.039739,0.274136,10.0
11/10/2025,10:37:26,11/10/2025,10:38:46,long,25641.0,25629.91,STOP,-11.0892,-225.78,0,11.089212,6.45,13.3,16.633818,0.387764,0.685453,0.161683,0.302211,10.0
11/10/2025,10:38:46,11/10/2025,10:41:50,long,25629.0,25617.98,STOP,-11.0177,-224.35,0,11.017678,6.475,12.4,16.526516,0.391795,0.529629,-0.576301,0.305954,10.0
11/10/2025,11:08:28,11/10/2025,11:12:14,short,25519.75,25536.63,STOP,-16.876,-341.52,0,16.876032,6.2,7.1,25.314049,0.244923,0.24822,0.905407,0.313806,11.0
11/10/2025,11:12:42,11/10/2025,11:13:07,short,25530.25,25508.44,TARGET,21.813,432.26,1,14.542004,5.575,8.9,21.813005,0.255581,0.992742,1.530234,0.258633,11.0
11/10/2025,11:14:00,11/10/2025,11:16:42,short,25520.25,25506.0,REVERSAL,14.25,281.0,1,14.510099,7.75,8.4,21.765149,0.356074,0.885317,1.018949,0.253819,11.0
11/10/2025,11:16:42,11/10/2025,11:19:32,long,25506.0,25523.25,REVERSAL,17.25,341.0,1,14.519098,8.075,11.3,21.778648,0.370776,0.718197,0.331831,0.247765,11.0
11/10/2025,11:19:32,11/10/2025,11:21:19,short,25523.25,25501.32,TARGET,21.9269,434.54,1,14.617962,7.9,14.6,21.926943,0.360287,0.599056,1.147263,0.244113,11.0
11/10/2025,11:21:19,11/10/2025,11:22:30,long,25497.75,25484.19,STOP,-13.5595,-275.19,0,13.559456,8.425,13.3,20.339184,0.414225,0.550635,-0.14801,0.224438,11.0
11/10/2025,11:23:22,11/10/2025,11:32:06,long,25494.25,25513.14,TARGET,18.887,373.74,1,12.591335,6.775,9.4,18.887003,0.358712,0.029765,-0.411341,0.204244,11.0
11/10/2025,11:32:06,11/10/2025,11:34:30,short,25513.0,25494.06,TARGET,18.9381,374.76,1,12.62539,9.075,12.3,18.938085,0.479193,0.257812,1.056814,0.199838,11.0
11/10/2025,11:34:45,11/10/2025,11:35:30,long,25496.0,25485.31,STOP,-10.6858,-217.72,0,10.685826,7.75,13.9,16.028739,0.483507,0.515333,0.211456,0.170233,11.0
11/10/2025,11:35:30,11/10/2025,11:40:24,long,25483.5,25472.75,STOP,-10.7474,-218.95,0,10.747396,8.65,14.5,16.121094,0.536564,0.475664,-0.528776,0.171282,11.0
11/10/2025,11:50:13,11/10/2025,11:50:44,short,25497.25,25476.58,TARGET,20.6669,409.34,1,13.777916,7.15,15.4,20.666874,0.345964,0.266523,1.076043,0.228188,11.0
11/10/2025,11:50:44,11/10/2025,11:56:03,long,25474.5,25485.0,REVERSAL,10.5,206.0,1,13.789192,7.175,12.6,20.683788,0.34689,0.294426,-0.013325,0.230345,11.0
11/10/2025,11:56:03,11/10/2025,11:56:32,short,25485.0,25494.55,STOP,-9.5497,-194.99,0,9.549676,8.25,19.7,14.324515,0.575936,0.402885,0.889717,0.169013,11.0
11/10/2025,12:05:02,11/10/2025,12:15:00,short,25550.5,25511.0,REVERSAL,39.5,786.0,1,29.211087,4.6,9.6,43.816631,0.104983,1.124327,1.614931,0.680319,12.0
11/10/2025,12:15:00,11/10/2025,12:22:30,long,25511.0,25550.96,TARGET,39.9637,795.27,1,26.642466,8.325,15.8,39.963698,0.208314,0.658839,-0.004333,0.848592,12.0
11/10/2025,12:22:49,11/10/2025,12:24:05,short,25548.5,25528.5,REVERSAL,20.0,396.0,1,14.87662,7.45,22.5,22.31493,0.333857,0.330919,0.817388,0.559856,12.0
11/10/2025,12:24:05,11/10/2025,12:27:09,long,25528.5,25550.04,TARGET,21.5413,426.83,1,14.360845,8.15,19.2,21.541267,0.378344,0.305211,-0.137265,0.545987,12.0
11/10/2025,12:27:24,11/10/2025,12:28:04,short,25551.75,25565.65,STOP,-13.8956,-281.91,0,13.895561,7.85,19.9,20.843342,0.376619,0.326179,0.893291,0.533025,12.0
11/10/2025,12:28:04,11/10/2025,12:36:30,short,25563.5,25577.6,STOP,-14.1042,-286.08,0,14.104177,7.375,20.9,21.156266,0.348596,0.405276,1.40316,0.538217,12.0
11/10/2025,13:28:12,11/10/2025,13:31:26,long,25634.75,25646.63,TARGET,11.8844,233.69,1,7.922948,5.225,35.3,11.884422,0.439651,0.754509,-0.184089,0.130845,13.0
11/10/2025,13:31:26,11/10/2025,13:31:45,short,25645.75,25652.26,STOP,-6.5127,-134.25,0,6.512728,5.275,18.0,9.769092,0.539968,0.438845,0.681695,0.105502,13.0
11/10/2025,13:31:45,11/10/2025,13:32:56,short,25652.75,25659.2,STOP,-6.4535,-133.07,0,6.453451,5.3,18.1,9.680176,0.547511,0.454559,1.384798,0.104327,13.0
11/10/2025,13:59:06,11/10/2025,14:05:56,long,25648.25,25667.32,TARGET,19.072,377.44,1,12.714692,5.225,21.4,19.072038,0.273961,0.769939,-0.06575,0.185347,13.0
11/10/2025,14:06:10,11/10/2025,14:10:49,short,25671.75,25654.05,TARGET,17.6975,349.95,1,11.79835,6.125,24.4,17.697525,0.346094,0.494271,1.118307,0.171147,14.0
11/10/2025,14:10:49,11/10/2025,14:10:56,long,25653.5,25667.0,TARGET,13.4982,265.96,1,8.998797,4.775,27.9,13.498196,0.353751,0.443981,-0.279363,0.130812,14.0
11/10/2025,14:11:06,11/10/2025,14:14:41,short,25672.5,25659.84,TARGET,12.6621,249.24,1,8.441417,5.9,20.4,12.662126,0.465957,0.41577,1.114826,0.122976,14.0
11/10/2025,14:15:05,11/10/2025,14:16:07,long,25658.5,25670.99,TARGET,12.492,245.84,1,8.327971,5.375,25.3,12.491956,0.430277,0.408783,-0.045951,0.122174,14.0
11/10/2025,14:16:07,11/10/2025,14:25:47,short,25673.0,25681.23,STOP,-8.2275,-168.55,0,8.227453,5.65,30.1,12.341179,0.457817,0.413622,1.100024,0.121068,14.0
11/10/2025,14:29:49,11/10/2025,14:41:14,short,25685.25,25696.92,STOP,-11.6659,-237.32,0,11.665904,3.625,17.1,17.498856,0.207156,0.970229,1.401916,0.180058,14.0
11/10/2025,15:17:46,11/10/2025,15:19:41,long,25703.0,25714.13,TARGET,11.1278,218.56,1,7.418546,4.05,13.9,11.127818,0.363953,0.791396,-0.13512,0.142901,15.0
11/10/2025,15:21:27,11/10/2025,15:22:03,long,25706.25,25699.74,STOP,-6.5067,-134.13,0,6.506697,4.9,22.1,9.760045,0.502047,0.62958,-0.010244,0.131846,15.0
11/10/2025,15:22:56,11/10/2025,15:25:09,long,25702.25,25711.95,TARGET,9.7039,190.08,1,6.469252,4.475,22.0,9.703878,0.461156,0.41013,-0.426949,0.134713,15.0
11/10/2025,15:25:09,11/10/2025,15:25:20,long,25713.25,25717.25,REVERSAL,4.0,76.0,1,6.199139,5.2,18.6,9.298708,0.559217,0.27512,0.687392,0.13363,15.0
11/10/2025,15:25:20,11/10/2025,15:29:31,short,25717.25,25707.92,TARGET,9.3329,182.66,1,6.221959,5.45,18.3,9.332939,0.583953,0.300557,1.10699,0.134731,15.0
11/10/2025,15:29:31,11/10/2025,15:30:17,long,25706.0,25699.54,STOP,-6.4642,-133.28,0,6.464195,4.65,23.8,9.696293,0.479565,0.469693,-0.109253,0.149294,15.0
11/10/2025,15:30:36,11/10/2025,15:34:43,long,25703.75,25713.96,TARGET,10.213,200.26,1,6.808642,5.4,17.4,10.212962,0.52874,0.348186,-0.251986,0.162657,15.0
11/10/2025,15:34:46,11/10/2025,15:36:17,long,25706.5,25716.61,TARGET,10.1061,198.12,1,6.737382,5.025,22.8,10.106073,0.497226,0.225491,0.010938,0.172432,15.0
11/10/2025,15:36:17,11/10/2025,15:37:05,short,25718.0,25724.8,STOP,-6.8017,-140.03,0,6.801726,5.3,21.2,10.202589,0.519476,0.277264,1.127782,0.179168,15.0
11/10/2025,15:40:02,11/10/2025,15:42:50,short,25727.75,25737.27,STOP,-9.5216,-194.43,0,9.521608,3.375,14.5,14.282412,0.236305,0.841885,1.428765,0.270664,15.0
11/11/2025,09:30:19,11/11/2025,09:30:43,short,25612.75,25624.65,STOP,-11.8963,-241.93,0,11.896345,7.525,8.1,17.844518,0.421698,0.71421,1.13689,0.214186,9.0
11/11/2025,09:30:48,11/11/2025,09:32:43,short,25618.75,25631.09,STOP,-12.3389,-250.78,0,12.338926,6.55,3.6,18.508389,0.353894,0.789522,1.325572,0.221785,9.0
11/11/2025,09:34:28,11/11/2025,09:34:46,long,25605.75,25619.75,REVERSAL,14.0,276.0,1,11.723304,7.65,8.3,17.584956,0.435031,0.898202,0.257179,0.211698,9.0
11/11/2025,09:34:46,11/11/2025,09:36:58,short,25619.75,25631.51,STOP,-11.7589,-239.18,0,11.758948,7.275,7.8,17.638421,0.412452,0.874498,1.036896,0.212282,9.0
11/11/2025,09:37:30,11/11/2025,09:37:48,short,25628.0,25610.6,TARGET,17.3974,343.95,1,11.598237,6.325,5.8,17.397355,0.363561,0.933889,1.130556,0.211171,9.0
11/11/2025,09:37:48,11/11/2025,09:38:38,long,25608.75,25624.51,TARGET,15.7601,311.2,1,10.506751,6.5,4.5,15.760127,0.412433,0.841645,-0.086448,0.191557,9.0
11/11/2025,09:38:38,11/11/2025,09:40:00,short,25624.0,25611.5,REVERSAL,12.5,246.0,1,10.184561,8.525,6.3,15.276841,0.558034,0.693719,0.870823,0.186073,9.0
11/11/2025,09:40:00,11/11/2025,09:40:27,long,25611.5,25601.32,STOP,-10.1782,-207.56,0,10.178181,8.175,11.6,15.267272,0.535459,0.660654,0.061317,0.186477,9.0
11/11/2025,09:40:31,11/11/2025,09:41:13,long,25606.5,25622.22,TARGET,15.7246,310.49,1,10.483059,7.45,8.8,15.724588,0.47378,0.458811,-0.227205,0.192875,9.0
11/11/2025,09:41:31,11/11/2025,09:42:20,long,25606.0,25596.0,STOP,-9.9992,-203.98,0,9.99923,8.15,6.9,14.998845,0.543375,0.347382,-0.334731,0.185814,9.0
11/11/2025,09:43:05,11/11/2025,09:45:04,long,25600.5,25617.25,TARGET,16.7512,331.02,1,11.167457,7.25,8.6,16.751186,0.432805,0.06149,-0.516047,0.210745,9.0
11/11/2025,09:46:02,11/11/2025,09:49:18,long,25610.5,25598.95,STOP,-11.5496,-234.99,0,11.549587,7.15,12.2,17.324381,0.412713,0.129398,0.134186,0.224048,9.0
11/11/2025,09:49:18,11/11/2025,09:49:31,long,25596.5,25585.36,STOP,-11.1353,-226.71,0,11.135258,8.425,15.0,16.702887,0.504404,0.248819,-0.586339,0.220906,9.0
11/11/2025,09:56:16,11/11/2025,09:57:09,short,25607.5,25625.62,STOP,-18.1201,-366.4,0,18.120137,7.475,7.2,27.180206,0.275016,0.186539,1.098781,0.435196,9.0
11/11/2025,09:57:10,11/11/2025,10:05:23,short,25621.75,25594.11,TARGET,27.6369,548.74,1,18.424579,5.65,5.4,27.636869,0.204437,0.552497,1.593738,0.475807,9.0
11/11/2025,10:05:44,11/11/2025,10:06:38,long,25582.5,25561.3,STOP,-21.1951,-427.9,0,21.195079,7.725,10.1,31.792618,0.242981,0.723023,-0.018281,0.800682,10.0
11/11/2025,10:07:51,11/11/2025,10:20:04,long,25559.75,25534.39,STOP,-25.3568,-511.14,0,25.356831,8.9,6.2,38.035246,0.233993,0.006905,-0.463514,1.01364,10.0
11/11/2025,10:25:18,11/11/2025,10:26:32,short,25574.25,25554.55,TARGET,19.7004,390.01,1,13.133625,8.85,15.7,19.700438,0.449229,0.326754,1.049607,0.534921,10.0
11/11/2025,10:26:32,11/11/2025,10:28:47,long,25546.25,25533.19,STOP,-13.0601,-265.2,0,13.060116,7.525,13.1,19.590173,0.384121,0.331714,-0.421508,0.531692,10.0
11/11/2025,10:28:50,11/11/2025,10:30:11,long,25547.25,25533.27,STOP,-13.9814,-283.63,0,13.981447,7.875,11.1,20.972171,0.375498,0.200467,-0.199618,0.553319,10.0
11/11/2025,10:41:49,11/11/2025,10:46:23,short,25547.5,25519.05,TARGET,28.4513,565.03,1,18.967546,6.725,9.9,28.45132,0.236369,0.226616,1.066142,0.538258,10.0
11/11/2025,10:46:37,11/11/2025,10:51:21,long,25512.75,25499.52,STOP,-13.2321,-268.64,0,13.23214,7.95,13.4,19.84821,0.40054,0.639925,-0.176887,0.365904,10.0
11/11/2025,10:51:47,11/11/2025,10:55:17,long,25502.75,25490.46,STOP,-12.2939,-249.88,0,12.293927,7.1,11.9,18.440891,0.385014,0.33574,-0.38987,0.320149,10.0
11/11/2025,11:01:46,11/11/2025,11:18:54,short,25528.25,25543.74,STOP,-15.4863,-313.73,0,15.486292,7.95,15.1,23.229437,0.342238,0.290521,1.044352,0.386101,11.0
11/11/2025,11:25:13,11/11/2025,11:27:05,short,25577.25,25541.05,TARGET,36.2046,720.09,1,24.136374,4.525,8.5,36.204562,0.124984,1.118751,1.445116,0.699404,11.0
11/11/2025,11:27:25,11/11/2025,11:29:22,long,25532.0,25509.11,STOP,-22.8884,-461.77,0,22.888435,6.5,9.5,34.332653,0.189324,0.807555,0.032879,0.667017,11.0
11/11/2025,11:30:54,11/11/2025,11:43:04,long,25497.75,25531.0,REVERSAL,33.25,661.0,1,29.703668,5.85,3.2,44.555501,0.131297,-0.047365,-0.517214,0.918053,11.0
11/11/2025,11:43:04,11/11/2025,11:57:41,short,25531.0,25514.75,REVERSAL,16.25,321.0,1,19.652932,7.85,15.0,29.479398,0.266288,0.481125,0.903502,0.774575,11.0
11/11/2025,11:57:41,11/11/2025,11:59:41,long,25514.75,25505.14,STOP,-9.6148,-196.3,0,9.614792,8.0,18.6,14.422187,0.554701,0.772229,0.213116,0.429922,11.0
11/11/2025,12:00:05,11/11/2025,12:00:20,long,25521.0,25528.0,REVERSAL,7.0,136.0,1,8.301242,7.525,22.4,12.451864,0.604327,0.56503,0.602394,0.37533,12.0
11/11/2025,12:00:20,11/11/2025,12:01:37,short,25528.0,25536.21,STOP,-8.2127,-168.25,0,8.212696,7.725,22.0,12.319043,0.627078,0.571028,1.153257,0.371813,12.0
11/11/2025,12:02:16,11/11/2025,12:02:44,short,25522.25,25524.75,REVERSAL,-2.5,-54.0,0,7.490901,7.7,19.0,11.236352,0.685276,0.614125,0.551618,0.343589,12.0
11/11/2025,12:02:44,11/11/2025,12:03:05,long,25524.75,25530.0,REVERSAL,5.25,101.0,1,7.340478,7.075,15.9,11.010717,0.642556,0.598945,0.759066,0.337424,12.0
11/11/2025,12:03:05,11/11/2025,12:04:48,short,25530.0,25537.38,STOP,-7.384,-151.68,0,7.383967,6.9,16.5,11.075951,0.622971,0.615067,1.223414,0.340002,12.0
11/11/2025,12:08:25,11/11/2025,12:15:13,short,25551.75,25568.98,STOP,-17.2271,-348.54,0,17.227111,6.6,11.7,25.840667,0.255411,1.065483,1.30116,0.779708,12.0
11/11/2025,12:27:55,11/11/2025,12:38:00,long,25556.0,25579.25,REVERSAL,23.25,461.0,1,17.648761,6.85,13.4,26.473141,0.258753,0.72447,0.269578,0.697784,12.0
11/11/2025,12:38:00,11/11/2025,12:48:13,short,25579.25,25590.78,STOP,-11.5303,-234.61,0,11.530309,8.425,35.4,17.295463,0.487122,0.514545,1.114901,0.443963,12.0
11/11/2025,12:50:19,11/11/2025,12:52:21,short,25591.5,25602.77,STOP,-11.2673,-229.35,0,11.267265,5.825,23.2,16.900897,0.344656,0.741937,1.526573,0.406763,12.0
11/11/2025,13:27:31,11/11/2025,13:28:39,long,25628.0,25649.24,TARGET,21.2419,420.84,1,14.161291,7.675,14.9,21.241936,0.361314,0.752709,0.054655,0.309654,13.0
11/11/2025,13:28:39,11/11/2025,13:34:11,short,25648.5,25632.5,REVERSAL,16.0,316.0,1,14.037117,8.125,16.0,21.055675,0.385882,0.728675,0.991079,0.305056,13.0
11/11/2025,13:34:11,11/11/2025,13:36:25,long,25632.5,25619.64,STOP,-12.8574,-261.15,0,12.857429,8.775,23.7,19.286143,0.45499,0.615662,0.051232,0.271805,13.0
11/11/2025,13:37:18,11/11/2025,13:41:07,long,25631.5,25652.06,TARGET,20.5581,407.16,1,13.705409,7.775,16.3,20.558113,0.378196,0.244292,0.064892,0.289295,13.0
11/11/2025,13:41:07,11/11/2025,13:45:13,short,25649.5,25663.26,STOP,-13.7636,-279.27,0,13.76362,7.425,18.4,20.645429,0.359644,0.200911,0.928424,0.285825,13.0
11/11/2025,13:45:13,11/11/2025,13:52:35,short,25663.5,25677.57,STOP,-14.0701,-285.4,0,14.070124,7.05,21.5,21.105187,0.334041,0.47012,1.437684,0.282406,13.0
11/11/2025,14:07:22,11/11/2025,14:15:50,long,25645.5,25673.33,TARGET,27.8312,552.62,1,18.554166,7.65,30.0,27.831249,0.274871,0.747544,-0.096182,0.337467,14.0
11/11/2025,14:16:20,11/11/2025,14:18:10,short,25678.25,25660.75,TARGET,17.5019,346.04,1,11.66795,7.5,25.3,17.501926,0.428524,0.324703,1.110933,0.219546,14.0
11/11/2025,14:18:10,11/11/2025,14:19:32,long,25665.5,25654.46,STOP,-11.0423,-224.85,0,11.042252,7.325,26.4,16.563377,0.442241,0.326948,0.308765,0.208099,14.0
11/11/2025,14:19:32,11/11/2025,14:30:34,long,25656.5,25673.01,TARGET,16.5121,326.24,1,11.008048,6.6,24.3,16.512072,0.399708,0.287207,-0.239005,0.208278,14.0
11/11/2025,14:35:05,11/11/2025,14:45:49,long,25660.5,25649.58,STOP,-10.9239,-222.48,0,10.923942,5.875,31.8,16.385912,0.35854,0.380014,0.066701,0.218231,14.0
11/11/2025,14:46:21,11/11/2025,14:48:02,long,25659.75,25666.75,REVERSAL,7.0,136.0,1,7.700724,6.725,32.8,11.551086,0.582196,0.35626,0.282704,0.163894,14.0
11/11/2025,14:48:02,11/11/2025,14:48:58,short,25666.75,25674.44,STOP,-7.6879,-157.76,0,7.687872,5.65,25.3,11.531807,0.489949,0.392604,0.883505,0.165374,14.0
11/11/2025,14:49:11,11/11/2025,14:55:54,short,25670.5,25678.31,STOP,-7.808,-160.16,0,7.807981,6.225,21.4,11.711972,0.531507,0.47291,1.180287,0.169162,14.0
11/11/2025,14:59:02,11/11/2025,15:01:03,long,25660.5,25670.5,REVERSAL,10.0,196.0,1,7.360681,6.375,41.7,11.041021,0.577392,0.605488,0.266552,0.170522,14.0
11/11/2025,15:01:03,11/11/2025,15:05:51,short,25670.5,25677.47,STOP,-6.9742,-143.48,0,6.974186,6.425,30.9,10.461279,0.61417,0.582491,1.158141,0.164408,15.0
11/11/2025,15:06:24,11/11/2025,15:12:41,short,25672.5,25678.97,STOP,-6.4675,-133.35,0,6.467466,6.3,42.1,9.701199,0.649404,0.625316,1.285728,0.157368,15.0
11/11/2025,15:19:48,11/11/2025,15:20:17,long,25669.0,25662.38,STOP,-6.6162,-136.32,0,6.616209,6.05,40.6,9.924313,0.609614,0.811027,0.838814,0.169412,15.0
11/11/2025,15:21:05,11/11/2025,15:22:10,long,25658.75,25652.23,STOP,-6.5184,-134.37,0,6.518383,6.975,38.2,9.777575,0.713367,0.754454,-0.215157,0.167738,15.0
11/11/2025,15:33:21,11/11/2025,15:34:39,short,25664.75,25657.0,REVERSAL,7.75,151.0,1,8.194349,5.675,18.3,12.291523,0.4617,0.218223,0.635866,0.240437,15.0
11/11/2025,15:34:39,11/11/2025,15:39:45,long,25657.0,25648.86,STOP,-8.1373,-166.75,0,8.1373,5.825,21.2,12.20595,0.477226,0.205832,-0.004672,0.240909,15.0
11/11/2025,15:40:21,11/11/2025,15:41:21,long,25657.25,25649.0,STOP,-8.2487,-168.97,0,8.248674,6.0,34.2,12.373011,0.484926,0.059234,0.033258,0.250805,15.0
11/12/2025,09:30:00,11/12/2025,09:30:36,long,25770.0,25752.02,STOP,-17.9847,-363.69,0,17.984744,6.05,26.7,26.977116,0.224264,0.559859,-0.018402,0.294538,9.0
11/12/2025,09:32:51,11/12/2025,09:40:48,long,25701.75,25662.93,STOP,-38.8165,-780.33,0,38.816515,7.675,4.8,58.224772,0.131817,-0.120196,-0.44878,0.668293,9.0
11/12/2025,09:58:50,11/12/2025,10:00:12,short,25597.0,25609.95,STOP,-12.9464,-262.93,0,12.946431,9.225,9.3,19.419646,0.475034,0.313515,1.004257,0.159784,9.0
11/12/2025,10:00:19,11/12/2025,10:01:09,short,25608.25,25621.28,STOP,-13.0285,-264.57,0,13.028526,8.425,6.3,19.54279,0.431105,0.573619,1.54898,0.158591,10.0
11/12/2025,10:12:42,11/12/2025,10:13:26,long,25612.25,25596.98,STOP,-15.2668,-309.34,0,15.26678,7.7,8.0,22.90017,0.336242,0.825525,-0.191807,0.212568,10.0
11/12/2025,10:14:45,11/12/2025,10:20:21,long,25595.5,25576.71,STOP,-18.7856,-379.71,0,18.78557,6.975,7.7,28.178355,0.24753,0.178466,-0.531288,0.266658,10.0
11/12/2025,10:28:10,11/12/2025,10:29:20,short,25609.25,25620.08,STOP,-10.8251,-220.5,0,10.825057,9.325,15.7,16.237585,0.574285,0.513398,1.062276,0.225116,10.0
11/13/2025,09:30:50,11/13/2025,09:31:10,long,25462.75,25442.18,STOP,-20.5703,-415.41,0,20.570321,9.975,4.2,30.855482,0.323281,0.410234,-0.067079,0.264704,9.0
11/13/2025,09:31:34,11/13/2025,09:33:34,long,25454.5,25470.75,REVERSAL,16.25,321.0,1,17.103076,8.775,3.2,25.654615,0.342044,0.2568,-0.147252,0.212038,9.0
11/13/2025,09:33:34,11/13/2025,09:33:46,short,25470.75,25453.25,REVERSAL,17.5,346.0,1,14.459041,10.45,6.7,21.688562,0.481821,0.357869,0.741026,0.17227,9.0
11/13/2025,09:33:46,11/13/2025,09:34:37,long,25453.25,25438.77,STOP,-14.4847,-293.69,0,14.484689,10.025,6.7,21.727034,0.461407,0.345045,-0.064044,0.171827,9.0
11/13/2025,09:37:57,11/13/2025,09:42:06,long,25372.5,25334.5,STOP,-37.9978,-763.96,0,37.997801,8.3,5.7,56.996701,0.145622,-0.10638,-0.479399,0.38657,9.0
11/13/2025,09:49:15,11/13/2025,09:51:42,short,25337.5,25360.23,STOP,-22.7304,-458.61,0,22.730442,10.0,7.7,34.095662,0.293292,0.31652,0.923954,0.215409,9.0
11/13/2025,09:53:36,11/13/2025,09:56:59,short,25374.0,25402.26,STOP,-28.2635,-569.27,0,28.263453,8.65,5.1,42.395179,0.204033,1.13938,1.610622,0.287098,9.0
11/13/2025,10:01:35,11/13/2025,10:02:32,long,25366.0,25347.53,STOP,-18.4729,-373.46,0,18.472896,9.55,6.7,27.709345,0.344649,0.761185,0.061881,0.222803,10.0
11/13/2025,10:03:08,11/13/2025,10:04:29,long,25350.5,25333.71,STOP,-16.7871,-339.74,0,16.787112,8.35,6.3,25.180668,0.331604,0.171839,-0.634898,0.211517,10.0
11/14/2025,09:30:00,11/14/2025,09:30:09,long,24726.25,24744.0,REVERSAL,17.75,351.0,1,13.646597,7.775,8.3,20.469896,0.379826,0.511921,0.19846,0.124357,9.0
11/14/2025,09:30:09,11/14/2025,09:30:12,short,24744.0,24757.49,STOP,-13.4932,-273.86,0,13.493159,9.625,3.5,20.239739,0.47555,0.473773,1.054355,0.123959,9.0
11/14/2025,09:30:14,11/14/2025,09:30:42,short,24750.0,24729.14,TARGET,20.8639,413.28,1,13.909263,10.5,1.5,20.863895,0.503262,0.558049,1.299467,0.128641,9.0
11/14/2025,09:30:45,11/14/2025,09:30:51,long,24723.0,24709.69,STOP,-13.31,-270.2,0,13.310029,10.35,3.1,19.965043,0.518406,0.567375,-0.138741,0.126336,9.0
11/14/2025,09:33:57,11/14/2025,09:35:41,long,24640.25,24698.57,TARGET,58.3166,1162.33,1,38.877756,8.95,4.9,58.316634,0.153473,-0.115087,-0.567277,0.400538,9.0
11/14/2025,09:35:41,11/14/2025,09:36:11,short,24710.5,24747.72,STOP,-37.2238,-748.48,0,37.223764,11.175,3.6,55.835646,0.200141,0.208218,1.015397,0.435967,9.0
11/14/2025,09:37:35,11/14/2025,09:41:28,short,24775.0,24830.24,STOP,-55.2376,-1108.75,0,55.237575,11.425,3.5,82.856363,0.137889,1.106415,1.455328,0.866025,9.0
11/14/2025,09:42:32,11/14/2025,09:43:09,long,24784.25,24812.02,TARGET,27.774,551.48,1,18.51601,9.875,3.3,27.774015,0.355548,0.834457,-0.004878,0.389547,9.0
11/14/2025,09:43:09,11/14/2025,09:43:41,short,24807.25,24824.05,STOP,-16.8024,-340.05,0,16.802411,9.8,4.7,25.203617,0.388833,0.698737,0.767224,0.353055,9.0
11/14/2025,09:43:41,11/14/2025,09:45:18,short,24828.5,24845.01,STOP,-16.5137,-334.27,0,16.51374,11.025,5.9,24.77061,0.445084,0.702046,1.566587,0.343124,9.0
11/14/2025,10:00:27,11/14/2025,10:00:36,long,24932.75,24921.01,STOP,-11.7425,-238.85,0,11.742524,10.65,4.8,17.613786,0.60464,0.760667,-0.134446,0.122937,10.0
11/14/2025,10:00:37,11/14/2025,10:00:41,long,24935.75,24924.23,STOP,-11.5246,-234.49,0,11.524607,11.0,3.7,17.286911,0.63632,0.609196,0.016542,0.120199,10.0
11/14/2025,10:04:11,11/14/2025,10:04:36,short,24949.25,24926.47,TARGET,22.7831,451.66,1,15.188717,14.025,6.8,22.783075,0.615589,0.115216,0.860026,0.155836,10.0
11/14/2025,10:04:36,11/14/2025,10:04:47,long,24924.0,24908.72,STOP,-15.2754,-309.51,0,15.275442,13.825,6.6,22.913163,0.603365,0.145552,-0.23964,0.156713,10.0
11/14/2025,10:05:18,11/14/2025,10:06:22,long,24909.5,24936.24,TARGET,26.7351,530.7,1,17.82338,11.75,5.0,26.73507,0.439498,0.041203,-0.549277,0.183718,10.0
11/14/2025,10:06:28,11/14/2025,10:06:45,short,24948.25,24965.3,STOP,-17.0538,-345.08,0,17.053805,11.7,4.7,25.580708,0.457376,0.190079,1.116285,0.176594,10.0
11/14/2025,10:07:04,11/14/2025,10:07:34,short,24956.75,24927.89,TARGET,28.8607,573.21,1,19.240494,9.825,3.3,28.860741,0.340428,0.66881,1.287229,0.198205,10.0
11/14/2025,10:07:47,11/14/2025,10:09:39,long,24922.25,24935.5,REVERSAL,13.25,261.0,1,18.446607,11.175,5.0,27.669911,0.403868,0.678853,0.127483,0.191779,10.0
11/14/2025,10:09:39,11/14/2025,10:10:18,short,24935.5,24952.43,STOP,-16.9309,-342.62,0,16.930869,12.225,6.9,25.396303,0.481369,0.630311,0.760569,0.182627,10.0
11/14/2025,10:10:18,11/14/2025,10:10:38,short,24950.5,24967.85,STOP,-17.3519,-351.04,0,17.351927,10.575,5.1,26.027891,0.406295,0.705279,1.282814,0.192991,10.0
11/14/2025,10:11:24,11/14/2025,10:12:07,long,24916.0,24897.88,STOP,-18.1162,-366.32,0,18.116249,11.3,5.9,27.174373,0.415833,0.694553,-0.147485,0.213583,10.0
11/14/2025,10:14:35,11/14/2025,10:15:10,long,24874.5,24919.47,TARGET,44.9706,895.41,1,29.98042,9.525,7.9,44.97063,0.211805,-0.021107,-0.536621,0.467034,10.0
11/14/2025,10:15:59,11/14/2025,10:16:49,short,24946.0,24976.3,STOP,-30.298,-609.96,0,30.297989,11.2,5.2,45.446984,0.246441,0.216285,1.046571,0.522496,10.0
11/14/2025,10:17:00,11/14/2025,10:19:40,short,24973.0,24927.31,TARGET,45.691,909.82,1,30.460677,10.275,5.8,45.691016,0.22488,0.663372,1.631951,0.538254,10.0
11/14/2025,10:20:46,11/14/2025,10:25:09,short,24950.5,24918.0,REVERSAL,32.5,646.0,1,34.843543,12.225,7.1,52.265315,0.233903,0.805726,0.931452,0.675323,10.0
11/14/2025,10:25:09,11/14/2025,10:26:49,long,24918.0,24963.07,TARGET,45.068,897.36,1,30.045321,13.275,9.2,45.067982,0.294555,0.515721,0.157018,0.664967,10.0
11/14/2025,10:26:49,11/14/2025,10:27:15,short,24965.5,24985.83,STOP,-20.3281,-410.56,0,20.328102,13.125,7.7,30.492153,0.430439,0.247591,1.312094,0.477502,10.0
11/14/2025,10:29:14,11/14/2025,10:37:31,short,25009.0,25043.04,STOP,-34.0437,-684.87,0,34.0437,9.0,5.8,51.06555,0.176244,1.03042,1.49901,0.857341,10.0
11/14/2025,10:55:37,11/14/2025,10:56:27,long,25128.5,25107.82,STOP,-20.6834,-417.67,0,20.683447,9.975,10.9,31.02517,0.321513,0.49803,0.064708,0.24091,10.0
11/14/2025,10:57:08,11/14/2025,10:59:03,long,25117.0,25143.16,TARGET,26.1606,519.21,1,17.440417,9.275,6.9,26.160626,0.35454,-0.046268,-0.516413,0.201742,10.0
11/14/2025,10:59:03,11/14/2025,10:59:24,long,25144.5,25126.81,STOP,-17.6924,-357.85,0,17.692392,8.475,10.2,26.538588,0.319346,-0.019744,0.545029,0.20239,10.0
11/14/2025,10:59:24,11/14/2025,11:00:10,long,25130.25,25155.25,REVERSAL,25.0,496.0,1,17.760078,9.325,9.1,26.640117,0.350036,0.013378,0.028812,0.2029,10.0
11/14/2025,11:00:10,11/14/2025,11:01:40,short,25155.25,25128.73,TARGET,26.5189,526.38,1,17.679284,9.975,8.0,26.518927,0.376146,0.154081,0.989462,0.201423,11.0
11/14/2025,11:01:40,11/14/2025,11:03:59,long,25127.0,25111.57,STOP,-15.4288,-312.58,0,15.428775,7.925,7.6,23.143163,0.342434,0.377806,-0.030178,0.17482,11.0
11/14/2025,11:06:30,11/14/2025,11:07:09,long,25102.5,25081.53,STOP,-20.9707,-423.41,0,20.970726,8.675,7.5,31.456089,0.275781,0.025608,-0.161875,0.240026,11.0
11/14/2025,11:13:21,11/14/2025,11:17:31,short,25134.5,25156.63,STOP,-22.1336,-446.67,0,22.133639,10.625,14.4,33.200458,0.320026,0.357602,1.077176,0.261664,11.0
11/14/2025,11:18:03,11/14/2025,11:20:25,short,25156.25,25180.26,STOP,-24.0069,-484.14,0,24.00688,7.825,10.1,36.01032,0.217299,0.856599,1.580662,0.30888,11.0
11/14/2025,11:42:23,11/14/2025,11:43:49,long,25226.5,25211.47,STOP,-15.0339,-304.68,0,15.033891,7.65,9.5,22.550836,0.339234,0.620281,-0.029803,0.20875,11.0
11/14/2025,11:48:39,11/14/2025,11:50:01,long,25200.75,25233.33,TARGET,32.5783,647.57,1,21.718842,8.775,12.7,32.578263,0.269351,0.041391,-0.209676,0.333901,11.0
11/14/2025,11:50:33,11/14/2025,12:06:44,short,25240.25,25261.69,STOP,-21.4443,-432.89,0,21.444268,9.025,9.4,32.166402,0.280572,0.259885,1.073502,0.341749,11.0
11/14/2025,12:06:44,11/14/2025,12:10:15,short,25260.25,25282.19,STOP,-21.9374,-442.75,0,21.937369,9.3,19.7,32.906053,0.282623,0.906299,1.50559,0.38839,12.0
11/14/2025,12:25:45,11/14/2025,12:26:22,long,25253.0,25237.77,STOP,-15.2319,-308.64,0,15.231935,8.475,15.6,22.847903,0.370931,0.596824,0.078517,0.256895,12.0
11/14/2025,12:26:22,11/14/2025,12:32:25,long,25245.75,25230.77,STOP,-14.9799,-303.6,0,14.979855,8.85,13.0,22.469783,0.393862,0.446388,-0.259131,0.252559,12.0
11/14/2025,12:37:47,11/14/2025,12:38:54,short,25269.5,25283.91,STOP,-14.4078,-292.16,0,14.407805,10.075,19.6,21.611708,0.466183,0.146258,1.070524,0.250862,12.0
11/14/2025,12:39:04,11/14/2025,12:40:39,short,25274.5,25253.94,TARGET,20.5605,407.21,1,13.706981,7.7,13.9,20.560471,0.374505,0.463008,1.365374,0.240874,12.0
11/14/2025,12:40:58,11/14/2025,12:41:44,short,25262.75,25242.87,TARGET,19.8797,393.59,1,13.253131,8.5,12.4,19.879696,0.427572,0.617261,0.823823,0.235151,12.0
11/14/2025,12:41:44,11/14/2025,12:45:34,long,25248.25,25262.5,REVERSAL,14.25,281.0,1,13.122661,9.7,12.3,19.683991,0.492786,0.602894,0.114534,0.233898,12.0
11/14/2025,12:45:34,11/14/2025,12:46:12,short,25262.5,25243.96,TARGET,18.5445,366.89,1,12.362993,8.65,14.9,18.54449,0.466446,0.570801,1.007968,0.224045,12.0
11/14/2025,12:46:12,11/14/2025,12:46:45,long,25245.25,25232.95,STOP,-12.2966,-249.93,0,12.29659,9.5,15.7,18.444885,0.515048,0.560703,0.091892,0.223641,12.0
11/14/2025,12:46:45,11/14/2025,12:47:31,long,25236.25,25223.88,STOP,-12.366,-251.32,0,12.366047,8.975,15.9,18.549071,0.483852,0.518539,-0.358668,0.22595,12.0
11/14/2025,13:11:56,11/14/2025,13:12:43,short,25182.5,25203.98,STOP,-21.4764,-433.53,0,21.476418,9.8,10.5,32.214627,0.30421,0.37578,1.063874,0.550404,13.0
11/14/2025,13:15:22,11/14/2025,13:17:54,short,25201.0,25163.1,TARGET,37.8981,753.96,1,25.265374,9.325,11.6,37.898061,0.246055,1.057602,1.401827,0.645346,13.0
11/14/2025,13:20:58,11/14/2025,13:23:30,long,25151.0,25124.88,STOP,-26.1188,-526.38,0,26.118759,9.95,16.9,39.178138,0.253968,0.730778,0.03654,0.646511,13.0
11/14/2025,13:23:30,11/14/2025,13:29:47,long,25125.25,25165.33,TARGET,40.0793,797.59,1,26.719515,8.425,10.0,40.079272,0.210208,0.321857,-0.585474,0.635297,13.0
11/14/2025,13:31:13,11/14/2025,13:37:58,long,25151.25,25125.25,STOP,-25.9974,-523.95,0,25.997409,11.9,14.9,38.996114,0.305159,0.196104,0.014952,0.585892,13.0
11/14/2025,13:39:46,11/14/2025,13:43:06,long,25119.0,25096.62,STOP,-22.381,-451.62,0,22.380963,8.475,12.3,33.571444,0.252447,0.210143,-0.597659,0.474475,13.0
11/14/2025,13:51:52,11/14/2025,13:54:21,short,25158.0,25187.01,STOP,-29.0118,-584.24,0,29.011816,9.925,10.5,43.517724,0.228068,0.257331,1.13049,0.534699,13.0
11/14/2025,13:56:03,11/14/2025,14:05:40,short,25179.0,25131.85,TARGET,47.1533,939.07,1,31.43551,8.175,13.2,47.153266,0.173371,0.941938,1.489698,0.603074,13.0
11/14/2025,14:08:57,11/14/2025,14:15:49,long,25129.5,25173.45,TARGET,43.9483,874.97,1,29.298869,11.375,19.7,43.948304,0.258827,0.635409,0.035818,0.642523,14.0
11/14/2025,14:15:49,11/14/2025,14:22:13,short,25173.75,25192.16,STOP,-18.4113,-372.23,0,18.411342,10.0,21.7,27.617012,0.362096,0.290419,1.021418,0.421071,14.0
11/14/2025,14:25:21,11/14/2025,14:30:29,short,25193.75,25214.52,STOP,-20.7711,-419.42,0,20.771089,7.775,15.5,31.156634,0.249546,0.909009,1.347653,0.510956,14.0
11/14/2025,15:07:34,11/14/2025,15:08:27,long,25209.75,25195.0,STOP,-14.753,-299.06,0,14.753012,8.15,19.8,22.129518,0.368286,0.803104,0.083023,0.403072,15.0
11/14/2025,15:08:27,11/14/2025,15:10:15,long,25198.25,25219.66,TARGET,21.4096,424.19,1,14.273036,8.175,18.0,21.409555,0.381839,0.673478,-0.482388,0.389544,15.0
11/14/2025,15:10:30,11/14/2025,15:11:41,long,25210.5,25197.03,STOP,-13.47,-273.4,0,13.470028,7.2,16.4,20.205042,0.356347,0.403579,0.035265,0.36556,15.0
11/14/2025,15:23:37,11/14/2025,15:40:32,long,25147.0,25112.39,STOP,-34.611,-696.22,0,34.611029,8.85,13.6,51.916543,0.170466,-0.128163,-0.461302,0.944264,15.0
11/17/2025,09:31:03,11/17/2025,09:32:02,long,24978.0,25025.77,TARGET,47.7695,951.39,1,31.846312,7.7,3.2,47.769469,0.161191,-0.080072,-0.370901,0.294666,9.0
11/17/2025,09:32:02,11/17/2025,09:32:15,short,25033.5,25063.87,STOP,-30.3654,-611.31,0,30.36543,9.725,3.6,45.548146,0.21351,0.172485,0.980206,0.26862,9.0
11/17/2025,09:32:23,11/17/2025,09:33:05,short,25050.75,25079.88,STOP,-29.126,-586.52,0,29.125984,9.975,2.1,43.688977,0.228318,0.553656,1.415277,0.255419,9.0
11/17/2025,09:57:43,11/17/2025,10:02:44,long,25198.25,25174.17,STOP,-24.0779,-485.56,0,24.077881,10.0,8.0,36.116822,0.276879,0.70888,-0.048913,0.300123,9.0
11/17/2025,10:05:06,11/17/2025,10:08:30,long,25130.25,25091.21,STOP,-39.043,-784.86,0,39.042988,11.0,5.4,58.564482,0.187827,-0.137059,-0.609717,0.495555,10.0
11/17/2025,10:13:44,11/17/2025,10:17:23,short,25141.0,25101.37,TARGET,39.6341,788.68,1,26.422741,12.05,9.3,39.634112,0.304031,0.468372,1.075262,0.341342,10.0
11/17/2025,10:17:28,11/17/2025,10:19:02,long,25098.5,25074.61,STOP,-23.8857,-481.71,0,23.885692,12.325,10.5,35.828538,0.344,0.618085,0.031519,0.315783,10.0
11/17/2025,10:19:02,11/17/2025,10:19:34,long,25088.0,25064.84,STOP,-23.1584,-467.17,0,23.158422,11.25,8.7,34.737633,0.323856,0.50283,-0.154909,0.308679,10.0
11/17/2025,10:23:25,11/17/2025,10:24:53,short,25118.5,25098.5,REVERSAL,20.0,396.0,1,22.783396,9.15,7.4,34.175094,0.267739,0.283725,0.919165,0.319827,10.0
11/17/2025,10:24:53,11/17/2025,10:25:35,long,25098.5,25076.48,STOP,-22.0169,-444.34,0,22.016915,10.425,10.1,33.025372,0.315666,0.322905,0.255794,0.319402,10.0
11/17/2025,10:25:35,11/17/2025,10:27:36,long,25077.0,25110.72,TARGET,33.7239,670.48,1,22.48258,11.625,8.0,33.72387,0.344711,0.273871,-0.346878,0.333056,10.0
11/17/2025,10:28:03,11/17/2025,10:28:52,short,25121.5,25142.0,STOP,-20.4973,-413.95,0,20.497295,11.55,11.9,30.745943,0.375659,0.419659,1.173178,0.330125,10.0
11/17/2025,10:29:25,11/17/2025,10:32:21,short,25137.5,25104.01,TARGET,33.4864,665.73,1,22.324288,9.15,7.6,33.486431,0.273245,0.828787,1.5614,0.388736,10.0
11/17/2025,10:32:40,11/17/2025,10:44:07,long,25083.5,25114.75,REVERSAL,31.25,621.0,1,25.525516,11.225,8.2,38.288274,0.293171,0.880262,-0.060093,0.493477,10.0
11/17/2025,10:44:07,11/17/2025,10:48:17,short,25114.75,25142.2,STOP,-27.4543,-553.09,0,27.454337,11.05,10.9,41.181505,0.268324,0.217552,0.870251,0.519014,10.0
11/17/2025,10:49:15,11/17/2025,10:50:51,short,25125.25,25089.35,TARGET,35.8992,713.98,1,23.932792,10.525,12.5,35.899188,0.293182,1.061765,1.286508,0.453456,10.0
11/17/2025,10:50:57,11/17/2025,10:53:08,long,25083.5,25118.2,TARGET,34.7004,690.01,1,23.133582,11.075,8.9,34.700372,0.319161,0.826344,0.055336,0.437315,10.0
11/17/2025,10:53:08,11/17/2025,10:56:17,short,25117.75,25085.75,REVERSAL,32.0,636.0,1,22.116094,12.95,12.4,33.174141,0.390364,0.62219,1.010865,0.415004,10.0
11/17/2025,10:56:17,11/17/2025,10:59:24,long,25085.75,25063.98,STOP,-21.7693,-439.39,0,21.769253,14.2,17.0,32.653879,0.434864,0.557369,-0.02666,0.410775,10.0
11/17/2025,10:59:30,11/17/2025,11:01:32,long,25073.5,25050.83,STOP,-22.6654,-457.31,0,22.665375,9.525,12.6,33.998062,0.280163,0.197631,-0.324679,0.421891,10.0
11/17/2025,11:25:50,11/17/2025,11:26:36,short,24993.75,25013.27,STOP,-19.5164,-394.33,0,19.516378,10.55,13.2,29.274568,0.360381,0.375368,1.006754,0.351285,11.0
11/17/2025,11:33:28,11/17/2025,11:40:57,short,25094.0,25146.18,STOP,-52.1833,-1047.67,0,52.183275,7.7,10.6,78.274913,0.098371,1.124882,1.521464,0.955945,11.0
11/17/2025,12:10:41,11/17/2025,12:12:26,long,25165.5,25152.17,STOP,-13.3303,-270.61,0,13.330278,9.3,22.0,19.995417,0.465107,0.614476,0.060274,0.192637,12.0
11/17/2025,12:13:07,11/17/2025,12:14:45,long,25170.0,25158.23,STOP,-11.7653,-239.31,0,11.765272,8.725,15.7,17.647908,0.494393,0.306843,0.199539,0.168136,12.0
11/17/2025,12:35:19,11/17/2025,12:36:43,short,25163.25,25142.18,TARGET,21.074,417.48,1,14.049344,9.525,21.5,21.074016,0.451978,0.265248,0.963485,0.192941,12.0
11/17/2025,12:36:43,11/17/2025,12:37:31,long,25143.5,25130.26,STOP,-13.2416,-268.83,0,13.241572,8.975,18.6,19.862357,0.45186,0.321105,0.056322,0.181443,12.0
11/17/2025,12:43:33,11/17/2025,12:45:00,long,25094.0,25071.17,STOP,-22.8284,-460.57,0,22.828368,9.35,13.5,34.242552,0.273052,-0.064531,-0.611921,0.312461,12.0
11/17/2025,13:17:01,11/17/2025,13:21:20,short,24994.75,25010.68,STOP,-15.9282,-322.56,0,15.92816,9.3,14.1,23.89224,0.389248,0.40628,0.896154,0.223029,13.0
11/17/2025,13:22:11,11/17/2025,13:28:15,short,24994.25,24974.84,TARGET,19.4072,384.14,1,12.938154,9.5,19.0,19.40723,0.489508,0.93638,1.058684,0.180504,13.0
11/17/2025,13:28:15,11/17/2025,13:29:01,long,24970.0,24988.7,TARGET,18.7029,370.06,1,12.46858,10.15,22.3,18.702869,0.542697,0.69457,-0.250954,0.167755,13.0
11/17/2025,13:30:08,11/17/2025,13:31:30,long,24973.5,24961.39,STOP,-12.1096,-246.19,0,12.109569,8.95,19.1,18.164353,0.492723,0.585476,-0.111638,0.16092,13.0
11/17/2025,13:31:54,11/17/2025,13:38:00,long,24963.0,24982.48,TARGET,19.4806,385.61,1,12.987056,7.925,17.3,19.480584,0.406815,0.369551,-0.560158,0.169587,13.0
11/17/2025,13:39:01,11/17/2025,13:42:12,long,24973.5,24991.62,TARGET,18.1197,358.39,1,12.079812,9.4,20.2,18.119719,0.518772,0.194407,-0.010632,0.151434,13.0
11/17/2025,13:42:12,11/17/2025,13:44:33,short,24989.0,25000.77,STOP,-11.7685,-239.37,0,11.76851,9.4,19.1,17.652764,0.532495,0.218531,0.883368,0.145441,13.0
11/17/2025,13:44:33,11/17/2025,13:46:00,short,25001.25,25013.17,STOP,-11.9236,-242.47,0,11.923559,9.125,17.0,17.885338,0.510194,0.380786,1.55114,0.146459,13.0
11/17/2025,13:52:12,11/17/2025,13:55:04,long,24973.25,24948.94,STOP,-24.3091,-490.18,0,24.309087,8.975,11.6,36.463631,0.246136,0.843419,-0.033545,0.303203,13.0
11/17/2025,13:56:58,11/17/2025,13:58:02,long,24936.0,24902.49,STOP,-33.5072,-674.14,0,33.507195,7.95,9.7,50.260793,0.158175,0.057833,-0.474119,0.417674,13.0
11/18/2025,09:30:00,11/18/2025,09:30:09,long,24719.75,24741.14,TARGET,21.3857,423.71,1,14.257138,10.625,16.3,21.385707,0.496827,0.154735,0.00177,0.27048,9.0
11/18/2025,09:30:09,11/18/2025,09:30:31,short,24741.0,24755.18,STOP,-14.1785,-287.57,0,14.178477,10.75,7.4,21.267716,0.505461,0.229948,0.966082,0.269683,9.0
11/18/2025,09:30:44,11/18/2025,09:31:00,short,24743.0,24722.43,TARGET,20.5731,407.46,1,13.71543,11.5,3.1,20.573145,0.558981,0.519492,1.040267,0.272123,9.0
11/18/2025,09:31:00,11/18/2025,09:31:02,long,24723.0,24709.41,STOP,-13.59,-275.8,0,13.589988,10.375,3.6,20.384982,0.508953,0.497877,0.042065,0.274335,9.0
11/18/2025,09:31:02,11/18/2025,09:31:12,long,24709.5,24695.73,STOP,-13.7717,-279.43,0,13.77166,10.75,3.4,20.65749,0.520392,0.463472,-0.596576,0.278756,9.0
11/18/2025,09:32:21,11/18/2025,09:32:29,short,24734.5,24757.28,STOP,-22.7785,-459.57,0,22.778512,11.025,2.3,34.167769,0.322673,0.131651,1.020227,0.4643,9.0
11/18/2025,09:33:35,11/18/2025,09:34:47,short,24807.0,24738.45,TARGET,68.551,1367.02,1,45.70068,9.225,2.1,68.55102,0.134571,1.036647,1.507133,0.897299,9.0
11/18/2025,09:38:35,11/18/2025,09:40:36,long,24741.5,24712.83,STOP,-28.6701,-577.4,0,28.670068,15.6,7.1,43.005101,0.362748,0.303543,-0.143296,0.696226,9.0
11/18/2025,09:40:45,11/18/2025,09:41:54,long,24727.75,24698.2,STOP,-29.55,-595.0,0,29.549997,13.3,5.7,44.324995,0.300056,0.122514,-0.31066,0.723994,9.0
11/18/2025,10:06:08,11/18/2025,10:07:17,short,24508.5,24540.69,STOP,-32.1903,-647.81,0,32.190321,10.275,2.8,48.285482,0.212797,0.232443,1.015372,0.305031,10.0
11/18/2025,10:08:13,11/18/2025,10:10:26,short,24528.0,24561.05,STOP,-33.0476,-664.95,0,33.047588,9.775,4.5,49.571382,0.19719,1.089037,1.387458,0.310164,10.0
11/18/2025,10:11:39,11/18/2025,10:14:01,long,24479.75,24536.91,TARGET,57.16,1139.2,1,38.106686,11.95,4.6,57.160029,0.209062,0.756313,-0.00621,0.362018,10.0
11/18/2025,10:14:07,11/18/2025,10:15:18,short,24538.0,24504.75,REVERSAL,33.25,661.0,1,26.676716,11.7,5.3,40.015073,0.29239,0.201137,0.982068,0.272085,10.0
11/18/2025,10:15:18,11/18/2025,10:16:11,long,24504.75,24478.2,STOP,-26.547,-534.94,0,26.546987,12.625,5.9,39.820481,0.317048,0.300334,0.086519,0.278107,10.0
11/18/2025,10:16:11,11/18/2025,10:16:46,long,24481.5,24453.82,STOP,-27.6773,-557.55,0,27.67728,11.825,5.7,41.51592,0.28483,0.219743,-0.375989,0.293411,10.0
11/18/2025,10:20:03,11/18/2025,10:20:15,short,24502.5,24530.2,STOP,-27.7042,-558.08,0,27.704178,15.275,7.9,41.556267,0.367574,0.274697,0.786238,0.321381,10.0
11/18/2025,10:20:15,11/18/2025,10:20:47,short,24522.75,24549.52,STOP,-26.7743,-539.49,0,26.774346,14.7,6.2,40.161519,0.366022,0.394717,1.315395,0.315632,10.0
11/18/2025,10:28:43,11/18/2025,10:32:36,long,24546.25,24586.69,TARGET,40.4357,804.71,1,26.95713,11.825,5.7,40.435695,0.29244,0.621673,-0.013099,0.469848,10.0
11/18/2025,10:32:36,11/18/2025,10:33:33,short,24589.0,24559.48,TARGET,29.5224,586.45,1,19.681599,14.75,6.1,29.522399,0.499621,0.183469,1.184904,0.400072,10.0
11/18/2025,10:33:33,11/18/2025,10:34:18,long,24547.5,24527.82,STOP,-19.6822,-397.64,0,19.682246,14.525,6.8,29.523369,0.491983,0.304627,-0.22087,0.410353,10.0
11/18/2025,10:37:08,11/18/2025,10:41:49,long,24476.25,24535.7,TARGET,59.4486,1184.97,1,39.632387,13.075,6.5,59.448581,0.219938,-0.09838,-0.582112,0.89014,10.0
11/18/2025,10:41:49,11/18/2025,10:42:50,short,24534.5,24485.25,REVERSAL,49.25,981.0,1,35.890236,17.5,9.0,53.835355,0.325065,0.246015,0.955416,0.827207,10.0
11/18/2025,10:42:50,11/18/2025,10:50:07,long,24485.25,24451.93,STOP,-33.3249,-670.5,0,33.324946,16.65,8.2,49.987419,0.333084,0.359038,0.076193,0.769698,10.0
11/18/2025,10:51:04,11/18/2025,10:51:53,long,24457.75,24487.82,TARGET,30.0722,597.44,1,20.048114,11.925,5.9,30.072171,0.396546,0.166056,-0.377057,0.460268,10.0
11/18/2025,10:51:53,11/18/2025,10:52:01,long,24493.5,24500.25,REVERSAL,6.75,131.0,1,20.003074,15.425,7.7,30.004611,0.514088,0.163904,0.804537,0.457209,10.0
11/18/2025,10:52:01,11/18/2025,10:53:41,short,24500.25,24470.24,TARGET,30.0076,596.15,1,20.005044,15.7,7.4,30.007566,0.523201,0.197796,1.029367,0.457282,10.0
11/18/2025,10:53:41,11/18/2025,10:54:53,long,24476.0,24499.75,REVERSAL,23.75,471.0,1,19.899092,18.05,10.0,29.848638,0.604718,0.318959,0.164223,0.45495,10.0
11/18/2025,10:54:53,11/18/2025,10:55:34,short,24499.75,24519.87,STOP,-20.118,-406.36,0,20.117986,14.15,11.1,30.176979,0.4689,0.354064,0.958214,0.46163,10.0
11/18/2025,10:56:03,11/18/2025,10:56:44,short,24516.0,24483.81,TARGET,32.1948,639.9,1,21.463174,13.375,8.4,32.19476,0.41544,0.572153,1.35472,0.495699,10.0
11/18/2025,10:57:09,11/18/2025,10:58:24,short,24498.25,24474.75,REVERSAL,23.5,466.0,1,21.445807,15.35,9.2,32.16871,0.477172,0.595859,0.80239,0.499027,10.0
11/18/2025,10:58:24,11/18/2025,10:59:38,long,24474.75,24455.42,STOP,-19.3325,-390.65,0,19.332466,14.925,10.5,28.998698,0.514678,0.660714,0.101879,0.4518,10.0
11/18/2025,10:59:38,11/18/2025,11:01:19,long,24457.25,24438.01,STOP,-19.2381,-388.76,0,19.238122,13.375,14.2,28.857183,0.463489,0.569297,-0.443266,0.451506,10.0
11/18/2025,11:07:34,11/18/2025,11:10:16,short,24475.75,24516.5,STOP,-40.7456,-818.91,0,40.745583,12.35,7.0,61.118374,0.202067,0.266254,1.033391,0.780427,11.0
11/18/2025,11:10:41,11/18/2025,11:11:37,short,24509.5,24549.02,STOP,-39.5189,-794.38,0,39.518924,12.525,6.2,59.278385,0.211291,1.039826,1.632664,0.764665,11.0
11/18/2025,11:39:49,11/18/2025,11:41:02,long,24639.5,24663.12,TARGET,23.6202,468.4,1,15.746772,10.2,7.4,23.620158,0.431835,0.761757,-0.117799,0.20281,11.0
11/18/2025,11:41:02,11/18/2025,11:41:58,long,24644.5,24663.67,TARGET,19.171,379.42,1,12.780646,11.6,8.6,19.170968,0.605082,0.499026,-0.100387,0.161796,11.0
11/18/2025,11:41:58,11/18/2025,11:42:04,short,24666.25,24678.92,STOP,-12.6749,-257.5,0,12.674901,12.75,10.8,19.012352,0.670617,0.407229,1.022029,0.158863,11.0
11/18/2025,11:42:04,11/18/2025,11:42:15,short,24677.0,24657.8,TARGET,19.2017,380.03,1,12.801146,12.725,10.7,19.20172,0.662701,0.438087,1.560842,0.159963,11.0
11/18/2025,11:42:15,11/18/2025,11:42:37,short,24656.0,24668.77,STOP,-12.7736,-259.47,0,12.773581,12.725,9.9,19.160372,0.664131,0.451687,0.449114,0.158858,11.0
11/18/2025,11:42:37,11/18/2025,11:43:28,short,24663.0,24675.65,STOP,-12.6452,-256.9,0,12.645241,12.05,9.5,18.967861,0.635285,0.465125,0.792468,0.156489,11.0
11/18/2025,11:46:41,11/18/2025,11:47:18,long,24647.0,24633.48,STOP,-13.521,-274.42,0,13.521003,12.825,9.0,20.281505,0.63235,0.642647,-0.225538,0.157743,11.0
11/18/2025,11:48:13,11/18/2025,11:48:31,long,24637.0,24661.49,TARGET,24.4916,485.83,1,16.327751,11.5,7.6,24.491627,0.469548,0.287418,-0.38959,0.188968,11.0
11/18/2025,11:48:31,11/18/2025,11:48:32,long,24667.75,24664.0,REVERSAL,-3.75,-79.0,0,16.45285,11.8,6.6,24.679275,0.478134,0.298405,0.876227,0.1899,11.0
11/18/2025,11:48:32,11/18/2025,11:49:29,short,24664.0,24639.31,TARGET,24.6902,489.8,1,16.460118,11.3,5.7,24.690177,0.457672,0.311947,0.720938,0.189766,11.0
11/18/2025,11:49:29,11/18/2025,11:51:01,long,24636.75,24661.72,TARGET,24.9661,495.32,1,16.644094,13.95,6.0,24.966141,0.558757,0.388034,-0.374284,0.189866,11.0
11/18/2025,11:51:01,11/18/2025,11:51:07,short,24662.5,24646.25,REVERSAL,16.25,321.0,1,16.759425,14.975,11.8,25.139137,0.595685,0.309117,0.66538,0.190401,11.0
11/18/2025,11:51:07,11/18/2025,11:51:45,long,24646.25,24629.46,STOP,-16.789,-339.78,0,16.788974,16.35,11.2,25.183461,0.649236,0.300179,0.021908,0.190602,11.0
11/18/2025,11:54:12,11/18/2025,11:54:52,long,24628.0,24655.7,TARGET,27.7033,550.07,1,18.468897,16.825,18.5,27.703345,0.607327,0.155133,-0.499518,0.209042,11.0
11/18/2025,11:55:01,11/18/2025,11:58:48,short,24670.0,24642.4,TARGET,27.5959,547.92,1,18.397282,15.725,17.8,27.595924,0.569831,0.221058,1.029064,0.20774,11.0
11/18/2025,11:58:48,11/18/2025,12:00:24,long,24639.0,24665.28,TARGET,26.2758,521.52,1,17.517174,15.775,16.9,26.27576,0.600363,0.507453,-0.100268,0.194049,11.0
11/18/2025,12:00:24,11/18/2025,12:02:41,short,24663.75,24680.87,STOP,-17.1235,-346.47,0,17.123536,14.05,17.0,25.685303,0.547005,0.480247,0.816815,0.188911,12.0
11/18/2025,12:03:43,11/18/2025,12:05:13,short,24664.0,24648.0,REVERSAL,16.0,316.0,1,17.392459,14.975,16.3,26.088688,0.574004,0.616493,0.767453,0.190027,12.0
11/18/2025,12:05:13,11/18/2025,12:06:32,long,24648.0,24630.76,STOP,-17.2436,-348.87,0,17.243556,13.75,15.2,25.865334,0.5316,0.597005,0.175434,0.188152,12.0
11/18/2025,12:07:04,11/18/2025,12:08:58,long,24638.75,24621.17,STOP,-17.5776,-355.55,0,17.577559,12.2,11.1,26.366338,0.462711,0.402426,0.011404,0.192448,12.0
11/18/2025,12:38:10,11/18/2025,12:39:34,short,24593.0,24629.28,STOP,-36.2838,-729.68,0,36.28381,15.275,14.0,54.425715,0.280658,0.269191,1.067792,0.619131,12.0
11/18/2025,12:43:53,11/18/2025,12:57:53,short,24698.5,24771.72,STOP,-73.2228,-1468.46,0,73.222847,12.175,6.4,109.83427,0.110849,1.12566,1.461517,1.341399,12.0
11/18/2025,13:15:12,11/18/2025,13:20:39,long,24747.0,24727.57,STOP,-19.4327,-392.65,0,19.432746,13.75,16.5,29.149118,0.471712,0.755296,0.138754,0.283619,13.0
11/18/2025,13:21:39,11/18/2025,13:22:53,long,24749.25,24769.53,TARGET,20.2843,401.69,1,13.522851,13.65,18.5,20.284277,0.672935,0.086398,-0.118706,0.190254,13.0
11/18/2025,13:23:00,11/18/2025,13:24:13,short,24766.75,24768.25,REVERSAL,-1.5,-34.0,0,13.605035,13.65,16.0,20.407552,0.66887,0.144539,0.742312,0.189756,13.0
11/18/2025,13:24:13,11/18/2025,13:24:32,long,24768.25,24767.5,REVERSAL,-0.75,-19.0,0,13.410927,13.3,17.8,20.116391,0.661152,0.242857,0.83331,0.185645,13.0
11/18/2025,13:24:32,11/18/2025,13:24:53,short,24767.5,24755.0,REVERSAL,12.5,246.0,1,13.292576,12.975,17.3,19.938864,0.650739,0.268848,0.805058,0.18366,13.0
11/18/2025,13:24:53,11/18/2025,13:25:39,long,24755.0,24741.77,STOP,-13.2318,-268.64,0,13.23175,13.625,17.6,19.847626,0.68648,0.274541,0.18699,0.182555,13.0
11/18/2025,13:27:19,11/18/2025,13:28:05,short,24773.0,24752.06,TARGET,20.9373,414.75,1,13.958188,14.45,16.7,20.937283,0.690156,0.249096,1.133559,0.190591,13.0
11/18/2025,13:28:05,11/18/2025,13:28:21,long,24761.5,24747.61,STOP,-13.8857,-281.71,0,13.885654,13.7,14.6,20.828482,0.657753,0.328652,0.593142,0.188359,13.0
11/18/2025,13:28:21,11/18/2025,13:29:22,long,24745.75,24731.81,STOP,-13.9353,-282.71,0,13.935346,14.5,14.3,20.903019,0.69368,0.319977,-0.150743,0.188854,13.0
11/18/2025,13:32:56,11/18/2025,13:33:45,short,24768.25,24782.95,STOP,-14.6973,-297.95,0,14.697272,13.825,20.3,22.045909,0.6271,0.285987,0.961877,0.196212,13.0
11/18/2025,13:33:45,11/18/2025,13:35:47,short,24785.0,24762.39,TARGET,22.6147,448.29,1,15.076444,13.025,20.3,22.614665,0.575954,0.389021,1.665615,0.200089,13.0
11/18/2025,13:36:05,11/18/2025,13:37:13,long,24743.25,24728.4,STOP,-14.8506,-301.01,0,14.850593,14.075,18.9,22.27589,0.631849,0.514227,-0.166752,0.195024,13.0
11/18/2025,13:38:41,11/18/2025,13:40:00,long,24742.5,24767.19,TARGET,24.6877,489.75,1,16.458436,13.625,15.6,24.687654,0.551895,0.301831,0.024965,0.215005,13.0
11/18/2025,13:40:00,11/18/2025,13:40:16,short,24767.75,24783.5,STOP,-15.7483,-318.97,0,15.748274,14.65,16.7,23.622411,0.620174,0.372751,1.110649,0.205042,13.0
11/18/2025,13:42:09,11/18/2025,13:43:14,short,24772.25,24744.05,TARGET,28.1966,559.93,1,18.797748,10.95,11.3,28.196622,0.388344,0.814888,1.081364,0.23956,13.0
11/18/2025,13:43:14,11/18/2025,13:43:47,long,24740.5,24768.69,TARGET,28.1859,559.72,1,18.790592,13.15,13.6,28.185888,0.466546,0.747838,-0.070143,0.23829,13.0
11/18/2025,13:45:07,11/18/2025,13:46:32,long,24759.75,24765.25,REVERSAL,5.5,106.0,1,18.844046,15.625,13.3,28.266069,0.552783,0.641453,0.601447,0.237794,13.0
11/18/2025,13:46:32,11/18/2025,13:48:24,short,24765.25,24742.25,REVERSAL,23.0,456.0,1,18.917858,15.725,18.4,28.376787,0.55415,0.643401,0.791788,0.238125,13.0
11/18/2025,13:48:24,11/18/2025,13:49:31,long,24742.25,24769.77,TARGET,27.5241,546.48,1,18.349368,16.225,21.5,27.524053,0.589484,0.590426,-0.071954,0.230478,13.0
11/18/2025,13:49:49,11/18/2025,13:51:32,short,24763.0,24781.43,STOP,-18.4254,-372.51,0,18.425441,13.725,17.5,27.638161,0.496596,0.518366,0.676296,0.230741,13.0
11/18/2025,13:51:32,11/18/2025,13:55:01,short,24787.75,24759.62,TARGET,28.1311,558.62,1,18.75409,13.25,17.0,28.131135,0.471008,0.614841,1.538351,0.23346,13.0
11/18/2025,13:55:51,11/18/2025,13:58:01,long,24736.75,24716.05,STOP,-20.6984,-417.97,0,20.698407,12.775,18.8,31.047611,0.411465,0.684186,-0.328808,0.252852,13.0
11/18/2025,14:00:00,11/18/2025,14:01:08,long,24705.0,24748.47,TARGET,43.4699,865.4,1,28.979915,10.55,10.0,43.469872,0.242697,0.087175,-0.598174,0.355469,14.0
11/18/2025,14:01:49,11/18/2025,14:13:23,long,24729.5,24762.75,REVERSAL,33.25,661.0,1,28.981134,13.325,9.3,43.4717,0.306521,0.10383,-0.038741,0.357147,14.0
11/18/2025,14:13:23,11/18/2025,14:16:07,short,24762.75,24723.2,TARGET,39.554,787.08,1,26.369354,14.6,18.6,39.554031,0.369115,0.3945,1.075605,0.337263,14.0
11/18/2025,14:16:44,11/18/2025,14:19:09,long,24723.75,24750.75,REVERSAL,27.0,536.0,1,26.073487,14.225,18.3,39.11023,0.363716,0.479345,0.121263,0.339803,14.0
11/18/2025,14:19:09,11/18/2025,14:23:07,short,24750.75,24717.58,TARGET,33.1682,659.36,1,22.112127,14.35,20.1,33.16819,0.432643,0.529002,1.005303,0.290559,14.0
11/18/2025,14:23:07,11/18/2025,14:25:19,long,24707.75,24733.6,TARGET,25.8494,512.99,1,17.232911,14.8,18.5,25.849367,0.572548,0.706345,-0.358628,0.233395,14.0
11/18/2025,14:27:08,11/18/2025,14:28:44,long,24715.25,24697.98,STOP,-17.2729,-349.46,0,17.272866,13.125,23.2,25.909299,0.506575,0.510588,-0.056171,0.245026,14.0
11/18/2025,14:29:20,11/18/2025,14:32:01,long,24706.0,24689.17,STOP,-16.8348,-340.7,0,16.834833,11.275,24.1,25.25225,0.446495,0.278287,-0.448331,0.248534,14.0
11/18/2025,14:36:53,11/18/2025,14:37:27,short,24746.5,24765.21,STOP,-18.7051,-378.1,0,18.705052,11.85,19.6,28.057578,0.422346,0.188071,1.226898,0.370434,14.0
11/18/2025,14:37:37,11/18/2025,14:38:34,short,24740.25,24759.75,STOP,-19.4999,-394.0,0,19.499914,11.825,12.7,29.249871,0.404275,0.362771,0.931113,0.420801,14.0
11/18/2025,14:53:34,11/18/2025,14:59:42,long,24732.75,24775.25,REVERSAL,42.5,846.0,1,32.639047,13.7,16.3,48.95857,0.279828,0.660773,0.111355,1.160991,14.0
11/18/2025,14:59:42,11/18/2025,15:02:37,short,24775.25,24759.75,REVERSAL,15.5,306.0,1,24.13752,12.725,20.1,36.206279,0.351458,0.204751,0.932798,0.919284,14.0
11/18/2025,15:02:37,11/18/2025,15:04:39,long,24759.75,24735.59,STOP,-24.1618,-487.24,0,24.161834,13.1,13.0,36.242751,0.361452,0.393541,0.412741,0.956093,15.0
11/18/2025,15:04:39,11/18/2025,15:06:02,long,24735.25,24711.93,STOP,-23.3249,-470.5,0,23.324879,13.125,19.6,34.987318,0.375136,0.389733,-0.214688,0.927758,15.0
11/19/2025,09:30:30,11/19/2025,09:32:09,long,24604.75,24575.32,STOP,-29.4343,-592.69,0,29.434297,10.475,2.3,44.151445,0.237252,-0.081012,-0.355408,0.483988,9.0
11/19/2025,09:32:13,11/19/2025,09:33:55,long,24595.75,24627.25,REVERSAL,31.5,626.0,1,25.81464,11.475,4.6,38.721959,0.296343,0.030885,-0.226267,0.425266,9.0
11/19/2025,09:33:55,11/19/2025,09:34:07,short,24627.25,24644.66,STOP,-17.4101,-352.2,0,17.410072,11.7,5.7,26.115108,0.448017,0.277448,1.031493,0.297462,9.0
11/19/2025,09:34:27,11/19/2025,09:35:05,short,24627.75,24645.53,STOP,-17.7774,-359.55,0,17.777426,10.15,4.0,26.666139,0.380633,0.624862,1.029792,0.307086,9.0
11/19/2025,10:10:11,11/19/2025,10:11:05,long,24901.0,24923.35,TARGET,22.3528,443.06,1,14.901856,7.8,6.7,22.352784,0.34895,0.772941,-0.013694,0.13432,10.0
11/19/2025,10:11:05,11/19/2025,10:11:29,short,24933.0,24947.34,STOP,-14.345,-290.9,0,14.344968,8.125,5.4,21.517453,0.3776,0.598022,1.394506,0.127289,10.0
11/19/2025,10:12:38,11/19/2025,10:15:03,short,24941.25,24955.87,STOP,-14.6219,-296.44,0,14.621929,6.8,6.9,21.932894,0.310037,0.809374,1.438887,0.125944,10.0
11/19/2025,10:23:01,11/19/2025,10:24:43,long,24940.5,24964.27,TARGET,23.7666,471.33,1,15.844404,8.325,8.6,23.766607,0.350281,0.603818,-0.118094,0.127205,10.0
11/19/2025,10:24:43,11/19/2025,10:25:20,short,24959.0,24947.25,REVERSAL,11.75,231.0,1,13.169449,9.325,9.0,19.754173,0.472052,0.286462,0.612634,0.108272,10.0
11/19/2025,10:25:20,11/19/2025,10:27:23,long,24947.25,24966.69,TARGET,19.4409,384.82,1,12.960585,9.925,7.9,19.440878,0.510522,0.316219,-0.034184,0.107408,10.0
11/19/2025,10:28:25,11/19/2025,10:29:27,long,24946.75,24965.25,TARGET,18.4995,365.99,1,12.333019,9.25,11.8,18.499529,0.500013,0.19535,-0.11907,0.107599,10.0
11/19/2025,10:29:27,11/19/2025,10:30:30,short,24961.75,24943.3,TARGET,18.4492,364.98,1,12.299495,9.5,11.5,18.449242,0.514926,0.260268,0.741609,0.10993,10.0
11/19/2025,10:30:30,11/19/2025,10:31:03,long,24944.25,24932.83,STOP,-11.4196,-232.39,0,11.419638,10.45,9.6,17.129457,0.61006,0.350708,-0.190331,0.103985,10.0
11/19/2025,10:31:38,11/19/2025,10:32:00,long,24939.75,24955.57,TARGET,15.8243,312.49,1,10.549506,10.925,8.0,15.824258,0.690396,0.249622,-0.307779,0.099029,10.0
11/19/2025,10:32:25,11/19/2025,10:32:34,long,24935.0,24950.43,TARGET,15.4324,304.65,1,10.288265,9.8,8.9,15.432398,0.635028,0.28591,-0.582787,0.09811,10.0
11/19/2025,10:32:34,11/19/2025,10:33:35,long,24953.25,24942.96,STOP,-10.2886,-209.77,0,10.288609,10.625,9.1,15.432913,0.688464,0.298064,0.599625,0.098508,10.0
11/19/2025,10:33:35,11/19/2025,10:34:15,long,24943.5,24933.19,STOP,-10.3092,-210.18,0,10.309164,10.775,11.7,15.463746,0.696791,0.294818,-0.002627,0.100346,10.0
11/19/2025,11:05:11,11/19/2025,11:05:30,short,24776.5,24761.6,TARGET,14.8973,293.95,1,9.931547,9.475,9.4,14.89732,0.63602,0.530259,0.874228,0.141697,11.0
11/19/2025,11:05:30,11/19/2025,11:05:54,long,24761.75,24752.59,STOP,-9.1623,-187.25,0,9.162251,9.525,8.1,13.743377,0.693061,0.54811,-0.109748,0.129564,11.0
11/19/2025,11:07:13,11/19/2025,11:10:20,long,24743.0,24724.15,STOP,-18.8503,-381.01,0,18.850251,9.375,5.0,28.275377,0.331561,-0.015291,-0.046235,0.240081,11.0
11/19/2025,11:20:10,11/19/2025,11:21:14,short,24733.5,24747.17,STOP,-13.6671,-277.34,0,13.667145,10.85,9.9,20.500717,0.52925,0.346628,0.974618,0.145728,11.0
11/19/2025,11:21:14,11/19/2025,11:23:04,short,24746.25,24725.89,TARGET,20.3554,403.11,1,13.570246,9.775,8.7,20.355369,0.480217,0.610095,1.6045,0.145557,11.0
11/19/2025,11:23:04,11/19/2025,11:23:17,short,24724.5,24704.25,REVERSAL,20.25,401.0,1,13.789098,10.375,11.0,20.683647,0.501604,0.895187,0.534448,0.150098,11.0
11/19/2025,11:23:17,11/19/2025,11:24:35,long,24704.25,24690.68,STOP,-13.5697,-275.39,0,13.569695,10.775,10.8,20.354542,0.529366,0.852438,-0.42375,0.147953,11.0
11/19/2025,11:26:51,11/19/2025,11:28:13,long,24687.75,24721.15,TARGET,33.3999,664.0,1,22.26662,10.925,9.4,33.399929,0.327096,0.036816,-0.288325,0.243265,11.0
11/19/2025,11:29:02,11/19/2025,11:35:30,long,24695.5,24672.91,STOP,-22.592,-455.84,0,22.591992,12.85,10.4,33.887989,0.37919,0.161056,-0.037801,0.251668,11.0
11/19/2025,11:35:30,11/19/2025,11:43:52,long,24669.0,24702.5,REVERSAL,33.5,666.0,1,22.457077,10.0,11.3,33.685616,0.296863,0.275395,-0.609005,0.262174,11.0
11/19/2025,11:43:52,11/19/2025,11:44:47,short,24702.5,24675.97,TARGET,26.5257,526.51,1,17.683824,11.925,11.1,26.525735,0.449563,0.26157,1.08349,0.23482,11.0
11/19/2025,11:44:47,11/19/2025,11:46:39,long,24681.75,24701.5,REVERSAL,19.75,391.0,1,17.357495,12.25,12.3,26.036242,0.470498,0.25949,0.273489,0.233595,11.0
11/19/2025,11:46:39,11/19/2025,11:47:55,short,24701.5,24675.61,TARGET,25.8944,513.89,1,17.262949,11.625,11.2,25.894423,0.448938,0.330418,1.082751,0.241308,11.0
11/19/2025,11:48:03,11/19/2025,11:48:40,long,24681.0,24665.21,STOP,-15.7901,-319.8,0,15.790108,13.3,13.1,23.685161,0.561533,0.443499,0.33534,0.227837,11.0
11/19/2025,11:48:40,11/19/2025,11:53:01,long,24659.75,24683.33,TARGET,23.5842,467.68,1,15.722788,13.25,14.0,23.584182,0.561817,0.417906,-0.525369,0.229793,11.0
11/19/2025,11:53:30,11/19/2025,11:55:15,short,24690.5,24670.59,TARGET,19.9142,394.28,1,13.276139,11.9,16.5,19.914209,0.597563,0.420568,1.188077,0.210356,11.0
11/19/2025,11:55:33,11/19/2025,11:55:42,long,24677.25,24665.12,STOP,-12.128,-246.56,0,12.128016,13.1,15.2,18.192024,0.720096,0.555529,0.584378,0.201622,11.0
11/19/2025,11:55:42,11/19/2025,11:56:00,long,24680.0,24690.25,REVERSAL,10.25,201.0,1,12.116492,13.65,15.0,18.174738,0.751042,0.556596,0.729714,0.202933,11.0
11/19/2025,11:56:00,11/19/2025,11:56:50,short,24690.25,24671.98,TARGET,18.2694,361.39,1,12.179631,13.7,15.0,18.269446,0.749886,0.57329,1.277801,0.205354,11.0
11/19/2025,11:57:08,11/19/2025,11:59:29,short,24697.5,24709.97,STOP,-12.4717,-253.43,0,12.471693,14.825,17.1,18.707539,0.792461,0.63055,1.623878,0.21564,11.0
11/19/2025,12:01:05,11/19/2025,12:02:27,short,24711.5,24686.08,TARGET,25.4179,504.36,1,16.945279,10.025,9.6,25.417918,0.394407,0.953141,1.621453,0.3342,12.0
11/19/2025,12:03:28,11/19/2025,12:03:57,long,24665.25,24648.64,STOP,-16.6072,-336.14,0,16.607177,13.15,14.3,24.910765,0.527884,0.786535,-0.316615,0.347955,12.0
11/19/2025,12:06:11,11/19/2025,12:14:15,long,24630.5,24600.69,STOP,-29.8092,-600.18,0,29.809221,10.7,9.2,44.713831,0.2393,0.041284,-0.462566,0.652447,12.0
11/19/2025,12:28:19,11/19/2025,12:28:57,short,24631.75,24645.06,STOP,-13.3066,-270.13,0,13.306595,12.225,9.8,19.959892,0.612478,0.234604,1.069267,0.285712,12.0
11/19/2025,12:29:09,11/19/2025,12:30:16,short,24629.25,24608.87,TARGET,20.3829,403.66,1,13.58862,11.875,9.3,20.38293,0.582595,0.3985,0.873842,0.295435,12.0
11/19/2025,12:30:16,11/19/2025,12:31:02,long,24609.25,24628.93,TARGET,19.6793,389.59,1,13.119533,11.3,11.7,19.6793,0.574207,0.450137,-0.095041,0.287564,12.0
11/19/2025,12:31:02,11/19/2025,12:31:31,short,24623.75,24611.25,REVERSAL,12.5,246.0,1,12.53502,11.925,12.5,18.80253,0.634223,0.492575,0.689469,0.276754,12.0
11/19/2025,12:31:31,11/19/2025,12:31:50,long,24611.25,24629.79,TARGET,18.5375,366.75,1,12.358366,11.925,14.2,18.53755,0.643289,0.487188,0.043494,0.273882,12.0
11/19/2025,12:32:04,11/19/2025,12:32:21,short,24617.5,24605.75,REVERSAL,11.75,231.0,1,12.295712,14.575,14.9,18.443567,0.790248,0.513954,0.388037,0.273793,12.0
11/19/2025,12:32:21,11/19/2025,12:32:38,long,24605.75,24593.5,STOP,-12.2456,-248.91,0,12.245637,14.825,14.1,18.368455,0.80709,0.50098,-0.235092,0.272779,12.0
11/19/2025,12:40:10,11/19/2025,12:42:10,long,24527.75,24588.88,TARGET,61.1345,1218.69,1,40.756331,10.95,12.3,61.134497,0.179113,-0.090199,-0.395812,0.729158,12.0
11/19/2025,12:42:23,11/19/2025,12:43:12,short,24598.25,24636.34,STOP,-38.0854,-765.71,0,38.085442,10.125,6.8,57.128163,0.177233,0.191442,0.932536,0.66926,12.0
11/19/2025,12:43:12,11/19/2025,12:45:42,short,24636.75,24577.02,TARGET,59.7251,1190.5,1,39.816729,9.175,6.7,59.725093,0.153621,0.444275,1.525114,0.702904,12.0
11/19/2025,12:46:05,11/19/2025,12:52:55,short,24611.25,24649.07,STOP,-37.82,-760.4,0,37.82001,14.225,7.3,56.730015,0.250749,0.851853,1.171426,0.672364,12.0
11/19/2025,12:52:55,11/19/2025,13:07:22,short,24650.0,24615.75,REVERSAL,34.25,681.0,1,42.024911,12.4,12.8,63.037366,0.196709,0.940304,1.566788,0.774339,12.0
11/19/2025,13:07:22,11/19/2025,13:08:11,long,24615.75,24644.75,REVERSAL,29.0,576.0,1,21.390774,12.9,14.0,32.086161,0.402042,0.852382,0.122735,0.446418,13.0
11/19/2025,13:08:11,11/19/2025,13:11:28,short,24644.75,24666.19,STOP,-21.4375,-432.75,0,21.437475,12.75,10.5,32.156213,0.396502,0.769864,1.014053,0.448335,13.0
11/19/2025,13:12:09,11/19/2025,13:13:10,short,24663.0,24682.47,STOP,-19.4671,-393.34,0,19.467088,10.425,12.6,29.200631,0.357013,0.86406,1.369844,0.416728,13.0
11/19/2025,13:17:56,11/19/2025,13:19:14,long,24635.0,24619.59,STOP,-15.4127,-312.25,0,15.412721,12.675,18.0,23.119082,0.548248,0.701222,0.000196,0.343235,13.0
11/19/2025,13:19:55,11/19/2025,13:21:28,long,24632.25,24655.92,TARGET,23.6664,469.33,1,15.777615,12.175,17.2,23.666422,0.514442,0.463318,-0.082048,0.357246,13.0
11/19/2025,13:21:28,11/19/2025,13:23:30,short,24665.25,24641.42,TARGET,23.8288,472.58,1,15.885858,12.375,16.6,23.828787,0.51933,0.47507,1.299243,0.362749,13.0
11/19/2025,13:24:57,11/19/2025,13:27:15,short,24660.25,24636.22,TARGET,24.0273,476.55,1,16.018217,13.65,22.4,24.027325,0.568103,0.536796,1.04875,0.367747,13.0
11/19/2025,13:27:15,11/19/2025,13:27:42,long,24633.75,24617.94,STOP,-15.8103,-320.21,0,15.810341,13.475,24.0,23.715511,0.568194,0.502517,-0.079895,0.363613,13.0
11/19/2025,13:30:32,11/19/2025,13:35:48,long,24619.0,24649.32,TARGET,30.316,602.32,1,20.210661,11.95,15.2,30.315992,0.394181,0.091359,-0.321596,0.470493,13.0
11/19/2025,13:35:54,11/19/2025,13:37:09,short,24654.75,24675.83,STOP,-21.0758,-425.52,0,21.075791,11.225,21.1,31.613687,0.355068,0.201107,0.971157,0.49978,13.0
11/19/2025,13:37:47,11/19/2025,13:38:14,short,24677.0,24699.34,STOP,-22.3404,-450.81,0,22.340434,11.725,12.4,33.510651,0.349889,0.461622,1.504158,0.533405,13.0
11/19/2025,13:43:35,11/19/2025,13:51:47,long,24624.0,24663.5,TARGET,39.4965,785.93,1,26.331024,14.125,18.4,39.496536,0.357626,0.802472,-0.057454,0.630143,13.0
11/19/2025,13:51:47,11/19/2025,13:56:09,short,24664.25,24692.0,STOP,-27.749,-558.98,0,27.748998,13.625,16.0,41.623497,0.327339,0.437022,1.024704,0.692297,13.0
11/19/2025,13:56:09,11/19/2025,14:00:24,short,24696.0,24653.85,TARGET,42.1496,838.99,1,28.099717,12.725,19.2,42.149575,0.301901,0.615241,1.647283,0.727327,13.0
11/19/2025,14:01:21,11/19/2025,14:06:13,short,24659.5,24639.75,REVERSAL,19.75,391.0,1,25.505536,15.825,7.9,38.258304,0.413636,0.632362,0.482945,0.671772,14.0
11/19/2025,14:06:13,11/19/2025,14:09:18,long,24639.75,24670.5,REVERSAL,30.75,611.0,1,23.602894,12.125,14.8,35.404341,0.342472,0.564318,0.000697,0.614788,14.0
11/19/2025,14:09:18,11/19/2025,14:10:21,short,24670.5,24637.28,TARGET,33.2189,660.38,1,22.14593,12.3,15.2,33.218895,0.370271,0.585032,0.999565,0.574045,14.0
11/19/2025,14:10:21,11/19/2025,14:14:42,long,24637.75,24670.97,TARGET,33.2244,660.49,1,22.149577,12.0,14.4,33.224365,0.361181,0.560732,0.03197,0.573046,14.0
11/19/2025,14:14:42,11/19/2025,14:16:46,short,24673.5,24641.64,TARGET,31.8644,633.29,1,21.242955,13.225,23.5,31.864432,0.41504,0.504569,1.064972,0.546425,14.0
11/19/2025,14:16:46,11/19/2025,14:25:33,long,24635.25,24615.23,STOP,-20.0205,-404.41,0,20.02053,14.7,22.5,30.030795,0.489498,0.428118,-0.230833,0.513984,14.0
11/19/2025,14:30:12,11/19/2025,14:32:44,long,24607.0,24582.32,STOP,-24.6829,-497.66,0,24.682931,11.225,18.8,37.024396,0.303178,-0.083982,-0.424188,0.624391,14.0
11/19/2025,14:50:55,11/19/2025,14:51:51,short,24620.75,24643.51,STOP,-22.7632,-459.26,0,22.763248,12.275,25.6,34.144872,0.359498,0.317641,0.950653,0.573839,14.0
11/19/2025,14:57:27,11/19/2025,15:11:16,short,24659.25,24695.07,STOP,-35.8249,-720.5,0,35.824939,11.95,13.0,53.737408,0.222378,1.127051,1.339266,1.075965,14.0
11/19/2025,15:40:38,11/19/2025,15:45:43,long,24761.5,24742.19,STOP,-19.3112,-390.22,0,19.311229,10.55,11.3,28.966844,0.36421,0.751743,-0.140991,0.292998,15.0
11/20/2025,09:30:02,11/20/2025,09:30:16,short,25240.0,25211.61,TARGET,28.3858,563.72,1,18.923886,8.75,12.3,28.38583,0.308252,0.453448,1.130772,0.367138,9.0
11/20/2025,09:30:16,11/20/2025,09:30:18,long,25209.25,25192.99,STOP,-16.2638,-329.28,0,16.263773,11.575,1.6,24.39566,0.47447,0.368728,-0.136076,0.31398,9.0
11/20/2025,09:31:01,11/20/2025,09:32:22,long,25200.0,25177.73,STOP,-22.2695,-449.39,0,22.269536,10.9,2.6,33.404304,0.326305,-0.026682,-0.086601,0.432824,9.0
11/20/2025,09:35:12,11/20/2025,09:36:07,short,25215.5,25183.41,TARGET,32.091,637.82,1,21.393997,13.875,6.6,32.090996,0.432364,0.193298,0.966642,0.412779,9.0
11/20/2025,09:36:07,11/20/2025,09:37:01,long,25184.5,25214.25,REVERSAL,29.75,591.0,1,20.623629,11.175,5.1,30.935443,0.361236,0.419209,0.026676,0.395022,9.0
11/20/2025,09:37:01,11/20/2025,09:39:30,short,25214.25,25184.93,TARGET,29.3244,582.49,1,19.549593,15.525,6.2,29.324389,0.529423,0.468204,1.09737,0.373552,9.0
11/20/2025,09:39:50,11/20/2025,09:40:20,short,25209.75,25226.3,STOP,-16.5468,-334.94,0,16.546769,14.175,9.3,24.820154,0.571108,0.790251,1.129831,0.312974,9.0
11/20/2025,09:40:32,11/20/2025,09:40:57,short,25206.25,25180.02,TARGET,26.2276,520.55,1,17.485093,14.025,7.2,26.227639,0.534741,0.879335,0.915783,0.328587,9.0
11/20/2025,09:40:57,11/20/2025,09:41:27,long,25186.75,25169.37,STOP,-17.3756,-351.51,0,17.375604,13.825,6.7,26.063405,0.530437,0.797797,0.163129,0.326412,9.0
11/20/2025,09:41:27,11/20/2025,09:41:40,long,25170.25,25153.75,STOP,-16.4976,-333.95,0,16.497579,15.275,6.7,24.746369,0.617262,0.632416,-0.554801,0.309782,9.0
11/20/2025,09:43:18,11/20/2025,09:43:31,short,25205.75,25225.14,STOP,-19.3944,-391.89,0,19.394406,14.1,7.4,29.091608,0.484676,0.371819,0.972215,0.364243,9.0
11/20/2025,09:44:04,11/20/2025,09:45:31,short,25216.25,25184.64,TARGET,31.6142,628.28,1,21.076131,10.975,5.4,31.614197,0.347154,0.607787,1.133655,0.391766,9.0
11/20/2025,09:45:31,11/20/2025,09:46:28,long,25182.75,25211.66,TARGET,28.9057,574.11,1,19.270475,11.85,6.3,28.905713,0.409954,0.524621,-0.096941,0.356043,9.0
11/20/2025,09:46:28,11/20/2025,09:47:09,short,25210.5,25229.78,STOP,-19.2833,-389.67,0,19.283318,13.875,6.3,28.924978,0.479689,0.502262,0.885394,0.356069,9.0
11/20/2025,09:47:09,11/20/2025,09:47:55,short,25229.25,25248.46,STOP,-19.2139,-388.28,0,19.213907,15.325,7.6,28.82086,0.531733,0.594748,1.55349,0.353775,9.0
11/20/2025,10:05:15,11/20/2025,10:05:26,long,25264.25,25246.76,STOP,-17.4863,-353.73,0,17.486305,10.2,9.0,26.229458,0.388876,0.663649,0.263529,0.448178,10.0
11/20/2025,10:05:26,11/20/2025,10:05:49,long,25244.75,25228.23,STOP,-16.5247,-334.49,0,16.524673,10.8,8.9,24.78701,0.435712,0.575175,-0.556703,0.429675,10.0
11/20/2025,10:18:01,11/20/2025,10:18:24,short,25214.75,25233.83,STOP,-19.0781,-385.56,0,19.07811,11.0,8.8,28.617165,0.384385,0.16939,1.09003,0.561998,10.0
11/20/2025,10:19:30,11/20/2025,10:19:52,short,25205.0,25221.94,STOP,-16.9396,-342.79,0,16.939583,11.075,8.2,25.409375,0.435863,0.667435,0.826848,0.502616,10.0
11/20/2025,10:46:24,11/20/2025,10:48:09,long,25274.5,25258.66,STOP,-15.8389,-320.78,0,15.838857,8.1,7.9,23.758286,0.340934,0.750544,0.285759,0.417537,10.0
11/20/2025,10:48:09,11/20/2025,10:48:25,long,25254.75,25239.51,STOP,-15.2442,-308.88,0,15.244247,9.2,10.0,22.866371,0.402338,0.458646,-0.616596,0.402745,10.0
11/20/2025,11:27:13,11/20/2025,11:27:46,short,24949.0,24968.54,STOP,-19.5371,-394.74,0,19.537107,12.15,5.2,29.305661,0.414596,0.380576,1.103382,0.153202,11.0
11/20/2025,11:27:57,11/20/2025,11:29:02,short,24960.25,24928.37,TARGET,31.875,633.5,1,21.250029,9.525,4.4,31.875044,0.298823,0.634062,1.329803,0.167378,11.0
11/20/2025,11:29:11,11/20/2025,11:30:00,long,24919.0,24896.84,STOP,-22.1628,-447.26,0,22.16285,12.625,4.2,33.244274,0.379765,0.748503,0.046087,0.177061,11.0
11/20/2025,11:30:21,11/20/2025,11:30:54,long,24893.75,24927.76,TARGET,34.0066,676.13,1,22.67106,11.225,5.3,34.00659,0.330083,0.409496,-0.424674,0.184168,11.0
11/20/2025,11:31:10,11/20/2025,11:31:30,long,24896.25,24873.26,STOP,-22.9923,-463.85,0,22.992262,14.15,6.2,34.488393,0.410283,0.337131,-0.313969,0.188777,11.0
11/20/2025,11:32:13,11/20/2025,11:34:36,long,24887.25,24857.86,STOP,-29.3937,-591.87,0,29.39368,12.1,4.3,44.090519,0.274435,0.043667,-0.224872,0.243927,11.0
11/20/2025,11:48:57,11/20/2025,11:49:31,short,24776.0,24738.92,TARGET,37.0814,737.63,1,24.720927,16.65,5.6,37.08139,0.449012,0.258414,1.04913,0.223091,11.0
11/20/2025,11:49:31,11/20/2025,11:50:45,long,24734.0,24765.75,TARGET,31.7457,630.91,1,21.163807,13.6,5.5,31.74571,0.428404,0.423653,-0.090237,0.192568,11.0
11/20/2025,11:50:45,11/20/2025,11:50:58,short,24767.5,24737.84,TARGET,29.6581,589.16,1,19.772079,13.7,5.8,29.658119,0.461931,0.530087,1.101943,0.181831,11.0
11/20/2025,11:51:03,11/20/2025,11:51:20,long,24750.25,24772.75,REVERSAL,22.5,446.0,1,19.819437,14.95,5.5,29.729156,0.502873,0.522033,0.522873,0.182856,11.0
11/20/2025,11:51:20,11/20/2025,11:51:50,short,24772.75,24792.71,STOP,-19.9636,-403.27,0,19.963631,16.125,5.9,29.945447,0.538479,0.548713,1.263305,0.185096,11.0
11/20/2025,11:52:06,11/20/2025,11:52:31,short,24784.5,24750.91,TARGET,33.5861,667.72,1,22.390732,11.65,4.6,33.586098,0.34687,0.80679,1.440791,0.21391,11.0
11/20/2025,11:52:47,11/20/2025,11:53:04,long,24733.75,24764.38,TARGET,30.6343,608.69,1,20.422864,11.775,4.3,30.634296,0.384373,0.822586,-0.036082,0.198563,11.0
11/20/2025,11:53:08,11/20/2025,11:53:32,short,24757.5,24732.75,REVERSAL,24.75,491.0,1,20.602776,13.45,5.1,30.904164,0.435216,0.769485,0.746731,0.20188,11.0
11/20/2025,11:53:32,11/20/2025,11:54:10,long,24732.75,24712.14,STOP,-20.6131,-416.26,0,20.613069,15.125,6.1,30.919604,0.489172,0.701822,-0.050702,0.203011,11.0
11/20/2025,11:56:27,11/20/2025,11:58:15,long,24615.75,24555.06,STOP,-60.6945,-1217.89,0,60.694453,13.225,4.3,91.041679,0.145263,-0.11272,-0.582252,0.567867,11.0
11/20/2025,12:01:39,11/20/2025,12:03:49,short,24611.5,24562.54,TARGET,48.9633,975.27,1,32.64217,16.425,5.4,48.963255,0.335456,0.461753,1.084111,0.256652,12.0
11/20/2025,12:03:49,11/20/2025,12:04:16,long,24554.25,24598.01,TARGET,43.7553,871.11,1,29.170177,14.6,4.9,43.755265,0.333674,0.838534,-0.064618,0.230202,12.0
11/20/2025,12:04:16,11/20/2025,12:05:19,short,24608.25,24564.78,TARGET,43.4707,865.41,1,28.980435,18.725,5.3,43.470652,0.43075,0.814708,1.193111,0.22909,12.0
11/20/2025,12:05:48,11/20/2025,12:06:44,long,24569.0,24540.1,STOP,-28.8996,-581.99,0,28.899578,15.75,7.3,43.349367,0.363327,0.714449,0.288348,0.228415,12.0
11/20/2025,12:06:44,11/20/2025,12:07:05,long,24533.75,24505.42,STOP,-28.3332,-570.66,0,28.333211,16.775,5.6,42.499816,0.394708,0.444303,-0.561005,0.222438,12.0
11/20/2025,12:21:54,11/20/2025,12:25:00,short,24461.75,24411.05,TARGET,50.7039,1010.08,1,33.802568,16.725,4.8,50.703852,0.329857,0.217665,1.162277,0.268675,12.0
11/20/2025,12:25:03,11/20/2025,12:26:22,long,24404.25,24437.5,REVERSAL,33.25,661.0,1,25.567217,14.625,5.5,38.350825,0.381348,0.882537,0.045838,0.209379,12.0
11/20/2025,12:26:22,11/20/2025,12:26:29,short,24437.5,24463.79,STOP,-26.293,-529.86,0,26.293043,16.175,6.2,39.439565,0.410121,0.623955,0.93237,0.218803,12.0
11/20/2025,12:26:29,11/20/2025,12:27:04,short,24464.0,24490.62,STOP,-26.6232,-536.46,0,26.623238,17.4,6.4,39.934857,0.43571,0.646737,1.576941,0.221898,12.0
11/20/2025,12:31:46,11/20/2025,12:33:05,long,24427.75,24401.88,STOP,-25.8698,-521.4,0,25.869811,19.3,7.8,38.804716,0.497362,0.730724,-0.007735,0.235413,12.0
11/20/2025,12:33:25,11/20/2025,12:34:09,long,24419.75,24394.24,STOP,-25.5071,-514.14,0,25.507143,18.2,8.7,38.260715,0.475684,0.457973,-0.199085,0.241939,12.0
11/20/2025,12:39:55,11/20/2025,12:43:42,short,24448.0,24371.82,TARGET,76.1773,1519.55,1,50.784854,12.725,8.2,76.177281,0.167045,0.276271,1.002414,0.606013,12.0
11/20/2025,12:43:42,11/20/2025,12:45:58,long,24367.5,24327.5,STOP,-40.0049,-804.1,0,40.004906,15.175,10.1,60.007359,0.252886,0.664175,0.015059,0.514983,12.0
11/20/2025,12:45:58,11/20/2025,12:50:54,long,24321.25,24378.09,TARGET,56.8353,1132.71,1,37.890176,15.7,6.4,56.835265,0.276237,0.4504,-0.591664,0.492975,12.0
11/20/2025,12:52:02,11/20/2025,12:53:17,short,24412.0,24351.95,TARGET,60.0508,1197.02,1,40.033889,14.725,7.5,60.050834,0.245209,0.282712,1.065937,0.50797,12.0
11/20/2025,12:53:21,11/20/2025,12:55:49,long,24346.5,24377.0,REVERSAL,30.5,606.0,1,35.199068,13.175,6.9,52.798602,0.249533,0.46727,0.021815,0.462704,12.0
11/20/2025,12:55:49,11/20/2025,12:57:11,short,24377.0,24403.66,STOP,-26.6585,-537.17,0,26.658547,16.025,9.2,39.98782,0.400747,0.455368,1.024535,0.36906,12.0
11/20/2025,12:57:18,11/20/2025,12:58:15,short,24374.75,24400.39,STOP,-25.6359,-516.72,0,25.635864,19.725,8.9,38.453796,0.512953,0.681311,1.012693,0.373265,12.0
11/20/2025,13:18:00,11/20/2025,13:21:10,long,24486.5,24550.33,TARGET,63.8266,1272.53,1,42.551059,16.875,7.6,63.826588,0.264388,0.754889,-0.014715,0.662082,13.0
11/20/2025,13:21:26,11/20/2025,13:24:49,long,24504.25,24471.56,STOP,-32.6949,-657.9,0,32.694913,17.025,8.3,49.04237,0.347149,0.296822,-0.016492,0.490188,13.0
11/20/2025,13:24:49,11/20/2025,13:32:03,long,24476.5,24513.5,REVERSAL,37.0,736.0,1,33.590532,16.975,10.5,50.385798,0.3369,0.076331,-0.533674,0.495795,13.0
11/20/2025,13:32:03,11/20/2025,13:32:38,short,24513.5,24488.32,TARGET,25.1807,499.61,1,16.787125,16.225,8.8,25.180688,0.644343,0.410466,1.012992,0.24196,13.0
11/20/2025,13:32:38,11/20/2025,13:32:56,long,24484.0,24467.28,STOP,-16.7165,-338.33,0,16.716451,17.525,9.8,25.074676,0.698912,0.433614,-0.141883,0.240364,13.0
11/20/2025,13:34:38,11/20/2025,13:36:19,long,24447.75,24418.98,STOP,-28.7691,-579.38,0,28.76913,13.9,7.2,43.153696,0.322105,-0.033519,-0.443083,0.414792,13.0
11/20/2025,14:09:58,11/20/2025,14:10:22,short,24281.75,24248.36,TARGET,33.388,663.76,1,22.258661,16.325,10.0,33.387991,0.488948,0.20616,1.177264,0.220024,14.0
11/20/2025,14:10:45,11/20/2025,14:12:26,short,24279.75,24246.6,TARGET,33.1485,658.97,1,22.098982,16.175,10.4,33.148473,0.487956,0.310151,1.13653,0.216803,14.0
11/20/2025,14:12:26,11/20/2025,14:13:19,long,24236.25,24270.6,TARGET,34.3545,683.09,1,22.902977,15.075,11.4,34.354466,0.438808,0.461198,-0.173784,0.22156,14.0
11/20/2025,14:14:18,11/20/2025,14:17:51,short,24275.0,24298.19,STOP,-23.1943,-467.89,0,23.194331,16.0,11.9,34.791496,0.459882,0.462068,0.939906,0.220667,14.0
11/20/2025,14:19:17,11/20/2025,14:20:01,short,24282.25,24308.22,STOP,-25.9662,-523.32,0,25.9662,15.85,7.9,38.949299,0.406939,0.912193,0.993847,0.242086,14.0
11/20/2025,14:32:19,11/20/2025,14:37:23,long,24274.75,24321.82,TARGET,47.0655,937.31,1,31.377011,14.6,12.9,47.065516,0.310206,0.810869,-0.018054,0.284363,14.0
11/20/2025,14:38:08,11/20/2025,14:42:50,long,24285.0,24324.15,TARGET,39.1492,778.98,1,26.099466,20.075,17.2,39.149199,0.512782,0.392906,-0.016039,0.235956,14.0
11/20/2025,14:42:50,11/20/2025,14:43:21,short,24327.0,24287.89,TARGET,39.1098,778.2,1,26.073211,15.65,14.2,39.109816,0.400155,0.25588,1.099146,0.238277,14.0
11/20/2025,14:43:21,11/20/2025,14:44:14,long,24286.0,24325.12,TARGET,39.1154,778.31,1,26.076931,17.75,13.4,39.115396,0.453786,0.274887,0.045128,0.239211,14.0
11/20/2025,14:44:14,11/20/2025,14:46:30,short,24321.25,24281.97,TARGET,39.2839,781.68,1,26.189234,18.075,11.0,39.283851,0.460113,0.312766,0.947894,0.241841,14.0
11/20/2025,14:46:30,11/20/2025,14:50:42,long,24275.0,24314.58,TARGET,39.5837,787.67,1,26.389138,17.925,16.1,39.583707,0.452838,0.369647,-0.215509,0.248397,14.0
11/20/2025,14:51:27,11/20/2025,14:52:59,long,24309.25,24322.5,REVERSAL,13.25,261.0,1,26.128162,18.025,19.7,39.192244,0.459912,0.333181,0.667061,0.261494,14.0
11/20/2025,14:52:59,11/20/2025,14:54:14,short,24322.5,24347.15,STOP,-24.648,-496.96,0,24.648029,16.975,17.0,36.972043,0.459131,0.436926,1.078613,0.253504,14.0
11/20/2025,14:56:41,11/20/2025,14:57:12,short,24341.5,24366.92,STOP,-25.4177,-512.35,0,25.417695,12.2,11.2,38.126542,0.319987,1.058691,1.52127,0.283189,14.0
11/20/2025,15:02:25,11/20/2025,15:21:43,long,24299.25,24341.75,REVERSAL,42.5,846.0,1,36.173521,14.2,7.3,54.260281,0.261702,0.783363,-0.034968,0.459698,15.0
11/20/2025,15:21:43,11/20/2025,15:23:31,short,24341.75,24295.5,REVERSAL,46.25,921.0,1,33.224919,14.125,20.3,49.837379,0.283422,0.308307,0.928092,0.703347,15.0
11/20/2025,15:23:31,11/20/2025,15:24:36,long,24295.5,24266.57,STOP,-28.928,-582.56,0,28.928009,16.35,17.3,43.392014,0.376797,0.407822,0.019612,0.634156,15.0
11/20/2025,15:24:54,11/20/2025,15:26:50,long,24273.0,24248.79,STOP,-24.2116,-488.23,0,24.211629,16.05,17.5,36.317443,0.441936,0.374095,-0.534971,0.556477,15.0
11/21/2025,09:30:02,11/21/2025,09:30:20,long,24193.5,24229.89,TARGET,36.3854,723.71,1,24.256951,10.425,4.7,36.385426,0.286516,-0.026271,-0.346218,0.243275,9.0
11/21/2025,09:30:20,11/21/2025,09:30:30,short,24234.75,24255.77,STOP,-21.0236,-424.47,0,21.023629,10.55,1.8,31.535443,0.334544,0.135618,0.990321,0.216203,9.0
11/21/2025,09:30:32,11/21/2025,09:30:36,short,24248.25,24269.5,STOP,-21.2507,-429.01,0,21.250717,10.825,1.7,31.876075,0.339596,0.422348,1.404675,0.224047,9.0
11/21/2025,09:31:36,11/21/2025,09:32:12,long,24197.0,24234.82,TARGET,37.8221,752.44,1,25.214735,15.2,3.2,37.822103,0.401881,0.742189,-0.175597,0.298893,9.0
11/21/2025,09:32:12,11/21/2025,09:32:21,short,24243.0,24266.85,STOP,-23.8538,-481.08,0,23.853844,14.325,3.2,35.780766,0.400355,0.674698,1.193878,0.291099,9.0
11/21/2025,09:32:40,11/21/2025,09:33:10,short,24254.25,24214.79,TARGET,39.4611,785.22,1,26.307418,13.675,3.1,39.461127,0.346544,0.840332,1.339941,0.324735,9.0
11/21/2025,09:33:15,11/21/2025,09:33:33,long,24198.25,24172.36,STOP,-25.8902,-521.8,0,25.890223,15.7,4.3,38.835335,0.404271,0.72447,-0.137049,0.321981,9.0
11/21/2025,09:33:44,11/21/2025,09:34:20,long,24188.25,24231.26,TARGET,43.0137,856.27,1,28.675832,13.1,3.4,43.013749,0.304554,0.380423,-0.250865,0.359849,9.0
11/21/2025,09:34:20,11/21/2025,09:35:04,short,24252.5,24210.11,TARGET,42.3882,843.76,1,28.258793,17.775,4.2,42.388189,0.419339,0.373547,1.215412,0.35493,9.0
11/21/2025,09:35:08,11/21/2025,09:35:40,long,24208.75,24181.1,STOP,-27.6494,-556.99,0,27.649441,14.175,4.8,41.474161,0.341779,0.38973,0.102584,0.34724,9.0
11/21/2025,09:35:45,11/21/2025,09:36:33,long,24188.25,24229.58,TARGET,41.333,822.66,1,27.555306,13.85,4.5,41.332959,0.335084,0.215626,-0.395411,0.348412,9.0
11/21/2025,09:36:45,11/21/2025,09:38:19,short,24249.75,24208.05,TARGET,41.7034,830.07,1,27.802246,18.175,4.6,41.703369,0.435816,0.277335,1.119794,0.357702,9.0
11/21/2025,09:38:32,11/21/2025,09:40:01,long,24191.5,24165.92,STOP,-25.5808,-515.62,0,25.580781,17.575,6.4,38.371171,0.458026,0.63287,-0.260467,0.351957,9.0
11/21/2025,09:40:14,11/21/2025,09:40:54,long,24173.75,24218.52,TARGET,44.7675,891.35,1,29.845026,13.425,5.5,44.76754,0.299882,0.199153,-0.401769,0.454758,9.0
11/21/2025,09:40:56,11/21/2025,09:42:04,short,24237.75,24264.9,STOP,-27.153,-547.06,0,27.152994,13.85,4.9,40.729491,0.340048,0.320034,1.185744,0.447016,9.0
11/21/2025,09:42:07,11/21/2025,09:42:27,short,24247.75,24205.13,TARGET,42.6234,848.47,1,28.415608,17.025,6.3,42.623412,0.399428,0.614023,1.300851,0.556374,9.0
11/21/2025,09:42:38,11/21/2025,09:45:27,long,24197.5,24170.59,STOP,-26.9128,-542.26,0,26.912805,16.825,6.3,40.369207,0.416778,0.532525,0.054549,0.590917,9.0
11/21/2025,09:45:27,11/21/2025,09:45:55,long,24173.75,24146.59,STOP,-27.1609,-547.22,0,27.160921,17.625,10.7,40.741382,0.432607,0.348277,-0.379695,0.760484,9.0
11/21/2025,09:48:21,11/21/2025,09:53:33,short,24205.0,24244.68,STOP,-39.6781,-797.56,0,39.678052,13.75,3.8,59.517079,0.231026,0.245392,0.983559,1.116332,9.0
11/21/2025,09:55:13,11/21/2025,09:56:28,short,24267.5,24195.2,TARGET,72.3026,1442.05,1,48.201743,13.925,4.9,72.302614,0.192593,1.070054,1.497405,1.311344,9.0
11/21/2025,09:56:31,11/21/2025,10:01:06,long,24177.5,24136.95,STOP,-40.5489,-814.98,0,40.54893,15.925,5.9,60.823395,0.261824,0.891498,-0.016989,1.109034,9.0
11/21/2025,10:03:15,11/21/2025,10:05:15,long,24100.0,24188.08,TARGET,88.0847,1757.69,1,58.723109,9.75,4.1,88.084664,0.110689,-0.098057,-0.50832,1.38839,10.0
11/21/2025,10:05:23,11/21/2025,10:08:27,short,24187.75,24122.34,TARGET,65.406,1304.12,1,43.604005,15.325,4.1,65.406007,0.234306,0.281532,1.016963,0.981846,10.0
11/21/2025,10:08:27,11/21/2025,10:09:38,long,24129.5,24174.25,REVERSAL,44.75,891.0,1,39.299355,18.45,6.4,58.949033,0.312982,0.81706,0.181801,0.895162,10.0
11/21/2025,10:09:38,11/21/2025,10:10:05,short,24174.25,24118.22,TARGET,56.0274,1116.55,1,37.351587,17.275,6.8,56.02738,0.308331,0.775581,1.01341,0.852183,10.0
11/21/2025,10:10:05,11/21/2025,10:17:01,long,24111.25,24073.81,STOP,-37.4442,-752.88,0,37.444208,19.475,5.9,56.166313,0.346738,0.704627,-0.121369,0.849122,10.0
11/21/2025,10:17:01,11/21/2025,10:19:03,long,24071.0,24126.81,TARGET,55.8146,1112.29,1,37.209701,18.725,7.8,55.814552,0.335486,0.08672,-0.637651,0.735814,10.0
11/21/2025,10:19:03,11/21/2025,10:20:14,short,24120.5,24080.08,TARGET,40.4248,804.5,1,26.949842,16.225,6.0,40.424763,0.401363,0.107345,0.800435,0.504487,10.0
11/21/2025,10:20:14,11/21/2025,10:21:07,long,24084.75,24059.0,STOP,-25.7486,-518.97,0,25.748553,16.3,7.1,38.622829,0.42203,0.373038,-0.064757,0.481281,10.0
11/21/2025,10:21:31,11/21/2025,10:21:38,long,24069.75,24045.49,STOP,-24.2551,-489.1,0,24.255066,13.825,6.2,36.382599,0.379989,0.232169,-0.274958,0.445608,10.0
11/21/2025,10:22:40,11/21/2025,10:23:25,short,24115.5,24141.58,STOP,-26.076,-525.52,0,26.076012,18.725,3.6,39.114018,0.478729,0.244141,1.144526,0.458307,10.0
11/21/2025,10:23:32,11/21/2025,10:24:43,short,24126.25,24153.61,STOP,-27.3593,-551.19,0,27.359296,18.2,4.7,41.038945,0.443481,0.583046,1.336522,0.486426,10.0
11/21/2025,10:27:40,11/21/2025,10:28:56,long,24083.5,24043.72,STOP,-39.7763,-799.53,0,39.77632,17.95,7.2,59.66448,0.300849,0.75251,0.01663,0.739377,10.0
11/21/2025,10:28:56,11/21/2025,10:35:08,long,24041.75,23999.68,STOP,-42.0656,-845.31,0,42.065569,15.8,6.2,63.098354,0.250403,0.426762,-0.545669,0.76085,10.0
11/21/2025,10:42:57,11/21/2025,10:44:06,short,23999.0,24030.15,STOP,-31.1519,-627.04,0,31.151873,17.675,8.5,46.72781,0.378254,0.385234,0.961984,0.374671,10.0
11/21/2025,10:45:05,11/21/2025,10:45:32,short,24004.25,24034.07,STOP,-29.8246,-600.49,0,29.824551,14.975,5.3,44.736826,0.334735,1.085427,1.122138,0.374121,10.0
11/21/2025,10:57:44,11/21/2025,11:01:55,long,24036.75,24012.64,STOP,-24.113,-486.26,0,24.112976,19.625,9.5,36.169464,0.542585,0.613234,-0.055026,0.363088,10.0
11/21/2025,11:03:07,11/21/2025,11:04:27,long,24002.75,23972.82,STOP,-29.9259,-602.52,0,29.925942,16.5,7.2,44.888914,0.367574,-0.006944,-0.570754,0.461844,11.0
11/21/2025,11:10:05,11/21/2025,11:18:43,short,24057.75,23997.48,TARGET,60.2662,1201.32,1,40.177477,17.2,10.7,60.266215,0.2854,0.303971,1.116805,0.682336,11.0
11/21/2025,11:18:55,11/21/2025,11:20:33,long,24002.75,24056.75,REVERSAL,54.0,1076.0,1,38.78894,16.7,9.6,58.18341,0.287023,0.843541,0.203953,0.697701,11.0
11/21/2025,11:20:33,11/21/2025,11:21:41,short,24056.75,24095.37,STOP,-38.6248,-776.5,0,38.62479,19.2,10.7,57.937185,0.331393,0.721853,1.101341,0.701003,11.0
11/21/2025,11:21:41,11/21/2025,11:24:39,short,24093.25,24133.29,STOP,-40.0439,-804.88,0,40.043912,17.425,9.3,60.065867,0.290098,0.785326,1.5933,0.729178,11.0
11/21/2025,12:15:31,11/21/2025,12:18:40,long,24349.5,24356.0,REVERSAL,6.5,126.0,1,16.213999,12.475,16.6,24.320999,0.512931,0.666659,0.375211,0.128168,12.0
11/21/2025,12:18:40,11/21/2025,12:19:03,short,24356.0,24332.89,TARGET,23.1067,458.13,1,15.404466,13.375,13.8,23.106699,0.578836,0.518271,0.622583,0.119366,12.0
11/21/2025,12:19:03,11/21/2025,12:19:58,long,24333.25,24317.73,STOP,-15.524,-314.48,0,15.524001,14.55,15.5,23.286002,0.624839,0.494398,-0.344821,0.12019,12.0
11/21/2025,12:20:55,11/21/2025,12:21:25,long,24340.25,24323.0,STOP,-17.2462,-348.92,0,17.246225,11.325,9.8,25.869337,0.437777,0.266533,0.190174,0.132853,12.0
11/21/2025,12:23:16,11/21/2025,12:23:55,short,24359.5,24377.21,STOP,-17.7112,-358.22,0,17.711233,12.6,14.1,26.56685,0.474275,0.294296,0.957901,0.1364,12.0
11/21/2025,12:23:55,11/21/2025,12:27:15,short,24379.75,24352.81,TARGET,26.9382,534.76,1,17.958803,12.25,15.0,26.938204,0.454744,0.373761,1.666373,0.13805,12.0
11/21/2025,12:28:12,11/21/2025,12:30:04,long,24342.0,24359.75,REVERSAL,17.75,351.0,1,19.060092,13.475,15.0,28.590138,0.471316,0.588747,0.063486,0.143785,12.0
11/21/2025,12:30:04,11/21/2025,12:31:08,short,24359.75,24378.67,STOP,-18.9164,-382.33,0,18.916444,13.4,15.6,28.374667,0.472252,0.512097,0.667315,0.142845,12.0
11/21/2025,12:31:08,11/21/2025,12:32:58,short,24378.0,24397.13,STOP,-19.1301,-386.6,0,19.130103,13.075,17.6,28.695155,0.455652,0.557319,1.276089,0.144526,12.0
11/21/2025,12:41:06,11/21/2025,12:42:45,long,24345.5,24382.44,TARGET,36.9402,734.8,1,24.626818,12.15,13.1,36.940227,0.32891,0.764598,-0.026256,0.198278,12.0
11/21/2025,12:42:45,11/21/2025,12:46:27,short,24385.5,24359.0,REVERSAL,26.5,526.0,1,24.373805,14.225,15.4,36.560707,0.389079,0.693307,1.037531,0.201131,12.0
11/21/2025,12:46:27,11/21/2025,12:48:16,long,24359.0,24388.66,TARGET,29.6647,589.29,1,19.77648,12.85,20.5,29.66472,0.433174,0.640268,0.040195,0.16785,12.0
11/21/2025,12:48:16,11/21/2025,12:50:25,short,24387.5,24364.5,REVERSAL,23.0,456.0,1,17.190051,17.45,19.6,25.785076,0.676748,0.578167,0.983613,0.147921,12.0
11/21/2025,12:50:25,11/21/2025,12:51:52,long,24364.5,24348.11,STOP,-16.3946,-331.89,0,16.394605,14.975,22.2,24.591907,0.60894,0.54658,-0.003519,0.142965,12.0
11/21/2025,12:51:52,11/21/2025,12:54:07,long,24349.25,24332.36,STOP,-16.8946,-341.89,0,16.89463,12.8,20.3,25.341945,0.505091,0.436674,-0.55497,0.149326,12.0
11/21/2025,12:55:37,11/21/2025,12:56:06,short,24386.0,24358.27,TARGET,27.7296,550.59,1,18.486416,12.55,15.4,27.729624,0.452585,0.254005,0.940233,0.171099,12.0
11/21/2025,12:56:06,11/21/2025,12:58:24,long,24357.75,24339.79,STOP,-17.96,-363.2,0,17.959976,14.45,14.8,26.939963,0.536378,0.226276,-0.114515,0.167193,12.0
11/21/2025,12:59:13,11/21/2025,13:01:06,long,24349.75,24330.77,STOP,-18.9818,-383.64,0,18.981843,12.575,18.7,28.472765,0.44165,0.055059,-0.318414,0.183126,12.0
11/21/2025,13:25:39,11/21/2025,13:26:49,short,24262.25,24231.25,TARGET,31.0025,616.05,1,20.668315,14.75,19.8,31.002472,0.475769,0.429645,0.936901,0.344336,13.0
11/21/2025,13:26:49,11/21/2025,13:29:42,long,24231.25,24261.61,TARGET,30.3567,603.13,1,20.237802,16.975,21.1,30.356703,0.559185,0.440578,-0.042631,0.338153,13.0
11/21/2025,13:29:42,11/21/2025,13:30:27,short,24266.75,24285.96,STOP,-19.2127,-388.25,0,19.212679,18.8,24.3,28.819018,0.652347,0.538747,1.213591,0.324202,13.0
11/21/2025,13:40:30,11/21/2025,13:48:12,short,24362.0,24411.45,STOP,-49.4473,-992.95,0,49.447287,12.95,16.5,74.170931,0.174597,1.118562,1.598308,0.950919,13.0
11/21/2025,13:57:13,11/21/2025,14:04:40,long,24459.75,24523.65,TARGET,63.9024,1274.05,1,42.601575,17.075,12.9,63.902363,0.267205,0.493825,-0.056513,0.498556,13.0
11/21/2025,14:04:40,11/21/2025,14:07:16,short,24524.25,24549.73,STOP,-25.4795,-513.59,0,25.479535,14.65,14.5,38.219303,0.383314,0.235584,0.994187,0.279253,14.0
11/21/2025,14:07:16,11/21/2025,14:20:31,short,24548.75,24574.71,STOP,-25.9561,-523.12,0,25.956051,13.05,11.7,38.934077,0.335182,0.614861,1.577976,0.273102,14.0
11/21/2025,14:32:47,11/21/2025,14:33:27,long,24541.75,24520.92,STOP,-20.8341,-420.68,0,20.834137,10.05,13.1,31.251205,0.321588,0.804969,-0.00718,0.175565,14.0
11/21/2025,14:33:38,11/21/2025,14:36:19,long,24534.75,24566.38,TARGET,31.6258,628.52,1,21.083883,9.85,9.2,31.625824,0.311454,0.545364,-0.214685,0.176581,14.0
11/21/2025,14:40:00,11/21/2025,14:41:28,short,24580.25,24547.94,TARGET,32.3148,642.3,1,21.543229,11.8,22.1,32.314844,0.365157,0.448546,1.171363,0.175829,14.0
11/21/2025,14:41:28,11/21/2025,14:43:20,long,24540.75,24520.08,STOP,-20.6719,-417.44,0,20.671861,12.425,19.4,31.007792,0.400706,0.410257,-0.128229,0.167583,14.0
11/21/2025,14:48:01,11/21/2025,14:53:24,long,24502.0,24469.04,STOP,-32.9613,-663.23,0,32.961253,11.4,12.8,49.44188,0.230574,-0.07662,-0.424419,0.266436,14.0
11/21/2025,15:16:54,11/21/2025,15:23:28,short,24479.75,24450.29,TARGET,29.4615,585.23,1,19.641009,13.25,25.0,29.461513,0.449739,0.444384,0.747611,0.192029,15.0
11/21/2025,15:23:28,11/21/2025,15:24:02,long,24454.25,24436.3,STOP,-17.9483,-362.97,0,17.948254,13.725,26.5,26.922381,0.509799,0.622851,-0.092165,0.192438,15.0
11/21/2025,15:24:53,11/21/2025,15:25:18,long,24457.5,24441.15,STOP,-16.3495,-330.99,0,16.349505,12.0,15.6,24.524258,0.489311,0.515963,0.156768,0.183074,15.0
11/24/2025,09:30:00,11/24/2025,09:30:04,long,24531.25,24544.0,REVERSAL,12.75,251.0,1,17.416282,8.8,30.0,26.124423,0.33685,0.486812,0.418658,0.325437,9.0
11/24/2025,09:30:04,11/24/2025,09:30:12,short,24544.0,24520.75,REVERSAL,23.25,461.0,1,16.85924,9.55,21.9,25.28886,0.377637,0.481256,0.881393,0.320744,9.0
11/24/2025,09:30:12,11/24/2025,09:30:41,long,24520.75,24545.21,TARGET,24.4567,485.13,1,16.3045,11.95,8.2,24.45675,0.488618,0.461242,-0.101572,0.316422,9.0
11/24/2025,09:30:44,11/24/2025,09:31:01,short,24548.5,24564.73,STOP,-16.2277,-328.55,0,16.227691,13.675,3.5,24.341537,0.561797,0.507552,1.051013,0.330624,9.0
11/24/2025,09:35:54,11/24/2025,09:40:30,short,24705.25,24632.25,REVERSAL,73.0,1456.0,1,63.98887,8.375,4.0,95.983305,0.087255,1.106341,1.524084,0.855434,9.0
11/24/2025,09:40:30,11/24/2025,09:42:09,long,24632.25,24686.65,TARGET,54.4014,1084.03,1,36.267597,10.925,6.1,54.401396,0.200822,0.592006,-0.080821,0.411265,9.0
11/24/2025,09:42:26,11/24/2025,09:43:09,short,24684.5,24647.5,TARGET,37.0006,736.01,1,24.667091,14.025,7.0,37.000637,0.379048,0.228539,0.813778,0.269107,9.0
11/24/2025,09:43:09,11/24/2025,09:44:26,long,24643.25,24619.73,STOP,-23.5167,-474.33,0,23.516682,15.525,6.9,35.275024,0.440113,0.190182,-0.382494,0.25458,9.0
11/24/2025,09:45:06,11/24/2025,09:47:50,long,24644.75,24682.75,REVERSAL,38.0,756.0,1,27.904901,14.15,6.6,41.857351,0.338053,-0.003376,-0.105509,0.299223,9.0
11/24/2025,09:47:50,11/24/2025,09:49:09,short,24682.75,24646.73,TARGET,36.0247,716.49,1,24.016439,16.8,8.9,36.024658,0.466347,0.240127,1.127834,0.251332,9.0
11/24/2025,09:49:09,11/24/2025,09:49:37,long,24638.75,24617.7,STOP,-21.054,-425.08,0,21.05401,15.9,8.7,31.581014,0.503467,0.459361,-0.087141,0.218026,9.0
11/24/2025,09:50:57,11/24/2025,09:52:03,long,24607.0,24646.38,TARGET,39.3821,783.64,1,26.254726,12.825,4.9,39.382088,0.325656,0.098967,-0.391966,0.271926,9.0
11/24/2025,09:52:47,11/24/2025,09:54:05,short,24650.75,24678.17,STOP,-27.4193,-552.39,0,27.419334,15.25,6.6,41.129002,0.370785,0.243808,0.785443,0.281335,9.0
11/24/2025,09:54:05,11/24/2025,09:54:44,short,24679.5,24637.39,TARGET,42.1068,838.14,1,28.071172,15.95,9.4,42.106759,0.378799,0.452445,1.439398,0.285192,9.0
11/24/2025,09:55:28,11/24/2025,09:58:19,short,24642.0,24667.68,STOP,-25.675,-517.5,0,25.675014,13.975,8.3,38.51252,0.362869,0.584906,0.634177,0.258728,9.0
11/24/2025,09:58:19,11/24/2025,10:00:00,short,24666.5,24692.38,STOP,-25.8777,-521.55,0,25.877744,14.225,12.7,38.816616,0.366467,0.664253,1.200473,0.261132,9.0
11/24/2025,10:11:00,11/24/2025,10:14:32,long,24690.0,24737.32,TARGET,47.3194,942.39,1,31.546267,15.425,11.7,47.319401,0.325976,0.638599,-0.053578,0.378572,10.0
11/24/2025,10:14:32,11/24/2025,10:19:49,short,24738.5,24701.22,TARGET,37.2834,741.67,1,24.855592,13.1,9.0,37.283388,0.351363,0.161223,0.949597,0.333476,10.0
11/24/2025,10:19:49,11/24/2025,10:21:51,long,24700.0,24736.91,TARGET,36.9061,734.12,1,24.604051,12.675,11.7,36.906076,0.343439,0.502633,-0.069215,0.349802,10.0
11/24/2025,10:21:51,11/24/2025,10:24:15,short,24736.0,24705.23,TARGET,30.7728,611.46,1,20.515186,15.25,11.0,30.772779,0.495568,0.633211,1.157074,0.296677,10.0
11/24/2025,10:24:30,11/24/2025,10:25:20,long,24701.75,24681.53,STOP,-20.2238,-408.48,0,20.223779,11.025,8.7,30.335669,0.363434,0.712585,0.064869,0.300914,10.0
11/24/2025,10:25:20,11/24/2025,10:27:08,long,24692.0,24723.48,TARGET,31.4825,625.65,1,20.988334,11.575,6.5,31.4825,0.367665,0.51247,-0.181013,0.322916,10.0
11/24/2025,10:27:11,11/24/2025,10:28:17,short,24731.5,24749.02,STOP,-17.5165,-354.33,0,17.516488,14.25,8.6,26.274732,0.542346,0.295722,1.067846,0.288498,10.0
11/24/2025,10:28:43,11/24/2025,10:30:08,short,24740.25,24715.6,TARGET,24.6518,489.04,1,16.434555,9.675,8.7,24.651833,0.392466,0.500501,1.269922,0.277166,10.0
11/24/2025,10:30:47,11/24/2025,10:31:07,short,24729.75,24746.09,STOP,-16.3406,-330.81,0,16.340588,13.55,11.3,24.510882,0.552816,0.5672,0.81894,0.28592,10.0
11/24/2025,10:31:07,11/24/2025,10:34:46,short,24744.75,24761.12,STOP,-16.3748,-331.5,0,16.374779,13.7,11.8,24.562169,0.557768,0.62723,1.42785,0.289387,10.0
11/24/2025,10:55:04,11/24/2025,11:01:33,long,24777.5,24801.62,TARGET,24.1207,478.41,1,16.080481,8.625,14.3,24.120722,0.357576,0.673953,-0.046211,0.282993,10.0
11/24/2025,11:01:51,11/24/2025,11:02:29,short,24798.75,24809.95,STOP,-11.2008,-228.02,0,11.200802,8.65,18.0,16.801203,0.514844,0.138654,0.761142,0.195992,11.0
11/24/2025,11:02:29,11/24/2025,11:02:57,short,24811.0,24822.35,STOP,-11.3535,-231.07,0,11.353473,8.975,17.2,17.03021,0.527005,0.211915,1.458297,0.198353,11.0
11/24/2025,11:32:03,11/24/2025,11:34:11,long,24849.25,24868.68,TARGET,19.43,384.6,1,12.953342,7.975,17.4,19.430013,0.410447,0.754498,-0.071667,0.214548,11.0
11/24/2025,11:34:11,11/24/2025,11:35:02,short,24871.0,24855.82,TARGET,15.1806,299.61,1,10.120383,7.25,12.8,15.180574,0.477584,0.437882,1.07376,0.170775,11.0
11/24/2025,11:35:02,11/24/2025,11:35:21,long,24857.25,24847.68,STOP,-9.5723,-195.45,0,9.572336,7.8,14.7,14.358504,0.543232,0.392458,0.111554,0.162208,11.0
11/24/2025,11:35:21,11/24/2025,11:41:20,long,24852.0,24866.28,TARGET,14.2836,281.67,1,9.52237,8.2,15.3,14.283555,0.574087,0.36378,-0.260665,0.161806,11.0
11/24/2025,11:41:20,11/24/2025,11:45:36,short,24872.25,24881.03,STOP,-8.7766,-179.53,0,8.776629,8.725,19.6,13.164944,0.662745,0.13546,1.159896,0.149891,11.0
11/24/2025,11:46:36,11/24/2025,11:49:34,short,24885.25,24869.24,TARGET,16.0062,316.12,1,10.670776,6.025,12.6,16.006165,0.376417,0.732849,1.648776,0.176164,11.0
11/24/2025,11:49:34,11/24/2025,11:53:28,short,24867.5,24878.43,STOP,-10.9258,-222.52,0,10.925768,7.75,22.9,16.388652,0.472888,0.77783,0.514644,0.178693,11.0
11/24/2025,11:53:28,11/24/2025,11:55:06,short,24878.25,24861.76,TARGET,16.4937,325.87,1,10.995789,7.625,18.9,16.493683,0.462298,0.720932,1.176168,0.177039,11.0
11/24/2025,11:55:06,11/24/2025,11:57:46,long,24858.0,24846.99,STOP,-11.0089,-224.18,0,11.00887,7.025,21.3,16.513305,0.425415,0.71103,-0.036234,0.176343,11.0
11/24/2025,11:59:10,11/24/2025,12:00:12,long,24844.75,24864.4,TARGET,19.6547,389.09,1,13.103105,6.9,12.0,19.654657,0.351062,0.28235,-0.432095,0.210512,11.0
11/24/2025,12:00:45,11/24/2025,12:03:00,long,24856.0,24842.8,STOP,-13.2032,-268.06,0,13.203242,7.65,13.5,19.804863,0.386269,0.295846,0.177857,0.213095,12.0
11/24/2025,12:03:00,11/24/2025,12:13:16,long,24842.5,24829.32,STOP,-13.1843,-267.69,0,13.184323,8.125,17.4,19.776484,0.410841,0.214933,-0.510164,0.215744,12.0
11/24/2025,12:16:20,11/24/2025,12:22:16,short,24869.75,24885.64,STOP,-15.8929,-321.86,0,15.892859,7.325,21.5,23.839289,0.307266,0.155922,1.082547,0.284395,12.0
11/24/2025,12:23:11,11/24/2025,12:30:11,short,24877.5,24892.61,STOP,-15.1057,-306.11,0,15.105673,7.525,23.1,22.65851,0.332105,0.878371,1.477447,0.27641,12.0
11/24/2025,13:30:01,11/24/2025,13:31:45,long,24922.0,24935.3,TARGET,13.2992,261.98,1,8.866133,6.05,29.6,13.2992,0.454915,0.696323,-0.348359,0.212299,13.0
11/24/2025,13:32:00,11/24/2025,13:34:21,long,24934.75,24925.51,STOP,-9.2406,-188.81,0,9.240582,6.425,11.9,13.860873,0.463535,0.442829,0.624812,0.233042,13.0
11/24/2025,13:34:21,11/24/2025,13:49:02,long,24926.0,24939.76,TARGET,13.7554,271.11,1,9.170297,6.8,21.3,13.755446,0.49435,0.430111,-0.017613,0.236964,13.0
11/24/2025,13:49:02,11/24/2025,13:54:01,short,24940.75,24928.26,TARGET,12.4867,245.73,1,8.324474,6.7,36.0,12.486712,0.53657,0.215812,1.02656,0.236837,13.0
11/24/2025,13:54:01,11/24/2025,13:59:04,long,24934.5,24926.2,STOP,-8.3011,-170.02,0,8.301078,6.3,33.1,12.451617,0.505958,0.315312,0.531321,0.238848,13.0
11/24/2025,13:59:04,11/24/2025,14:01:01,long,24926.0,24936.74,TARGET,10.7358,210.72,1,7.157175,7.375,33.6,10.735762,0.686956,0.416239,-0.123151,0.207138,13.0
11/24/2025,14:01:01,11/24/2025,14:01:46,short,24935.5,24942.12,STOP,-6.6208,-136.42,0,6.620818,7.125,32.8,9.931226,0.717434,0.467274,0.841851,0.19157,14.0
11/24/2025,14:03:08,11/24/2025,14:06:32,short,24943.5,24950.69,STOP,-7.1918,-147.84,0,7.191843,6.05,21.0,10.787764,0.560821,0.65361,1.479814,0.207633,14.0
11/24/2025,14:27:08,11/24/2025,14:30:45,long,24932.5,24922.85,STOP,-9.6537,-197.07,0,9.653715,6.175,35.6,14.480573,0.426433,0.774555,0.001919,0.264635,14.0
11/24/2025,14:36:53,11/24/2025,14:39:26,long,24913.5,24936.43,TARGET,22.9282,454.56,1,15.285453,6.35,13.8,22.928179,0.276952,-0.071662,-0.445016,0.436694,14.0
11/24/2025,14:41:58,11/24/2025,14:45:43,long,24921.5,24906.2,STOP,-15.2989,-309.98,0,15.298883,5.925,17.4,22.948324,0.258189,0.132939,-0.051565,0.450588,14.0
11/24/2025,14:45:43,11/24/2025,15:01:18,long,24906.5,24923.5,REVERSAL,17.0,336.0,1,15.442489,6.525,25.9,23.163734,0.28169,0.133192,-0.575496,0.461046,14.0
11/24/2025,15:01:18,11/24/2025,15:03:01,short,24923.5,24932.21,STOP,-8.7096,-178.19,0,8.709553,6.05,20.1,13.06433,0.463093,0.455201,1.022989,0.27955,15.0
11/24/2025,15:03:01,11/24/2025,15:03:39,short,24931.25,24940.1,STOP,-8.8468,-180.94,0,8.846786,5.625,18.1,13.270179,0.423883,0.614506,1.579488,0.293553,15.0
11/24/2025,15:26:26,11/24/2025,15:33:12,long,24926.0,24946.69,TARGET,20.6892,409.78,1,13.792823,6.65,25.8,20.689235,0.321423,0.793243,-0.016935,0.769733,15.0
11/24/2025,15:33:12,11/24/2025,15:44:09,short,24947.5,24957.49,STOP,-9.9923,-203.85,0,9.992263,6.575,23.1,14.988394,0.438673,0.467736,0.9742,0.642635,15.0
11/25/2025,09:30:00,11/25/2025,09:30:25,long,24852.5,24830.66,STOP,-21.8377,-440.75,0,21.837742,7.375,22.1,32.756613,0.225145,0.021132,-0.299686,0.582882,9.0
11/25/2025,09:31:01,11/25/2025,09:34:06,long,24832.0,24860.25,REVERSAL,28.25,561.0,1,21.298544,6.525,3.3,31.947816,0.204239,-0.007123,-0.469159,0.544367,9.0
11/25/2025,09:34:06,11/25/2025,09:35:02,short,24860.25,24841.12,TARGET,19.1263,378.53,1,12.750862,10.95,8.6,19.126293,0.57251,0.219105,1.072249,0.327013,9.0
11/25/2025,09:35:38,11/25/2025,09:35:42,short,24854.25,24866.07,STOP,-11.8216,-240.43,0,11.82165,9.875,7.3,17.732474,0.556888,0.437512,0.849077,0.311334,9.0
11/25/2025,09:35:42,11/25/2025,09:36:00,short,24861.5,24873.35,STOP,-11.8519,-241.04,0,11.851873,10.275,7.0,17.77781,0.577968,0.468075,1.254311,0.313154,9.0
11/25/2025,09:37:24,11/25/2025,09:38:01,long,24839.75,24853.75,REVERSAL,14.0,276.0,1,12.306109,9.925,7.0,18.459164,0.537673,0.742868,0.052119,0.340208,9.0
11/25/2025,09:38:01,11/25/2025,09:39:41,short,24853.75,24837.5,REVERSAL,16.25,321.0,1,12.304262,10.375,7.6,18.456393,0.562136,0.719025,0.823601,0.34026,9.0
11/25/2025,09:39:41,11/25/2025,09:40:01,long,24837.5,24825.32,STOP,-12.1849,-247.7,0,12.184903,11.95,9.1,18.277355,0.653815,0.666551,-0.03331,0.337814,9.0
11/25/2025,09:44:04,11/25/2025,09:45:05,long,24751.5,24706.95,STOP,-44.5546,-895.09,0,44.554601,8.5,4.0,66.831902,0.127185,-0.110257,-0.301264,0.9421,9.0
11/25/2025,09:51:16,11/25/2025,09:52:02,short,24681.25,24706.74,STOP,-25.4927,-513.85,0,25.492713,8.5,3.0,38.239069,0.222286,0.257251,1.05676,0.26759,9.0
11/25/2025,09:52:12,11/25/2025,09:52:51,short,24696.75,24724.37,STOP,-27.6231,-556.46,0,27.623126,9.175,3.7,41.434689,0.221433,0.742246,1.34422,0.284476,9.0
11/25/2025,10:02:11,11/25/2025,10:02:34,long,24742.5,24713.2,STOP,-29.298,-589.96,0,29.297977,12.325,4.5,43.946966,0.280452,0.685196,-0.076945,0.369365,10.0
11/25/2025,10:04:29,11/25/2025,10:07:16,long,24691.0,24758.54,TARGET,67.5449,1346.9,1,45.029948,11.425,4.6,67.544923,0.169147,-0.102556,-0.438635,0.598054,10.0
11/25/2025,10:07:16,11/25/2025,10:15:34,short,24759.0,24724.75,REVERSAL,34.25,681.0,1,41.579012,12.3,5.2,62.368518,0.197215,0.357108,0.964377,0.586337,10.0
11/25/2025,10:15:34,11/25/2025,10:16:25,long,24724.75,24760.59,TARGET,35.8417,712.83,1,23.894447,13.5,8.9,35.841671,0.376657,0.420064,-0.06366,0.395879,10.0
11/25/2025,10:16:25,11/25/2025,10:17:52,short,24764.5,24738.0,REVERSAL,26.5,526.0,1,21.33819,15.375,8.6,32.007286,0.480359,0.336071,1.036518,0.361124,10.0
11/25/2025,10:17:52,11/25/2025,10:18:42,long,24738.0,24766.25,REVERSAL,28.25,561.0,1,20.57936,17.575,8.4,30.86904,0.569341,0.382014,0.104539,0.366423,10.0
11/25/2025,10:18:42,11/25/2025,10:21:41,short,24766.25,24737.11,TARGET,29.1372,578.74,1,19.424813,14.625,8.8,29.137219,0.501935,0.376349,0.988379,0.35452,10.0
11/25/2025,10:21:41,11/25/2025,10:21:55,long,24745.75,24770.0,REVERSAL,24.25,481.0,1,18.788556,15.825,9.5,28.182833,0.561512,0.577941,0.285064,0.374717,10.0
11/25/2025,10:21:55,11/25/2025,10:22:15,short,24770.0,24741.96,TARGET,28.0405,556.81,1,18.693652,16.575,10.0,28.040478,0.59111,0.603561,1.151647,0.374559,10.0
11/25/2025,10:22:15,11/25/2025,10:22:49,long,24737.75,24719.2,STOP,-18.5537,-375.07,0,18.553737,16.475,10.3,27.830605,0.591974,0.596539,0.015282,0.375025,10.0
11/25/2025,10:22:49,11/25/2025,10:25:29,long,24719.0,24747.52,TARGET,28.5237,566.47,1,19.015832,15.775,9.1,28.523748,0.553048,0.486232,-0.56499,0.391452,10.0
11/25/2025,10:25:50,11/25/2025,10:26:21,long,24721.0,24748.53,TARGET,27.5304,546.61,1,18.353613,14.675,10.3,27.53042,0.533047,0.19555,-0.261975,0.400573,10.0
11/25/2025,10:26:28,11/25/2025,10:26:56,short,24754.5,24730.75,REVERSAL,23.75,471.0,1,18.231486,14.45,9.5,27.347228,0.52839,0.230491,0.937613,0.401176,10.0
11/25/2025,10:26:56,11/25/2025,10:28:35,long,24730.75,24752.75,REVERSAL,22.0,436.0,1,18.161549,12.7,8.7,27.242324,0.466186,0.262227,0.054829,0.401772,10.0
11/25/2025,10:28:35,11/25/2025,10:29:00,short,24752.75,24770.64,STOP,-17.89,-361.8,0,17.889976,13.875,11.6,26.834963,0.517049,0.322481,0.928732,0.398877,10.0
11/25/2025,10:29:37,11/25/2025,10:30:03,short,24775.5,24795.17,STOP,-19.6705,-397.41,0,19.670527,10.275,9.5,29.50579,0.348237,0.563795,1.56496,0.435325,10.0
11/25/2025,10:49:36,11/25/2025,10:51:05,long,24800.25,24770.48,STOP,-29.7721,-599.44,0,29.772059,9.225,6.4,44.658088,0.20657,0.823844,0.064748,0.631417,10.0
11/25/2025,10:51:05,11/25/2025,10:57:41,long,24772.75,24818.34,TARGET,45.5859,907.72,1,30.390596,12.025,7.6,45.585895,0.263788,0.485207,-0.503161,0.669294,10.0
11/25/2025,11:01:35,11/25/2025,11:07:15,long,24804.5,24819.75,REVERSAL,15.25,301.0,1,31.323826,13.975,14.4,46.985739,0.297431,0.293456,0.239974,0.710134,11.0
11/25/2025,11:07:15,11/25/2025,11:09:11,short,24819.75,24791.41,TARGET,28.3436,562.87,1,18.895729,12.2,13.5,28.343593,0.430432,0.503758,1.159496,0.425702,11.0
11/25/2025,11:09:24,11/25/2025,11:13:24,long,24784.0,24808.51,TARGET,24.5063,486.13,1,16.337523,11.775,17.4,24.506284,0.480489,0.59457,-0.093317,0.367478,11.0
11/25/2025,11:13:24,11/25/2025,11:14:25,short,24798.0,24787.25,REVERSAL,10.75,211.0,1,16.38264,11.625,19.2,24.57396,0.473062,0.505919,0.549239,0.371463,11.0
11/25/2025,11:14:25,11/25/2025,11:17:18,long,24787.25,24806.75,REVERSAL,19.5,386.0,1,16.349124,10.8,21.9,24.523687,0.440391,0.479544,0.10844,0.370718,11.0
11/25/2025,11:17:18,11/25/2025,11:18:55,short,24806.75,24821.6,STOP,-14.8536,-301.07,0,14.853577,10.2,17.3,22.280366,0.457802,0.339975,0.861305,0.33653,11.0
11/25/2025,11:23:02,11/25/2025,11:41:57,short,24855.0,24883.17,STOP,-28.1719,-567.44,0,28.171936,8.375,9.6,42.257904,0.198188,1.035428,1.498748,0.605029,11.0
11/25/2025,11:45:18,11/25/2025,11:50:07,long,24847.5,24866.82,TARGET,19.3165,382.33,1,12.877669,8.225,15.7,19.316504,0.425802,0.782085,-0.166399,0.281114,11.0
11/25/2025,11:50:07,11/25/2025,11:51:44,short,24870.5,24882.57,STOP,-12.0716,-245.43,0,12.071631,10.125,23.2,18.107446,0.559162,0.499577,1.05861,0.263244,11.0
11/25/2025,11:59:26,11/25/2025,12:00:15,short,24900.75,24920.23,STOP,-19.4797,-393.59,0,19.479709,6.075,18.7,29.219564,0.207909,1.025252,1.416081,0.408459,11.0
11/25/2025,12:47:38,11/25/2025,12:58:00,long,25017.75,24998.35,STOP,-19.3956,-391.91,0,19.395562,6.925,14.7,29.093343,0.238027,0.712775,0.281479,0.233722,12.0
11/25/2025,13:01:07,11/25/2025,13:24:22,long,25000.5,25017.75,REVERSAL,17.25,341.0,1,19.980521,7.425,12.4,29.970782,0.247741,-0.119685,-0.31763,0.229991,13.0
11/25/2025,13:24:22,11/25/2025,13:40:27,short,25017.75,25000.73,TARGET,17.0216,336.43,1,11.347747,8.3,16.3,17.021621,0.487615,0.356621,1.309118,0.138612,13.0
11/25/2025,13:40:48,11/25/2025,13:44:51,short,25011.75,25022.58,STOP,-10.8318,-220.64,0,10.831754,7.2,28.1,16.247631,0.443142,0.900739,0.982532,0.140824,13.0
11/25/2025,13:44:51,11/25/2025,13:47:00,short,25021.25,25031.51,STOP,-10.2557,-209.11,0,10.2557,7.95,40.3,15.383549,0.516786,0.879188,1.535197,0.135585,13.0
11/25/2025,14:04:02,11/25/2025,14:16:23,long,25008.5,24993.93,STOP,-14.5671,-295.34,0,14.567102,6.925,28.5,21.850653,0.316924,0.799026,0.024614,0.218151,14.0
11/25/2025,14:21:48,11/25/2025,14:37:23,long,24981.25,24957.66,STOP,-23.5888,-475.78,0,23.588754,8.025,15.8,35.383131,0.226803,-0.104652,-0.344541,0.409786,14.0
11/25/2025,14:52:02,11/25/2025,14:53:03,short,24984.25,24998.4,STOP,-14.1521,-287.04,0,14.152097,7.05,24.6,21.228146,0.332106,0.290397,1.082717,0.368303,14.0
11/25/2025,15:05:56,11/25/2025,15:31:10,short,25034.0,25062.66,STOP,-28.655,-577.1,0,28.655003,6.1,22.9,42.982505,0.141918,1.10567,1.595504,0.948632,15.0
11/26/2025,09:30:13,11/26/2025,09:30:20,short,25215.25,25227.89,STOP,-12.6368,-256.74,0,12.636845,7.825,13.1,18.955267,0.412814,0.922817,1.282368,0.264588,9.0
11/26/2025,09:30:33,11/26/2025,09:30:40,short,25210.5,25223.55,STOP,-13.0501,-265.0,0,13.050118,9.925,3.5,19.575176,0.50702,0.930487,0.953763,0.271616,9.0
11/26/2025,09:37:53,11/26/2025,09:38:03,long,25220.75,25204.03,STOP,-16.7227,-338.45,0,16.722734,9.625,9.8,25.0841,0.383709,0.782476,-0.015964,0.339267,9.0
11/26/2025,09:38:30,11/26/2025,09:40:05,long,25209.0,25236.72,TARGET,27.7238,550.48,1,18.482513,8.325,3.3,27.723769,0.300284,0.25637,-0.354321,0.387011,9.0
11/26/2025,09:40:15,11/26/2025,09:42:30,long,25214.75,25195.8,STOP,-18.9541,-383.08,0,18.954091,8.825,6.1,28.431137,0.310399,0.098467,-0.117017,0.434256,9.0
11/26/2025,09:42:36,11/26/2025,09:44:57,long,25212.0,25241.58,TARGET,29.5826,587.65,1,19.721764,11.3,10.3,29.582646,0.381981,0.098752,-0.104662,0.502307,9.0
11/26/2025,09:44:57,11/26/2025,09:47:14,short,25241.0,25260.43,STOP,-19.4346,-392.69,0,19.434559,9.75,12.3,29.151838,0.334456,0.243925,0.979129,0.55371,9.0
11/26/2025,09:47:31,11/26/2025,09:50:50,short,25249.0,25268.12,STOP,-19.1234,-386.47,0,19.123431,9.075,9.5,28.685146,0.316366,0.850921,1.262416,0.590379,9.0
11/26/2025,09:54:09,11/26/2025,09:55:08,long,25235.75,25217.0,STOP,-18.7543,-379.09,0,18.754289,10.05,10.1,28.131434,0.357252,0.682002,0.373896,0.555089,9.0
11/26/2025,09:55:08,11/26/2025,09:56:32,long,25215.25,25196.42,STOP,-18.8337,-380.67,0,18.833741,10.775,10.8,28.250612,0.381408,0.540883,-0.347504,0.558398,9.0
11/26/2025,10:08:00,11/26/2025,10:08:54,short,25192.75,25211.82,STOP,-19.0722,-385.44,0,19.072178,10.9,10.9,28.608267,0.381009,0.444431,1.127616,0.547928,10.0
11/26/2025,10:10:10,11/26/2025,10:13:41,short,25206.5,25176.25,TARGET,30.2458,600.92,1,20.163874,8.1,7.3,30.245811,0.267806,1.032667,1.520555,0.581316,10.0
11/26/2025,10:14:36,11/26/2025,10:16:50,long,25170.0,25195.97,TARGET,25.9749,515.5,1,17.316588,10.225,12.9,25.974882,0.39365,0.69097,-0.021465,0.513251,10.0
11/26/2025,10:16:59,11/26/2025,10:18:00,long,25172.5,25196.28,TARGET,23.7777,471.55,1,15.851797,9.85,7.2,23.777696,0.414254,0.417535,-0.028016,0.503471,10.0
11/26/2025,10:18:00,11/26/2025,10:18:16,short,25196.75,25173.06,TARGET,23.6868,469.74,1,15.791172,10.0,10.1,23.686758,0.422177,0.472203,0.994897,0.514836,10.0
11/26/2025,10:18:16,11/26/2025,10:18:57,long,25169.25,25193.0,TARGET,23.7453,470.91,1,15.830207,11.625,10.6,23.745311,0.48957,0.456534,-0.149076,0.520745,10.0
11/26/2025,10:20:01,11/26/2025,10:20:33,short,25189.25,25178.5,REVERSAL,10.75,211.0,1,15.589213,10.4,11.5,23.38382,0.444752,0.43844,0.668599,0.518926,10.0
11/26/2025,10:20:33,11/26/2025,10:21:25,long,25178.5,25163.11,STOP,-15.3851,-311.7,0,15.385052,10.275,12.0,23.077578,0.445237,0.403924,0.19375,0.51261,10.0
11/26/2025,10:21:25,11/26/2025,10:23:38,long,25168.5,25153.63,STOP,-14.8746,-301.49,0,14.874617,10.1,13.2,22.311925,0.452673,0.303709,-0.281533,0.495275,10.0
11/26/2025,10:26:19,11/26/2025,10:27:01,short,25189.5,25203.52,STOP,-14.0231,-284.46,0,14.023145,10.975,7.9,21.034718,0.521756,0.073309,1.066682,0.442816,10.0
11/26/2025,10:27:08,11/26/2025,10:27:25,short,25191.75,25205.28,STOP,-13.5268,-274.54,0,13.526763,9.65,7.4,20.290145,0.4756,0.363906,1.213031,0.427979,10.0
11/26/2025,10:47:01,11/26/2025,10:50:36,long,25207.25,25230.0,REVERSAL,22.75,451.0,1,19.574453,10.125,16.7,29.36168,0.344837,0.717444,0.246098,0.61324,10.0
11/26/2025,10:50:36,11/26/2025,10:54:37,short,25230.0,25245.44,STOP,-15.4363,-312.73,0,15.436295,8.25,17.0,23.154443,0.356303,0.516266,0.985328,0.495106,10.0
11/26/2025,10:54:37,11/26/2025,10:57:22,short,25243.25,25256.81,STOP,-13.5621,-275.24,0,13.562097,8.725,18.0,20.343145,0.428891,0.611783,1.450566,0.440195,10.0
11/26/2025,12:04:00,11/26/2025,12:04:43,long,25344.5,25335.6,STOP,-8.9028,-182.06,0,8.902835,5.925,30.0,13.354252,0.443679,0.439254,-0.201088,0.132823,12.0
11/26/2025,12:05:00,11/26/2025,12:08:11,long,25338.5,25329.06,STOP,-9.4405,-192.81,0,9.440496,6.225,22.1,14.160744,0.439596,0.230351,-0.560149,0.140737,12.0
11/26/2025,12:30:02,11/26/2025,12:43:46,short,25347.25,25359.75,STOP,-12.5019,-254.04,0,12.501869,7.775,30.9,18.752803,0.414605,0.367439,1.088579,0.201363,12.0
11/26/2025,12:48:32,11/26/2025,12:50:09,short,25357.25,25337.13,TARGET,20.1167,398.33,1,13.411125,4.55,24.8,20.116688,0.22618,1.100448,1.410438,0.251941,12.0
11/26/2025,12:51:25,11/26/2025,12:59:08,short,25349.0,25337.5,REVERSAL,11.5,226.0,1,12.937237,6.075,19.7,19.405855,0.31305,0.947539,0.936982,0.250061,12.0
11/26/2025,12:59:08,11/26/2025,13:01:34,long,25337.5,25350.25,REVERSAL,12.75,251.0,1,11.462736,6.125,31.0,17.194104,0.356227,0.692426,0.179687,0.236011,12.0
11/26/2025,13:01:34,11/26/2025,13:09:13,short,25350.25,25333.74,TARGET,16.5132,326.26,1,11.008768,6.225,31.9,16.513152,0.376972,0.632526,0.892869,0.231429,13.0
11/26/2025,13:09:13,11/26/2025,13:09:14,long,25333.25,25325.0,STOP,-8.2522,-169.04,0,8.252159,6.925,36.5,12.378238,0.55945,0.478417,-0.600722,0.181863,13.0
11/26/2025,13:10:02,11/26/2025,13:11:39,long,25318.5,25299.58,STOP,-18.9212,-382.42,0,18.921155,10.75,3.2,28.381732,0.378765,-0.06743,-0.255063,0.445497,13.0
11/26/2025,13:22:11,11/26/2025,13:26:46,short,25341.25,25357.54,STOP,-16.2868,-329.74,0,16.286824,8.075,22.4,24.430235,0.330533,0.359906,1.10683,0.547479,13.0
11/26/2025,13:28:11,11/26/2025,13:32:08,short,25351.25,25325.29,TARGET,25.9577,515.15,1,17.305129,7.1,26.2,25.957694,0.273522,0.810454,1.426508,0.689434,13.0
11/26/2025,13:33:20,11/26/2025,13:44:24,long,25311.5,25295.76,STOP,-15.739,-318.78,0,15.739045,6.675,22.1,23.608567,0.282736,0.817635,-0.059754,0.694078,13.0
11/26/2025,13:46:09,11/26/2025,13:50:09,long,25304.0,25329.52,TARGET,25.5215,506.43,1,17.014358,7.225,17.0,25.521537,0.283094,0.033372,-0.182659,0.856845,13.0
11/26/2025,13:52:55,11/26/2025,14:00:53,long,25306.0,25330.25,REVERSAL,24.25,481.0,1,17.221487,6.625,20.5,25.832231,0.256463,0.245391,-0.001408,0.905111,13.0
11/26/2025,14:00:53,11/26/2025,14:04:50,short,25330.25,25306.18,TARGET,24.0691,477.38,1,16.046079,6.9,27.9,24.069118,0.286674,0.361109,1.108248,0.866605,14.0
11/26/2025,14:06:19,11/26/2025,14:12:05,long,25306.0,25319.5,REVERSAL,13.5,266.0,1,10.88533,8.35,18.3,16.327994,0.511392,0.791525,0.13927,0.586604,14.0
11/26/2025,14:12:05,11/26/2025,14:14:03,short,25319.5,25330.47,STOP,-10.9677,-223.35,0,10.967721,7.525,28.3,16.451581,0.457403,0.632101,0.99904,0.578389,14.0
11/26/2025,14:14:16,11/26/2025,14:19:59,short,25330.0,25341.32,STOP,-11.3153,-230.31,0,11.315278,6.8,23.5,16.972918,0.400638,0.711396,1.5231,0.596217,14.0
11/26/2025,14:35:28,11/26/2025,15:01:18,long,25315.75,25338.56,TARGET,22.813,452.26,1,15.208694,7.1,21.4,22.813041,0.311225,0.914113,0.034258,0.807257,14.0
11/26/2025,15:01:18,11/26/2025,15:07:19,short,25339.5,25324.01,TARGET,15.4885,305.77,1,10.325658,6.625,36.4,15.488487,0.427737,0.228268,1.038303,0.611008,15.0
11/26/2025,15:07:19,11/26/2025,15:09:45,long,25320.0,25335.6,TARGET,15.6008,308.02,1,10.40054,5.95,30.1,15.600809,0.38139,0.361139,-0.220796,0.635831,15.0
11/26/2025,15:09:45,11/26/2025,15:12:11,short,25340.25,25350.59,STOP,-10.339,-210.78,0,10.339017,6.1,26.9,15.508526,0.393332,0.402937,1.107085,0.641892,15.0
11/26/2025,15:19:02,11/26/2025,15:38:14,short,25349.5,25331.2,TARGET,18.2965,361.93,1,12.197675,5.5,26.2,18.296512,0.300604,1.07608,1.452914,0.738932,15.0
11/26/2025,15:40:02,11/26/2025,15:49:50,long,25332.0,25320.52,STOP,-11.4794,-233.59,0,11.479385,5.15,36.2,17.219077,0.299087,0.633234,0.05195,0.674999,15.0
11/27/2025,09:30:09,11/27/2025,09:36:05,long,25311.0,25301.0,STOP,-9.9986,-203.97,0,9.998606,7.45,162.8,14.997909,0.496736,0.138601,0.488498,0.64538,9.0
11/27/2025,09:36:05,11/27/2025,09:39:02,long,25299.0,25289.35,STOP,-9.6505,-197.01,0,9.650494,8.05,150.4,14.47574,0.556103,0.188786,-0.307213,0.621064,9.0
11/28/2025,09:30:00,11/28/2025,09:34:04,short,25356.75,25388.92,STOP,-32.172,-647.44,0,32.172004,11.85,113.9,48.258005,0.245555,1.069919,1.150514,1.595709,9.0
11/28/2025,09:34:04,11/28/2025,09:37:41,short,25387.75,25421.3,STOP,-33.5541,-675.08,0,33.554103,11.175,22.3,50.331155,0.222029,1.028366,1.547463,1.540132,9.0
11/28/2025,10:04:55,11/28/2025,10:14:10,long,25367.25,25381.75,REVERSAL,14.5,286.0,1,15.630069,10.8,44.3,23.445104,0.460651,0.461614,0.148861,0.541315,10.0
11/28/2025,10:14:10,11/28/2025,10:19:04,short,25381.75,25397.07,STOP,-15.3243,-310.49,0,15.324261,10.25,44.4,22.986391,0.445916,0.453471,0.797459,0.518462,10.0
11/28/2025,10:19:04,11/28/2025,10:26:22,short,25395.0,25372.0,TARGET,22.9961,455.92,1,15.330701,9.425,44.6,22.996052,0.409853,0.551524,1.288831,0.504731,10.0
11/28/2025,10:26:55,11/28/2025,10:34:01,long,25368.5,25389.0,REVERSAL,20.5,406.0,1,15.305615,10.325,47.1,22.958422,0.449726,0.555931,0.091435,0.489641,10.0
11/28/2025,10:34:01,11/28/2025,10:49:48,short,25389.0,25401.95,STOP,-12.9509,-263.02,0,12.95092,9.275,36.8,19.426379,0.477444,0.588699,1.250655,0.406287,10.0
11/28/2025,10:56:50,11/28/2025,11:03:55,short,25403.0,25417.47,STOP,-14.4716,-293.43,0,14.471572,6.775,29.9,21.707358,0.312106,1.018911,1.35501,0.399888,10.0
11/28/2025,11:26:00,11/28/2025,11:26:57,long,25394.5,25375.85,STOP,-18.6545,-377.09,0,18.654514,6.65,28.0,27.981771,0.237655,0.767968,0.144054,0.441302,11.0
11/28/2025,11:26:57,11/28/2025,11:33:34,long,25375.0,25401.79,TARGET,26.7876,531.75,1,17.858415,7.15,24.1,26.787622,0.266914,0.625722,-0.616654,0.423492,11.0
11/28/2025,11:38:56,11/28/2025,11:41:42,short,25418.0,25394.4,TARGET,23.602,468.04,1,15.73465,7.025,35.8,23.601975,0.297645,0.211222,0.934815,0.374415,11.0
11/28/2025,11:41:42,11/28/2025,11:47:58,long,25393.5,25417.17,TARGET,23.6674,469.35,1,15.778263,7.025,34.5,23.667394,0.296822,0.238795,-0.099242,0.373882,11.0
11/28/2025,11:47:58,11/28/2025,12:07:26,short,25419.0,25434.98,STOP,-15.9805,-323.61,0,15.980475,7.775,41.2,23.970712,0.324354,0.309938,1.010727,0.376446,11.0
11/28/2025,12:07:26,11/28/2025,12:30:16,short,25435.0,25410.37,TARGET,24.6291,488.58,1,16.419373,7.55,37.4,24.62906,0.306548,0.869659,1.58236,0.371174,12.0
11/28/2025,12:34:01,11/28/2025,12:39:31,long,25415.5,25404.23,STOP,-11.2746,-229.49,0,11.274569,7.65,46.1,16.911853,0.452345,0.687501,0.35454,0.250755,12.0
11/28/2025,12:39:31,11/28/2025,12:50:00,long,25402.25,25418.13,TARGET,15.8765,313.53,1,10.584347,8.05,44.3,15.87652,0.507038,0.493224,-0.536751,0.237065,12.0
11/28/2025,12:50:05,11/28/2025,12:50:33,short,25426.25,25436.66,STOP,-10.4112,-212.22,0,10.411199,6.625,22.1,15.616799,0.424223,0.042563,0.988737,0.242008,12.0
11/28/2025,12:50:33,11/28/2025,12:55:00,short,25430.5,25441.17,STOP,-10.6678,-217.36,0,10.667797,7.0,16.9,16.001696,0.437454,0.186101,1.224298,0.248534,12.0
12/1/2025,09:30:01,12/1/2025,09:30:11,short,25267.75,25285.9,STOP,-18.1467,-366.93,0,18.146741,8.175,24.6,27.220112,0.300329,0.83306,1.016622,0.30941,9.0
12/1/2025,09:30:35,12/1/2025,09:31:42,short,25280.0,25256.57,TARGET,23.4343,464.69,1,15.6229,10.175,3.3,23.43435,0.434192,0.865949,1.340646,0.302107,9.0
12/1/2025,09:31:51,12/1/2025,09:32:29,long,25249.0,25234.65,STOP,-14.3501,-291.0,0,14.350078,8.825,5.7,21.525116,0.409986,0.715735,-0.189659,0.325304,9.0
12/1/2025,09:32:33,12/1/2025,09:32:44,long,25245.25,25267.93,TARGET,22.6763,449.53,1,15.11756,9.9,5.1,22.67634,0.436578,0.409332,-0.286062,0.372034,9.0
12/1/2025,09:33:08,12/1/2025,09:33:26,short,25272.0,25286.3,STOP,-14.3012,-290.02,0,14.301225,9.675,4.9,21.451837,0.45101,0.382594,0.851252,0.377143,9.0
12/1/2025,09:33:37,12/1/2025,09:34:57,short,25287.0,25301.54,STOP,-14.5442,-294.88,0,14.544214,10.275,5.5,21.81632,0.470978,0.498036,1.456165,0.397671,9.0
12/1/2025,09:39:54,12/1/2025,09:41:05,long,25263.0,25243.2,STOP,-19.7969,-399.94,0,19.79691,9.425,5.2,29.695365,0.31739,0.771393,-0.171485,0.634463,9.0
12/1/2025,09:41:27,12/1/2025,09:43:31,long,25238.5,25214.73,STOP,-23.7729,-479.46,0,23.772923,10.6,4.9,35.659384,0.297257,0.235392,-0.618079,0.774904,9.0
12/1/2025,09:46:52,12/1/2025,09:48:00,short,25290.5,25320.08,STOP,-29.5768,-595.54,0,29.576815,8.45,6.4,44.365222,0.190465,0.359516,1.040683,0.989273,9.0
12/1/2025,09:48:37,12/1/2025,09:54:27,short,25307.75,25338.81,STOP,-31.0584,-625.17,0,31.058398,7.775,4.9,46.587597,0.16689,0.960851,1.36332,1.002324,9.0
12/1/2025,10:05:02,12/1/2025,10:06:24,long,25334.75,25361.11,TARGET,26.3637,523.27,1,17.575829,8.975,9.8,26.363744,0.34043,0.600207,-0.115808,0.428424,10.0
12/1/2025,10:06:34,12/1/2025,10:07:35,short,25357.75,25371.45,STOP,-13.6951,-277.9,0,13.695132,9.55,9.2,20.542699,0.464885,0.439778,0.663562,0.328741,10.0
12/1/2025,10:07:35,12/1/2025,10:10:08,short,25370.5,25352.35,TARGET,18.1471,358.94,1,12.098089,9.4,12.6,18.147133,0.517988,0.433868,1.285248,0.286434,10.0
12/1/2025,10:10:08,12/1/2025,10:10:27,long,25352.0,25367.3,TARGET,15.3011,302.02,1,10.200765,8.725,10.6,15.301147,0.570219,0.438503,0.001345,0.232182,10.0
12/1/2025,10:10:27,12/1/2025,10:10:50,short,25361.75,25371.93,STOP,-10.1843,-207.69,0,10.184282,9.45,10.1,15.276423,0.6186,0.441098,0.63223,0.23081,10.0
12/1/2025,10:10:50,12/1/2025,10:11:42,short,25373.75,25358.31,TARGET,15.4407,304.81,1,10.293777,9.6,9.8,15.440666,0.621735,0.489229,1.398277,0.231957,10.0
12/1/2025,10:11:42,12/1/2025,10:13:33,short,25368.25,25378.39,STOP,-10.1444,-206.89,0,10.144398,9.9,9.4,15.216598,0.650605,0.606326,1.064022,0.22524,10.0
12/1/2025,10:14:04,12/1/2025,10:14:39,short,25366.5,25354.0,REVERSAL,12.5,246.0,1,11.527078,8.1,8.3,17.290617,0.468462,0.825887,0.790042,0.245943,10.0
12/1/2025,10:14:39,12/1/2025,10:15:05,long,25354.0,25343.13,STOP,-10.873,-221.46,0,10.873046,7.5,6.2,16.309568,0.459853,0.713799,-0.005685,0.229885,10.0
12/1/2025,10:15:08,12/1/2025,10:15:59,long,25348.25,25337.11,STOP,-11.1421,-226.84,0,11.142106,7.075,6.4,16.713159,0.423319,0.574719,-0.287703,0.234166,10.0
12/1/2025,10:16:59,12/1/2025,10:17:15,short,25367.0,25349.82,TARGET,17.1763,339.53,1,11.450835,9.85,10.2,17.176252,0.573466,0.459084,0.933593,0.238758,10.0
12/1/2025,10:17:15,12/1/2025,10:18:38,long,25349.75,25366.74,TARGET,16.9863,335.73,1,11.324188,10.125,9.5,16.986281,0.596069,0.456917,-0.053682,0.235889,10.0
12/1/2025,10:18:38,12/1/2025,10:20:07,short,25367.25,25353.5,REVERSAL,13.75,271.0,1,11.22937,10.175,12.4,16.844055,0.604071,0.496288,1.001661,0.23348,10.0
12/1/2025,10:20:07,12/1/2025,10:20:52,long,25353.5,25342.42,STOP,-11.0799,-225.6,0,11.079932,10.05,14.6,16.619898,0.604697,0.50158,0.138385,0.230246,10.0
12/1/2025,10:20:52,12/1/2025,10:21:34,long,25341.25,25330.18,STOP,-11.0731,-225.46,0,11.07315,10.425,13.4,16.609725,0.627644,0.412927,-0.601162,0.23123,10.0
12/1/2025,10:39:00,12/1/2025,10:40:06,short,25336.0,25354.17,STOP,-18.1738,-367.48,0,18.173789,9.375,10.9,27.260683,0.343902,0.362947,1.186703,0.444261,10.0
12/1/2025,10:40:31,12/1/2025,10:51:20,short,25343.5,25363.44,STOP,-19.9411,-402.82,0,19.941083,7.975,7.4,29.911624,0.266619,0.74636,1.306877,0.496253,10.0
12/1/2025,11:07:20,12/1/2025,11:12:01,long,25370.75,25343.41,STOP,-27.3371,-550.74,0,27.337087,6.05,10.4,41.00563,0.147541,0.676782,0.047806,0.825802,11.0
12/2/2025,09:30:00,12/2/2025,09:30:34,long,25489.0,25474.83,STOP,-14.1728,-287.46,0,14.172808,6.6,23.4,21.259211,0.310454,0.723528,0.245757,0.299061,9.0
12/2/2025,09:30:34,12/2/2025,09:32:19,long,25480.5,25500.86,TARGET,20.363,403.26,1,13.57534,8.125,3.4,20.36301,0.399008,0.513671,-0.216004,0.281043,9.0
12/2/2025,09:32:23,12/2/2025,09:33:29,short,25502.75,25514.44,STOP,-11.6895,-237.79,0,11.6895,8.1,5.8,17.534249,0.461953,0.192897,0.86557,0.234796,9.0
12/2/2025,09:33:29,12/2/2025,09:35:02,short,25515.25,25527.2,STOP,-11.949,-242.98,0,11.948974,7.125,6.6,17.923461,0.397524,0.402783,1.506781,0.234602,9.0
12/2/2025,09:46:07,12/2/2025,09:47:57,long,25573.5,25596.6,TARGET,23.1048,458.1,1,15.403221,9.25,8.1,23.104832,0.400349,0.601828,-0.129522,0.203483,9.0
12/2/2025,09:47:57,12/2/2025,09:48:27,short,25599.5,25586.41,TARGET,13.0924,257.85,1,8.728251,9.725,9.8,13.092377,0.742799,0.248729,1.0845,0.113903,9.0
12/2/2025,09:48:27,12/2/2025,09:48:35,long,25588.5,25580.2,STOP,-8.3034,-170.07,0,8.303386,9.575,9.3,12.45508,0.768763,0.212879,0.199319,0.108015,9.0
12/2/2025,09:48:35,12/2/2025,09:48:47,long,25579.5,25571.19,STOP,-8.3145,-170.29,0,8.314549,9.325,9.3,12.471823,0.747685,0.185035,-0.521302,0.108095,9.0
12/2/2025,09:50:48,12/2/2025,09:51:32,short,25599.0,25585.35,TARGET,13.6521,269.04,1,9.101408,9.05,9.5,13.652111,0.662901,0.165678,1.085807,0.117233,9.0
12/2/2025,09:51:32,12/2/2025,09:51:49,long,25587.5,25601.14,TARGET,13.6408,268.82,1,9.093864,9.5,10.1,13.640797,0.69644,0.205724,0.256063,0.116695,9.0
12/2/2025,09:51:49,12/2/2025,09:52:54,short,25604.25,25590.44,TARGET,13.809,272.18,1,9.20601,9.45,9.7,13.809015,0.684336,0.270272,1.457708,0.117904,9.0
12/2/2025,09:52:54,12/2/2025,09:53:01,short,25588.0,25575.25,REVERSAL,12.75,251.0,1,9.498087,8.35,8.2,14.24713,0.586083,0.458141,0.255038,0.12096,9.0
12/2/2025,09:53:01,12/2/2025,09:53:27,long,25575.25,25565.64,STOP,-9.6129,-196.26,0,9.612935,8.55,8.0,14.419403,0.592951,0.4317,-0.610656,0.12243,9.0
12/2/2025,09:54:03,12/2/2025,09:54:31,long,25580.75,25570.9,STOP,-9.8536,-201.07,0,9.853594,8.55,6.2,14.780391,0.578469,0.271784,-0.001171,0.12525,9.0
12/2/2025,09:57:54,12/2/2025,10:00:29,short,25595.5,25605.61,STOP,-10.1105,-206.21,0,10.110491,8.75,11.4,15.165736,0.576958,0.28826,1.204549,0.128732,9.0
12/2/2025,10:03:12,12/2/2025,10:11:06,short,25637.75,25611.25,REVERSAL,26.5,526.0,1,22.891302,5.675,7.7,34.336953,0.165274,1.089917,1.610684,0.301413,10.0
12/2/2025,10:11:06,12/2/2025,10:14:57,long,25611.25,25640.0,TARGET,28.7477,570.95,1,19.165117,7.95,6.8,28.747676,0.276544,0.74013,0.016917,0.307537,10.0
12/2/2025,10:14:57,12/2/2025,10:16:23,short,25640.5,25633.0,REVERSAL,7.5,146.0,1,10.054901,7.925,13.1,15.082351,0.525449,0.290193,1.046002,0.17218,10.0
12/2/2025,10:16:23,12/2/2025,10:18:46,long,25633.0,25623.7,STOP,-9.2959,-189.92,0,9.295905,7.4,10.6,13.943858,0.5307,0.315138,0.451233,0.161936,10.0
12/2/2025,10:18:46,12/2/2025,10:19:17,long,25626.75,25617.53,STOP,-9.2246,-188.49,0,9.224572,7.775,16.7,13.836858,0.561905,0.318016,-0.016374,0.163504,10.0
12/2/2025,10:23:53,12/2/2025,10:25:10,short,25635.25,25646.29,STOP,-11.0355,-224.71,0,11.035528,7.55,14.0,16.553291,0.456103,0.248772,0.805226,0.199829,10.0
12/2/2025,10:25:10,12/2/2025,10:25:58,short,25641.0,25624.66,TARGET,16.3426,322.85,1,10.895089,5.975,12.4,16.342634,0.365608,0.435987,1.170792,0.19808,10.0
12/2/2025,10:26:34,12/2/2025,10:26:46,long,25626.75,25616.05,STOP,-10.6986,-217.97,0,10.698638,7.475,11.5,16.047957,0.465791,0.487152,0.327392,0.19714,10.0
12/2/2025,10:26:46,12/2/2025,10:28:12,long,25615.0,25604.21,STOP,-10.7945,-219.89,0,10.794519,8.05,11.1,16.191779,0.497166,0.462481,-0.38687,0.1994,10.0
12/2/2025,10:40:10,12/2/2025,10:40:42,short,25573.0,25588.21,STOP,-15.2129,-308.26,0,15.212859,8.75,13.3,22.819288,0.383448,0.368348,0.869972,0.402008,10.0
12/2/2025,10:47:30,12/2/2025,10:50:01,short,25628.0,25656.72,STOP,-28.7232,-578.46,0,28.723238,6.625,15.0,43.084857,0.153766,1.103939,1.627774,0.983898,10.0
12/2/2025,11:00:04,12/2/2025,11:01:56,long,25622.0,25652.67,TARGET,30.6721,609.44,1,20.448059,7.775,12.0,30.672089,0.253488,0.744645,-0.01749,0.638567,11.0
12/2/2025,11:01:56,12/2/2025,11:05:01,short,25657.25,25647.25,REVERSAL,10.0,196.0,1,14.113278,7.925,8.9,21.169917,0.374352,0.47815,1.153167,0.434521,11.0
12/2/2025,11:05:01,12/2/2025,11:05:41,long,25647.25,25635.8,STOP,-11.4528,-233.06,0,11.452841,7.7,14.9,17.179262,0.448215,0.481691,0.453869,0.345397,11.0
12/2/2025,11:05:41,12/2/2025,11:05:56,long,25632.0,25621.11,STOP,-10.8893,-221.79,0,10.88925,8.025,14.6,16.333876,0.49131,0.389517,-0.506191,0.327855,11.0
12/2/2025,11:35:40,12/2/2025,11:37:15,short,25467.0,25483.71,STOP,-16.713,-338.26,0,16.713037,9.275,9.0,25.069555,0.369971,0.289718,1.063233,0.239383,11.0
12/2/2025,11:42:00,12/2/2025,11:55:26,short,25503.5,25532.18,STOP,-28.6779,-577.56,0,28.677928,6.75,10.3,43.016892,0.156915,1.084648,1.428531,0.407227,11.0
12/2/2025,12:51:04,12/2/2025,12:52:14,long,25589.0,25579.91,STOP,-9.0883,-185.77,0,9.088282,7.725,30.7,13.632423,0.566664,0.461245,-0.195034,0.171894,12.0
12/2/2025,13:00:26,12/2/2025,13:07:06,long,25524.5,25575.66,TARGET,51.1602,1019.2,1,34.106811,7.275,10.2,51.160216,0.1422,-0.132035,-0.4395,0.672345,13.0
12/2/2025,13:07:20,12/2/2025,13:35:24,short,25572.0,25551.75,REVERSAL,20.25,401.0,1,29.897732,7.6,16.7,44.846598,0.169467,0.270843,0.868478,0.587442,13.0
12/2/2025,13:35:24,12/2/2025,13:37:19,long,25551.75,25537.65,STOP,-14.0997,-285.99,0,14.099668,8.4,25.5,21.149503,0.397172,0.681157,0.374229,0.283933,13.0
12/2/2025,13:37:41,12/2/2025,13:40:46,long,25544.5,25531.99,STOP,-12.5102,-254.2,0,12.510191,9.175,25.0,18.765286,0.488935,0.473256,-0.084723,0.255052,13.0
12/2/2025,13:47:56,12/2/2025,13:52:10,short,25563.5,25574.51,STOP,-11.0099,-224.2,0,11.009903,7.05,26.3,16.514855,0.426888,0.300254,1.003335,0.239387,13.0
12/2/2025,13:56:04,12/2/2025,14:00:00,short,25568.25,25581.2,STOP,-12.948,-262.96,0,12.947958,6.525,21.1,19.421937,0.33596,0.726332,0.933659,0.32173,13.0
12/2/2025,14:24:00,12/2/2025,14:30:42,long,25564.75,25591.12,TARGET,26.3686,523.37,1,17.57908,8.175,20.5,26.368621,0.310028,0.757538,-0.088484,0.529873,14.0
12/2/2025,14:30:51,12/2/2025,14:43:57,short,25599.0,25584.5,REVERSAL,14.5,286.0,1,13.952357,6.625,25.8,20.928536,0.316553,0.486978,1.207885,0.443614,14.0
12/2/2025,14:43:57,12/2/2025,14:48:19,long,25584.5,25603.38,TARGET,18.8831,373.66,1,12.588744,6.725,31.5,18.883116,0.356138,0.588649,0.150217,0.428946,14.0
12/2/2025,14:48:19,12/2/2025,14:50:40,short,25604.25,25615.83,STOP,-11.5773,-235.55,0,11.577278,7.6,28.1,17.365917,0.437639,0.500515,1.17215,0.404704,14.0
12/2/2025,14:54:19,12/2/2025,14:59:00,short,25623.75,25640.99,STOP,-17.2378,-348.76,0,17.237796,5.4,16.6,25.856694,0.208843,0.972264,1.49307,0.60225,14.0
12/2/2025,15:36:37,12/2/2025,15:37:28,long,25626.75,25619.83,STOP,-6.9249,-142.5,0,6.924945,5.875,29.4,10.387418,0.565588,0.72699,0.261972,0.212947,15.0
12/2/2025,15:37:28,12/2/2025,15:38:49,long,25624.25,25618.16,STOP,-6.0894,-125.79,0,6.089423,6.0,29.7,9.134134,0.656877,0.644282,-0.081062,0.186748,15.0
12/3/2025,09:30:05,12/3/2025,09:31:29,short,25478.0,25497.2,STOP,-19.1955,-387.91,0,19.195495,9.075,12.9,28.793242,0.315178,1.068028,1.040578,0.26129,9.0
12/3/2025,09:31:29,12/3/2025,09:31:38,short,25496.5,25514.68,STOP,-18.1786,-367.57,0,18.17861,11.6,5.3,27.267915,0.425408,0.839871,1.577457,0.23807,9.0
12/3/2025,09:34:59,12/3/2025,09:35:21,long,25471.5,25503.67,TARGET,32.1666,639.33,1,21.444371,12.45,5.6,32.166557,0.387048,0.834336,-0.088577,0.273034,9.0
12/3/2025,09:35:39,12/3/2025,09:36:45,long,25489.75,25510.5,REVERSAL,20.75,411.0,1,19.263611,13.725,4.8,28.895417,0.474989,0.684472,0.386228,0.243365,9.0
12/3/2025,09:36:45,12/3/2025,09:38:29,short,25510.5,25483.58,TARGET,26.9225,534.45,1,17.948342,15.3,6.9,26.922513,0.568298,0.569087,1.071548,0.225048,9.0
12/3/2025,09:38:29,12/3/2025,09:39:14,long,25494.25,25476.78,STOP,-17.4659,-353.32,0,17.465898,14.325,9.3,26.198847,0.54678,0.531846,0.401904,0.21754,9.0
12/3/2025,09:39:14,12/3/2025,09:39:44,long,25472.0,25454.3,STOP,-17.7049,-358.1,0,17.704872,16.125,10.2,26.557308,0.607177,0.461871,-0.420651,0.219826,9.0
12/3/2025,09:41:08,12/3/2025,09:42:01,short,25512.25,25485.0,REVERSAL,27.25,541.0,1,18.698131,13.025,7.7,28.047196,0.464396,0.204354,1.085798,0.229562,9.0
12/3/2025,09:42:01,12/3/2025,09:44:25,long,25485.0,25467.42,STOP,-17.5824,-355.65,0,17.582357,13.75,7.5,26.373535,0.521356,0.218721,0.020921,0.21513,9.0
12/3/2025,09:44:25,12/3/2025,09:46:02,long,25471.5,25498.04,TARGET,26.5433,526.87,1,17.695523,12.425,11.3,26.543284,0.468103,0.176852,-0.363307,0.215804,9.0
12/3/2025,09:46:07,12/3/2025,09:46:27,short,25495.75,25476.75,REVERSAL,19.0,376.0,1,15.992927,13.4,10.2,23.989391,0.55858,0.267053,0.687374,0.19567,9.0
12/3/2025,09:46:27,12/3/2025,09:46:59,long,25476.75,25499.96,TARGET,23.2131,460.26,1,15.475384,14.1,9.8,23.213076,0.607416,0.289313,-0.094493,0.18951,9.0
12/3/2025,09:46:59,12/3/2025,09:47:08,short,25481.0,25495.75,STOP,-14.7495,-298.99,0,14.74946,15.425,10.7,22.12419,0.697201,0.323002,0.099646,0.18093,9.0
12/3/2025,09:47:08,12/3/2025,09:48:45,short,25493.25,25482.5,REVERSAL,10.75,211.0,1,14.378994,15.975,10.8,21.568491,0.740664,0.345407,0.670967,0.176567,9.0
12/3/2025,09:48:45,12/3/2025,09:48:58,long,25482.5,25470.13,STOP,-12.3732,-251.46,0,12.373233,14.6,13.8,18.55985,0.786644,0.463747,0.221981,0.153439,9.0
12/3/2025,09:48:58,12/3/2025,09:51:35,long,25469.25,25487.88,TARGET,18.6295,368.59,1,12.419686,13.95,13.6,18.629529,0.748811,0.444259,-0.470502,0.154135,9.0
12/3/2025,09:52:05,12/3/2025,09:52:48,long,25477.75,25464.53,STOP,-13.2184,-268.37,0,13.218406,14.275,10.5,19.827609,0.719956,0.279095,0.172174,0.168253,9.0
12/3/2025,09:52:48,12/3/2025,09:53:08,long,25463.5,25450.11,STOP,-13.3871,-271.74,0,13.387138,12.65,10.7,20.080707,0.629958,0.251256,-0.480419,0.171591,9.0
12/3/2025,09:54:33,12/3/2025,09:59:58,short,25488.0,25504.35,STOP,-16.3549,-331.1,0,16.354919,13.475,7.3,24.532378,0.549274,0.149112,0.98599,0.214362,9.0
12/3/2025,10:00:24,12/3/2025,10:01:00,short,25506.25,25524.35,STOP,-18.1026,-366.05,0,18.102555,16.4,7.5,27.153833,0.603966,0.840975,1.475921,0.255769,10.0
12/3/2025,10:10:00,12/3/2025,10:17:22,long,25507.0,25547.62,TARGET,40.6194,808.39,1,27.079612,10.075,12.6,40.619418,0.248034,0.671412,-0.034166,0.489351,10.0
12/3/2025,10:17:31,12/3/2025,10:21:54,short,25552.25,25522.09,TARGET,30.1589,599.18,1,20.105923,8.125,9.3,30.158885,0.269407,0.225866,1.118723,0.600105,10.0
12/3/2025,10:22:00,12/3/2025,10:22:20,long,25514.25,25500.15,STOP,-14.0994,-285.99,0,14.09944,9.25,10.8,21.149161,0.43737,0.724186,-0.138914,0.433739,10.0
12/3/2025,10:22:26,12/3/2025,10:23:12,long,25519.75,25536.75,REVERSAL,17.0,336.0,1,14.540549,8.75,8.2,21.810824,0.401177,0.588031,0.182841,0.447293,10.0
12/3/2025,10:23:12,12/3/2025,10:24:40,short,25536.75,25551.24,STOP,-14.4913,-293.83,0,14.491251,7.725,7.2,21.736877,0.355387,0.616896,0.970514,0.443861,10.0
12/3/2025,10:24:40,12/3/2025,10:29:14,short,25550.25,25528.05,TARGET,22.1988,439.98,1,14.799208,7.5,12.4,22.198813,0.337856,0.718431,1.552196,0.450099,10.0
12/3/2025,10:29:56,12/3/2025,10:32:05,long,25522.5,25506.9,STOP,-15.6049,-316.1,0,15.604928,11.25,16.5,23.407392,0.480617,0.721296,0.159723,0.469345,10.0
12/3/2025,10:32:29,12/3/2025,10:33:01,long,25514.75,25536.11,TARGET,21.3644,423.29,1,14.242923,10.35,11.2,21.364384,0.484451,0.279985,-0.284951,0.442812,10.0
12/3/2025,10:33:03,12/3/2025,10:33:07,short,25555.25,25569.1,STOP,-13.8549,-281.1,0,13.854918,10.55,8.5,20.782377,0.507642,0.29224,1.592272,0.431585,10.0
12/3/2025,10:33:39,12/3/2025,10:33:58,short,25552.0,25570.49,STOP,-18.4873,-373.75,0,18.487334,11.25,2.3,27.731001,0.405683,0.880723,0.974739,0.582219,10.0
12/3/2025,10:52:25,12/3/2025,10:54:00,long,25575.0,25565.02,STOP,-9.9804,-203.61,0,9.980387,8.425,17.2,14.97058,0.56277,0.651766,-0.168144,0.246156,10.0
12/3/2025,10:55:12,12/3/2025,10:56:13,long,25572.0,25561.6,STOP,-10.3962,-211.92,0,10.396236,8.725,16.7,15.594354,0.559497,0.287957,-0.316802,0.256351,10.0
12/3/2025,11:02:14,12/3/2025,11:06:59,short,25590.5,25571.68,TARGET,18.8156,372.31,1,12.543706,8.225,12.6,18.81556,0.437138,0.255061,1.082895,0.308723,11.0
12/3/2025,11:06:59,12/3/2025,11:08:05,long,25577.0,25564.77,STOP,-12.2333,-248.67,0,12.233278,7.925,19.4,18.349918,0.431882,0.400804,0.275476,0.304992,11.0
12/3/2025,11:08:05,12/3/2025,11:09:19,long,25570.5,25558.12,STOP,-12.3845,-251.69,0,12.384505,8.375,19.8,18.576758,0.450832,0.365809,-0.046651,0.310151,11.0
12/3/2025,11:19:22,12/3/2025,11:22:40,short,25576.25,25549.38,TARGET,26.8694,533.39,1,17.912925,7.75,13.9,26.869387,0.288432,0.277925,1.032297,0.485081,11.0
12/3/2025,11:22:40,12/3/2025,11:30:18,long,25551.25,25565.25,REVERSAL,14.0,276.0,1,18.134519,8.85,16.0,27.201778,0.325346,0.482656,0.107195,0.511921,11.0
12/3/2025,11:30:18,12/3/2025,11:31:19,short,25565.25,25582.72,STOP,-17.4747,-353.49,0,17.474742,8.3,17.9,26.212113,0.316647,0.500458,0.764286,0.595574,11.0
12/3/2025,11:31:19,12/3/2025,11:33:22,short,25583.5,25600.32,STOP,-16.8214,-340.43,0,16.821378,7.825,17.3,25.232067,0.310121,0.628432,1.516564,0.58696,11.0
12/3/2025,11:53:04,12/3/2025,11:55:08,long,25575.5,25554.54,STOP,-20.9597,-423.19,0,20.959748,7.2,16.3,31.439622,0.22901,0.55453,-0.048194,0.702604,11.0
12/3/2025,11:58:55,12/3/2025,12:04:20,long,25551.5,25589.22,TARGET,37.7236,750.47,1,25.149056,7.175,11.9,37.723583,0.190199,-0.139762,-0.51528,0.864653,11.0
12/3/2025,12:06:51,12/3/2025,12:12:33,long,25560.0,25582.25,REVERSAL,22.25,441.0,1,23.17868,8.25,17.0,34.768021,0.237287,0.303623,-0.068195,0.875386,12.0
12/3/2025,12:12:33,12/3/2025,12:14:50,short,25582.25,25600.06,STOP,-17.8099,-360.2,0,17.809895,9.775,21.3,26.714843,0.365901,0.46345,0.89669,0.703093,12.0
12/3/2025,12:14:50,12/3/2025,12:21:11,short,25598.75,25615.69,STOP,-16.943,-342.86,0,16.942993,7.65,21.3,25.414489,0.301009,0.696398,1.585995,0.666057,12.0
12/3/2025,13:20:01,12/3/2025,13:29:09,long,25615.5,25627.76,TARGET,12.2632,241.26,1,8.175489,4.9,37.4,12.263233,0.399568,0.808714,0.002782,0.299557,13.0
12/3/2025,13:29:09,12/3/2025,13:30:03,short,25625.5,25632.23,STOP,-6.7345,-138.69,0,6.734461,5.15,31.8,10.101692,0.509816,0.460062,0.751196,0.24191,13.0
12/3/2025,13:30:03,12/3/2025,13:39:54,short,25635.0,25641.74,STOP,-6.7385,-138.77,0,6.738548,5.6,31.6,10.107822,0.554026,0.501861,1.651089,0.241061,13.0
12/3/2025,13:58:04,12/3/2025,14:01:05,long,25629.5,25642.75,REVERSAL,13.25,261.0,1,11.370164,4.675,25.8,17.055246,0.274109,0.838912,0.243481,0.355174,13.0
12/3/2025,14:01:05,12/3/2025,14:26:46,short,25642.75,25653.89,STOP,-11.1439,-226.88,0,11.143939,4.95,19.0,16.715908,0.296125,0.680682,0.995187,0.347085,14.0
12/3/2025,14:27:34,12/3/2025,14:43:24,short,25650.75,25657.7,STOP,-6.9465,-142.93,0,6.946537,4.575,42.4,10.419805,0.439068,0.699751,1.207787,0.211726,14.0
12/3/2025,15:38:07,12/3/2025,15:41:07,long,25673.0,25672.0,REVERSAL,-1.0,-24.0,0,6.196311,4.25,30.0,9.294467,0.457261,0.679796,0.514525,0.174701,15.0
12/3/2025,15:41:07,12/3/2025,15:44:05,short,25672.0,25677.59,STOP,-5.587,-115.74,0,5.587041,5.2,35.7,8.380561,0.620484,0.598154,0.325191,0.156596,15.0
12/3/2025,15:44:05,12/3/2025,15:45:07,short,25675.75,25680.88,STOP,-5.128,-106.56,0,5.127965,4.85,35.8,7.691947,0.63053,0.543175,0.729461,0.143461,15.0
12/4/2025,09:30:00,12/4/2025,09:31:01,short,25700.5,25660.5,REVERSAL,40.0,796.0,1,32.207761,7.05,27.3,48.311642,0.145928,0.931513,0.95517,1.447466,9.0
12/4/2025,09:31:01,12/4/2025,09:33:46,long,25660.5,25630.55,STOP,-29.9473,-602.95,0,29.947304,8.175,3.5,44.920956,0.181986,0.604865,-0.033938,1.315997,9.0
12/4/2025,09:35:09,12/4/2025,09:40:05,long,25578.75,25632.0,REVERSAL,53.25,1061.0,1,46.237816,10.05,3.1,69.356724,0.144903,-0.123943,-0.482962,1.601961,9.0
12/4/2025,09:40:05,12/4/2025,09:42:20,short,25632.0,25592.81,TARGET,39.1882,779.76,1,26.125455,11.825,8.3,39.188182,0.301749,0.542694,1.069687,0.827598,9.0
12/4/2025,09:42:21,12/4/2025,09:51:44,long,25588.5,25567.76,STOP,-20.7435,-418.87,0,20.743472,11.025,5.5,31.115208,0.354328,0.796336,-0.004496,0.642502,9.0
12/4/2025,09:52:41,12/4/2025,09:53:51,long,25587.25,25569.67,STOP,-17.5831,-355.66,0,17.583063,11.3,9.3,26.374594,0.428443,0.067346,0.074591,0.46591,9.0
12/4/2025,10:08:52,12/4/2025,10:10:14,short,25583.5,25563.0,TARGET,20.5032,406.06,1,13.668817,8.775,15.0,20.503226,0.427981,0.361509,1.09832,0.298581,10.0
12/4/2025,10:10:40,12/4/2025,10:13:20,long,25560.0,25547.42,STOP,-12.5826,-255.65,0,12.582622,9.6,10.8,18.873933,0.508638,0.538211,-0.018043,0.272827,10.0
12/4/2025,10:13:25,12/4/2025,10:14:27,long,25558.25,25576.9,TARGET,18.6483,368.97,1,12.432202,8.95,13.3,18.648303,0.479936,0.420803,0.001831,0.263182,10.0
12/4/2025,10:14:27,12/4/2025,10:15:08,short,25576.25,25557.75,TARGET,18.4974,365.95,1,12.331578,8.075,13.7,18.497367,0.436549,0.463175,0.98561,0.259384,10.0
12/4/2025,10:15:08,12/4/2025,10:16:21,long,25555.5,25570.5,REVERSAL,15.0,296.0,1,11.416201,8.125,10.8,17.124302,0.474472,0.498923,-0.125427,0.238803,10.0
12/4/2025,10:16:21,12/4/2025,10:16:50,short,25570.5,25579.82,STOP,-9.3195,-190.39,0,9.319489,8.9,11.4,13.979233,0.636659,0.55909,0.943336,0.19318,10.0
12/4/2025,10:17:13,12/4/2025,10:17:35,short,25577.75,25587.43,STOP,-9.677,-197.54,0,9.676974,7.95,12.5,14.51546,0.547692,0.67476,1.40128,0.200184,10.0
12/4/2025,10:24:14,12/4/2025,10:25:22,long,25561.75,25551.38,STOP,-10.3711,-211.42,0,10.371091,8.15,12.0,15.556636,0.523892,0.786474,-0.122564,0.21762,10.0
12/4/2025,10:26:53,12/4/2025,10:28:11,long,25542.0,25570.95,TARGET,28.9461,574.92,1,19.297373,8.8,6.2,28.94606,0.304014,0.034132,-0.233174,0.387539,10.0
12/4/2025,10:28:17,12/4/2025,10:30:00,short,25576.0,25594.75,STOP,-18.7519,-379.04,0,18.751903,8.75,8.4,28.127855,0.31108,0.19648,1.016303,0.375937,10.0
12/4/2025,10:30:00,12/4/2025,10:36:55,short,25587.5,25607.78,STOP,-20.279,-409.58,0,20.278991,6.675,9.6,30.418486,0.219439,0.533037,1.255955,0.408957,10.0
12/4/2025,10:47:45,12/4/2025,10:50:57,long,25597.25,25579.6,STOP,-17.6473,-356.95,0,17.647262,6.625,8.6,26.470894,0.250275,0.796041,0.076799,0.548555,10.0
12/4/2025,10:51:01,12/4/2025,10:52:09,long,25582.5,25566.42,STOP,-16.0769,-325.54,0,16.076864,8.725,10.9,24.115297,0.361804,0.177873,-0.630299,0.577156,10.0
12/4/2025,11:14:12,12/4/2025,11:21:13,short,25560.0,25579.77,STOP,-19.7716,-399.43,0,19.771615,7.925,11.8,29.657423,0.267218,0.375317,0.985039,0.726458,11.0
12/4/2025,11:25:53,12/4/2025,11:39:27,short,25578.75,25577.0,REVERSAL,1.75,31.0,1,23.504896,6.125,18.5,35.257344,0.173723,1.110153,1.285368,0.871223,11.0
12/4/2025,11:39:27,12/4/2025,11:44:09,long,25577.0,25564.58,STOP,-12.4215,-252.43,0,12.421477,8.125,14.5,18.632216,0.436073,0.726763,0.466188,0.465004,11.0
12/4/2025,11:44:28,12/4/2025,11:45:44,long,25568.75,25581.71,TARGET,12.9635,255.27,1,8.642365,7.15,20.8,12.963547,0.551547,0.297407,-0.378425,0.324862,11.0
12/4/2025,11:45:57,12/4/2025,11:46:08,long,25583.25,25587.5,REVERSAL,4.25,81.0,1,8.501669,7.525,22.4,12.752503,0.59008,0.284,0.721721,0.319729,11.0
12/4/2025,11:46:08,12/4/2025,11:46:34,short,25587.5,25595.97,STOP,-8.4654,-173.31,0,8.465363,7.525,21.2,12.698044,0.592611,0.299657,1.043588,0.31836,11.0
12/4/2025,11:54:06,12/4/2025,11:57:54,short,25626.25,25646.55,STOP,-20.2996,-409.99,0,20.299628,5.225,13.8,30.449442,0.171596,1.075058,1.575225,0.703743,11.0
12/4/2025,12:09:09,12/4/2025,12:37:27,long,25604.75,25622.25,REVERSAL,17.5,346.0,1,21.221521,6.35,19.8,31.832282,0.199483,0.690815,-0.060359,0.629156,12.0
12/4/2025,12:37:27,12/4/2025,12:39:52,short,25622.25,25603.78,TARGET,18.4698,365.4,1,12.31323,4.975,18.9,18.469845,0.269358,0.212167,0.929078,0.375837,12.0
12/4/2025,12:39:52,12/4/2025,12:54:52,long,25601.0,25617.09,TARGET,16.0913,317.83,1,10.727503,5.75,22.0,16.091254,0.357337,0.269929,-0.229744,0.326949,12.0
12/4/2025,12:54:52,12/4/2025,13:05:31,short,25619.5,25604.47,TARGET,15.0298,296.6,1,10.019879,5.725,31.7,15.029818,0.380909,0.457037,1.127918,0.311812,12.0
12/4/2025,13:05:31,12/4/2025,13:05:58,long,25601.75,25593.59,STOP,-8.1556,-167.11,0,8.155595,5.775,38.4,12.233392,0.472069,0.741716,-0.031741,0.257233,13.0
12/4/2025,13:09:34,12/4/2025,13:11:07,long,25592.0,25580.67,STOP,-11.3316,-230.63,0,11.331607,5.15,13.9,16.997411,0.302987,0.184686,-0.229082,0.358724,13.0
12/4/2025,13:15:52,12/4/2025,13:29:29,short,25612.5,25624.31,STOP,-11.8144,-240.29,0,11.814397,5.4,26.5,17.721595,0.304713,0.175766,0.979923,0.373407,13.0
12/4/2025,13:29:55,12/4/2025,13:40:59,short,25623.25,25605.07,TARGET,18.1801,359.6,1,12.120089,5.7,29.5,18.180134,0.313529,0.725157,1.475378,0.379185,13.0
12/4/2025,13:41:17,12/4/2025,14:13:16,long,25599.25,25585.73,STOP,-13.5248,-274.5,0,13.524838,5.675,25.4,20.287257,0.279732,0.815492,0.125381,0.42863,13.0
12/4/2025,14:14:02,12/4/2025,14:15:35,long,25594.25,25583.87,STOP,-10.3821,-211.64,0,10.382082,5.45,22.4,15.573122,0.349962,0.060263,-0.293194,0.50838,14.0
12/4/2025,14:32:21,12/4/2025,14:34:58,short,25550.5,25574.51,STOP,-24.0056,-484.11,0,24.005634,7.45,16.0,36.008451,0.206896,0.546443,1.007867,0.663207,14.0
12/4/2025,14:38:13,12/4/2025,15:01:25,short,25596.5,25585.75,REVERSAL,10.75,211.0,1,33.156077,5.775,11.0,49.734116,0.116117,1.146852,1.616688,0.915299,14.0
12/4/2025,15:01:25,12/4/2025,15:04:36,long,25585.75,25574.3,STOP,-11.4484,-232.97,0,11.448445,6.35,21.9,17.172668,0.369774,0.564908,0.243197,0.351989,15.0
12/4/2025,15:09:29,12/4/2025,15:13:12,long,25572.25,25591.5,TARGET,19.251,381.02,1,12.834002,6.4,14.8,19.251004,0.33245,-0.088262,-0.236455,0.400063,15.0
12/4/2025,15:17:02,12/4/2025,15:25:04,long,25577.25,25564.64,STOP,-12.6121,-256.24,0,12.61208,6.075,23.0,18.91812,0.321121,0.207361,0.115052,0.401528,15.0
12/4/2025,15:25:04,12/4/2025,15:33:21,long,25567.0,25578.75,REVERSAL,11.75,231.0,1,11.855822,5.725,28.7,17.783734,0.321923,0.242938,-0.237472,0.379603,15.0
12/4/2025,15:33:21,12/4/2025,15:35:25,short,25578.75,25570.25,REVERSAL,8.5,166.0,1,9.032722,6.35,22.2,13.549083,0.468666,0.415251,0.743005,0.292803,15.0
12/4/2025,15:35:25,12/4/2025,15:48:00,long,25570.25,25583.41,TARGET,13.1616,259.23,1,8.77443,6.25,28.9,13.161645,0.474865,0.454497,0.138913,0.284793,15.0
12/5/2025,09:31:29,12/5/2025,09:39:39,short,25763.5,25732.5,REVERSAL,31.0,616.0,1,55.996878,7.475,2.1,83.995317,0.088993,1.118174,1.615509,1.020916,9.0
12/5/2025,09:39:39,12/5/2025,09:40:33,long,25732.5,25714.61,STOP,-17.8918,-361.84,0,17.891771,9.075,11.0,26.837656,0.338144,0.589333,-0.265249,0.322221,9.0
12/5/2025,09:42:48,12/5/2025,09:48:44,long,25709.75,25742.5,REVERSAL,32.75,651.0,1,27.486247,11.2,6.0,41.229371,0.271651,-0.127864,-0.313376,0.527051,9.0
12/5/2025,09:48:44,12/5/2025,09:52:07,short,25742.5,25766.47,STOP,-23.9718,-483.44,0,23.971804,10.325,12.9,35.957706,0.287143,0.391534,0.896577,0.482687,9.0
12/5/2025,09:55:26,12/5/2025,10:05:23,short,25786.75,25820.92,STOP,-34.1699,-687.4,0,34.16994,6.575,7.9,51.25491,0.12828,1.119103,1.422985,0.683706,9.0
12/5/2025,10:27:03,12/5/2025,10:31:57,long,25838.25,25854.5,REVERSAL,16.25,321.0,1,11.710351,5.3,19.7,17.565526,0.301727,0.65967,0.119567,0.157501,10.0
12/5/2025,10:31:57,12/5/2025,10:35:53,short,25854.5,25841.55,TARGET,12.9478,254.96,1,8.631838,6.25,16.4,12.947756,0.482709,0.252094,1.042758,0.114165,10.0
12/5/2025,10:35:53,12/5/2025,10:38:37,long,25841.25,25832.76,STOP,-8.4855,-173.71,0,8.485479,6.45,20.7,12.728218,0.506748,0.412237,-0.130096,0.112385,10.0
12/5/2025,10:39:14,12/5/2025,10:40:32,long,25840.75,25831.96,STOP,-8.7887,-179.77,0,8.78868,5.9,18.6,13.18302,0.447545,0.306207,-0.008988,0.119677,10.0
12/5/2025,11:06:08,12/5/2025,11:07:14,short,25758.0,25737.46,TARGET,20.5405,406.81,1,13.693678,8.875,15.0,20.540517,0.432073,0.499559,1.054149,0.288053,11.0
12/5/2025,11:07:14,12/5/2025,11:11:00,long,25734.75,25722.13,STOP,-12.6224,-256.45,0,12.622425,8.275,14.3,18.933638,0.437053,0.548428,-0.067641,0.26793,11.0
12/5/2025,11:11:15,12/5/2025,11:14:30,long,25723.5,25712.05,STOP,-11.4534,-233.07,0,11.453367,9.675,9.3,17.180051,0.563153,0.259313,-0.397698,0.253615,11.0
12/5/2025,11:22:47,12/5/2025,11:28:20,short,25730.0,25702.78,TARGET,27.2239,540.48,1,18.149294,6.725,10.2,27.223941,0.247025,0.244726,1.002315,0.356691,11.0
12/5/2025,11:28:20,12/5/2025,11:30:37,long,25701.75,25687.66,STOP,-14.0884,-285.77,0,14.088382,9.025,14.2,21.132573,0.427066,0.751984,0.003137,0.267092,11.0
12/5/2025,11:30:37,12/5/2025,11:31:15,long,25687.75,25673.78,STOP,-13.9664,-283.33,0,13.96636,7.0,10.8,20.94954,0.334136,0.505539,-0.498232,0.255859,11.0
12/5/2025,11:43:40,12/5/2025,11:52:05,short,25701.25,25721.02,STOP,-19.7741,-399.48,0,19.774121,7.95,16.9,29.661182,0.268027,0.397539,0.939885,0.318539,11.0
12/5/2025,11:59:32,12/5/2025,12:10:57,short,25741.75,25705.75,REVERSAL,36.0,716.0,1,25.37234,5.625,13.6,38.058509,0.147799,1.124672,1.406433,0.48153,11.0
12/5/2025,12:10:57,12/5/2025,12:31:23,long,25705.75,25687.79,STOP,-17.9573,-363.15,0,17.957342,7.925,23.0,26.936012,0.294216,0.451812,-0.127506,0.427716,12.0
12/5/2025,12:31:23,12/5/2025,12:36:43,long,25686.75,25668.56,STOP,-18.1948,-367.9,0,18.194779,7.7,37.5,27.292169,0.282132,0.008591,-0.599216,0.535347,12.0
12/5/2025,12:46:19,12/5/2025,12:47:38,short,25698.75,25710.12,STOP,-11.3723,-231.45,0,11.372341,6.25,26.2,17.058512,0.366386,0.267706,0.708693,0.436474,12.0
12/5/2025,12:47:38,12/5/2025,12:51:27,short,25708.5,25719.44,STOP,-10.9367,-222.73,0,10.936663,6.45,24.6,16.404995,0.393173,0.375258,1.330235,0.426701,12.0
12/5/2025,13:21:18,12/5/2025,13:26:15,long,25712.75,25731.5,REVERSAL,18.75,371.0,1,15.750107,5.825,27.7,23.62516,0.246559,0.669594,0.291642,0.712023,13.0
12/5/2025,13:26:15,12/5/2025,13:29:02,short,25731.5,25743.21,STOP,-11.7084,-238.17,0,11.70839,5.175,23.7,17.562585,0.29466,0.403584,1.087043,0.547993,13.0
12/5/2025,13:31:38,12/5/2025,13:33:29,short,25741.25,25752.17,STOP,-10.9189,-222.38,0,10.918886,4.475,14.3,16.378329,0.273227,0.742648,1.288084,0.506185,13.0
12/5/2025,13:51:07,12/5/2025,14:43:45,long,25720.5,25706.44,STOP,-14.0605,-285.21,0,14.060533,6.2,34.3,21.0908,0.293967,0.634281,-0.096469,0.604545,13.0
12/5/2025,14:48:28,12/5/2025,14:50:30,long,25709.0,25720.29,TARGET,11.2885,221.77,1,7.525644,5.55,32.2,11.288466,0.491652,0.129716,-0.564582,0.37064,14.0
12/5/2025,14:51:51,12/5/2025,14:56:47,short,25727.0,25734.27,STOP,-7.2722,-149.44,0,7.272246,4.55,32.5,10.90837,0.417111,0.251855,1.108019,0.365483,14.0
12/5/2025,15:01:26,12/5/2025,15:10:00,short,25730.75,25716.78,TARGET,13.9721,275.44,1,9.314734,5.0,25.8,13.972101,0.357856,0.835645,1.0808,0.499817,15.0
12/5/2025,15:10:00,12/5/2025,15:16:01,long,25715.5,25728.54,TARGET,13.0413,256.83,1,8.694226,5.15,35.5,13.041339,0.394898,0.770121,-0.043848,0.479336,15.0
12/5/2025,15:16:31,12/5/2025,15:19:34,short,25731.25,25739.7,STOP,-8.4468,-172.94,0,8.446764,5.225,34.5,12.670146,0.412387,0.629589,1.130024,0.478669,15.0
12/5/2025,15:20:01,12/5/2025,15:25:36,short,25731.5,25718.39,TARGET,13.1068,258.14,1,8.73787,4.6,32.4,13.106805,0.350963,0.740705,1.095301,0.498875,15.0
12/5/2025,15:25:36,12/5/2025,15:41:56,long,25718.0,25709.45,STOP,-8.5466,-174.93,0,8.54665,4.7,33.5,12.819975,0.366615,0.642261,0.02067,0.488787,15.0
12/5/2025,15:42:58,12/5/2025,15:45:53,long,25717.25,25710.01,STOP,-7.2393,-148.79,0,7.239255,4.65,34.3,10.858883,0.428221,0.074978,-0.237415,0.439854,15.0
12/8/2025,09:30:00,12/8/2025,09:30:12,long,25783.0,25804.41,TARGET,21.4106,424.21,1,14.27373,6.95,23.6,21.410595,0.324606,0.483278,-0.302173,0.376657,9.0
12/8/2025,09:30:15,12/8/2025,09:30:38,short,25811.75,25825.51,STOP,-13.7601,-279.2,0,13.760137,8.275,3.7,20.640205,0.400917,0.377094,1.021918,0.363216,9.0
12/8/2025,09:30:38,12/8/2025,09:31:03,short,25823.0,25835.74,STOP,-12.74,-258.8,0,12.740041,7.275,3.1,19.110062,0.38069,0.485883,1.494764,0.330867,9.0
12/8/2025,09:39:34,12/8/2025,09:40:05,long,25808.75,25790.25,STOP,-18.5003,-374.01,0,18.500283,8.4,11.3,27.750424,0.302698,0.455261,-0.022965,0.414777,9.0
12/8/2025,09:40:07,12/8/2025,09:42:02,long,25800.75,25783.08,STOP,-17.6659,-357.32,0,17.665867,8.35,6.9,26.498801,0.315109,0.252769,-0.369945,0.397779,9.0
12/8/2025,10:02:20,12/8/2025,10:05:29,short,25772.75,25748.75,REVERSAL,24.0,476.0,1,17.980701,8.775,11.9,26.971052,0.325349,0.301716,0.955118,0.571296,10.0
12/8/2025,10:05:29,12/8/2025,10:07:06,long,25748.75,25760.5,REVERSAL,11.75,231.0,1,11.809927,7.575,15.0,17.71489,0.427606,0.619097,0.090599,0.386329,10.0
12/8/2025,10:07:06,12/8/2025,10:08:28,short,25760.5,25771.89,STOP,-11.3907,-231.81,0,11.390688,8.5,17.2,17.086032,0.497482,0.64358,0.797612,0.375311,10.0
12/8/2025,10:08:28,12/8/2025,10:09:05,short,25775.5,25757.95,TARGET,17.5475,346.95,1,11.698349,7.725,17.9,17.547523,0.440233,0.699396,1.602862,0.390023,10.0
12/8/2025,10:09:31,12/8/2025,10:10:26,long,25754.25,25743.08,STOP,-11.1724,-227.45,0,11.172447,8.025,14.5,16.75867,0.478857,0.633925,0.332475,0.375514,10.0
12/8/2025,10:10:26,12/8/2025,10:11:07,long,25751.25,25741.3,STOP,-9.9524,-203.05,0,9.952438,8.125,13.6,14.928657,0.544255,0.495872,0.063591,0.334584,10.0
12/8/2025,10:33:51,12/8/2025,10:44:16,short,25721.25,25687.95,TARGET,33.3022,662.04,1,22.20147,6.85,13.8,33.302205,0.205692,0.339764,0.990508,0.494614,10.0
12/8/2025,10:44:32,12/8/2025,10:51:51,long,25689.5,25674.69,STOP,-14.8097,-300.19,0,14.809747,7.0,21.8,22.214621,0.315108,0.696114,0.178027,0.310705,10.0
12/8/2025,10:51:51,12/8/2025,10:56:06,long,25672.5,25657.65,STOP,-14.8493,-300.99,0,14.849295,7.375,19.7,22.273943,0.331104,0.436421,-0.477263,0.302186,10.0
12/8/2025,11:20:07,12/8/2025,11:23:49,short,25654.5,25666.0,STOP,-11.5041,-234.08,0,11.504125,7.375,18.7,17.256188,0.427383,0.322213,0.964181,0.21119,11.0
12/8/2025,11:24:53,12/8/2025,11:27:04,short,25655.25,25641.3,TARGET,13.9461,274.92,1,9.297412,6.6,17.1,13.946118,0.47325,0.929279,1.197327,0.178345,11.0
12/8/2025,11:27:04,12/8/2025,11:28:09,long,25639.5,25653.32,TARGET,13.8214,272.43,1,9.214281,6.875,15.0,13.821421,0.497416,0.830678,-0.0146,0.18065,11.0
12/8/2025,11:28:09,12/8/2025,11:30:24,short,25658.75,25667.67,STOP,-8.9174,-182.35,0,8.917425,7.075,16.4,13.376138,0.528927,0.768576,1.364412,0.175787,11.0
12/8/2025,11:31:11,12/8/2025,11:33:55,short,25653.75,25640.5,REVERSAL,13.25,261.0,1,9.752377,6.225,15.5,14.628565,0.425537,0.875365,0.785742,0.197836,11.0
12/8/2025,11:33:55,12/8/2025,11:36:34,long,25640.5,25654.22,TARGET,13.7223,270.45,1,9.148203,6.675,17.6,13.722305,0.486434,0.686719,-0.197951,0.187089,11.0
12/8/2025,11:39:21,12/8/2025,11:41:02,long,25645.0,25656.25,REVERSAL,11.25,221.0,1,9.069265,7.725,22.9,13.603898,0.567852,0.523102,0.188876,0.19472,11.0
12/8/2025,11:41:02,12/8/2025,11:41:50,short,25656.25,25642.65,TARGET,13.5955,267.91,1,9.063683,7.575,25.5,13.595525,0.557169,0.523152,0.998694,0.197223,11.0
12/8/2025,11:41:50,12/8/2025,11:52:32,long,25646.25,25637.21,STOP,-9.0448,-184.9,0,9.044781,8.1,26.6,13.567172,0.597029,0.498036,0.261004,0.198056,11.0
12/8/2025,11:53:40,12/8/2025,11:56:00,long,25644.5,25636.78,STOP,-7.7217,-158.43,0,7.721672,6.75,20.3,11.582509,0.582775,0.141691,-0.065076,0.174523,11.0
12/8/2025,12:08:54,12/8/2025,12:11:06,short,25639.75,25627.75,REVERSAL,12.0,236.0,1,13.642656,6.825,18.9,20.463984,0.333513,0.181055,0.651119,0.326883,12.0
12/8/2025,12:11:06,12/8/2025,12:14:10,long,25627.75,25614.25,STOP,-13.4968,-273.94,0,13.496752,6.225,20.9,20.245128,0.307481,0.245231,0.08916,0.326662,12.0
12/8/2025,12:14:10,12/8/2025,12:26:34,long,25619.25,25605.83,STOP,-13.4158,-272.32,0,13.415848,7.125,20.3,20.123772,0.354059,0.242814,-0.232716,0.333833,12.0
12/8/2025,12:31:37,12/8/2025,12:42:20,short,25629.0,25639.48,STOP,-10.477,-213.54,0,10.476962,5.05,23.1,15.715442,0.32134,0.331036,0.932377,0.306832,12.0
12/8/2025,12:42:20,12/8/2025,12:43:48,short,25639.5,25624.67,TARGET,14.835,292.7,1,9.889987,6.0,38.0,14.834981,0.404449,0.499123,1.552917,0.314169,12.0
12/8/2025,12:45:06,12/8/2025,12:47:55,long,25617.5,25632.12,TARGET,14.6229,288.46,1,9.748582,4.95,21.0,14.622873,0.338511,0.474377,0.015827,0.321315,12.0
12/8/2025,12:47:55,12/8/2025,12:49:32,short,25629.5,25639.15,STOP,-9.6459,-196.92,0,9.645886,5.2,23.1,14.46883,0.359393,0.504218,0.8784,0.328139,12.0
12/8/2025,12:51:33,12/8/2025,12:52:59,short,25639.5,25649.51,STOP,-10.0057,-204.11,0,10.005662,5.1,16.6,15.008493,0.339808,0.885049,1.51176,0.357634,12.0
12/8/2025,13:17:54,12/8/2025,13:21:55,long,25670.25,25681.92,TARGET,11.6709,229.42,1,7.780567,7.35,27.2,11.670851,0.629774,0.587483,-0.065083,0.370077,13.0
12/8/2025,13:21:55,12/8/2025,13:22:26,short,25677.25,25676.5,REVERSAL,0.75,11.0,1,7.129234,6.8,24.1,10.693851,0.635879,0.454323,0.491116,0.340715,13.0
12/8/2025,13:22:26,12/8/2025,13:23:41,long,25676.5,25681.5,REVERSAL,5.0,96.0,1,7.129609,6.95,26.1,10.694413,0.649872,0.454187,0.422156,0.340733,13.0
12/8/2025,13:23:41,12/8/2025,13:24:44,short,25681.5,25670.85,TARGET,10.6506,209.01,1,7.100413,6.925,30.4,10.65062,0.650197,0.48295,0.894578,0.338453,13.0
12/8/2025,13:24:44,12/8/2025,13:25:15,long,25672.25,25665.13,STOP,-7.1188,-146.38,0,7.118803,7.35,28.7,10.678204,0.688318,0.474083,0.039248,0.338169,13.0
12/8/2025,13:25:15,12/8/2025,13:26:14,long,25665.25,25658.04,STOP,-7.2147,-148.29,0,7.214662,7.6,30.1,10.821993,0.702274,0.441476,-0.59222,0.342547,13.0
12/8/2025,14:22:06,12/8/2025,14:57:30,short,25610.0,25594.0,REVERSAL,16.0,316.0,1,16.10064,6.4,22.5,24.15096,0.265,0.415538,1.152044,0.531353,14.0
12/8/2025,14:57:30,12/8/2025,15:05:02,long,25594.0,25583.88,STOP,-10.1201,-206.4,0,10.120086,5.725,24.5,15.18013,0.377138,0.753545,0.055999,0.319709,14.0
12/8/2025,15:08:17,12/8/2025,15:15:35,long,25594.5,25607.55,TARGET,13.0491,256.98,1,8.699376,5.8,34.1,13.049065,0.444476,0.128586,-0.028007,0.267148,15.0
12/8/2025,15:15:35,12/8/2025,15:17:29,short,25607.75,25594.77,TARGET,12.9825,255.65,1,8.654983,5.95,38.0,12.982474,0.45831,0.218456,1.00029,0.263395,15.0
12/8/2025,15:17:29,12/8/2025,15:20:59,long,25596.5,25609.36,TARGET,12.8579,253.16,1,8.571951,5.775,36.8,12.857927,0.449139,0.243021,0.11269,0.26025,15.0
12/8/2025,15:20:59,12/8/2025,15:26:18,short,25610.0,25597.13,TARGET,12.8661,253.32,1,8.577396,6.375,34.5,12.866094,0.495488,0.314137,1.140249,0.259877,15.0
12/8/2025,15:26:30,12/8/2025,15:29:41,short,25608.0,25616.51,STOP,-8.507,-174.14,0,8.507045,5.575,33.1,12.760568,0.436893,0.447331,0.974705,0.256761,15.0
12/8/2025,15:30:01,12/8/2025,15:34:25,short,25612.5,25599.86,TARGET,12.6438,248.88,1,8.429197,5.725,30.5,12.643796,0.452791,0.646453,1.338554,0.254477,15.0
12/8/2025,15:35:15,12/8/2025,15:36:52,long,25591.75,25604.45,TARGET,12.7037,250.07,1,8.469157,4.825,24.1,12.703735,0.37981,0.643797,-0.292877,0.254727,15.0
12/8/2025,15:40:31,12/8/2025,15:43:17,short,25607.0,25614.92,STOP,-7.9163,-162.33,0,7.916257,6.625,29.8,11.874385,0.557924,0.641245,1.001289,0.236507,15.0
12/8/2025,15:44:25,12/8/2025,15:50:35,short,25611.25,25619.0,STOP,-7.7549,-159.1,0,7.7549,5.1,31.1,11.63235,0.438432,0.834178,1.372996,0.231451,15.0
12/9/2025,09:30:00,12/9/2025,09:31:02,long,25618.5,25593.83,STOP,-24.6693,-497.39,0,24.669325,8.225,27.4,37.003988,0.222273,-0.006775,0.084437,0.677488,9.0
12/9/2025,09:31:02,12/9/2025,09:31:29,long,25594.25,25571.69,STOP,-22.5633,-455.27,0,22.56333,8.9,4.2,33.844995,0.262964,0.146125,-0.432782,0.627567,9.0
12/9/2025,09:35:51,12/9/2025,09:37:42,short,25600.75,25617.88,STOP,-17.1347,-346.69,0,17.134734,9.325,6.1,25.702101,0.362811,0.285418,0.712823,0.428418,9.0
12/9/2025,09:37:42,12/9/2025,09:38:59,short,25618.25,25635.28,STOP,-17.033,-344.66,0,17.03303,8.2,8.1,25.549545,0.320945,0.565646,1.412051,0.422544,9.0
12/9/2025,09:47:57,12/9/2025,09:50:32,long,25601.0,25625.87,TARGET,24.8745,493.49,1,16.582978,9.15,12.5,24.874467,0.367847,0.58414,-0.18102,0.405988,9.0
12/9/2025,09:51:00,12/9/2025,09:52:13,short,25628.75,25616.25,REVERSAL,12.5,246.0,1,13.260382,8.8,14.1,19.890573,0.442421,0.356395,0.884353,0.321948,9.0
12/9/2025,09:52:13,12/9/2025,09:53:55,long,25616.25,25603.85,STOP,-12.4026,-252.05,0,12.402627,8.975,15.4,18.60394,0.482425,0.306425,0.187701,0.300672,9.0
12/9/2025,09:54:12,12/9/2025,09:55:58,long,25603.0,25620.88,TARGET,17.8758,353.52,1,11.917186,9.125,16.5,17.875779,0.510467,0.167985,-0.591281,0.287618,9.0
12/9/2025,09:57:21,12/9/2025,09:59:11,long,25612.0,25625.5,REVERSAL,13.5,266.0,1,12.089432,9.8,14.5,18.134148,0.540417,0.208032,-0.010225,0.290742,9.0
12/9/2025,09:59:11,12/9/2025,09:59:53,short,25625.5,25610.0,REVERSAL,15.5,306.0,1,11.13909,8.05,19.3,16.708635,0.481787,0.294071,0.821241,0.268924,9.0
12/9/2025,09:59:53,12/9/2025,10:00:01,long,25610.0,25626.2,TARGET,16.1971,319.94,1,10.798097,8.775,19.0,16.197146,0.541762,0.362854,-0.098254,0.261131,9.0
12/9/2025,10:00:04,12/9/2025,10:00:35,short,25624.75,25634.98,STOP,-10.2322,-208.64,0,10.232183,10.8,16.3,15.348274,0.703662,0.426701,0.852971,0.247754,10.0
12/9/2025,10:01:46,12/9/2025,10:02:04,short,25627.75,25636.85,STOP,-9.1018,-186.04,0,9.101786,7.4,10.5,13.652678,0.542018,0.809303,1.144562,0.222393,10.0
12/9/2025,10:15:37,12/9/2025,10:17:40,long,25632.0,25644.0,REVERSAL,12.0,236.0,1,13.439642,7.05,16.2,20.159463,0.349712,0.543789,0.331593,0.419722,10.0
12/9/2025,10:17:40,12/9/2025,10:18:59,short,25644.0,25628.5,REVERSAL,15.5,306.0,1,11.928203,7.525,15.7,17.892304,0.420572,0.487935,0.88089,0.382384,10.0
12/9/2025,10:18:59,12/9/2025,10:24:11,long,25628.5,25645.5,TARGET,17.003,336.06,1,11.335364,7.425,18.6,17.003045,0.436686,0.423248,-0.046226,0.368411,10.0
12/9/2025,10:24:11,12/9/2025,10:27:07,short,25646.5,25632.0,REVERSAL,14.5,286.0,1,9.998125,6.9,21.7,14.997187,0.460086,0.365155,0.976756,0.346262,10.0
12/9/2025,10:27:07,12/9/2025,10:28:47,long,25632.0,25646.25,TARGET,14.2483,280.97,1,9.498883,6.45,17.6,14.248324,0.452685,0.520385,-0.028834,0.334242,10.0
12/9/2025,10:28:47,12/9/2025,10:29:34,short,25649.5,25656.5,STOP,-7.0022,-144.04,0,7.002207,6.5,14.3,10.50331,0.618853,0.655189,1.622503,0.248575,10.0
12/9/2025,10:32:09,12/9/2025,10:34:37,short,25648.0,25657.74,STOP,-9.745,-198.9,0,9.744981,6.275,12.1,14.617471,0.429281,1.001339,0.964513,0.375213,10.0
12/9/2025,10:47:51,12/9/2025,10:50:22,long,25643.5,25660.93,TARGET,17.4278,344.56,1,11.618524,5.125,8.7,17.427786,0.294071,0.841829,-0.149537,0.462145,10.0
12/9/2025,10:50:36,12/9/2025,10:51:25,short,25667.0,25678.05,STOP,-11.0516,-225.03,0,11.051612,5.5,10.1,16.577418,0.331777,0.454693,1.186174,0.450712,10.0
12/9/2025,10:52:13,12/9/2025,10:55:02,short,25669.75,25681.16,STOP,-11.4106,-232.21,0,11.410592,5.275,11.8,17.115889,0.308193,0.623997,1.189564,0.459474,10.0
12/9/2025,11:31:19,12/9/2025,11:33:00,long,25686.0,25696.91,TARGET,10.9064,214.13,1,7.270961,5.725,20.1,10.906441,0.524919,0.632718,-0.095749,0.232586,11.0
12/9/2025,11:33:30,12/9/2025,11:33:58,short,25699.75,25705.92,STOP,-6.1717,-127.43,0,6.171735,4.975,19.0,9.257603,0.537396,0.515178,1.17323,0.201903,11.0
12/9/2025,11:36:13,12/9/2025,11:40:08,short,25702.75,25692.2,TARGET,10.552,207.04,1,7.034646,4.15,13.5,10.55197,0.393292,0.781298,1.163383,0.232152,11.0
12/9/2025,11:40:31,12/9/2025,11:42:14,long,25689.0,25681.96,STOP,-7.0413,-144.83,0,7.041251,4.7,21.0,10.561877,0.444997,0.693607,-0.182881,0.234895,11.0
12/9/2025,11:45:10,12/9/2025,11:48:45,long,25679.25,25693.81,TARGET,14.5603,287.21,1,9.70686,4.75,12.5,14.56029,0.32623,-0.004152,-0.53535,0.333731,11.0
12/9/2025,11:50:01,12/9/2025,11:51:42,short,25699.25,25709.08,STOP,-9.8265,-200.53,0,9.826524,4.175,15.0,14.739786,0.283247,0.216573,1.000855,0.332937,11.0
12/9/2025,11:51:42,12/9/2025,12:03:02,short,25707.25,25717.58,STOP,-10.3251,-210.5,0,10.325106,3.775,14.5,15.487659,0.243742,0.464565,1.451241,0.347728,11.0
12/9/2025,12:20:12,12/9/2025,12:55:15,long,25699.25,25709.75,REVERSAL,10.5,206.0,1,12.921348,4.775,33.3,19.382021,0.246362,0.764976,-0.067794,0.436321,12.0
12/9/2025,12:55:15,12/9/2025,12:56:03,short,25709.75,25698.63,TARGET,11.1187,218.37,1,7.412446,5.025,27.7,11.118668,0.451943,0.265085,0.893033,0.286669,12.0
12/9/2025,12:56:03,12/9/2025,12:57:37,long,25703.25,25710.5,REVERSAL,7.25,141.0,1,6.832139,5.4,25.6,10.248209,0.526921,0.304318,0.346315,0.266218,12.0
12/9/2025,12:57:37,12/9/2025,12:59:20,short,25710.5,25716.87,STOP,-6.3701,-131.4,0,6.370131,6.1,25.7,9.555196,0.638396,0.374325,1.134995,0.251171,12.0
12/9/2025,13:06:35,12/9/2025,13:11:16,short,25718.25,25706.3,TARGET,11.9462,234.92,1,7.964152,4.325,27.0,11.946229,0.362039,0.946055,1.471436,0.331094,13.0
12/9/2025,13:12:40,12/9/2025,13:17:20,short,25717.25,25725.35,STOP,-8.1031,-166.06,0,8.103093,5.25,31.5,12.15464,0.431934,0.879258,1.273162,0.349604,13.0
12/9/2025,13:19:04,12/9/2025,13:38:13,short,25723.75,25709.75,REVERSAL,14.0,276.0,1,9.791104,4.35,21.1,14.686657,0.296187,1.013567,1.439969,0.442181,13.0
12/9/2025,13:38:13,12/9/2025,13:45:02,long,25709.75,25701.24,STOP,-8.5057,-174.11,0,8.505696,5.075,33.5,12.758544,0.397773,0.726384,-0.038659,0.41847,13.0
12/9/2025,13:48:08,12/9/2025,13:51:08,long,25704.0,25718.22,TARGET,14.2221,280.44,1,9.481393,5.325,18.6,14.22209,0.374418,-0.032599,-0.344285,0.50929,13.0
12/9/2025,13:52:46,12/9/2025,13:53:43,short,25724.75,25734.14,STOP,-9.3923,-191.85,0,9.392288,4.25,21.3,14.088432,0.301666,0.250952,1.162423,0.523695,13.0
12/9/2025,13:53:55,12/9/2025,14:00:56,short,25730.0,25714.97,TARGET,15.0333,296.67,1,10.022219,4.15,16.7,15.033328,0.276053,0.473152,1.416464,0.584627,13.0
12/9/2025,14:02:06,12/9/2025,14:07:59,long,25710.0,25699.24,STOP,-10.7591,-219.18,0,10.759104,4.225,21.9,16.138656,0.261794,0.721387,0.025518,0.743319,14.0
12/9/2025,14:07:59,12/9/2025,14:19:00,long,25699.5,25715.78,TARGET,16.2837,321.67,1,10.85578,4.85,28.4,16.283671,0.297844,0.49607,-0.481812,0.794533,14.0
12/9/2025,14:30:29,12/9/2025,14:36:06,long,25711.5,25701.7,STOP,-9.8048,-200.1,0,9.804834,4.375,50.9,14.707251,0.297472,0.178073,0.261002,0.765018,14.0
12/9/2025,14:36:06,12/9/2025,14:44:12,long,25701.0,25690.99,STOP,-10.0141,-204.28,0,10.014071,4.775,39.3,15.021107,0.317886,0.194149,-0.393909,0.789203,14.0
12/9/2025,15:07:01,12/9/2025,15:15:00,short,25709.0,25699.12,TARGET,9.88,193.6,1,6.586646,4.575,44.9,9.879968,0.463058,0.361526,1.025305,0.529993,15.0
12/9/2025,15:15:00,12/9/2025,15:20:19,long,25698.75,25708.74,TARGET,9.99,195.8,1,6.659998,4.125,40.7,9.989996,0.412913,0.448761,-0.026276,0.535519,15.0
12/9/2025,15:20:19,12/9/2025,15:25:06,short,25707.0,25699.5,REVERSAL,7.5,146.0,1,6.658923,4.375,45.5,9.988384,0.438009,0.436831,0.795343,0.536927,15.0
12/9/2025,15:25:06,12/9/2025,15:34:07,long,25699.5,25693.08,STOP,-6.4244,-132.49,0,6.424435,3.975,48.7,9.636653,0.412488,0.468223,0.076876,0.525348,15.0
12/9/2025,15:35:42,12/9/2025,15:39:12,long,25693.5,25701.94,TARGET,8.4418,164.84,1,5.627879,3.9,31.4,8.441819,0.461986,0.320896,-0.345197,0.510594,15.0
12/9/2025,15:39:47,12/9/2025,15:41:24,short,25702.25,25696.25,REVERSAL,6.0,116.0,1,5.437469,4.5,34.0,8.156203,0.551727,0.381636,0.738162,0.515566,15.0
12/9/2025,15:41:24,12/9/2025,15:44:40,long,25696.25,25704.35,TARGET,8.1023,158.05,1,5.401548,4.875,37.6,8.102322,0.601679,0.397855,0.020199,0.52089,15.0
12/9/2025,15:44:40,12/9/2025,15:47:14,short,25708.5,25700.33,TARGET,8.1653,159.31,1,5.443502,5.0,44.5,8.165254,0.612351,0.466646,1.514972,0.52993,15.0
12/10/2025,09:30:00,12/10/2025,09:31:46,long,25641.25,25621.82,STOP,-19.432,-392.64,0,19.431954,6.925,27.2,29.147932,0.237581,0.310274,-0.296969,0.824143,9.0
12/10/2025,09:32:22,12/10/2025,09:35:03,long,25626.0,25603.79,STOP,-22.208,-448.16,0,22.208012,8.875,5.6,33.312019,0.26642,-0.036223,-0.544143,0.860666,9.0
12/10/2025,09:38:07,12/10/2025,09:47:03,short,25637.25,25661.68,STOP,-24.4328,-492.66,0,24.432826,7.975,5.5,36.649238,0.217603,0.168148,1.009219,0.683286,9.0
12/10/2025,09:47:03,12/10/2025,09:52:38,short,25661.75,25629.25,REVERSAL,32.5,646.0,1,25.53691,7.875,11.1,38.305364,0.205585,1.021042,1.596452,0.721214,9.0
12/10/2025,09:52:38,12/10/2025,09:53:09,long,25629.25,25614.53,STOP,-14.7193,-298.39,0,14.719328,9.625,12.2,22.078992,0.435935,0.690468,0.042665,0.426566,9.0
12/10/2025,09:53:16,12/10/2025,09:55:18,long,25627.25,25612.73,STOP,-14.5152,-294.3,0,14.515245,8.525,10.3,21.772868,0.391542,0.501314,-0.058953,0.421062,9.0
12/10/2025,10:05:48,12/10/2025,10:19:35,short,25636.75,25652.21,STOP,-15.4573,-313.15,0,15.45732,7.375,16.6,23.18598,0.31808,0.496606,1.123221,0.430493,10.0
12/10/2025,10:19:54,12/10/2025,10:26:18,short,25646.0,25627.62,TARGET,18.3817,363.63,1,12.254459,7.25,19.7,18.381689,0.394414,0.862036,1.44469,0.356723,10.0
12/10/2025,10:26:35,12/10/2025,10:30:06,long,25624.5,25641.35,TARGET,16.8509,333.02,1,11.23391,7.675,23.2,16.850864,0.455466,0.815352,-0.037361,0.371939,10.0
12/10/2025,10:30:25,12/10/2025,10:32:28,short,25639.25,25631.5,REVERSAL,7.75,151.0,1,8.644977,6.475,20.6,12.967465,0.499327,0.578273,0.764123,0.311943,10.0
12/10/2025,10:32:28,12/10/2025,10:33:19,long,25631.5,25623.55,STOP,-7.9546,-163.09,0,7.954552,6.375,20.5,11.931828,0.534285,0.472084,0.081791,0.300097,10.0
12/10/2025,10:33:19,12/10/2025,10:34:30,long,25623.5,25615.49,STOP,-8.0068,-164.14,0,8.006824,6.45,21.1,12.010235,0.537042,0.417676,-0.578663,0.308799,10.0
12/10/2025,10:49:03,12/10/2025,10:53:59,short,25613.25,25582.01,TARGET,31.2373,620.75,1,20.824866,6.175,19.3,31.237298,0.19768,0.328574,0.963068,0.731386,10.0
12/10/2025,10:53:59,12/10/2025,10:55:12,long,25580.75,25566.11,STOP,-14.6429,-296.86,0,14.642892,7.75,13.2,21.964337,0.352845,0.810907,-0.063869,0.59053,10.0
12/10/2025,10:56:06,12/10/2025,11:00:15,long,25562.5,25544.44,STOP,-18.0632,-365.26,0,18.063178,5.225,5.2,27.094767,0.192842,0.243344,-0.433391,0.701736,10.0
12/10/2025,11:09:10,12/10/2025,11:11:49,short,25580.0,25599.13,STOP,-19.1268,-386.54,0,19.126816,6.325,15.4,28.690224,0.220458,0.307121,1.046528,0.600693,11.0
12/10/2025,11:20:04,12/10/2025,11:44:09,short,25633.25,25621.5,REVERSAL,11.75,231.0,1,31.860882,5.925,9.4,47.791323,0.123976,1.116159,1.599206,1.00661,11.0
12/10/2025,11:44:09,12/10/2025,11:50:39,long,25621.5,25642.94,TARGET,21.4393,424.79,1,14.292878,5.95,21.2,21.439316,0.277528,0.655276,0.060154,0.456533,11.0
12/10/2025,11:50:39,12/10/2025,11:54:31,short,25641.0,25650.59,STOP,-9.5857,-195.71,0,9.585711,5.375,16.3,14.378566,0.37382,0.198417,0.936066,0.314882,11.0
12/10/2025,11:55:15,12/10/2025,12:09:02,short,25650.25,25635.3,TARGET,14.9466,294.93,1,9.964373,5.425,25.3,14.946559,0.36296,0.492008,1.402883,0.323596,11.0
12/10/2025,12:10:08,12/10/2025,12:20:06,long,25630.75,25619.44,STOP,-11.3083,-230.17,0,11.308349,5.425,35.8,16.962523,0.319823,0.687775,-0.030581,0.352312,12.0
12/10/2025,12:20:06,12/10/2025,12:25:21,long,25621.75,25639.32,TARGET,17.5677,347.35,1,11.711815,5.475,34.2,17.567722,0.311651,0.408851,-0.341316,0.363678,12.0
12/10/2025,12:26:12,12/10/2025,12:36:46,long,25622.5,25640.46,TARGET,17.9602,355.2,1,11.973486,6.0,29.5,17.960229,0.334071,0.294624,-0.237602,0.371024,12.0
12/10/2025,12:37:38,12/10/2025,12:39:16,short,25648.75,25632.91,TARGET,15.8356,312.71,1,10.557049,6.075,44.8,15.835573,0.38363,0.147688,1.212636,0.328788,12.0
12/10/2025,12:42:07,12/10/2025,12:49:34,long,25627.0,25642.96,TARGET,15.9581,315.16,1,10.638733,6.675,36.6,15.9581,0.418283,0.213535,-0.154213,0.331598,12.0
12/10/2025,12:49:34,12/10/2025,12:51:08,short,25645.5,25655.63,STOP,-10.1314,-206.63,0,10.13138,5.8,41.9,15.197071,0.381653,0.361425,1.118705,0.315094,12.0
12/10/2025,12:52:03,12/10/2025,12:53:03,short,25649.75,25660.0,STOP,-10.2516,-209.03,0,10.25164,5.85,28.8,15.37746,0.380427,0.679945,1.384249,0.316,12.0
12/10/2025,13:18:53,12/10/2025,13:21:02,long,25644.0,25628.82,STOP,-15.184,-307.68,0,15.183991,5.725,46.3,22.775986,0.251361,0.657975,0.272019,0.433517,13.0
12/10/2025,13:21:02,12/10/2025,13:25:03,long,25631.75,25616.89,STOP,-14.8569,-301.14,0,14.856888,5.8,36.6,22.285332,0.260261,0.527983,-0.294357,0.423821,13.0
12/10/2025,14:00:06,12/10/2025,14:00:19,short,25648.0,25665.11,STOP,-17.1127,-346.25,0,17.112728,12.3,48.4,25.669093,0.479175,0.314574,1.504905,0.514165,14.0
12/10/2025,14:01:38,12/10/2025,14:02:59,short,25685.0,25635.64,TARGET,49.3586,983.17,1,32.905757,15.325,5.4,49.358635,0.310483,1.065941,1.605835,0.906009,14.0
12/10/2025,14:04:02,12/10/2025,14:06:47,short,25665.75,25699.86,STOP,-34.1052,-686.1,0,34.105225,13.2,9.6,51.157837,0.258025,0.916978,1.07132,0.948522,14.0
12/10/2025,14:07:29,12/10/2025,14:19:01,short,25710.75,25694.0,REVERSAL,16.75,331.0,1,37.204279,10.525,5.0,55.806418,0.188598,0.936163,1.441603,1.036043,14.0
12/10/2025,14:19:01,12/10/2025,14:24:02,long,25694.0,25671.84,STOP,-22.1596,-447.19,0,22.159633,8.7,9.2,33.23945,0.261737,0.624039,0.142593,0.64167,14.0
12/10/2025,14:29:20,12/10/2025,14:31:57,long,25652.0,25693.64,TARGET,41.6359,828.72,1,27.757299,9.825,8.7,41.635949,0.235974,-0.10239,-0.441254,0.797424,14.0
12/10/2025,14:32:32,12/10/2025,14:34:04,short,25705.0,25730.89,STOP,-25.8891,-521.78,0,25.889053,10.35,8.3,38.83358,0.266522,0.264955,1.031306,0.73711,14.0
12/10/2025,14:35:03,12/10/2025,14:35:31,short,25734.0,25765.62,STOP,-31.6201,-636.4,0,31.620096,10.3,5.4,47.430144,0.217161,1.012242,1.457461,0.834917,14.0
12/10/2025,14:40:07,12/10/2025,14:40:22,long,25690.0,25731.44,TARGET,41.4439,824.88,1,27.629289,14.4,10.7,41.443934,0.347457,0.511085,-0.426493,0.61971,14.0
12/10/2025,14:40:32,12/10/2025,14:40:49,long,25699.0,25675.88,STOP,-23.1186,-466.37,0,23.118608,16.1,2.5,34.677912,0.464272,0.253655,-0.436187,0.520071,14.0
12/10/2025,14:42:46,12/10/2025,14:45:37,long,25662.0,25717.5,REVERSAL,55.5,1106.0,1,44.804579,15.275,5.1,67.206869,0.227283,-0.104183,-0.203314,1.029707,14.0
12/10/2025,14:45:37,12/10/2025,14:52:23,short,25717.5,25754.79,STOP,-37.2931,-749.86,0,37.293087,13.825,7.5,55.939631,0.247141,0.226923,1.000584,0.870277,14.0
12/10/2025,14:54:40,12/10/2025,14:58:41,short,25781.25,25828.18,STOP,-46.9301,-942.6,0,46.930112,8.175,4.7,70.395168,0.11613,1.087492,1.474641,0.992479,14.0
12/10/2025,15:23:10,12/10/2025,15:25:25,long,25833.5,25850.81,TARGET,17.3119,342.24,1,11.541236,9.525,13.8,17.311853,0.550201,0.743132,-0.136702,0.170442,15.0
12/10/2025,15:25:25,12/10/2025,15:28:34,short,25852.25,25837.75,REVERSAL,14.5,286.0,1,11.101713,9.725,14.8,16.652569,0.583994,0.533599,0.943475,0.161637,15.0
12/10/2025,15:28:34,12/10/2025,15:32:19,long,25837.75,25853.79,TARGET,16.0446,316.89,1,10.696367,7.425,20.1,16.044551,0.462774,0.52402,-0.02884,0.153494,15.0
12/10/2025,15:32:19,12/10/2025,15:36:27,short,25854.0,25846.5,REVERSAL,7.5,146.0,1,9.593246,9.15,19.7,14.389869,0.635864,0.349726,0.974118,0.136171,15.0
12/10/2025,15:36:27,12/10/2025,15:37:56,long,25846.5,25854.75,REVERSAL,8.25,161.0,1,8.753422,7.1,22.5,13.130133,0.540741,0.394421,0.31036,0.121995,15.0
12/10/2025,15:37:56,12/10/2025,15:39:36,short,25854.75,25845.75,REVERSAL,9.0,176.0,1,8.345262,6.825,23.3,12.517893,0.54522,0.374044,0.916204,0.115778,15.0
12/10/2025,15:39:36,12/10/2025,15:40:12,long,25845.75,25847.25,REVERSAL,1.5,26.0,1,8.372967,7.1,21.7,12.55945,0.565311,0.411628,0.192861,0.115732,15.0
12/10/2025,15:40:12,12/10/2025,15:40:39,short,25847.25,25842.25,REVERSAL,5.0,96.0,1,8.332636,6.975,22.5,12.498954,0.558047,0.422784,0.318585,0.114995,15.0
12/10/2025,15:40:39,12/10/2025,15:47:53,long,25842.25,25833.93,STOP,-8.317,-170.34,0,8.31702,7.075,23.4,12.47553,0.56711,0.415653,-0.069715,0.114711,15.0
12/11/2025,09:30:00,12/11/2025,09:30:05,long,25642.5,25625.72,STOP,-16.7805,-339.61,0,16.780532,7.075,30.0,25.170798,0.28108,0.153201,-0.435608,0.157081,9.0
12/11/2025,09:31:48,12/11/2025,09:34:39,long,25600.0,25572.47,STOP,-27.5343,-554.69,0,27.534328,7.85,4.1,41.301492,0.190066,-0.090758,-0.422182,0.292974,9.0
12/11/2025,09:37:54,12/11/2025,09:38:00,short,25596.0,25606.75,STOP,-10.7463,-218.93,0,10.746272,9.8,6.7,16.119408,0.607963,0.460689,0.680062,0.147911,9.0
12/11/2025,09:38:28,12/11/2025,09:39:00,short,25604.0,25617.14,STOP,-13.136,-266.72,0,13.135968,7.45,2.8,19.703952,0.378097,0.81058,0.944581,0.180997,9.0
12/11/2025,09:39:43,12/11/2025,09:40:02,long,25592.0,25578.8,STOP,-13.1964,-267.93,0,13.196419,9.725,6.8,19.794629,0.491295,0.728927,0.270392,0.18153,9.0
12/11/2025,09:40:02,12/11/2025,09:42:09,long,25577.5,25564.11,STOP,-13.3931,-271.86,0,13.393099,10.1,7.0,20.089648,0.502746,0.648931,-0.424357,0.18423,9.0
12/11/2025,09:42:57,12/11/2025,09:43:04,short,25598.75,25580.0,REVERSAL,18.75,371.0,1,14.899068,9.3,4.5,22.348602,0.416133,0.34965,0.862215,0.212319,9.0
12/11/2025,09:43:04,12/11/2025,09:45:31,long,25580.0,25565.07,STOP,-14.9348,-302.7,0,14.934766,10.35,4.9,22.402148,0.462009,0.341752,0.038214,0.214717,9.0
12/11/2025,09:46:05,12/11/2025,09:46:51,long,25565.75,25547.44,STOP,-18.3103,-370.21,0,18.310279,7.475,3.4,27.465419,0.27216,0.032805,-0.240295,0.304456,9.0
12/11/2025,10:02:53,12/11/2025,10:03:11,short,25433.5,25449.26,STOP,-15.7623,-319.25,0,15.76227,8.175,7.1,23.643405,0.345762,0.27606,1.065062,0.179285,10.0
12/12/2025,09:30:34,12/12/2025,09:34:18,long,25545.0,25582.67,TARGET,37.6735,749.47,1,25.115657,7.675,2.4,37.673486,0.203724,-0.023593,-0.50734,0.332657,9.0
12/12/2025,09:34:18,12/12/2025,09:37:14,short,25583.25,25603.83,STOP,-20.577,-415.54,0,20.57699,8.225,7.6,30.865484,0.266479,0.453871,1.071836,0.255322,9.0
12/12/2025,09:38:11,12/12/2025,09:39:21,short,25596.0,25616.67,STOP,-20.6683,-417.37,0,20.668255,5.95,7.1,31.002383,0.191921,1.093103,1.415575,0.2557,9.0
12/12/2025,09:41:07,12/12/2025,09:44:11,long,25571.75,25551.81,STOP,-19.9438,-402.88,0,19.943772,11.925,8.4,29.915657,0.398621,0.978956,0.218709,0.250138,9.0
12/12/2025,09:44:48,12/12/2025,09:47:03,long,25555.0,25537.24,STOP,-17.7641,-359.28,0,17.764137,7.45,6.4,26.646206,0.27959,0.051806,-0.533262,0.2368,9.0
12/12/2025,09:52:38,12/12/2025,10:00:39,short,25554.0,25523.05,TARGET,30.9452,614.9,1,20.630147,9.3,5.5,30.945221,0.300531,0.236115,0.936659,0.428325,9.0
12/12/2025,10:00:39,12/12/2025,10:03:00,long,25529.0,25510.11,STOP,-18.8854,-381.71,0,18.885357,8.3,6.7,28.328036,0.292996,0.824566,0.117428,0.472232,10.0
12/12/2025,10:05:24,12/12/2025,10:07:08,long,25489.75,25463.01,STOP,-26.7409,-538.82,0,26.740897,6.675,4.5,40.111345,0.166412,-0.129309,-0.562854,0.85179,10.0
12/12/2025,10:18:05,12/12/2025,10:19:29,short,25447.25,25439.0,REVERSAL,8.25,161.0,1,14.205435,8.85,6.5,21.308152,0.415334,0.380807,0.803874,0.256709,10.0
12/12/2025,10:19:29,12/12/2025,10:21:04,long,25439.0,25425.42,STOP,-13.575,-275.5,0,13.575024,8.8,8.7,20.362536,0.432166,0.448003,0.473726,0.245791,10.0
12/12/2025,10:21:04,12/12/2025,10:21:25,long,25421.75,25408.02,STOP,-13.7285,-278.57,0,13.72852,10.275,10.9,20.592781,0.498961,0.386084,-0.349084,0.247322,10.0
12/12/2025,10:32:59,12/12/2025,10:44:53,short,25356.5,25380.43,STOP,-23.9301,-482.6,0,23.930133,6.925,5.8,35.895199,0.192923,0.350554,0.922062,0.292224,10.0
12/12/2025,10:46:36,12/12/2025,10:51:03,short,25388.25,25361.28,TARGET,26.9707,535.41,1,17.980499,7.475,7.8,26.970749,0.277152,0.965192,1.45548,0.24137,10.0
12/12/2025,10:51:03,12/12/2025,10:54:22,long,25356.25,25339.7,STOP,-16.5469,-334.94,0,16.546922,8.725,8.6,24.820383,0.351526,0.770058,-0.164675,0.243336,10.0
12/12/2025,10:54:22,12/12/2025,10:55:09,long,25339.75,25321.51,STOP,-18.2372,-368.74,0,18.237224,9.525,11.3,27.355836,0.348189,0.272363,-0.590078,0.295192,10.0
12/12/2025,11:13:01,12/12/2025,11:13:56,short,25218.0,25189.14,TARGET,28.8593,573.19,1,19.239552,11.0,5.4,28.859328,0.381159,0.35192,1.055453,0.274377,11.0
12/12/2025,11:14:03,12/12/2025,11:15:11,long,25195.0,25210.25,REVERSAL,15.25,301.0,1,17.809243,12.25,9.0,26.713864,0.458563,0.442603,0.301508,0.254772,11.0
12/12/2025,11:15:11,12/12/2025,11:15:55,short,25210.25,25227.64,STOP,-17.3907,-351.81,0,17.390686,14.075,10.7,26.08603,0.539561,0.479537,0.925323,0.248646,11.0
12/12/2025,11:15:55,12/12/2025,11:16:41,short,25224.25,25197.43,TARGET,26.8224,532.45,1,17.881586,13.025,10.5,26.822378,0.485602,0.573808,1.388437,0.256181,11.0
12/12/2025,11:18:40,12/12/2025,11:19:08,long,25189.0,25172.24,STOP,-16.761,-339.22,0,16.760975,11.75,11.9,25.141462,0.467355,0.469304,-0.053468,0.238273,11.0
12/12/2025,11:19:13,12/12/2025,11:21:01,long,25180.75,25163.29,STOP,-17.4595,-353.19,0,17.459474,10.65,9.2,26.189211,0.406656,0.371095,-0.309303,0.246722,11.0
12/12/2025,11:26:06,12/12/2025,11:29:29,short,25197.25,25223.1,STOP,-25.8541,-521.08,0,25.854061,10.325,7.1,38.781092,0.266238,0.217948,0.970461,0.326104,11.0
12/12/2025,11:30:01,12/12/2025,11:32:38,short,25205.25,25167.43,TARGET,37.8234,752.47,1,25.215632,7.925,6.1,37.823449,0.209526,0.961638,1.220519,0.319055,11.0
12/12/2025,11:34:18,12/12/2025,11:38:09,long,25159.0,25133.48,STOP,-25.5193,-514.39,0,25.519267,9.1,11.0,38.2789,0.237729,0.669785,-0.029339,0.326461,11.0
12/12/2025,11:39:01,12/12/2025,11:43:57,long,25140.25,25182.4,TARGET,42.154,839.08,1,28.102671,7.8,4.8,42.154006,0.185036,-0.099161,-0.405726,0.366428,11.0
12/12/2025,11:44:04,12/12/2025,11:55:46,short,25180.25,25138.82,TARGET,41.4307,824.61,1,27.62044,12.35,11.2,41.430661,0.298088,0.307452,0.87424,0.380848,11.0
12/12/2025,11:55:46,12/12/2025,11:56:44,long,25137.25,25163.66,TARGET,26.4138,524.28,1,17.609195,9.8,14.5,26.413793,0.371018,0.610691,-0.111423,0.331724,11.0
12/12/2025,11:56:44,12/12/2025,12:00:12,short,25166.25,25183.8,STOP,-17.5455,-354.91,0,17.54549,10.55,13.9,26.318235,0.400863,0.573853,0.970681,0.343486,11.0
12/12/2025,12:04:55,12/12/2025,12:06:34,short,25217.25,25242.39,STOP,-25.135,-506.7,0,25.135003,8.925,13.2,37.702504,0.236722,1.052169,1.601983,0.715521,12.0
12/12/2025,12:26:26,12/12/2025,12:30:20,long,25235.25,25211.71,STOP,-23.538,-474.76,0,23.538003,6.85,9.6,35.307004,0.194012,0.741713,-0.074744,0.584349,12.0
12/12/2025,12:32:20,12/12/2025,12:38:39,long,25215.25,25256.21,TARGET,40.9635,815.27,1,27.309029,8.025,12.0,40.963544,0.195906,-0.001771,-0.390853,0.672058,12.0
12/12/2025,12:39:02,12/12/2025,12:46:47,short,25268.75,25297.17,STOP,-28.422,-572.44,0,28.422036,8.3,15.2,42.633054,0.194685,0.255368,0.979733,0.683714,12.0
12/12/2025,12:50:20,12/12/2025,13:12:00,short,25291.0,25322.27,STOP,-31.2717,-629.43,0,31.271654,7.525,19.7,46.907482,0.160422,1.108105,1.354928,0.656407,12.0
12/12/2025,13:24:10,12/12/2025,13:57:37,long,25309.0,25284.84,STOP,-24.1579,-487.16,0,24.157879,8.35,15.7,36.236819,0.230429,0.596682,-0.048475,0.365308,13.0
12/12/2025,14:03:28,12/12/2025,14:12:52,long,25273.75,25250.2,STOP,-23.5454,-474.91,0,23.545371,7.775,12.6,35.318056,0.220142,-0.100652,-0.439888,0.441386,14.0
