gap,date,break_hour,break_time,broken_level,broken_side,contract,direction,extension_pct,extension_pts,first_break_time,gap_minutes,held_all_day,ib1_first_break_side,ib1_first_break_time,ib1_outcome,ib1_range,ib2_break_time,ib2_first_break_side,ib2_outcome,ib2_range,min_distance_pct,min_distance_pts,ratio,second_break_time,side,unbroken_level
1,2021-09-10,,,15592.75,,,,248.3,167.0,,,,,,BOTH,,,,,67.25,,,,,LOW,
1,2021-09-13,,,15357.5,,,,7.4,14.75,,,,,,BOTH,,,,,200.0,,,,,LOW,
1,2021-09-14,,,15404.75,,,,50.4,60.25,,,,,,BOTH,,,,,119.5,,,,,LOW,
1,2021-09-15,,,15433.5,,,,64.4,81.0,,,,,,BOTH,,,,,125.75,,,,,HIGH,
1,2021-09-17,,,15363.0,,,,71.1,86.75,,,,,,L_ONLY,,,,,122.0,,,,,LOW,
1,2021-09-20,,,15013.25,,,,149.1,205.75,,,,,,BOTH,,,,,138.0,,,,,LOW,
1,2021-09-21,,,15003.25,,,,22.4,28.75,,,,,,BOTH,,,,,128.5,,,,,LOW,
1,2021-09-22,,,15131.5,,,,81.8,95.5,,,,,,BOTH,,,,,116.75,,,,,HIGH,
1,2021-09-23,,,15338.5,,,,5.4,8.5,,,,,,H_ONLY,,,,,156.5,,,,,HIGH,
1,2021-09-24,,,15262.75,,,,97.9,71.5,,,,,,H_ONLY,,,,,73.0,,,,,HIGH,
1,2021-09-27,,,15214.5,,,,12.5,16.25,,,,,,BOTH,,,,,130.5,,,,,HIGH,
1,2021-09-28,,,14827.5,,,,43.1,86.75,,,,,,BOTH,,,,,201.5,,,,,LOW,
1,2021-09-29,,,14787.5,,,,64.4,76.5,,,,,,BOTH,,,,,118.75,,,,,LOW,
1,2021-09-30,,,14804.5,,,,180.8,134.25,,,,,,BOTH,,,,,74.25,,,,,LOW,
1,2021-10-04,,,14510.25,,,,67.9,142.5,,,,,,L_ONLY,,,,,209.75,,,,,LOW,
1,2021-10-05,,,14636.5,,,,85.1,118.25,,,,,,H_ONLY,,,,,139.0,,,,,HIGH,
1,2021-10-06,,,14669.0,,,,51.8,96.0,,,,,,BOTH,,,,,185.25,,,,,HIGH,
1,2021-10-07,,,14994.0,,,,5.4,7.25,,,,,,BOTH,,,,,134.75,,,,,HIGH,
1,2021-10-08,,,14845.75,,,,56.6,55.0,,,,,,L_ONLY,,,,,97.25,,,,,LOW,
1,2021-10-11,,,14722.0,,,,14.7,25.75,,,,,,BOTH,,,,,175.25,,,,,LOW,
1,2021-10-12,,,14651.5,,,,23.5,30.0,,,,,,L_ONLY,,,,,127.5,,,,,LOW,
1,2021-10-14,,,14994.0,,,,52.9,54.75,,,,,,BOTH,,,,,103.5,,,,,HIGH,
1,2021-10-15,,,15099.25,,,,72.3,38.5,,,,,,BOTH,,,,,53.25,,,,,HIGH,
1,2021-10-18,,,15160.75,,,,122.8,133.5,,,,,,H_ONLY,,,,,108.75,,,,,HIGH,
1,2021-10-19,,,15361.75,,,,70.3,42.0,,,,,,BOTH,,,,,59.75,,,,,HIGH,
1,2021-10-21,,,15428.0,,,,59.3,55.75,,,,,,H_ONLY,,,,,94.0,,,,,HIGH,
1,2021-10-25,,,15434.0,,,,96.0,107.25,,,,,,BOTH,,,,,111.75,,,,,HIGH,
1,2021-10-27,,,15648.0,,,,77.9,69.5,,,,,,H_ONLY,,,,,89.25,,,,,HIGH,
1,2021-10-29,,,15707.0,,,,153.2,139.75,,,,,,H_ONLY,,,,,91.25,,,,,HIGH,
1,2021-11-01,,,15868.5,,,,30.5,30.5,,,,,,BOTH,,,,,100.0,,,,,HIGH,
1,2021-11-02,,,15968.25,,,,11.5,12.0,,,,,,BOTH,,,,,104.25,,,,,HIGH,
1,2021-11-03,,,15997.25,,,,239.5,148.5,,,,,,BOTH,,,,,62.0,,,,,HIGH,
1,2021-11-04,,,16297.25,,,,56.1,78.75,,,,,,BOTH,,,,,140.25,,,,,HIGH,
1,2021-11-05,,,16374.75,,,,112.2,82.75,,,,,,BOTH,,,,,73.75,,,,,LOW,
1,2021-11-08,,,16317.25,,,,19.2,14.75,,,,,,BOTH,,,,,76.75,,,,,LOW,
1,2021-11-09,,,16189.5,,,,14.6,29.5,,,,,,BOTH,,,,,202.25,,,,,LOW,
1,2021-11-10,,,16041.75,,,,81.0,145.25,,,,,,BOTH,,,,,179.25,,,,,LOW,
1,2021-11-11,,,16041.25,,,,53.4,37.0,,,,,,L_ONLY,,,,,69.25,,,,,LOW,
1,2021-11-12,,,16078.0,,,,177.4,135.25,,,,,,BOTH,,,,,76.25,,,,,HIGH,
1,2021-11-15,,,16158.25,,,,79.2,76.0,,,,,,L_ONLY,,,,,96.0,,,,,LOW,
1,2021-11-16,,,16260.0,,,,57.6,63.75,,,,,,H_ONLY,,,,,110.75,,,,,HIGH,
1,2021-11-17,,,16327.0,,,,121.9,69.5,,,,,,BOTH,,,,,57.0,,,,,HIGH,
1,2021-11-18,,,16421.0,,,,70.0,82.25,,,,,,BOTH,,,,,117.5,,,,,HIGH,
1,2021-11-19,,,16617.0,,,,11.4,11.5,,,,,,BOTH,,,,,100.75,,,,,HIGH,
1,2021-11-22,,,16638.25,,,,202.1,261.25,,,,,,BOTH,,,,,129.25,,,,,LOW,
1,2021-11-23,,,16236.75,,,,65.0,118.25,,,,,,BOTH,,,,,182.0,,,,,LOW,
1,2021-11-24,,,16257.5,,,,71.4,111.0,,,,,,BOTH,,,,,155.5,,,,,HIGH,
1,2021-11-25,,,16379.25,,,,0.0,0.0,,,,,,BOTH,,,,,38.75,,,,,LOW,
1,2021-11-26,,,16116.0,,,,66.8,128.0,,,,,,BOTH,,,,,191.5,,,,,LOW,
1,2021-11-29,,,16314.25,,,,116.8,123.5,,,,,,H_ONLY,,,,,105.75,,,,,HIGH,
1,2021-11-30,,,16319.0,,,,182.3,250.25,,,,,,BOTH,,,,,137.25,,,,,LOW,
1,2021-12-03,,,15733.0,,,,54.5,195.0,,,,,,L_ONLY,,,,,357.5,,,,,LOW,
1,2021-12-06,,,15788.0,,,,47.8,109.25,,,,,,BOTH,,,,,228.75,,,,,HIGH,
1,2021-12-07,,,16268.0,,,,51.2,76.25,,,,,,H_ONLY,,,,,149.0,,,,,HIGH,
1,2021-12-08,,,16356.75,,,,39.0,41.0,,,,,,BOTH,,,,,105.25,,,,,HIGH,
1,2021-12-09,,,16269.5,,,,90.0,130.25,,,,,,BOTH,,,,,144.75,,,,,LOW,
1,2021-12-13,,,16194.75,,,,84.5,122.25,,,,,,L_ONLY,,,,,144.75,,,,,LOW,
1,2021-12-14,,,15853.0,,,,81.6,119.0,,,,,,L_ONLY,,,,,145.75,,,,,LOW,
1,2021-12-16,,,16090.75,,,,118.5,297.75,,,,,,L_ONLY,,,,,251.25,,,,,LOW,
1,2021-12-17,,,15843.0,,,,59.3,113.5,,,,,,BOTH,,,,,191.25,,,,,HIGH,
1,2021-12-22,,,16044.75,,,,119.1,132.75,,,,,,H_ONLY,,,,,111.5,,,,,HIGH,
1,2021-12-23,,,16272.75,,,,86.5,83.25,,,,,,H_ONLY,,,,,96.25,,,,,HIGH,
1,2021-12-27,,,16506.75,,,,35.0,56.75,,,,,,BOTH,,,,,162.25,,,,,HIGH,
1,2021-12-28,,,16491.5,,,,33.5,39.25,,,,,,L_ONLY,,,,,117.0,,,,,LOW,
1,2021-12-30,,,16449.25,,,,32.1,38.0,,,,,,BOTH,,,,,118.25,,,,,LOW,
1,2021-12-31,,,16354.0,,,,36.6,40.25,,,,,,BOTH,,,,,110.0,,,,,LOW,
1,2022-01-03,,,16484.75,,,,6.9,13.25,,,,,,BOTH,,,,,192.75,,,,,HIGH,
1,2022-01-04,,,16365.25,,,,153.8,225.75,,,,,,L_ONLY,,,,,146.75,,,,,LOW,
1,2022-01-05,,,16103.0,,,,238.5,344.0,,,,,,BOTH,,,,,144.25,,,,,LOW,
1,2022-01-06,,,15850.5,,,,18.0,45.25,,,,,,BOTH,,,,,252.0,,,,,HIGH,
1,2022-01-07,,,15649.25,,,,78.0,139.25,,,,,,BOTH,,,,,178.5,,,,,LOW,
1,2022-01-11,,,15652.75,,,,104.2,185.25,,,,,,BOTH,,,,,177.75,,,,,HIGH,
1,2022-01-12,,,15884.5,,,,69.9,87.25,,,,,,BOTH,,,,,124.75,,,,,LOW,
1,2022-01-13,,,15831.25,,,,251.2,373.0,,,,,,BOTH,,,,,148.5,,,,,LOW,
1,2022-01-14,,,15600.5,,,,2.9,6.5,,,,,,H_ONLY,,,,,220.75,,,,,HIGH,
1,2022-01-18,,,15271.75,,,,62.0,101.0,,,,,,BOTH,,,,,163.0,,,,,LOW,
1,2022-01-19,,,15251.25,,,,187.8,226.75,,,,,,BOTH,,,,,120.75,,,,,LOW,
1,2022-01-27,,,14232.0,,,,161.9,287.0,,,,,,BOTH,,,,,177.25,,,,,LOW,
1,2022-01-28,,,14102.25,,,,138.8,336.0,,,,,,BOTH,,,,,242.0,,,,,HIGH,
1,2022-01-31,,,14724.5,,,,61.7,190.25,,,,,,BOTH,,,,,308.25,,,,,HIGH,
1,2022-02-01,,,14952.0,,,,30.3,67.5,,,,,,BOTH,,,,,222.75,,,,,HIGH,
1,2022-02-02,,,15026.75,,,,56.4,85.25,,,,,,L_ONLY,,,,,151.25,,,,,LOW,
1,2022-02-04,,,14666.75,,,,65.3,152.75,,,,,,H_ONLY,,,,,234.0,,,,,HIGH,
1,2022-02-07,,,14670.0,,,,116.3,158.5,,,,,,BOTH,,,,,136.25,,,,,LOW,
1,2022-02-08,,,14588.0,,,,156.0,188.0,,,,,,BOTH,,,,,120.5,,,,,HIGH,
1,2022-02-09,,,14951.25,,,,94.9,93.0,,,,,,BOTH,,,,,98.0,,,,,HIGH,
1,2022-02-11,,,14590.0,,,,231.4,409.0,,,,,,BOTH,,,,,176.75,,,,,LOW,
1,2022-02-16,,,14517.0,,,,94.1,128.0,,,,,,BOTH,,,,,136.0,,,,,HIGH,
1,2022-02-17,,,14338.0,,,,121.0,190.0,,,,,,L_ONLY,,,,,157.0,,,,,LOW,
1,2022-02-18,,,14085.75,,,,133.0,179.5,,,,,,BOTH,,,,,135.0,,,,,LOW,
1,2022-02-21,,,13802.5,,,,106.2,86.25,,,,,,L_ONLY,,,,,81.25,,,,,LOW,
1,2022-02-23,,,13794.75,,,,127.1,300.25,,,,,,BOTH,,,,,236.25,,,,,LOW,
1,2022-02-24,,,13483.25,,,,117.6,500.0,,,,,,H_ONLY,,,,,425.25,,,,,HIGH,
1,2022-02-25,,,14013.5,,,,95.5,173.5,,,,,,BOTH,,,,,181.75,,,,,HIGH,
1,2022-03-01,,,14147.0,,,,196.0,247.0,,,,,,BOTH,,,,,126.0,,,,,LOW,
1,2022-03-02,,,14129.75,,,,89.7,160.25,,,,,,BOTH,,,,,178.75,,,,,HIGH,
1,2022-03-03,,,14127.0,,,,75.3,172.0,,,,,,L_ONLY,,,,,228.5,,,,,LOW,
1,2022-03-04,,,13799.5,,,,33.5,65.75,,,,,,L_ONLY,,,,,196.0,,,,,LOW,
1,2022-03-07,,,13571.25,,,,83.5,257.5,,,,,,BOTH,,,,,308.5,,,,,LOW,
1,2022-03-09,,,13648.0,,,,97.2,147.75,,,,,,BOTH,,,,,152.0,,,,,HIGH,
1,2022-03-11,,,13504.5,,,,104.5,227.0,,,,,,L_ONLY,,,,,217.25,,,,,LOW,
1,2022-03-14,,,13200.0,,,,97.5,184.5,,,,,,BOTH,,,,,189.25,,,,,LOW,
1,2022-03-15,,,13261.5,,,,129.3,225.0,,,,,,BOTH,,,,,174.0,,,,,HIGH,
1,2022-03-17,,,14012.75,,,,56.4,109.25,,,,,,BOTH,,,,,193.75,,,,,HIGH,
1,2022-03-18,,,14245.25,,,,71.4,178.75,,,,,,H_ONLY,,,,,250.25,,,,,HIGH,
1,2022-03-21,,,14228.0,,,,18.5,44.25,,,,,,BOTH,,,,,238.75,,,,,LOW,
1,2022-03-22,,,14590.75,,,,46.1,100.0,,,,,,H_ONLY,,,,,216.75,,,,,HIGH,
1,2022-03-29,,,15219.5,,,,26.3,49.25,,,,,,BOTH,,,,,187.0,,,,,HIGH,
1,2022-04-01,,,14806.5,,,,64.9,81.5,,,,,,L_ONLY,,,,,125.5,,,,,LOW,
1,2022-04-04,,,15068.75,,,,53.0,98.25,,,,,,H_ONLY,,,,,185.25,,,,,HIGH,
1,2022-04-05,,,14935.25,,,,77.1,155.0,,,,,,BOTH,,,,,201.0,,,,,LOW,
1,2022-04-11,,,14062.25,,,,57.5,77.5,,,,,,BOTH,,,,,134.75,,,,,LOW,
1,2022-04-12,,,14113.0,,,,140.9,231.75,,,,,,L_ONLY,,,,,164.5,,,,,LOW,
1,2022-04-13,,,14097.5,,,,95.8,169.0,,,,,,BOTH,,,,,176.5,,,,,HIGH,
1,2022-04-14,,,14033.25,,,,69.2,147.75,,,,,,BOTH,,,,,213.5,,,,,LOW,
1,2022-04-19,,,14097.5,,,,54.7,144.5,,,,,,BOTH,,,,,264.0,,,,,HIGH,
1,2022-04-20,,,14037.25,,,,34.7,80.75,,,,,,L_ONLY,,,,,232.75,,,,,LOW,
1,2022-04-21,,,14115.75,,,,260.5,435.75,,,,,,BOTH,,,,,167.25,,,,,LOW,
1,2022-04-22,,,13583.0,,,,124.8,243.0,,,,,,L_ONLY,,,,,194.75,,,,,LOW,
1,2022-04-25,,,13407.0,,,,79.7,136.25,,,,,,BOTH,,,,,171.0,,,,,HIGH,
1,2022-04-26,,,13167.75,,,,57.1,161.5,,,,,,L_ONLY,,,,,283.0,,,,,LOW,
1,2022-04-27,,,12945.5,,,,4.9,15.25,,,,,,BOTH,,,,,309.75,,,,,LOW,
1,2022-04-29,,,13216.25,,,,177.4,384.5,,,,,,BOTH,,,,,216.75,,,,,LOW,
1,2022-05-03,,,13152.25,,,,17.1,31.5,,,,,,BOTH,,,,,183.75,,,,,HIGH,
1,2022-05-05,,,13004.5,,,,87.6,299.25,,,,,,L_ONLY,,,,,341.75,,,,,LOW,
1,2022-05-06,,,12840.5,,,,27.4,88.25,,,,,,BOTH,,,,,321.5,,,,,HIGH,
1,2022-05-09,,,12346.25,,,,100.7,211.0,,,,,,BOTH,,,,,209.5,,,,,LOW,
1,2022-05-10,,,12336.25,,,,78.9,166.25,,,,,,BOTH,,,,,210.75,,,,,LOW,
1,2022-05-11,,,12146.0,,,,62.4,207.5,,,,,,BOTH,,,,,332.5,,,,,LOW,
1,2022-05-13,,,12338.75,,,,34.0,93.25,,,,,,BOTH,,,,,274.0,,,,,HIGH,
1,2022-05-18,,,12289.75,,,,365.7,402.25,,,,,,L_ONLY,,,,,110.0,,,,,LOW,
1,2022-05-19,,,12009.25,,,,31.5,67.5,,,,,,H_ONLY,,,,,214.0,,,,,HIGH,
1,2022-05-20,,,11875.75,,,,216.9,384.5,,,,,,L_ONLY,,,,,177.25,,,,,LOW,
1,2022-05-23,,,11977.5,,,,39.5,76.5,,,,,,BOTH,,,,,193.75,,,,,HIGH,
1,2022-05-24,,,11847.5,,,,0.0,0.0,,,,,,BOTH,,,,,271.25,,,,,HIGH,
1,2022-05-25,,,11890.75,,,,79.5,145.25,,,,,,H_ONLY,,,,,182.75,,,,,HIGH,
1,2022-05-26,,,12195.75,,,,49.6,147.25,,,,,,BOTH,,,,,296.75,,,,,HIGH,
1,2022-05-27,,,12582.5,,,,55.8,100.75,,,,,,H_ONLY,,,,,180.5,,,,,HIGH,
1,2022-05-31,,,12688.0,,,,38.7,80.5,,,,,,BOTH,,,,,208.0,,,,,HIGH,
1,2022-06-01,,,12605.75,,,,69.3,151.0,,,,,,BOTH,,,,,217.75,,,,,LOW,
1,2022-06-02,,,12632.5,,,,140.4,266.75,,,,,,BOTH,,,,,190.0,,,,,HIGH,
1,2022-06-03,,,12609.25,,,,87.1,106.25,,,,,,L_ONLY,,,,,122.0,,,,,LOW,
1,2022-06-06,,,12673.5,,,,103.1,140.75,,,,,,BOTH,,,,,136.5,,,,,LOW,
1,2022-06-07,,,12600.25,,,,74.6,140.0,,,,,,BOTH,,,,,187.75,,,,,HIGH,
1,2022-06-08,,,12627.5,,,,31.0,48.25,,,,,,BOTH,,,,,155.5,,,,,LOW,
1,2022-06-10,,,11880.0,,,,12.9,30.75,,,,,,L_ONLY,,,,,239.25,,,,,LOW,
1,2022-06-13,,,11412.5,,,,66.3,127.25,,,,,,BOTH,,,,,192.0,,,,,LOW,
1,2022-06-16,,,11203.0,,,,91.7,134.5,,,,,,L_ONLY,,,,,146.75,,,,,LOW,
1,2022-06-20,,,11385.25,,,,87.1,45.5,,,,,,BOTH,,,,,52.25,,,,,HIGH,
1,2022-06-22,,,11716.0,,,,11.0,29.75,,,,,,H_ONLY,,,,,269.25,,,,,HIGH,
1,2022-06-23,,,11687.0,,,,55.4,79.75,,,,,,BOTH,,,,,144.0,,,,,HIGH,
1,2022-06-24,,,12082.5,,,,27.0,65.75,,,,,,H_ONLY,,,,,243.75,,,,,HIGH,
1,2022-06-27,,,12021.0,,,,14.0,26.75,,,,,,BOTH,,,,,191.0,,,,,LOW,
1,2022-06-28,,,12004.75,,,,199.0,337.25,,,,,,BOTH,,,,,169.5,,,,,LOW,
1,2022-06-29,,,11747.25,,,,1.0,1.75,,,,,,BOTH,,,,,182.75,,,,,HIGH,
1,2022-06-30,,,11588.0,,,,40.9,97.0,,,,,,BOTH,,,,,237.0,,,,,HIGH,
1,2022-07-04,,,11570.75,,,,9.4,3.75,,,,,,BOTH,,,,,40.0,,,,,HIGH,
1,2022-07-05,,,11519.0,,,,227.9,295.75,,,,,,BOTH,,,,,129.75,,,,,HIGH,
1,2022-07-07,,,12051.75,,,,87.5,116.75,,,,,,H_ONLY,,,,,133.5,,,,,HIGH,
1,2022-07-08,,,12124.5,,,,59.1,86.5,,,,,,H_ONLY,,,,,146.25,,,,,HIGH,
1,2022-07-11,,,11853.0,,,,0.0,0.0,,,,,,L_ONLY,,,,,208.75,,,,,LOW,
1,2022-07-12,,,11805.0,,,,42.2,93.0,,,,,,BOTH,,,,,220.5,,,,,LOW,
1,2022-07-13,,,11700.0,,,,87.0,154.5,,,,,,NEITHER,,,,,177.5,,,,,HIGH,
1,2022-07-14,,,11684.5,,,,86.9,150.5,,,,,,BOTH,,,,,173.25,,,,,HIGH,
1,2022-07-15,,,11990.0,,,,17.0,23.25,,,,,,H_ONLY,,,,,136.5,,,,,HIGH,
1,2022-07-18,,,12089.75,,,,240.6,232.75,,,,,,BOTH,,,,,96.75,,,,,LOW,
1,2022-07-19,,,12095.5,,,,186.8,191.5,,,,,,H_ONLY,,,,,102.5,,,,,HIGH,
1,2022-07-20,,,12393.75,,,,90.8,123.75,,,,,,H_ONLY,,,,,136.25,,,,,HIGH,
1,2022-07-21,,,12541.25,,,,62.4,104.75,,,,,,BOTH,,,,,167.75,,,,,HIGH,
1,2022-07-22,,,12542.75,,,,127.8,199.0,,,,,,BOTH,,,,,155.75,,,,,LOW,
1,2022-07-25,,,12288.0,,,,13.8,21.5,,,,,,L_ONLY,,,,,156.0,,,,,LOW,
1,2022-07-27,,,12434.5,,,,161.7,255.5,,,,,,H_ONLY,,,,,158.0,,,,,HIGH,
1,2022-07-29,,,12930.75,,,,43.6,81.25,,,,,,BOTH,,,,,186.5,,,,,HIGH,
1,2022-08-01,,,13068.25,,,,18.7,40.5,,,,,,BOTH,,,,,216.5,,,,,HIGH,
1,2022-08-02,,,12956.75,,,,102.6,140.25,,,,,,BOTH,,,,,136.75,,,,,HIGH,
1,2022-08-03,,,13173.25,,,,74.6,137.0,,,,,,H_ONLY,,,,,183.75,,,,,HIGH,
1,2022-08-05,,,13114.5,,,,15.1,29.5,,,,,,L_ONLY,,,,,195.5,,,,,LOW,
1,2022-08-08,,,13232.0,,,,59.5,111.5,,,,,,BOTH,,,,,187.25,,,,,LOW,
1,2022-08-09,,,12973.25,,,,7.2,10.0,,,,,,L_ONLY,,,,,139.0,,,,,LOW,
1,2022-08-10,,,13355.0,,,,45.2,53.0,,,,,,H_ONLY,,,,,117.25,,,,,HIGH,
1,2022-08-11,,,13455.5,,,,142.7,170.5,,,,,,BOTH,,,,,119.5,,,,,LOW,
1,2022-08-12,,,13462.5,,,,116.9,120.75,,,,,,BOTH,,,,,103.25,,,,,HIGH,
1,2022-08-15,,,13634.5,,,,71.3,71.5,,,,,,H_ONLY,,,,,100.25,,,,,HIGH,
1,2022-08-18,,,13502.25,,,,91.8,73.25,,,,,,BOTH,,,,,79.75,,,,,HIGH,
1,2022-08-19,,,13281.0,,,,36.2,52.25,,,,,,BOTH,,,,,144.25,,,,,LOW,
1,2022-08-22,,,12964.75,,,,70.8,90.25,,,,,,BOTH,,,,,127.5,,,,,LOW,
1,2022-08-23,,,12866.0,,,,0.0,0.0,,,,,,BOTH,,,,,152.5,,,,,LOW,
1,2022-08-24,,,12949.25,,,,63.4,62.0,,,,,,BOTH,,,,,97.75,,,,,HIGH,
1,2022-08-25,,,13101.5,,,,43.0,60.0,,,,,,BOTH,,,,,139.5,,,,,HIGH,
1,2022-08-26,,,12960.5,,,,144.6,344.25,,,,,,L_ONLY,,,,,238.0,,,,,LOW,
1,2022-08-29,,,12478.75,,,,23.2,30.5,,,,,,BOTH,,,,,131.5,,,,,LOW,
1,2022-08-30,,,12383.5,,,,66.7,136.0,,,,,,BOTH,,,,,203.75,,,,,LOW,
1,2022-08-31,,,12375.0,,,,71.6,98.75,,,,,,BOTH,,,,,138.0,,,,,LOW,
1,2022-09-05,,,12148.0,,,,44.6,19.5,,,,,,H_ONLY,,,,,43.75,,,,,HIGH,
1,2022-09-06,,,11930.0,,,,0.0,0.0,,,,,,L_ONLY,,,,,239.0,,,,,LOW,
1,2022-09-07,,,12128.25,,,,180.3,178.0,,,,,,H_ONLY,,,,,98.75,,,,,HIGH,
1,2022-09-08,,,12286.75,,,,54.2,92.75,,,,,,BOTH,,,,,171.0,,,,,HIGH,
1,2022-09-09,,,12622.5,,,,52.5,68.75,,,,,,H_ONLY,,,,,131.0,,,,,HIGH,
1,2022-09-12,,,12838.25,,,,0.0,0.0,,,,,,H_ONLY,,,,,118.5,,,,,HIGH,
1,2022-09-13,,,12358.75,,,,184.6,276.5,,,,,,L_ONLY,,,,,149.75,,,,,LOW,
1,2022-09-15,,,12106.75,,,,133.0,169.25,,,,,,BOTH,,,,,127.25,,,,,LOW,
1,2022-09-19,,,11935.75,,,,79.2,95.0,,,,,,H_ONLY,,,,,120.0,,,,,HIGH,
1,2022-09-23,,,11338.25,,,,82.3,109.25,,,,,,L_ONLY,,,,,132.75,,,,,LOW,
1,2022-09-26,,,11342.5,,,,25.4,49.5,,,,,,BOTH,,,,,195.25,,,,,LOW,
1,2022-09-27,,,11405.25,,,,105.4,171.75,,,,,,BOTH,,,,,163.0,,,,,LOW,
1,2022-09-28,,,11409.25,,,,142.6,204.25,,,,,,H_ONLY,,,,,143.25,,,,,HIGH,
1,2022-09-29,,,11159.0,,,,27.7,67.5,,,,,,L_ONLY,,,,,243.25,,,,,LOW,
1,2022-10-03,,,11214.0,,,,82.8,144.25,,,,,,BOTH,,,,,174.25,,,,,HIGH,
1,2022-10-04,,,11667.25,,,,5.1,7.75,,,,,,H_ONLY,,,,,153.0,,,,,HIGH,
1,2022-10-06,,,11526.75,,,,0.1,0.25,,,,,,BOTH,,,,,194.75,,,,,LOW,
1,2022-10-07,,,11204.5,,,,110.8,161.25,,,,,,L_ONLY,,,,,145.5,,,,,LOW,
1,2022-10-10,,,10983.0,,,,74.3,106.25,,,,,,L_ONLY,,,,,143.0,,,,,LOW,
1,2022-10-13,,,10697.0,,,,210.0,445.75,,,,,,BOTH,,,,,212.25,,,,,HIGH,
1,2022-10-14,,,10860.0,,,,38.3,133.25,,,,,,L_ONLY,,,,,347.5,,,,,LOW,
1,2022-10-17,,,11133.25,,,,9.7,13.0,,,,,,H_ONLY,,,,,134.25,,,,,HIGH,
1,2022-10-18,,,11258.5,,,,102.2,177.0,,,,,,BOTH,,,,,173.25,,,,,LOW,
1,2022-10-20,,,11091.0,,,,20.9,49.75,,,,,,BOTH,,,,,237.75,,,,,LOW,
1,2022-10-21,,,11225.25,,,,64.8,149.0,,,,,,H_ONLY,,,,,230.0,,,,,HIGH,
1,2022-10-24,,,11426.0,,,,41.1,89.75,,,,,,BOTH,,,,,218.25,,,,,HIGH,
1,2022-10-27,,,11263.75,,,,21.7,43.5,,,,,,BOTH,,,,,200.25,,,,,LOW,
1,2022-10-28,,,11399.5,,,,106.6,206.0,,,,,,H_ONLY,,,,,193.25,,,,,HIGH,
1,2022-10-31,,,11388.5,,,,15.9,21.25,,,,,,BOTH,,,,,134.0,,,,,LOW,
1,2022-11-01,,,11375.25,,,,24.4,59.5,,,,,,BOTH,,,,,243.75,,,,,LOW,
1,2022-11-07,,,10968.75,,,,57.4,69.75,,,,,,BOTH,,,,,121.5,,,,,HIGH,
1,2022-11-09,,,10961.5,,,,159.1,139.25,,,,,,L_ONLY,,,,,87.5,,,,,LOW,
1,2022-11-10,,,11469.0,,,,88.0,175.75,,,,,,H_ONLY,,,,,199.75,,,,,HIGH,
1,2022-11-11,,,11761.25,,,,60.2,115.5,,,,,,BOTH,,,,,192.0,,,,,HIGH,
1,2022-11-14,,,11816.0,,,,72.4,82.5,,,,,,BOTH,,,,,114.0,,,,,HIGH,
1,2022-11-15,,,11963.0,,,,197.5,198.5,,,,,,L_ONLY,,,,,100.5,,,,,LOW,
1,2022-11-16,,,11724.0,,,,15.6,17.5,,,,,,L_ONLY,,,,,112.25,,,,,LOW,
1,2022-11-17,,,11672.75,,,,79.3,102.25,,,,,,H_ONLY,,,,,129.0,,,,,HIGH,
1,2022-11-18,,,11675.75,,,,41.2,68.75,,,,,,L_ONLY,,,,,166.75,,,,,LOW,
1,2022-11-21,,,11587.25,,,,30.4,34.25,,,,,,BOTH,,,,,112.5,,,,,LOW,
1,2022-11-22,,,11628.25,,,,129.7,131.0,,,,,,BOTH,,,,,101.0,,,,,HIGH,
1,2022-11-28,,,11681.75,,,,99.8,106.5,,,,,,BOTH,,,,,106.75,,,,,LOW,
1,2022-12-01,,,11956.5,,,,7.0,13.25,,,,,,BOTH,,,,,188.5,,,,,LOW,
1,2022-12-02,,,11952.75,,,,82.0,94.75,,,,,,H_ONLY,,,,,115.5,,,,,HIGH,
1,2022-12-05,,,11864.25,,,,110.0,118.75,,,,,,BOTH,,,,,108.0,,,,,LOW,
1,2022-12-06,,,11611.0,,,,56.0,109.0,,,,,,L_ONLY,,,,,194.75,,,,,LOW,
1,2022-12-07,,,11440.5,,,,0.0,0.0,,,,,,BOTH,,,,,155.75,,,,,LOW,
1,2022-12-08,,,11663.75,,,,11.8,22.0,,,,,,BOTH,,,,,186.5,,,,,HIGH,
1,2022-12-09,,,11774.25,,,,53.0,59.25,,,,,,NEITHER,,,,,111.75,,,,,HIGH,
1,2022-12-13,,,12100.0,,,,124.2,253.0,,,,,,L_ONLY,,,,,203.75,,,,,LOW,
1,2022-12-15,,,11526.5,,,,64.8,122.5,,,,,,L_ONLY,,,,,189.0,,,,,LOW,
1,2022-12-16,,,11337.75,,,,40.5,62.25,,,,,,BOTH,,,,,153.75,,,,,LOW,
1,2022-12-19,,,11230.25,,,,76.5,98.5,,,,,,L_ONLY,,,,,128.75,,,,,LOW,
1,2022-12-20,,,11219.5,,,,18.0,27.5,,,,,,BOTH,,,,,152.75,,,,,HIGH,
1,2022-12-21,,,11303.0,,,,71.1,86.75,,,,,,BOTH,,,,,122.0,,,,,HIGH,
1,2022-12-22,,,11023.25,,,,82.6,152.75,,,,,,L_ONLY,,,,,185.0,,,,,LOW,
1,2022-12-23,,,11054.5,,,,35.3,48.75,,,,,,L_ONLY,,,,,138.25,,,,,HIGH,
1,2022-12-27,,,10896.0,,,,0.0,0.0,,,,,,L_ONLY,,,,,160.0,,,,,LOW,
1,2022-12-28,,,10861.75,,,,76.4,103.0,,,,,,BOTH,,,,,134.75,,,,,LOW,
1,2022-12-29,,,11016.75,,,,34.2,54.75,,,,,,H_ONLY,,,,,160.25,,,,,HIGH,
1,2022-12-30,,,10947.75,,,,84.8,78.25,,,,,,BOTH,,,,,92.25,,,,,HIGH,
1,2023-01-03,,,10925.25,,,,31.4,80.5,,,,,,BOTH,,,,,256.75,,,,,LOW,
1,2023-01-04,,,11046.5,,,,12.0,22.0,,,,,,BOTH,,,,,183.0,,,,,HIGH,
1,2023-01-05,,,10814.75,,,,8.7,9.75,,,,,,L_ONLY,,,,,112.5,,,,,LOW,
1,2023-01-06,,,10945.0,,,,123.5,220.75,,,,,,H_ONLY,,,,,178.75,,,,,HIGH,
1,2023-01-11,,,11388.0,,,,94.3,91.5,,,,,,BOTH,,,,,97.0,,,,,HIGH,
1,2023-01-12,,,11518.75,,,,27.0,56.0,,,,,,NEITHER,,,,,207.5,,,,,HIGH,
1,2023-01-13,,,11522.0,,,,86.1,97.5,,,,,,H_ONLY,,,,,113.25,,,,,HIGH,
1,2023-01-16,,,11582.0,,,,73.5,21.5,,,,,,BOTH,,,,,29.25,,,,,LOW,
1,2023-01-17,,,11685.0,,,,0.0,0.0,,,,,,BOTH,,,,,135.5,,,,,HIGH,
1,2023-01-18,,,11672.25,,,,231.2,201.75,,,,,,BOTH,,,,,87.25,,,,,LOW,
1,2023-01-20,,,11491.75,,,,180.1,195.0,,,,,,BOTH,,,,,108.25,,,,,HIGH,
1,2023-01-23,,,11859.5,,,,65.8,123.5,,,,,,BOTH,,,,,187.75,,,,,HIGH,
1,2023-01-27,,,12193.25,,,,76.1,115.25,,,,,,H_ONLY,,,,,151.5,,,,,HIGH,
1,2023-01-30,,,12027.5,,,,58.3,67.5,,,,,,BOTH,,,,,115.75,,,,,LOW,
1,2023-01-31,,,12061.5,,,,102.2,94.5,,,,,,H_ONLY,,,,,92.5,,,,,HIGH,
1,2023-02-03,,,12834.0,,,,16.0,44.0,,,,,,H_ONLY,,,,,275.5,,,,,HIGH,
1,2023-02-08,,,12655.25,,,,147.3,142.5,,,,,,BOTH,,,,,96.75,,,,,LOW,
1,2023-02-09,,,12618.0,,,,227.6,251.5,,,,,,BOTH,,,,,110.5,,,,,LOW,
1,2023-02-10,,,12284.5,,,,30.0,41.25,,,,,,BOTH,,,,,137.5,,,,,LOW,
1,2023-02-13,,,12473.0,,,,77.7,94.0,,,,,,BOTH,,,,,121.0,,,,,HIGH,
1,2023-02-15,,,12631.5,,,,96.0,103.0,,,,,,BOTH,,,,,107.25,,,,,HIGH,
1,2023-02-17,,,12296.25,,,,23.9,30.5,,,,,,BOTH,,,,,127.5,,,,,LOW,
1,2023-02-21,,,12181.75,,,,84.5,91.5,,,,,,BOTH,,,,,108.25,,,,,LOW,
1,2023-02-23,,,12164.75,,,,143.4,136.25,,,,,,L_ONLY,,,,,95.0,,,,,LOW,
1,2023-02-24,,,11934.0,,,,10.1,11.0,,,,,,L_ONLY,,,,,109.0,,,,,LOW,
1,2023-02-27,,,12106.25,,,,57.4,47.75,,,,,,BOTH,,,,,83.25,,,,,LOW,
1,2023-03-01,,,11953.0,,,,22.3,28.25,,,,,,BOTH,,,,,126.5,,,,,LOW,
1,2023-03-02,,,11931.25,,,,194.1,165.0,,,,,,H_ONLY,,,,,85.0,,,,,HIGH,
1,2023-03-03,,,12225.5,,,,84.0,95.75,,,,,,H_ONLY,,,,,114.0,,,,,HIGH,
1,2023-03-07,,,12180.25,,,,20.8,38.0,,,,,,L_ONLY,,,,,182.5,,,,,LOW,
1,2023-03-08,,,12216.0,,,,35.7,38.5,,,,,,BOTH,,,,,107.75,,,,,HIGH,
1,2023-03-09,,,12230.0,,,,204.5,252.5,,,,,,BOTH,,,,,123.5,,,,,LOW,
1,2023-03-13,,,12067.75,,,,59.3,145.75,,,,,,H_ONLY,,,,,245.75,,,,,HIGH,
1,2023-03-16,,,12435.0,,,,248.6,300.75,,,,,,BOTH,,,,,121.0,,,,,HIGH,
1,2023-03-17,,,12669.75,,,,70.8,100.25,,,,,,BOTH,,,,,141.5,,,,,LOW,
1,2023-03-20,,,12633.0,,,,72.5,75.0,,,,,,BOTH,,,,,103.5,,,,,HIGH,
1,2023-03-27,,,12880.75,,,,136.4,115.25,,,,,,BOTH,,,,,84.5,,,,,LOW,
1,2023-03-31,,,13162.75,,,,180.3,148.75,,,,,,H_ONLY,,,,,82.5,,,,,HIGH,
1,2023-04-04,,,13230.0,,,,63.8,61.75,,,,,,BOTH,,,,,96.75,,,,,LOW,
1,2023-04-05,,,13088.0,,,,87.2,82.0,,,,,,L_ONLY,,,,,94.0,,,,,LOW,
1,2023-04-06,,,13054.0,,,,136.0,137.0,,,,,,BOTH,,,,,100.75,,,,,HIGH,
1,2023-04-10,,,13050.25,,,,138.4,114.5,,,,,,BOTH,,,,,82.75,,,,,HIGH,
1,2023-04-11,,,13068.5,,,,16.3,15.0,,,,,,L_ONLY,,,,,92.0,,,,,LOW,
1,2023-04-12,,,13033.5,,,,65.1,95.75,,,,,,L_ONLY,,,,,147.0,,,,,LOW,
1,2023-04-13,,,13138.25,,,,75.7,89.75,,,,,,H_ONLY,,,,,118.5,,,,,HIGH,
1,2023-04-14,,,13132.5,,,,60.8,74.5,,,,,,BOTH,,,,,122.5,,,,,LOW,
1,2023-04-17,,,13138.25,,,,90.8,61.5,,,,,,BOTH,,,,,67.75,,,,,LOW,
1,2023-04-18,,,13167.0,,,,22.2,29.0,,,,,,L_ONLY,,,,,130.75,,,,,LOW,
1,2023-04-19,,,13132.75,,,,179.9,94.0,,,,,,H_ONLY,,,,,52.25,,,,,HIGH,
1,2023-04-21,,,13081.75,,,,40.6,40.25,,,,,,BOTH,,,,,99.25,,,,,HIGH,
1,2023-04-24,,,13054.0,,,,108.4,86.75,,,,,,BOTH,,,,,80.0,,,,,LOW,
1,2023-04-25,,,12937.0,,,,166.9,131.0,,,,,,BOTH,,,,,78.5,,,,,LOW,
1,2023-04-27,,,13092.0,,,,205.4,161.25,,,,,,H_ONLY,,,,,78.5,,,,,HIGH,
1,2023-04-28,,,13292.25,,,,26.7,32.0,,,,,,H_ONLY,,,,,120.0,,,,,HIGH,
1,2023-05-02,,,13197.75,,,,75.8,87.5,,,,,,BOTH,,,,,115.5,,,,,LOW,
1,2023-05-05,,,13242.0,,,,99.4,117.0,,,,,,H_ONLY,,,,,117.75,,,,,HIGH,
1,2023-05-09,,,13274.5,,,,55.8,24.0,,,,,,BOTH,,,,,43.0,,,,,LOW,
1,2023-05-12,,,13402.25,,,,107.9,91.75,,,,,,BOTH,,,,,85.0,,,,,LOW,
1,2023-05-15,,,13428.25,,,,67.4,51.75,,,,,,BOTH,,,,,76.75,,,,,HIGH,
1,2023-05-16,,,13515.75,,,,47.7,38.75,,,,,,H_ONLY,,,,,81.25,,,,,HIGH,
1,2023-05-17,,,13540.0,,,,200.0,129.0,,,,,,BOTH,,,,,64.5,,,,,HIGH,
1,2023-05-18,,,13775.75,,,,102.0,125.5,,,,,,H_ONLY,,,,,123.0,,,,,HIGH,
1,2023-05-19,,,13861.75,,,,70.6,47.5,,,,,,BOTH,,,,,67.25,,,,,LOW,
1,2023-05-22,,,13946.75,,,,0.0,0.0,,,,,,H_ONLY,,,,,99.75,,,,,HIGH,
1,2023-05-23,,,13822.25,,,,201.3,112.25,,,,,,BOTH,,,,,55.75,,,,,LOW,
1,2023-05-25,,,13965.75,,,,57.2,65.5,,,,,,BOTH,,,,,114.5,,,,,HIGH,
1,2023-05-26,,,14205.0,,,,85.9,163.5,,,,,,H_ONLY,,,,,190.25,,,,,HIGH,
1,2023-05-30,,,14400.0,,,,39.7,63.25,,,,,,BOTH,,,,,159.5,,,,,LOW,
1,2023-05-31,,,14274.25,,,,16.7,23.0,,,,,,BOTH,,,,,138.0,,,,,LOW,
1,2023-06-01,,,14342.0,,,,206.9,186.25,,,,,,BOTH,,,,,90.0,,,,,HIGH,
1,2023-06-06,,,14581.75,,,,54.4,42.0,,,,,,BOTH,,,,,77.25,,,,,HIGH,
1,2023-06-07,,,14531.25,,,,157.0,225.75,,,,,,BOTH,,,,,143.75,,,,,LOW,
1,2023-06-08,,,14423.25,,,,105.2,100.25,,,,,,H_ONLY,,,,,95.25,,,,,HIGH,
1,2023-06-09,,,14734.5,,,,45.0,59.5,,,,,,BOTH,,,,,132.25,,,,,LOW,
1,2023-06-12,,,14819.25,,,,310.4,171.5,,,,,,BOTH,,,,,55.25,,,,,HIGH,
1,2023-06-15,,,15270.25,,,,109.6,170.75,,,,,,H_ONLY,,,,,155.75,,,,,HIGH,
1,2023-06-16,,,15333.0,,,,52.3,74.5,,,,,,BOTH,,,,,142.5,,,,,LOW,
1,2023-06-20,,,15130.5,,,,2.2,4.0,,,,,,BOTH,,,,,180.25,,,,,LOW,
1,2023-06-21,,,15076.0,,,,51.5,73.75,,,,,,BOTH,,,,,143.25,,,,,LOW,
1,2023-06-22,,,15149.0,,,,37.3,69.0,,,,,,BOTH,,,,,185.0,,,,,HIGH,
1,2023-06-23,,,15087.75,,,,65.9,67.5,,,,,,BOTH,,,,,102.5,,,,,HIGH,
1,2023-06-26,,,15024.5,,,,133.6,171.0,,,,,,BOTH,,,,,128.0,,,,,LOW,
1,2023-06-27,,,14979.0,,,,176.1,160.25,,,,,,BOTH,,,,,91.0,,,,,HIGH,
1,2023-06-28,,,15144.75,,,,62.3,74.25,,,,,,BOTH,,,,,119.25,,,,,HIGH,
1,2023-06-29,,,15035.25,,,,6.2,6.75,,,,,,L_ONLY,,,,,109.5,,,,,LOW,
1,2023-07-03,,,15337.25,,,,55.5,29.25,,,,,,BOTH,,,,,52.75,,,,,LOW,
1,2023-07-05,,,15423.5,,,,6.5,8.5,,,,,,H_ONLY,,,,,131.0,,,,,HIGH,
1,2023-07-06,,,15214.25,,,,36.7,37.75,,,,,,L_ONLY,,,,,102.75,,,,,HIGH,
1,2023-07-11,,,15233.5,,,,36.5,45.25,,,,,,BOTH,,,,,124.0,,,,,HIGH,
1,2023-07-12,,,15408.5,,,,65.0,64.5,,,,,,H_ONLY,,,,,99.25,,,,,LOW,
1,2023-07-13,,,15621.5,,,,172.9,119.75,,,,,,H_ONLY,,,,,69.25,,,,,HIGH,
1,2023-07-14,,,15721.5,,,,43.1,58.5,,,,,,BOTH,,,,,135.75,,,,,LOW,
1,2023-07-17,,,15781.5,,,,139.2,101.25,,,,,,H_ONLY,,,,,72.75,,,,,HIGH,
1,2023-07-18,,,15816.0,,,,257.5,213.75,,,,,,BOTH,,,,,83.0,,,,,HIGH,
1,2023-07-20,,,15745.25,,,,132.4,198.25,,,,,,BOTH,,,,,149.75,,,,,LOW,
1,2023-07-21,,,15550.5,,,,16.7,28.25,,,,,,BOTH,,,,,168.75,,,,,LOW,
1,2023-07-25,,,15672.25,,,,75.7,64.0,,,,,,H_ONLY,,,,,84.5,,,,,HIGH,
1,2023-07-27,,,15770.5,,,,194.2,259.25,,,,,,BOTH,,,,,133.5,,,,,LOW,
1,2023-07-28,,,15829.25,,,,58.8,66.75,,,,,,BOTH,,,,,113.5,,,,,HIGH,
1,2023-07-31,,,15805.25,,,,5.0,5.0,,,,,,BOTH,,,,,99.75,,,,,LOW,
1,2023-08-02,,,15524.5,,,,76.6,110.5,,,,,,L_ONLY,,,,,144.25,,,,,LOW,
1,2023-08-03,,,15466.75,,,,49.1,56.75,,,,,,H_ONLY,,,,,115.5,,,,,HIGH,
1,2023-08-09,,,15257.25,,,,99.6,110.75,,,,,,L_ONLY,,,,,111.25,,,,,LOW,
1,2023-08-10,,,15273.25,,,,81.2,137.25,,,,,,BOTH,,,,,169.0,,,,,LOW,
1,2023-08-11,,,15052.0,,,,12.1,14.75,,,,,,L_ONLY,,,,,122.25,,,,,LOW,
1,2023-08-14,,,15173.0,,,,72.8,100.5,,,,,,BOTH,,,,,138.0,,,,,HIGH,
1,2023-08-15,,,15113.0,,,,26.2,38.25,,,,,,BOTH,,,,,146.25,,,,,LOW,
1,2023-08-16,,,15051.0,,,,121.2,112.75,,,,,,BOTH,,,,,93.0,,,,,LOW,
1,2023-08-17,,,14882.0,,,,101.6,127.5,,,,,,L_ONLY,,,,,125.5,,,,,LOW,
1,2023-08-18,,,14697.0,,,,120.5,105.75,,,,,,BOTH,,,,,87.75,,,,,HIGH,
1,2023-08-22,,,14997.75,,,,69.6,65.75,,,,,,L_ONLY,,,,,94.5,,,,,LOW,
1,2023-08-23,,,15145.0,,,,67.0,97.5,,,,,,H_ONLY,,,,,145.5,,,,,HIGH,
1,2023-08-24,,,15071.75,,,,81.0,217.0,,,,,,L_ONLY,,,,,268.0,,,,,LOW,
1,2023-08-25,,,14870.0,,,,66.2,118.25,,,,,,BOTH,,,,,178.75,,,,,LOW,
1,2023-08-28,,,15004.5,,,,17.2,21.0,,,,,,BOTH,,,,,122.0,,,,,LOW,
1,2023-08-29,,,15297.5,,,,56.7,133.0,,,,,,H_ONLY,,,,,234.75,,,,,HIGH,
1,2023-08-30,,,15507.25,,,,11.7,15.5,,,,,,BOTH,,,,,132.25,,,,,HIGH,
1,2023-08-31,,,15594.25,,,,11.8,12.5,,,,,,H_ONLY,,,,,105.5,,,,,HIGH,
1,2023-09-01,,,15498.75,,,,29.1,44.75,,,,,,L_ONLY,,,,,154.0,,,,,LOW,
1,2023-09-05,,,15523.5,,,,78.3,63.25,,,,,,H_ONLY,,,,,80.75,,,,,HIGH,
1,2023-09-06,,,15385.5,,,,58.3,75.0,,,,,,BOTH,,,,,128.75,,,,,LOW,
1,2023-09-07,,,15241.0,,,,84.7,70.75,,,,,,BOTH,,,,,83.5,,,,,HIGH,
1,2023-09-08,,,15466.0,,,,12.2,14.75,,,,,,BOTH,,,,,120.5,,,,,LOW,
1,2023-09-11,,,15646.75,,,,45.0,49.25,,,,,,BOTH,,,,,109.5,,,,,HIGH,
1,2023-09-12,,,15580.25,,,,122.9,96.5,,,,,,BOTH,,,,,78.5,,,,,LOW,
1,2023-09-13,,,15561.5,,,,54.3,58.25,,,,,,H_ONLY,,,,,107.25,,,,,HIGH,
1,2023-09-14,,,15638.75,,,,70.3,75.75,,,,,,BOTH,,,,,107.75,,,,,HIGH,
1,2023-09-15,,,15469.25,,,,71.1,112.5,,,,,,L_ONLY,,,,,158.25,,,,,LOW,
1,2023-09-18,,,15439.5,,,,22.3,21.5,,,,,,BOTH,,,,,96.5,,,,,HIGH,
1,2023-09-20,,,15361.0,,,,287.5,213.5,,,,,,L_ONLY,,,,,74.25,,,,,LOW,
1,2023-09-21,,,14919.0,,,,59.0,59.75,,,,,,BOTH,,,,,101.25,,,,,LOW,
1,2023-09-25,,,14896.5,,,,37.5,42.75,,,,,,H_ONLY,,,,,114.0,,,,,HIGH,
1,2023-09-26,,,14724.5,,,,47.8,58.25,,,,,,L_ONLY,,,,,121.75,,,,,LOW,
1,2023-09-28,,,14773.25,,,,151.2,174.25,,,,,,BOTH,,,,,115.25,,,,,HIGH,
1,2023-09-29,,,14970.0,,,,175.2,159.0,,,,,,BOTH,,,,,90.75,,,,,LOW,
1,2023-10-02,,,14992.25,,,,37.2,53.75,,,,,,H_ONLY,,,,,144.5,,,,,HIGH,
1,2023-10-03,,,14770.75,,,,58.5,119.25,,,,,,BOTH,,,,,204.0,,,,,LOW,
1,2023-10-04,,,14834.5,,,,121.5,121.5,,,,,,BOTH,,,,,100.0,,,,,HIGH,
1,2023-10-05,,,14763.5,,,,29.0,47.25,,,,,,L_ONLY,,,,,163.0,,,,,LOW,
1,2023-10-06,,,14844.75,,,,221.4,315.5,,,,,,H_ONLY,,,,,142.5,,,,,HIGH,
1,2023-10-09,,,15066.75,,,,124.5,146.0,,,,,,BOTH,,,,,117.25,,,,,HIGH,
1,2023-10-10,,,15295.0,,,,77.0,88.5,,,,,,H_ONLY,,,,,115.0,,,,,HIGH,
1,2023-10-13,,,15266.25,,,,203.0,204.0,,,,,,BOTH,,,,,100.5,,,,,LOW,
1,2023-10-16,,,15300.5,,,,27.5,36.25,,,,,,H_ONLY,,,,,131.75,,,,,HIGH,
1,2023-10-17,,,15204.25,,,,68.2,105.0,,,,,,BOTH,,,,,154.0,,,,,HIGH,
1,2023-10-18,,,15121.75,,,,139.7,142.5,,,,,,BOTH,,,,,102.0,,,,,LOW,
1,2023-10-20,,,14760.25,,,,86.3,108.5,,,,,,BOTH,,,,,125.75,,,,,LOW,
1,2023-10-23,,,14687.75,,,,95.7,166.0,,,,,,BOTH,,,,,173.5,,,,,HIGH,
1,2023-10-25,,,14596.75,,,,95.4,145.5,,,,,,L_ONLY,,,,,152.5,,,,,LOW,
1,2023-10-26,,,14269.75,,,,68.4,129.5,,,,,,BOTH,,,,,189.25,,,,,LOW,
1,2023-10-30,,,14330.75,,,,16.8,24.5,,,,,,BOTH,,,,,145.75,,,,,LOW,
1,2023-10-31,,,14428.75,,,,63.8,75.0,,,,,,BOTH,,,,,117.5,,,,,HIGH,
1,2023-11-01,,,14638.5,,,,100.2,123.5,,,,,,H_ONLY,,,,,123.25,,,,,HIGH,
1,2023-11-02,,,14952.5,,,,67.5,56.0,,,,,,BOTH,,,,,83.0,,,,,HIGH,
1,2023-11-03,,,15163.25,,,,53.2,65.25,,,,,,H_ONLY,,,,,122.75,,,,,HIGH,
1,2023-11-06,,,15185.0,,,,64.8,47.0,,,,,,BOTH,,,,,72.5,,,,,LOW,
1,2023-11-07,,,15344.25,,,,56.5,68.0,,,,,,BOTH,,,,,120.25,,,,,HIGH,
1,2023-11-08,,,15339.75,,,,68.2,53.0,,,,,,BOTH,,,,,77.75,,,,,LOW,
1,2023-11-10,,,15390.75,,,,250.7,213.75,,,,,,H_ONLY,,,,,85.25,,,,,HIGH,
1,2023-11-13,,,15539.0,,,,68.5,50.5,,,,,,BOTH,,,,,73.75,,,,,HIGH,
1,2023-11-14,,,15887.5,,,,32.1,31.25,,,,,,H_ONLY,,,,,97.25,,,,,HIGH,
1,2023-11-20,,,16002.25,,,,106.5,114.5,,,,,,H_ONLY,,,,,107.5,,,,,HIGH,
1,2023-11-24,,,15990.5,,,,13.9,8.75,,,,,,BOTH,,,,,63.0,,,,,LOW,
1,2023-11-27,,,16050.25,,,,48.8,39.0,,,,,,BOTH,,,,,80.0,,,,,HIGH,
1,2023-11-28,,,16007.5,,,,130.6,64.0,,,,,,BOTH,,,,,49.0,,,,,HIGH,
1,2023-11-29,,,16085.0,,,,57.9,71.5,,,,,,BOTH,,,,,123.5,,,,,LOW,
1,2023-11-30,,,15918.75,,,,47.3,62.75,,,,,,L_ONLY,,,,,132.75,,,,,LOW,
1,2023-12-05,,,15936.75,,,,15.8,24.25,,,,,,H_ONLY,,,,,153.5,,,,,HIGH,
1,2023-12-06,,,15875.75,,,,45.5,73.75,,,,,,BOTH,,,,,162.0,,,,,LOW,
1,2023-12-07,,,15997.0,,,,63.0,69.0,,,,,,H_ONLY,,,,,109.5,,,,,HIGH,
1,2023-12-08,,,16322.0,,,,4.2,7.0,,,,,,H_ONLY,,,,,168.5,,,,,HIGH,
1,2023-12-11,,,16387.5,,,,67.9,72.0,,,,,,H_ONLY,,,,,106.0,,,,,HIGH,
1,2023-12-12,,,16490.25,,,,95.5,89.5,,,,,,BOTH,,,,,93.75,,,,,HIGH,
1,2023-12-14,,,16786.0,,,,173.2,158.0,,,,,,BOTH,,,,,91.25,,,,,LOW,
1,2023-12-18,,,16905.5,,,,93.8,68.5,,,,,,H_ONLY,,,,,73.0,,,,,HIGH,
1,2023-12-19,,,16997.75,,,,55.9,29.75,,,,,,BOTH,,,,,53.25,,,,,HIGH,
1,2023-12-22,,,16989.25,,,,178.5,93.25,,,,,,BOTH,,,,,52.25,,,,,LOW,
1,2023-12-26,,,17057.0,,,,105.3,54.25,,,,,,H_ONLY,,,,,51.5,,,,,HIGH,
1,2023-12-27,,,17124.75,,,,4.3,3.0,,,,,,BOTH,,,,,69.25,,,,,HIGH,
1,2023-12-28,,,17102.75,,,,44.4,25.0,,,,,,L_ONLY,,,,,56.25,,,,,LOW,
1,2023-12-29,,,17073.75,,,,401.5,135.5,,,,,,BOTH,,,,,33.75,,,,,LOW,
1,2024-01-02,,,16716.75,,,,60.1,94.25,,,,,,L_ONLY,,,,,156.75,,,,,LOW,
1,2024-01-03,,,16556.5,,,,35.6,34.5,,,,,,BOTH,,,,,97.0,,,,,LOW,
1,2024-01-08,,,16644.5,,,,120.0,166.75,,,,,,H_ONLY,,,,,139.0,,,,,HIGH,
1,2024-01-09,,,16747.0,,,,140.5,121.5,,,,,,H_ONLY,,,,,86.5,,,,,HIGH,
1,2024-01-10,,,16874.0,,,,150.3,109.0,,,,,,BOTH,,,,,72.5,,,,,HIGH,
1,2024-01-11,,,16824.5,,,,32.6,71.5,,,,,,L_ONLY,,,,,219.0,,,,,LOW,
1,2024-01-12,,,16935.25,,,,20.3,21.75,,,,,,H_ONLY,,,,,107.25,,,,,LOW,
1,2024-01-16,,,17003.75,,,,20.2,30.0,,,,,,BOTH,,,,,148.75,,,,,HIGH,
1,2024-01-17,,,16843.0,,,,27.3,42.0,,,,,,BOTH,,,,,153.75,,,,,HIGH,
1,2024-01-19,,,17232.75,,,,323.7,215.25,,,,,,BOTH,,,,,66.5,,,,,HIGH,
1,2024-01-22,,,17483.25,,,,48.4,49.25,,,,,,BOTH,,,,,101.75,,,,,LOW,
1,2024-01-23,,,17488.0,,,,65.0,51.0,,,,,,BOTH,,,,,78.5,,,,,HIGH,
1,2024-01-30,,,17616.5,,,,100.0,68.25,,,,,,BOTH,,,,,68.25,,,,,LOW,
1,2024-02-02,,,17624.0,,,,95.6,151.5,,,,,,BOTH,,,,,158.5,,,,,HIGH,
1,2024-02-06,,,17598.25,,,,22.1,37.5,,,,,,BOTH,,,,,169.5,,,,,LOW,
1,2024-02-07,,,17867.75,,,,5.2,7.75,,,,,,BOTH,,,,,149.0,,,,,HIGH,
1,2024-02-08,,,17866.0,,,,52.6,30.5,,,,,,H_ONLY,,,,,58.0,,,,,HIGH,
1,2024-02-09,,,17969.75,,,,106.9,101.25,,,,,,BOTH,,,,,94.75,,,,,HIGH,
1,2024-02-16,,,17717.0,,,,0.0,0.0,,,,,,L_ONLY,,,,,213.0,,,,,LOW,
1,2024-02-19,,,17776.25,,,,12.0,3.75,,,,,,BOTH,,,,,31.25,,,,,LOW,
1,2024-02-20,,,17503.5,,,,23.1,51.0,,,,,,BOTH,,,,,220.5,,,,,LOW,
1,2024-02-22,,,17970.25,,,,109.9,116.75,,,,,,BOTH,,,,,106.25,,,,,HIGH,
1,2024-02-23,,,18043.75,,,,96.8,97.75,,,,,,BOTH,,,,,101.0,,,,,LOW,
1,2024-02-27,,,17941.0,,,,35.2,32.25,,,,,,L_ONLY,,,,,91.5,,,,,LOW,
1,2024-03-01,,,18196.75,,,,170.9,176.0,,,,,,H_ONLY,,,,,103.0,,,,,HIGH,
1,2024-03-05,,,17952.25,,,,65.4,119.75,,,,,,L_ONLY,,,,,183.0,,,,,LOW,
1,2024-03-07,,,18238.75,,,,101.0,121.25,,,,,,BOTH,,,,,120.0,,,,,HIGH,
1,2024-03-11,,,18248.5,,,,20.6,22.75,,,,,,BOTH,,,,,110.5,,,,,HIGH,
1,2024-03-12,,,18367.25,,,,64.0,123.75,,,,,,BOTH,,,,,193.25,,,,,HIGH,
1,2024-03-13,,,18302.75,,,,16.5,21.0,,,,,,L_ONLY,,,,,127.0,,,,,LOW,
1,2024-03-14,,,18203.25,,,,21.6,42.0,,,,,,L_ONLY,,,,,194.75,,,,,LOW,
1,2024-03-15,,,18029.0,,,,15.6,22.75,,,,,,L_ONLY,,,,,145.5,,,,,LOW,
1,2024-03-18,,,18277.5,,,,56.5,58.5,,,,,,BOTH,,,,,103.5,,,,,LOW,
1,2024-03-19,,,18152.5,,,,137.8,136.75,,,,,,BOTH,,,,,99.25,,,,,HIGH,
1,2024-03-21,,,18626.0,,,,88.6,73.5,,,,,,BOTH,,,,,83.0,,,,,LOW,
1,2024-03-22,,,18565.0,,,,93.8,61.0,,,,,,H_ONLY,,,,,65.0,,,,,HIGH,
1,2024-03-25,,,18542.0,,,,23.4,29.75,,,,,,BOTH,,,,,127.25,,,,,HIGH,
1,2024-03-26,,,18548.0,,,,179.8,108.75,,,,,,BOTH,,,,,60.5,,,,,LOW,
1,2024-03-28,,,18457.25,,,,10.4,8.5,,,,,,BOTH,,,,,81.5,,,,,LOW,
1,2024-04-01,,,18482.5,,,,54.6,68.0,,,,,,BOTH,,,,,124.5,,,,,LOW,
1,2024-04-02,,,18292.0,,,,60.8,55.0,,,,,,L_ONLY,,,,,90.5,,,,,HIGH,
1,2024-04-03,,,18418.5,,,,18.6,33.25,,,,,,H_ONLY,,,,,179.0,,,,,HIGH,
1,2024-04-04,,,18486.75,,,,513.8,417.5,,,,,,BOTH,,,,,81.25,,,,,LOW,
1,2024-04-05,,,18252.5,,,,103.8,155.75,,,,,,H_ONLY,,,,,150.0,,,,,HIGH,
1,2024-04-08,,,18341.25,,,,33.5,34.75,,,,,,BOTH,,,,,103.75,,,,,HIGH,
1,2024-04-10,,,18208.0,,,,25.9,26.0,,,,,,NEITHER,,,,,100.25,,,,,HIGH,
1,2024-04-11,,,18274.0,,,,234.2,244.75,,,,,,H_ONLY,,,,,104.5,,,,,HIGH,
1,2024-04-12,,,18258.75,,,,163.9,138.5,,,,,,L_ONLY,,,,,84.5,,,,,LOW,
1,2024-04-15,,,18191.0,,,,236.1,349.5,,,,,,L_ONLY,,,,,148.0,,,,,LOW,
1,2024-04-17,,,17808.25,,,,127.6,193.0,,,,,,L_ONLY,,,,,151.25,,,,,LOW,
1,2024-04-19,,,17341.0,,,,129.4,227.75,,,,,,L_ONLY,,,,,176.0,,,,,LOW,
1,2024-04-23,,,17570.75,,,,55.1,86.5,,,,,,H_ONLY,,,,,157.0,,,,,HIGH,
1,2024-04-24,,,17711.5,,,,171.7,144.25,,,,,,BOTH,,,,,84.0,,,,,LOW,
1,2024-04-25,,,17447.0,,,,113.9,158.0,,,,,,BOTH,,,,,138.75,,,,,HIGH,
1,2024-04-26,,,17840.5,,,,35.4,61.0,,,,,,BOTH,,,,,172.25,,,,,HIGH,
1,2024-04-29,,,17830.0,,,,32.6,38.75,,,,,,BOTH,,,,,119.0,,,,,LOW,
1,2024-04-30,,,17824.0,,,,365.6,260.5,,,,,,BOTH,,,,,71.25,,,,,LOW,
1,2024-05-02,,,17602.5,,,,38.4,83.0,,,,,,BOTH,,,,,216.25,,,,,HIGH,
1,2024-05-06,,,18117.0,,,,109.4,81.25,,,,,,BOTH,,,,,74.25,,,,,HIGH,
1,2024-05-08,,,18211.0,,,,23.6,31.25,,,,,,H_ONLY,,,,,132.5,,,,,HIGH,
1,2024-05-09,,,18204.0,,,,37.0,35.25,,,,,,BOTH,,,,,95.25,,,,,HIGH,
1,2024-05-10,,,18225.5,,,,30.2,37.0,,,,,,BOTH,,,,,122.5,,,,,LOW,
1,2024-05-13,,,18252.25,,,,20.5,17.25,,,,,,BOTH,,,,,84.0,,,,,LOW,
1,2024-05-14,,,18370.75,,,,59.1,62.25,,,,,,H_ONLY,,,,,105.25,,,,,HIGH,
1,2024-05-15,,,18542.5,,,,171.8,164.5,,,,,,H_ONLY,,,,,95.75,,,,,HIGH,
1,2024-05-20,,,18758.5,,,,29.2,36.0,,,,,,BOTH,,,,,123.25,,,,,HIGH,
1,2024-05-21,,,18731.5,,,,144.4,77.25,,,,,,BOTH,,,,,53.5,,,,,HIGH,
1,2024-05-23,,,18838.0,,,,149.8,216.5,,,,,,L_ONLY,,,,,144.5,,,,,LOW,
1,2024-05-24,,,18838.0,,,,83.4,88.0,,,,,,H_ONLY,,,,,105.5,,,,,HIGH,
1,2024-05-30,,,18684.25,,,,161.9,138.0,,,,,,L_ONLY,,,,,85.25,,,,,LOW,
1,2024-05-31,,,18415.0,,,,80.3,173.75,,,,,,L_ONLY,,,,,216.5,,,,,LOW,
1,2024-06-03,,,18645.5,,,,190.7,209.75,,,,,,BOTH,,,,,110.0,,,,,LOW,
1,2024-06-04,,,18664.0,,,,92.7,89.25,,,,,,BOTH,,,,,96.25,,,,,HIGH,
1,2024-06-05,,,18894.0,,,,197.3,185.5,,,,,,H_ONLY,,,,,94.0,,,,,HIGH,
1,2024-06-06,,,19032.25,,,,18.0,15.0,,,,,,L_ONLY,,,,,83.5,,,,,LOW,
1,2024-06-07,,,19065.0,,,,124.1,90.0,,,,,,H_ONLY,,,,,72.5,,,,,HIGH,
1,2024-06-10,,,19037.5,,,,154.4,92.25,,,,,,BOTH,,,,,59.75,,,,,HIGH,
1,2024-06-11,,,19091.25,,,,161.5,156.25,,,,,,BOTH,,,,,96.75,,,,,HIGH,
1,2024-06-12,,,19544.0,,,,26.4,44.75,,,,,,H_ONLY,,,,,169.25,,,,,HIGH,
1,2024-06-13,,,19534.75,,,,27.0,34.75,,,,,,L_ONLY,,,,,128.75,,,,,LOW,
1,2024-06-14,,,19910.25,,,,44.8,41.25,,,,,,H_ONLY,,,,,92.0,,,,,HIGH,
1,2024-06-17,,,19984.0,,,,359.1,287.25,,,,,,BOTH,,,,,80.0,,,,,HIGH,
1,2024-06-20,,,20118.5,,,,110.7,160.25,,,,,,L_ONLY,,,,,144.75,,,,,LOW,
1,2024-06-21,,,20028.0,,,,39.3,44.75,,,,,,BOTH,,,,,113.75,,,,,HIGH,
1,2024-06-24,,,19866.75,,,,98.1,126.25,,,,,,BOTH,,,,,128.75,,,,,LOW,
1,2024-06-25,,,19898.0,,,,78.7,83.25,,,,,,BOTH,,,,,105.75,,,,,HIGH,
1,2024-06-28,,,20039.25,,,,56.8,133.0,,,,,,BOTH,,,,,234.0,,,,,LOW,
1,2024-07-01,,,19985.75,,,,50.7,88.25,,,,,,BOTH,,,,,174.0,,,,,HIGH,
1,2024-07-02,,,20098.0,,,,133.0,161.25,,,,,,H_ONLY,,,,,121.25,,,,,HIGH,
1,2024-07-03,,,20300.0,,,,161.0,135.25,,,,,,H_ONLY,,,,,84.0,,,,,HIGH,
1,2024-07-05,,,20544.25,,,,82.1,95.25,,,,,,H_ONLY,,,,,116.0,,,,,HIGH,
1,2024-07-09,,,20693.25,,,,98.7,77.5,,,,,,BOTH,,,,,78.5,,,,,LOW,
1,2024-07-11,,,20657.0,,,,114.1,279.75,,,,,,L_ONLY,,,,,245.25,,,,,LOW,
1,2024-07-12,,,20587.0,,,,95.2,154.0,,,,,,H_ONLY,,,,,161.75,,,,,HIGH,
1,2024-07-16,,,20485.5,,,,10.6,21.0,,,,,,BOTH,,,,,199.0,,,,,LOW,
1,2024-07-17,,,20097.75,,,,59.9,110.0,,,,,,L_ONLY,,,,,183.75,,,,,LOW,
1,2024-07-18,,,20019.75,,,,201.5,261.0,,,,,,L_ONLY,,,,,129.5,,,,,LOW,
1,2024-07-19,,,19798.75,,,,81.4,144.75,,,,,,BOTH,,,,,177.75,,,,,LOW,
1,2024-07-24,,,19466.25,,,,158.7,297.5,,,,,,BOTH,,,,,187.5,,,,,LOW,
1,2024-07-25,,,19226.75,,,,47.7,163.75,,,,,,BOTH,,,,,343.5,,,,,HIGH,
1,2024-07-29,,,19222.0,,,,70.0,108.75,,,,,,BOTH,,,,,155.25,,,,,LOW,
1,2024-07-30,,,19159.0,,,,221.5,356.0,,,,,,BOTH,,,,,160.75,,,,,LOW,
1,2024-07-31,,,19471.75,,,,63.0,101.5,,,,,,H_ONLY,,,,,161.0,,,,,HIGH,
1,2024-08-01,,,19445.0,,,,243.4,576.75,,,,,,BOTH,,,,,237.0,,,,,LOW,
1,2024-08-05,,,18112.5,,,,29.3,176.5,,,,,,H_ONLY,,,,,603.25,,,,,HIGH,
1,2024-08-06,,,18229.75,,,,96.1,253.5,,,,,,BOTH,,,,,263.75,,,,,HIGH,
1,2024-08-07,,,18405.75,,,,297.2,454.0,,,,,,BOTH,,,,,152.75,,,,,LOW,
1,2024-08-08,,,18390.0,,,,50.7,165.25,,,,,,H_ONLY,,,,,325.75,,,,,HIGH,
1,2024-08-09,,,18566.5,,,,66.7,108.0,,,,,,H_ONLY,,,,,162.0,,,,,HIGH,
1,2024-08-12,,,18728.0,,,,18.2,37.25,,,,,,BOTH,,,,,204.5,,,,,HIGH,
1,2024-08-13,,,18922.5,,,,178.8,190.0,,,,,,H_ONLY,,,,,106.25,,,,,HIGH,
1,2024-08-15,,,19489.75,,,,73.9,113.5,,,,,,H_ONLY,,,,,153.5,,,,,HIGH,
1,2024-08-16,,,19591.25,,,,54.0,69.5,,,,,,H_ONLY,,,,,128.75,,,,,HIGH,
1,2024-08-19,,,19625.5,,,,244.3,235.75,,,,,,BOTH,,,,,96.5,,,,,HIGH,
1,2024-08-20,,,19803.25,,,,49.5,60.25,,,,,,BOTH,,,,,121.75,,,,,LOW,
1,2024-08-22,,,19883.25,,,,240.3,341.25,,,,,,BOTH,,,,,142.0,,,,,LOW,
1,2024-08-23,,,19706.5,,,,58.0,114.75,,,,,,BOTH,,,,,197.75,,,,,LOW,
1,2024-08-26,,,19608.5,,,,53.4,103.0,,,,,,BOTH,,,,,193.0,,,,,LOW,
1,2024-08-27,,,19634.0,,,,31.3,60.25,,,,,,BOTH,,,,,192.5,,,,,HIGH,
1,2024-08-28,,,19513.25,,,,163.9,234.75,,,,,,BOTH,,,,,143.25,,,,,LOW,
1,2024-09-03,,,19283.0,,,,185.8,372.0,,,,,,L_ONLY,,,,,200.25,,,,,LOW,
1,2024-09-04,,,19002.0,,,,68.9,112.75,,,,,,BOTH,,,,,163.75,,,,,HIGH,
1,2024-09-05,,,18885.0,,,,16.2,43.0,,,,,,BOTH,,,,,265.5,,,,,LOW,
1,2024-09-06,,,18640.0,,,,64.1,209.75,,,,,,L_ONLY,,,,,327.25,,,,,LOW,
1,2024-09-12,,,19350.0,,,,80.9,133.5,,,,,,BOTH,,,,,165.0,,,,,HIGH,
1,2024-09-13,,,19765.5,,,,36.7,48.0,,,,,,BOTH,,,,,130.75,,,,,HIGH,
1,2024-09-16,,,19561.25,,,,23.7,32.25,,,,,,BOTH,,,,,136.25,,,,,LOW,
1,2024-09-19,,,20136.0,,,,39.0,67.0,,,,,,BOTH,,,,,172.0,,,,,HIGH,
1,2024-09-26,,,20338.25,,,,83.8,150.25,,,,,,L_ONLY,,,,,179.25,,,,,LOW,
1,2024-09-27,,,20285.25,,,,114.8,112.25,,,,,,L_ONLY,,,,,97.75,,,,,LOW,
1,2024-10-01,,,19882.0,,,,16.7,64.0,,,,,,L_ONLY,,,,,384.0,,,,,LOW,
1,2024-10-02,,,20014.75,,,,41.7,75.5,,,,,,BOTH,,,,,181.25,,,,,HIGH,
1,2024-10-03,,,19894.75,,,,7.2,15.75,,,,,,BOTH,,,,,219.0,,,,,LOW,
1,2024-10-04,,,20239.0,,,,2.9,6.5,,,,,,L_ONLY,,,,,225.75,,,,,HIGH,
1,2024-10-08,,,20202.5,,,,95.7,127.0,,,,,,H_ONLY,,,,,132.75,,,,,HIGH,
1,2024-10-09,,,20354.75,,,,110.1,128.0,,,,,,BOTH,,,,,116.25,,,,,HIGH,
1,2024-10-10,,,20415.75,,,,81.0,92.5,,,,,,BOTH,,,,,114.25,,,,,HIGH,
1,2024-10-11,,,20481.25,,,,7.8,13.0,,,,,,BOTH,,,,,166.5,,,,,HIGH,
1,2024-10-14,,,20541.0,,,,11.5,16.0,,,,,,H_ONLY,,,,,139.0,,,,,LOW,
1,2024-10-15,,,20510.25,,,,172.0,256.25,,,,,,BOTH,,,,,149.0,,,,,LOW,
1,2024-10-16,,,20357.25,,,,14.6,22.0,,,,,,BOTH,,,,,151.0,,,,,HIGH,
1,2024-10-17,,,20366.5,,,,6.1,12.75,,,,,,L_ONLY,,,,,209.5,,,,,LOW,
1,2024-10-18,,,20523.25,,,,7.2,6.5,,,,,,BOTH,,,,,90.25,,,,,HIGH,
1,2024-10-21,,,20422.75,,,,59.0,77.75,,,,,,BOTH,,,,,131.75,,,,,LOW,
1,2024-10-22,,,20520.0,,,,54.7,82.25,,,,,,H_ONLY,,,,,150.5,,,,,HIGH,
1,2024-10-23,,,20346.0,,,,228.7,267.0,,,,,,L_ONLY,,,,,116.75,,,,,LOW,
1,2024-10-25,,,20490.25,,,,13.9,30.25,,,,,,H_ONLY,,,,,217.0,,,,,LOW,
1,2024-10-28,,,20528.5,,,,43.3,42.5,,,,,,L_ONLY,,,,,98.25,,,,,LOW,
1,2024-10-29,,,20603.0,,,,84.0,143.5,,,,,,BOTH,,,,,170.75,,,,,HIGH,
1,2024-10-30,,,20542.75,,,,17.9,28.0,,,,,,L_ONLY,,,,,156.75,,,,,LOW,
1,2024-10-31,,,20119.0,,,,43.9,109.75,,,,,,L_ONLY,,,,,250.25,,,,,LOW,
1,2024-11-01,,,20271.0,,,,8.0,17.0,,,,,,BOTH,,,,,213.5,,,,,HIGH,
1,2024-11-04,,,20204.25,,,,11.8,22.5,,,,,,BOTH,,,,,191.25,,,,,HIGH,
1,2024-11-05,,,20321.25,,,,29.6,51.5,,,,,,H_ONLY,,,,,174.25,,,,,HIGH,
1,2024-11-06,,,20805.25,,,,78.0,125.75,,,,,,BOTH,,,,,161.25,,,,,HIGH,
1,2024-11-07,,,21129.25,,,,98.8,123.75,,,,,,H_ONLY,,,,,125.25,,,,,HIGH,
1,2024-11-08,,,21232.25,,,,46.1,32.75,,,,,,H_ONLY,,,,,71.0,,,,,HIGH,
1,2024-11-11,,,21155.25,,,,41.5,57.0,,,,,,L_ONLY,,,,,137.5,,,,,LOW,
1,2024-11-12,,,21179.5,,,,172.7,124.75,,,,,,BOTH,,,,,72.25,,,,,LOW,
1,2024-11-13,,,21184.5,,,,65.6,84.0,,,,,,BOTH,,,,,128.0,,,,,HIGH,
1,2024-11-14,,,21040.5,,,,51.6,69.25,,,,,,BOTH,,,,,134.25,,,,,LOW,
1,2024-11-15,,,20582.75,,,,92.9,177.5,,,,,,L_ONLY,,,,,191.0,,,,,LOW,
1,2024-11-18,,,20653.0,,,,46.9,71.25,,,,,,H_ONLY,,,,,152.0,,,,,HIGH,
1,2024-11-19,,,20605.0,,,,193.3,187.5,,,,,,H_ONLY,,,,,97.0,,,,,HIGH,
1,2024-11-20,,,20756.0,,,,3.0,8.5,,,,,,L_ONLY,,,,,279.0,,,,,HIGH,
1,2024-11-21,,,20523.25,,,,2.4,9.0,,,,,,BOTH,,,,,382.5,,,,,LOW,
1,2024-11-22,,,20873.0,,,,4.6,7.0,,,,,,BOTH,,,,,150.75,,,,,HIGH,
1,2024-11-25,,,20869.25,,,,42.0,89.0,,,,,,BOTH,,,,,211.75,,,,,LOW,
1,2024-11-26,,,20919.5,,,,15.0,15.75,,,,,,BOTH,,,,,105.25,,,,,LOW,
1,2024-11-27,,,20765.5,,,,52.0,90.5,,,,,,L_ONLY,,,,,174.0,,,,,LOW,
1,2024-11-29,,,20973.5,,,,26.2,44.0,,,,,,BOTH,,,,,168.0,,,,,HIGH,
1,2024-12-02,,,21196.5,,,,37.2,63.25,,,,,,H_ONLY,,,,,170.0,,,,,HIGH,
1,2024-12-03,,,21234.0,,,,55.9,55.75,,,,,,BOTH,,,,,99.75,,,,,HIGH,
1,2024-12-04,,,21464.25,,,,110.9,84.25,,,,,,BOTH,,,,,76.0,,,,,HIGH,
1,2024-12-06,,,21645.25,,,,15.1,24.0,,,,,,H_ONLY,,,,,159.25,,,,,HIGH,
1,2024-12-09,,,21545.0,,,,105.1,109.0,,,,,,BOTH,,,,,103.75,,,,,LOW,
1,2024-12-10,,,21505.5,,,,150.9,152.75,,,,,,BOTH,,,,,101.25,,,,,LOW,
1,2024-12-11,,,21736.25,,,,51.3,83.75,,,,,,H_ONLY,,,,,163.25,,,,,HIGH,
1,2024-12-13,,,21790.0,,,,104.7,123.5,,,,,,BOTH,,,,,118.0,,,,,LOW,
1,2024-12-16,,,22290.75,,,,160.9,159.25,,,,,,H_ONLY,,,,,99.0,,,,,HIGH,
1,2024-12-19,,,21497.0,,,,66.7,134.0,,,,,,BOTH,,,,,200.75,,,,,LOW,
1,2024-12-20,,,21461.25,,,,116.7,351.0,,,,,,H_ONLY,,,,,300.75,,,,,HIGH,
1,2024-12-23,,,21675.5,,,,50.9,101.25,,,,,,BOTH,,,,,198.75,,,,,HIGH,
1,2024-12-24,,,21941.25,,,,76.4,108.5,,,,,,H_ONLY,,,,,142.0,,,,,HIGH,
1,2024-12-26,,,22008.0,,,,49.5,68.25,,,,,,BOTH,,,,,137.75,,,,,HIGH,
1,2024-12-27,,,21512.75,,,,4.0,14.0,,,,,,L_ONLY,,,,,350.25,,,,,LOW,
1,2024-12-30,,,21416.0,,,,95.1,155.0,,,,,,BOTH,,,,,163.0,,,,,HIGH,
1,2024-12-31,,,21333.5,,,,97.7,151.5,,,,,,L_ONLY,,,,,155.0,,,,,LOW,
1,2025-01-02,,,21166.5,,,,65.9,182.75,,,,,,L_ONLY,,,,,277.5,,,,,LOW,
1,2025-01-03,,,21440.75,,,,66.1,118.5,,,,,,H_ONLY,,,,,179.25,,,,,HIGH,
1,2025-01-07,,,21525.25,,,,87.5,245.75,,,,,,BOTH,,,,,280.75,,,,,LOW,
1,2025-01-13,,,20855.5,,,,71.0,109.0,,,,,,BOTH,,,,,153.5,,,,,HIGH,
1,2025-01-14,,,20966.25,,,,117.9,192.75,,,,,,L_ONLY,,,,,163.5,,,,,LOW,
1,2025-01-15,,,21408.0,,,,20.2,44.75,,,,,,H_ONLY,,,,,221.25,,,,,HIGH,
1,2025-01-16,,,21336.25,,,,57.3,92.75,,,,,,L_ONLY,,,,,161.75,,,,,LOW,
1,2025-01-17,,,21653.75,,,,10.6,18.25,,,,,,NEITHER,,,,,172.5,,,,,HIGH,
1,2025-01-20,,,21677.0,,,,56.0,57.0,,,,,,BOTH,,,,,101.75,,,,,LOW,
1,2025-01-21,,,21718.25,,,,27.9,53.75,,,,,,BOTH,,,,,192.5,,,,,HIGH,
1,2025-01-22,,,22037.0,,,,42.0,56.5,,,,,,H_ONLY,,,,,134.5,,,,,HIGH,
1,2025-01-23,,,21918.0,,,,241.8,125.75,,,,,,BOTH,,,,,52.0,,,,,HIGH,
1,2025-01-24,,,21987.25,,,,157.4,143.25,,,,,,BOTH,,,,,91.0,,,,,LOW,
1,2025-01-28,,,21481.75,,,,44.8,144.25,,,,,,BOTH,,,,,322.25,,,,,HIGH,
1,2025-02-03,,,21362.5,,,,63.1,157.25,,,,,,BOTH,,,,,249.25,,,,,HIGH,
1,2025-02-04,,,21663.5,,,,11.8,30.5,,,,,,BOTH,,,,,258.25,,,,,HIGH,
1,2025-02-05,,,21613.75,,,,137.7,155.25,,,,,,BOTH,,,,,112.75,,,,,HIGH,
1,2025-02-07,,,21686.0,,,,47.3,133.25,,,,,,BOTH,,,,,282.0,,,,,LOW,
1,2025-02-10,,,21873.5,,,,15.8,20.5,,,,,,BOTH,,,,,129.5,,,,,HIGH,
1,2025-02-11,,,21845.25,,,,18.2,26.25,,,,,,H_ONLY,,,,,144.5,,,,,HIGH,
1,2025-02-12,,,21739.5,,,,49.0,99.5,,,,,,H_ONLY,,,,,203.25,,,,,HIGH,
1,2025-02-13,,,21996.5,,,,78.8,127.5,,,,,,H_ONLY,,,,,161.75,,,,,HIGH,
1,2025-02-14,,,22160.0,,,,92.9,65.0,,,,,,H_ONLY,,,,,70.0,,,,,HIGH,
1,2025-02-19,,,22221.5,,,,75.6,78.25,,,,,,BOTH,,,,,103.5,,,,,HIGH,
1,2025-02-21,,,21992.25,,,,168.5,329.75,,,,,,L_ONLY,,,,,195.75,,,,,LOW,
1,2025-02-24,,,21436.25,,,,7.5,27.5,,,,,,L_ONLY,,,,,365.5,,,,,LOW,
1,2025-02-25,,,21028.25,,,,10.4,38.25,,,,,,L_ONLY,,,,,369.25,,,,,LOW,
1,2025-02-27,,,20896.25,,,,61.6,298.5,,,,,,BOTH,,,,,484.75,,,,,LOW,
1,2025-02-28,,,20758.5,,,,62.3,185.75,,,,,,BOTH,,,,,298.0,,,,,HIGH,
1,2025-03-03,,,20760.0,,,,122.8,443.25,,,,,,BOTH,,,,,361.0,,,,,LOW,
1,2025-03-04,,,20430.0,,,,85.3,302.5,,,,,,BOTH,,,,,354.75,,,,,HIGH,
1,2025-03-10,,,19654.25,,,,152.6,382.0,,,,,,L_ONLY,,,,,250.25,,,,,LOW,
1,2025-03-12,,,19580.0,,,,93.4,184.75,,,,,,L_ONLY,,,,,197.75,,,,,LOW,
1,2025-03-13,,,19324.5,,,,61.2,154.5,,,,,,L_ONLY,,,,,252.5,,,,,LOW,
1,2025-03-14,,,19620.75,,,,66.2,121.75,,,,,,BOTH,,,,,184.0,,,,,HIGH,
1,2025-03-18,,,19634.5,,,,11.4,30.25,,,,,,L_ONLY,,,,,265.75,,,,,LOW,
1,2025-03-19,,,19900.75,,,,124.6,242.25,,,,,,BOTH,,,,,194.5,,,,,HIGH,
1,2025-03-20,,,20086.75,,,,5.5,18.25,,,,,,BOTH,,,,,330.75,,,,,HIGH,
1,2025-03-21,,,19773.5,,,,120.8,200.5,,,,,,H_ONLY,,,,,166.0,,,,,HIGH,
1,2025-03-24,,,20347.5,,,,52.4,62.0,,,,,,BOTH,,,,,118.25,,,,,HIGH,
1,2025-03-25,,,20454.75,,,,43.5,40.5,,,,,,BOTH,,,,,93.0,,,,,HIGH,
1,2025-03-26,,,20227.0,,,,73.4,182.0,,,,,,L_ONLY,,,,,248.0,,,,,LOW,
1,2025-03-28,,,19631.25,,,,67.6,209.75,,,,,,L_ONLY,,,,,310.25,,,,,LOW,
1,2025-03-31,,,19191.75,,,,138.6,298.0,,,,,,BOTH,,,,,215.0,,,,,HIGH,
1,2025-04-01,,,19462.5,,,,90.2,181.5,,,,,,BOTH,,,,,201.25,,,,,HIGH,
1,2025-04-03,,,18856.25,,,,87.8,191.5,,,,,,BOTH,,,,,218.0,,,,,LOW,
1,2025-04-04,,,17912.75,,,,114.4,384.25,,,,,,L_ONLY,,,,,336.0,,,,,LOW,
1,2025-04-08,,,18059.25,,,,364.3,1085.75,,,,,,BOTH,,,,,298.0,,,,,LOW,
1,2025-04-09,,,17597.5,,,,452.7,1789.25,,,,,,H_ONLY,,,,,395.25,,,,,HIGH,
1,2025-04-10,,,18568.5,,,,214.4,649.5,,,,,,L_ONLY,,,,,303.0,,,,,LOW,
1,2025-04-14,,,18987.75,,,,93.7,250.25,,,,,,L_ONLY,,,,,267.0,,,,,LOW,
1,2025-04-15,,,18924.5,,,,18.3,40.25,,,,,,BOTH,,,,,220.25,,,,,LOW,
1,2025-04-21,,,17899.75,,,,75.3,199.75,,,,,,BOTH,,,,,265.25,,,,,LOW,
1,2025-04-22,,,18306.0,,,,101.2,208.0,,,,,,H_ONLY,,,,,205.5,,,,,HIGH,
1,2025-04-24,,,19142.5,,,,66.1,195.75,,,,,,H_ONLY,,,,,296.0,,,,,HIGH,
1,2025-04-29,,,19601.25,,,,44.2,87.25,,,,,,H_ONLY,,,,,197.5,,,,,HIGH,
1,2025-04-30,,,19315.0,,,,189.7,400.75,,,,,,BOTH,,,,,211.25,,,,,HIGH,
1,2025-05-02,,,20180.25,,,,60.1,96.5,,,,,,H_ONLY,,,,,160.5,,,,,HIGH,
1,2025-05-06,,,19909.5,,,,68.5,116.75,,,,,,BOTH,,,,,170.5,,,,,HIGH,
1,2025-05-09,,,20111.75,,,,32.0,53.75,,,,,,BOTH,,,,,168.0,,,,,LOW,
1,2025-05-13,,,21246.5,,,,36.5,100.0,,,,,,H_ONLY,,,,,273.75,,,,,HIGH,
1,2025-05-14,,,21405.25,,,,10.8,14.25,,,,,,BOTH,,,,,131.5,,,,,HIGH,
1,2025-05-15,,,21346.5,,,,185.6,183.25,,,,,,H_ONLY,,,,,98.75,,,,,HIGH,
1,2025-05-19,,,21462.5,,,,31.5,82.0,,,,,,H_ONLY,,,,,260.25,,,,,HIGH,
1,2025-05-22,,,21330.5,,,,3.2,7.0,,,,,,H_ONLY,,,,,216.75,,,,,HIGH,
1,2025-05-23,,,20994.25,,,,51.7,88.75,,,,,,H_ONLY,,,,,171.75,,,,,HIGH,
1,2025-05-27,,,21383.5,,,,55.0,105.0,,,,,,BOTH,,,,,190.75,,,,,HIGH,
1,2025-05-29,,,21380.5,,,,26.6,79.5,,,,,,L_ONLY,,,,,299.25,,,,,LOW,
1,2025-06-02,,,21458.0,,,,38.4,85.75,,,,,,BOTH,,,,,223.25,,,,,HIGH,
1,2025-06-03,,,21638.5,,,,94.2,121.25,,,,,,H_ONLY,,,,,128.75,,,,,HIGH,
1,2025-06-04,,,21793.25,,,,6.4,9.75,,,,,,BOTH,,,,,152.25,,,,,HIGH,
1,2025-06-09,,,21866.25,,,,21.2,24.5,,,,,,BOTH,,,,,115.5,,,,,HIGH,
1,2025-06-19,,,21786.75,,,,0.0,0.0,,,,,,BOTH,,,,,136.5,,,,,HIGH,
1,2025-06-20,,,21888.5,,,,51.0,123.5,,,,,,BOTH,,,,,242.0,,,,,LOW,
1,2025-06-24,,,22333.5,,,,156.1,114.75,,,,,,H_ONLY,,,,,73.5,,,,,HIGH,
1,2025-06-25,,,22463.75,,,,89.1,75.25,,,,,,BOTH,,,,,84.5,,,,,LOW,
1,2025-06-26,,,22575.0,,,,120.2,119.0,,,,,,BOTH,,,,,99.0,,,,,HIGH,
1,2025-06-27,,,22685.25,,,,60.8,85.25,,,,,,BOTH,,,,,140.25,,,,,LOW,
1,2025-07-01,,,22748.75,,,,155.0,154.25,,,,,,BOTH,,,,,99.5,,,,,LOW,
1,2025-07-02,,,22798.25,,,,37.9,55.75,,,,,,H_ONLY,,,,,147.0,,,,,HIGH,
1,2025-07-03,,,23066.0,,,,26.9,36.5,,,,,,H_ONLY,,,,,135.75,,,,,HIGH,
1,2025-07-07,,,22900.5,,,,156.8,120.75,,,,,,L_ONLY,,,,,77.0,,,,,LOW,
1,2025-07-09,,,22978.0,,,,43.5,58.25,,,,,,BOTH,,,,,134.0,,,,,LOW,
1,2025-07-10,,,22901.25,,,,0.0,0.0,,,,,,BOTH,,,,,188.75,,,,,LOW,
1,2025-07-11,,,23004.5,,,,12.0,17.0,,,,,,BOTH,,,,,141.5,,,,,HIGH,
1,2025-07-14,,,22989.25,,,,52.6,77.25,,,,,,BOTH,,,,,147.0,,,,,HIGH,
1,2025-07-15,,,23120.5,,,,68.9,70.5,,,,,,BOTH,,,,,102.25,,,,,LOW,
1,2025-07-17,,,23175.25,,,,95.4,104.5,,,,,,BOTH,,,,,109.5,,,,,HIGH,
1,2025-07-18,,,23186.75,,,,14.0,17.25,,,,,,L_ONLY,,,,,123.25,,,,,LOW,
1,2025-07-21,,,23419.25,,,,3.4,5.5,,,,,,H_ONLY,,,,,164.0,,,,,HIGH,
1,2025-07-23,,,23263.75,,,,52.1,61.0,,,,,,BOTH,,,,,117.0,,,,,HIGH,
1,2025-07-24,,,23401.0,,,,22.9,23.5,,,,,,BOTH,,,,,102.75,,,,,HIGH,
1,2025-07-25,,,23416.0,,,,70.4,60.0,,,,,,BOTH,,,,,85.25,,,,,HIGH,
1,2025-07-29,,,23538.75,,,,103.3,117.5,,,,,,BOTH,,,,,113.75,,,,,LOW,
1,2025-07-31,,,23609.25,,,,212.8,303.75,,,,,,L_ONLY,,,,,142.75,,,,,LOW,
1,2025-08-01,,,22800.0,,,,8.5,25.0,,,,,,L_ONLY,,,,,295.75,,,,,LOW,
1,2025-08-04,,,23264.25,,,,24.5,43.0,,,,,,H_ONLY,,,,,175.5,,,,,HIGH,
1,2025-08-05,,,23261.75,,,,109.4,148.25,,,,,,BOTH,,,,,135.5,,,,,LOW,
1,2025-08-06,,,23285.0,,,,117.4,160.25,,,,,,H_ONLY,,,,,136.5,,,,,HIGH,
1,2025-08-07,,,23542.5,,,,166.1,213.5,,,,,,BOTH,,,,,128.5,,,,,LOW,
1,2025-08-08,,,23683.5,,,,26.4,40.5,,,,,,H_ONLY,,,,,153.5,,,,,HIGH,
1,2025-08-12,,,23808.25,,,,76.1,141.75,,,,,,BOTH,,,,,186.25,,,,,HIGH,
1,2025-08-13,,,23947.0,,,,50.2,61.0,,,,,,BOTH,,,,,121.5,,,,,LOW,
1,2025-08-14,,,23960.25,,,,39.9,47.5,,,,,,H_ONLY,,,,,119.0,,,,,HIGH,
1,2025-08-15,,,23770.25,,,,25.4,35.75,,,,,,L_ONLY,,,,,140.75,,,,,LOW,
1,2025-08-19,,,23623.0,,,,133.6,197.0,,,,,,L_ONLY,,,,,147.5,,,,,LOW,
1,2025-08-20,,,23063.5,,,,7.7,28.5,,,,,,L_ONLY,,,,,368.5,,,,,LOW,
1,2025-08-21,,,23156.0,,,,19.2,37.0,,,,,,BOTH,,,,,192.25,,,,,LOW,
1,2025-08-22,,,23633.0,,,,4.0,17.0,,,,,,BOTH,,,,,427.5,,,,,HIGH,
1,2025-08-26,,,23548.0,,,,43.0,52.0,,,,,,BOTH,,,,,121.0,,,,,HIGH,
1,2025-08-28,,,23742.25,,,,36.2,61.5,,,,,,BOTH,,,,,169.75,,,,,HIGH,
1,2025-08-29,,,23428.0,,,,12.7,30.5,,,,,,L_ONLY,,,,,240.0,,,,,LOW,
1,2025-09-02,,,23280.0,,,,4.0,10.25,,,,,,BOTH,,,,,254.75,,,,,HIGH,
1,2025-09-04,,,23548.25,,,,95.5,132.0,,,,,,BOTH,,,,,138.25,,,,,HIGH,
1,2025-09-05,,,23628.5,,,,45.2,123.5,,,,,,BOTH,,,,,273.5,,,,,LOW,
1,2025-09-10,,,23900.25,,,,115.0,115.25,,,,,,L_ONLY,,,,,100.25,,,,,LOW,
1,2025-09-11,,,24004.0,,,,44.6,42.0,,,,,,H_ONLY,,,,,94.25,,,,,HIGH,
1,2025-09-12,,,24076.25,,,,110.7,82.75,,,,,,BOTH,,,,,74.75,,,,,HIGH,
1,2025-09-15,,,24265.25,,,,54.3,50.25,,,,,,H_ONLY,,,,,92.5,,,,,HIGH,
1,2025-09-16,,,24279.5,,,,27.9,21.25,,,,,,L_ONLY,,,,,76.25,,,,,LOW,
1,2025-09-22,,,24906.0,,,,132.2,121.25,,,,,,H_ONLY,,,,,91.75,,,,,HIGH,
1,2025-09-23,,,24929.5,,,,185.7,149.0,,,,,,L_ONLY,,,,,80.25,,,,,LOW,
1,2025-09-24,,,24784.5,,,,137.3,157.5,,,,,,BOTH,,,,,114.75,,,,,LOW,
1,2025-09-25,,,24641.75,,,,25.1,55.0,,,,,,BOTH,,,,,219.25,,,,,HIGH,
1,2025-09-26,,,24733.25,,,,1.8,3.75,,,,,,L_ONLY,,,,,213.25,,,,,HIGH,
1,2025-09-29,,,24848.25,,,,53.2,67.75,,,,,,BOTH,,,,,127.25,,,,,LOW,
1,2025-09-30,,,24831.0,,,,76.1,82.75,,,,,,BOTH,,,,,108.75,,,,,HIGH,
1,2025-10-01,,,24893.0,,,,86.1,143.75,,,,,,BOTH,,,,,167.0,,,,,HIGH,
1,2025-10-03,,,25051.0,,,,109.2,127.75,,,,,,BOTH,,,,,117.0,,,,,LOW,
1,2025-10-07,,,25207.5,,,,389.1,222.75,,,,,,L_ONLY,,,,,57.25,,,,,LOW,
1,2025-10-08,,,25231.0,,,,72.1,113.25,,,,,,H_ONLY,,,,,157.0,,,,,HIGH,
1,2025-10-10,,,25293.5,,,,962.2,909.25,,,,,,BOTH,,,,,94.5,,,,,LOW,
1,2025-10-13,,,24913.5,,,,27.2,51.5,,,,,,BOTH,,,,,189.0,,,,,HIGH,
1,2025-10-14,,,24725.0,,,,73.2,222.5,,,,,,BOTH,,,,,304.0,,,,,HIGH,
1,2025-10-17,,,24960.75,,,,33.0,95.0,,,,,,BOTH,,,,,288.25,,,,,HIGH,
1,2025-10-20,,,25283.5,,,,42.1,71.0,,,,,,H_ONLY,,,,,168.75,,,,,HIGH,
1,2025-10-22,,,25114.25,,,,176.9,309.5,,,,,,BOTH,,,,,175.0,,,,,LOW,
1,2025-10-23,,,25179.75,,,,59.9,108.25,,,,,,H_ONLY,,,,,180.75,,,,,HIGH,
1,2025-10-24,,,25548.75,,,,18.5,22.0,,,,,,H_ONLY,,,,,119.0,,,,,HIGH,
1,2025-10-27,,,25875.75,,,,133.1,105.5,,,,,,BOTH,,,,,79.25,,,,,HIGH,
1,2025-10-31,,,26060.0,,,,122.8,171.25,,,,,,L_ONLY,,,,,139.5,,,,,LOW,
1,2025-11-03,,,26033.0,,,,7.5,17.5,,,,,,BOTH,,,,,233.0,,,,,LOW,
1,2025-11-04,,,25663.0,,,,51.6,119.0,,,,,,BOTH,,,,,230.5,,,,,LOW,
1,2025-11-05,,,25718.5,,,,70.1,161.5,,,,,,BOTH,,,,,230.5,,,,,HIGH,
1,2025-11-06,,,25404.5,,,,73.5,206.75,,,,,,L_ONLY,,,,,281.25,,,,,LOW,
1,2025-11-12,,,25561.5,,,,33.2,72.75,,,,,,L_ONLY,,,,,219.25,,,,,LOW,
1,2025-11-13,,,25280.25,,,,125.3,277.75,,,,,,L_ONLY,,,,,221.75,,,,,LOW,
1,2025-11-14,,,25028.5,,,,65.8,264.75,,,,,,BOTH,,,,,402.5,,,,,HIGH,
1,2025-11-17,,,24955.0,,,,74.7,223.25,,,,,,BOTH,,,,,299.0,,,,,LOW,
1,2025-11-18,,,24430.0,,,,13.4,53.75,,,,,,BOTH,,,,,402.0,,,,,LOW,
1,2025-11-24,,,24769.75,,,,88.4,223.75,,,,,,H_ONLY,,,,,253.0,,,,,HIGH,
1,2025-11-25,,,24879.5,,,,92.2,255.75,,,,,,BOTH,,,,,277.5,,,,,HIGH,
1,2025-11-26,,,25280.25,,,,65.4,95.75,,,,,,BOTH,,,,,146.5,,,,,HIGH,
1,2025-11-28,,,25422.0,,,,85.4,77.75,,,,,,BOTH,,,,,91.0,,,,,HIGH,
1,2025-12-01,,,25389.0,,,,59.4,106.75,,,,,,BOTH,,,,,179.75,,,,,HIGH,
1,2025-12-03,,,25574.5,,,,76.6,110.75,,,,,,H_ONLY,,,,,144.5,,,,,HIGH,
1,2025-12-05,,,25673.5,,,,11.4,22.25,,,,,,H_ONLY,,,,,194.5,,,,,LOW,
1,2025-12-08,,,25657.0,,,,45.3,92.25,,,,,,BOTH,,,,,203.75,,,,,LOW,
1,2025-12-09,,,25670.0,,,,59.8,65.75,,,,,,BOTH,,,,,110.0,,,,,HIGH,
1,2025-12-11,,,25650.25,,,,27.9,72.5,,,,,,BOTH,,,,,260.0,,,,,HIGH,
1,2025-12-12,,,25315.0,,,,64.7,197.0,,,,,,L_ONLY,,,,,304.5,,,,,LOW,
1,2025-12-17,,,25245.5,,,,176.9,357.75,,,,,,L_ONLY,,,,,202.25,,,,,LOW,
1,2025-12-18,,,25337.75,,,,42.4,74.75,,,,,,H_ONLY,,,,,176.5,,,,,HIGH,
1,2025-12-22,,,25672.25,,,,36.1,44.25,,,,,,BOTH,,,,,122.5,,,,,LOW,
1,2025-12-23,,,25751.25,,,,56.3,69.25,,,,,,H_ONLY,,,,,123.0,,,,,HIGH,
1,2025-12-24,,,25840.75,,,,90.3,51.25,,,,,,BOTH,,,,,56.75,,,,,HIGH,
1,2025-12-29,,,25661.75,,,,8.7,13.75,,,,,,BOTH,,,,,157.25,,,,,LOW,
1,2025-12-31,,,25568.0,,,,99.6,123.5,,,,,,L_ONLY,,,,,124.0,,,,,LOW,
1,2026-01-02,,,25457.25,,,,55.4,192.0,,,,,,BOTH,,,,,346.5,,,,,LOW,
1,2026-01-05,,,25683.75,,,,16.7,24.25,,,,,,H_ONLY,,,,,145.25,,,,,HIGH,
1,2026-01-06,,,25779.0,,,,34.4,58.75,,,,,,H_ONLY,,,,,171.0,,,,,HIGH,
1,2026-01-09,,,25860.75,,,,50.9,124.75,,,,,,BOTH,,,,,245.25,,,,,HIGH,
1,2026-01-12,,,25933.5,,,,45.8,87.0,,,,,,H_ONLY,,,,,190.0,,,,,HIGH,
1,2026-01-13,,,25812.0,,,,3.8,8.75,,,,,,L_ONLY,,,,,230.75,,,,,LOW,
1,2026-01-14,,,25530.5,,,,42.3,109.75,,,,,,L_ONLY,,,,,259.75,,,,,LOW,
1,2026-01-15,,,25841.5,,,,148.3,165.0,,,,,,BOTH,,,,,111.25,,,,,LOW,
1,2026-01-16,,,25663.75,,,,31.8,72.25,,,,,,BOTH,,,,,227.25,,,,,LOW,
1,2026-01-19,,,25344.0,,,,68.1,73.25,,,,,,BOTH,,,,,107.5,,,,,HIGH,
1,2026-01-21,,,25386.75,,,,102.9,266.75,,,,,,H_ONLY,,,,,259.25,,,,,HIGH,
1,2026-01-23,,,25763.5,,,,40.9,82.25,,,,,,H_ONLY,,,,,201.0,,,,,HIGH,
1,2026-01-26,,,25886.5,,,,27.4,50.0,,,,,,H_ONLY,,,,,182.25,,,,,HIGH,
1,2026-01-27,,,26074.75,,,,25.1,39.5,,,,,,BOTH,,,,,157.5,,,,,HIGH,
1,2026-01-28,,,26205.0,,,,108.6,104.25,,,,,,BOTH,,,,,96.0,,,,,LOW,
1,2026-01-29,,,25718.25,,,,39.9,182.25,,,,,,L_ONLY,,,,,456.75,,,,,LOW,
1,2026-01-30,,,25790.75,,,,148.7,222.0,,,,,,BOTH,,,,,149.25,,,,,LOW,
1,2026-02-02,,,25912.25,,,,10.0,37.25,,,,,,H_ONLY,,,,,372.5,,,,,HIGH,
1,2026-02-03,,,25470.25,,,,52.1,251.25,,,,,,L_ONLY,,,,,482.0,,,,,LOW,
1,2026-02-04,,,25108.0,,,,115.1,324.5,,,,,,L_ONLY,,,,,282.0,,,,,LOW,
1,2026-02-05,,,24550.0,,,,1.6,6.75,,,,,,BOTH,,,,,410.75,,,,,LOW,
1,2026-02-06,,,24984.0,,,,84.0,238.0,,,,,,BOTH,,,,,283.25,,,,,HIGH,
1,2026-02-09,,,25254.0,,,,58.5,174.75,,,,,,BOTH,,,,,298.5,,,,,HIGH,
1,2026-02-10,,,25255.75,,,,30.0,57.5,,,,,,BOTH,,,,,191.5,,,,,LOW,
1,2026-02-12,,,25169.75,,,,201.2,448.25,,,,,,L_ONLY,,,,,222.75,,,,,LOW,
1,2026-02-13,,,24870.5,,,,42.8,125.0,,,,,,BOTH,,,,,291.75,,,,,HIGH,
1,2026-02-18,,,25074.0,,,,16.8,54.25,,,,,,BOTH,,,,,322.0,,,,,HIGH,
1,2026-02-20,,,25083.0,,,,14.0,56.5,,,,,,BOTH,,,,,404.5,,,,,HIGH,
1,2026-02-23,,,24840.5,,,,86.5,172.5,,,,,,BOTH,,,,,199.5,,,,,LOW,
1,2026-02-24,,,25014.5,,,,20.1,64.25,,,,,,BOTH,,,,,320.0,,,,,HIGH,
1,2026-02-25,,,25361.75,,,,17.0,34.75,,,,,,H_ONLY,,,,,205.0,,,,,HIGH,
1,2026-02-26,,,24885.0,,,,5.1,23.25,,,,,,L_ONLY,,,,,457.0,,,,,LOW,
1,2026-02-27,,,24997.5,,,,18.2,39.25,,,,,,BOTH,,,,,215.5,,,,,HIGH,
1,2026-03-02,,,24947.75,,,,44.7,153.25,,,,,,H_ONLY,,,,,342.75,,,,,HIGH,
1,2026-03-03,,,24661.25,,,,61.0,188.75,,,,,,BOTH,,,,,309.25,,,,,HIGH,
1,2026-03-04,,,25146.25,,,,22.3,71.5,,,,,,BOTH,,,,,320.25,,,,,HIGH,
1,2026-03-05,,,24985.25,,,,94.8,212.75,,,,,,BOTH,,,,,224.5,,,,,LOW,
1,2026-03-09,,,24525.25,,,,251.0,532.75,,,,,,BOTH,,,,,212.25,,,,,HIGH,
1,2026-03-10,,,25081.75,,,,71.6,135.75,,,,,,H_ONLY,,,,,189.5,,,,,HIGH,
1,2026-03-11,,,24978.75,,,,52.3,105.25,,,,,,BOTH,,,,,201.25,,,,,LOW,
1,2026-03-12,,,24616.75,,,,34.0,74.0,,,,,,L_ONLY,,,,,217.75,,,,,LOW,
1,2026-03-13,,,24611.0,,,,134.1,260.5,,,,,,BOTH,,,,,194.25,,,,,LOW,
2,2021-09-17,10,10:35,,,,LOW,,,,,,,,L_ONLY,,,,,,,,,,,
2,2021-09-23,13,13:30,,,,HIGH,,,,,,,,H_ONLY,,,,,,,,,,,
2,2021-09-24,12,12:10,,,,HIGH,,,,,,,,H_ONLY,,,,,,,,,,,
2,2021-10-04,10,10:30,,,,LOW,,,,,,,,L_ONLY,,,,,,,,,,,
2,2021-10-05,10,10:30,,,,HIGH,,,,,,,,H_ONLY,,,,,,,,,,,
2,2021-10-08,10,10:40,,,,LOW,,,,,,,,L_ONLY,,,,,,,,,,,
2,2021-10-12,10,10:35,,,,LOW,,,,,,,,L_ONLY,,,,,,,,,,,
2,2021-10-18,10,10:50,,,,HIGH,,,,,,,,H_ONLY,,,,,,,,,,,
2,2021-10-21,10,10:30,,,,HIGH,,,,,,,,H_ONLY,,,,,,,,,,,
2,2021-10-27,10,10:50,,,,HIGH,,,,,,,,H_ONLY,,,,,,,,,,,
2,2021-10-29,10,10:50,,,,HIGH,,,,,,,,H_ONLY,,,,,,,,,,,
2,2021-11-11,10,10:30,,,,LOW,,,,,,,,L_ONLY,,,,,,,,,,,
2,2021-11-15,10,10:30,,,,LOW,,,,,,,,L_ONLY,,,,,,,,,,,
2,2021-11-16,11,11:10,,,,HIGH,,,,,,,,H_ONLY,,,,,,,,,,,
2,2021-11-29,11,11:25,,,,HIGH,,,,,,,,H_ONLY,,,,,,,,,,,
2,2021-12-03,10,10:35,,,,LOW,,,,,,,,L_ONLY,,,,,,,,,,,
2,2021-12-07,10,10:35,,,,HIGH,,,,,,,,H_ONLY,,,,,,,,,,,
2,2021-12-13,10,10:30,,,,LOW,,,,,,,,L_ONLY,,,,,,,,,,,
2,2021-12-14,10,10:45,,,,LOW,,,,,,,,L_ONLY,,,,,,,,,,,
2,2021-12-16,11,11:00,,,,LOW,,,,,,,,L_ONLY,,,,,,,,,,,
2,2021-12-22,10,10:35,,,,HIGH,,,,,,,,H_ONLY,,,,,,,,,,,
2,2021-12-23,10,10:30,,,,HIGH,,,,,,,,H_ONLY,,,,,,,,,,,
2,2021-12-28,12,12:30,,,,LOW,,,,,,,,L_ONLY,,,,,,,,,,,
2,2022-01-04,10,10:30,,,,LOW,,,,,,,,L_ONLY,,,,,,,,,,,
2,2022-01-14,15,15:35,,,,HIGH,,,,,,,,H_ONLY,,,,,,,,,,,
2,2022-02-02,10,10:35,,,,LOW,,,,,,,,L_ONLY,,,,,,,,,,,
2,2022-02-04,13,13:00,,,,HIGH,,,,,,,,H_ONLY,,,,,,,,,,,
2,2022-02-17,10,10:30,,,,LOW,,,,,,,,L_ONLY,,,,,,,,,,,
2,2022-02-21,10,10:45,,,,LOW,,,,,,,,L_ONLY,,,,,,,,,,,
2,2022-02-24,10,10:55,,,,HIGH,,,,,,,,H_ONLY,,,,,,,,,,,
2,2022-03-03,10,10:35,,,,LOW,,,,,,,,L_ONLY,,,,,,,,,,,
2,2022-03-04,10,10:30,,,,LOW,,,,,,,,L_ONLY,,,,,,,,,,,
2,2022-03-11,10,10:30,,,,LOW,,,,,,,,L_ONLY,,,,,,,,,,,
2,2022-03-18,11,11:05,,,,HIGH,,,,,,,,H_ONLY,,,,,,,,,,,
2,2022-03-22,10,10:30,,,,HIGH,,,,,,,,H_ONLY,,,,,,,,,,,
2,2022-04-01,11,11:35,,,,LOW,,,,,,,,L_ONLY,,,,,,,,,,,
2,2022-04-04,10,10:35,,,,HIGH,,,,,,,,H_ONLY,,,,,,,,,,,
2,2022-04-12,10,10:45,,,,LOW,,,,,,,,L_ONLY,,,,,,,,,,,
2,2022-04-20,11,11:15,,,,LOW,,,,,,,,L_ONLY,,,,,,,,,,,
2,2022-04-22,11,11:35,,,,LOW,,,,,,,,L_ONLY,,,,,,,,,,,
2,2022-04-26,10,10:35,,,,LOW,,,,,,,,L_ONLY,,,,,,,,,,,
2,2022-05-05,10,10:30,,,,LOW,,,,,,,,L_ONLY,,,,,,,,,,,
2,2022-05-18,10,10:30,,,,LOW,,,,,,,,L_ONLY,,,,,,,,,,,
2,2022-05-19,11,11:35,,,,HIGH,,,,,,,,H_ONLY,,,,,,,,,,,
2,2022-05-20,10,10:50,,,,LOW,,,,,,,,L_ONLY,,,,,,,,,,,
2,2022-05-25,10,10:30,,,,HIGH,,,,,,,,H_ONLY,,,,,,,,,,,
2,2022-05-27,10,10:30,,,,HIGH,,,,,,,,H_ONLY,,,,,,,,,,,
2,2022-06-03,10,10:35,,,,LOW,,,,,,,,L_ONLY,,,,,,,,,,,
2,2022-06-10,11,11:05,,,,LOW,,,,,,,,L_ONLY,,,,,,,,,,,
2,2022-06-16,10,10:35,,,,LOW,,,,,,,,L_ONLY,,,,,,,,,,,
2,2022-06-22,10,10:30,,,,HIGH,,,,,,,,H_ONLY,,,,,,,,,,,
2,2022-06-24,15,15:50,,,,HIGH,,,,,,,,H_ONLY,,,,,,,,,,,
2,2022-07-07,10,10:45,,,,HIGH,,,,,,,,H_ONLY,,,,,,,,,,,
2,2022-07-08,10,10:30,,,,HIGH,,,,,,,,H_ONLY,,,,,,,,,,,
2,2022-07-11,20,20:45,,,,LOW,,,,,,,,L_ONLY,,,,,,,,,,,
2,2022-07-15,11,11:15,,,,HIGH,,,,,,,,H_ONLY,,,,,,,,,,,
2,2022-07-19,10,10:30,,,,HIGH,,,,,,,,H_ONLY,,,,,,,,,,,
2,2022-07-20,10,10:30,,,,HIGH,,,,,,,,H_ONLY,,,,,,,,,,,
2,2022-07-25,14,14:55,,,,LOW,,,,,,,,L_ONLY,,,,,,,,,,,
2,2022-07-27,11,11:00,,,,HIGH,,,,,,,,H_ONLY,,,,,,,,,,,
2,2022-08-03,11,11:10,,,,HIGH,,,,,,,,H_ONLY,,,,,,,,,,,
2,2022-08-05,11,11:25,,,,LOW,,,,,,,,L_ONLY,,,,,,,,,,,
2,2022-08-09,12,12:25,,,,LOW,,,,,,,,L_ONLY,,,,,,,,,,,
2,2022-08-10,11,11:00,,,,HIGH,,,,,,,,H_ONLY,,,,,,,,,,,
2,2022-08-15,11,11:40,,,,HIGH,,,,,,,,H_ONLY,,,,,,,,,,,
2,2022-08-26,10,10:30,,,,LOW,,,,,,,,L_ONLY,,,,,,,,,,,
2,2022-09-05,10,10:30,,,,HIGH,,,,,,,,H_ONLY,,,,,,,,,,,
2,2022-09-06,20,20:20,,,,LOW,,,,,,,,L_ONLY,,,,,,,,,,,
2,2022-09-07,11,11:10,,,,HIGH,,,,,,,,H_ONLY,,,,,,,,,,,
2,2022-09-09,10,10:35,,,,HIGH,,,,,,,,H_ONLY,,,,,,,,,,,
2,2022-09-12,16,16:00,,,,HIGH,,,,,,,,H_ONLY,,,,,,,,,,,
2,2022-09-13,10,10:30,,,,LOW,,,,,,,,L_ONLY,,,,,,,,,,,
2,2022-09-19,10,10:35,,,,HIGH,,,,,,,,H_ONLY,,,,,,,,,,,
2,2022-09-23,11,11:45,,,,LOW,,,,,,,,L_ONLY,,,,,,,,,,,
2,2022-09-28,10,10:30,,,,HIGH,,,,,,,,H_ONLY,,,,,,,,,,,
2,2022-09-29,10,10:35,,,,LOW,,,,,,,,L_ONLY,,,,,,,,,,,
2,2022-10-04,10,10:40,,,,HIGH,,,,,,,,H_ONLY,,,,,,,,,,,
2,2022-10-07,11,11:15,,,,LOW,,,,,,,,L_ONLY,,,,,,,,,,,
2,2022-10-10,10,10:35,,,,LOW,,,,,,,,L_ONLY,,,,,,,,,,,
2,2022-10-14,10,10:40,,,,LOW,,,,,,,,L_ONLY,,,,,,,,,,,
2,2022-10-17,11,11:50,,,,HIGH,,,,,,,,H_ONLY,,,,,,,,,,,
2,2022-10-21,12,12:00,,,,HIGH,,,,,,,,H_ONLY,,,,,,,,,,,
2,2022-10-28,10,10:30,,,,HIGH,,,,,,,,H_ONLY,,,,,,,,,,,
2,2022-11-09,10,10:30,,,,LOW,,,,,,,,L_ONLY,,,,,,,,,,,
2,2022-11-10,11,11:30,,,,HIGH,,,,,,,,H_ONLY,,,,,,,,,,,
2,2022-11-15,10,10:50,,,,LOW,,,,,,,,L_ONLY,,,,,,,,,,,
2,2022-11-16,10,10:50,,,,LOW,,,,,,,,L_ONLY,,,,,,,,,,,
2,2022-11-17,11,11:55,,,,HIGH,,,,,,,,H_ONLY,,,,,,,,,,,
2,2022-11-18,10,10:55,,,,LOW,,,,,,,,L_ONLY,,,,,,,,,,,
2,2022-12-02,11,11:40,,,,HIGH,,,,,,,,H_ONLY,,,,,,,,,,,
2,2022-12-06,10,10:35,,,,LOW,,,,,,,,L_ONLY,,,,,,,,,,,
2,2022-12-13,10,10:30,,,,LOW,,,,,,,,L_ONLY,,,,,,,,,,,
2,2022-12-15,10,10:30,,,,LOW,,,,,,,,L_ONLY,,,,,,,,,,,
2,2022-12-19,11,11:00,,,,LOW,,,,,,,,L_ONLY,,,,,,,,,,,
2,2022-12-22,10,10:30,,,,LOW,,,,,,,,L_ONLY,,,,,,,,,,,
2,2022-12-27,19,19:50,,,,LOW,,,,,,,,L_ONLY,,,,,,,,,,,
2,2022-12-29,10,10:35,,,,HIGH,,,,,,,,H_ONLY,,,,,,,,,,,
2,2023-01-05,15,15:50,,,,LOW,,,,,,,,L_ONLY,,,,,,,,,,,
2,2023-01-06,10,10:35,,,,HIGH,,,,,,,,H_ONLY,,,,,,,,,,,
2,2023-01-13,10,10:30,,,,HIGH,,,,,,,,H_ONLY,,,,,,,,,,,
2,2023-01-27,11,11:40,,,,HIGH,,,,,,,,H_ONLY,,,,,,,,,,,
2,2023-01-31,10,10:30,,,,HIGH,,,,,,,,H_ONLY,,,,,,,,,,,
2,2023-02-03,10,10:35,,,,HIGH,,,,,,,,H_ONLY,,,,,,,,,,,
2,2023-02-23,10,10:30,,,,LOW,,,,,,,,L_ONLY,,,,,,,,,,,
2,2023-02-24,10,10:40,,,,LOW,,,,,,,,L_ONLY,,,,,,,,,,,
2,2023-03-02,10,10:30,,,,HIGH,,,,,,,,H_ONLY,,,,,,,,,,,
2,2023-03-03,10,10:30,,,,HIGH,,,,,,,,H_ONLY,,,,,,,,,,,
2,2023-03-07,13,13:45,,,,LOW,,,,,,,,L_ONLY,,,,,,,,,,,
2,2023-03-13,10,10:55,,,,HIGH,,,,,,,,H_ONLY,,,,,,,,,,,
2,2023-03-31,10,10:30,,,,HIGH,,,,,,,,H_ONLY,,,,,,,,,,,
2,2023-04-05,10,10:30,,,,LOW,,,,,,,,L_ONLY,,,,,,,,,,,
2,2023-04-11,10,10:40,,,,LOW,,,,,,,,L_ONLY,,,,,,,,,,,
2,2023-04-12,10,10:55,,,,LOW,,,,,,,,L_ONLY,,,,,,,,,,,
2,2023-04-13,11,11:05,,,,HIGH,,,,,,,,H_ONLY,,,,,,,,,,,
2,2023-04-18,10,10:30,,,,LOW,,,,,,,,L_ONLY,,,,,,,,,,,
2,2023-04-19,10,10:35,,,,HIGH,,,,,,,,H_ONLY,,,,,,,,,,,
2,2023-04-27,10,10:30,,,,HIGH,,,,,,,,H_ONLY,,,,,,,,,,,
2,2023-04-28,10,10:30,,,,HIGH,,,,,,,,H_ONLY,,,,,,,,,,,
2,2023-05-05,10,10:30,,,,HIGH,,,,,,,,H_ONLY,,,,,,,,,,,
2,2023-05-16,10,10:30,,,,HIGH,,,,,,,,H_ONLY,,,,,,,,,,,
2,2023-05-18,10,10:30,,,,HIGH,,,,,,,,H_ONLY,,,,,,,,,,,
2,2023-05-22,19,19:20,,,,HIGH,,,,,,,,H_ONLY,,,,,,,,,,,
2,2023-05-26,10,10:30,,,,HIGH,,,,,,,,H_ONLY,,,,,,,,,,,
2,2023-06-08,10,10:30,,,,HIGH,,,,,,,,H_ONLY,,,,,,,,,,,
2,2023-06-15,10,10:45,,,,HIGH,,,,,,,,H_ONLY,,,,,,,,,,,
2,2023-06-29,10,10:45,,,,LOW,,,,,,,,L_ONLY,,,,,,,,,,,
2,2023-07-05,10,10:35,,,,HIGH,,,,,,,,H_ONLY,,,,,,,,,,,
2,2023-07-13,11,11:40,,,,HIGH,,,,,,,,H_ONLY,,,,,,,,,,,
2,2023-07-17,11,11:25,,,,HIGH,,,,,,,,H_ONLY,,,,,,,,,,,
2,2023-07-25,11,11:35,,,,HIGH,,,,,,,,H_ONLY,,,,,,,,,,,
2,2023-08-02,10,10:45,,,,LOW,,,,,,,,L_ONLY,,,,,,,,,,,
2,2023-08-03,11,11:15,,,,HIGH,,,,,,,,H_ONLY,,,,,,,,,,,
2,2023-08-09,10,10:40,,,,LOW,,,,,,,,L_ONLY,,,,,,,,,,,
2,2023-08-11,11,11:30,,,,LOW,,,,,,,,L_ONLY,,,,,,,,,,,
2,2023-08-17,10,10:30,,,,LOW,,,,,,,,L_ONLY,,,,,,,,,,,
2,2023-08-22,10,10:30,,,,LOW,,,,,,,,L_ONLY,,,,,,,,,,,
2,2023-08-23,10,10:40,,,,HIGH,,,,,,,,H_ONLY,,,,,,,,,,,
2,2023-08-24,10,10:30,,,,LOW,,,,,,,,L_ONLY,,,,,,,,,,,
2,2023-08-29,10,10:30,,,,HIGH,,,,,,,,H_ONLY,,,,,,,,,,,
2,2023-08-31,10,10:30,,,,HIGH,,,,,,,,H_ONLY,,,,,,,,,,,
2,2023-09-01,10,10:55,,,,LOW,,,,,,,,L_ONLY,,,,,,,,,,,
2,2023-09-05,10,10:45,,,,HIGH,,,,,,,,H_ONLY,,,,,,,,,,,
2,2023-09-13,10,10:40,,,,HIGH,,,,,,,,H_ONLY,,,,,,,,,,,
2,2023-09-15,10,10:45,,,,LOW,,,,,,,,L_ONLY,,,,,,,,,,,
2,2023-09-20,10,10:55,,,,LOW,,,,,,,,L_ONLY,,,,,,,,,,,
2,2023-09-25,11,11:15,,,,HIGH,,,,,,,,H_ONLY,,,,,,,,,,,
2,2023-09-26,12,12:05,,,,LOW,,,,,,,,L_ONLY,,,,,,,,,,,
2,2023-10-02,11,11:15,,,,HIGH,,,,,,,,H_ONLY,,,,,,,,,,,
2,2023-10-05,10,10:35,,,,LOW,,,,,,,,L_ONLY,,,,,,,,,,,
2,2023-10-06,10,10:30,,,,HIGH,,,,,,,,H_ONLY,,,,,,,,,,,
2,2023-10-10,10,10:30,,,,HIGH,,,,,,,,H_ONLY,,,,,,,,,,,
2,2023-10-16,10,10:30,,,,HIGH,,,,,,,,H_ONLY,,,,,,,,,,,
2,2023-10-25,11,11:40,,,,LOW,,,,,,,,L_ONLY,,,,,,,,,,,
2,2023-11-01,10,10:30,,,,HIGH,,,,,,,,H_ONLY,,,,,,,,,,,
2,2023-11-03,12,12:15,,,,HIGH,,,,,,,,H_ONLY,,,,,,,,,,,
2,2023-11-10,11,11:00,,,,HIGH,,,,,,,,H_ONLY,,,,,,,,,,,
2,2023-11-14,10,10:30,,,,HIGH,,,,,,,,H_ONLY,,,,,,,,,,,
2,2023-11-20,11,11:00,,,,HIGH,,,,,,,,H_ONLY,,,,,,,,,,,
2,2023-11-30,10,10:35,,,,LOW,,,,,,,,L_ONLY,,,,,,,,,,,
2,2023-12-05,10,10:45,,,,HIGH,,,,,,,,H_ONLY,,,,,,,,,,,
2,2023-12-07,10,10:30,,,,HIGH,,,,,,,,H_ONLY,,,,,,,,,,,
2,2023-12-08,14,14:40,,,,HIGH,,,,,,,,H_ONLY,,,,,,,,,,,
2,2023-12-11,10,10:45,,,,HIGH,,,,,,,,H_ONLY,,,,,,,,,,,
2,2023-12-18,11,11:30,,,,HIGH,,,,,,,,H_ONLY,,,,,,,,,,,
2,2023-12-26,10,10:35,,,,HIGH,,,,,,,,H_ONLY,,,,,,,,,,,
2,2023-12-28,13,13:00,,,,LOW,,,,,,,,L_ONLY,,,,,,,,,,,
2,2024-01-02,10,10:30,,,,LOW,,,,,,,,L_ONLY,,,,,,,,,,,
2,2024-01-08,10,10:30,,,,HIGH,,,,,,,,H_ONLY,,,,,,,,,,,
2,2024-01-09,10,10:35,,,,HIGH,,,,,,,,H_ONLY,,,,,,,,,,,
2,2024-01-11,11,11:10,,,,LOW,,,,,,,,L_ONLY,,,,,,,,,,,
2,2024-02-08,10,10:45,,,,HIGH,,,,,,,,H_ONLY,,,,,,,,,,,
2,2024-02-16,16,16:15,,,,LOW,,,,,,,,L_ONLY,,,,,,,,,,,
2,2024-02-27,12,12:50,,,,LOW,,,,,,,,L_ONLY,,,,,,,,,,,
2,2024-03-01,10,10:55,,,,HIGH,,,,,,,,H_ONLY,,,,,,,,,,,
2,2024-03-05,10,10:30,,,,LOW,,,,,,,,L_ONLY,,,,,,,,,,,
2,2024-03-13,11,11:40,,,,LOW,,,,,,,,L_ONLY,,,,,,,,,,,
2,2024-03-14,15,15:05,,,,LOW,,,,,,,,L_ONLY,,,,,,,,,,,
2,2024-03-15,12,12:15,,,,LOW,,,,,,,,L_ONLY,,,,,,,,,,,
2,2024-03-22,12,12:00,,,,HIGH,,,,,,,,H_ONLY,,,,,,,,,,,
2,2024-04-03,10,10:30,,,,HIGH,,,,,,,,H_ONLY,,,,,,,,,,,
2,2024-04-05,10,10:45,,,,HIGH,,,,,,,,H_ONLY,,,,,,,,,,,
2,2024-04-11,11,11:15,,,,HIGH,,,,,,,,H_ONLY,,,,,,,,,,,
2,2024-04-12,10,10:30,,,,LOW,,,,,,,,L_ONLY,,,,,,,,,,,
2,2024-04-15,10,10:35,,,,LOW,,,,,,,,L_ONLY,,,,,,,,,,,
2,2024-04-17,10,10:50,,,,LOW,,,,,,,,L_ONLY,,,,,,,,,,,
2,2024-04-19,11,11:15,,,,LOW,,,,,,,,L_ONLY,,,,,,,,,,,
2,2024-04-23,10,10:30,,,,HIGH,,,,,,,,H_ONLY,,,,,,,,,,,
2,2024-05-08,10,10:30,,,,HIGH,,,,,,,,H_ONLY,,,,,,,,,,,
2,2024-05-14,14,14:10,,,,HIGH,,,,,,,,H_ONLY,,,,,,,,,,,
2,2024-05-15,10,10:30,,,,HIGH,,,,,,,,H_ONLY,,,,,,,,,,,
2,2024-05-23,10,10:50,,,,LOW,,,,,,,,L_ONLY,,,,,,,,,,,
2,2024-05-24,10,10:30,,,,HIGH,,,,,,,,H_ONLY,,,,,,,,,,,
2,2024-05-30,10,10:35,,,,LOW,,,,,,,,L_ONLY,,,,,,,,,,,
2,2024-05-31,10,10:30,,,,LOW,,,,,,,,L_ONLY,,,,,,,,,,,
2,2024-06-05,10,10:30,,,,HIGH,,,,,,,,H_ONLY,,,,,,,,,,,
2,2024-06-06,14,14:05,,,,LOW,,,,,,,,L_ONLY,,,,,,,,,,,
2,2024-06-07,10,10:35,,,,HIGH,,,,,,,,H_ONLY,,,,,,,,,,,
2,2024-06-12,10,10:30,,,,HIGH,,,,,,,,H_ONLY,,,,,,,,,,,
2,2024-06-13,12,12:20,,,,LOW,,,,,,,,L_ONLY,,,,,,,,,,,
2,2024-06-14,13,13:10,,,,HIGH,,,,,,,,H_ONLY,,,,,,,,,,,
2,2024-06-20,12,12:20,,,,LOW,,,,,,,,L_ONLY,,,,,,,,,,,
2,2024-07-02,10,10:40,,,,HIGH,,,,,,,,H_ONLY,,,,,,,,,,,
2,2024-07-03,10,10:40,,,,HIGH,,,,,,,,H_ONLY,,,,,,,,,,,
2,2024-07-05,10,10:45,,,,HIGH,,,,,,,,H_ONLY,,,,,,,,,,,
2,2024-07-11,10,10:40,,,,LOW,,,,,,,,L_ONLY,,,,,,,,,,,
2,2024-07-12,10,10:30,,,,HIGH,,,,,,,,H_ONLY,,,,,,,,,,,
2,2024-07-17,11,11:05,,,,LOW,,,,,,,,L_ONLY,,,,,,,,,,,
2,2024-07-18,10,10:30,,,,LOW,,,,,,,,L_ONLY,,,,,,,,,,,
2,2024-07-31,10,10:30,,,,HIGH,,,,,,,,H_ONLY,,,,,,,,,,,
2,2024-08-05,11,11:05,,,,HIGH,,,,,,,,H_ONLY,,,,,,,,,,,
2,2024-08-08,10,10:30,,,,HIGH,,,,,,,,H_ONLY,,,,,,,,,,,
2,2024-08-09,11,11:05,,,,HIGH,,,,,,,,H_ONLY,,,,,,,,,,,
2,2024-08-13,10,10:45,,,,HIGH,,,,,,,,H_ONLY,,,,,,,,,,,
2,2024-08-15,10,10:35,,,,HIGH,,,,,,,,H_ONLY,,,,,,,,,,,
2,2024-08-16,12,12:10,,,,HIGH,,,,,,,,H_ONLY,,,,,,,,,,,
2,2024-09-03,10,10:30,,,,LOW,,,,,,,,L_ONLY,,,,,,,,,,,
2,2024-09-06,10,10:30,,,,LOW,,,,,,,,L_ONLY,,,,,,,,,,,
2,2024-09-26,10,10:30,,,,LOW,,,,,,,,L_ONLY,,,,,,,,,,,
2,2024-09-27,10,10:30,,,,LOW,,,,,,,,L_ONLY,,,,,,,,,,,
2,2024-10-01,10,10:30,,,,LOW,,,,,,,,L_ONLY,,,,,,,,,,,
2,2024-10-08,10,10:30,,,,HIGH,,,,,,,,H_ONLY,,,,,,,,,,,
2,2024-10-17,14,14:35,,,,LOW,,,,,,,,L_ONLY,,,,,,,,,,,
2,2024-10-22,13,13:35,,,,HIGH,,,,,,,,H_ONLY,,,,,,,,,,,
2,2024-10-23,11,11:10,,,,LOW,,,,,,,,L_ONLY,,,,,,,,,,,
2,2024-10-28,11,11:40,,,,LOW,,,,,,,,L_ONLY,,,,,,,,,,,
2,2024-10-30,15,15:50,,,,LOW,,,,,,,,L_ONLY,,,,,,,,,,,
2,2024-10-31,10,10:35,,,,LOW,,,,,,,,L_ONLY,,,,,,,,,,,
2,2024-11-05,11,11:30,,,,HIGH,,,,,,,,H_ONLY,,,,,,,,,,,
2,2024-11-07,10,10:45,,,,HIGH,,,,,,,,H_ONLY,,,,,,,,,,,
2,2024-11-08,11,11:55,,,,HIGH,,,,,,,,H_ONLY,,,,,,,,,,,
2,2024-11-11,13,13:00,,,,LOW,,,,,,,,L_ONLY,,,,,,,,,,,
2,2024-11-15,10,10:35,,,,LOW,,,,,,,,L_ONLY,,,,,,,,,,,
2,2024-11-18,10,10:30,,,,HIGH,,,,,,,,H_ONLY,,,,,,,,,,,
2,2024-11-19,10,10:30,,,,HIGH,,,,,,,,H_ONLY,,,,,,,,,,,
2,2024-11-27,10,10:30,,,,LOW,,,,,,,,L_ONLY,,,,,,,,,,,
2,2024-12-02,10,10:30,,,,HIGH,,,,,,,,H_ONLY,,,,,,,,,,,
2,2024-12-06,13,13:05,,,,HIGH,,,,,,,,H_ONLY,,,,,,,,,,,
2,2024-12-11,11,11:10,,,,HIGH,,,,,,,,H_ONLY,,,,,,,,,,,
2,2024-12-16,10,10:30,,,,HIGH,,,,,,,,H_ONLY,,,,,,,,,,,
2,2024-12-20,10,10:30,,,,HIGH,,,,,,,,H_ONLY,,,,,,,,,,,
2,2024-12-24,10,10:35,,,,HIGH,,,,,,,,H_ONLY,,,,,,,,,,,
2,2024-12-27,10,10:30,,,,LOW,,,,,,,,L_ONLY,,,,,,,,,,,
2,2024-12-31,11,11:00,,,,LOW,,,,,,,,L_ONLY,,,,,,,,,,,
2,2025-01-02,12,12:25,,,,LOW,,,,,,,,L_ONLY,,,,,,,,,,,
2,2025-01-03,11,11:30,,,,HIGH,,,,,,,,H_ONLY,,,,,,,,,,,
2,2025-01-14,10,10:35,,,,LOW,,,,,,,,L_ONLY,,,,,,,,,,,
2,2025-01-15,14,14:25,,,,HIGH,,,,,,,,H_ONLY,,,,,,,,,,,
2,2025-01-16,11,11:40,,,,LOW,,,,,,,,L_ONLY,,,,,,,,,,,
2,2025-01-22,10,10:35,,,,HIGH,,,,,,,,H_ONLY,,,,,,,,,,,
2,2025-02-11,10,10:30,,,,HIGH,,,,,,,,H_ONLY,,,,,,,,,,,
2,2025-02-12,10,10:35,,,,HIGH,,,,,,,,H_ONLY,,,,,,,,,,,
2,2025-02-13,10,10:35,,,,HIGH,,,,,,,,H_ONLY,,,,,,,,,,,
2,2025-02-14,10,10:55,,,,HIGH,,,,,,,,H_ONLY,,,,,,,,,,,
2,2025-02-21,10,10:30,,,,LOW,,,,,,,,L_ONLY,,,,,,,,,,,
2,2025-02-24,15,15:55,,,,LOW,,,,,,,,L_ONLY,,,,,,,,,,,
2,2025-02-25,11,11:30,,,,LOW,,,,,,,,L_ONLY,,,,,,,,,,,
2,2025-03-10,10,10:30,,,,LOW,,,,,,,,L_ONLY,,,,,,,,,,,
2,2025-03-12,10,10:30,,,,LOW,,,,,,,,L_ONLY,,,,,,,,,,,
2,2025-03-13,11,11:35,,,,LOW,,,,,,,,L_ONLY,,,,,,,,,,,
2,2025-03-18,11,11:00,,,,LOW,,,,,,,,L_ONLY,,,,,,,,,,,
2,2025-03-21,10,10:55,,,,HIGH,,,,,,,,H_ONLY,,,,,,,,,,,
2,2025-03-26,11,11:50,,,,LOW,,,,,,,,L_ONLY,,,,,,,,,,,
2,2025-03-28,10,10:30,,,,LOW,,,,,,,,L_ONLY,,,,,,,,,,,
2,2025-04-04,10,10:30,,,,LOW,,,,,,,,L_ONLY,,,,,,,,,,,
2,2025-04-09,13,13:00,,,,HIGH,,,,,,,,H_ONLY,,,,,,,,,,,
2,2025-04-10,11,11:00,,,,LOW,,,,,,,,L_ONLY,,,,,,,,,,,
2,2025-04-14,11,11:25,,,,LOW,,,,,,,,L_ONLY,,,,,,,,,,,
2,2025-04-22,10,10:35,,,,HIGH,,,,,,,,H_ONLY,,,,,,,,,,,
2,2025-04-24,10,10:30,,,,HIGH,,,,,,,,H_ONLY,,,,,,,,,,,
2,2025-04-29,10,10:55,,,,HIGH,,,,,,,,H_ONLY,,,,,,,,,,,
2,2025-05-02,10,10:30,,,,HIGH,,,,,,,,H_ONLY,,,,,,,,,,,
2,2025-05-13,10,10:50,,,,HIGH,,,,,,,,H_ONLY,,,,,,,,,,,
2,2025-05-15,11,11:00,,,,HIGH,,,,,,,,H_ONLY,,,,,,,,,,,
2,2025-05-19,11,11:40,,,,HIGH,,,,,,,,H_ONLY,,,,,,,,,,,
2,2025-05-22,15,15:05,,,,HIGH,,,,,,,,H_ONLY,,,,,,,,,,,
2,2025-05-23,11,11:35,,,,HIGH,,,,,,,,H_ONLY,,,,,,,,,,,
2,2025-05-29,11,11:55,,,,LOW,,,,,,,,L_ONLY,,,,,,,,,,,
2,2025-06-03,10,10:50,,,,HIGH,,,,,,,,H_ONLY,,,,,,,,,,,
2,2025-06-24,10,10:40,,,,HIGH,,,,,,,,H_ONLY,,,,,,,,,,,
2,2025-07-02,10,10:30,,,,HIGH,,,,,,,,H_ONLY,,,,,,,,,,,
2,2025-07-03,10,10:30,,,,HIGH,,,,,,,,H_ONLY,,,,,,,,,,,
2,2025-07-07,10,10:50,,,,LOW,,,,,,,,L_ONLY,,,,,,,,,,,
2,2025-07-18,11,11:00,,,,LOW,,,,,,,,L_ONLY,,,,,,,,,,,
2,2025-07-21,10,10:30,,,,HIGH,,,,,,,,H_ONLY,,,,,,,,,,,
2,2025-07-31,10,10:35,,,,LOW,,,,,,,,L_ONLY,,,,,,,,,,,
2,2025-08-01,14,14:05,,,,LOW,,,,,,,,L_ONLY,,,,,,,,,,,
2,2025-08-04,12,12:00,,,,HIGH,,,,,,,,H_ONLY,,,,,,,,,,,
2,2025-08-06,10,10:55,,,,HIGH,,,,,,,,H_ONLY,,,,,,,,,,,
2,2025-08-08,10,10:30,,,,HIGH,,,,,,,,H_ONLY,,,,,,,,,,,
2,2025-08-14,10,10:30,,,,HIGH,,,,,,,,H_ONLY,,,,,,,,,,,
2,2025-08-15,11,11:40,,,,LOW,,,,,,,,L_ONLY,,,,,,,,,,,
2,2025-08-19,10,10:30,,,,LOW,,,,,,,,L_ONLY,,,,,,,,,,,
2,2025-08-20,10,10:40,,,,LOW,,,,,,,,L_ONLY,,,,,,,,,,,
2,2025-08-29,10,10:50,,,,LOW,,,,,,,,L_ONLY,,,,,,,,,,,
2,2025-09-10,12,12:45,,,,LOW,,,,,,,,L_ONLY,,,,,,,,,,,
2,2025-09-11,10,10:35,,,,HIGH,,,,,,,,H_ONLY,,,,,,,,,,,
2,2025-09-15,11,11:00,,,,HIGH,,,,,,,,H_ONLY,,,,,,,,,,,
2,2025-09-16,11,11:00,,,,LOW,,,,,,,,L_ONLY,,,,,,,,,,,
2,2025-09-22,10,10:35,,,,HIGH,,,,,,,,H_ONLY,,,,,,,,,,,
2,2025-09-23,11,11:40,,,,LOW,,,,,,,,L_ONLY,,,,,,,,,,,
2,2025-10-07,10,10:35,,,,LOW,,,,,,,,L_ONLY,,,,,,,,,,,
2,2025-10-08,11,11:25,,,,HIGH,,,,,,,,H_ONLY,,,,,,,,,,,
2,2025-10-20,10,10:30,,,,HIGH,,,,,,,,H_ONLY,,,,,,,,,,,
2,2025-10-23,10,10:35,,,,HIGH,,,,,,,,H_ONLY,,,,,,,,,,,
2,2025-10-24,12,12:20,,,,HIGH,,,,,,,,H_ONLY,,,,,,,,,,,
2,2025-10-31,11,11:50,,,,LOW,,,,,,,,L_ONLY,,,,,,,,,,,
2,2025-11-06,10,10:35,,,,LOW,,,,,,,,L_ONLY,,,,,,,,,,,
2,2025-11-12,10,10:35,,,,LOW,,,,,,,,L_ONLY,,,,,,,,,,,
2,2025-11-13,10,10:45,,,,LOW,,,,,,,,L_ONLY,,,,,,,,,,,
2,2025-11-24,10,10:35,,,,HIGH,,,,,,,,H_ONLY,,,,,,,,,,,
2,2025-12-03,10,10:30,,,,HIGH,,,,,,,,H_ONLY,,,,,,,,,,,
2,2025-12-12,10,10:30,,,,LOW,,,,,,,,L_ONLY,,,,,,,,,,,
2,2025-12-17,10,10:35,,,,LOW,,,,,,,,L_ONLY,,,,,,,,,,,
2,2025-12-18,10,10:30,,,,HIGH,,,,,,,,H_ONLY,,,,,,,,,,,
2,2025-12-23,11,11:25,,,,HIGH,,,,,,,,H_ONLY,,,,,,,,,,,
2,2025-12-31,10,10:50,,,,LOW,,,,,,,,L_ONLY,,,,,,,,,,,
2,2026-01-05,10,10:30,,,,HIGH,,,,,,,,H_ONLY,,,,,,,,,,,
2,2026-01-06,12,12:35,,,,HIGH,,,,,,,,H_ONLY,,,,,,,,,,,
2,2026-01-12,11,11:10,,,,HIGH,,,,,,,,H_ONLY,,,,,,,,,,,
2,2026-01-13,10,10:45,,,,LOW,,,,,,,,L_ONLY,,,,,,,,,,,
2,2026-01-14,10,10:45,,,,LOW,,,,,,,,L_ONLY,,,,,,,,,,,
2,2026-01-21,10,10:30,,,,HIGH,,,,,,,,H_ONLY,,,,,,,,,,,
2,2026-01-23,10,10:30,,,,HIGH,,,,,,,,H_ONLY,,,,,,,,,,,
2,2026-01-26,10,10:50,,,,HIGH,,,,,,,,H_ONLY,,,,,,,,,,,
2,2026-01-29,10,10:30,,,,LOW,,,,,,,,L_ONLY,,,,,,,,,,,
2,2026-02-02,12,12:00,,,,HIGH,,,,,,,,H_ONLY,,,,,,,,,,,
2,2026-02-03,11,11:50,,,,LOW,,,,,,,,L_ONLY,,,,,,,,,,,
2,2026-02-04,11,11:00,,,,LOW,,,,,,,,L_ONLY,,,,,,,,,,,
2,2026-02-12,10,10:35,,,,LOW,,,,,,,,L_ONLY,,,,,,,,,,,
2,2026-02-25,14,14:00,,,,HIGH,,,,,,,,H_ONLY,,,,,,,,,,,
2,2026-02-26,10,10:30,,,,LOW,,,,,,,,L_ONLY,,,,,,,,,,,
2,2026-03-02,10,10:45,,,,HIGH,,,,,,,,H_ONLY,,,,,,,,,,,
2,2026-03-10,10,10:35,,,,HIGH,,,,,,,,H_ONLY,,,,,,,,,,,
2,2026-03-12,10,10:30,,,,LOW,,,,,,,,L_ONLY,,,,,,,,,,,
3,2021-09-10,,,,,,,,,,,,HIGH,09:30,,19.75,,LOW,L_ONLY,67.25,,,,,,
3,2021-09-13,,,,,,,,,,,,HIGH,09:30,,27.5,,LOW,L_ONLY,200.0,,,,,,
3,2021-09-14,,,,,,,,,,,,HIGH,09:30,,85.25,,LOW,L_ONLY,119.5,,,,,,
3,2021-09-15,,,,,,,,,,,,SAME_BAR,09:30,,25.75,,HIGH,H_ONLY,125.75,,,,,,
3,2021-09-16,,,,,,,,,,,,SAME_BAR,09:30,,27.75,,LOW,BOTH,109.5,,,,,,
3,2021-09-20,,,,,,,,,,,,SAME_BAR,09:30,,53.0,,LOW,L_ONLY,138.0,,,,,,
3,2021-09-21,,,,,,,,,,,,LOW,09:30,,58.0,,LOW,L_ONLY,128.5,,,,,,
3,2021-09-22,,,,,,,,,,,,LOW,09:30,,47.75,,HIGH,H_ONLY,116.75,,,,,,
3,2021-09-27,,,,,,,,,,,,SAME_BAR,09:30,,57.75,,HIGH,H_ONLY,130.5,,,,,,
3,2021-09-28,,,,,,,,,,,,HIGH,09:30,,78.5,,LOW,L_ONLY,201.5,,,,,,
3,2021-09-29,,,,,,,,,,,,LOW,09:30,,48.75,,LOW,L_ONLY,118.75,,,,,,
3,2021-09-30,,,,,,,,,,,,HIGH,09:30,,47.25,,LOW,L_ONLY,74.25,,,,,,
3,2021-10-01,,,,,,,,,,,,LOW,09:30,,58.25,,LOW,BOTH,193.25,,,,,,
3,2021-10-06,,,,,,,,,,,,HIGH,09:30,,47.25,,HIGH,H_ONLY,185.25,,,,,,
3,2021-10-07,,,,,,,,,,,,SAME_BAR,09:30,,65.0,,HIGH,H_ONLY,134.75,,,,,,
3,2021-10-11,,,,,,,,,,,,HIGH,09:30,,55.0,,LOW,L_ONLY,175.25,,,,,,
3,2021-10-14,,,,,,,,,,,,LOW,09:30,,40.25,,HIGH,H_ONLY,103.5,,,,,,
3,2021-10-15,,,,,,,,,,,,LOW,09:30,,41.0,,HIGH,H_ONLY,53.25,,,,,,
3,2021-10-19,,,,,,,,,,,,LOW,09:30,,29.25,,HIGH,H_ONLY,59.75,,,,,,
3,2021-10-20,,,,,,,,,,,,HIGH,09:30,,14.25,,HIGH,BOTH,59.0,,,,,,
3,2021-10-22,,,,,,,,,,,,LOW,09:30,,35.5,,HIGH,BOTH,77.75,,,,,,
3,2021-10-25,,,,,,,,,,,,HIGH,09:30,,32.0,,HIGH,H_ONLY,111.75,,,,,,
3,2021-10-26,,,,,,,,,,,,SAME_BAR,09:30,,20.25,,HIGH,BOTH,118.25,,,,,,
3,2021-10-28,,,,,,,,,,,,HIGH,09:30,,31.75,,HIGH,BOTH,74.5,,,,,,
3,2021-11-01,,,,,,,,,,,,LOW,09:30,,37.5,,HIGH,H_ONLY,100.0,,,,,,
3,2021-11-02,,,,,,,,,,,,SAME_BAR,09:30,,19.5,,HIGH,H_ONLY,104.25,,,,,,
3,2021-11-03,,,,,,,,,,,,SAME_BAR,09:30,,19.75,,HIGH,H_ONLY,62.0,,,,,,
3,2021-11-04,,,,,,,,,,,,LOW,09:30,,21.75,,HIGH,H_ONLY,140.25,,,,,,
3,2021-11-05,,,,,,,,,,,,HIGH,09:30,,90.75,,LOW,L_ONLY,73.75,,,,,,
3,2021-11-08,,,,,,,,,,,,SAME_BAR,09:30,,29.75,,LOW,L_ONLY,76.75,,,,,,
3,2021-11-09,,,,,,,,,,,,HIGH,09:30,,27.75,,LOW,L_ONLY,202.25,,,,,,
3,2021-11-10,,,,,,,,,,,,LOW,09:30,,68.0,,LOW,L_ONLY,179.25,,,,,,
3,2021-11-12,,,,,,,,,,,,LOW,09:30,,29.5,,HIGH,H_ONLY,76.25,,,,,,
3,2021-11-17,,,,,,,,,,,,SAME_BAR,09:30,,14.5,,HIGH,H_ONLY,57.0,,,,,,
3,2021-11-18,,,,,,,,,,,,LOW,09:30,,18.0,,HIGH,H_ONLY,117.5,,,,,,
3,2021-11-19,,,,,,,,,,,,LOW,09:30,,39.25,,HIGH,H_ONLY,100.75,,,,,,
3,2021-11-22,,,,,,,,,,,,HIGH,09:30,,28.25,,LOW,L_ONLY,129.25,,,,,,
3,2021-11-23,,,,,,,,,,,,LOW,09:30,,56.0,,LOW,L_ONLY,182.0,,,,,,
3,2021-11-24,,,,,,,,,,,,LOW,09:30,,102.25,,HIGH,H_ONLY,155.5,,,,,,
3,2021-11-25,,,,,,,,,,,,HIGH,09:40,,28.75,,LOW,L_ONLY,38.75,,,,,,
3,2021-11-26,,,,,,,,,,,,HIGH,09:30,,70.0,,LOW,L_ONLY,191.5,,,,,,
3,2021-11-30,,,,,,,,,,,,HIGH,09:45,,88.0,,LOW,L_ONLY,137.25,,,,,,
3,2021-12-01,,,,,,,,,,,,LOW,09:30,,37.5,,HIGH,BOTH,107.0,,,,,,
3,2021-12-02,,,,,,,,,,,,SAME_BAR,09:30,,72.75,,LOW,BOTH,238.5,,,,,,
3,2021-12-06,,,,,,,,,,,,SAME_BAR,09:30,,87.0,,HIGH,H_ONLY,228.75,,,,,,
3,2021-12-08,,,,,,,,,,,,LOW,09:30,,30.0,,HIGH,H_ONLY,105.25,,,,,,
3,2021-12-09,,,,,,,,,,,,HIGH,09:30,,34.25,,LOW,L_ONLY,144.75,,,,,,
3,2021-12-10,,,,,,,,,,,,HIGH,09:30,,137.0,,LOW,BOTH,125.0,,,,,,
3,2021-12-15,,,,,,,,,,,,LOW,09:30,,79.0,,LOW,BOTH,120.5,,,,,,
3,2021-12-17,,,,,,,,,,,,HIGH,09:30,,52.5,,HIGH,H_ONLY,191.25,,,,,,
3,2021-12-20,,,,,,,,,,,,HIGH,09:30,,62.75,,LOW,BOTH,115.75,,,,,,
3,2021-12-21,,,,,,,,,,,,LOW,09:30,,48.25,,LOW,BOTH,184.5,,,,,,
3,2021-12-27,,,,,,,,,,,,SAME_BAR,09:30,,40.25,,HIGH,H_ONLY,162.25,,,,,,
3,2021-12-29,,,,,,,,,,,,HIGH,09:30,,43.75,,NONE,NEITHER,162.0,,,,,,
3,2021-12-30,,,,,,,,,,,,LOW,09:30,,42.5,,LOW,L_ONLY,118.25,,,,,,
3,2021-12-31,,,,,,,,,,,,HIGH,09:30,,33.5,,LOW,L_ONLY,110.0,,,,,,
3,2022-01-03,,,,,,,,,,,,HIGH,09:30,,62.5,,HIGH,H_ONLY,192.75,,,,,,
3,2022-01-05,,,,,,,,,,,,LOW,09:30,,41.5,,LOW,L_ONLY,144.25,,,,,,
3,2022-01-06,,,,,,,,,,,,SAME_BAR,09:30,,54.5,,HIGH,H_ONLY,252.0,,,,,,
3,2022-01-07,,,,,,,,,,,,HIGH,09:45,,200.75,,LOW,L_ONLY,178.5,,,,,,
3,2022-01-10,,,,,,,,,,,,LOW,09:30,,63.25,,LOW,BOTH,220.0,,,,,,
3,2022-01-11,,,,,,,,,,,,LOW,09:30,,124.25,,HIGH,H_ONLY,177.75,,,,,,
3,2022-01-12,,,,,,,,,,,,HIGH,09:30,,127.25,,LOW,L_ONLY,124.75,,,,,,
3,2022-01-13,,,,,,,,,,,,HIGH,09:30,,68.75,,LOW,L_ONLY,148.5,,,,,,
3,2022-01-18,,,,,,,,,,,,LOW,09:30,,55.5,,LOW,L_ONLY,163.0,,,,,,
3,2022-01-19,,,,,,,,,,,,LOW,09:30,,63.0,,LOW,L_ONLY,120.75,,,,,,
3,2022-01-20,,,,,,,,,,,,HIGH,09:30,,53.5,,HIGH,BOTH,133.25,,,,,,
3,2022-01-21,,,,,,,,,,,,HIGH,09:30,,74.75,,HIGH,BOTH,286.25,,,,,,
3,2022-01-24,,,,,,,,,,,,HIGH,09:35,,126.25,,LOW,BOTH,286.5,,,,,,
3,2022-01-25,,,,,,,,,,,,HIGH,09:30,,87.25,,LOW,BOTH,268.25,,,,,,
3,2022-01-26,,,,,,,,,,,,SAME_BAR,09:30,,67.25,,LOW,BOTH,164.75,,,,,,
3,2022-01-27,,,,,,,,,,,,HIGH,09:30,,129.75,,LOW,L_ONLY,177.25,,,,,,
3,2022-01-28,,,,,,,,,,,,HIGH,09:30,,192.0,,HIGH,H_ONLY,242.0,,,,,,
3,2022-01-31,,,,,,,,,,,,SAME_BAR,09:30,,61.25,,HIGH,H_ONLY,308.25,,,,,,
3,2022-02-01,,,,,,,,,,,,LOW,09:30,,39.75,,HIGH,H_ONLY,222.75,,,,,,
3,2022-02-03,,,,,,,,,,,,HIGH,10:20,,145.0,,HIGH,BOTH,154.75,,,,,,
3,2022-02-07,,,,,,,,,,,,LOW,09:30,,44.75,,LOW,L_ONLY,136.25,,,,,,
3,2022-02-08,,,,,,,,,,,,HIGH,09:30,,36.0,,HIGH,H_ONLY,120.5,,,,,,
3,2022-02-09,,,,,,,,,,,,SAME_BAR,09:30,,22.25,,HIGH,H_ONLY,98.0,,,,,,
3,2022-02-10,,,,,,,,,,,,HIGH,10:40,,306.5,,HIGH,BOTH,256.0,,,,,,
3,2022-02-11,,,,,,,,,,,,HIGH,09:30,,54.75,,LOW,L_ONLY,176.75,,,,,,
3,2022-02-14,,,,,,,,,,,,HIGH,09:30,,94.25,,HIGH,BOTH,152.75,,,,,,
3,2022-02-15,,,,,,,,,,,,LOW,09:30,,67.25,,HIGH,BOTH,77.0,,,,,,
3,2022-02-16,,,,,,,,,,,,LOW,09:30,,111.5,,HIGH,H_ONLY,136.0,,,,,,
3,2022-02-18,,,,,,,,,,,,HIGH,09:30,,81.75,,LOW,L_ONLY,135.0,,,,,,
3,2022-02-22,,,,,,,,,,,,LOW,09:30,,76.25,,HIGH,BOTH,246.0,,,,,,
3,2022-02-23,,,,,,,,,,,,LOW,09:30,,40.5,,LOW,L_ONLY,236.25,,,,,,
3,2022-02-25,,,,,,,,,,,,LOW,09:30,,133.0,,HIGH,H_ONLY,181.75,,,,,,
3,2022-03-01,,,,,,,,,,,,SAME_BAR,09:30,,51.5,,LOW,L_ONLY,126.0,,,,,,
3,2022-03-02,,,,,,,,,,,,HIGH,09:30,,72.75,,HIGH,H_ONLY,178.75,,,,,,
3,2022-03-07,,,,,,,,,,,,HIGH,09:30,,103.25,,LOW,L_ONLY,308.5,,,,,,
3,2022-03-08,,,,,,,,,,,,LOW,09:30,,77.0,,LOW,BOTH,236.25,,,,,,
3,2022-03-09,,,,,,,,,,,,LOW,09:35,,103.75,,HIGH,H_ONLY,152.0,,,,,,
3,2022-03-10,,,,,,,,,,,,LOW,09:30,,110.0,,LOW,BOTH,125.5,,,,,,
3,2022-03-14,,,,,,,,,,,,LOW,09:30,,74.75,,LOW,L_ONLY,189.25,,,,,,
3,2022-03-15,,,,,,,,,,,,HIGH,09:30,,90.0,,HIGH,H_ONLY,174.0,,,,,,
3,2022-03-16,,,,,,,,,,,,LOW,09:30,,84.5,,HIGH,BOTH,225.0,,,,,,
3,2022-03-17,,,,,,,,,,,,LOW,09:30,,61.75,,HIGH,H_ONLY,193.75,,,,,,
3,2022-03-21,,,,,,,,,,,,HIGH,09:30,,28.5,,LOW,L_ONLY,238.75,,,,,,
3,2022-03-23,,,,,,,,,,,,LOW,09:30,,39.75,,HIGH,BOTH,134.75,,,,,,
3,2022-03-24,,,,,,,,,,,,LOW,09:30,,40.0,,LOW,BOTH,111.0,,,,,,
3,2022-03-28,,,,,,,,,,,,HIGH,09:30,,43.5,,LOW,BOTH,162.5,,,,,,
3,2022-03-29,,,,,,,,,,,,HIGH,09:30,,47.0,,HIGH,H_ONLY,187.0,,,,,,
3,2022-03-30,,,,,,,,,,,,HIGH,09:30,,42.25,,HIGH,BOTH,88.75,,,,,,
3,2022-04-05,,,,,,,,,,,,SAME_BAR,09:30,,26.5,,LOW,L_ONLY,201.0,,,,,,
3,2022-04-06,,,,,,,,,,,,HIGH,09:30,,32.5,,LOW,BOTH,187.25,,,,,,
3,2022-04-07,,,,,,,,,,,,HIGH,09:30,,72.0,,LOW,BOTH,148.75,,,,,,
3,2022-04-11,,,,,,,,,,,,SAME_BAR,09:30,,40.75,,LOW,L_ONLY,134.75,,,,,,
3,2022-04-13,,,,,,,,,,,,LOW,09:30,,65.5,,HIGH,H_ONLY,176.5,,,,,,
3,2022-04-14,,,,,,,,,,,,SAME_BAR,09:35,,63.75,,LOW,L_ONLY,213.5,,,,,,
3,2022-04-18,,,,,,,,,,,,HIGH,09:30,,38.75,,LOW,BOTH,175.5,,,,,,
3,2022-04-19,,,,,,,,,,,,LOW,09:35,,93.5,,HIGH,H_ONLY,264.0,,,,,,
3,2022-04-21,,,,,,,,,,,,HIGH,09:30,,41.5,,LOW,L_ONLY,167.25,,,,,,
3,2022-04-25,,,,,,,,,,,,HIGH,09:35,,68.75,,HIGH,H_ONLY,171.0,,,,,,
3,2022-04-27,,,,,,,,,,,,HIGH,09:30,,72.75,,LOW,L_ONLY,309.75,,,,,,
3,2022-04-28,,,,,,,,,,,,HIGH,09:30,,98.75,,LOW,BOTH,217.25,,,,,,
3,2022-04-29,,,,,,,,,,,,SAME_BAR,09:30,,90.0,,LOW,L_ONLY,216.75,,,,,,
3,2022-05-02,,,,,,,,,,,,HIGH,09:30,,104.25,,HIGH,BOTH,251.5,,,,,,
3,2022-05-03,,,,,,,,,,,,LOW,09:30,,55.5,,HIGH,H_ONLY,183.75,,,,,,
3,2022-05-04,,,,,,,,,,,,LOW,09:30,,32.25,,LOW,BOTH,183.25,,,,,,
3,2022-05-06,,,,,,,,,,,,LOW,09:30,,186.5,,HIGH,H_ONLY,321.5,,,,,,
3,2022-05-09,,,,,,,,,,,,HIGH,09:30,,88.25,,LOW,L_ONLY,209.5,,,,,,
3,2022-05-10,,,,,,,,,,,,HIGH,09:30,,134.25,,LOW,L_ONLY,210.75,,,,,,
3,2022-05-11,,,,,,,,,,,,HIGH,09:50,,368.5,,LOW,L_ONLY,332.5,,,,,,
3,2022-05-12,,,,,,,,,,,,SAME_BAR,09:30,,82.5,,HIGH,BOTH,352.75,,,,,,
3,2022-05-13,,,,,,,,,,,,LOW,09:30,,74.25,,HIGH,H_ONLY,274.0,,,,,,
3,2022-05-17,,,,,,,,,,,,HIGH,09:30,,59.5,,LOW,BOTH,132.5,,,,,,
3,2022-05-23,,,,,,,,,,,,LOW,09:30,,45.75,,HIGH,H_ONLY,193.75,,,,,,
3,2022-05-24,,,,,,,,,,,,LOW,09:30,,48.25,,HIGH,H_ONLY,271.25,,,,,,
3,2022-05-26,,,,,,,,,,,,LOW,09:30,,83.0,,HIGH,H_ONLY,296.75,,,,,,
3,2022-05-30,,,,,,,,,,,,LOW,09:30,,65.75,,HIGH,BOTH,40.5,,,,,,
3,2022-05-31,,,,,,,,,,,,SAME_BAR,09:30,,88.25,,HIGH,H_ONLY,208.0,,,,,,
3,2022-06-01,,,,,,,,,,,,HIGH,09:30,,59.25,,LOW,L_ONLY,217.75,,,,,,
3,2022-06-02,,,,,,,,,,,,LOW,09:30,,133.0,,HIGH,H_ONLY,190.0,,,,,,
3,2022-06-06,,,,,,,,,,,,HIGH,09:30,,38.5,,LOW,L_ONLY,136.5,,,,,,
3,2022-06-07,,,,,,,,,,,,SAME_BAR,09:30,,39.0,,HIGH,H_ONLY,187.75,,,,,,
3,2022-06-08,,,,,,,,,,,,SAME_BAR,09:30,,44.5,,LOW,L_ONLY,155.5,,,,,,
3,2022-06-09,,,,,,,,,,,,LOW,09:30,,97.5,,HIGH,BOTH,148.5,,,,,,
3,2022-06-13,,,,,,,,,,,,HIGH,09:30,,68.75,,LOW,L_ONLY,192.0,,,,,,
3,2022-06-15,,,,,,,,,,,,HIGH,09:30,,83.0,,HIGH,BOTH,114.25,,,,,,
3,2022-06-17,,,,,,,,,,,,HIGH,09:40,,125.25,,LOW,BOTH,166.0,,,,,,
3,2022-06-20,,,,,,,,,,,,LOW,09:30,,37.0,,HIGH,H_ONLY,52.25,,,,,,
3,2022-06-21,,,,,,,,,,,,HIGH,09:30,,35.75,,HIGH,BOTH,190.5,,,,,,
3,2022-06-23,,,,,,,,,,,,HIGH,09:30,,72.25,,HIGH,H_ONLY,144.0,,,,,,
3,2022-06-27,,,,,,,,,,,,SAME_BAR,09:30,,48.75,,LOW,L_ONLY,191.0,,,,,,
3,2022-06-28,,,,,,,,,,,,HIGH,09:30,,40.5,,LOW,L_ONLY,169.5,,,,,,
3,2022-06-29,,,,,,,,,,,,LOW,09:30,,56.5,,HIGH,H_ONLY,182.75,,,,,,
3,2022-06-30,,,,,,,,,,,,SAME_BAR,09:30,,74.0,,HIGH,H_ONLY,237.0,,,,,,
3,2022-07-01,,,,,,,,,,,,SAME_BAR,09:30,,53.0,,LOW,BOTH,200.25,,,,,,
3,2022-07-04,,,,,,,,,,,,LOW,09:40,,22.25,,HIGH,H_ONLY,40.0,,,,,,
3,2022-07-05,,,,,,,,,,,,LOW,09:30,,45.0,,HIGH,H_ONLY,129.75,,,,,,
3,2022-07-06,,,,,,,,,,,,HIGH,09:30,,76.75,,LOW,BOTH,128.5,,,,,,
3,2022-07-12,,,,,,,,,,,,HIGH,09:30,,72.25,,LOW,L_ONLY,220.5,,,,,,
3,2022-07-14,,,,,,,,,,,,LOW,09:30,,81.0,,HIGH,H_ONLY,173.25,,,,,,
3,2022-07-18,,,,,,,,,,,,SAME_BAR,09:30,,29.25,,LOW,L_ONLY,96.75,,,,,,
3,2022-07-21,,,,,,,,,,,,LOW,09:30,,81.0,,HIGH,H_ONLY,167.75,,,,,,
3,2022-07-22,,,,,,,,,,,,LOW,09:30,,28.0,,LOW,L_ONLY,155.75,,,,,,
3,2022-07-28,,,,,,,,,,,,HIGH,09:30,,130.0,,LOW,BOTH,202.0,,,,,,
3,2022-07-29,,,,,,,,,,,,LOW,09:30,,61.5,,HIGH,H_ONLY,186.5,,,,,,
3,2022-08-01,,,,,,,,,,,,LOW,09:30,,69.25,,HIGH,H_ONLY,216.5,,,,,,
3,2022-08-02,,,,,,,,,,,,HIGH,09:30,,49.5,,HIGH,H_ONLY,136.75,,,,,,
3,2022-08-04,,,,,,,,,,,,LOW,09:30,,58.25,,LOW,BOTH,107.5,,,,,,
3,2022-08-08,,,,,,,,,,,,LOW,09:30,,102.0,,LOW,L_ONLY,187.25,,,,,,
3,2022-08-11,,,,,,,,,,,,HIGH,09:40,,57.0,,LOW,L_ONLY,119.5,,,,,,
3,2022-08-12,,,,,,,,,,,,LOW,09:30,,43.25,,HIGH,H_ONLY,103.25,,,,,,
3,2022-08-16,,,,,,,,,,,,LOW,09:30,,45.5,,LOW,BOTH,100.75,,,,,,
3,2022-08-17,,,,,,,,,,,,HIGH,09:35,,48.75,,LOW,BOTH,100.25,,,,,,
3,2022-08-18,,,,,,,,,,,,LOW,09:30,,48.5,,HIGH,H_ONLY,79.75,,,,,,
3,2022-08-19,,,,,,,,,,,,HIGH,09:30,,45.25,,LOW,L_ONLY,144.25,,,,,,
3,2022-08-22,,,,,,,,,,,,SAME_BAR,09:30,,25.5,,LOW,L_ONLY,127.5,,,,,,
3,2022-08-23,,,,,,,,,,,,HIGH,09:30,,56.75,,LOW,L_ONLY,152.5,,,,,,
3,2022-08-24,,,,,,,,,,,,LOW,09:30,,56.0,,HIGH,H_ONLY,97.75,,,,,,
3,2022-08-25,,,,,,,,,,,,LOW,09:30,,41.75,,HIGH,H_ONLY,139.5,,,,,,
3,2022-08-29,,,,,,,,,,,,SAME_BAR,09:30,,39.25,,LOW,L_ONLY,131.5,,,,,,
3,2022-08-30,,,,,,,,,,,,SAME_BAR,09:30,,33.5,,LOW,L_ONLY,203.75,,,,,,
3,2022-08-31,,,,,,,,,,,,LOW,09:30,,77.0,,LOW,L_ONLY,138.0,,,,,,
3,2022-09-01,,,,,,,,,,,,LOW,09:30,,58.75,,LOW,BOTH,128.25,,,,,,
3,2022-09-02,,,,,,,,,,,,HIGH,10:30,,188.5,,HIGH,BOTH,142.5,,,,,,
3,2022-09-08,,,,,,,,,,,,LOW,09:30,,105.0,,HIGH,H_ONLY,171.0,,,,,,
3,2022-09-14,,,,,,,,,,,,SAME_BAR,09:30,,67.5,,LOW,BOTH,115.25,,,,,,
3,2022-09-15,,,,,,,,,,,,LOW,09:30,,77.5,,LOW,L_ONLY,127.25,,,,,,
3,2022-09-16,,,,,,,,,,,,LOW,09:30,,51.5,,HIGH,BOTH,104.0,,,,,,
3,2022-09-20,,,,,,,,,,,,LOW,09:30,,37.5,,HIGH,BOTH,61.0,,,,,,
3,2022-09-21,,,,,,,,,,,,LOW,09:30,,34.25,,HIGH,BOTH,61.0,,,,,,
3,2022-09-26,,,,,,,,,,,,HIGH,09:30,,77.0,,LOW,L_ONLY,195.25,,,,,,
3,2022-09-27,,,,,,,,,,,,HIGH,09:30,,67.5,,LOW,L_ONLY,163.0,,,,,,
3,2022-09-30,,,,,,,,,,,,LOW,09:35,,129.75,,HIGH,BOTH,132.25,,,,,,
3,2022-10-03,,,,,,,,,,,,LOW,09:30,,71.75,,HIGH,H_ONLY,174.25,,,,,,
3,2022-10-05,,,,,,,,,,,,HIGH,09:30,,62.0,,LOW,BOTH,154.75,,,,,,
3,2022-10-06,,,,,,,,,,,,HIGH,09:35,,86.25,,LOW,L_ONLY,194.75,,,,,,
3,2022-10-11,,,,,,,,,,,,LOW,09:30,,75.25,,HIGH,BOTH,156.25,,,,,,
3,2022-10-13,,,,,,,,,,,,LOW,09:30,,435.5,,HIGH,H_ONLY,212.25,,,,,,
3,2022-10-18,,,,,,,,,,,,HIGH,09:30,,53.25,,LOW,L_ONLY,173.25,,,,,,
3,2022-10-19,,,,,,,,,,,,HIGH,09:30,,42.75,,HIGH,BOTH,173.0,,,,,,
3,2022-10-20,,,,,,,,,,,,HIGH,09:50,,136.25,,LOW,L_ONLY,237.75,,,,,,
3,2022-10-24,,,,,,,,,,,,LOW,09:30,,61.75,,HIGH,H_ONLY,218.25,,,,,,
3,2022-10-25,,,,,,,,,,,,HIGH,09:30,,78.25,,HIGH,BOTH,149.75,,,,,,
3,2022-10-26,,,,,,,,,,,,LOW,09:30,,45.5,,HIGH,BOTH,155.5,,,,,,
3,2022-10-27,,,,,,,,,,,,HIGH,09:30,,78.5,,LOW,L_ONLY,200.25,,,,,,
3,2022-10-31,,,,,,,,,,,,SAME_BAR,09:30,,32.75,,LOW,L_ONLY,134.0,,,,,,
3,2022-11-01,,,,,,,,,,,,SAME_BAR,09:30,,31.5,,LOW,L_ONLY,243.75,,,,,,
3,2022-11-02,,,,,,,,,,,,LOW,09:30,,41.5,,LOW,BOTH,81.25,,,,,,
3,2022-11-03,,,,,,,,,,,,SAME_BAR,09:30,,43.5,,HIGH,BOTH,140.5,,,,,,
3,2022-11-07,,,,,,,,,,,,SAME_BAR,09:30,,38.0,,HIGH,H_ONLY,121.5,,,,,,
3,2022-11-08,,,,,,,,,,,,LOW,09:30,,46.5,,HIGH,BOTH,104.75,,,,,,
3,2022-11-11,,,,,,,,,,,,LOW,09:30,,98.0,,HIGH,H_ONLY,192.0,,,,,,
3,2022-11-14,,,,,,,,,,,,LOW,09:30,,45.0,,HIGH,H_ONLY,114.0,,,,,,
3,2022-11-21,,,,,,,,,,,,SAME_BAR,09:30,,32.25,,LOW,L_ONLY,112.5,,,,,,
3,2022-11-22,,,,,,,,,,,,LOW,09:30,,31.25,,HIGH,H_ONLY,101.0,,,,,,
3,2022-11-28,,,,,,,,,,,,HIGH,09:30,,25.0,,LOW,L_ONLY,106.75,,,,,,
3,2022-11-30,,,,,,,,,,,,LOW,11:00,,70.75,,LOW,BOTH,62.75,,,,,,
3,2022-12-01,,,,,,,,,,,,HIGH,09:55,,101.5,,LOW,L_ONLY,188.5,,,,,,
3,2022-12-05,,,,,,,,,,,,LOW,09:30,,50.5,,LOW,L_ONLY,108.0,,,,,,
3,2022-12-07,,,,,,,,,,,,HIGH,09:30,,57.0,,LOW,L_ONLY,155.75,,,,,,
3,2022-12-08,,,,,,,,,,,,LOW,09:30,,44.0,,HIGH,H_ONLY,186.5,,,,,,
3,2022-12-12,,,,,,,,,,,,LOW,09:30,,40.75,,LOW,BOTH,66.75,,,,,,
3,2022-12-14,,,,,,,,,,,,HIGH,09:30,,29.5,,HIGH,BOTH,114.0,,,,,,
3,2022-12-16,,,,,,,,,,,,HIGH,09:30,,67.75,,LOW,L_ONLY,153.75,,,,,,
3,2022-12-20,,,,,,,,,,,,LOW,09:30,,43.5,,HIGH,H_ONLY,152.75,,,,,,
3,2022-12-21,,,,,,,,,,,,LOW,09:30,,34.25,,HIGH,H_ONLY,122.0,,,,,,
3,2022-12-28,,,,,,,,,,,,SAME_BAR,09:30,,37.25,,LOW,L_ONLY,134.75,,,,,,
3,2022-12-30,,,,,,,,,,,,SAME_BAR,09:30,,22.0,,HIGH,H_ONLY,92.25,,,,,,
3,2023-01-03,,,,,,,,,,,,SAME_BAR,09:30,,54.5,,LOW,L_ONLY,256.75,,,,,,
3,2023-01-04,,,,,,,,,,,,LOW,09:30,,37.5,,HIGH,H_ONLY,183.0,,,,,,
3,2023-01-09,,,,,,,,,,,,HIGH,09:30,,34.75,,HIGH,BOTH,130.25,,,,,,
3,2023-01-11,,,,,,,,,,,,SAME_BAR,09:30,,37.5,,HIGH,H_ONLY,97.0,,,,,,
3,2023-01-16,,,,,,,,,,,,HIGH,09:30,,23.75,,LOW,L_ONLY,29.25,,,,,,
3,2023-01-17,,,,,,,,,,,,HIGH,09:30,,48.5,,HIGH,H_ONLY,135.5,,,,,,
3,2023-01-18,,,,,,,,,,,,HIGH,09:30,,85.5,,LOW,L_ONLY,87.25,,,,,,
3,2023-01-19,,,,,,,,,,,,HIGH,09:30,,63.0,,LOW,BOTH,97.75,,,,,,
3,2023-01-20,,,,,,,,,,,,LOW,09:30,,36.25,,HIGH,H_ONLY,108.25,,,,,,
3,2023-01-23,,,,,,,,,,,,SAME_BAR,09:30,,36.25,,HIGH,H_ONLY,187.75,,,,,,
3,2023-01-24,,,,,,,,,,,,HIGH,09:40,,50.75,,HIGH,BOTH,113.25,,,,,,
3,2023-01-25,,,,,,,,,,,,LOW,09:30,,51.0,,LOW,BOTH,109.25,,,,,,
3,2023-01-26,,,,,,,,,,,,HIGH,09:30,,95.75,,LOW,BOTH,128.0,,,,,,
3,2023-01-30,,,,,,,,,,,,HIGH,09:30,,30.5,,LOW,L_ONLY,115.75,,,,,,
3,2023-02-01,,,,,,,,,,,,SAME_BAR,09:30,,22.25,,LOW,BOTH,56.75,,,,,,
3,2023-02-06,,,,,,,,,,,,HIGH,09:30,,48.75,,LOW,BOTH,118.75,,,,,,
3,2023-02-07,,,,,,,,,,,,LOW,09:30,,36.75,,HIGH,BOTH,77.25,,,,,,
3,2023-02-08,,,,,,,,,,,,LOW,09:30,,37.0,,LOW,L_ONLY,96.75,,,,,,
3,2023-02-09,,,,,,,,,,,,HIGH,09:30,,47.25,,LOW,L_ONLY,110.5,,,,,,
3,2023-02-10,,,,,,,,,,,,HIGH,09:30,,35.0,,LOW,L_ONLY,137.5,,,,,,
3,2023-02-13,,,,,,,,,,,,SAME_BAR,09:30,,27.0,,HIGH,H_ONLY,121.0,,,,,,
3,2023-02-15,,,,,,,,,,,,HIGH,09:40,,80.25,,HIGH,H_ONLY,107.25,,,,,,
3,2023-02-16,,,,,,,,,,,,LOW,09:35,,157.0,,HIGH,BOTH,125.75,,,,,,
3,2023-02-17,,,,,,,,,,,,SAME_BAR,09:35,,51.0,,LOW,L_ONLY,127.5,,,,,,
3,2023-02-21,,,,,,,,,,,,LOW,09:30,,42.0,,LOW,L_ONLY,108.25,,,,,,
3,2023-02-22,,,,,,,,,,,,SAME_BAR,09:30,,20.5,,LOW,BOTH,134.5,,,,,,
3,2023-02-27,,,,,,,,,,,,HIGH,10:00,,84.0,,LOW,L_ONLY,83.25,,,,,,
3,2023-02-28,,,,,,,,,,,,LOW,09:30,,53.5,,HIGH,BOTH,82.5,,,,,,
3,2023-03-01,,,,,,,,,,,,LOW,09:30,,52.25,,LOW,L_ONLY,126.5,,,,,,
3,2023-03-06,,,,,,,,,,,,HIGH,09:30,,29.0,,HIGH,BOTH,95.0,,,,,,
3,2023-03-08,,,,,,,,,,,,HIGH,09:30,,27.75,,HIGH,H_ONLY,107.75,,,,,,
3,2023-03-09,,,,,,,,,,,,HIGH,09:30,,111.75,,LOW,L_ONLY,123.5,,,,,,
3,2023-03-16,,,,,,,,,,,,LOW,09:30,,88.25,,HIGH,H_ONLY,121.0,,,,,,
3,2023-03-17,,,,,,,,,,,,HIGH,09:30,,66.75,,LOW,L_ONLY,141.5,,,,,,
3,2023-03-20,,,,,,,,,,,,LOW,09:30,,68.75,,HIGH,H_ONLY,103.5,,,,,,
3,2023-03-21,,,,,,,,,,,,HIGH,09:30,,32.75,,LOW,BOTH,103.25,,,,,,
3,2023-03-22,,,,,,,,,,,,HIGH,09:30,,38.75,,HIGH,BOTH,87.75,,,,,,
3,2023-03-23,,,,,,,,,,,,HIGH,09:30,,55.0,,HIGH,BOTH,111.25,,,,,,
3,2023-03-24,,,,,,,,,,,,HIGH,09:30,,57.75,,LOW,BOTH,108.5,,,,,,
3,2023-03-27,,,,,,,,,,,,LOW,09:30,,27.0,,LOW,L_ONLY,84.5,,,,,,
3,2023-03-28,,,,,,,,,,,,LOW,09:30,,28.75,,LOW,BOTH,104.25,,,,,,
3,2023-03-30,,,,,,,,,,,,HIGH,09:30,,53.0,,HIGH,BOTH,75.25,,,,,,
3,2023-04-03,,,,,,,,,,,,HIGH,09:30,,46.5,,LOW,BOTH,70.0,,,,,,
3,2023-04-04,,,,,,,,,,,,LOW,09:30,,38.25,,LOW,L_ONLY,96.75,,,,,,
3,2023-04-06,,,,,,,,,,,,LOW,09:30,,54.25,,HIGH,H_ONLY,100.75,,,,,,
3,2023-04-10,,,,,,,,,,,,LOW,09:30,,35.25,,HIGH,H_ONLY,82.75,,,,,,
3,2023-04-14,,,,,,,,,,,,HIGH,09:35,,71.5,,LOW,L_ONLY,122.5,,,,,,
3,2023-04-17,,,,,,,,,,,,LOW,09:30,,33.25,,LOW,L_ONLY,67.75,,,,,,
3,2023-04-20,,,,,,,,,,,,SAME_BAR,09:30,,26.5,,HIGH,BOTH,105.5,,,,,,
3,2023-04-21,,,,,,,,,,,,LOW,09:50,,41.0,,HIGH,H_ONLY,99.25,,,,,,
3,2023-04-24,,,,,,,,,,,,LOW,09:30,,27.75,,LOW,L_ONLY,80.0,,,,,,
3,2023-04-25,,,,,,,,,,,,LOW,09:30,,28.25,,LOW,L_ONLY,78.5,,,,,,
3,2023-04-26,,,,,,,,,,,,LOW,09:30,,44.75,,HIGH,BOTH,71.0,,,,,,
3,2023-05-01,,,,,,,,,,,,HIGH,09:30,,21.5,,LOW,BOTH,48.75,,,,,,
3,2023-05-02,,,,,,,,,,,,HIGH,09:30,,22.5,,LOW,L_ONLY,115.5,,,,,,
3,2023-05-03,,,,,,,,,,,,LOW,09:30,,36.5,,LOW,BOTH,54.25,,,,,,
3,2023-05-04,,,,,,,,,,,,LOW,09:30,,37.5,,LOW,BOTH,81.0,,,,,,
3,2023-05-08,,,,,,,,,,,,LOW,09:35,,29.25,,LOW,BOTH,49.0,,,,,,
3,2023-05-09,,,,,,,,,,,,HIGH,09:30,,24.25,,LOW,L_ONLY,43.0,,,,,,
3,2023-05-11,,,,,,,,,,,,LOW,09:30,,59.75,,LOW,BOTH,61.0,,,,,,
3,2023-05-12,,,,,,,,,,,,HIGH,09:30,,21.25,,LOW,L_ONLY,85.0,,,,,,
3,2023-05-15,,,,,,,,,,,,LOW,09:30,,20.75,,HIGH,H_ONLY,76.75,,,,,,
3,2023-05-17,,,,,,,,,,,,HIGH,09:30,,32.5,,HIGH,H_ONLY,64.5,,,,,,
3,2023-05-19,,,,,,,,,,,,LOW,09:30,,34.5,,LOW,L_ONLY,67.25,,,,,,
3,2023-05-23,,,,,,,,,,,,LOW,09:30,,45.0,,LOW,L_ONLY,55.75,,,,,,
3,2023-05-24,,,,,,,,,,,,LOW,09:30,,42.75,,LOW,BOTH,89.0,,,,,,
3,2023-05-25,,,,,,,,,,,,LOW,09:30,,52.75,,HIGH,H_ONLY,114.5,,,,,,
3,2023-05-30,,,,,,,,,,,,LOW,09:30,,41.25,,LOW,L_ONLY,159.5,,,,,,
3,2023-05-31,,,,,,,,,,,,HIGH,09:30,,23.0,,LOW,L_ONLY,138.0,,,,,,
3,2023-06-01,,,,,,,,,,,,LOW,09:30,,39.0,,HIGH,H_ONLY,90.0,,,,,,
3,2023-06-02,,,,,,,,,,,,HIGH,09:30,,55.0,,NONE,NEITHER,159.5,,,,,,
3,2023-06-05,,,,,,,,,,,,HIGH,09:30,,23.0,,HIGH,BOTH,84.5,,,,,,
3,2023-06-06,,,,,,,,,,,,LOW,09:30,,24.75,,HIGH,H_ONLY,77.25,,,,,,
3,2023-06-07,,,,,,,,,,,,HIGH,09:30,,17.5,,LOW,L_ONLY,143.75,,,,,,
3,2023-06-09,,,,,,,,,,,,HIGH,09:30,,38.5,,LOW,L_ONLY,132.25,,,,,,
3,2023-06-12,,,,,,,,,,,,LOW,09:30,,31.25,,HIGH,H_ONLY,55.25,,,,,,
3,2023-06-14,,,,,,,,,,,,LOW,09:30,,61.0,,HIGH,BOTH,119.25,,,,,,
3,2023-06-16,,,,,,,,,,,,SAME_BAR,09:30,,73.0,,LOW,L_ONLY,142.5,,,,,,
3,2023-06-20,,,,,,,,,,,,SAME_BAR,09:30,,47.75,,LOW,L_ONLY,180.25,,,,,,
3,2023-06-21,,,,,,,,,,,,SAME_BAR,09:30,,35.75,,LOW,L_ONLY,143.25,,,,,,
3,2023-06-22,,,,,,,,,,,,LOW,09:30,,49.25,,HIGH,H_ONLY,185.0,,,,,,
3,2023-06-23,,,,,,,,,,,,LOW,09:40,,84.0,,HIGH,H_ONLY,102.5,,,,,,
3,2023-06-26,,,,,,,,,,,,LOW,09:30,,34.0,,LOW,L_ONLY,128.0,,,,,,
3,2023-06-27,,,,,,,,,,,,LOW,09:30,,38.5,,HIGH,H_ONLY,91.0,,,,,,
3,2023-06-28,,,,,,,,,,,,SAME_BAR,09:30,,35.25,,HIGH,H_ONLY,119.25,,,,,,
3,2023-07-03,,,,,,,,,,,,HIGH,09:30,,25.5,,LOW,L_ONLY,52.75,,,,,,
3,2023-07-07,,,,,,,,,,,,LOW,10:30,,130.5,,LOW,BOTH,89.25,,,,,,
3,2023-07-10,,,,,,,,,,,,HIGH,09:30,,30.0,,LOW,BOTH,129.25,,,,,,
3,2023-07-11,,,,,,,,,,,,LOW,09:30,,40.75,,HIGH,H_ONLY,124.0,,,,,,
3,2023-07-14,,,,,,,,,,,,HIGH,09:30,,22.5,,LOW,L_ONLY,135.75,,,,,,
3,2023-07-18,,,,,,,,,,,,LOW,09:30,,41.75,,HIGH,H_ONLY,83.0,,,,,,
3,2023-07-19,,,,,,,,,,,,SAME_BAR,09:30,,20.0,,HIGH,BOTH,66.0,,,,,,
3,2023-07-20,,,,,,,,,,,,HIGH,09:30,,52.25,,LOW,L_ONLY,149.75,,,,,,
3,2023-07-21,,,,,,,,,,,,SAME_BAR,09:30,,32.75,,LOW,L_ONLY,168.75,,,,,,
3,2023-07-24,,,,,,,,,,,,HIGH,09:30,,20.5,,NONE,NEITHER,135.0,,,,,,
3,2023-07-26,,,,,,,,,,,,LOW,09:30,,28.0,,LOW,BOTH,73.25,,,,,,
3,2023-07-27,,,,,,,,,,,,HIGH,09:30,,36.5,,LOW,L_ONLY,133.5,,,,,,
3,2023-07-28,,,,,,,,,,,,LOW,09:30,,41.0,,HIGH,H_ONLY,113.5,,,,,,
3,2023-07-31,,,,,,,,,,,,LOW,09:30,,39.25,,LOW,L_ONLY,99.75,,,,,,
3,2023-08-01,,,,,,,,,,,,HIGH,09:30,,43.75,,HIGH,BOTH,87.0,,,,,,
3,2023-08-04,,,,,,,,,,,,HIGH,09:30,,135.0,,HIGH,BOTH,190.75,,,,,,
3,2023-08-07,,,,,,,,,,,,HIGH,09:30,,54.5,,LOW,BOTH,116.25,,,,,,
3,2023-08-08,,,,,,,,,,,,LOW,09:30,,36.25,,LOW,BOTH,135.5,,,,,,
3,2023-08-10,,,,,,,,,,,,HIGH,09:45,,113.5,,LOW,L_ONLY,169.0,,,,,,
3,2023-08-14,,,,,,,,,,,,LOW,09:30,,42.5,,HIGH,H_ONLY,138.0,,,,,,
3,2023-08-15,,,,,,,,,,,,HIGH,09:30,,84.75,,LOW,L_ONLY,146.25,,,,,,
3,2023-08-16,,,,,,,,,,,,LOW,09:30,,36.5,,LOW,L_ONLY,93.0,,,,,,
3,2023-08-18,,,,,,,,,,,,HIGH,09:30,,41.5,,HIGH,H_ONLY,87.75,,,,,,
3,2023-08-21,,,,,,,,,,,,HIGH,09:35,,55.75,,LOW,BOTH,127.0,,,,,,
3,2023-08-25,,,,,,,,,,,,HIGH,09:30,,40.5,,LOW,L_ONLY,178.75,,,,,,
3,2023-08-28,,,,,,,,,,,,HIGH,09:30,,50.75,,LOW,L_ONLY,122.0,,,,,,
3,2023-08-30,,,,,,,,,,,,LOW,09:35,,45.75,,HIGH,H_ONLY,132.25,,,,,,
3,2023-09-06,,,,,,,,,,,,SAME_BAR,09:30,,28.0,,LOW,L_ONLY,128.75,,,,,,
3,2023-09-07,,,,,,,,,,,,LOW,09:30,,83.25,,HIGH,H_ONLY,83.5,,,,,,
3,2023-09-08,,,,,,,,,,,,HIGH,09:30,,28.25,,LOW,L_ONLY,120.5,,,,,,
3,2023-09-11,,,,,,,,,,,,HIGH,09:30,,29.5,,HIGH,H_ONLY,109.5,,,,,,
3,2023-09-12,,,,,,,,,,,,LOW,09:30,,52.0,,LOW,L_ONLY,78.5,,,,,,
3,2023-09-14,,,,,,,,,,,,LOW,09:50,,79.0,,HIGH,H_ONLY,107.75,,,,,,
3,2023-09-18,,,,,,,,,,,,SAME_BAR,09:30,,29.5,,HIGH,H_ONLY,96.5,,,,,,
3,2023-09-21,,,,,,,,,,,,HIGH,09:30,,47.75,,LOW,L_ONLY,101.25,,,,,,
3,2023-09-22,,,,,,,,,,,,LOW,09:30,,39.75,,HIGH,BOTH,76.0,,,,,,
3,2023-09-27,,,,,,,,,,,,HIGH,09:30,,47.75,,LOW,BOTH,100.0,,,,,,
3,2023-09-28,,,,,,,,,,,,LOW,09:30,,99.5,,HIGH,H_ONLY,115.25,,,,,,
3,2023-09-29,,,,,,,,,,,,HIGH,09:30,,58.75,,LOW,L_ONLY,90.75,,,,,,
3,2023-10-03,,,,,,,,,,,,HIGH,09:30,,48.75,,LOW,L_ONLY,204.0,,,,,,
3,2023-10-04,,,,,,,,,,,,SAME_BAR,09:30,,50.75,,HIGH,H_ONLY,100.0,,,,,,
3,2023-10-09,,,,,,,,,,,,LOW,09:30,,62.75,,HIGH,H_ONLY,117.25,,,,,,
3,2023-10-11,,,,,,,,,,,,HIGH,09:30,,60.75,,LOW,BOTH,86.5,,,,,,
3,2023-10-12,,,,,,,,,,,,HIGH,10:10,,83.0,,HIGH,BOTH,95.0,,,,,,
3,2023-10-13,,,,,,,,,,,,HIGH,09:30,,70.75,,LOW,L_ONLY,100.5,,,,,,
3,2023-10-17,,,,,,,,,,,,LOW,09:30,,93.25,,HIGH,H_ONLY,154.0,,,,,,
3,2023-10-18,,,,,,,,,,,,HIGH,09:30,,48.75,,LOW,L_ONLY,102.0,,,,,,
3,2023-10-19,,,,,,,,,,,,HIGH,09:30,,79.75,,LOW,BOTH,106.0,,,,,,
3,2023-10-20,,,,,,,,,,,,HIGH,09:40,,62.0,,LOW,L_ONLY,125.75,,,,,,
3,2023-10-23,,,,,,,,,,,,SAME_BAR,09:30,,34.25,,HIGH,H_ONLY,173.5,,,,,,
3,2023-10-24,,,,,,,,,,,,SAME_BAR,09:30,,40.75,,HIGH,BOTH,91.0,,,,,,
3,2023-10-26,,,,,,,,,,,,HIGH,09:30,,107.75,,LOW,L_ONLY,189.25,,,,,,
3,2023-10-27,,,,,,,,,,,,HIGH,09:30,,57.5,,LOW,BOTH,78.5,,,,,,
3,2023-10-30,,,,,,,,,,,,SAME_BAR,09:30,,27.5,,LOW,L_ONLY,145.75,,,,,,
3,2023-10-31,,,,,,,,,,,,LOW,09:30,,55.0,,HIGH,H_ONLY,117.5,,,,,,
3,2023-11-02,,,,,,,,,,,,LOW,09:30,,49.0,,HIGH,H_ONLY,83.0,,,,,,
3,2023-11-06,,,,,,,,,,,,HIGH,09:30,,22.25,,LOW,L_ONLY,72.5,,,,,,
3,2023-11-07,,,,,,,,,,,,HIGH,09:30,,58.75,,HIGH,H_ONLY,120.25,,,,,,
3,2023-11-08,,,,,,,,,,,,HIGH,09:30,,26.25,,LOW,L_ONLY,77.75,,,,,,
3,2023-11-09,,,,,,,,,,,,HIGH,09:30,,34.75,,LOW,BOTH,80.25,,,,,,
3,2023-11-13,,,,,,,,,,,,LOW,09:30,,47.25,,HIGH,H_ONLY,73.75,,,,,,
3,2023-11-16,,,,,,,,,,,,LOW,09:30,,49.75,,LOW,BOTH,80.5,,,,,,
3,2023-11-17,,,,,,,,,,,,LOW,09:30,,58.5,,LOW,BOTH,53.75,,,,,,
3,2023-11-22,,,,,,,,,,,,HIGH,09:30,,36.0,,NONE,NEITHER,168.0,,,,,,
3,2023-11-24,,,,,,,,,,,,SAME_BAR,09:30,,28.25,,LOW,L_ONLY,63.0,,,,,,
3,2023-11-27,,,,,,,,,,,,HIGH,09:30,,45.5,,HIGH,H_ONLY,80.0,,,,,,
3,2023-11-28,,,,,,,,,,,,HIGH,09:30,,24.0,,HIGH,H_ONLY,49.0,,,,,,
3,2023-11-29,,,,,,,,,,,,HIGH,09:30,,35.5,,LOW,L_ONLY,123.5,,,,,,
3,2023-12-01,,,,,,,,,,,,LOW,09:30,,27.5,,LOW,BOTH,90.0,,,,,,
3,2023-12-06,,,,,,,,,,,,HIGH,09:30,,80.5,,LOW,L_ONLY,162.0,,,,,,
3,2023-12-12,,,,,,,,,,,,LOW,09:30,,107.75,,HIGH,H_ONLY,93.75,,,,,,
3,2023-12-13,,,,,,,,,,,,HIGH,09:30,,34.5,,LOW,BOTH,60.0,,,,,,
3,2023-12-14,,,,,,,,,,,,HIGH,09:40,,54.0,,LOW,L_ONLY,91.25,,,,,,
3,2023-12-19,,,,,,,,,,,,SAME_BAR,09:30,,22.75,,HIGH,H_ONLY,53.25,,,,,,
3,2023-12-20,,,,,,,,,,,,SAME_BAR,09:30,,13.75,,HIGH,BOTH,83.5,,,,,,
3,2023-12-22,,,,,,,,,,,,HIGH,09:30,,83.5,,LOW,L_ONLY,52.25,,,,,,
3,2023-12-27,,,,,,,,,,,,HIGH,09:30,,17.75,,HIGH,H_ONLY,69.25,,,,,,
3,2023-12-29,,,,,,,,,,,,HIGH,09:30,,12.5,,LOW,L_ONLY,33.75,,,,,,
3,2024-01-03,,,,,,,,,,,,LOW,09:30,,54.5,,LOW,L_ONLY,97.0,,,,,,
3,2024-01-04,,,,,,,,,,,,LOW,09:30,,61.25,,HIGH,BOTH,90.0,,,,,,
3,2024-01-10,,,,,,,,,,,,HIGH,09:30,,33.75,,HIGH,H_ONLY,72.5,,,,,,
3,2024-01-15,,,,,,,,,,,,LOW,09:50,,31.0,,HIGH,BOTH,30.0,,,,,,
3,2024-01-16,,,,,,,,,,,,HIGH,09:30,,51.25,,HIGH,H_ONLY,148.75,,,,,,
3,2024-01-17,,,,,,,,,,,,LOW,09:30,,67.75,,HIGH,H_ONLY,153.75,,,,,,
3,2024-01-18,,,,,,,,,,,,HIGH,09:30,,68.5,,HIGH,BOTH,68.0,,,,,,
3,2024-01-19,,,,,,,,,,,,LOW,09:30,,55.5,,HIGH,H_ONLY,66.5,,,,,,
3,2024-01-22,,,,,,,,,,,,HIGH,09:30,,46.5,,LOW,L_ONLY,101.75,,,,,,
3,2024-01-23,,,,,,,,,,,,LOW,09:30,,50.5,,HIGH,H_ONLY,78.5,,,,,,
3,2024-01-24,,,,,,,,,,,,HIGH,09:30,,39.0,,HIGH,BOTH,81.5,,,,,,
3,2024-01-25,,,,,,,,,,,,HIGH,10:20,,113.5,,HIGH,BOTH,85.5,,,,,,
3,2024-01-26,,,,,,,,,,,,LOW,09:35,,78.5,,HIGH,BOTH,78.0,,,,,,
3,2024-01-29,,,,,,,,,,,,SAME_BAR,09:30,,19.75,,LOW,BOTH,57.5,,,,,,
3,2024-01-30,,,,,,,,,,,,HIGH,09:30,,27.25,,LOW,L_ONLY,68.25,,,,,,
3,2024-01-31,,,,,,,,,,,,LOW,09:30,,77.25,,LOW,BOTH,108.5,,,,,,
3,2024-02-01,,,,,,,,,,,,LOW,09:30,,57.75,,HIGH,BOTH,99.25,,,,,,
3,2024-02-02,,,,,,,,,,,,LOW,09:30,,128.5,,HIGH,H_ONLY,158.5,,,,,,
3,2024-02-05,,,,,,,,,,,,HIGH,09:30,,34.5,,LOW,BOTH,136.5,,,,,,
3,2024-02-06,,,,,,,,,,,,SAME_BAR,09:30,,25.75,,LOW,L_ONLY,169.5,,,,,,
3,2024-02-07,,,,,,,,,,,,LOW,09:35,,52.25,,HIGH,H_ONLY,149.0,,,,,,
3,2024-02-09,,,,,,,,,,,,LOW,09:30,,69.5,,HIGH,H_ONLY,94.75,,,,,,
3,2024-02-12,,,,,,,,,,,,SAME_BAR,09:30,,21.75,,HIGH,BOTH,43.75,,,,,,
3,2024-02-14,,,,,,,,,,,,HIGH,09:30,,34.25,,LOW,BOTH,104.0,,,,,,
3,2024-02-15,,,,,,,,,,,,LOW,09:30,,56.75,,LOW,BOTH,106.25,,,,,,
3,2024-02-19,,,,,,,,,,,,HIGH,09:30,,18.5,,LOW,L_ONLY,31.25,,,,,,
3,2024-02-20,,,,,,,,,,,,HIGH,09:30,,52.25,,LOW,L_ONLY,220.5,,,,,,
3,2024-02-21,,,,,,,,,,,,LOW,09:30,,34.25,,LOW,BOTH,77.25,,,,,,
3,2024-02-22,,,,,,,,,,,,SAME_BAR,09:30,,34.75,,HIGH,H_ONLY,106.25,,,,,,
3,2024-02-23,,,,,,,,,,,,HIGH,09:30,,58.5,,LOW,L_ONLY,101.0,,,,,,
3,2024-02-26,,,,,,,,,,,,HIGH,09:30,,33.0,,HIGH,BOTH,84.75,,,,,,
3,2024-02-28,,,,,,,,,,,,LOW,09:30,,43.75,,HIGH,BOTH,70.5,,,,,,
3,2024-03-06,,,,,,,,,,,,HIGH,09:30,,51.75,,HIGH,BOTH,163.0,,,,,,
3,2024-03-07,,,,,,,,,,,,HIGH,09:30,,54.5,,HIGH,H_ONLY,120.0,,,,,,
3,2024-03-08,,,,,,,,,,,,HIGH,09:55,,165.0,,HIGH,BOTH,148.75,,,,,,
3,2024-03-11,,,,,,,,,,,,LOW,09:30,,67.5,,HIGH,H_ONLY,110.5,,,,,,
3,2024-03-12,,,,,,,,,,,,LOW,09:40,,177.0,,HIGH,H_ONLY,193.25,,,,,,
3,2024-03-18,,,,,,,,,,,,HIGH,09:30,,32.75,,LOW,L_ONLY,103.5,,,,,,
3,2024-03-19,,,,,,,,,,,,HIGH,09:30,,72.75,,HIGH,H_ONLY,99.25,,,,,,
3,2024-03-20,,,,,,,,,,,,HIGH,09:30,,35.75,,LOW,BOTH,88.75,,,,,,
3,2024-03-21,,,,,,,,,,,,HIGH,09:40,,48.75,,LOW,L_ONLY,83.0,,,,,,
3,2024-03-25,,,,,,,,,,,,LOW,09:30,,30.5,,HIGH,H_ONLY,127.25,,,,,,
3,2024-03-26,,,,,,,,,,,,LOW,09:30,,50.5,,LOW,L_ONLY,60.5,,,,,,
3,2024-03-27,,,,,,,,,,,,HIGH,09:30,,57.5,,NONE,NEITHER,193.25,,,,,,
3,2024-03-28,,,,,,,,,,,,LOW,09:30,,53.75,,LOW,L_ONLY,81.5,,,,,,
3,2024-04-01,,,,,,,,,,,,HIGH,09:30,,43.75,,LOW,L_ONLY,124.5,,,,,,
3,2024-04-04,,,,,,,,,,,,HIGH,09:35,,105.5,,LOW,L_ONLY,81.25,,,,,,
3,2024-04-08,,,,,,,,,,,,LOW,09:30,,49.75,,HIGH,H_ONLY,103.75,,,,,,
3,2024-04-09,,,,,,,,,,,,HIGH,09:30,,46.0,,LOW,BOTH,134.5,,,,,,
3,2024-04-16,,,,,,,,,,,,LOW,09:30,,52.5,,HIGH,BOTH,109.5,,,,,,
3,2024-04-18,,,,,,,,,,,,LOW,09:30,,43.0,,HIGH,BOTH,126.75,,,,,,
3,2024-04-22,,,,,,,,,,,,HIGH,09:30,,52.0,,LOW,BOTH,149.25,,,,,,
3,2024-04-24,,,,,,,,,,,,HIGH,09:35,,66.5,,LOW,L_ONLY,84.0,,,,,,
3,2024-04-25,,,,,,,,,,,,LOW,09:30,,183.5,,HIGH,H_ONLY,138.75,,,,,,
3,2024-04-26,,,,,,,,,,,,LOW,09:30,,142.0,,HIGH,H_ONLY,172.25,,,,,,
3,2024-04-29,,,,,,,,,,,,HIGH,09:30,,25.5,,LOW,L_ONLY,119.0,,,,,,
3,2024-04-30,,,,,,,,,,,,HIGH,09:40,,87.25,,LOW,L_ONLY,71.25,,,,,,
3,2024-05-01,,,,,,,,,,,,LOW,09:55,,56.25,,LOW,BOTH,91.75,,,,,,
3,2024-05-02,,,,,,,,,,,,LOW,09:30,,61.5,,HIGH,H_ONLY,216.25,,,,,,
3,2024-05-06,,,,,,,,,,,,LOW,09:30,,24.5,,HIGH,H_ONLY,74.25,,,,,,
3,2024-05-09,,,,,,,,,,,,LOW,09:35,,53.75,,HIGH,H_ONLY,95.25,,,,,,
3,2024-05-10,,,,,,,,,,,,HIGH,09:30,,53.25,,LOW,L_ONLY,122.5,,,,,,
3,2024-05-13,,,,,,,,,,,,SAME_BAR,09:30,,35.0,,LOW,L_ONLY,84.0,,,,,,
3,2024-05-16,,,,,,,,,,,,LOW,09:30,,56.75,,HIGH,BOTH,51.0,,,,,,
3,2024-05-20,,,,,,,,,,,,SAME_BAR,09:30,,35.0,,HIGH,H_ONLY,123.25,,,,,,
3,2024-05-21,,,,,,,,,,,,LOW,09:30,,53.75,,HIGH,H_ONLY,53.5,,,,,,
3,2024-05-22,,,,,,,,,,,,HIGH,09:30,,26.0,,HIGH,BOTH,44.0,,,,,,
3,2024-05-28,,,,,,,,,,,,HIGH,09:30,,28.0,,HIGH,BOTH,97.5,,,,,,
3,2024-05-29,,,,,,,,,,,,HIGH,09:35,,58.25,,HIGH,BOTH,106.75,,,,,,
3,2024-06-03,,,,,,,,,,,,HIGH,09:30,,40.75,,LOW,L_ONLY,110.0,,,,,,
3,2024-06-04,,,,,,,,,,,,HIGH,09:30,,54.25,,HIGH,H_ONLY,96.25,,,,,,
3,2024-06-10,,,,,,,,,,,,LOW,09:30,,51.25,,HIGH,H_ONLY,59.75,,,,,,
3,2024-06-11,,,,,,,,,,,,HIGH,09:30,,24.25,,HIGH,H_ONLY,96.75,,,,,,
3,2024-06-17,,,,,,,,,,,,LOW,09:30,,29.75,,HIGH,H_ONLY,80.0,,,,,,
3,2024-06-21,,,,,,,,,,,,LOW,09:30,,57.75,,HIGH,H_ONLY,113.75,,,,,,
3,2024-06-24,,,,,,,,,,,,LOW,09:40,,72.0,,LOW,L_ONLY,128.75,,,,,,
3,2024-06-25,,,,,,,,,,,,LOW,09:35,,41.5,,HIGH,H_ONLY,105.75,,,,,,
3,2024-06-26,,,,,,,,,,,,HIGH,09:45,,70.0,,LOW,BOTH,104.75,,,,,,
3,2024-06-28,,,,,,,,,,,,LOW,09:30,,119.5,,LOW,L_ONLY,234.0,,,,,,
3,2024-07-01,,,,,,,,,,,,LOW,09:30,,41.75,,HIGH,H_ONLY,174.0,,,,,,
3,2024-07-08,,,,,,,,,,,,SAME_BAR,09:30,,16.25,,LOW,BOTH,56.75,,,,,,
3,2024-07-09,,,,,,,,,,,,HIGH,09:30,,26.25,,LOW,L_ONLY,78.5,,,,,,
3,2024-07-10,,,,,,,,,,,,SAME_BAR,09:30,,16.25,,LOW,BOTH,75.0,,,,,,
3,2024-07-15,,,,,,,,,,,,HIGH,09:30,,40.75,,HIGH,BOTH,105.75,,,,,,
3,2024-07-16,,,,,,,,,,,,HIGH,09:30,,78.5,,LOW,L_ONLY,199.0,,,,,,
3,2024-07-19,,,,,,,,,,,,LOW,09:30,,76.25,,LOW,L_ONLY,177.75,,,,,,
3,2024-07-22,,,,,,,,,,,,SAME_BAR,09:30,,51.5,,LOW,BOTH,144.0,,,,,,
3,2024-07-23,,,,,,,,,,,,HIGH,09:35,,61.0,,LOW,BOTH,114.25,,,,,,
3,2024-07-24,,,,,,,,,,,,SAME_BAR,09:30,,44.5,,LOW,L_ONLY,187.5,,,,,,
3,2024-07-25,,,,,,,,,,,,LOW,09:55,,164.5,,HIGH,H_ONLY,343.5,,,,,,
3,2024-07-26,,,,,,,,,,,,LOW,09:30,,80.5,,LOW,BOTH,147.0,,,,,,
3,2024-07-29,,,,,,,,,,,,LOW,09:30,,86.0,,LOW,L_ONLY,155.25,,,,,,
3,2024-07-30,,,,,,,,,,,,HIGH,09:30,,41.25,,LOW,L_ONLY,160.75,,,,,,
3,2024-08-01,,,,,,,,,,,,LOW,09:30,,130.0,,LOW,L_ONLY,237.0,,,,,,
3,2024-08-06,,,,,,,,,,,,HIGH,09:30,,93.5,,HIGH,H_ONLY,263.75,,,,,,
3,2024-08-07,,,,,,,,,,,,HIGH,09:30,,60.25,,LOW,L_ONLY,152.75,,,,,,
3,2024-08-12,,,,,,,,,,,,LOW,09:30,,58.25,,HIGH,H_ONLY,204.5,,,,,,
3,2024-08-14,,,,,,,,,,,,HIGH,09:30,,163.5,,LOW,BOTH,209.5,,,,,,
3,2024-08-19,,,,,,,,,,,,LOW,09:30,,38.0,,HIGH,H_ONLY,96.5,,,,,,
3,2024-08-20,,,,,,,,,,,,HIGH,09:40,,58.5,,LOW,L_ONLY,121.75,,,,,,
3,2024-08-21,,,,,,,,,,,,LOW,09:30,,27.5,,HIGH,BOTH,98.25,,,,,,
3,2024-08-22,,,,,,,,,,,,HIGH,09:30,,66.5,,LOW,L_ONLY,142.0,,,,,,
3,2024-08-23,,,,,,,,,,,,LOW,09:30,,52.5,,LOW,L_ONLY,197.75,,,,,,
3,2024-08-26,,,,,,,,,,,,SAME_BAR,09:30,,35.75,,LOW,L_ONLY,193.0,,,,,,
3,2024-08-27,,,,,,,,,,,,LOW,09:35,,91.25,,HIGH,H_ONLY,192.5,,,,,,
3,2024-08-28,,,,,,,,,,,,HIGH,09:30,,52.75,,LOW,L_ONLY,143.25,,,,,,
3,2024-08-29,,,,,,,,,,,,HIGH,09:30,,69.75,,HIGH,BOTH,206.75,,,,,,
3,2024-08-30,,,,,,,,,,,,HIGH,09:30,,64.5,,LOW,BOTH,114.75,,,,,,
3,2024-09-04,,,,,,,,,,,,HIGH,09:30,,62.75,,HIGH,H_ONLY,163.75,,,,,,
3,2024-09-05,,,,,,,,,,,,HIGH,09:30,,91.0,,LOW,L_ONLY,265.5,,,,,,
3,2024-09-09,,,,,,,,,,,,HIGH,09:30,,67.0,,LOW,BOTH,116.0,,,,,,
3,2024-09-10,,,,,,,,,,,,HIGH,09:30,,43.5,,LOW,BOTH,135.0,,,,,,
3,2024-09-11,,,,,,,,,,,,LOW,10:10,,197.0,,LOW,BOTH,263.0,,,,,,
3,2024-09-12,,,,,,,,,,,,LOW,09:30,,81.0,,HIGH,H_ONLY,165.0,,,,,,
3,2024-09-13,,,,,,,,,,,,LOW,09:30,,51.25,,HIGH,H_ONLY,130.75,,,,,,
3,2024-09-16,,,,,,,,,,,,LOW,09:30,,27.5,,LOW,L_ONLY,136.25,,,,,,
3,2024-09-17,,,,,,,,,,,,HIGH,09:30,,50.5,,HIGH,BOTH,119.75,,,,,,
3,2024-09-18,,,,,,,,,,,,SAME_BAR,09:30,,35.5,,LOW,BOTH,89.5,,,,,,
3,2024-09-19,,,,,,,,,,,,HIGH,09:30,,78.25,,HIGH,H_ONLY,172.0,,,,,,
3,2024-09-20,,,,,,,,,,,,HIGH,09:30,,62.25,,LOW,BOTH,110.25,,,,,,
3,2024-09-23,,,,,,,,,,,,LOW,09:30,,44.75,,HIGH,BOTH,89.0,,,,,,
3,2024-09-24,,,,,,,,,,,,HIGH,09:30,,58.5,,LOW,BOTH,190.0,,,,,,
3,2024-09-25,,,,,,,,,,,,HIGH,09:30,,21.25,,LOW,BOTH,133.0,,,,,,
3,2024-09-30,,,,,,,,,,,,HIGH,09:30,,42.0,,LOW,BOTH,135.0,,,,,,
3,2024-10-02,,,,,,,,,,,,LOW,09:30,,89.0,,HIGH,H_ONLY,181.25,,,,,,
3,2024-10-03,,,,,,,,,,,,LOW,09:30,,97.25,,LOW,L_ONLY,219.0,,,,,,
3,2024-10-07,,,,,,,,,,,,HIGH,09:30,,34.75,,HIGH,BOTH,93.25,,,,,,
3,2024-10-09,,,,,,,,,,,,LOW,09:35,,51.5,,HIGH,H_ONLY,116.25,,,,,,
3,2024-10-10,,,,,,,,,,,,LOW,09:45,,156.25,,HIGH,H_ONLY,114.25,,,,,,
3,2024-10-11,,,,,,,,,,,,LOW,09:30,,76.75,,HIGH,H_ONLY,166.5,,,,,,
3,2024-10-15,,,,,,,,,,,,HIGH,09:35,,47.0,,LOW,L_ONLY,149.0,,,,,,
3,2024-10-16,,,,,,,,,,,,LOW,09:30,,37.0,,HIGH,H_ONLY,151.0,,,,,,
3,2024-10-18,,,,,,,,,,,,LOW,09:30,,49.0,,HIGH,H_ONLY,90.25,,,,,,
3,2024-10-21,,,,,,,,,,,,HIGH,09:30,,47.0,,LOW,L_ONLY,131.75,,,,,,
3,2024-10-29,,,,,,,,,,,,SAME_BAR,09:30,,29.5,,HIGH,H_ONLY,170.75,,,,,,
3,2024-11-01,,,,,,,,,,,,LOW,09:30,,82.5,,HIGH,H_ONLY,213.5,,,,,,
3,2024-11-04,,,,,,,,,,,,LOW,09:30,,91.25,,HIGH,H_ONLY,191.25,,,,,,
3,2024-11-06,,,,,,,,,,,,HIGH,09:30,,66.25,,HIGH,H_ONLY,161.25,,,,,,
3,2024-11-12,,,,,,,,,,,,LOW,09:30,,37.0,,LOW,L_ONLY,72.25,,,,,,
3,2024-11-13,,,,,,,,,,,,LOW,09:45,,109.75,,HIGH,H_ONLY,128.0,,,,,,
3,2024-11-14,,,,,,,,,,,,HIGH,09:35,,61.25,,LOW,L_ONLY,134.25,,,,,,
3,2024-11-21,,,,,,,,,,,,SAME_BAR,09:30,,68.75,,LOW,L_ONLY,382.5,,,,,,
3,2024-11-22,,,,,,,,,,,,HIGH,09:30,,40.5,,HIGH,H_ONLY,150.75,,,,,,
3,2024-11-25,,,,,,,,,,,,HIGH,09:35,,102.25,,LOW,L_ONLY,211.75,,,,,,
3,2024-11-26,,,,,,,,,,,,HIGH,09:30,,56.5,,LOW,L_ONLY,105.25,,,,,,
3,2024-11-29,,,,,,,,,,,,LOW,09:30,,61.75,,HIGH,H_ONLY,168.0,,,,,,
3,2024-12-03,,,,,,,,,,,,LOW,09:30,,81.5,,HIGH,H_ONLY,99.75,,,,,,
3,2024-12-04,,,,,,,,,,,,LOW,09:30,,42.0,,HIGH,H_ONLY,76.0,,,,,,
3,2024-12-05,,,,,,,,,,,,HIGH,09:30,,30.5,,LOW,BOTH,53.75,,,,,,
3,2024-12-09,,,,,,,,,,,,SAME_BAR,09:30,,23.75,,LOW,L_ONLY,103.75,,,,,,
3,2024-12-10,,,,,,,,,,,,HIGH,09:35,,44.75,,LOW,L_ONLY,101.25,,,,,,
3,2024-12-12,,,,,,,,,,,,LOW,10:05,,86.0,,HIGH,BOTH,94.5,,,,,,
3,2024-12-13,,,,,,,,,,,,HIGH,09:35,,66.25,,LOW,L_ONLY,118.0,,,,,,
3,2024-12-17,,,,,,,,,,,,LOW,09:30,,42.0,,HIGH,BOTH,122.5,,,,,,
3,2024-12-19,,,,,,,,,,,,HIGH,09:30,,79.75,,LOW,L_ONLY,200.75,,,,,,
3,2024-12-23,,,,,,,,,,,,HIGH,09:30,,116.5,,HIGH,H_ONLY,198.75,,,,,,
3,2024-12-26,,,,,,,,,,,,HIGH,09:30,,57.25,,HIGH,H_ONLY,137.75,,,,,,
3,2024-12-30,,,,,,,,,,,,LOW,09:30,,116.0,,HIGH,H_ONLY,163.0,,,,,,
3,2025-01-07,,,,,,,,,,,,HIGH,09:30,,62.25,,LOW,L_ONLY,280.75,,,,,,
3,2025-01-08,,,,,,,,,,,,LOW,09:35,,79.0,,HIGH,BOTH,175.25,,,,,,
3,2025-01-13,,,,,,,,,,,,LOW,09:30,,84.5,,HIGH,H_ONLY,153.5,,,,,,
3,2025-01-20,,,,,,,,,,,,HIGH,09:30,,188.75,,LOW,L_ONLY,101.75,,,,,,
3,2025-01-21,,,,,,,,,,,,LOW,09:30,,48.25,,HIGH,H_ONLY,192.5,,,,,,
3,2025-01-23,,,,,,,,,,,,LOW,09:30,,43.0,,HIGH,H_ONLY,52.0,,,,,,
3,2025-01-24,,,,,,,,,,,,HIGH,09:45,,56.75,,LOW,L_ONLY,91.0,,,,,,
3,2025-01-27,,,,,,,,,,,,HIGH,09:30,,71.75,,HIGH,BOTH,261.25,,,,,,
3,2025-01-28,,,,,,,,,,,,LOW,09:30,,90.0,,HIGH,H_ONLY,322.25,,,,,,
3,2025-01-29,,,,,,,,,,,,LOW,09:30,,66.75,,LOW,BOTH,125.75,,,,,,
3,2025-01-30,,,,,,,,,,,,LOW,09:35,,73.75,,LOW,BOTH,226.75,,,,,,
3,2025-01-31,,,,,,,,,,,,HIGH,09:30,,58.75,,HIGH,BOTH,158.5,,,,,,
3,2025-02-03,,,,,,,,,,,,HIGH,09:30,,61.0,,HIGH,H_ONLY,249.25,,,,,,
3,2025-02-04,,,,,,,,,,,,SAME_BAR,09:30,,49.5,,HIGH,H_ONLY,258.25,,,,,,
3,2025-02-05,,,,,,,,,,,,HIGH,09:30,,47.75,,HIGH,H_ONLY,112.75,,,,,,
3,2025-02-06,,,,,,,,,,,,LOW,09:30,,40.25,,LOW,BOTH,110.5,,,,,,
3,2025-02-07,,,,,,,,,,,,HIGH,09:30,,139.75,,LOW,L_ONLY,282.0,,,,,,
3,2025-02-10,,,,,,,,,,,,LOW,09:30,,47.5,,HIGH,H_ONLY,129.5,,,,,,
3,2025-02-19,,,,,,,,,,,,LOW,09:30,,39.25,,HIGH,H_ONLY,103.5,,,,,,
3,2025-02-20,,,,,,,,,,,,SAME_BAR,09:30,,35.75,,NONE,NEITHER,274.5,,,,,,
3,2025-02-26,,,,,,,,,,,,LOW,09:30,,108.5,,HIGH,BOTH,184.0,,,,,,
3,2025-02-27,,,,,,,,,,,,HIGH,09:35,,105.0,,LOW,L_ONLY,484.75,,,,,,
3,2025-02-28,,,,,,,,,,,,LOW,09:30,,98.0,,HIGH,H_ONLY,298.0,,,,,,
3,2025-03-03,,,,,,,,,,,,SAME_BAR,09:30,,64.25,,LOW,L_ONLY,361.0,,,,,,
3,2025-03-04,,,,,,,,,,,,LOW,09:30,,128.5,,HIGH,H_ONLY,354.75,,,,,,
3,2025-03-05,,,,,,,,,,,,LOW,09:35,,89.75,,LOW,BOTH,226.75,,,,,,
3,2025-03-06,,,,,,,,,,,,LOW,09:30,,81.5,,HIGH,BOTH,255.5,,,,,,
3,2025-03-07,,,,,,,,,,,,LOW,09:30,,247.25,,LOW,BOTH,218.25,,,,,,
3,2025-03-11,,,,,,,,,,,,LOW,09:30,,87.0,,LOW,BOTH,300.5,,,,,,
3,2025-03-14,,,,,,,,,,,,SAME_BAR,09:30,,76.25,,HIGH,H_ONLY,184.0,,,,,,
3,2025-03-17,,,,,,,,,,,,HIGH,09:35,,120.5,,LOW,BOTH,164.5,,,,,,
3,2025-03-19,,,,,,,,,,,,HIGH,09:30,,49.5,,HIGH,H_ONLY,194.5,,,,,,
3,2025-03-20,,,,,,,,,,,,SAME_BAR,09:30,,81.25,,HIGH,H_ONLY,330.75,,,,,,
3,2025-03-24,,,,,,,,,,,,LOW,09:30,,33.5,,HIGH,H_ONLY,118.25,,,,,,
3,2025-03-25,,,,,,,,,,,,LOW,09:30,,52.75,,HIGH,H_ONLY,93.0,,,,,,
3,2025-03-27,,,,,,,,,,,,LOW,09:30,,94.0,,HIGH,BOTH,184.75,,,,,,
3,2025-03-31,,,,,,,,,,,,LOW,09:30,,76.75,,HIGH,H_ONLY,215.0,,,,,,
3,2025-04-01,,,,,,,,,,,,SAME_BAR,09:30,,57.75,,HIGH,H_ONLY,201.25,,,,,,
3,2025-04-02,,,,,,,,,,,,SAME_BAR,09:30,,77.25,,HIGH,BOTH,304.25,,,,,,
3,2025-04-03,,,,,,,,,,,,HIGH,09:30,,160.5,,LOW,L_ONLY,218.0,,,,,,
3,2025-04-07,,,,,,,,,,,,LOW,09:30,,320.0,,NONE,NEITHER,1688.0,,,,,,
3,2025-04-08,,,,,,,,,,,,HIGH,09:30,,244.0,,LOW,L_ONLY,298.0,,,,,,
3,2025-04-11,,,,,,,,,,,,LOW,09:30,,317.5,,LOW,BOTH,371.75,,,,,,
3,2025-04-15,,,,,,,,,,,,HIGH,09:30,,130.0,,LOW,L_ONLY,220.25,,,,,,
3,2025-04-16,,,,,,,,,,,,LOW,09:30,,139.0,,HIGH,BOTH,170.25,,,,,,
3,2025-04-21,,,,,,,,,,,,HIGH,09:30,,58.0,,LOW,L_ONLY,265.25,,,,,,
3,2025-04-23,,,,,,,,,,,,HIGH,09:30,,83.5,,HIGH,BOTH,228.0,,,,,,
3,2025-04-28,,,,,,,,,,,,SAME_BAR,09:30,,58.0,,LOW,BOTH,189.75,,,,,,
3,2025-04-30,,,,,,,,,,,,LOW,09:30,,272.25,,HIGH,H_ONLY,211.25,,,,,,
3,2025-05-01,,,,,,,,,,,,LOW,09:30,,58.0,,HIGH,BOTH,145.5,,,,,,
3,2025-05-05,,,,,,,,,,,,HIGH,09:30,,46.25,,HIGH,BOTH,125.75,,,,,,
3,2025-05-06,,,,,,,,,,,,LOW,09:30,,63.0,,HIGH,H_ONLY,170.5,,,,,,
3,2025-05-07,,,,,,,,,,,,LOW,09:30,,82.75,,HIGH,BOTH,119.5,,,,,,
3,2025-05-08,,,,,,,,,,,,LOW,09:30,,92.0,,LOW,BOTH,149.0,,,,,,
3,2025-05-09,,,,,,,,,,,,HIGH,09:30,,59.5,,LOW,L_ONLY,168.0,,,,,,
3,2025-05-12,,,,,,,,,,,,LOW,09:30,,75.75,,LOW,BOTH,198.75,,,,,,
3,2025-05-14,,,,,,,,,,,,HIGH,09:30,,55.5,,HIGH,H_ONLY,131.5,,,,,,
3,2025-05-16,,,,,,,,,,,,LOW,09:30,,81.5,,LOW,BOTH,81.75,,,,,,
3,2025-05-20,,,,,,,,,,,,LOW,09:35,,53.25,,HIGH,BOTH,85.0,,,,,,
3,2025-05-21,,,,,,,,,,,,HIGH,09:30,,62.75,,HIGH,BOTH,164.25,,,,,,
3,2025-05-27,,,,,,,,,,,,LOW,09:30,,61.5,,HIGH,H_ONLY,190.75,,,,,,
3,2025-05-28,,,,,,,,,,,,HIGH,09:35,,49.5,,LOW,BOTH,129.25,,,,,,
3,2025-05-30,,,,,,,,,,,,HIGH,09:30,,95.75,,HIGH,BOTH,158.0,,,,,,
3,2025-06-02,,,,,,,,,,,,HIGH,09:30,,52.75,,HIGH,H_ONLY,223.25,,,,,,
3,2025-06-04,,,,,,,,,,,,HIGH,09:30,,62.5,,HIGH,H_ONLY,152.25,,,,,,
3,2025-06-05,,,,,,,,,,,,LOW,09:45,,185.5,,HIGH,BOTH,149.0,,,,,,
3,2025-06-09,,,,,,,,,,,,LOW,09:30,,21.5,,HIGH,H_ONLY,115.5,,,,,,
3,2025-06-10,,,,,,,,,,,,LOW,09:30,,38.75,,LOW,BOTH,75.25,,,,,,
3,2025-06-12,,,,,,,,,,,,HIGH,09:30,,154.5,,HIGH,BOTH,112.0,,,,,,
3,2025-06-13,,,,,,,,,,,,HIGH,09:30,,75.25,,HIGH,BOTH,177.75,,,,,,
3,2025-06-16,,,,,,,,,,,,HIGH,09:30,,49.5,,HIGH,BOTH,187.5,,,,,,
3,2025-06-17,,,,,,,,,,,,HIGH,09:30,,68.0,,HIGH,BOTH,107.5,,,,,,
3,2025-06-18,,,,,,,,,,,,LOW,09:30,,34.75,,HIGH,BOTH,156.75,,,,,,
3,2025-06-19,,,,,,,,,,,,LOW,09:35,,77.75,,HIGH,H_ONLY,136.5,,,,,,
3,2025-06-20,,,,,,,,,,,,HIGH,09:35,,120.25,,LOW,L_ONLY,242.0,,,,,,
3,2025-06-23,,,,,,,,,,,,LOW,09:30,,54.5,,HIGH,BOTH,253.75,,,,,,
3,2025-06-25,,,,,,,,,,,,HIGH,09:30,,28.5,,LOW,L_ONLY,84.5,,,,,,
3,2025-06-26,,,,,,,,,,,,LOW,09:30,,60.25,,HIGH,H_ONLY,99.0,,,,,,
3,2025-06-27,,,,,,,,,,,,LOW,09:30,,71.0,,LOW,L_ONLY,140.25,,,,,,
3,2025-06-30,,,,,,,,,,,,LOW,09:30,,35.75,,LOW,BOTH,81.25,,,,,,
3,2025-07-01,,,,,,,,,,,,HIGH,09:30,,47.25,,LOW,L_ONLY,99.5,,,,,,
3,2025-07-08,,,,,,,,,,,,LOW,09:30,,41.5,,LOW,BOTH,94.5,,,,,,
3,2025-07-09,,,,,,,,,,,,HIGH,09:30,,56.0,,LOW,L_ONLY,134.0,,,,,,
3,2025-07-10,,,,,,,,,,,,SAME_BAR,09:30,,43.75,,LOW,L_ONLY,188.75,,,,,,
3,2025-07-11,,,,,,,,,,,,HIGH,09:30,,36.25,,HIGH,H_ONLY,141.5,,,,,,
3,2025-07-14,,,,,,,,,,,,HIGH,09:30,,56.75,,HIGH,H_ONLY,147.0,,,,,,
3,2025-07-15,,,,,,,,,,,,HIGH,09:30,,68.0,,LOW,L_ONLY,102.25,,,,,,
3,2025-07-16,,,,,,,,,,,,SAME_BAR,09:30,,56.75,,LOW,BOTH,140.75,,,,,,
3,2025-07-17,,,,,,,,,,,,LOW,09:30,,71.0,,HIGH,H_ONLY,109.5,,,,,,
3,2025-07-22,,,,,,,,,,,,SAME_BAR,09:30,,21.5,,NONE,NEITHER,241.75,,,,,,
3,2025-07-23,,,,,,,,,,,,LOW,09:30,,44.5,,HIGH,H_ONLY,117.0,,,,,,
3,2025-07-24,,,,,,,,,,,,HIGH,09:30,,53.5,,HIGH,H_ONLY,102.75,,,,,,
3,2025-07-25,,,,,,,,,,,,LOW,09:30,,39.75,,HIGH,H_ONLY,85.25,,,,,,
3,2025-07-28,,,,,,,,,,,,LOW,09:30,,54.75,,LOW,BOTH,64.25,,,,,,
3,2025-07-29,,,,,,,,,,,,HIGH,09:30,,29.5,,LOW,L_ONLY,113.75,,,,,,
3,2025-07-30,,,,,,,,,,,,LOW,09:30,,35.5,,HIGH,BOTH,75.5,,,,,,
3,2025-08-05,,,,,,,,,,,,LOW,09:30,,41.75,,LOW,L_ONLY,135.5,,,,,,
3,2025-08-07,,,,,,,,,,,,SAME_BAR,09:30,,36.0,,LOW,L_ONLY,128.5,,,,,,
3,2025-08-11,,,,,,,,,,,,LOW,09:30,,34.75,,HIGH,BOTH,86.75,,,,,,
3,2025-08-12,,,,,,,,,,,,LOW,09:55,,159.75,,HIGH,H_ONLY,186.25,,,,,,
3,2025-08-13,,,,,,,,,,,,HIGH,09:30,,43.0,,LOW,L_ONLY,121.5,,,,,,
3,2025-08-18,,,,,,,,,,,,HIGH,09:30,,35.25,,LOW,BOTH,89.25,,,,,,
3,2025-08-21,,,,,,,,,,,,SAME_BAR,09:30,,61.0,,LOW,L_ONLY,192.25,,,,,,
3,2025-08-22,,,,,,,,,,,,SAME_BAR,09:30,,36.75,,HIGH,H_ONLY,427.5,,,,,,
3,2025-08-25,,,,,,,,,,,,SAME_BAR,09:30,,36.5,,HIGH,BOTH,117.75,,,,,,
3,2025-08-26,,,,,,,,,,,,HIGH,09:30,,19.75,,HIGH,H_ONLY,121.0,,,,,,
3,2025-08-27,,,,,,,,,,,,LOW,09:30,,62.0,,HIGH,BOTH,119.0,,,,,,
3,2025-08-28,,,,,,,,,,,,HIGH,09:30,,59.75,,HIGH,H_ONLY,169.75,,,,,,
3,2025-09-01,,,,,,,,,,,,LOW,09:30,,20.5,,HIGH,BOTH,53.0,,,,,,
3,2025-09-02,,,,,,,,,,,,LOW,09:30,,112.25,,HIGH,H_ONLY,254.75,,,,,,
3,2025-09-03,,,,,,,,,,,,LOW,09:30,,57.25,,HIGH,BOTH,102.25,,,,,,
3,2025-09-04,,,,,,,,,,,,SAME_BAR,09:30,,46.75,,HIGH,H_ONLY,138.25,,,,,,
3,2025-09-05,,,,,,,,,,,,HIGH,09:30,,172.25,,LOW,L_ONLY,273.5,,,,,,
3,2025-09-09,,,,,,,,,,,,HIGH,09:30,,52.25,,LOW,BOTH,76.5,,,,,,
3,2025-09-12,,,,,,,,,,,,HIGH,09:30,,36.5,,HIGH,H_ONLY,74.75,,,,,,
3,2025-09-17,,,,,,,,,,,,SAME_BAR,09:30,,24.25,,LOW,BOTH,103.25,,,,,,
3,2025-09-24,,,,,,,,,,,,SAME_BAR,09:30,,19.0,,LOW,L_ONLY,114.75,,,,,,
3,2025-09-25,,,,,,,,,,,,LOW,09:30,,71.25,,HIGH,H_ONLY,219.25,,,,,,
3,2025-09-29,,,,,,,,,,,,HIGH,09:40,,63.0,,LOW,L_ONLY,127.25,,,,,,
3,2025-09-30,,,,,,,,,,,,LOW,09:30,,33.25,,HIGH,H_ONLY,108.75,,,,,,
3,2025-10-01,,,,,,,,,,,,SAME_BAR,09:30,,36.0,,HIGH,H_ONLY,167.0,,,,,,
3,2025-10-03,,,,,,,,,,,,HIGH,09:30,,42.5,,LOW,L_ONLY,117.0,,,,,,
3,2025-10-06,,,,,,,,,,,,SAME_BAR,09:30,,38.5,,LOW,BOTH,105.0,,,,,,
3,2025-10-09,,,,,,,,,,,,LOW,09:30,,23.5,,LOW,BOTH,90.5,,,,,,
3,2025-10-10,,,,,,,,,,,,HIGH,09:30,,41.5,,LOW,L_ONLY,94.5,,,,,,
3,2025-10-13,,,,,,,,,,,,LOW,09:30,,108.75,,HIGH,H_ONLY,189.0,,,,,,
3,2025-10-14,,,,,,,,,,,,LOW,09:35,,100.75,,HIGH,H_ONLY,304.0,,,,,,
3,2025-10-15,,,,,,,,,,,,LOW,09:30,,41.5,,HIGH,BOTH,216.25,,,,,,
3,2025-10-16,,,,,,,,,,,,HIGH,09:30,,79.5,,HIGH,BOTH,111.75,,,,,,
3,2025-10-17,,,,,,,,,,,,LOW,09:30,,78.0,,HIGH,H_ONLY,288.25,,,,,,
3,2025-10-21,,,,,,,,,,,,LOW,09:30,,39.5,,LOW,BOTH,99.25,,,,,,
3,2025-10-22,,,,,,,,,,,,LOW,09:30,,35.75,,LOW,L_ONLY,175.0,,,,,,
3,2025-10-27,,,,,,,,,,,,SAME_BAR,09:30,,28.25,,HIGH,H_ONLY,79.25,,,,,,
3,2025-10-29,,,,,,,,,,,,HIGH,09:30,,32.0,,LOW,BOTH,71.75,,,,,,
3,2025-10-30,,,,,,,,,,,,LOW,09:30,,96.25,,LOW,BOTH,240.25,,,,,,
3,2025-11-03,,,,,,,,,,,,HIGH,09:30,,117.0,,LOW,L_ONLY,233.0,,,,,,
3,2025-11-04,,,,,,,,,,,,SAME_BAR,09:30,,67.5,,LOW,L_ONLY,230.5,,,,,,
3,2025-11-05,,,,,,,,,,,,LOW,09:30,,66.0,,HIGH,H_ONLY,230.5,,,,,,
3,2025-11-07,,,,,,,,,,,,LOW,09:30,,75.25,,LOW,BOTH,229.0,,,,,,
3,2025-11-10,,,,,,,,,,,,HIGH,09:30,,37.5,,LOW,BOTH,141.25,,,,,,
3,2025-11-11,,,,,,,,,,,,HIGH,09:30,,46.25,,LOW,BOTH,113.25,,,,,,
3,2025-11-14,,,,,,,,,,,,LOW,09:30,,106.75,,HIGH,H_ONLY,402.5,,,,,,
3,2025-11-17,,,,,,,,,,,,SAME_BAR,09:30,,109.5,,LOW,L_ONLY,299.0,,,,,,
3,2025-11-18,,,,,,,,,,,,SAME_BAR,09:30,,72.25,,LOW,L_ONLY,402.0,,,,,,
3,2025-11-19,,,,,,,,,,,,LOW,09:30,,100.25,,LOW,BOTH,415.5,,,,,,
3,2025-11-20,,,,,,,,,,,,HIGH,09:45,,134.75,,HIGH,BOTH,153.75,,,,,,
3,2025-11-21,,,,,,,,,,,,SAME_BAR,09:30,,97.25,,LOW,BOTH,270.75,,,,,,
3,2025-11-25,,,,,,,,,,,,LOW,09:30,,118.0,,HIGH,H_ONLY,277.5,,,,,,
3,2025-11-26,,,,,,,,,,,,HIGH,09:30,,56.5,,HIGH,H_ONLY,146.5,,,,,,
3,2025-11-27,,,,,,,,,,,,HIGH,09:30,,24.5,,LOW,BOTH,30.75,,,,,,
3,2025-11-28,,,,,,,,,,,,HIGH,09:35,,51.25,,HIGH,H_ONLY,91.0,,,,,,
3,2025-12-01,,,,,,,,,,,,SAME_BAR,09:30,,64.5,,HIGH,H_ONLY,179.75,,,,,,
3,2025-12-02,,,,,,,,,,,,SAME_BAR,09:30,,42.25,,HIGH,BOTH,183.5,,,,,,
3,2025-12-08,,,,,,,,,,,,SAME_BAR,09:30,,42.0,,LOW,L_ONLY,203.75,,,,,,
3,2025-12-09,,,,,,,,,,,,LOW,09:30,,63.0,,HIGH,H_ONLY,110.0,,,,,,
3,2025-12-10,,,,,,,,,,,,LOW,09:30,,80.5,,LOW,BOTH,105.25,,,,,,
3,2025-12-11,,,,,,,,,,,,LOW,09:30,,55.0,,HIGH,H_ONLY,260.0,,,,,,
3,2025-12-22,,,,,,,,,,,,SAME_BAR,09:30,,54.5,,LOW,L_ONLY,122.5,,,,,,
3,2025-12-24,,,,,,,,,,,,LOW,09:30,,40.75,,HIGH,H_ONLY,56.75,,,,,,
3,2025-12-26,,,,,,,,,,,,LOW,09:30,,32.5,,NONE,NEITHER,101.0,,,,,,
3,2025-12-29,,,,,,,,,,,,HIGH,09:35,,92.0,,LOW,L_ONLY,157.25,,,,,,
3,2025-12-30,,,,,,,,,,,,LOW,09:35,,46.5,,HIGH,BOTH,100.5,,,,,,
3,2026-01-02,,,,,,,,,,,,SAME_BAR,09:30,,44.75,,LOW,L_ONLY,346.5,,,,,,
3,2026-01-09,,,,,,,,,,,,LOW,09:30,,124.75,,HIGH,H_ONLY,245.25,,,,,,
3,2026-01-15,,,,,,,,,,,,LOW,09:35,,95.5,,LOW,L_ONLY,111.25,,,,,,
3,2026-01-16,,,,,,,,,,,,HIGH,09:30,,69.25,,LOW,L_ONLY,227.25,,,,,,
3,2026-01-19,,,,,,,,,,,,LOW,09:30,,66.25,,HIGH,H_ONLY,107.5,,,,,,
3,2026-01-20,,,,,,,,,,,,HIGH,09:30,,72.25,,HIGH,BOTH,134.75,,,,,,
3,2026-01-27,,,,,,,,,,,,SAME_BAR,09:30,,29.0,,HIGH,H_ONLY,157.5,,,,,,
3,2026-01-28,,,,,,,,,,,,SAME_BAR,09:30,,50.75,,LOW,L_ONLY,96.0,,,,,,
3,2026-01-30,,,,,,,,,,,,HIGH,09:30,,123.0,,LOW,L_ONLY,149.25,,,,,,
3,2026-02-05,,,,,,,,,,,,LOW,09:30,,144.0,,LOW,L_ONLY,410.75,,,,,,
3,2026-02-06,,,,,,,,,,,,SAME_BAR,09:30,,103.75,,HIGH,H_ONLY,283.25,,,,,,
3,2026-02-09,,,,,,,,,,,,LOW,09:30,,85.75,,HIGH,H_ONLY,298.5,,,,,,
3,2026-02-10,,,,,,,,,,,,HIGH,09:30,,96.5,,LOW,L_ONLY,191.5,,,,,,
3,2026-02-11,,,,,,,,,,,,HIGH,09:30,,213.25,,NONE,NEITHER,407.0,,,,,,
3,2026-02-13,,,,,,,,,,,,LOW,09:30,,127.75,,HIGH,H_ONLY,291.75,,,,,,
3,2026-02-17,,,,,,,,,,,,HIGH,09:30,,128.25,,LOW,BOTH,353.5,,,,,,
3,2026-02-18,,,,,,,,,,,,LOW,09:30,,113.25,,HIGH,H_ONLY,322.0,,,,,,
3,2026-02-19,,,,,,,,,,,,HIGH,09:30,,83.0,,HIGH,BOTH,193.5,,,,,,
3,2026-02-20,,,,,,,,,,,,LOW,09:30,,166.25,,HIGH,H_ONLY,404.5,,,,,,
3,2026-02-23,,,,,,,,,,,,HIGH,09:30,,72.5,,LOW,L_ONLY,199.5,,,,,,
3,2026-02-24,,,,,,,,,,,,LOW,09:30,,94.75,,HIGH,H_ONLY,320.0,,,,,,
3,2026-02-27,,,,,,,,,,,,HIGH,09:30,,89.5,,HIGH,H_ONLY,215.5,,,,,,
3,2026-03-03,,,,,,,,,,,,HIGH,09:30,,95.75,,HIGH,H_ONLY,309.25,,,,,,
3,2026-03-04,,,,,,,,,,,,SAME_BAR,09:30,,78.5,,HIGH,H_ONLY,320.25,,,,,,
3,2026-03-05,,,,,,,,,,,,HIGH,09:30,,109.5,,LOW,L_ONLY,224.5,,,,,,
3,2026-03-06,,,,,,,,,,,,LOW,09:35,,296.25,,HIGH,BOTH,220.25,,,,,,
3,2026-03-09,,,,,,,,,,,,HIGH,09:30,,107.25,,HIGH,H_ONLY,212.25,,,,,,
3,2026-03-11,,,,,,,,,,,,HIGH,09:30,,148.75,,LOW,L_ONLY,201.25,,,,,,
3,2026-03-13,,,,,,,,,,,,LOW,09:35,,104.0,,LOW,L_ONLY,194.25,,,,,,
4,2021-10-13,,,,,Z1,,,,,,,,,H_ONLY,106.25,11:35,,BOTH,111.75,,,1.052,,,
4,2022-03-25,,,,,M2,,,,,,,,,L_ONLY,69.25,10:35,,BOTH,94.25,,,1.361,,,
4,2022-03-31,,,,,M2,,,,,,,,,L_ONLY,63.0,10:55,,BOTH,124.0,,,1.968,,,
4,2022-04-08,,,,,M2,,,,,,,,,L_ONLY,109.75,11:00,,BOTH,164.25,,,1.497,,,
4,2022-11-29,,,,,Z2,,,,,,,,,L_ONLY,34.25,10:30,,BOTH,66.75,,,1.949,,,
4,2022-12-23,,,,,H3,,,,,,,,,L_ONLY,163.75,10:30,,H_ONLY,138.25,,,0.844,,,
4,2023-01-10,,,,,H3,,,,,,,,,H_ONLY,79.5,10:40,,BOTH,145.25,,,1.827,,,
4,2023-03-10,,,,,M3,,,,,,,,,L_ONLY,177.0,11:25,,BOTH,164.0,,,0.927,,,
4,2023-03-15,,,,,M3,,,,,,,,,H_ONLY,119.25,10:30,,BOTH,94.0,,,0.788,,,
4,2023-03-29,,,,,M3,,,,,,,,,H_ONLY,57.25,10:30,,BOTH,51.75,,,0.904,,,
4,2023-05-10,,,,,M3,,,,,,,,,H_ONLY,150.25,10:45,,BOTH,112.5,,,0.749,,,
4,2023-06-19,,,,,U3,,,,,,,,,L_ONLY,19.0,20:00,,BOTH,22.5,,,1.184,,,
4,2023-07-06,,,,,U3,,,,,,,,,L_ONLY,96.0,12:30,,H_ONLY,102.75,,,1.07,,,
4,2023-07-12,,,,,U3,,,,,,,,,H_ONLY,127.0,11:35,,L_ONLY,99.25,,,0.781,,,
4,2023-11-15,,,,,Z3,,,,,,,,,L_ONLY,112.25,10:50,,BOTH,67.5,,,0.601,,,
4,2024-01-12,,,,,H4,,,,,,,,,H_ONLY,101.5,10:45,,L_ONLY,107.25,,,1.057,,,
4,2024-02-13,,,,,H4,,,,,,,,,L_ONLY,254.25,10:30,,BOTH,156.0,,,0.614,,,
4,2024-02-29,,,,,H4,,,,,,,,,H_ONLY,168.75,11:00,,BOTH,91.5,,,0.542,,,
4,2024-04-02,,,,,M4,,,,,,,,,L_ONLY,145.5,13:00,,H_ONLY,90.5,,,0.622,,,
4,2024-05-17,,,,,M4,,,,,,,,,L_ONLY,35.5,10:30,,BOTH,47.0,,,1.324,,,
4,2024-06-27,,,,,U4,,,,,,,,,H_ONLY,55.0,11:25,,BOTH,127.0,,,2.309,,,
4,2024-10-04,,,,,Z4,,,,,,,,,L_ONLY,199.75,15:55,,H_ONLY,225.75,,,1.13,,,
4,2024-10-14,,,,,Z4,,,,,,,,,H_ONLY,55.75,11:00,,L_ONLY,139.0,,,2.493,,,
4,2024-10-25,,,,,Z4,,,,,,,,,H_ONLY,61.25,13:40,,L_ONLY,217.0,,,3.543,,,
4,2024-11-20,,,,,Z4,,,,,,,,,L_ONLY,83.25,15:55,,H_ONLY,279.0,,,3.351,,,
4,2024-12-18,,,,,H5,,,,,,,,,L_ONLY,96.75,10:35,,BOTH,104.75,,,1.083,,,
4,2025-04-25,,,,,M5,,,,,,,,,H_ONLY,90.25,10:30,,BOTH,170.0,,,1.884,,,
4,2025-06-11,,,,,M5,,,,,,,,,L_ONLY,160.75,10:30,,BOTH,127.5,,,0.793,,,
4,2025-09-26,,,,,Z5,,,,,,,,,L_ONLY,108.0,14:40,,H_ONLY,213.25,,,1.975,,,
4,2025-10-28,,,,,Z5,,,,,,,,,H_ONLY,62.5,10:30,,BOTH,65.25,,,1.044,,,
4,2025-12-05,,,,,Z5,,,,,,,,,H_ONLY,109.25,11:30,,L_ONLY,194.5,,,1.78,,,
5,2021-09-10,,,,L_ONLY,,,,,,,Y,,,,,,,,,86.2,58.0,,,,15660.0
5,2021-09-13,,,,L_ONLY,,,,,,,Y,,,,,,,,,56.6,113.25,,,,15557.5
5,2021-09-14,,,,L_ONLY,,,,,,,Y,,,,,,,,,29.3,35.0,,,,15524.25
5,2021-09-15,,,,H_ONLY,,,,,,,Y,,,,,,,,,8.5,10.75,,,,15307.75
5,2021-09-16,,,,BOTH,,,,,11:20,155,N,,,,,,,,,0,0,,13:55,,0
5,2021-09-17,,,,L_ONLY,,,,,,,Y,,,,,,,,,79.9,97.5,,,,15485.0
5,2021-09-20,,,,L_ONLY,,,,,,,Y,,,,,,,,,71.6,98.75,,,,15151.25
5,2021-09-21,,,,L_ONLY,,,,,,,Y,,,,,,,,,9.5,12.25,,,,15131.75
5,2021-09-22,,,,H_ONLY,,,,,,,Y,,,,,,,,,64.7,75.5,,,,15014.75
5,2021-09-23,,,,H_ONLY,,,,,,,Y,,,,,,,,,53.4,83.5,,,,15182.0
5,2021-09-24,,,,H_ONLY,,,,,,,Y,,,,,,,,,20.9,15.25,,,,15189.75
5,2021-09-27,,,,H_ONLY,,,,,,,Y,,,,,,,,,27.8,36.25,,,,15084.0
5,2021-09-28,,,,L_ONLY,,,,,,,Y,,,,,,,,,72.5,146.0,,,,15029.0
5,2021-09-29,,,,L_ONLY,,,,,,,Y,,,,,,,,,14.5,17.25,,,,14906.25
5,2021-09-30,,,,L_ONLY,,,,,,,Y,,,,,,,,,51.5,38.25,,,,14878.75
5,2021-10-01,,,,BOTH,,,,,10:35,190,N,,,,,,,,,0,0,,13:45,,0
5,2021-10-04,,,,L_ONLY,,,,,,,Y,,,,,,,,,99.5,208.75,,,,14720.0
5,2021-10-05,,,,H_ONLY,,,,,,,Y,,,,,,,,,81.7,113.5,,,,14497.5
5,2021-10-06,,,,H_ONLY,,,,,,,Y,,,,,,,,,45.2,83.75,,,,14483.75
5,2021-10-07,,,,H_ONLY,,,,,,,Y,,,,,,,,,6.9,9.25,,,,14859.25
5,2021-10-08,,,,L_ONLY,,,,,,,Y,,,,,,,,,41.4,40.25,,,,14943.0
5,2021-10-11,,,,L_ONLY,,,,,,,Y,,,,,,,,,2.0,3.5,,,,14897.25
5,2021-10-12,,,,L_ONLY,,,,,,,Y,,,,,,,,,36.7,46.75,,,,14779.0
5,2021-10-13,,,,BOTH,,,,,11:35,145,N,,,,,,,,,0,0,,14:00,,0
5,2021-10-14,,,,H_ONLY,,,,,,,Y,,,,,,,,,72.5,75.0,,,,14890.5
5,2021-10-15,,,,H_ONLY,,,,,,,Y,,,,,,,,,8.5,4.5,,,,15046.0
5,2021-10-18,,,,H_ONLY,,,,,,,Y,,,,,,,,,67.6,73.5,,,,15052.0
5,2021-10-19,,,,H_ONLY,,,,,,,Y,,,,,,,,,42.7,25.5,,,,15302.0
5,2021-10-20,,,,BOTH,,,,,10:30,130,N,,,,,,,,,0,0,,12:40,,0
5,2021-10-21,,,,H_ONLY,,,,,,,Y,,,,,,,,,65.7,61.75,,,,15334.0
5,2021-10-22,,,,BOTH,,,,,10:30,45,N,,,,,,,,,0,0,,11:15,,0
5,2021-10-25,,,,H_ONLY,,,,,,,Y,,,,,,,,,63.1,70.5,,,,15322.25
5,2021-10-26,,,,BOTH,,,,,10:50,70,N,,,,,,,,,0,0,,12:00,,0
5,2021-10-27,,,,H_ONLY,,,,,,,Y,,,,,,,,,26.1,23.25,,,,15558.75
5,2021-10-28,,,,BOTH,,,,,10:30,360,N,,,,,,,,,0,0,,16:30,,0
5,2021-10-29,,,,H_ONLY,,,,,,,Y,,,,,,,,,57.8,52.75,,,,15615.75
5,2021-11-01,,,,H_ONLY,,,,,,,Y,,,,,,,,,20.5,20.5,,,,15768.5
5,2021-11-02,,,,H_ONLY,,,,,,,Y,,,,,,,,,39.6,41.25,,,,15864.0
5,2021-11-03,,,,H_ONLY,,,,,,,Y,,,,,,,,,6.9,4.25,,,,15935.25
5,2021-11-04,,,,H_ONLY,,,,,,,Y,,,,,,,,,61.5,86.25,,,,16157.0
5,2021-11-05,,,,L_ONLY,,,,,,,Y,,,,,,,,,0.3,0.25,,,,16448.5
5,2021-11-08,,,,L_ONLY,,,,,,,Y,,,,,,,,,13.7,10.5,,,,16394.0
5,2021-11-09,,,,L_ONLY,,,,,,,Y,,,,,,,,,52.0,105.25,,,,16391.75
5,2021-11-10,,,,L_ONLY,,,,,,,Y,,,,,,,,,10.9,19.5,,,,16221.0
5,2021-11-11,,,,L_ONLY,,,,,,,Y,,,,,,,,,19.5,13.5,,,,16110.5
5,2021-11-12,,,,H_ONLY,,,,,,,Y,,,,,,,,,55.4,42.25,,,,16001.75
5,2021-11-15,,,,L_ONLY,,,,,,,Y,,,,,,,,,61.7,59.25,,,,16254.25
5,2021-11-16,,,,H_ONLY,,,,,,,Y,,,,,,,,,41.1,45.5,,,,16149.25
5,2021-11-17,,,,H_ONLY,,,,,,,Y,,,,,,,,,32.0,18.25,,,,16270.0
5,2021-11-18,,,,H_ONLY,,,,,,,Y,,,,,,,,,23.0,27.0,,,,16303.5
5,2021-11-19,,,,H_ONLY,,,,,,,Y,,,,,,,,,17.1,17.25,,,,16516.25
5,2021-11-22,,,,L_ONLY,,,,,,,Y,,,,,,,,,13.3,17.25,,,,16767.5
5,2021-11-23,,,,L_ONLY,,,,,,,Y,,,,,,,,,54.9,100.0,,,,16418.75
5,2021-11-24,,,,H_ONLY,,,,,,,Y,,,,,,,,,68.8,107.0,,,,16102.0
5,2021-11-25,,,,L_ONLY,,,,,,,Y,,,,,,,,,5.8,2.25,,,,16418.0
5,2021-11-26,,,,L_ONLY,,,,,,,Y,,,,,,,,,62.8,120.25,,,,16307.5
5,2021-11-29,,,,H_ONLY,,,,,,,Y,,,,,,,,,17.5,18.5,,,,16208.5
5,2021-11-30,,,,L_ONLY,,,,,,,Y,,,,,,,,,14.0,19.25,,,,16456.25
5,2021-12-01,,,,BOTH,,,,,11:10,105,N,,,,,,,,,0,0,,12:55,,0
5,2021-12-02,,,,BOTH,,,,,10:40,100,N,,,,,,,,,0,0,,12:20,,0
5,2021-12-03,,,,L_ONLY,,,,,,,Y,,,,,,,,,78.0,278.75,,,,16090.5
5,2021-12-06,,,,H_ONLY,,,,,,,Y,,,,,,,,,42.2,96.5,,,,15559.25
5,2021-12-07,,,,H_ONLY,,,,,,,Y,,,,,,,,,76.7,114.25,,,,16119.0
5,2021-12-08,,,,H_ONLY,,,,,,,Y,,,,,,,,,3.1,3.25,,,,16251.5
5,2021-12-09,,,,L_ONLY,,,,,,,Y,,,,,,,,,48.2,69.75,,,,16414.25
5,2021-12-10,,,,BOTH,,,,,10:45,310,N,,,,,,,,,0,0,,15:55,,0
5,2021-12-13,,,,L_ONLY,,,,,,,Y,,,,,,,,,71.5,103.5,,,,16339.5
5,2021-12-14,,,,L_ONLY,,,,,,,Y,,,,,,,,,22.3,32.5,,,,15998.75
5,2021-12-15,,,,BOTH,,,,,11:15,170,N,,,,,,,,,0,0,,14:05,,0
5,2021-12-16,,,,L_ONLY,,,,,,,Y,,,,,,,,,59.0,148.25,,,,16342.0
5,2021-12-17,,,,H_ONLY,,,,,,,Y,,,,,,,,,31.8,60.75,,,,15651.75
5,2021-12-20,,,,BOTH,,,,,10:55,310,N,,,,,,,,,0,0,,16:05,,0
5,2021-12-21,,,,BOTH,,,,,10:30,85,N,,,,,,,,,0,0,,11:55,,0
5,2021-12-22,,,,H_ONLY,,,,,,,Y,,,,,,,,,61.4,68.5,,,,15933.25
5,2021-12-23,,,,H_ONLY,,,,,,,Y,,,,,,,,,72.2,69.5,,,,16176.5
5,2021-12-27,,,,H_ONLY,,,,,,,Y,,,,,,,,,90.1,146.25,,,,16344.5
5,2021-12-28,,,,L_ONLY,,,,,,,Y,,,,,,,,,20.3,23.75,,,,16608.5
5,2021-12-30,,,,L_ONLY,,,,,,,Y,,,,,,,,,4.0,4.75,,,,16567.5
5,2021-12-31,,,,L_ONLY,,,,,,,Y,,,,,,,,,50.5,55.5,,,,16464.0
5,2022-01-03,,,,H_ONLY,,,,,,,Y,,,,,,,,,42.3,81.5,,,,16292.0
5,2022-01-04,,,,L_ONLY,,,,,,,Y,,,,,,,,,71.9,105.5,,,,16512.0
5,2022-01-05,,,,L_ONLY,,,,,,,Y,,,,,,,,,34.1,49.25,,,,16247.25
5,2022-01-06,,,,H_ONLY,,,,,,,Y,,,,,,,,,47.2,119.0,,,,15598.5
5,2022-01-07,,,,L_ONLY,,,,,,,Y,,,,,,,,,82.4,147.0,,,,15827.75
5,2022-01-10,,,,BOTH,,,,,10:35,195,N,,,,,,,,,0,0,,13:50,,0
5,2022-01-11,,,,H_ONLY,,,,,,,Y,,,,,,,,,16.3,29.0,,,,15475.0
5,2022-01-12,,,,L_ONLY,,,,,,,Y,,,,,,,,,23.4,29.25,,,,16009.25
5,2022-01-13,,,,L_ONLY,,,,,,,Y,,,,,,,,,69.4,103.0,,,,15979.75
5,2022-01-14,,,,H_ONLY,,,,,,,Y,,,,,,,,,11.0,24.25,,,,15379.75
5,2022-01-18,,,,L_ONLY,,,,,,,Y,,,,,,,,,8.4,13.75,,,,15434.75
5,2022-01-19,,,,L_ONLY,,,,,,,Y,,,,,,,,,45.3,54.75,,,,15372.0
5,2022-01-20,,,,BOTH,,,,,10:30,220,N,,,,,,,,,0,0,,14:10,,0
5,2022-01-21,,,,BOTH,,,,,10:55,240,N,,,,,,,,,0,0,,14:55,,0
5,2022-01-24,,,,BOTH,,,,,11:35,220,N,,,,,,,,,0,0,,15:15,,0
5,2022-01-25,,,,BOTH,,,,,11:35,160,N,,,,,,,,,0,0,,14:15,,0
5,2022-01-26,,,,BOTH,,,,,10:40,115,N,,,,,,,,,0,0,,12:35,,0
5,2022-01-27,,,,L_ONLY,,,,,,,Y,,,,,,,,,31.9,56.5,,,,14409.25
5,2022-01-28,,,,H_ONLY,,,,,,,Y,,,,,,,,,26.1,63.25,,,,13860.25
5,2022-01-31,,,,H_ONLY,,,,,,,Y,,,,,,,,,74.9,231.0,,,,14416.25
5,2022-02-01,,,,H_ONLY,,,,,,,Y,,,,,,,,,12.7,28.25,,,,14729.25
5,2022-02-02,,,,L_ONLY,,,,,,,Y,,,,,,,,,16.5,25.0,,,,15178.0
5,2022-02-03,,,,BOTH,,,,,10:30,85,N,,,,,,,,,0,0,,11:55,,0
5,2022-02-04,,,,H_ONLY,,,,,,,Y,,,,,,,,,4.0,9.25,,,,14432.75
5,2022-02-07,,,,L_ONLY,,,,,,,Y,,,,,,,,,27.0,36.75,,,,14806.25
5,2022-02-08,,,,H_ONLY,,,,,,,Y,,,,,,,,,4.6,5.5,,,,14467.5
5,2022-02-09,,,,H_ONLY,,,,,,,Y,,,,,,,,,39.8,39.0,,,,14853.25
5,2022-02-10,,,,BOTH,,,,,10:35,180,N,,,,,,,,,0,0,,13:35,,0
5,2022-02-11,,,,L_ONLY,,,,,,,Y,,,,,,,,,39.6,70.0,,,,14766.75
5,2022-02-14,,,,BOTH,,,,,11:15,155,N,,,,,,,,,0,0,,13:50,,0
5,2022-02-15,,,,BOTH,,,,,10:40,125,N,,,,,,,,,0,0,,12:45,,0
5,2022-02-16,,,,H_ONLY,,,,,,,Y,,,,,,,,,2.9,4.0,,,,14381.0
5,2022-02-17,,,,L_ONLY,,,,,,,Y,,,,,,,,,54.8,86.0,,,,14495.0
5,2022-02-18,,,,L_ONLY,,,,,,,Y,,,,,,,,,57.0,77.0,,,,14220.75
5,2022-02-21,,,,L_ONLY,,,,,,,Y,,,,,,,,,21.2,17.25,,,,13883.75
5,2022-02-22,,,,BOTH,,,,,10:30,80,N,,,,,,,,,0,0,,11:50,,0
5,2022-02-23,,,,L_ONLY,,,,,,,Y,,,,,,,,,70.7,167.0,,,,14031.0
5,2022-02-24,,,,H_ONLY,,,,,,,Y,,,,,,,,,58.8,250.0,,,,13058.0
5,2022-02-25,,,,H_ONLY,,,,,,,Y,,,,,,,,,59.3,107.75,,,,13831.75
5,2022-02-28,,,,BOTH,,,,,10:35,210,N,,,,,,,,,0,0,,14:05,,0
5,2022-03-01,,,,L_ONLY,,,,,,,Y,,,,,,,,,1.8,2.25,,,,14273.0
5,2022-03-02,,,,H_ONLY,,,,,,,Y,,,,,,,,,33.7,60.25,,,,13951.0
5,2022-03-03,,,,L_ONLY,,,,,,,Y,,,,,,,,,61.8,141.25,,,,14355.5
5,2022-03-04,,,,L_ONLY,,,,,,,Y,,,,,,,,,31.1,61.0,,,,13995.5
5,2022-03-07,,,,L_ONLY,,,,,,,Y,,,,,,,,,76.6,236.25,,,,13879.75
5,2022-03-08,,,,BOTH,,,,,10:30,100,N,,,,,,,,,0,0,,12:10,,0
5,2022-03-09,,,,H_ONLY,,,,,,,Y,,,,,,,,,55.6,84.5,,,,13496.0
5,2022-03-10,,,,BOTH,,,,,10:30,215,N,,,,,,,,,0,0,,14:05,,0
5,2022-03-11,,,,L_ONLY,,,,,,,Y,,,,,,,,,66.6,144.75,,,,13721.75
5,2022-03-14,,,,L_ONLY,,,,,,,Y,,,,,,,,,5.0,9.5,,,,13389.25
5,2022-03-15,,,,H_ONLY,,,,,,,Y,,,,,,,,,96.7,168.25,,,,13087.5
5,2022-03-16,,,,BOTH,,,,,10:30,215,N,,,,,,,,,0,0,,14:05,,0
5,2022-03-17,,,,H_ONLY,,,,,,,Y,,,,,,,,,11.7,22.75,,,,13819.0
5,2022-03-18,,,,H_ONLY,,,,,,,Y,,,,,,,,,57.4,143.75,,,,13995.0
5,2022-03-21,,,,L_ONLY,,,,,,,Y,,,,,,,,,5.0,12.0,,,,14466.75
5,2022-03-22,,,,H_ONLY,,,,,,,Y,,,,,,,,,90.9,197.0,,,,14374.0
5,2022-03-23,,,,BOTH,,,,,10:30,320,N,,,,,,,,,0,0,,15:50,,0
5,2022-03-24,,,,BOTH,,,,,10:30,30,N,,,,,,,,,0,0,,11:00,,0
5,2022-03-25,,,,BOTH,,,,,10:35,30,N,,,,,,,,,0,0,,11:05,,0
5,2022-03-28,,,,BOTH,,,,,11:35,200,N,,,,,,,,,0,0,,14:55,,0
5,2022-03-29,,,,H_ONLY,,,,,,,Y,,,,,,,,,1.2,2.25,,,,15032.5
5,2022-03-30,,,,BOTH,,,,,10:35,25,N,,,,,,,,,0,0,,11:00,,0
5,2022-03-31,,,,BOTH,,,,,10:55,200,N,,,,,,,,,0,0,,14:15,,0
5,2022-04-01,,,,L_ONLY,,,,,,,Y,,,,,,,,,26.3,33.0,,,,14932.0
5,2022-04-04,,,,H_ONLY,,,,,,,Y,,,,,,,,,76.0,140.75,,,,14883.5
5,2022-04-05,,,,L_ONLY,,,,,,,Y,,,,,,,,,74.9,150.5,,,,15136.25
5,2022-04-06,,,,BOTH,,,,,10:30,270,N,,,,,,,,,0,0,,15:00,,0
5,2022-04-07,,,,BOTH,,,,,10:40,270,N,,,,,,,,,0,0,,15:10,,0
5,2022-04-08,,,,BOTH,,,,,11:00,295,N,,,,,,,,,0,0,,15:55,,0
5,2022-04-11,,,,L_ONLY,,,,,,,Y,,,,,,,,,48.8,65.75,,,,14197.0
5,2022-04-12,,,,L_ONLY,,,,,,,Y,,,,,,,,,45.9,75.5,,,,14277.5
5,2022-04-13,,,,H_ONLY,,,,,,,Y,,,,,,,,,68.7,121.25,,,,13921.0
5,2022-04-14,,,,L_ONLY,,,,,,,Y,,,,,,,,,74.9,160.0,,,,14246.75
5,2022-04-18,,,,BOTH,,,,,12:10,460,N,,,,,,,,,0,0,,19:50,,0
5,2022-04-19,,,,H_ONLY,,,,,,,Y,,,,,,,,,92.8,245.0,,,,13833.5
5,2022-04-20,,,,L_ONLY,,,,,,,Y,,,,,,,,,52.1,121.25,,,,14270.0
5,2022-04-21,,,,L_ONLY,,,,,,,Y,,,,,,,,,54.3,90.75,,,,14283.0
5,2022-04-22,,,,L_ONLY,,,,,,,Y,,,,,,,,,53.5,104.25,,,,13777.75
5,2022-04-25,,,,H_ONLY,,,,,,,Y,,,,,,,,,2.5,4.25,,,,13236.0
5,2022-04-26,,,,L_ONLY,,,,,,,Y,,,,,,,,,78.1,221.0,,,,13450.75
5,2022-04-27,,,,L_ONLY,,,,,,,Y,,,,,,,,,7.7,23.75,,,,13255.25
5,2022-04-28,,,,BOTH,,,,,10:30,125,N,,,,,,,,,0,0,,12:35,,0
5,2022-04-29,,,,L_ONLY,,,,,,,Y,,,,,,,,,82.1,178.0,,,,13433.0
5,2022-05-02,,,,BOTH,,,,,10:30,195,N,,,,,,,,,0,0,,13:45,,0
5,2022-05-03,,,,H_ONLY,,,,,,,Y,,,,,,,,,4.4,8.0,,,,12968.5
5,2022-05-04,,,,BOTH,,,,,10:30,150,N,,,,,,,,,0,0,,13:00,,0
5,2022-05-05,,,,L_ONLY,,,,,,,Y,,,,,,,,,93.1,318.0,,,,13346.25
5,2022-05-06,,,,H_ONLY,,,,,,,Y,,,,,,,,,14.7,47.25,,,,12519.0
5,2022-05-09,,,,L_ONLY,,,,,,,Y,,,,,,,,,65.0,136.25,,,,12555.75
5,2022-05-10,,,,L_ONLY,,,,,,,Y,,,,,,,,,13.0,27.5,,,,12547.0
5,2022-05-11,,,,L_ONLY,,,,,,,Y,,,,,,,,,19.2,64.0,,,,12478.5
5,2022-05-12,,,,BOTH,,,,,10:55,225,N,,,,,,,,,0,0,,14:40,,0
5,2022-05-13,,,,H_ONLY,,,,,,,Y,,,,,,,,,56.1,153.75,,,,12064.75
5,2022-05-16,,,,BOTH,,,,,11:00,205,N,,,,,,,,,0,0,,14:25,,0
5,2022-05-17,,,,BOTH,,,,,10:30,255,N,,,,,,,,,0,0,,14:45,,0
5,2022-05-18,,,,L_ONLY,,,,,,,Y,,,,,,,,,74.8,82.25,,,,12399.75
5,2022-05-19,,,,H_ONLY,,,,,,,Y,,,,,,,,,25.9,55.5,,,,11795.25
5,2022-05-20,,,,L_ONLY,,,,,,,Y,,,,,,,,,56.7,100.5,,,,12053.0
5,2022-05-23,,,,H_ONLY,,,,,,,Y,,,,,,,,,28.0,54.25,,,,11783.75
5,2022-05-24,,,,H_ONLY,,,,,,,Y,,,,,,,,,4.9,13.25,,,,11576.25
5,2022-05-25,,,,H_ONLY,,,,,,,Y,,,,,,,,,34.2,62.5,,,,11708.0
5,2022-05-26,,,,H_ONLY,,,,,,,Y,,,,,,,,,76.6,227.25,,,,11899.0
5,2022-05-27,,,,H_ONLY,,,,,,,Y,,,,,,,,,58.4,105.5,,,,12402.0
5,2022-05-30,,,,BOTH,,,,,10:45,585,N,,,,,,,,,0,0,,20:30,,0
5,2022-05-31,,,,H_ONLY,,,,,,,Y,,,,,,,,,38.7,80.5,,,,12480.0
5,2022-06-01,,,,L_ONLY,,,,,,,Y,,,,,,,,,72.6,158.0,,,,12823.5
5,2022-06-02,,,,H_ONLY,,,,,,,Y,,,,,,,,,38.8,73.75,,,,12442.5
5,2022-06-03,,,,L_ONLY,,,,,,,Y,,,,,,,,,69.7,85.0,,,,12731.25
5,2022-06-06,,,,L_ONLY,,,,,,,Y,,,,,,,,,2.4,3.25,,,,12810.0
5,2022-06-07,,,,H_ONLY,,,,,,,Y,,,,,,,,,79.6,149.5,,,,12412.5
5,2022-06-08,,,,L_ONLY,,,,,,,Y,,,,,,,,,5.8,9.0,,,,12783.0
5,2022-06-09,,,,BOTH,,,,,10:30,190,N,,,,,,,,,0,0,,13:40,,0
5,2022-06-10,,,,L_ONLY,,,,,,,Y,,,,,,,,,49.4,118.25,,,,12119.25
5,2022-06-13,,,,L_ONLY,,,,,,,Y,,,,,,,,,24.0,46.0,,,,11604.5
5,2022-06-14,,,,BOTH,,,,,10:30,170,N,,,,,,,,,0,0,,13:20,,0
5,2022-06-15,,,,BOTH,,,,,13:55,5,N,,,,,,,,,0,0,,14:00,,0
5,2022-06-16,,,,L_ONLY,,,,,,,Y,,,,,,,,,71.7,105.25,,,,11349.75
5,2022-06-17,,,,BOTH,,,,,10:30,155,N,,,,,,,,,0,0,,13:05,,0
5,2022-06-20,,,,H_ONLY,,,,,,,Y,,,,,,,,,68.4,35.75,,,,11333.0
5,2022-06-21,,,,BOTH,,,,,10:30,740,N,,,,,,,,,0,0,,22:50,,0
5,2022-06-22,,,,H_ONLY,,,,,,,Y,,,,,,,,,34.4,92.75,,,,11446.75
5,2022-06-23,,,,H_ONLY,,,,,,,Y,,,,,,,,,2.8,4.0,,,,11543.0
5,2022-06-24,,,,H_ONLY,,,,,,,Y,,,,,,,,,53.5,130.5,,,,11838.75
5,2022-06-27,,,,L_ONLY,,,,,,,Y,,,,,,,,,31.7,60.5,,,,12212.0
5,2022-06-28,,,,L_ONLY,,,,,,,Y,,,,,,,,,93.1,157.75,,,,12174.25
5,2022-06-29,,,,H_ONLY,,,,,,,Y,,,,,,,,,21.8,39.75,,,,11564.5
5,2022-06-30,,,,H_ONLY,,,,,,,Y,,,,,,,,,12.4,29.5,,,,11351.0
5,2022-07-01,,,,BOTH,,,,,10:30,310,N,,,,,,,,,0,0,,15:40,,0
5,2022-07-04,,,,H_ONLY,,,,,,,Y,,,,,,,,,5.6,2.25,,,,11530.75
5,2022-07-05,,,,H_ONLY,,,,,,,Y,,,,,,,,,60.5,78.5,,,,11389.25
5,2022-07-06,,,,BOTH,,,,,11:30,155,N,,,,,,,,,0,0,,14:05,,0
5,2022-07-07,,,,H_ONLY,,,,,,,Y,,,,,,,,,70.8,94.5,,,,11918.25
5,2022-07-08,,,,H_ONLY,,,,,,,Y,,,,,,,,,41.2,60.25,,,,11978.25
5,2022-07-11,,,,L_ONLY,,,,,,,Y,,,,,,,,,27.3,57.0,,,,12061.75
5,2022-07-12,,,,L_ONLY,,,,,,,Y,,,,,,,,,37.9,83.5,,,,12025.5
5,2022-07-13,,,,H_ONLY,,,,,,,Y,,,,,,,,,71.4,126.75,,,,11522.5
5,2022-07-14,,,,H_ONLY,,,,,,,Y,,,,,,,,,12.4,21.5,,,,11511.25
5,2022-07-15,,,,H_ONLY,,,,,,,Y,,,,,,,,,41.0,56.0,,,,11853.5
5,2022-07-18,,,,L_ONLY,,,,,,,Y,,,,,,,,,2.3,2.25,,,,12186.5
5,2022-07-19,,,,H_ONLY,,,,,,,Y,,,,,,,,,82.0,84.0,,,,11993.0
5,2022-07-20,,,,H_ONLY,,,,,,,Y,,,,,,,,,73.8,100.5,,,,12257.5
5,2022-07-21,,,,H_ONLY,,,,,,,Y,,,,,,,,,4.5,7.5,,,,12373.5
5,2022-07-22,,,,L_ONLY,,,,,,,Y,,,,,,,,,55.4,86.25,,,,12698.5
5,2022-07-25,,,,L_ONLY,,,,,,,Y,,,,,,,,,23.7,37.0,,,,12444.0
5,2022-07-26,,,,BOTH,,,,,10:30,455,N,,,,,,,,,0,0,,18:05,,0
5,2022-07-27,,,,H_ONLY,,,,,,,Y,,,,,,,,,70.3,111.0,,,,12276.5
5,2022-07-28,,,,BOTH,,,,,10:30,55,N,,,,,,,,,0,0,,11:25,,0
5,2022-07-29,,,,H_ONLY,,,,,,,Y,,,,,,,,,22.5,42.0,,,,12744.25
5,2022-08-01,,,,H_ONLY,,,,,,,Y,,,,,,,,,21.1,45.75,,,,12851.75
5,2022-08-02,,,,H_ONLY,,,,,,,Y,,,,,,,,,43.0,58.75,,,,12820.0
5,2022-08-03,,,,H_ONLY,,,,,,,Y,,,,,,,,,38.8,71.25,,,,12989.5
5,2022-08-04,,,,BOTH,,,,,10:30,280,N,,,,,,,,,0,0,,15:10,,0
5,2022-08-05,,,,L_ONLY,,,,,,,Y,,,,,,,,,17.0,33.25,,,,13310.0
5,2022-08-08,,,,L_ONLY,,,,,,,Y,,,,,,,,,17.4,32.5,,,,13419.25
5,2022-08-09,,,,L_ONLY,,,,,,,Y,,,,,,,,,32.4,45.0,,,,13112.25
5,2022-08-10,,,,H_ONLY,,,,,,,Y,,,,,,,,,28.8,33.75,,,,13237.75
5,2022-08-11,,,,L_ONLY,,,,,,,Y,,,,,,,,,22.0,26.25,,,,13575.0
5,2022-08-12,,,,H_ONLY,,,,,,,Y,,,,,,,,,24.9,25.75,,,,13359.25
5,2022-08-15,,,,H_ONLY,,,,,,,Y,,,,,,,,,6.7,6.75,,,,13534.25
5,2022-08-16,,,,BOTH,,,,,10:30,75,N,,,,,,,,,0,0,,11:45,,0
5,2022-08-17,,,,BOTH,,,,,10:35,210,N,,,,,,,,,0,0,,14:05,,0
5,2022-08-18,,,,H_ONLY,,,,,,,Y,,,,,,,,,39.2,31.25,,,,13422.5
5,2022-08-19,,,,L_ONLY,,,,,,,Y,,,,,,,,,79.0,114.0,,,,13425.25
5,2022-08-22,,,,L_ONLY,,,,,,,Y,,,,,,,,,67.1,85.5,,,,13092.25
5,2022-08-23,,,,L_ONLY,,,,,,,Y,,,,,,,,,20.8,31.75,,,,13018.5
5,2022-08-24,,,,H_ONLY,,,,,,,Y,,,,,,,,,57.5,56.25,,,,12851.5
5,2022-08-25,,,,H_ONLY,,,,,,,Y,,,,,,,,,25.3,35.25,,,,12962.0
5,2022-08-26,,,,L_ONLY,,,,,,,Y,,,,,,,,,88.8,211.25,,,,13198.5
5,2022-08-29,,,,L_ONLY,,,,,,,Y,,,,,,,,,3.2,4.25,,,,12610.25
5,2022-08-30,,,,L_ONLY,,,,,,,Y,,,,,,,,,85.5,174.25,,,,12587.25
5,2022-08-31,,,,L_ONLY,,,,,,,Y,,,,,,,,,65.9,91.0,,,,12513.0
5,2022-09-01,,,,BOTH,,,,,10:35,270,N,,,,,,,,,0,0,,15:05,,0
5,2022-09-02,,,,BOTH,,,,,10:30,125,N,,,,,,,,,0,0,,12:35,,0
5,2022-09-05,,,,H_ONLY,,,,,,,Y,,,,,,,,,56.0,24.5,,,,12104.25
5,2022-09-06,,,,L_ONLY,,,,,,,Y,,,,,,,,,10.7,25.5,,,,12169.0
5,2022-09-07,,,,H_ONLY,,,,,,,Y,,,,,,,,,19.5,19.25,,,,12029.5
5,2022-09-08,,,,H_ONLY,,,,,,,Y,,,,,,,,,12.9,22.0,,,,12115.75
5,2022-09-09,,,,H_ONLY,,,,,,,Y,,,,,,,,,74.0,97.0,,,,12491.5
5,2022-09-12,,,,H_ONLY,,,,,,,Y,,,,,,,,,1.9,2.25,,,,12719.75
5,2022-09-13,,,,L_ONLY,,,,,,,Y,,,,,,,,,76.8,115.0,,,,12508.5
5,2022-09-14,,,,BOTH,,,,,10:30,20,N,,,,,,,,,0,0,,10:50,,0
5,2022-09-15,,,,L_ONLY,,,,,,,Y,,,,,,,,,65.4,83.25,,,,12234.0
5,2022-09-16,,,,BOTH,,,,,10:30,115,N,,,,,,,,,0,0,,12:25,,0
5,2022-09-19,,,,H_ONLY,,,,,,,Y,,,,,,,,,27.5,33.0,,,,11815.75
5,2022-09-20,,,,BOTH,,,,,10:50,155,N,,,,,,,,,0,0,,13:25,,0
5,2022-09-21,,,,BOTH,,,,,10:30,210,N,,,,,,,,,0,0,,14:00,,0
5,2022-09-22,,,,BOTH,,,,,10:50,295,N,,,,,,,,,0,0,,15:45,,0
5,2022-09-23,,,,L_ONLY,,,,,,,Y,,,,,,,,,33.5,44.5,,,,11471.0
5,2022-09-26,,,,L_ONLY,,,,,,,Y,,,,,,,,,6.7,13.0,,,,11537.75
5,2022-09-27,,,,L_ONLY,,,,,,,Y,,,,,,,,,39.3,64.0,,,,11568.25
5,2022-09-28,,,,H_ONLY,,,,,,,Y,,,,,,,,,79.6,114.0,,,,11266.0
5,2022-09-29,,,,L_ONLY,,,,,,,Y,,,,,,,,,52.5,127.75,,,,11402.25
5,2022-09-30,,,,BOTH,,,,,10:30,250,N,,,,,,,,,0,0,,14:40,,0
5,2022-10-03,,,,H_ONLY,,,,,,,Y,,,,,,,,,68.0,118.5,,,,11039.75
5,2022-10-04,,,,H_ONLY,,,,,,,Y,,,,,,,,,6.5,10.0,,,,11514.25
5,2022-10-05,,,,BOTH,,,,,10:30,135,N,,,,,,,,,0,0,,12:45,,0
5,2022-10-06,,,,L_ONLY,,,,,,,Y,,,,,,,,,26.3,51.25,,,,11721.5
5,2022-10-07,,,,L_ONLY,,,,,,,Y,,,,,,,,,60.5,88.0,,,,11350.0
5,2022-10-10,,,,L_ONLY,,,,,,,Y,,,,,,,,,40.4,57.75,,,,11126.0
5,2022-10-11,,,,BOTH,,,,,11:35,215,N,,,,,,,,,0,0,,15:10,,0
5,2022-10-13,,,,H_ONLY,,,,,,,Y,,,,,,,,,56.3,119.5,,,,10484.75
5,2022-10-14,,,,L_ONLY,,,,,,,Y,,,,,,,,,67.9,236.0,,,,11207.5
5,2022-10-17,,,,H_ONLY,,,,,,,Y,,,,,,,,,17.5,23.5,,,,10999.0
5,2022-10-18,,,,L_ONLY,,,,,,,Y,,,,,,,,,86.4,149.75,,,,11431.75
5,2022-10-19,,,,BOTH,,,,,10:30,135,N,,,,,,,,,0,0,,12:45,,0
5,2022-10-20,,,,L_ONLY,,,,,,,Y,,,,,,,,,1.3,3.0,,,,11328.75
5,2022-10-21,,,,H_ONLY,,,,,,,Y,,,,,,,,,24.2,55.75,,,,10995.25
5,2022-10-24,,,,H_ONLY,,,,,,,Y,,,,,,,,,12.8,28.0,,,,11207.75
5,2022-10-25,,,,BOTH,,,,,11:05,415,N,,,,,,,,,0,0,,18:00,,0
5,2022-10-26,,,,BOTH,,,,,10:35,330,N,,,,,,,,,0,0,,16:05,,0
5,2022-10-27,,,,L_ONLY,,,,,,,Y,,,,,,,,,5.5,11.0,,,,11464.0
5,2022-10-28,,,,H_ONLY,,,,,,,Y,,,,,,,,,89.0,172.0,,,,11206.25
5,2022-10-31,,,,L_ONLY,,,,,,,Y,,,,,,,,,6.9,9.25,,,,11522.5
5,2022-11-01,,,,L_ONLY,,,,,,,Y,,,,,,,,,71.2,173.5,,,,11619.0
5,2022-11-02,,,,BOTH,,,,,10:30,210,N,,,,,,,,,0,0,,14:00,,0
5,2022-11-03,,,,BOTH,,,,,10:45,435,N,,,,,,,,,0,0,,18:00,,0
5,2022-11-04,,,,BOTH,,,,,10:40,70,N,,,,,,,,,0,0,,11:50,,0
5,2022-11-07,,,,H_ONLY,,,,,,,Y,,,,,,,,,2.5,3.0,,,,10847.25
5,2022-11-08,,,,BOTH,,,,,10:30,230,N,,,,,,,,,0,0,,14:20,,0
5,2022-11-09,,,,L_ONLY,,,,,,,Y,,,,,,,,,22.6,19.75,,,,11049.0
5,2022-11-10,,,,H_ONLY,,,,,,,Y,,,,,,,,,44.6,89.0,,,,11269.25
5,2022-11-11,,,,H_ONLY,,,,,,,Y,,,,,,,,,36.1,69.25,,,,11569.25
5,2022-11-14,,,,H_ONLY,,,,,,,Y,,,,,,,,,23.2,26.5,,,,11702.0
5,2022-11-15,,,,L_ONLY,,,,,,,Y,,,,,,,,,11.7,11.75,,,,12063.5
5,2022-11-16,,,,L_ONLY,,,,,,,Y,,,,,,,,,5.6,6.25,,,,11836.25
5,2022-11-17,,,,H_ONLY,,,,,,,Y,,,,,,,,,42.1,54.25,,,,11543.75
5,2022-11-18,,,,L_ONLY,,,,,,,Y,,,,,,,,,60.7,101.25,,,,11842.5
5,2022-11-21,,,,L_ONLY,,,,,,,Y,,,,,,,,,58.0,65.25,,,,11699.75
5,2022-11-22,,,,H_ONLY,,,,,,,Y,,,,,,,,,52.7,53.25,,,,11527.25
5,2022-11-23,,,,BOTH,,,,,10:30,145,N,,,,,,,,,0,0,,12:55,,0
5,2022-11-28,,,,L_ONLY,,,,,,,Y,,,,,,,,,51.3,54.75,,,,11788.5
5,2022-11-29,,,,BOTH,,,,,10:30,30,N,,,,,,,,,0,0,,11:00,,0
5,2022-11-30,,,,BOTH,,,,,11:00,150,N,,,,,,,,,0,0,,13:30,,0
5,2022-12-01,,,,L_ONLY,,,,,,,Y,,,,,,,,,24.4,46.0,,,,12145.0
5,2022-12-02,,,,H_ONLY,,,,,,,Y,,,,,,,,,35.9,41.5,,,,11837.25
5,2022-12-05,,,,L_ONLY,,,,,,,Y,,,,,,,,,19.7,21.25,,,,11972.25
5,2022-12-06,,,,L_ONLY,,,,,,,Y,,,,,,,,,82.5,160.75,,,,11805.75
5,2022-12-07,,,,L_ONLY,,,,,,,Y,,,,,,,,,9.8,15.25,,,,11596.25
5,2022-12-08,,,,H_ONLY,,,,,,,Y,,,,,,,,,53.8,100.25,,,,11477.25
5,2022-12-09,,,,H_ONLY,,,,,,,Y,,,,,,,,,15.2,17.0,,,,11662.5
5,2022-12-12,,,,BOTH,,,,,10:45,135,N,,,,,,,,,0,0,,13:00,,0
5,2022-12-13,,,,L_ONLY,,,,,,,Y,,,,,,,,,80.0,163.0,,,,12303.75
5,2022-12-14,,,,BOTH,,,,,11:00,180,N,,,,,,,,,0,0,,14:00,,0
5,2022-12-15,,,,L_ONLY,,,,,,,Y,,,,,,,,,79.1,149.5,,,,11715.5
5,2022-12-16,,,,L_ONLY,,,,,,,Y,,,,,,,,,62.8,96.5,,,,11491.5
5,2022-12-19,,,,L_ONLY,,,,,,,Y,,,,,,,,,44.7,57.5,,,,11359.0
5,2022-12-20,,,,H_ONLY,,,,,,,Y,,,,,,,,,22.9,35.0,,,,11066.75
5,2022-12-21,,,,H_ONLY,,,,,,,Y,,,,,,,,,83.8,102.25,,,,11181.0
5,2022-12-22,,,,L_ONLY,,,,,,,Y,,,,,,,,,80.4,148.75,,,,11208.25
5,2022-12-23,,,,H_ONLY,,,,,,,Y,,,,,,,,,42.7,59.0,,,,10916.25
5,2022-12-27,,,,L_ONLY,,,,,,,Y,,,,,,,,,23.9,38.25,,,,11056.0
5,2022-12-28,,,,L_ONLY,,,,,,,Y,,,,,,,,,56.0,75.5,,,,10996.5
5,2022-12-29,,,,H_ONLY,,,,,,,Y,,,,,,,,,85.2,136.5,,,,10856.5
5,2022-12-30,,,,H_ONLY,,,,,,,Y,,,,,,,,,21.1,19.5,,,,10855.5
5,2023-01-03,,,,L_ONLY,,,,,,,Y,,,,,,,,,76.3,196.0,,,,11182.0
5,2023-01-04,,,,H_ONLY,,,,,,,Y,,,,,,,,,6.8,12.5,,,,10863.5
5,2023-01-05,,,,L_ONLY,,,,,,,Y,,,,,,,,,12.2,13.75,,,,10927.25
5,2023-01-06,,,,H_ONLY,,,,,,,Y,,,,,,,,,68.0,121.5,,,,10766.25
5,2023-01-09,,,,BOTH,,,,,10:30,300,N,,,,,,,,,0,0,,15:30,,0
5,2023-01-10,,,,BOTH,,,,,10:40,315,N,,,,,,,,,0,0,,15:55,,0
5,2023-01-11,,,,H_ONLY,,,,,,,Y,,,,,,,,,22.9,22.25,,,,11291.0
5,2023-01-12,,,,H_ONLY,,,,,,,Y,,,,,,,,,37.1,77.0,,,,11311.25
5,2023-01-13,,,,H_ONLY,,,,,,,Y,,,,,,,,,40.0,45.25,,,,11408.75
5,2023-01-16,,,,L_ONLY,,,,,,,Y,,,,,,,,,36.8,10.75,,,,11611.25
5,2023-01-17,,,,H_ONLY,,,,,,,Y,,,,,,,,,3.9,5.25,,,,11549.5
5,2023-01-18,,,,L_ONLY,,,,,,,Y,,,,,,,,,46.4,40.5,,,,11759.5
5,2023-01-19,,,,BOTH,,,,,10:45,230,N,,,,,,,,,0,0,,14:35,,0
5,2023-01-20,,,,H_ONLY,,,,,,,Y,,,,,,,,,67.4,73.0,,,,11383.5
5,2023-01-23,,,,H_ONLY,,,,,,,Y,,,,,,,,,91.3,171.5,,,,11671.75
5,2023-01-24,,,,BOTH,,,,,16:00,145,N,,,,,,,,,0,0,,18:25,,0
5,2023-01-25,,,,BOTH,,,,,10:35,40,N,,,,,,,,,0,0,,11:15,,0
5,2023-01-26,,,,BOTH,,,,,10:50,270,N,,,,,,,,,0,0,,15:20,,0
5,2023-01-27,,,,H_ONLY,,,,,,,Y,,,,,,,,,33.3,50.5,,,,12041.75
5,2023-01-30,,,,L_ONLY,,,,,,,Y,,,,,,,,,62.2,72.0,,,,12143.25
5,2023-01-31,,,,H_ONLY,,,,,,,Y,,,,,,,,,78.6,72.75,,,,11969.0
5,2023-02-01,,,,BOTH,,,,,10:50,185,N,,,,,,,,,0,0,,13:55,,0
5,2023-02-02,,,,BOTH,,,,,10:30,360,N,,,,,,,,,0,0,,16:30,,0
5,2023-02-03,,,,H_ONLY,,,,,,,Y,,,,,,,,,7.3,20.0,,,,12558.5
5,2023-02-06,,,,BOTH,,,,,10:30,55,N,,,,,,,,,0,0,,11:25,,0
5,2023-02-07,,,,BOTH,,,,,11:05,145,N,,,,,,,,,0,0,,13:30,,0
5,2023-02-08,,,,L_ONLY,,,,,,,Y,,,,,,,,,84.8,82.0,,,,12752.0
5,2023-02-09,,,,L_ONLY,,,,,,,Y,,,,,,,,,59.0,65.25,,,,12728.5
5,2023-02-10,,,,L_ONLY,,,,,,,Y,,,,,,,,,9.5,13.0,,,,12422.0
5,2023-02-13,,,,H_ONLY,,,,,,,Y,,,,,,,,,77.5,93.75,,,,12352.0
5,2023-02-15,,,,H_ONLY,,,,,,,Y,,,,,,,,,29.8,32.0,,,,12524.25
5,2023-02-16,,,,BOTH,,,,,10:30,300,N,,,,,,,,,0,0,,15:30,,0
5,2023-02-17,,,,L_ONLY,,,,,,,Y,,,,,,,,,11.8,15.0,,,,12423.75
5,2023-02-21,,,,L_ONLY,,,,,,,Y,,,,,,,,,57.3,62.0,,,,12290.0
5,2023-02-22,,,,BOTH,,,,,10:30,215,N,,,,,,,,,0,0,,14:05,,0
5,2023-02-23,,,,L_ONLY,,,,,,,Y,,,,,,,,,11.6,11.0,,,,12259.75
5,2023-02-24,,,,L_ONLY,,,,,,,Y,,,,,,,,,20.2,22.0,,,,12043.0
5,2023-02-27,,,,L_ONLY,,,,,,,Y,,,,,,,,,37.8,31.5,,,,12189.5
5,2023-02-28,,,,BOTH,,,,,12:20,220,N,,,,,,,,,0,0,,16:00,,0
5,2023-03-01,,,,L_ONLY,,,,,,,Y,,,,,,,,,33.0,41.75,,,,12079.5
5,2023-03-02,,,,H_ONLY,,,,,,,Y,,,,,,,,,43.5,37.0,,,,11846.25
5,2023-03-03,,,,H_ONLY,,,,,,,Y,,,,,,,,,51.8,59.0,,,,12111.5
5,2023-03-06,,,,BOTH,,,,,10:30,255,N,,,,,,,,,0,0,,14:45,,0
5,2023-03-07,,,,L_ONLY,,,,,,,Y,,,,,,,,,24.1,44.0,,,,12362.75
5,2023-03-08,,,,H_ONLY,,,,,,,Y,,,,,,,,,31.3,33.75,,,,12108.25
5,2023-03-09,,,,L_ONLY,,,,,,,Y,,,,,,,,,5.3,6.5,,,,12353.5
5,2023-03-10,,,,BOTH,,,,,11:25,120,N,,,,,,,,,0,0,,13:25,,0
5,2023-03-13,,,,H_ONLY,,,,,,,Y,,,,,,,,,58.0,142.5,,,,11822.0
5,2023-03-14,,,,BOTH,,,,,10:30,215,N,,,,,,,,,0,0,,14:05,,0
5,2023-03-15,,,,BOTH,,,,,10:30,70,N,,,,,,,,,0,0,,11:40,,0
5,2023-03-16,,,,H_ONLY,,,,,,,Y,,,,,,,,,63.6,77.0,,,,12314.0
5,2023-03-17,,,,L_ONLY,,,,,,,Y,,,,,,,,,76.1,107.75,,,,12811.25
5,2023-03-20,,,,H_ONLY,,,,,,,Y,,,,,,,,,34.5,35.75,,,,12529.5
5,2023-03-21,,,,BOTH,,,,,10:35,260,N,,,,,,,,,0,0,,14:55,,0
5,2023-03-22,,,,BOTH,,,,,11:35,210,N,,,,,,,,,0,0,,15:05,,0
5,2023-03-23,,,,BOTH,,,,,10:40,225,N,,,,,,,,,0,0,,14:25,,0
5,2023-03-24,,,,BOTH,,,,,11:10,50,N,,,,,,,,,0,0,,12:00,,0
5,2023-03-27,,,,L_ONLY,,,,,,,Y,,,,,,,,,78.7,66.5,,,,12965.25
5,2023-03-28,,,,BOTH,,,,,10:30,615,N,,,,,,,,,0,0,,20:45,,0
5,2023-03-29,,,,BOTH,,,,,10:30,175,N,,,,,,,,,0,0,,13:25,,0
5,2023-03-30,,,,BOTH,,,,,10:30,185,N,,,,,,,,,0,0,,13:35,,0
5,2023-03-31,,,,H_ONLY,,,,,,,Y,,,,,,,,,79.4,65.5,,,,13080.25
5,2023-04-03,,,,BOTH,,,,,10:50,305,N,,,,,,,,,0,0,,15:55,,0
5,2023-04-04,,,,L_ONLY,,,,,,,Y,,,,,,,,,26.1,25.25,,,,13326.75
5,2023-04-05,,,,L_ONLY,,,,,,,Y,,,,,,,,,83.0,78.0,,,,13182.0
5,2023-04-06,,,,H_ONLY,,,,,,,Y,,,,,,,,,54.1,54.5,,,,12953.25
5,2023-04-10,,,,H_ONLY,,,,,,,Y,,,,,,,,,30.8,25.5,,,,12967.5
5,2023-04-11,,,,L_ONLY,,,,,,,Y,,,,,,,,,29.3,27.0,,,,13160.5
5,2023-04-12,,,,L_ONLY,,,,,,,Y,,,,,,,,,35.0,51.5,,,,13180.5
5,2023-04-13,,,,H_ONLY,,,,,,,Y,,,,,,,,,69.8,82.75,,,,13019.75
5,2023-04-14,,,,L_ONLY,,,,,,,Y,,,,,,,,,52.4,64.25,,,,13255.0
5,2023-04-17,,,,L_ONLY,,,,,,,Y,,,,,,,,,20.7,14.0,,,,13206.0
5,2023-04-18,,,,L_ONLY,,,,,,,Y,,,,,,,,,72.8,95.25,,,,13297.75
5,2023-04-19,,,,H_ONLY,,,,,,,Y,,,,,,,,,58.4,30.5,,,,13080.5
5,2023-04-20,,,,BOTH,,,,,10:30,285,N,,,,,,,,,0,0,,15:15,,0
5,2023-04-21,,,,H_ONLY,,,,,,,Y,,,,,,,,,21.7,21.5,,,,12982.5
5,2023-04-24,,,,L_ONLY,,,,,,,Y,,,,,,,,,45.0,36.0,,,,13134.0
5,2023-04-25,,,,L_ONLY,,,,,,,Y,,,,,,,,,51.6,40.5,,,,13015.5
5,2023-04-26,,,,BOTH,,,,,11:05,195,N,,,,,,,,,0,0,,14:20,,0
5,2023-04-27,,,,H_ONLY,,,,,,,Y,,,,,,,,,75.8,59.5,,,,13013.5
5,2023-04-28,,,,H_ONLY,,,,,,,Y,,,,,,,,,9.4,11.25,,,,13172.25
5,2023-05-01,,,,BOTH,,,,,10:30,30,N,,,,,,,,,0,0,,11:00,,0
5,2023-05-02,,,,L_ONLY,,,,,,,Y,,,,,,,,,79.4,91.75,,,,13313.25
5,2023-05-03,,,,BOTH,,,,,11:00,180,N,,,,,,,,,0,0,,14:00,,0
5,2023-05-04,,,,BOTH,,,,,10:30,35,N,,,,,,,,,0,0,,11:05,,0
5,2023-05-05,,,,H_ONLY,,,,,,,Y,,,,,,,,,91.7,108.0,,,,13124.25
5,2023-05-08,,,,BOTH,,,,,10:30,75,N,,,,,,,,,0,0,,11:45,,0
5,2023-05-09,,,,L_ONLY,,,,,,,Y,,,,,,,,,32.6,14.0,,,,13317.5
5,2023-05-10,,,,BOTH,,,,,10:45,275,N,,,,,,,,,0,0,,15:20,,0
5,2023-05-11,,,,BOTH,,,,,10:30,55,N,,,,,,,,,0,0,,11:25,,0
5,2023-05-12,,,,L_ONLY,,,,,,,Y,,,,,,,,,72.4,61.5,,,,13487.25
5,2023-05-15,,,,H_ONLY,,,,,,,Y,,,,,,,,,13.7,10.5,,,,13351.5
5,2023-05-16,,,,H_ONLY,,,,,,,Y,,,,,,,,,55.4,45.0,,,,13434.5
5,2023-05-17,,,,H_ONLY,,,,,,,Y,,,,,,,,,46.1,29.75,,,,13475.5
5,2023-05-18,,,,H_ONLY,,,,,,,Y,,,,,,,,,84.1,103.5,,,,13652.75
5,2023-05-19,,,,L_ONLY,,,,,,,Y,,,,,,,,,30.5,20.5,,,,13929.0
5,2023-05-22,,,,H_ONLY,,,,,,,Y,,,,,,,,,23.3,23.25,,,,13847.0
5,2023-05-23,,,,L_ONLY,,,,,,,Y,,,,,,,,,9.4,5.25,,,,13878.0
5,2023-05-24,,,,BOTH,,,,,10:40,280,N,,,,,,,,,0,0,,15:20,,0
5,2023-05-25,,,,H_ONLY,,,,,,,Y,,,,,,,,,14.4,16.5,,,,13851.25
5,2023-05-26,,,,H_ONLY,,,,,,,Y,,,,,,,,,93.8,178.5,,,,14014.75
5,2023-05-30,,,,L_ONLY,,,,,,,Y,,,,,,,,,47.0,75.0,,,,14559.5
5,2023-05-31,,,,L_ONLY,,,,,,,Y,,,,,,,,,34.2,47.25,,,,14412.25
5,2023-06-01,,,,H_ONLY,,,,,,,Y,,,,,,,,,39.2,35.25,,,,14252.0
5,2023-06-05,,,,BOTH,,,,,10:45,225,N,,,,,,,,,0,0,,14:30,,0
5,2023-06-06,,,,H_ONLY,,,,,,,Y,,,,,,,,,30.1,23.25,,,,14504.5
5,2023-06-07,,,,L_ONLY,,,,,,,Y,,,,,,,,,80.0,115.0,,,,14675.0
5,2023-06-08,,,,H_ONLY,,,,,,,Y,,,,,,,,,71.1,67.75,,,,14328.0
5,2023-06-09,,,,L_ONLY,,,,,,,Y,,,,,,,,,6.6,8.75,,,,14866.75
5,2023-06-12,,,,H_ONLY,,,,,,,Y,,,,,,,,,36.7,20.25,,,,14764.0
5,2023-06-14,,,,BOTH,,,,,10:40,200,N,,,,,,,,,0,0,,14:00,,0
5,2023-06-15,,,,H_ONLY,,,,,,,Y,,,,,,,,,65.5,102.0,,,,15114.5
5,2023-06-16,,,,L_ONLY,,,,,,,Y,,,,,,,,,41.1,58.5,,,,15475.5
5,2023-06-19,,,,BOTH,,,,,20:00,115,N,,,,,,,,,0,0,,21:55,,0
5,2023-06-20,,,,L_ONLY,,,,,,,Y,,,,,,,,,12.9,23.25,,,,15310.75
5,2023-06-21,,,,L_ONLY,,,,,,,Y,,,,,,,,,48.5,69.5,,,,15219.25
5,2023-06-22,,,,H_ONLY,,,,,,,Y,,,,,,,,,49.7,92.0,,,,14964.0
5,2023-06-23,,,,H_ONLY,,,,,,,Y,,,,,,,,,21.2,21.75,,,,14985.25
5,2023-06-26,,,,L_ONLY,,,,,,,Y,,,,,,,,,19.9,25.5,,,,15152.5
5,2023-06-27,,,,H_ONLY,,,,,,,Y,,,,,,,,,1.9,1.75,,,,14888.0
5,2023-06-28,,,,H_ONLY,,,,,,,Y,,,,,,,,,27.9,33.25,,,,15025.5
5,2023-06-29,,,,L_ONLY,,,,,,,Y,,,,,,,,,4.6,5.0,,,,15144.75
5,2023-07-03,,,,L_ONLY,,,,,,,Y,,,,,,,,,43.6,23.0,,,,15390.0
5,2023-07-05,,,,H_ONLY,,,,,,,Y,,,,,,,,,24.2,31.75,,,,15292.5
5,2023-07-06,,,,H_ONLY,,,,,,,Y,,,,,,,,,1.9,2.0,,,,15111.5
5,2023-07-07,,,,BOTH,,,,,10:30,85,N,,,,,,,,,0,0,,11:55,,0
5,2023-07-10,,,,BOTH,,,,,12:00,245,N,,,,,,,,,0,0,,16:05,,0
5,2023-07-11,,,,H_ONLY,,,,,,,Y,,,,,,,,,38.3,47.5,,,,15109.5
5,2023-07-12,,,,L_ONLY,,,,,,,Y,,,,,,,,,3.8,3.75,,,,15507.75
5,2023-07-13,,,,H_ONLY,,,,,,,Y,,,,,,,,,11.6,8.0,,,,15552.25
5,2023-07-14,,,,L_ONLY,,,,,,,Y,,,,,,,,,13.3,18.0,,,,15857.25
5,2023-07-17,,,,H_ONLY,,,,,,,Y,,,,,,,,,41.2,30.0,,,,15708.75
5,2023-07-18,,,,H_ONLY,,,,,,,Y,,,,,,,,,23.8,19.75,,,,15733.0
5,2023-07-19,,,,BOTH,,,,,10:40,105,N,,,,,,,,,0,0,,12:25,,0
5,2023-07-20,,,,L_ONLY,,,,,,,Y,,,,,,,,,73.5,110.0,,,,15895.0
5,2023-07-21,,,,L_ONLY,,,,,,,Y,,,,,,,,,38.4,64.75,,,,15719.25
5,2023-07-25,,,,H_ONLY,,,,,,,Y,,,,,,,,,19.2,16.25,,,,15587.75
5,2023-07-26,,,,BOTH,,,,,10:50,225,N,,,,,,,,,0,0,,14:35,,0
5,2023-07-27,,,,L_ONLY,,,,,,,Y,,,,,,,,,35.4,47.25,,,,15904.0
5,2023-07-28,,,,H_ONLY,,,,,,,Y,,,,,,,,,51.8,58.75,,,,15715.75
5,2023-07-31,,,,L_ONLY,,,,,,,Y,,,,,,,,,25.3,25.25,,,,15905.0
5,2023-08-01,,,,BOTH,,,,,10:40,440,N,,,,,,,,,0,0,,18:00,,0
5,2023-08-02,,,,L_ONLY,,,,,,,Y,,,,,,,,,76.6,110.5,,,,15668.75
5,2023-08-03,,,,H_ONLY,,,,,,,Y,,,,,,,,,1.9,2.25,,,,15351.25
5,2023-08-04,,,,BOTH,,,,,12:25,130,N,,,,,,,,,0,0,,14:35,,0
5,2023-08-07,,,,BOTH,,,,,11:05,285,N,,,,,,,,,0,0,,15:50,,0
5,2023-08-08,,,,BOTH,,,,,10:55,575,N,,,,,,,,,0,0,,20:30,,0
5,2023-08-09,,,,L_ONLY,,,,,,,Y,,,,,,,,,55.7,62.0,,,,15368.5
5,2023-08-10,,,,L_ONLY,,,,,,,Y,,,,,,,,,12.7,21.5,,,,15442.25
5,2023-08-11,,,,L_ONLY,,,,,,,Y,,,,,,,,,7.2,8.75,,,,15174.25
5,2023-08-14,,,,H_ONLY,,,,,,,Y,,,,,,,,,79.2,109.25,,,,15035.0
5,2023-08-15,,,,L_ONLY,,,,,,,Y,,,,,,,,,35.0,51.25,,,,15259.25
5,2023-08-16,,,,L_ONLY,,,,,,,Y,,,,,,,,,2.4,2.25,,,,15144.0
5,2023-08-17,,,,L_ONLY,,,,,,,Y,,,,,,,,,39.8,50.0,,,,15007.5
5,2023-08-18,,,,H_ONLY,,,,,,,Y,,,,,,,,,28.8,25.25,,,,14609.25
5,2023-08-21,,,,BOTH,,,,,11:10,135,N,,,,,,,,,0,0,,13:25,,0
5,2023-08-22,,,,L_ONLY,,,,,,,Y,,,,,,,,,39.4,37.25,,,,15092.25
5,2023-08-23,,,,H_ONLY,,,,,,,Y,,,,,,,,,85.7,124.75,,,,14999.5
5,2023-08-24,,,,L_ONLY,,,,,,,Y,,,,,,,,,94.5,253.25,,,,15339.75
5,2023-08-25,,,,L_ONLY,,,,,,,Y,,,,,,,,,12.2,21.75,,,,15048.75
5,2023-08-28,,,,L_ONLY,,,,,,,Y,,,,,,,,,13.3,16.25,,,,15126.5
5,2023-08-29,,,,H_ONLY,,,,,,,Y,,,,,,,,,96.4,226.25,,,,15062.75
5,2023-08-30,,,,H_ONLY,,,,,,,Y,,,,,,,,,21.2,28.0,,,,15375.0
5,2023-08-31,,,,H_ONLY,,,,,,,Y,,,,,,,,,4.0,4.25,,,,15488.75
5,2023-09-01,,,,L_ONLY,,,,,,,Y,,,,,,,,,45.0,69.25,,,,15652.75
5,2023-09-05,,,,H_ONLY,,,,,,,Y,,,,,,,,,42.4,34.25,,,,15442.75
5,2023-09-06,,,,L_ONLY,,,,,,,Y,,,,,,,,,71.1,91.5,,,,15514.25
5,2023-09-07,,,,H_ONLY,,,,,,,Y,,,,,,,,,35.0,29.25,,,,15157.5
5,2023-09-08,,,,L_ONLY,,,,,,,Y,,,,,,,,,2.5,3.0,,,,15586.5
5,2023-09-11,,,,H_ONLY,,,,,,,Y,,,,,,,,,2.7,3.0,,,,15537.25
5,2023-09-12,,,,L_ONLY,,,,,,,Y,,,,,,,,,54.8,43.0,,,,15658.75
5,2023-09-13,,,,H_ONLY,,,,,,,Y,,,,,,,,,50.3,54.0,,,,15454.25
5,2023-09-14,,,,H_ONLY,,,,,,,Y,,,,,,,,,45.0,48.5,,,,15531.0
5,2023-09-15,,,,L_ONLY,,,,,,,Y,,,,,,,,,76.3,120.75,,,,15627.5
5,2023-09-18,,,,H_ONLY,,,,,,,Y,,,,,,,,,22.3,21.5,,,,15343.0
5,2023-09-19,,,,BOTH,,,,,10:35,190,N,,,,,,,,,0,0,,13:45,,0
5,2023-09-20,,,,L_ONLY,,,,,,,Y,,,,,,,,,57.6,42.75,,,,15435.25
5,2023-09-21,,,,L_ONLY,,,,,,,Y,,,,,,,,,1.5,1.5,,,,15020.25
5,2023-09-22,,,,BOTH,,,,,10:30,220,N,,,,,,,,,0,0,,14:10,,0
5,2023-09-25,,,,H_ONLY,,,,,,,Y,,,,,,,,,30.3,34.5,,,,14782.5
5,2023-09-26,,,,L_ONLY,,,,,,,Y,,,,,,,,,33.3,40.5,,,,14846.25
5,2023-09-27,,,,BOTH,,,,,10:50,260,N,,,,,,,,,0,0,,15:10,,0
5,2023-09-28,,,,H_ONLY,,,,,,,Y,,,,,,,,,18.7,21.5,,,,14658.0
5,2023-09-29,,,,L_ONLY,,,,,,,Y,,,,,,,,,38.3,34.75,,,,15060.75
5,2023-10-02,,,,H_ONLY,,,,,,,Y,,,,,,,,,11.4,16.5,,,,14847.75
5,2023-10-03,,,,L_ONLY,,,,,,,Y,,,,,,,,,80.3,163.75,,,,14974.75
5,2023-10-04,,,,H_ONLY,,,,,,,Y,,,,,,,,,4.5,4.5,,,,14734.5
5,2023-10-05,,,,L_ONLY,,,,,,,Y,,,,,,,,,12.0,19.5,,,,14926.5
5,2023-10-06,,,,H_ONLY,,,,,,,Y,,,,,,,,,97.5,139.0,,,,14702.25
5,2023-10-09,,,,H_ONLY,,,,,,,Y,,,,,,,,,13.2,15.5,,,,14949.5
5,2023-10-10,,,,H_ONLY,,,,,,,Y,,,,,,,,,65.4,75.25,,,,15180.0
5,2023-10-11,,,,BOTH,,,,,10:30,330,N,,,,,,,,,0,0,,16:00,,0
5,2023-10-12,,,,BOTH,,,,,11:20,105,N,,,,,,,,,0,0,,13:05,,0
5,2023-10-13,,,,L_ONLY,,,,,,,Y,,,,,,,,,69.9,70.25,,,,15366.75
5,2023-10-16,,,,H_ONLY,,,,,,,Y,,,,,,,,,32.8,43.25,,,,15168.75
5,2023-10-17,,,,H_ONLY,,,,,,,Y,,,,,,,,,83.1,128.0,,,,15050.25
5,2023-10-18,,,,L_ONLY,,,,,,,Y,,,,,,,,,45.6,46.5,,,,15223.75
5,2023-10-19,,,,BOTH,,,,,10:30,90,N,,,,,,,,,0,0,,12:00,,0
5,2023-10-20,,,,L_ONLY,,,,,,,Y,,,,,,,,,65.8,82.75,,,,14886.0
5,2023-10-23,,,,H_ONLY,,,,,,,Y,,,,,,,,,69.2,120.0,,,,14514.25
5,2023-10-24,,,,BOTH,,,,,10:30,110,N,,,,,,,,,0,0,,12:20,,0
5,2023-10-25,,,,L_ONLY,,,,,,,Y,,,,,,,,,42.3,64.5,,,,14749.25
5,2023-10-26,,,,L_ONLY,,,,,,,Y,,,,,,,,,39.1,74.0,,,,14459.0
5,2023-10-27,,,,BOTH,,,,,10:40,30,N,,,,,,,,,0,0,,11:10,,0
5,2023-10-30,,,,L_ONLY,,,,,,,Y,,,,,,,,,3.1,4.5,,,,14476.5
5,2023-10-31,,,,H_ONLY,,,,,,,Y,,,,,,,,,27.9,32.75,,,,14311.25
5,2023-11-01,,,,H_ONLY,,,,,,,Y,,,,,,,,,34.7,42.75,,,,14515.25
5,2023-11-02,,,,H_ONLY,,,,,,,Y,,,,,,,,,50.6,42.0,,,,14869.5
5,2023-11-03,,,,H_ONLY,,,,,,,Y,,,,,,,,,18.1,22.25,,,,15040.5
5,2023-11-06,,,,L_ONLY,,,,,,,Y,,,,,,,,,15.9,11.5,,,,15257.5
5,2023-11-07,,,,H_ONLY,,,,,,,Y,,,,,,,,,87.5,105.25,,,,15224.0
5,2023-11-08,,,,L_ONLY,,,,,,,Y,,,,,,,,,29.6,23.0,,,,15417.5
5,2023-11-09,,,,BOTH,,,,,10:30,80,N,,,,,,,,,0,0,,11:50,,0
5,2023-11-10,,,,H_ONLY,,,,,,,Y,,,,,,,,,20.2,17.25,,,,15305.5
5,2023-11-13,,,,H_ONLY,,,,,,,Y,,,,,,,,,68.1,50.25,,,,15465.25
5,2023-11-14,,,,H_ONLY,,,,,,,Y,,,,,,,,,32.6,31.75,,,,15790.25
5,2023-11-15,,,,BOTH,,,,,10:50,50,N,,,,,,,,,0,0,,11:40,,0
5,2023-11-16,,,,BOTH,,,,,10:40,305,N,,,,,,,,,0,0,,15:45,,0
5,2023-11-17,,,,BOTH,,,,,11:05,55,N,,,,,,,,,0,0,,12:00,,0
5,2023-11-20,,,,H_ONLY,,,,,,,Y,,,,,,,,,44.2,47.5,,,,15894.75
5,2023-11-21,,,,BOTH,,,,,10:30,350,N,,,,,,,,,0,0,,16:20,,0
5,2023-11-24,,,,L_ONLY,,,,,,,Y,,,,,,,,,44.8,28.25,,,,16053.5
5,2023-11-27,,,,H_ONLY,,,,,,,Y,,,,,,,,,34.4,27.5,,,,15970.25
5,2023-11-28,,,,H_ONLY,,,,,,,Y,,,,,,,,,19.9,9.75,,,,15958.5
5,2023-11-29,,,,L_ONLY,,,,,,,Y,,,,,,,,,61.3,75.75,,,,16208.5
5,2023-11-30,,,,L_ONLY,,,,,,,Y,,,,,,,,,45.4,60.25,,,,16051.5
5,2023-12-01,,,,BOTH,,,,,10:30,40,N,,,,,,,,,0,0,,11:10,,0
5,2023-12-04,,,,BOTH,,,,,10:30,320,N,,,,,,,,,0,0,,15:50,,0
5,2023-12-05,,,,H_ONLY,,,,,,,Y,,,,,,,,,28.8,44.25,,,,15783.25
5,2023-12-06,,,,L_ONLY,,,,,,,Y,,,,,,,,,54.3,88.0,,,,16037.75
5,2023-12-07,,,,H_ONLY,,,,,,,Y,,,,,,,,,39.5,43.25,,,,15887.5
5,2023-12-08,,,,H_ONLY,,,,,,,Y,,,,,,,,,27.0,45.5,,,,16153.5
5,2023-12-11,,,,H_ONLY,,,,,,,Y,,,,,,,,,49.5,52.5,,,,16281.5
5,2023-12-12,,,,H_ONLY,,,,,,,Y,,,,,,,,,66.4,62.25,,,,16396.5
5,2023-12-13,,,,BOTH,,,,,11:50,130,N,,,,,,,,,0,0,,14:00,,0
5,2023-12-14,,,,L_ONLY,,,,,,,Y,,,,,,,,,62.2,56.75,,,,16877.25
5,2023-12-15,,,,BOTH,,,,,10:30,190,N,,,,,,,,,0,0,,13:40,,0
5,2023-12-18,,,,H_ONLY,,,,,,,Y,,,,,,,,,31.8,23.25,,,,16832.5
5,2023-12-19,,,,H_ONLY,,,,,,,Y,,,,,,,,,39.0,20.75,,,,16944.5
5,2023-12-20,,,,BOTH,,,,,10:30,245,N,,,,,,,,,0,0,,14:35,,0
5,2023-12-21,,,,BOTH,,,,,12:05,225,N,,,,,,,,,0,0,,15:50,,0
5,2023-12-22,,,,L_ONLY,,,,,,,Y,,,,,,,,,13.4,7.0,,,,17041.5
5,2023-12-26,,,,H_ONLY,,,,,,,Y,,,,,,,,,33.0,17.0,,,,17005.5
5,2023-12-27,,,,H_ONLY,,,,,,,Y,,,,,,,,,4.0,2.75,,,,17055.5
5,2023-12-28,,,,L_ONLY,,,,,,,Y,,,,,,,,,25.8,14.5,,,,17159.0
5,2023-12-29,,,,L_ONLY,,,,,,,Y,,,,,,,,,35.6,12.0,,,,17107.5
5,2024-01-02,,,,L_ONLY,,,,,,,Y,,,,,,,,,54.7,85.75,,,,16873.5
5,2024-01-03,,,,L_ONLY,,,,,,,Y,,,,,,,,,25.5,24.75,,,,16653.5
5,2024-01-04,,,,BOTH,,,,,10:45,310,N,,,,,,,,,0,0,,15:55,,0
5,2024-01-05,,,,BOTH,,,,,10:30,165,N,,,,,,,,,0,0,,13:15,,0
5,2024-01-08,,,,H_ONLY,,,,,,,Y,,,,,,,,,96.9,134.75,,,,16505.5
5,2024-01-09,,,,H_ONLY,,,,,,,Y,,,,,,,,,59.5,51.5,,,,16660.5
5,2024-01-10,,,,H_ONLY,,,,,,,Y,,,,,,,,,71.4,51.75,,,,16801.5
5,2024-01-11,,,,L_ONLY,,,,,,,Y,,,,,,,,,27.3,59.75,,,,17043.5
5,2024-01-12,,,,L_ONLY,,,,,,,Y,,,,,,,,,43.6,46.75,,,,17042.5
5,2024-01-15,,,,BOTH,,,,,10:45,475,N,,,,,,,,,0,0,,18:40,,0
5,2024-01-16,,,,H_ONLY,,,,,,,Y,,,,,,,,,4.7,7.0,,,,16855.0
5,2024-01-17,,,,H_ONLY,,,,,,,Y,,,,,,,,,24.6,37.75,,,,16689.25
5,2024-01-18,,,,BOTH,,,,,10:35,145,N,,,,,,,,,0,0,,13:00,,0
5,2024-01-19,,,,H_ONLY,,,,,,,Y,,,,,,,,,39.8,26.5,,,,17166.25
5,2024-01-22,,,,L_ONLY,,,,,,,Y,,,,,,,,,70.0,71.25,,,,17585.0
5,2024-01-23,,,,H_ONLY,,,,,,,Y,,,,,,,,,22.9,18.0,,,,17409.5
5,2024-01-24,,,,BOTH,,,,,10:30,230,N,,,,,,,,,0,0,,14:20,,0
5,2024-01-25,,,,BOTH,,,,,10:30,120,N,,,,,,,,,0,0,,12:30,,0
5,2024-01-26,,,,BOTH,,,,,10:30,200,N,,,,,,,,,0,0,,13:50,,0
5,2024-01-29,,,,BOTH,,,,,11:00,60,N,,,,,,,,,0,0,,12:00,,0
5,2024-01-30,,,,L_ONLY,,,,,,,Y,,,,,,,,,24.9,17.0,,,,17684.75
5,2024-01-31,,,,BOTH,,,,,10:30,245,N,,,,,,,,,0,0,,14:35,,0
5,2024-02-01,,,,BOTH,,,,,10:30,30,N,,,,,,,,,0,0,,11:00,,0
5,2024-02-02,,,,H_ONLY,,,,,,,Y,,,,,,,,,52.4,83.0,,,,17465.5
5,2024-02-05,,,,BOTH,,,,,10:35,240,N,,,,,,,,,0,0,,14:35,,0
5,2024-02-06,,,,L_ONLY,,,,,,,Y,,,,,,,,,61.4,104.0,,,,17767.75
5,2024-02-07,,,,H_ONLY,,,,,,,Y,,,,,,,,,40.6,60.5,,,,17718.75
5,2024-02-08,,,,H_ONLY,,,,,,,Y,,,,,,,,,27.6,16.0,,,,17808.0
5,2024-02-09,,,,H_ONLY,,,,,,,Y,,,,,,,,,91.3,86.5,,,,17875.0
5,2024-02-12,,,,BOTH,,,,,10:35,180,N,,,,,,,,,0,0,,13:35,,0
5,2024-02-13,,,,BOTH,,,,,10:30,260,N,,,,,,,,,0,0,,14:50,,0
5,2024-02-14,,,,BOTH,,,,,11:00,275,N,,,,,,,,,0,0,,15:35,,0
5,2024-02-15,,,,BOTH,,,,,11:05,130,N,,,,,,,,,0,0,,13:15,,0
5,2024-02-16,,,,L_ONLY,,,,,,,Y,,,,,,,,,12.4,26.5,,,,17930.0
5,2024-02-19,,,,L_ONLY,,,,,,,Y,,,,,,,,,35.2,11.0,,,,17807.5
5,2024-02-20,,,,L_ONLY,,,,,,,Y,,,,,,,,,49.7,109.5,,,,17724.0
5,2024-02-21,,,,BOTH,,,,,12:10,225,N,,,,,,,,,0,0,,15:55,,0
5,2024-02-22,,,,H_ONLY,,,,,,,Y,,,,,,,,,29.2,31.0,,,,17864.0
5,2024-02-23,,,,L_ONLY,,,,,,,Y,,,,,,,,,71.0,71.75,,,,18144.75
5,2024-02-26,,,,BOTH,,,,,11:50,250,N,,,,,,,,,0,0,,16:00,,0
5,2024-02-27,,,,L_ONLY,,,,,,,Y,,,,,,,,,1.4,1.25,,,,18032.5
5,2024-02-28,,,,BOTH,,,,,11:00,305,N,,,,,,,,,0,0,,16:05,,0
5,2024-02-29,,,,BOTH,,,,,11:00,285,N,,,,,,,,,0,0,,15:45,,0
5,2024-03-01,,,,H_ONLY,,,,,,,Y,,,,,,,,,48.5,50.0,,,,18093.75
5,2024-03-04,,,,BOTH,,,,,13:20,75,N,,,,,,,,,0,0,,14:35,,0
5,2024-03-05,,,,L_ONLY,,,,,,,Y,,,,,,,,,85.7,156.75,,,,18135.25
5,2024-03-06,,,,BOTH,,,,,11:55,490,N,,,,,,,,,0,0,,20:05,,0
5,2024-03-07,,,,H_ONLY,,,,,,,Y,,,,,,,,,83.1,99.75,,,,18118.75
5,2024-03-08,,,,BOTH,,,,,10:30,35,N,,,,,,,,,0,0,,11:05,,0
5,2024-03-11,,,,H_ONLY,,,,,,,Y,,,,,,,,,22.2,24.5,,,,18138.0
5,2024-03-12,,,,H_ONLY,,,,,,,Y,,,,,,,,,77.2,149.25,,,,18174.0
5,2024-03-13,,,,L_ONLY,,,,,,,Y,,,,,,,,,20.1,25.5,,,,18429.75
5,2024-03-14,,,,L_ONLY,,,,,,,Y,,,,,,,,,28.8,56.0,,,,18398.0
5,2024-03-15,,,,L_ONLY,,,,,,,Y,,,,,,,,,1.7,2.5,,,,18174.5
5,2024-03-18,,,,L_ONLY,,,,,,,Y,,,,,,,,,1.0,1.0,,,,18381.0
5,2024-03-19,,,,H_ONLY,,,,,,,Y,,,,,,,,,14.6,14.5,,,,18053.25
5,2024-03-20,,,,BOTH,,,,,13:45,15,N,,,,,,,,,0,0,,14:00,,0
5,2024-03-21,,,,L_ONLY,,,,,,,Y,,,,,,,,,1.8,1.5,,,,18709.0
5,2024-03-22,,,,H_ONLY,,,,,,,Y,,,,,,,,,3.8,2.5,,,,18500.0
5,2024-03-25,,,,H_ONLY,,,,,,,Y,,,,,,,,,66.2,84.25,,,,18414.75
5,2024-03-26,,,,L_ONLY,,,,,,,Y,,,,,,,,,32.6,19.75,,,,18608.5
5,2024-03-28,,,,L_ONLY,,,,,,,Y,,,,,,,,,24.2,19.75,,,,18538.75
5,2024-04-01,,,,L_ONLY,,,,,,,Y,,,,,,,,,52.4,65.25,,,,18607.0
5,2024-04-02,,,,H_ONLY,,,,,,,Y,,,,,,,,,6.4,5.75,,,,18201.5
5,2024-04-03,,,,H_ONLY,,,,,,,Y,,,,,,,,,35.5,63.5,,,,18239.5
5,2024-04-04,,,,L_ONLY,,,,,,,Y,,,,,,,,,1.5,1.25,,,,18568.0
5,2024-04-05,,,,H_ONLY,,,,,,,Y,,,,,,,,,60.0,90.0,,,,18102.5
5,2024-04-08,,,,H_ONLY,,,,,,,Y,,,,,,,,,14.0,14.5,,,,18237.5
5,2024-04-09,,,,BOTH,,,,,10:30,330,N,,,,,,,,,0,0,,16:00,,0
5,2024-04-10,,,,H_ONLY,,,,,,,Y,,,,,,,,,6.2,6.25,,,,18107.75
5,2024-04-11,,,,H_ONLY,,,,,,,Y,,,,,,,,,30.9,32.25,,,,18169.5
5,2024-04-12,,,,L_ONLY,,,,,,,Y,,,,,,,,,61.5,52.0,,,,18343.25
5,2024-04-15,,,,L_ONLY,,,,,,,Y,,,,,,,,,60.6,89.75,,,,18339.0
5,2024-04-16,,,,BOTH,,,,,11:50,100,N,,,,,,,,,0,0,,13:30,,0
5,2024-04-17,,,,L_ONLY,,,,,,,Y,,,,,,,,,66.6,100.75,,,,17959.5
5,2024-04-18,,,,BOTH,,,,,10:30,170,N,,,,,,,,,0,0,,13:20,,0
5,2024-04-19,,,,L_ONLY,,,,,,,Y,,,,,,,,,53.8,94.75,,,,17517.0
5,2024-04-22,,,,BOTH,,,,,10:50,155,N,,,,,,,,,0,0,,13:25,,0
5,2024-04-23,,,,H_ONLY,,,,,,,Y,,,,,,,,,81.2,127.5,,,,17413.75
5,2024-04-24,,,,L_ONLY,,,,,,,Y,,,,,,,,,63.4,53.25,,,,17795.5
5,2024-04-25,,,,H_ONLY,,,,,,,Y,,,,,,,,,24.1,33.5,,,,17308.25
5,2024-04-26,,,,H_ONLY,,,,,,,Y,,,,,,,,,65.6,113.0,,,,17668.25
5,2024-04-29,,,,L_ONLY,,,,,,,Y,,,,,,,,,14.7,17.5,,,,17949.0
5,2024-04-30,,,,L_ONLY,,,,,,,Y,,,,,,,,,23.2,16.5,,,,17895.25
5,2024-05-01,,,,BOTH,,,,,11:15,165,N,,,,,,,,,0,0,,14:00,,0
5,2024-05-02,,,,H_ONLY,,,,,,,Y,,,,,,,,,26.8,58.0,,,,17386.25
5,2024-05-06,,,,H_ONLY,,,,,,,Y,,,,,,,,,33.0,24.5,,,,18042.75
5,2024-05-07,,,,BOTH,,,,,10:55,200,N,,,,,,,,,0,0,,14:15,,0
5,2024-05-08,,,,H_ONLY,,,,,,,Y,,,,,,,,,45.5,60.25,,,,18078.5
5,2024-05-09,,,,H_ONLY,,,,,,,Y,,,,,,,,,44.1,42.0,,,,18108.75
5,2024-05-10,,,,L_ONLY,,,,,,,Y,,,,,,,,,62.9,77.0,,,,18348.0
5,2024-05-13,,,,L_ONLY,,,,,,,Y,,,,,,,,,31.8,26.75,,,,18336.25
5,2024-05-14,,,,H_ONLY,,,,,,,Y,,,,,,,,,16.9,17.75,,,,18265.5
5,2024-05-15,,,,H_ONLY,,,,,,,Y,,,,,,,,,84.3,80.75,,,,18446.75
5,2024-05-16,,,,BOTH,,,,,10:40,165,N,,,,,,,,,0,0,,13:25,,0
5,2024-05-17,,,,BOTH,,,,,10:30,135,N,,,,,,,,,0,0,,12:45,,0
5,2024-05-20,,,,H_ONLY,,,,,,,Y,,,,,,,,,58.2,71.75,,,,18635.25
5,2024-05-21,,,,H_ONLY,,,,,,,Y,,,,,,,,,92.1,49.25,,,,18678.0
5,2024-05-22,,,,BOTH,,,,,11:05,150,N,,,,,,,,,0,0,,13:35,,0
5,2024-05-23,,,,L_ONLY,,,,,,,Y,,,,,,,,,33.9,49.0,,,,18982.5
5,2024-05-24,,,,H_ONLY,,,,,,,Y,,,,,,,,,76.8,81.0,,,,18732.5
5,2024-05-28,,,,BOTH,,,,,11:30,185,N,,,,,,,,,0,0,,14:35,,0
5,2024-05-29,,,,BOTH,,,,,10:30,375,N,,,,,,,,,0,0,,16:45,,0
5,2024-05-30,,,,L_ONLY,,,,,,,Y,,,,,,,,,47.5,40.5,,,,18769.5
5,2024-05-31,,,,L_ONLY,,,,,,,Y,,,,,,,,,14.1,30.5,,,,18631.5
5,2024-06-03,,,,L_ONLY,,,,,,,Y,,,,,,,,,48.9,53.75,,,,18755.5
5,2024-06-04,,,,H_ONLY,,,,,,,Y,,,,,,,,,3.1,3.0,,,,18567.75
5,2024-06-05,,,,H_ONLY,,,,,,,Y,,,,,,,,,97.9,92.0,,,,18800.0
5,2024-06-06,,,,L_ONLY,,,,,,,Y,,,,,,,,,11.1,9.25,,,,19115.75
5,2024-06-07,,,,H_ONLY,,,,,,,Y,,,,,,,,,6.2,4.5,,,,18992.5
5,2024-06-10,,,,H_ONLY,,,,,,,Y,,,,,,,,,74.5,44.5,,,,18977.75
5,2024-06-11,,,,H_ONLY,,,,,,,Y,,,,,,,,,71.1,68.75,,,,18994.5
5,2024-06-12,,,,H_ONLY,,,,,,,Y,,,,,,,,,34.4,58.25,,,,19374.75
5,2024-06-13,,,,L_ONLY,,,,,,,Y,,,,,,,,,24.3,31.25,,,,19663.5
5,2024-06-14,,,,H_ONLY,,,,,,,Y,,,,,,,,,4.6,4.25,,,,19818.25
5,2024-06-17,,,,H_ONLY,,,,,,,Y,,,,,,,,,51.6,41.25,,,,19904.0
5,2024-06-18,,,,BOTH,,,,,10:45,180,N,,,,,,,,,0,0,,13:45,,0
5,2024-06-20,,,,L_ONLY,,,,,,,Y,,,,,,,,,23.8,34.5,,,,20263.25
5,2024-06-21,,,,H_ONLY,,,,,,,Y,,,,,,,,,25.3,28.75,,,,19914.25
5,2024-06-24,,,,L_ONLY,,,,,,,Y,,,,,,,,,42.1,54.25,,,,19995.5
5,2024-06-25,,,,H_ONLY,,,,,,,Y,,,,,,,,,43.0,45.5,,,,19792.25
5,2024-06-26,,,,BOTH,,,,,11:10,40,N,,,,,,,,,0,0,,11:50,,0
5,2024-06-27,,,,BOTH,,,,,11:25,610,N,,,,,,,,,0,0,,21:35,,0
5,2024-06-28,,,,L_ONLY,,,,,,,Y,,,,,,,,,11.0,25.75,,,,20273.25
5,2024-07-01,,,,H_ONLY,,,,,,,Y,,,,,,,,,29.9,52.0,,,,19811.75
5,2024-07-02,,,,H_ONLY,,,,,,,Y,,,,,,,,,66.0,80.0,,,,19976.75
5,2024-07-03,,,,H_ONLY,,,,,,,Y,,,,,,,,,42.6,35.75,,,,20216.0
5,2024-07-05,,,,H_ONLY,,,,,,,Y,,,,,,,,,53.7,62.25,,,,20428.25
5,2024-07-08,,,,BOTH,,,,,10:35,45,N,,,,,,,,,0,0,,11:20,,0
5,2024-07-09,,,,L_ONLY,,,,,,,Y,,,,,,,,,37.9,29.75,,,,20771.75
5,2024-07-10,,,,BOTH,,,,,11:00,80,N,,,,,,,,,0,0,,12:20,,0
5,2024-07-11,,,,L_ONLY,,,,,,,Y,,,,,,,,,71.7,175.75,,,,20902.25
5,2024-07-12,,,,H_ONLY,,,,,,,Y,,,,,,,,,52.6,85.0,,,,20425.25
5,2024-07-15,,,,BOTH,,,,,10:30,180,N,,,,,,,,,0,0,,13:30,,0
5,2024-07-16,,,,L_ONLY,,,,,,,Y,,,,,,,,,35.3,70.25,,,,20684.5
5,2024-07-17,,,,L_ONLY,,,,,,,Y,,,,,,,,,55.5,102.0,,,,20281.5
5,2024-07-18,,,,L_ONLY,,,,,,,Y,,,,,,,,,78.4,101.5,,,,20149.25
5,2024-07-19,,,,L_ONLY,,,,,,,Y,,,,,,,,,57.0,101.25,,,,19976.5
5,2024-07-22,,,,BOTH,,,,,11:15,170,N,,,,,,,,,0,0,,14:05,,0
5,2024-07-23,,,,BOTH,,,,,10:50,20,N,,,,,,,,,0,0,,11:10,,0
5,2024-07-24,,,,L_ONLY,,,,,,,Y,,,,,,,,,83.1,155.75,,,,19653.75
5,2024-07-25,,,,H_ONLY,,,,,,,Y,,,,,,,,,28.7,98.75,,,,18883.25
5,2024-07-26,,,,BOTH,,,,,10:45,65,N,,,,,,,,,0,0,,11:50,,0
5,2024-07-29,,,,L_ONLY,,,,,,,Y,,,,,,,,,18.4,28.5,,,,19377.25
5,2024-07-30,,,,L_ONLY,,,,,,,Y,,,,,,,,,88.2,141.75,,,,19319.75
5,2024-07-31,,,,H_ONLY,,,,,,,Y,,,,,,,,,21.1,34.0,,,,19310.75
5,2024-08-01,,,,L_ONLY,,,,,,,Y,,,,,,,,,88.9,210.75,,,,19682.0
5,2024-08-05,,,,H_ONLY,,,,,,,Y,,,,,,,,,56.6,341.5,,,,17509.25
5,2024-08-06,,,,H_ONLY,,,,,,,Y,,,,,,,,,61.2,161.5,,,,17966.0
5,2024-08-07,,,,L_ONLY,,,,,,,Y,,,,,,,,,6.4,9.75,,,,18558.5
5,2024-08-08,,,,H_ONLY,,,,,,,Y,,,,,,,,,79.5,259.0,,,,18064.25
5,2024-08-09,,,,H_ONLY,,,,,,,Y,,,,,,,,,19.6,31.75,,,,18404.5
5,2024-08-12,,,,H_ONLY,,,,,,,Y,,,,,,,,,25.8,52.75,,,,18523.5
5,2024-08-13,,,,H_ONLY,,,,,,,Y,,,,,,,,,37.4,39.75,,,,18816.25
5,2024-08-14,,,,BOTH,,,,,10:30,80,N,,,,,,,,,0,0,,11:50,,0
5,2024-08-15,,,,H_ONLY,,,,,,,Y,,,,,,,,,85.5,131.25,,,,19336.25
5,2024-08-16,,,,H_ONLY,,,,,,,Y,,,,,,,,,25.2,32.5,,,,19462.5
5,2024-08-19,,,,H_ONLY,,,,,,,Y,,,,,,,,,66.1,63.75,,,,19529.0
5,2024-08-20,,,,L_ONLY,,,,,,,Y,,,,,,,,,47.0,57.25,,,,19925.0
5,2024-08-21,,,,BOTH,,,,,10:35,15,N,,,,,,,,,0,0,,10:50,,0
5,2024-08-22,,,,L_ONLY,,,,,,,Y,,,,,,,,,76.6,108.75,,,,20025.25
5,2024-08-23,,,,L_ONLY,,,,,,,Y,,,,,,,,,5.4,10.75,,,,19904.25
5,2024-08-26,,,,L_ONLY,,,,,,,Y,,,,,,,,,82.1,158.5,,,,19801.5
5,2024-08-27,,,,H_ONLY,,,,,,,Y,,,,,,,,,70.8,136.25,,,,19441.5
5,2024-08-28,,,,L_ONLY,,,,,,,Y,,,,,,,,,44.5,63.75,,,,19656.5
5,2024-08-29,,,,BOTH,,,,,10:50,220,N,,,,,,,,,0,0,,14:30,,0
5,2024-08-30,,,,BOTH,,,,,10:55,300,N,,,,,,,,,0,0,,15:55,,0
5,2024-09-03,,,,L_ONLY,,,,,,,Y,,,,,,,,,82.4,165.0,,,,19483.25
5,2024-09-04,,,,H_ONLY,,,,,,,Y,,,,,,,,,42.4,69.5,,,,18838.25
5,2024-09-05,,,,L_ONLY,,,,,,,Y,,,,,,,,,5.6,14.75,,,,19150.5
5,2024-09-06,,,,L_ONLY,,,,,,,Y,,,,,,,,,93.7,306.75,,,,18967.25
5,2024-09-09,,,,BOTH,,,,,10:30,155,N,,,,,,,,,0,0,,13:05,,0
5,2024-09-10,,,,BOTH,,,,,10:50,190,N,,,,,,,,,0,0,,14:00,,0
5,2024-09-11,,,,BOTH,,,,,10:30,110,N,,,,,,,,,0,0,,12:20,,0
5,2024-09-12,,,,H_ONLY,,,,,,,Y,,,,,,,,,37.1,61.25,,,,19185.0
5,2024-09-13,,,,H_ONLY,,,,,,,Y,,,,,,,,,10.5,13.75,,,,19634.75
5,2024-09-16,,,,L_ONLY,,,,,,,Y,,,,,,,,,9.5,13.0,,,,19697.5
5,2024-09-17,,,,BOTH,,,,,10:45,90,N,,,,,,,,,0,0,,12:15,,0
5,2024-09-18,,,,BOTH,,,,,11:20,160,N,,,,,,,,,0,0,,14:00,,0
5,2024-09-19,,,,H_ONLY,,,,,,,Y,,,,,,,,,49.4,85.0,,,,19964.0
5,2024-09-20,,,,BOTH,,,,,10:30,305,N,,,,,,,,,0,0,,15:35,,0
5,2024-09-23,,,,BOTH,,,,,10:50,130,N,,,,,,,,,0,0,,13:00,,0
5,2024-09-24,,,,BOTH,,,,,10:40,65,N,,,,,,,,,0,0,,11:45,,0
5,2024-09-25,,,,BOTH,,,,,13:00,405,N,,,,,,,,,0,0,,19:45,,0
5,2024-09-26,,,,L_ONLY,,,,,,,Y,,,,,,,,,84.4,151.25,,,,20517.5
5,2024-09-27,,,,L_ONLY,,,,,,,Y,,,,,,,,,50.4,49.25,,,,20383.0
5,2024-09-30,,,,BOTH,,,,,14:15,100,N,,,,,,,,,0,0,,15:55,,0
5,2024-10-01,,,,L_ONLY,,,,,,,Y,,,,,,,,,48.1,184.75,,,,20266.0
5,2024-10-02,,,,H_ONLY,,,,,,,Y,,,,,,,,,74.5,135.0,,,,19833.5
5,2024-10-03,,,,L_ONLY,,,,,,,Y,,,,,,,,,24.8,54.25,,,,20113.75
5,2024-10-04,,,,H_ONLY,,,,,,,Y,,,,,,,,,2.4,5.5,,,,20013.25
5,2024-10-07,,,,BOTH,,,,,10:30,240,N,,,,,,,,,0,0,,14:30,,0
5,2024-10-08,,,,H_ONLY,,,,,,,Y,,,,,,,,,71.6,95.0,,,,20069.75
5,2024-10-09,,,,H_ONLY,,,,,,,Y,,,,,,,,,65.2,75.75,,,,20238.5
5,2024-10-10,,,,H_ONLY,,,,,,,Y,,,,,,,,,51.4,58.75,,,,20301.5
5,2024-10-11,,,,H_ONLY,,,,,,,Y,,,,,,,,,45.8,76.25,,,,20314.75
5,2024-10-14,,,,L_ONLY,,,,,,,Y,,,,,,,,,9.5,13.25,,,,20680.0
5,2024-10-15,,,,L_ONLY,,,,,,,Y,,,,,,,,,96.5,143.75,,,,20659.25
5,2024-10-16,,,,H_ONLY,,,,,,,Y,,,,,,,,,26.2,39.5,,,,20206.25
5,2024-10-17,,,,L_ONLY,,,,,,,Y,,,,,,,,,22.6,47.25,,,,20576.0
5,2024-10-18,,,,H_ONLY,,,,,,,Y,,,,,,,,,10.0,9.0,,,,20433.0
5,2024-10-21,,,,L_ONLY,,,,,,,Y,,,,,,,,,23.9,31.5,,,,20554.5
5,2024-10-22,,,,H_ONLY,,,,,,,Y,,,,,,,,,37.0,55.75,,,,20369.5
5,2024-10-23,,,,L_ONLY,,,,,,,Y,,,,,,,,,4.3,5.0,,,,20462.75
5,2024-10-24,,,,BOTH,,,,,11:45,75,N,,,,,,,,,0,0,,13:00,,0
5,2024-10-25,,,,L_ONLY,,,,,,,Y,,,,,,,,,2.0,4.25,,,,20707.25
5,2024-10-28,,,,L_ONLY,,,,,,,Y,,,,,,,,,8.9,8.75,,,,20626.75
5,2024-10-29,,,,H_ONLY,,,,,,,Y,,,,,,,,,64.3,109.75,,,,20432.25
5,2024-10-30,,,,L_ONLY,,,,,,,Y,,,,,,,,,4.3,6.75,,,,20699.5
5,2024-10-31,,,,L_ONLY,,,,,,,Y,,,,,,,,,84.8,212.25,,,,20369.25
5,2024-11-01,,,,H_ONLY,,,,,,,Y,,,,,,,,,30.6,65.25,,,,20057.5
5,2024-11-04,,,,H_ONLY,,,,,,,Y,,,,,,,,,8.2,15.75,,,,20013.0
5,2024-11-05,,,,H_ONLY,,,,,,,Y,,,,,,,,,49.1,85.5,,,,20147.0
5,2024-11-06,,,,H_ONLY,,,,,,,Y,,,,,,,,,29.8,48.0,,,,20644.0
5,2024-11-07,,,,H_ONLY,,,,,,,Y,,,,,,,,,65.9,82.5,,,,21004.0
5,2024-11-08,,,,H_ONLY,,,,,,,Y,,,,,,,,,13.4,9.5,,,,21161.25
5,2024-11-11,,,,L_ONLY,,,,,,,Y,,,,,,,,,35.3,48.5,,,,21292.75
5,2024-11-12,,,,L_ONLY,,,,,,,Y,,,,,,,,,21.5,15.5,,,,21251.75
5,2024-11-13,,,,H_ONLY,,,,,,,Y,,,,,,,,,23.2,29.75,,,,21056.5
5,2024-11-14,,,,L_ONLY,,,,,,,Y,,,,,,,,,25.7,34.5,,,,21174.75
5,2024-11-15,,,,L_ONLY,,,,,,,Y,,,,,,,,,86.6,165.5,,,,20773.75
5,2024-11-18,,,,H_ONLY,,,,,,,Y,,,,,,,,,58.2,88.5,,,,20501.0
5,2024-11-19,,,,H_ONLY,,,,,,,Y,,,,,,,,,76.8,74.5,,,,20508.0
5,2024-11-20,,,,H_ONLY,,,,,,,Y,,,,,,,,,12.0,33.5,,,,20477.0
5,2024-11-21,,,,L_ONLY,,,,,,,Y,,,,,,,,,7.1,27.0,,,,20905.75
5,2024-11-22,,,,H_ONLY,,,,,,,Y,,,,,,,,,8.6,13.0,,,,20722.25
5,2024-11-25,,,,L_ONLY,,,,,,,Y,,,,,,,,,56.4,119.5,,,,21081.0
5,2024-11-26,,,,L_ONLY,,,,,,,Y,,,,,,,,,15.2,16.0,,,,21024.75
5,2024-11-27,,,,L_ONLY,,,,,,,Y,,,,,,,,,63.1,109.75,,,,20939.5
5,2024-11-29,,,,H_ONLY,,,,,,,Y,,,,,,,,,77.8,130.75,,,,20805.5
5,2024-12-02,,,,H_ONLY,,,,,,,Y,,,,,,,,,67.4,114.5,,,,21026.5
5,2024-12-03,,,,H_ONLY,,,,,,,Y,,,,,,,,,30.3,30.25,,,,21134.25
5,2024-12-04,,,,H_ONLY,,,,,,,Y,,,,,,,,,67.4,51.25,,,,21388.25
5,2024-12-05,,,,BOTH,,,,,10:50,80,N,,,,,,,,,0,0,,12:10,,0
5,2024-12-06,,,,H_ONLY,,,,,,,Y,,,,,,,,,54.6,87.0,,,,21486.0
5,2024-12-09,,,,L_ONLY,,,,,,,Y,,,,,,,,,69.2,71.75,,,,21648.75
5,2024-12-10,,,,L_ONLY,,,,,,,Y,,,,,,,,,28.9,29.25,,,,21606.75
5,2024-12-11,,,,H_ONLY,,,,,,,Y,,,,,,,,,61.1,99.75,,,,21573.0
5,2024-12-12,,,,BOTH,,,,,10:35,325,N,,,,,,,,,0,0,,16:00,,0
5,2024-12-13,,,,L_ONLY,,,,,,,Y,,,,,,,,,66.7,78.75,,,,21908.0
5,2024-12-16,,,,H_ONLY,,,,,,,Y,,,,,,,,,86.6,85.75,,,,22191.75
5,2024-12-17,,,,BOTH,,,,,11:30,390,N,,,,,,,,,0,0,,18:00,,0
5,2024-12-18,,,,BOTH,,,,,10:35,205,N,,,,,,,,,0,0,,14:00,,0
5,2024-12-19,,,,L_ONLY,,,,,,,Y,,,,,,,,,34.4,69.0,,,,21697.75
5,2024-12-20,,,,H_ONLY,,,,,,,Y,,,,,,,,,98.2,295.25,,,,21160.5
5,2024-12-23,,,,H_ONLY,,,,,,,Y,,,,,,,,,23.1,46.0,,,,21476.75
5,2024-12-24,,,,H_ONLY,,,,,,,Y,,,,,,,,,86.3,122.5,,,,21799.25
5,2024-12-26,,,,H_ONLY,,,,,,,Y,,,,,,,,,71.1,98.0,,,,21870.25
5,2024-12-27,,,,L_ONLY,,,,,,,Y,,,,,,,,,41.8,146.5,,,,21863.0
5,2024-12-30,,,,H_ONLY,,,,,,,Y,,,,,,,,,14.3,23.25,,,,21253.0
5,2024-12-31,,,,L_ONLY,,,,,,,Y,,,,,,,,,29.2,45.25,,,,21488.5
5,2025-01-02,,,,L_ONLY,,,,,,,Y,,,,,,,,,31.2,86.5,,,,21444.0
5,2025-01-03,,,,H_ONLY,,,,,,,Y,,,,,,,,,20.4,36.5,,,,21261.5
5,2025-01-06,,,,BOTH,,,,,10:45,180,N,,,,,,,,,0,0,,13:45,,0
5,2025-01-07,,,,L_ONLY,,,,,,,Y,,,,,,,,,78.3,219.75,,,,21806.0
5,2025-01-08,,,,BOTH,,,,,11:40,45,N,,,,,,,,,0,0,,12:25,,0
5,2025-01-13,,,,H_ONLY,,,,,,,Y,,,,,,,,,9.8,15.0,,,,20702.0
5,2025-01-14,,,,L_ONLY,,,,,,,Y,,,,,,,,,61.9,101.25,,,,21129.75
5,2025-01-15,,,,H_ONLY,,,,,,,Y,,,,,,,,,26.9,59.5,,,,21186.75
5,2025-01-16,,,,L_ONLY,,,,,,,Y,,,,,,,,,14.4,23.25,,,,21498.0
5,2025-01-17,,,,H_ONLY,,,,,,,Y,,,,,,,,,20.1,34.75,,,,21481.25
5,2025-01-20,,,,L_ONLY,,,,,,,Y,,,,,,,,,47.2,48.0,,,,21778.75
5,2025-01-21,,,,H_ONLY,,,,,,,Y,,,,,,,,,31.2,60.0,,,,21525.75
5,2025-01-22,,,,H_ONLY,,,,,,,Y,,,,,,,,,59.1,79.5,,,,21902.5
5,2025-01-23,,,,H_ONLY,,,,,,,Y,,,,,,,,,51.0,26.5,,,,21866.0
5,2025-01-24,,,,L_ONLY,,,,,,,Y,,,,,,,,,46.7,42.5,,,,22078.25
5,2025-01-27,,,,BOTH,,,,,10:30,260,N,,,,,,,,,0,0,,14:50,,0
5,2025-01-28,,,,H_ONLY,,,,,,,Y,,,,,,,,,70.8,228.0,,,,21159.5
5,2025-01-29,,,,BOTH,,,,,10:40,360,N,,,,,,,,,0,0,,16:40,,0
5,2025-01-30,,,,BOTH,,,,,10:30,615,N,,,,,,,,,0,0,,20:45,,0
5,2025-01-31,,,,BOTH,,,,,10:30,180,N,,,,,,,,,0,0,,13:30,,0
5,2025-02-03,,,,H_ONLY,,,,,,,Y,,,,,,,,,83.5,208.0,,,,21113.25
5,2025-02-04,,,,H_ONLY,,,,,,,Y,,,,,,,,,56.1,144.75,,,,21405.25
5,2025-02-05,,,,H_ONLY,,,,,,,Y,,,,,,,,,39.5,44.5,,,,21501.0
5,2025-02-06,,,,BOTH,,,,,14:30,80,N,,,,,,,,,0,0,,15:50,,0
5,2025-02-07,,,,L_ONLY,,,,,,,Y,,,,,,,,,58.2,164.0,,,,21968.0
5,2025-02-10,,,,H_ONLY,,,,,,,Y,,,,,,,,,56.6,73.25,,,,21744.0
5,2025-02-11,,,,H_ONLY,,,,,,,Y,,,,,,,,,10.4,15.0,,,,21700.75
5,2025-02-12,,,,H_ONLY,,,,,,,Y,,,,,,,,,54.0,109.75,,,,21536.25
5,2025-02-13,,,,H_ONLY,,,,,,,Y,,,,,,,,,34.5,55.75,,,,21834.75
5,2025-02-14,,,,H_ONLY,,,,,,,Y,,,,,,,,,2.9,2.0,,,,22090.0
5,2025-02-18,,,,BOTH,,,,,10:30,545,N,,,,,,,,,0,0,,19:35,,0
5,2025-02-19,,,,H_ONLY,,,,,,,Y,,,,,,,,,28.0,29.0,,,,22118.0
5,2025-02-21,,,,L_ONLY,,,,,,,Y,,,,,,,,,80.8,158.25,,,,22188.0
5,2025-02-24,,,,L_ONLY,,,,,,,Y,,,,,,,,,38.6,141.25,,,,21801.75
5,2025-02-25,,,,L_ONLY,,,,,,,Y,,,,,,,,,31.5,116.25,,,,21397.5
5,2025-02-26,,,,BOTH,,,,,11:00,145,N,,,,,,,,,0,0,,13:25,,0
5,2025-02-27,,,,L_ONLY,,,,,,,Y,,,,,,,,,45.6,221.25,,,,21381.0
5,2025-02-28,,,,H_ONLY,,,,,,,Y,,,,,,,,,8.0,23.75,,,,20460.5
5,2025-03-03,,,,L_ONLY,,,,,,,Y,,,,,,,,,36.5,131.75,,,,21121.0
5,2025-03-04,,,,H_ONLY,,,,,,,Y,,,,,,,,,9.4,33.25,,,,20075.25
5,2025-03-05,,,,BOTH,,,,,11:10,85,N,,,,,,,,,0,0,,12:35,,0
5,2025-03-06,,,,BOTH,,,,,10:35,85,N,,,,,,,,,0,0,,12:00,,0
5,2025-03-07,,,,BOTH,,,,,10:30,230,N,,,,,,,,,0,0,,14:20,,0
5,2025-03-10,,,,L_ONLY,,,,,,,Y,,,,,,,,,80.5,201.5,,,,19904.5
5,2025-03-11,,,,BOTH,,,,,10:35,250,N,,,,,,,,,0,0,,14:45,,0
5,2025-03-12,,,,L_ONLY,,,,,,,Y,,,,,,,,,25.3,50.0,,,,19777.75
5,2025-03-13,,,,L_ONLY,,,,,,,Y,,,,,,,,,18.1,45.75,,,,19577.0
5,2025-03-14,,,,H_ONLY,,,,,,,Y,,,,,,,,,16.8,31.0,,,,19436.75
5,2025-03-17,,,,BOTH,,,,,10:35,205,N,,,,,,,,,0,0,,14:00,,0
5,2025-03-18,,,,L_ONLY,,,,,,,Y,,,,,,,,,43.9,116.75,,,,19900.25
5,2025-03-19,,,,H_ONLY,,,,,,,Y,,,,,,,,,32.3,62.75,,,,19706.25
5,2025-03-20,,,,H_ONLY,,,,,,,Y,,,,,,,,,11.8,39.0,,,,19756.0
5,2025-03-21,,,,H_ONLY,,,,,,,Y,,,,,,,,,43.2,71.75,,,,19607.5
5,2025-03-24,,,,H_ONLY,,,,,,,Y,,,,,,,,,66.8,79.0,,,,20229.25
5,2025-03-25,,,,H_ONLY,,,,,,,Y,,,,,,,,,43.3,40.25,,,,20361.75
5,2025-03-26,,,,L_ONLY,,,,,,,Y,,,,,,,,,62.3,154.5,,,,20475.0
5,2025-03-27,,,,BOTH,,,,,10:30,570,N,,,,,,,,,0,0,,20:00,,0
5,2025-03-28,,,,L_ONLY,,,,,,,Y,,,,,,,,,90.5,280.75,,,,19941.5
5,2025-03-31,,,,H_ONLY,,,,,,,Y,,,,,,,,,38.6,83.0,,,,18976.75
5,2025-04-01,,,,H_ONLY,,,,,,,Y,,,,,,,,,33.0,66.5,,,,19261.25
5,2025-04-02,,,,BOTH,,,,,10:30,365,N,,,,,,,,,0,0,,16:35,,0
5,2025-04-03,,,,L_ONLY,,,,,,,Y,,,,,,,,,39.7,86.5,,,,19074.25
5,2025-04-04,,,,L_ONLY,,,,,,,Y,,,,,,,,,30.0,100.75,,,,18248.75
5,2025-04-08,,,,L_ONLY,,,,,,,Y,,,,,,,,,8.6,25.5,,,,18357.25
5,2025-04-09,,,,H_ONLY,,,,,,,Y,,,,,,,,,0.9,3.75,,,,17202.25
5,2025-04-10,,,,L_ONLY,,,,,,,Y,,,,,,,,,23.3,70.5,,,,18871.5
5,2025-04-11,,,,BOTH,,,,,10:30,120,N,,,,,,,,,0,0,,12:30,,0
5,2025-04-14,,,,L_ONLY,,,,,,,Y,,,,,,,,,23.1,61.75,,,,19254.75
5,2025-04-15,,,,L_ONLY,,,,,,,Y,,,,,,,,,24.6,54.25,,,,19144.75
5,2025-04-16,,,,BOTH,,,,,11:20,130,N,,,,,,,,,0,0,,13:30,,0
5,2025-04-17,,,,BOTH,,,,,10:30,220,N,,,,,,,,,0,0,,14:10,,0
5,2025-04-21,,,,L_ONLY,,,,,,,Y,,,,,,,,,66.6,176.75,,,,18165.0
5,2025-04-22,,,,H_ONLY,,,,,,,Y,,,,,,,,,53.9,110.75,,,,18100.5
5,2025-04-23,,,,BOTH,,,,,10:30,50,N,,,,,,,,,0,0,,11:20,,0
5,2025-04-24,,,,H_ONLY,,,,,,,Y,,,,,,,,,81.3,240.75,,,,18846.5
5,2025-04-25,,,,BOTH,,,,,10:30,110,N,,,,,,,,,0,0,,12:20,,0
5,2025-04-28,,,,BOTH,,,,,11:05,680,N,,,,,,,,,0,0,,22:25,,0
5,2025-04-29,,,,H_ONLY,,,,,,,Y,,,,,,,,,34.1,67.25,,,,19403.75
5,2025-04-30,,,,H_ONLY,,,,,,,Y,,,,,,,,,81.4,172.0,,,,19103.75
5,2025-05-01,,,,BOTH,,,,,10:35,320,N,,,,,,,,,0,0,,15:55,,0
5,2025-05-02,,,,H_ONLY,,,,,,,Y,,,,,,,,,63.7,102.25,,,,20019.75
5,2025-05-05,,,,BOTH,,,,,10:55,565,N,,,,,,,,,0,0,,20:20,,0
5,2025-05-06,,,,H_ONLY,,,,,,,Y,,,,,,,,,57.8,98.5,,,,19739.0
5,2025-05-07,,,,BOTH,,,,,10:30,20,N,,,,,,,,,0,0,,10:50,,0
5,2025-05-08,,,,BOTH,,,,,10:50,35,N,,,,,,,,,0,0,,11:25,,0
5,2025-05-09,,,,L_ONLY,,,,,,,Y,,,,,,,,,56.1,94.25,,,,20279.75
5,2025-05-12,,,,BOTH,,,,,10:30,155,N,,,,,,,,,0,0,,13:05,,0
5,2025-05-13,,,,H_ONLY,,,,,,,Y,,,,,,,,,78.3,214.25,,,,20972.75
5,2025-05-14,,,,H_ONLY,,,,,,,Y,,,,,,,,,5.9,7.75,,,,21273.75
5,2025-05-15,,,,H_ONLY,,,,,,,Y,,,,,,,,,9.6,9.5,,,,21247.75
5,2025-05-16,,,,BOTH,,,,,10:30,180,N,,,,,,,,,0,0,,13:30,,0
5,2025-05-19,,,,H_ONLY,,,,,,,Y,,,,,,,,,67.2,175.0,,,,21202.25
5,2025-05-20,,,,BOTH,,,,,10:35,230,N,,,,,,,,,0,0,,14:25,,0
5,2025-05-21,,,,BOTH,,,,,10:55,145,N,,,,,,,,,0,0,,13:20,,0
5,2025-05-22,,,,H_ONLY,,,,,,,Y,,,,,,,,,24.1,52.25,,,,21113.75
5,2025-05-23,,,,H_ONLY,,,,,,,Y,,,,,,,,,36.5,62.75,,,,20822.5
5,2025-05-27,,,,H_ONLY,,,,,,,Y,,,,,,,,,81.9,156.25,,,,21192.75
5,2025-05-28,,,,BOTH,,,,,10:35,495,N,,,,,,,,,0,0,,18:50,,0
5,2025-05-29,,,,L_ONLY,,,,,,,Y,,,,,,,,,52.6,157.5,,,,21679.75
5,2025-05-30,,,,BOTH,,,,,10:35,110,N,,,,,,,,,0,0,,12:25,,0
5,2025-06-02,,,,H_ONLY,,,,,,,Y,,,,,,,,,51.2,114.25,,,,21234.75
5,2025-06-03,,,,H_ONLY,,,,,,,Y,,,,,,,,,57.7,74.25,,,,21509.75
5,2025-06-04,,,,H_ONLY,,,,,,,Y,,,,,,,,,42.4,64.5,,,,21641.0
5,2025-06-05,,,,BOTH,,,,,10:40,130,N,,,,,,,,,0,0,,12:50,,0
5,2025-06-06,,,,BOTH,,,,,11:05,10,N,,,,,,,,,0,0,,11:15,,0
5,2025-06-09,,,,H_ONLY,,,,,,,Y,,,,,,,,,53.9,62.25,,,,21750.75
5,2025-06-10,,,,BOTH,,,,,11:30,30,N,,,,,,,,,0,0,,12:00,,0
5,2025-06-11,,,,BOTH,,,,,10:30,110,N,,,,,,,,,0,0,,12:20,,0
5,2025-06-12,,,,BOTH,,,,,10:35,560,N,,,,,,,,,0,0,,19:55,,0
5,2025-06-13,,,,BOTH,,,,,11:20,195,N,,,,,,,,,0,0,,14:35,,0
5,2025-06-16,,,,BOTH,,,,,10:30,570,N,,,,,,,,,0,0,,20:00,,0
5,2025-06-17,,,,BOTH,,,,,11:10,105,N,,,,,,,,,0,0,,12:55,,0
5,2025-06-18,,,,BOTH,,,,,10:30,265,N,,,,,,,,,0,0,,14:55,,0
5,2025-06-19,,,,H_ONLY,,,,,,,Y,,,,,,,,,18.5,25.25,,,,21650.25
5,2025-06-20,,,,L_ONLY,,,,,,,Y,,,,,,,,,68.0,164.5,,,,22130.5
5,2025-06-23,,,,BOTH,,,,,10:45,110,N,,,,,,,,,0,0,,12:35,,0
5,2025-06-24,,,,H_ONLY,,,,,,,Y,,,,,,,,,55.4,40.75,,,,22260.0
5,2025-06-25,,,,L_ONLY,,,,,,,Y,,,,,,,,,27.8,23.5,,,,22548.25
5,2025-06-26,,,,H_ONLY,,,,,,,Y,,,,,,,,,74.7,74.0,,,,22476.0
5,2025-06-27,,,,L_ONLY,,,,,,,Y,,,,,,,,,3.9,5.5,,,,22825.5
5,2025-06-30,,,,BOTH,,,,,13:55,85,N,,,,,,,,,0,0,,15:20,,0
5,2025-07-01,,,,L_ONLY,,,,,,,Y,,,,,,,,,65.1,64.75,,,,22848.25
5,2025-07-02,,,,H_ONLY,,,,,,,Y,,,,,,,,,81.5,119.75,,,,22651.25
5,2025-07-03,,,,H_ONLY,,,,,,,Y,,,,,,,,,71.6,97.25,,,,22930.25
5,2025-07-07,,,,L_ONLY,,,,,,,Y,,,,,,,,,19.5,15.0,,,,22977.5
5,2025-07-08,,,,BOTH,,,,,10:50,90,N,,,,,,,,,0,0,,12:20,,0
5,2025-07-09,,,,L_ONLY,,,,,,,Y,,,,,,,,,40.3,54.0,,,,23112.0
5,2025-07-10,,,,L_ONLY,,,,,,,Y,,,,,,,,,21.2,40.0,,,,23090.0
5,2025-07-11,,,,H_ONLY,,,,,,,Y,,,,,,,,,32.3,45.75,,,,22863.0
5,2025-07-14,,,,H_ONLY,,,,,,,Y,,,,,,,,,54.9,80.75,,,,22842.25
5,2025-07-15,,,,L_ONLY,,,,,,,Y,,,,,,,,,36.4,37.25,,,,23222.75
5,2025-07-16,,,,BOTH,,,,,11:15,265,N,,,,,,,,,0,0,,15:40,,0
5,2025-07-17,,,,H_ONLY,,,,,,,Y,,,,,,,,,73.5,80.5,,,,23065.75
5,2025-07-18,,,,L_ONLY,,,,,,,Y,,,,,,,,,45.2,55.75,,,,23310.0
5,2025-07-21,,,,H_ONLY,,,,,,,Y,,,,,,,,,44.7,73.25,,,,23255.25
5,2025-07-23,,,,H_ONLY,,,,,,,Y,,,,,,,,,3.2,3.75,,,,23146.75
5,2025-07-24,,,,H_ONLY,,,,,,,Y,,,,,,,,,30.2,31.0,,,,23298.25
5,2025-07-25,,,,H_ONLY,,,,,,,Y,,,,,,,,,70.7,60.25,,,,23330.75
5,2025-07-28,,,,BOTH,,,,,11:15,455,N,,,,,,,,,0,0,,18:50,,0
5,2025-07-29,,,,L_ONLY,,,,,,,Y,,,,,,,,,66.8,76.0,,,,23652.5
5,2025-07-30,,,,BOTH,,,,,10:30,265,N,,,,,,,,,0,0,,14:55,,0
5,2025-07-31,,,,L_ONLY,,,,,,,Y,,,,,,,,,66.7,95.25,,,,23752.0
5,2025-08-01,,,,L_ONLY,,,,,,,Y,,,,,,,,,17.0,50.25,,,,23095.75
5,2025-08-04,,,,H_ONLY,,,,,,,Y,,,,,,,,,56.4,99.0,,,,23088.75
5,2025-08-05,,,,L_ONLY,,,,,,,Y,,,,,,,,,78.0,105.75,,,,23397.25
5,2025-08-06,,,,H_ONLY,,,,,,,Y,,,,,,,,,22.7,31.0,,,,23148.5
5,2025-08-07,,,,L_ONLY,,,,,,,Y,,,,,,,,,60.9,78.25,,,,23671.0
5,2025-08-08,,,,H_ONLY,,,,,,,Y,,,,,,,,,53.4,82.0,,,,23530.0
5,2025-08-11,,,,BOTH,,,,,12:00,120,N,,,,,,,,,0,0,,14:00,,0
5,2025-08-12,,,,H_ONLY,,,,,,,Y,,,,,,,,,59.3,110.5,,,,23622.0
5,2025-08-13,,,,L_ONLY,,,,,,,Y,,,,,,,,,78.4,95.25,,,,24068.5
5,2025-08-14,,,,H_ONLY,,,,,,,Y,,,,,,,,,18.3,21.75,,,,23841.25
5,2025-08-15,,,,L_ONLY,,,,,,,Y,,,,,,,,,34.5,48.5,,,,23911.0
5,2025-08-18,,,,BOTH,,,,,10:45,440,N,,,,,,,,,0,0,,18:05,,0
5,2025-08-19,,,,L_ONLY,,,,,,,Y,,,,,,,,,75.3,111.0,,,,23770.5
5,2025-08-20,,,,L_ONLY,,,,,,,Y,,,,,,,,,17.2,63.25,,,,23432.0
5,2025-08-21,,,,L_ONLY,,,,,,,Y,,,,,,,,,1.4,2.75,,,,23348.25
5,2025-08-22,,,,H_ONLY,,,,,,,Y,,,,,,,,,70.6,301.75,,,,23205.5
5,2025-08-25,,,,BOTH,,,,,10:35,565,N,,,,,,,,,0,0,,20:00,,0
5,2025-08-26,,,,H_ONLY,,,,,,,Y,,,,,,,,,43.0,52.0,,,,23427.0
5,2025-08-27,,,,BOTH,,,,,10:30,350,N,,,,,,,,,0,0,,16:20,,0
5,2025-08-28,,,,H_ONLY,,,,,,,Y,,,,,,,,,33.1,56.25,,,,23572.5
5,2025-08-29,,,,L_ONLY,,,,,,,Y,,,,,,,,,63.5,152.5,,,,23668.0
5,2025-09-01,,,,BOTH,,,,,11:05,495,N,,,,,,,,,0,0,,19:20,,0
5,2025-09-02,,,,H_ONLY,,,,,,,Y,,,,,,,,,0.7,1.75,,,,23025.25
5,2025-09-03,,,,BOTH,,,,,10:30,195,N,,,,,,,,,0,0,,13:45,,0
5,2025-09-04,,,,H_ONLY,,,,,,,Y,,,,,,,,,50.3,69.5,,,,23410.0
5,2025-09-05,,,,L_ONLY,,,,,,,Y,,,,,,,,,76.0,207.75,,,,23902.0
5,2025-09-08,,,,BOTH,,,,,10:30,200,N,,,,,,,,,0,0,,13:50,,0
5,2025-09-09,,,,BOTH,,,,,10:30,290,N,,,,,,,,,0,0,,15:20,,0
5,2025-09-10,,,,L_ONLY,,,,,,,Y,,,,,,,,,9.5,9.5,,,,24000.5
5,2025-09-11,,,,H_ONLY,,,,,,,Y,,,,,,,,,54.6,51.5,,,,23909.75
5,2025-09-12,,,,H_ONLY,,,,,,,Y,,,,,,,,,84.3,63.0,,,,24001.5
5,2025-09-15,,,,H_ONLY,,,,,,,Y,,,,,,,,,69.2,64.0,,,,24172.75
5,2025-09-16,,,,L_ONLY,,,,,,,Y,,,,,,,,,42.0,32.0,,,,24355.75
5,2025-09-17,,,,BOTH,,,,,10:30,295,N,,,,,,,,,0,0,,15:25,,0
5,2025-09-22,,,,H_ONLY,,,,,,,Y,,,,,,,,,82.6,75.75,,,,24814.25
5,2025-09-23,,,,L_ONLY,,,,,,,Y,,,,,,,,,43.0,34.5,,,,25009.75
5,2025-09-24,,,,L_ONLY,,,,,,,Y,,,,,,,,,60.6,69.5,,,,24899.25
5,2025-09-25,,,,H_ONLY,,,,,,,Y,,,,,,,,,14.1,31.0,,,,24422.5
5,2025-09-26,,,,H_ONLY,,,,,,,Y,,,,,,,,,8.9,19.0,,,,24520.0
5,2025-09-29,,,,L_ONLY,,,,,,,Y,,,,,,,,,11.4,14.5,,,,24975.5
5,2025-09-30,,,,H_ONLY,,,,,,,Y,,,,,,,,,8.7,9.5,,,,24722.25
5,2025-10-01,,,,H_ONLY,,,,,,,Y,,,,,,,,,89.1,148.75,,,,24726.0
5,2025-10-02,,,,BOTH,,,,,11:00,765,N,,,,,,,,,0,0,,23:45,,0
5,2025-10-03,,,,L_ONLY,,,,,,,Y,,,,,,,,,10.3,12.0,,,,25168.0
5,2025-10-06,,,,BOTH,,,,,10:40,160,N,,,,,,,,,0,0,,13:20,,0
5,2025-10-07,,,,L_ONLY,,,,,,,Y,,,,,,,,,58.5,33.5,,,,25264.75
5,2025-10-08,,,,H_ONLY,,,,,,,Y,,,,,,,,,62.9,98.75,,,,25074.0
5,2025-10-09,,,,BOTH,,,,,10:30,565,N,,,,,,,,,0,0,,19:55,,0
5,2025-10-10,,,,L_ONLY,,,,,,,Y,,,,,,,,,33.1,31.25,,,,25388.0
5,2025-10-13,,,,H_ONLY,,,,,,,Y,,,,,,,,,10.3,19.5,,,,24724.5
5,2025-10-14,,,,H_ONLY,,,,,,,Y,,,,,,,,,82.0,249.25,,,,24421.0
5,2025-10-15,,,,BOTH,,,,,10:30,80,N,,,,,,,,,0,0,,11:50,,0
5,2025-10-16,,,,BOTH,,,,,10:35,55,N,,,,,,,,,0,0,,11:30,,0
5,2025-10-17,,,,H_ONLY,,,,,,,Y,,,,,,,,,0.9,2.5,,,,24672.5
5,2025-10-20,,,,H_ONLY,,,,,,,Y,,,,,,,,,89.5,151.0,,,,25114.75
5,2025-10-21,,,,BOTH,,,,,10:30,75,N,,,,,,,,,0,0,,11:45,,0
5,2025-10-22,,,,L_ONLY,,,,,,,Y,,,,,,,,,55.4,97.0,,,,25289.25
5,2025-10-23,,,,H_ONLY,,,,,,,Y,,,,,,,,,66.7,120.5,,,,24999.0
5,2025-10-24,,,,H_ONLY,,,,,,,Y,,,,,,,,,1.5,1.75,,,,25429.75
5,2025-10-27,,,,H_ONLY,,,,,,,Y,,,,,,,,,69.1,54.75,,,,25796.5
5,2025-10-28,,,,BOTH,,,,,10:30,115,N,,,,,,,,,0,0,,12:25,,0
5,2025-10-29,,,,BOTH,,,,,10:50,310,N,,,,,,,,,0,0,,16:00,,0
5,2025-10-30,,,,BOTH,,,,,15:15,165,N,,,,,,,,,0,0,,18:00,,0
5,2025-10-31,,,,L_ONLY,,,,,,,Y,,,,,,,,,12.0,16.75,,,,26199.5
5,2025-11-03,,,,L_ONLY,,,,,,,Y,,,,,,,,,42.8,99.75,,,,26266.0
5,2025-11-04,,,,L_ONLY,,,,,,,Y,,,,,,,,,1.4,3.25,,,,25893.5
5,2025-11-05,,,,H_ONLY,,,,,,,Y,,,,,,,,,73.9,170.25,,,,25488.0
5,2025-11-06,,,,L_ONLY,,,,,,,Y,,,,,,,,,61.2,172.0,,,,25685.75
5,2025-11-07,,,,BOTH,,,,,10:40,255,N,,,,,,,,,0,0,,14:55,,0
5,2025-11-10,,,,BOTH,,,,,10:55,160,N,,,,,,,,,0,0,,13:35,,0
5,2025-11-11,,,,BOTH,,,,,10:30,165,N,,,,,,,,,0,0,,13:15,,0
5,2025-11-12,,,,L_ONLY,,,,,,,Y,,,,,,,,,59.0,129.25,,,,25780.75
5,2025-11-13,,,,L_ONLY,,,,,,,Y,,,,,,,,,52.2,115.75,,,,25502.0
5,2025-11-14,,,,H_ONLY,,,,,,,Y,,,,,,,,,87.3,351.25,,,,24626.0
5,2025-11-17,,,,L_ONLY,,,,,,,Y,,,,,,,,,17.7,53.0,,,,25254.0
5,2025-11-18,,,,L_ONLY,,,,,,,Y,,,,,,,,,5.4,21.75,,,,24832.0
5,2025-11-19,,,,BOTH,,,,,12:30,330,N,,,,,,,,,0,0,,18:00,,0
5,2025-11-20,,,,BOTH,,,,,10:35,25,N,,,,,,,,,0,0,,11:00,,0
5,2025-11-21,,,,BOTH,,,,,10:30,85,N,,,,,,,,,0,0,,11:55,,0
5,2025-11-24,,,,H_ONLY,,,,,,,Y,,,,,,,,,76.7,194.0,,,,24516.75
5,2025-11-25,,,,H_ONLY,,,,,,,Y,,,,,,,,,57.4,159.25,,,,24602.0
5,2025-11-26,,,,H_ONLY,,,,,,,Y,,,,,,,,,39.2,57.5,,,,25133.75
5,2025-11-27,,,,BOTH,,,,,11:00,420,N,,,,,,,,,0,0,,18:00,,0
5,2025-11-28,,,,H_ONLY,,,,,,,Y,,,,,,,,,31.3,28.5,,,,25331.0
5,2025-12-01,,,,H_ONLY,,,,,,,Y,,,,,,,,,32.4,58.25,,,,25209.25
5,2025-12-02,,,,BOTH,,,,,10:50,30,N,,,,,,,,,0,0,,11:20,,0
5,2025-12-03,,,,H_ONLY,,,,,,,Y,,,,,,,,,48.8,70.5,,,,25430.0
5,2025-12-04,,,,BOTH,,,,,11:05,620,N,,,,,,,,,0,0,,21:25,,0
5,2025-12-05,,,,L_ONLY,,,,,,,Y,,,,,,,,,3.5,6.75,,,,25868.0
5,2025-12-08,,,,L_ONLY,,,,,,,Y,,,,,,,,,67.2,137.0,,,,25860.75
5,2025-12-09,,,,H_ONLY,,,,,,,Y,,,,,,,,,68.6,75.5,,,,25560.0
5,2025-12-10,,,,BOTH,,,,,10:40,135,N,,,,,,,,,0,0,,12:55,,0
5,2025-12-11,,,,H_ONLY,,,,,,,Y,,,,,,,,,25.1,65.25,,,,25390.25
5,2025-12-12,,,,L_ONLY,,,,,,,Y,,,,,,,,,71.4,217.5,,,,25619.5
5,2025-12-17,,,,L_ONLY,,,,,,,Y,,,,,,,,,57.5,116.25,,,,25447.75
5,2025-12-18,,,,H_ONLY,,,,,,,Y,,,,,,,,,13.2,23.25,,,,25161.25
5,2025-12-22,,,,L_ONLY,,,,,,,Y,,,,,,,,,55.1,67.5,,,,25794.75
5,2025-12-23,,,,H_ONLY,,,,,,,Y,,,,,,,,,35.4,43.5,,,,25628.25
5,2025-12-24,,,,H_ONLY,,,,,,,Y,,,,,,,,,43.6,24.75,,,,25784.0
5,2025-12-29,,,,L_ONLY,,,,,,,Y,,,,,,,,,28.5,44.75,,,,25819.0
5,2025-12-30,,,,BOTH,,,,,11:20,275,N,,,,,,,,,0,0,,15:55,,0
5,2025-12-31,,,,L_ONLY,,,,,,,Y,,,,,,,,,46.4,57.5,,,,25692.0
5,2026-01-02,,,,L_ONLY,,,,,,,Y,,,,,,,,,57.5,199.25,,,,25803.75
5,2026-01-05,,,,H_ONLY,,,,,,,Y,,,,,,,,,7.6,11.0,,,,25538.5
5,2026-01-06,,,,H_ONLY,,,,,,,Y,,,,,,,,,18.3,31.25,,,,25608.0
5,2026-01-07,,,,BOTH,,,,,10:30,735,N,,,,,,,,,0,0,,22:45,,0
5,2026-01-09,,,,H_ONLY,,,,,,,Y,,,,,,,,,59.4,145.75,,,,25615.5
5,2026-01-12,,,,H_ONLY,,,,,,,Y,,,,,,,,,63.3,120.25,,,,25743.5
5,2026-01-13,,,,L_ONLY,,,,,,,Y,,,,,,,,,7.4,17.0,,,,26042.75
5,2026-01-14,,,,L_ONLY,,,,,,,Y,,,,,,,,,56.2,146.0,,,,25790.25
5,2026-01-15,,,,L_ONLY,,,,,,,Y,,,,,,,,,13.3,14.75,,,,25952.75
5,2026-01-16,,,,L_ONLY,,,,,,,Y,,,,,,,,,60.8,138.25,,,,25891.0
5,2026-01-19,,,,H_ONLY,,,,,,,Y,,,,,,,,,58.1,62.5,,,,25236.5
5,2026-01-20,,,,BOTH,,,,,10:30,180,N,,,,,,,,,0,0,,13:30,,0
5,2026-01-21,,,,H_ONLY,,,,,,,Y,,,,,,,,,5.6,14.5,,,,25127.5
5,2026-01-23,,,,H_ONLY,,,,,,,Y,,,,,,,,,60.0,120.5,,,,25562.5
5,2026-01-26,,,,H_ONLY,,,,,,,Y,,,,,,,,,71.2,129.75,,,,25704.25
5,2026-01-27,,,,H_ONLY,,,,,,,Y,,,,,,,,,76.7,120.75,,,,25917.25
5,2026-01-28,,,,L_ONLY,,,,,,,Y,,,,,,,,,67.2,64.5,,,,26301.0
5,2026-01-29,,,,L_ONLY,,,,,,,Y,,,,,,,,,33.9,155.0,,,,26175.0
5,2026-01-30,,,,L_ONLY,,,,,,,Y,,,,,,,,,4.0,6.0,,,,25940.0
5,2026-02-02,,,,H_ONLY,,,,,,,Y,,,,,,,,,70.7,263.25,,,,25539.75
5,2026-02-03,,,,L_ONLY,,,,,,,Y,,,,,,,,,66.5,320.75,,,,25952.25
5,2026-02-04,,,,L_ONLY,,,,,,,Y,,,,,,,,,42.2,119.0,,,,25390.0
5,2026-02-05,,,,L_ONLY,,,,,,,Y,,,,,,,,,17.8,73.25,,,,24960.75
5,2026-02-06,,,,H_ONLY,,,,,,,Y,,,,,,,,,42.0,119.0,,,,24700.75
5,2026-02-09,,,,H_ONLY,,,,,,,Y,,,,,,,,,75.7,226.0,,,,24955.5
5,2026-02-10,,,,L_ONLY,,,,,,,Y,,,,,,,,,4.4,8.5,,,,25447.25
5,2026-02-12,,,,L_ONLY,,,,,,,Y,,,,,,,,,62.3,138.75,,,,25392.5
5,2026-02-13,,,,H_ONLY,,,,,,,Y,,,,,,,,,48.8,142.25,,,,24578.75
5,2026-02-16,,,,BOTH,,,,,10:30,480,N,,,,,,,,,0,0,,18:30,,0
5,2026-02-17,,,,BOTH,,,,,10:30,185,N,,,,,,,,,0,0,,13:35,,0
5,2026-02-18,,,,H_ONLY,,,,,,,Y,,,,,,,,,32.3,104.0,,,,24752.0
5,2026-02-19,,,,BOTH,,,,,11:20,120,N,,,,,,,,,0,0,,13:20,,0
5,2026-02-20,,,,H_ONLY,,,,,,,Y,,,,,,,,,49.6,200.75,,,,24678.5
5,2026-02-23,,,,L_ONLY,,,,,,,Y,,,,,,,,,69.9,139.5,,,,25040.0
5,2026-02-24,,,,H_ONLY,,,,,,,Y,,,,,,,,,85.3,273.0,,,,24694.5
5,2026-02-25,,,,H_ONLY,,,,,,,Y,,,,,,,,,52.6,107.75,,,,25156.75
5,2026-02-26,,,,L_ONLY,,,,,,,Y,,,,,,,,,53.2,243.0,,,,25342.0
5,2026-02-27,,,,H_ONLY,,,,,,,Y,,,,,,,,,42.2,91.0,,,,24782.0
5,2026-03-02,,,,H_ONLY,,,,,,,Y,,,,,,,,,69.1,237.0,,,,24605.0
5,2026-03-03,,,,H_ONLY,,,,,,,Y,,,,,,,,,1.4,4.25,,,,24352.0
5,2026-03-04,,,,H_ONLY,,,,,,,Y,,,,,,,,,65.8,210.75,,,,24826.0
5,2026-03-05,,,,L_ONLY,,,,,,,Y,,,,,,,,,38.6,86.75,,,,25209.75
5,2026-03-06,,,,BOTH,,,,,10:30,305,N,,,,,,,,,0,0,,15:35,,0
5,2026-03-09,,,,H_ONLY,,,,,,,Y,,,,,,,,,40.2,85.25,,,,24313.0
5,2026-03-10,,,,H_ONLY,,,,,,,Y,,,,,,,,,25.3,48.0,,,,24892.25
5,2026-03-11,,,,L_ONLY,,,,,,,Y,,,,,,,,,44.7,90.0,,,,25180.0
5,2026-03-12,,,,L_ONLY,,,,,,,Y,,,,,,,,,45.6,99.25,,,,24834.5
5,2026-03-13,,,,L_ONLY,,,,,,,Y,,,,,,,,,39.6,77.0,,,,24805.25
